o Body
v 4.332 -0.498 2.166
v 4.332 -0.498 -2.166
v -4.332 -0.498 -2.166
v -4.332 -0.498 2.166
v 4.332 10.332 2.166
v 4.332 10.332 -2.166
v -4.332 10.332 -2.166
v -4.332 10.332 2.166
v 3.7905 12.498 2.7075
v 3.7905 12.498 -2.7075
v -3.7905 12.498 2.7075
v -3.7905 12.498 -2.7075
v 4.8735 12.498 1.6245
v 4.8735 12.498 -1.6245
v -4.8735 12.498 1.6245
v -4.8735 12.498 -1.6245
v 3.7905 10.332 2.7075
v 3.7905 10.332 -2.7075
v -3.7905 10.332 2.7075
v -3.7905 10.332 -2.7075
v 4.8735 10.332 1.6245
v 4.8735 10.332 -1.6245
v -4.8735 10.332 1.6245
v -4.8735 10.332 -1.6245
v -3.7905 3.2925 -2.7075
v -3.7905 6.5415 2.7075
v 3.7905 3.2925 -2.7075
v 3.7905 6.5415 2.7075
v 3.7905 0.585 2.7075
v 3.7905 0.585 -2.7075
v -3.7905 0.585 2.7075
v -3.7905 0.585 -2.7075
v 4.8735 0.585 1.6245
v 4.8735 0.585 -1.6245
v -4.8735 0.585 1.6245
v -4.8735 0.585 -1.6245
v 4.8735 6.5415 1.6245
v 4.8735 3.2925 -1.6245
v -4.8735 6.5415 1.6245
v -4.8735 3.2925 -1.6245
v -1.6245 4.3755 -2.7075
v 1.6245 4.3755 -2.7075
v -1.6245 8.7075 -2.7075
v 1.6245 8.7075 -2.7075
v -0.5415 9.7905 -2.7075
v 0.5415 9.7905 -2.7075
v -4.332 6.5415 2.166
v -4.332 3.2925 -2.166
v 4.332 3.2925 -2.166
v 4.332 6.5415 2.166
v -2.166 4.3755 -2.166
v 2.166 4.3755 -2.166
v -2.166 8.7075 -2.166
v 2.166 8.7075 -2.166
v -0.5415 10.332 -2.166
v 0.5415 10.332 -2.166
v 3.249 9.7905 2.166
v -3.249 9.7905 2.166
v 3.249 9.7905 5.415
v -3.249 9.7905 5.415
v 3.249 1.1265 5.415
v -3.249 1.1265 5.415
v 3.249 1.1265 2.166
v -3.249 1.1265 2.166
v 3.249 9.249 2.166
v -3.249 9.249 2.166
v 3.249 9.249 5.415
v -3.249 9.249 5.415
v 3.7905 9.249 2.166
v -3.7905 9.249 2.166
v 3.7905 9.249 5.9565
v -3.7905 9.249 5.9565
v 3.7905 8.166 2.166
v -3.7905 8.166 2.166
v 3.7905 8.166 5.9565
v -3.7905 8.166 5.9565
v 3.249 8.166 2.166
v -3.249 8.166 2.166
v 3.249 8.166 5.415
v -3.249 8.166 5.415
v 3.249 2.751 2.166
v -3.249 2.751 2.166
v 3.249 2.751 5.415
v -3.249 2.751 5.415
v 3.7905 2.751 2.166
v -3.7905 2.751 2.166
v 3.7905 2.751 5.9565
v -3.7905 2.751 5.9565
v 3.7905 1.668 2.166
v -3.7905 1.668 2.166
v 3.7905 1.668 5.9565
v -3.7905 1.668 5.9565
v 3.249 1.668 2.166
v -3.249 1.668 2.166
v 3.249 1.668 5.415
v -3.249 1.668 5.415
v 2.166 7.6245 5.5233
v -2.166 7.6245 5.5233
v 2.166 3.2925 5.5233
v -2.166 3.2925 5.5233
v 0 -0.498 2.166
v 4.332 -0.498 -0
v -4.6028 10.332 -0.2708
v -4.332 10.332 -0
v 4.6028 10.332 0.2707
v 4.332 10.332 -0
v 0.2707 6.5415 2.4367
v 0 6.5415 2.7075
v 0 10.332 2.166
v 0.2707 10.332 2.4367
v -1.3538 9.5198 -2.166
v 0 12.498 -2.7075
v -3.7905 11.415 -2.7075
v 4.0613 11.415 -2.4368
v 3.7905 11.415 -2.7075
v -3.7905 11.415 2.7075
v 4.8735 12.498 -0
v 4.8735 11.415 -1.6245
v 0 12.498 2.7075
v 3.7905 11.415 2.7075
v -4.0613 11.415 -2.4368
v -4.8735 12.498 -0
v -4.8735 11.415 1.6245
v -4.332 12.498 -0.5415
v -4.332 12.498 -2.166
v 0 -0.498 -2.166
v -4.332 -0.498 -0
v -4.332 0.585 -2.166
v -4.6028 1.9388 -1.8953
v 4.332 0.585 -2.166
v 4.6028 1.9388 -1.8953
v 4.332 0.585 2.166
v 4.0613 3.5633 2.4367
v 4.8735 3.5633 1.6245
v 4.8735 1.9388 -0
v 4.8735 4.917 -0
v 0 0.585 2.7075
v -3.7905 3.5633 2.7075
v -4.8735 0.585 -0
v -4.8735 1.9388 -0
v -4.8735 1.9388 -1.6245
v 0 4.3755 -2.7075
v 2.7075 2.4802 -2.7075
v 4.332 8.4367 2.166
v 1.6245 6.5415 -2.7075
v -1.6245 6.5415 -2.7075
v 1.083 9.249 -2.7075
v -2.7075 3.834 -2.7075
v 2.7075 3.834 -2.7075
v 1.6245 10.332 -2.4368
v -2.166 10.332 -2.4368
v 0 10.332 -2.7075
v -3.249 9.5198 -2.166
v -4.332 6.8123 -2.166
v 3.249 9.5198 -2.166
v 1.3538 9.5198 -2.166
v 2.4367 10.332 -2.166
v 4.6028 4.917 -0.2708
v 4.332 4.917 -0
v -4.8735 4.917 -0
v -4.6028 4.917 -0.2708
v -4.332 8.4367 2.166
v 0 9.7905 2.166
v 3.249 9.7905 3.7905
v 0 9.7905 5.415
v 3.249 5.4585 5.415
v 0 1.1265 5.415
v 3.249 1.1265 3.7905
v -3.249 5.4585 2.166
v -3.249 9.7905 3.7905
v -3.5198 9.249 3.7905
v -3.7905 9.249 4.0612
v 3.249 9.249 3.7905
v 3.5198 9.249 3.7905
v 0 9.249 5.415
v 0.2707 9.249 5.6857
v 3.7905 9.249 4.0612
v 0 9.249 5.9565
v 0 8.166 5.9565
v -0.2707 8.166 5.6857
v -3.249 8.166 3.7905
v -3.5198 8.166 3.7905
v 3.5198 8.166 3.7905
v 3.249 8.166 3.7905
v -3.5198 2.751 3.7905
v -3.7905 2.751 4.0612
v 3.249 2.751 3.7905
v 3.5198 2.751 3.7905
v 0 2.751 5.415
v 0.2707 2.751 5.6857
v 3.7905 2.751 4.0612
v 0 2.751 5.9565
v 0 1.668 5.9565
v -0.2707 1.668 5.6857
v -3.249 1.668 3.7905
v -3.5198 1.668 3.7905
v 3.5198 1.668 3.7905
v 3.249 1.668 3.7905
v 0 7.6245 5.5233
v 2.166 5.4585 5.5233
v -4.332 0.585 2.166
v -4.0613 3.5633 2.4367
v -4.332 4.917 -0
v -4.8735 10.332 -0
v 4.8735 10.332 -0
v 0 6.5415 2.166
v 0 10.332 2.7075
v -1.083 9.249 -2.7075
v 4.332 12.498 -2.166
v -4.332 12.498 2.166
v -4.6028 11.415 1.8952
v 4.8735 11.415 1.6245
v 4.6028 11.415 1.8952
v 4.332 12.498 2.166
v -4.8735 11.415 -1.6245
v -3.7905 12.498 -0
v 4.332 12.498 0.5415
v 3.7905 12.498 -0
v 0 0.585 -2.7075
v 4.8735 0.585 -0
v -3.7905 1.9388 -2.7075
v 3.7905 1.9388 -2.7075
v 4.8735 1.9388 -1.6245
v 3.7905 3.5633 2.7075
v -4.8735 3.5633 1.6245
v -2.7075 2.4802 -2.7075
v 0 8.7075 -2.7075
v 0.5415 9.249 -2.7075
v 2.166 6.5415 -2.166
v -2.166 6.5415 -2.166
v -3.249 3.834 -2.166
v 3.249 3.834 -2.166
v 2.166 10.332 -2.4368
v -2.4367 10.332 -2.166
v 4.332 6.8123 -2.166
v -3.249 5.4585 5.415
v -3.249 1.1265 3.7905
v 0 1.1265 2.166
v 3.249 5.4585 2.166
v -3.249 9.249 3.7905
v -3.7905 8.166 4.0612
v 3.7905 8.166 4.0612
v 0 8.166 5.415
v -3.249 2.751 3.7905
v -3.7905 1.668 4.0612
v 3.7905 1.668 4.0612
v 0 1.668 5.415
v -2.166 5.4585 5.5233
v 0 3.2925 5.5233
v 0 6.5415 -2.7075
v -3.249 6.6769 -2.166
v -4.332 7.6245 -0
v 0 11.415 -2.7075
v 0 9.7905 3.7905
v -3.249 5.4585 3.7905
v 0 3.5633 2.7075
v 0 5.4585 5.415
v 0 12.498 -0
v 4.332 7.6245 -0
v 0 11.415 2.7075
v 4.8735 11.415 -0
v 0 -0.498 -0
v 0 5.4585 5.5233
v 0 2.4802 -2.7075
v 0 1.1265 3.7905
v -4.8735 11.415 -0
v 0 8.4367 2.166
v 3.249 6.6769 -2.166
v 3.249 5.4585 3.7905
v -2.166 -0.498 2.166
v 4.8735 2.0741 1.6245
v 4.332 -0.498 -1.083
v -4.7381 10.332 0.6769
v -4.332 10.332 1.083
v 4.7381 10.332 -0.6769
v 4.332 10.332 -1.083
v 2.3014 6.5415 2.3014
v 1.8953 6.5415 2.7075
v -2.166 10.332 2.166
v -1.7599 10.332 2.5721
v 4.4674 10.332 1.2184
v -1.8953 12.498 -2.7075
v 4.8735 5.7293 0.8122
v 4.8735 12.498 0.8122
v 4.8735 12.498 -0.8123
v -4.332 -0.498 -1.083
v -1.8953 12.498 2.7075
v -4.8735 12.498 -0.8123
v 2.166 -0.498 -2.166
v -4.6028 12.498 0.5415
v -2.166 -0.498 -2.166
v 2.166 10.332 2.166
v 2.3014 10.332 2.3014
v -1.8953 6.5415 2.7075
v -4.332 -0.498 1.083
v 1.8953 12.498 2.7075
v 4.1966 5.0524 2.3014
v 4.8735 5.0524 1.6245
v 4.8735 2.6156 -0.8123
v 4.8735 4.1048 -0.8123
v -1.8953 0.585 2.7075
v -3.7905 2.0741 2.7075
v -4.8735 0.585 -0.8123
v -4.8735 2.6156 -0.8123
v -1.7599 6.5415 2.5721
v 0.8123 4.3755 -2.7075
v 2.166 3.4279 -2.7075
v 4.8735 1.2619 0.8122
v 4.332 7.4891 2.166
v 1.6245 7.6245 -2.7075
v -1.6245 7.6245 -2.7075
v -0.8123 4.3755 -2.7075
v 4.332 10.332 1.083
v 4.332 -0.498 1.083
v 2.166 -0.498 2.166
v 0.5415 10.332 -2.3014
v -1.3538 10.332 -2.3014
v -1.8953 10.332 -2.7075
v -4.4674 10.332 -1.2184
v -4.332 5.0524 -2.166
v 1.4891 10.332 -2.166
v 4.4674 4.1048 -1.2184
v 4.332 5.7293 1.083
v -4.8735 4.1048 -0.8123
v -4.4674 4.1048 -1.2184
v 1.8953 12.498 -2.7075
v -4.332 7.4891 2.166
v -1.6245 9.7905 2.166
v 3.249 1.5326 -2.7075
v 3.249 9.7905 4.6027
v -1.6245 9.7905 5.415
v -4.8735 0.585 0.8122
v 3.249 3.2925 5.415
v -1.6245 1.1265 5.415
v -4.8735 1.2619 0.8122
v 3.249 1.1265 2.9782
v -3.249 3.2925 2.166
v -3.249 9.7905 4.6027
v 3.9259 2.0741 2.5721
v -3.6551 9.249 2.9782
v -3.7905 9.249 5.0089
v 3.249 9.249 4.6027
v 3.6551 9.249 2.9782
v -1.6245 9.249 5.415
v 2.0306 9.249 5.8211
v -4.0613 12.498 -1.6245
v 3.7905 9.249 5.0089
v -1.8953 9.249 5.9565
v 4.332 9.3844 2.166
v -1.8953 8.166 5.9565
v 1.4891 8.166 5.5504
v -3.249 8.166 4.6027
v -3.3844 8.166 4.6027
v 3.3844 8.166 4.6027
v 3.249 8.166 4.6027
v -3.6551 2.751 2.9782
v -3.7905 2.751 5.0089
v 3.249 2.751 4.6027
v 3.6551 2.751 2.9782
v -1.6245 2.751 5.415
v 2.0306 2.751 5.8211
v 3.7905 2.751 5.0089
v -4.8735 12.498 0.8122
v -1.8953 2.751 5.9565
v 1.8953 0.585 2.7075
v -1.8953 1.668 5.9565
v 1.4891 1.668 5.5504
v -3.249 1.668 4.6027
v -3.3844 1.668 4.6027
v 3.3844 1.668 4.6027
v 3.249 1.668 4.6027
v -1.083 7.6245 5.5233
v 2.166 4.3755 5.5233
v -4.1966 5.0524 2.3014
v -4.332 4.1048 -1.083
v -4.8735 10.332 -0.8123
v 4.8735 10.332 -0.8123
v 2.166 6.5415 2.166
v -1.8953 10.332 2.7075
v -3.7905 12.498 -1.3538
v -3.7905 5.0524 2.7075
v 4.6028 12.498 -0.5415
v 3.7905 12.498 -1.3538
v -1.8953 0.585 -2.7075
v 4.8735 0.585 -0.8123
v 3.7905 2.0741 2.7075
v -4.8735 5.0524 1.6245
v -2.166 3.4279 -2.7075
v 1.6245 5.4585 -2.7075
v 0.8123 8.7075 -2.7075
v 2.166 7.6245 -2.166
v -2.166 7.6245 -2.166
v 1.3538 10.332 -2.3014
v -1.4891 10.332 -2.166
v 4.332 5.0524 -2.166
v -4.332 10.332 -1.083
v -3.249 3.2925 5.415
v -3.249 1.1265 2.9782
v -1.6245 1.1265 2.166
v 3.249 3.2925 2.166
v -3.249 9.249 4.6027
v -3.7905 8.166 5.0089
v 3.7905 8.166 5.0089
v -1.6245 8.166 5.415
v -3.249 2.751 4.6027
v -3.7905 1.668 5.0089
v 3.7905 1.668 5.0089
v -1.6245 1.668 5.415
v -2.166 4.3755 5.5233
v -1.083 3.2925 5.5233
v -1.6245 5.4585 -2.7075
v 2.7075 10.332 -2.5721
v -2.9783 10.332 -2.5721
v 1.8953 10.332 -2.7075
v -4.332 8.5721 -2.166
v 3.3844 10.332 -2.166
v 4.7381 5.7293 0.6769
v 4.332 4.1048 -1.083
v -4.8735 5.7293 0.8122
v -4.7381 5.7293 0.6769
v -4.332 9.3844 2.166
v 1.6245 9.7905 2.166
v 3.249 9.7905 2.9782
v 1.6245 9.7905 5.415
v 3.249 7.6245 5.415
v 1.6245 1.1265 5.415
v 3.249 1.1265 4.6027
v -3.249 7.6245 2.166
v -3.249 9.7905 2.9782
v -3.3844 9.249 4.6027
v -3.7905 9.249 3.1136
v 3.249 9.249 2.9782
v 3.3844 9.249 4.6027
v 1.6245 9.249 5.415
v -1.4891 9.249 5.5504
v 3.7905 9.249 3.1136
v 1.8953 9.249 5.9565
v 1.8953 8.166 5.9565
v -2.0306 8.166 5.8211
v -3.249 8.166 2.9782
v -3.6551 8.166 2.9782
v 3.6551 8.166 2.9782
v 3.249 8.166 2.9782
v -3.3844 2.751 4.6027
v -3.7905 2.751 3.1136
v 3.249 2.751 2.9782
v 3.3844 2.751 4.6027
v 1.6245 2.751 5.415
v -1.4891 2.751 5.5504
v 3.7905 2.751 3.1136
v 1.8953 2.751 5.9565
v 1.8953 1.668 5.9565
v -2.0306 1.668 5.8211
v -3.249 1.668 2.9782
v -3.6551 1.668 2.9782
v 3.6551 1.668 2.9782
v 3.249 1.668 2.9782
v 1.083 7.6245 5.5233
v 2.166 6.5415 5.5233
v -3.9259 2.0741 2.5721
v -4.332 5.7293 1.083
v -4.8735 10.332 0.8122
v 4.8735 10.332 0.8122
v -2.166 6.5415 2.166
v 1.8953 10.332 2.7075
v -3.7905 12.498 1.3537
v 4.0613 12.498 1.6245
v 3.7905 12.498 1.3537
v 1.8953 0.585 -2.7075
v 4.8735 0.585 0.8122
v 3.7905 5.0524 2.7075
v -4.8735 2.0741 1.6245
v -3.249 1.5326 -2.7075
v -0.8123 8.7075 -2.7075
v 2.166 5.4585 -2.166
v -2.166 5.4585 -2.166
v 2.9783 10.332 -2.5721
v -3.3844 10.332 -2.166
v 4.332 8.5721 -2.166
v -3.249 7.6245 5.415
v -3.249 1.1265 4.6027
v 1.6245 1.1265 2.166
v 3.249 7.6245 2.166
v -3.249 9.249 2.9782
v -3.7905 8.166 3.1136
v 3.7905 8.166 3.1136
v 1.6245 8.166 5.415
v -3.249 2.751 2.9782
v -3.7905 1.668 3.1136
v 3.7905 1.668 3.1136
v 1.6245 1.668 5.415
v -2.166 6.5415 5.5233
v 1.083 3.2925 5.5233
v 0 5.4585 -2.7075
v 0 7.6245 -2.7075
v -0.8123 6.5415 -2.7075
v 0.8123 6.5415 -2.7075
v -3.249 8.0983 -2.166
v -3.249 5.2554 -2.166
v -2.3014 9.5198 -2.166
v 3.249 2.8864 -2.7075
v -0.2707 9.249 -2.7075
v -3.249 2.8864 -2.7075
v -4.8735 3.4279 -0
v -4.8735 2.751 0.8122
v -4.8735 4.2401 0.8122
v 4.8735 1.9388 -0.8123
v 4.8735 1.2619 -0.8123
v 4.332 12.498 -0.8123
v 4.0613 12.498 -1.083
v 4.332 12.498 1.3537
v 4.6028 12.498 1.083
v -4.332 12.498 0.8122
v -4.0613 12.498 1.083
v -4.332 8.0306 1.083
v -4.332 7.2184 -1.083
v -4.332 8.9783 -0
v -4.332 6.2708 -0
v -4.0613 1.2619 -2.4368
v -1.8953 11.415 -2.7075
v 1.8953 11.415 -2.7075
v 4.1966 2.0741 2.3014
v 4.6028 2.0741 1.8952
v 1.6245 9.7905 3.7905
v -1.6245 9.7905 3.7905
v 0 9.7905 2.9782
v 0 9.7905 4.6027
v -3.249 7.6245 3.7905
v -3.249 3.2925 3.7905
v -3.249 5.4585 2.9782
v -3.249 5.4585 4.6027
v -1.8953 3.5633 2.7075
v 1.8953 3.5633 2.7075
v 0 2.0741 2.7075
v 0 5.0524 2.7075
v 1.6245 5.4585 5.415
v -1.6245 5.4585 5.415
v 0 7.6245 5.415
v 0 3.2925 5.415
v 0 12.498 1.3537
v 0 12.498 -1.3538
v 1.8953 12.498 -0
v -1.8953 12.498 -0
v 4.332 8.9783 -0
v 4.332 6.2708 -0
v 4.332 8.0306 1.083
v 4.332 7.2184 -1.083
v 2.3014 9.5198 -2.166
v 0.8123 10.332 -2.5721
v -0.2707 10.332 -2.4368
v -1.083 10.332 -2.5721
v -1.8953 11.415 2.7075
v 1.8953 11.415 2.7075
v 4.8735 11.415 -0.8123
v 4.8735 11.415 0.8122
v 2.166 -0.498 -0
v -2.166 -0.498 -0
v 0 -0.498 1.083
v 0 -0.498 -1.083
v -4.8735 1.2619 -0.8123
v -4.8735 1.9388 -0.8123
v 1.083 5.4585 5.5233
v -1.083 5.4585 5.5233
v 0 6.5415 5.5233
v 0 4.3755 5.5233
v 4.8735 4.2401 0.8122
v 4.8735 2.751 0.8122
v 4.8735 3.4279 -0
v -4.6028 2.0741 1.8952
v -4.1966 2.0741 2.3014
v 4.0613 1.2619 -2.4368
v 0 3.4279 -2.7075
v 0 1.5326 -2.7075
v 1.3538 2.4802 -2.7075
v -1.3538 2.4802 -2.7075
v -4.332 12.498 -1.3538
v -4.6028 12.498 -1.083
v 1.6245 1.1265 3.7905
v -1.6245 1.1265 3.7905
v 0 1.1265 4.6027
v 0 1.1265 2.9782
v -4.8735 11.415 0.8122
v -4.8735 11.415 -0.8123
v 2.166 8.4367 2.166
v -2.166 8.4367 2.166
v 0 9.3844 2.166
v 0 7.4891 2.166
v 3.249 8.0983 -2.166
v 3.249 5.2554 -2.166
v 3.249 7.6245 3.7905
v 3.249 3.2925 3.7905
v 3.249 5.4585 4.6027
v 3.249 5.4585 2.9782
v 3.249 3.2925 2.9782
v 3.249 3.2925 4.6027
v 3.249 7.6245 4.6027
v -2.166 7.4891 2.166
v -2.166 9.3844 2.166
v 2.166 9.3844 2.166
v -1.6245 1.1265 2.9782
v -1.6245 1.1265 4.6027
v 1.6245 1.1265 4.6027
v -1.6245 1.5326 -2.7075
v 1.6245 1.5326 -2.7075
v 1.083 3.4279 -2.7075
v -1.083 4.3755 5.5233
v -1.083 6.5415 5.5233
v 1.083 6.5415 5.5233
v -2.166 -0.498 -1.083
v -2.166 -0.498 1.083
v 2.166 -0.498 1.083
v 4.332 5.6616 -1.083
v 4.332 6.8799 1.083
v 4.332 9.1813 1.083
v -1.8953 12.498 -1.3538
v 1.8953 12.498 -1.3538
v 1.8953 12.498 1.3537
v -1.6245 3.2925 5.415
v -1.6245 7.6245 5.415
v 1.6245 7.6245 5.415
v 1.8953 5.0524 2.7075
v 1.8953 2.0741 2.7075
v -1.8953 2.0741 2.7075
v -3.249 3.2925 4.6027
v -3.249 3.2925 2.9782
v -3.249 7.6245 2.9782
v -1.6245 9.7905 4.6027
v -1.6245 9.7905 2.9782
v 1.6245 9.7905 2.9782
v -4.332 5.6616 -1.083
v -4.332 8.7752 -1.083
v -4.332 9.1813 1.083
v 0.8123 5.4585 -2.7075
v -0.8123 7.6245 -2.7075
v 0.8123 7.6245 -2.7075
v -4.332 6.8799 1.083
v 1.6245 9.7905 4.6027
v -3.249 7.6245 4.6027
v -1.8953 5.0524 2.7075
v 1.6245 3.2925 5.415
v -1.8953 12.498 1.3537
v 4.332 8.7752 -1.083
v -0.8123 5.4585 -2.7075
v 2.166 -0.498 -1.083
v 1.083 4.3755 5.5233
v -1.083 3.4279 -2.7075
v 1.6245 1.1265 2.9782
v 2.166 7.4891 2.166
v 3.249 7.6245 2.9782
v -3.249 -0.498 2.166
v 3.3167 6.5415 2.2337
v 2.8429 6.5415 2.7075
v -3.249 10.332 2.166
v -2.7752 10.332 2.6398
v -2.8429 12.498 -2.7075
v -2.8429 12.498 2.7075
v 1.083 -0.498 -2.166
v -3.249 -0.498 -2.166
v 1.083 10.332 2.166
v 1.2861 10.332 2.3691
v -0.9476 6.5415 2.7075
v 0.9476 12.498 2.7075
v 4.2643 5.7969 2.2337
v -2.8429 0.585 2.7075
v -0.7446 6.5415 2.5044
v 1.083 -0.498 2.166
v -2.8429 10.332 -2.7075
v -4.332 4.1724 -2.166
v 0.9476 12.498 -2.7075
v -2.4367 9.7905 2.166
v -2.4367 9.7905 5.415
v 3.249 2.2095 5.415
v -2.4367 1.1265 5.415
v -3.249 2.2095 2.166
v 3.9936 2.8187 2.5044
v -2.4367 9.249 5.415
v 2.9106 9.249 5.8888
v -2.8429 9.249 5.9565
v -2.8429 8.166 5.9565
v 2.3691 8.166 5.4827
v -2.4367 2.751 5.415
v 2.9106 2.751 5.8888
v -2.8429 2.751 5.9565
v 0.9476 0.585 2.7075
v -2.8429 1.668 5.9565
v 2.3691 1.668 5.4827
v -4.2643 5.7969 2.2337
v 3.249 6.5415 2.166
v -2.8429 10.332 2.7075
v -2.8429 0.585 -2.7075
v 4.332 4.1724 -2.166
v -3.249 2.2095 5.415
v -2.4367 1.1265 2.166
v 3.249 2.2095 2.166
v -2.4367 8.166 5.415
v -2.4367 1.668 5.415
v 0.9476 10.332 -2.7075
v -4.332 7.6922 -2.166
v 0.8123 9.7905 2.166
v 0.8123 9.7905 5.415
v 3.249 6.5415 5.415
v 0.8123 1.1265 5.415
v -3.249 6.5415 2.166
v 0.8123 9.249 5.415
v -0.6092 9.249 5.6181
v 0.9476 9.249 5.9565
v 0.9476 8.166 5.9565
v -1.1507 8.166 5.7534
v 0.8123 2.751 5.415
v -0.6092 2.751 5.6181
v 0.9476 2.751 5.9565
v 0.9476 1.668 5.9565
v -1.1507 1.668 5.7534
v -3.9936 2.8187 2.5044
v -1.083 6.5415 2.166
v 0.9476 10.332 2.7075
v 0.9476 0.585 -2.7075
v 4.332 7.6922 -2.166
v -3.249 6.5415 5.415
v 0.8123 1.1265 2.166
v 3.249 6.5415 2.166
v 0.8123 8.166 5.415
v 0.8123 1.668 5.415
v -2.8429 11.415 -2.7075
v 0.9476 11.415 -2.7075
v 4.2643 1.3296 2.2337
v 4.4674 1.3296 2.0306
v 2.4367 9.7905 3.7905
v -0.8123 9.7905 3.7905
v -3.249 8.7075 3.7905
v -3.249 4.3755 3.7905
v -2.8429 3.5633 2.7075
v 0.9476 3.5633 2.7075
v 2.4367 5.4585 5.415
v -0.8123 5.4585 5.415
v 0 8.7075 5.415
v 0 4.3755 5.415
v 2.8429 12.498 -0
v -0.9476 12.498 -0
v -1.2184 10.332 -2.4368
v -2.8429 11.415 2.7075
v 0.9476 11.415 2.7075
v 3.249 -0.498 -0
v -1.083 -0.498 -0
v -4.4674 1.3296 2.0306
v -4.2643 1.3296 2.2337
v 2.4367 1.1265 3.7905
v -0.8123 1.1265 3.7905
v 3.249 8.4367 2.166
v -1.083 8.4367 2.166
v 3.249 8.7075 3.7905
v 3.249 4.3755 3.7905
v -1.083 -0.498 2.166
v 1.2861 6.5415 2.3691
v 0.9476 6.5415 2.7075
v -1.083 10.332 2.166
v -0.7446 10.332 2.5044
v -0.9476 12.498 -2.7075
v -0.9476 12.498 2.7075
v 3.249 -0.498 -2.166
v -1.083 -0.498 -2.166
v 3.249 10.332 2.166
v 3.3167 10.332 2.2337
v -2.8429 6.5415 2.7075
v 2.8429 12.498 2.7075
v 4.1289 4.3078 2.3691
v -0.9476 0.585 2.7075
v -2.7752 6.5415 2.6398
v 3.249 -0.498 2.166
v -0.9476 10.332 -2.7075
v -4.332 5.9323 -2.166
v 2.8429 12.498 -2.7075
v -0.8123 9.7905 2.166
v -0.8123 9.7905 5.415
v 3.249 4.3755 5.415
v -0.8123 1.1265 5.415
v -3.249 4.3755 2.166
v 3.8582 1.3296 2.6398
v -0.8123 9.249 5.415
v 1.1507 9.249 5.7534
v -0.9476 9.249 5.9565
v -0.9476 8.166 5.9565
v 0.6092 8.166 5.6181
v -0.8123 2.751 5.415
v 1.1507 2.751 5.7534
v -0.9476 2.751 5.9565
v 2.8429 0.585 2.7075
v -0.9476 1.668 5.9565
v 0.6092 1.668 5.6181
v -4.1289 4.3078 2.3691
v 1.083 6.5415 2.166
v -0.9476 10.332 2.7075
v -0.9476 0.585 -2.7075
v 4.332 5.9323 -2.166
v -3.249 4.3755 5.415
v -0.8123 1.1265 2.166
v 3.249 4.3755 2.166
v -0.8123 8.166 5.415
v -0.8123 1.668 5.415
v 2.8429 10.332 -2.7075
v -4.332 9.4521 -2.166
v 2.4367 9.7905 2.166
v 2.4367 9.7905 5.415
v 3.249 8.7075 5.415
v 2.4367 1.1265 5.415
v -3.249 8.7075 2.166
v 2.4367 9.249 5.415
v -2.3691 9.249 5.4827
v 2.8429 9.249 5.9565
v 2.8429 8.166 5.9565
v -2.9106 8.166 5.8888
v 2.4367 2.751 5.415
v -2.3691 2.751 5.4827
v 2.8429 2.751 5.9565
v 2.8429 1.668 5.9565
v -2.9106 1.668 5.8888
v -3.8582 1.3296 2.6398
v -3.249 6.5415 2.166
v 2.8429 10.332 2.7075
v 2.8429 0.585 -2.7075
v 4.332 9.4521 -2.166
v -3.249 8.7075 5.415
v 2.4367 1.1265 2.166
v 3.249 8.7075 2.166
v 2.4367 8.166 5.415
v 2.4367 1.668 5.415
v -0.9476 11.415 -2.7075
v 2.8429 11.415 -2.7075
v 4.1289 2.8187 2.3691
v 4.7381 2.8187 1.7599
v 0.8123 9.7905 3.7905
v -2.4367 9.7905 3.7905
v -3.249 6.5415 3.7905
v -3.249 2.2095 3.7905
v -0.9476 3.5633 2.7075
v 2.8429 3.5633 2.7075
v 0.8123 5.4585 5.415
v -2.4367 5.4585 5.415
v 0 6.5415 5.415
v 0 2.2095 5.415
v 0.9476 12.498 -0
v -2.8429 12.498 -0
v 0.6769 10.332 -2.4368
v -0.9476 11.415 2.7075
v 2.8429 11.415 2.7075
v 1.083 -0.498 -0
v -3.249 -0.498 -0
v -4.7381 2.8187 1.7599
v -4.1289 2.8187 2.3691
v 0.8123 1.1265 3.7905
v -2.4367 1.1265 3.7905
v 1.083 8.4367 2.166
v -3.249 8.4367 2.166
v 3.249 6.5415 3.7905
v 3.249 2.2095 3.7905
v 3.249 4.3755 2.9782
v 3.249 2.2095 2.9782
v 3.249 4.3755 4.6027
v 3.249 2.2095 4.6027
v 3.249 8.7075 4.6027
v 3.249 6.5415 4.6027
v -1.083 7.4891 2.166
v -3.249 7.4891 2.166
v -1.083 9.3844 2.166
v -3.249 9.3844 2.166
v 3.249 9.3844 2.166
v 1.083 9.3844 2.166
v -0.8123 1.1265 2.9782
v -2.4367 1.1265 2.9782
v -0.8123 1.1265 4.6027
v -2.4367 1.1265 4.6027
v 2.4367 1.1265 4.6027
v 0.8123 1.1265 4.6027
v -0.8123 1.5326 -2.7075
v -2.4367 1.5326 -2.7075
v 2.4367 1.5326 -2.7075
v 0.8123 1.5326 -2.7075
v -1.083 -0.498 -1.083
v -3.249 -0.498 -1.083
v -1.083 -0.498 1.083
v -3.249 -0.498 1.083
v 3.249 -0.498 1.083
v 1.083 -0.498 1.083
v -2.0306 10.332 -2.5721
v -0.1354 10.332 -2.5721
v 1.7599 10.332 -2.5721
v 4.332 6.44 -1.083
v 4.332 4.8832 -1.083
v -0.9476 12.498 -1.3538
v -2.8429 12.498 -1.3538
v 2.8429 12.498 -1.3538
v 0.9476 12.498 -1.3538
v 2.8429 12.498 1.3537
v 0.9476 12.498 1.3537
v -0.8123 3.2925 5.415
v -2.4367 3.2925 5.415
v -1.6245 4.3755 5.415
v -1.6245 2.2095 5.415
v -0.8123 7.6245 5.415
v -2.4367 7.6245 5.415
v -1.6245 8.7075 5.415
v -1.6245 6.5415 5.415
v 2.4367 7.6245 5.415
v 0.8123 7.6245 5.415
v 1.6245 8.7075 5.415
v 1.6245 6.5415 5.415
v 0.9476 5.0524 2.7075
v 2.8429 5.0524 2.7075
v 0.9476 2.0741 2.7075
v 2.8429 2.0741 2.7075
v -2.8429 2.0741 2.7075
v -0.9476 2.0741 2.7075
v -3.249 4.3755 4.6027
v -3.249 2.2095 4.6027
v -3.249 4.3755 2.9782
v -3.249 2.2095 2.9782
v -3.249 8.7075 2.9782
v -3.249 6.5415 2.9782
v -0.8123 9.7905 4.6027
v -2.4367 9.7905 4.6027
v -0.8123 9.7905 2.9782
v -2.4367 9.7905 2.9782
v 2.4367 9.7905 2.9782
v 0.8123 9.7905 2.9782
v -4.332 6.44 -1.083
v -4.332 4.8832 -1.083
v -4.332 9.5536 -1.083
v -4.332 7.9968 -1.083
v 2.4367 9.7905 4.6027
v 0.8123 9.7905 4.6027
v -3.249 8.7075 4.6027
v -3.249 6.5415 4.6027
v -2.8429 5.0524 2.7075
v -0.9476 5.0524 2.7075
v 2.4367 3.2925 5.415
v 0.8123 3.2925 5.415
v 1.6245 4.3755 5.415
v 1.6245 2.2095 5.415
v -0.9476 12.498 1.3537
v -2.8429 12.498 1.3537
v 4.332 9.5536 -1.083
v 4.332 7.9968 -1.083
v -0.4061 10.332 -2.3014
v 3.249 -0.498 -1.083
v 1.083 -0.498 -1.083
v 2.4367 1.1265 2.9782
v 0.8123 1.1265 2.9782
v 3.249 7.4891 2.166
v 1.083 7.4891 2.166
v 3.249 8.7075 2.9782
v 3.249 6.5415 2.9782
v 0.8123 2.2095 5.415
v 0.8123 4.3755 5.415
v 2.4367 4.3755 5.415
v 0.8123 6.5415 5.415
v 0.8123 8.7075 5.415
v 2.4367 8.7075 5.415
v -2.4367 6.5415 5.415
v -2.4367 8.7075 5.415
v -0.8123 8.7075 5.415
v -2.4367 2.2095 5.415
v -2.4367 4.3755 5.415
v -0.8123 4.3755 5.415
v -0.8123 2.2095 5.415
v -0.8123 6.5415 5.415
v 2.4367 6.5415 5.415
v 2.4367 2.2095 5.415
vt 0.679 0.5385
vt 0.6975 0.5
vt 0.6975 0.5385
vt 0.0895 0.3221
vt 0.1111 0.3269
vt 0.0864 0.3269
vt 0.3858 0.3221
vt 0.4074 0.3269
vt 0.3827 0.3269
vt 0.6435 0.5938
vt 0.6667 0.5962
vt 0.6451 0.5962
vt 0.5926 0.3077
vt 0.5802 0.3269
vt 0.5694 0.3101
vt 0.0617 0.4062
vt 0.037 0.3846
vt 0.0617 0.3558
vt 0.2099 0.4615
vt 0.1852 0.4279
vt 0.2099 0.4279
vt 0.3025 0.2692
vt 0.2963 0.2692
vt 0.2963 0.2308
vt 0.3951 0.2308
vt 0.4074 0.2308
vt 0.4012 0.2692
vt 0.0432 0.3077
vt 0.0247 0.2692
vt 0.0432 0.2692
vt 0.7716 0.9231
vt 0.7531 0.8942
vt 0.7716 0.8942
vt 0.3086 0.2308
vt 0.1235 0.3077
vt 0.1173 0.2692
vt 0.1235 0.2692
vt 0.6759 0.3654
vt 0.6543 0.3269
vt 0.6759 0.3269
vt 0.1173 0.1923
vt 0.1111 0.1827
vt 0.1111 0.1538
vt 0.6543 0.8462
vt 0.6667 0.8077
vt 0.679 0.8462
vt 0.1728 0.8077
vt 0.1605 0.8462
vt 0.1543 0.8077
vt 0.4691 0.8077
vt 0.4568 0.8462
vt 0.4506 0.8077
vt 0.2593 0.7067
vt 0.2469 0.6731
vt 0.2654 0.6731
vt 0.3827 0.8077
vt 0.3889 0.7596
vt 0.3951 0.8077
vt 0 0.2308
vt 0.0123 0.2308
vt 0 0.2692
vt 0.0957 0.7284
vt 0.0988 0.7548
vt 0.0926 0.7548
vt 0.4506 0.7837
vt 0.4691 0.7548
vt 0.7037 0.3077
vt 0.6543 0.2308
vt 0.7037 0.2308
vt 0.1173 0.7837
vt 0.1358 0.8077
vt 0.1173 0.8077
vt 0.3086 0.4615
vt 0.321 0.4808
vt 0.3086 0.4808
vt 0.358 0.8462
vt 0.3827 0.8846
vt 0.358 0.8846
vt 0.2346 0.5577
vt 0.2469 0.5192
vt 0.2469 0.5577
vt 0.3395 0.3077
vt 0.321 0.2692
vt 0.3395 0.2692
vt 0.4198 0.2692
vt 0.4414 0.2308
vt 0.4414 0.2692
vt 0.2469 0.4808
vt 0.2593 0.4615
vt 0.2593 0.4808
vt 0.3765 0.6731
vt 0.4074 0.6923
vt 0.3765 0.6923
vt 0.284 0.6346
vt 0.2654 0.6346
vt 0.1975 0.3269
vt 0.2006 0.3221
vt 0.2222 0.3221
vt 0.1914 0.6923
vt 0.2222 0.6731
vt 0.2222 0.6923
vt 0.0401 0.3558
vt 0.4043 0.5817
vt 0.3827 0.5769
vt 0.4074 0.5769
vt 0.1173 0.5962
vt 0.0988 0.5962
vt 0.1204 0.5913
vt 0.3704 0.8077
vt 0.3488 0.8077
vt 0.1111 0.3546
vt 0.0864 0.3269
vt 0.1111 0.3269
vt 0.2716 0.4615
vt 0.2963 0.4808
vt 0.2716 0.4808
vt 0.1235 0.0865
vt 0.1451 0.0385
vt 0.1451 0.0865
vt 0.7716 0.7692
vt 0.7531 0.8077
vt 0.7531 0.7692
vt 0.6667 0.649
vt 0.6451 0.649
vt 0.9012 0.5385
vt 0.9198 0.5
vt 0.9198 0.5385
vt 0.9815 0.3221
vt 1 0.3269
vt 0.9784 0.3269
vt 0.6728 0.3221
vt 0.6543 0.3077
vt 0.6728 0.3077
vt 0.7608 0.3245
vt 0.7531 0.3077
vt 0.7716 0.3077
vt 0.9352 0.9808
vt 0.9136 0.9423
vt 0.9352 0.9423
vt 0.9352 0.3654
vt 0.9136 0.3269
vt 0.9352 0.3269
vt 0.7716 0.5
vt 0.7531 0.4712
vt 0.7716 0.4712
vt 0.7531 0.3846
vt 0.7623 0.3654
vt 0.7731 0.3822
vt 0.9815 0.3702
vt 1 0.3846
vt 0.9815 0.3846
vt 0.7099 0.3798
vt 0.7284 0.3846
vt 0.7099 0.3846
vt 0.9815 0.9375
vt 1 0.9423
vt 0.9784 0.9423
vt 0.6728 0.9375
vt 0.6543 0.9231
vt 0.6728 0.9231
vt 0.7608 0.9399
vt 0.7531 0.9231
vt 0.6759 0.9808
vt 0.6543 0.9423
vt 0.6759 0.9423
vt 0.4861 0.7284
vt 0.4877 0.7019
vt 0.4892 0.7284
vt 0.1451 0.3077
vt 0.1451 0.2692
vt 0.7531 1
vt 0.7623 0.9808
vt 0.7731 0.9976
vt 0.9815 0.9856
vt 1 1
vt 0.9815 1
vt 0.7099 0.9952
vt 0.7284 1
vt 0.7099 1
vt 0.321 0.6346
vt 0.3333 0.6731
vt 0.321 0.6731
vt 0.1914 0.7837
vt 0.1975 0.8077
vt 0.1852 0.8077
vt 0.4475 0.5913
vt 0.4691 0.5962
vt 0.4506 0.5962
vt 0.1111 0.5769
vt 0.2222 0.7404
vt 0.2099 0.726
vt 0.2222 0.6923
vt 0.0988 0.3077
vt 0.0802 0.3077
vt 0.3951 0.3077
vt 0.3765 0.3077
vt 0.6543 0.5769
vt 0.571 0.3077
vt 0.9444 0.9952
vt 0.9568 0.9808
vt 0.963 0.9904
vt 0.1358 0.7596
vt 0.1358 0.7067
vt 0.1543 0.7356
vt 0.0988 0.2308
vt 0.1111 0.2308
vt 0.0988 0.2692
vt 0.963 0.3077
vt 0.9444 0.3125
vt 0.9444 0.3077
vt 0.5309 0.4231
vt 0.5062 0.4567
vt 0.5062 0.4062
vt 0.0247 0.3077
vt 0.0185 0.2692
vt 0.3704 0.7115
vt 0.358 0.726
vt 0.3457 0.6923
vt 0.4136 0.7837
vt 0.4136 0.8077
vt 0.3951 0.2692
vt 0.4815 0.4519
vt 0.4815 0.4207
vt 0.4074 0.4495
vt 0.3827 0.4615
vt 0.3827 0.4279
vt 0.7099 0.3125
vt 0.6975 0.3269
vt 0.6914 0.3173
vt 0.3457 0.7404
vt 0.3704 0.7596
vt 0.1049 0.1154
vt 0.1111 0.1058
vt 0.7407 0.9423
vt 0.7623 0.9423
vt 0.3025 0.0769
vt 0.3086 0.0865
vt 0.3086 0.1154
vt 0.3148 0.1538
vt 0.3086 0.1635
vt 0.0988 0.7019
vt 0.0988 0.649
vt 0.1173 0.6779
vt 0.9444 0.3798
vt 0.9568 0.3654
vt 0.963 0.375
vt 0.963 0.9231
vt 0.9444 0.9279
vt 0.9444 0.9231
vt 0.6914 0.375
vt 0.6728 0.3702
vt 0.7099 0.9279
vt 0.6975 0.9423
vt 0.6914 0.9327
vt 0.1852 0.8462
vt 0.1728 0.7115
vt 0.179 0.7596
vt 0.1728 0.7596
vt 0.5278 0.3558
vt 0.5309 0.3846
vt 0.5062 0.3558
vt 0.3827 0.8462
vt 0.5309 0.5385
vt 0.5062 0.5072
vt 0.5309 0.5
vt 0.3951 0.7596
vt 0.4815 0.8462
vt 0.4815 0.8077
vt 0.4938 0.8077
vt 0.5463 0.3269
vt 0.5494 0.3558
vt 0.5247 0.3269
vt 0.4938 0.7548
vt 0.4923 0.7812
vt 0.4907 0.7548
vt 0.4321 0.8077
vt 0.2778 0.5
vt 0.2593 0.5
vt 0.0988 0.8077
vt 0.1975 0.7596
vt 0.2099 0.774
vt 0.7407 0.3269
vt 0.7623 0.3269
vt 0.2654 0.5192
vt 0.2963 0.0865
vt 0.2963 0.0385
vt 0.2963 0.5
vt 0.3086 0.5
vt 0.321 0.5192
vt 0.3333 0.7067
vt 0.841 0.9303
vt 0.8272 0.9423
vt 0.821 0.9327
vt 0.1975 0.7115
vt 0.3025 0.5192
vt 0.284 0.5192
vt 0.4938 0.7019
vt 0.4861 0.6755
vt 0.8457 1
vt 0.8333 0.9904
vt 0.8534 0.988
vt 0.321 0.5577
vt 0.3025 0.5962
vt 0.3025 0.5577
vt 0.284 0.5577
vt 0.2654 0.5962
vt 0.2654 0.5577
vt 0.2407 0.3221
vt 0.2438 0.3269
vt 0.2222 0.3269
vt 0.1327 0.3269
vt 0.142 0.3125
vt 0.0741 0.7019
vt 0.0802 0.7019
vt 0.0787 0.7284
vt 0.5031 0.3269
vt 0.4815 0.3269
vt 0.5062 0.5577
vt 0.4815 0.5769
vt 0.4815 0.5457
vt 0.6914 0.9904
vt 0.6728 0.9856
vt 0.8457 0.3846
vt 0.8333 0.375
vt 0.8534 0.3726
vt 0.841 0.3149
vt 0.8272 0.3269
vt 0.821 0.3173
vt 0.3951 0.7115
vt 0.3827 0.7115
vt 0.4136 0.7356
vt 0.4136 0.7596
vt 0.8488 0.3654
vt 0.8488 0.3269
vt 0.2346 0.7067
vt 1 0.3077
vt 0.9815 0.3077
vt 0.2778 0.3125
vt 0.2654 0.3269
vt 0.2593 0.3173
vt 0.358 0.774
vt 0.7716 0.3846
vt 0.9784 0.3654
vt 1 0.3654
vt 0.7191 0.3654
vt 1 0.9231
vt 0.9815 0.9231
vt 0.1759 0.3269
vt 0.1605 0.3173
vt 0.179 0.3221
vt 0.2716 0.3125
vt 0.1173 0.7308
vt 0.7716 1
vt 0.9784 0.9808
vt 1 0.9808
vt 0.7191 0.9808
vt 0.0864 0.8462
vt 0.0864 0.8077
vt 0.0741 0.5962
vt 0.0864 0.5962
vt 0.0849 0.6226
vt 0.3025 0.6731
vt 0.3025 0.6346
vt 0.3086 0.2115
vt 0.3025 0.1731
vt 0.2963 0.1827
vt 0.2963 0.1346
vt 0.321 0.1635
vt 0.321 0.1923
vt 0.3086 0.0577
vt 0.3148 0.0962
vt 0.321 0.1058
vt 0.321 0.1346
vt 0.8488 0.9808
vt 0.8488 0.9423
vt 0.1235 0.1827
vt 0.1235 0.2308
vt 0.1111 0.0577
vt 0.1173 0.0962
vt 0.1235 0.1346
vt 0.4074 0.3678
vt 0.3827 0.3942
vt 0.3827 0.3606
vt 0.4568 0.4099
vt 0.4321 0.4231
vt 0.4321 0.375
vt 0.4568 0.5204
vt 0.4568 0.5481
vt 0.4321 0.5192
vt 0.4074 0.3077
vt 0.0247 0.2308
vt 0.1111 0.3077
vt 0.4846 0.3077
vt 0.5 0.3173
vt 0.4769 0.3197
vt 0.5556 0.5769
vt 0.5741 0.5865
vt 0.5509 0.5841
vt 0.358 0.3077
vt 0.3426 0.3125
vt 0.0617 0.3077
vt 0.0463 0.3125
vt 0.142 0.5865
vt 0.1605 0.5769
vt 0.1636 0.5817
vt 0.4259 0.5865
vt 0.4136 0.5962
vt 0.1852 0.7115
vt 0.3333 0.5962
vt 0.321 0.5962
vt 0.6728 1
vt 0.963 1
vt 0.9444 1
vt 0.1451 0.2308
vt 0.2315 0.2692
vt 0.2099 0.2308
vt 0.2315 0.2308
vt 0.2315 0.3077
vt 0.2099 0.2692
vt 0.4722 0.7284
vt 0.4753 0.7548
vt 0.4815 0.5962
vt 0.483 0.6226
vt 0.7191 0.9423
vt 0.6975 0.9808
vt 0.8272 0.9231
vt 0.8457 0.9231
vt 0.6914 0.9231
vt 0.7099 0.9231
vt 0.9568 0.9423
vt 0.6728 0.3846
vt 0.963 0.3846
vt 0.9444 0.3846
vt 0.7716 0.4423
vt 0.7531 0.4135
vt 0.7716 0.4135
vt 0.8457 0.4423
vt 0.8272 0.4135
vt 0.8457 0.4135
vt 0.8457 0.5
vt 0.8272 0.4712
vt 0.8457 0.4712
vt 0.9568 0.3269
vt 0.8272 0.3077
vt 0.8457 0.3077
vt 0.6914 0.3077
vt 0.7099 0.3077
vt 0.9383 0.5385
vt 0.9568 0.5
vt 0.9568 0.5385
vt 0.9383 0.6923
vt 0.9568 0.6538
vt 0.9568 0.6923
vt 0.9012 0.6923
vt 0.9198 0.6538
vt 0.9198 0.6923
vt 0.6451 0.7019
vt 0.6667 0.7548
vt 0.6451 0.7548
vt 0.5586 0.7019
vt 0.5802 0.7548
vt 0.5586 0.7548
vt 0.5586 0.5962
vt 0.5802 0.649
vt 0.5586 0.649
vt 0.7716 0.6538
vt 0.7531 0.6154
vt 0.7716 0.6154
vt 0.8457 0.6538
vt 0.8272 0.6154
vt 0.8457 0.6154
vt 0.8457 0.8077
vt 0.8272 0.7692
vt 0.8457 0.7692
vt 0.2099 0.0865
vt 0.2315 0.0385
vt 0.2315 0.0865
vt 0.2099 0.1827
vt 0.2315 0.1346
vt 0.2315 0.1827
vt 0.1451 0.1346
vt 0.1451 0.1827
vt 0.1605 0.3678
vt 0.1358 0.3269
vt 0.1605 0.3269
vt 0.1605 0.4495
vt 0.1358 0.4231
vt 0.1605 0.4087
vt 0.1111 0.4651
vt 0.0864 0.4519
vt 0.1111 0.4375
vt 0.2623 0.8077
vt 0.284 0.8462
vt 0.2593 0.8462
vt 0.1543 0.5962
vt 0.4321 0.5769
vt 0.4568 0.5769
vt 0.0648 0.3269
vt 0.0432 0.3269
vt 0.0185 0.3558
vt 0.0216 0.3269
vt 0.1605 0.6923
vt 0.1914 0.6731
vt 0.2469 0.3173
vt 0.25 0.3125
vt 0.2253 0.3173
vt 0.2284 0.3125
vt 0.1636 0.3125
vt 0.1852 0.3125
vt 0.3457 0.6731
vt 0.3457 0.6923
vt 0.5062 0.2692
vt 0.5278 0.2308
vt 0.5278 0.2692
vt 0.5062 0.3077
vt 0.5278 0.3077
vt 0.4198 0.3077
vt 0.4414 0.3077
vt 0.321 0.2308
vt 0.3395 0.2308
vt 0.3765 0.2308
vt 0.358 0.2692
vt 0.358 0.2308
vt 0.3765 0.2692
vt 0.2346 0.6346
vt 0.2469 0.5962
vt 0.2469 0.6346
vt 0.358 0.9231
vt 0.3827 0.9615
vt 0.358 0.9615
vt 0.2593 0.9231
vt 0.284 0.9615
vt 0.2593 0.9615
vt 0.284 0.8846
vt 0.2593 0.8846
vt 0.2963 0.4615
vt 0.1543 0.7837
vt 0.1543 0.7596
vt 0.7037 0.1538
vt 0.6543 0.0769
vt 0.7037 0.0769
vt 0.8025 0.1538
vt 0.7531 0.0769
vt 0.8025 0.0769
vt 0.8025 0.3077
vt 0.7531 0.2308
vt 0.8025 0.2308
vt 0.4691 0.7019
vt 0.4506 0.6779
vt 0.4691 0.649
vt 0.4506 0.7308
vt 0.4321 0.7596
vt 0.4321 0.7067
vt 0.0849 0.7812
vt 0.0895 0.7812
vt 0.0741 0.8077
vt 0.0756 0.7812
vt 0.0818 0.6755
vt 0.0123 0.3077
vt -0 0.3077
vt 0.3765 0.7837
vt 0.284 0.7067
vt 0.3086 0.7067
vt 0.3025 0.774
vt 0.284 0.7404
vt 0.3148 0.7404
vt 0.2284 0.774
vt 0.2531 0.7404
vt 0.4321 0.8462
vt 0.4074 0.8462
vt 0.1358 0.8462
vt 0.1111 0.8462
vt 0.5586 0.8077
vt 0.5802 0.8462
vt 0.5556 0.8462
vt 0.0988 0.1058
vt 0.0988 0.0769
vt 0.1111 0.2115
vt 0.1049 0.1731
vt 0.0988 0.1635
vt 0.0988 0.1346
vt 0.7191 0.3269
vt 0.6975 0.3654
vt 0.3086 0.3077
vt 0.7716 0.8654
vt 0.7531 0.8365
vt 0.7716 0.8365
vt 0.8457 0.8654
vt 0.8272 0.8365
vt 0.8457 0.8365
vt 0.8272 0.8942
vt 0.8457 0.8942
vt 0.0432 0.2308
vt 0.0802 0.2692
vt 0.0617 0.2308
vt 0.0802 0.2308
vt 0.0617 0.2692
vt 0.4198 0.2308
vt 0.2963 0.3077
vt 0.2099 0.3942
vt 0.1852 0.3606
vt 0.2099 0.3606
vt 0.3086 0.3942
vt 0.284 0.3606
vt 0.3086 0.3606
vt 0.3086 0.4615
vt 0.284 0.4279
vt 0.3086 0.4279
vt 0.0864 0.3582
vt 0.0617 0.4567
vt 0.0864 0.4832
vt 0.037 0.5
vt 0.0617 0.5072
vt 0.4815 0.3269
vt 0.358 0.3269
vt 0.3333 0.3269
vt 0.0617 0.3269
vt 0.037 0.3269
vt 0.7346 0.5385
vt 0.716 0.5
vt 0.7346 0.5
vt 0.716 0.6923
vt 0.7346 0.6538
vt 0.7346 0.6923
vt 0.679 0.6923
vt 0.6975 0.6538
vt 0.6975 0.6923
vt 0.716 0.6538
vt 0.6975 0.7692
vt 0.716 0.7308
vt 0.716 0.7692
vt 0.679 0.7692
vt 0.6975 0.7308
vt 0.7531 0.6923
vt 0.7531 0.6538
vt 0.7346 0.7308
vt 0.7531 0.7308
vt 0.7346 0.7692
vt 0.7531 0.5385
vt 0.7531 0.5
vt 0.7346 0.5769
vt 0.7531 0.5769
vt 0.716 0.6154
vt 0.7346 0.6154
vt 0.0123 0.3269
vt 0.321 0.3077
vt 0.3086 0.3269
vt 0.5278 0.5817
vt 0.5154 0.5962
vt 0.5046 0.5793
vt 0.4537 0.3221
vt 0.4321 0.3269
vt 0.4306 0.3245
vt 0.037 0.5385
vt 0.0617 0.5577
vt 0.0864 0.5144
vt 0.0864 0.5457
vt 0.0864 0.3894
vt 0.0864 0.4207
vt 0.284 0.3942
vt 0.358 0.4279
vt 0.3333 0.3942
vt 0.358 0.3942
vt 0.358 0.4615
vt 0.3333 0.4279
vt 0.284 0.3269
vt 0.3086 0.3269
vt 0.358 0.3606
vt 0.358 0.3269
vt 0.3333 0.3606
vt 0.1852 0.3269
vt 0.2099 0.3269
vt 0.2593 0.3606
vt 0.2346 0.3269
vt 0.2593 0.3269
vt 0.2593 0.3942
vt 0.2346 0.3606
vt 0.8272 0.8654
vt 0.8827 0.8942
vt 0.8642 0.8654
vt 0.8827 0.8654
vt 0.8827 0.9231
vt 0.8642 0.8942
vt 0.8272 0.8077
vt 0.8827 0.8365
vt 0.8642 0.8077
vt 0.8827 0.8077
vt 0.8642 0.8365
vt 0.7716 0.8077
vt 0.8086 0.8365
vt 0.7901 0.8077
vt 0.8086 0.8077
vt 0.8086 0.8654
vt 0.7901 0.8365
vt 0.7407 0.3654
vt 0.0988 0.1923
vt 0.5154 0.8077
vt 0.5309 0.8462
vt 0.5062 0.8462
vt 0.2654 0.774
vt 0.2469 0.774
vt 0.2191 0.8077
vt 0.321 0.774
vt 0.3272 0.8077
vt 0.3395 0.774
vt 0.284 0.8077
vt 0.3056 0.8077
vt 0.0833 0.649
vt 0.0833 0.7548
vt 0.0818 0.7284
vt 0.4136 0.6827
vt 0.4321 0.6538
vt 0.4506 0.625
vt 0.7531 0.1538
vt 0.8519 0.2308
vt 0.8519 0.1538
vt 0.8519 0.3077
vt 0.7531 0
vt 0.8025 0
vt 0.8519 0.0769
vt 0.8519 -0
vt 0.6543 0
vt 0.7037 0
vt 0.284 0.9231
vt 0.2099 0.8846
vt 0.2346 0.9231
vt 0.2099 0.9231
vt 0.2099 0.8462
vt 0.2346 0.8846
vt 0.284 1
vt 0.2593 1
vt 0.2099 0.9615
vt 0.2346 1
vt 0.2099 1
vt 0.2346 0.9615
vt 0.3827 1
vt 0.358 1
vt 0.3086 0.9615
vt 0.3333 1
vt 0.3086 1
vt 0.3086 0.9231
vt 0.3333 0.9615
vt 0.2346 0.6731
vt 0.463 0.3077
vt 0.4846 0.2692
vt 0.5494 0.3077
vt 0.571 0.2692
vt 0.5494 0.2692
vt 0.571 0.2308
vt 0.1883 0.3077
vt 0.2099 0.3077
vt 0.1667 0.3077
vt 0.2068 0.3125
vt 0.2037 0.3173
vt 0.1821 0.3173
vt 0.2747 0.3077
vt 0.2531 0.3077
vt 0.1728 0.5962
vt 0.1852 0.5769
vt 0.2346 0.8462
vt 0.1358 0.4712
vt 0.1111 0.5204
vt 0.1111 0.4928
vt 0.1358 0.5192
vt 0.1852 0.3942
vt 0.1852 0.4615
vt 0.1605 0.4904
vt 0.1358 0.375
vt 0.1667 0.1827
vt 0.1883 0.1346
vt 0.1883 0.1827
vt 0.1667 0.2308
vt 0.1883 0.2308
vt 0.2531 0.1827
vt 0.2747 0.1346
vt 0.2747 0.1827
vt 0.2531 0.2308
vt 0.2747 0.2308
vt 0.2531 0.0865
vt 0.2747 0.0385
vt 0.2747 0.0865
vt 0.2531 0.1346
vt 0.2099 0.1346
vt 0.8457 0.7308
vt 0.8272 0.6923
vt 0.8457 0.6923
vt 0.8827 0.7308
vt 0.8642 0.6923
vt 0.8827 0.6923
vt 0.8642 0.7692
vt 0.8827 0.7692
vt 0.8457 0.5769
vt 0.8272 0.5385
vt 0.8457 0.5385
vt 0.8827 0.5769
vt 0.8642 0.5385
vt 0.8827 0.5385
vt 0.8827 0.6538
vt 0.8642 0.6154
vt 0.8827 0.6154
vt 0.7716 0.5769
vt 0.7716 0.5385
vt 0.8086 0.5769
vt 0.7901 0.5385
vt 0.8086 0.5385
vt 0.8086 0.6538
vt 0.7901 0.6154
vt 0.8086 0.6154
vt 0.5802 0.7019
vt 0.5154 0.649
vt 0.537 0.7019
vt 0.5154 0.7019
vt 0.537 0.649
vt 0.5802 0.8077
vt 0.5154 0.7548
vt 0.537 0.8077
vt 0.537 0.7548
vt 0.6451 0.8077
vt 0.6019 0.7548
vt 0.6235 0.8077
vt 0.6019 0.8077
vt 0.6019 0.7019
vt 0.6235 0.7548
vt 0.9383 0.6538
vt 0.9198 0.7692
vt 0.9383 0.7308
vt 0.9383 0.7692
vt 0.9012 0.7692
vt 0.9198 0.7308
vt 0.9753 0.6923
vt 0.9753 0.6538
vt 0.9568 0.7692
vt 0.9753 0.7308
vt 0.9753 0.7692
vt 0.9568 0.7308
vt 0.9753 0.5385
vt 0.9753 0.5
vt 0.9753 0.6154
vt 0.9568 0.5769
vt 0.9753 0.5769
vt 0.9568 0.6154
vt 0.9383 0.5769
vt 0.9259 0.3077
vt 0.7284 0.3077
vt 0.8812 0.3101
vt 0.8642 0.3077
vt 0.8827 0.3077
vt 0.8272 0.4423
vt 0.8827 0.4712
vt 0.8642 0.4423
vt 0.8827 0.4423
vt 0.8827 0.5
vt 0.8642 0.4712
vt 0.8272 0.3846
vt 0.8827 0.4135
vt 0.8642 0.3846
vt 0.8827 0.3846
vt 0.8642 0.4135
vt 0.8086 0.4135
vt 0.7901 0.3846
vt 0.8086 0.3846
vt 0.8086 0.4423
vt 0.7901 0.4135
vt 0.8735 0.3702
vt 0.892 0.3654
vt 0.8935 0.3678
vt 0.9259 0.3846
vt 0.6543 0.3846
vt 0.6543 0.3654
vt 0.9259 0.9231
vt 0.7284 0.9231
vt 0.8812 0.9255
vt 0.8642 0.9231
vt 0.4846 0.649
vt 0.4784 0.7812
vt 0.4846 0.7548
vt 0.483 0.7812
vt 0.2531 0.2692
vt 0.2747 0.2692
vt 0.1883 0.2692
vt 0.8735 0.9856
vt 0.892 0.9808
vt 0.8935 0.9832
vt 0.9259 1
vt 0.6543 1
vt 0.6543 0.9808
vt 0.3333 0.5577
vt 0.3951 0.5962
vt 0.5062 0.5769
vt 0.4568 0.4651
vt 0.4568 0.4928
vt 0.4321 0.4712
vt 0.4815 0.4832
vt 0.4568 0.3546
vt 0.4321 0.3269
vt 0.4815 0.3582
vt 0.4568 0.3822
vt 0.4568 0.4375
vt 0.4074 0.3269
vt 0.3827 0.3269
vt 0.4074 0.4087
vt 0.8704 0.9423
vt 0.892 0.9423
vt 0.321 0.0769
vt 0.284 0.6731
vt 0.284 0.5962
vt 0.0741 0.649
vt 0.8086 1
vt 0.7932 0.9952
vt 0.8133 0.9928
vt 0.1358 0.6538
vt 0.8009 0.9351
vt 0.784 0.9423
vt 0.7809 0.9375
vt 0.963 0.9327
vt 0.7932 0.3798
vt 0.8133 0.3774
vt 0.287 0.3269
vt 0.8009 0.3197
vt 0.784 0.3269
vt 0.7809 0.3221
vt 0.963 0.3173
vt 0.8704 0.3269
vt 0.892 0.3269
vt 0.8611 0.3125
vt 0.4815 0.5144
vt 0.0741 0.7548
vt 0.1543 0.3269
vt 0.8827 1
vt 0.4938 0.649
vt 0.8611 0.9279
vt 0.8056 0.3654
vt 0.8056 0.3269
vt 0.5309 0.4615
vt 0.1173 0.625
vt 0.8056 0.9808
vt 0.8056 0.9423
vt 0.4074 0.4904
vt 0.4815 0.3894
vt 0.1543 0.6827
vt 0.5463 0.3125
vt 0.5231 0.3149
vt 0.6049 0.5769
vt 0.6204 0.5913
vt 0.5972 0.5889
vt 0.3642 0.3173
vt 0.0679 0.3173
vt 0.1358 0.5769
vt 0.4321 0.5962
vt 0.3333 0.6346
vt 0.6914 1
vt 0.1667 0.2692
vt 0.7901 0.9231
vt 0.8086 0.9231
vt 0.6914 0.3846
vt 0.7531 0.4423
vt 0.8086 0.4712
vt 0.7901 0.4423
vt 0.8086 0.5
vt 0.7901 0.4712
vt 0.7901 0.3077
vt 0.8086 0.3077
vt 0.9383 0.5
vt 0.9198 0.6154
vt 0.9383 0.6154
vt 0.9012 0.6154
vt 0.9198 0.5769
vt 0.6667 0.7019
vt 0.6019 0.649
vt 0.6235 0.7019
vt 0.6019 0.5962
vt 0.6235 0.649
vt 0.7716 0.7308
vt 0.7716 0.6923
vt 0.8086 0.7308
vt 0.7901 0.6923
vt 0.8086 0.6923
vt 0.7901 0.7692
vt 0.8086 0.7692
vt 0.1667 0.0865
vt 0.1883 0.0385
vt 0.1883 0.0865
vt 0.1667 0.1346
vt 0.1111 0.4099
vt 0.1111 0.3822
vt 0.3086 0.8462
vt 0.1358 0.5962
vt 0.463 0.2692
vt 0.4846 0.2308
vt 0.2346 0.5962
vt 0.3827 0.9231
vt 0.3086 0.8846
vt 0.3333 0.9231
vt 0.3333 0.8846
vt 0.6543 0.1538
vt 0.7531 0.3077
vt 0.6049 0.8462
vt 0.6296 0.8462
vt 0.7531 0.8654
vt 0.8086 0.8942
vt 0.7901 0.8654
vt 0.7901 0.8942
vt 0.2593 0.4279
vt 0.2346 0.3942
vt 0.2593 0.4615
vt 0.2346 0.4279
vt 0.037 0.4231
vt 0.5309 0.3269
vt 0.716 0.5385
vt 0.6975 0.6154
vt 0.716 0.5769
vt 0.679 0.6154
vt 0.6975 0.5769
vt 0.679 0.6538
vt 0.5802 0.5962
vt 0.5062 0.3269
vt 0.284 0.4615
vt 0.5062 0.2308
vt 0.2099 0.0385
vt 0.7901 0.7308
vt 0.8272 0.7308
vt 0.7901 0.6538
vt 0.8272 0.6538
vt 0.9012 0.6538
vt 0.8272 0.5
vt 0.8272 0.3654
vt 0.8272 0.9808
vt 0.5802 0.5769
vt 0.9012 0.9231
vt 0.9012 1
vt 0.9136 0.9808
vt 0.9012 0.3846
vt 0.9136 0.3654
vt 0.9012 0.3077
vt 0.8272 1
vt 0.4568 0.3269
vt 0.9012 0.4423
vt 0.9012 0.4135
vt 0.9012 0.5
vt 0.9012 0.4712
vt 0.9568 0.8077
vt 0.9753 0.8077
vt 0.9198 0.8077
vt 0.9383 0.8077
vt 0.4938 0.5962
vt 0.7901 0.5769
vt 0.8272 0.5769
vt 0.7901 0.5
vt 0.8642 0.5769
vt 0.9012 0.5769
vt 0.8642 0.5
vt 0.8642 0.7308
vt 0.9012 0.7308
vt 0.9012 0.8077
vt 0.8642 0.6538
vt 0.1111 0.5481
vt 0.5926 0.2308
vt 0.5926 0.2692
vt 0.1852 0.9231
vt 0.1852 0.9615
vt 0.1852 1
vt 0.1852 0.8846
vt 0.2407 0.8077
vt 0.284 0.774
vt 0.9012 0.8654
vt 0.9012 0.8365
vt 0.9012 0.8942
vt 0.716 0.8077
vt 0.7346 0.8077
vt 0.679 0.8077
vt 0.6975 0.8077
vt 0.679 0.7308
vt 0.537 0.5962
vt 0.3333 0.4615
vt 0.0772 0.7548
vt 0.5494 0.2308
vt 0.2531 0.0385
vt 0.8704 0.3654
vt 0.8704 0.9808
vt 0.5309 0.5769
vt 0.7901 1
vt 0.8642 1
vt 0.784 0.3654
vt 0.784 0.9808
vt 0.6296 0.5769
vt 0.6235 0.5962
vt 0.1667 0.0385
vt 0.3333 0.8462
vt 0.463 0.2308
vt 0.2346 0.4615
vt 0.5556 0.3269
vt 0.679 0.5769
vt 0.679 0.5
vt 0.6049 0.3269
vt 0.321 0.4615
vt 0.2346 0.5192
vt 0.2469 0.4615
vt 0.4074 0.6731
vt 0.1235 0.0385
vt 0.7407 0.9808
vt 0.0864 0.5769
vt 0.5679 0.3269
vt 0 0.3269
vt 0.1605 0.6731
vt 0.037 0.4615
vt 0.3333 0.5192
s 1
f 824/1 423/2 950/3
f 319/4 7/5 396/6
f 281/7 5/8 313/9
f 768/10 26/11 764/12
f 19/13 653/14 654/15
f 588/16 54/17 155/18
f 688/19 309/20 948/21
f 114/22 115/23 10/24
f 13/25 214/26 213/27
f 462/28 123/29 582/30
f 823/31 336/32 946/33
f 209/34 114/22 10/24
f 20/35 121/36 113/37
f 486/38 69/39 436/40
f 346/41 576/42 124/43
f 650/44 31/45 4/46
f 36/47 286/48 303/49
f 33/50 314/51 470/52
f 646/53 41/54 312/55
f 130/56 131/57 34/58
f 11/59 210/60 116/61
f 848/62 472/63 569/64
f 33/50 308/65 271/66
f 493/67 373/68 645/69
f 335/70 139/71 332/72
f 156/73 44/74 147/75
f 760/76 272/77 944/78
f 392/79 43/80 311/81
f 377/82 118/83 554/84
f 120/85 765/86 845/87
f 43/88 111/89 208/90
f 232/91 27/92 149/93
f 494/94 312/55 643/95
f 55/96 943/97 316/98
f 148/99 51/100 41/101
f 54/17 548/102 155/18
f 322/103 49/104 418/105
f 419/106 39/107 420/108
f 30/109 760/76 820/110
f 941/111 6/112 276/113
f 55/114 46/115 45/116
f 466/117 656/118 940/119
f 967/120 61/121 672/122
f 764/12 381/123 933/124
f 822/125 338/126 931/127
f 340/128 70/129 431/130
f 343/131 65/132 432/133
f 677/134 67/135 807/136
f 406/137 88/138 357/139
f 402/140 72/141 341/142
f 803/143 330/144 929/145
f 79/146 810/147 680/148
f 441/149 78/150 440/151
f 354/152 79/153 355/154
f 356/155 86/156 445/157
f 359/158 81/159 446/160
f 682/161 83/162 812/31
f 490/163 85/164 450/165
f 829/166 133/167 675/168
f 667/169 113/37 724/170
f 95/171 815/172 686/173
f 455/174 94/175 454/176
f 370/177 95/178 371/179
f 389/180 52/181 42/182
f 519/183 32/184 128/185
f 417/186 37/187 283/188
f 39/107 461/189 420/108
f 226/190 503/191 148/192
f 24/193 319/4 376/194
f 21/195 281/7 463/196
f 818/197 26/11 768/10
f 654/15 689/198 19/13
f 369/199 245/200 196/201
f 140/202 504/203 304/204
f 16/205 125/206 215/207
f 240/208 430/209 401/210
f 392/211 251/212 498/213
f 23/214 211/215 123/29
f 27/216 501/217 149/218
f 34/58 508/219 385/220
f 212/221 13/25 213/27
f 251/212 154/222 698/223
f 636/224 47/225 327/226
f 433/227 177/228 174/229
f 143/230 501/217 222/231
f 290/232 513/233 124/43
f 815/172 87/234 814/235
f 467/236 511/237 217/238
f 382/239 509/240 217/238
f 225/241 387/242 506/243
f 353/244 241/245 182/246
f 244/247 444/248 405/249
f 486/38 183/250 442/251
f 447/252 191/253 188/254
f 3/255 128/185 32/184
f 40/256 129/257 141/258
f 500/259 53/260 153/261
f 2/262 130/56 34/58
f 51/263 499/264 476/265
f 131/57 223/266 34/58
f 1/267 132/268 29/269
f 394/270 111/271 234/272
f 386/273 778/274 339/275
f 220/276 308/65 470/52
f 45/116 502/277 208/278
f 35/279 472/63 335/70
f 221/280 473/281 32/184
f 810/147 71/282 809/283
f 208/278 474/284 43/80
f 467/236 468/285 9/286
f 228/287 147/288 44/289
f 149/218 307/290 42/182
f 710/291 192/292 190/293
f 25/294 503/191 221/280
f 228/287 390/295 227/296
f 46/115 228/287 45/116
f 224/297 133/167 766/298
f 799/299 194/300 713/301
f 310/302 497/303 635/304
f 495/305 496/306 634/307
f 393/308 321/309 56/310
f 478/311 20/35 413/312
f 56/310 316/98 393/308
f 138/313 202/314 714/315
f 478/316 153/261 7/317
f 231/318 48/319 668/320
f 490/163 197/321 456/322
f 798/323 180/324 708/325
f 705/326 178/327 176/328
f 38/329 131/57 49/330
f 223/266 299/331 507/332
f 507/332 508/219 223/266
f 782/333 178/327 781/334
f 148/192 388/335 226/190
f 66/336 340/128 484/337
f 343/131 436/40 69/39
f 677/134 809/283 71/282
f 477/338 157/339 233/340
f 222/231 329/341 143/230
f 36/47 141/258 129/257
f 680/148 825/342 79/146
f 441/149 485/343 74/344
f 403/345 79/153 354/152
f 82/346 356/155 488/347
f 359/158 450/165 85/164
f 682/161 814/235 87/234
f 394/348 151/349 317/350
f 233/340 412/351 477/338
f 140/202 505/352 504/203
f 686/173 826/353 95/171
f 455/174 489/354 90/355
f 407/356 95/178 370/177
f 227/296 502/277 228/287
f 4/357 201/358 35/279
f 26/359 47/360 687/361
f 234/272 500/259 153/261
f 389/180 306/362 633/363
f 509/240 209/364 510/365
f 510/365 383/366 218/367
f 382/239 285/368 14/369
f 511/237 214/370 512/371
f 512/371 284/372 117/373
f 788/374 192/292 786/375
f 346/41 380/376 12/377
f 513/233 210/378 514/379
f 514/379 466/117 216/380
f 632/381 162/382 421/383
f 928/384 252/385 517/386
f 926/387 375/388 203/389
f 21/195 213/27 5/390
f 15/391 123/29 211/215
f 215/207 125/206 121/36
f 125/206 12/377 121/36
f 215/207 7/392 24/193
f 716/393 110/394 660/395
f 791/396 107/397 754/398
f 205/399 275/400 377/82
f 204/401 273/402 462/28
f 161/403 375/404 325/405
f 158/406 300/407 322/103
f 129/257 519/183 128/185
f 129/257 128/185 36/47
f 48/408 221/280 129/257
f 310/302 229/409 145/410
f 197/321 457/411 456/322
f 369/199 195/412 368/413
f 194/300 788/374 713/301
f 724/170 12/377 655/414
f 725/415 112/416 669/417
f 697/418 253/419 725/415
f 830/420 133/167 829/166
f 271/66 830/420 523/421
f 37/187 50/422 663/423
f 362/424 246/425 191/253
f 710/291 189/426 784/427
f 447/252 187/428 358/429
f 444/248 186/430 357/139
f 183/250 443/431 442/251
f 353/244 181/432 352/433
f 180/324 782/333 708/325
f 728/434 423/435 923/436
f 729/437 526/438 921/439
f 774/440 527/441 919/442
f 485/343 172/443 431/130
f 445/157 245/200 186/430
f 705/326 175/444 779/445
f 433/227 173/446 342/447
f 430/209 172/443 341/142
f 730/448 429/449 917/450
f 731/451 530/452 915/453
f 795/454 531/455 913/456
f 732/457 302/458 911/459
f 733/460 534/461 909/462
f 755/463 535/464 907/465
f 734/466 701/467 966/468
f 735/469 839/470 965/471
f 776/472 840/473 964/474
f 540/475 662/476 894/477
f 541/478 841/479 892/480
f 380/376 842/481 890/482
f 614/483 106/484 313/485
f 613/486 259/487 546/488
f 887/489 235/490 547/491
f 793/492 126/493 761/494
f 324/495 161/403 325/405
f 417/186 159/496 323/497
f 155/18 416/498 6/112
f 548/102 157/499 155/18
f 156/500 321/501 157/499
f 25/502 231/503 148/99
f 150/504 886/505 412/351
f 843/506 549/507 150/504
f 151/349 884/508 551/509
f 52/510 149/93 42/511
f 45/116 111/89 55/114
f 260/512 759/513 844/514
f 207/515 844/514 792/516
f 17/517 845/87 819/518
f 554/84 14/519 285/520
f 284/521 261/522 117/523
f 463/196 261/522 555/524
f 476/525 146/526 411/527
f 743/528 314/529 882/530
f 744/531 558/532 880/533
f 761/494 559/534 878/535
f 156/73 46/115 56/536
f 560/537 36/47 303/49
f 560/537 561/538 141/258
f 304/204 141/258 561/538
f 562/539 459/540 608/541
f 563/542 564/543 607/544
f 410/545 565/546 606/547
f 134/548 566/549 298/550
f 134/548 567/551 566/549
f 135/552 299/331 568/553
f 746/554 745/555 201/358
f 746/554 31/556 817/557
f 225/241 202/314 790/558
f 116/61 210/60 211/215
f 210/60 15/391 211/215
f 116/61 8/559 19/560
f 571/561 131/57 130/56
f 30/109 571/561 130/56
f 222/231 49/330 131/57
f 572/562 306/362 605/563
f 877/564 264/565 574/566
f 875/567 226/190 575/568
f 385/220 102/569 272/570
f 332/72 127/571 295/572
f 684/573 101/574 666/575
f 290/232 363/576 15/577
f 576/42 125/578 577/579
f 577/579 288/580 122/581
f 347/582 242/583 177/228
f 12/377 113/37 121/36
f 209/34 118/83 114/22
f 14/519 118/83 209/34
f 118/83 6/584 114/22
f 747/585 427/586 872/587
f 748/588 580/589 870/590
f 796/427 581/591 868/592
f 363/593 123/29 15/391
f 583/594 122/595 288/596
f 376/194 266/597 583/594
f 213/27 214/26 120/85
f 214/26 9/598 120/85
f 5/390 120/85 17/517
f 18/599 114/22 6/584
f 749/600 349/601 866/602
f 750/603 586/604 864/605
f 715/606 587/607 862/608
f 155/18 6/112 821/609
f 268/610 235/490 794/611
f 475/612 268/610 589/613
f 110/394 659/614 660/395
f 107/397 755/463 754/398
f 275/400 106/615 276/616
f 273/402 104/617 274/618
f 860/619 164/620 330/621
f 752/622 592/623 858/624
f 797/625 593/626 856/627
f 752/622 593/626 269/628
f 857/629 591/630 855/631
f 694/632 594/633 857/629
f 775/634 592/623 166/635
f 672/122 595/636 333/637
f 855/631 595/636 859/638
f 804/639 330/621 59/640
f 701/467 596/641 425/642
f 854/643 596/641 861/644
f 23/214 274/618 8/645
f 22/646 276/616 6/647
f 277/648 652/649 651/650
f 293/651 762/652 763/653
f 52/654 589/613 232/655
f 589/613 395/656 691/657
f 588/16 479/658 718/659
f 862/608 267/660 750/603
f 863/661 585/662 853/663
f 818/664 597/665 863/661
f 864/605 109/666 756/667
f 865/668 279/616 653/669
f 853/663 598/670 865/668
f 866/602 5/671 762/672
f 867/673 292/674 659/675
f 852/676 599/677 867/673
f 24/193 583/594 215/207
f 16/205 583/594 288/596
f 266/597 363/593 122/595
f 868/592 265/678 748/588
f 869/679 579/680 851/681
f 693/682 600/683 869/679
f 870/590 167/684 776/472
f 871/685 334/686 673/687
f 851/681 601/688 871/685
f 872/587 61/121 805/689
f 873/690 426/691 702/692
f 850/693 602/694 873/690
f 75/695 347/582 71/282
f 16/696 577/579 125/578
f 124/43 577/579 122/581
f 122/581 290/232 124/43
f 787/697 315/698 769/699
f 35/279 295/572 4/357
f 34/58 272/570 2/262
f 874/700 575/568 264/565
f 793/492 603/701 874/700
f 690/702 473/281 875/567
f 604/703 574/566 143/230
f 469/704 876/705 820/110
f 219/706 877/564 717/707
f 605/563 42/182 307/290
f 574/566 307/290 143/230
f 264/565 605/563 574/566
f 387/242 374/708 687/361
f 570/709 714/315 849/710
f 849/710 569/64 570/709
f 568/553 300/711 136/712
f 568/553 299/331 300/711
f 299/331 38/329 300/711
f 566/549 568/553 136/712
f 566/549 567/551 568/553
f 567/551 135/552 568/553
f 298/550 283/713 37/187
f 298/550 566/549 283/713
f 566/549 136/712 283/713
f 606/547 263/714 563/542
f 409/715 563/542 248/716
f 100/717 606/547 409/715
f 607/544 199/718 372/719
f 492/720 372/719 98/721
f 248/716 607/544 492/720
f 608/541 97/722 458/723
f 564/543 458/723 199/718
f 263/714 608/541 564/543
f 140/202 304/204 561/538
f 140/202 560/537 139/71
f 139/71 560/537 303/49
f 878/535 262/724 744/531
f 879/725 557/726 847/727
f 658/728 609/729 879/725
f 880/533 101/730 753/731
f 881/732 270/733 650/734
f 847/727 610/735 881/732
f 882/530 1/736 769/737
f 883/738 315/739 666/740
f 846/741 611/742 883/738
f 51/743 411/527 41/54
f 21/195 555/524 212/221
f 212/221 284/521 13/25
f 117/523 554/84 285/520
f 465/744 742/745 716/393
f 379/746 741/747 689/198
f 552/748 656/749 741/747
f 551/509 770/750 152/751
f 884/508 318/752 551/509
f 413/312 667/169 318/752
f 885/753 152/751 549/507
f 550/754 885/753 549/507
f 740/755 551/509 550/754
f 412/351 800/756 18/599
f 886/505 414/757 412/351
f 549/507 697/418 414/757
f 37/187 323/497 50/319
f 40/758 325/405 48/759
f 690/702 291/760 658/728
f 887/489 547/491 545/761
f 888/762 612/763 159/764
f 888/762 395/656 612/763
f 309/20 546/488 144/765
f 50/766 613/486 309/20
f 323/767 545/761 613/486
f 349/601 313/485 5/671
f 144/765 614/483 349/601
f 546/488 544/768 614/483
f 615/769 739/770 889/771
f 282/772 889/771 758/773
f 12/377 890/482 655/414
f 616/774 738/775 891/776
f 326/777 891/776 772/778
f 112/416 892/480 669/417
f 617/779 765/780 893/781
f 542/782 893/781 738/775
f 258/783 894/477 841/479
f 895/784 737/785 963/786
f 896/787 897/788 962/789
f 673/687 898/790 961/791
f 899/792 736/793 960/794
f 900/795 901/796 959/797
f 838/798 902/799 958/800
f 903/801 804/639 957/802
f 904/803 905/804 956/805
f 837/806 906/807 955/808
f 907/465 256/809 733/460
f 908/810 533/811 836/812
f 652/649 621/813 908/810
f 909/462 137/814 684/573
f 910/815 365/816 787/697
f 836/812 622/817 910/815
f 911/459 31/45 664/818
f 912/819 301/820 767/821
f 835/822 623/823 912/819
f 731/451 531/455 255/824
f 914/825 529/826 834/827
f 692/828 624/829 914/825
f 777/830 530/452 169/831
f 916/832 337/833 674/834
f 834/827 625/835 916/832
f 806/836 429/449 58/837
f 703/838 626/839 428/840
f 918/841 528/842 626/839
f 68/843 341/142 72/141
f 67/844 433/227 342/447
f 808/845 344/846 676/847
f 90/355 445/157 86/156
f 70/129 485/343 431/130
f 919/442 254/848 729/437
f 920/849 525/850 832/851
f 671/852 627/853 920/849
f 921/439 163/854 773/323
f 922/855 328/856 670/857
f 832/851 628/858 922/855
f 923/436 57/146 802/342
f 924/859 422/860 699/861
f 831/862 629/863 924/859
f 439/864 679/865 811/866
f 80/867 353/244 352/433
f 442/251 77/868 73/869
f 84/870 357/139 88/138
f 83/871 447/252 358/429
f 813/872 360/873 681/682
f 87/234 407/356 362/424
f 298/550 297/874 766/298
f 271/66 523/421 727/875
f 727/875 522/876 726/877
f 800/756 521/878 828/879
f 828/879 326/777 772/778
f 827/880 282/772 758/773
f 453/881 685/882 816/883
f 96/884 369/199 368/413
f 456/322 93/885 89/886
f 44/289 391/887 310/302
f 322/103 38/888 49/104
f 48/759 325/405 375/404
f 23/214 462/28 273/402
f 22/646 377/82 275/400
f 688/889 277/648 651/650
f 819/518 293/651 763/653
f 925/890 630/891 518/892
f 771/893 630/891 925/890
f 668/320 375/388 926/387
f 927/894 517/386 104/895
f 801/896 631/897 927/894
f 698/223 516/898 928/384
f 274/899 421/383 8/900
f 104/895 632/381 274/899
f 517/386 515/901 632/381
f 210/378 466/117 514/379
f 513/233 216/380 124/43
f 124/43 380/376 346/41
f 685/882 364/902 683/903
f 13/904 512/371 214/370
f 217/238 512/371 117/373
f 117/373 382/239 217/238
f 209/364 383/366 510/365
f 509/240 218/367 217/238
f 633/363 142/905 494/94
f 497/303 494/94 250/906
f 145/410 633/363 497/303
f 381/907 374/708 790/558
f 246/425 370/177 197/321
f 196/201 489/354 455/174
f 723/908 367/909 789/910
f 504/203 506/243 160/911
f 504/203 505/352 506/243
f 505/352 225/241 506/243
f 18/599 477/338 412/351
f 55/96 394/348 317/350
f 785/912 451/913 361/914
f 188/254 450/165 359/158
f 488/347 185/915 244/247
f 242/583 354/152 183/250
f 182/246 485/343 441/149
f 722/861 351/916 783/917
f 18/599 416/918 477/338
f 780/919 437/920 345/921
f 174/229 436/40 343/131
f 484/337 171/922 240/208
f 679/865 348/923 678/924
f 135/552 508/219 507/332
f 135/552 507/332 299/331
f 808/845 348/923 435/925
f 695/857 439/864 811/866
f 89/886 490/163 456/322
f 499/264 320/926 771/893
f 302/927 817/557 31/556
f 393/308 150/504 233/340
f 234/928 413/312 151/349
f 233/340 321/309 393/308
f 634/307 146/526 311/81
f 474/284 311/81 43/80
f 227/296 634/307 474/284
f 635/304 250/906 495/305
f 390/295 495/305 227/296
f 44/289 635/304 390/295
f 696/929 453/881 816/883
f 471/930 297/874 663/423
f 813/872 364/902 449/931
f 217/238 468/285 467/236
f 707/932 437/920 706/933
f 335/70 505/352 140/202
f 335/70 472/63 505/352
f 472/63 225/241 505/352
f 33/50 470/52 308/65
f 386/273 339/275 675/168
f 476/265 251/212 230/934
f 83/871 362/424 447/252
f 73/869 486/38 442/251
f 84/870 405/249 444/248
f 80/867 402/140 353/244
f 506/243 419/935 160/911
f 506/243 387/242 419/935
f 387/242 39/107 419/935
f 14/369 509/240 382/239
f 214/370 467/236 9/286
f 712/936 451/913 711/937
f 15/577 513/233 290/232
f 67/844 347/582 433/227
f 515/901 327/226 162/382
f 252/385 636/224 515/901
f 518/892 461/938 636/224
f 801/896 153/261 415/939
f 220/276 385/220 508/219
f 53/260 498/213 153/261
f 68/843 401/210 430/209
f 304/204 324/940 40/256
f 304/204 504/203 324/940
f 504/203 160/911 324/940
f 96/884 406/137 369/199
f 792/516 280/941 757/942
f 715/943 305/944 665/945
f 463/196 105/946 205/399
f 376/194 103/947 204/401
f 420/108 203/948 161/403
f 417/186 136/949 158/406
f 145/410 475/950 389/180
f 370/177 198/951 197/321
f 196/201 454/176 195/412
f 367/909 712/936 789/910
f 770/750 520/952 827/880
f 522/876 778/274 726/877
f 246/425 450/165 191/253
f 785/912 448/953 709/954
f 188/254 446/160 187/428
f 185/915 445/157 186/430
f 354/152 184/955 183/250
f 182/246 440/151 181/432
f 351/916 707/932 783/917
f 929/145 164/956 728/434
f 930/957 524/958 831/862
f 700/959 637/960 930/957
f 241/245 341/142 172/443
f 245/200 357/139 186/430
f 780/919 434/961 704/962
f 174/229 432/133 173/446
f 171/922 431/130 172/443
f 931/127 170/963 730/448
f 932/964 528/842 833/965
f 719/966 638/967 932/964
f 933/124 138/968 732/457
f 934/969 532/970 835/822
f 661/971 639/972 934/969
f 935/973 775/634 954/974
f 936/975 937/976 953/977
f 702/692 938/978 952/979
f 641/980 759/981 939/982
f 543/983 939/982 739/770
f 216/380 940/119 842/481
f 941/111 276/113 106/484
f 942/984 642/985 544/768
f 942/984 479/658 642/985
f 469/704 657/986 717/707
f 160/987 420/108 161/403
f 158/406 418/105 159/496
f 316/98 843/506 150/504
f 943/97 550/754 316/98
f 317/350 740/755 550/754
f 643/95 41/54 411/527
f 496/306 411/527 146/526
f 250/906 643/95 496/306
f 553/988 662/989 742/745
f 205/399 554/84 261/522
f 230/990 311/81 146/526
f 944/78 102/991 743/528
f 945/992 556/993 846/741
f 657/986 644/994 945/992
f 35/279 335/70 332/72
f 645/69 200/995 562/539
f 565/546 562/539 263/714
f 249/996 645/69 565/546
f 271/66 567/551 134/548
f 271/66 308/65 567/551
f 308/65 135/552 567/551
f 745/555 472/63 35/279
f 572/562 312/55 142/905
f 264/565 646/53 572/562
f 575/568 388/335 646/53
f 470/52 102/569 220/276
f 303/49 127/571 139/71
f 753/997 301/820 270/998
f 125/578 346/41 12/377
f 177/228 486/38 436/40
f 946/33 168/999 747/585
f 947/1000 578/1001 850/693
f 720/954 647/1002 947/1000
f 204/401 582/30 266/597
f 948/21 144/765 749/600
f 949/1003 584/1004 852/676
f 791/1005 648/1006 949/1003
f 268/610 391/1007 588/16
f 280/941 756/1008 757/942
f 305/944 661/971 665/945
f 105/946 313/9 106/615
f 103/947 396/6 104/617
f 751/1009 423/2 164/620
f 951/1010 590/1011 854/643
f 721/1012 649/1013 951/1010
f 239/1014 951/1010 593/626
f 269/628 951/1010 854/643
f 590/1011 950/3 751/1009
f 665/945 108/1015 107/397
f 757/942 109/1016 110/394
f 206/1017 949/1003 587/607
f 587/607 852/676 267/660
f 648/1006 749/600 584/1004
f 238/426 947/1000 581/591
f 581/591 850/693 265/678
f 647/1002 747/585 578/1001
f 101/574 767/821 753/997
f 126/493 945/992 559/534
f 559/534 846/741 262/724
f 644/994 743/528 556/993
f 742/745 119/1018 260/512
f 717/707 126/493 219/706
f 547/491 718/659 942/984
f 842/481 641/980 543/983
f 739/770 540/475 258/783
f 939/982 119/1019 540/475
f 952/979 640/1020 936/975
f 840/473 936/975 539/1021
f 167/684 952/979 840/473
f 953/977 536/1022 837/806
f 737/785 837/806 257/1023
f 539/1021 953/977 737/785
f 954/974 166/635 734/466
f 937/976 734/466 536/1022
f 640/1020 954/974 937/976
f 108/1015 934/969 535/464
f 535/464 835/822 256/809
f 639/972 732/457 532/970
f 236/1024 932/964 531/455
f 531/455 833/965 255/824
f 638/967 730/448 528/842
f 176/328 704/962 175/444
f 165/1025 930/957 527/441
f 527/441 831/862 254/848
f 637/960 728/434 524/958
f 783/917 179/1026 180/324
f 190/293 709/954 189/426
f 726/877 29/269 132/268
f 152/751 827/880 253/419
f 789/910 193/1027 194/300
f 206/1028 665/945 107/397
f 207/515 757/942 110/394
f 193/1027 711/937 192/292
f 179/1026 706/933 178/327
f 84/1029 683/903 813/872
f 96/1030 816/883 92/1031
f 80/1032 811/866 76/1033
f 68/1034 678/924 808/845
f 76/1033 678/924 72/141
f 176/328 706/933 780/919
f 243/854 783/917 180/324
f 190/293 711/937 785/912
f 247/1035 789/910 194/300
f 92/1031 683/903 88/138
f 415/939 928/384 631/897
f 7/317 927/894 396/1036
f 320/926 926/387 630/891
f 154/222 925/890 516/898
f 17/517 763/653 5/8
f 50/319 688/889 651/650
f 92/1031 816/883 685/882
f 253/419 758/773 112/416
f 115/23 772/778 10/24
f 18/599 828/879 115/23
f 132/268 727/875 726/877
f 84/1029 813/872 681/682
f 76/1033 811/866 679/865
f 254/848 924/859 526/438
f 526/438 699/861 163/854
f 629/863 802/342 422/860
f 170/1037 922/855 429/1038
f 429/1038 670/857 58/1032
f 628/858 773/323 328/856
f 60/1039 920/849 338/1040
f 338/1040 832/851 170/1037
f 627/853 729/437 525/850
f 68/1034 808/845 676/847
f 255/824 918/841 530/452
f 530/452 703/838 169/831
f 428/840 917/450 806/836
f 398/1041 834/827 916/832
f 64/1042 916/832 674/834
f 337/833 915/453 777/830
f 481/1043 692/828 914/825
f 237/1044 914/825 834/827
f 529/826 913/456 731/451
f 256/809 912/819 534/461
f 534/461 767/821 137/814
f 623/823 664/818 301/820
f 224/297 910/815 386/273
f 386/273 787/697 29/269
f 622/817 684/573 365/816
f 28/1045 908/810 471/930
f 471/930 836/812 224/297
f 621/813 733/460 533/811
f 955/808 620/1046 904/803
f 839/470 904/803 538/1047
f 257/1023 955/808 839/470
f 956/805 424/1048 700/959
f 736/793 700/959 165/1025
f 538/1047 956/805 736/793
f 957/802 59/640 803/143
f 905/804 803/143 424/1048
f 620/1046 957/802 905/804
f 958/800 619/1049 900/795
f 719/966 900/795 480/1050
f 236/1024 958/800 719/966
f 959/797 331/1051 671/852
f 822/125 671/852 60/1039
f 480/1050 959/797 822/125
f 960/794 165/1025 774/440
f 901/796 774/440 331/1051
f 619/1049 960/794 901/796
f 961/791 618/1052 896/787
f 692/828 896/787 397/1053
f 62/1054 961/791 692/828
f 962/789 537/1055 838/798
f 795/454 838/798 236/1024
f 397/1053 962/789 795/454
f 963/786 257/1023 735/469
f 897/788 735/469 537/1055
f 618/1052 963/786 897/788
f 841/479 617/779 542/782
f 738/775 468/285 218/367
f 893/781 9/286 468/285
f 669/417 616/774 326/777
f 772/778 383/366 10/24
f 891/776 218/367 383/366
f 655/414 615/769 282/772
f 758/773 541/478 112/416
f 889/771 258/783 541/478
f 418/1056 691/657 888/762
f 32/184 658/728 3/255
f 741/747 11/1057 116/1058
f 689/198 116/1058 19/13
f 716/393 260/512 207/515
f 262/724 883/738 558/532
f 558/532 666/740 101/730
f 611/742 769/737 315/739
f 127/1059 881/732 295/1060
f 295/1060 650/734 4/1061
f 610/735 753/731 270/733
f 3/255 879/725 286/1062
f 286/1062 847/727 127/1059
f 609/729 744/531 557/726
f 202/314 848/62 849/710
f 202/314 849/710 714/315
f 717/707 604/703 469/704
f 820/110 329/341 30/109
f 384/1063 875/567 603/701
f 219/706 874/700 573/1064
f 29/269 769/699 1/267
f 265/678 873/690 580/589
f 580/589 702/692 167/684
f 602/694 805/689 426/691
f 237/1065 871/685 481/1066
f 481/1066 673/687 62/1054
f 601/688 776/472 334/686
f 64/1029 869/679 398/1067
f 398/1067 851/681 237/1065
f 600/683 748/588 579/680
f 267/660 867/673 586/604
f 586/604 659/675 109/666
f 599/677 762/672 292/674
f 162/382 865/668 421/383
f 421/383 653/669 8/900
f 598/670 756/667 279/616
f 47/225 863/661 327/226
f 327/226 853/663 162/382
f 597/665 750/603 585/662
f 5/8 763/653 762/652
f 651/650 28/1045 50/319
f 269/628 861/644 592/623
f 166/635 861/644 701/467
f 425/642 860/619 804/639
f 168/1068 859/638 427/1069
f 427/1069 672/122 61/121
f 333/637 858/624 775/634
f 63/1070 857/629 336/1071
f 336/1071 855/631 168/1068
f 594/633 752/622 591/630
f 400/1072 856/627 594/633
f 591/630 858/624 595/636
f 596/641 751/1009 860/619
f 754/398 278/1073 277/648
f 660/395 292/1036 293/651
f 464/1074 862/608 597/665
f 585/662 864/605 598/670
f 584/1004 866/602 599/677
f 399/873 868/592 600/683
f 579/680 870/590 601/688
f 578/1001 872/587 602/694
f 365/816 666/575 315/698
f 746/554 460/1075 570/709
f 570/709 745/555 746/554
f 291/760 878/535 609/729
f 557/726 880/533 610/735
f 556/993 882/530 611/742
f 819/518 553/988 465/744
f 792/516 552/748 379/746
f 844/514 287/1076 552/748
f 384/1063 761/494 291/760
f 612/763 794/611 887/489
f 890/482 543/983 615/769
f 892/480 542/782 616/774
f 894/477 296/1077 617/779
f 964/474 539/1021 895/784
f 898/790 895/784 618/1052
f 334/686 964/474 898/790
f 965/471 538/1047 899/792
f 902/799 899/792 619/1049
f 537/1055 965/471 902/799
f 966/468 425/642 903/801
f 906/807 903/801 620/1046
f 536/1022 966/468 906/807
f 278/1073 907/465 621/813
f 533/811 909/462 622/817
f 532/970 911/459 623/823
f 397/1053 913/456 624/829
f 625/835 731/451 915/453
f 528/842 917/450 626/839
f 435/925 779/445 344/846
f 331/1051 919/442 627/853
f 525/850 921/439 628/858
f 524/958 923/436 629/863
f 708/325 350/1078 439/864
f 449/931 784/427 360/873
f 523/421 829/166 522/876
f 414/757 725/415 521/878
f 521/878 669/417 326/777
f 520/952 655/414 282/772
f 713/301 366/1079 453/881
f 378/1080 754/398 277/648
f 465/744 660/395 293/651
f 366/1079 786/375 364/902
f 491/1081 686/173 367/909
f 361/914 814/235 682/161
f 487/860 680/148 351/916
f 345/921 809/283 677/134
f 350/1078 781/334 348/923
f 435/925 781/334 705/326
f 404/856 708/325 439/864
f 408/1082 713/301 453/881
f 449/931 786/375 710/291
f 438/1083 809/283 437/920
f 452/1084 814/235 451/913
f 379/746 654/15 280/941
f 464/1085 768/10 305/944
f 686/173 452/1084 367/909
f 318/752 724/170 520/952
f 829/166 339/275 522/876
f 361/914 812/31 448/953
f 680/148 438/1083 351/916
f 424/1048 929/145 637/960
f 345/921 807/136 434/961
f 480/1050 931/127 638/967
f 294/1086 933/124 639/972
f 967/120 333/637 935/973
f 938/978 935/973 640/1020
f 426/691 967/120 938/978
f 940/119 287/1087 641/980
f 642/985 821/609 941/111
f 820/110 289/1088 469/704
f 845/87 296/1089 553/988
f 289/1088 944/78 644/994
f 270/998 664/818 650/44
f 482/953 946/33 647/1002
f 378/1090 948/21 648/1006
f 654/15 279/1091 280/941
f 768/10 294/1086 305/944
f 483/1092 950/3 649/1013
f 824/1 57/1093 423/2
f 19/13 8/1094 653/14
f 588/16 391/1007 54/17
f 688/19 50/766 309/20
f 462/28 23/214 123/29
f 823/31 63/162 336/32
f 20/35 7/392 121/36
f 486/38 73/869 69/39
f 650/44 664/818 31/45
f 36/47 3/255 286/48
f 33/50 1/267 314/51
f 646/53 388/335 41/54
f 848/62 225/241 472/63
f 493/67 99/132 373/68
f 335/70 140/202 139/71
f 156/73 54/1095 44/74
f 760/76 2/262 272/77
f 392/79 53/1096 43/80
f 377/82 22/646 118/83
f 120/85 9/598 765/86
f 43/88 53/1097 111/89
f 232/91 49/1098 27/92
f 494/94 142/905 312/55
f 55/96 317/350 943/97
f 148/99 231/503 51/100
f 54/17 156/500 548/102
f 30/109 2/262 760/76
f 941/111 821/609 6/112
f 55/114 56/536 46/115
f 466/117 11/1099 656/118
f 967/120 805/689 61/121
f 764/12 26/11 381/123
f 822/125 60/1039 338/126
f 343/131 69/39 65/132
f 677/134 71/282 67/135
f 406/137 92/1031 88/138
f 402/140 76/1033 72/141
f 803/143 59/640 330/144
f 79/146 75/695 810/147
f 441/149 74/344 78/150
f 359/158 85/164 81/159
f 682/161 87/234 83/162
f 490/163 89/886 85/164
f 667/169 20/35 113/37
f 95/171 91/1100 815/172
f 455/174 90/355 94/175
f 389/180 475/950 52/181
f 519/183 221/280 32/184
f 39/107 47/1101 461/189
f 226/190 221/280 503/191
f 24/193 7/5 319/4
f 21/195 5/8 281/7
f 818/197 47/1092 26/11
f 369/199 406/137 245/200
f 240/208 171/922 430/209
f 392/211 230/934 251/212
f 23/214 8/559 211/215
f 27/216 222/231 501/217
f 34/58 223/266 508/219
f 415/939 498/213 698/223
f 498/213 251/212 698/223
f 636/224 461/938 47/225
f 433/227 347/582 177/228
f 143/230 149/218 501/217
f 815/172 91/1100 87/234
f 353/244 402/140 241/245
f 244/247 185/915 444/248
f 486/38 242/583 183/250
f 447/252 362/424 191/253
f 3/255 36/47 128/185
f 40/256 48/408 129/257
f 500/259 111/271 53/260
f 2/262 30/109 130/56
f 51/263 231/318 499/264
f 1/267 33/50 132/268
f 394/270 55/1102 111/271
f 386/273 29/269 778/274
f 220/276 135/552 308/65
f 45/116 228/287 502/277
f 221/280 226/190 473/281
f 810/147 75/695 71/282
f 208/278 227/296 474/284
f 149/218 143/230 307/290
f 710/291 786/375 192/292
f 25/294 148/192 503/191
f 228/287 44/289 390/295
f 46/115 147/288 228/287
f 766/298 297/874 471/930
f 471/930 224/297 766/298
f 799/299 247/1035 194/300
f 310/302 145/410 497/303
f 495/305 250/906 496/306
f 478/311 7/5 20/35
f 56/310 55/96 316/98
f 460/1075 302/927 714/315
f 302/927 138/313 714/315
f 478/316 234/272 153/261
f 320/926 499/264 668/320
f 499/264 231/318 668/320
f 490/163 246/425 197/321
f 798/323 243/854 180/324
f 705/326 781/334 178/327
f 38/329 223/266 131/57
f 223/266 38/329 299/331
f 782/333 179/1026 178/327
f 148/192 41/54 388/335
f 66/336 70/129 340/128
f 477/338 416/918 157/339
f 222/231 30/109 329/341
f 403/345 75/695 79/153
f 82/346 86/156 356/155
f 394/348 234/928 151/349
f 233/340 150/504 412/351
f 407/356 91/1100 95/178
f 227/296 208/278 502/277
f 4/357 31/556 201/358
f 374/708 381/907 687/361
f 381/907 26/359 687/361
f 234/272 111/271 500/259
f 389/180 42/182 306/362
f 788/374 193/1027 192/292
f 632/381 515/901 162/382
f 517/386 631/897 928/384
f 928/384 516/898 252/385
f 518/892 630/891 203/389
f 630/891 926/387 203/389
f 21/195 212/221 213/27
f 215/207 121/36 7/392
f 716/393 207/515 110/394
f 791/396 206/1028 107/397
f 205/399 105/946 275/400
f 204/401 103/947 273/402
f 161/403 203/948 375/404
f 158/406 136/949 300/407
f 129/257 221/280 519/183
f 48/408 25/294 221/280
f 310/302 391/887 229/409
f 197/321 198/951 457/411
f 369/199 196/201 195/412
f 194/300 193/1027 788/374
f 724/170 113/37 12/377
f 725/415 253/419 112/416
f 697/418 152/751 253/419
f 830/420 134/548 133/167
f 271/66 134/548 830/420
f 297/874 298/550 663/423
f 298/550 37/187 663/423
f 362/424 407/356 246/425
f 710/291 190/293 189/426
f 447/252 188/254 187/428
f 444/248 185/915 186/430
f 183/250 184/955 443/431
f 353/244 182/246 181/432
f 180/324 179/1026 782/333
f 728/434 164/956 423/435
f 729/437 254/848 526/438
f 774/440 165/1025 527/441
f 485/343 241/245 172/443
f 445/157 489/354 245/200
f 705/326 176/328 175/444
f 433/227 174/229 173/446
f 430/209 171/922 172/443
f 730/448 170/963 429/449
f 731/451 255/824 530/452
f 795/454 236/1024 531/455
f 732/457 138/968 302/458
f 733/460 256/809 534/461
f 755/463 108/1015 535/464
f 734/466 166/635 701/467
f 735/469 257/1023 839/470
f 776/472 167/684 840/473
f 540/475 119/1019 662/476
f 541/478 258/783 841/479
f 380/376 216/380 842/481
f 614/483 544/768 106/484
f 613/486 545/761 259/487
f 887/489 794/611 235/490
f 793/492 219/706 126/493
f 324/495 160/987 161/403
f 417/186 158/406 159/496
f 155/18 157/499 416/498
f 548/102 156/500 157/499
f 156/500 56/1103 321/501
f 25/502 48/1104 231/503
f 150/504 549/507 886/505
f 843/506 550/754 549/507
f 151/349 413/312 884/508
f 52/510 232/91 149/93
f 45/116 208/90 111/89
f 260/512 119/1018 759/513
f 207/515 260/512 844/514
f 17/517 120/85 845/87
f 554/84 118/83 14/519
f 284/521 555/524 261/522
f 463/196 205/399 261/522
f 476/525 230/990 146/526
f 743/528 102/991 314/529
f 744/531 262/724 558/532
f 761/494 126/493 559/534
f 156/73 147/75 46/115
f 560/537 141/258 36/47
f 304/204 40/256 141/258
f 562/539 200/995 459/540
f 563/542 263/714 564/543
f 410/545 249/996 565/546
f 746/554 201/358 31/556
f 790/558 374/708 387/242
f 387/242 225/241 790/558
f 116/61 211/215 8/559
f 571/561 222/231 131/57
f 30/109 222/231 571/561
f 222/231 27/216 49/330
f 572/562 142/905 306/362
f 574/566 604/703 877/564
f 877/564 573/1064 264/565
f 575/568 603/701 875/567
f 875/567 473/281 226/190
f 385/220 220/276 102/569
f 332/72 139/71 127/571
f 684/573 137/814 101/574
f 347/582 403/345 242/583
f 118/83 22/646 6/584
f 747/585 168/999 427/586
f 748/588 265/678 580/589
f 796/427 238/426 581/591
f 363/593 582/30 123/29
f 583/594 266/597 122/595
f 376/194 204/401 266/597
f 5/390 213/27 120/85
f 18/599 115/23 114/22
f 749/600 144/765 349/601
f 750/603 267/660 586/604
f 715/606 206/1017 587/607
f 821/609 479/658 155/18
f 479/658 588/16 155/18
f 794/611 395/656 589/613
f 589/613 268/610 794/611
f 475/612 229/1105 268/610
f 110/394 109/1016 659/614
f 107/397 108/1015 755/463
f 275/400 105/946 106/615
f 273/402 103/947 104/617
f 860/619 751/1009 164/620
f 752/622 269/628 592/623
f 797/625 239/1014 593/626
f 752/622 856/627 593/626
f 857/629 594/633 591/630
f 694/632 400/1072 594/633
f 775/634 858/624 592/623
f 672/122 859/638 595/636
f 855/631 591/630 595/636
f 804/639 860/619 330/621
f 701/467 861/644 596/641
f 854/643 590/1011 596/641
f 23/214 273/402 274/618
f 22/646 275/400 276/616
f 277/648 278/1073 652/649
f 293/651 292/1036 762/652
f 52/654 475/612 589/613
f 691/657 49/1101 232/655
f 232/655 589/613 691/657
f 718/659 235/490 268/610
f 268/610 588/16 718/659
f 862/608 587/607 267/660
f 863/661 597/665 585/662
f 818/664 464/1074 597/665
f 864/605 586/604 109/666
f 865/668 598/670 279/616
f 853/663 585/662 598/670
f 866/602 349/601 5/671
f 867/673 599/677 292/674
f 852/676 584/1004 599/677
f 24/193 376/194 583/594
f 16/205 215/207 583/594
f 266/597 582/30 363/593
f 868/592 581/591 265/678
f 869/679 600/683 579/680
f 693/682 399/873 600/683
f 870/590 580/589 167/684
f 871/685 601/688 334/686
f 851/681 579/680 601/688
f 872/587 427/586 61/121
f 873/690 602/694 426/691
f 850/693 578/1001 602/694
f 75/695 403/345 347/582
f 16/696 288/580 577/579
f 124/43 576/42 577/579
f 122/581 363/576 290/232
f 787/697 365/816 315/698
f 35/279 332/72 295/572
f 34/58 385/220 272/570
f 264/565 573/1064 874/700
f 874/700 603/701 575/568
f 793/492 384/1063 603/701
f 690/702 32/184 473/281
f 143/230 329/341 876/705
f 876/705 604/703 143/230
f 469/704 604/703 876/705
f 219/706 573/1064 877/564
f 605/563 306/362 42/182
f 574/566 605/563 307/290
f 264/565 572/562 605/563
f 687/361 47/360 39/107
f 39/107 387/242 687/361
f 570/709 460/1075 714/315
f 849/710 848/62 569/64
f 606/547 565/546 263/714
f 409/715 606/547 563/542
f 100/717 410/545 606/547
f 607/544 564/543 199/718
f 492/720 607/544 372/719
f 248/716 563/542 607/544
f 608/541 459/540 97/722
f 564/543 608/541 458/723
f 263/714 562/539 608/541
f 140/202 561/538 560/537
f 878/535 559/534 262/724
f 879/725 609/729 557/726
f 658/728 291/760 609/729
f 880/533 558/532 101/730
f 881/732 610/735 270/733
f 847/727 557/726 610/735
f 882/530 314/529 1/736
f 883/738 611/742 315/739
f 846/741 556/993 611/742
f 51/743 476/525 411/527
f 21/195 463/196 555/524
f 212/221 555/524 284/521
f 117/523 261/522 554/84
f 465/744 553/988 742/745
f 379/746 552/748 741/747
f 552/748 287/1076 656/749
f 551/509 318/752 770/750
f 884/508 413/312 318/752
f 413/312 20/35 667/169
f 885/753 551/509 152/751
f 550/754 551/509 885/753
f 740/755 151/349 551/509
f 412/351 414/757 800/756
f 886/505 549/507 414/757
f 549/507 152/751 697/418
f 37/187 417/186 323/497
f 40/758 324/495 325/405
f 690/702 384/1063 291/760
f 259/487 545/761 547/491
f 545/761 612/763 887/489
f 545/761 159/764 612/763
f 159/764 418/1056 888/762
f 888/762 691/657 395/656
f 309/20 613/486 546/488
f 50/766 323/767 613/486
f 323/767 159/764 545/761
f 349/601 614/483 313/485
f 144/765 546/488 614/483
f 546/488 259/487 544/768
f 615/769 543/983 739/770
f 282/772 615/769 889/771
f 12/377 380/376 890/482
f 616/774 542/782 738/775
f 326/777 616/774 891/776
f 112/416 541/478 892/480
f 617/779 296/1077 765/780
f 542/782 617/779 893/781
f 258/783 540/475 894/477
f 895/784 539/1021 737/785
f 896/787 618/1052 897/788
f 673/687 334/686 898/790
f 899/792 538/1047 736/793
f 900/795 619/1049 901/796
f 838/798 537/1055 902/799
f 903/801 425/642 804/639
f 904/803 620/1046 905/804
f 837/806 536/1022 906/807
f 907/465 535/464 256/809
f 908/810 621/813 533/811
f 652/649 278/1073 621/813
f 909/462 534/461 137/814
f 910/815 622/817 365/816
f 836/812 533/811 622/817
f 911/459 302/458 31/45
f 912/819 623/823 301/820
f 835/822 532/970 623/823
f 731/451 913/456 531/455
f 914/825 624/829 529/826
f 692/828 397/1053 624/829
f 777/830 915/453 530/452
f 916/832 625/835 337/833
f 834/827 529/826 625/835
f 806/836 917/450 429/449
f 703/838 918/841 626/839
f 918/841 833/965 528/842
f 68/843 430/209 341/142
f 808/845 435/925 344/846
f 90/355 489/354 445/157
f 70/129 74/344 485/343
f 919/442 527/441 254/848
f 920/849 627/853 525/850
f 671/852 331/1051 627/853
f 921/439 526/438 163/854
f 922/855 628/858 328/856
f 832/851 525/850 628/858
f 923/436 423/435 57/146
f 924/859 629/863 422/860
f 831/862 524/958 629/863
f 439/864 350/1078 679/865
f 442/251 443/431 77/868
f 84/870 444/248 357/139
f 813/872 449/931 360/873
f 87/234 91/1100 407/356
f 133/167 134/548 766/298
f 134/548 298/550 766/298
f 132/268 33/50 727/875
f 33/50 271/66 727/875
f 727/875 523/421 522/876
f 800/756 414/757 521/878
f 828/879 521/878 326/777
f 827/880 520/952 282/772
f 453/881 366/1079 685/882
f 456/322 457/411 93/885
f 44/289 54/1106 391/887
f 322/103 300/407 38/888
f 688/889 378/1080 277/648
f 819/518 465/744 293/651
f 252/385 516/898 518/892
f 516/898 925/890 518/892
f 771/893 320/926 630/891
f 668/320 48/319 375/388
f 104/895 396/1036 927/894
f 927/894 631/897 517/386
f 801/896 415/939 631/897
f 698/223 154/222 516/898
f 274/899 632/381 421/383
f 104/895 517/386 632/381
f 517/386 252/385 515/901
f 210/378 11/1099 466/117
f 513/233 514/379 216/380
f 124/43 216/380 380/376
f 685/882 366/1079 364/902
f 13/904 284/372 512/371
f 217/238 511/237 512/371
f 117/373 285/368 382/239
f 209/364 10/24 383/366
f 509/240 510/365 218/367
f 633/363 306/362 142/905
f 497/303 633/363 494/94
f 145/410 389/180 633/363
f 202/314 138/313 790/558
f 138/313 381/907 790/558
f 246/425 407/356 370/177
f 196/201 245/200 489/354
f 723/908 491/1081 367/909
f 785/912 711/937 451/913
f 188/254 191/253 450/165
f 488/347 356/155 185/915
f 242/583 403/345 354/152
f 182/246 241/245 485/343
f 722/861 487/860 351/916
f 18/599 6/647 416/918
f 780/919 706/933 437/920
f 174/229 177/228 436/40
f 484/337 340/128 171/922
f 679/865 350/1078 348/923
f 135/552 220/276 508/219
f 808/845 678/924 348/923
f 695/857 404/856 439/864
f 154/222 251/212 771/893
f 251/212 499/264 771/893
f 302/927 460/1075 817/557
f 393/308 316/98 150/504
f 234/928 478/311 413/312
f 233/340 157/339 321/309
f 634/307 496/306 146/526
f 474/284 634/307 311/81
f 227/296 495/305 634/307
f 635/304 497/303 250/906
f 390/295 635/304 495/305
f 44/289 310/302 635/304
f 696/929 408/1082 453/881
f 663/423 50/422 28/1045
f 28/1045 471/930 663/423
f 813/872 683/903 364/902
f 217/238 218/367 468/285
f 707/932 438/1083 437/920
f 675/168 133/167 224/297
f 224/297 386/273 675/168
f 476/265 499/264 251/212
f 83/871 87/234 362/424
f 80/867 76/1033 402/140
f 14/369 209/364 509/240
f 214/370 511/237 467/236
f 712/936 452/1084 451/913
f 15/577 210/378 513/233
f 67/844 71/282 347/582
f 515/901 636/224 327/226
f 252/385 518/892 636/224
f 518/892 203/389 461/938
f 7/317 153/261 801/896
f 153/261 498/213 415/939
f 53/260 392/211 498/213
f 96/884 92/1031 406/137
f 792/516 379/746 280/941
f 715/943 464/1085 305/944
f 463/196 281/7 105/946
f 376/194 319/4 103/947
f 420/108 461/189 203/948
f 417/186 283/188 136/949
f 145/410 229/409 475/950
f 370/177 371/179 198/951
f 196/201 455/174 454/176
f 367/909 452/1084 712/936
f 770/750 318/752 520/952
f 522/876 339/275 778/274
f 246/425 490/163 450/165
f 785/912 361/914 448/953
f 188/254 359/158 446/160
f 185/915 356/155 445/157
f 354/152 355/154 184/955
f 182/246 441/149 440/151
f 351/916 438/1083 707/932
f 929/145 330/144 164/956
f 930/957 637/960 524/958
f 700/959 424/1048 637/960
f 241/245 402/140 341/142
f 245/200 406/137 357/139
f 780/919 345/921 434/961
f 174/229 343/131 432/133
f 171/922 340/128 431/130
f 931/127 338/126 170/963
f 932/964 638/967 528/842
f 719/966 480/1050 638/967
f 933/124 381/123 138/968
f 934/969 639/972 532/970
f 661/971 294/1086 639/972
f 935/973 333/637 775/634
f 936/975 640/1020 937/976
f 702/692 426/691 938/978
f 641/980 287/1087 759/981
f 543/983 641/980 939/982
f 216/380 466/117 940/119
f 106/484 544/768 941/111
f 544/768 642/985 941/111
f 544/768 259/487 942/984
f 259/487 547/491 942/984
f 942/984 718/659 479/658
f 469/704 289/1088 657/986
f 160/987 419/106 420/108
f 158/406 322/103 418/105
f 316/98 550/754 843/506
f 943/97 317/350 550/754
f 317/350 151/349 740/755
f 643/95 312/55 41/54
f 496/306 643/95 411/527
f 250/906 494/94 643/95
f 553/988 296/1089 662/989
f 205/399 377/82 554/84
f 230/990 392/79 311/81
f 944/78 272/77 102/991
f 945/992 644/994 556/993
f 657/986 289/1088 644/994
f 645/69 373/68 200/995
f 565/546 645/69 562/539
f 249/996 493/67 645/69
f 35/279 201/358 745/555
f 745/555 569/64 472/63
f 572/562 646/53 312/55
f 264/565 575/568 646/53
f 575/568 226/190 388/335
f 470/52 314/51 102/569
f 303/49 286/48 127/571
f 753/997 767/821 301/820
f 125/578 576/42 346/41
f 177/228 242/583 486/38
f 946/33 336/32 168/999
f 947/1000 647/1002 578/1001
f 720/954 482/953 647/1002
f 204/401 462/28 582/30
f 948/21 309/20 144/765
f 949/1003 648/1006 584/1004
f 791/1005 378/1090 648/1006
f 268/610 229/1105 391/1007
f 280/941 279/1091 756/1008
f 305/944 294/1086 661/971
f 105/946 281/7 313/9
f 103/947 319/4 396/6
f 751/1009 950/3 423/2
f 951/1010 649/1013 590/1011
f 721/1012 483/1092 649/1013
f 239/1014 721/1012 951/1010
f 269/628 593/626 951/1010
f 590/1011 649/1013 950/3
f 665/945 661/971 108/1015
f 757/942 756/1008 109/1016
f 206/1017 791/1005 949/1003
f 587/607 949/1003 852/676
f 648/1006 948/21 749/600
f 238/426 720/954 947/1000
f 581/591 947/1000 850/693
f 647/1002 946/33 747/585
f 101/574 137/814 767/821
f 126/493 657/986 945/992
f 559/534 945/992 846/741
f 644/994 944/78 743/528
f 742/745 662/989 119/1018
f 717/707 657/986 126/493
f 547/491 235/490 718/659
f 842/481 940/119 641/980
f 739/770 939/982 540/475
f 939/982 759/981 119/1019
f 952/979 938/978 640/1020
f 840/473 952/979 936/975
f 167/684 702/692 952/979
f 953/977 937/976 536/1022
f 737/785 953/977 837/806
f 539/1021 936/975 953/977
f 954/974 775/634 166/635
f 937/976 954/974 734/466
f 640/1020 935/973 954/974
f 108/1015 661/971 934/969
f 535/464 934/969 835/822
f 639/972 933/124 732/457
f 236/1024 719/966 932/964
f 531/455 932/964 833/965
f 638/967 931/127 730/448
f 176/328 780/919 704/962
f 165/1025 700/959 930/957
f 527/441 930/957 831/862
f 637/960 929/145 728/434
f 783/917 707/932 179/1026
f 190/293 785/912 709/954
f 726/877 778/274 29/269
f 152/751 770/750 827/880
f 789/910 712/936 193/1027
f 206/1028 715/943 665/945
f 207/515 792/516 757/942
f 193/1027 712/936 711/937
f 179/1026 707/932 706/933
f 84/1029 88/138 683/903
f 96/1030 696/929 816/883
f 80/1032 695/857 811/866
f 68/1034 72/141 678/924
f 76/1033 679/865 678/924
f 176/328 178/327 706/933
f 243/854 722/861 783/917
f 190/293 192/292 711/937
f 247/1035 723/908 789/910
f 92/1031 685/882 683/903
f 415/939 698/223 928/384
f 7/317 801/896 927/894
f 320/926 668/320 926/387
f 154/222 771/893 925/890
f 17/517 819/518 763/653
f 253/419 827/880 758/773
f 115/23 828/879 772/778
f 18/599 800/756 828/879
f 254/848 831/862 924/859
f 526/438 924/859 699/861
f 629/863 923/436 802/342
f 170/1037 832/851 922/855
f 429/1038 922/855 670/857
f 628/858 921/439 773/323
f 60/1039 671/852 920/849
f 338/1040 920/849 832/851
f 627/853 919/442 729/437
f 255/824 833/965 918/841
f 530/452 918/841 703/838
f 428/840 626/839 917/450
f 398/1041 237/1044 834/827
f 64/1042 398/1041 916/832
f 337/833 625/835 915/453
f 481/1043 62/1054 692/828
f 237/1044 481/1043 914/825
f 529/826 624/829 913/456
f 256/809 835/822 912/819
f 534/461 912/819 767/821
f 623/823 911/459 664/818
f 224/297 836/812 910/815
f 386/273 910/815 787/697
f 622/817 909/462 684/573
f 28/1045 652/649 908/810
f 471/930 908/810 836/812
f 621/813 907/465 733/460
f 955/808 906/807 620/1046
f 839/470 955/808 904/803
f 257/1023 837/806 955/808
f 956/805 905/804 424/1048
f 736/793 956/805 700/959
f 538/1047 904/803 956/805
f 957/802 804/639 59/640
f 905/804 957/802 803/143
f 620/1046 903/801 957/802
f 958/800 902/799 619/1049
f 719/966 958/800 900/795
f 236/1024 838/798 958/800
f 959/797 901/796 331/1051
f 822/125 959/797 671/852
f 480/1050 900/795 959/797
f 960/794 736/793 165/1025
f 901/796 960/794 774/440
f 619/1049 899/792 960/794
f 961/791 898/790 618/1052
f 692/828 961/791 896/787
f 62/1054 673/687 961/791
f 962/789 897/788 537/1055
f 795/454 962/789 838/798
f 397/1053 896/787 962/789
f 963/786 737/785 257/1023
f 897/788 963/786 735/469
f 618/1052 895/784 963/786
f 841/479 894/477 617/779
f 738/775 893/781 468/285
f 893/781 765/780 9/286
f 669/417 892/480 616/774
f 772/778 891/776 383/366
f 891/776 738/775 218/367
f 655/414 890/482 615/769
f 758/773 889/771 541/478
f 889/771 739/770 258/783
f 418/1056 49/1101 691/657
f 32/184 690/702 658/728
f 741/747 656/749 11/1057
f 689/198 741/747 116/1058
f 716/393 742/745 260/512
f 262/724 846/741 883/738
f 558/532 883/738 666/740
f 611/742 882/530 769/737
f 127/1059 847/727 881/732
f 295/1060 881/732 650/734
f 610/735 880/533 753/731
f 3/255 658/728 879/725
f 286/1062 879/725 847/727
f 609/729 878/535 744/531
f 202/314 225/241 848/62
f 717/707 877/564 604/703
f 820/110 876/705 329/341
f 384/1063 690/702 875/567
f 219/706 793/492 874/700
f 29/269 787/697 769/699
f 265/678 850/693 873/690
f 580/589 873/690 702/692
f 602/694 872/587 805/689
f 237/1065 851/681 871/685
f 481/1066 871/685 673/687
f 601/688 870/590 776/472
f 64/1029 693/682 869/679
f 398/1067 869/679 851/681
f 600/683 868/592 748/588
f 267/660 852/676 867/673
f 586/604 867/673 659/675
f 599/677 866/602 762/672
f 162/382 853/663 865/668
f 421/383 865/668 653/669
f 598/670 864/605 756/667
f 47/225 818/664 863/661
f 327/226 863/661 853/663
f 597/665 862/608 750/603
f 651/650 652/649 28/1045
f 269/628 854/643 861/644
f 166/635 592/623 861/644
f 425/642 596/641 860/619
f 168/1068 855/631 859/638
f 427/1069 859/638 672/122
f 333/637 595/636 858/624
f 63/1070 694/632 857/629
f 336/1071 857/629 855/631
f 594/633 856/627 752/622
f 400/1072 797/625 856/627
f 591/630 752/622 858/624
f 596/641 590/1011 751/1009
f 754/398 755/463 278/1073
f 660/395 659/614 292/1036
f 464/1074 715/606 862/608
f 585/662 750/603 864/605
f 584/1004 749/600 866/602
f 399/873 796/427 868/592
f 579/680 748/588 870/590
f 578/1001 747/585 872/587
f 365/816 684/573 666/575
f 746/554 817/557 460/1075
f 570/709 569/64 745/555
f 291/760 761/494 878/535
f 557/726 744/531 880/533
f 556/993 743/528 882/530
f 819/518 845/87 553/988
f 792/516 844/514 552/748
f 844/514 759/513 287/1076
f 384/1063 793/492 761/494
f 612/763 395/656 794/611
f 890/482 842/481 543/983
f 892/480 841/479 542/782
f 894/477 662/476 296/1077
f 964/474 840/473 539/1021
f 898/790 964/474 895/784
f 334/686 776/472 964/474
f 965/471 839/470 538/1047
f 902/799 965/471 899/792
f 537/1055 735/469 965/471
f 966/468 701/467 425/642
f 906/807 966/468 903/801
f 536/1022 734/466 966/468
f 278/1073 755/463 907/465
f 533/811 733/460 909/462
f 532/970 732/457 911/459
f 397/1053 795/454 913/456
f 625/835 529/826 731/451
f 528/842 730/448 917/450
f 435/925 705/326 779/445
f 331/1051 774/440 919/442
f 525/850 729/437 921/439
f 524/958 728/434 923/436
f 708/325 782/333 350/1078
f 449/931 710/291 784/427
f 523/421 830/420 829/166
f 414/757 697/418 725/415
f 521/878 725/415 669/417
f 520/952 724/170 655/414
f 713/301 788/374 366/1079
f 378/1080 791/396 754/398
f 465/744 716/393 660/395
f 366/1079 788/374 786/375
f 491/1081 826/353 686/173
f 361/914 451/913 814/235
f 487/860 825/342 680/148
f 345/921 437/920 809/283
f 350/1078 782/333 781/334
f 435/925 348/923 781/334
f 404/856 798/323 708/325
f 408/1082 799/299 713/301
f 449/931 364/902 786/375
f 438/1083 810/147 809/283
f 452/1084 815/172 814/235
f 379/746 689/198 654/15
f 464/1085 818/197 768/10
f 686/173 815/172 452/1084
f 318/752 667/169 724/170
f 829/166 675/168 339/275
f 361/914 682/161 812/31
f 680/148 810/147 438/1083
f 424/1048 803/143 929/145
f 345/921 677/134 807/136
f 480/1050 822/125 931/127
f 294/1086 764/12 933/124
f 967/120 672/122 333/637
f 938/978 967/120 935/973
f 426/691 805/689 967/120
f 940/119 656/118 287/1087
f 642/985 479/658 821/609
f 820/110 760/76 289/1088
f 845/87 765/86 296/1089
f 289/1088 760/76 944/78
f 270/998 301/820 664/818
f 482/953 823/31 946/33
f 378/1090 688/19 948/21
f 654/15 653/14 279/1091
f 768/10 764/12 294/1086
f 483/1092 824/1 950/3
o Head
v -0.5415 -3.4585 -4.8735
v 0.5415 -3.4585 -4.8735
v 4.332 -4 -4.8735
v -4.332 -4 -4.8735
v -1.083 -4 -4.8735
v -4.332 -4.5415 -4.8735
v 1.083 -4 -4.8735
v 4.332 -4.5415 -4.8735
v 4.332 0.332 -5.415
v -4.332 0.332 -5.415
v -4.332 -4.5415 -5.415
v 4.332 -4.5415 -5.415
v 1.083 -4 -5.415
v -1.083 -4 -5.415
v -4.332 -4 -5.415
v 4.332 -4 -5.415
v 0.5415 -3.4585 -5.415
v -0.5415 -3.4585 -5.415
v -4.332 -8.332 -5.415
v 4.332 -8.332 -5.415
v 0.5415 -0.751 -5.415
v -0.5415 -0.751 -5.415
v 5.415 0.332 -4.332
v 5.415 -8.332 -4.332
v -5.415 -8.332 -4.332
v -5.415 0.332 -4.332
v 4.332 -9.415 -4.332
v -4.332 -9.415 -4.332
v 5.415 0.332 4.332
v 5.415 -8.332 4.332
v -5.415 -8.332 4.332
v -5.415 0.332 4.332
v 4.332 -9.415 4.332
v -4.332 -9.415 4.332
v 4.332 1.415 4.332
v 4.332 1.415 -4.332
v -4.332 1.415 -4.332
v -4.332 1.415 4.332
v 4.332 0.332 5.415
v -4.332 0.332 5.415
v 4.332 -8.332 5.415
v -4.332 -8.332 5.415
v 0.5415 -0.751 -4.8735
v -0.5415 -0.751 -4.8735
v 6.498 -0.2095 -3.249
v 6.498 -2.3755 -3.249
v 5.415 -2.3755 -4.332
v 5.415 -0.2095 -4.332
v 6.498 -0.2095 -0
v 6.498 -2.3755 -0
v 6.498 -2.3755 2.166
v 6.498 -4.5415 2.166
v 6.498 -2.3755 4.332
v 6.498 -4.5415 6.498
v 6.498 -3.4585 -3.249
v 6.498 -5.6245 -3.249
v 5.415 -5.6245 -4.332
v 5.415 -3.4585 -4.332
v 6.498 -3.4585 -0
v 6.498 -5.6245 -0
v 6.498 -5.6245 2.166
v 6.498 -7.7905 2.166
v 6.498 -5.6245 4.332
v 6.498 -7.7905 6.498
v -5.415 -0.2095 -4.332
v -5.415 -2.3755 -4.332
v -6.498 -2.3755 -3.249
v -6.498 -0.2095 -3.249
v -5.415 -3.4585 -4.332
v -5.415 -5.6245 -4.332
v -6.498 -5.6245 -3.249
v -6.498 -3.4585 -3.249
v -6.498 -2.3755 -0
v -6.498 -0.2095 -0
v -6.498 -5.6245 -0
v -6.498 -3.4585 -0
v -6.498 -4.5415 2.166
v -6.498 -2.3755 2.166
v -6.498 -7.7905 2.166
v -6.498 -5.6245 2.166
v -6.498 -4.5415 6.498
v -6.498 -2.3755 4.332
v -6.498 -7.7905 6.498
v -6.498 -5.6245 4.332
v -3.249 -8.332 -3.249
v 3.249 -8.332 -3.249
v 4.332 -8.332 -4.332
v -4.332 -8.332 -4.332
v -3.249 -9.415 -3.249
v 3.249 -9.415 -3.249
v 5.415 -13.2055 -5.415
v -5.415 -13.2055 -5.415
v 4.0613 -11.0395 -4.0613
v -4.0613 -11.0395 -4.0613
v 0.5415 0.332 5.415
v -0.5415 0.332 5.415
v 0.5415 -8.332 5.415
v -0.5415 -8.332 5.415
v 0.5415 -9.415 4.332
v -0.5415 -9.415 4.332
v 0.5415 -9.415 -4.332
v -0.5415 -9.415 -4.332
v 0.5415 -0.2095 5.9565
v -0.5415 -0.2095 5.9565
v 0.5415 -8.332 5.9565
v -0.5415 -8.332 5.9565
v 0.5415 -9.9565 4.332
v -0.5415 -9.9565 4.332
v 0.5415 -9.9565 -3.7905
v -0.5415 -9.9565 -3.7905
v 6.498 -0.2095 -3.249
v 6.498 -2.3755 -3.249
v 5.415 -2.3755 -4.332
v 5.415 -0.2095 -4.332
v 6.498 -0.2095 -0
v 6.498 -2.3755 -0
v 6.498 -2.3755 2.166
v 6.498 -4.5415 2.166
v 6.498 -2.3755 4.332
v 6.498 -4.5415 6.498
v 6.498 -3.4585 -3.249
v 6.498 -5.6245 -3.249
v 5.415 -5.6245 -4.332
v 5.415 -3.4585 -4.332
v 6.498 -3.4585 -0
v 6.498 -5.6245 -0
v 6.498 -5.6245 2.166
v 6.498 -7.7905 2.166
v 6.498 -5.6245 4.332
v 6.498 -7.7905 6.498
v -5.415 -0.2095 -4.332
v -5.415 -2.3755 -4.332
v -6.498 -2.3755 -3.249
v -6.498 -0.2095 -3.249
v -5.415 -3.4585 -4.332
v -5.415 -5.6245 -4.332
v -6.498 -5.6245 -3.249
v -6.498 -3.4585 -3.249
v -6.498 -2.3755 -0
v -6.498 -0.2095 -0
v -6.498 -5.6245 -0
v -6.498 -3.4585 -0
v -6.498 -4.5415 2.166
v -6.498 -2.3755 2.166
v -6.498 -7.7905 2.166
v -6.498 -5.6245 2.166
v -6.498 -4.5415 6.498
v -6.498 -2.3755 4.332
v -6.498 -7.7905 6.498
v -6.498 -5.6245 4.332
v -3.249 -8.332 -3.249
v 3.249 -8.332 -3.249
v 4.332 -8.332 -4.332
v -4.332 -8.332 -4.332
v -3.249 -9.415 -3.249
v 3.249 -9.415 -3.249
v 5.415 -13.2055 -5.415
v -5.415 -13.2055 -5.415
v 4.0613 -11.0395 -4.0613
v -4.0613 -11.0395 -4.0613
v 4.8735 0.8735 4.332
v 4.332 0.8735 4.8735
v 4.8735 0.332 4.8735
v 5.415 -4 4.332
v 4.8735 -8.332 4.8735
v 4.332 -8.8735 4.8735
v 4.8735 -8.8735 4.332
v -4.332 -8.8735 4.8735
v 0 -8.332 5.415
v 4.332 -9.415 -0
v 4.8735 -8.332 -4.8735
v 4.8735 -8.8735 -4.332
v 4.332 -8.8735 -4.8735
v 0 0.332 -5.415
v 1.8953 -0.2095 -5.415
v -2.4367 -0.2095 -5.415
v 0.5415 -2.1048 -5.415
v 2.4367 -3.7292 -5.415
v -2.4367 -3.7292 -5.415
v -0.5415 -2.1048 -5.415
v -2.7075 -6.166 -5.415
v -4.332 -6.4367 -5.415
v -2.7075 -4.2707 -5.415
v 4.8735 -6.4367 -4.8735
v 4.8735 -6.166 -4.8735
v -4.8735 -6.166 -4.8735
v -4.8735 -6.4367 -4.8735
v -4.332 -8.8735 -4.8735
v 0 -9.415 -4.332
v -4.332 -9.415 -0
v 0 -9.415 4.332
v -5.415 -4 -4.332
v -5.415 0.332 -0
v 5.415 -4 -4.332
v 5.415 -8.332 -0
v 4.332 1.415 -0
v 0 1.415 4.332
v 0 0.332 5.415
v 4.332 -4 5.415
v -4.332 0.8735 -4.8735
v -4.8735 0.332 -4.8735
v -4.8735 0.8735 -4.332
v -4.8735 0.8735 4.332
v -5.415 -4 4.332
v -4.8735 0.332 4.8735
v -4.332 0.8735 4.8735
v 4.8735 0.8735 -4.332
v 4.8735 0.332 -4.8735
v 4.332 0.8735 -4.8735
v -4.8735 -8.332 4.8735
v -4.8735 -8.8735 4.332
v -4.8735 -8.8735 -4.332
v -5.415 -8.332 -0
v -4.8735 -8.332 -4.8735
v 0 -4 -4.8735
v -0.2707 -3.7292 -4.8735
v 2.7075 -4.2707 -5.415
v -2.7075 -4.2707 -4.8735
v 0 -4 -5.415
v 5.9565 -0.2095 -3.7905
v 5.415 -1.2925 -4.332
v 6.498 -0.2095 -1.6245
v 6.498 -1.2925 -3.249
v 6.498 -1.2925 1.083
v 6.498 -2.3755 1.083
v 6.498 -1.2925 -0
v 6.498 -2.3755 3.249
v 6.498 -3.4585 3.249
v 6.498 -3.4585 2.166
v 5.9565 -3.4585 -3.7905
v 5.415 -4.5415 -4.332
v 6.498 -3.4585 -1.6245
v 6.498 -4.5415 -3.249
v 6.498 -4.5415 1.083
v 6.498 -5.6245 1.083
v 6.498 -4.5415 -0
v 6.498 -5.6245 3.249
v 6.498 -6.7075 3.249
v 6.498 -6.7075 2.166
v -5.9565 -0.2095 -3.7905
v -6.498 -1.2925 -3.249
v -5.9565 -3.4585 -3.7905
v -6.498 -4.5415 -3.249
v -6.498 -3.4585 -1.6245
v -6.498 -0.2095 -1.6245
v -6.498 -4.5415 -0
v -6.498 -5.6245 1.083
v -6.498 -4.5415 1.083
v -6.498 -1.2925 -0
v -6.498 -2.3755 1.083
v -6.498 -1.2925 1.083
v -6.498 -6.7075 2.166
v -6.498 -6.7075 3.249
v -6.498 -5.6245 3.249
v -6.498 -3.4585 2.166
v -6.498 -3.4585 3.249
v -6.498 -2.3755 3.249
v -3.6551 -10.2273 -3.6551
v -4.1966 -9.6858 -4.1966
v -3.7905 -8.8735 -3.7905
v 3.6551 -10.2273 -3.6551
v 4.1966 -9.6858 -4.1966
v 3.7905 -8.8735 -3.7905
v 0.5415 -9.1443 5.1442
v 0.5415 -4.2708 5.9565
v 0.5415 -8.8735 4.8735
v 0.5415 -9.1443 4.8735
v -0.5415 -4 5.415
v -0.5415 -4.2708 5.6857
v 0.5415 -4.2708 5.6857
v 0.5415 -9.9565 0.2707
v -0.5415 -9.6858 0.2707
v -0.5415 -9.9565 0.2707
v -0.5415 -8.8735 4.8735
v -0.5415 -8.8735 5.1442
v 0.5415 -9.415 -0
v 0.5415 -9.6858 0.2707
v -2.7075 -4 -4.8735
v -2.4367 -3.7292 -4.8735
v 2.4367 -3.7292 -4.8735
v 2.7075 -4 -4.8735
v 0.5415 -2.1048 -4.8735
v 5.415 -1.2925 -4.332
v 5.9565 -0.2095 -3.7905
v 6.498 -1.2925 -3.249
v 6.498 -0.2095 -1.6245
v 6.498 -1.2925 -0
v 6.498 -2.3755 1.083
v 6.498 -1.2925 1.083
v 6.498 -3.4585 2.166
v 6.498 -3.4585 3.249
v 6.498 -2.3755 3.249
v 5.415 -4.5415 -4.332
v 5.9565 -3.4585 -3.7905
v 6.498 -4.5415 -3.249
v 6.498 -3.4585 -1.6245
v 6.498 -4.5415 -0
v 6.498 -5.6245 1.083
v 6.498 -4.5415 1.083
v 6.498 -6.7075 2.166
v 6.498 -6.7075 3.249
v 6.498 -5.6245 3.249
v -6.498 -1.2925 -3.249
v -5.9565 -0.2095 -3.7905
v -6.498 -4.5415 -3.249
v -5.9565 -3.4585 -3.7905
v -6.498 -3.4585 -1.6245
v -6.498 -0.2095 -1.6245
v -6.498 -4.5415 1.083
v -6.498 -5.6245 1.083
v -6.498 -4.5415 -0
v -6.498 -1.2925 1.083
v -6.498 -2.3755 1.083
v -6.498 -1.2925 -0
v -6.498 -5.6245 3.249
v -6.498 -6.7075 3.249
v -6.498 -6.7075 2.166
v -6.498 -2.3755 3.249
v -6.498 -3.4585 3.249
v -6.498 -3.4585 2.166
v -3.6551 -10.2273 -3.6551
v -3.7905 -8.8735 -3.7905
v -4.1966 -9.6858 -4.1966
v 3.6551 -10.2273 -3.6551
v 3.7905 -8.8735 -3.7905
v 4.1966 -9.6858 -4.1966
v 2.4367 -0.2095 -5.415
v 4.332 -1.834 -5.415
v -4.332 -1.834 -5.415
v 2.7075 -6.166 -5.415
v 4.332 -6.4367 -5.415
v 0 -8.332 -5.415
v 4.8735 -1.834 -4.8735
v -4.8735 -1.834 -4.8735
v 5.415 0.332 -0
v 0 1.415 -4.332
v -4.332 1.415 -0
v -4.332 -4 5.415
v -0.5415 -2.1048 -4.8735
v 2.7075 -4.2707 -4.8735
v 5.9565 -2.3755 -3.7905
v 6.498 -2.3755 -1.6245
v 6.498 -3.4585 1.083
v 6.498 -3.4585 5.415
v 6.498 -4.5415 4.332
v 5.9565 -5.6245 -3.7905
v 6.498 -5.6245 -1.6245
v 6.498 -6.7075 1.083
v 6.498 -6.7075 5.415
v 6.498 -7.7905 4.332
v -5.415 -1.2925 -4.332
v -5.9565 -2.3755 -3.7905
v -5.415 -4.5415 -4.332
v -5.9565 -5.6245 -3.7905
v -6.498 -5.6245 -1.6245
v -6.498 -2.3755 -1.6245
v -6.498 -6.7075 1.083
v -6.498 -3.4585 1.083
v -6.498 -7.7905 4.332
v -6.498 -6.7075 5.415
v -6.498 -4.5415 4.332
v -6.498 -3.4585 5.415
v -4.7381 -12.1225 -4.7381
v -4.8735 -10.7688 -4.8735
v -3.7905 -8.332 -3.7905
v 4.7381 -12.1225 -4.7381
v 4.8735 -10.7688 -4.8735
v 3.7905 -8.332 -3.7905
v -0.5415 -9.1443 5.1442
v -0.5415 -4.2708 5.9565
v 0.5415 -4 5.415
v -0.5415 -9.415 -0
v 5.9565 -2.3755 -3.7905
v 6.498 -2.3755 -1.6245
v 6.498 -3.4585 1.083
v 6.498 -4.5415 4.332
v 6.498 -3.4585 5.415
v 5.9565 -5.6245 -3.7905
v 6.498 -5.6245 -1.6245
v 6.498 -6.7075 1.083
v 6.498 -7.7905 4.332
v 6.498 -6.7075 5.415
v -5.9565 -2.3755 -3.7905
v -5.415 -1.2925 -4.332
v -5.9565 -5.6245 -3.7905
v -5.415 -4.5415 -4.332
v -6.498 -5.6245 -1.6245
v -6.498 -2.3755 -1.6245
v -6.498 -6.7075 1.083
v -6.498 -3.4585 1.083
v -6.498 -6.7075 5.415
v -6.498 -7.7905 4.332
v -6.498 -3.4585 5.415
v -6.498 -4.5415 4.332
v -3.7905 -8.332 -3.7905
v -4.8735 -10.7688 -4.8735
v -4.7381 -12.1225 -4.7381
v 3.7905 -8.332 -3.7905
v 4.8735 -10.7688 -4.8735
v 4.7381 -12.1225 -4.7381
v 6.498 -1.2925 -1.6245
v 6.498 -4.5415 -1.6245
v 5.9565 -4.5415 -3.7905
v 5.9565 -1.2925 -3.7905
v 5.9565 -4.5415 -3.7905
v -6.498 -1.2925 -1.6245
v -5.9565 -1.2925 -3.7905
v -4.8735 -8.8735 -0
v 6.498 -1.2925 -1.6245
v 6.498 -4.5415 -1.6245
v 0 0.8735 -4.8735
v 5.9565 -1.2925 -3.7905
v -6.498 -4.5415 -1.6245
v -6.498 -1.2925 -1.6245
v -5.9565 -4.5415 -3.7905
v -4.8735 -4 4.8735
v 2.4367 -1.9694 -5.415
v 0 0.8735 4.8735
v 4.8735 0.8735 -0
v 0 -8.8735 -4.8735
v 0 -4 5.415
v 4.8735 -8.8735 -0
v 0 -9.415 -0
v -5.9565 -4.5415 -3.7905
v -5.9565 -1.2925 -3.7905
v 4.8735 -4 4.8735
v -4.8735 0.8735 -0
v 5.415 -4 -0
v 0 -8.8735 4.8735
v 0 1.415 -0
v 0 -6.166 -5.415
v -2.4367 -1.9694 -5.415
v -5.415 -4 -0
v -6.498 -4.5415 -1.6245
v 2.166 0.332 -5.415
v 5.415 -6.166 4.332
v -5.415 -6.166 -4.332
v -2.166 -8.332 5.415
v 4.332 -9.415 2.166
v -2.166 0.332 -5.415
v 0.6769 -0.4802 -5.415
v -1.4891 -0.4802 -5.415
v 1.4891 -3.5939 -5.415
v -1.4891 -3.5939 -5.415
v -3.5197 -7.249 -5.415
v -4.332 -7.3844 -5.415
v -1.8953 -4.1354 -5.415
v 5.1443 -7.3844 -4.6028
v 5.1443 -7.249 -4.6028
v -5.1443 -7.249 -4.6028
v -5.1443 -7.3844 -4.6028
v 2.166 1.415 4.332
v -2.166 -9.415 -4.332
v -4.332 -9.415 2.166
v -5.415 0.332 -2.166
v -2.166 -9.415 4.332
v -5.415 -1.834 -4.332
v 2.166 -9.415 4.332
v -5.415 0.332 2.166
v 5.415 -6.166 -4.332
v -4.332 -9.415 -2.166
v 5.415 -8.332 2.166
v 4.332 1.415 -2.166
v 4.332 1.415 2.166
v -2.166 1.415 4.332
v -2.166 0.332 5.415
v 4.332 -6.166 5.415
v 3.1136 0.0613 -5.415
v 2.166 -9.415 -4.332
v -5.415 -1.834 4.332
v 4.6028 -5.4891 -5.1443
v 5.415 -1.834 -4.332
v -5.415 -8.332 2.166
v 4.332 -1.834 5.415
v 1.8953 -4.1354 -5.415
v 2.166 0.332 5.415
v -3.5197 -4.4061 -4.8735
v -5.415 -6.166 4.332
v 5.415 -8.332 -2.166
v 2.166 -8.332 5.415
v 5.415 -1.834 4.332
v 4.6028 -5.083 -5.1443
v 6.498 -0.2095 -0.8123
v 6.498 -1.834 1.6245
v 6.498 -2.917 3.7905
v -1.8953 -5.083 -5.415
v 6.498 -3.4585 -0.8123
v 6.498 -5.083 1.6245
v 6.498 -6.166 3.7905
v -3.3844 0.0613 -5.415
v -6.498 -3.4585 -0.8123
v -6.498 -0.2095 -0.8123
v -6.498 -5.083 1.6245
v -6.498 -1.834 1.6245
v -6.498 -6.166 3.7905
v -6.498 -2.917 3.7905
v 0.5415 -6.3014 5.9565
v -0.5415 -6.166 5.415
v -0.5415 -2.2401 5.8211
v 0.5415 -2.2401 5.8211
v 0.5415 -9.9565 -1.7599
v -0.5415 -9.8211 -1.7599
v -0.5415 -9.9565 -1.7599
v 0.5415 -9.415 -2.166
v 0.5415 -9.8211 -1.7599
v -1.8952 -4 -4.8735
v -3.3844 -3.8646 -4.8735
v 3.3844 -3.8646 -4.8735
v 1.8953 -4 -4.8735
v -4.6027 -5.4891 -5.1443
v -3.3844 -3.8646 -5.415
v 6.498 -0.2095 -0.8123
v 6.498 -1.834 1.6245
v 6.498 -2.917 3.7905
v -4.332 -5.4891 -5.415
v 4.332 -9.415 -2.166
v 6.498 -3.4585 -0.8123
v 6.498 -5.083 1.6245
v 6.498 -6.166 3.7905
v -4.6027 -5.083 -5.1443
v -3.5197 -4.4061 -5.415
v -6.498 -3.4585 -0.8123
v -6.498 -0.2095 -0.8123
v 3.3844 -3.8646 -5.415
v -6.498 -5.083 1.6245
v -6.498 -1.834 1.6245
v -6.498 -6.166 3.7905
v -6.498 -2.917 3.7905
v 1.4891 -0.4802 -5.415
v 4.332 -2.917 -5.415
v -4.332 -2.917 -5.415
v 3.5198 -7.249 -5.415
v 4.332 -7.3844 -5.415
v 2.166 -8.332 -5.415
v 5.1443 -0.751 -4.6028
v -5.1443 -0.751 -4.6028
v 5.415 0.332 2.166
v -2.166 1.415 -4.332
v -4.332 1.415 2.166
v -4.332 -6.166 5.415
v 3.5198 -4.4061 -4.8735
v 6.498 -2.3755 -0.8123
v 6.498 -4 1.6245
v 6.498 -4 5.9565
v 6.498 -4.5415 5.415
v 6.498 -5.6245 -0.8123
v 6.498 -7.249 1.6245
v 6.498 -7.249 5.9565
v 6.498 -7.7905 5.415
v -6.498 -5.6245 -0.8123
v -6.498 -2.3755 -0.8123
v -6.498 -7.249 1.6245
v -6.498 -4 1.6245
v -6.498 -7.7905 5.415
v -6.498 -6.166 4.8735
v -6.498 -4.5415 5.415
v -6.498 -2.917 4.8735
v -5.1443 -11.9871 -5.1443
v 5.1443 -11.9871 -5.1443
v -0.5415 -6.3014 5.9565
v 0.5415 -6.166 5.415
v -0.5415 -9.415 -2.166
v 6.498 -2.3755 -0.8123
v 6.498 -4 1.6245
v 6.498 -4.5415 5.415
v 6.498 -4 5.9565
v 6.498 -5.6245 -0.8123
v 6.498 -7.249 1.6245
v 6.498 -7.7905 5.415
v 6.498 -7.249 5.9565
v -6.498 -5.6245 -0.8123
v -6.498 -2.3755 -0.8123
v -6.498 -7.249 1.6245
v -6.498 -4 1.6245
v -6.498 -6.166 4.8735
v -6.498 -7.7905 5.415
v -6.498 -2.917 4.8735
v -6.498 -4.5415 5.415
v -5.1443 -11.9871 -5.1443
v 5.1443 -11.9871 -5.1443
v -5.415 -8.332 -2.166
v 3.5198 -4.4061 -5.415
v -1.8952 -4.1354 -4.8735
v 6.498 -0.2095 -2.4368
v 6.498 -0.751 0.5415
v 6.498 -4 2.7075
v 6.498 -3.4585 -2.4368
v 6.498 -4 0.5415
v 6.498 -7.249 2.7075
v -6.498 -3.4585 -2.4368
v -6.498 -0.2095 -2.4368
v -6.498 -4 0.5415
v -6.498 -0.751 0.5415
v -6.498 -7.249 2.7075
v -6.498 -4 2.7075
v 0.5415 -2.2401 5.9565
v -0.5415 -1.834 5.415
v -0.5415 -6.3014 5.5504
v 0.5415 -6.3014 5.5504
v 0.5415 -9.9565 2.3014
v -0.5415 -9.5504 2.3014
v -0.5415 -9.9565 2.3014
v 0.5415 -9.415 2.166
v 0.5415 -9.5504 2.3014
v -3.5197 -4 -4.8735
v -1.4891 -3.5939 -4.8735
v 1.4891 -3.5939 -4.8735
v 3.5198 -4 -4.8735
v 6.498 -0.2095 -2.4368
v 6.498 -0.751 0.5415
v 6.498 -4 2.7075
v 6.498 -3.4585 -2.4368
v 6.498 -4 0.5415
v 6.498 -7.249 2.7075
v -6.498 -3.4585 -2.4368
v -6.498 -0.2095 -2.4368
v -6.498 -4 0.5415
v -6.498 -0.751 0.5415
v -6.498 -7.249 2.7075
v -6.498 -4 2.7075
v 3.3844 0.0613 -5.415
v 4.332 -0.751 -5.415
v -4.332 -0.751 -5.415
v 1.8953 -5.083 -5.415
v 4.332 -5.4891 -5.415
v -2.166 -8.332 -5.415
v 4.6028 -2.917 -5.1443
v -4.6027 -2.917 -5.1443
v 5.415 0.332 -2.166
v 2.166 1.415 -4.332
v -4.332 1.415 -2.166
v -4.332 -1.834 5.415
v 1.8953 -4.1354 -4.8735
v 6.498 -2.3755 -2.4368
v 6.498 -2.917 0.5415
v 6.498 -2.917 4.8735
v 6.498 -4.5415 3.249
v 6.498 -5.6245 -2.4368
v 6.498 -6.166 0.5415
v 6.498 -6.166 4.8735
v 6.498 -7.7905 3.249
v -6.498 -5.6245 -2.4368
v -6.498 -2.3755 -2.4368
v -6.498 -6.166 0.5415
v -6.498 -2.917 0.5415
v -6.498 -7.7905 3.249
v -6.498 -7.249 5.9565
v -6.498 -4.5415 3.249
v -6.498 -4 5.9565
v -4.6028 -9.5504 -4.6028
v 4.6028 -9.5504 -4.6028
v -0.5415 -2.2401 5.9565
v 0.5415 -1.834 5.415
v -0.5415 -9.415 2.166
v 6.498 -2.3755 -2.4368
v 6.498 -2.917 0.5415
v 6.498 -4.5415 3.249
v 6.498 -2.917 4.8735
v 6.498 -5.6245 -2.4368
v 6.498 -6.166 0.5415
v 6.498 -7.7905 3.249
v 6.498 -6.166 4.8735
v -6.498 -5.6245 -2.4368
v -6.498 -2.3755 -2.4368
v -6.498 -6.166 0.5415
v -6.498 -2.917 0.5415
v -6.498 -7.249 5.9565
v -6.498 -7.7905 3.249
v -6.498 -4 5.9565
v -6.498 -4.5415 3.249
v -4.6028 -9.5504 -4.6028
v 4.6028 -9.5504 -4.6028
v 4.4674 -10.9041 -4.4674
v -4.4674 -10.9041 -4.4674
v -6.498 -4 3.7905
v -6.498 -3.4585 4.332
v -6.498 -4 4.8735
v -6.498 -7.249 3.7905
v -6.498 -6.7075 4.332
v -6.498 -7.249 4.8735
v -6.498 -2.917 1.6245
v -6.498 -6.166 1.6245
v 6.498 -6.7075 4.332
v 6.498 -7.249 3.7905
v 6.498 -7.249 4.8735
v 6.498 -6.166 1.6245
v 6.498 -3.4585 4.332
v 6.498 -4 3.7905
v 6.498 -4 4.8735
v 6.498 -2.917 1.6245
v 4.4674 -10.9041 -4.4674
v -4.4674 -10.9041 -4.4674
v -6.498 -3.4585 4.332
v -6.498 -4 3.7905
v -6.498 -4 4.8735
v -6.498 -6.7075 4.332
v -6.498 -7.249 3.7905
v -6.498 -7.249 4.8735
v -6.498 -2.917 1.6245
v -6.498 -6.166 1.6245
v 6.498 -7.249 3.7905
v 6.498 -6.7075 4.332
v 6.498 -7.249 4.8735
v 6.498 -6.166 1.6245
v 6.498 -4 3.7905
v 6.498 -3.4585 4.332
v 6.498 -4 4.8735
v 6.498 -2.917 1.6245
v -5.1443 -5.083 -4.6028
v -5.1443 -2.917 -4.6028
v -4.8735 -4 -4.8735
v -4.8735 -7.3844 -4.8735
v -4.6027 -7.3844 -5.1443
v -4.8735 -0.751 -4.8735
v -4.6027 -0.751 -5.1443
v 4.8735 -7.3844 -4.8735
v 4.6028 -7.3844 -5.1443
v 4.8735 -4 -4.8735
v 5.1443 -2.917 -4.6028
v 5.1443 -5.083 -4.6028
v 4.8735 -0.751 -4.8735
v 4.6028 -0.751 -5.1443
v 3.5198 -6.3014 -5.415
v 2.7075 -5.2184 -5.415
v 3.5198 -5.3537 -5.415
v -6.498 -2.917 2.7075
v -6.498 -6.166 2.7075
v -6.498 -1.834 0.5415
v -6.498 -5.083 0.5415
v 6.498 -1.2925 -2.4368
v 6.498 -1.2925 -0.8123
v 6.498 -4.5415 -2.4368
v 6.498 -4.5415 -0.8123
v 6.498 -6.166 2.7075
v 6.498 -5.083 0.5415
v 6.498 -2.917 2.7075
v 6.498 -1.834 0.5415
v -6.498 -1.2925 -2.4368
v -6.498 -1.2925 -0.8123
v -4.8735 -8.8735 -2.166
v -4.8735 -8.8735 2.166
v -6.498 -2.917 2.7075
v -6.498 -6.166 2.7075
v -6.498 -1.834 0.5415
v -6.498 -5.083 0.5415
v 6.498 -1.2925 -2.4368
v 6.498 -1.2925 -0.8123
v 6.498 -4.5415 -2.4368
v 6.498 -4.5415 -0.8123
v -2.166 0.8735 -4.8735
v 2.166 0.8735 -4.8735
v 6.498 -6.166 2.7075
v 6.498 -5.083 0.5415
v -6.498 -4.5415 -2.4368
v -6.498 -4.5415 -0.8123
v -6.498 -1.2925 -2.4368
v -6.498 -1.2925 -0.8123
v 6.498 -2.917 2.7075
v 6.498 -1.834 0.5415
v -4.8735 -1.834 4.8735
v -4.8735 -6.166 4.8735
v 2.4367 -2.8493 -5.415
v 2.4367 -1.0894 -5.415
v 1.4891 -2.0371 -5.415
v 3.3844 -1.9017 -5.415
v -2.166 0.8735 4.8735
v 2.166 0.8735 4.8735
v 4.8735 0.8735 -2.166
v 4.8735 0.8735 2.166
v -2.166 -8.8735 -4.8735
v 2.166 -8.8735 -4.8735
v 2.166 -4 5.415
v -2.166 -4 5.415
v 0 -1.834 5.415
v 0 -6.166 5.415
v 4.8735 -8.8735 2.166
v 4.8735 -8.8735 -2.166
v 0 -9.415 2.166
v 0 -9.415 -2.166
v -2.166 -9.415 -0
v 2.166 -9.415 -0
v 4.8735 -1.834 4.8735
v 4.8735 -6.166 4.8735
v -4.8735 0.8735 2.166
v -4.8735 0.8735 -2.166
v 5.415 -6.166 -0
v 5.415 -1.834 -0
v 5.415 -4 -2.166
v 5.415 -4 2.166
v -2.166 -8.8735 4.8735
v 2.166 -8.8735 4.8735
v 0 1.415 2.166
v 0 1.415 -2.166
v 2.166 1.415 -0
v -2.166 1.415 -0
v -2.7075 -5.2184 -5.415
v -3.5197 -6.3014 -5.415
v -3.5197 -5.3537 -5.415
v 0 -5.083 -5.415
v 0 -7.249 -5.415
v 1.3538 -6.166 -5.415
v -1.3538 -6.166 -5.415
v -1.4891 -2.0371 -5.415
v -3.3844 -1.9017 -5.415
v -2.4367 -2.8493 -5.415
v -2.4367 -1.0894 -5.415
v -1.2184 0.0613 -5.415
v 0.9476 0.0613 -5.415
v -0.2707 -0.2095 -5.415
v -5.415 -1.834 -0
v -5.415 -6.166 -0
v -5.415 -4 -2.166
v -5.415 -4 2.166
v -6.498 -4.5415 -2.4368
v -6.498 -4.5415 -0.8123
v -5.415 -6.166 2.166
v -5.415 -6.166 -2.166
v -5.415 -1.834 -2.166
v -3.3844 -0.9202 -5.415
v -3.3844 -2.8832 -5.415
v -1.7599 -7.249 -5.415
v 1.7599 -7.249 -5.415
v -2.166 1.415 -2.166
v 2.166 1.415 -2.166
v 2.166 1.415 2.166
v 5.415 -1.834 2.166
v 5.415 -1.834 -2.166
v 5.415 -6.166 -2.166
v 2.166 -9.415 -2.166
v -2.166 -9.415 -2.166
v -2.166 -9.415 2.166
v -2.166 -6.166 5.415
v -2.166 -1.834 5.415
v 2.166 -1.834 5.415
v 3.3844 -0.9202 -5.415
v 3.3844 -2.8832 -5.415
v 2.166 -6.166 5.415
v 2.166 -9.415 2.166
v 5.415 -6.166 2.166
v -2.166 1.415 2.166
v -5.415 -1.834 2.166
v 1.083 0.332 -5.415
v 5.415 -7.249 4.332
v -5.415 -5.083 -4.332
v -3.249 -8.332 5.415
v 4.332 -9.415 3.249
v -3.249 0.332 -5.415
v 1.083 1.415 4.332
v -3.249 -9.415 -4.332
v -4.332 -9.415 3.249
v -5.415 0.332 -1.083
v -3.249 -9.415 4.332
v -5.415 -0.751 -4.332
v 1.083 -9.415 4.332
v -5.415 0.332 3.249
v 5.415 -7.249 -4.332
v -4.332 -9.415 -1.083
v 5.415 -8.332 3.249
v 4.332 1.415 -3.249
v 4.332 1.415 1.083
v -3.249 1.415 4.332
v -3.249 0.332 5.415
v 4.332 -7.249 5.415
v 1.083 -9.415 -4.332
v -5.415 -0.751 4.332
v 5.415 -2.917 -4.332
v -5.415 -8.332 3.249
v 4.332 -2.917 5.415
v 1.083 0.332 5.415
v -5.415 -5.083 4.332
v 5.415 -8.332 -1.083
v 1.083 -8.332 5.415
v 5.415 -2.917 4.332
v 0.5415 -7.3167 5.9565
v -0.5415 -7.249 5.415
v -0.5415 -1.2248 5.8888
v 0.5415 -1.2248 5.8888
v 0.5415 -9.9565 -2.7752
v -0.5415 -9.8888 -2.7752
v -0.5415 -9.9565 -2.7752
v 0.5415 -9.415 -3.249
v 0.5415 -9.8888 -2.7752
v 4.332 -9.415 -1.083
v 3.249 -8.332 -5.415
v 5.415 0.332 3.249
v -3.249 1.415 -4.332
v -4.332 1.415 3.249
v -4.332 -7.249 5.415
v -0.5415 -7.3167 5.9565
v 0.5415 -7.249 5.415
v -0.5415 -9.415 -3.249
v -5.415 -8.332 -1.083
v 0.5415 -3.2554 5.9565
v -0.5415 -2.917 5.415
v -0.5415 -5.2861 5.6181
v 0.5415 -5.2861 5.6181
v 0.5415 -9.9565 1.2861
v -0.5415 -9.6181 1.2861
v -0.5415 -9.9565 1.2861
v 0.5415 -9.415 1.083
v 0.5415 -9.6181 1.2861
v -1.083 -8.332 -5.415
v 5.415 0.332 -1.083
v 1.083 1.415 -4.332
v -4.332 1.415 -1.083
v -4.332 -2.917 5.415
v -0.5415 -3.2554 5.9565
v 0.5415 -2.917 5.415
v -0.5415 -9.415 1.083
v -4.8735 -2.917 -4.8735
v 4.8735 -5.083 -4.8735
v -4.8735 -8.8735 -3.249
v -4.8735 -8.8735 1.083
v -3.249 0.8735 -4.8735
v 1.083 0.8735 -4.8735
v -4.8735 -0.751 4.8735
v -4.8735 -5.083 4.8735
v -3.249 0.8735 4.8735
v 1.083 0.8735 4.8735
v 4.8735 0.8735 -3.249
v 4.8735 0.8735 1.083
v -3.249 -8.8735 -4.8735
v 1.083 -8.8735 -4.8735
v 3.249 -4 5.415
v -1.083 -4 5.415
v 0 -0.751 5.415
v 0 -5.083 5.415
v 4.8735 -8.8735 3.249
v 4.8735 -8.8735 -1.083
v 0 -9.415 3.249
v 0 -9.415 -1.083
v -3.249 -9.415 -0
v 1.083 -9.415 -0
v 4.8735 -0.751 4.8735
v 4.8735 -5.083 4.8735
v -4.8735 0.8735 3.249
v -4.8735 0.8735 -1.083
v 5.415 -7.249 -0
v 5.415 -2.917 -0
v 5.415 -4 -3.249
v 5.415 -4 1.083
v -3.249 -8.8735 4.8735
v 1.083 -8.8735 4.8735
v 0 1.415 3.249
v 0 1.415 -1.083
v 3.249 1.415 -0
v -1.083 1.415 -0
v 0.8123 -0.2095 -5.415
v -5.415 -0.751 -0
v -5.415 -5.083 -0
v -5.415 -4 -3.249
v -5.415 -4 1.083
v 3.249 0.332 -5.415
v 5.415 -5.083 4.332
v -5.415 -7.249 -4.332
v -1.083 -8.332 5.415
v 4.332 -9.415 1.083
v -1.083 0.332 -5.415
v 3.249 1.415 4.332
v -1.083 -9.415 -4.332
v -4.332 -9.415 1.083
v -5.415 0.332 -3.249
v -1.083 -9.415 4.332
v -5.415 -2.917 -4.332
v 3.249 -9.415 4.332
v -5.415 0.332 1.083
v 5.415 -5.083 -4.332
v -4.332 -9.415 -3.249
v 5.415 -8.332 1.083
v 4.332 1.415 -1.083
v 4.332 1.415 3.249
v -1.083 1.415 4.332
v -1.083 0.332 5.415
v 4.332 -5.083 5.415
v 3.249 -9.415 -4.332
v -5.415 -2.917 4.332
v 5.415 -0.751 -4.332
v -5.415 -8.332 1.083
v 4.332 -0.751 5.415
v 3.249 0.332 5.415
v -5.415 -7.249 4.332
v 5.415 -8.332 -3.249
v 3.249 -8.332 5.415
v 5.415 -0.751 4.332
v 0.5415 -5.2861 5.9565
v -0.5415 -5.083 5.415
v -0.5415 -3.2554 5.7534
v 0.5415 -3.2554 5.7534
v 0.5415 -9.9565 -0.7446
v -0.5415 -9.7534 -0.7446
v -0.5415 -9.9565 -0.7446
v 0.5415 -9.415 -1.083
v 0.5415 -9.7534 -0.7446
v 4.332 -9.415 -3.249
v 1.083 -8.332 -5.415
v 5.415 0.332 1.083
v -1.083 1.415 -4.332
v -4.332 1.415 1.083
v -4.332 -5.083 5.415
v -0.5415 -5.2861 5.9565
v 0.5415 -5.083 5.415
v -0.5415 -9.415 -1.083
v -5.415 -8.332 -3.249
v 0.5415 -1.2248 5.9565
v -0.5415 -0.751 5.415
v -0.5415 -7.3167 5.4827
v 0.5415 -7.3167 5.4827
v 0.5415 -9.9565 3.3167
v -0.5415 -9.4827 3.3167
v -0.5415 -9.9565 3.3167
v 0.5415 -9.415 3.249
v 0.5415 -9.4827 3.3167
v -3.249 -8.332 -5.415
v 5.415 0.332 -3.249
v 3.249 1.415 -4.332
v -4.332 1.415 -3.249
v -4.332 -0.751 5.415
v -0.5415 -1.2248 5.9565
v 0.5415 -0.751 5.415
v -0.5415 -9.415 3.249
v -4.8735 -5.083 -4.8735
v 4.8735 -2.917 -4.8735
v -4.8735 -8.8735 -1.083
v -4.8735 -8.8735 3.249
v -1.083 0.8735 -4.8735
v 3.249 0.8735 -4.8735
v -4.8735 -2.917 4.8735
v -4.8735 -7.249 4.8735
v -1.083 0.8735 4.8735
v 3.249 0.8735 4.8735
v 4.8735 0.8735 -1.083
v 4.8735 0.8735 3.249
v -1.083 -8.8735 -4.8735
v 3.249 -8.8735 -4.8735
v 1.083 -4 5.415
v -3.249 -4 5.415
v 0 -2.917 5.415
v 0 -7.249 5.415
v 4.8735 -8.8735 1.083
v 4.8735 -8.8735 -3.249
v 0 -9.415 1.083
v 0 -9.415 -3.249
v -1.083 -9.415 -0
v 3.249 -9.415 -0
v 4.8735 -2.917 4.8735
v 4.8735 -7.249 4.8735
v -4.8735 0.8735 1.083
v -4.8735 0.8735 -3.249
v 5.415 -5.083 -0
v 5.415 -0.751 -0
v 5.415 -4 -1.083
v 5.415 -4 3.249
v -1.083 -8.8735 4.8735
v 3.249 -8.8735 4.8735
v 0 1.415 1.083
v 0 1.415 -3.249
v 1.083 1.415 -0
v -3.249 1.415 -0
v -1.3538 -0.2095 -5.415
v -5.415 -2.917 -0
v -5.415 -7.249 -0
v -5.415 -4 -1.083
v -5.415 -4 3.249
v -5.415 -5.083 2.166
v -5.415 -7.249 2.166
v -5.415 -6.166 1.083
v -5.415 -6.166 3.249
v -5.415 -5.083 -2.166
v -5.415 -7.249 -2.166
v -5.415 -6.166 -3.249
v -5.415 -6.166 -1.083
v -5.415 -0.751 -2.166
v -5.415 -2.917 -2.166
v -5.415 -1.834 -3.249
v -5.415 -1.834 -1.083
v -0.4061 -0.4802 -5.415
v -0.1354 0.0613 -5.415
v -2.3014 0.0613 -5.415
v -1.4891 -2.8155 -5.415
v -0.8799 -7.249 -5.415
v -2.6398 -7.249 -5.415
v 2.6398 -7.249 -5.415
v 0.8799 -7.249 -5.415
v 0.6769 -5.6245 -5.415
v 0.9476 -5.083 -5.415
v -2.166 1.415 -1.083
v -2.166 1.415 -3.249
v -1.083 1.415 -2.166
v -3.249 1.415 -2.166
v 2.166 1.415 -1.083
v 2.166 1.415 -3.249
v 3.249 1.415 -2.166
v 1.083 1.415 -2.166
v 2.166 1.415 3.249
v 2.166 1.415 1.083
v 3.249 1.415 2.166
v 1.083 1.415 2.166
v 5.415 -2.917 2.166
v 5.415 -0.751 2.166
v 5.415 -1.834 1.083
v 5.415 -1.834 3.249
v 5.415 -2.917 -2.166
v 5.415 -0.751 -2.166
v 5.415 -1.834 -3.249
v 5.415 -1.834 -1.083
v 5.415 -7.249 -2.166
v 5.415 -5.083 -2.166
v 5.415 -6.166 -3.249
v 5.415 -6.166 -1.083
v 2.166 -9.415 -1.083
v 2.166 -9.415 -3.249
v 1.083 -9.415 -2.166
v 3.249 -9.415 -2.166
v -2.166 -9.415 -1.083
v -2.166 -9.415 -3.249
v -3.249 -9.415 -2.166
v -1.083 -9.415 -2.166
v -2.166 -9.415 3.249
v -2.166 -9.415 1.083
v -3.249 -9.415 2.166
v -1.083 -9.415 2.166
v -1.083 -6.166 5.415
v -3.249 -6.166 5.415
v -2.166 -5.083 5.415
v -2.166 -7.249 5.415
v -1.083 -1.834 5.415
v -3.249 -1.834 5.415
v -2.166 -0.751 5.415
v -2.166 -2.917 5.415
v 3.249 -1.834 5.415
v 1.083 -1.834 5.415
v 2.166 -0.751 5.415
v 2.166 -2.917 5.415
v 1.4891 -1.2587 -5.415
v 1.4891 -2.8155 -5.415
v 5.1443 -6.166 -4.6028
v 5.1443 -4 -4.6028
v 4.6028 -4 -5.1443
v -4.6027 -4 -5.1443
v -5.1443 -4 -4.6028
v -5.1443 -6.166 -4.6028
v -5.1443 -1.834 -4.6028
v 5.1443 -1.834 -4.6028
v 3.249 -6.166 5.415
v 1.083 -6.166 5.415
v 2.166 -5.083 5.415
v 2.166 -7.249 5.415
v 2.166 -9.415 3.249
v 2.166 -9.415 1.083
v 1.083 -9.415 2.166
v 3.249 -9.415 2.166
v 5.415 -7.249 2.166
v 5.415 -5.083 2.166
v 5.415 -6.166 1.083
v 5.415 -6.166 3.249
v -2.166 1.415 3.249
v -2.166 1.415 1.083
v -1.083 1.415 2.166
v -3.249 1.415 2.166
v -0.6769 -5.6245 -5.415
v -0.9476 -5.083 -5.415
v -1.4891 -1.2587 -5.415
v 2.0306 0.0613 -5.415
v -5.415 -0.751 2.166
v -5.415 -2.917 2.166
v -5.415 -1.834 1.083
v -5.415 -1.834 3.249
v -5.415 -2.917 3.249
v -5.415 -2.917 1.083
v -5.415 -0.751 1.083
v -3.249 1.415 1.083
v -1.083 1.415 1.083
v -1.083 1.415 3.249
v 5.415 -5.083 3.249
v 5.415 -5.083 1.083
v 5.415 -7.249 1.083
v 3.249 -9.415 1.083
v 1.083 -9.415 1.083
v 1.083 -9.415 3.249
v 1.083 -7.249 5.415
v 1.083 -5.083 5.415
v 3.249 -5.083 5.415
v 1.083 -2.917 5.415
v 1.083 -0.751 5.415
v 3.249 -0.751 5.415
v -3.249 -2.917 5.415
v -3.249 -0.751 5.415
v -1.083 -0.751 5.415
v -3.249 -7.249 5.415
v -3.249 -5.083 5.415
v -1.083 -5.083 5.415
v -1.083 -9.415 1.083
v -3.249 -9.415 1.083
v -3.249 -9.415 3.249
v -1.083 -9.415 -3.249
v -3.249 -9.415 -3.249
v -3.249 -9.415 -1.083
v 3.249 -9.415 -3.249
v 1.083 -9.415 -3.249
v 1.083 -9.415 -1.083
v 5.415 -5.083 -1.083
v 5.415 -5.083 -3.249
v 5.415 -7.249 -3.249
v 5.415 -0.751 -1.083
v 5.415 -0.751 -3.249
v 5.415 -2.917 -3.249
v 5.415 -0.751 3.249
v 5.415 -0.751 1.083
v 5.415 -2.917 1.083
v 1.083 1.415 1.083
v 3.249 1.415 1.083
v 3.249 1.415 3.249
v 1.083 1.415 -3.249
v 3.249 1.415 -3.249
v 3.249 1.415 -1.083
v -3.249 1.415 -3.249
v -1.083 1.415 -3.249
v -1.083 1.415 -1.083
v -5.415 -2.917 -1.083
v -5.415 -2.917 -3.249
v -5.415 -0.751 -3.249
v -5.415 -7.249 -1.083
v -5.415 -7.249 -3.249
v -5.415 -5.083 -3.249
v -5.415 -7.249 3.249
v -5.415 -7.249 1.083
v -5.415 -5.083 1.083
v -5.415 -5.083 3.249
v -5.415 -5.083 -1.083
v -5.415 -0.751 -1.083
v -3.249 1.415 -1.083
v 1.083 1.415 -1.083
v 1.083 1.415 3.249
v 5.415 -2.917 3.249
v 5.415 -2.917 -1.083
v 5.415 -7.249 -1.083
v 3.249 -9.415 -1.083
v -1.083 -9.415 -1.083
v -1.083 -9.415 3.249
v -1.083 -7.249 5.415
v -1.083 -2.917 5.415
v 3.249 -2.917 5.415
v 3.249 -7.249 5.415
v 3.249 -9.415 3.249
v 5.415 -7.249 3.249
v -3.249 1.415 3.249
v -5.415 -0.751 3.249
vt 0.7237 0.3077
vt 0.7303 0.3269
vt 0.7171 0.3269
vt 0.1776 0.2692
vt 0.1579 0.2308
vt 0.1776 0.2308
vt 0.7368 0.6538
vt 0.7303 0.6731
vt 0.7237 0.6538
vt 0.0263 0.3846
vt 0.0526 0.3462
vt 0.0526 0.3846
vt 0.5066 0.8654
vt 0.4868 0.8462
vt 0.5066 0.8462
vt 0.5 0.6538
vt 0.4934 0.6731
vt 0.4868 0.6538
vt 0.4441 0.3558
vt 0.4474 0.3462
vt 0.4737 0.3462
vt 0.3092 0.4279
vt 0.3092 0.3966
vt 0.3322 0.4303
vt 0.3684 0.5769
vt 0.352 0.5577
vt 0.3684 0.5385
vt 0.2632 0.6538
vt 0.2632 0.6202
vt 0.2829 0.6154
vt 0.4934 0.6202
vt 0.4934 0.6154
vt 0.2434 0.6154
vt 0.2434 0.6202
vt 0.2368 0.6538
vt 0.2632 0.0385
vt 0.2895 0
vt 0.2895 0.0385
vt 0.7632 0.6731
vt 0.7632 0.6538
vt 0.6842 0.6154
vt 0.7105 0.6538
vt 0.6842 0.6538
vt 0.2105 0.3269
vt 0.2368 0.3462
vt 0.2105 0.3462
vt 0.6283 0.8269
vt 0.6053 0.8077
vt 0.6283 0.8077
vt 0.6053 0.7596
vt 0.6184 0.7115
vt 0.6184 0.7596
vt 0.7105 0.6154
vt 0.7237 0.6154
vt 0.2434 0.3269
vt 0.25 0.3462
vt 0.25 0.1923
vt 0.2368 0.2308
vt 0.2368 0.1923
vt 0.25 0.2692
vt 0.2632 0.2308
vt 0.25 0.2308
vt 0.0132 0.3077
vt 0.0197 0.3269
vt 0.0066 0.3269
vt 0.4474 0.9615
vt 0.4737 1
vt 0.4474 1
vt 0.7105 0.6731
vt 0.6842 0.6731
vt 0.5 0.3462
vt 0.4868 0.3462
vt 0.4934 0.3269
vt 0.0263 0.6538
vt 0.0197 0.6731
vt 0.0132 0.6538
vt 0.7368 0.6154
vt 0.7632 0.6154
vt 0.25 0.6538
vt 0.2434 0.6731
vt 0.6974 0.8462
vt 0.7105 0.8269
vt 0.7105 0.8462
vt 0.6053 0.8269
vt 0.5921 0.8462
vt 0.5855 0.8365
vt 0.4868 0.8269
vt 0.4737 0.8462
vt 0.4737 0.8269
vt 0.9868 0.8269
vt 0.9605 0.7909
vt 0.9868 0.7909
vt 0.4737 0.6731
vt 0.4474 0.6923
vt 0.4474 0.6731
vt 0.5263 0.3269
vt 0.5 0.3269
vt 0.5099 0.8077
vt 0.4868 0.8077
vt 0.6776 0.8462
vt 0.6974 0.8654
vt 0.6776 0.8654
vt 0.7368 0.3269
vt 0.7632 0.3077
vt 0.7632 0.3269
vt 0.6053 0.7115
vt 0.5789 0.6923
vt 0.6053 0.6923
vt 0.4737 0.4615
vt 0.4507 0.4952
vt 0.4507 0.4603
vt 0 0.3846
vt 0.0132 0.3462
vt 0.0132 0.3846
vt 0.25 0.3077
vt 0.2368 0.2692
vt 0.6053 0.1923
vt 0.6184 0.1538
vt 0.6316 0.1538
vt 0.6711 0.1731
vt 0.6579 0.1538
vt 0.6842 0.1538
vt 0.1776 0.1923
vt 0.1579 0.1538
vt 0.1776 0.1538
vt 0.2171 0.2692
vt 0.2368 0.3077
vt 0.6053 0.2692
vt 0.6184 0.2308
vt 0.6316 0.2308
vt 0.6711 0.25
vt 0.6579 0.2308
vt 0.6842 0.2308
vt 0.5 0.1923
vt 0.4868 0.1538
vt 0.4868 0.1923
vt 0.4737 0.3269
vt 0.4474 0.3269
vt 0.5197 0.2692
vt 0.5 0.3077
vt 0.5 0.2692
vt 0.5592 0.1923
vt 0.5789 0.1538
vt 0.5592 0.1538
vt 0.1579 0.3077
vt 0.1447 0.2692
vt 0.1579 0.2692
vt 0.1447 0.1923
vt 0.1579 0.1923
vt 0.0921 0.2885
vt 0.1053 0.2692
vt 0.1053 0.3077
vt 0.0921 0.2115
vt 0.1053 0.1923
vt 0.1053 0.2308
vt 0.25 0.7692
vt 0.2434 0.7308
vt 0.2566 0.75
vt 0.0263 0.6731
vt 0.0526 0.6538
vt 0.0526 0.6731
vt 0.9868 0.5
vt 0.9605 0.5385
vt 0.9605 0.5
vt 0.9539 0.5096
vt 0.9474 0.5192
vt 0.9474 0.5
vt 0.9868 0.1731
vt 1 0.1923
vt 0.9885 0.2091
vt 0.5789 0.7596
vt 0.5658 0.8077
vt 0.5658 0.7596
vt 0.9589 0.2091
vt 0.9605 0.1731
vt 0.9605 0.2091
vt 0.9605 0.1538
vt 0.9868 0.1538
vt 0.9885 0.7909
vt 0.9934 0.4904
vt 1 0.4808
vt 1 0.5
vt 0.9605 0.8269
vt 0.9474 0.8077
vt 0.9589 0.7909
vt 0.9868 0.4615
vt 0.9605 0.4255
vt 0.9868 0.4255
vt 0.5066 0.8317
vt 0.5099 0.8269
vt 0.6184 0.8462
vt 0.6382 0.8413
vt 0.9868 0.8462
vt 0.9605 0.8462
vt 0.2632 0.1538
vt 0.25 0.1538
vt 0.2171 0.1923
vt 0.5789 0.2308
vt 0.5921 0.1923
vt 0.5789 0.1923
vt 0.6447 0.2115
vt 0.6316 0.1923
vt 0.4868 0.3077
vt 0.4737 0.2692
vt 0.4868 0.2692
vt 0.6184 0.8654
vt 0.5921 0.8654
vt 0.5789 0.3077
vt 0.5921 0.2692
vt 0.5789 0.2692
vt 0.6447 0.2885
vt 0.6316 0.2692
vt 0.6316 0.3077
vt 0.4868 0.2308
vt 0.4737 0.1923
vt 0.5 0.2308
vt 0.5592 0.2692
vt 0.5592 0.2308
vt 0.5197 0.1923
vt 0.1316 0.2692
vt 0.1184 0.2308
vt 0.1316 0.1923
vt 0.1184 0.1538
vt 0.1053 0.1538
vt 0.0658 0.25
vt 0.0789 0.2308
vt 0.0526 0.2308
vt 0.0658 0.1731
vt 0.0789 0.1538
vt 0.0526 0.1538
vt 0.2632 0.7308
vt 0.25 0.7115
vt 0.0263 0.2692
vt 0.0132 0.2885
vt 0.0395 0.2885
vt 0.6053 0.2308
vt 0.2303 0.7596
vt 0.2401 0.7644
vt 0.3816 0.3846
vt 0.3849 0.375
vt 0.4046 0.375
vt 0.227 0.7933
vt 0.2368 0.7981
vt 0.5789 0.8077
vt 0.3947 0.5
vt 0.4145 0.5048
vt 0.4145 0.5385
vt 0.4737 0.4231
vt 0.4803 0.4615
vt 0.5 0.3846
vt 0.4934 0.3846
vt 0.4868 0.6202
vt 0.4868 0.5865
vt 0.2434 0.3846
vt 0.25 0.3846
vt 0.25 0.4231
vt 0.2632 0.5865
vt 0.2566 0.5529
vt 0.2632 0.5529
vt 0.2368 0.3846
vt 1 0.6538
vt 0.9934 0.6827
vt 0.9951 0.6466
vt 0.6776 0.8317
vt 0.6579 0.8462
vt 0.6579 0.8365
vt 0.6184 0.1923
vt 1 0.5192
vt 0.2368 0.6923
vt 0.25 0.6923
vt 0.1447 0.2308
vt 0.6842 0.2308
vt 0.7105 0.2308
vt 0.6974 0.2115
vt 0.6184 0.2692
vt 0.5461 0.8462
vt 0.5263 0.8365
vt 0.5461 0.8413
vt 0.9868 0.3534
vt 0.9934 0.3173
vt 0.9951 0.3534
vt 0.5789 0.8269
vt 0.5658 0.8462
vt 0.9474 0.4808
vt 0.9474 0.3462
vt 0.9539 0.3173
vt 0.9523 0.3534
vt 0.2632 0.6923
vt 0.2336 0.726
vt 0.9605 0.6466
vt 0.9539 0.6827
vt 0.9523 0.6466
vt 0.0789 0.1923
vt 0.0658 0.2115
vt 0.6053 0.3077
vt 0.1316 0.2308
vt 0.6974 0.1731
vt 0.6579 0.2692
vt 0.6842 0.2692
vt 0.0789 0.2692
vt 0.0658 0.2885
vt 0.6974 0.25
vt 0.6579 0.1923
vt 0.6711 0.2115
vt 0.6842 0.1923
vt 0.1184 0.1923
vt 0.0526 0.2692
vt 0.1184 0.3077
vt 0.1316 0.3077
vt 0.1447 0.3077
vt 0.0789 0.3077
vt 0.0789 0.2308
vt 0.2237 0.8269
vt 0.9868 0.2091
vt 0.9474 0.1923
vt 1 0.8077
vt 0.0526 0.1923
vt 0.6382 0.8462
vt 0.1184 0.2692
vt 0.5921 0.2308
vt 0.6579 0.2308
vt 0.6711 0.2885
vt 0.5921 0.3077
vt 0.6579 0.3077
vt 0.6184 0.3077
vt 0.6842 0.3077
vt 0.7105 0.3077
vt 0.6974 0.2885
vt 0.0263 0.1923
vt 0.0132 0.2115
vt 0.0395 0.2115
vt 0.0395 0.25
vt 0.0395 0.1731
vt 0.0526 0.2308
vt 0.0263 0.2308
vt 0.0526 0.3077
vt 0.0263 0.3077
vt 0.7105 0.2692
vt 0.7237 0.2885
vt 0.7105 0.1923
vt 0.7237 0.2115
vt 0.2434 0.5385
vt 0.2368 0.5385
vt 0.2368 0.5
vt 0.2434 0.5
vt 0.2566 0.4615
vt 0.25 0.4615
vt 0.25 0.6202
vt 0.2566 0.6202
vt 0.2632 0.4615
vt 0.2632 0.5
vt 0.2566 0.3846
vt 0.2632 0.3846
vt 0.2632 0.4231
vt 0.4803 0.5529
vt 0.4737 0.5529
vt 0.4737 0.5192
vt 0.4803 0.6202
vt 0.4737 0.6202
vt 0.4737 0.5865
vt 0.4868 0.4615
vt 0.4868 0.4231
vt 0.4934 0.4615
vt 0.5 0.5385
vt 0.4934 0.5385
vt 0.5 0.5
vt 0.4868 0.3846
vt 0.4803 0.3846
vt 0.4737 0.3846
vt 0.4342 0.5769
vt 0.4539 0.5817
vt 0.4539 0.6154
vt 0.4342 0.5433
vt 0.4342 0.5096
vt 0.4539 0.5144
vt 0.4539 0.5481
vt 0.4276 0.3654
vt 0.4507 0.3558
vt 0.0921 0.1731
vt 0.0921 0.25
vt 0.1447 0.1538
vt 0.1316 0.1538
vt 0.5197 0.1538
vt 0.5 0.1538
vt 0.5395 0.1923
vt 0.5395 0.1538
vt 0.5395 0.2308
vt 0.5197 0.2308
vt 0.5197 0.3077
vt 0.5395 0.2692
vt 0.5592 0.3077
vt 0.4737 0.2308
vt 0.4737 0.3077
vt 0.4737 0.1538
vt 0.6447 0.25
vt 0.5658 0.8654
vt 0.6447 0.1731
vt 0.5921 0.1538
vt 0.6053 0.1538
vt 0.2171 0.1538
vt 0.2368 0.1538
vt 0.1974 0.1923
vt 0.1974 0.1538
vt 0.1974 0.2308
vt 0.2632 0.1923
vt 0.6743 0.8269
vt 0.5329 0.8269
vt 0.5559 0.8269
vt 0.9868 0.3173
vt 0.9605 0.2812
vt 0.9868 0.2812
vt 0.9474 0.6538
vt 0.9868 0.6466
vt 0.9605 0.3534
vt 0.5789 0.7115
vt 0.5658 0.7115
vt 1 0.3462
vt 0.9605 0.4615
vt 0.1316 0.6731
vt 0.1579 0.6538
vt 0.1579 0.6731
vt 0.1316 0.6923
vt 0.1579 0.6923
vt 0.0263 0.6923
vt 0.0526 0.6923
vt 0.5395 0.3077
vt 0.3684 0.3269
vt 0.3421 0.3462
vt 0.3421 0.3269
vt 0.3684 0.3077
vt 0.3421 0.3077
vt 0.4474 0.3077
vt 0.2171 0.2308
vt 0.1974 0.2692
vt 0.1974 0.3077
vt 0.2632 0.2692
vt 0.0263 0.3462
vt 0.0132 0.5385
vt 0.0263 0.5
vt 0.0263 0.5385
vt 0 0.5385
vt 0.0132 0.5
vt 0.4046 0.4303
vt 0.4276 0.4279
vt 0.4276 0.4591
vt 0.4276 0.3966
vt 0.4507 0.3906
vt 0.4507 0.4255
vt 0.8421 0.3269
vt 0.8684 0.3077
vt 0.8684 0.3269
vt 0.8421 0.3462
vt 0.8684 0.3462
vt 0.7368 0.3462
vt 0.7632 0.3462
vt 0.6579 0.8654
vt 0.6382 0.8654
vt 0.5559 0.8077
vt 0.5329 0.8077
vt 0.5263 0.3077
vt 0.6316 0.3077
vt 0.6053 0.3269
vt 0.6316 0.3269
vt 0.6053 0.3462
vt 0.3684 0.6731
vt 0.3421 0.6923
vt 0.3421 0.6731
vt 0.3684 0.6538
vt 0.3421 0.6538
vt 0.4737 0.6538
vt 0.4474 0.6538
vt 0.9868 0.6827
vt 0.2566 0.6731
vt 0.7632 0.5
vt 0.7368 0.4615
vt 0.7632 0.4615
vt 0.8684 0.5
vt 0.8421 0.4615
vt 0.8684 0.4615
vt 0.8684 0.6538
vt 0.8421 0.6154
vt 0.8684 0.6154
vt 0.0066 0.6731
vt 0 0.6538
vt 0.0132 0.6923
vt 0.4803 0.3269
vt 0.7105 0.6923
vt 0.6842 0.6923
vt 0.5789 0.6731
vt 0.5789 0.6923
vt 0.5789 0.6538
vt 0.6053 0.6731
vt 0.3684 0.9615
vt 0.3421 1
vt 0.3421 0.9615
vt 0.3684 0.8077
vt 0.3421 0.8462
vt 0.3421 0.8077
vt 0.4474 0.8077
vt 0.4474 0.8462
vt -0 0.3462
vt 0.2566 0.3269
vt 0.2632 0.3462
vt 0.7237 0.5
vt 0.7105 0.4615
vt 0.7237 0.4615
vt 0.7368 0.5
vt 0.6184 0.8077
vt 0.6513 0.8077
vt 0.6743 0.8077
vt 0.1316 0.3269
vt 0.1053 0.3462
vt 0.1053 0.3269
vt 0.1053 0.3077
vt 0.2105 0.3077
vt 0.5789 0.6154
vt 0.6053 0.6538
vt 0.5789 0.4615
vt 0.6053 0.5
vt 0.5789 0.5
vt 0.6842 0.4615
vt 0.7105 0.5
vt 0.6842 0.5
vt 0.8421 0.6731
vt 0.8684 0.6731
vt 0.8421 0.6923
vt 0.8684 0.6923
vt 0.7368 0.6923
vt 0.7632 0.6923
vt 0.3684 0.0385
vt 0.3947 0
vt 0.3947 0.0385
vt 0.3684 0.1923
vt 0.3947 0.1538
vt 0.3947 0.1923
vt 0.2895 0.1538
vt 0.2895 0.1923
vt 0.25 0.5769
vt 0.2566 0.5385
vt 0.4868 0.5769
vt 0.3026 0.5769
vt 0.3026 0.5433
vt 0.3224 0.5385
vt 0.2829 0.5817
vt 0.2829 0.5481
vt 0.4013 0.5769
vt 0.3898 0.6154
vt 0.3043 0.6154
vt 0.3092 0.4904
vt 0.3092 0.4591
vt 0.3322 0.4856
vt 0.2862 0.4603
vt 0.2862 0.3906
vt 0.3092 0.3654
vt 0.3388 0.3558
vt 0.3684 0.3462
vt 0.3651 0.3558
vt 0.3882 0.3654
vt 0.4145 0.3654
vt 0.4803 0.6731
vt 0.4868 0.6923
vt 0.5461 0.8654
vt 0.5263 0.8462
vt 0.1316 0.3846
vt 0.1579 0.3462
vt 0.1579 0.3846
vt 0.1316 0.5385
vt 0.1579 0.5
vt 0.1579 0.5385
vt 0.0526 0.5
vt 0.0526 0.5385
vt 0.7171 0.6731
vt 0.7237 0.6923
vt 0.2171 0.3077
vt 0.1776 0.3077
vt 0.7237 0.3462
vt 0.7105 0.3462
vt 0.0789 0.5385
vt 0.1053 0.5
vt 0.1053 0.5385
vt 0.0789 0.6154
vt 0.1053 0.5769
vt 0.1053 0.6154
vt 0.0263 0.6154
vt 0.0526 0.5769
vt 0.0526 0.6154
vt 0.1842 0.5385
vt 0.2105 0.5
vt 0.2105 0.5385
vt 0.1842 0.6154
vt 0.2105 0.5769
vt 0.2105 0.6154
vt 0.1316 0.6154
vt 0.1579 0.5769
vt 0.1579 0.6154
vt 0.1842 0.3846
vt 0.2105 0.3846
vt 0.1842 0.4615
vt 0.2105 0.4231
vt 0.2105 0.4615
vt 0.1316 0.4615
vt 0.1579 0.4231
vt 0.1579 0.4615
vt 0.3322 0.375
vt 0.3355 0.3654
vt 0.3618 0.3654
vt 0.3586 0.375
vt 0.3553 0.3846
vt 0.3914 0.3558
vt 0.2862 0.3558
vt 0.2895 0.3462
vt 0.3158 0.3462
vt 0.3125 0.3558
vt 0.2862 0.4255
vt 0.2862 0.4952
vt 0.3322 0.4579
vt 0.3553 0.4327
vt 0.347 0.6154
vt 0.3355 0.5769
vt 0.3257 0.6154
vt 0.2895 0.6538
vt 0.4112 0.6154
vt 0.4211 0.6538
vt 0.4326 0.6154
vt 0.3947 0.6538
vt 0.3914 0.5385
vt 0.3849 0.5577
vt 0.3684 0.5
vt 0.2829 0.5144
vt 0.3026 0.5096
vt 0.2632 0.5192
vt 0.3224 0.5048
vt 0.3421 0.5
vt 0.4803 0.5385
vt 0.3158 0.1923
vt 0.3421 0.1538
vt 0.3421 0.1923
vt 0.3158 0.2692
vt 0.3421 0.2308
vt 0.3421 0.2692
vt 0.2895 0.2308
vt 0.2895 0.2692
vt 0.4211 0.1923
vt 0.4474 0.1538
vt 0.4474 0.1923
vt 0.4211 0.2692
vt 0.4474 0.2308
vt 0.4474 0.2692
vt 0.3684 0.2692
vt 0.3947 0.2308
vt 0.3947 0.2692
vt 0.4211 0.0385
vt 0.4474 0
vt 0.4474 0.0385
vt 0.4211 0.1154
vt 0.4474 0.0769
vt 0.4474 0.1154
vt 0.3684 0.1154
vt 0.3947 0.0769
vt 0.3947 0.1154
vt 0.7895 0.6923
vt 0.8158 0.6731
vt 0.8158 0.6923
vt 0.8947 0.6923
vt 0.9211 0.6731
vt 0.9211 0.6923
vt 0.8947 0.6731
vt 0.9211 0.6538
vt 0.6579 0.4615
vt 0.6316 0.5
vt 0.6316 0.4615
vt 0.6316 0.3846
vt 0.6579 0.4231
vt 0.6316 0.4231
vt 0.7105 0.3846
vt 0.6842 0.4231
vt 0.6842 0.3846
vt 0.5526 0.4615
vt 0.5263 0.5
vt 0.5263 0.4615
vt 0.5526 0.3846
vt 0.5263 0.4231
vt 0.5263 0.3846
vt 0.6053 0.3846
vt 0.5789 0.4231
vt 0.5789 0.3846
vt 0.5263 0.6154
vt 0.5526 0.6538
vt 0.5263 0.6538
vt 0.5263 0.5385
vt 0.5526 0.5769
vt 0.5263 0.5769
vt 0.6053 0.5385
vt 0.5789 0.5769
vt 0.5789 0.5385
vt 0.1579 0.3077
vt 0.1842 0.3269
vt 0.1579 0.3269
vt 0.0789 0.3077
vt 0.0526 0.3269
vt 0.0526 0.3077
vt 0.0789 0.3269
vt 0.6974 0.8269
vt 0.6974 0.8077
vt 0.7368 0.5769
vt 0.7237 0.5385
vt 0.7368 0.5385
vt 0.7368 0.4231
vt 0.7237 0.3846
vt 0.7368 0.3846
vt 0.7105 0.4231
vt 0.4211 0.8077
vt 0.3947 0.8462
vt 0.3947 0.8077
vt 0.3947 0.7308
vt 0.4211 0.7692
vt 0.3947 0.7692
vt 0.4737 0.7308
vt 0.4474 0.7692
vt 0.4474 0.7308
vt 0.2895 0.8077
vt 0.3158 0.8462
vt 0.2895 0.8462
vt 0.3158 0.7308
vt 0.2895 0.7692
vt 0.2895 0.7308
vt 0.3421 0.7308
vt 0.3684 0.7692
vt 0.3421 0.7692
vt 0.3158 0.9615
vt 0.2895 1
vt 0.2895 0.9615
vt 0.2895 0.8846
vt 0.3158 0.9231
vt 0.2895 0.9231
vt 0.3684 0.8846
vt 0.3421 0.9231
vt 0.3421 0.8846
vt 0.5526 0.6731
vt 0.5263 0.6731
vt 0.5526 0.6923
vt 0.5263 0.6923
vt 0.6316 0.6731
vt 0.6579 0.6923
vt 0.6316 0.6923
vt 0.8684 0.5769
vt 0.8421 0.5385
vt 0.8684 0.5385
vt 0.9211 0.5769
vt 0.8947 0.5385
vt 0.9211 0.5385
vt 0.8947 0.6154
vt 0.9211 0.6154
vt 0.8684 0.4231
vt 0.8421 0.3846
vt 0.8684 0.3846
vt 0.9211 0.4231
vt 0.8947 0.3846
vt 0.9211 0.3846
vt 0.9211 0.5
vt 0.8947 0.4615
vt 0.9211 0.4615
vt 0.7632 0.4231
vt 0.7632 0.3846
vt 0.8158 0.4231
vt 0.7895 0.3846
vt 0.8158 0.3846
vt 0.8158 0.5
vt 0.7895 0.4615
vt 0.8158 0.4615
vt 0.9868 0.6106
vt 0.9605 0.5745
vt 0.9868 0.5745
vt 0.4211 0.6731
vt 0.3947 0.6731
vt 0.3158 0.6538
vt 0.2895 0.6731
vt 0.3158 0.6731
vt 0.2895 0.6923
vt 0.6842 0.3269
vt 0.6579 0.3462
vt 0.6579 0.3269
vt 0.6842 0.3077
vt 0.6579 0.3077
vt 0.5789 0.3077
vt 0.5526 0.3269
vt 0.5526 0.3077
vt 0.7895 0.3462
vt 0.8158 0.3269
vt 0.8158 0.3462
vt 0.8947 0.3462
vt 0.9211 0.3269
vt 0.9211 0.3462
vt 0.8947 0.3269
vt 0.9211 0.3077
vt 0.4046 0.4026
vt 0.3816 0.4327
vt 0.4046 0.4579
vt 0.4046 0.4856
vt 0.4276 0.4904
vt 0.3816 0.4808
vt 0 0.6154
vt 0.0132 0.5769
vt 0.0132 0.6154
vt 0.0263 0.5769
vt 0.0132 0.4615
vt 0.0263 0.4231
vt 0.0263 0.4615
vt 0.4211 0.3077
vt 0.3947 0.3269
vt 0.3947 0.3077
vt 0.3158 0.3077
vt 0.2895 0.3269
vt 0.2895 0.3077
vt 0.3158 0.3269
vt 0.0789 0.6923
vt 0.1053 0.6731
vt 0.1053 0.6923
vt 0.1842 0.6923
vt 0.2105 0.6731
vt 0.2105 0.6923
vt 0.1842 0.6731
vt 0.2105 0.6538
vt 0.9967 0.3894
vt 1 0.4231
vt 0.9984 0.4255
vt 0.9507 0.3894
vt 0.949 0.4255
vt 0.9967 0.6106
vt 0.9984 0.5745
vt 0.9507 0.6106
vt 0.9474 0.5769
vt 0.949 0.5745
vt 0.9868 0.2452
vt 0.4934 0.5769
vt 0.5 0.5769
vt 0.5 0.6154
vt 0.4868 0.5385
vt 0.4868 0.5
vt 0.4934 0.5
vt 0.4803 0.5
vt 0.4737 0.5
vt 0.25 0.5865
vt 0.25 0.5385
vt 0.25 0.5
vt 0.2566 0.5
vt 0.2434 0.4615
vt 0.2368 0.6154
vt 0.2368 0.5769
vt 0.2434 0.5769
vt 0.7368 0.2308
vt 0.7368 0.3077
vt -0 0.3077
vt 0 0.2308
vt 0.9605 0.7188
vt 0.9572 0.7548
vt 0.9556 0.7188
vt 1 0.7308
vt 0.9901 0.7548
vt 0.9918 0.7188
vt 0.9474 0.2692
vt 0.9572 0.2452
vt 0.9556 0.2812
vt 0.9901 0.2452
vt 0.9918 0.2812
vt 0.9474 0.4231
vt 1 0.5769
vt 0.2368 0.4615
vt 0.2368 0.4231
vt 0.2434 0.4231
vt 0.4934 0.4231
vt 0.5 0.4231
vt 0.5 0.4615
vt 0.6513 0.8269
vt 0.9868 0.3894
vt 0.9474 0.7308
vt 0.9868 0.7188
vt 1 0.2692
vt 0.0789 0.6731
vt 0.1053 0.6538
vt 0.4211 0.3269
vt 0.3947 0.3462
vt 0 0.4615
vt 0.0132 0.4231
vt 0.7895 0.3269
vt 0.8158 0.3077
vt 0.5789 0.3269
vt 0.5526 0.3462
vt 0.3947 0.6923
vt 0.9868 0.7548
vt 0.7632 0.5769
vt 0.7632 0.5385
vt 0.8158 0.5769
vt 0.7895 0.5385
vt 0.8158 0.5385
vt 0.8158 0.6538
vt 0.7895 0.6154
vt 0.8158 0.6154
vt 0.6316 0.6538
vt 0.6579 0.6731
vt 0.4211 0.9615
vt 0.3947 1
vt 0.3947 0.9615
vt 0.4211 0.8846
vt 0.3947 0.9231
vt 0.3947 0.8846
vt 0.4474 0.8846
vt 0.4737 0.9231
vt 0.4474 0.9231
vt 0.7237 0.5769
vt 0.7105 0.5385
vt 0.1842 0.3462
vt 0.6316 0.6154
vt 0.6579 0.6538
vt 0.6316 0.5385
vt 0.6579 0.5769
vt 0.6316 0.5769
vt 0.6842 0.5385
vt 0.7105 0.5769
vt 0.6842 0.5769
vt 0.7895 0.6731
vt 0.3158 0.0385
vt 0.3421 0
vt 0.3421 0.0385
vt 0.3158 0.1154
vt 0.3421 0.0769
vt 0.3421 0.1154
vt 0.2632 0.1154
vt 0.2895 0.0769
vt 0.2895 0.1154
vt 0.3454 0.5385
vt 0.3322 0.4026
vt 0.4211 0.3462
vt 0.4178 0.3558
vt 0.5263 0.8654
vt 0.1053 0.3846
vt 0.0789 0.3462
vt 0.0789 0.4615
vt 0.1053 0.4231
vt 0.1053 0.4615
vt 0.0526 0.4231
vt 0.0526 0.4615
vt 0.0789 0.4231
vt 0.0789 0.5
vt 0.1316 0.4231
vt 0.1316 0.5
vt 0.1316 0.3462
vt 0.3158 0.0769
vt 0.3158 0.1538
vt 0.3684 0.0769
vt 0.3684 0.1538
vt 0.3684 0
vt 0.8421 0.6538
vt 0.6579 0.5385
vt 0.6579 0.5
vt 0.6053 0.5769
vt 0.6053 0.6154
vt 0.6579 0.6154
vt 0.4211 0.9231
vt 0.4211 0.8462
vt 0.4737 0.8846
vt 0.3684 0.9231
vt 0.3684 0.8462
vt 0.3684 1
vt 0.7895 0.5769
vt 0.8421 0.5769
vt 0.7895 0.5
vt 0.8421 0.5
vt 0.9605 0.6827
vt 0.3684 0.6923
vt 0.5789 0.3462
vt 0.8421 0.3077
vt 0 0.5
vt 0.1316 0.6538
vt 1 0.3077
vt 0.9605 0.3173
vt 0.9474 0.6923
vt 1 0.5385
vt 1 0.4615
vt 0.9474 0.4615
vt 0.9474 0.5385
vt 0.9474 0.3077
vt 1 0.6923
vt 0.9868 0.5385
vt 0.2368 0.6731
vt 0.2632 0.3269
vt 0.2632 0.3077
vt 0.9474 0.3269
vt 0.9474 0.3462
vt 0.7105 0.3077
vt 0.7105 0.3269
vt 0.6842 0.3462
vt 0.2632 0.6731
vt 0.7895 0.4231
vt 0.8421 0.4231
vt 0.8947 0.4231
vt 0.9474 0.4615
vt 0.9474 0.4231
vt 0.9474 0.3846
vt 0.8947 0.5769
vt 0.9474 0.6154
vt 0.9474 0.5769
vt 0.9474 0.6538
vt 0.8947 0.5
vt 0.9474 0.5385
vt 0.5 0.6731
vt 0.5 0.6923
vt 0.3158 0.8846
vt 0.2632 0.8846
vt 0.2632 0.9231
vt 0.2632 0.8462
vt 0.2632 0.9615
vt 0.2632 1
vt 0.3158 0.7692
vt 0.3158 0.6923
vt 0.3684 0.7308
vt 0.2632 0.7692
vt 0.2632 0.7308
vt 0.2632 0.8077
vt 0.3158 0.8077
vt 0.4211 0.7308
vt 0.4211 0.6923
vt 0.4737 0.6923
vt 0.0263 0.3269
vt 0.0263 0.3077
vt 0.5526 0.5385
vt 0.5526 0.5
vt 0.5526 0.6154
vt 0.5526 0.4231
vt 0.5263 0.3462
vt 0.6579 0.3846
vt 0.6053 0.4231
vt 0.6316 0.3462
vt 0.6053 0.4615
vt 0.9474 0.6731
vt 0.9474 0.6923
vt 0.4211 0.0769
vt 0.4211 0.1538
vt 0.4737 0.0769
vt 0.4737 0.1154
vt 0.4737 0
vt 0.4737 0.0385
vt 0.4211 0.2308
vt 0.3158 0.2308
vt 0.3684 0.2308
vt 0.3684 0.6154
vt 0.1842 0.4231
vt 0.1842 0.5
vt 0.1842 0.5769
vt 0.1842 0.6538
vt 0.0789 0.5769
vt 0.0789 0.6538
vt 0.1316 0.5769
vt 0.4211 0
vt 0.8947 0.6538
vt 0.1842 0.3077
vt 0.7237 0.4231
vt 0.4737 0.7692
vt 0.3158 1
vt 0.9605 0.6106
vt 0.8947 0.3077
vt 0 0.5769
vt 1 0.3846
vt 0.9605 0.3894
vt 0.9474 0.6154
vt 0.9605 0.2452
vt 0.9605 0.7548
vt 1 0.7692
vt 0.9474 0.2308
vt 0.9474 0.3846
vt 1 0.6154
vt 0.9474 0.7692
vt 1 0.2308
vt 0 0.4231
vt 0.7895 0.3077
vt 0.7895 0.6538
vt 0.4211 1
vt 0.3158 0
vt 0.2632 0.0769
vt 0.0789 0.3846
vt 0.4868 0.8654
vt 0.2632 -0
vt 0.7368 0.6731
vt 0.2368 0.3269
vt 0.4737 0.9615
vt 1 0.1538
vt 0.9474 0.8462
vt 0.9474 0.1538
vt 1 0.8462
vt 0.4737 0.8077
vt 0.3553 0.4808
s 1
f 1002/1107 1129/1108 1128/1109
f 1782/1110 1043/1111 1458/1112
f 1008/1113 1133/1114 1132/1115
f 1832/1116 1822/1117 2214/1118
f 1488/1119 973/1120 1444/1121
f 991/1122 1139/1123 1138/1124
f 1435/1125 1920/1126 976/1127
f 1399/1128 1773/1129 1770/1130
f 1398/1131 2127/1132 1766/1133
f 986/1134 1413/1135 1412/1136
f 1415/1137 1416/1138 991/1122
f 1417/1139 1418/1140 992/1141
f 1854/1142 1828/1143 2213/1144
f 2021/1145 1008/1113 1950/1146
f 2212/1147 997/1148 1825/1149
f 2015/1150 993/1151 1929/1152
f 1574/1153 984/1154 1410/1155
f 1249/1156 988/1157 1144/1158
f 1132/1115 1810/1159 2013/1160
f 993/1151 1169/1161 1168/1162
f 1392/1163 1034/1164 1208/1165
f 1391/1166 1102/1167 1273/1168
f 1005/1169 1170/1170 1173/1171
f 2211/1172 1000/1173 1932/1174
f 1825/1149 1134/1175 1895/1176
f 990/1177 1175/1178 1174/1179
f 998/1180 1178/1181 1177/1182
f 1950/1146 1830/1183 2210/1184
f 992/1141 1181/1185 1179/1186
f 975/1187 983/1188 979/1189
f 969/1190 1182/1191 1183/1192
f 971/1193 978/1194 982/1195
f 1077/1196 1845/1197 1847/1198
f 1140/1199 1942/1200 2001/1201
f 1887/1202 990/1177 1174/1203
f 1478/1204 971/1193 982/1205
f 1508/1206 979/1207 1549/1208
f 1129/1209 1926/1210 1997/1211
f 1010/1212 989/1213 988/1214
f 1497/1215 1491/1216 1803/1217
f 1984/1218 1172/1219 1883/1220
f 1321/1221 1210/1222 1382/1166
f 1192/1223 1451/1224 1018/1225
f 1452/1226 1194/1227 1020/1228
f 1724/1229 1041/1230 1459/1231
f 1721/1232 1104/1233 1272/1222
f 1202/1234 1455/1235 1028/1236
f 1456/1237 1204/1238 1030/1239
f 1252/1240 1251/1241 1379/1242
f 1176/1243 1920/1126 1993/1244
f 1715/1245 1023/1246 1200/1247
f 1714/1248 1082/1249 1479/1250
f 1042/1251 1712/1252 1213/1253
f 1040/1111 1711/1254 1216/1255
f 1561/1256 1219/1257 1046/1258
f 1562/1259 1222/1260 1044/1261
f 1061/1262 1226/1263 1225/1264
f 1060/1262 1229/1263 1228/1264
f 1178/1265 1834/1266 1991/1267
f 1336/1268 1074/1269 1231/1270
f 1234/1271 1066/1272 1233/1273
f 1071/1274 1972/1275 1843/1276
f 1306/1277 985/1278 1147/1279
f 1844/1280 1070/1281 1971/1282
f 1071/1274 1062/1283 1063/1284
f 1846/1285 1077/1196 1847/1198
f 1242/1286 1065/1287 1241/1288
f 1076/1289 1848/1290 1849/1291
f 1073/1292 1841/1293 1856/1294
f 1572/1295 971/1193 1474/1296
f 974/1297 1574/1153 1476/1298
f 1076/1289 1069/1299 1068/1300
f 1374/1163 1098/1301 1271/1302
f 1705/1303 1100/1164 1270/1165
f 1083/1304 1704/1305 1254/1306
f 1578/1307 1257/1308 1085/1236
f 1313/1309 1198/1310 1372/1311
f 1182/1191 980/1312 1186/1313
f 1093/1314 1702/1315 1264/1316
f 1581/1317 1267/1318 1095/1319
f 1308/1320 1188/1321 1371/1242
f 1370/1311 1088/1322 1261/1320
f 1700/1323 1092/1304 1484/1324
f 1697/1325 1013/1322 1190/1240
f 1277/1326 1492/1327 1113/1261
f 1280/1328 1493/1329 1111/1330
f 1494/1331 1282/1332 1117/1333
f 1495/1334 1285/1335 1115/1336
f 1122/1337 1289/1338 1288/1264
f 1123/1337 1292/1338 1291/1264
f 1358/1339 1634/1340 1647/1341
f 1531/1235 1257/1308 1342/1342
f 1363/1343 1641/1344 1290/1263
f 988/1345 1408/1346 1496/1347
f 1547/1348 1367/1349 1366/1343
f 1366/1343 1640/1344 1293/1263
f 968/1350 1249/1156 969/1154
f 980/1351 1442/1352 1591/1353
f 1640/1344 1126/1262 1293/1263
f 1295/1354 1594/1355 1497/1215
f 1944/1356 1502/1357 990/1177
f 1415/1137 1683/1358 1151/1359
f 1503/1360 1681/1361 1301/1362
f 1149/1363 1477/1364 1482/1365
f 1503/1360 1820/1366 993/1151
f 1876/1367 1239/1368 1865/1369
f 1575/1370 1307/1371 1248/1372
f 1342/1342 1657/1373 1255/1223
f 1657/1373 1084/1225 1255/1223
f 1067/1374 1336/1268 1242/1286
f 1055/1375 1332/1376 1227/1338
f 1280/1328 1633/1377 1106/1111
f 1343/1378 1532/1379 1656/1380
f 1653/1381 1094/1236 1265/1234
f 1550/1382 1245/1383 1473/1384
f 1546/1348 1364/1349 1363/1343
f 1659/1344 1061/1262 1330/1349
f 1967/1385 1236/1386 1862/1387
f 968/1388 1183/1192 972/1389
f 1064/1390 1231/1270 1234/1271
f 1334/1343 1658/1344 1333/1349
f 1968/1391 1237/1392 1863/1393
f 1118/1394 1289/1338 1122/1337
f 1641/1344 1127/1262 1290/1263
f 1618/1395 1229/1263 1334/1343
f 1864/1396 1244/1397 1868/1398
f 1286/1399 1642/1400 1587/1259
f 1119/1394 1292/1338 1123/1337
f 1347/1401 1653/1381 1265/1234
f 1287/1260 1541/1327 1357/1402
f 1018/1225 1675/1373 1192/1223
f 1020/1228 1603/1403 1452/1226
f 1268/1404 1650/1405 1486/1237
f 1283/1406 1645/1407 1586/1256
f 1028/1236 1671/1381 1202/1234
f 1030/1239 1607/1408 1456/1237
f 1258/1409 1655/1410 1654/1411
f 1648/1412 1357/1402 1280/1328
f 1283/1406 1646/1413 1645/1407
f 1284/1257 1540/1414 1356/1415
f 1611/1416 1214/1326 1042/1251
f 1612/1377 1217/1328 1040/1111
f 1046/1258 1613/1417 1561/1256
f 1044/1261 1615/1418 1562/1259
f 1525/1348 1330/1349 1059/1419
f 1052/1394 1227/1338 1332/1376
f 1526/1348 1333/1349 1058/1419
f 1053/1394 1230/1338 1335/1376
f 1331/1343 1659/1344 1330/1349
f 1617/1395 1226/1263 1331/1343
f 1234/1271 1231/1270 1074/1269
f 1843/1276 1985/1420 1071/1274
f 1054/1375 1335/1376 1230/1338
f 1986/1421 1070/1281 1844/1280
f 1658/1344 1060/1262 1333/1349
f 1858/1422 1077/1196 1846/1285
f 1242/1286 1336/1268 1073/1292
f 1849/1291 1845/1197 1076/1289
f 1223/1399 1660/1423 1463/1334
f 1444/1121 971/1193 1572/1295
f 1476/1298 1600/1424 974/1297
f 1223/1399 1661/1400 1660/1423
f 1258/1409 1654/1411 1481/1226
f 1649/1425 1356/1415 1277/1326
f 1623/1426 1255/1223 1083/1304
f 1085/1236 1624/1427 1578/1307
f 1268/1404 1651/1428 1650/1405
f 1286/1399 1643/1423 1642/1400
f 1627/1429 1265/1234 1093/1314
f 1095/1319 1628/1430 1581/1317
f 1535/1431 1267/1318 1347/1401
f 1348/1432 1536/1433 1652/1434
f 1360/1435 1636/1436 1644/1437
f 1277/1326 1632/1416 1108/1251
f 1113/1261 1649/1425 1277/1326
f 1111/1330 1648/1412 1280/1328
f 1117/1333 1542/1438 1494/1331
f 1115/1336 1544/1439 1495/1334
f 1362/1376 1121/1375 1289/1338
f 1638/1395 1290/1263 1121/1375
f 1365/1376 1120/1375 1292/1338
f 1639/1395 1293/1263 1120/1375
f 1306/1277 1010/1212 1249/1156
f 1328/1440 1523/1441 1662/1437
f 1220/1406 1663/1413 1462/1331
f 1220/1406 1664/1407 1663/1413
f 1326/1442 1521/1443 1665/1341
f 1666/1412 1045/1330 1217/1328
f 1325/1402 1666/1412 1217/1328
f 1520/1327 1222/1260 1325/1402
f 1667/1425 1047/1261 1214/1326
f 1324/1415 1667/1425 1214/1326
f 1519/1414 1219/1257 1324/1415
f 1205/1404 1668/1428 1556/1317
f 1205/1404 1669/1405 1668/1428
f 1316/1444 1515/1445 1670/1434
f 1202/1234 1606/1429 1027/1314
f 1671/1381 1315/1401 1202/1234
f 1206/1318 1514/1431 1315/1401
f 1195/1409 1672/1410 1553/1307
f 1195/1409 1673/1411 1672/1410
f 1311/1446 1511/1447 1674/1380
f 1192/1223 1602/1426 1017/1304
f 1675/1373 1310/1342 1192/1223
f 1196/1308 1510/1235 1310/1342
f 1676/1448 1811/1449 1159/1450
f 1159/1450 2107/1451 1676/1448
f 1595/1452 1877/1453 1301/1362
f 1181/1185 1418/1140 1679/1454
f 1679/1454 1680/1455 1181/1185
f 986/1134 1680/1455 1413/1135
f 1595/1452 1498/1456 982/1457
f 1681/1361 1168/1162 1682/1458
f 1682/1458 1590/1459 1296/1460
f 1438/1461 1592/1462 979/1463
f 1683/1358 1138/1124 1684/1464
f 1684/1464 1500/1465 1298/1466
f 1989/1467 1594/1355 1300/1468
f 1686/1469 1989/1467 1300/1468
f 1934/1470 1687/1471 1161/1472
f 1175/1178 1502/1357 1688/1473
f 1688/1473 1689/1474 1175/1178
f 976/1127 1689/1474 1589/1475
f 1297/1476 1690/1477 1499/1478
f 1297/1476 1691/1479 1690/1477
f 1184/1480 1549/1481 1692/1482
f 1294/1483 1435/1125 1588/1484
f 1291/1264 1293/1263 1126/1262
f 1291/1264 1292/1338 1293/1263
f 1292/1338 1120/1375 1293/1263
f 1288/1264 1290/1263 1127/1262
f 1288/1264 1289/1338 1290/1263
f 1289/1338 1121/1375 1290/1263
f 1693/1485 1111/1330 1285/1335
f 1286/1399 1693/1485 1285/1335
f 1587/1259 1287/1260 1286/1399
f 1694/1486 1113/1261 1282/1332
f 1283/1406 1694/1486 1282/1332
f 1586/1256 1284/1257 1283/1406
f 1281/1255 1585/1487 1279/1488
f 1279/1488 1695/1254 1281/1255
f 1106/1111 1695/1254 1280/1328
f 1278/1253 1584/1377 1276/1402
f 1276/1402 1696/1252 1278/1253
f 1108/1251 1696/1252 1277/1326
f 1551/1489 1190/1240 1012/1490
f 1450/1250 1368/1491 1189/1492
f 1698/1248 1309/1493 1368/1491
f 1699/1245 1263/1493 1579/1494
f 1626/1495 1369/1496 1699/1245
f 1534/1497 1264/1316 1700/1323
f 1370/1311 1091/1498 1260/1310
f 1345/1309 1260/1310 1090/1499
f 1345/1309 1262/1247 1370/1311
f 1371/1242 1015/1500 1187/1241
f 1190/1240 1187/1241 1012/1490
f 1013/1322 1371/1242 1190/1240
f 1701/1501 1094/1236 1267/1318
f 1268/1404 1701/1501 1267/1318
f 1486/1237 1269/1238 1268/1404
f 1264/1316 1580/1426 1092/1304
f 1702/1315 1266/1342 1264/1316
f 1265/1234 1485/1235 1266/1342
f 972/1389 1186/1313 981/1502
f 1372/1311 1025/1498 1197/1320
f 1200/1247 1197/1320 1022/1322
f 1023/1246 1372/1311 1200/1247
f 1703/1503 1084/1225 1257/1308
f 1258/1409 1703/1503 1257/1308
f 1481/1226 1259/1227 1258/1409
f 1254/1306 1577/1504 1082/1249
f 1704/1305 1256/1505 1254/1306
f 1255/1223 1480/1224 1256/1505
f 1583/1506 1270/1165 1101/1507
f 1490/1231 1373/1508 1275/1509
f 1706/1229 1355/1510 1373/1508
f 1270/1165 1271/1302 1101/1507
f 1100/1164 1374/1163 1270/1165
f 1350/1168 1351/1511 1374/1163
f 1248/1372 1475/1512 1575/1370
f 1473/1384 1246/1513 1573/1514
f 1337/1515 1860/1516 1874/1517
f 1244/1397 1867/1518 1868/1398
f 1067/1374 1242/1286 1241/1288
f 1239/1368 1866/1519 1865/1369
f 1237/1392 1952/1520 1863/1393
f 1011/1521 1147/1279 989/1522
f 1236/1386 1953/1523 1862/1387
f 1064/1390 1234/1271 1233/1273
f 1073/1292 1231/1270 1072/1524
f 1375/1525 1859/1526 1990/1527
f 1157/1528 1990/1527 1824/1529
f 1001/1530 1991/1267 1817/1531
f 1228/1264 1230/1338 1057/1337
f 1228/1264 1229/1263 1230/1338
f 1229/1263 1054/1375 1230/1338
f 1225/1264 1227/1338 1056/1337
f 1225/1264 1226/1263 1227/1338
f 1226/1263 1055/1375 1227/1338
f 1709/1485 1045/1330 1222/1260
f 1223/1399 1709/1485 1222/1260
f 1463/1334 1224/1335 1223/1399
f 1710/1486 1047/1261 1219/1257
f 1220/1406 1710/1486 1219/1257
f 1462/1331 1221/1332 1220/1406
f 1216/1255 1560/1487 1041/1230
f 1711/1254 1218/1488 1216/1255
f 1217/1328 1461/1329 1218/1488
f 1213/1253 1559/1377 1043/1111
f 1712/1252 1215/1402 1213/1253
f 1214/1326 1460/1327 1215/1402
f 1713/1325 1253/1492 1576/1489
f 1622/1494 1376/1491 1713/1325
f 1530/1324 1254/1306 1714/1248
f 1554/1494 1200/1247 1022/1322
f 1454/1324 1377/1496 1199/1493
f 1716/1323 1314/1532 1377/1496
f 1378/1533 1925/1534 1992/1535
f 1303/1536 1992/1535 1964/1537
f 1003/1499 1993/1244 1982/1538
f 1379/1242 1081/1500 1250/1321
f 1340/1320 1250/1321 1080/1498
f 1079/1322 1379/1242 1340/1320
f 1719/1501 1028/1236 1204/1238
f 1205/1404 1719/1501 1204/1238
f 1556/1317 1206/1318 1205/1404
f 1203/1316 1555/1426 1201/1342
f 1201/1342 1720/1315 1203/1316
f 1027/1314 1720/1315 1202/1234
f 1582/1539 1272/1222 1105/1164
f 1489/1112 1380/1540 1274/1510
f 1722/1110 1354/1541 1380/1540
f 1723/1303 1212/1509 1558/1506
f 1610/1539 1381/1508 1723/1303
f 1518/1112 1216/1255 1724/1229
f 1725/1503 1018/1225 1194/1227
f 1195/1409 1725/1503 1194/1227
f 1553/1307 1196/1308 1195/1409
f 1193/1306 1552/1504 1191/1505
f 1191/1505 1726/1305 1193/1306
f 1017/1304 1726/1305 1192/1223
f 1382/1166 1039/1164 1209/1168
f 1320/1542 1209/1168 1036/1167
f 1320/1542 1321/1221 1382/1166
f 1883/1220 999/1543 1832/1116
f 1884/1544 1171/1545 1837/1546
f 1966/1547 1383/1548 1884/1544
f 1731/1549 1384/1550 1729/1551
f 1496/1347 1294/1483 1730/1552
f 1802/1553 1295/1354 1732/1554
f 1385/1555 1939/1556 1996/1557
f 1165/1558 1996/1557 1940/1559
f 1006/1560 1997/1211 1947/1561
f 1600/1424 1184/1562 1442/1563
f 1411/1564 1246/1513 1146/1565
f 1826/1566 1174/1203 1003/1246
f 1827/1567 1386/1568 1163/1401
f 1888/1569 1302/1570 1386/1568
f 1387/1571 1927/1572 2000/1573
f 1299/1574 2000/1573 1869/1575
f 987/1576 2001/1201 1851/1577
f 1240/1578 1864/1396 1866/1519
f 972/1389 1183/1192 1182/1191
f 1179/1186 1155/1579 995/1376
f 1179/1186 1181/1185 1155/1579
f 1181/1185 986/1134 1155/1579
f 1891/1580 1835/1581 2209/1582
f 1892/1583 2004/1584 2208/1585
f 1923/1586 2005/1587 2207/1588
f 1177/1182 1135/1589 1009/1590
f 1177/1182 1178/1181 1135/1589
f 1178/1181 1001/1591 1135/1589
f 1174/1179 1176/1592 1003/1309
f 1174/1179 1175/1178 1176/1592
f 1175/1178 976/1127 1176/1592
f 1895/1176 1000/1593 1813/1594
f 1896/1595 1137/1214 1850/1596
f 1838/1597 1389/1598 1896/1595
f 1897/1599 1930/1600 2206/1601
f 1898/1602 2010/1603 2205/1604
f 2204/1605 1137/1194 2011/1606
f 1173/1171 1172/1219 1007/1607
f 1173/1171 1170/1170 1172/1219
f 1170/1170 999/1543 1172/1219
f 1391/1166 1105/1164 1272/1222
f 1104/1233 1391/1166 1272/1222
f 1352/1221 1353/1542 1391/1166
f 1392/1163 1035/1507 1207/1302
f 1032/1301 1392/1163 1207/1302
f 1318/1511 1319/1168 1392/1163
f 1168/1162 1167/1608 977/1609
f 1168/1162 1169/1161 1167/1608
f 1169/1161 1004/1221 1167/1608
f 1393/1610 1840/1611 2012/1612
f 1166/1613 2012/1612 1835/1581
f 1008/1113 2013/1160 1830/1183
f 969/1154 1144/1158 984/1614
f 1475/1512 1145/1615 1491/1616
f 1394/1617 1933/1618 2014/1619
f 1965/1620 1394/1617 2014/1619
f 1004/1233 2015/1150 1983/1621
f 2203/1622 1162/1623 1838/1597
f 2202/1624 1395/1625 2018/1626
f 2201/1627 1131/1628 2019/1629
f 1396/1630 1923/1586 2020/1631
f 1158/1632 2020/1631 1930/1633
f 1000/1634 2021/1145 1932/1635
f 1911/1636 1815/1637 2200/1638
f 1912/1639 2024/1640 2199/1641
f 1872/1511 2025/1642 2198/1643
f 1477/1364 1153/1644 1487/1645
f 1438/1461 1152/1646 1151/1359
f 1148/1647 1763/1648 1453/1649
f 1148/1647 1764/1650 1763/1648
f 1149/1363 1482/1365 1765/1651
f 1297/1476 1768/1652 1591/1353
f 2050/1653 1398/1131 1768/1652
f 2048/1654 1412/1136 1148/1647
f 1146/1655 1772/1656 1411/1657
f 1787/1658 1399/1128 1772/1656
f 1786/1659 1143/1660 1773/1129
f 1774/1661 1925/1534 1141/1662
f 1141/1662 2044/1663 1774/1661
f 1408/1346 1915/1664 1142/1665
f 1138/1124 1140/1666 987/1576
f 1138/1124 1139/1123 1140/1666
f 1139/1123 994/1667 1140/1666
f 1414/1668 1185/1669 1550/1382
f 1916/1670 1818/1671 2197/1672
f 1917/1673 2029/1674 2196/1675
f 1837/1546 2030/1676 2195/1677
f 1132/1115 1134/1678 997/1148
f 1132/1115 1133/1114 1134/1678
f 1133/1114 1000/1679 1134/1678
f 1781/1232 1211/1510 1557/1539
f 1609/1680 1401/1540 1781/1232
f 1517/1681 1213/1253 1782/1110
f 1128/1109 1130/1682 996/1683
f 1128/1109 1129/1108 1130/1682
f 1129/1108 1006/1560 1130/1682
f 1322/1541 1782/1110 1401/1540
f 1038/1233 1781/1232 1210/1222
f 1210/1222 1557/1539 1039/1164
f 2031/1684 1919/1685 2194/1686
f 2032/1687 2033/1688 2193/1689
f 1948/1690 2034/1691 2192/1692
f 2035/1693 1918/1694 2191/1695
f 2036/1696 2037/1697 2190/1698
f 2028/1699 2038/1700 2189/1701
f 2039/1702 1929/1152 2188/1703
f 2040/1704 2041/1705 2187/1706
f 2027/1707 2042/1708 2186/1709
f 981/1502 1550/1382 972/1389
f 1409/1710 2026/1711 1776/1712
f 1776/1712 2043/1713 1409/1710
f 989/1714 2043/1713 1408/1346
f 1774/1661 2026/1711 1143/1660
f 2044/1663 1776/1712 1774/1661
f 1775/1715 1915/1664 1776/1712
f 1457/1716 1814/1717 1407/1718
f 1407/1718 2045/1719 1457/1716
f 1143/1660 2045/1719 1774/1661
f 1771/1720 1773/1129 1399/1128
f 1296/1460 1786/1659 1771/1720
f 1590/1459 1457/1716 1786/1659
f 1787/1658 1146/1655 1478/1721
f 1498/1456 1478/1721 982/1457
f 1498/1456 1771/1720 1787/1658
f 1772/1656 2046/1722 1411/1657
f 1772/1656 1399/1128 1770/1130
f 2046/1722 1770/1130 1147/1723
f 2047/1724 1769/1725 1398/1131
f 1869/1575 1788/1726 2047/1724
f 1980/1727 1412/1136 2048/1654
f 1789/1728 1768/1652 1297/1476
f 1501/1729 2049/1730 1851/1577
f 1299/1574 2050/1653 1962/1731
f 2052/1732 2051/1733 1766/1133
f 1398/1131 2051/1733 1768/1652
f 2052/1732 1766/1133 1186/1734
f 1765/1651 1488/1735 1150/1736
f 1765/1651 1482/1365 1488/1735
f 1482/1365 978/1737 1488/1735
f 1763/1648 1765/1651 1150/1736
f 1763/1648 1764/1650 1765/1651
f 1764/1650 1149/1363 1765/1651
f 1453/1649 1414/1738 981/1739
f 1453/1649 1763/1648 1414/1738
f 1763/1648 1150/1736 1414/1738
f 979/1463 1449/1740 1438/1461
f 978/1737 1487/1645 982/1457
f 2053/1741 1914/1742 2185/1743
f 2054/1744 2055/1745 2184/1746
f 1983/1542 2056/1747 2183/1748
f 2057/1749 1913/1750 2182/1751
f 2058/1752 2059/1753 2181/1754
f 2023/1755 2060/1756 2180/1757
f 2061/1758 1926/1759 2179/1760
f 2062/1761 2063/1762 2178/1763
f 2022/1764 2064/1765 2177/1766
f 1425/1767 1910/1768 1821/1769
f 1423/1770 1909/1771 1819/1772
f 1757/1773 1812/1774 1909/1771
f 2065/1775 1908/1776 2176/1777
f 2175/1778 1793/1779 2067/1780
f 1951/1781 2068/1782 2174/1783
f 2069/1784 1907/1785 2173/1786
f 2070/1787 2071/1788 2172/1789
f 2017/1790 2072/1791 2171/1792
f 2170/1793 1446/1794 1949/1795
f 2169/1796 1795/1797 2075/1798
f 2016/1799 2076/1800 2168/1801
f 1872/1802 1752/1803 1904/1804
f 1506/1805 1903/1806 1854/1807
f 1751/1808 1822/1117 1903/1806
f 970/1809 1491/1616 983/1810
f 1434/1811 1902/1812 1941/1813
f 1441/1814 1901/1815 1946/1816
f 1901/1815 1448/1817 1951/1781
f 2077/1818 1900/1819 2167/1820
f 2166/1821 1796/1822 2079/1823
f 1961/1824 2080/1825 2165/1826
f 2164/1827 1747/1828 1899/1829
f 2082/1830 2083/1831 2163/1832
f 2162/1833 1746/1834 2084/1835
f 2085/1836 1819/1837 2161/1838
f 2160/1839 1798/1840 2087/1841
f 2008/1842 2088/1843 2159/1844
f 1949/1795 1744/1845 2007/1846
f 2007/1846 1483/1847 1961/1848
f 2006/1849 1406/1850 1924/1851
f 2089/1852 1894/1853 2158/1854
f 2090/1855 2091/1856 2157/1857
f 1812/1774 2092/1858 2156/1859
f 2093/1860 1893/1861 2155/1862
f 2094/1863 2095/1864 2154/1865
f 2003/1866 2096/1867 2153/1868
f 2097/1869 1946/1816 2152/1870
f 2098/1871 2099/1872 2151/1873
f 2002/1874 2100/1875 2150/1876
f 1569/1877 1975/1878 1977/1879
f 1962/1731 1738/1880 1890/1881
f 1593/1882 1889/1883 1980/1727
f 1737/1884 1816/1885 1889/1883
f 1999/1886 1504/1887 1736/1888
f 1938/1889 1736/1888 1431/1890
f 1937/1891 1735/1892 1430/1893
f 985/1350 1573/1514 1411/1564
f 974/1297 1442/1563 980/1312
f 1443/1894 1886/1895 1836/1896
f 1433/1897 1885/1898 1829/1899
f 1733/1900 1828/1901 1885/1898
f 1730/1552 1732/1554 1384/1550
f 1294/1483 1802/1553 1730/1552
f 1588/1484 1589/1475 1802/1553
f 1730/1552 2101/1902 1496/1347
f 1731/1549 1730/1552 1384/1550
f 2101/1902 1731/1549 1144/1903
f 1729/1551 2102/1904 1731/1549
f 1410/1905 1729/1551 1145/1906
f 2102/1904 1410/1905 984/1907
f 1855/1908 1728/1909 1995/1910
f 1995/1910 1445/1911 1948/1690
f 1994/1912 1437/1913 1943/1914
f 1323/1510 1724/1229 1381/1508
f 1034/1164 1723/1303 1208/1165
f 1208/1165 1558/1506 1035/1507
f 1278/1253 1538/1681 1722/1110
f 1109/1111 1722/1110 1489/1112
f 1274/1510 1721/1232 1582/1539
f 1597/1915 1882/1916 1871/1917
f 1505/1918 1881/1919 1853/1920
f 1717/1921 1814/1717 1881/1919
f 1203/1316 1513/1497 1716/1323
f 1026/1304 1716/1323 1454/1324
f 1199/1493 1715/1245 1554/1494
f 1341/1493 1714/1248 1376/1491
f 1079/1322 1713/1325 1252/1240
f 1252/1240 1576/1489 1078/1490
f 1421/1922 1880/1923 1928/1924
f 1428/1925 1879/1926 1935/1927
f 1707/1928 1970/1929 1879/1926
f 1565/1930 1842/1931 1973/1932
f 1566/1933 1841/1293 1974/1934
f 1568/1935 1977/1879 1976/1936
f 1571/1937 1978/1938 1979/1939
f 1619/1940 1971/1282 1985/1420
f 972/1389 1573/1514 968/1388
f 970/1809 1575/1370 1475/1512
f 1281/1255 1539/1112 1706/1229
f 1107/1230 1706/1229 1490/1231
f 1275/1509 1705/1303 1583/1506
f 1346/1532 1700/1323 1369/1496
f 1089/1246 1699/1245 1262/1247
f 1262/1247 1579/1494 1088/1322
f 1193/1306 1509/1324 1698/1248
f 1016/1249 1698/1248 1450/1250
f 1189/1492 1697/1325 1551/1489
f 976/1127 1588/1484 1435/1125
f 1692/1482 1592/1462 1298/1466
f 1692/1482 1549/1481 1592/1462
f 1549/1481 979/1463 1592/1462
f 1690/1477 1692/1482 1298/1466
f 1690/1477 1691/1479 1692/1482
f 1691/1479 1184/1480 1692/1482
f 1499/1478 1500/1465 987/1576
f 1499/1478 1690/1477 1500/1465
f 1690/1477 1298/1466 1500/1465
f 1295/1354 1589/1475 1689/1474
f 1300/1468 1689/1474 1688/1473
f 1300/1468 1688/1473 1502/1357
f 2103/1941 1152/1646 1687/1471
f 1427/1942 2103/1941 1687/1471
f 1823/1943 1416/1138 1427/1942
f 1687/1471 1878/1944 1685/1945
f 1685/1945 2104/1946 1687/1471
f 1161/1472 2104/1946 1686/1469
f 2105/1947 983/1948 1594/1355
f 1685/1945 2105/1947 1594/1355
f 1878/1944 1449/1740 1685/1945
f 987/1576 1684/1464 1138/1124
f 1151/1359 1684/1464 1298/1466
f 1298/1466 1438/1461 1151/1359
f 977/1609 1682/1458 1168/1162
f 1301/1362 1682/1458 1296/1460
f 1296/1460 1595/1452 1301/1362
f 1149/1363 1413/1135 1680/1455
f 1154/1949 1680/1455 1679/1454
f 1154/1949 1679/1454 1418/1140
f 1487/1645 1988/1950 1678/1951
f 1678/1951 2106/1952 1487/1645
f 982/1457 2106/1952 1595/1452
f 1676/1448 1988/1950 1153/1644
f 2107/1451 1678/1951 1676/1448
f 1677/1953 1877/1453 1678/1951
f 1417/1139 1922/1954 1404/1955
f 1404/1955 2108/1956 1417/1139
f 1153/1644 2108/1956 1676/1448
f 1674/1380 1512/1379 1312/1378
f 1674/1380 1511/1447 1512/1379
f 1511/1447 1021/1957 1512/1379
f 1672/1410 1674/1380 1312/1378
f 1672/1410 1673/1411 1674/1380
f 1673/1411 1311/1446 1674/1380
f 1553/1307 1604/1427 1019/1236
f 1553/1307 1672/1410 1604/1427
f 1672/1410 1312/1378 1604/1427
f 1670/1434 1516/1433 1317/1432
f 1670/1434 1515/1445 1516/1433
f 1515/1445 1031/1958 1516/1433
f 1668/1428 1670/1434 1317/1432
f 1668/1428 1669/1405 1670/1434
f 1669/1405 1316/1444 1670/1434
f 1556/1317 1608/1430 1029/1319
f 1556/1317 1668/1428 1608/1430
f 1668/1428 1317/1432 1608/1430
f 1665/1341 1614/1340 1327/1339
f 1665/1341 1521/1443 1614/1340
f 1521/1443 1050/1959 1614/1340
f 1663/1413 1665/1341 1327/1339
f 1663/1413 1664/1407 1665/1341
f 1664/1407 1326/1442 1665/1341
f 1462/1331 1522/1438 1051/1333
f 1462/1331 1663/1413 1522/1438
f 1663/1413 1327/1339 1522/1438
f 1662/1437 1616/1436 1329/1435
f 1662/1437 1523/1441 1616/1436
f 1523/1441 1048/1960 1616/1436
f 1495/1334 1643/1423 1286/1399
f 1495/1334 1544/1439 1643/1423
f 1544/1439 1360/1435 1643/1423
f 1494/1331 1646/1413 1283/1406
f 1494/1331 1542/1438 1646/1413
f 1542/1438 1358/1339 1646/1413
f 1644/1437 1545/1441 1361/1440
f 1644/1437 1636/1436 1545/1441
f 1636/1436 1114/1960 1545/1441
f 1652/1434 1537/1445 1349/1444
f 1652/1434 1536/1433 1537/1445
f 1536/1433 1097/1958 1537/1445
f 1581/1317 1651/1428 1268/1404
f 1581/1317 1628/1430 1651/1428
f 1628/1430 1348/1432 1651/1428
f 1642/1400 1644/1437 1361/1440
f 1642/1400 1643/1423 1644/1437
f 1643/1423 1360/1435 1644/1437
f 1650/1405 1652/1434 1349/1444
f 1650/1405 1651/1428 1652/1434
f 1651/1428 1348/1432 1652/1434
f 1578/1307 1655/1410 1258/1409
f 1578/1307 1624/1427 1655/1410
f 1624/1427 1343/1378 1655/1410
f 1481/1226 1625/1403 1086/1228
f 1481/1226 1654/1411 1625/1403
f 1654/1411 1344/1446 1625/1403
f 1660/1423 1662/1437 1329/1435
f 1660/1423 1661/1400 1662/1437
f 1661/1400 1328/1440 1662/1437
f 1248/1372 1600/1424 1476/1298
f 1185/1669 1572/1295 1245/1383
f 1463/1334 1524/1439 1049/1336
f 1463/1334 1660/1423 1524/1439
f 1660/1423 1329/1435 1524/1439
f 1956/1961 1472/1962 1960/1963
f 1969/1964 1469/1965 1957/1966
f 1875/1967 1467/1968 1955/1969
f 1874/1517 1466/1970 1954/1971
f 1562/1259 1661/1400 1223/1399
f 1562/1259 1615/1418 1661/1400
f 1615/1418 1328/1440 1661/1400
f 1561/1256 1664/1407 1220/1406
f 1561/1256 1613/1417 1664/1407
f 1613/1417 1326/1442 1664/1407
f 1645/1407 1647/1341 1359/1442
f 1645/1407 1646/1413 1647/1341
f 1646/1413 1358/1339 1647/1341
f 1654/1411 1656/1380 1344/1446
f 1654/1411 1655/1410 1656/1380
f 1655/1410 1343/1378 1656/1380
f 1456/1237 1669/1405 1205/1404
f 1456/1237 1607/1408 1669/1405
f 1607/1408 1316/1444 1669/1405
f 1586/1256 1635/1417 1112/1258
f 1586/1256 1645/1407 1635/1417
f 1645/1407 1359/1442 1635/1417
f 1486/1237 1629/1408 1096/1239
f 1486/1237 1650/1405 1629/1408
f 1650/1405 1349/1444 1629/1408
f 1452/1226 1673/1411 1195/1409
f 1452/1226 1603/1403 1673/1411
f 1603/1403 1311/1446 1673/1411
f 1587/1259 1637/1418 1110/1261
f 1587/1259 1642/1400 1637/1418
f 1642/1400 1361/1440 1637/1418
f 1975/1878 1571/1937 1979/1939
f 1857/1972 1566/1933 1974/1934
f 1856/1294 1565/1930 1973/1932
f 972/1389 1550/1382 1473/1384
f 1656/1380 1533/1447 1344/1446
f 1656/1380 1532/1379 1533/1447
f 1532/1379 1087/1957 1533/1447
f 970/1809 1508/1206 1575/1370
f 1987/1973 1568/1935 1976/1936
f 1677/1953 1931/1974 1424/1975
f 1424/1975 2109/1976 1677/1953
f 1301/1362 2109/1976 1503/1360
f 978/1737 1482/1365 1477/1364
f 1168/1162 1503/1360 993/1151
f 1138/1124 1415/1137 991/1122
f 2110/1977 1300/1468 1502/1357
f 1439/1978 2110/1977 1502/1357
f 1833/1979 1686/1469 1439/1978
f 983/1948 1497/1215 1594/1355
f 1591/1353 1691/1479 1297/1476
f 1591/1353 1442/1352 1691/1479
f 1442/1352 1184/1480 1691/1479
f 1496/1347 1142/1665 1294/1483
f 1647/1341 1543/1443 1359/1442
f 1647/1341 1634/1340 1543/1443
f 1634/1340 1116/1959 1543/1443
f 1368/1491 1601/1494 1697/1325
f 1369/1496 1484/1324 1263/1493
f 1373/1508 1631/1539 1705/1303
f 1476/1298 1247/1980 1248/1372
f 1245/1383 1474/1296 1246/1513
f 1527/1981 1952/1520 1967/1385
f 1472/1962 1959/1982 1960/1963
f 1469/1965 1958/1983 1957/1966
f 1467/1968 1860/1516 1955/1969
f 1466/1970 1861/1984 1954/1971
f 1708/1985 1945/1986 1880/1923
f 1376/1491 1479/1250 1253/1492
f 1377/1496 1605/1495 1715/1245
f 1718/1987 1809/1988 1882/1916
f 1380/1540 1630/1680 1721/1232
f 1381/1508 1459/1231 1212/1509
f 1873/1989 1727/1990 1994/1912
f 1803/1217 1145/1906 1729/1551
f 1384/1550 1803/1217 1729/1551
f 1732/1554 1497/1215 1803/1217
f 1734/1991 1815/1992 1886/1895
f 1307/1371 1549/1208 1184/1562
f 1146/1565 1474/1296 1478/1204
f 1998/1993 1596/1994 1735/1892
f 1738/1880 1831/1995 1890/1881
f 1470/1996 1956/1961 1958/1983
f 2111/1997 1941/1813 2149/1998
f 2112/1999 2113/2000 2148/2001
f 1839/2002 2114/2003 2147/2004
f 1936/2005 1743/2006 2006/1849
f 2115/2007 1821/2008 2146/2009
f 2116/2010 2117/2011 2145/2012
f 2144/2013 1406/2014 2118/2015
f 1750/2016 1921/2017 1902/1812
f 1247/1980 1410/1155 1145/1615
f 1904/1804 1422/2018 1818/1671
f 2143/2019 1429/2020 1936/2005
f 2142/2021 1806/2022 2121/2023
f 2141/2024 1403/2025 2122/2026
f 1758/2027 1839/2002 1910/1768
f 2123/2028 1939/2029 2140/2030
f 2124/2031 2125/2032 2139/2033
f 1965/2034 2126/2035 2138/2036
f 1154/1949 1417/1139 1153/1644
f 1151/1359 1416/1138 1415/1137
f 1412/1136 1764/1650 1148/1647
f 1412/1136 1413/1135 1764/1650
f 1413/1135 1149/1363 1764/1650
f 1769/1725 2128/2037 2127/1132
f 1769/1725 1148/1647 1453/1649
f 2128/2037 1453/1649 981/1739
f 1773/1129 2129/2038 1770/1130
f 1773/1129 1143/1660 1409/1710
f 2129/2038 1409/1710 989/1714
f 1775/1715 1809/1988 1402/2039
f 1402/2039 2130/2040 1775/1715
f 1142/1665 2130/2040 1435/1125
f 1150/2041 1444/1121 1185/1669
f 2137/2042 1426/2043 1933/1618
f 2132/2044 2133/2045 2136/2046
f 1943/1914 2134/2047 2135/2048
f 1401/1540 1458/1112 1211/1510
f 2135/2048 1808/2049 2132/2044
f 2030/1676 2132/2044 1780/2050
f 1171/1545 2135/2048 2030/1676
f 2136/2046 1777/2051 2027/1707
f 1919/1685 2027/1707 1400/2052
f 1780/2050 2136/2046 1919/1685
f 1916/1670 1933/1618 1160/2053
f 2133/2045 1916/1670 1777/2051
f 1808/2049 2137/2042 2133/2045
f 1766/1133 2127/1132 2128/2037
f 2138/2036 1807/2054 2124/2031
f 2025/1642 2124/2031 1762/2055
f 1304/1301 2138/2036 2025/1642
f 2139/2033 1759/2056 2022/1764
f 1914/1742 2022/1764 1397/2057
f 1762/2055 2139/2033 1914/1742
f 2140/2030 1164/2058 1911/1636
f 2125/2032 1911/1636 1759/2056
f 1807/2054 2140/2030 2125/2032
f 1910/1768 1136/2059 1396/1630
f 2120/2060 2122/2026 1806/2022
f 2019/1629 2120/2060 1756/2061
f 2019/1629 1921/2017 2141/2024
f 2016/1799 2121/2023 1753/2062
f 1395/1625 2142/2021 2016/1799
f 1908/1776 2120/2060 2142/2021
f 1905/2063 1936/2005 1162/1623
f 2121/2023 1905/2063 1753/2062
f 2121/2023 2119/2064 2143/2019
f 1394/1617 1818/1671 1160/2053
f 1902/1812 1131/1628 1393/1610
f 2116/2010 2118/2015 1805/2065
f 2011/1606 2116/2010 1748/2066
f 2011/1606 1924/2067 2144/2013
f 2145/2012 1745/2068 2008/1842
f 1900/1819 2008/1842 1390/2069
f 1900/1819 2116/2010 2145/2012
f 2146/2009 1158/2070 1897/1599
f 2117/2011 1897/1599 1745/2068
f 1805/2065 2146/2009 2117/2011
f 1162/1623 2006/1849 1389/1598
f 2147/2004 1804/2071 2112/1999
f 2005/1587 2112/1999 1742/2072
f 1136/2059 2147/2004 2005/1587
f 2148/2001 1739/2073 2002/1874
f 1894/1853 2002/1874 1388/2074
f 1742/2072 2148/2001 1894/1853
f 2149/1998 1166/1613 1891/1580
f 2113/2000 1891/1580 1739/2073
f 1804/2071 2149/1998 2113/2000
f 1958/1983 1238/2075 1240/1578
f 1890/1881 1156/2076 1387/1571
f 1386/1568 1870/2077 1998/1993
f 1886/1895 1164/2078 1385/1555
f 1305/2079 1994/1912 1383/1548
f 1882/1916 1141/1662 1378/1533
f 1880/1923 1180/2080 1375/1525
f 1954/1971 1235/2081 1236/1386
f 1955/1969 1232/2082 1237/1392
f 1957/1966 1240/1578 1239/1368
f 1960/1963 1243/2083 1244/1397
f 1967/1385 1232/2082 1337/1515
f 1067/2084 1987/1973 1976/1936
f 1073/1292 1973/1932 1065/2085
f 1064/2086 1857/1972 1974/1934
f 1074/1269 1979/1939 1066/2087
f 1337/1515 1954/1971 1236/1386
f 1338/2088 1955/1969 1237/1392
f 1339/2089 1957/1966 1239/1368
f 1238/2075 1960/1963 1244/1397
f 1985/1420 1070/1281 1071/1274
f 1066/2087 1979/1939 1978/1938
f 1976/1936 1075/2090 1067/2084
f 1974/1934 1072/1524 1064/2086
f 1065/2085 1973/1932 1842/1931
f 1879/1926 992/1141 1179/2091
f 1935/1927 1179/2091 995/1375
f 1928/1924 1375/1525 1157/1528
f 1881/1919 977/1609 1167/2092
f 1853/1920 1167/2092 1004/2093
f 1871/1917 1378/1533 1303/1536
f 1383/1548 1943/1914 1171/1545
f 1177/1182 1948/1690 998/1180
f 1009/1590 1995/1910 1177/1182
f 1885/1898 1005/2088 1173/2094
f 1829/1899 1173/2094 1007/2095
f 1836/1896 1385/1555 1165/1558
f 1163/1401 1998/1993 1937/1891
f 1002/2096 1999/1886 1938/1889
f 1128/2097 1852/2098 1999/1886
f 1889/1883 995/1394 1155/2099
f 986/1134 1889/1883 1155/2099
f 1962/1731 1387/1571 1299/1574
f 1977/1879 1074/1269 1075/2090
f 2150/1876 1801/2100 2098/1871
f 2004/1584 2098/1871 1741/2101
f 1388/2074 2150/1876 2004/1584
f 2151/1873 1443/1894 1836/1896
f 1893/1861 1836/1896 1165/1558
f 1741/2101 2151/1873 1893/1861
f 2152/1870 1006/1560 1947/1561
f 2099/1872 1947/1561 1443/1894
f 2099/1872 2097/1869 2152/1870
f 2153/1868 1800/2102 2094/1863
f 1873/2103 2094/1863 1599/2104
f 1305/1273 2153/1868 1873/2103
f 2154/1865 1433/1897 1829/1899
f 1984/2105 1829/1899 1007/2095
f 1599/2104 2154/1865 1984/2105
f 2155/1862 1165/1558 1940/1559
f 2095/1864 1940/1559 1433/1897
f 1800/2102 2155/1862 2095/1864
f 2156/1859 1799/2106 2090/1855
f 1855/2107 2090/1855 1507/2108
f 1009/2109 2156/1859 1855/2107
f 2157/1857 1740/2110 2003/1866
f 1966/2111 2003/1866 1305/1273
f 1507/2108 2157/1857 1966/2111
f 2158/1854 1388/2074 1892/1583
f 2091/1856 1892/1583 1740/2110
f 1799/2106 2158/1854 2091/1856
f 1389/1598 1924/1851 1137/1214
f 1139/2112 1961/1848 994/2113
f 991/1122 2007/1846 1139/2112
f 2086/2114 2088/1843 1798/1840
f 1747/1828 2159/1844 2086/2114
f 2010/1603 2008/1842 2159/1844
f 1928/2115 2087/1841 1421/2116
f 1899/1829 1928/2115 1157/2117
f 1747/1828 2160/1839 1899/1829
f 1817/2118 1819/1837 1001/2119
f 1421/2116 2161/1838 1817/2118
f 1798/1840 2161/1838 2087/1841
f 2162/1833 1797/2120 2082/1830
f 1927/1572 2082/1830 1420/2121
f 1927/1572 2009/2122 2162/1833
f 2163/1832 1428/2123 1935/2124
f 995/1394 2163/1832 1935/2124
f 1420/2121 2163/1832 1816/1885
f 1824/2125 1899/1829 1157/2117
f 1428/2123 2164/1827 1824/2125
f 2083/1831 2081/2126 2164/1827
f 2165/1826 1796/1822 2078/2127
f 1436/2128 2165/1826 2078/2127
f 994/2129 2165/1826 1942/1200
f 2009/2122 2079/1823 1746/1834
f 1831/1995 2009/2122 1156/2076
f 1831/1995 2078/2127 2166/1821
f 2167/1820 1390/2069 1898/1602
f 1746/1834 2167/1820 1898/1602
f 1796/1822 2167/1820 2079/1823
f 1130/1682 1951/1781 996/1683
f 1946/1816 1130/1682 1006/1560
f 1941/1813 1393/1610 1166/1613
f 1903/1806 999/1543 1170/2130
f 1854/1807 1170/2130 1005/2131
f 1304/1415 1904/1804 1394/1617
f 2074/2132 2076/1800 1795/1797
f 2018/1626 2074/2132 1755/2133
f 2018/1626 2016/1799 2168/1801
f 1934/1470 2075/1798 1427/1942
f 1161/1472 2169/1796 1934/1470
f 1755/2133 2169/1796 1907/1785
f 1823/1943 1949/1795 991/1122
f 1427/1942 2170/1793 1823/1943
f 2075/1798 2073/2134 2170/1793
f 2070/1787 2072/1791 1794/2135
f 1870/2077 2070/1787 1596/1994
f 1302/1570 2171/1792 1870/2077
f 2172/1789 1439/1978 1944/1356
f 1981/2136 1944/1356 990/1177
f 1596/1994 2172/1789 1981/2136
f 2173/1786 1161/1472 1833/1979
f 2071/1788 1833/1979 1439/1978
f 1794/2135 2173/1786 2071/1788
f 2174/1783 1793/1779 2066/2137
f 1852/2098 2066/2137 1504/1887
f 996/1683 2174/1783 1852/2098
f 2175/1778 1754/2138 2017/1790
f 1963/2139 2017/1790 1302/1570
f 1504/1887 2175/1778 1963/2139
f 1906/2140 1908/1776 1395/1625
f 2067/1780 1906/2140 1754/2138
f 1793/1779 2176/1777 2067/1780
f 1135/2141 1812/1774 1009/2109
f 1819/1772 1135/2141 1001/2142
f 1821/1769 1396/1630 1158/1632
f 2177/1766 1792/2143 2062/1761
f 2024/1640 2062/1761 1761/2144
f 1397/2057 2177/1766 2024/1640
f 2178/1763 1431/2145 1827/2146
f 1913/1750 1827/2146 1163/1500
f 1761/2144 2178/1763 1913/1750
f 2179/1760 1002/2147 1938/2148
f 2063/1762 1938/2148 1431/2145
f 1792/2143 2179/1760 2063/1762
f 2180/1757 1791/2149 2058/1752
f 1871/1917 2058/1752 1597/1915
f 1303/1536 2180/1757 1871/1917
f 2181/1754 1430/1498 1826/1310
f 1982/1538 1826/1310 1003/1499
f 1597/1915 2181/1754 1982/1538
f 2182/1751 1163/1500 1937/1321
f 2059/1753 1937/1321 1430/1498
f 1791/2149 2182/1751 2059/1753
f 2183/1748 1790/2150 2054/1744
f 1853/1920 2054/1744 1505/1918
f 1004/2093 2183/1748 1853/1920
f 2184/1746 1760/2151 2023/1755
f 1964/1537 2023/1755 1303/1536
f 1505/1918 2184/1746 1964/1537
f 2185/1743 1397/2057 1912/1639
f 2055/1745 1912/1639 1760/2151
f 1790/2150 2185/1743 2055/1745
f 1768/1652 2052/1732 1591/1353
f 1962/1731 1789/1728 1501/1729
f 1851/1577 1499/1478 987/1576
f 1593/1882 2048/1654 1788/1726
f 1299/1574 2047/1724 1767/2152
f 2186/1709 1785/2153 2040/1704
f 2029/1674 2040/1704 1779/2154
f 1400/2052 2186/1709 2029/1674
f 2187/1706 1424/1975 1931/1974
f 1918/1694 1931/1974 1159/1450
f 1918/1694 2040/1704 2187/1706
f 2188/1703 993/1151 1820/1366
f 2041/1705 1820/1366 1424/1975
f 1785/2153 2188/1703 2041/1705
f 2189/1701 1784/2155 2036/1696
f 1859/1526 2036/1696 1548/2156
f 1180/2080 2189/1701 1859/1526
f 2190/1698 1404/1955 1922/1954
f 1970/1929 1922/1954 992/1141
f 1548/2156 2190/1698 1970/1929
f 2191/1695 1159/1450 1811/1449
f 2037/1697 1811/1449 1404/1955
f 1784/2155 2191/1695 2037/1697
f 2192/1692 1783/2157 2032/1687
f 1834/1266 2032/1687 1440/2158
f 998/1180 2192/1692 1834/1266
f 2193/1689 1778/2159 2028/1699
f 1945/1986 2028/1699 1180/2080
f 1440/2158 2193/1689 1945/1986
f 2194/1686 1400/2052 1917/1673
f 2033/1688 1917/1673 1778/2159
f 1783/2157 2194/1686 2033/1688
f 2195/1677 1780/2050 2031/1684
f 2034/1691 2031/1684 1783/2157
f 1445/1911 2195/1677 2034/1691
f 2196/1675 1779/2154 2035/1693
f 2038/1700 2035/1693 1784/2155
f 1778/2159 2196/1675 2038/1700
f 2197/1672 1422/2018 2039/1702
f 1785/2153 2197/1672 2039/1702
f 1777/2051 2197/1672 2042/1708
f 2198/1643 1762/2055 2053/1741
f 2056/1747 2053/1741 1790/2150
f 1598/1167 2198/1643 2056/1747
f 2199/1641 1761/2144 2057/1749
f 2060/1756 2057/1749 1791/2149
f 1760/2151 2199/1641 2060/1756
f 2200/1638 1419/2160 2061/1758
f 2064/1765 2061/1758 1792/2143
f 1759/2056 2200/1638 2064/1765
f 1932/1635 1758/2027 1425/1767
f 1930/1633 1757/1773 1423/1770
f 2020/1631 1405/2161 1757/1773
f 2201/1627 1756/2061 2065/1775
f 1793/1779 2201/1627 2065/1775
f 2068/1782 1840/1611 2201/1627
f 2202/1624 1755/2133 2069/1784
f 2072/1791 2069/1784 1794/2135
f 2072/1791 1906/2140 2202/1624
f 2073/2134 1838/1597 1446/1794
f 1795/1797 2203/1622 2073/2134
f 1753/2062 2203/1622 2076/1800
f 1983/1621 1752/1803 1598/2162
f 1965/1620 1751/1808 1506/1805
f 2014/1619 1426/2043 1751/1808
f 1830/1183 1750/2016 1434/1811
f 1835/1581 1749/2163 1441/1814
f 2012/1612 1448/1817 1749/2163
f 2077/1818 2011/1606 1748/2066
f 1796/1822 2204/1605 2077/1818
f 1483/2164 2204/1605 2080/1825
f 2205/1604 1747/1828 2081/2126
f 1797/2120 2205/1604 2081/2126
f 2084/1835 1898/1602 2205/1604
f 2206/1601 1423/2165 2085/1836
f 2088/1843 2085/1836 1798/1840
f 1745/2068 2206/1601 2088/1843
f 1446/1794 1896/1595 1744/1845
f 1744/1845 1850/1596 1483/1847
f 1743/2006 1813/1594 1406/1850
f 2207/1588 1742/2072 2089/1852
f 2092/1858 2089/1852 1799/2106
f 1405/2161 2207/1588 2092/1858
f 2208/1585 1741/2101 2093/1860
f 2096/1867 2093/1860 1800/2102
f 1740/2110 2208/1585 2096/1867
f 2209/1582 1441/1814 2097/1869
f 2100/1875 2097/1869 1801/2100
f 1739/2073 2209/1582 2100/1875
f 1866/1519 1567/2166 1569/1877
f 1851/1577 1738/1880 1501/1729
f 1869/1575 1737/1884 1593/1882
f 2000/1573 1420/2121 1737/1884
f 1736/1888 1963/2139 1888/1569
f 1431/1890 1888/1569 1827/1567
f 1430/1893 1887/1202 1826/1566
f 1947/1561 1734/1991 1443/1894
f 1940/1559 1733/1900 1433/1897
f 1996/1557 1432/2167 1733/1900
f 1507/2168 1884/1544 1728/1909
f 1728/1909 1837/1546 1445/1911
f 1727/1990 1832/1116 1437/1913
f 1982/1538 1718/1987 1597/1915
f 1964/1537 1717/1921 1505/1918
f 1992/1535 1407/1718 1717/1921
f 1817/1531 1708/1985 1421/1922
f 1824/1529 1707/1928 1428/1925
f 1990/1527 1548/2156 1707/1928
f 1862/1387 1465/2169 1565/1930
f 1863/1393 1464/2170 1566/1933
f 1865/1369 1569/1877 1568/1935
f 1868/1398 1570/2171 1571/1937
f 1874/1517 1563/2172 1619/1940
f 1468/2173 1849/1291 1472/1962
f 1529/2174 1846/1285 1469/1965
f 1620/2175 1844/1280 1467/1968
f 1619/1940 1843/1276 1466/1970
f 1567/2166 1868/1398 1571/1937
f 1528/2176 1863/1393 1566/1933
f 1527/1981 1862/1387 1565/1930
f 1621/2177 1865/1369 1568/1935
f 1856/1294 1464/2170 1527/1981
f 1849/1291 1471/2178 1472/1962
f 1846/1285 1470/1996 1469/1965
f 1844/1280 1563/2172 1467/1968
f 1843/1276 1564/2179 1466/1970
f 1991/1267 1440/2158 1708/1985
f 1993/1244 1402/2039 1718/1987
f 1599/2180 1883/1220 1727/1990
f 1997/1211 1419/2181 1734/1991
f 1735/1892 1981/2136 1887/1202
f 1738/1880 1942/1200 1436/2128
f 1847/1198 1468/2173 1470/1996
f 2210/1184 1434/1811 2111/1997
f 2114/2003 2111/1997 1804/2071
f 1447/2182 2210/1184 2114/2003
f 1429/2020 1895/1176 1743/2006
f 2211/1172 1425/2183 2115/2007
f 2118/2015 2115/2007 1805/2065
f 1406/2014 2211/1172 2118/2015
f 2013/1160 1403/2025 1750/2016
f 1752/1803 1929/1152 1422/2018
f 2212/1147 1429/2020 2119/2064
f 1806/2022 2212/1147 2119/2064
f 1403/2025 2212/1147 2122/2026
f 2021/1145 1447/2182 1758/2027
f 2213/1144 1432/2184 2123/2028
f 2126/2035 2123/2028 1807/2054
f 1506/2185 2213/1144 2126/2035
f 2131/2186 1822/1117 1426/2043
f 2134/2047 2131/2186 1808/2049
f 1437/1913 2214/1118 2134/2047
f 1782/1110 1213/1253 1043/1111
f 1832/1116 999/1543 1822/1117
f 1488/1119 978/2187 973/1120
f 1435/1125 1402/2039 1920/1126
f 1398/1131 1769/1725 2127/1132
f 1854/1142 1005/2188 1828/1143
f 2021/1145 1133/2189 1008/1113
f 2212/1147 1810/1159 997/1148
f 2015/1150 1169/2190 993/1151
f 1574/1153 969/1190 984/1154
f 1249/1156 1010/1212 988/1157
f 1132/1115 997/1148 1810/1159
f 1392/1163 1319/1168 1034/1164
f 1391/1166 1353/1542 1102/1167
f 2211/1172 1813/2191 1000/1173
f 1825/1149 997/1148 1134/1175
f 1950/1146 1008/1113 1830/1183
f 975/1187 970/1809 983/1188
f 969/1190 974/1297 1182/1191
f 971/1193 973/1120 978/1194
f 1077/1196 1076/1289 1845/1197
f 1140/1199 994/2129 1942/1200
f 1887/1202 1981/2136 990/1177
f 1478/1204 1474/1296 971/1193
f 1508/1206 975/1187 979/1207
f 1129/1209 1002/1958 1926/1210
f 1010/1212 1011/1521 989/1213
f 1497/1215 983/1948 1491/1216
f 1984/1218 1007/1607 1172/1219
f 1321/1221 1038/1233 1210/1222
f 1192/1223 1191/1505 1451/1224
f 1452/1226 1195/1409 1194/1227
f 1724/1229 1216/1255 1041/1230
f 1721/1232 1630/1680 1104/1233
f 1202/1234 1201/1342 1455/1235
f 1456/1237 1205/1404 1204/1238
f 1252/1240 1078/1490 1251/1241
f 1176/1243 976/1127 1920/1126
f 1715/1245 1605/1495 1023/1246
f 1714/1248 1254/1306 1082/1249
f 1042/1251 1214/1326 1712/1252
f 1040/1111 1217/1328 1711/1254
f 1561/1256 1220/1406 1219/1257
f 1562/1259 1223/1399 1222/1260
f 1178/1265 998/1180 1834/1266
f 1336/1268 1075/2090 1074/1269
f 1234/1271 1074/1269 1066/1272
f 1071/1274 1063/2192 1972/1275
f 1306/1277 968/1350 985/1278
f 1071/1274 1070/1281 1062/1283
f 1242/1286 1073/1292 1065/1287
f 1076/1289 1068/2193 1848/1290
f 1073/1292 1072/1524 1841/1293
f 974/1297 969/1190 1574/1153
f 1076/1289 1077/1196 1069/1299
f 1374/1163 1351/1511 1098/1301
f 1705/1303 1631/1539 1100/1164
f 1083/1304 1255/1223 1704/1305
f 1578/1307 1258/1409 1257/1308
f 1313/1309 1024/1499 1198/1310
f 1182/1191 974/1297 980/1312
f 1093/1314 1265/1234 1702/1315
f 1581/1317 1268/1404 1267/1318
f 1308/1320 1014/1498 1188/1321
f 1370/1311 1262/1247 1088/1322
f 1700/1323 1264/1316 1092/1304
f 1697/1325 1601/1494 1013/1322
f 1277/1326 1276/1402 1492/1327
f 1280/1328 1279/1488 1493/1329
f 1494/1331 1283/1406 1282/1332
f 1495/1334 1286/1399 1285/1335
f 1531/1235 1085/1236 1257/1308
f 1363/1343 1364/1349 1641/1344
f 988/1345 989/1714 1408/1346
f 1547/1348 1124/1419 1367/1349
f 1366/1343 1367/1349 1640/1344
f 968/1350 1306/1277 1249/1156
f 1640/1344 1367/1349 1126/1262
f 1295/1354 1300/1468 1594/1355
f 1944/1356 1439/1978 1502/1357
f 1149/1363 1154/1949 1477/1364
f 1503/1360 1424/1975 1820/1366
f 1876/1367 1339/2089 1239/1368
f 1575/1370 1508/1206 1307/1371
f 1342/1342 1257/1308 1657/1373
f 1657/1373 1257/1308 1084/1225
f 1067/1374 1075/2090 1336/1268
f 1280/1328 1357/1402 1633/1377
f 1653/1381 1267/1318 1094/1236
f 1550/1382 1185/1669 1245/1383
f 1546/1348 1125/1419 1364/1349
f 1659/1344 1226/1263 1061/1262
f 1967/1385 1337/1515 1236/1386
f 968/1388 969/1190 1183/1192
f 1064/1390 1072/1524 1231/1270
f 1334/1343 1229/1263 1658/1344
f 1968/1391 1338/2088 1237/1392
f 1118/1394 1362/1376 1289/1338
f 1641/1344 1364/1349 1127/1262
f 1618/1395 1054/1375 1229/1263
f 1864/1396 1238/2075 1244/1397
f 1119/1394 1365/1376 1292/1338
f 1347/1401 1267/1318 1653/1381
f 1287/1260 1110/1261 1541/1327
f 1018/1225 1196/1308 1675/1373
f 1028/1236 1206/1318 1671/1381
f 1648/1412 1287/1260 1357/1402
f 1284/1257 1112/1258 1540/1414
f 1611/1416 1324/1415 1214/1326
f 1612/1377 1325/1402 1217/1328
f 1525/1348 1331/1343 1330/1349
f 1052/1394 1056/1337 1227/1338
f 1526/1348 1334/1343 1333/1349
f 1053/1394 1057/1337 1230/1338
f 1331/1343 1226/1263 1659/1344
f 1617/1395 1055/1375 1226/1263
f 1986/1421 1062/2194 1070/1281
f 1658/1344 1229/1263 1060/1262
f 1858/1422 1069/2195 1077/1196
f 1444/1121 973/1120 971/1193
f 1649/1425 1284/1257 1356/1415
f 1623/1426 1342/1342 1255/1223
f 1627/1429 1347/1401 1265/1234
f 1535/1431 1095/1319 1267/1318
f 1277/1326 1356/1415 1632/1416
f 1113/1261 1284/1257 1649/1425
f 1111/1330 1287/1260 1648/1412
f 1638/1395 1363/1343 1290/1263
f 1639/1395 1366/1343 1293/1263
f 1306/1277 1011/1521 1010/1212
f 1666/1412 1222/1260 1045/1330
f 1325/1402 1222/1260 1666/1412
f 1520/1327 1044/1261 1222/1260
f 1667/1425 1219/1257 1047/1261
f 1324/1415 1219/1257 1667/1425
f 1519/1414 1046/1258 1219/1257
f 1202/1234 1315/1401 1606/1429
f 1671/1381 1206/1318 1315/1401
f 1206/1318 1029/1319 1514/1431
f 1192/1223 1310/1342 1602/1426
f 1675/1373 1196/1308 1310/1342
f 1196/1308 1019/1236 1510/1235
f 1676/1448 1404/1955 1811/1449
f 1159/1450 1677/1953 2107/1451
f 1595/1452 1678/1951 1877/1453
f 1181/1185 992/1141 1418/1140
f 986/1134 1181/1185 1680/1455
f 1989/1467 1685/1945 1594/1355
f 1686/1469 1685/1945 1989/1467
f 1934/1470 1427/1942 1687/1471
f 1175/1178 990/1177 1502/1357
f 976/1127 1175/1178 1689/1474
f 1294/1483 1142/1665 1435/1125
f 1693/1485 1287/1260 1111/1330
f 1286/1399 1287/1260 1693/1485
f 1587/1259 1110/1261 1287/1260
f 1694/1486 1284/1257 1113/1261
f 1283/1406 1284/1257 1694/1486
f 1586/1256 1112/1258 1284/1257
f 1281/1255 1107/1230 1585/1487
f 1279/1488 1280/1328 1695/1254
f 1106/1111 1281/1255 1695/1254
f 1278/1253 1109/1111 1584/1377
f 1276/1402 1277/1326 1696/1252
f 1108/1251 1278/1253 1696/1252
f 1551/1489 1697/1325 1190/1240
f 1450/1250 1698/1248 1368/1491
f 1698/1248 1509/1324 1309/1493
f 1699/1245 1369/1496 1263/1493
f 1626/1495 1346/1532 1369/1496
f 1534/1497 1093/1314 1264/1316
f 1370/1311 1261/1320 1091/1498
f 1345/1309 1370/1311 1260/1310
f 1345/1309 1089/1246 1262/1247
f 1371/1242 1188/1321 1015/1500
f 1190/1240 1371/1242 1187/1241
f 1013/1322 1308/1320 1371/1242
f 1701/1501 1269/1238 1094/1236
f 1268/1404 1269/1238 1701/1501
f 1486/1237 1096/1239 1269/1238
f 1264/1316 1266/1342 1580/1426
f 1702/1315 1265/1234 1266/1342
f 1265/1234 1094/1236 1485/1235
f 972/1389 1182/1191 1186/1313
f 1372/1311 1198/1310 1025/1498
f 1200/1247 1372/1311 1197/1320
f 1023/1246 1313/1309 1372/1311
f 1703/1503 1259/1227 1084/1225
f 1258/1409 1259/1227 1703/1503
f 1481/1226 1086/1228 1259/1227
f 1254/1306 1256/1505 1577/1504
f 1704/1305 1255/1223 1256/1505
f 1255/1223 1084/1225 1480/1224
f 1583/1506 1705/1303 1270/1165
f 1490/1231 1706/1229 1373/1508
f 1706/1229 1539/1112 1355/1510
f 1270/1165 1374/1163 1271/1302
f 1100/1164 1350/1168 1374/1163
f 1350/1168 1099/1167 1351/1511
f 1248/1372 1247/1980 1475/1512
f 1473/1384 1245/1383 1246/1513
f 1337/1515 1232/2082 1860/1516
f 1244/1397 1243/2083 1867/1518
f 1239/1368 1240/1578 1866/1519
f 1237/1392 1232/2082 1952/1520
f 1011/1521 1306/1277 1147/1279
f 1236/1386 1235/2081 1953/1523
f 1073/1292 1336/1268 1231/1270
f 1375/1525 1180/2080 1859/1526
f 1157/1528 1375/1525 1990/1527
f 1001/1530 1178/1265 1991/1267
f 1709/1485 1224/1335 1045/1330
f 1223/1399 1224/1335 1709/1485
f 1463/1334 1049/1336 1224/1335
f 1710/1486 1221/1332 1047/1261
f 1220/1406 1221/1332 1710/1486
f 1462/1331 1051/1333 1221/1332
f 1216/1255 1218/1488 1560/1487
f 1711/1254 1217/1328 1218/1488
f 1217/1328 1045/1330 1461/1329
f 1213/1253 1215/1402 1559/1377
f 1712/1252 1214/1326 1215/1402
f 1214/1326 1047/1261 1460/1327
f 1713/1325 1376/1491 1253/1492
f 1622/1494 1341/1493 1376/1491
f 1530/1324 1083/1304 1254/1306
f 1554/1494 1715/1245 1200/1247
f 1454/1324 1716/1323 1377/1496
f 1716/1323 1513/1497 1314/1532
f 1378/1533 1141/1662 1925/1534
f 1303/1536 1378/1533 1992/1535
f 1003/1499 1176/1243 1993/1244
f 1379/1242 1251/1241 1081/1500
f 1340/1320 1379/1242 1250/1321
f 1079/1322 1252/1240 1379/1242
f 1719/1501 1206/1318 1028/1236
f 1205/1404 1206/1318 1719/1501
f 1556/1317 1029/1319 1206/1318
f 1203/1316 1026/1304 1555/1426
f 1201/1342 1202/1234 1720/1315
f 1027/1314 1203/1316 1720/1315
f 1582/1539 1721/1232 1272/1222
f 1489/1112 1722/1110 1380/1540
f 1722/1110 1538/1681 1354/1541
f 1723/1303 1381/1508 1212/1509
f 1610/1539 1323/1510 1381/1508
f 1518/1112 1040/1111 1216/1255
f 1725/1503 1196/1308 1018/1225
f 1195/1409 1196/1308 1725/1503
f 1553/1307 1019/1236 1196/1308
f 1193/1306 1016/1249 1552/1504
f 1191/1505 1192/1223 1726/1305
f 1017/1304 1193/1306 1726/1305
f 1382/1166 1210/1222 1039/1164
f 1320/1542 1382/1166 1209/1168
f 1320/1542 1037/2093 1321/1221
f 1883/1220 1172/1219 999/1543
f 1884/1544 1383/1548 1171/1545
f 1966/1547 1305/2079 1383/1548
f 1802/1553 1589/1475 1295/1354
f 1385/1555 1164/2078 1939/1556
f 1165/1558 1385/1555 1996/1557
f 1006/1560 1129/1209 1997/1211
f 1600/1424 1307/1371 1184/1562
f 1411/1564 1573/1514 1246/1513
f 1826/1566 1887/1202 1174/1203
f 1827/1567 1888/1569 1386/1568
f 1888/1569 1963/2139 1302/1570
f 1387/1571 1156/2076 1927/1572
f 1299/1574 1387/1571 2000/1573
f 987/1576 1140/1199 2001/1201
f 1240/1578 1238/2075 1864/1396
f 1891/1580 1166/1613 1835/1581
f 1892/1583 1388/2074 2004/1584
f 1923/1586 1136/2059 2005/1587
f 1895/1176 1134/1175 1000/1593
f 1896/1595 1389/1598 1137/1214
f 1838/1597 1162/1623 1389/1598
f 1897/1599 1158/2070 1930/1600
f 1898/1602 1390/2069 2010/1603
f 2204/1605 1850/2196 1137/1194
f 1391/1166 1273/1168 1105/1164
f 1104/1233 1352/1221 1391/1166
f 1352/1221 1103/2093 1353/1542
f 1392/1163 1208/1165 1035/1507
f 1032/1301 1318/1511 1392/1163
f 1318/1511 1033/1167 1319/1168
f 1393/1610 1131/1628 1840/1611
f 1166/1613 1393/1610 2012/1612
f 1008/1113 1132/1115 2013/1160
f 969/1154 1249/1156 1144/1158
f 1475/1512 1247/1980 1145/1615
f 1394/1617 1160/2053 1933/1618
f 1965/1620 1304/1415 1394/1617
f 1004/1233 1169/2190 2015/1150
f 2203/1622 1905/2063 1162/1623
f 2202/1624 1906/2140 1395/1625
f 2201/1627 1840/1611 1131/1628
f 1396/1630 1136/2059 1923/1586
f 1158/1632 1396/1630 2020/1631
f 1000/1634 1133/2189 2021/1145
f 1911/1636 1164/2058 1815/1637
f 1912/1639 1397/2057 2024/1640
f 1872/1511 1304/1301 2025/1642
f 1477/1364 1154/1949 1153/1644
f 1438/1461 1449/1740 1152/1646
f 1768/1652 1789/1728 2050/1653
f 2050/1653 1767/2152 1398/1131
f 1769/1725 1788/1726 1148/1647
f 1788/1726 2048/1654 1148/1647
f 1787/1658 1771/1720 1399/1128
f 1786/1659 1457/1716 1143/1660
f 1774/1661 1407/1718 1925/1534
f 1141/1662 1775/1715 2044/1663
f 1408/1346 1776/1712 1915/1664
f 1414/1668 1150/2041 1185/1669
f 1916/1670 1160/2053 1818/1671
f 1917/1673 1400/2052 2029/1674
f 1837/1546 1171/1545 2030/1676
f 1781/1232 1401/1540 1211/1510
f 1609/1680 1322/1541 1401/1540
f 1517/1681 1042/1251 1213/1253
f 1322/1541 1517/1681 1782/1110
f 1038/1233 1609/1680 1781/1232
f 1210/1222 1781/1232 1557/1539
f 2031/1684 1780/2050 1919/1685
f 2032/1687 1783/2157 2033/1688
f 1948/1690 1445/1911 2034/1691
f 2035/1693 1779/2154 1918/1694
f 2036/1696 1784/2155 2037/1697
f 2028/1699 1778/2159 2038/1700
f 2039/1702 1422/2018 1929/1152
f 2040/1704 1785/2153 2041/1705
f 2027/1707 1777/2051 2042/1708
f 981/1502 1414/1668 1550/1382
f 1409/1710 1143/1660 2026/1711
f 1776/1712 1408/1346 2043/1713
f 989/1714 1409/1710 2043/1713
f 1774/1661 1776/1712 2026/1711
f 2044/1663 1775/1715 1776/1712
f 1775/1715 1142/1665 1915/1664
f 1457/1716 977/1609 1814/1717
f 1407/1718 1774/1661 2045/1719
f 1143/1660 1457/1716 2045/1719
f 1771/1720 1786/1659 1773/1129
f 1296/1460 1590/1459 1786/1659
f 1590/1459 977/1609 1457/1716
f 1787/1658 1772/1656 1146/1655
f 1498/1456 1787/1658 1478/1721
f 1498/1456 1296/1460 1771/1720
f 1772/1656 1770/1130 2046/1722
f 1147/1723 985/2197 2046/1722
f 985/2197 1411/1657 2046/1722
f 1398/1131 1767/2152 2047/1724
f 2047/1724 1788/1726 1769/1725
f 1869/1575 1593/1882 1788/1726
f 1980/1727 986/1134 1412/1136
f 1297/1476 1499/1478 2049/1730
f 2049/1730 1789/1728 1297/1476
f 1501/1729 1789/1728 2049/1730
f 1299/1574 1767/2152 2050/1653
f 1398/1131 1766/1133 2051/1733
f 1186/1734 980/1351 2052/1732
f 980/1351 1591/1353 2052/1732
f 979/1463 983/1948 1449/1740
f 978/1737 1477/1364 1487/1645
f 2053/1741 1762/2055 1914/1742
f 2054/1744 1790/2150 2055/1745
f 1983/1542 1598/1167 2056/1747
f 2057/1749 1761/2144 1913/1750
f 2058/1752 1791/2149 2059/1753
f 2023/1755 1760/2151 2060/1756
f 2061/1758 1419/2160 1926/1759
f 2062/1761 1792/2143 2063/1762
f 2022/1764 1759/2056 2064/1765
f 1425/1767 1758/2027 1910/1768
f 1423/1770 1757/1773 1909/1771
f 1757/1773 1405/2161 1812/1774
f 2065/1775 1756/2061 1908/1776
f 2175/1778 2066/2137 1793/1779
f 1951/1781 1448/1817 2068/1782
f 2069/1784 1755/2133 1907/1785
f 2070/1787 1794/2135 2071/1788
f 2017/1790 1754/2138 2072/1791
f 2170/1793 2073/2134 1446/1794
f 2169/1796 2074/2132 1795/1797
f 2016/1799 1753/2062 2076/1800
f 1872/1802 1598/2162 1752/1803
f 1506/1805 1751/1808 1903/1806
f 1751/1808 1426/2043 1822/1117
f 970/1809 1475/1512 1491/1616
f 1434/1811 1750/2016 1902/1812
f 1441/1814 1749/2163 1901/1815
f 1901/1815 1749/2163 1448/1817
f 2077/1818 1748/2066 1900/1819
f 2166/1821 2078/2127 1796/1822
f 1961/1824 1483/2164 2080/1825
f 2164/1827 2081/2126 1747/1828
f 2082/1830 1797/2120 2083/1831
f 2162/1833 2009/2122 1746/1834
f 2085/1836 1423/2165 1819/1837
f 2160/1839 2086/2114 1798/1840
f 2008/1842 1745/2068 2088/1843
f 1949/1795 1446/1794 1744/1845
f 2007/1846 1744/1845 1483/1847
f 2006/1849 1743/2006 1406/1850
f 2089/1852 1742/2072 1894/1853
f 2090/1855 1799/2106 2091/1856
f 1812/1774 1405/2161 2092/1858
f 2093/1860 1741/2101 1893/1861
f 2094/1863 1800/2102 2095/1864
f 2003/1866 1740/2110 2096/1867
f 2097/1869 1441/1814 1946/1816
f 2098/1871 1801/2100 2099/1872
f 2002/1874 1739/2073 2100/1875
f 1569/1877 1567/2166 1975/1878
f 1962/1731 1501/1729 1738/1880
f 1593/1882 1737/1884 1889/1883
f 1737/1884 1420/2121 1816/1885
f 1999/1886 1852/2098 1504/1887
f 1938/1889 1999/1886 1736/1888
f 1937/1891 1998/1993 1735/1892
f 985/1350 968/1388 1573/1514
f 974/1297 1600/1424 1442/1563
f 1443/1894 1734/1991 1886/1895
f 1433/1897 1733/1900 1885/1898
f 1733/1900 1432/2167 1828/1901
f 1730/1552 1802/1553 1732/1554
f 1294/1483 1588/1484 1802/1553
f 1588/1484 976/1127 1589/1475
f 1730/1552 1731/1549 2101/1902
f 1144/1903 988/1345 2101/1902
f 988/1345 1496/1347 2101/1902
f 1729/1551 1410/1905 2102/1904
f 984/1907 1144/1903 2102/1904
f 1144/1903 1731/1549 2102/1904
f 1855/1908 1507/2168 1728/1909
f 1995/1910 1728/1909 1445/1911
f 1994/1912 1727/1990 1437/1913
f 1323/1510 1518/1112 1724/1229
f 1034/1164 1610/1539 1723/1303
f 1208/1165 1723/1303 1558/1506
f 1278/1253 1108/1251 1538/1681
f 1109/1111 1278/1253 1722/1110
f 1274/1510 1380/1540 1721/1232
f 1597/1915 1718/1987 1882/1916
f 1505/1918 1717/1921 1881/1919
f 1717/1921 1407/1718 1814/1717
f 1203/1316 1027/1314 1513/1497
f 1026/1304 1203/1316 1716/1323
f 1199/1493 1377/1496 1715/1245
f 1341/1493 1530/1324 1714/1248
f 1079/1322 1622/1494 1713/1325
f 1252/1240 1713/1325 1576/1489
f 1421/1922 1708/1985 1880/1923
f 1428/1925 1707/1928 1879/1926
f 1707/1928 1548/2156 1970/1929
f 1565/1930 1465/2169 1842/1931
f 1566/1933 1464/2170 1841/1293
f 1568/1935 1569/1877 1977/1879
f 1571/1937 1570/2171 1978/1938
f 1619/1940 1563/2172 1971/1282
f 972/1389 1473/1384 1573/1514
f 1281/1255 1106/1111 1539/1112
f 1107/1230 1281/1255 1706/1229
f 1275/1509 1373/1508 1705/1303
f 1346/1532 1534/1497 1700/1323
f 1089/1246 1626/1495 1699/1245
f 1262/1247 1699/1245 1579/1494
f 1193/1306 1017/1304 1509/1324
f 1016/1249 1193/1306 1698/1248
f 1189/1492 1368/1491 1697/1325
f 1300/1468 1295/1354 1689/1474
f 2103/1941 1416/1138 1152/1646
f 1427/1942 1416/1138 2103/1941
f 1823/1943 991/1122 1416/1138
f 1687/1471 1152/1646 1878/1944
f 1685/1945 1686/1469 2104/1946
f 1161/1472 1687/1471 2104/1946
f 2105/1947 1449/1740 983/1948
f 1685/1945 1449/1740 2105/1947
f 1878/1944 1152/1646 1449/1740
f 987/1576 1500/1465 1684/1464
f 1151/1359 1683/1358 1684/1464
f 1298/1466 1592/1462 1438/1461
f 977/1609 1590/1459 1682/1458
f 1301/1362 1681/1361 1682/1458
f 1296/1460 1498/1456 1595/1452
f 1154/1949 1149/1363 1680/1455
f 1487/1645 1153/1644 1988/1950
f 1678/1951 1595/1452 2106/1952
f 982/1457 1487/1645 2106/1952
f 1676/1448 1678/1951 1988/1950
f 2107/1451 1677/1953 1678/1951
f 1677/1953 1301/1362 1877/1453
f 1417/1139 992/1141 1922/1954
f 1404/1955 1676/1448 2108/1956
f 1153/1644 1417/1139 2108/1956
f 1248/1372 1307/1371 1600/1424
f 1185/1669 1444/1121 1572/1295
f 1956/1961 1468/2173 1472/1962
f 1969/1964 1529/2174 1469/1965
f 1875/1967 1620/2175 1467/1968
f 1874/1517 1619/1940 1466/1970
f 1975/1878 1567/2166 1571/1937
f 1857/1972 1528/2176 1566/1933
f 1856/1294 1527/1981 1565/1930
f 970/1809 975/1187 1508/1206
f 1987/1973 1621/2177 1568/1935
f 1677/1953 1159/1450 1931/1974
f 1424/1975 1503/1360 2109/1976
f 1301/1362 1677/1953 2109/1976
f 1168/1162 1681/1361 1503/1360
f 1138/1124 1683/1358 1415/1137
f 2110/1977 1686/1469 1300/1468
f 1439/1978 1686/1469 2110/1977
f 1833/1979 1161/1472 1686/1469
f 1496/1347 1408/1346 1142/1665
f 1368/1491 1309/1493 1601/1494
f 1369/1496 1700/1323 1484/1324
f 1373/1508 1355/1510 1631/1539
f 1476/1298 1574/1153 1247/1980
f 1245/1383 1572/1295 1474/1296
f 1527/1981 1464/2170 1952/1520
f 1472/1962 1471/2178 1959/1982
f 1469/1965 1470/1996 1958/1983
f 1467/1968 1563/2172 1860/1516
f 1466/1970 1564/2179 1861/1984
f 1708/1985 1440/2158 1945/1986
f 1376/1491 1714/1248 1479/1250
f 1377/1496 1314/1532 1605/1495
f 1718/1987 1402/2039 1809/1988
f 1380/1540 1354/1541 1630/1680
f 1381/1508 1724/1229 1459/1231
f 1873/1989 1599/2180 1727/1990
f 1803/1217 1491/1216 1145/1906
f 1384/1550 1732/1554 1803/1217
f 1732/1554 1295/1354 1497/1215
f 1734/1991 1419/2181 1815/1992
f 1307/1371 1508/1206 1549/1208
f 1146/1565 1246/1513 1474/1296
f 1998/1993 1870/2077 1596/1994
f 1738/1880 1436/2128 1831/1995
f 1470/1996 1468/2173 1956/1961
f 2111/1997 1434/1811 1941/1813
f 2112/1999 1804/2071 2113/2000
f 1839/2002 1447/2182 2114/2003
f 1936/2005 1429/2020 1743/2006
f 2115/2007 1425/2183 1821/2008
f 2116/2010 1805/2065 2117/2011
f 2144/2013 1924/2067 1406/2014
f 1750/2016 1403/2025 1921/2017
f 1247/1980 1574/1153 1410/1155
f 1904/1804 1752/1803 1422/2018
f 2143/2019 2119/2064 1429/2020
f 2142/2021 2120/2060 1806/2022
f 2141/2024 1921/2017 1403/2025
f 1758/2027 1447/2182 1839/2002
f 2123/2028 1432/2184 1939/2029
f 2124/2031 1807/2054 2125/2032
f 1965/2034 1506/2185 2126/2035
f 1154/1949 1418/1140 1417/1139
f 1151/1359 1152/1646 1416/1138
f 1769/1725 1453/1649 2128/2037
f 981/1739 1186/1734 2128/2037
f 1186/1734 1766/1133 2128/2037
f 1773/1129 1409/1710 2129/2038
f 989/1714 1147/1723 2129/2038
f 1147/1723 1770/1130 2129/2038
f 1775/1715 1141/1662 1809/1988
f 1402/2039 1435/1125 2130/2040
f 1142/1665 1775/1715 2130/2040
f 1150/2041 1488/1119 1444/1121
f 2137/2042 2131/2186 1426/2043
f 2132/2044 1808/2049 2133/2045
f 1943/1914 1437/1913 2134/2047
f 1401/1540 1782/1110 1458/1112
f 2135/2048 2134/2047 1808/2049
f 2030/1676 2135/2048 2132/2044
f 1171/1545 1943/1914 2135/2048
f 2136/2046 2133/2045 1777/2051
f 1919/1685 2136/2046 2027/1707
f 1780/2050 2132/2044 2136/2046
f 1916/1670 2137/2042 1933/1618
f 2133/2045 2137/2042 1916/1670
f 1808/2049 2131/2186 2137/2042
f 2138/2036 2126/2035 1807/2054
f 2025/1642 2138/2036 2124/2031
f 1304/1301 1965/2034 2138/2036
f 2139/2033 2125/2032 1759/2056
f 1914/1742 2139/2033 2022/1764
f 1762/2055 2124/2031 2139/2033
f 2140/2030 1939/2029 1164/2058
f 2125/2032 2140/2030 1911/1636
f 1807/2054 2123/2028 2140/2030
f 1910/1768 1839/2002 1136/2059
f 2120/2060 2141/2024 2122/2026
f 2019/1629 2141/2024 2120/2060
f 2019/1629 1131/1628 1921/2017
f 2016/1799 2142/2021 2121/2023
f 1395/1625 1908/1776 2142/2021
f 1908/1776 1756/2061 2120/2060
f 1905/2063 2143/2019 1936/2005
f 2121/2023 2143/2019 1905/2063
f 2121/2023 1806/2022 2119/2064
f 1394/1617 1904/1804 1818/1671
f 1902/1812 1921/2017 1131/1628
f 2116/2010 2144/2013 2118/2015
f 2011/1606 2144/2013 2116/2010
f 2011/1606 1137/1194 1924/2067
f 2145/2012 2117/2011 1745/2068
f 1900/1819 2145/2012 2008/1842
f 1900/1819 1748/2066 2116/2010
f 2146/2009 1821/2008 1158/2070
f 2117/2011 2146/2009 1897/1599
f 1805/2065 2115/2007 2146/2009
f 1162/1623 1936/2005 2006/1849
f 2147/2004 2114/2003 1804/2071
f 2005/1587 2147/2004 2112/1999
f 1136/2059 1839/2002 2147/2004
f 2148/2001 2113/2000 1739/2073
f 1894/1853 2148/2001 2002/1874
f 1742/2072 2112/1999 2148/2001
f 2149/1998 1941/1813 1166/1613
f 2113/2000 2149/1998 1891/1580
f 1804/2071 2111/1997 2149/1998
f 1958/1983 1956/1961 1238/2075
f 1890/1881 1831/1995 1156/2076
f 1386/1568 1302/1570 1870/2077
f 1886/1895 1815/1992 1164/2078
f 1305/2079 1873/1989 1994/1912
f 1882/1916 1809/1988 1141/1662
f 1880/1923 1945/1986 1180/2080
f 1954/1971 1861/1984 1235/2081
f 1955/1969 1860/1516 1232/2082
f 1957/1966 1958/1983 1240/1578
f 1960/1963 1959/1982 1243/2083
f 1967/1385 1952/1520 1232/2082
f 1073/1292 1856/1294 1973/1932
f 1074/1269 1975/1878 1979/1939
f 1337/1515 1874/1517 1954/1971
f 1338/2088 1875/1967 1955/1969
f 1339/2089 1969/1964 1957/1966
f 1238/2075 1956/1961 1960/1963
f 1985/1420 1971/1282 1070/1281
f 1976/1936 1977/1879 1075/2090
f 1974/1934 1841/1293 1072/1524
f 1879/1926 1970/1929 992/1141
f 1935/1927 1879/1926 1179/2091
f 1928/1924 1880/1923 1375/1525
f 1881/1919 1814/1717 977/1609
f 1853/1920 1881/1919 1167/2092
f 1871/1917 1882/1916 1378/1533
f 1383/1548 1994/1912 1943/1914
f 1177/1182 1995/1910 1948/1690
f 1009/1590 1855/1908 1995/1910
f 1885/1898 1828/1901 1005/2088
f 1829/1899 1885/1898 1173/2094
f 1836/1896 1886/1895 1385/1555
f 1163/1401 1386/1568 1998/1993
f 1002/2096 1128/2097 1999/1886
f 1128/2097 996/1683 1852/2098
f 1889/1883 1816/1885 995/1394
f 986/1134 1980/1727 1889/1883
f 1962/1731 1890/1881 1387/1571
f 1977/1879 1975/1878 1074/1269
f 2150/1876 2100/1875 1801/2100
f 2004/1584 2150/1876 2098/1871
f 1388/2074 2002/1874 2150/1876
f 2151/1873 2099/1872 1443/1894
f 1893/1861 2151/1873 1836/1896
f 1741/2101 2098/1871 2151/1873
f 2152/1870 1946/1816 1006/1560
f 2099/1872 2152/1870 1947/1561
f 2099/1872 1801/2100 2097/1869
f 2153/1868 2096/1867 1800/2102
f 1873/2103 2153/1868 2094/1863
f 1305/1273 2003/1866 2153/1868
f 2154/1865 2095/1864 1433/1897
f 1984/2105 2154/1865 1829/1899
f 1599/2104 2094/1863 2154/1865
f 2155/1862 1893/1861 1165/1558
f 2095/1864 2155/1862 1940/1559
f 1800/2102 2093/1860 2155/1862
f 2156/1859 2092/1858 1799/2106
f 1855/2107 2156/1859 2090/1855
f 1009/2109 1812/1774 2156/1859
f 2157/1857 2091/1856 1740/2110
f 1966/2111 2157/1857 2003/1866
f 1507/2108 2090/1855 2157/1857
f 2158/1854 1894/1853 1388/2074
f 2091/1856 2158/1854 1892/1583
f 1799/2106 2089/1852 2158/1854
f 1389/1598 2006/1849 1924/1851
f 1139/2112 2007/1846 1961/1848
f 991/1122 1949/1795 2007/1846
f 2086/2114 2159/1844 2088/1843
f 1747/1828 2010/1603 2159/1844
f 2010/1603 1390/2069 2008/1842
f 1928/2115 2160/1839 2087/1841
f 1899/1829 2160/1839 1928/2115
f 1747/1828 2086/2114 2160/1839
f 1817/2118 2161/1838 1819/1837
f 1421/2116 2087/1841 2161/1838
f 1798/1840 2085/1836 2161/1838
f 2162/1833 2084/1835 1797/2120
f 1927/1572 2162/1833 2082/1830
f 1927/1572 1156/2076 2009/2122
f 2163/1832 2083/1831 1428/2123
f 995/1394 1816/1885 2163/1832
f 1420/2121 2082/1830 2163/1832
f 1824/2125 2164/1827 1899/1829
f 1428/2123 2083/1831 2164/1827
f 2083/1831 1797/2120 2081/2126
f 2165/1826 2080/1825 1796/1822
f 1436/2128 1942/1200 2165/1826
f 994/2129 1961/1824 2165/1826
f 2009/2122 2166/1821 2079/1823
f 1831/1995 2166/1821 2009/2122
f 1831/1995 1436/2128 2078/2127
f 2167/1820 1900/1819 1390/2069
f 1746/1834 2079/1823 2167/1820
f 1796/1822 2077/1818 2167/1820
f 1130/1682 1901/1815 1951/1781
f 1946/1816 1901/1815 1130/1682
f 1941/1813 1902/1812 1393/1610
f 1903/1806 1822/1117 999/1543
f 1854/1807 1903/1806 1170/2130
f 1304/1415 1872/1802 1904/1804
f 2074/2132 2168/1801 2076/1800
f 2018/1626 2168/1801 2074/2132
f 2018/1626 1395/1625 2016/1799
f 1934/1470 2169/1796 2075/1798
f 1161/1472 1907/1785 2169/1796
f 1755/2133 2074/2132 2169/1796
f 1823/1943 2170/1793 1949/1795
f 1427/1942 2075/1798 2170/1793
f 2075/1798 1795/1797 2073/2134
f 2070/1787 2171/1792 2072/1791
f 1870/2077 2171/1792 2070/1787
f 1302/1570 2017/1790 2171/1792
f 2172/1789 2071/1788 1439/1978
f 1981/2136 2172/1789 1944/1356
f 1596/1994 2070/1787 2172/1789
f 2173/1786 1907/1785 1161/1472
f 2071/1788 2173/1786 1833/1979
f 1794/2135 2069/1784 2173/1786
f 2174/1783 2068/1782 1793/1779
f 1852/2098 2174/1783 2066/2137
f 996/1683 1951/1781 2174/1783
f 2175/1778 2067/1780 1754/2138
f 1963/2139 2175/1778 2017/1790
f 1504/1887 2066/2137 2175/1778
f 1906/2140 2176/1777 1908/1776
f 2067/1780 2176/1777 1906/2140
f 1793/1779 2065/1775 2176/1777
f 1135/2141 1909/1771 1812/1774
f 1819/1772 1909/1771 1135/2141
f 1821/1769 1910/1768 1396/1630
f 2177/1766 2064/1765 1792/2143
f 2024/1640 2177/1766 2062/1761
f 1397/2057 2022/1764 2177/1766
f 2178/1763 2063/1762 1431/2145
f 1913/1750 2178/1763 1827/2146
f 1761/2144 2062/1761 2178/1763
f 2179/1760 1926/1759 1002/2147
f 2063/1762 2179/1760 1938/2148
f 1792/2143 2061/1758 2179/1760
f 2180/1757 2060/1756 1791/2149
f 1871/1917 2180/1757 2058/1752
f 1303/1536 2023/1755 2180/1757
f 2181/1754 2059/1753 1430/1498
f 1982/1538 2181/1754 1826/1310
f 1597/1915 2058/1752 2181/1754
f 2182/1751 1913/1750 1163/1500
f 2059/1753 2182/1751 1937/1321
f 1791/2149 2057/1749 2182/1751
f 2183/1748 2056/1747 1790/2150
f 1853/1920 2183/1748 2054/1744
f 1004/2093 1983/1542 2183/1748
f 2184/1746 2055/1745 1760/2151
f 1964/1537 2184/1746 2023/1755
f 1505/1918 2054/1744 2184/1746
f 2185/1743 1914/1742 1397/2057
f 2055/1745 2185/1743 1912/1639
f 1790/2150 2053/1741 2185/1743
f 1768/1652 2051/1733 2052/1732
f 1962/1731 2050/1653 1789/1728
f 1851/1577 2049/1730 1499/1478
f 1593/1882 1980/1727 2048/1654
f 1299/1574 1869/1575 2047/1724
f 2186/1709 2042/1708 1785/2153
f 2029/1674 2186/1709 2040/1704
f 1400/2052 2027/1707 2186/1709
f 2187/1706 2041/1705 1424/1975
f 1918/1694 2187/1706 1931/1974
f 1918/1694 1779/2154 2040/1704
f 2188/1703 1929/1152 993/1151
f 2041/1705 2188/1703 1820/1366
f 1785/2153 2039/1702 2188/1703
f 2189/1701 2038/1700 1784/2155
f 1859/1526 2189/1701 2036/1696
f 1180/2080 2028/1699 2189/1701
f 2190/1698 2037/1697 1404/1955
f 1970/1929 2190/1698 1922/1954
f 1548/2156 2036/1696 2190/1698
f 2191/1695 1918/1694 1159/1450
f 2037/1697 2191/1695 1811/1449
f 1784/2155 2035/1693 2191/1695
f 2192/1692 2034/1691 1783/2157
f 1834/1266 2192/1692 2032/1687
f 998/1180 1948/1690 2192/1692
f 2193/1689 2033/1688 1778/2159
f 1945/1986 2193/1689 2028/1699
f 1440/2158 2032/1687 2193/1689
f 2194/1686 1919/1685 1400/2052
f 2033/1688 2194/1686 1917/1673
f 1783/2157 2031/1684 2194/1686
f 2195/1677 2030/1676 1780/2050
f 2034/1691 2195/1677 2031/1684
f 1445/1911 1837/1546 2195/1677
f 2196/1675 2029/1674 1779/2154
f 2038/1700 2196/1675 2035/1693
f 1778/2159 1917/1673 2196/1675
f 2197/1672 1818/1671 1422/2018
f 1785/2153 2042/1708 2197/1672
f 1777/2051 1916/1670 2197/1672
f 2198/1643 2025/1642 1762/2055
f 2056/1747 2198/1643 2053/1741
f 1598/1167 1872/1511 2198/1643
f 2199/1641 2024/1640 1761/2144
f 2060/1756 2199/1641 2057/1749
f 1760/2151 1912/1639 2199/1641
f 2200/1638 1815/1637 1419/2160
f 2064/1765 2200/1638 2061/1758
f 1759/2056 1911/1636 2200/1638
f 1932/1635 2021/1145 1758/2027
f 1930/1633 2020/1631 1757/1773
f 2020/1631 1923/1586 1405/2161
f 2201/1627 2019/1629 1756/2061
f 1793/1779 2068/1782 2201/1627
f 2068/1782 1448/1817 1840/1611
f 2202/1624 2018/1626 1755/2133
f 2072/1791 2202/1624 2069/1784
f 2072/1791 1754/2138 1906/2140
f 2073/2134 2203/1622 1838/1597
f 1795/1797 2076/1800 2203/1622
f 1753/2062 1905/2063 2203/1622
f 1983/1621 2015/1150 1752/1803
f 1965/1620 2014/1619 1751/1808
f 2014/1619 1933/1618 1426/2043
f 1830/1183 2013/1160 1750/2016
f 1835/1581 2012/1612 1749/2163
f 2012/1612 1840/1611 1448/1817
f 2077/1818 2204/1605 2011/1606
f 1796/1822 2080/1825 2204/1605
f 1483/2164 1850/2196 2204/1605
f 2205/1604 2010/1603 1747/1828
f 1797/2120 2084/1835 2205/1604
f 2084/1835 1746/1834 1898/1602
f 2206/1601 1930/1600 1423/2165
f 2088/1843 2206/1601 2085/1836
f 1745/2068 1897/1599 2206/1601
f 1446/1794 1838/1597 1896/1595
f 1744/1845 1896/1595 1850/1596
f 1743/2006 1895/1176 1813/1594
f 2207/1588 2005/1587 1742/2072
f 2092/1858 2207/1588 2089/1852
f 1405/2161 1923/1586 2207/1588
f 2208/1585 2004/1584 1741/2101
f 2096/1867 2208/1585 2093/1860
f 1740/2110 1892/1583 2208/1585
f 2209/1582 1835/1581 1441/1814
f 2100/1875 2209/1582 2097/1869
f 1739/2073 1891/1580 2209/1582
f 1866/1519 1864/1396 1567/2166
f 1851/1577 2001/1201 1738/1880
f 1869/1575 2000/1573 1737/1884
f 2000/1573 1927/1572 1420/2121
f 1736/1888 1504/1887 1963/2139
f 1431/1890 1736/1888 1888/1569
f 1430/1893 1735/1892 1887/1202
f 1947/1561 1997/1211 1734/1991
f 1940/1559 1996/1557 1733/1900
f 1996/1557 1939/1556 1432/2167
f 1507/2168 1966/1547 1884/1544
f 1728/1909 1884/1544 1837/1546
f 1727/1990 1883/1220 1832/1116
f 1982/1538 1993/1244 1718/1987
f 1964/1537 1992/1535 1717/1921
f 1992/1535 1925/1534 1407/1718
f 1817/1531 1991/1267 1708/1985
f 1824/1529 1990/1527 1707/1928
f 1990/1527 1859/1526 1548/2156
f 1862/1387 1953/1523 1465/2169
f 1863/1393 1952/1520 1464/2170
f 1865/1369 1866/1519 1569/1877
f 1868/1398 1867/1518 1570/2171
f 1874/1517 1860/1516 1563/2172
f 1468/2173 1845/1197 1849/1291
f 1529/2174 1858/1422 1846/1285
f 1620/2175 1986/1421 1844/1280
f 1619/1940 1985/1420 1843/1276
f 1567/2166 1864/1396 1868/1398
f 1528/2176 1968/1391 1863/1393
f 1527/1981 1967/1385 1862/1387
f 1621/2177 1876/1367 1865/1369
f 1856/1294 1841/1293 1464/2170
f 1849/1291 1848/1290 1471/2178
f 1846/1285 1847/1198 1470/1996
f 1844/1280 1971/1282 1563/2172
f 1843/1276 1972/1275 1564/2179
f 1991/1267 1834/1266 1440/2158
f 1993/1244 1920/1126 1402/2039
f 1599/2180 1984/1218 1883/1220
f 1997/1211 1926/1210 1419/2181
f 1735/1892 1596/1994 1981/2136
f 1738/1880 2001/1201 1942/1200
f 1847/1198 1845/1197 1468/2173
f 2210/1184 1830/1183 1434/1811
f 2114/2003 2210/1184 2111/1997
f 1447/2182 1950/1146 2210/1184
f 1429/2020 1825/1149 1895/1176
f 2211/1172 1932/1174 1425/2183
f 2118/2015 2211/1172 2115/2007
f 1406/2014 1813/2191 2211/1172
f 2013/1160 1810/1159 1403/2025
f 1752/1803 2015/1150 1929/1152
f 2212/1147 1825/1149 1429/2020
f 1806/2022 2122/2026 2212/1147
f 1403/2025 1810/1159 2212/1147
f 2021/1145 1950/1146 1447/2182
f 2213/1144 1828/1143 1432/2184
f 2126/2035 2213/1144 2123/2028
f 1506/2185 1854/1142 2213/1144
f 2131/2186 2214/1118 1822/1117
f 2134/2047 2214/1118 2131/2186
f 1437/1913 1832/1116 2214/1118
o LeftArm
v 3.834 3.2925 2.166
v 3.834 3.2925 -2.166
v 3.834 12.498 2.166
v 3.834 12.498 -2.166
v 8.166 3.2925 2.166
v 8.166 3.2925 -2.166
v 8.166 12.498 2.166
v 8.166 12.498 -2.166
v 3.2925 -1.581 2.166
v 3.2925 -1.581 -2.166
v 8.166 -1.581 2.166
v 8.166 -1.581 -2.166
v 3.2925 -0.498 -3.249
v 8.166 -0.498 -3.249
v 3.2925 -0.498 3.249
v 8.166 -0.498 3.249
v 9.249 -0.498 2.166
v 9.249 -0.498 -2.166
v 3.2925 3.2925 -3.249
v 8.166 3.2925 -3.249
v 3.2925 3.2925 3.249
v 8.166 3.2925 3.249
v 9.249 3.2925 2.166
v 9.249 3.2925 -2.166
v 4.3755 11.415 2.7075
v 4.3755 11.415 -2.7075
v 7.6245 11.415 2.7075
v 7.6245 11.415 -2.7075
v 3.2925 11.415 -1.6245
v 8.7075 11.415 -1.6245
v 3.2925 11.415 1.6245
v 8.7075 11.415 1.6245
v 3.834 11.415 2.166
v 8.166 11.415 2.166
v 8.166 11.415 -2.166
v 3.834 11.415 -2.166
v 4.3755 8.166 2.7075
v 4.3755 8.166 -2.7075
v 7.6245 8.166 2.7075
v 7.6245 8.166 -2.7075
v 3.2925 8.166 -1.6245
v 8.7075 8.166 -1.6245
v 3.2925 8.166 1.6245
v 8.7075 8.166 1.6245
v 3.834 7.083 2.166
v 3.834 7.083 -2.166
v 8.166 7.083 2.166
v 8.166 7.083 -2.166
v 9.249 0.585 -2.166
v 9.249 2.751 -2.166
v 9.7905 0.585 -1.6245
v 9.7905 2.751 -1.6245
v 9.7905 0.585 1.6245
v 9.7905 2.751 1.6245
v 9.7905 -0.498 3.7905
v 9.7905 1.668 3.7905
v 7.6245 8.166 2.7075
v 4.3755 8.166 2.7075
v 7.6245 7.6245 3.249
v 4.3755 7.6245 3.249
v 7.6245 3.2925 3.249
v 4.3755 3.2925 3.249
v 9.249 0.585 -2.166
v 9.249 2.751 -2.166
v 9.7905 0.585 -1.6245
v 9.7905 2.751 -1.6245
v 9.7905 0.585 1.6245
v 9.7905 2.751 1.6245
v 9.7905 -0.498 3.7905
v 9.7905 1.668 3.7905
v 7.6245 8.166 2.7075
v 4.3755 8.166 2.7075
v 7.6245 7.6245 3.249
v 4.3755 7.6245 3.249
v 7.6245 3.2925 3.249
v 4.3755 3.2925 3.249
v 3.834 12.498 -0
v 6 12.498 -2.166
v 3.2925 3.2925 -0
v 3.2925 0.8558 -2.7075
v 3.2925 -1.581 -0
v 5.7293 -1.581 2.166
v 5.7293 -1.581 -2.166
v 8.166 -1.0395 -2.7075
v 3.2925 -1.0395 2.7075
v 8.166 -1.581 -0
v 8.7075 -1.0395 2.166
v 9.249 -0.498 -0
v 9.249 1.3973 2.166
v 5.7293 -0.498 3.249
v 3.2925 1.3973 3.249
v 5.7293 -0.498 -3.249
v 8.166 1.3973 -3.249
v 8.7075 -1.0395 -2.166
v 8.7075 -0.498 -2.7075
v 9.249 1.3973 -2.166
v 8.166 -1.0395 2.7075
v 8.7075 -0.498 2.7075
v 8.7075 3.2925 2.7075
v 5.7293 3.2925 -3.249
v 8.166 3.2925 -0
v 8.7075 3.2925 -2.7075
v 6 3.2925 2.166
v 3.5633 3.2925 -0.5415
v 3.834 3.2925 -0
v 8.166 12.498 -0
v 6 12.498 2.166
v 3.5633 11.415 0.2707
v 3.834 11.415 -0
v 6.2707 11.415 2.4367
v 6 11.415 2.7075
v 8.4367 11.415 -0.2708
v 8.7075 11.415 -0
v 5.7293 11.415 -2.4368
v 6 11.415 -2.7075
v 3.2925 11.415 -0
v 3.2925 9.7905 1.6245
v 8.7075 9.7905 1.6245
v 7.6245 9.7905 2.7075
v 4.1048 9.7905 2.4367
v 4.3755 9.7905 2.7075
v 8.7075 9.7905 -1.6245
v 4.3755 9.7905 -2.7075
v 7.6245 9.7905 -2.7075
v 6 8.166 -2.7075
v 8.7075 8.166 -0
v 6 8.166 2.7075
v 3.2925 8.166 -0
v 3.834 5.1878 -2.166
v 3.834 5.1878 2.166
v 8.166 5.1878 -2.166
v 6 3.2925 -2.166
v 9.249 1.668 -2.166
v 9.7905 2.751 -0
v 9.7905 1.668 -1.6245
v 9.7905 2.2095 2.7075
v 9.7905 1.668 1.6245
v 6 8.166 2.7075
v 4.3755 5.4585 3.249
v 6 7.6245 3.249
v 3.5633 9.7905 -1.8953
v 3.2925 9.7905 -1.6245
v 9.249 1.668 -2.166
v 9.7905 1.668 -1.6245
v 9.7905 2.751 -0
v 9.7905 1.668 1.6245
v 9.7905 2.2095 2.7075
v 6 8.166 2.7075
v 6 7.6245 3.249
v 4.3755 5.4585 3.249
v 3.2925 1.3973 -3.249
v 3.2925 -1.0395 -2.7075
v 3.2925 0.8558 2.7075
v 9.249 3.2925 -0
v 8.166 1.3973 3.249
v 5.7293 3.2925 3.249
v 8.166 11.415 -0
v 6 11.415 2.166
v 6 11.415 -2.166
v 7.8952 9.7905 2.4367
v 8.166 8.166 2.166
v 3.834 8.166 2.166
v 8.4367 9.7905 -1.8953
v 8.166 8.166 -2.166
v 6 7.083 -2.166
v 8.166 7.083 -0
v 6 7.083 2.166
v 3.834 7.083 -0
v 8.166 5.1878 2.166
v 9.7905 0.585 -0
v 9.7905 0.585 3.7905
v 9.7905 0.0435 2.7075
v 6 3.2925 3.249
v 7.6245 5.4585 3.249
v 3.834 8.166 -2.166
v 9.7905 0.585 -0
v 9.7905 0.0435 2.7075
v 9.7905 0.585 3.7905
v 7.6245 5.4585 3.249
v 6 3.2925 3.249
v 6 5.4585 3.249
v 3.2925 0.8558 -0
v 6 5.1878 -2.166
v 9.7905 1.668 -0
v 8.7075 9.7905 -0
v 6 9.7905 -2.7075
v 9.7905 1.1265 2.7075
v 9.7905 1.668 -0
v 3.834 5.1878 -0
v 5.7293 1.3973 3.249
v 3.2925 9.7905 -0
v 9.7905 1.1265 2.7075
v 5.7293 1.3973 -3.249
v 8.166 5.1878 -0
v 6 5.4585 3.249
v 8.7075 -1.0395 -0
v 5.7293 -1.581 -0
v 8.7075 1.3973 2.7075
v 5.7293 -1.0395 2.7075
v 8.7075 1.3973 -2.7075
v 6 12.498 -0
v 5.7293 -1.0395 -2.7075
v 9.249 1.3973 -0
v 6 5.1878 2.166
v 6 9.7905 2.7075
v 3.834 12.498 -1.083
v 3.834 3.2925 1.083
v 7.083 12.498 -2.166
v 3.2925 3.2925 1.6245
v 3.2925 2.0741 -2.9783
v 3.2925 -1.581 -1.083
v 3.834 11.415 1.083
v 6.9476 -1.581 2.166
v 6.9476 -1.581 -2.166
v 8.7075 11.415 -0.8123
v 3.2925 11.415 -0.8123
v 8.166 -1.581 -1.083
v 9.249 -0.498 -1.083
v 9.249 0.4496 -2.166
v 9.249 2.3449 2.166
v 6.9476 -0.498 3.249
v 6.6769 11.415 -2.5721
v 3.2925 2.3449 3.249
v 6.9476 -0.498 -3.249
v 8.166 12.498 1.083
v 8.166 2.3449 -3.249
v 4.5109 -0.498 3.249
v 9.249 2.3449 -2.166
v 3.2925 0.4496 3.249
v 6.9476 3.2925 -3.249
v 8.166 3.2925 -1.083
v 3.2925 10.6027 1.6245
v 7.083 3.2925 2.166
v 4.5109 -1.581 -2.166
v 3.4279 3.2925 -1.8953
v 3.834 3.2925 -1.083
v 4.5109 -0.498 -3.249
v 8.166 12.498 -1.083
v 7.083 12.498 2.166
v 5.3231 11.415 2.5721
v 3.6986 11.415 1.2184
v 3.834 11.415 -1.083
v 7.2184 11.415 2.3014
v 6.8122 11.415 2.7075
v 8.3014 11.415 -1.2184
v 8.7075 11.415 0.8122
v 4.7816 11.415 -2.3014
v 6.8122 11.415 -2.7075
v 8.5721 11.415 0.6769
v 3.2925 11.415 0.8122
v 8.166 3.2925 1.083
v 3.2925 8.9783 1.6245
v 8.7075 8.9783 1.6245
v 3.6986 3.2925 0.8122
v 7.6245 8.9783 2.7075
v 4.2401 8.9783 2.5721
v 4.3755 8.9783 2.7075
v 8.7075 8.9783 -1.6245
v 4.917 12.498 2.166
v 4.3755 8.9783 -2.7075
v 9.249 -0.498 1.083
v 7.6245 8.9783 -2.7075
v 6.8122 8.166 -2.7075
v 3.2925 -1.581 1.083
v 8.7075 8.166 0.8122
v 3.2925 -0.3626 -2.4368
v 4.5109 -1.581 2.166
v 6.8122 8.166 2.7075
v 3.2925 3.2925 -1.6245
v 3.2925 8.166 0.8122
v 3.834 6.1354 -2.166
v 5.1878 11.415 -2.7075
v 3.834 6.1354 2.166
v 8.166 6.1354 -2.166
v 4.917 3.2925 2.166
v 8.7075 10.6027 1.6245
v 7.083 3.2925 -2.166
v 9.7905 2.751 0.8122
v 8.166 0.4496 -3.249
v 4.917 12.498 -2.166
v 3.4279 11.415 -0.6769
v 5.1878 8.166 2.7075
v 4.3755 4.3755 3.249
v 5.1878 11.415 2.7075
v 5.1878 7.6245 3.249
v 3.4279 8.9783 -1.7599
v 3.2925 8.9783 -1.6245
v 4.5109 3.2925 -3.249
v 9.7905 2.751 0.8122
v 3.834 12.498 1.083
v 5.1878 8.166 2.7075
v 7.6245 10.6027 2.7075
v 5.1878 7.6245 3.249
v 3.9694 10.6027 2.3014
v 4.3755 4.3755 3.249
v 3.2925 2.3449 -3.249
v 3.2925 2.0741 2.9782
v 9.249 3.2925 -1.083
v 8.166 2.3449 3.249
v 6.9476 3.2925 3.249
v 8.166 11.415 -1.083
v 7.083 11.415 2.166
v 4.917 11.415 -2.166
v 7.7599 8.9783 2.5721
v 8.166 -1.581 1.083
v 8.5721 8.9783 -1.7599
v 7.083 7.083 -2.166
v 8.166 7.083 -1.083
v 7.083 7.083 2.166
v 3.834 7.083 -1.083
v 8.166 6.1354 2.166
v 9.7905 0.585 0.8122
v 5.1878 3.2925 3.249
v 7.6245 4.3755 3.249
v 9.249 0.4496 2.166
v 9.7905 0.585 0.8122
v 7.6245 4.3755 3.249
v 5.1878 3.2925 3.249
v 4.3755 10.6027 2.7075
v 8.7075 10.6028 -1.6245
v 4.3755 10.6028 -2.7075
v 7.6245 10.6028 -2.7075
v 5.1878 8.166 -2.7075
v 8.7075 8.166 -0.8123
v 5.1878 8.166 2.7075
v 3.2925 8.166 -0.8123
v 3.834 4.2401 -2.166
v 3.834 4.2401 2.166
v 8.166 4.2401 -2.166
v 4.917 3.2925 -2.166
v 9.7905 2.751 -0.8123
v 6.8122 8.166 2.7075
v 4.3755 6.5415 3.249
v 6.8122 7.6245 3.249
v 3.6986 10.6028 -2.0306
v 3.2925 10.6028 -1.6245
v 9.7905 2.751 -0.8123
v 6.8122 8.166 2.7075
v 6.8122 7.6245 3.249
v 4.3755 6.5415 3.249
v 3.2925 0.4496 -3.249
v 3.2925 -0.3626 2.4367
v 9.249 3.2925 1.083
v 8.166 0.4496 3.249
v 4.5109 3.2925 3.249
v 8.166 11.415 1.083
v 4.917 11.415 2.166
v 7.083 11.415 -2.166
v 8.0306 10.6027 2.3014
v 8.3014 10.6028 -2.0306
v 4.917 7.083 -2.166
v 8.166 7.083 1.083
v 4.917 7.083 2.166
v 3.834 7.083 1.083
v 8.166 4.2401 2.166
v 9.7905 0.585 -0.8123
v 6.8122 3.2925 3.249
v 7.6245 6.5415 3.249
v 9.7905 0.585 -0.8123
v 7.6245 6.5415 3.249
v 6.8122 3.2925 3.249
v 5.1878 5.4585 3.249
v 6.8122 5.4585 3.249
v 6 6.5415 3.249
v 6 4.3755 3.249
v 8.3014 8.9783 -2.0306
v 7.8952 8.9783 -2.4368
v 3.2925 2.0741 -0
v 3.2925 -0.3626 -0
v 3.2925 0.8558 -1.3538
v 3.2925 0.8558 1.3537
v 3.2925 -0.0919 2.7075
v 3.2925 0.1789 2.9782
v 3.2925 0.1789 -2.9783
v 3.2925 -0.0919 -2.7075
v 6 4.2401 -2.166
v 6 6.1354 -2.166
v 4.917 5.1878 -2.166
v 7.083 5.1878 -2.166
v 9.7905 1.668 -0.8123
v 9.7905 1.668 0.8122
v 8.7075 9.7905 -0.8123
v 8.7075 9.7905 0.8122
v 8.7075 10.6028 -0
v 8.7075 8.9783 -0
v 5.1878 9.7905 -2.7075
v 6.8122 9.7905 -2.7075
v 6 10.6028 -2.7075
v 6 8.9783 -2.7075
v 9.7905 1.668 -0.8123
v 9.7905 1.668 0.8122
v 3.834 5.1878 -1.083
v 3.834 5.1878 1.083
v 3.834 4.2401 -0
v 3.834 6.1354 -0
v 4.5109 1.3973 3.249
v 6.9476 1.3973 3.249
v 5.7293 0.4496 3.249
v 5.7293 2.3449 3.249
v 3.2925 9.7905 0.8122
v 3.2925 9.7905 -0.8123
v 3.2925 10.6028 -0
v 3.2925 8.9783 -0
v 8.0306 8.9783 2.3014
v 8.4367 8.9783 1.8952
v 6.9476 1.3973 -3.249
v 4.5109 1.3973 -3.249
v 5.7293 0.4496 -3.249
v 5.7293 2.3449 -3.249
v 8.166 4.2401 -0
v 8.166 6.1354 -0
v 8.166 5.1878 -1.083
v 8.166 5.1878 1.083
v 3.5633 8.9783 1.8952
v 3.9694 8.9783 2.3014
v 6 6.5415 3.249
v 6 4.3755 3.249
v 5.1878 5.4585 3.249
v 6.8122 5.4585 3.249
v 8.7075 -1.0395 1.083
v 8.7075 -1.0395 -1.083
v 5.7293 -1.581 1.083
v 5.7293 -1.581 -1.083
v 4.5109 -1.581 -0
v 6.9476 -1.581 -0
v 8.7075 2.3449 2.7075
v 8.7075 0.4496 2.7075
v 4.5109 -1.0395 2.7075
v 6.9476 -1.0395 2.7075
v 8.7075 0.4496 -2.7075
v 8.7075 2.3449 -2.7075
v 4.1048 8.9783 -2.4368
v 3.6986 8.9783 -2.0306
v 6 12.498 -1.083
v 6 12.498 1.083
v 4.917 12.498 -0
v 7.083 12.498 -0
v 6.9476 -1.0395 -2.7075
v 4.5109 -1.0395 -2.7075
v 9.249 1.3973 1.083
v 9.249 1.3973 -1.083
v 9.249 0.4496 -0
v 9.249 2.3449 -0
v 4.917 5.1878 2.166
v 7.083 5.1878 2.166
v 6 4.2401 2.166
v 6 6.1354 2.166
v 6.8122 9.7905 2.7075
v 5.1878 9.7905 2.7075
v 6 10.6027 2.7075
v 6 8.9783 2.7075
v 5.1878 8.9783 2.7075
v 5.1878 10.6027 2.7075
v 6.8122 10.6027 2.7075
v 7.083 6.1354 2.166
v 7.083 4.2401 2.166
v 4.917 4.2401 2.166
v 9.249 2.3449 -1.083
v 9.249 0.4496 -1.083
v 9.249 0.4496 1.083
v 7.083 12.498 1.083
v 4.917 12.498 1.083
v 4.917 12.498 -1.083
v 6.9476 -1.581 -1.083
v 4.5109 -1.581 -1.083
v 4.5109 -1.581 1.083
v 6.8122 4.3755 3.249
v 5.1878 4.3755 3.249
v 5.1878 6.5415 3.249
v 8.166 6.1354 1.083
v 8.166 6.1354 -1.083
v 8.166 4.2401 -1.083
v 4.5109 2.3449 -3.249
v 4.5109 0.4496 -3.249
v 6.9476 0.4496 -3.249
v 3.2925 8.9783 -0.8123
v 3.2925 10.6028 -0.8123
v 3.2925 10.6028 0.8122
v 6.9476 2.3449 3.249
v 6.9476 0.4496 3.249
v 4.5109 0.4496 3.249
v 3.834 6.1354 1.083
v 3.834 4.2401 1.083
v 3.834 4.2401 -1.083
v 5.1878 4.3755 3.249
v 6.8122 6.5415 3.249
v 4.917 6.1354 -2.166
v 6.8122 10.6028 -2.7075
v 6.8122 4.3755 3.249
v 8.7075 8.9783 0.8122
v 4.917 4.2401 -2.166
v 3.2925 2.0741 1.4891
v 7.083 6.1354 -2.166
v 6.8122 8.9783 -2.7075
v 5.1878 10.6028 -2.7075
v 3.2925 2.0741 -1.4891
v 3.2925 -0.3626 -1.2184
v 8.7075 10.6028 0.8122
v 3.2925 -0.3626 1.2184
v 8.7075 10.6028 -0.8123
v 7.083 4.2401 -2.166
v 5.1878 6.5415 3.249
v 8.7075 8.9783 -0.8123
v 5.1878 8.9783 -2.7075
v 3.834 6.1354 -1.083
v 4.5109 2.3449 3.249
v 3.2925 8.9783 0.8122
v 6.9476 2.3449 -3.249
v 8.166 4.2401 1.083
v 6.8122 6.5415 3.249
v 6.9476 -1.581 1.083
v 7.083 12.498 -1.083
v 9.249 2.3449 1.083
v 4.917 6.1354 2.166
v 6.8122 8.9783 2.7075
v 3.2925 3.2925 2.4367
v 3.2925 3.2925 -0.8123
v 3.2925 3.2925 0.8122
v 3.2925 3.2925 -2.4368
vt 0.7024 0.3696
vt 0.6667 0.337
vt 0.7024 0.337
vt 0.4524 0.587
vt 0.5 0.6304
vt 0.4464 0.6304
vt 0.8333 0.2391
vt 0.869 0.2174
vt 0.869 0.2391
vt 0.3095 0.2174
vt 0.2619 0.1739
vt 0.3095 0.1739
vt 0.9286 0.4348
vt 0.9762 0.4728
vt 0.9286 0.4728
vt 0.6905 0.6304
vt 0.7381 0.6685
vt 0.6905 0.6685
vt 0.4762 0.1739
vt 0.4524 0.1304
vt 0.4762 0.1304
vt 0.4464 0.7826
vt 0.5 0.8043
vt 0.4464 0.8043
vt 0.4524 0.1304
vt 0.4048 0.1739
vt 0.4048 0.1304
vt 0.5238 0.8261
vt 0.5119 0.8043
vt 0.5357 0.8043
vt 0.2857 0.337
vt 0.2738 0.337
vt 0.2857 0.3043
vt 0.7619 0.8261
vt 0.75 0.8043
vt 0.7738 0.8043
vt 0.5238 0.6685
vt 0.5476 0.6304
vt 0.5476 0.6685
vt 0.8333 0.587
vt 0.7857 0.6304
vt 0.7857 0.587
vt 0.9464 0.7826
vt 1 0.8043
vt 0.9464 0.8043
vt 0.5238 0.6304
vt 0.5238 0.587
vt 0.6905 0.413
vt 0.6667 0.3696
vt 0.7619 0.587
vt 0.7619 0.6304
vt 0.7381 0.6304
vt 0.1071 0.6141
vt 0.0476 0.6087
vt 0.0952 0.6087
vt 0.7619 0.7446
vt 0.7381 0.7826
vt 0.7381 0.7446
vt 0.5 0.9565
vt 0.4464 1
vt 0.4464 0.9565
vt 0.6905 0.7826
vt 0.7381 0.8043
vt 0.6905 0.8043
vt 0.1131 0.2228
vt 0.0714 0.2174
vt 0.119 0.2174
vt 0.7679 0.2337
vt 0.8095 0.2391
vt 0.7738 0.2391
vt 0.5774 0.2337
vt 0.619 0.2391
vt 0.5833 0.2391
vt 0.3869 0.2337
vt 0.4286 0.2391
vt 0.3929 0.2391
vt 0.8333 0.2826
vt 0.869 0.2826
vt 0.4524 0.087
vt 0.0952 0.337
vt 0.0833 0.337
vt 0.0952 0.3043
vt 0.6905 0.5489
vt 0.7381 0.587
vt 0.6905 0.587
vt 0.0476 0.2391
vt 0.0655 0.2717
vt 0.0476 0.2717
vt 0.0714 0.1739
vt 0.119 0.1739
vt 0.5 0.6685
vt 0.4464 0.6685
vt 0.6488 0.337
vt 0.6607 0.337
vt 0.5 0.413
vt 0.4762 0.3696
vt 0.5119 0.3696
vt 0.119 0.413
vt 0.0952 0.3696
vt 0.131 0.3696
vt 0.3095 0.413
vt 0.2857 0.3696
vt 0.3214 0.3696
vt 0.6667 0.1304
vt 0.619 0.1739
vt 0.619 0.1304
vt 0.131 0.337
vt 0.9464 0.6304
vt 1 0.6685
vt 0.9464 0.6685
vt 0.1905 0.4946
vt 0.2381 0.4565
vt 0.2381 0.4946
vt 0.5952 0.6304
vt 0.5476 0.587
vt 0.5952 0.587
vt 0.5833 0.087
vt 0.5833 0.1304
vt 0.4524 0.2174
vt 0.5 0.1739
vt 0.5 0.2174
vt 0.7143 0.087
vt 0.6667 0.087
vt 0.3214 0.337
vt 0.6905 0.2174
vt 0.6429 0.1739
vt 0.6905 0.1739
vt 0.2381 0.2391
vt 0.256 0.2717
vt 0.2381 0.2717
vt 0.4762 0.337
vt 0.5119 0.337
vt 0.5119 0.1739
vt 0.5119 0.1304
vt 0.9405 0.3261
vt 0.9762 0.2826
vt 0.9405 0.2826
vt 0.5 0.5489
vt 0.4524 0.5489
vt 0.9405 0.2391
vt 0.9762 0.2174
vt 0.9405 0.2174
vt 0.5119 0.3043
vt 0.4762 0.2717
vt 0.5119 0.2717
vt 0.2857 0.7446
vt 0.2738 0.7554
vt 0.2857 0.7065
vt 0.0357 0.7772
vt 0.0833 0.7283
vt 0.0893 0.7772
vt 0.0238 0.7663
vt 0.0238 0.7283
vt 0.7857 0.2174
vt 0.7381 0.1739
vt 0.7857 0.1739
vt 0.619 0.087
vt 0.5476 0.2174
vt 0.5952 0.1739
vt 0.5952 0.2174
vt 0.2619 0.7663
vt 0.25 0.7772
vt 0.2619 0.7283
vt 0.2619 0.8043
vt 0.5833 0.3043
vt 0.5476 0.2717
vt 0.5833 0.2717
vt 0.1667 0.2391
vt 0.1964 0.2337
vt 0.2024 0.2391
vt 0.1786 0.6304
vt 0.1429 0.6304
vt 0.1667 0.6196
vt 0.1964 0.7772
vt 0.1429 0.7283
vt 0.2024 0.7283
vt 0.5476 0.1304
vt 0.5119 0.087
vt 0.1429 0.6793
vt 0.0357 0.6304
vt 0 0.6304
vt 0.0119 0.6793
vt 0 0.6685
vt 0.3214 0.3043
vt 0.2857 0.2717
vt 0.3214 0.2717
vt 0.9048 0.2174
vt 0.0952 0.2391
vt 0.131 0.2391
vt 0.4048 0.2174
vt 0.3929 0.3696
vt 0.3571 0.337
vt 0.3929 0.337
vt 0.5 0.4728
vt 0.4524 0.5109
vt 0.4524 0.4728
vt 0.6429 0.413
vt 0.6429 0.3696
vt 0.3452 0.2283
vt 0.3036 0.2228
vt 0.5833 0.1739
vt 0.0714 0.413
vt 0.0714 0.3696
vt 0.6667 0.2717
vt 0.6548 0.3043
vt 0.6488 0.2717
vt 0.4048 0.5489
vt 0.3571 0.587
vt 0.3571 0.5489
vt 0.5833 0.3696
vt 0.5476 0.337
vt 0.5833 0.337
vt 0.4702 0.337
vt 0.4524 0.413
vt 0.4524 0.3696
vt 0.5357 0.2283
vt 0.494 0.2228
vt 0.4583 0.2717
vt 0.4286 0.3043
vt 0.4286 0.2717
vt 0.4405 0.337
vt 0.4286 0.3696
vt 0.4286 0.337
vt 0.4643 0.3043
vt 0.4583 0.337
vt 0.4762 0.087
vt 0.6667 0.1739
vt 0.7143 0.1304
vt 0.5476 0.087
vt 0.5476 0.1739
vt 0.2857 0.6685
vt 0.2738 0.6793
vt 0.2857 0.6304
vt 0.0238 0.8043
vt 0.0119 0.7554
vt 0.869 0.413
vt 0.9048 0.3696
vt 0.869 0.3696
vt 0.2381 0.3043
vt 0.244 0.337
vt 0.2381 0.337
vt 0.3929 0.3043
vt 0.3571 0.2717
vt 0.3929 0.2717
vt 0.2619 0.413
vt 0.2619 0.3696
vt 0.7262 0.2283
vt 0.6845 0.2228
vt 0.4048 0.4728
vt 0.3571 0.5109
vt 0.3571 0.4728
vt 0 0.7446
vt 0 0.7065
vt 0.869 0.3261
vt 0.9048 0.2826
vt 0.6429 0.587
vt 0.9405 0.413
vt 0.9762 0.3696
vt 0.9405 0.3696
vt 0.1905 0.5707
vt 0.2381 0.5326
vt 0.2381 0.5707
vt 0.0952 0.5326
vt 0.1429 0.5707
vt 0.0952 0.5707
vt 0.0952 0.4946
vt 0.1429 0.4565
vt 0.1429 0.4946
vt 0.9464 0.7065
vt 1 0.7446
vt 0.9464 0.7446
vt 0.8393 0.7065
vt 0.8929 0.7446
vt 0.8393 0.7446
vt 0.8393 0.6304
vt 0.8929 0.6685
vt 0.8393 0.6685
vt 0.131 0.3043
vt 0.0952 0.2717
vt 0.131 0.2717
vt 0.2024 0.2717
vt 0.1667 0.3043
vt 0.1667 0.2717
vt 0.2024 0.337
vt 0.1667 0.3696
vt 0.1667 0.337
vt 0.3571 0.413
vt 0.3571 0.3696
vt 0.1667 0.413
vt 0.2024 0.3696
vt 0.2143 0.413
vt 0.5476 0.413
vt 0.5476 0.3696
vt 0.631 0.337
vt 0.619 0.3696
vt 0.619 0.337
vt 0.619 0.3043
vt 0.619 0.2717
vt 0.4464 0.7065
vt 0.5 0.7446
vt 0.4464 0.7446
vt 0.3393 0.7065
vt 0.3929 0.7446
vt 0.3393 0.7446
vt 0.3393 0.6304
vt 0.3929 0.6685
vt 0.3393 0.6685
vt 0.2143 0.2174
vt 0.1667 0.1739
vt 0.2143 0.1739
vt 0.0476 0.3043
vt 0.0536 0.337
vt 0.0476 0.337
vt 0.5952 0.5489
vt 0.5952 0.4728
vt 0.6429 0.5109
vt 0.5952 0.5109
vt 0.6905 0.4728
vt 0.7381 0.5109
vt 0.6905 0.5109
vt 0.0655 0.337
vt 0.0595 0.3043
vt 0.4524 0.1739
vt 0.8333 0.3696
vt 0.3214 0.2391
vt 0.5119 0.2391
vt 0.7024 0.2391
vt 0.1667 0.2174
vt 0.7381 0.8261
vt 0.6905 0.8261
vt 0.5952 0.8043
vt 0.6429 0.8261
vt 0.5952 0.8261
vt 0.5952 0.7826
vt 0.6429 0.8043
vt 0.3929 0.9565
vt 0.3393 1
vt 0.3393 0.9565
vt 0.3929 0.8696
vt 0.3393 0.913
vt 0.3393 0.8696
vt 0.5 0.8696
vt 0.4464 0.913
vt 0.4464 0.8696
vt 0.7619 0.6685
vt 0.7381 0.7065
vt 0.7857 0.6685
vt 0.7619 0.7065
vt 0.7857 0.7446
vt 0.7619 0.7826
vt 0.1905 0.6087
vt 0.2262 0.625
vt 0.7381 0.413
vt 0.7738 0.3696
vt 0.7857 0.413
vt 1 0.8261
vt 0.9464 0.8261
vt 0.8393 0.8043
vt 0.8929 0.8261
vt 0.8393 0.8261
vt 0.8393 0.7826
vt 0.8929 0.8043
vt 0.9286 0.587
vt 0.8929 0.6304
vt 0.881 0.587
vt 0.5238 0.7446
vt 0.5476 0.7065
vt 0.5476 0.7446
vt 0.5238 0.7065
vt 0.7857 0.7826
vt 0.256 0.337
vt 0.25 0.3043
vt 0.5238 0.7826
vt 0.5476 0.7826
vt 0.5 0.7826
vt 0.3571 0.1304
vt 0.3095 0.1304
vt 0.3571 0.0435
vt 0.3095 0.087
vt 0.3095 0.0435
vt 0.4524 0.0435
vt 0.4048 0.087
vt 0.4048 0.0435
vt 0.5 0.8261
vt 0.4464 0.8261
vt 0.3393 0.8043
vt 0.3929 0.8261
vt 0.3393 0.8261
vt 0.3393 0.7826
vt 0.3929 0.8043
vt 0.6905 0.7065
vt 0.6905 0.7446
vt 0.5952 0.7065
vt 0.6429 0.7446
vt 0.5952 0.7446
vt 0.6429 0.6685
vt 0.5952 0.6685
vt 0.9286 0.5109
vt 0.9762 0.5489
vt 0.9286 0.5489
vt 0.8333 0.5109
vt 0.881 0.5489
vt 0.8333 0.5489
vt 0.8333 0.4348
vt 0.881 0.4728
vt 0.8333 0.4728
vt 0.3571 0.1739
vt 0.9048 0.2391
vt 0.3929 0.6304
vt 0.7024 0.3043
vt 0.7024 0.2717
vt 0.7738 0.3043
vt 0.7381 0.2717
vt 0.7738 0.2717
vt 0.7381 0.337
vt 0.7738 0.337
vt 0.7381 0.3043
vt 0.8095 0.337
vt 0.8095 0.3043
vt 0.8095 0.3696
vt 0.7381 0.2391
vt 0.8095 0.2717
vt 0.6667 0.2391
vt 0.3095 0.587
vt 0.9762 0.2391
vt 0.881 0.5109
vt 0.7857 0.4728
vt 0.7857 0.5109
vt 0.7857 0.4348
vt 0.7857 0.5489
vt 0.9762 0.587
vt 0.6429 0.7065
vt 0.6429 0.7826
vt 0.2857 0.7826
vt 0.2857 0.8043
vt 0.2857 0.8261
vt 0.3571 0.087
vt 0.4048 0
vt 0.3571 0
vt 0.4524 -0
vt 0.2619 0.087
vt 0.2619 0.0435
vt 0.3095 0
vt 0.2619 0
vt 0.2619 0.1304
vt 0.2619 0.2391
vt 0.2857 0.2391
vt 0.2381 0.3696
vt 0.5 0.7065
vt 0.7857 0.8043
vt 0.7857 0.8261
vt 0.8333 0.413
vt 0.2381 0.6087
vt 0.7857 0.7065
vt 0.3929 0.913
vt 0.2857 0.8696
vt 0.2857 0.913
vt 0.2857 0.9565
vt 0.2857 1
vt 0.5476 0.8043
vt 0.5476 0.8261
vt 0.2619 0.2174
vt 0.6429 0.2174
vt 0.4762 0.2391
vt 0.9048 0.3261
vt 0.9048 0.413
vt 0.9762 0.3261
vt 0.9762 0.413
vt 0.0714 0.2391
vt 0.0476 0.3696
vt 0.6429 0.4728
vt 0.6429 0.4348
vt 0.6905 0.4348
vt 0.7381 0.4728
vt 0.5476 0.4728
vt 0.5476 0.5109
vt 0.5476 0.4348
vt 0.5952 0.4348
vt 0.5476 0.5489
vt 0.6429 0.5489
vt 0.3929 0.7065
vt 0.3929 0.7826
vt 0.6429 0.2391
vt 0.5952 0.413
vt 0.4048 0.413
vt 0.2024 0.3043
vt 0.8929 0.7065
vt 0.8929 0.7826
vt 1 0.7826
vt 0.1429 0.5326
vt 0.0476 0.5326
vt 0.0476 0.4946
vt 0.0952 0.4565
vt 0.1429 0.6087
vt 0.0476 0.5707
vt 0.1905 0.5326
vt 0.8333 0.3261
vt 0 0.7826
vt 0.3095 0.5109
vt 0.3095 0.4728
vt 0.3571 0.4348
vt 0.3095 0.4348
vt 0.4048 0.4348
vt 0.3571 0.2391
vt 0.4524 0.2391
vt 0.4762 0.3043
vt 0.5476 0.3043
vt 0.3095 0.5489
vt 0.4048 0.5109
vt 0.0774 0.6793
vt 0.0714 0.6304
vt 0.1071 0.6304
vt 0.6667 0.3043
vt 0.4524 0.4348
vt 0.5 0.4348
vt 0.3571 0.3043
vt 0.3571 0.2174
vt 0.7381 0.2174
vt 0.1548 0.2283
vt 0.8333 0.2174
vt 0.2083 0.6793
vt 0.2143 0.6304
vt 0.25 0.6304
vt 0.2381 0.8261
vt 0.1905 0.8261
vt 0.1429 0.7772
vt 0.5476 0.2391
vt 0.8333 0.1739
vt 0.0476 0.8261
vt 0.0952 0.8261
vt 0.1429 0.8261
vt 0.4048 0.587
vt 0.5 0.5109
vt 0.6429 0.6304
vt 0.1905 0.4565
vt 1 0.7065
vt 0.3929 1
vt 0.5 0.913
vt 0.7381 0.3696
vt 0.4524 0.087
vt 0.9762 0.5109
vt 0.881 0.4348
vt 0.5 0.587
vt 0.9762 0.4348
vt 0.5 1
vt 0.7381 0.5489
vt 1 0.6304
vt 0.7143 0.1739
vt 0.7381 0.4348
vt 0.0476 0.4565
s 1
f 2482/2198 2469/2199 2729/2200
f 2491/2201 2234/2202 2444/2203
f 2273/2204 2546/2205 2548/2206
f 2517/2207 2218/2208 2494/2209
f 2567/2210 2487/2211 2728/2212
f 2557/2213 2434/2214 2727/2215
f 2265/2216 2347/2217 2349/2218
f 2438/2219 2298/2220 2652/2221
f 2452/2222 2422/2223 2726/2224
f 2226/2225 2298/2226 2308/2227
f 2474/2228 2646/2229 2337/2230
f 2225/2231 2301/2232 2311/2233
f 2645/2234 2238/2235 2442/2236
f 2447/2237 2236/2238 2219/2239
f 2441/2240 2299/2241 2642/2242
f 2316/2243 2220/2244 2238/2235
f 2523/2245 2253/2246 2482/2198
f 2219/2247 2313/2248 2237/2249
f 2468/2250 2215/2251 2421/2252
f 2641/2253 2231/2254 2529/2255
f 2519/2256 2427/2257 2725/2258
f 2475/2259 2301/2260 2634/2261
f 2455/2262 2247/2263 2426/2264
f 2454/2265 2239/2266 2498/2267
f 2463/2268 2246/2269 2460/2270
f 2436/2271 2242/2272 2462/2273
f 2572/2274 2548/2206 2724/2275
f 2358/2218 2278/2276 2357/2217
f 2466/2277 2628/2278 2331/2279
f 2723/2280 2219/2281 2465/2282
f 2239/2283 2508/2284 2533/2285
f 2426/2264 2217/2286 2504/2287
f 2444/2203 2440/2288 2722/2289
f 2253/2246 2618/2290 2518/2291
f 2522/2292 2256/2293 2538/2294
f 2568/2295 2257/2296 2484/2297
f 2565/2298 2252/2299 2537/2300
f 2406/2301 2267/2302 2351/2303
f 2721/2304 2257/2296 2466/2277
f 2559/2305 2437/2306 2720/2307
f 2719/2308 2260/2309 2485/2310
f 2512/2311 2220/2312 2445/2313
f 2360/2303 2503/2314 2605/2315
f 2249/2316 2452/2317 2515/2318
f 2401/2301 2284/2319 2361/2320
f 2537/2300 2474/2228 2718/2321
f 2516/2322 2221/2323 2453/2324
f 2243/2325 2549/2326 2550/2327
f 2538/2294 2472/2328 2717/2329
f 2570/2330 2349/2218 2594/2331
f 2576/2332 2554/2333 2716/2334
f 2543/2335 2491/2201 2715/2336
f 2507/2337 2286/2338 2505/2339
f 2596/2340 2534/2341 2714/2342
f 2555/2343 2588/2344 2365/2345
f 2556/2346 2585/2347 2713/2348
f 2556/2346 2586/2349 2367/2350
f 2561/2351 2321/2352 2473/2353
f 2360/2303 2361/2320 2282/2354
f 2371/2355 2439/2356 2560/2357
f 2589/2358 2480/2359 2294/2360
f 2588/2344 2366/2361 2589/2358
f 2281/2302 2401/2301 2360/2303
f 2597/2362 2598/2363 2712/2364
f 2330/2365 2495/2366 2430/2367
f 2731/2368 2293/2369 2318/2370
f 2711/2371 2396/2372 2584/2373
f 2402/2374 2551/2375 2604/2331
f 2582/2376 2293/2369 2731/2368
f 2730/2377 2235/2378 2215/2251
f 2511/2379 2437/2380 2235/2378
f 2600/2381 2535/2382 2709/2383
f 2553/2206 2362/2384 2552/2205
f 2245/2385 2455/2262 2464/2386
f 2561/2351 2239/2266 2454/2265
f 2560/2357 2246/2269 2463/2268
f 2562/2387 2242/2272 2436/2271
f 2477/2388 2603/2389 2708/2390
f 2488/2391 2593/2392 2707/2393
f 2469/2199 2253/2246 2518/2291
f 2261/2394 2375/2395 2253/2246
f 2517/2207 2328/2396 2461/2397
f 2526/2398 2398/2374 2595/2315
f 2511/2379 2235/2378 2730/2377
f 2259/2399 2376/2400 2257/2296
f 2506/2401 2374/2402 2563/2403
f 2590/2404 2544/2405 2705/2406
f 2479/2407 2599/2408 2704/2409
f 2472/2328 2256/2293 2520/2410
f 2262/2411 2378/2412 2256/2293
f 2515/2318 2326/2413 2459/2414
f 2564/2415 2338/2416 2536/2417
f 2581/2418 2254/2419 2476/2420
f 2534/2341 2377/2421 2564/2415
f 2580/2422 2378/2412 2581/2418
f 2594/2331 2266/2423 2545/2375
f 2391/2424 2392/2425 2401/2301
f 2595/2315 2348/2426 2492/2314
f 2390/2427 2604/2331 2573/2330
f 2510/2428 2424/2429 2233/2430
f 2586/2349 2299/2431 2587/2432
f 2575/2433 2579/2434 2703/2435
f 2356/2436 2500/2437 2501/2438
f 2601/2439 2602/2440 2702/2441
f 2256/2293 2580/2422 2520/2410
f 2260/2442 2389/2443 2252/2299
f 2516/2322 2324/2444 2457/2445
f 2591/2446 2592/2447 2701/2448
f 2587/2432 2443/2449 2305/2450
f 2577/2451 2578/2452 2700/2275
f 2281/2302 2605/2315 2530/2398
f 2557/2213 2315/2453 2465/2282
f 2532/2454 2509/2455 2699/2456
f 2698/2457 2343/2458 2541/2459
f 2607/2460 2608/2461 2697/2462
f 2696/2463 2382/2464 2609/2465
f 2610/2466 2443/2467 2695/2468
f 2611/2469 2612/2470 2694/2471
f 2514/2472 2613/2473 2693/2474
f 2614/2475 2446/2476 2692/2477
f 2691/2478 2405/2479 2616/2480
f 2690/2481 2342/2482 2617/2483
f 2350/2320 2351/2303 2268/2354
f 2270/2319 2406/2301 2350/2320
f 2385/2425 2386/2424 2406/2301
f 2477/2388 2379/2484 2339/2485
f 2382/2486 2540/2487 2524/2488
f 2479/2407 2380/2489 2340/2490
f 2618/2290 2375/2395 2619/2491
f 2619/2491 2258/2492 2467/2493
f 2563/2403 2332/2494 2490/2495
f 2620/2496 2493/2497 2689/2498
f 2621/2499 2622/2500 2688/2501
f 2502/2502 2623/2503 2687/2504
f 2456/2505 2291/2506 2420/2507
f 2335/2508 2470/2509 2471/2510
f 2686/2511 2315/2453 2445/2313
f 2685/2512 2408/2513 2626/2514
f 2684/2515 2383/2516 2627/2517
f 2628/2278 2376/2400 2629/2518
f 2629/2518 2470/2509 2334/2519
f 2331/2279 2508/2284 2446/2476
f 2279/2216 2357/2217 2277/2520
f 2630/2452 2499/2337 2683/2334
f 2631/2434 2632/2332 2682/2456
f 2528/2521 2633/2451 2681/2435
f 2328/2396 2486/2522 2461/2397
f 2326/2413 2429/2523 2459/2414
f 2324/2444 2458/2524 2457/2445
f 2495/2366 2323/2525 2456/2505
f 2634/2261 2225/2526 2519/2527
f 2635/2528 2300/2529 2431/2530
f 2432/2531 2410/2532 2635/2528
f 2636/2533 2481/2534 2680/2535
f 2637/2536 2638/2537 2679/2538
f 2431/2539 2639/2540 2678/2541
f 2640/2542 2303/2543 2434/2214
f 2513/2544 2412/2545 2640/2542
f 2558/2546 2312/2547 2641/2253
f 2318/2370 2450/2548 2449/2549
f 2381/2550 2539/2551 2567/2552
f 2642/2242 2223/2553 2481/2554
f 2643/2555 2296/2556 2427/2557
f 2435/2558 2413/2559 2643/2555
f 2489/2560 2370/2561 2317/2562
f 2644/2563 2310/2564 2433/2565
f 2493/2497 2414/2566 2644/2563
f 2440/2288 2316/2243 2645/2234
f 2311/2233 2312/2547 2230/2567
f 2311/2233 2301/2232 2312/2547
f 2301/2232 2231/2254 2312/2547
f 2646/2229 2389/2443 2647/2568
f 2647/2568 2500/2437 2355/2569
f 2337/2230 2549/2326 2535/2382
f 2308/2227 2309/2570 2232/2571
f 2308/2227 2298/2226 2309/2570
f 2298/2226 2228/2572 2309/2570
f 2648/2573 2494/2209 2677/2574
f 2649/2575 2650/2576 2676/2577
f 2439/2578 2651/2579 2675/2580
f 2652/2221 2226/2581 2428/2582
f 2653/2583 2297/2584 2448/2585
f 2451/2586 2416/2587 2653/2583
f 2349/2218 2264/2276 2266/2423
f 2654/2588 2529/2255 2674/2589
f 2655/2590 2656/2591 2673/2592
f 2512/2311 2657/2593 2672/2594
f 2658/2595 2542/2596 2671/2597
f 2659/2598 2660/2599 2670/2600
f 2523/2601 2661/2602 2669/2603
f 2562/2387 2292/2604 2422/2223
f 2354/2605 2496/2339 2499/2337
f 2544/2405 2314/2606 2502/2502
f 2662/2607 2506/2401 2668/2608
f 2663/2609 2664/2610 2667/2611
f 2539/2551 2665/2612 2666/2613
f 2666/2613 2419/2614 2663/2609
f 2471/2615 2663/2609 2335/2616
f 2251/2617 2666/2613 2471/2615
f 2667/2611 2325/2618 2498/2267
f 2533/2619 2498/2267 2239/2266
f 2335/2616 2667/2611 2533/2619
f 2668/2608 2241/2620 2458/2524
f 2664/2610 2458/2524 2325/2618
f 2419/2614 2668/2608 2664/2610
f 2216/2621 2502/2502 2233/2430
f 2499/2337 2272/2338 2274/2622
f 2249/2316 2422/2223 2222/2520
f 2669/2603 2418/2623 2659/2598
f 2525/2624 2659/2598 2383/2625
f 2261/2626 2669/2603 2525/2624
f 2670/2600 2317/2562 2447/2237
f 2569/2627 2447/2237 2219/2239
f 2383/2625 2670/2600 2569/2627
f 2671/2597 2215/2628 2489/2560
f 2660/2599 2489/2560 2317/2562
f 2418/2623 2671/2597 2660/2599
f 2672/2594 2417/2629 2655/2590
f 2442/2236 2655/2590 2310/2564
f 2238/2235 2672/2594 2442/2236
f 2673/2592 2302/2630 2432/2531
f 2433/2565 2432/2531 2232/2571
f 2310/2564 2673/2592 2433/2565
f 2674/2589 2231/2254 2475/2259
f 2656/2591 2475/2259 2302/2630
f 2417/2629 2674/2589 2656/2591
f 2227/2631 2653/2583 2366/2632
f 2366/2632 2448/2585 2224/2633
f 2416/2587 2428/2582 2297/2584
f 2675/2580 2415/2634 2649/2575
f 2453/2635 2649/2575 2321/2636
f 2221/2637 2675/2580 2453/2635
f 2676/2577 2291/2638 2504/2639
f 2473/2640 2504/2639 2217/2641
f 2321/2636 2676/2577 2473/2640
f 2677/2574 2218/2208 2420/2642
f 2650/2576 2420/2642 2291/2638
f 2415/2634 2677/2574 2650/2576
f 2535/2382 2250/2643 2240/2644
f 2255/2645 2647/2568 2389/2443
f 2646/2229 2355/2569 2337/2230
f 2307/2646 2645/2234 2414/2566
f 2228/2572 2644/2563 2309/2570
f 2309/2570 2433/2565 2232/2571
f 2215/2628 2559/2305 2489/2560
f 2230/2567 2643/2555 2311/2647
f 2311/2647 2427/2557 2225/2648
f 2413/2559 2481/2554 2296/2556
f 2567/2552 2251/2617 2259/2649
f 2449/2549 2216/2650 2233/2430
f 2369/2651 2641/2253 2412/2545
f 2236/2238 2640/2542 2313/2248
f 2313/2248 2434/2214 2237/2249
f 2678/2541 2411/2652 2637/2536
f 2428/2582 2637/2536 2297/2584
f 2226/2581 2678/2541 2428/2582
f 2425/2653 2638/2537 2295/2654
f 2224/2633 2679/2538 2425/2653
f 2297/2584 2679/2538 2448/2585
f 2478/2655 2481/2534 2223/2656
f 2295/2654 2680/2535 2478/2655
f 2411/2652 2680/2535 2638/2537
f 2232/2571 2635/2528 2308/2657
f 2308/2657 2431/2530 2226/2658
f 2410/2532 2519/2527 2300/2529
f 2243/2325 2456/2505 2250/2659
f 2457/2445 2241/2620 2248/2660
f 2459/2414 2244/2661 2249/2316
f 2461/2397 2240/2644 2250/2659
f 2681/2435 2409/2662 2631/2434
f 2571/2433 2631/2434 2387/2663
f 2275/2649 2681/2435 2571/2433
f 2682/2456 2353/2664 2497/2455
f 2527/2454 2497/2455 2276/2665
f 2387/2663 2682/2456 2527/2454
f 2683/2334 2274/2622 2547/2333
f 2632/2332 2547/2333 2353/2664
f 2409/2662 2683/2334 2632/2332
f 2446/2476 2247/2666 2245/2385
f 2251/2667 2629/2518 2376/2400
f 2628/2278 2334/2519 2331/2279
f 2625/2668 2627/2517 2408/2513
f 2380/2669 2684/2515 2625/2668
f 2566/2670 2525/2671 2684/2515
f 2488/2672 2626/2514 2345/2673
f 2262/2674 2685/2512 2488/2672
f 2522/2675 2625/2668 2685/2512
f 2543/2676 2445/2313 2220/2312
f 2345/2673 2686/2511 2543/2676
f 2626/2514 2624/2677 2686/2511
f 2251/2667 2471/2510 2470/2509
f 2250/2659 2420/2507 2218/2208
f 2687/2504 2407/2678 2621/2499
f 2510/2428 2621/2499 2365/2345
f 2233/2430 2687/2504 2510/2428
f 2688/2501 2306/2679 2451/2586
f 2555/2343 2451/2586 2227/2631
f 2365/2345 2688/2501 2555/2343
f 2689/2498 2228/2572 2438/2219
f 2622/2500 2438/2219 2306/2679
f 2407/2678 2689/2498 2622/2500
f 2248/2680 2490/2495 2246/2269
f 2332/2494 2619/2491 2467/2493
f 2374/2402 2619/2491 2332/2494
f 2258/2492 2566/2681 2479/2407
f 2524/2488 2255/2645 2260/2442
f 2254/2419 2521/2682 2477/2388
f 2615/2683 2617/2483 2405/2479
f 2356/2436 2690/2481 2615/2683
f 2501/2438 2540/2487 2690/2481
f 2691/2478 2330/2365 2430/2367
f 2243/2325 2691/2478 2430/2367
f 2550/2327 2615/2683 2691/2478
f 2692/2477 2245/2385 2464/2386
f 2616/2480 2464/2386 2330/2365
f 2405/2479 2692/2477 2616/2480
f 2693/2474 2404/2684 2611/2469
f 2513/2544 2611/2469 2369/2651
f 2236/2238 2693/2474 2513/2544
f 2694/2471 2304/2685 2435/2558
f 2558/2546 2435/2558 2230/2567
f 2369/2651 2694/2471 2558/2546
f 2695/2468 2229/2686 2441/2240
f 2612/2470 2441/2240 2304/2685
f 2404/2684 2695/2468 2612/2470
f 2607/2460 2609/2465 2403/2687
f 2344/2688 2696/2463 2607/2460
f 2487/2689 2568/2690 2696/2463
f 2421/2252 2608/2461 2319/2691
f 2215/2251 2697/2462 2421/2252
f 2344/2688 2697/2462 2542/2692
f 2450/2548 2541/2459 2216/2650
f 2319/2691 2698/2457 2450/2548
f 2608/2461 2606/2693 2698/2457
f 2699/2456 2364/2664 2576/2332
f 2579/2434 2576/2332 2395/2662
f 2394/2663 2699/2456 2579/2434
f 2237/2249 2465/2282 2219/2281
f 2530/2398 2402/2374 2390/2427
f 2700/2275 2363/2605 2553/2206
f 2574/2274 2553/2206 2287/2204
f 2393/2694 2700/2275 2574/2274
f 2229/2695 2587/2432 2299/2431
f 2701/2448 2343/2696 2485/2697
f 2565/2698 2485/2697 2260/2699
f 2379/2700 2701/2448 2565/2698
f 2248/2660 2516/2322 2457/2445
f 2377/2421 2520/2410 2580/2422
f 2702/2441 2329/2701 2462/2273
f 2536/2417 2462/2273 2242/2272
f 2338/2416 2702/2441 2536/2417
f 2255/2645 2501/2438 2500/2437
f 2703/2435 2395/2662 2577/2451
f 2531/2521 2577/2451 2393/2694
f 2289/2649 2703/2435 2531/2521
f 2367/2350 2587/2432 2305/2450
f 2365/2345 2424/2429 2510/2428
f 2573/2330 2358/2218 2279/2216
f 2351/2303 2492/2314 2268/2354
f 2398/2374 2545/2375 2348/2426
f 2377/2421 2581/2418 2338/2416
f 2244/2661 2564/2415 2249/2702
f 2338/2416 2581/2418 2476/2420
f 2249/2702 2536/2417 2242/2272
f 2249/2316 2515/2318 2459/2414
f 2336/2703 2520/2410 2377/2421
f 2704/2409 2399/2704 2597/2362
f 2467/2493 2597/2362 2332/2494
f 2258/2492 2704/2409 2467/2493
f 2705/2406 2216/2621 2541/2705
f 2592/2447 2541/2705 2343/2696
f 2397/2706 2705/2406 2592/2447
f 2241/2620 2563/2403 2248/2680
f 2706/2707 2423/2708 2732/2709
f 2585/2347 2582/2376 2396/2372
f 2367/2350 2706/2707 2585/2347
f 2267/2302 2595/2315 2351/2303
f 2250/2659 2517/2207 2461/2397
f 2333/2710 2518/2291 2374/2402
f 2707/2393 2397/2706 2591/2446
f 2521/2711 2591/2446 2379/2700
f 2262/2712 2707/2393 2521/2711
f 2708/2390 2400/2713 2601/2439
f 2476/2420 2601/2439 2338/2416
f 2254/2419 2708/2390 2476/2420
f 2373/2714 2436/2271 2328/2396
f 2371/2355 2463/2268 2326/2413
f 2372/2715 2454/2265 2324/2444
f 2464/2386 2322/2716 2330/2365
f 2287/2204 2552/2205 2285/2717
f 2709/2383 2240/2644 2486/2522
f 2602/2440 2486/2522 2329/2701
f 2400/2713 2709/2383 2602/2440
f 2305/2450 2511/2379 2367/2350
f 2732/2709 2423/2708 2468/2250
f 2710/2718 2483/2719 2733/2720
f 2294/2360 2710/2718 2424/2429
f 2584/2373 2582/2376 2710/2718
f 2604/2331 2280/2423 2358/2218
f 2480/2359 2584/2373 2294/2360
f 2224/2721 2711/2371 2480/2359
f 2425/2722 2583/2723 2711/2371
f 2733/2720 2449/2549 2233/2430
f 2243/2325 2430/2367 2495/2366
f 2460/2270 2598/2363 2327/2724
f 2490/2495 2460/2270 2246/2269
f 2490/2495 2597/2362 2712/2364
f 2588/2344 2294/2360 2365/2345
f 2366/2361 2480/2359 2589/2358
f 2560/2357 2221/2323 2248/2660
f 2247/2717 2473/2353 2217/2725
f 2299/2431 2556/2346 2223/2726
f 2713/2348 2396/2372 2583/2723
f 2478/2727 2583/2723 2295/2728
f 2223/2726 2713/2348 2478/2727
f 2227/2631 2588/2344 2555/2343
f 2714/2342 2244/2661 2429/2523
f 2598/2363 2429/2523 2327/2724
f 2399/2704 2714/2342 2598/2363
f 2363/2605 2505/2339 2362/2384
f 2715/2336 2346/2729 2590/2404
f 2593/2392 2590/2404 2397/2706
f 2345/2730 2715/2336 2593/2392
f 2716/2334 2288/2622 2507/2337
f 2578/2452 2507/2337 2363/2605
f 2395/2662 2716/2334 2578/2452
f 2384/2427 2594/2331 2398/2374
f 2717/2329 2336/2703 2596/2340
f 2599/2408 2596/2340 2399/2704
f 2340/2490 2717/2329 2599/2408
f 2550/2327 2355/2569 2356/2436
f 2372/2715 2453/2324 2321/2352
f 2718/2321 2337/2230 2600/2381
f 2603/2389 2600/2381 2400/2713
f 2339/2485 2718/2321 2603/2389
f 2515/2318 2320/2427 2371/2355
f 2605/2315 2359/2426 2402/2374
f 2368/2731 2445/2313 2315/2453
f 2606/2693 2485/2310 2343/2458
f 2403/2687 2719/2308 2606/2693
f 2609/2465 2524/2732 2719/2308
f 2720/2307 2305/2733 2610/2466
f 2613/2473 2610/2466 2404/2684
f 2370/2561 2720/2307 2613/2473
f 2721/2304 2331/2279 2614/2475
f 2405/2479 2721/2304 2614/2475
f 2617/2483 2484/2297 2721/2304
f 2379/2484 2537/2300 2339/2485
f 2382/2486 2484/2297 2342/2482
f 2380/2489 2538/2294 2340/2490
f 2374/2402 2518/2291 2618/2290
f 2722/2289 2307/2646 2620/2496
f 2623/2503 2620/2496 2407/2678
f 2314/2606 2722/2289 2623/2503
f 2323/2525 2504/2287 2291/2506
f 2533/2285 2334/2519 2335/2508
f 2624/2677 2465/2282 2315/2453
f 2627/2517 2624/2677 2408/2513
f 2383/2516 2723/2280 2627/2517
f 2257/2296 2628/2278 2466/2277
f 2724/2275 2354/2605 2630/2452
f 2633/2451 2630/2452 2409/2662
f 2388/2694 2724/2275 2633/2451
f 2436/2271 2329/2701 2328/2396
f 2463/2268 2327/2724 2326/2413
f 2454/2265 2325/2618 2324/2444
f 2322/2716 2426/2264 2323/2525
f 2302/2630 2634/2261 2410/2532
f 2725/2258 2296/2734 2636/2533
f 2639/2540 2636/2533 2411/2652
f 2300/2735 2725/2258 2639/2540
f 2412/2545 2529/2255 2303/2543
f 2468/2250 2319/2691 2318/2370
f 2381/2550 2482/2198 2341/2736
f 2304/2685 2642/2242 2413/2559
f 2317/2562 2514/2472 2447/2237
f 2414/2566 2442/2236 2310/2564
f 2252/2299 2646/2229 2474/2228
f 2726/2224 2292/2604 2648/2573
f 2651/2579 2648/2573 2415/2634
f 2320/2737 2726/2224 2651/2579
f 2306/2679 2652/2221 2416/2587
f 2727/2215 2303/2543 2654/2588
f 2657/2593 2654/2588 2417/2629
f 2368/2731 2727/2215 2657/2593
f 2728/2212 2344/2738 2658/2595
f 2661/2602 2658/2595 2418/2623
f 2381/2739 2728/2212 2661/2602
f 2373/2714 2494/2209 2292/2604
f 2548/2206 2352/2384 2354/2605
f 2346/2729 2444/2203 2314/2606
f 2729/2200 2333/2710 2662/2607
f 2665/2612 2662/2607 2419/2614
f 2341/2736 2729/2200 2665/2612
f 2482/2198 2253/2246 2469/2199
f 2491/2201 2220/2740 2234/2202
f 2273/2204 2271/2717 2546/2205
f 2517/2207 2250/2659 2218/2208
f 2567/2210 2259/2741 2487/2211
f 2557/2213 2237/2249 2434/2214
f 2265/2216 2263/2520 2347/2217
f 2438/2219 2228/2572 2298/2220
f 2452/2222 2222/2520 2422/2223
f 2645/2234 2316/2243 2238/2235
f 2447/2237 2514/2472 2236/2238
f 2441/2240 2229/2686 2299/2241
f 2316/2243 2234/2202 2220/2244
f 2523/2245 2261/2394 2253/2246
f 2219/2247 2236/2238 2313/2248
f 2641/2253 2312/2547 2231/2254
f 2519/2256 2225/2742 2427/2257
f 2475/2259 2231/2254 2301/2260
f 2572/2274 2273/2204 2548/2206
f 2358/2218 2280/2423 2278/2276
f 2723/2280 2569/2743 2219/2281
f 2239/2283 2247/2666 2508/2284
f 2426/2264 2247/2263 2217/2286
f 2444/2203 2234/2202 2440/2288
f 2253/2246 2375/2395 2618/2290
f 2522/2292 2262/2411 2256/2293
f 2568/2295 2259/2399 2257/2296
f 2565/2298 2260/2442 2252/2299
f 2406/2301 2386/2424 2267/2302
f 2721/2304 2484/2297 2257/2296
f 2559/2305 2235/2744 2437/2306
f 2719/2308 2524/2732 2260/2309
f 2512/2311 2238/2235 2220/2312
f 2360/2303 2282/2354 2503/2314
f 2249/2316 2222/2520 2452/2317
f 2401/2301 2392/2425 2284/2319
f 2537/2300 2252/2299 2474/2228
f 2516/2322 2248/2660 2221/2323
f 2243/2325 2250/2643 2549/2326
f 2538/2294 2256/2293 2472/2328
f 2570/2330 2265/2216 2349/2218
f 2576/2332 2364/2664 2554/2333
f 2543/2335 2220/2740 2491/2201
f 2507/2337 2288/2622 2286/2338
f 2596/2340 2336/2703 2534/2341
f 2556/2346 2367/2350 2585/2347
f 2561/2351 2372/2715 2321/2352
f 2360/2303 2401/2301 2361/2320
f 2371/2355 2320/2427 2439/2356
f 2281/2302 2391/2424 2401/2301
f 2597/2362 2399/2704 2598/2363
f 2330/2365 2322/2716 2495/2366
f 2449/2549 2483/2719 2318/2370
f 2483/2719 2731/2368 2318/2370
f 2711/2371 2583/2723 2396/2372
f 2402/2374 2359/2426 2551/2375
f 2483/2719 2710/2718 2731/2368
f 2710/2718 2582/2376 2731/2368
f 2468/2250 2423/2708 2215/2251
f 2423/2708 2730/2377 2215/2251
f 2600/2381 2337/2230 2535/2382
f 2553/2206 2363/2605 2362/2384
f 2245/2385 2247/2263 2455/2262
f 2561/2351 2247/2717 2239/2266
f 2560/2357 2248/2660 2246/2269
f 2562/2387 2249/2316 2242/2272
f 2477/2388 2339/2485 2603/2389
f 2488/2391 2345/2730 2593/2392
f 2261/2394 2258/2492 2375/2395
f 2517/2207 2373/2714 2328/2396
f 2526/2398 2384/2427 2398/2374
f 2423/2708 2706/2707 2730/2377
f 2706/2707 2511/2379 2730/2377
f 2259/2399 2251/2667 2376/2400
f 2506/2401 2333/2710 2374/2402
f 2590/2404 2346/2729 2544/2405
f 2479/2407 2340/2490 2599/2408
f 2262/2411 2254/2419 2378/2412
f 2515/2318 2371/2355 2326/2413
f 2564/2415 2377/2421 2338/2416
f 2581/2418 2378/2412 2254/2419
f 2534/2341 2336/2703 2377/2421
f 2594/2331 2349/2218 2266/2423
f 2391/2424 2283/2745 2392/2425
f 2595/2315 2398/2374 2348/2426
f 2390/2427 2402/2374 2604/2331
f 2575/2433 2394/2663 2579/2434
f 2356/2436 2355/2569 2500/2437
f 2601/2439 2400/2713 2602/2440
f 2256/2293 2378/2412 2580/2422
f 2260/2442 2255/2645 2389/2443
f 2516/2322 2372/2715 2324/2444
f 2591/2446 2397/2706 2592/2447
f 2577/2451 2395/2662 2578/2452
f 2281/2302 2360/2303 2605/2315
f 2557/2213 2368/2731 2315/2453
f 2532/2454 2290/2665 2509/2455
f 2698/2457 2606/2693 2343/2458
f 2607/2460 2403/2687 2608/2461
f 2696/2463 2568/2690 2382/2464
f 2610/2466 2305/2733 2443/2467
f 2611/2469 2404/2684 2612/2470
f 2514/2472 2370/2561 2613/2473
f 2614/2475 2331/2279 2446/2476
f 2691/2478 2615/2683 2405/2479
f 2690/2481 2540/2487 2342/2482
f 2350/2320 2406/2301 2351/2303
f 2270/2319 2385/2425 2406/2301
f 2385/2425 2269/2745 2386/2424
f 2477/2388 2521/2682 2379/2484
f 2382/2486 2342/2482 2540/2487
f 2479/2407 2566/2681 2380/2489
f 2619/2491 2375/2395 2258/2492
f 2563/2403 2374/2402 2332/2494
f 2620/2496 2307/2646 2493/2497
f 2621/2499 2407/2678 2622/2500
f 2502/2502 2314/2606 2623/2503
f 2456/2505 2323/2525 2291/2506
f 2335/2508 2334/2519 2470/2509
f 2686/2511 2624/2677 2315/2453
f 2685/2512 2625/2668 2408/2513
f 2684/2515 2525/2671 2383/2516
f 2331/2279 2334/2519 2508/2284
f 2279/2216 2358/2218 2357/2217
f 2630/2452 2354/2605 2499/2337
f 2631/2434 2409/2662 2632/2332
f 2528/2521 2388/2694 2633/2451
f 2328/2396 2329/2701 2486/2522
f 2326/2413 2327/2724 2429/2523
f 2324/2444 2325/2618 2458/2524
f 2495/2366 2322/2716 2323/2525
f 2634/2261 2301/2260 2225/2526
f 2635/2528 2410/2532 2300/2529
f 2432/2531 2302/2630 2410/2532
f 2636/2533 2296/2734 2481/2534
f 2637/2536 2411/2652 2638/2537
f 2431/2539 2300/2735 2639/2540
f 2640/2542 2412/2545 2303/2543
f 2513/2544 2369/2651 2412/2545
f 2558/2546 2230/2567 2312/2547
f 2318/2370 2319/2691 2450/2548
f 2381/2550 2341/2736 2539/2551
f 2642/2242 2299/2241 2223/2553
f 2643/2555 2413/2559 2296/2556
f 2435/2558 2304/2685 2413/2559
f 2489/2560 2559/2305 2370/2561
f 2644/2563 2414/2566 2310/2564
f 2493/2497 2307/2646 2414/2566
f 2440/2288 2234/2202 2316/2243
f 2337/2230 2355/2569 2549/2326
f 2648/2573 2292/2604 2494/2209
f 2649/2575 2415/2634 2650/2576
f 2439/2578 2320/2737 2651/2579
f 2652/2221 2298/2220 2226/2581
f 2653/2583 2416/2587 2297/2584
f 2451/2586 2306/2679 2416/2587
f 2349/2218 2347/2217 2264/2276
f 2654/2588 2303/2543 2529/2255
f 2655/2590 2417/2629 2656/2591
f 2512/2311 2368/2731 2657/2593
f 2658/2595 2344/2738 2542/2596
f 2659/2598 2418/2623 2660/2599
f 2523/2601 2381/2739 2661/2602
f 2562/2387 2373/2714 2292/2604
f 2354/2605 2352/2384 2496/2339
f 2544/2405 2346/2729 2314/2606
f 2662/2607 2333/2710 2506/2401
f 2663/2609 2419/2614 2664/2610
f 2539/2551 2341/2736 2665/2612
f 2666/2613 2665/2612 2419/2614
f 2471/2615 2666/2613 2663/2609
f 2251/2617 2539/2551 2666/2613
f 2667/2611 2664/2610 2325/2618
f 2533/2619 2667/2611 2498/2267
f 2335/2616 2663/2609 2667/2611
f 2668/2608 2506/2401 2241/2620
f 2664/2610 2668/2608 2458/2524
f 2419/2614 2662/2607 2668/2608
f 2216/2621 2544/2405 2502/2502
f 2499/2337 2496/2339 2272/2338
f 2249/2316 2562/2387 2422/2223
f 2669/2603 2661/2602 2418/2623
f 2525/2624 2669/2603 2659/2598
f 2261/2626 2523/2601 2669/2603
f 2670/2600 2660/2599 2317/2562
f 2569/2627 2670/2600 2447/2237
f 2383/2625 2659/2598 2670/2600
f 2671/2597 2542/2596 2215/2628
f 2660/2599 2671/2597 2489/2560
f 2418/2623 2658/2595 2671/2597
f 2672/2594 2657/2593 2417/2629
f 2442/2236 2672/2594 2655/2590
f 2238/2235 2512/2311 2672/2594
f 2673/2592 2656/2591 2302/2630
f 2433/2565 2673/2592 2432/2531
f 2310/2564 2655/2590 2673/2592
f 2674/2589 2529/2255 2231/2254
f 2656/2591 2674/2589 2475/2259
f 2417/2629 2654/2588 2674/2589
f 2227/2631 2451/2586 2653/2583
f 2366/2632 2653/2583 2448/2585
f 2416/2587 2652/2221 2428/2582
f 2675/2580 2651/2579 2415/2634
f 2453/2635 2675/2580 2649/2575
f 2221/2637 2439/2578 2675/2580
f 2676/2577 2650/2576 2291/2638
f 2473/2640 2676/2577 2504/2639
f 2321/2636 2649/2575 2676/2577
f 2677/2574 2494/2209 2218/2208
f 2650/2576 2677/2574 2420/2642
f 2415/2634 2648/2573 2677/2574
f 2535/2382 2549/2326 2250/2643
f 2255/2645 2500/2437 2647/2568
f 2646/2229 2647/2568 2355/2569
f 2307/2646 2440/2288 2645/2234
f 2228/2572 2493/2497 2644/2563
f 2309/2570 2644/2563 2433/2565
f 2215/2628 2235/2744 2559/2305
f 2230/2567 2435/2558 2643/2555
f 2311/2647 2643/2555 2427/2557
f 2413/2559 2642/2242 2481/2554
f 2567/2552 2539/2551 2251/2617
f 2449/2549 2450/2548 2216/2650
f 2369/2651 2558/2546 2641/2253
f 2236/2238 2513/2544 2640/2542
f 2313/2248 2640/2542 2434/2214
f 2678/2541 2639/2540 2411/2652
f 2428/2582 2678/2541 2637/2536
f 2226/2581 2431/2539 2678/2541
f 2425/2653 2679/2538 2638/2537
f 2224/2633 2448/2585 2679/2538
f 2297/2584 2637/2536 2679/2538
f 2478/2655 2680/2535 2481/2534
f 2295/2654 2638/2537 2680/2535
f 2411/2652 2636/2533 2680/2535
f 2232/2571 2432/2531 2635/2528
f 2308/2657 2635/2528 2431/2530
f 2410/2532 2634/2261 2519/2527
f 2243/2325 2495/2366 2456/2505
f 2457/2445 2458/2524 2241/2620
f 2459/2414 2429/2523 2244/2661
f 2461/2397 2486/2522 2240/2644
f 2681/2435 2633/2451 2409/2662
f 2571/2433 2681/2435 2631/2434
f 2275/2649 2528/2521 2681/2435
f 2682/2456 2632/2332 2353/2664
f 2527/2454 2682/2456 2497/2455
f 2387/2663 2631/2434 2682/2456
f 2683/2334 2499/2337 2274/2622
f 2632/2332 2683/2334 2547/2333
f 2409/2662 2630/2452 2683/2334
f 2446/2476 2508/2284 2247/2666
f 2251/2667 2470/2509 2629/2518
f 2628/2278 2629/2518 2334/2519
f 2625/2668 2684/2515 2627/2517
f 2380/2669 2566/2670 2684/2515
f 2566/2670 2261/2746 2525/2671
f 2488/2672 2685/2512 2626/2514
f 2262/2674 2522/2675 2685/2512
f 2522/2675 2380/2669 2625/2668
f 2543/2676 2686/2511 2445/2313
f 2345/2673 2626/2514 2686/2511
f 2626/2514 2408/2513 2624/2677
f 2250/2659 2456/2505 2420/2507
f 2687/2504 2623/2503 2407/2678
f 2510/2428 2687/2504 2621/2499
f 2233/2430 2502/2502 2687/2504
f 2688/2501 2622/2500 2306/2679
f 2555/2343 2688/2501 2451/2586
f 2365/2345 2621/2499 2688/2501
f 2689/2498 2493/2497 2228/2572
f 2622/2500 2689/2498 2438/2219
f 2407/2678 2620/2496 2689/2498
f 2248/2680 2563/2403 2490/2495
f 2374/2402 2618/2290 2619/2491
f 2258/2492 2261/2394 2566/2681
f 2524/2488 2540/2487 2255/2645
f 2254/2419 2262/2411 2521/2682
f 2615/2683 2690/2481 2617/2483
f 2356/2436 2501/2438 2690/2481
f 2501/2438 2255/2645 2540/2487
f 2691/2478 2616/2480 2330/2365
f 2243/2325 2550/2327 2691/2478
f 2550/2327 2356/2436 2615/2683
f 2692/2477 2446/2476 2245/2385
f 2616/2480 2692/2477 2464/2386
f 2405/2479 2614/2475 2692/2477
f 2693/2474 2613/2473 2404/2684
f 2513/2544 2693/2474 2611/2469
f 2236/2238 2514/2472 2693/2474
f 2694/2471 2612/2470 2304/2685
f 2558/2546 2694/2471 2435/2558
f 2369/2651 2611/2469 2694/2471
f 2695/2468 2443/2467 2229/2686
f 2612/2470 2695/2468 2441/2240
f 2404/2684 2610/2466 2695/2468
f 2607/2460 2696/2463 2609/2465
f 2344/2688 2487/2689 2696/2463
f 2487/2689 2259/2747 2568/2690
f 2421/2252 2697/2462 2608/2461
f 2215/2251 2542/2692 2697/2462
f 2344/2688 2607/2460 2697/2462
f 2450/2548 2698/2457 2541/2459
f 2319/2691 2608/2461 2698/2457
f 2608/2461 2403/2687 2606/2693
f 2699/2456 2509/2455 2364/2664
f 2579/2434 2699/2456 2576/2332
f 2394/2663 2532/2454 2699/2456
f 2237/2249 2557/2213 2465/2282
f 2530/2398 2605/2315 2402/2374
f 2700/2275 2578/2452 2363/2605
f 2574/2274 2700/2275 2553/2206
f 2393/2694 2577/2451 2700/2275
f 2229/2695 2443/2449 2587/2432
f 2701/2448 2592/2447 2343/2696
f 2565/2698 2701/2448 2485/2697
f 2379/2700 2591/2446 2701/2448
f 2702/2441 2602/2440 2329/2701
f 2536/2417 2702/2441 2462/2273
f 2338/2416 2601/2439 2702/2441
f 2703/2435 2579/2434 2395/2662
f 2531/2521 2703/2435 2577/2451
f 2289/2649 2575/2433 2703/2435
f 2367/2350 2586/2349 2587/2432
f 2365/2345 2294/2360 2424/2429
f 2573/2330 2604/2331 2358/2218
f 2351/2303 2595/2315 2492/2314
f 2398/2374 2594/2331 2545/2375
f 2377/2421 2580/2422 2581/2418
f 2244/2661 2534/2341 2564/2415
f 2249/2702 2564/2415 2536/2417
f 2336/2703 2472/2328 2520/2410
f 2704/2409 2599/2408 2399/2704
f 2467/2493 2704/2409 2597/2362
f 2258/2492 2479/2407 2704/2409
f 2705/2406 2544/2405 2216/2621
f 2592/2447 2705/2406 2541/2705
f 2397/2706 2590/2404 2705/2406
f 2241/2620 2506/2401 2563/2403
f 2293/2369 2582/2376 2732/2709
f 2582/2376 2706/2707 2732/2709
f 2585/2347 2706/2707 2582/2376
f 2367/2350 2511/2379 2706/2707
f 2267/2302 2526/2398 2595/2315
f 2333/2710 2469/2199 2518/2291
f 2707/2393 2593/2392 2397/2706
f 2521/2711 2707/2393 2591/2446
f 2262/2712 2488/2391 2707/2393
f 2708/2390 2603/2389 2400/2713
f 2476/2420 2708/2390 2601/2439
f 2254/2419 2477/2388 2708/2390
f 2373/2714 2562/2387 2436/2271
f 2371/2355 2560/2357 2463/2268
f 2372/2715 2561/2351 2454/2265
f 2464/2386 2455/2262 2322/2716
f 2287/2204 2553/2206 2552/2205
f 2709/2383 2535/2382 2240/2644
f 2602/2440 2709/2383 2486/2522
f 2400/2713 2600/2381 2709/2383
f 2305/2450 2437/2380 2511/2379
f 2318/2370 2293/2369 2468/2250
f 2293/2369 2732/2709 2468/2250
f 2233/2430 2424/2429 2733/2720
f 2424/2429 2710/2718 2733/2720
f 2294/2360 2584/2373 2710/2718
f 2584/2373 2396/2372 2582/2376
f 2604/2331 2551/2375 2280/2423
f 2480/2359 2711/2371 2584/2373
f 2224/2721 2425/2722 2711/2371
f 2425/2722 2295/2728 2583/2723
f 2733/2720 2483/2719 2449/2549
f 2460/2270 2712/2364 2598/2363
f 2490/2495 2712/2364 2460/2270
f 2490/2495 2332/2494 2597/2362
f 2588/2344 2589/2358 2294/2360
f 2366/2361 2224/2721 2480/2359
f 2560/2357 2439/2356 2221/2323
f 2247/2717 2561/2351 2473/2353
f 2299/2431 2586/2349 2556/2346
f 2713/2348 2585/2347 2396/2372
f 2478/2727 2713/2348 2583/2723
f 2223/2726 2556/2346 2713/2348
f 2227/2631 2366/2361 2588/2344
f 2714/2342 2534/2341 2244/2661
f 2598/2363 2714/2342 2429/2523
f 2399/2704 2596/2340 2714/2342
f 2363/2605 2507/2337 2505/2339
f 2715/2336 2491/2201 2346/2729
f 2593/2392 2715/2336 2590/2404
f 2345/2730 2543/2335 2715/2336
f 2716/2334 2554/2333 2288/2622
f 2578/2452 2716/2334 2507/2337
f 2395/2662 2576/2332 2716/2334
f 2384/2427 2570/2330 2594/2331
f 2717/2329 2472/2328 2336/2703
f 2599/2408 2717/2329 2596/2340
f 2340/2490 2538/2294 2717/2329
f 2550/2327 2549/2326 2355/2569
f 2372/2715 2516/2322 2453/2324
f 2718/2321 2474/2228 2337/2230
f 2603/2389 2718/2321 2600/2381
f 2339/2485 2537/2300 2718/2321
f 2515/2318 2452/2317 2320/2427
f 2605/2315 2503/2314 2359/2426
f 2368/2731 2512/2311 2445/2313
f 2606/2693 2719/2308 2485/2310
f 2403/2687 2609/2465 2719/2308
f 2609/2465 2382/2464 2524/2732
f 2720/2307 2437/2306 2305/2733
f 2613/2473 2720/2307 2610/2466
f 2370/2561 2559/2305 2720/2307
f 2721/2304 2466/2277 2331/2279
f 2405/2479 2617/2483 2721/2304
f 2617/2483 2342/2482 2484/2297
f 2379/2484 2565/2298 2537/2300
f 2382/2486 2568/2295 2484/2297
f 2380/2489 2522/2292 2538/2294
f 2722/2289 2440/2288 2307/2646
f 2623/2503 2722/2289 2620/2496
f 2314/2606 2444/2203 2722/2289
f 2323/2525 2426/2264 2504/2287
f 2533/2285 2508/2284 2334/2519
f 2624/2677 2723/2280 2465/2282
f 2627/2517 2723/2280 2624/2677
f 2383/2516 2569/2743 2723/2280
f 2257/2296 2376/2400 2628/2278
f 2724/2275 2548/2206 2354/2605
f 2633/2451 2724/2275 2630/2452
f 2388/2694 2572/2274 2724/2275
f 2436/2271 2462/2273 2329/2701
f 2463/2268 2460/2270 2327/2724
f 2454/2265 2498/2267 2325/2618
f 2322/2716 2455/2262 2426/2264
f 2302/2630 2475/2259 2634/2261
f 2725/2258 2427/2257 2296/2734
f 2639/2540 2725/2258 2636/2533
f 2300/2735 2519/2256 2725/2258
f 2412/2545 2641/2253 2529/2255
f 2468/2250 2421/2252 2319/2691
f 2381/2550 2523/2245 2482/2198
f 2304/2685 2441/2240 2642/2242
f 2317/2562 2370/2561 2514/2472
f 2414/2566 2645/2234 2442/2236
f 2252/2299 2389/2443 2646/2229
f 2726/2224 2422/2223 2292/2604
f 2651/2579 2726/2224 2648/2573
f 2320/2737 2452/2222 2726/2224
f 2306/2679 2438/2219 2652/2221
f 2727/2215 2434/2214 2303/2543
f 2657/2593 2727/2215 2654/2588
f 2368/2731 2557/2213 2727/2215
f 2728/2212 2487/2211 2344/2738
f 2661/2602 2728/2212 2658/2595
f 2381/2739 2567/2210 2728/2212
f 2373/2714 2517/2207 2494/2209
f 2548/2206 2546/2205 2352/2384
f 2346/2729 2491/2201 2444/2203
f 2729/2200 2469/2199 2333/2710
f 2665/2612 2729/2200 2662/2607
f 2341/2736 2482/2198 2729/2200
o LeftBoot
v 4.166 18 2.166
v 4.166 18 -2.166
v -0.166 18 -2.166
v -0.166 18 2.166
v -0.7075 18 -1.6245
v -0.7075 18 2.7075
v 4.7075 18 -1.6245
v 4.7075 18 2.7075
v 3.6245 18 -2.7075
v 0.3755 18 -2.7075
v -0.7075 20.166 -1.6245
v 4.7075 20.166 -1.6245
v 3.6245 20.166 -2.7075
v 0.3755 20.166 -2.7075
v -0.7075 22.332 -2.7075
v 4.7075 22.332 -2.7075
v 3.6245 22.332 -3.7905
v 0.3755 22.332 -3.7905
v -0.7075 24.498 -2.7075
v -0.7075 24.498 2.7075
v 4.7075 24.498 -2.7075
v 4.7075 24.498 2.7075
v 3.6245 24.498 -3.7905
v 0.3755 24.498 -3.7905
v 2.5415 24.498 -3.249
v 4.166 24.498 -3.249
v 2 24.498 -3.7905
v 4.166 20.166 -2.166
v 3.8952 19.083 -2.4368
v 2 18 -2.7075
v 3.6245 19.083 -2.7075
v -0.7075 22.332 0.5415
v -0.7075 23.415 -0
v -0.7075 21.249 -2.166
v 4.7075 21.249 2.7075
v 2 18 2.7075
v -0.7075 19.083 -1.6245
v 4.7075 23.415 -0
v 4.7075 23.415 -2.7075
v 4.7075 24.498 -0
v 4.7075 21.249 -2.166
v 2 20.166 -2.7075
v 3.6245 21.249 -3.249
v -0.166 20.166 -2.166
v -0.7075 23.415 -2.7075
v -0.166 22.332 -3.249
v 4.166 22.332 -3.249
v 2 22.332 -3.7905
v 3.6245 23.415 -3.7905
v 1.7292 18 2.4367
v -0.7075 18 0.5415
v -0.4368 18 0.2707
v 4.4367 18 0.2707
v 4.7075 18 0.5415
v 1.7292 18 -2.4368
v -0.166 24.498 -3.249
v 2 24.498 -2.7075
v -0.7075 24.498 -0
v 2 24.498 2.7075
v 4.7075 19.083 -1.6245
v 0.3755 19.083 -2.7075
v -0.7075 19.083 0.5415
v -0.7075 21.249 2.7075
v 0.1047 19.083 -2.4368
v 4.7075 22.332 0.5415
v 4.7075 19.083 0.5415
v 0.3755 21.249 -3.249
v 0.3755 23.415 -3.7905
v 2 18 2.166
v -0.166 18 -0
v 4.166 18 -0
v 2 18 -2.166
v 2 24.498 -0
v 2 21.249 2.7075
v -0.166 23.415 -3.249
v 4.166 23.415 -3.249
v 2 19.083 -2.7075
v -0.166 21.249 -2.7075
v 2 21.249 -3.249
v 2 23.415 -3.7905
v 4.166 21.249 -2.7075
v 1.4585 24.498 -3.5198
v 1.1878 24.498 -3.7905
v 2.8123 24.498 -3.7905
v 1.1878 18 -2.7075
v -0.7075 21.249 -0.5415
v -0.7075 23.415 1.6245
v -0.7075 23.9565 1.3537
v 4.7075 22.8735 2.7075
v 3.3537 18 2.7075
v 4.7075 23.9565 1.3537
v 4.7075 24.498 1.3537
v 1.1878 20.166 -2.7075
v -0.7075 22.8735 -1.3538
v 3.6245 24.498 -2.9783
v 2.8123 18 -2.7075
v 1.1878 22.332 -3.7905
v 0.5109 18 2.5721
v -0.7075 18 1.6245
v -0.5721 18 -0.6769
v 4.5721 18 -0.6769
v 4.7075 18 1.6245
v 2.6769 18 -2.5721
v 3.3537 24.498 -2.7075
v -0.7075 24.498 1.3537
v 4.7075 19.6245 2.7075
v 3.3537 24.498 2.7075
v -0.7075 19.6245 -0.5415
v -0.7075 22.8735 2.7075
v 4.7075 23.415 1.6245
v 4.7075 19.6245 -0.5415
v 0.917 18 2.166
v -0.166 18 1.083
v 4.166 18 -1.083
v 0.917 18 -2.166
v 0.6462 18 2.7075
v 4.7075 22.8735 -1.3538
v 4.7075 24.498 -1.3538
v 2.8123 20.166 -2.7075
v 2.8123 22.332 -3.7905
v 2.9476 18 2.3014
v -0.7075 18 -0.5415
v -0.3014 18 1.2184
v 4.3014 18 1.2184
v 4.7075 18 -0.5415
v 0.7816 18 -2.3014
v 0.6462 24.498 -2.7075
v -0.7075 24.498 -1.3538
v 0.6462 24.498 2.7075
v -0.7075 18.5415 1.6245
v -0.7075 19.6245 2.7075
v 4.7075 21.249 -0.5415
v 4.7075 18.5415 1.6245
v 3.083 18 2.166
v -0.166 18 -1.083
v 4.166 18 1.083
v 3.083 18 -2.166
v 2 24.498 -1.3538
v 2 24.498 1.3537
v 0.6462 24.498 -0
v 3.3537 24.498 -0
v 4.7075 21.7905 -0.8123
v 4.7075 22.332 -1.083
v 4.7075 19.083 -0.5415
v 4.7075 18.5415 -0.5415
v 4.7075 20.7075 0.5415
v 4.7075 21.7905 1.6245
v 4.7075 20.166 1.6245
v -0.7075 23.415 -1.3538
v -0.7075 23.9565 -1.3538
v -0.7075 20.7075 0.5415
v -0.7075 20.166 1.6245
v -0.7075 21.7905 1.6245
v -0.7075 19.083 -0.5415
v -0.7075 18.5415 -0.5415
v 2 19.6245 2.7075
v 2 22.8735 2.7075
v 3.3537 21.249 2.7075
v 0.6462 21.249 2.7075
v 1.1878 24.498 -3.249
v 0.917 24.498 -2.9783
v 2.8123 19.083 -2.7075
v 1.1878 19.083 -2.7075
v 4.7075 23.415 -1.3538
v 4.7075 23.9565 -1.3538
v 2.8123 21.249 -3.249
v 1.1878 21.249 -3.249
v -0.7075 21.7905 -0.8123
v -0.7075 22.332 -1.083
v 2.8123 23.415 -3.7905
v 1.1878 23.415 -3.7905
v 3.3537 24.498 -3.249
v 3.083 24.498 -3.5198
v 0.6462 22.8735 2.7075
v 3.3537 22.8735 2.7075
v 3.3537 19.6245 2.7075
v 3.3537 24.498 -1.3538
v 0.6462 24.498 1.3537
v 3.3537 24.498 1.3537
v 0.6462 19.6245 2.7075
v 0.6462 24.498 -1.3538
v -0.7075 21.7905 -0
v -0.7075 23.9565 2.166
v 4.7075 23.6857 2.7075
v 4.7075 20.4367 2.7075
v -0.7075 23.6857 2.7075
v 4.7075 23.9565 2.166
v -0.7075 20.4367 2.7075
v 4.7075 21.7905 -0
v 4.7075 21.7905 -1.6245
v 4.7075 19.8953 0.5415
v 4.7075 20.7075 2.166
v -0.7075 21.5198 0.5415
v -0.7075 20.7075 2.166
v 2 18.8122 2.7075
v 2 22.0612 2.7075
v -0.7075 22.8735 -0.5415
v -0.7075 20.7075 -1.083
v -0.7075 22.8735 1.083
v 4.7075 22.0612 2.7075
v 4.7075 18.8122 2.7075
v -0.7075 22.0612 2.7075
v 4.7075 22.8735 1.083
v -0.7075 18.8122 2.7075
v 4.7075 20.7075 -1.083
v 4.7075 22.8735 -0.5415
v 4.7075 21.5198 0.5415
v 4.7075 19.6245 1.083
v -0.7075 19.8953 0.5415
v -0.7075 19.6245 1.083
v 2 20.4367 2.7075
v 2 23.6857 2.7075
v -0.7075 21.7905 -1.6245
v 0.6462 22.0612 2.7075
v 0.6462 23.6857 2.7075
v 3.3537 22.0612 2.7075
v 3.3537 23.6857 2.7075
v 3.3537 18.8122 2.7075
v 3.3537 20.4367 2.7075
v -0.7075 22.6028 1.6245
v -0.7075 22.332 2.166
v -0.7075 21.249 1.083
v -0.7075 20.9783 1.6245
v -0.7075 20.4367 -0.5415
v -0.7075 20.166 -0
v 4.7075 19.3538 1.6245
v 4.7075 19.083 2.166
v 4.7075 21.249 1.083
v 4.7075 20.9783 1.6245
v 4.7075 20.4367 -0.5415
v 4.7075 20.166 -0
v 4.7075 22.6028 1.6245
v 4.7075 22.332 2.166
v -0.7075 19.3538 1.6245
v -0.7075 19.083 2.166
v 0.6462 18.8122 2.7075
v 0.6462 20.4367 2.7075
vt 0.45 0.2283
vt 0.4375 0.2391
vt 0.4 0.2391
vt 0.475 0.3913
vt 0.5 0.3478
vt 0.5 0.3913
vt 0.4125 0.2609
vt 0.45 0.3043
vt 0.4125 0.3043
vt 0.125 0.3043
vt 0.1 0.3478
vt 0.075 0.3261
vt 0.4125 0.3478
vt 0.45 0.3913
vt 0.4125 0.3913
vt 0.475 0.4348
vt 0.4625 0.4783
vt 0.45 0.4348
vt 0.5625 0.3261
vt 0.5625 0.3043
vt 0.625 0.3043
vt 0.275 0.3913
vt 0.3 0.4348
vt 0.275 0.4348
vt 0.4125 0.4348
vt 0.45 0.4783
vt 0.4125 0.4783
vt 0.375 0.163
vt 0.3125 0.2174
vt 0.3125 0.163
vt 0.475 0.3043
vt 0.5 0.2609
vt 0.5 0.3043
vt 0.25 0.4348
vt 0.25 0.4783
vt 0.3 0.3043
vt 0.275 0.3478
vt 0.275 0.3043
vt 0.775 0.5435
vt 0.8125 0.5217
vt 0.8313 0.538
vt 0.025 0.5435
vt 0.05 0.5217
vt 0.0688 0.538
vt 0.5938 0.5272
vt 0.55 0.5217
vt 0.6 0.5217
vt 0.3187 0.538
vt 0.3 0.5217
vt 0.3375 0.5217
vt 0.35 0.25
vt 0.3375 0.2391
vt 1 0.4891
vt 0.9375 0.5217
vt 0.9375 0.4891
vt 0.6 0.4783
vt 0.6 0.5
vt 0.55 0.4783
vt 0.4062 0.5272
vt 0.375 0.5435
vt 0.3625 0.5326
vt 0.5875 0.3696
vt 0.55 0.3696
vt 0.575 0.3478
vt 0.15 0.5217
vt 0.1 0.5217
vt 0.15 0.5
vt 0 0.4891
vt 0 0.4565
vt 0.025 0.4783
vt 0.125 0.2609
vt 0.0625 0.2826
vt 0.0625 0.2609
vt 0.6 0.4565
vt 0.675 0.5435
vt 0.6375 0.5326
vt 0.6813 0.538
vt 0.2875 0.4783
vt 0.3 0.4783
vt 0.75 0.2935
vt 0.7 0.3043
vt 0.725 0.2826
vt 0.65 0.5217
vt 0.7 0.5
vt 0.7 0.5217
vt 0.625 0.3696
vt 0.6 0.3913
vt 0.5 0.0543
vt 0.4375 0.1087
vt 0.4375 0.0543
vt 0.6 0.3261
vt 0.375 0.0543
vt 0.3125 0.1087
vt 0.3125 0.0543
vt 0.925 0.5435
vt 0.8875 0.5326
vt 0.9437 0.5272
vt 0.1562 0.5272
vt 0.125 0.5435
vt 0.1125 0.5326
vt 0.6875 0.2826
vt 0.825 0.5435
vt 0.075 0.5435
vt 0.575 0.5435
vt 0.325 0.5435
vt 0.275 0.5435
vt 0.5 0.163
vt 0.4375 0.2174
vt 0.4375 0.163
vt 0.65 0.3804
vt 0.675 0.3913
vt 0.65 0.413
vt 0.75 0.4239
vt 0.7 0.4348
vt 0.725 0.413
vt 0.25 0.3043
vt 0.1875 0.3261
vt 0.1875 0.3043
vt 0.1875 0.2826
vt 0.25 0.2609
vt 0.1875 0.2609
vt 0.1 0.4457
vt 0.1 0.413
vt 0.125 0.4348
vt 0.05 0.4348
vt 0.075 0.4565
vt 0 0.3587
vt 0 0.3261
vt 0.025 0.3478
vt 0.15 0.4783
vt 0.1 0.4783
vt 0.15 0.4565
vt 0 0.5217
vt 0.05 0.5
vt 0.45 0.5217
vt 0.475 0.5217
vt 0.875 0.4891
vt 0.8125 0.4891
vt 0.875 0.3587
vt 0.8125 0.3913
vt 0.8125 0.3587
vt 1 0.3587
vt 0.9375 0.3913
vt 0.9375 0.3587
vt 0.5 0.2174
vt 0.275 0.2391
vt 0.325 0.2283
vt 0.375 0.2174
vt 0.375 0.5217
vt 0.4125 0.5217
vt 0.25 0.3478
vt 0.3 0.2609
vt 0.275 0.2609
vt 0.275 0.5217
vt 0.25 0.5217
vt 0.475 0.3478
vt 0.45 0.3478
vt 0.45 0.2609
vt 0.3375 0.4783
vt 0.3375 0.4348
vt 0.375 0.4783
vt 0.25 0.3913
vt 0.3 0.3913
vt 0.6875 0.2609
vt 0.75 0.2609
vt 0.5625 0.2826
vt 0.5625 0.2609
vt 0.625 0.2609
vt 0.5 0.4783
vt 0.5 0.4348
vt 0.5 0.5217
vt 0.3375 0.3913
vt 0.375 0.4348
vt 0.3375 0.3478
vt 0.375 0.3913
vt 0.225 0.3913
vt 0.2 0.4348
vt 0.175 0.413
vt 0.1625 0.3696
vt 0.2 0.3696
vt 0.3375 0.3043
vt 0.375 0.3478
vt 0.3375 0.2609
vt 0.375 0.3043
vt 0.475 0.2391
vt 0.425 0.25
vt 0.375 0.2609
vt 0.3 0.3478
vt 0.15 0.3261
vt 0.175 0.3478
vt 0.125 0.3696
vt 1 0.5217
vt 0.2 0.5217
vt 0.725 0.5435
vt 0.75 0.5217
vt 0.875 0.3913
vt 0.9375 0.2935
vt 0.875 0.3261
vt 0.875 0.2935
vt 1 0.2935
vt 0.9375 0.3261
vt 0.75 0.3913
vt 0.75 0.3587
vt 0.8125 0.2935
vt 0.75 0.3261
vt 0.8125 0.3261
vt 0.75 0.4891
vt 0.8125 0.4239
vt 0.75 0.4565
vt 0.875 0.4239
vt 0.8125 0.4565
vt 0.2 0.4783
vt 0.05 0.337
vt 0.05 0.3043
vt 0 0.2935
vt -0 0.2609
vt 0.025 0.2826
vt 0.05 0.3696
vt 0.1 0.3804
vt 0.075 0.3913
vt 0.05 0.4022
vt 0 0.3913
vt 0.025 0.413
vt 0.15 0.4239
vt 0.15 0.3913
vt 0.7 0.4674
vt 0.65 0.4783
vt 0.675 0.4565
vt 0.725 0.4783
vt 0.65 0.4457
vt 0.7 0.3696
vt 0.7 0.4022
vt 0.6 0.4239
vt 0.55 0.4348
vt 0.575 0.413
vt 0.625 0.4348
vt 0.375 0.1087
vt 0.5 0.1087
vt 0.625 0.5435
vt 0.875 0.5435
vt 0.675 0.3261
vt 0.175 0.5435
vt 0.975 0.5435
vt 0.25 0.1087
vt 0.25 0.0543
vt 0.3125 0
vt 0.25 -0
vt 0.375 0
vt 0.4375 0
vt 0.5 -0
vt 0.7 0.337
vt 0.65 0.3478
vt 0.725 0.3478
vt 0.05 0.4674
vt 0 0.4239
vt 0.425 0.5435
vt 0.875 0.5217
vt 0.9375 0.4239
vt 0.875 0.4565
vt 1 0.4239
vt 0.9375 0.4565
vt 0.25 0.2174
vt 0.25 0.163
vt 1 0.3913
vt 0.875 0.2609
vt 0.8125 0.2609
vt 1 0.2609
vt 0.9375 0.2609
vt 1 0.3261
vt 1 0.4565
vt 0.475 0.2609
vt 0.525 0.3913
vt 0.525 0.5435
vt 0.225 0.5435
vt 0.475 0.5435
s 1
f 2828/2748 2905/2749 2758/2750
f 2814/2751 2749/2752 2774/2753
f 2817/2754 2782/2755 2903/2756
f 2766/2757 2765/2758 2932/2759
f 2853/2760 2776/2761 2899/2762
f 2761/2763 2762/2764 2746/2765
f 2850/2766 2897/2767 2771/2768
f 2811/2769 2747/2770 2777/2771
f 2852/2772 2764/2773 2895/2774
f 2871/2775 2860/2776 2914/2777
f 2809/2778 2754/2779 2772/2780
f 2744/2781 2777/2771 2770/2782
f 2801/2783 2779/2784 2808/2785
f 2734/2786 2823/2787 2854/2788
f 2737/2789 2832/2790 2856/2791
f 2834/2792 2740/2793 2858/2794
f 2859/2795 2743/2796 2818/2797
f 2815/2798 2893/2799 2758/2750
f 2937/2800 2849/2801 2969/2802
f 2877/2803 2878/2804 2793/2805
f 2836/2806 2805/2807 2788/2808
f 2762/2764 2764/2773 2746/2765
f 2875/2809 2923/2810 2876/2811
f 2855/2812 2784/2813 2888/2814
f 2937/2815 2864/2816 2968/2817
f 2791/2818 2821/2819 2838/2820
f 2793/2805 2844/2821 2877/2803
f 2869/2822 2786/2823 2857/2824
f 2743/2796 2797/2825 2794/2826
f 2917/2827 2843/2828 2920/2829
f 2787/2830 2866/2831 2835/2832
f 2875/2809 2922/2833 2865/2834
f 2825/2835 2874/2836 2912/2837
f 2850/2766 2939/2838 2876/2811
f 2872/2839 2873/2840 2911/2841
f 2845/2842 2783/2843 2831/2844
f 2833/2845 2803/2846 2785/2847
f 2824/2848 2920/2829 2843/2828
f 2854/2788 2867/2849 2734/2786
f 2856/2791 2846/2850 2737/2789
f 2847/2851 2740/2793 2834/2792
f 2859/2795 2848/2852 2736/2853
f 2851/2854 2837/2855 2910/2856
f 2740/2793 2878/2804 2858/2794
f 2940/2857 2865/2834 2922/2833
f 2940/2857 2961/2858 2879/2859
f 2918/2860 2881/2861 2925/2862
f 2747/2770 2794/2826 2797/2825
f 2778/2863 2827/2864 2882/2865
f 2882/2865 2883/2866 2778/2863
f 2752/2867 2883/2866 2861/2868
f 2942/2869 2884/2870 2958/2871
f 2885/2872 2942/2869 2943/2873
f 2935/2874 2842/2875 2954/2876
f 2887/2877 2795/2878 2841/2879
f 2888/2814 2795/2878 2887/2877
f 2832/2790 2739/2880 2863/2881
f 2742/2882 2762/2764 2735/2883
f 2928/2884 2823/2787 2951/2885
f 2929/2886 2891/2887 2949/2888
f 2935/2889 2892/2890 2947/2891
f 2828/2748 2837/2855 2754/2892
f 2893/2799 2789/2893 2894/2894
f 2894/2894 2860/2776 2790/2895
f 2836/2806 2763/2896 2829/2897
f 2857/2824 2787/2830 2835/2832
f 2785/2847 2855/2812 2833/2845
f 2783/2843 2849/2801 2831/2844
f 2808/2785 2748/2898 2778/2863
f 2752/2867 2808/2785 2778/2863
f 2757/2899 2808/2785 2789/2900
f 2770/2782 2777/2771 2797/2825
f 2777/2771 2747/2770 2797/2825
f 2770/2782 2736/2901 2738/2902
f 2809/2778 2749/2752 2780/2903
f 2782/2755 2780/2903 2750/2904
f 2756/2905 2809/2778 2782/2755
f 2895/2774 2742/2882 2829/2897
f 2896/2906 2763/2896 2818/2797
f 2826/2907 2810/2908 2896/2906
f 2767/2909 2777/2771 2744/2781
f 2748/2898 2811/2769 2767/2909
f 2779/2784 2800/2910 2811/2769
f 2824/2848 2825/2911 2755/2912
f 2897/2767 2772/2780 2898/2913
f 2898/2913 2851/2914 2773/2915
f 2793/2916 2762/2764 2761/2763
f 2793/2916 2761/2763 2745/2917
f 2735/2883 2793/2916 2740/2918
f 2899/2762 2746/2765 2852/2772
f 2900/2919 2775/2920 2826/2907
f 2830/2921 2812/2922 2900/2919
f 2767/2923 2744/2924 2931/2925
f 2901/2926 2946/2927 2767/2923
f 2748/2898 2767/2923 2946/2927
f 2903/2756 2750/2904 2853/2760
f 2904/2928 2781/2929 2830/2921
f 2816/2930 2813/2931 2904/2928
f 2761/2763 2774/2753 2745/2917
f 2746/2765 2814/2751 2761/2763
f 2776/2761 2780/2903 2814/2751
f 2815/2798 2816/2930 2757/2899
f 2905/2749 2759/2932 2906/2933
f 2906/2933 2817/2754 2760/2934
f 2756/2905 2906/2933 2759/2932
f 2758/2750 2906/2933 2760/2934
f 2760/2934 2815/2798 2758/2750
f 2757/2899 2904/2928 2801/2783
f 2801/2783 2830/2921 2751/2935
f 2813/2931 2853/2760 2781/2929
f 2827/2864 2930/2936 2766/2757
f 2930/2936 2902/2937 2901/2926
f 2901/2926 2915/2938 2765/2758
f 2751/2935 2900/2919 2800/2910
f 2800/2910 2826/2907 2747/2770
f 2812/2922 2852/2772 2775/2920
f 2754/2779 2898/2913 2772/2780
f 2771/2768 2898/2913 2773/2915
f 2773/2915 2824/2848 2771/2768
f 2747/2770 2896/2906 2794/2826
f 2794/2826 2818/2797 2743/2796
f 2810/2908 2829/2897 2763/2896
f 2739/2939 2831/2844 2849/2801
f 2738/2940 2833/2845 2855/2812
f 2734/2941 2835/2832 2741/2942
f 2742/2882 2836/2806 2829/2897
f 2789/2893 2860/2776 2894/2894
f 2893/2799 2790/2895 2758/2750
f 2758/2750 2837/2855 2828/2748
f 2947/2891 2807/2943 2929/2886
f 2948/2944 2890/2945 2945/2946
f 2919/2947 2907/2948 2948/2944
f 2949/2888 2768/2949 2933/2950
f 2950/2951 2822/2952 2917/2827
f 2945/2946 2908/2953 2950/2951
f 2951/2885 2741/2942 2934/2954
f 2952/2955 2839/2956 2918/2860
f 2944/2957 2909/2958 2952/2955
f 2784/2813 2863/2881 2795/2878
f 2770/2959 2888/2814 2887/2877
f 2770/2959 2841/2879 2744/2924
f 2953/2960 2820/2961 2932/2759
f 2842/2875 2953/2960 2954/2876
f 2919/2962 2753/2963 2916/2964
f 2886/2965 2926/2966 2955/2967
f 2955/2967 2956/2968 2886/2965
f 2796/2969 2956/2968 2927/2970
f 2957/2971 2819/2972 2931/2925
f 2884/2870 2957/2971 2958/2871
f 2926/2966 2765/2758 2915/2938
f 2791/2818 2861/2868 2883/2866
f 2766/2757 2883/2866 2882/2865
f 2766/2757 2882/2865 2827/2864
f 2959/2973 2799/2974 2941/2975
f 2959/2973 2960/2976 2866/2831
f 2934/2954 2866/2831 2960/2976
f 2924/2977 2941/2975 2799/2974
f 2961/2858 2880/2978 2962/2979
f 2962/2979 2925/2862 2881/2861
f 2963/2980 2745/2981 2938/2982
f 2963/2980 2964/2983 2844/2821
f 2924/2977 2844/2821 2964/2983
f 2787/2830 2858/2794 2878/2804
f 2910/2856 2790/2895 2871/2775
f 2874/2836 2871/2775 2806/2984
f 2773/2985 2910/2856 2874/2836
f 2788/2808 2848/2852 2859/2795
f 2804/2986 2834/2792 2786/2823
f 2785/2847 2846/2850 2856/2791
f 2802/2987 2854/2788 2783/2843
f 2824/2848 2843/2828 2936/2988
f 2738/2940 2868/2989 2833/2845
f 2737/2990 2831/2844 2739/2939
f 2911/2841 2791/2991 2838/2992
f 2862/2993 2838/2992 2753/2994
f 2792/2995 2911/2841 2862/2993
f 2850/2766 2876/2811 2923/2810
f 2912/2837 2806/2984 2872/2839
f 2840/2996 2872/2839 2792/2995
f 2755/2997 2912/2837 2840/2996
f 2875/2809 2865/2834 2938/2982
f 2741/2942 2835/2832 2866/2831
f 2965/2998 2798/2999 2936/2988
f 2965/2998 2966/3000 2880/2978
f 2933/2950 2880/2978 2966/3000
f 2734/2941 2869/2822 2857/2824
f 2799/2974 2877/2803 2844/2821
f 2753/2963 2838/2820 2821/2819
f 2967/3001 2885/2872 2943/2873
f 2864/2816 2967/3001 2968/2817
f 2921/3002 2796/2969 2927/2970
f 2738/2940 2888/2814 2770/2959
f 2875/2809 2876/2811 2939/2838
f 2742/2882 2870/3003 2836/2806
f 2799/2974 2878/2804 2877/2803
f 2969/2802 2769/3004 2928/2884
f 2970/3005 2889/3006 2944/2957
f 2921/3007 2913/3008 2970/3005
f 2757/2899 2893/2799 2815/2798
f 2788/2808 2818/2797 2763/2896
f 2786/2823 2858/2794 2787/2830
f 2856/2791 2784/2813 2785/2847
f 2854/2788 2769/3004 2783/2843
f 2914/2777 2752/3009 2861/3010
f 2873/2840 2861/3010 2791/2991
f 2806/2984 2914/2777 2873/2840
f 2775/2920 2895/2774 2810/2908
f 2772/2780 2850/2766 2749/2752
f 2781/2929 2899/2762 2812/2922
f 2821/2819 2916/2964 2753/2963
f 2760/2934 2903/2756 2813/2931
f 2759/2932 2828/2748 2754/2892
f 2796/3011 2970/3005 2892/2890
f 2892/2890 2944/2957 2807/2943
f 2913/3008 2928/2884 2889/3006
f 2921/3002 2885/2872 2864/2816
f 2863/2881 2968/2817 2967/3001
f 2967/3001 2795/2878 2863/2881
f 2822/2952 2933/2950 2966/3000
f 2822/2952 2965/2998 2843/2828
f 2843/2828 2965/2998 2936/2988
f 2879/2859 2924/2977 2964/2983
f 2879/2859 2963/2980 2865/2834
f 2865/2834 2963/2980 2938/2982
f 2768/2949 2962/2979 2880/2978
f 2879/2859 2962/2979 2881/2861
f 2881/2861 2924/2977 2879/2859
f 2839/2956 2934/2954 2960/2976
f 2839/2956 2959/2973 2881/2861
f 2881/2861 2959/2973 2941/2975
f 2926/2966 2819/2972 2884/2870
f 2841/2879 2958/2871 2957/2971
f 2957/2971 2744/2924 2841/2879
f 2885/2872 2927/2970 2956/2968
f 2884/2870 2956/2968 2955/2967
f 2884/2870 2955/2967 2926/2966
f 2919/2962 2820/2961 2842/2875
f 2886/2965 2954/2876 2953/2960
f 2953/2960 2765/2758 2886/2965
f 2807/2943 2952/2955 2891/2887
f 2891/2887 2918/2860 2768/2949
f 2909/2958 2934/2954 2839/2956
f 2792/3012 2950/2951 2840/3013
f 2840/3013 2917/2827 2755/2912
f 2908/2953 2933/2950 2822/2952
f 2753/3014 2948/2944 2862/3015
f 2862/3015 2945/2946 2792/3012
f 2907/2948 2929/2886 2890/2945
f 2842/3016 2947/2891 2907/2948
f 2890/2945 2949/2888 2908/2953
f 2889/3006 2951/2885 2909/2958
f 2935/2874 2886/2965 2796/2969
f 2795/2878 2943/2873 2942/2869
f 2942/2869 2841/2879 2795/2878
f 2768/2949 2918/2860 2925/2862
f 2880/2978 2940/2857 2798/2999
f 2798/2999 2940/2857 2922/2833
f 2755/2912 2917/2827 2920/2829
f 2937/2815 2863/2881 2739/2880
f 2864/3017 2969/2802 2913/3008
f 2814/2751 2780/2903 2749/2752
f 2817/2754 2756/2905 2782/2755
f 2820/2961 2821/2819 2932/2759
f 2821/2819 2766/2757 2932/2759
f 2853/2760 2750/2904 2776/2761
f 2811/2769 2800/2910 2747/2770
f 2852/2772 2746/2765 2764/2773
f 2871/2775 2790/2895 2860/2776
f 2809/2778 2759/3018 2754/2779
f 2801/2783 2751/2935 2779/2784
f 2734/2786 2741/2942 2823/2787
f 2737/2789 2739/2880 2832/2790
f 2859/2795 2736/2853 2743/2796
f 2937/2800 2739/2939 2849/2801
f 2836/2806 2870/3003 2805/2807
f 2875/2809 2774/3019 2923/2810
f 2791/2818 2766/2757 2821/2819
f 2793/2805 2745/2981 2844/2821
f 2869/2822 2804/2986 2786/2823
f 2743/2796 2736/2901 2797/2825
f 2917/2827 2822/2952 2843/2828
f 2787/2830 2799/2974 2866/2831
f 2875/2809 2798/2999 2922/2833
f 2825/2835 2773/2985 2874/2836
f 2850/2766 2771/2768 2939/2838
f 2872/2839 2806/2984 2873/2840
f 2845/2842 2802/2987 2783/2843
f 2833/2845 2868/2989 2803/2846
f 2824/2848 2755/2912 2920/2829
f 2847/2851 2735/3020 2740/2793
f 2851/2854 2754/2892 2837/2855
f 2740/2793 2793/2805 2878/2804
f 2940/2857 2879/2859 2865/2834
f 2918/2860 2839/2956 2881/2861
f 2778/2863 2748/2898 2827/2864
f 2752/2867 2778/2863 2883/2866
f 2885/2872 2884/2870 2942/2869
f 2888/2814 2784/2813 2795/2878
f 2742/2882 2764/2773 2762/2764
f 2928/2884 2769/3004 2823/2787
f 2929/2886 2807/2943 2891/2887
f 2935/2889 2796/3011 2892/2890
f 2836/2806 2788/2808 2763/2896
f 2857/2824 2786/2823 2787/2830
f 2785/2847 2784/2813 2855/2812
f 2783/2843 2769/3004 2849/2801
f 2808/2785 2779/2784 2748/2898
f 2752/2867 2789/2900 2808/2785
f 2757/2899 2801/2783 2808/2785
f 2770/2782 2797/2825 2736/2901
f 2809/2778 2772/2780 2749/2752
f 2782/2755 2809/2778 2780/2903
f 2756/2905 2759/3018 2809/2778
f 2895/2774 2764/2773 2742/2882
f 2896/2906 2810/2908 2763/2896
f 2826/2907 2775/2920 2810/2908
f 2767/2909 2811/2769 2777/2771
f 2748/2898 2779/2784 2811/2769
f 2779/2784 2751/2935 2800/2910
f 2735/2883 2762/2764 2793/2916
f 2899/2762 2776/2761 2746/2765
f 2900/2919 2812/2922 2775/2920
f 2830/2921 2781/2929 2812/2922
f 2819/2972 2901/2926 2931/2925
f 2901/2926 2767/2923 2931/2925
f 2901/2926 2902/2937 2946/2927
f 2902/2937 2827/2864 2946/2927
f 2827/2864 2748/2898 2946/2927
f 2903/2756 2782/2755 2750/2904
f 2904/2928 2813/2931 2781/2929
f 2816/2930 2760/2934 2813/2931
f 2761/2763 2814/2751 2774/2753
f 2746/2765 2776/2761 2814/2751
f 2776/2761 2750/2904 2780/2903
f 2756/2905 2817/2754 2906/2933
f 2758/2750 2905/2749 2906/2933
f 2760/2934 2816/2930 2815/2798
f 2757/2899 2816/2930 2904/2928
f 2801/2783 2904/2928 2830/2921
f 2813/2931 2903/2756 2853/2760
f 2827/2864 2902/2937 2930/2936
f 2901/2926 2765/2758 2930/2936
f 2765/2758 2766/2757 2930/2936
f 2901/2926 2819/2972 2915/2938
f 2751/2935 2830/2921 2900/2919
f 2800/2910 2900/2919 2826/2907
f 2812/2922 2899/2762 2852/2772
f 2754/2779 2851/2914 2898/2913
f 2771/2768 2897/2767 2898/2913
f 2773/2915 2825/2911 2824/2848
f 2747/2770 2826/2907 2896/2906
f 2794/2826 2896/2906 2818/2797
f 2810/2908 2895/2774 2829/2897
f 2734/2941 2857/2824 2835/2832
f 2789/2893 2752/3009 2860/2776
f 2893/2799 2894/2894 2790/2895
f 2758/2750 2790/2895 2837/2855
f 2947/2891 2892/2890 2807/2943
f 2948/2944 2907/2948 2890/2945
f 2919/2947 2842/3016 2907/2948
f 2949/2888 2891/2887 2768/2949
f 2950/2951 2908/2953 2822/2952
f 2945/2946 2890/2945 2908/2953
f 2951/2885 2823/2787 2741/2942
f 2952/2955 2909/2958 2839/2956
f 2944/2957 2889/3006 2909/2958
f 2784/2813 2832/2790 2863/2881
f 2770/2959 2887/2877 2841/2879
f 2842/2875 2820/2961 2953/2960
f 2886/2965 2765/2758 2926/2966
f 2796/2969 2886/2965 2956/2968
f 2884/2870 2819/2972 2957/2971
f 2766/2757 2791/2818 2883/2866
f 2959/2973 2866/2831 2799/2974
f 2934/2954 2741/2942 2866/2831
f 2963/2980 2844/2821 2745/2981
f 2924/2977 2799/2974 2844/2821
f 2910/2856 2837/2855 2790/2895
f 2874/2836 2910/2856 2871/2775
f 2773/2985 2851/2854 2910/2856
f 2788/2808 2805/2807 2848/2852
f 2804/2986 2847/2851 2834/2792
f 2785/2847 2803/2846 2846/2850
f 2802/2987 2867/2849 2854/2788
f 2936/2988 2798/2999 2771/2768
f 2771/2768 2824/2848 2936/2988
f 2738/2940 2736/3021 2868/2989
f 2737/2990 2845/2842 2831/2844
f 2911/2841 2873/2840 2791/2991
f 2862/2993 2911/2841 2838/2992
f 2792/2995 2872/2839 2911/2841
f 2923/2810 2774/3019 2749/2752
f 2749/2752 2850/2766 2923/2810
f 2912/2837 2874/2836 2806/2984
f 2840/2996 2912/2837 2872/2839
f 2755/2997 2825/2835 2912/2837
f 2938/2982 2745/2981 2774/3019
f 2774/3019 2875/2809 2938/2982
f 2965/2998 2880/2978 2798/2999
f 2933/2950 2768/2949 2880/2978
f 2864/2816 2885/2872 2967/3001
f 2738/2940 2855/2812 2888/2814
f 2771/2768 2798/2999 2939/2838
f 2798/2999 2875/2809 2939/2838
f 2742/2882 2735/3022 2870/3003
f 2799/2974 2787/2830 2878/2804
f 2969/2802 2849/2801 2769/3004
f 2970/3005 2913/3008 2889/3006
f 2921/3007 2864/3017 2913/3008
f 2757/2899 2789/2893 2893/2799
f 2788/2808 2859/2795 2818/2797
f 2786/2823 2834/2792 2858/2794
f 2856/2791 2832/2790 2784/2813
f 2854/2788 2823/2787 2769/3004
f 2914/2777 2860/2776 2752/3009
f 2873/2840 2914/2777 2861/3010
f 2806/2984 2871/2775 2914/2777
f 2775/2920 2852/2772 2895/2774
f 2772/2780 2897/2767 2850/2766
f 2781/2929 2853/2760 2899/2762
f 2821/2819 2820/2961 2916/2964
f 2760/2934 2817/2754 2903/2756
f 2759/2932 2905/2749 2828/2748
f 2796/3011 2921/3007 2970/3005
f 2892/2890 2970/3005 2944/2957
f 2913/3008 2969/2802 2928/2884
f 2921/3002 2927/2970 2885/2872
f 2967/3001 2943/2873 2795/2878
f 2822/2952 2966/3000 2965/2998
f 2879/2859 2964/2983 2963/2980
f 2768/2949 2925/2862 2962/2979
f 2879/2859 2961/2858 2962/2979
f 2881/2861 2941/2975 2924/2977
f 2839/2956 2960/2976 2959/2973
f 2926/2966 2915/2938 2819/2972
f 2957/2971 2931/2925 2744/2924
f 2884/2870 2885/2872 2956/2968
f 2919/2962 2916/2964 2820/2961
f 2953/2960 2932/2759 2765/2758
f 2807/2943 2944/2957 2952/2955
f 2891/2887 2952/2955 2918/2860
f 2909/2958 2951/2885 2934/2954
f 2792/3012 2945/2946 2950/2951
f 2840/3013 2950/2951 2917/2827
f 2908/2953 2949/2888 2933/2950
f 2753/3014 2919/2947 2948/2944
f 2862/3015 2948/2944 2945/2946
f 2907/2948 2947/2891 2929/2886
f 2842/3016 2935/2889 2947/2891
f 2890/2945 2929/2886 2949/2888
f 2889/3006 2928/2884 2951/2885
f 2935/2874 2954/2876 2886/2965
f 2942/2869 2958/2871 2841/2879
f 2880/2978 2961/2858 2940/2857
f 2937/2815 2968/2817 2863/2881
f 2864/3017 2937/2800 2969/2802
o LeftLeg
v 4.166 18 2.166
v 4.166 18 -2.166
v -0.166 18 -2.166
v -0.166 18 2.166
v -0.166 11.502 2.166
v -0.166 11.502 -2.166
v 4.166 11.502 -2.166
v 4.166 11.502 2.166
v 3.6245 17.4585 3.249
v 0.3755 17.4585 3.249
v 3.6245 12.585 3.249
v 0.3755 12.585 3.249
v 3.6245 12.0435 2.7075
v 0.3755 12.0435 2.7075
v 4.7075 15.834 2.7075
v 4.7075 15.834 -1.6245
v -0.7075 15.834 2.7075
v -0.7075 15.834 -1.6245
v -0.7075 12.0435 -1.6245
v -0.7075 12.0435 2.7075
v 4.7075 12.0435 -1.6245
v 4.7075 12.0435 2.7075
v 3.6245 12.0435 -2.7075
v 0.3755 12.0435 -2.7075
v 3.6245 15.834 -2.7075
v 0.3755 15.834 -2.7075
v 4.166 15.834 -2.166
v -0.166 15.834 -2.166
v 4.166 15.834 2.166
v -0.166 15.834 2.166
v 3.6245 18 2.7075
v 0.3755 18 2.7075
v 3.6245 17.4585 3.249
v 0.3755 17.4585 3.249
v 3.6245 12.585 3.249
v 0.3755 12.585 3.249
v 3.6245 12.0435 2.7075
v 0.3755 12.0435 2.7075
v 3.6245 18 2.7075
v 0.3755 18 2.7075
v 2 12.0435 -2.7075
v 2 12.0435 2.7075
v 4.7075 13.9388 -1.6245
v 4.7075 12.0435 0.5415
v -0.7075 13.9387 2.7075
v -0.7075 12.0435 0.5415
v 4.166 11.502 -0
v 4.7075 13.9387 2.7075
v 0.3755 15.0217 3.249
v 2 17.4585 3.249
v 2 12.585 3.249
v 3.6245 13.9388 -2.7075
v 0.3755 13.9388 -2.7075
v 2 15.834 2.7075
v 2.2708 15.834 2.4367
v 4.166 15.834 -0
v 4.4367 15.834 0.2707
v -0.4368 15.834 0.2707
v -0.166 15.834 -0
v 2 15.834 -2.7075
v 2.2708 15.834 -2.4368
v 2 18 2.166
v 4.166 16.917 2.166
v 4.166 18 -0
v -0.166 18 -0
v -0.166 16.917 2.166
v 2 18 -2.166
v -0.166 16.917 -2.166
v -0.166 11.502 -0
v 2 11.502 2.166
v -0.166 12.0435 -2.166
v -0.4368 13.9388 -1.8953
v 2 17.4585 3.249
v 0.3755 15.0217 3.249
v 2 12.585 3.249
v 2 11.502 -2.166
v 4.7075 15.834 0.5415
v -0.7075 15.834 0.5415
v -0.7075 13.9388 -1.6245
v 3.6245 15.0217 3.249
v 2 12.0435 2.7075
v 4.4367 13.9388 -1.8953
v 4.166 12.0435 -2.166
v 2 15.834 2.166
v 2 15.834 -2.166
v 4.166 16.917 -2.166
v 2 18 2.7075
v 3.6245 15.0217 3.249
v 2 12.0435 2.7075
v 2 18 2.7075
v 2 15.0217 3.249
v 4.166 16.917 -0
v 2 11.502 -0
v 2 15.0217 3.249
v 2 16.917 2.166
v -0.166 16.917 -0
v 2 16.917 -2.166
v 2 13.9387 2.7075
v 2 13.9388 -2.7075
v 4.7075 13.9387 0.5415
v -0.7075 13.9387 0.5415
v 1.1878 12.0435 -2.7075
v 2.8123 12.0435 -2.7075
v 4.7075 12.0435 -0.5415
v 3.3537 12.0435 2.7075
v 4.7075 12.9911 -1.6245
v 4.166 15.834 -1.083
v 4.7075 12.0435 1.6245
v -0.7075 12.9911 2.7075
v 3.4891 15.834 2.5721
v -0.7075 12.0435 1.6245
v 4.7075 14.8864 -1.6245
v 4.166 11.502 1.083
v 0.6462 12.0435 2.7075
v 4.7075 12.9911 2.7075
v 4.5721 15.834 -0.6769
v 0.3755 13.8034 3.249
v -0.166 15.834 -1.083
v 1.1878 17.4585 3.249
v 0.3755 12.9911 -2.7075
v 1.1878 12.585 3.249
v -0.7075 14.8864 2.7075
v 3.6245 14.8864 -2.7075
v 0.3755 14.8864 -2.7075
v -0.5721 15.834 -0.6769
v 0.6462 15.834 2.7075
v 1.0524 15.834 2.3014
v 4.166 15.834 1.083
v 4.3014 15.834 1.2184
v -0.3014 15.834 1.2184
v -0.166 15.834 1.083
v 1.1878 15.834 -2.7075
v 3.2184 15.834 -2.3014
v 0.917 18 2.166
v 4.7075 14.8864 2.7075
v 2.8123 17.4585 3.249
v 4.166 18 -1.083
v -0.166 18 1.083
v 0.3755 16.2401 3.249
v 0.917 18 -2.166
v 4.166 11.502 -1.083
v -0.166 11.502 -1.083
v 2.8123 15.834 -2.7075
v 3.083 11.502 2.166
v 3.3537 15.834 2.7075
v -0.3014 14.8864 -2.0306
v -0.7075 12.0435 -0.5415
v 1.1878 17.4585 3.249
v 1.3231 15.834 -2.5721
v 0.3755 13.8034 3.249
v 1.1878 12.585 3.249
v 3.6245 12.9911 -2.7075
v 2.8123 12.585 3.249
v 3.083 11.502 -2.166
v 4.7075 15.834 -0.5415
v -0.7075 15.834 -0.5415
v -0.7075 12.9911 -1.6245
v 3.6245 13.8034 3.249
v 1.1878 12.0435 2.7075
v 4.3014 14.8864 -2.0306
v 0.917 15.834 2.166
v 0.917 15.834 -2.166
v 1.1878 18 2.7075
v 3.6245 13.8034 3.249
v 1.1878 12.0435 2.7075
v 1.1878 18 2.7075
v 3.083 18 2.166
v 4.166 18 1.083
v -0.166 18 -1.083
v 3.083 18 -2.166
v -0.166 11.502 1.083
v 0.917 11.502 2.166
v -0.5721 12.9911 -1.7599
v 2.8123 17.4585 3.249
v 0.3755 16.2401 3.249
v 2.8123 12.585 3.249
v 0.917 11.502 -2.166
v 4.7075 15.834 1.6245
v -0.7075 15.834 1.6245
v -0.7075 14.8864 -1.6245
v 3.6245 16.2401 3.249
v 2.8123 12.0435 2.7075
v 4.5721 12.9911 -1.7599
v 3.083 15.834 2.166
v 3.083 15.834 -2.166
v 2.8123 18 2.7075
v 3.6245 16.2401 3.249
v 2.8123 12.0435 2.7075
v 2.8123 18 2.7075
v 1.1878 15.0217 3.249
v 2.8123 15.0217 3.249
v 2 16.2401 3.249
v 2 13.8034 3.249
v 4.166 16.917 1.083
v 4.166 16.917 -1.083
v 2 11.502 1.083
v 2 11.502 -1.083
v 0.917 11.502 -0
v 3.083 11.502 -0
v 4.3014 12.9911 -2.0306
v 3.8952 12.9911 -2.4368
v 2 16.2401 3.249
v 2 13.8034 3.249
v 1.1878 15.0217 3.249
v 2.8123 15.0217 3.249
v 0.1047 12.9911 -2.4368
v -0.3014 12.9911 -2.0306
v 3.083 16.917 2.166
v 0.917 16.917 2.166
v -0.166 16.917 1.083
v -0.166 16.917 -1.083
v 0.917 16.917 -2.166
v 3.083 16.917 -2.166
v 2 12.9911 2.7075
v 2 14.8864 2.7075
v 3.3537 13.9387 2.7075
v 0.6462 13.9387 2.7075
v 2 12.9911 -2.7075
v 2 14.8864 -2.7075
v 1.1878 13.9388 -2.7075
v 2.8123 13.9388 -2.7075
v 4.7075 12.9911 0.5415
v 4.7075 14.8864 0.5415
v 4.7075 13.9388 -0.5415
v 4.7075 13.9387 1.6245
v -0.7075 12.9911 0.5415
v -0.7075 14.8864 0.5415
v -0.7075 13.9387 1.6245
v -0.7075 13.9388 -0.5415
v -0.7075 14.8864 -0.5415
v -0.7075 14.8864 1.6245
v -0.7075 12.9911 1.6245
v 4.7075 14.8864 1.6245
v 4.7075 14.8864 -0.5415
v 4.7075 12.9911 -0.5415
v 2.8123 14.8864 -2.7075
v 1.1878 14.8864 -2.7075
v 1.1878 12.9911 -2.7075
v 0.6462 14.8864 2.7075
v 3.3537 14.8864 2.7075
v 3.3537 12.9911 2.7075
v 2.8123 13.8034 3.249
v 1.1878 13.8034 3.249
v 1.1878 13.8034 3.249
v 0.917 11.502 -1.083
v 1.1878 16.2401 3.249
v 0.917 11.502 1.083
v 2.8123 13.8034 3.249
v 3.083 11.502 -1.083
v 2.8123 16.2401 3.249
v 3.083 11.502 1.083
v 2.8123 16.2401 3.249
v 0.6462 12.9911 2.7075
v 2.8123 12.9911 -2.7075
v 4.7075 12.9911 1.6245
v -0.7075 12.9911 -0.5415
v 1.1878 16.2401 3.249
vt 0.6125 0.1413
vt 0.65 0.0924
vt 0.6125 0.0924
vt 0.65 0.8043
vt 0.675 0.8261
vt 0.625 0.8261
vt 0.2 0.7663
vt 0.25 0.8043
vt 0.2 0.8043
vt 0.6125 0.0217
vt 0.65 0.0435
vt 0.6125 0.0435
vt 0.1 0.8043
vt 0.075 0.8261
vt 0.05 0.8043
vt 0.325 0.8261
vt 0.3 0.8043
vt 0.3375 0.8043
vt 0.65 0.7663
vt 0.7 0.8043
vt 0.45 0.7663
vt 0.4125 0.8043
vt 0.4125 0.7663
vt 0.6125 0.2391
vt 0.65 0.2609
vt 0.65 0.2391
vt 0.725 0.8261
vt 0.7625 0.8043
vt 0.775 0.8261
vt 0.95 0.7663
vt 0.8875 0.8043
vt 0.8875 0.7663
vt 0.925 0.6304
vt 0.8875 0.6522
vt 0.8688 0.6359
vt 0.5 0.6522
vt 0.525 0.6304
vt 0.5437 0.6467
vt 0.1187 0.6359
vt 0.075 0.6304
vt 0.125 0.6304
vt 0.4313 0.6359
vt 0.45 0.6522
vt 0.4125 0.6522
vt 0.325 0.6304
vt 0.275 0.587
vt 0.325 0.587
vt 0.075 0.587
vt 0.125 0.587
vt 0.775 0.6304
vt 0.725 0.587
vt 0.775 0.587
vt 0.2875 0.7663
vt 0.3 0.7283
vt 0.3 0.7663
vt 0.5 0.0924
vt 0.5375 0.0435
vt 0.5375 0.0924
vt 0.5 0.2609
vt 0.5375 0.2391
vt 0.5375 0.2609
vt 0.5 0.8043
vt 0.4813 0.7663
vt 0.4938 0.7663
vt 0.475 0.9565
vt 0.425 1
vt 0.425 0.9565
vt 0.5 0.0217
vt 0.5375 0.0217
vt 0.525 0.587
vt 0.475 0.5435
vt 0.525 0.5435
vt 0.5375 0.1413
vt 0.575 0.0924
vt 0.3438 0.6467
vt 0.375 0.6304
vt 0.3875 0.6413
vt 0.475 0.8043
vt 0.4625 0.7663
vt 0.475 0.8696
vt 0.425 0.913
vt 0.425 0.8696
vt 0.25 0.7283
vt 0.2562 0.7663
vt 0.25 0.7663
vt 0.575 0.1902
vt 0.5375 0.1902
vt 0.45 0.8043
vt 0.575 0.2609
vt 0.6125 0.2609
vt 0.375 0.9565
vt 0.325 1
vt 0.325 0.9565
vt 0.5 0.7663
vt 0.475 0.8261
vt 0.2 0.6522
vt 0.1625 0.6413
vt 0.2062 0.6467
vt 0.4813 0.6902
vt 0.45 0.7283
vt 0.45 0.6902
vt 0.875 0.6304
vt 0.55 0.6522
vt 0.1 0.6522
vt 0.425 0.6304
vt 0.475 0.6304
vt 0.5 0.6902
vt 0.4875 0.7283
vt 0.625 0.6304
vt 0.575 0.587
vt 0.625 0.587
vt 0.575 0.5435
vt 0.625 0.5435
vt 0.8125 0.6413
vt 0.7562 0.6467
vt 0.375 0.8696
vt 0.325 0.913
vt 0.325 0.8696
vt 0.275 0.8261
vt 0.275 0.8043
vt 0.25 0.6522
vt 0.2687 0.6902
vt 0.25 0.6902
vt 0.6312 0.6359
vt 0.6 0.6522
vt 0.5875 0.6413
vt 0.6125 0.1902
vt 0.575 0.0217
vt 0.65 0.1902
vt 0.5 0.1902
vt 0.2687 0.7663
vt 0.2625 0.7283
vt 0.775 0.5435
vt 0.725 0.5435
vt 0.875 0.5435
vt 0.825 0.587
vt 0.825 0.5435
vt 0.875 0.587
vt 0.075 0.5435
vt 0.125 0.5435
vt 0.225 0.587
vt 0.175 0.5435
vt 0.225 0.5435
vt 0.225 0.6304
vt 0.175 0.587
vt 0.275 0.5435
vt 0.325 0.5435
vt 0.425 0.587
vt 0.375 0.5435
vt 0.425 0.5435
vt 0.375 0.587
vt 0.375 0.6522
vt 0.3375 0.6522
vt 0.175 0.6304
vt 0.7625 0.6522
vt 0.825 0.7663
vt 0.7625 0.7663
vt 0.825 0.6902
vt 0.7625 0.7283
vt 0.7625 0.6902
vt 0.95 0.6902
vt 0.8875 0.7283
vt 0.8875 0.6902
vt 0.875 0.8261
vt 0.825 0.8043
vt 0.575 0.2391
vt 0.375 0.7663
vt 0.3375 0.7663
vt 0.375 0.6902
vt 0.3375 0.7283
vt 0.3375 0.6902
vt 0.4125 0.7283
vt 0.4125 0.6902
vt 0.6 0.7663
vt 0.55 0.8043
vt 0.55 0.7663
vt 0.6 0.6902
vt 0.55 0.7283
vt 0.55 0.6902
vt 0.7 0.6902
vt 0.65 0.7283
vt 0.65 0.6902
vt 0.375 0.8261
vt 0.375 0.8043
vt 0.175 0.8261
vt 0.15 0.8043
vt 0.575 0.0435
vt 0.1 0.7663
vt 0.15 0.6902
vt 0.1 0.7283
vt 0.1 0.6902
vt 0.2 0.6902
vt 0.2 0.7283
vt 0.575 0.8261
vt 0.525 0.8261
vt 0.15 0.7283
vt 0.15 0.6522
vt 0.05 0.6902
vt 0.05 0.7283
vt 0.05 0.6522
vt 0.05 0.7663
vt 0.5 0.0435
vt 0.225 0.8261
vt 0.425 0.8261
vt 0.6 0.7283
vt 0.7 0.6522
vt 0.65 0.6522
vt 0.5 0.7283
vt 0.375 0.7283
vt 0.3 0.6902
vt 0.3 0.6522
vt 0.5 0.2391
vt 0.925 0.8261
vt 0.95 0.8043
vt 0.825 0.7283
vt 0.825 0.6522
vt 0.95 0.6522
vt 0.7 0.7283
vt 0.7 0.7663
vt 0.675 0.6304
vt 0.275 0.6304
vt 0.475 0.587
vt 0.925 0.587
vt 0.925 0.5435
vt 0.275 0.6522
vt 0.575 0.1413
vt 0.65 0.1413
vt 0.575 0.6304
vt 0.65 0.0217
vt 0.275 0.913
vt 0.275 0.8696
vt 0.725 0.6304
vt 0.675 0.587
vt 0.675 0.5435
vt 0.475 0.6522
vt 0.825 0.6304
vt 0.275 1
vt 0.275 0.9565
vt 0.375 0.913
vt 0.5 0.1413
vt 0.375 1
vt 0.475 0.913
vt 0.95 0.7283
vt 0.825 0.8261
vt 0.6 0.8043
vt 0.125 0.8261
vt 0.15 0.7663
vt 0.475 1
s 1
f 3160/3023 3145/3024 3227/3025
f 3078/3026 2978/3027 3083/3028
f 3226/3029 2989/3030 3117/3031
f 3133/3032 2980/3033 3089/3034
f 3081/3035 2975/3036 2990/3037
f 3147/3038 2994/3039 3072/3040
f 3225/3041 2992/3042 3078/3026
f 3122/3043 3073/3044 3224/3045
f 3121/3046 3008/3047 3006/3048
f 2978/3049 3075/3050 3114/3051
f 3079/3052 3084/3053 3223/3054
f 3000/3055 3096/3056 3097/3057
f 2986/3058 3077/3059 3086/3060
f 3100/3061 3000/3062 3101/3063
f 3103/3064 2995/3065 3113/3066
f 3132/3067 3038/3068 3182/3069
f 3101/3063 3036/3070 3180/3071
f 3154/3072 3033/3073 3178/3074
f 3176/3075 3023/3076 3090/3077
f 3151/3078 3106/3079 3222/3080
f 2983/3081 3123/3082 3152/3083
f 2991/3084 3170/3085 3153/3086
f 3083/3087 3114/3088 3221/3089
f 3009/3090 3144/3079 3159/3091
f 3165/3092 2972/3093 3107/3094
f 3161/3095 3162/3096 3220/3080
f 3119/3097 3055/3098 3031/3099
f 3170/3085 3053/3100 3171/3101
f 3111/3102 3169/3103 3219/3104
f 3049/3105 3143/3106 3127/3107
f 3146/3082 3163/3108 3218/3109
f 3171/3101 2993/3110 3122/3043
f 3051/3111 3091/3046 3129/3112
f 3166/3113 3142/3114 3217/3115
f 3076/3116 2991/3084 3153/3086
f 2977/3117 3053/3100 2991/3084
f 3126/3118 3028/3119 3095/3120
f 3130/3121 3022/3122 3093/3123
f 3097/3057 3131/3124 3000/3055
f 3086/3060 3125/3125 2986/3058
f 3149/3126 3000/3062 3100/3061
f 3103/3064 3155/3127 2997/3128
f 3082/3129 3052/3130 3130/3121
f 3098/3131 3062/3132 3164/3133
f 3164/3133 3034/3134 3138/3135
f 3154/3072 3025/3136 3080/3137
f 3172/3096 3089/3034 3216/3025
f 3167/3138 3168/3139 3215/3140
f 2976/3141 3041/3142 2994/3039
f 2988/3143 3116/3144 3150/3145
f 3099/3146 3047/3147 3027/3148
f 3173/3108 3174/3023 3214/3149
f 3060/3150 3118/3034 3136/3032
f 2997/3128 3165/3092 3077/3059
f 3121/3046 3120/3151 3213/3149
f 3128/3152 3175/3095 3212/3109
f 3177/3153 3176/3075 3041/3142
f 3177/3153 2989/3030 3143/3106
f 3116/3144 3023/3076 3042/3154
f 3137/3155 3033/3073 2971/3156
f 3104/3157 3065/3158 3032/3159
f 3131/3124 3065/3158 3179/3160
f 3180/3071 2974/3161 3108/3162
f 3181/3163 3035/3164 3139/3165
f 3088/3166 3066/3167 3181/3163
f 3182/3069 2973/3168 3110/3169
f 3183/3170 3037/3171 3140/3172
f 3155/3127 3067/3173 3183/3170
f 3119/3097 3030/3174 3102/3175
f 3095/3120 3029/3176 3088/3166
f 3027/3148 3098/3131 3099/3146
f 3025/3136 3115/3177 3080/3137
f 3184/3178 3075/3050 3211/3179
f 3185/3180 3186/3181 3210/3182
f 3092/3183 3187/3184 3209/3185
f 3142/3186 3012/3187 3084/3053
f 3146/3082 3059/3111 3045/3188
f 3188/3189 3072/3040 3208/3190
f 3189/3191 3190/3192 3207/3193
f 3093/3123 3191/3194 3206/3195
f 3192/3196 3074/3197 3205/3198
f 3193/3199 3194/3200 3204/3201
f 3105/3202 3195/3203 3203/3204
f 3073/3044 3046/3205 3011/3206
f 3117/3031 3039/3207 3016/3208
f 3106/3079 3057/3150 3020/3209
f 3202/3210 3016/3208 3081/3035
f 3197/3211 3198/3212 3201/3213
f 3200/3214 3049/3105 3199/3215
f 3074/3197 3017/3216 3111/3217
f 2991/3084 3111/3217 2977/3117
f 3197/3211 3199/3215 3071/3218
f 3126/3118 3197/3211 3048/3219
f 3126/3118 3150/3145 3200/3214
f 3092/3220 3198/3212 3015/3221
f 2987/3222 3201/3213 3092/3220
f 3048/3219 3201/3213 3149/3126
f 3202/3210 2990/3037 3079/3223
f 3198/3212 3079/3223 3015/3221
f 3071/3218 3202/3210 3198/3212
f 3001/3090 3106/3079 2979/3224
f 2989/3030 3112/3225 3117/3031
f 2993/3110 3124/3226 3073/3044
f 3203/3204 3070/3227 3193/3199
f 3047/3147 3203/3204 3193/3199
f 2985/3228 3203/3204 3148/3229
f 3204/3201 3013/3230 3082/3129
f 3125/3125 3082/3129 2986/3058
f 3047/3147 3204/3201 3125/3125
f 3205/3198 2991/3084 3076/3116
f 3194/3200 3076/3116 3013/3230
f 3070/3227 3205/3198 3194/3200
f 3206/3195 3069/3231 3189/3191
f 3113/3066 3189/3191 3030/3174
f 2995/3065 3206/3195 3113/3066
f 3207/3193 3023/3076 3094/3232
f 3102/3175 3094/3232 2996/3233
f 3030/3174 3207/3193 3102/3175
f 3208/3190 2994/3039 3090/3077
f 3190/3192 3090/3077 3023/3076
f 3069/3231 3208/3190 3190/3192
f 3007/3081 3146/3082 3005/3234
f 2975/3235 3084/3053 2990/3236
f 3209/3185 3068/3237 3185/3180
f 3096/3056 3185/3180 3024/3238
f 2987/3239 3209/3185 3096/3056
f 3210/3182 3018/3240 3105/3202
f 3115/3177 3105/3202 2985/3228
f 3024/3238 3210/3182 3115/3177
f 3211/3179 2992/3042 3085/3241
f 3186/3181 3085/3241 3018/3240
f 3068/3237 3211/3179 3186/3181
f 2985/3228 3080/3137 3115/3177
f 2999/3242 3099/3146 3098/3131
f 2988/3143 3088/3166 2998/3243
f 2996/3233 3119/3097 3102/3175
f 2997/3128 3183/3170 3056/3244
f 3056/3244 3140/3172 2972/3093
f 3067/3173 3110/3169 3037/3171
f 2998/3243 3181/3163 3038/3068
f 3038/3068 3139/3165 2973/3168
f 3066/3167 3108/3162 3035/3164
f 3000/3055 3179/3160 3036/3245
f 2974/3246 3179/3160 3104/3157
f 3032/3159 3178/3074 3137/3155
f 2998/3247 3094/3232 3116/3144
f 3042/3154 3177/3153 3143/3106
f 3042/3154 3176/3075 3177/3153
f 3212/3109 3064/3248 3173/3108
f 3123/3082 3173/3108 3021/3188
f 2981/3234 3212/3109 3123/3082
f 3213/3149 3044/3249 3160/3023
f 3163/3108 3160/3023 3061/3248
f 3045/3188 3213/3149 3163/3108
f 3026/3250 3165/3092 3062/3132
f 3136/3032 3004/3033 3010/3251
f 3214/3149 3019/3249 3087/3151
f 3091/3046 3087/3151 2982/3048
f 3021/3188 3214/3149 3091/3046
f 2999/3242 3148/3229 3099/3146
f 3150/3145 3042/3154 3049/3105
f 3215/3140 3039/3252 3112/3253
f 3147/3038 3112/3253 2976/3141
f 3046/3205 3215/3140 3147/3038
f 3216/3025 2980/3033 3109/3024
f 3174/3023 3109/3024 3019/3249
f 3064/3248 3216/3025 3174/3023
f 2999/3254 3080/3137 2985/3228
f 3033/3255 3138/3135 2971/3256
f 3098/3131 3033/3255 2999/3242
f 2986/3058 3130/3121 2997/3257
f 3031/3099 3155/3127 3103/3064
f 3048/3219 3100/3061 3028/3119
f 3027/3148 3125/3125 3086/3060
f 3054/3258 3097/3057 3025/3136
f 2997/3257 3093/3123 2995/3065
f 2988/3143 3126/3118 3095/3120
f 3013/3230 3153/3086 3052/3130
f 3217/3115 2975/3259 3141/3260
f 3168/3139 3141/3260 3039/3252
f 3063/3261 3217/3115 3168/3139
f 2984/3047 3091/3046 2982/3048
f 3022/3122 3171/3101 3122/3043
f 3218/3109 3061/3248 3161/3095
f 3134/3152 3161/3095 3058/3262
f 3005/3234 3218/3109 3134/3152
f 2989/3030 3127/3107 3143/3106
f 3219/3104 3063/3261 3167/3138
f 3124/3226 3167/3138 3046/3205
f 2977/3117 3219/3104 3124/3226
f 3052/3130 3171/3101 3022/3122
f 2996/3233 3132/3067 3119/3097
f 3220/3080 3043/3209 3144/3079
f 3157/3078 3144/3079 3003/3224
f 3058/3262 3220/3080 3157/3078
f 3062/3132 3107/3094 3034/3134
f 3060/3150 3144/3079 3043/3209
f 3221/3089 3040/3263 3166/3113
f 3063/3261 3221/3089 3166/3113
f 3017/3264 3221/3089 3169/3103
f 3052/3130 3153/3086 3170/3085
f 3051/3111 3123/3082 3021/3188
f 3222/3080 3020/3209 3172/3096
f 3175/3095 3172/3096 3064/3248
f 3050/3262 3222/3080 3175/3095
f 3176/3075 2994/3039 3041/3142
f 3054/3258 3178/3074 3065/3158
f 3029/3176 3180/3071 3066/3167
f 3055/3098 3182/3069 3067/3173
f 3031/3099 3113/3066 3030/3174
f 3028/3119 3101/3063 3029/3176
f 3086/3060 3026/3250 3027/3148
f 3097/3057 3024/3238 3025/3136
f 3223/3054 3012/3187 3184/3178
f 3187/3184 3184/3178 3068/3237
f 3015/3265 3223/3054 3187/3184
f 3114/3051 3012/3187 3040/3266
f 3059/3111 3121/3046 3045/3188
f 3224/3045 3011/3206 3188/3189
f 3191/3194 3188/3189 3069/3231
f 3022/3122 3224/3045 3191/3194
f 3225/3041 3014/3267 3192/3196
f 3195/3203 3192/3196 3070/3227
f 3195/3203 3085/3241 3225/3041
f 3046/3205 3072/3040 3011/3206
f 3016/3208 3141/3268 3081/3035
f 3057/3150 3089/3034 3020/3209
f 3226/3029 3016/3208 3196/3269
f 3071/3218 3226/3029 3196/3269
f 3199/3215 3127/3107 3226/3029
f 3014/3267 3083/3028 3017/3216
f 3227/3025 3004/3033 3118/3034
f 3162/3096 3118/3034 3043/3209
f 3061/3248 3227/3025 3162/3096
f 3160/3023 3044/3249 3145/3024
f 3078/3026 2992/3042 2978/3027
f 3226/3029 3127/3107 2989/3030
f 3133/3032 3002/3251 2980/3033
f 3081/3035 3141/3268 2975/3036
f 3147/3038 2976/3141 2994/3039
f 3225/3041 3085/3241 2992/3042
f 3122/3043 2993/3110 3073/3044
f 3121/3046 3135/3112 3008/3047
f 2978/3049 2992/3042 3075/3050
f 3079/3052 2990/3236 3084/3053
f 3000/3055 2987/3239 3096/3056
f 2986/3058 2997/3128 3077/3059
f 3103/3064 2997/3128 2995/3065
f 3132/3067 2998/3243 3038/3068
f 3101/3063 3000/3062 3036/3070
f 3154/3072 2999/3254 3033/3073
f 3151/3078 2979/3224 3106/3079
f 2983/3081 2981/3234 3123/3082
f 2991/3084 3053/3100 3170/3085
f 3083/3087 2978/3270 3114/3088
f 3009/3090 3003/3224 3144/3079
f 3165/3092 3056/3244 2972/3093
f 3161/3095 3061/3248 3162/3096
f 3119/3097 3132/3067 3055/3098
f 3111/3102 3017/3264 3169/3103
f 3049/3105 3042/3154 3143/3106
f 3146/3082 3045/3188 3163/3108
f 3171/3101 3053/3100 2993/3110
f 3051/3111 3021/3188 3091/3046
f 3166/3113 3040/3263 3142/3114
f 2977/3117 2993/3110 3053/3100
f 3126/3118 3048/3219 3028/3119
f 3130/3121 3052/3130 3022/3122
f 3149/3126 2987/3222 3000/3062
f 3082/3129 3013/3230 3052/3130
f 3098/3131 3026/3250 3062/3132
f 3164/3133 3062/3132 3034/3134
f 3154/3072 3054/3258 3025/3136
f 3172/3096 3020/3209 3089/3034
f 3167/3138 3063/3261 3168/3139
f 2976/3141 2989/3030 3041/3142
f 2988/3143 2998/3247 3116/3144
f 3099/3146 3148/3229 3047/3147
f 3173/3108 3064/3248 3174/3023
f 3060/3150 3043/3209 3118/3034
f 2997/3128 3056/3244 3165/3092
f 3121/3046 3006/3048 3120/3151
f 3128/3152 3050/3262 3175/3095
f 3177/3153 3041/3142 2989/3030
f 3116/3144 3094/3232 3023/3076
f 3137/3155 3178/3074 3033/3073
f 3104/3157 3179/3160 3065/3158
f 3131/3124 3054/3258 3065/3158
f 3180/3071 3036/3070 2974/3161
f 3181/3163 3066/3167 3035/3164
f 3088/3166 3029/3176 3066/3167
f 3182/3069 3038/3068 2973/3168
f 3183/3170 3067/3173 3037/3171
f 3155/3127 3055/3098 3067/3173
f 3119/3097 3031/3099 3030/3174
f 3095/3120 3028/3119 3029/3176
f 3027/3148 3026/3250 3098/3131
f 3025/3136 3024/3238 3115/3177
f 3184/3178 3012/3187 3075/3050
f 3185/3180 3068/3237 3186/3181
f 3092/3183 3015/3265 3187/3184
f 3142/3186 3040/3266 3012/3187
f 3146/3082 3158/3083 3059/3111
f 3188/3189 3011/3206 3072/3040
f 3189/3191 3069/3231 3190/3192
f 3093/3123 3022/3122 3191/3194
f 3192/3196 3014/3267 3074/3197
f 3193/3199 3070/3227 3194/3200
f 3105/3202 3018/3240 3195/3203
f 3073/3044 3124/3226 3046/3205
f 3117/3031 3112/3225 3039/3207
f 3106/3079 3156/3091 3057/3150
f 3202/3210 3196/3269 3016/3208
f 3197/3211 3071/3218 3198/3212
f 3200/3214 3150/3145 3049/3105
f 3074/3197 3014/3267 3017/3216
f 2991/3084 3074/3197 3111/3217
f 3197/3211 3200/3214 3199/3215
f 3126/3118 3200/3214 3197/3211
f 3126/3118 2988/3143 3150/3145
f 3092/3220 3201/3213 3198/3212
f 2987/3222 3149/3126 3201/3213
f 3048/3219 3197/3211 3201/3213
f 3202/3210 3081/3035 2990/3037
f 3198/3212 3202/3210 3079/3223
f 3071/3218 3196/3269 3202/3210
f 3001/3090 3156/3091 3106/3079
f 2989/3030 2976/3141 3112/3225
f 2993/3110 2977/3117 3124/3226
f 3203/3204 3195/3203 3070/3227
f 3047/3147 3148/3229 3203/3204
f 2985/3228 3105/3202 3203/3204
f 3204/3201 3194/3200 3013/3230
f 3125/3125 3204/3201 3082/3129
f 3047/3147 3193/3199 3204/3201
f 3205/3198 3074/3197 2991/3084
f 3194/3200 3205/3198 3076/3116
f 3070/3227 3192/3196 3205/3198
f 3206/3195 3191/3194 3069/3231
f 3113/3066 3206/3195 3189/3191
f 2995/3065 3093/3123 3206/3195
f 3207/3193 3190/3192 3023/3076
f 3102/3175 3207/3193 3094/3232
f 3030/3174 3189/3191 3207/3193
f 3208/3190 3072/3040 2994/3039
f 3190/3192 3208/3190 3090/3077
f 3069/3231 3188/3189 3208/3190
f 3007/3081 3158/3083 3146/3082
f 2975/3235 3142/3186 3084/3053
f 3209/3185 3187/3184 3068/3237
f 3096/3056 3209/3185 3185/3180
f 2987/3239 3092/3183 3209/3185
f 3210/3182 3186/3181 3018/3240
f 3115/3177 3210/3182 3105/3202
f 3024/3238 3185/3180 3210/3182
f 3211/3179 3075/3050 2992/3042
f 3186/3181 3211/3179 3085/3241
f 3068/3237 3184/3178 3211/3179
f 2988/3143 3095/3120 3088/3166
f 2997/3128 3155/3127 3183/3170
f 3056/3244 3183/3170 3140/3172
f 3067/3173 3182/3069 3110/3169
f 2998/3243 3088/3166 3181/3163
f 3038/3068 3181/3163 3139/3165
f 3066/3167 3180/3071 3108/3162
f 3000/3055 3131/3124 3179/3160
f 2974/3246 3036/3245 3179/3160
f 3032/3159 3065/3158 3178/3074
f 2998/3247 2996/3233 3094/3232
f 3042/3154 3023/3076 3176/3075
f 3212/3109 3175/3095 3064/3248
f 3123/3082 3212/3109 3173/3108
f 2981/3234 3128/3152 3212/3109
f 3213/3149 3120/3151 3044/3249
f 3163/3108 3213/3149 3160/3023
f 3045/3188 3121/3046 3213/3149
f 3026/3250 3077/3059 3165/3092
f 3136/3032 3118/3034 3004/3033
f 3214/3149 3174/3023 3019/3249
f 3091/3046 3214/3149 3087/3151
f 3021/3188 3173/3108 3214/3149
f 2999/3242 2985/3228 3148/3229
f 3150/3145 3116/3144 3042/3154
f 3215/3140 3168/3139 3039/3252
f 3147/3038 3215/3140 3112/3253
f 3046/3205 3167/3138 3215/3140
f 3216/3025 3089/3034 2980/3033
f 3174/3023 3216/3025 3109/3024
f 3064/3248 3172/3096 3216/3025
f 2999/3254 3154/3072 3080/3137
f 3033/3255 3164/3133 3138/3135
f 3098/3131 3164/3133 3033/3255
f 2986/3058 3082/3129 3130/3121
f 3031/3099 3055/3098 3155/3127
f 3048/3219 3149/3126 3100/3061
f 3027/3148 3047/3147 3125/3125
f 3054/3258 3131/3124 3097/3057
f 2997/3257 3130/3121 3093/3123
f 3013/3230 3076/3116 3153/3086
f 3217/3115 3142/3114 2975/3259
f 3168/3139 3217/3115 3141/3260
f 3063/3261 3166/3113 3217/3115
f 2984/3047 3129/3112 3091/3046
f 3218/3109 3163/3108 3061/3248
f 3134/3152 3218/3109 3161/3095
f 3005/3234 3146/3082 3218/3109
f 3219/3104 3169/3103 3063/3261
f 3124/3226 3219/3104 3167/3138
f 2977/3117 3111/3102 3219/3104
f 3052/3130 3170/3085 3171/3101
f 2996/3233 2998/3243 3132/3067
f 3220/3080 3162/3096 3043/3209
f 3157/3078 3220/3080 3144/3079
f 3058/3262 3161/3095 3220/3080
f 3062/3132 3165/3092 3107/3094
f 3060/3150 3159/3091 3144/3079
f 3221/3089 3114/3088 3040/3263
f 3063/3261 3169/3103 3221/3089
f 3017/3264 3083/3087 3221/3089
f 3051/3111 3152/3083 3123/3082
f 3222/3080 3106/3079 3020/3209
f 3175/3095 3222/3080 3172/3096
f 3050/3262 3151/3078 3222/3080
f 3176/3075 3090/3077 2994/3039
f 3054/3258 3154/3072 3178/3074
f 3029/3176 3101/3063 3180/3071
f 3055/3098 3132/3067 3182/3069
f 3031/3099 3103/3064 3113/3066
f 3028/3119 3100/3061 3101/3063
f 3086/3060 3077/3059 3026/3250
f 3097/3057 3096/3056 3024/3238
f 3223/3054 3084/3053 3012/3187
f 3187/3184 3223/3054 3184/3178
f 3015/3265 3079/3052 3223/3054
f 3114/3051 3075/3050 3012/3187
f 3059/3111 3135/3112 3121/3046
f 3224/3045 3073/3044 3011/3206
f 3191/3194 3224/3045 3188/3189
f 3022/3122 3122/3043 3224/3045
f 3225/3041 3078/3026 3014/3267
f 3195/3203 3225/3041 3192/3196
f 3195/3203 3018/3240 3085/3241
f 3046/3205 3147/3038 3072/3040
f 3016/3208 3039/3207 3141/3268
f 3057/3150 3133/3032 3089/3034
f 3226/3029 3117/3031 3016/3208
f 3071/3218 3199/3215 3226/3029
f 3199/3215 3049/3105 3127/3107
f 3014/3267 3078/3026 3083/3028
f 3227/3025 3145/3024 3004/3033
f 3162/3096 3227/3025 3118/3034
f 3061/3248 3160/3023 3227/3025
o RightArm
v -3.834 3.2925 2.166
v -3.834 3.2925 -2.166
v -3.834 12.498 2.166
v -3.834 12.498 -2.166
v -8.166 3.2925 2.166
v -8.166 3.2925 -2.166
v -8.166 12.498 2.166
v -8.166 12.498 -2.166
v -3.2925 -1.581 2.166
v -3.2925 -1.581 -2.166
v -8.166 -1.581 2.166
v -8.166 -1.581 -2.166
v -3.2925 -0.498 -3.249
v -8.166 -0.498 -3.249
v -3.2925 -0.498 3.249
v -8.166 -0.498 3.249
v -9.249 -0.498 2.166
v -9.249 -0.498 -2.166
v -3.2925 3.2925 -3.249
v -8.166 3.2925 -3.249
v -3.2925 3.2925 3.249
v -8.166 3.2925 3.249
v -9.249 3.2925 2.166
v -9.249 3.2925 -2.166
v -4.3755 11.415 2.7075
v -4.3755 11.415 -2.7075
v -7.6245 11.415 2.7075
v -7.6245 11.415 -2.7075
v -3.2925 11.415 -1.6245
v -8.7075 11.415 -1.6245
v -3.2925 11.415 1.6245
v -8.7075 11.415 1.6245
v -3.834 11.415 2.166
v -8.166 11.415 2.166
v -8.166 11.415 -2.166
v -3.834 11.415 -2.166
v -4.3755 8.166 2.7075
v -4.3755 8.166 -2.7075
v -7.6245 8.166 2.7075
v -7.6245 8.166 -2.7075
v -3.2925 8.166 -1.6245
v -8.7075 8.166 -1.6245
v -3.2925 8.166 1.6245
v -8.7075 8.166 1.6245
v -3.834 7.083 2.166
v -3.834 7.083 -2.166
v -8.166 7.083 2.166
v -8.166 7.083 -2.166
v -9.249 0.585 -2.166
v -9.249 2.751 -2.166
v -9.7905 0.585 -1.6245
v -9.7905 2.751 -1.6245
v -9.7905 0.585 1.6245
v -9.7905 2.751 1.6245
v -9.7905 -0.498 3.7905
v -9.7905 1.668 3.7905
v -7.6245 8.166 2.7075
v -4.3755 8.166 2.7075
v -7.6245 7.6245 3.249
v -4.3755 7.6245 3.249
v -7.6245 3.2925 3.249
v -4.3755 3.2925 3.249
v -9.249 0.585 -2.166
v -9.249 2.751 -2.166
v -9.7905 0.585 -1.6245
v -9.7905 2.751 -1.6245
v -9.7905 0.585 1.6245
v -9.7905 2.751 1.6245
v -9.7905 -0.498 3.7905
v -9.7905 1.668 3.7905
v -7.6245 8.166 2.7075
v -4.3755 8.166 2.7075
v -7.6245 7.6245 3.249
v -4.3755 7.6245 3.249
v -7.6245 3.2925 3.249
v -4.3755 3.2925 3.249
v -6 12.498 -2.166
v -3.834 12.498 -0
v -3.2925 0.8558 2.7075
v -3.2925 1.3973 3.249
v -3.2925 -1.0395 2.7075
v -5.7293 -1.581 2.166
v -3.2925 -1.581 -0
v -8.166 -1.0395 -2.7075
v -5.7293 -1.581 -2.166
v -8.7075 -1.0395 2.166
v -8.166 -1.581 -0
v -9.249 1.3973 2.166
v -9.249 -0.498 -0
v -5.7293 -0.498 3.249
v -8.166 1.3973 -3.249
v -5.7293 -0.498 -3.249
v -8.7075 -1.0395 -2.166
v -8.7075 -0.498 -2.7075
v -9.249 1.3973 -2.166
v -8.166 -1.0395 2.7075
v -8.7075 -0.498 2.7075
v -8.7075 3.2925 2.7075
v -6 3.2925 -2.166
v -8.166 3.2925 -0
v -8.7075 3.2925 -2.7075
v -6 3.2925 2.166
v -3.834 3.2925 -0
v -3.5633 3.2925 -0.5415
v -8.166 12.498 -0
v -6 12.498 2.166
v -3.2925 11.415 -0
v -3.5633 11.415 0.2707
v -6 11.415 2.7075
v -6.2707 11.415 2.4367
v -8.7075 11.415 -0
v -8.4367 11.415 -0.2708
v -6 11.415 -2.7075
v -5.7293 11.415 -2.4368
v -3.2925 9.7905 1.6245
v -8.166 8.166 2.166
v -7.8952 9.7905 2.4367
v -7.6245 9.7905 2.7075
v -3.834 8.166 2.166
v -4.1048 9.7905 2.4367
v -8.7075 9.7905 -1.6245
v -4.3755 9.7905 -2.7075
v -8.166 8.166 -2.166
v -8.4367 9.7905 -1.8953
v -6 8.166 -2.7075
v -8.7075 8.166 -0
v -6 8.166 2.7075
v -3.2925 8.166 -0
v -3.834 5.1878 -2.166
v -3.834 5.1878 2.166
v -8.166 5.1878 -2.166
v -9.249 1.668 -2.166
v -9.7905 1.668 -1.6245
v -9.7905 2.751 -0
v -9.7905 1.668 1.6245
v -9.7905 2.2095 2.7075
v -6 8.166 2.7075
v -6 7.6245 3.249
v -4.3755 5.4585 3.249
v -3.834 8.166 -2.166
v -3.5633 9.7905 -1.8953
v -9.249 1.668 -2.166
v -9.7905 2.751 -0
v -9.7905 1.668 -1.6245
v -9.7905 2.2095 2.7075
v -9.7905 1.668 1.6245
v -6 8.166 2.7075
v -4.3755 5.4585 3.249
v -6 7.6245 3.249
v -3.2925 0.8558 -2.7075
v -3.2925 -1.0395 -2.7075
v -3.2925 1.3973 -3.249
v -3.2925 3.2925 -0
v -9.249 3.2925 -0
v -5.7293 3.2925 3.249
v -8.166 1.3973 3.249
v -5.7293 3.2925 -3.249
v -8.166 11.415 -0
v -6 11.415 2.166
v -3.834 11.415 -0
v -6 11.415 -2.166
v -3.2925 9.7905 -1.6245
v -8.7075 9.7905 1.6245
v -4.3755 9.7905 2.7075
v -7.6245 9.7905 -2.7075
v -6 7.083 -2.166
v -8.166 7.083 -0
v -6 7.083 2.166
v -3.834 7.083 -0
v -8.166 5.1878 2.166
v -9.7905 0.585 -0
v -9.7905 0.0435 2.7075
v -9.7905 0.585 3.7905
v -7.6245 5.4585 3.249
v -6 3.2925 3.249
v -9.7905 0.585 -0
v -9.7905 0.585 3.7905
v -9.7905 0.0435 2.7075
v -6 3.2925 3.249
v -7.6245 5.4585 3.249
v -6 5.4585 3.249
v -6 5.1878 2.166
v -9.7905 1.1265 2.7075
v -9.7905 1.668 -0
v -9.7905 1.668 -0
v -6 5.1878 -2.166
v -8.7075 9.7905 -0
v -6 9.7905 2.7075
v -3.2925 9.7905 -0
v -8.166 5.1878 -0
v -9.7905 1.1265 2.7075
v -6 5.4585 3.249
v -8.7075 -1.0395 -0
v -3.2925 0.8558 -0
v -5.7293 -1.0395 -2.7075
v -8.7075 1.3973 2.7075
v -5.7293 -1.0395 2.7075
v -8.7075 1.3973 -2.7075
v -5.7293 -1.581 -0
v -6 12.498 -0
v -9.249 1.3973 -0
v -5.7293 1.3973 -3.249
v -5.7293 1.3973 3.249
v -3.834 5.1878 -0
v -6 9.7905 -2.7075
v -7.083 12.498 -2.166
v -6.6769 11.415 -2.5721
v -3.834 12.498 -1.083
v -3.2925 2.0741 2.9782
v -3.2925 2.3449 3.249
v -6.9476 -1.581 2.166
v -3.6986 3.2925 0.8122
v -3.2925 -1.581 -1.083
v -6.9476 -1.581 -2.166
v -4.917 12.498 2.166
v -8.166 -1.581 -1.083
v -9.249 2.3449 2.166
v -9.249 -0.498 -1.083
v -3.2925 10.6027 1.6245
v -6.9476 -0.498 3.249
v -8.166 2.3449 -3.249
v -8.166 12.498 1.083
v -6.9476 -0.498 -3.249
v -9.249 2.3449 -2.166
v -4.5109 -0.498 3.249
v -8.166 0.4496 -3.249
v -7.083 3.2925 -2.166
v -3.2925 11.415 -0.8123
v -8.166 3.2925 -1.083
v -3.2925 -1.581 1.083
v -7.083 3.2925 2.166
v -3.834 3.2925 -1.083
v -3.4279 3.2925 -1.8953
v -8.166 12.498 -1.083
v -8.7075 11.415 -0.8123
v -7.083 12.498 2.166
v -4.5109 -0.498 -3.249
v -3.2925 11.415 0.8122
v -3.6986 11.415 1.2184
v -6.8122 11.415 2.7075
v -7.2184 11.415 2.3014
v -8.7075 11.415 0.8122
v -8.3014 11.415 -1.2184
v -6.8122 11.415 -2.7075
v -4.7816 11.415 -2.3014
v -8.0306 10.6027 2.3014
v -3.2925 8.9783 1.6245
v -7.7599 8.9783 2.5721
v -8.166 -1.581 1.083
v -7.6245 8.9783 2.7075
v -3.4279 11.415 -0.6769
v -4.2401 8.9783 2.5721
v -8.7075 8.9783 -1.6245
v -4.917 3.2925 -2.166
v -4.3755 8.9783 -2.7075
v -5.1878 11.415 -2.7075
v -8.5721 8.9783 -1.7599
v -9.249 0.4496 2.166
v -6.8122 8.166 -2.7075
v -3.2925 0.4496 3.249
v -8.7075 8.166 0.8122
v -6.8122 8.166 2.7075
v -4.5109 -1.581 2.166
v -3.2925 8.166 0.8122
v -3.2925 -0.3626 2.4367
v -3.834 6.1354 -2.166
v -3.834 3.2925 1.083
v -3.834 6.1354 2.166
v -7.6245 10.6027 2.7075
v -4.917 3.2925 2.166
v -8.166 6.1354 -2.166
v -5.1878 11.415 2.7075
v -8.166 3.2925 1.083
v -9.7905 2.751 0.8122
v -4.917 12.498 -2.166
v -5.1878 8.166 2.7075
v -5.3231 11.415 2.5721
v -5.1878 7.6245 3.249
v -8.5721 11.415 0.6769
v -4.3755 4.3755 3.249
v -9.249 -0.498 1.083
v -3.4279 8.9783 -1.7599
v -9.249 0.4496 -2.166
v -9.7905 2.751 0.8122
v -3.834 12.498 1.083
v -5.1878 8.166 2.7075
v -4.3755 4.3755 3.249
v -3.9694 10.6027 2.3014
v -5.1878 7.6245 3.249
v -4.5109 -1.581 -2.166
v -3.2925 2.0741 -2.9783
v -3.2925 2.3449 -3.249
v -3.2925 3.2925 1.6245
v -9.249 3.2925 -1.083
v -6.9476 3.2925 3.249
v -8.166 2.3449 3.249
v -6.9476 3.2925 -3.249
v -8.166 11.415 -1.083
v -7.083 11.415 2.166
v -3.834 11.415 -1.083
v -4.917 11.415 -2.166
v -3.2925 8.9783 -1.6245
v -8.7075 8.9783 1.6245
v -4.3755 8.9783 2.7075
v -7.6245 8.9783 -2.7075
v -7.083 7.083 -2.166
v -8.166 7.083 -1.083
v -7.083 7.083 2.166
v -3.834 7.083 -1.083
v -8.166 6.1354 2.166
v -9.7905 0.585 0.8122
v -7.6245 4.3755 3.249
v -5.1878 3.2925 3.249
v -9.7905 0.585 0.8122
v -5.1878 3.2925 3.249
v -7.6245 4.3755 3.249
v -8.7075 10.6028 -1.6245
v -4.3755 10.6028 -2.7075
v -8.3014 10.6028 -2.0306
v -5.1878 8.166 -2.7075
v -8.7075 8.166 -0.8123
v -5.1878 8.166 2.7075
v -3.2925 8.166 -0.8123
v -3.834 4.2401 -2.166
v -3.834 4.2401 2.166
v -8.166 4.2401 -2.166
v -9.7905 2.751 -0.8123
v -6.8122 8.166 2.7075
v -6.8122 7.6245 3.249
v -4.3755 6.5415 3.249
v -3.6986 10.6028 -2.0306
v -9.7905 2.751 -0.8123
v -6.8122 8.166 2.7075
v -4.3755 6.5415 3.249
v -6.8122 7.6245 3.249
v -3.2925 -0.3626 -2.4368
v -3.2925 0.4496 -3.249
v -3.2925 3.2925 -1.6245
v -9.249 3.2925 1.083
v -4.5109 3.2925 3.249
v -8.166 0.4496 3.249
v -4.5109 3.2925 -3.249
v -8.166 11.415 1.083
v -4.917 11.415 2.166
v -3.834 11.415 1.083
v -7.083 11.415 -2.166
v -3.2925 10.6028 -1.6245
v -8.7075 10.6027 1.6245
v -4.3755 10.6027 2.7075
v -7.6245 10.6028 -2.7075
v -4.917 7.083 -2.166
v -8.166 7.083 1.083
v -4.917 7.083 2.166
v -3.834 7.083 1.083
v -8.166 4.2401 2.166
v -9.7905 0.585 -0.8123
v -7.6245 6.5415 3.249
v -6.8122 3.2925 3.249
v -9.7905 0.585 -0.8123
v -6.8122 3.2925 3.249
v -7.6245 6.5415 3.249
v -6 6.5415 3.249
v -6 4.3755 3.249
v -5.1878 5.4585 3.249
v -6.8122 5.4585 3.249
v -3.2925 -0.0919 -2.7075
v -3.2925 0.1789 -2.9783
v -6 4.2401 2.166
v -6 6.1354 2.166
v -4.917 5.1878 2.166
v -7.083 5.1878 2.166
v -9.7905 1.668 -0.8123
v -9.7905 1.668 0.8122
v -9.7905 1.668 -0.8123
v -9.7905 1.668 0.8122
v -7.8952 8.9783 -2.4368
v -8.3014 8.9783 -2.0306
v -4.917 5.1878 -2.166
v -7.083 5.1878 -2.166
v -6 4.2401 -2.166
v -6 6.1354 -2.166
v -8.7075 10.6028 -0
v -8.7075 8.9783 -0
v -8.7075 9.7905 -0.8123
v -8.7075 9.7905 0.8122
v -6 10.6027 2.7075
v -6 8.9783 2.7075
v -6.8122 9.7905 2.7075
v -5.1878 9.7905 2.7075
v -3.2925 10.6028 -0
v -3.2925 8.9783 -0
v -3.2925 9.7905 0.8122
v -3.2925 9.7905 -0.8123
v -8.166 5.1878 -1.083
v -8.166 5.1878 1.083
v -8.166 4.2401 -0
v -8.166 6.1354 -0
v -8.4367 8.9783 1.8952
v -8.0306 8.9783 2.3014
v -5.1878 5.4585 3.249
v -6.8122 5.4585 3.249
v -6 6.5415 3.249
v -6 4.3755 3.249
v -8.7075 -1.0395 1.083
v -8.7075 -1.0395 -1.083
v -3.2925 0.8558 1.3537
v -3.2925 0.8558 -1.3538
v -3.2925 -0.3626 -0
v -3.2925 2.0741 -0
v -3.9694 8.9783 2.3014
v -3.5633 8.9783 1.8952
v -6.9476 -1.0395 -2.7075
v -4.5109 -1.0395 -2.7075
v -8.7075 2.3449 2.7075
v -8.7075 0.4496 2.7075
v -4.5109 -1.0395 2.7075
v -6.9476 -1.0395 2.7075
v -8.7075 0.4496 -2.7075
v -8.7075 2.3449 -2.7075
v -3.6986 8.9783 -2.0306
v -4.1048 8.9783 -2.4368
v -4.5109 -1.581 -0
v -6.9476 -1.581 -0
v -5.7293 -1.581 1.083
v -5.7293 -1.581 -1.083
v -4.917 12.498 -0
v -7.083 12.498 -0
v -6 12.498 -1.083
v -6 12.498 1.083
v -9.249 0.4496 -0
v -9.249 2.3449 -0
v -9.249 1.3973 1.083
v -9.249 1.3973 -1.083
v -5.7293 0.4496 -3.249
v -5.7293 2.3449 -3.249
v -6.9476 1.3973 -3.249
v -4.5109 1.3973 -3.249
v -5.7293 0.4496 3.249
v -5.7293 2.3449 3.249
v -4.5109 1.3973 3.249
v -6.9476 1.3973 3.249
v -3.834 4.2401 -0
v -3.834 6.1354 -0
v -3.834 5.1878 -1.083
v -3.834 5.1878 1.083
v -3.2925 -0.0919 2.7075
v -3.2925 0.1789 2.9782
v -6 10.6028 -2.7075
v -6 8.9783 -2.7075
v -5.1878 9.7905 -2.7075
v -6.8122 9.7905 -2.7075
v -6.8122 8.9783 -2.7075
v -5.1878 8.9783 -2.7075
v -5.1878 10.6028 -2.7075
v -3.834 6.1354 1.083
v -3.834 6.1354 -1.083
v -3.834 4.2401 -1.083
v -6.9476 2.3449 3.249
v -4.5109 2.3449 3.249
v -4.5109 0.4496 3.249
v -4.5109 2.3449 -3.249
v -6.9476 2.3449 -3.249
v -6.9476 0.4496 -3.249
v -9.249 2.3449 -1.083
v -9.249 2.3449 1.083
v -9.249 0.4496 1.083
v -7.083 12.498 1.083
v -7.083 12.498 -1.083
v -4.917 12.498 -1.083
v -6.9476 -1.581 -1.083
v -6.9476 -1.581 1.083
v -4.5109 -1.581 1.083
v -3.2925 2.0741 -1.4891
v -3.2925 -0.3626 -1.2184
v -3.2925 -0.3626 1.2184
v -6.8122 4.3755 3.249
v -6.8122 6.5415 3.249
v -5.1878 6.5415 3.249
v -8.166 6.1354 1.083
v -8.166 4.2401 1.083
v -8.166 4.2401 -1.083
v -3.2925 8.9783 -0.8123
v -6.8122 6.5415 3.249
v -3.2925 8.9783 0.8122
v -3.2925 10.6028 0.8122
v -6.8122 4.3755 3.249
v -4.917 6.1354 2.166
v -7.083 6.1354 2.166
v -7.083 4.2401 -2.166
v -5.1878 4.3755 3.249
v -4.917 4.2401 2.166
v -4.917 4.2401 -2.166
v -5.1878 8.9783 2.7075
v -8.7075 10.6028 -0.8123
v -6.8122 8.9783 2.7075
v -7.083 6.1354 -2.166
v -8.7075 8.9783 0.8122
v -6.8122 10.6027 2.7075
v -8.7075 8.9783 -0.8123
v -7.083 4.2401 2.166
v -4.917 6.1354 -2.166
v -5.1878 6.5415 3.249
v -8.7075 10.6028 0.8122
v -5.1878 10.6027 2.7075
v -3.2925 10.6028 -0.8123
v -8.166 6.1354 -1.083
v -5.1878 4.3755 3.249
v -3.2925 2.0741 1.4891
v -4.5109 -1.581 -1.083
v -4.917 12.498 1.083
v -9.249 0.4496 -1.083
v -4.5109 0.4496 -3.249
v -6.9476 0.4496 3.249
v -3.834 4.2401 1.083
v -6.8122 10.6028 -2.7075
v -3.2925 3.2925 2.4367
v -3.2925 3.2925 -0.8123
v -3.2925 3.2925 0.8122
v -3.2925 3.2925 -2.4368
vt 0.4286 0.2717
vt 0.3929 0.2391
vt 0.3929 0.2717
vt 0 0.7065
vt 0.0119 0.6793
vt 0 0.6685
vt 0.0952 0.5707
vt 0.0476 0.6087
vt 0.0952 0.6087
vt 0.7857 0.7446
vt 0.8393 0.7826
vt 0.8393 0.7446
vt 0.3393 0.7446
vt 0.2857 0.7826
vt 0.3393 0.7826
vt 0.5476 0.7446
vt 0.5952 0.7826
vt 0.5952 0.7446
vt 0.5952 0.2174
vt 0.6429 0.1739
vt 0.5952 0.1739
vt 0.3095 0
vt 0.2619 0.0435
vt 0.3095 0.0435
vt 0.3393 0.8261
vt 0.2857 0.8696
vt 0.3393 0.8696
vt 0.5238 0.8261
vt 0.5357 0.8043
vt 0.5119 0.8043
vt 0.256 0.337
vt 0.25 0.3043
vt 0.244 0.337
vt 0.7619 0.8261
vt 0.7738 0.8043
vt 0.75 0.8043
vt 0.5238 0.7446
vt 0.5 0.7826
vt 0.5238 0.7826
vt 0.9464 0.6304
vt 0.9762 0.587
vt 0.9286 0.587
vt 0.7857 0.8043
vt 0.8393 0.8261
vt 0.8393 0.8043
vt 0.5238 0.587
vt 0.5238 0.6304
vt 0.5476 0.6304
vt 0.7857 0.413
vt 0.8095 0.3696
vt 0.7738 0.3696
vt 0.7619 0.6304
vt 0.7619 0.587
vt 0.7381 0.6304
vt 0.2262 0.625
vt 0.2381 0.6087
vt 0.1905 0.6087
vt 0.4762 0.1739
vt 0.4524 0.1304
vt 0.4762 0.1304
vt 0.9405 0.2391
vt 0.9762 0.2174
vt 0.9405 0.2174
vt 0.7857 0.6685
vt 0.7619 0.6685
vt 0.1131 0.2228
vt 0.0952 0.2391
vt 0.131 0.2391
vt 0.6845 0.2228
vt 0.6667 0.2391
vt 0.7024 0.2391
vt 0.494 0.2228
vt 0.4762 0.2391
vt 0.5119 0.2391
vt 0.3036 0.2228
vt 0.2857 0.2391
vt 0.3214 0.2391
vt 0.2857 0.8043
vt 0.3393 0.8043
vt 0.4524 0.087
vt 0.0655 0.337
vt 0.0595 0.3043
vt 0.0536 0.337
vt 0.6905 0.587
vt 0.6905 0.6304
vt 0.0357 0.6304
vt 0 0.6304
vt 0.5476 0.8043
vt 0.5952 0.8261
vt 0.5952 0.8043
vt 0.9405 0.413
vt 0.9762 0.3696
vt 0.9405 0.3696
vt 0.631 0.337
vt 0.619 0.3043
vt 0.619 0.337
vt 0.5952 0.413
vt 0.619 0.3696
vt 0.5833 0.3696
vt 0.2143 0.413
vt 0.2381 0.3696
vt 0.2024 0.3696
vt 0.4048 0.413
vt 0.4286 0.3696
vt 0.3929 0.3696
vt 0.6667 0.1304
vt 0.619 0.1739
vt 0.619 0.1304
vt 0.5952 0.4728
vt 0.5476 0.4348
vt 0.5476 0.4728
vt 0.4524 0.2174
vt 0.4048 0.1739
vt 0.4048 0.2174
vt 0.2024 0.2717
vt 0.2381 0.2391
vt 0.2024 0.2391
vt 0.8095 0.2717
vt 0.7738 0.2391
vt 0.7738 0.2717
vt 0.619 0.2717
vt 0.5833 0.2391
vt 0.5833 0.2717
vt 0.2619 0.2174
vt 0.2143 0.1739
vt 0.2143 0.2174
vt 0.9048 0.2826
vt 0.9405 0.2826
vt 0.3571 0.4348
vt 0.3095 0.4728
vt 0.3571 0.4728
vt 0.8333 0.2174
vt 0.7857 0.1739
vt 0.7857 0.2174
vt 0.4405 0.337
vt 0.4286 0.3043
vt 0.4286 0.337
vt 0.5119 0.1739
vt 0.5119 0.1304
vt 0.5833 0.087
vt 0.5833 0.1304
vt 0.7143 0.087
vt 0.6667 0.087
vt 0.7857 0.5489
vt 0.8333 0.587
vt 0.8333 0.5489
vt 0.8333 0.2391
vt 0.869 0.2174
vt 0.869 0.2391
vt 0.5476 0.337
vt 0.5119 0.3043
vt 0.5119 0.337
vt 0.4524 0.587
vt 0.5 0.6304
vt 0.5 0.587
vt 0.25 0.7772
vt 0.2619 0.7663
vt 0.2619 0.7283
vt 0.7679 0.2337
vt 0.7381 0.2174
vt 0.7262 0.2283
vt 0.5833 0.1739
vt 0.5476 0.1304
vt 0.7381 0.2717
vt 0.7024 0.2717
vt 0.4524 0.3696
vt 0.4702 0.337
vt 0.4583 0.337
vt 0.6667 0.1739
vt 0.7143 0.1304
vt 0.5833 0.337
vt 0.5833 0.3043
vt 0.2738 0.7554
vt 0.2857 0.7446
vt 0.2857 0.7065
vt 0.3571 0.587
vt 0.3929 0.6304
vt 0.4048 0.587
vt 0.5774 0.2337
vt 0.5476 0.2174
vt 0.5357 0.2283
vt 0.4583 0.2717
vt 0.4643 0.3043
vt 0.3869 0.2337
vt 0.3571 0.2174
vt 0.3452 0.2283
vt 0.25 0.6304
vt 0.2857 0.6304
vt 0.619 0.087
vt 0.4524 0.4348
vt 0.4048 0.4728
vt 0.4524 0.4728
vt 0.9048 0.2391
vt 0.119 0.2174
vt 0.0714 0.2174
vt 0.6905 0.2174
vt 0.6429 0.2174
vt 0.5 0.2174
vt 0.3095 0.2174
vt 0.7381 0.337
vt 0.7024 0.3043
vt 0.7024 0.337
vt 0.6429 0.413
vt 0.6429 0.3696
vt 0.6488 0.2717
vt 0.6667 0.2717
vt 0.1071 0.6304
vt 0.1429 0.6304
vt 0.1071 0.6141
vt 0.6905 0.1739
vt 0.0714 0.413
vt 0.0714 0.3696
vt 0.0476 0.3696
vt 0.1964 0.2337
vt 0.1667 0.2174
vt 0.1548 0.2283
vt 0.0476 0.337
vt 0.5119 0.087
vt 0.5476 0.2717
vt 0.5119 0.2717
vt 0.4524 0.413
vt 0.4762 0.2717
vt 0.2738 0.6793
vt 0.2857 0.6685
vt 0.0476 0.2717
vt 0.0655 0.2717
vt 0.4762 0.3043
vt 0.4762 0.337
vt 0.6667 0.3043
vt 0.6607 0.337
vt 0.6667 0.337
vt 0.2381 0.2717
vt 0.256 0.2717
vt 0.5476 0.087
vt 0.8095 0.337
vt 0.7738 0.3043
vt 0.7738 0.337
vt 0.4762 0.087
vt 0.3571 0.5109
vt 0.3095 0.5489
vt 0.3571 0.5489
vt 0.5476 0.1739
vt 0.881 0.5489
vt 0.9286 0.5489
vt 0.9048 0.3696
vt 0.9405 0.3261
vt 0.4524 0.5109
vt 0.4048 0.5489
vt 0.4524 0.5489
vt 0.119 0.1739
vt 0.2619 0.413
vt 0.2619 0.3696
vt 0.2619 0.8043
vt 0.2381 0.337
vt 0.7857 0.4728
vt 0.8333 0.5109
vt 0.8333 0.4728
vt 0.881 0.4728
vt 0.9286 0.5109
vt 0.9286 0.4728
vt 0.8333 0.3696
vt 0.869 0.3261
vt 0.869 0.3696
vt 0.1667 0.2717
vt 0.131 0.2717
vt 0.131 0.337
vt 0.1667 0.3043
vt 0.131 0.3043
vt 0.8333 0.2826
vt 0.869 0.2826
vt 0.2024 0.337
vt 0.2381 0.3043
vt 0.2024 0.3043
vt 0.3095 0.1739
vt 0.5952 0.5489
vt 0.5476 0.5109
vt 0.5476 0.5489
vt 0.6905 0.5109
vt 0.6429 0.5489
vt 0.6905 0.5489
vt 0.6905 0.4728
vt 0.6429 0.4348
vt 0.6429 0.4728
vt 0.3571 0.413
vt 0.3214 0.3696
vt 0.3095 0.413
vt 0.131 0.3696
vt 0.1667 0.413
vt 0.1667 0.3696
vt 0.5476 0.413
vt 0.5119 0.3696
vt 0.5 0.413
vt 0.6488 0.337
vt 0.6667 0.3696
vt 0.6548 0.3043
vt 0.9762 0.2826
vt 0.869 0.413
vt 0.6429 0.8043
vt 0.6905 0.8261
vt 0.6905 0.8043
vt 0.6429 0.7826
vt 0.6905 0.7826
vt 0.5476 0.7826
vt 0.0833 0.7283
vt 0.0357 0.7772
vt 0.0893 0.7772
vt 0.1964 0.7772
vt 0.1429 0.7283
vt 0.1429 0.7772
vt 0.1786 0.6304
vt 0.1429 0.6793
vt 0.6429 0.6304
vt 0.5952 0.587
vt 0.5952 0.6304
vt 0.0833 0.337
vt 0.0952 0.337
vt 0.0952 0.3043
vt 0.0952 0.2717
vt 0.0714 0.2391
vt 0.4524 0.1739
vt 0.3929 0.8043
vt 0.4464 0.8261
vt 0.4464 0.8043
vt 0.3929 0.7826
vt 0.4464 0.7826
vt 0.3571 0.2391
vt 0.5476 0.2391
vt 0.7381 0.2391
vt 0.1667 0.2391
vt 0.7381 0.6685
vt 0.7381 0.7446
vt 0.7619 0.7065
vt 0.7381 0.7065
vt 0.7619 0.7446
vt 0.7857 0.7065
vt 0.9048 0.2174
vt 0.1429 0.6087
vt 0.7024 0.3696
vt 0.7381 0.413
vt 0.7381 0.3696
vt 0.8929 0.8043
vt 0.9464 0.8261
vt 0.9464 0.8043
vt 0.8929 0.7826
vt 0.9464 0.7826
vt 0.7857 0.7826
vt 0.8393 0.6304
vt 0.881 0.587
vt 0.5476 0.6685
vt 0.5238 0.7065
vt 0.5476 0.7065
vt 0.5238 0.6685
vt 0.5 0.7065
vt 0.7619 0.7826
vt 0.7381 0.7826
vt 0.2738 0.337
vt 0.2857 0.337
vt 0.2857 0.3043
vt 0.2857 0.2717
vt 0.2619 0.2391
vt 0.3393 0.913
vt 0.2857 0.9565
vt 0.3393 0.9565
vt 0.4464 0.913
vt 0.3929 0.9565
vt 0.4464 0.9565
vt 0.3929 0.8696
vt 0.4464 0.8696
vt 0.3095 0.087
vt 0.2619 0.1304
vt 0.3095 0.1304
vt 0.4048 0.087
vt 0.3571 0.1304
vt 0.4048 0.1304
vt 0.4048 0
vt 0.3571 0.0435
vt 0.4048 0.0435
vt 0.5 0.1739
vt 0.6429 0.7446
vt 0.6905 0.7446
vt 0.6429 0.6685
vt 0.6905 0.7065
vt 0.6905 0.6685
vt 0.5952 0.7065
vt 0.5952 0.6685
vt 0.3929 0.7446
vt 0.4464 0.7446
vt 0.3929 0.6685
vt 0.4464 0.7065
vt 0.4464 0.6685
vt 0.3393 0.7065
vt 0.3393 0.6685
vt 0.8929 0.7446
vt 0.9464 0.7446
vt 0.8929 0.6685
vt 0.9464 0.7065
vt 0.9464 0.6685
vt 0.8393 0.7065
vt 0.8393 0.6685
vt 0.1905 0.5707
vt 0.1905 0.4946
vt 0.1429 0.5326
vt 0.1905 0.5326
vt 0.0952 0.4946
vt 0.0476 0.5326
vt 0.0952 0.5326
vt 0.0238 0.8043
vt 0.0238 0.7663
vt 0.0119 0.7554
vt 0 0.7826
vt 0 0.7446
vt 0.3571 0.2717
vt 0.3214 0.2717
vt 0.3571 0.337
vt 0.3214 0.3043
vt 0.3214 0.337
vt 0.3929 0.3043
vt 0.3929 0.337
vt 0.3571 0.3043
vt 0.3571 0.3696
vt 0.2857 0.3696
vt 0.0238 0.7283
vt 0.1429 0.4946
vt 0.1429 0.4565
vt 0.0952 0.4565
vt 0.0476 0.4946
vt 0.2381 0.4946
vt 0.2381 0.5326
vt 0.2381 0.4565
vt 0.1905 0.4565
vt 0.2381 0.5707
vt 0.1429 0.5707
vt 0.8929 0.7065
vt 0.8929 0.6304
vt 0.7857 0.6304
vt 1 0.7065
vt 1 0.6685
vt 1 0.6304
vt 1 0.7826
vt 1 0.7446
vt 0.3929 0.7065
vt 0.3393 0.6304
vt 0.5 0.6685
vt 0.4464 0.6304
vt 0.5 0.7446
vt 0.6429 0.7065
vt 0.3571 0.087
vt 0.4524 0.0435
vt 0.4524 0.087
vt 0.4524 -0
vt 0.3571 0.1739
vt 0.4524 0.1304
vt 0.2619 0.1739
vt 0.3929 0.913
vt 0.5 0.8696
vt 0.5 0.913
vt 0.5 0.8261
vt 0.3929 1
vt 0.4464 1
vt 0.5 0.9565
vt 0.5 1
vt 0.2857 1
vt 0.3393 1
vt 0.7857 0.587
vt 1 0.8043
vt 1 0.8261
vt 0.6905 0.413
vt 0.8095 0.2391
vt 0.619 0.2391
vt 0.4286 0.2391
vt 0.5 0.8043
vt 0.0952 0.3696
vt 0.5476 0.587
vt 0.2024 0.7283
vt 0.2083 0.6793
vt 0.2143 0.6304
vt 0.1905 0.8261
vt 0.1429 0.8261
vt 0.2381 0.8261
vt 0.0476 0.8261
vt 0.0952 0.8261
vt 0.7381 0.8043
vt 0.7381 0.8261
vt 0.9048 0.3261
vt 0.8333 0.3261
vt 0.8333 0.413
vt 0.9762 0.2391
vt 0.6429 0.2391
vt 0.4762 0.3696
vt 0.119 0.413
vt 0.6429 0.5109
vt 0.7381 0.5109
vt 0.7381 0.4728
vt 0.6905 0.4348
vt 0.6429 0.587
vt 0.7381 0.587
vt 0.7381 0.5489
vt 0.5952 0.5109
vt 0.1667 0.337
vt 0.9048 0.413
vt 0.9762 0.5109
vt 0.9762 0.4728
vt 0.9286 0.4348
vt 0.9762 0.4348
vt 0.881 0.4348
vt 0.881 0.5109
vt 0.8333 0.4348
vt 0.7857 0.4348
vt 0.0714 0.1739
vt 0.5 0.5489
vt 0.5 0.5109
vt 0.9762 0.3261
vt 0.9762 0.413
vt 0.9762 0.5489
vt 0.3095 0.587
vt 0.4048 0.5109
vt 0.7381 0.3043
vt 0.0476 0.2391
vt 0.5476 0.3043
vt 0.0476 0.3043
vt 0.0714 0.6304
vt 0.5 0.4728
vt 0.5 0.4348
vt 0.1667 0.6196
vt 0.4524 0.2391
vt 0.5476 0.3696
vt 0.7857 0.5109
vt 0.7381 0.1739
vt 0.3095 0.5109
vt 0.4048 0.4348
vt 0.1667 0.1739
vt 0.8095 0.3043
vt 0.5952 0.4348
vt 0.6429 0.8261
vt 0.0774 0.6793
vt 0.3929 0.8261
vt 0.8929 0.8261
vt 0.2857 0.913
vt 0.2619 0.087
vt 0.3571 0
vt 0.0476 0.5707
vt 0.2619 0
vt 0.2857 0.8261
vt 0.7857 0.8261
vt 0.5476 0.8261
vt 0.3095 0.4348
vt 0.8333 0.1739
vt 0.7143 0.1739
vt 0.0476 0.4565
vt 0.7381 0.4348
s 1
f 3577/3271 3471/3272 3742/3273
f 3307/3274 3436/3275 3437/3276
f 3741/3277 3228/3278 3494/3279
f 3568/3280 3447/3281 3740/3282
f 3739/3283 3240/3284 3464/3285
f 3510/3286 3445/3287 3738/3288
f 3570/3289 3234/3290 3449/3291
f 3442/3292 3512/3293 3737/3294
f 3517/3295 3440/3296 3736/3297
f 3239/3298 3320/3299 3311/3300
f 3647/3301 3368/3302 3509/3303
f 3238/3304 3323/3305 3313/3306
f 3645/3307 3241/3308 3321/3309
f 3567/3310 3228/3311 3497/3312
f 3323/3313 3438/3314 3644/3315
f 3233/3316 3328/3317 3251/3318
f 3580/3319 3264/3320 3549/3321
f 3325/3322 3232/3323 3250/3324
f 3460/3325 3229/3326 3459/3327
f 3292/3328 3369/3329 3371/3330
f 3505/3331 3285/3332 3503/3333
f 3523/3334 3325/3322 3641/3335
f 3466/3336 3258/3337 3465/3338
f 3468/3339 3254/3340 3467/3341
f 3470/3342 3257/3343 3462/3344
f 3472/3345 3253/3346 3483/3347
f 3378/3348 3517/3295 3640/3349
f 3360/3330 3277/3350 3359/3329
f 3637/3351 3347/3352 3479/3353
f 3250/3324 3500/3354 3566/3355
f 3743/3356 3248/3357 3436/3275
f 3320/3358 3443/3359 3632/3360
f 3540/3361 3507/3362 3734/3363
f 3625/3364 3390/3365 3530/3366
f 3579/3367 3271/3368 3488/3369
f 3536/3370 3268/3371 3550/3372
f 3533/3373 3267/3374 3486/3375
f 3418/3376 3294/3377 3373/3378
f 3733/3379 3275/3380 3498/3381
f 3262/3382 3433/3383 3573/3384
f 3732/3385 3256/3386 3455/3387
f 3576/3388 3499/3389 3731/3390
f 3575/3391 3469/3392 3730/3393
f 3263/3394 3435/3395 3527/3396
f 3589/3397 3516/3331 3729/3398
f 3578/3399 3493/3400 3728/3401
f 3260/3402 3442/3403 3571/3404
f 3603/3405 3392/3406 3532/3407
f 3586/3408 3371/3330 3601/3409
f 3362/3378 3501/3410 3600/3411
f 3410/3376 3283/3412 3363/3413
f 3582/3414 3458/3415 3727/3416
f 3300/3417 3560/3418 3562/3419
f 3610/3420 3611/3421 3726/3422
f 3454/3423 3247/3424 3233/3425
f 3563/3426 3593/3427 3377/3428
f 3504/3429 3386/3430 3337/3431
f 3541/3432 3412/3433 3602/3411
f 3613/3434 3467/3341 3725/3435
f 3350/3436 3484/3437 3604/3438
f 3399/3439 3400/3440 3410/3376
f 3280/3377 3410/3376 3362/3378
f 3724/3441 3390/3365 3612/3442
f 3604/3438 3603/3405 3350/3436
f 3594/3443 3564/3444 3379/3445
f 3481/3446 3384/3447 3326/3448
f 3506/3449 3385/3450 3339/3451
f 3546/3452 3392/3406 3351/3453
f 3434/3454 3388/3455 3341/3456
f 3460/3325 3746/3457 3246/3458
f 3362/3378 3363/3413 3281/3459
f 3533/3460 3608/3461 3723/3462
f 3376/3463 3513/3333 3516/3331
f 3466/3336 3572/3464 3260/3465
f 3468/3339 3526/3466 3261/3467
f 3470/3342 3525/3468 3262/3382
f 3472/3345 3528/3469 3263/3394
f 3614/3470 3615/3471 3722/3472
f 3280/3377 3600/3411 3538/3432
f 3274/3473 3343/3474 3271/3368
f 3254/3340 3473/3475 3496/3476
f 3745/3477 3380/3478 3439/3479
f 3386/3430 3463/3480 3526/3466
f 3272/3481 3346/3482 3264/3483
f 3478/3484 3387/3485 3335/3486
f 3479/3353 3531/3487 3264/3483
f 3411/3433 3554/3488 3599/3409
f 3609/3489 3462/3344 3721/3490
f 3275/3491 3350/3436 3267/3374
f 3257/3343 3546/3452 3544/3492
f 3518/3493 3519/3494 3246/3458
f 3576/3495 3347/3352 3515/3496
f 3348/3497 3484/3437 3480/3498
f 3345/3499 3475/3500 3477/3501
f 3574/3502 3368/3302 3558/3503
f 3602/3411 3370/3504 3511/3410
f 3531/3505 3616/3506 3720/3507
f 3601/3409 3293/3508 3559/3488
f 3605/3509 3551/3510 3719/3511
f 3398/3512 3599/3409 3583/3408
f 3595/3513 3497/3312 3718/3514
f 3590/3515 3591/3516 3717/3363
f 3606/3517 3607/3518 3716/3519
f 3387/3485 3512/3520 3572/3464
f 3273/3521 3367/3522 3268/3371
f 3593/3427 3378/3523 3594/3443
f 3509/3303 3529/3524 3268/3371
f 3537/3525 3598/3526 3715/3527
f 3596/3528 3597/3529 3714/3530
f 3543/3531 3592/3532 3713/3533
f 3617/3534 3465/3338 3712/3535
f 3711/3536 3416/3537 3619/3538
f 3588/3539 3562/3419 3710/3540
f 3709/3541 3389/3542 3620/3543
f 3388/3455 3502/3544 3528/3469
f 3708/3545 3358/3546 3553/3547
f 3622/3548 3623/3549 3707/3550
f 3706/3551 3394/3552 3624/3553
f 3372/3413 3373/3378 3295/3459
f 3297/3412 3418/3376 3372/3413
f 3404/3440 3405/3439 3418/3376
f 3393/3554 3547/3555 3578/3556
f 3491/3557 3396/3558 3355/3559
f 3394/3560 3548/3561 3534/3562
f 3626/3563 3625/3364 3343/3474
f 3626/3563 3266/3564 3475/3500
f 3473/3475 3390/3365 3344/3565
f 3627/3516 3557/3566 3705/3398
f 3628/3532 3629/3397 3704/3540
f 3585/3567 3630/3515 3703/3533
f 3420/3568 3476/3569 3631/3570
f 3316/3571 3631/3570 3508/3572
f 3245/3573 3632/3360 3445/3287
f 3633/3574 3492/3575 3702/3576
f 3701/3577 3421/3578 3635/3579
f 3744/3580 3380/3478 3636/3581
f 3381/3582 3456/3583 3521/3584
f 3638/3585 3347/3352 3637/3351
f 3474/3586 3342/3587 3638/3585
f 3446/3588 3260/3589 3515/3496
f 3278/3328 3359/3329 3276/3590
f 3422/3591 3441/3592 3639/3593
f 3319/3594 3639/3593 3450/3595
f 3464/3285 3378/3348 3640/3349
f 3434/3454 3340/3596 3471/3272
f 3506/3449 3338/3597 3469/3392
f 3504/3429 3336/3598 3499/3389
f 3478/3484 3334/3599 3455/3387
f 3444/3600 3325/3322 3250/3324
f 3485/3601 3423/3602 3315/3603
f 3642/3604 3383/3605 3423/3602
f 3556/3419 3364/3606 3555/3418
f 3371/3330 3291/3350 3293/3508
f 3439/3479 3330/3607 3494/3279
f 3489/3608 3395/3609 3354/3610
f 3424/3611 3490/3612 3643/3613
f 3317/3614 3643/3613 3452/3615
f 3243/3616 3644/3315 3447/3281
f 3522/3617 3329/3618 3458/3415
f 3510/3286 3321/3309 3245/3573
f 3451/3619 3425/3620 3322/3621
f 3646/3622 3318/3623 3425/3620
f 3313/3306 3324/3624 3244/3625
f 3313/3306 3323/3305 3324/3624
f 3323/3305 3243/3616 3324/3624
f 3648/3626 3368/3302 3647/3301
f 3482/3627 3349/3628 3648/3626
f 3545/3629 3263/3630 3558/3503
f 3311/3300 3321/3309 3241/3308
f 3311/3300 3320/3299 3321/3309
f 3320/3299 3245/3573 3321/3309
f 3649/3631 3457/3632 3699/3633
f 3650/3634 3651/3635 3698/3636
f 3441/3592 3652/3637 3697/3638
f 3653/3639 3435/3640 3696/3641
f 3654/3642 3655/3643 3695/3644
f 3463/3645 3656/3646 3694/3647
f 3525/3468 3332/3512 3461/3648
f 3657/3649 3508/3572 3693/3650
f 3658/3651 3659/3652 3692/3653
f 3451/3619 3660/3654 3691/3655
f 3661/3656 3450/3595 3690/3657
f 3662/3658 3663/3659 3689/3660
f 3519/3494 3664/3661 3688/3662
f 3665/3663 3452/3615 3687/3664
f 3666/3665 3667/3666 3686/3667
f 3523/3334 3668/3668 3685/3669
f 3684/3670 3330/3607 3459/3327
f 3683/3671 3431/3672 3671/3673
f 3682/3674 3357/3675 3672/3676
f 3308/3677 3492/3575 3673/3678
f 3673/3678 3674/3679 3308/3677
f 3242/3680 3674/3679 3487/3681
f 3675/3682 3483/3347 3681/3683
f 3676/3684 3677/3685 3680/3686
f 3532/3407 3678/3687 3679/3688
f 3679/3688 3432/3689 3676/3684
f 3486/3375 3676/3684 3352/3690
f 3267/3374 3679/3688 3486/3375
f 3680/3686 3349/3628 3482/3627
f 3547/3555 3482/3627 3265/3691
f 3352/3690 3680/3686 3547/3555
f 3681/3683 3253/3346 3545/3629
f 3677/3685 3545/3629 3349/3628
f 3432/3689 3681/3683 3677/3685
f 3307/3274 3487/3681 3674/3679
f 3306/3692 3674/3679 3673/3678
f 3306/3692 3673/3678 3492/3575
f 3670/3693 3672/3676 3431/3672
f 3396/3694 3682/3674 3670/3693
f 3581/3695 3495/3696 3682/3674
f 3493/3697 3671/3673 3356/3698
f 3273/3699 3683/3671 3493/3697
f 3536/3700 3670/3693 3683/3671
f 3551/3701 3459/3327 3229/3326
f 3356/3698 3684/3670 3551/3701
f 3671/3673 3669/3702 3684/3670
f 3685/3669 3430/3703 3666/3665
f 3522/3617 3666/3665 3382/3704
f 3249/3705 3685/3669 3522/3617
f 3686/3667 3307/3706 3437/3707
f 3567/3310 3437/3707 3248/3708
f 3382/3704 3686/3667 3567/3310
f 3687/3664 3242/3709 3487/3710
f 3667/3666 3487/3710 3307/3706
f 3430/3703 3687/3664 3667/3666
f 3688/3662 3429/3711 3662/3658
f 3569/3712 3662/3658 3384/3447
f 3246/3458 3688/3662 3569/3712
f 3689/3660 3318/3623 3448/3713
f 3524/3714 3448/3713 3247/3424
f 3384/3447 3689/3660 3524/3714
f 3690/3657 3241/3308 3453/3715
f 3663/3659 3453/3715 3318/3623
f 3429/3711 3690/3657 3663/3659
f 3691/3655 3428/3716 3658/3651
f 3521/3584 3658/3651 3381/3582
f 3251/3318 3691/3655 3521/3584
f 3692/3653 3315/3603 3444/3600
f 3566/3355 3444/3600 3250/3324
f 3381/3582 3692/3653 3566/3355
f 3485/3601 3508/3572 3244/3625
f 3659/3652 3485/3601 3315/3603
f 3428/3716 3693/3650 3659/3652
f 3262/3382 3461/3648 3235/3590
f 3694/3647 3427/3717 3654/3642
f 3449/3718 3654/3642 3332/3719
f 3234/3720 3694/3647 3449/3718
f 3695/3644 3304/3721 3433/3383
f 3461/3722 3433/3383 3235/3590
f 3332/3719 3695/3644 3461/3722
f 3696/3641 3231/3723 3502/3544
f 3655/3643 3502/3544 3304/3721
f 3427/3717 3696/3641 3655/3643
f 3697/3638 3426/3724 3650/3634
f 3443/3725 3650/3634 3314/3726
f 3239/3727 3697/3638 3443/3725
f 3698/3636 3309/3728 3438/3729
f 3476/3730 3438/3729 3238/3731
f 3314/3726 3698/3636 3476/3730
f 3699/3633 3236/3732 3490/3733
f 3651/3635 3490/3733 3309/3728
f 3426/3724 3699/3633 3651/3635
f 3349/3628 3558/3503 3368/3302
f 3265/3691 3648/3626 3367/3522
f 3367/3522 3648/3626 3647/3301
f 3328/3317 3448/3713 3646/3622
f 3251/3318 3646/3622 3451/3619
f 3322/3621 3645/3307 3510/3286
f 3249/3705 3458/3415 3232/3734
f 3447/3281 3424/3611 3317/3614
f 3452/3615 3308/3735 3242/3709
f 3643/3613 3236/3736 3308/3735
f 3266/3564 3535/3737 3489/3608
f 3228/3278 3439/3479 3494/3279
f 3286/3417 3555/3418 3284/3402
f 3324/3624 3568/3280 3642/3604
f 3244/3625 3642/3604 3485/3601
f 3315/3603 3641/3335 3444/3600
f 3256/3386 3478/3484 3455/3387
f 3252/3738 3504/3429 3499/3389
f 3259/3739 3506/3449 3469/3392
f 3255/3740 3434/3454 3471/3272
f 3464/3285 3422/3591 3319/3594
f 3450/3595 3311/3741 3241/3308
f 3639/3593 3239/3727 3311/3741
f 3342/3587 3515/3496 3347/3352
f 3270/3742 3638/3585 3346/3482
f 3346/3482 3638/3585 3637/3351
f 3521/3584 3233/3743 3251/3318
f 3634/3744 3636/3581 3421/3578
f 3377/3428 3700/3745 3634/3744
f 3746/3457 3565/3746 3700/3745
f 3440/3747 3635/3579 3310/3748
f 3237/3749 3701/3577 3440/3747
f 3563/3426 3634/3744 3701/3577
f 3702/3576 3236/3750 3457/3751
f 3635/3579 3457/3751 3310/3748
f 3421/3578 3702/3576 3635/3579
f 3445/3287 3420/3568 3316/3571
f 3508/3572 3313/3752 3244/3625
f 3631/3570 3238/3753 3313/3752
f 3703/3533 3419/3754 3628/3532
f 3539/3531 3628/3532 3401/3755
f 3288/3756 3703/3533 3539/3531
f 3704/3540 3365/3463 3556/3419
f 3584/3539 3556/3419 3286/3417
f 3401/3755 3704/3540 3584/3539
f 3705/3398 3287/3757 3505/3331
f 3629/3397 3505/3331 3365/3463
f 3419/3754 3705/3398 3629/3397
f 3261/3758 3575/3391 3473/3475
f 3344/3565 3626/3563 3475/3500
f 3344/3565 3625/3364 3626/3563
f 3534/3562 3269/3759 3275/3491
f 3270/3742 3581/3760 3491/3557
f 3578/3556 3265/3691 3273/3521
f 3622/3548 3624/3553 3417/3761
f 3397/3762 3706/3551 3622/3548
f 3537/3763 3579/3764 3706/3551
f 3500/3354 3623/3549 3327/3765
f 3232/3766 3707/3550 3500/3354
f 3397/3762 3707/3550 3582/3767
f 3456/3583 3553/3547 3233/3743
f 3327/3765 3708/3545 3456/3583
f 3623/3549 3621/3768 3708/3545
f 3528/3469 3231/3723 3263/3394
f 3618/3769 3620/3543 3416/3537
f 3355/3559 3709/3541 3618/3769
f 3550/3372 3529/3524 3709/3541
f 3710/3540 3376/3463 3589/3397
f 3592/3532 3589/3397 3408/3754
f 3407/3755 3710/3540 3592/3532
f 3711/3536 3342/3587 3474/3586
f 3270/3742 3711/3536 3474/3586
f 3491/3557 3618/3769 3711/3536
f 3712/3535 3258/3337 3446/3588
f 3619/3538 3446/3588 3342/3587
f 3416/3537 3712/3535 3619/3538
f 3713/3533 3408/3754 3590/3515
f 3587/3567 3590/3515 3406/3770
f 3302/3756 3713/3533 3587/3567
f 3714/3530 3357/3771 3495/3772
f 3580/3773 3495/3772 3272/3774
f 3395/3775 3714/3530 3580/3773
f 3715/3527 3409/3776 3596/3528
f 3535/3777 3596/3528 3395/3775
f 3274/3778 3715/3527 3535/3777
f 3389/3542 3509/3303 3368/3302
f 3377/3428 3594/3443 3379/3445
f 3572/3464 3230/3779 3260/3465
f 3716/3519 3326/3448 3454/3423
f 3553/3780 3454/3423 3233/3425
f 3358/3781 3716/3519 3553/3780
f 3717/3363 3375/3782 3514/3362
f 3542/3361 3514/3362 3303/3783
f 3406/3770 3717/3363 3542/3361
f 3718/3514 3228/3311 3552/3784
f 3597/3529 3552/3784 3357/3771
f 3409/3776 3718/3514 3597/3529
f 3583/3408 3360/3330 3278/3328
f 3719/3511 3229/3785 3481/3446
f 3607/3518 3481/3446 3326/3448
f 3413/3786 3719/3511 3607/3518
f 3412/3433 3559/3488 3370/3504
f 3720/3507 3415/3787 3614/3470
f 3549/3321 3614/3470 3354/3610
f 3264/3320 3720/3507 3549/3321
f 3373/3378 3511/3410 3295/3459
f 3256/3386 3558/3503 3263/3630
f 3266/3564 3477/3501 3475/3500
f 3269/3759 3480/3498 3484/3437
f 3252/3788 3515/3496 3260/3589
f 3379/3445 3518/3493 3377/3428
f 3544/3492 3351/3453 3348/3497
f 3721/3490 3257/3343 3544/3492
f 3611/3421 3544/3492 3348/3497
f 3414/3789 3721/3490 3611/3421
f 3599/3409 3279/3508 3360/3330
f 3391/3790 3479/3353 3347/3352
f 3256/3386 3527/3396 3478/3484
f 3526/3466 3234/3290 3261/3467
f 3743/3356 3520/3791 3228/3278
f 3496/3476 3344/3565 3345/3499
f 3538/3432 3411/3433 3398/3512
f 3722/3472 3345/3499 3477/3501
f 3489/3608 3477/3501 3266/3564
f 3354/3610 3722/3472 3489/3608
f 3341/3456 3528/3469 3472/3345
f 3339/3451 3525/3468 3470/3342
f 3337/3431 3526/3466 3468/3339
f 3335/3486 3572/3464 3466/3336
f 3516/3331 3299/3332 3301/3757
f 3723/3462 3413/3786 3606/3517
f 3498/3792 3606/3517 3358/3781
f 3275/3793 3723/3462 3498/3792
f 3744/3580 3565/3746 3331/3794
f 3255/3740 3573/3384 3434/3454
f 3262/3795 3577/3271 3546/3452
f 3259/3739 3570/3289 3506/3449
f 3229/3785 3569/3712 3481/3446
f 3240/3284 3594/3443 3378/3523
f 3351/3453 3603/3405 3604/3438
f 3724/3441 3414/3789 3610/3420
f 3488/3369 3610/3420 3353/3796
f 3271/3368 3724/3441 3488/3369
f 3351/3453 3604/3438 3484/3437
f 3725/3435 3254/3340 3496/3476
f 3615/3471 3496/3476 3345/3499
f 3415/3787 3725/3435 3615/3471
f 3294/3377 3602/3411 3373/3378
f 3252/3738 3571/3404 3504/3429
f 3378/3523 3563/3426 3237/3749
f 3326/3448 3524/3714 3454/3423
f 3726/3422 3348/3497 3480/3498
f 3548/3561 3480/3498 3269/3759
f 3353/3796 3726/3422 3548/3561
f 3562/3419 3374/3606 3376/3463
f 3727/3416 3329/3618 3595/3513
f 3598/3526 3595/3513 3409/3776
f 3397/3797 3727/3416 3598/3526
f 3600/3411 3361/3504 3411/3433
f 3403/3512 3601/3409 3412/3433
f 3603/3405 3267/3374 3350/3436
f 3571/3404 3333/3798 3386/3430
f 3728/3401 3356/3799 3605/3509
f 3608/3461 3605/3509 3413/3786
f 3393/3800 3728/3401 3608/3461
f 3729/3398 3301/3757 3561/3566
f 3591/3516 3561/3566 3375/3782
f 3408/3754 3729/3398 3591/3516
f 3527/3396 3305/3801 3387/3485
f 3609/3489 3469/3392 3338/3597
f 3414/3789 3730/3393 3609/3489
f 3612/3442 3575/3391 3730/3393
f 3731/3390 3336/3598 3613/3434
f 3616/3506 3613/3434 3415/3787
f 3391/3802 3731/3390 3616/3506
f 3732/3385 3334/3599 3617/3534
f 3416/3537 3732/3385 3617/3534
f 3620/3543 3574/3502 3732/3385
f 3573/3384 3304/3721 3388/3455
f 3621/3768 3498/3381 3358/3546
f 3417/3761 3733/3379 3621/3768
f 3624/3553 3534/3803 3733/3379
f 3393/3554 3486/3375 3352/3690
f 3396/3558 3550/3372 3355/3559
f 3394/3560 3488/3369 3353/3796
f 3625/3364 3271/3368 3343/3474
f 3734/3363 3366/3782 3627/3516
f 3630/3515 3627/3516 3419/3754
f 3402/3770 3734/3363 3630/3515
f 3632/3360 3314/3804 3420/3568
f 3735/3805 3306/3692 3633/3574
f 3636/3581 3633/3574 3421/3578
f 3745/3477 3520/3791 3735/3805
f 3566/3355 3327/3765 3381/3582
f 3637/3351 3264/3483 3346/3482
f 3640/3349 3312/3806 3422/3591
f 3341/3456 3483/3347 3340/3596
f 3339/3451 3462/3344 3338/3597
f 3337/3431 3467/3341 3336/3598
f 3335/3486 3465/3338 3334/3599
f 3423/3602 3523/3334 3641/3335
f 3365/3463 3503/3333 3364/3606
f 3331/3794 3459/3327 3330/3607
f 3395/3609 3549/3321 3354/3610
f 3644/3315 3309/3807 3424/3611
f 3382/3704 3497/3312 3329/3618
f 3425/3620 3453/3715 3645/3307
f 3647/3301 3268/3371 3367/3522
f 3736/3297 3310/3808 3649/3631
f 3652/3637 3649/3631 3426/3724
f 3312/3806 3736/3297 3652/3637
f 3737/3294 3305/3809 3653/3639
f 3656/3646 3653/3639 3427/3717
f 3333/3810 3737/3294 3656/3646
f 3385/3450 3449/3291 3332/3512
f 3738/3288 3316/3571 3657/3649
f 3660/3654 3657/3649 3428/3716
f 3322/3621 3738/3288 3660/3654
f 3739/3283 3319/3594 3661/3656
f 3664/3661 3661/3656 3429/3711
f 3379/3445 3739/3283 3664/3661
f 3740/3282 3317/3614 3665/3663
f 3668/3668 3665/3663 3430/3703
f 3383/3605 3740/3282 3668/3668
f 3669/3702 3494/3279 3330/3607
f 3672/3676 3669/3702 3431/3672
f 3357/3675 3741/3277 3672/3676
f 3248/3357 3437/3276 3436/3275
f 3742/3273 3340/3596 3675/3682
f 3678/3687 3675/3682 3432/3689
f 3392/3406 3742/3273 3678/3687
f 3577/3271 3255/3740 3471/3272
f 3307/3274 3306/3692 3436/3275
f 3741/3277 3552/3811 3228/3278
f 3568/3280 3243/3616 3447/3281
f 3739/3283 3564/3444 3240/3284
f 3510/3286 3245/3573 3445/3287
f 3570/3289 3261/3467 3234/3290
f 3442/3292 3230/3812 3512/3293
f 3517/3295 3237/3813 3440/3296
f 3645/3307 3453/3715 3241/3308
f 3567/3310 3248/3708 3228/3311
f 3323/3313 3238/3814 3438/3314
f 3233/3316 3247/3424 3328/3317
f 3580/3319 3272/3756 3264/3320
f 3325/3322 3249/3705 3232/3323
f 3460/3325 3246/3458 3229/3326
f 3292/3328 3290/3590 3369/3329
f 3505/3331 3287/3757 3285/3332
f 3523/3334 3249/3705 3325/3322
f 3466/3336 3260/3465 3258/3337
f 3468/3339 3261/3467 3254/3340
f 3470/3342 3262/3382 3257/3343
f 3472/3345 3263/3394 3253/3346
f 3378/3348 3237/3813 3517/3295
f 3360/3330 3279/3508 3277/3350
f 3250/3324 3232/3766 3500/3354
f 3436/3275 3735/3805 3743/3356
f 3735/3805 3520/3791 3743/3356
f 3320/3358 3239/3815 3443/3359
f 3540/3361 3289/3783 3507/3362
f 3579/3367 3274/3473 3271/3368
f 3536/3370 3273/3521 3268/3371
f 3533/3373 3275/3491 3267/3374
f 3418/3376 3405/3439 3294/3377
f 3733/3379 3534/3803 3275/3380
f 3262/3382 3235/3590 3433/3383
f 3732/3385 3574/3502 3256/3386
f 3576/3388 3252/3738 3499/3389
f 3575/3391 3259/3739 3469/3392
f 3263/3394 3231/3723 3435/3395
f 3589/3397 3376/3463 3516/3331
f 3578/3399 3273/3816 3493/3400
f 3260/3402 3230/3817 3442/3403
f 3586/3408 3292/3328 3371/3330
f 3362/3378 3281/3459 3501/3410
f 3410/3376 3400/3440 3283/3412
f 3582/3414 3232/3734 3458/3415
f 3300/3417 3298/3402 3560/3418
f 3610/3420 3414/3789 3611/3421
f 3454/3423 3524/3714 3247/3424
f 3504/3429 3571/3404 3386/3430
f 3541/3432 3403/3512 3412/3433
f 3613/3434 3336/3598 3467/3341
f 3350/3436 3269/3759 3484/3437
f 3399/3439 3282/3818 3400/3440
f 3280/3377 3399/3439 3410/3376
f 3724/3441 3530/3366 3390/3365
f 3481/3446 3569/3712 3384/3447
f 3506/3449 3570/3289 3385/3450
f 3546/3452 3577/3271 3392/3406
f 3434/3454 3573/3384 3388/3455
f 3460/3325 3565/3746 3746/3457
f 3362/3378 3410/3376 3363/3413
f 3533/3460 3393/3800 3608/3461
f 3376/3463 3374/3606 3513/3333
f 3614/3470 3415/3787 3615/3471
f 3280/3377 3362/3378 3600/3411
f 3274/3473 3266/3564 3343/3474
f 3254/3340 3261/3758 3473/3475
f 3331/3794 3439/3479 3380/3478
f 3439/3479 3520/3791 3745/3477
f 3386/3430 3333/3798 3463/3480
f 3272/3481 3270/3742 3346/3482
f 3478/3484 3527/3396 3387/3485
f 3411/3433 3361/3504 3554/3488
f 3609/3489 3338/3597 3462/3344
f 3275/3491 3269/3759 3350/3436
f 3257/3343 3262/3795 3546/3452
f 3576/3495 3391/3790 3347/3352
f 3348/3497 3351/3453 3484/3437
f 3345/3499 3344/3565 3475/3500
f 3574/3502 3389/3542 3368/3302
f 3602/3411 3412/3433 3370/3504
f 3531/3505 3391/3802 3616/3506
f 3601/3409 3371/3330 3293/3508
f 3605/3509 3356/3799 3551/3510
f 3398/3512 3411/3433 3599/3409
f 3595/3513 3329/3618 3497/3312
f 3590/3515 3408/3754 3591/3516
f 3606/3517 3413/3786 3607/3518
f 3387/3485 3305/3801 3512/3520
f 3273/3521 3265/3691 3367/3522
f 3537/3525 3397/3797 3598/3526
f 3596/3528 3409/3776 3597/3529
f 3543/3531 3407/3755 3592/3532
f 3617/3534 3334/3599 3465/3338
f 3711/3536 3618/3769 3416/3537
f 3588/3539 3300/3417 3562/3419
f 3709/3541 3529/3524 3389/3542
f 3388/3455 3304/3721 3502/3544
f 3708/3545 3621/3768 3358/3546
f 3622/3548 3417/3761 3623/3549
f 3706/3551 3579/3764 3394/3552
f 3372/3413 3418/3376 3373/3378
f 3297/3412 3404/3440 3418/3376
f 3404/3440 3296/3818 3405/3439
f 3393/3554 3352/3690 3547/3555
f 3491/3557 3581/3760 3396/3558
f 3394/3560 3353/3796 3548/3561
f 3626/3563 3343/3474 3266/3564
f 3473/3475 3575/3391 3390/3365
f 3627/3516 3366/3782 3557/3566
f 3628/3532 3419/3754 3629/3397
f 3585/3567 3402/3770 3630/3515
f 3420/3568 3314/3804 3476/3569
f 3316/3571 3420/3568 3631/3570
f 3245/3573 3320/3358 3632/3360
f 3633/3574 3306/3692 3492/3575
f 3701/3577 3634/3744 3421/3578
f 3636/3581 3700/3745 3744/3580
f 3700/3745 3565/3746 3744/3580
f 3381/3582 3327/3765 3456/3583
f 3638/3585 3342/3587 3347/3352
f 3446/3588 3258/3337 3260/3589
f 3278/3328 3360/3330 3359/3329
f 3422/3591 3312/3806 3441/3592
f 3319/3594 3422/3591 3639/3593
f 3464/3285 3240/3284 3378/3348
f 3434/3454 3341/3456 3340/3596
f 3506/3449 3339/3451 3338/3597
f 3504/3429 3337/3431 3336/3598
f 3478/3484 3335/3486 3334/3599
f 3444/3600 3641/3335 3325/3322
f 3485/3601 3642/3604 3423/3602
f 3642/3604 3568/3280 3383/3605
f 3556/3419 3365/3463 3364/3606
f 3371/3330 3369/3329 3291/3350
f 3439/3479 3331/3794 3330/3607
f 3489/3608 3535/3737 3395/3609
f 3424/3611 3309/3807 3490/3612
f 3317/3614 3424/3611 3643/3613
f 3243/3616 3323/3313 3644/3315
f 3522/3617 3382/3704 3329/3618
f 3510/3286 3645/3307 3321/3309
f 3451/3619 3646/3622 3425/3620
f 3646/3622 3448/3713 3318/3623
f 3648/3626 3349/3628 3368/3302
f 3545/3629 3253/3346 3263/3630
f 3649/3631 3310/3808 3457/3632
f 3650/3634 3426/3724 3651/3635
f 3441/3592 3312/3806 3652/3637
f 3653/3639 3305/3809 3435/3640
f 3654/3642 3427/3717 3655/3643
f 3463/3645 3333/3810 3656/3646
f 3525/3468 3385/3450 3332/3512
f 3657/3649 3316/3571 3508/3572
f 3658/3651 3428/3716 3659/3652
f 3451/3619 3322/3621 3660/3654
f 3661/3656 3319/3594 3450/3595
f 3662/3658 3429/3711 3663/3659
f 3519/3494 3379/3445 3664/3661
f 3665/3663 3317/3614 3452/3615
f 3666/3665 3430/3703 3667/3666
f 3523/3334 3383/3605 3668/3668
f 3684/3670 3669/3702 3330/3607
f 3683/3671 3670/3693 3431/3672
f 3682/3674 3495/3696 3357/3675
f 3308/3677 3236/3750 3492/3575
f 3242/3680 3308/3677 3674/3679
f 3675/3682 3340/3596 3483/3347
f 3676/3684 3432/3689 3677/3685
f 3532/3407 3392/3406 3678/3687
f 3679/3688 3678/3687 3432/3689
f 3486/3375 3679/3688 3676/3684
f 3267/3374 3532/3407 3679/3688
f 3680/3686 3677/3685 3349/3628
f 3547/3555 3680/3686 3482/3627
f 3352/3690 3676/3684 3680/3686
f 3681/3683 3483/3347 3253/3346
f 3677/3685 3681/3683 3545/3629
f 3432/3689 3675/3682 3681/3683
f 3306/3692 3307/3274 3674/3679
f 3670/3693 3682/3674 3672/3676
f 3396/3694 3581/3695 3682/3674
f 3581/3695 3272/3819 3495/3696
f 3493/3697 3683/3671 3671/3673
f 3273/3699 3536/3700 3683/3671
f 3536/3700 3396/3694 3670/3693
f 3551/3701 3684/3670 3459/3327
f 3356/3698 3671/3673 3684/3670
f 3671/3673 3431/3672 3669/3702
f 3685/3669 3668/3668 3430/3703
f 3522/3617 3685/3669 3666/3665
f 3249/3705 3523/3334 3685/3669
f 3686/3667 3667/3666 3307/3706
f 3567/3310 3686/3667 3437/3707
f 3382/3704 3666/3665 3686/3667
f 3687/3664 3452/3615 3242/3709
f 3667/3666 3687/3664 3487/3710
f 3430/3703 3665/3663 3687/3664
f 3688/3662 3664/3661 3429/3711
f 3569/3712 3688/3662 3662/3658
f 3246/3458 3519/3494 3688/3662
f 3689/3660 3663/3659 3318/3623
f 3524/3714 3689/3660 3448/3713
f 3384/3447 3662/3658 3689/3660
f 3690/3657 3450/3595 3241/3308
f 3663/3659 3690/3657 3453/3715
f 3429/3711 3661/3656 3690/3657
f 3691/3655 3660/3654 3428/3716
f 3521/3584 3691/3655 3658/3651
f 3251/3318 3451/3619 3691/3655
f 3692/3653 3659/3652 3315/3603
f 3566/3355 3692/3653 3444/3600
f 3381/3582 3658/3651 3692/3653
f 3485/3601 3693/3650 3508/3572
f 3659/3652 3693/3650 3485/3601
f 3428/3716 3657/3649 3693/3650
f 3262/3382 3525/3468 3461/3648
f 3694/3647 3656/3646 3427/3717
f 3449/3718 3694/3647 3654/3642
f 3234/3720 3463/3645 3694/3647
f 3695/3644 3655/3643 3304/3721
f 3461/3722 3695/3644 3433/3383
f 3332/3719 3654/3642 3695/3644
f 3696/3641 3435/3640 3231/3723
f 3655/3643 3696/3641 3502/3544
f 3427/3717 3653/3639 3696/3641
f 3697/3638 3652/3637 3426/3724
f 3443/3725 3697/3638 3650/3634
f 3239/3727 3441/3592 3697/3638
f 3698/3636 3651/3635 3309/3728
f 3476/3730 3698/3636 3438/3729
f 3314/3726 3650/3634 3698/3636
f 3699/3633 3457/3632 3236/3732
f 3651/3635 3699/3633 3490/3733
f 3426/3724 3649/3631 3699/3633
f 3349/3628 3545/3629 3558/3503
f 3265/3691 3482/3627 3648/3626
f 3328/3317 3247/3424 3448/3713
f 3251/3318 3328/3317 3646/3622
f 3322/3621 3425/3620 3645/3307
f 3249/3705 3522/3617 3458/3415
f 3447/3281 3644/3315 3424/3611
f 3452/3615 3643/3613 3308/3735
f 3643/3613 3490/3612 3236/3736
f 3266/3564 3274/3473 3535/3737
f 3286/3417 3556/3419 3555/3418
f 3324/3624 3243/3616 3568/3280
f 3244/3625 3324/3624 3642/3604
f 3315/3603 3423/3602 3641/3335
f 3464/3285 3640/3349 3422/3591
f 3450/3595 3639/3593 3311/3741
f 3639/3593 3441/3592 3239/3727
f 3342/3587 3446/3588 3515/3496
f 3270/3742 3474/3586 3638/3585
f 3521/3584 3456/3583 3233/3743
f 3634/3744 3700/3745 3636/3581
f 3377/3428 3518/3493 3700/3745
f 3700/3745 3518/3493 3746/3457
f 3518/3493 3246/3458 3746/3457
f 3440/3747 3701/3577 3635/3579
f 3237/3749 3563/3426 3701/3577
f 3563/3426 3377/3428 3634/3744
f 3702/3576 3492/3575 3236/3750
f 3635/3579 3702/3576 3457/3751
f 3421/3578 3633/3574 3702/3576
f 3445/3287 3632/3360 3420/3568
f 3508/3572 3631/3570 3313/3752
f 3631/3570 3476/3569 3238/3753
f 3703/3533 3630/3515 3419/3754
f 3539/3531 3703/3533 3628/3532
f 3288/3756 3585/3567 3703/3533
f 3704/3540 3629/3397 3365/3463
f 3584/3539 3704/3540 3556/3419
f 3401/3755 3628/3532 3704/3540
f 3705/3398 3557/3566 3287/3757
f 3629/3397 3705/3398 3505/3331
f 3419/3754 3627/3516 3705/3398
f 3261/3758 3259/3739 3575/3391
f 3344/3565 3390/3365 3625/3364
f 3534/3562 3548/3561 3269/3759
f 3270/3742 3272/3481 3581/3760
f 3578/3556 3547/3555 3265/3691
f 3622/3548 3706/3551 3624/3553
f 3397/3762 3537/3763 3706/3551
f 3537/3763 3274/3820 3579/3764
f 3500/3354 3707/3550 3623/3549
f 3232/3766 3582/3767 3707/3550
f 3397/3762 3622/3548 3707/3550
f 3456/3583 3708/3545 3553/3547
f 3327/3765 3623/3549 3708/3545
f 3623/3549 3417/3761 3621/3768
f 3528/3469 3502/3544 3231/3723
f 3618/3769 3709/3541 3620/3543
f 3355/3559 3550/3372 3709/3541
f 3550/3372 3268/3371 3529/3524
f 3710/3540 3562/3419 3376/3463
f 3592/3532 3710/3540 3589/3397
f 3407/3755 3588/3539 3710/3540
f 3711/3536 3619/3538 3342/3587
f 3270/3742 3491/3557 3711/3536
f 3491/3557 3355/3559 3618/3769
f 3712/3535 3465/3338 3258/3337
f 3619/3538 3712/3535 3446/3588
f 3416/3537 3617/3534 3712/3535
f 3713/3533 3592/3532 3408/3754
f 3587/3567 3713/3533 3590/3515
f 3302/3756 3543/3531 3713/3533
f 3714/3530 3597/3529 3357/3771
f 3580/3773 3714/3530 3495/3772
f 3395/3775 3596/3528 3714/3530
f 3715/3527 3598/3526 3409/3776
f 3535/3777 3715/3527 3596/3528
f 3274/3778 3537/3525 3715/3527
f 3389/3542 3529/3524 3509/3303
f 3377/3428 3593/3427 3594/3443
f 3572/3464 3512/3520 3230/3779
f 3716/3519 3607/3518 3326/3448
f 3553/3780 3716/3519 3454/3423
f 3358/3781 3606/3517 3716/3519
f 3717/3363 3591/3516 3375/3782
f 3542/3361 3717/3363 3514/3362
f 3406/3770 3590/3515 3717/3363
f 3718/3514 3497/3312 3228/3311
f 3597/3529 3718/3514 3552/3784
f 3409/3776 3595/3513 3718/3514
f 3583/3408 3599/3409 3360/3330
f 3719/3511 3551/3510 3229/3785
f 3607/3518 3719/3511 3481/3446
f 3413/3786 3605/3509 3719/3511
f 3412/3433 3601/3409 3559/3488
f 3720/3507 3616/3506 3415/3787
f 3549/3321 3720/3507 3614/3470
f 3264/3320 3531/3505 3720/3507
f 3373/3378 3602/3411 3511/3410
f 3256/3386 3574/3502 3558/3503
f 3252/3788 3576/3495 3515/3496
f 3379/3445 3519/3494 3518/3493
f 3544/3492 3546/3452 3351/3453
f 3721/3490 3462/3344 3257/3343
f 3611/3421 3721/3490 3544/3492
f 3414/3789 3609/3489 3721/3490
f 3599/3409 3554/3488 3279/3508
f 3391/3790 3531/3487 3479/3353
f 3256/3386 3263/3394 3527/3396
f 3526/3466 3463/3480 3234/3290
f 3439/3479 3228/3278 3520/3791
f 3228/3278 3248/3357 3743/3356
f 3496/3476 3473/3475 3344/3565
f 3538/3432 3600/3411 3411/3433
f 3722/3472 3615/3471 3345/3499
f 3489/3608 3722/3472 3477/3501
f 3354/3610 3614/3470 3722/3472
f 3341/3456 3388/3455 3528/3469
f 3339/3451 3385/3450 3525/3468
f 3337/3431 3386/3430 3526/3466
f 3335/3486 3387/3485 3572/3464
f 3516/3331 3513/3333 3299/3332
f 3723/3462 3608/3461 3413/3786
f 3498/3792 3723/3462 3606/3517
f 3275/3793 3533/3460 3723/3462
f 3460/3325 3331/3794 3565/3746
f 3331/3794 3380/3478 3744/3580
f 3255/3740 3262/3382 3573/3384
f 3262/3795 3255/3740 3577/3271
f 3259/3739 3261/3467 3570/3289
f 3229/3785 3246/3458 3569/3712
f 3240/3284 3564/3444 3594/3443
f 3351/3453 3392/3406 3603/3405
f 3724/3441 3612/3442 3414/3789
f 3488/3369 3724/3441 3610/3420
f 3271/3368 3530/3366 3724/3441
f 3725/3435 3467/3341 3254/3340
f 3615/3471 3725/3435 3496/3476
f 3415/3787 3613/3434 3725/3435
f 3294/3377 3541/3432 3602/3411
f 3252/3738 3260/3402 3571/3404
f 3378/3523 3593/3427 3563/3426
f 3326/3448 3384/3447 3524/3714
f 3726/3422 3611/3421 3348/3497
f 3548/3561 3726/3422 3480/3498
f 3353/3796 3610/3420 3726/3422
f 3562/3419 3560/3418 3374/3606
f 3727/3416 3458/3415 3329/3618
f 3598/3526 3727/3416 3595/3513
f 3397/3797 3582/3414 3727/3416
f 3600/3411 3501/3410 3361/3504
f 3403/3512 3586/3408 3601/3409
f 3603/3405 3532/3407 3267/3374
f 3571/3404 3442/3403 3333/3798
f 3728/3401 3493/3400 3356/3799
f 3608/3461 3728/3401 3605/3509
f 3393/3800 3578/3399 3728/3401
f 3729/3398 3516/3331 3301/3757
f 3591/3516 3729/3398 3561/3566
f 3408/3754 3589/3397 3729/3398
f 3527/3396 3435/3395 3305/3801
f 3609/3489 3730/3393 3469/3392
f 3414/3789 3612/3442 3730/3393
f 3612/3442 3390/3365 3575/3391
f 3731/3390 3499/3389 3336/3598
f 3616/3506 3731/3390 3613/3434
f 3391/3802 3576/3388 3731/3390
f 3732/3385 3455/3387 3334/3599
f 3416/3537 3620/3543 3732/3385
f 3620/3543 3389/3542 3574/3502
f 3573/3384 3433/3383 3304/3721
f 3621/3768 3733/3379 3498/3381
f 3417/3761 3624/3553 3733/3379
f 3624/3553 3394/3552 3534/3803
f 3393/3554 3533/3373 3486/3375
f 3396/3558 3536/3370 3550/3372
f 3394/3560 3579/3367 3488/3369
f 3625/3364 3530/3366 3271/3368
f 3734/3363 3507/3362 3366/3782
f 3630/3515 3734/3363 3627/3516
f 3402/3770 3540/3361 3734/3363
f 3632/3360 3443/3359 3314/3804
f 3735/3805 3436/3275 3306/3692
f 3636/3581 3735/3805 3633/3574
f 3735/3805 3636/3581 3745/3477
f 3636/3581 3380/3478 3745/3477
f 3566/3355 3500/3354 3327/3765
f 3637/3351 3479/3353 3264/3483
f 3640/3349 3517/3295 3312/3806
f 3341/3456 3472/3345 3483/3347
f 3339/3451 3470/3342 3462/3344
f 3337/3431 3468/3339 3467/3341
f 3335/3486 3466/3336 3465/3338
f 3423/3602 3383/3605 3523/3334
f 3365/3463 3505/3331 3503/3333
f 3331/3794 3460/3325 3459/3327
f 3395/3609 3580/3319 3549/3321
f 3644/3315 3438/3314 3309/3807
f 3382/3704 3567/3310 3497/3312
f 3425/3620 3318/3623 3453/3715
f 3647/3301 3509/3303 3268/3371
f 3736/3297 3440/3296 3310/3808
f 3652/3637 3736/3297 3649/3631
f 3312/3806 3517/3295 3736/3297
f 3737/3294 3512/3293 3305/3809
f 3656/3646 3737/3294 3653/3639
f 3333/3810 3442/3292 3737/3294
f 3385/3450 3570/3289 3449/3291
f 3738/3288 3445/3287 3316/3571
f 3660/3654 3738/3288 3657/3649
f 3322/3621 3510/3286 3738/3288
f 3739/3283 3464/3285 3319/3594
f 3664/3661 3739/3283 3661/3656
f 3379/3445 3564/3444 3739/3283
f 3740/3282 3447/3281 3317/3614
f 3668/3668 3740/3282 3665/3663
f 3383/3605 3568/3280 3740/3282
f 3669/3702 3741/3277 3494/3279
f 3672/3676 3741/3277 3669/3702
f 3357/3675 3552/3811 3741/3277
f 3742/3273 3471/3272 3340/3596
f 3678/3687 3742/3273 3675/3682
f 3392/3406 3577/3271 3742/3273
o RightBoot
v -4.166 18 2.166
v -4.166 18 -2.166
v 0.166 18 -2.166
v 0.166 18 2.166
v 0.7075 18 -1.6245
v 0.7075 18 2.7075
v -4.7075 18 -1.6245
v -4.7075 18 2.7075
v -3.6245 18 -2.7075
v -0.3755 18 -2.7075
v 0.7075 20.166 -1.6245
v -4.7075 20.166 -1.6245
v -3.6245 20.166 -2.7075
v -0.3755 20.166 -2.7075
v 0.7075 22.332 -2.7075
v -4.7075 22.332 -2.7075
v -3.6245 22.332 -3.7905
v -0.3755 22.332 -3.7905
v 0.7075 24.498 -2.7075
v 0.7075 24.498 2.7075
v -4.7075 24.498 -2.7075
v -4.7075 24.498 2.7075
v -3.6245 24.498 -3.7905
v -0.3755 24.498 -3.7905
v -4.166 20.166 -2.166
v -3.8952 19.083 -2.4368
v -3.6245 19.083 -2.7075
v -2 18 -2.7075
v 0.7075 23.415 -0
v 0.7075 23.415 -2.7075
v 0.7075 24.498 -0
v -2 18 2.7075
v -4.7075 21.249 2.7075
v 0.7075 19.083 -1.6245
v -4.7075 22.332 0.5415
v -4.7075 23.415 -0
v -4.7075 21.249 -2.166
v -3.6245 21.249 -3.249
v -2 20.166 -2.7075
v 0.166 20.166 -2.166
v 0.7075 21.249 -2.166
v 0.166 22.332 -3.249
v -4.7075 23.415 -2.7075
v -4.166 22.332 -3.249
v -3.6245 23.415 -3.7905
v -2 22.332 -3.7905
v -4.7075 24.498 -0
v -2 24.498 2.7075
v -2.2708 18 2.4367
v 0.4368 18 0.2707
v 0.7075 18 0.5415
v -4.7075 18 0.5415
v -4.4367 18 0.2707
v -1.7292 18 -2.4368
v -4.7075 19.083 -1.6245
v -0.3755 19.083 -2.7075
v 0.7075 22.332 0.5415
v 0.7075 21.249 2.7075
v 0.7075 19.083 0.5415
v -0.1047 19.083 -2.4368
v -4.7075 19.083 0.5415
v -0.3755 21.249 -3.249
v -0.3755 23.415 -3.7905
v 0.166 24.498 -3.249
v -4.166 24.498 -3.249
v -2 24.498 -3.7905
v -2 24.498 -2.7075
v -2.5415 24.498 -3.249
v -2 18 2.166
v 0.166 18 -0
v -4.166 18 -0
v -2 18 -2.166
v -2 24.498 -0
v -2 21.249 -3.249
v 0.166 23.415 -3.249
v -4.166 23.415 -3.249
v -2 21.249 2.7075
v 0.166 21.249 -2.7075
v -2 19.083 -2.7075
v -2 23.415 -3.7905
v -4.166 21.249 -2.7075
v -0.6462 18 2.7075
v -1.1878 18 -2.7075
v 0.7075 23.9565 1.3537
v 0.7075 24.498 1.3537
v -3.3537 18 2.7075
v -4.7075 19.6245 2.7075
v -4.7075 22.8735 2.7075
v -2.8123 18 -2.7075
v -4.7075 23.415 1.6245
v -4.7075 23.9565 1.3537
v -1.1878 20.166 -2.7075
v 0.7075 22.8735 -1.3538
v 0.7075 24.498 -1.3538
v -1.1878 22.332 -3.7905
v -4.7075 21.249 -0.5415
v -4.7075 24.498 1.3537
v -3.3537 24.498 2.7075
v -3.4891 18 2.5721
v 0.5721 18 -0.6769
v 0.7075 18 1.6245
v -4.7075 18 1.6245
v -4.5721 18 -0.6769
v -2.6769 18 -2.5721
v 0.7075 23.415 1.6245
v 0.7075 22.8735 2.7075
v 0.7075 19.6245 -0.5415
v -4.7075 19.6245 -0.5415
v -1.1878 24.498 -3.7905
v -3.3537 24.498 -2.7075
v -1.4585 24.498 -3.5198
v -0.917 18 2.166
v 0.166 18 1.083
v -4.166 18 -1.083
v -0.917 18 -2.166
v -4.7075 22.8735 -1.3538
v -2.8123 20.166 -2.7075
v -2.8123 22.332 -3.7905
v -4.7075 24.498 -1.3538
v -0.6462 24.498 2.7075
v -1.0524 18 2.3014
v 0.3014 18 1.2184
v 0.7075 18 -0.5415
v -4.7075 18 -0.5415
v -4.3014 18 1.2184
v -0.7816 18 -2.3014
v 0.7075 21.249 -0.5415
v 0.7075 19.6245 2.7075
v 0.7075 18.5415 1.6245
v -4.7075 18.5415 1.6245
v -2.8123 24.498 -3.7905
v -0.6462 24.498 -2.7075
v -3.6245 24.498 -2.9783
v -3.083 18 2.166
v 0.166 18 -1.083
v -4.166 18 1.083
v -3.083 18 -2.166
v -3.3537 24.498 -0
v -0.6462 24.498 -0
v -2 24.498 1.3537
v -2 24.498 -1.3538
v -3.3537 24.498 -3.249
v -3.083 24.498 -3.5198
v -0.917 24.498 -2.9783
v -1.1878 24.498 -3.249
v -4.7075 23.415 -1.3538
v -4.7075 23.9565 -1.3538
v -4.7075 20.7075 0.5415
v -4.7075 20.166 1.6245
v -4.7075 21.7905 1.6245
v -4.7075 19.083 -0.5415
v -4.7075 18.5415 -0.5415
v 0.7075 21.7905 -0.8123
v 0.7075 22.332 -1.083
v 0.7075 19.083 -0.5415
v 0.7075 18.5415 -0.5415
v 0.7075 20.7075 0.5415
v 0.7075 21.7905 1.6245
v 0.7075 20.166 1.6245
v -2.8123 21.249 -3.249
v -1.1878 21.249 -3.249
v -3.3537 21.249 2.7075
v -0.6462 21.249 2.7075
v -2 19.6245 2.7075
v -2 22.8735 2.7075
v -4.7075 21.7905 -0.8123
v -4.7075 22.332 -1.083
v -2.8123 19.083 -2.7075
v -1.1878 19.083 -2.7075
v 0.7075 23.415 -1.3538
v 0.7075 23.9565 -1.3538
v -2.8123 23.415 -3.7905
v -1.1878 23.415 -3.7905
v -0.6462 22.8735 2.7075
v -0.6462 19.6245 2.7075
v -3.3537 19.6245 2.7075
v -3.3537 24.498 -1.3538
v -0.6462 24.498 1.3537
v -0.6462 24.498 -1.3538
v -3.3537 24.498 1.3537
v -3.3537 22.8735 2.7075
v -4.7075 20.4367 2.7075
v -4.7075 23.6857 2.7075
v -4.7075 23.9565 2.166
v -4.7075 21.7905 -0
v 0.7075 23.9565 2.166
v 0.7075 23.6857 2.7075
v 0.7075 21.7905 -0
v 0.7075 20.4367 2.7075
v -4.7075 21.5198 0.5415
v -4.7075 20.7075 2.166
v 0.7075 21.7905 -1.6245
v 0.7075 19.8953 0.5415
v 0.7075 20.7075 2.166
v -2 18.8122 2.7075
v -2 22.0612 2.7075
v -4.7075 22.8735 -0.5415
v -4.7075 18.8122 2.7075
v -4.7075 22.0612 2.7075
v -4.7075 22.8735 1.083
v -4.7075 20.7075 -1.083
v 0.7075 22.8735 1.083
v 0.7075 22.0612 2.7075
v 0.7075 20.7075 -1.083
v 0.7075 18.8122 2.7075
v -4.7075 19.8953 0.5415
v -4.7075 19.6245 1.083
v 0.7075 22.8735 -0.5415
v 0.7075 21.5198 0.5415
v 0.7075 19.6245 1.083
v -2 20.4367 2.7075
v -2 23.6857 2.7075
v -4.7075 21.7905 -1.6245
v -0.6462 22.0612 2.7075
v -0.6462 23.6857 2.7075
v -0.6462 18.8122 2.7075
v -0.6462 20.4367 2.7075
v -3.3537 18.8122 2.7075
v -3.3537 20.4367 2.7075
v 0.7075 19.3538 1.6245
v 0.7075 19.083 2.166
v 0.7075 21.249 1.083
v 0.7075 20.9783 1.6245
v 0.7075 20.4367 -0.5415
v 0.7075 20.166 -0
v -4.7075 22.6028 1.6245
v -4.7075 22.332 2.166
v -4.7075 21.249 1.083
v -4.7075 20.9783 1.6245
v -4.7075 20.4367 -0.5415
v -4.7075 20.166 -0
v -4.7075 19.3538 1.6245
v -4.7075 19.083 2.166
v 0.7075 22.6028 1.6245
v 0.7075 22.332 2.166
v -3.3537 22.0612 2.7075
v -3.3537 23.6857 2.7075
vt 0.475 0.3913
vt 0.45 0.4348
vt 0.475 0.4348
vt 0.3 0.3043
vt 0.3375 0.3478
vt 0.3375 0.3043
vt 0.1875 0.3261
vt 0.1875 0.3043
vt 0.125 0.3043
vt 0.3 0.4783
vt 0.3375 0.5217
vt 0.3375 0.4783
vt 0.5 0.4783
vt 0.5 0.4348
vt 0.625 0.3043
vt 0.65 0.3478
vt 0.675 0.3261
vt 0.275 0.3913
vt 0.25 0.3478
vt 0.25 0.3913
vt 0.8125 0.2609
vt 0.75 0.2935
vt 0.8125 0.2935
vt 0.4375 0.1087
vt 0.5 0.0543
vt 0.4375 0.0543
vt 0.45 0.3043
vt 0.475 0.3478
vt 0.475 0.3043
vt 0.3 0.4348
vt 0.275 0.4348
vt 0.2875 0.4783
vt 0.275 0.3043
vt 0.25 0.2609
vt 0.25 0.3043
vt 0.3 0.3913
vt 0.3375 0.4348
vt 0.3375 0.3913
vt 0.975 0.5435
vt 0.9375 0.5217
vt 0.9187 0.538
vt 0.1562 0.5272
vt 0.2 0.5217
vt 0.15 0.5217
vt 0.725 0.5435
vt 0.7 0.5217
vt 0.6813 0.538
vt 0.4062 0.5272
vt 0.45 0.5217
vt 0.4125 0.5217
vt 0.45 0.4783
vt 0.4625 0.4783
vt 0.325 0.5435
vt 0.3625 0.5326
vt 0.3187 0.538
vt 0.4375 0.2391
vt 0.425 0.25
vt 0.475 0.2391
vt 0 0.2935
vt 0.05 0.3043
vt 0.025 0.2826
vt 0.1 0.5217
vt 0.05 0.5
vt 0.05 0.5217
vt 0.1625 0.3696
vt 0.125 0.3696
vt 0.15 0.3913
vt 0.45 0.2609
vt 0.4125 0.2609
vt 0.5938 0.5272
vt 0.625 0.5435
vt 0.6375 0.5326
vt 0.6 0.5217
vt 0.65 0.5217
vt 0.6 0.5
vt 0.75 0.4891
vt 0.75 0.4565
vt 0.725 0.4783
vt 0.625 0.2609
vt 0.6875 0.2826
vt 0.6875 0.2609
vt 0.3125 0.2174
vt 0.375 0.163
vt 0.3125 0.163
vt 0.4375 0.2174
vt 0.45 0.2283
vt 0.5 0.2174
vt 0.3125 0.1087
vt 0.375 0.0543
vt 0.3125 0.0543
vt 0.825 0.5435
vt 0.8625 0.5326
vt 0.8063 0.5272
vt 0.075 0.5435
vt 0.1125 0.5326
vt 0.0688 0.538
vt 0.325 0.2283
vt 0.275 0.2391
vt 0.3375 0.2391
vt 0.375 0.2174
vt 0.375 0.2609
vt 0.35 0.25
vt 0.3375 0.2609
vt 0.925 0.5435
vt 0.175 0.5435
vt 0.675 0.5435
vt 0.425 0.5435
vt 0.5 0.163
vt 0.4375 0.163
vt 0.4 0.2391
vt 0.5 0.3043
vt 0.5625 0.3261
vt 0.5625 0.3043
vt 0.5625 0.2826
vt 0.5 0.2609
vt 0.5625 0.2609
vt 0.65 0.4457
vt 0.65 0.413
vt 0.625 0.4348
vt 0.7 0.4348
vt 0.675 0.4565
vt 0.75 0.3587
vt 0.75 0.3261
vt 0.725 0.3478
vt 0.6 0.4783
vt 0.65 0.4783
vt 0.6 0.4565
vt 0.75 0.5217
vt 0.7 0.5
vt 0.3 0.5217
vt 0.275 0.5217
vt 0.0625 0.2826
vt 0.2 0.3696
vt 0.175 0.3478
vt 0.15 0.3261
vt 0.2 0.4783
vt 0.15 0.4565
vt 0.15 0.4783
vt 0.15 0.5
vt 0.1 0.3804
vt 0.075 0.3913
vt 0.1 0.413
vt 0 0.4239
vt 0.05 0.4348
vt 0.025 0.413
vt 0.8125 0.5217
vt 0.375 0.3913
vt 0.4125 0.4348
vt 0.4125 0.3913
vt 0.375 0.3478
vt 0.4125 0.3478
vt 0.3 0.3478
vt 0.275 0.3478
vt 0.3 0.2609
vt 0.25 0.4783
vt 0.25 0.4348
vt 0.25 0.5217
vt 0.5 0.3478
vt 0.475 0.2609
vt 0.8125 0.3913
vt 0.75 0.4239
vt 0.8125 0.4239
vt 0.9375 0.3913
vt 0.875 0.4239
vt 0.9375 0.4239
vt 0.9375 0.2609
vt 0.875 0.2935
vt 0.9375 0.2935
vt 0.525 0.3913
vt 0.55 0.4348
vt 0.575 0.413
vt 0.5875 0.3696
vt 0.55 0.3696
vt 0.475 0.5217
vt 0.375 0.4783
vt 0.4125 0.4783
vt 0.375 0.4348
vt 0.0625 0.2609
vt -0 0.2609
vt 0.1875 0.2826
vt 0.1875 0.2609
vt 0.125 0.2609
vt 0.375 0.3043
vt 0.4125 0.3043
vt 0.5 0.3913
vt 0.45 0.3913
vt 0.45 0.3478
vt 0.6 0.3261
vt 0.575 0.3478
vt 0.625 0.3696
vt 0.9375 0.3261
vt 0.875 0.3587
vt 0.9375 0.3587
vt 1 0.3261
vt 1 0.3587
vt 1 0.2609
vt 1 0.2935
vt 0.9375 0.4565
vt 0.875 0.4891
vt 0.9375 0.4891
vt 1 0.4565
vt 1 0.4891
vt 1 0.3913
vt 1 0.4239
vt 0.8125 0.4565
vt 0.8125 0.4891
vt 0.875 0.4565
vt 0.875 0.3913
vt 0.025 0.5435
vt 0 0.5217
vt 0.55 0.5217
vt 0.275 0.5435
vt 0.05 0.4674
vt 0.1 0.4783
vt 0.075 0.4565
vt 0.025 0.4783
vt 0 0.4891
vt 0.1 0.4457
vt 0.05 0.3696
vt 0.05 0.4022
vt 0.15 0.4239
vt 0.2 0.4348
vt 0.175 0.413
vt 0.125 0.4348
vt 0.075 0.3261
vt 0.55 0.4783
vt 0.7 0.337
vt 0.7 0.3043
vt 0.75 0.2609
vt 0.725 0.2826
vt 0.7 0.3696
vt 0.65 0.3804
vt 0.675 0.3913
vt 0.7 0.4022
vt 0.75 0.3913
vt 0.725 0.413
vt 0.6 0.4239
vt 0.6 0.3913
vt 0.5 0.1087
vt 0.375 0.1087
vt 0.375 0.5435
vt 0.125 0.5435
vt 0.875 0.5435
vt 0.25 0.2174
vt 0.775 0.5435
vt 0.375 0
vt 0.3125 0
vt 0.25 0.0543
vt 0.25 -0
vt 0.25 0.1087
vt 0.25 0.163
vt 0.7 0.4674
vt 0.575 0.5435
vt 0.05 0.337
vt 0.1 0.3478
vt 0.025 0.3478
vt 0 0.3587
vt 0.375 0.5217
vt 0.875 0.5217
vt 0.5 0
vt 0.4375 0
vt 0.8125 0.3261
vt 0.8125 0.3587
vt 0.875 0.3261
vt 0.875 0.2609
vt 0 0.3261
vt 0 0.3913
vt 0 0.4565
vt 1 0.5217
vt 0.275 0.2609
vt 0.225 0.5435
vt 0.475 0.5435
vt 0.225 0.3913
vt 0.5 0.5217
vt 0.525 0.5435
s 1
f 3827/3821 3759/3822 3771/3823
f 3809/3824 3841/3825 3919/3826
f 3839/3827 3916/3828 3775/3829
f 3802/3830 3829/3831 3915/3832
f 3771/3823 3801/3833 3758/3834
f 3782/3835 3781/3836 3946/3837
f 3824/3838 3761/3839 3787/3840
f 3844/3841 3929/3842 3983/3843
f 3884/3844 3843/3845 3926/3846
f 3791/3847 3790/3848 3822/3849
f 3760/3850 3786/3851 3806/3852
f 3821/3853 3765/3854 3776/3855
f 3808/3856 3838/3857 3907/3858
f 3750/3859 3828/3860 3867/3861
f 3846/3862 3751/3863 3869/3864
f 3747/3865 3848/3866 3871/3867
f 3850/3868 3755/3869 3835/3870
f 3773/3871 3772/3872 3759/3822
f 3861/3873 3800/3874 3872/3875
f 3888/3876 3889/3877 3811/3878
f 3933/3879 3851/3880 3932/3881
f 3797/3882 3875/3883 3847/3884
f 3899/3885 3934/3886 3873/3887
f 3769/3888 3889/3877 3877/3889
f 3802/3830 3760/3850 3806/3852
f 3849/3890 3817/3891 3799/3892
f 3870/3893 3798/3894 3898/3895
f 3944/3896 3833/3897 3979/3898
f 3793/3899 3837/3900 3843/3901
f 3878/3902 3887/3903 3925/3904
f 3856/3905 3879/3906 3767/3907
f 3885/3908 3886/3909 3924/3910
f 3880/3911 3795/3912 3845/3913
f 3859/3914 3796/3915 3868/3916
f 3811/3878 3879/3906 3888/3876
f 3890/3917 3810/3918 3891/3919
f 3878/3902 3890/3917 3813/3920
f 3812/3921 3857/3922 3855/3923
f 3867/3861 3858/3924 3750/3859
f 3881/3925 3751/3863 3846/3862
f 3871/3867 3882/3926 3747/3865
f 3883/3927 3755/3869 3850/3868
f 3856/3905 3865/3928 3923/3929
f 3891/3919 3857/3922 3814/3930
f 3789/3931 3862/3932 3892/3933
f 3892/3933 3893/3934 3789/3931
f 3767/3935 3893/3934 3865/3936
f 3952/3937 3894/3938 3977/3939
f 3895/3940 3952/3937 3953/3941
f 3945/3942 3834/3943 3973/3944
f 3897/3945 3807/3946 3854/3947
f 3898/3895 3807/3946 3897/3945
f 3848/3866 3754/3948 3876/3949
f 3756/3950 3806/3852 3749/3951
f 3830/3952 3932/3881 3851/3880
f 3899/3885 3938/3953 3900/3954
f 3839/3827 3954/3955 3900/3954
f 3780/3956 3853/3957 3901/3958
f 3901/3958 3902/3959 3780/3956
f 3751/3863 3902/3959 3869/3864
f 3955/3960 3873/3887 3934/3886
f 3955/3960 3968/3961 3903/3962
f 3935/3963 3905/3964 3940/3965
f 3755/3869 3772/3872 3773/3871
f 3800/3874 3829/3831 3872/3875
f 3799/3892 3870/3893 3849/3890
f 3868/3916 3797/3882 3847/3884
f 3795/3912 3832/3966 3845/3913
f 3820/3967 3863/3968 3906/3969
f 3792/3970 3906/3969 3864/3971
f 3764/3972 3907/3858 3841/3825
f 3821/3853 3761/3839 3788/3973
f 3809/3824 3788/3973 3764/3972
f 3770/3974 3821/3853 3809/3824
f 3806/3852 3786/3851 3780/3975
f 3786/3851 3757/3976 3780/3975
f 3749/3951 3780/3975 3751/3977
f 3822/3849 3762/3978 3789/3931
f 3767/3935 3822/3849 3789/3931
f 3769/3888 3822/3849 3811/3979
f 3908/3980 3928/3981 3965/3982
f 3909/3983 3957/3984 3963/3985
f 3866/3986 3958/3987 3961/3988
f 3786/3851 3787/3840 3757/3976
f 3760/3850 3824/3838 3786/3851
f 3808/3856 3788/3973 3824/3838
f 3783/3989 3758/3990 3947/3991
f 3912/3992 3959/3993 3783/3989
f 3762/3978 3783/3989 3959/3993
f 3772/3872 3801/3833 3771/3823
f 3772/3872 3771/3823 3759/3822
f 3748/3994 3801/3833 3772/3872
f 3825/3995 3835/3870 3914/3996
f 3785/3997 3914/3996 3863/3968
f 3760/3850 3915/3832 3838/3857
f 3830/3952 3831/3998 3766/3999
f 3916/3828 3776/3855 3917/4000
f 3917/4000 3840/4001 3777/4002
f 3826/4003 3864/3971 3918/4004
f 3812/3921 3918/4004 3877/3889
f 3770/3974 3919/3826 3855/3923
f 3783/4005 3771/3823 3758/3834
f 3762/3978 3827/3821 3783/4005
f 3790/3848 3784/4006 3827/3821
f 3855/3923 3826/4003 3812/3921
f 3877/3889 3791/3847 3769/3888
f 3918/4004 3763/4007 3791/3847
f 3765/3854 3917/4000 3776/3855
f 3775/3829 3917/4000 3777/4002
f 3777/4002 3830/3952 3775/3829
f 3838/3857 3825/3995 3785/3997
f 3863/3968 3773/3871 3759/3822
f 3914/3996 3755/3869 3773/3871
f 3862/3932 3943/4008 3782/3835
f 3943/4008 3913/4009 3912/3992
f 3912/3992 3931/4010 3781/3836
f 3920/4011 3942/4012 3960/4013
f 3852/4014 3960/4013 3949/4015
f 3766/4016 3961/3988 3933/4017
f 3921/4018 3941/4019 3962/4020
f 3874/4021 3962/4020 3951/4022
f 3804/4023 3963/3985 3935/4024
f 3922/4025 3944/3896 3964/4026
f 3910/4027 3964/4026 3941/4019
f 3823/4028 3965/3982 3957/3984
f 3841/3825 3820/3967 3792/3970
f 3864/3971 3784/4006 3763/4007
f 3906/3969 3759/3822 3784/4006
f 3754/3948 3845/3913 3832/3966
f 3750/4029 3847/3884 3752/4030
f 3753/4031 3849/3890 3870/3893
f 3872/3875 3756/3950 3749/4032
f 3966/4033 3805/4034 3956/4035
f 3966/4033 3967/4036 3875/3883
f 3951/4037 3875/3883 3967/4036
f 3939/4038 3956/4035 3805/4034
f 3968/3961 3904/4039 3969/4040
f 3969/4040 3940/3965 3905/3964
f 3970/4041 3757/4042 3950/4043
f 3970/4041 3971/4044 3853/3957
f 3939/4038 3853/3957 3971/4044
f 3797/3882 3869/3864 3902/3959
f 3805/4034 3902/3959 3901/3958
f 3805/4034 3901/3958 3853/3957
f 3839/3827 3900/3954 3938/3953
f 3899/3885 3900/3954 3954/3955
f 3830/3952 3851/3880 3948/4045
f 3798/3894 3876/3949 3807/3946
f 3801/4046 3898/3895 3897/3945
f 3801/4046 3854/3947 3758/3990
f 3972/4047 3836/4048 3946/3837
f 3834/3943 3972/4047 3973/3944
f 3929/3842 3768/4049 3930/4050
f 3896/4051 3936/4052 3974/4053
f 3974/4053 3975/4054 3896/4051
f 3779/4055 3975/4054 3937/4056
f 3976/4057 3842/4058 3947/3991
f 3894/3938 3976/4057 3977/3939
f 3936/4052 3781/3836 3931/4010
f 3793/3899 3865/3936 3893/3934
f 3782/3835 3893/3934 3892/3933
f 3782/3835 3892/3933 3862/3932
f 3770/3974 3891/3919 3810/3918
f 3923/3929 3793/4059 3884/3844
f 3887/3903 3884/3844 3819/4060
f 3813/3920 3923/3929 3887/3903
f 3818/4061 3850/3868 3800/3874
f 3799/3892 3882/3926 3871/3867
f 3816/4062 3846/3862 3796/3915
f 3815/4063 3867/3861 3795/3912
f 3770/3974 3855/3923 3857/3922
f 3810/3918 3878/3902 3765/4064
f 3813/3920 3891/3919 3814/3930
f 3814/3930 3888/3876 3879/3906
f 3750/4029 3859/3914 3868/3916
f 3747/4065 3845/3913 3754/3948
f 3924/3910 3794/4066 3866/4067
f 3831/4068 3866/4067 3766/4069
f 3777/4070 3924/3910 3831/4068
f 3814/3930 3856/3905 3813/3920
f 3925/3904 3819/4060 3885/3908
f 3840/4071 3885/3908 3777/4070
f 3765/4064 3925/3904 3840/4071
f 3768/4049 3843/3901 3837/3900
f 3978/4072 3895/3940 3953/3941
f 3833/3897 3978/4072 3979/3898
f 3928/3981 3779/4055 3937/4056
f 3753/4031 3898/3895 3801/4046
f 3753/4031 3860/4073 3849/3890
f 3812/3921 3877/3889 3889/3877
f 3899/3885 3873/3887 3950/4043
f 3752/4030 3847/3884 3875/3883
f 3980/4074 3803/4075 3948/4045
f 3980/4074 3981/4076 3904/4039
f 3949/4077 3904/4039 3981/4076
f 3814/3930 3889/3877 3888/3876
f 3749/4032 3861/3873 3872/3875
f 3850/3868 3774/4078 3800/3874
f 3871/3867 3798/3894 3799/3892
f 3796/3915 3869/3864 3797/3882
f 3867/3861 3778/4079 3795/3912
f 3907/3858 3785/3997 3820/3967
f 3926/3846 3768/4080 3844/4081
f 3886/3909 3844/4081 3794/4066
f 3819/4060 3926/3846 3886/3909
f 3927/4082 3945/3942 3982/4083
f 3911/4084 3982/4083 3942/4012
f 3794/4085 3983/3843 3958/3987
f 3837/3900 3930/4050 3768/4049
f 3915/3832 3774/4078 3825/3995
f 3776/3855 3839/3827 3761/3839
f 3919/3826 3792/3970 3826/4003
f 3958/3987 3927/4082 3911/4084
f 3942/4012 3908/3980 3823/4028
f 3982/4083 3779/4055 3908/3980
f 3852/4086 3949/4077 3981/4076
f 3852/4086 3980/4074 3851/3880
f 3851/3880 3980/4074 3948/4045
f 3928/3981 3895/3940 3833/3897
f 3876/3949 3979/3898 3978/4072
f 3978/4072 3807/3946 3876/3949
f 3936/4052 3842/4058 3894/3938
f 3854/3947 3977/3939 3976/4057
f 3976/4057 3758/3990 3854/3947
f 3895/3940 3937/4056 3975/4054
f 3894/3938 3975/4054 3974/4053
f 3894/3938 3974/4053 3936/4052
f 3929/3842 3836/4048 3834/3943
f 3896/4051 3973/3944 3972/4047
f 3972/4047 3781/3836 3896/4051
f 3903/3962 3939/4038 3971/4044
f 3903/3962 3970/4041 3873/3887
f 3873/3887 3970/4041 3950/4043
f 3804/4087 3969/4040 3904/4039
f 3903/3962 3969/4040 3905/3964
f 3905/3964 3939/4038 3903/3962
f 3874/4088 3951/4037 3967/4036
f 3874/4088 3966/4033 3905/3964
f 3905/3964 3966/4033 3956/4035
f 3957/3984 3922/4025 3910/4027
f 3941/4019 3832/3966 3778/4079
f 3964/4026 3754/3948 3832/3966
f 3935/4024 3921/4018 3874/4021
f 3951/4022 3828/3860 3752/4089
f 3962/4020 3778/4079 3828/3860
f 3933/4017 3920/4011 3852/4014
f 3949/4015 3909/3983 3804/4023
f 3960/4013 3823/4028 3909/3983
f 3961/3988 3911/4084 3920/4011
f 3963/3985 3910/4027 3921/4018
f 3965/3982 3833/3897 3922/4025
f 3804/4087 3935/3963 3940/3965
f 3904/4039 3955/3960 3803/4075
f 3803/4075 3955/3960 3934/3886
f 3945/3942 3896/4051 3779/4055
f 3807/3946 3953/3941 3952/3937
f 3952/3937 3854/3947 3807/3946
f 3944/3896 3876/3949 3754/3948
f 3766/3999 3933/3879 3932/3881
f 3983/3843 3834/3943 3927/4082
f 3827/3821 3784/4006 3759/3822
f 3809/3824 3764/3972 3841/3825
f 3802/3830 3756/3950 3829/3831
f 3836/4048 3837/3900 3946/3837
f 3837/3900 3782/3835 3946/3837
f 3824/3838 3788/3973 3761/3839
f 3844/3841 3768/4049 3929/3842
f 3884/3844 3793/4059 3843/3845
f 3791/3847 3763/4007 3790/3848
f 3821/3853 3810/4090 3765/3854
f 3808/3856 3760/3850 3838/3857
f 3750/3859 3752/4089 3828/3860
f 3747/3865 3754/3948 3848/3866
f 3861/3873 3818/4061 3800/3874
f 3933/3879 3852/4086 3851/3880
f 3797/3882 3805/4034 3875/3883
f 3899/3885 3803/4075 3934/3886
f 3769/3888 3811/3878 3889/3877
f 3849/3890 3860/4073 3817/3891
f 3793/3899 3782/3835 3837/3900
f 3878/3902 3813/3920 3887/3903
f 3885/3908 3819/4060 3886/3909
f 3880/3911 3815/4063 3795/3912
f 3859/3914 3816/4062 3796/3915
f 3811/3878 3767/3907 3879/3906
f 3812/3921 3814/3930 3857/3922
f 3881/3925 3749/4091 3751/3863
f 3883/3927 3748/4092 3755/3869
f 3856/3905 3767/3907 3865/3928
f 3789/3931 3762/3978 3862/3932
f 3767/3935 3789/3931 3893/3934
f 3895/3940 3894/3938 3952/3937
f 3898/3895 3798/3894 3807/3946
f 3756/3950 3802/3830 3806/3852
f 3830/3952 3766/3999 3932/3881
f 3899/3885 3787/4093 3938/3953
f 3839/3827 3775/3829 3954/3955
f 3780/3956 3757/4042 3853/3957
f 3751/3863 3780/3956 3902/3959
f 3955/3960 3903/3962 3873/3887
f 3935/3963 3874/4088 3905/3964
f 3755/3869 3748/3994 3772/3872
f 3800/3874 3774/4078 3829/3831
f 3799/3892 3798/3894 3870/3893
f 3868/3916 3796/3915 3797/3882
f 3795/3912 3778/4079 3832/3966
f 3820/3967 3785/3997 3863/3968
f 3792/3970 3820/3967 3906/3969
f 3764/3972 3808/3856 3907/3858
f 3821/3853 3776/3855 3761/3839
f 3809/3824 3821/3853 3788/3973
f 3770/3974 3810/4090 3821/3853
f 3749/3951 3806/3852 3780/3975
f 3822/3849 3790/3848 3762/3978
f 3767/3935 3811/3979 3822/3849
f 3769/3888 3791/3847 3822/3849
f 3908/3980 3779/4055 3928/3981
f 3909/3983 3823/4028 3957/3984
f 3866/3986 3794/4085 3958/3987
f 3786/3851 3824/3838 3787/3840
f 3760/3850 3808/3856 3824/3838
f 3808/3856 3764/3972 3788/3973
f 3842/4058 3912/3992 3947/3991
f 3912/3992 3783/3989 3947/3991
f 3912/3992 3913/4009 3959/3993
f 3913/4009 3862/3932 3959/3993
f 3862/3932 3762/3978 3959/3993
f 3748/3994 3753/4094 3801/3833
f 3825/3995 3774/4078 3835/3870
f 3785/3997 3825/3995 3914/3996
f 3760/3850 3802/3830 3915/3832
f 3826/4003 3792/3970 3864/3971
f 3812/3921 3826/4003 3918/4004
f 3770/3974 3809/3824 3919/3826
f 3783/4005 3827/3821 3771/3823
f 3762/3978 3790/3848 3827/3821
f 3790/3848 3763/4007 3784/4006
f 3855/3923 3919/3826 3826/4003
f 3877/3889 3918/4004 3791/3847
f 3918/4004 3864/3971 3763/4007
f 3765/3854 3840/4001 3917/4000
f 3775/3829 3916/3828 3917/4000
f 3777/4002 3831/3998 3830/3952
f 3838/3857 3915/3832 3825/3995
f 3863/3968 3914/3996 3773/3871
f 3914/3996 3835/3870 3755/3869
f 3862/3932 3913/4009 3943/4008
f 3912/3992 3781/3836 3943/4008
f 3781/3836 3782/3835 3943/4008
f 3912/3992 3842/4058 3931/4010
f 3920/4011 3911/4084 3942/4012
f 3852/4014 3920/4011 3960/4013
f 3766/4016 3866/3986 3961/3988
f 3921/4018 3910/4027 3941/4019
f 3874/4021 3921/4018 3962/4020
f 3804/4023 3909/3983 3963/3985
f 3922/4025 3833/3897 3944/3896
f 3910/4027 3922/4025 3964/4026
f 3823/4028 3908/3980 3965/3982
f 3841/3825 3907/3858 3820/3967
f 3864/3971 3906/3969 3784/4006
f 3906/3969 3863/3968 3759/3822
f 3750/4029 3868/3916 3847/3884
f 3872/3875 3829/3831 3756/3950
f 3966/4033 3875/3883 3805/4034
f 3951/4037 3752/4030 3875/3883
f 3970/4041 3853/3957 3757/4042
f 3939/4038 3805/4034 3853/3957
f 3805/4034 3797/3882 3902/3959
f 3938/3953 3787/4093 3761/3839
f 3761/3839 3839/3827 3938/3953
f 3775/3829 3803/4075 3954/3955
f 3803/4075 3899/3885 3954/3955
f 3948/4045 3803/4075 3775/3829
f 3775/3829 3830/3952 3948/4045
f 3798/3894 3848/3866 3876/3949
f 3801/4046 3897/3945 3854/3947
f 3834/3943 3836/4048 3972/4047
f 3896/4051 3781/3836 3936/4052
f 3779/4055 3896/4051 3975/4054
f 3894/3938 3842/4058 3976/4057
f 3782/3835 3793/3899 3893/3934
f 3770/3974 3857/3922 3891/3919
f 3923/3929 3865/3928 3793/4059
f 3887/3903 3923/3929 3884/3844
f 3813/3920 3856/3905 3923/3929
f 3818/4061 3883/3927 3850/3868
f 3799/3892 3817/3891 3882/3926
f 3816/4062 3881/3925 3846/3862
f 3815/4063 3858/3924 3867/3861
f 3810/3918 3890/3917 3878/3902
f 3813/3920 3890/3917 3891/3919
f 3747/4065 3880/3911 3845/3913
f 3924/3910 3886/3909 3794/4066
f 3831/4068 3924/3910 3866/4067
f 3777/4070 3885/3908 3924/3910
f 3814/3930 3879/3906 3856/3905
f 3925/3904 3887/3903 3819/4060
f 3840/4071 3925/3904 3885/3908
f 3765/4064 3878/3902 3925/3904
f 3833/3897 3895/3940 3978/4072
f 3753/4031 3870/3893 3898/3895
f 3753/4031 3748/4095 3860/4073
f 3950/4043 3757/4042 3787/4093
f 3787/4093 3899/3885 3950/4043
f 3980/4074 3904/4039 3803/4075
f 3949/4077 3804/4087 3904/4039
f 3814/3930 3812/3921 3889/3877
f 3850/3868 3835/3870 3774/4078
f 3871/3867 3848/3866 3798/3894
f 3796/3915 3846/3862 3869/3864
f 3867/3861 3828/3860 3778/4079
f 3907/3858 3838/3857 3785/3997
f 3926/3846 3843/3845 3768/4080
f 3886/3909 3926/3846 3844/4081
f 3819/4060 3884/3844 3926/3846
f 3927/4082 3834/3943 3945/3942
f 3911/4084 3927/4082 3982/4083
f 3794/4085 3844/3841 3983/3843
f 3837/3900 3836/4048 3930/4050
f 3915/3832 3829/3831 3774/4078
f 3776/3855 3916/3828 3839/3827
f 3919/3826 3841/3825 3792/3970
f 3958/3987 3983/3843 3927/4082
f 3942/4012 3982/4083 3908/3980
f 3982/4083 3945/3942 3779/4055
f 3852/4086 3981/4076 3980/4074
f 3928/3981 3937/4056 3895/3940
f 3978/4072 3953/3941 3807/3946
f 3936/4052 3931/4010 3842/4058
f 3976/4057 3947/3991 3758/3990
f 3894/3938 3895/3940 3975/4054
f 3929/3842 3930/4050 3836/4048
f 3972/4047 3946/3837 3781/3836
f 3903/3962 3971/4044 3970/4041
f 3804/4087 3940/3965 3969/4040
f 3903/3962 3968/3961 3969/4040
f 3905/3964 3956/4035 3939/4038
f 3874/4088 3967/4036 3966/4033
f 3957/3984 3965/3982 3922/4025
f 3941/4019 3964/4026 3832/3966
f 3964/4026 3944/3896 3754/3948
f 3935/4024 3963/3985 3921/4018
f 3951/4022 3962/4020 3828/3860
f 3962/4020 3941/4019 3778/4079
f 3933/4017 3961/3988 3920/4011
f 3949/4015 3960/4013 3909/3983
f 3960/4013 3942/4012 3823/4028
f 3961/3988 3958/3987 3911/4084
f 3963/3985 3957/3984 3910/4027
f 3965/3982 3928/3981 3833/3897
f 3904/4039 3968/3961 3955/3960
f 3945/3942 3973/3944 3896/4051
f 3952/3937 3977/3939 3854/3947
f 3944/3896 3979/3898 3876/3949
f 3983/3843 3929/3842 3834/3943
o RightLeg
v -4.166 18 2.166
v -4.166 18 -2.166
v 0.166 18 -2.166
v 0.166 18 2.166
v 0.166 11.502 2.166
v 0.166 11.502 -2.166
v -4.166 11.502 -2.166
v -4.166 11.502 2.166
v -3.6245 17.4585 3.249
v -0.3755 17.4585 3.249
v -3.6245 12.585 3.249
v -0.3755 12.585 3.249
v -3.6245 12.0435 2.7075
v -0.3755 12.0435 2.7075
v -4.7075 15.834 2.7075
v -4.7075 15.834 -1.6245
v 0.7075 15.834 2.7075
v 0.7075 15.834 -1.6245
v 0.7075 12.0435 -1.6245
v 0.7075 12.0435 2.7075
v -4.7075 12.0435 -1.6245
v -4.7075 12.0435 2.7075
v -3.6245 12.0435 -2.7075
v -0.3755 12.0435 -2.7075
v -3.6245 15.834 -2.7075
v -0.3755 15.834 -2.7075
v -4.166 15.834 -2.166
v 0.166 15.834 -2.166
v -4.166 15.834 2.166
v 0.166 15.834 2.166
v -3.6245 18 2.7075
v -0.3755 18 2.7075
v -3.6245 17.4585 3.249
v -0.3755 17.4585 3.249
v -3.6245 12.585 3.249
v -0.3755 12.585 3.249
v -3.6245 12.0435 2.7075
v -0.3755 12.0435 2.7075
v -3.6245 18 2.7075
v -0.3755 18 2.7075
v -2 12.0435 -2.7075
v -2 12.0435 2.7075
v -4.7075 12.0435 0.5415
v -4.7075 13.9388 -1.6245
v 0.7075 12.0435 0.5415
v 0.7075 13.9387 2.7075
v 0.166 11.502 -0
v -4.7075 13.9387 2.7075
v -2 17.4585 3.249
v -0.3755 15.0217 3.249
v -2 12.585 3.249
v -4.166 12.0435 -2.166
v -4.4367 13.9388 -1.8953
v -0.3755 13.9388 -2.7075
v -2 15.834 2.7075
v -1.7292 15.834 2.4367
v -4.4367 15.834 0.2707
v -4.166 15.834 -0
v 0.166 15.834 -0
v 0.4368 15.834 0.2707
v -2.2708 15.834 -2.4368
v -2 15.834 -2.166
v -4.166 16.917 2.166
v -2 18 2.166
v -4.166 18 -0
v 0.166 16.917 2.166
v 0.166 18 -0
v 0.166 16.917 -2.166
v -2 18 -2.166
v -2 11.502 -2.166
v -0.3755 15.0217 3.249
v -2 17.4585 3.249
v -2 12.585 3.249
v -2 11.502 2.166
v -4.7075 15.834 0.5415
v 0.7075 13.9388 -1.6245
v 0.7075 15.834 0.5415
v -4.166 11.502 -0
v -3.6245 15.0217 3.249
v -2 12.0435 2.7075
v -3.6245 13.9388 -2.7075
v -2 15.834 -2.7075
v -2 15.834 2.166
v -4.166 16.917 -2.166
v -2 18 2.7075
v 0.4368 13.9388 -1.8953
v 0.166 12.0435 -2.166
v -3.6245 15.0217 3.249
v -2 12.0435 2.7075
v -2 18 2.7075
v -2 15.0217 3.249
v 0.166 16.917 -0
v -2 11.502 -0
v -2 13.9387 2.7075
v -4.166 16.917 -0
v -2 16.917 2.166
v -2 16.917 -2.166
v -2 15.0217 3.249
v -4.7075 13.9388 0.5415
v -2 13.9388 -2.7075
v 0.7075 13.9388 0.5415
v -2.8123 12.0435 -2.7075
v -1.1878 12.0435 -2.7075
v -3.3537 12.0435 2.7075
v -4.7075 14.8864 -1.6245
v -4.7075 12.0435 1.6245
v -0.5109 15.834 2.5721
v -4.7075 12.9911 -1.6245
v 0.7075 12.0435 1.6245
v -3.3537 15.834 2.7075
v 0.7075 12.9911 2.7075
v -4.7075 12.0435 -0.5415
v -0.6462 12.0435 2.7075
v 0.166 11.502 -1.083
v 0.166 15.834 -1.083
v -4.7075 12.9911 2.7075
v -1.1878 17.4585 3.249
v -4.5721 15.834 -0.6769
v -0.3755 13.8034 3.249
v -1.1878 12.585 3.249
v -4.5721 12.9911 -1.7599
v -4.3014 14.8864 -2.0306
v 0.7075 12.0435 -0.5415
v -4.166 15.834 -1.083
v -0.3755 14.8864 -2.7075
v -0.6462 15.834 2.7075
v -2.9476 15.834 2.3014
v -4.3014 15.834 1.2184
v -4.166 15.834 1.083
v 0.166 15.834 1.083
v 0.3014 15.834 1.2184
v -3.2184 15.834 -2.3014
v -0.917 15.834 -2.166
v -4.7075 14.8864 2.7075
v -0.917 18 2.166
v -4.166 18 -1.083
v -2.8123 17.4585 3.249
v -0.3755 16.2401 3.249
v 0.166 18 1.083
v 0.166 11.502 1.083
v -0.917 18 -2.166
v 0.5721 15.834 -0.6769
v -3.083 11.502 -2.166
v -0.3755 12.9911 -2.7075
v 0.7075 14.8864 2.7075
v -0.3755 13.8034 3.249
v -1.3231 15.834 -2.5721
v -1.1878 17.4585 3.249
v -1.1878 12.585 3.249
v -2.8123 12.585 3.249
v -3.083 11.502 2.166
v -4.7075 15.834 -0.5415
v 0.7075 12.9911 -1.6245
v 0.7075 15.834 -0.5415
v -4.166 11.502 1.083
v -3.6245 13.8034 3.249
v -1.1878 12.0435 2.7075
v -3.6245 14.8864 -2.7075
v -1.1878 15.834 -2.7075
v -0.917 15.834 2.166
v -1.1878 18 2.7075
v 0.3014 14.8864 -2.0306
v -3.6245 13.8034 3.249
v -1.1878 12.0435 2.7075
v -1.1878 18 2.7075
v -3.083 15.834 -2.166
v -3.083 18 2.166
v -4.166 18 1.083
v 0.166 18 -1.083
v -3.083 18 -2.166
v -0.917 11.502 -2.166
v -0.3755 16.2401 3.249
v -2.8123 17.4585 3.249
v -2.8123 12.585 3.249
v -0.917 11.502 2.166
v -4.7075 15.834 1.6245
v 0.7075 14.8864 -1.6245
v 0.7075 15.834 1.6245
v -4.166 11.502 -1.083
v -3.6245 16.2401 3.249
v -2.8123 12.0435 2.7075
v -3.6245 12.9911 -2.7075
v -2.8123 15.834 -2.7075
v -3.083 15.834 2.166
v -2.8123 18 2.7075
v 0.5721 12.9911 -1.7599
v -3.6245 16.2401 3.249
v -2.8123 12.0435 2.7075
v -2.8123 18 2.7075
v -2 16.2401 3.249
v -2 13.8034 3.249
v -1.1878 15.0217 3.249
v -2.8123 15.0217 3.249
v 0.166 16.917 1.083
v 0.166 16.917 -1.083
v -2 11.502 -1.083
v -2 11.502 1.083
v -0.917 11.502 -0
v -3.083 11.502 -0
v -3.8952 12.9911 -2.4368
v -4.3014 12.9911 -2.0306
v -3.3537 13.9387 2.7075
v -0.6462 13.9387 2.7075
v -2 12.9911 2.7075
v -2 14.8864 2.7075
v 0.3014 12.9911 -2.0306
v -0.1047 12.9911 -2.4368
v -4.166 16.917 1.083
v -4.166 16.917 -1.083
v -3.083 16.917 2.166
v -0.917 16.917 2.166
v -0.917 16.917 -2.166
v -3.083 16.917 -2.166
v -1.1878 15.0217 3.249
v -2.8123 15.0217 3.249
v -2 16.2401 3.249
v -2 13.8034 3.249
v -4.7075 13.9388 -0.5415
v -4.7075 13.9387 1.6245
v -4.7075 12.9911 0.5415
v -4.7075 14.8864 0.5415
v -1.1878 13.9388 -2.7075
v -2.8123 13.9388 -2.7075
v -2 12.9911 -2.7075
v -2 14.8864 -2.7075
v 0.7075 13.9387 1.6245
v 0.7075 13.9388 -0.5415
v 0.7075 12.9911 0.5415
v 0.7075 14.8864 0.5415
v 0.7075 14.8864 -0.5415
v 0.7075 12.9911 -0.5415
v 0.7075 12.9911 1.6245
v -2.8123 14.8864 -2.7075
v -2.8123 12.9911 -2.7075
v -1.1878 12.9911 -2.7075
v -4.7075 14.8864 1.6245
v -4.7075 12.9911 1.6245
v -4.7075 12.9911 -0.5415
v -2.8123 13.8034 3.249
v -2.8123 16.2401 3.249
v -1.1878 16.2401 3.249
v -0.6462 14.8864 2.7075
v -2.8123 16.2401 3.249
v -0.6462 12.9911 2.7075
v -0.917 11.502 1.083
v -3.3537 12.9911 2.7075
v -0.917 11.502 -1.083
v -2.8123 13.8034 3.249
v -3.083 11.502 1.083
v -1.1878 13.8034 3.249
v -3.083 11.502 -1.083
v -3.3537 14.8864 2.7075
v -1.1878 13.8034 3.249
v -4.7075 14.8864 -0.5415
v -1.1878 14.8864 -2.7075
v 0.7075 14.8864 1.6245
v -1.1878 16.2401 3.249
vt 0.575 0.0924
vt 0.6125 0.0435
vt 0.6125 0.0924
vt 0.65 0.8043
vt 0.675 0.8261
vt 0.7 0.8043
vt 0.1 0.6902
vt 0.05 0.6522
vt 0.05 0.6902
vt 0.5 0.0217
vt 0.5375 0.0435
vt 0.5375 0.0217
vt 0.1 0.8043
vt 0.075 0.8261
vt 0.125 0.8261
vt 0.425 0.8261
vt 0.45 0.8043
vt 0.4125 0.8043
vt 0.3375 0.6522
vt 0.3 0.6902
vt 0.3375 0.6902
vt 0.55 0.6522
vt 0.5 0.6902
vt 0.55 0.6902
vt 0.5 0.2609
vt 0.5375 0.2391
vt 0.5375 0.2609
vt 0.8875 0.8043
vt 0.925 0.8261
vt 0.95 0.8043
vt 0.6125 0.2391
vt 0.65 0.1902
vt 0.6125 0.1902
vt 0.725 0.6304
vt 0.7625 0.6522
vt 0.7812 0.6359
vt 0.6312 0.6359
vt 0.675 0.6304
vt 0.625 0.6304
vt 0.25 0.6522
vt 0.225 0.6304
vt 0.2062 0.6467
vt 0.4313 0.6359
vt 0.475 0.6304
vt 0.425 0.6304
vt 0.475 0.587
vt 0.425 0.5435
vt 0.425 0.587
vt 0.875 0.587
vt 0.925 0.5435
vt 0.875 0.5435
vt 0.675 0.587
vt 0.625 0.587
vt 0.25 0.8043
vt 0.2687 0.7663
vt 0.2562 0.7663
vt 0.7 0.6902
vt 0.7625 0.6902
vt 0.65 0.2609
vt 0.65 0.2391
vt 0.4625 0.7663
vt 0.45 0.7283
vt 0.45 0.7663
vt 0.475 0.8696
vt 0.425 0.8696
vt 0.6125 0.0217
vt 0.65 0.0435
vt 0.275 0.587
vt 0.225 0.5435
vt 0.225 0.587
vt 0.575 0.1902
vt 0.6125 0.1413
vt 0.375 0.6522
vt 0.3438 0.6467
vt 0.4813 0.7663
vt 0.475 0.8043
vt 0.475 0.9565
vt 0.425 0.913
vt 0.425 0.9565
vt 0.25 0.6902
vt 0.2625 0.7283
vt 0.2687 0.6902
vt 0.5 0.1902
vt 0.5375 0.1413
vt 0.5375 0.1902
vt 0.575 0.2609
vt 0.575 0.2391
vt 0.5 0.8043
vt 0.4938 0.7663
vt 0.375 0.8696
vt 0.325 0.8261
vt 0.325 0.8696
vt 0.475 0.8261
vt 0.5 0.6522
vt 0.4813 0.6902
vt 0.1187 0.6359
vt 0.15 0.6522
vt 0.1625 0.6413
vt 0.4875 0.7283
vt 0.775 0.6304
vt 0.65 0.6522
vt 0.2 0.6522
vt 0.45 0.6522
vt 0.4125 0.6522
vt 0.5 0.7283
vt 0.5 0.7663
vt 0.175 0.587
vt 0.125 0.5435
vt 0.125 0.587
vt 0.175 0.6304
vt 0.125 0.6304
vt 0.875 0.6304
vt 0.8375 0.6413
vt 0.8938 0.6467
vt 0.7625 0.7283
vt 0.7 0.7663
vt 0.7625 0.7663
vt 0.375 0.9565
vt 0.325 0.913
vt 0.325 0.9565
vt 0.25 0.7663
vt 0.275 0.8261
vt 0.275 0.8043
vt 0.5875 0.6413
vt 0.5437 0.6467
vt 0.8875 0.7283
vt 0.825 0.7663
vt 0.8875 0.7663
vt 0.575 0.0217
vt 0.575 0.0435
vt 0.275 0.6304
vt 0.5 0.0924
vt 0.5375 0.0924
vt 0.8875 0.6522
vt 0.825 0.6902
vt 0.8875 0.6902
vt 0.2875 0.7663
vt 0.3 0.8043
vt 0.3 0.7663
vt 0.3 0.7283
vt 0.625 0.5435
vt 0.675 0.5435
vt 0.525 0.5435
vt 0.575 0.587
vt 0.575 0.5435
vt 0.525 0.587
vt 0.575 0.6304
vt 0.825 0.587
vt 0.775 0.5435
vt 0.775 0.587
vt 0.825 0.6304
vt 0.925 0.6304
vt 0.375 0.587
vt 0.325 0.5435
vt 0.325 0.587
vt 0.375 0.6304
vt 0.325 0.6304
vt 0.525 0.6304
vt 0.65 0.0924
vt 0.775 0.8261
vt 0.825 0.8043
vt 0.7625 0.8043
vt 0.6125 0.2609
vt 0.55 0.7283
vt 0.55 0.7663
vt 0.65 0.7283
vt 0.6 0.7663
vt 0.65 0.7663
vt 0.6 0.6902
vt 0.65 0.6902
vt 0.3375 0.7283
vt 0.3375 0.7663
vt 0.4125 0.7283
vt 0.375 0.7663
vt 0.4125 0.7663
vt 0.375 0.6902
vt 0.4125 0.6902
vt 0.375 0.8261
vt 0.3375 0.8043
vt 0.2 0.8043
vt 0.175 0.8261
vt 0.225 0.8261
vt 0.1 0.7283
vt 0.05 0.7663
vt 0.1 0.7663
vt 0.2 0.7663
vt 0.15 0.7283
vt 0.15 0.7663
vt 0.15 0.6902
vt 0.2 0.6902
vt 0.55 0.8043
vt 0.575 0.8261
vt 0.6 0.8043
vt 0.525 0.8261
vt 0.2 0.7283
vt 0.25 0.7283
vt 0.15 0.8043
vt 0.05 0.8043
vt 0.65 0.0217
vt 0.375 0.7283
vt 0.45 0.6902
vt 0.375 0.8043
vt 0.6 0.7283
vt 0.7 0.7283
vt 0.7 0.6522
vt 0.725 0.8261
vt 0.575 0.1413
vt 0.5 0.1413
vt 0.5 0.2391
vt 0.5 0.0435
vt 0.95 0.6522
vt 0.075 0.6304
vt 0.3 0.6522
vt 0.275 0.5435
vt 0.725 0.587
vt 0.725 0.5435
vt 0.475 0.5435
vt 0.275 0.6522
vt 0.825 0.7283
vt 0.95 0.6902
vt 0.95 0.7283
vt 0.95 0.7663
vt 0.275 0.913
vt 0.275 0.9565
vt 0.325 1
vt 0.275 1
vt 0.375 1
vt 0.075 0.587
vt 0.075 0.5435
vt 0.3875 0.6413
vt 0.6 0.6522
vt 0.475 0.6522
vt 0.1 0.6522
vt 0.275 0.8696
vt 0.375 0.913
vt 0.425 1
vt 0.475 1
vt 0.65 0.1413
vt 0.175 0.5435
vt 0.475 0.913
vt 0.825 0.6522
vt 0.825 0.5435
vt 0.375 0.5435
vt 0.875 0.8261
vt 0.05 0.7283
vt 0.625 0.8261
vt 0.925 0.587
vt 0.825 0.8261
s 1
f 4173/4096 4131/4097 4240/4098
f 4089/4099 3991/4100 4005/4101
f 4239/4102 4000/4103 4128/4104
f 4014/4105 4120/4106 4168/4107
f 4092/4108 3988/4109 4123/4110
f 4126/4111 4006/4112 4085/4113
f 4142/4114 4108/4115 4238/4116
f 4135/4117 4088/4118 4237/4119
f 4020/4120 4157/4121 4171/4122
f 4096/4123 3988/4124 4003/4125
f 4103/4126 4102/4127 4236/4128
f 4012/4129 4093/4130 4110/4131
f 4111/4132 4012/4133 4112/4134
f 4001/4135 4098/4136 4125/4137
f 4115/4138 4010/4139 4149/4140
f 4067/4141 4153/4142 4196/4143
f 4194/4144 3987/4145 4118/4146
f 4112/4134 4046/4147 4191/4148
f 4002/4149 4189/4150 4169/4151
f 4093/4130 4117/4152 4235/4153
f 4103/4126 3997/4154 3995/4155
f 4183/4156 4064/4157 4165/4158
f 4162/4159 4126/4111 4234/4160
f 4148/4161 4017/4162 4131/4097
f 4051/4163 4152/4164 4178/4165
f 4174/4166 4175/4167 4233/4128
f 4065/4168 4130/4169 4142/4114
f 4184/4170 4183/4156 4035/4171
f 4138/4172 4182/4173 4232/4174
f 4160/4175 4069/4176 4145/4177
f 4146/4178 4176/4179 4231/4180
f 4133/4121 4063/4181 4034/4182
f 4184/4170 4004/4183 4104/4184
f 4179/4185 4154/4186 4230/4187
f 3990/4188 4035/4171 4006/4112
f 3999/4189 4105/4190 4088/4118
f 4114/4191 4060/4192 4043/4193
f 4105/4190 4064/4157 4036/4194
f 4110/4131 4167/4195 4012/4129
f 4159/4196 4012/4133 4111/4132
f 4125/4137 4137/4197 4001/4135
f 4008/4198 4115/4138 4166/4199
f 4027/4200 4104/4184 4091/4201
f 4075/4202 4122/4203 4177/4204
f 4042/4205 4177/4204 4113/4206
f 4143/4207 4039/4208 4090/4209
f 4185/4210 4099/4211 4229/4212
f 4180/4213 4181/4214 4228/4215
f 4136/4216 4002/4149 4169/4151
f 3989/4217 4070/4218 4002/4149
f 4135/4117 4040/4219 4101/4220
f 4186/4221 4187/4222 4227/4223
f 4156/4106 4073/4224 4055/4225
f 4011/4226 4178/4165 4098/4136
f 4170/4227 4156/4106 4226/4228
f 4109/4229 4188/4230 4225/4231
f 4189/4150 4070/4218 4190/4232
f 4190/4232 4007/4233 4127/4234
f 4145/4177 4037/4235 4108/4115
f 4151/4236 4046/4147 3984/4237
f 4119/4238 4078/4239 4048/4240
f 4192/4241 4041/4242 4078/4239
f 4079/4243 4150/4244 4193/4245
f 4066/4246 4193/4245 4167/4195
f 4013/4247 4194/4144 4143/4207
f 4080/4248 4124/4249 4195/4250
f 4045/4251 4195/4250 4116/4252
f 4010/4139 4196/4143 4149/4140
f 4130/4169 4045/4251 4116/4252
f 4043/4193 4113/4206 4114/4191
f 4101/4220 4041/4242 4107/4253
f 4039/4208 4109/4229 4090/4209
f 4197/4167 4121/4254 4224/4098
f 4198/4179 4199/4096 4223/4228
f 4133/4121 4200/4166 4222/4180
f 4134/4255 4025/4256 4087/4257
f 4072/4181 4132/4126 4147/4258
f 4201/4259 4091/4201 4221/4260
f 4202/4261 4203/4262 4220/4263
f 4159/4196 4204/4264 4219/4265
f 4205/4266 4127/4234 4218/4267
f 4206/4268 4207/4269 4217/4270
f 4166/4199 4208/4271 4216/4272
f 4053/4273 4086/4274 4154/4186
f 4106/4275 4030/4276 4097/4277
f 4068/4224 4100/4097 4144/4161
f 4209/4278 4094/4279 4215/4280
f 4214/4281 4084/4282 4211/4283
f 4137/4197 4212/4284 4213/4285
f 4095/4286 4061/4287 4026/4288
f 4004/4183 4162/4289 4095/4286
f 4210/4290 4212/4284 4084/4282
f 4160/4175 4210/4290 4059/4291
f 4160/4175 4137/4197 4213/4285
f 4214/4281 4028/4292 4106/4275
f 4136/4216 4106/4275 4002/4149
f 4136/4216 4210/4290 4214/4281
f 4215/4280 4003/4293 4092/4108
f 4028/4292 4215/4280 4092/4108
f 4211/4283 4209/4278 4215/4280
f 4144/4161 3993/4162 4015/4294
f 4002/4149 4097/4277 3989/4217
f 4154/4186 4007/4233 3989/4217
f 4216/4272 4083/4295 4206/4268
f 4141/4296 4206/4268 4064/4157
f 4008/4198 4216/4272 4141/4296
f 4217/4270 4024/4297 4085/4113
f 4165/4158 4085/4113 4006/4112
f 4064/4157 4217/4270 4165/4158
f 4218/4267 4007/4233 4086/4274
f 4207/4269 4086/4274 4024/4297
f 4083/4295 4218/4267 4207/4269
f 4219/4265 4082/4298 4202/4261
f 4117/4152 4202/4261 4031/4299
f 3998/4300 4219/4265 4117/4152
f 4220/4263 4026/4288 4089/4099
f 4099/4211 4089/4099 4005/4101
f 4031/4299 4220/4263 4099/4211
f 4221/4260 4004/4183 4095/4286
f 4203/4262 4095/4286 4026/4288
f 4082/4298 4221/4260 4203/4262
f 4021/4154 4132/4126 4019/4155
f 3991/4301 4087/4257 4005/4101
f 4222/4180 4081/4302 4198/4179
f 4139/4178 4198/4179 4062/4303
f 3994/4304 4222/4180 4139/4178
f 4223/4228 4032/4225 4120/4106
f 4163/4227 4120/4106 3992/4305
f 4062/4303 4223/4228 4163/4227
f 4224/4098 3993/4162 4100/4097
f 4199/4096 4100/4097 4032/4225
f 4081/4302 4224/4098 4199/4096
f 4000/4306 4090/4209 4109/4229
f 3999/4189 4107/4253 4010/4139
f 4013/4307 4114/4191 4113/4206
f 4009/4308 4116/4252 4011/4226
f 4149/4140 4080/4248 4045/4251
f 4116/4252 4051/4163 4011/4226
f 4195/4250 3986/4309 4051/4163
f 4143/4207 4079/4243 4066/4246
f 4167/4195 4046/4310 4012/4129
f 4193/4245 3984/4311 4046/4310
f 4010/4139 4192/4241 4067/4141
f 3985/4312 4192/4241 4119/4238
f 4048/4240 4191/4148 4151/4236
f 4011/4313 4108/4115 4009/4308
f 4037/4235 4190/4232 4127/4234
f 4069/4176 4190/4232 4037/4235
f 4225/4231 4077/4314 4186/4221
f 4128/4315 4186/4221 4029/4316
f 4000/4306 4225/4231 4128/4315
f 4226/4228 4055/4225 4173/4096
f 4176/4179 4173/4096 4074/4302
f 4071/4303 4226/4228 4176/4179
f 4098/4136 4075/4202 4042/4205
f 4022/4105 4156/4106 4016/4305
f 4227/4223 4025/4256 4096/4123
f 4094/4317 4096/4123 4003/4125
f 4029/4316 4227/4223 4094/4317
f 3999/4189 4135/4117 4101/4220
f 4059/4291 4169/4151 4069/4176
f 4228/4215 4030/4318 4123/4319
f 4158/4320 4123/4319 3988/4321
f 4057/4322 4228/4215 4158/4320
f 4229/4212 4005/4101 4087/4257
f 4187/4222 4087/4257 4025/4256
f 4077/4314 4229/4212 4187/4222
f 4013/4247 4090/4209 4000/4306
f 4113/4206 4049/4323 4013/4307
f 4177/4204 3987/4324 4049/4323
f 4004/4183 4091/4201 4104/4184
f 4166/4199 4044/4325 4065/4168
f 4043/4193 4137/4197 4125/4137
f 4058/4326 4111/4132 4040/4219
f 4066/4246 4110/4131 4039/4208
f 4010/4327 4141/4296 4105/4190
f 4013/4307 4161/4328 4114/4191
f 4088/4118 4036/4194 4027/4200
f 4230/4187 3989/4217 4097/4329
f 4181/4214 4097/4329 4030/4318
f 4076/4330 4230/4187 4181/4214
f 4036/4194 4184/4170 4104/4184
f 3996/4120 4133/4121 3994/4304
f 4231/4180 4074/4302 4174/4166
f 4157/4121 4174/4166 4056/4182
f 4018/4304 4231/4180 4157/4121
f 4001/4135 4145/4177 4011/4313
f 4232/4174 4076/4330 4180/4213
f 4134/4331 4180/4213 4057/4322
f 3991/4332 4232/4174 4134/4331
f 4036/4194 4183/4156 4184/4170
f 4009/4308 4142/4114 4130/4169
f 4233/4128 4054/4333 4129/4127
f 4132/4126 4129/4127 4019/4155
f 4056/4182 4233/4128 4132/4126
f 4178/4165 4050/4334 4075/4202
f 4073/4224 4131/4097 4055/4225
f 4234/4160 4053/4273 4179/4185
f 4182/4173 4179/4185 4076/4330
f 4061/4335 4234/4160 4182/4173
f 4183/4156 4006/4112 4035/4171
f 4063/4181 4103/4126 4034/4182
f 4235/4153 4031/4299 4185/4210
f 4188/4230 4185/4210 4077/4314
f 4038/4336 4235/4153 4188/4230
f 4069/4176 4169/4151 4189/4150
f 4078/4239 4112/4134 4191/4148
f 4079/4243 4118/4146 4047/4337
f 4196/4143 4052/4338 4080/4248
f 4044/4325 4149/4140 4045/4251
f 4125/4137 4042/4205 4043/4193
f 4040/4219 4112/4134 4041/4242
f 4110/4131 4038/4336 4039/4208
f 4236/4128 4033/4333 4197/4167
f 4200/4166 4197/4167 4081/4302
f 4034/4182 4236/4128 4200/4166
f 4025/4256 4158/4339 4096/4123
f 4072/4181 4157/4121 4056/4182
f 4201/4259 4088/4118 4027/4200
f 4204/4264 4201/4259 4082/4298
f 4204/4264 4135/4117 4237/4119
f 4238/4116 4037/4235 4205/4266
f 4208/4271 4205/4266 4083/4295
f 4065/4168 4238/4116 4208/4271
f 4053/4273 4085/4113 4024/4297
f 4028/4292 4123/4110 4030/4276
f 4068/4224 4120/4106 4032/4225
f 4209/4278 4128/4104 4029/4340
f 4084/4282 4239/4102 4209/4278
f 4060/4192 4239/4102 4212/4284
f 4026/4288 4138/4341 4089/4099
f 4240/4098 4017/4162 4155/4254
f 4175/4167 4155/4254 4054/4333
f 4074/4302 4240/4098 4175/4167
f 4173/4096 4055/4225 4131/4097
f 4089/4099 4138/4341 3991/4100
f 4239/4102 4161/4328 4000/4103
f 4014/4105 3992/4305 4120/4106
f 4092/4108 4003/4293 3988/4109
f 4126/4111 3990/4188 4006/4112
f 4142/4114 4009/4308 4108/4115
f 4135/4117 3999/4189 4088/4118
f 4020/4120 4018/4304 4157/4121
f 4096/4123 4158/4339 3988/4124
f 4103/4126 3995/4155 4102/4127
f 4012/4129 3998/4300 4093/4130
f 4001/4135 4011/4226 4098/4136
f 4067/4141 3985/4312 4153/4142
f 4194/4144 4049/4342 3987/4145
f 4112/4134 4012/4133 4046/4147
f 4002/4149 4070/4218 4189/4150
f 4093/4130 3998/4300 4117/4152
f 4103/4126 4140/4258 3997/4154
f 4162/4159 3990/4188 4126/4111
f 4148/4161 4023/4294 4017/4162
f 4051/4163 3986/4309 4152/4164
f 4174/4166 4074/4302 4175/4167
f 4065/4168 4044/4325 4130/4169
f 4138/4172 4061/4335 4182/4173
f 4160/4175 4059/4291 4069/4176
f 4146/4178 4071/4303 4176/4179
f 4133/4121 4164/4122 4063/4181
f 4184/4170 4035/4171 4004/4183
f 4179/4185 4053/4273 4154/4186
f 3990/4188 4004/4183 4035/4171
f 3999/4189 4010/4327 4105/4190
f 4114/4191 4161/4328 4060/4192
f 4105/4190 4141/4296 4064/4157
f 4159/4196 3998/4300 4012/4133
f 4008/4198 4010/4139 4115/4138
f 4027/4200 4036/4194 4104/4184
f 4075/4202 4050/4334 4122/4203
f 4042/4205 4075/4202 4177/4204
f 4143/4207 4066/4246 4039/4208
f 4185/4210 4031/4299 4099/4211
f 4180/4213 4076/4330 4181/4214
f 3989/4217 4007/4233 4070/4218
f 4135/4117 4058/4326 4040/4219
f 4186/4221 4077/4314 4187/4222
f 4156/4106 4172/4107 4073/4224
f 4011/4226 4051/4163 4178/4165
f 4170/4227 4016/4305 4156/4106
f 4109/4229 4038/4336 4188/4230
f 4190/4232 4070/4218 4007/4233
f 4145/4177 4069/4176 4037/4235
f 4151/4236 4191/4148 4046/4147
f 4119/4238 4192/4241 4078/4239
f 4192/4241 4107/4253 4041/4242
f 4079/4243 4047/4337 4150/4244
f 4066/4246 4079/4243 4193/4245
f 4013/4247 4049/4342 4194/4144
f 4080/4248 4052/4338 4124/4249
f 4045/4251 4080/4248 4195/4250
f 4010/4139 4067/4141 4196/4143
f 4130/4169 4044/4325 4045/4251
f 4043/4193 4042/4205 4113/4206
f 4101/4220 4040/4219 4041/4242
f 4039/4208 4038/4336 4109/4229
f 4197/4167 4033/4333 4121/4254
f 4198/4179 4081/4302 4199/4096
f 4133/4121 4034/4182 4200/4166
f 4134/4255 4057/4343 4025/4256
f 4072/4181 4056/4182 4132/4126
f 4201/4259 4027/4200 4091/4201
f 4202/4261 4082/4298 4203/4262
f 4159/4196 4058/4326 4204/4264
f 4205/4266 4037/4235 4127/4234
f 4206/4268 4083/4295 4207/4269
f 4166/4199 4065/4168 4208/4271
f 4053/4273 4024/4297 4086/4274
f 4106/4275 4028/4292 4030/4276
f 4068/4224 4032/4225 4100/4097
f 4209/4278 4029/4340 4094/4279
f 4214/4281 4210/4290 4084/4282
f 4137/4197 4060/4192 4212/4284
f 4095/4286 4162/4289 4061/4287
f 4004/4183 3990/4188 4162/4289
f 4210/4290 4213/4285 4212/4284
f 4160/4175 4213/4285 4210/4290
f 4160/4175 4001/4135 4137/4197
f 4214/4281 4211/4283 4028/4292
f 4136/4216 4214/4281 4106/4275
f 4136/4216 4059/4291 4210/4290
f 4215/4280 4094/4279 4003/4293
f 4028/4292 4211/4283 4215/4280
f 4211/4283 4084/4282 4209/4278
f 4144/4161 4100/4097 3993/4162
f 4002/4149 4106/4275 4097/4277
f 4154/4186 4086/4274 4007/4233
f 4216/4272 4208/4271 4083/4295
f 4141/4296 4216/4272 4206/4268
f 4008/4198 4166/4199 4216/4272
f 4217/4270 4207/4269 4024/4297
f 4165/4158 4217/4270 4085/4113
f 4064/4157 4206/4268 4217/4270
f 4218/4267 4127/4234 4007/4233
f 4207/4269 4218/4267 4086/4274
f 4083/4295 4205/4266 4218/4267
f 4219/4265 4204/4264 4082/4298
f 4117/4152 4219/4265 4202/4261
f 3998/4300 4159/4196 4219/4265
f 4220/4263 4203/4262 4026/4288
f 4099/4211 4220/4263 4089/4099
f 4031/4299 4202/4261 4220/4263
f 4221/4260 4091/4201 4004/4183
f 4203/4262 4221/4260 4095/4286
f 4082/4298 4201/4259 4221/4260
f 4021/4154 4147/4258 4132/4126
f 3991/4301 4134/4255 4087/4257
f 4222/4180 4200/4166 4081/4302
f 4139/4178 4222/4180 4198/4179
f 3994/4304 4133/4121 4222/4180
f 4223/4228 4199/4096 4032/4225
f 4163/4227 4223/4228 4120/4106
f 4062/4303 4198/4179 4223/4228
f 4224/4098 4121/4254 3993/4162
f 4199/4096 4224/4098 4100/4097
f 4081/4302 4197/4167 4224/4098
f 3999/4189 4101/4220 4107/4253
f 4009/4308 4130/4169 4116/4252
f 4149/4140 4196/4143 4080/4248
f 4116/4252 4195/4250 4051/4163
f 4195/4250 4124/4249 3986/4309
f 4143/4207 4194/4144 4079/4243
f 4167/4195 4193/4245 4046/4310
f 4193/4245 4150/4244 3984/4311
f 4010/4139 4107/4253 4192/4241
f 3985/4312 4067/4141 4192/4241
f 4048/4240 4078/4239 4191/4148
f 4011/4313 4145/4177 4108/4115
f 4069/4176 4189/4150 4190/4232
f 4225/4231 4188/4230 4077/4314
f 4128/4315 4225/4231 4186/4221
f 4000/4306 4109/4229 4225/4231
f 4226/4228 4156/4106 4055/4225
f 4176/4179 4226/4228 4173/4096
f 4071/4303 4170/4227 4226/4228
f 4098/4136 4178/4165 4075/4202
f 4022/4105 4172/4107 4156/4106
f 4227/4223 4187/4222 4025/4256
f 4094/4317 4227/4223 4096/4123
f 4029/4316 4186/4221 4227/4223
f 4059/4291 4136/4216 4169/4151
f 4228/4215 4181/4214 4030/4318
f 4158/4320 4228/4215 4123/4319
f 4057/4322 4180/4213 4228/4215
f 4229/4212 4099/4211 4005/4101
f 4187/4222 4229/4212 4087/4257
f 4077/4314 4185/4210 4229/4212
f 4013/4247 4143/4207 4090/4209
f 4113/4206 4177/4204 4049/4323
f 4177/4204 4122/4203 3987/4324
f 4166/4199 4115/4138 4044/4325
f 4043/4193 4060/4192 4137/4197
f 4058/4326 4159/4196 4111/4132
f 4066/4246 4167/4195 4110/4131
f 4010/4327 4008/4198 4141/4296
f 4013/4307 4000/4103 4161/4328
f 4088/4118 4105/4190 4036/4194
f 4230/4187 4154/4186 3989/4217
f 4181/4214 4230/4187 4097/4329
f 4076/4330 4179/4185 4230/4187
f 3996/4120 4164/4122 4133/4121
f 4231/4180 4176/4179 4074/4302
f 4157/4121 4231/4180 4174/4166
f 4018/4304 4146/4178 4231/4180
f 4001/4135 4160/4175 4145/4177
f 4232/4174 4182/4173 4076/4330
f 4134/4331 4232/4174 4180/4213
f 3991/4332 4138/4172 4232/4174
f 4036/4194 4064/4157 4183/4156
f 4233/4128 4175/4167 4054/4333
f 4132/4126 4233/4128 4129/4127
f 4056/4182 4174/4166 4233/4128
f 4178/4165 4152/4164 4050/4334
f 4073/4224 4148/4161 4131/4097
f 4234/4160 4126/4111 4053/4273
f 4182/4173 4234/4160 4179/4185
f 4061/4335 4162/4159 4234/4160
f 4183/4156 4165/4158 4006/4112
f 4063/4181 4140/4258 4103/4126
f 4235/4153 4117/4152 4031/4299
f 4188/4230 4235/4153 4185/4210
f 4038/4336 4093/4130 4235/4153
f 4078/4239 4041/4242 4112/4134
f 4079/4243 4194/4144 4118/4146
f 4196/4143 4153/4142 4052/4338
f 4044/4325 4115/4138 4149/4140
f 4125/4137 4098/4136 4042/4205
f 4040/4219 4111/4132 4112/4134
f 4110/4131 4093/4130 4038/4336
f 4236/4128 4102/4127 4033/4333
f 4200/4166 4236/4128 4197/4167
f 4034/4182 4103/4126 4236/4128
f 4025/4256 4057/4343 4158/4339
f 4072/4181 4171/4122 4157/4121
f 4201/4259 4237/4119 4088/4118
f 4204/4264 4237/4119 4201/4259
f 4204/4264 4058/4326 4135/4117
f 4238/4116 4108/4115 4037/4235
f 4208/4271 4238/4116 4205/4266
f 4065/4168 4142/4114 4238/4116
f 4053/4273 4126/4111 4085/4113
f 4028/4292 4092/4108 4123/4110
f 4068/4224 4168/4107 4120/4106
f 4209/4278 4239/4102 4128/4104
f 4084/4282 4212/4284 4239/4102
f 4060/4192 4161/4328 4239/4102
f 4026/4288 4061/4287 4138/4341
f 4240/4098 4131/4097 4017/4162
f 4175/4167 4240/4098 4155/4254
f 4074/4302 4173/4096 4240/4098
