o Chest
v -4.25 0.28 -2.25
v -4.25 0.28 2.25
v 4.25 0.28 2.25
v 4.25 0.28 -2.25
v 4.25 -0.24 -2.25
v 4.25 -0.24 2.25
v -4.25 -0.24 2.25
v -4.25 -0.24 -2.25
v 3.7187 9.64 -2.8125
v 4.7812 9.64 -1.6875
v 3.7187 9.64 2.8125
v 4.7812 9.64 1.6875
v -4.7813 9.64 1.6875
v -3.7188 9.64 2.8125
v -4.7813 9.64 -1.6875
v -3.7188 9.64 -2.8125
v 3.7187 12.24 -2.8125
v 4.7812 12.24 -1.6875
v 3.7187 12.24 2.8125
v 4.7812 12.24 1.6875
v -4.7813 12.24 1.6875
v -3.7188 12.24 2.8125
v -4.7813 12.24 -1.6875
v -3.7188 12.24 -2.8125
v -1.0625 13.28 -2.8125
v -1.0625 13.28 2.8125
v 1.0625 13.28 -2.8125
v 1.0625 13.28 2.8125
v -0.5313 6 6.1875
v 0.5312 6 6.1875
v -1.5938 6 7.3125
v 1.5937 6 7.3125
v -3.7188 6 7.3125
v 3.7187 6 7.3125
v -4.25 6 5.625
v 4.25 6 5.625
v -3.7188 6 5.0625
v 3.7187 6 5.0625
v 3.7187 0.8 4.5
v 3.7187 4.96 4.5
v -3.7188 0.8 4.5
v -3.7188 4.96 4.5
v 4.7812 4.96 5.625
v 4.7812 0.8 5.625
v -4.7813 4.96 5.625
v -4.7813 0.8 5.625
v 3.7187 0.8 7.875
v 3.7187 4.96 7.875
v -3.7188 0.8 7.875
v -3.7188 4.96 7.875
v 1.5937 4.96 7.875
v 2.125 0.8 7.875
v -1.5938 4.96 7.875
v -2.125 0.8 7.875
v -1.0625 0.8 6.75
v 1.0625 0.8 6.75
v -0.5313 4.96 6.75
v 0.5312 4.96 6.75
v -1.0625 12.76 2.8125
v 1.0625 12.76 2.8125
v -1.0625 9.64 3.375
v 1.0625 9.64 3.375
v -2.125 9.64 2.8125
v 2.125 9.64 2.8125
v 1.0625 12.76 -2.8125
v -1.0625 12.76 -2.8125
v 1.0625 9.64 -3.375
v -1.0625 9.64 -3.375
v 2.125 9.64 -2.8125
v -2.125 9.64 -2.8125
v 3.7187 6.52 -2.8125
v 4.7812 6 -1.6875
v 3.7187 7.04 2.8125
v 4.7812 6 1.6875
v -4.7813 6 1.6875
v -3.7188 7.04 2.8125
v -4.7813 6 -1.6875
v -3.7188 6.52 -2.8125
v 3.7187 4.96 -2.8125
v 3.1875 1.84 -3.375
v -3.7188 4.96 -2.8125
v 3.1875 3.92 -3.375
v -3.1875 3.92 -3.375
v -3.1875 1.84 -3.375
v 3.7187 0.28 2.8125
v -3.7188 0.28 2.8125
v 3.7187 0.28 -2.8125
v -3.7188 0.28 -2.8125
v -4.7813 0.28 -1.6875
v -4.7813 0.28 1.6875
v 4.7812 0.28 1.6875
v 4.7812 0.28 -1.6875
v 4.25 7.04 -2.25
v -4.25 7.04 -2.25
v 3.1875 2.88 -4.5
v 3.1875 7.04 -4.5
v -3.1875 7.04 -4.5
v -3.1875 2.88 -4.5
v -4.25 7.04 2.25
v 4.25 7.04 2.25
v -3.1875 7.04 -3.375
v 3.1875 7.04 -3.375
v -4.7813 1.84 -3.375
v -4.7813 6 -3.375
v -3.7188 1.84 -3.375
v -3.7188 6 -3.375
v -4.7813 1.84 -2.25
v -4.7813 4.96 -2.25
v -3.7188 1.84 -2.25
v -3.7188 4.96 -2.25
v 4.7812 6 -3.375
v 4.7812 1.84 -3.375
v 3.7187 1.84 -3.375
v 3.7187 6 -3.375
v 4.7812 4.96 -2.25
v 4.7812 1.84 -2.25
v 3.7187 1.84 -2.25
v 3.7187 4.96 -2.25
v 2.125 7.04 -4.5
v 1.0625 6 -4.5
v -1.0625 6 -4.5
v -2.125 7.04 -4.5
v 2.125 7.04 -3.375
v 1.0625 6 -3.375
v -1.0625 6 -3.375
v -2.125 7.04 -3.375
v 2.125 0.8 -4.5
v -2.125 0.8 -4.5
v 2.125 2.36 -3.825
v -2.125 2.36 -3.825
v -4.25 1.84 -3.9375
v -4.25 2.36 -3.2625
v 4.25 1.84 -3.9375
v 4.25 2.36 -3.2625
v -4.25 1.84 -3.375
v -4.25 2.36 -2.7
v 4.25 1.84 -3.375
v 4.25 2.36 -2.7
v 2.125 0.8 -3.9375
v -2.125 0.8 -3.9375
v -2.6563 7.04 -5.0625
v -2.125 7.04 -5.0625
v 2.6562 7.04 -5.0625
v 2.125 7.04 -5.0625
v 2.6562 2.88 -4.5
v 2.125 2.88 -4.5
v 2.6562 7.04 -4.5
v 2.125 7.04 -4.5
v 2.6562 1.84 -5.0625
v 2.125 1.84 -5.0625
v -2.6563 2.88 -4.5
v -2.125 2.88 -4.5
v 2.6562 2.36 -3.375
v 2.125 2.36 -3.375
v 2.6562 1.32 -3.9375
v 2.125 1.32 -3.9375
v -2.125 7.04 -4.5
v -2.6563 7.04 -4.5
v -2.125 1.84 -5.0625
v -2.6563 1.84 -5.0625
v -2.125 2.36 -3.375
v -2.6563 2.36 -3.375
v -2.125 1.32 -3.9375
v -2.6563 1.32 -3.9375
v 3.1875 8.6 3.9375
v -3.1875 8.6 3.9375
v 3.1875 0.8 3.9375
v -3.1875 0.8 3.9375
v 3.1875 0.8 2.25
v -3.1875 0.8 2.25
v 3.1875 9.12 3.375
v -3.1875 9.12 3.375
v 3.1875 9.12 2.25
v -3.1875 9.12 2.25
v -3.1875 8.34 2.25
v -3.1875 7.7885 2.4971
v -3.1875 7.56 3.0938
v -3.1875 7.7885 3.6904
v -3.1875 8.34 3.9375
v -3.1875 8.8915 3.6904
v -3.1875 9.12 3.0937
v -3.1875 8.8915 2.4971
v -3.7188 8.34 2.25
v -3.7188 7.7885 2.4971
v -3.7188 7.56 3.0938
v -3.7188 7.7885 3.6904
v -3.7188 8.34 3.9375
v -3.7188 8.8915 3.6904
v -3.7188 9.12 3.0937
v -3.7188 8.8915 2.4971
v 3.7187 8.34 2.25
v 3.7187 7.7885 2.4971
v 3.7187 7.56 3.0938
v 3.7187 7.7885 3.6904
v 3.7187 8.34 3.9375
v 3.7187 8.8915 3.6904
v 3.7187 9.12 3.0937
v 3.7187 8.8915 2.4971
v 3.1875 8.34 2.25
v 3.1875 7.7885 2.4971
v 3.1875 7.56 3.0938
v 3.1875 7.7885 3.6904
v 3.1875 8.34 3.9375
v 3.1875 8.8915 3.6904
v 3.1875 9.12 3.0937
v 3.1875 8.8915 2.4971
v -1.8594 6.52 4.5
v -1.3281 6.52 4.5
v 1.5937 6.52 5.625
v 1.5937 1.32 5.625
v -1.5938 6.52 5.625
v -1.5938 1.32 5.625
v 3.1875 6.52 3.9375
v 3.1875 1.32 3.9375
v -3.1875 6.52 3.9375
v -3.1875 1.32 3.9375
v -1.8594 6.52 5.0625
v -1.3281 6.52 5.0625
v -1.8594 7.04 4.5
v -1.3281 7.04 4.5
v -1.8594 7.04 5.0625
v -1.3281 7.04 5.0625
v -1.8594 7.56 4.5
v -1.8594 7.56 5.0625
v -3.4531 7.04 5.0625
v -3.4531 7.04 4.5
v -3.4531 7.56 5.0625
v -3.4531 7.56 4.5
v -3.9844 7.04 4.5
v -3.9844 7.56 4.5
v -3.4531 7.04 2.25
v -3.4531 7.56 2.25
v -3.9844 7.04 2.25
v -3.9844 7.56 2.25
v -0 7.0147 6.2249
v 1.1269 7.444 6.0559
v 1.5937 8.4806 5.6478
v 1.1269 9.5172 5.2397
v -0 9.9465 5.0706
v -1.127 9.5172 5.2397
v -1.5938 8.4806 5.6478
v -1.127 7.444 6.0559
v -0 7.5033 6.0325
v 0.7513 7.7896 5.9198
v 1.0625 8.4806 5.6478
v 0.7513 9.1717 5.3757
v -0 9.4579 5.263
v -0.7513 9.1717 5.3757
v -1.0625 8.4806 5.6478
v -0.7513 7.7896 5.9198
v 1.1269 7.2662 5.5273
v -0 6.8368 5.6964
v 1.5937 8.3028 5.1192
v 1.1269 9.3393 4.7111
v -0 9.7687 4.542
v -1.127 9.3393 4.7111
v -1.5938 8.3028 5.1192
v -1.127 7.2662 5.5273
v 0.7513 7.6117 5.3913
v -0 7.3255 5.504
v 1.0625 8.3028 5.1192
v 0.7513 8.9938 4.8471
v -0 9.28 4.7344
v -0.7513 8.9938 4.8471
v -1.0625 8.3028 5.1192
v -0.7513 7.6117 5.3913
v -0 7.8141 5.3116
v 0.3756 7.9572 5.2552
v 0.5312 8.3028 5.1192
v 0.3756 8.6483 4.9832
v -0 8.7914 4.9268
v -0.3757 8.6483 4.9832
v -0.5313 8.3028 5.1192
v -0.3757 7.9572 5.2552
v 0.3756 7.4237 3.6695
v -0 7.2806 3.7258
v 0.5312 7.7692 3.5335
v 0.3756 8.1147 3.3974
v -0 8.2579 3.3411
v -0.3757 8.1147 3.3974
v -0.5313 7.7692 3.5335
v -0.3757 7.4237 3.6695
v 1.0625 8.636 5.2873
v -1.0625 8.636 5.2873
v 1.0625 8.1474 5.4797
v -1.0625 8.1474 5.4797
v -0 8.2803 4.2301
v -0 7.7917 4.4225
v 0.2656 7.4144 5.7683
v 0.2656 9.369 4.9987
v -0.2656 7.4144 5.7683
v -0.2656 9.369 4.9987
v 0.2656 8.036 4.3263
v -0.2656 8.036 4.3263
v -3.4531 0.8 6.4205
v -4.2044 0.8 5.625
v -2.7018 0.8 5.625
v -3.4531 0.8 4.8295
v -1.3281 0.8 6.4205
v -2.0794 0.8 5.625
v -0.5768 0.8 5.625
v -1.3281 0.8 4.8295
v -2.3906 0.8 7.5455
v -3.1419 0.8 6.75
v -1.6393 0.8 6.75
v -2.3906 0.8 5.9545
v 1.3281 0.8 6.4205
v 0.5768 0.8 5.625
v 2.0794 0.8 5.625
v 1.3281 0.8 4.8295
v 3.4531 0.8 6.4205
v 2.7018 0.8 5.625
v 4.2044 0.8 5.625
v 3.4531 0.8 4.8295
v 2.3906 0.8 7.5455
v 1.6393 0.8 6.75
v 3.1419 0.8 6.75
v 2.3906 0.8 5.9545
v -3.4531 0.28 6.4205
v -4.2044 0.28 5.625
v -2.7018 0.28 5.625
v -3.4531 0.28 4.8295
v -1.3281 0.28 6.4205
v -2.0794 0.28 5.625
v -0.5768 0.28 5.625
v -1.3281 0.28 4.8295
v -2.3906 0.28 7.5455
v -3.1419 0.28 6.75
v -1.6393 0.28 6.75
v -2.3906 0.28 5.9545
v 1.3281 0.28 6.4205
v 0.5768 0.28 5.625
v 2.0794 0.28 5.625
v 1.3281 0.28 4.8295
v 3.4531 0.28 6.4205
v 2.7018 0.28 5.625
v 4.2044 0.28 5.625
v 3.4531 0.28 4.8295
v 2.3906 0.28 7.5455
v 1.6393 0.28 6.75
v 3.1419 0.28 6.75
v 2.3906 0.28 5.9545
v 2.125 2.88 -4.6125
v -0 2.88 -4.6125
v 2.125 6 -4.6125
v -0 6 -4.6125
v 1.0625 0.8 -4.6125
v -1.0625 0.8 -4.6125
v 1.0625 2.36 -3.9375
v -1.0625 2.36 -3.9375
v 4.25 9.64 -2.25
v 4.25 9.64 2.25
v -4.25 9.64 2.25
v -4.25 9.64 -2.25
v -1.0625 8.08 3.9375
v 1.0625 8.08 3.9375
v -1.0625 6.52 5.625
v 1.0625 6.52 5.625
v -1.0625 6.52 3.9375
v 1.0625 6.52 3.9375
v 1.8594 6.52 4.5
v 1.3281 6.52 4.5
v 1.8594 6.52 5.0625
v 1.3281 6.52 5.0625
v 1.8594 7.04 4.5
v 1.3281 7.04 4.5
v 1.8594 7.04 5.0625
v 1.3281 7.04 5.0625
v 1.8594 7.56 4.5
v 1.8594 7.56 5.0625
v 3.4531 7.04 5.0625
v 3.4531 7.04 4.5
v 3.4531 7.56 5.0625
v 3.4531 7.56 4.5
v 3.9844 7.04 4.5
v 3.9844 7.56 4.5
v 3.4531 7.04 2.25
v 3.4531 7.56 2.25
v 3.9844 7.04 2.25
v 3.9844 7.56 2.25
v 1.0625 8.636 5.2873
v -1.0625 8.636 5.2873
v 1.0625 8.1474 5.4797
v -1.0625 8.1474 5.4797
v -0 8.2803 4.2301
v -0 7.7917 4.4225
v 0.2656 7.4144 5.7683
v 0.2656 9.369 4.9987
v -0.2656 7.4144 5.7683
v -0.2656 9.369 4.9987
v 0.2656 8.036 4.3263
v -0.2656 8.036 4.3263
v -0 -0.24 2.25
v 4.25 -0.24 0
v -0 -0.24 -2.25
v -3.7188 12.24 -0
v -2.3906 12.76 -2.8125
v 4.5156 9.64 0.2812
v 4.7812 9.64 -0
v -4.7813 10.94 1.6875
v -4.7813 9.64 -0
v -4.5156 9.64 -0.2813
v 3.7187 12.24 -0
v 2.3906 12.76 2.8125
v -0 9.64 2.25
v 0.2656 9.64 2.5312
v 4.7812 10.94 1.6875
v -0 9.64 -2.8125
v -0.2656 9.64 -2.5313
v -4.7813 12.24 -0
v -4.25 12.24 -0.5625
v -4.25 12.24 -2.25
v 4.25 12.24 -2.25
v 4.25 12.24 -0.5625
v 4.7812 12.24 -0
v -0 13.28 -2.8125
v 1.0625 13.28 -0
v -0 13.28 2.8125
v -2.3906 11.46 2.8125
v 2.3906 11.46 -2.8125
v 2.3906 12.76 -2.8125
v 3.7187 10.94 -2.8125
v -4.7813 10.94 -1.6875
v -2.6563 6 7.3125
v -0 4.96 4.5
v -1.0625 4.96 7.3125
v 4.25 4.96 6.75
v -4.25 4.96 5.0625
v 2.6562 6 7.3125
v -4.25 4.96 6.75
v -0 6 5.0625
v -1.5938 6 5.625
v 2.125 6 5.625
v 1.0625 6 6.75
v -2.3906 0.8 5.625
v -1.5938 0.8 7.3125
v -2.9219 0.8 6.1875
v 4.7812 2.88 5.625
v 4.25 4.96 5.0625
v -4.7813 2.88 5.625
v -4.25 0.8 5.0625
v -4.25 0.8 6.75
v 1.8594 2.88 7.875
v 2.6562 4.96 7.875
v -2.9219 0.8 7.875
v -3.7188 2.88 7.875
v 0.7969 2.88 6.75
v 1.0625 4.96 7.3125
v -1.8594 2.88 7.875
v -0 12.76 2.8125
v 1.0625 11.2 3.0937
v -0 9.64 3.375
v 0.5312 9.64 3.0937
v -1.0625 11.2 3.0937
v -1.5938 11.2 2.8125
v 1.5937 11.2 2.8125
v 1.0625 11.2 -3.0938
v -0 12.76 -2.8125
v 0.5312 9.64 -3.0938
v -0 9.64 -2.8125
v 1.5937 11.2 -2.8125
v -1.0625 11.2 -3.0938
v -1.5938 11.2 -2.8125
v -3.7188 3.66 2.8125
v -0 7.04 2.8125
v -4.7813 3.14 -1.6875
v -4.7813 6 -0
v -0 3.92 -3.375
v -3.1875 2.88 -3.375
v -0 4.96 -2.8125
v 4.7812 3.14 1.6875
v 4.7812 6 -0
v -0 1.84 -3.375
v -3.4531 1.06 -3.0938
v 3.7187 5.74 -2.8125
v -0 6.52 -2.8125
v 2.3906 3.92 -3.375
v -0 6 -3.375
v -2.125 4.44 -4.5
v -0 6 -4.5
v -0 7.04 -2.25
v 0.2656 7.04 2.5312
v 3.4531 2.36 -3.9375
v 3.9844 2.36 -3.9375
v -3.7188 5.48 -2.8125
v -4.7813 3.92 -3.375
v -4.7813 3.4 -2.8125
v -4.7813 5.48 -2.8125
v -3.1875 4.96 -4.5
v -3.9844 6.52 -3.9375
v -4.7813 3.4 -2.25
v -3.4531 6.52 -3.9375
v -3.7188 3.4 -2.8125
v -3.7188 3.4 -2.25
v 3.4531 6.52 -3.9375
v 4.7812 3.92 -3.375
v 4.7812 3.4 -2.25
v 4.7812 3.4 -2.8125
v 3.7187 3.92 -3.375
v 3.7187 3.4 -2.8125
v 3.7187 5.48 -2.8125
v 2.125 1.58 -4.1625
v -0 2.36 -3.825
v -3.1875 2.36 -3.5438
v 3.1875 1.32 -4.2188
v -0 0.8 -4.5
v -3.1875 1.32 -4.2188
v -0 0.8 -3.9375
v -1.0625 1.32 -3.6562
v -3.1875 1.32 -3.6562
v -0 1.84 -3.375
v -2.6563 4.44 -5.0625
v -2.6563 4.96 -4.7812
v 2.125 4.44 -5.0625
v 2.125 4.96 -4.7812
v -0 0.8 3.9375
v 3.1875 0.8 3.0938
v 3.1875 4.7 3.9375
v -0 8.6 3.9375
v -0 9.12 3.375
v -3.1875 4.96 2.25
v -3.1875 8.86 3.0937
v 3.1875 8.86 3.0937
v -3.7188 8.34 3.0937
v -0 6.52 5.625
v 1.5937 3.92 5.625
v 2.3906 6.52 4.7812
v -1.5938 3.92 5.625
v -2.3906 1.32 4.7812
v 0.7969 6.52 4.7812
v -0.7969 1.32 4.7812
v -0 1.32 5.625
v -2.6563 7.56 5.0625
v -2.6563 7.04 4.5
v -2.6563 7.04 5.0625
v -2.6563 7.56 4.5
v -3.9844 7.04 3.375
v -3.9844 7.56 3.375
v -3.4531 7.56 3.375
v -3.4531 7.04 3.375
v -0.5313 8.4582 4.7587
v 0.5312 7.9695 4.9511
v -0.2656 7.7252 5.0473
v -2.6563 6 6.1875
v -3.7188 6 6.1875
v 3.7187 6 6.1875
v 3.9844 6 6.4688
v -3.9844 6 6.4688
v -3.7188 2.88 4.5
v -1.0625 7.3 4.7812
v -1.0625 7.3 3.9375
v -1.0625 6.52 4.7812
v -0 8.08 3.9375
v 2.125 4.44 -4.6125
v 1.0625 6 -4.6125
v 1.0625 1.58 -4.275
v -0 2.36 -3.9375
v -4.25 -0.24 0
v -4.25 8.34 2.25
v -4.25 7.04 -0
v -4.25 8.34 -2.25
v 4.25 7.04 -0
v 4.25 8.34 2.25
v 1.0625 7.3 4.7812
v 1.0625 6.52 4.7812
v 1.0625 7.3 3.9375
v -4.25 12.24 2.25
v -3.9844 10.94 2.5312
v 3.7187 10.94 2.8125
v 4.5156 10.94 -1.9688
v -4.5156 0.28 -0.2812
v -4.25 0.28 -0
v 0.2656 0.28 -2.5312
v -0 0.28 -2.25
v 4.25 0.28 -0
v 4.5156 0.28 -0.2812
v -0 0.28 2.25
v 0.2656 0.28 2.5312
v 4.5156 3.14 1.9688
v 4.25 5.48 -2.25
v -3.7188 1.06 -2.8125
v -4.25 6.52 2.25
v 3.1875 2.36 -3.5438
v -2.125 1.58 -4.1625
v 2.6562 7.56 5.0625
v 2.6562 7.04 4.5
v 2.6562 7.56 4.5
v 3.9844 7.04 3.375
v 3.9844 7.56 3.375
v 3.4531 7.56 3.375
v 3.4531 7.04 3.375
v -0.5313 8.4582 4.7587
v 0.5312 8.4582 4.7587
v 0.2656 7.7252 5.0473
v -2.3906 12.76 2.8125
v -1.0625 13.28 -0
v 4.25 9.64 -0
v -4.25 9.64 -0
v -0 9.64 2.8125
v 4.7812 10.94 -1.6875
v -0 9.64 -2.25
v 4.25 12.24 2.25
v -3.7188 10.94 2.8125
v 2.3906 11.46 2.8125
v -2.3906 11.46 -2.8125
v -3.7188 10.94 -2.8125
v -3.9844 10.94 -2.5313
v -2.6563 4.96 7.875
v -1.0625 6 6.75
v -2.125 6 5.625
v 2.6562 6 6.1875
v -0 0.8 4.5
v 1.3281 0.8 5.625
v 4.25 0.8 5.0625
v 4.25 0.8 6.75
v -0 0.8 6.75
v 2.3906 0.8 5.625
v 2.9219 0.8 7.875
v 2.9219 0.8 6.1875
v 1.5937 0.8 7.3125
v 3.7187 2.88 4.5
v 3.7187 2.88 7.875
v -0.7969 2.88 6.75
v -0 9.64 2.8125
v -0 9.64 -3.375
v -0 0.28 2.8125
v 3.7187 3.66 2.8125
v -4.7813 0.28 -0
v -4.7813 3.14 1.6875
v 3.1875 2.88 -3.375
v 4.7812 0.28 -0
v 4.7812 3.14 -1.6875
v 3.4531 1.06 -3.0938
v -0 0.28 -2.8125
v -3.7188 5.74 -2.8125
v -2.9219 6.52 -3.375
v -2.3906 6 -3.375
v -3.7188 3.92 -3.375
v -2.3906 3.92 -3.375
v -0 1.84 -3.375
v 2.3906 6 -3.375
v 2.9219 6.52 -3.375
v -2.125 6.52 -4.5
v 2.125 6.52 -4.5
v 3.1875 4.96 -4.5
v 2.125 4.44 -4.5
v -0 2.88 -4.5
v -0 7.04 2.25
v -3.4531 2.36 -3.9375
v -3.9844 2.36 -3.9375
v 3.9844 6.52 -3.9375
v 3.7187 3.4 -2.25
v 4.7812 5.48 -2.8125
v 3.1875 1.32 -3.6562
v -0 2.36 -2.7
v 2.6562 4.44 -5.0625
v 2.6562 4.96 -4.7812
v 2.6562 4.96 -4.5
v -2.6563 4.96 -4.5
v 2.125 4.96 -4.5
v -2.125 4.44 -5.0625
v -2.125 4.96 -4.7812
v -2.125 4.96 -4.5
v -3.1875 0.8 3.0938
v -0 0.8 2.25
v -3.1875 4.7 3.9375
v -0 9.12 2.25
v 3.1875 4.96 2.25
v 3.7187 8.34 3.0937
v 2.3906 1.32 4.7812
v 3.1875 3.92 3.9375
v -2.3906 6.52 4.7812
v -3.1875 3.92 3.9375
v -0 6.52 3.9375
v -0 1.32 3.9375
v -0.5313 7.9695 4.9511
v 0.5312 8.4582 4.7587
v 0.2656 7.7252 5.0473
v -0 6.52 5.625
v 1.0625 2.88 -4.6125
v -0 4.44 -4.6125
v -0 0.8 -4.6125
v -1.0625 1.58 -4.275
v 4.25 8.34 -2.25
v 4.5156 10.94 1.9687
v 4.25 6.52 2.25
v 4.25 2.62 -2.25
v 3.9844 1.06 -2.5312
v 3.7187 1.06 -2.8125
v 3.9844 2.1 -2.5312
v -4.25 2.62 -2.25
v -3.9844 2.1 -2.5312
v -3.9844 1.06 -2.5312
v -4.25 5.48 -2.25
v -4.5156 3.14 1.9688
v 2.6562 7.04 5.0625
v -0.5313 7.9695 4.9511
v 0.5312 7.9695 4.9511
v -0.2656 7.7252 5.0473
v 0.5312 8.036 4.3263
v -0.3757 7.6905 4.4624
v -0.3757 8.3815 4.1903
v 0.3756 8.3815 4.1903
v 0.3756 7.6905 4.4624
v -0 7.5473 4.5187
v -0.5313 8.036 4.3263
v -0 8.5246 4.1339
v -0 2.36 -3.9375
v -0 1.06 -3.0938
v -2.7891 2.88 7.875
v 3.5859 0.8 6.4688
v -0 11.46 2.8125
v 4.7812 3.14 -0
v -4.25 8.34 -0
v -2.3906 12.76 -0
v 4.25 8.34 -0
v -3.1875 4.83 3.0938
v -0 8.34 2.25
v -0 7.3 4.7812
v -0 8.34 -2.25
v -4.7813 3.14 -0
v -0 0.8 3.0938
v -3.5859 0.8 6.4688
v -0 1.58 -4.1625
v 3.1875 4.83 3.0938
v 2.3906 12.76 -0
v -0 2.88 -3.375
v -4.25 2.88 5.0625
v 4.7812 10.94 -0
v 1.0625 4.44 -4.6125
v -0 13.28 -0
v -4.7813 10.94 -0
v -0 11.2 -3.0938
v 4.25 2.88 5.0625
v -3.9844 4.44 -3.9375
v -0 3.66 2.8125
v -0 3.92 5.625
v -0 3.92 -3.375
v -0 11.46 -2.8125
v -0 4.44 -4.5
v -0 -0.24 0
v -4.25 2.88 6.75
v -0 2.88 4.5
v -1.3281 2.88 7.3125
v 2.7891 2.88 7.875
v 1.3281 2.88 7.3125
v 4.25 2.88 6.75
v -0 4.7 3.9375
v -0 11.2 3.0937
v -0 5.74 -2.8125
v 3.9844 4.44 -3.9375
v 2.3906 3.92 4.7812
v -2.3906 3.92 4.7812
v -0 1.58 -4.275
v -2.125 -0.24 2.25
v 4.25 -0.24 1.125
v 1.5937 9.12 3.375
v -3.7188 1.84 4.5
v -2.125 -0.24 -2.25
v 1.5937 8.6 3.9375
v -3.7188 12.24 -1.4063
v 4.3828 9.64 1.2656
v 4.7812 9.64 0.8437
v -4.7813 9.64 -0.8438
v -4.3828 9.64 -1.2656
v 3.7187 12.24 1.4062
v -2.125 0.28 2.25
v -2.125 9.64 2.25
v 2.2578 9.64 2.3906
v -1.8594 9.64 -2.8125
v -2.2578 9.64 -2.3906
v -4.7813 12.24 -0.8438
v -3.9844 12.24 -1.6875
v 4.5156 12.24 0.5625
v 4.7812 12.24 0.8437
v 1.0625 13.28 1.4062
v 2.125 -0.24 -2.25
v -1.7266 12.37 2.8125
v 1.7266 12.37 -2.8125
v 0.9297 1.84 6.75
v -2.6563 6 -4.9219
v -1.8594 4.96 4.5
v -0.5313 6 5.9062
v 3.7187 12.24 -1.4063
v 1.3281 6 5.9062
v 2.125 5.74 -5.0625
v -4.6484 9.64 0.7031
v -1.0625 13.28 -1.4063
v 1.8594 6 5.0625
v -2.6563 6 5.3438
v 2.9219 6 5.3438
v -1.8594 6 5.0625
v -1.7266 0.8 6.1875
v -2.5234 0.8 7.0312
v 4.7812 1.84 5.625
v -4.7813 1.84 5.625
v 1.9922 1.84 7.875
v -0.2656 9.64 3.2344
v -3.7188 3.92 7.875
v 0.6641 3.92 6.75
v 1.0625 11.98 2.9531
v -1.9922 1.84 7.875
v -1.7266 3.92 7.875
v 0.7969 1.32 5.625
v 1.0625 10.42 3.2344
v 1.3281 9.64 2.9531
v -1.0625 10.42 3.2344
v -1.8594 10.42 2.8125
v 1.8594 10.42 2.8125
v 1.0625 10.42 -3.2344
v -0.3984 6.52 5.2031
v 1.3281 9.64 -2.9531
v -1.0625 9.64 -2.8125
v 1.8594 10.42 -2.8125
v -1.0625 10.42 -3.2344
v -1.8594 10.42 -2.8125
v -3.7188 1.97 2.8125
v -1.8594 7.04 2.8125
v -4.7813 1.71 -1.6875
v 3.3203 0.8 5.3438
v -4.7813 6 -0.8438
v -1.5938 3.92 -3.375
v -1.8594 4.96 -2.8125
v -1.7266 9.64 2.6719
v 4.7812 1.71 1.6875
v 4.7812 6 0.8438
v -1.5938 1.84 -3.375
v 4.7812 3.92 5.625
v -3.1875 2.88 2.25
v -1.8594 6.52 -2.8125
v 4.7812 9.64 -0.8438
v 1.7266 4.96 -3.375
v 4.6484 9.64 -0.7031
v -1.5938 5.22 -4.5
v -2.125 7.04 -2.25
v 2.2578 7.04 2.3906
v 2.125 9.64 2.25
v -4.7813 4.96 -3.375
v -4.7813 4.18 -2.5312
v -3.1875 3.92 -4.5
v 0.7969 6.52 5.625
v -4.7813 4.18 -2.25
v -3.7188 4.18 -2.5312
v -3.7188 4.18 -2.25
v -4.7813 9.64 0.8437
v 4.7812 2.88 -3.375
v 4.7812 2.62 -2.25
v 4.7812 4.18 -2.5312
v 3.7187 4.96 -3.375
v 3.7187 4.18 -2.5312
v -2.125 6 6.75
v -1.3281 6 5.9062
v 2.125 9.64 -2.25
v 2.125 6 -4.9219
v -1.0625 2.36 -3.825
v 2.125 -0.24 2.25
v 4.25 -0.24 -1.125
v -1.0625 0.8 -4.5
v 3.0547 10.55 2.8125
v -1.0625 0.8 -3.9375
v 0.5312 1.06 -3.7969
v 2.125 1.84 -3.375
v 0.3984 1.32 5.2031
v 1.3281 11.98 2.8125
v -2.6563 3.14 -5.0625
v -2.6563 3.92 -4.6406
v 2.125 3.14 -5.0625
v 2.125 3.92 -4.6406
v 1.0625 11.98 -2.9531
v -1.5938 0.8 3.9375
v 3.0547 0.8 5.0625
v 1.5937 5.22 5.625
v 2.2578 0.28 -2.3906
v -2.125 0.28 -2.25
v 3.1875 2.75 3.9375
v -1.5938 8.6 3.9375
v -1.5938 9.12 3.375
v 2.2578 0.28 2.3906
v -3.1875 7.04 2.25
v -0.7969 6.52 5.625
v 1.5937 2.62 5.625
v 1.5937 0.8 3.9375
v -1.5938 2.62 5.625
v -2.6563 5.74 -5.0625
v 1.9922 6.52 4.3594
v -1.9922 1.32 4.3594
v -0.7969 1.32 5.625
v -3.7188 2.62 -2.25
v -4.25 9.64 1.125
v 2.5234 0.8 5.0625
v -2.6563 1.58 -3.5156
v 1.0625 0.8 -3.9375
v 3.9844 12.24 -1.6875
v 1.0625 13.28 -1.4063
v 1.7266 9.64 -2.6719
v -3.0547 10.55 2.8125
v -4.7813 12.24 0.8437
v 4.7812 12.24 -0.8438
v -4.5156 12.24 0.5625
v 3.0547 10.55 -2.8125
v 1.8594 4.96 4.5
v 1.8594 6.52 -2.8125
v -3.1875 6 5.625
v -0.2656 9.64 -3.2344
v -1.0625 11.98 -2.9531
v -1.3281 11.98 -2.8125
v 1.0625 9.64 -2.8125
v 1.3281 11.98 -2.8125
v 1.0625 2.36 -3.825
v 1.0625 0.8 -4.5
v 2.125 6 6.75
v 3.7187 2.88 -3.375
v -3.0547 10.55 -2.8125
v 4.7812 2.62 -3.0938
v 3.7187 2.62 -3.0938
v 4.7812 4.18 -2.25
v 1.8594 0.8 4.5
v 3.7187 1.84 4.5
v -3.7188 3.92 4.5
v 2.125 5.22 -4.6125
v -1.5938 5.22 5.625
v 3.1875 6.65 3.9375
v -4.25 -0.24 -1.125
v -4.25 7.04 1.125
v 1.8594 9.64 2.8125
v 4.25 7.04 1.125
v -3.7188 1.84 7.875
v -4.6484 0.28 0.7031
v -4.25 0.28 1.125
v -1.7266 0.28 -2.6719
v 2.125 0.28 -2.25
v 4.25 0.28 -1.125
v 4.6484 0.28 0.7031
v 2.125 0.28 2.25
v -1.7266 0.28 2.6719
v 4.6484 4.57 1.8281
v -3.3203 0.8 5.3438
v -4.7813 3.92 5.625
v -3.7188 2.62 -3.0938
v 4.7812 4.96 -3.375
v 4.3828 1.71 2.1094
v -2.125 1.84 -3.375
v 4.25 0.28 1.125
v 4.3828 0.28 -1.2656
v 3.0547 2.88 -3.375
v -2.6563 3.66 -4.5
v 3.7187 1.84 7.875
v -1.0625 13.28 1.4062
v 4.25 9.64 1.125
v -4.25 9.64 -1.125
v -1.8594 9.64 2.8125
v -2.125 9.64 -2.25
v 1.7266 12.37 2.8125
v -3.7188 12.24 1.4062
v -1.7266 12.37 -2.8125
v -2.9219 6 5.3438
v 3.1875 6 5.625
v -1.8594 0.8 4.5
v 0.1328 0.8 6.1875
v 1.7266 0.8 6.1875
v 2.5234 0.8 7.0312
v 1.8594 9.64 -2.8125
v 3.7187 3.92 4.5
v 3.7187 3.92 7.875
v -0.6641 3.92 6.75
v 1.0625 9.64 2.8125
v -1.8594 0.28 2.8125
v 3.7187 1.97 2.8125
v -4.7813 0.28 0.8438
v -4.7813 1.71 1.6875
v 4.7812 0.28 -0.8438
v 4.7812 1.71 -1.6875
v -1.8594 0.28 -2.8125
v -3.7188 4.96 -3.375
v -1.7266 4.96 -3.375
v 1.8594 1.84 -3.375
v 3.1875 6 -4.5
v 1.5937 5.22 -4.5
v -1.5938 2.88 -4.5
v 2.125 7.04 2.25
v -3.0547 0.8 5.0625
v 3.7187 4.18 -2.25
v 2.125 2.36 -2.7
v 2.6562 3.14 -5.0625
v 2.6562 3.92 -4.6406
v 2.6562 6 -4.5
v -1.0625 11.98 2.9531
v -2.6563 6 -4.5
v -1.3281 11.98 2.8125
v 2.125 6 -4.5
v -2.125 3.14 -5.0625
v -2.125 3.92 -4.6406
v -2.125 6 -4.5
v -1.5938 0.8 2.25
v -3.1875 2.75 3.9375
v -1.5938 9.12 2.25
v 1.7266 3.92 7.875
v 3.1875 7.04 2.25
v 3.1875 2.62 3.9375
v -3.1875 2.62 3.9375
v -1.5938 6.52 3.9375
v -1.5938 1.32 3.9375
v -0 5.22 -4.6125
v 4.5156 1.45 -1.9688
v 4.3828 1.19 -2.1094
v -4.5156 1.45 -1.9688
v -4.3828 1.19 -2.1094
v -4.6484 4.57 1.8281
v -4.25 7.04 -1.125
v -4.25 -0.24 1.125
v 4.25 9.64 -1.125
v 2.125 3.66 -4.6125
v 4.25 7.04 -1.125
v -4.3828 0.28 -1.2656
v -4.25 0.28 -1.125
v -0.9297 1.84 6.75
v -3.1875 6 -4.5
v -4.7813 2.62 -2.25
v -4.7813 4.57 -1.6875
v 1.5937 3.92 -3.375
v 1.5937 1.84 -3.375
v -1.7266 7.04 2.6719
v 2.125 7.04 -2.25
v -4.7813 6 0.8438
v 4.7812 6 -0.8438
v -3.7188 5.35 2.8125
v 1.8594 7.04 2.8125
v 1.8594 4.96 -2.8125
v -4.7813 2.62 -3.0938
v -4.7813 2.88 -3.375
v 4.7812 4.57 1.6875
v -1.0625 9.64 2.8125
v 1.8594 0.28 2.8125
v 3.7187 5.35 2.8125
v -4.7813 0.28 -0.8438
v -4.7813 4.57 1.6875
v 4.7812 0.28 0.8438
v 4.7812 4.57 -1.6875
v 1.8594 0.28 -2.8125
v -3.7188 2.88 -3.375
v -3.0547 2.88 -3.375
v -1.8594 1.84 -3.375
v 3.1875 3.92 -4.5
v 2.6562 3.66 -4.5
v 1.5937 2.88 -4.5
v -2.125 7.04 2.25
v 3.7187 2.62 -2.25
v -2.125 2.36 -2.7
v 2.6562 5.74 -5.0625
v 2.6562 6 -4.9219
v 2.6562 3.92 -4.5
v -2.6563 3.92 -4.5
v 2.125 3.92 -4.5
v -2.125 5.74 -5.0625
v -2.125 6 -4.9219
v -2.125 3.92 -4.5
v 1.5937 0.8 2.25
v -3.1875 6.65 3.9375
v 1.5937 9.12 2.25
v 3.1875 2.88 2.25
v 3.1875 5.22 3.9375
v -3.1875 5.22 3.9375
v 1.5937 6.52 3.9375
v 1.5937 1.32 3.9375
v -0 3.66 -4.6125
v 3.9844 3.79 -2.5312
v 3.5859 3.01 -2.9531
v -3.9844 3.79 -2.5312
v -3.5859 3.01 -2.9531
v -4.3828 1.71 2.1094
v -4.25 4.05 -2.25
v -4.5156 4.31 -1.9688
v -3.5859 1.97 -2.9531
v 1.7266 2.36 -3.9375
v -1.7266 2.36 -3.9375
v 3.5859 1.97 -2.9531
v 4.25 4.05 -2.25
v 4.5156 4.31 -1.9688
v -1.7266 1.06 -3.0938
v 1.7266 1.06 -3.0938
v 3.1875 6 6.75
v 0.7969 1.32 4.7812
v 1.1953 1.32 4.3594
v -0.7969 6.52 4.7812
v -1.1953 6.52 4.3594
v -2.8555 1.84 7.875
v -2.7227 3.92 7.875
v 1.0625 1.32 -3.6562
v 1.5937 1.58 -3.5156
v 4.7812 4.44 -2.8125
v 4.7812 4.7 -3.0938
v -3.7188 4.44 -2.8125
v -3.7188 4.7 -3.0938
v 2.125 5.48 -4.5
v 2.6562 5.74 -4.5
v -2.125 5.48 -4.5
v -2.6563 5.74 -4.5
v 2.3906 4.96 -3.375
v 3.0547 4.96 -3.375
v -2.3906 4.96 -3.375
v -3.0547 4.96 -3.375
v 3.918 0.8 5.7656
v 3.2539 0.8 7.1719
v 2.2578 0.8 6.75
v 1.9922 0.8 6.4688
v 1.1953 0.8 6.1875
v 0.6641 0.8 6.1875
v -0.5313 0.8 5.625
v -1.1953 0.8 5.0625
v 0.6641 0.8 5.0625
v 1.5937 6 6.1875
v 1.8594 6 6.4688
v -1.5938 6 6.1875
v -1.8594 6 6.4688
v -3.0547 11.85 -2.8125
v -0 12.37 2.8125
v -0 10.55 2.8125
v -1.1953 11.46 2.8125
v 1.1953 11.46 2.8125
v 3.0547 11.85 2.8125
v -3.0547 11.85 2.8125
v 4.25 12.24 0.8437
v 3.9844 12.24 1.125
v -4.25 12.24 0.8437
v -3.9844 12.24 1.125
v 4.7812 4.57 -0
v 4.7812 1.71 -0
v 4.7812 3.14 0.8438
v 4.7812 3.14 -0.8438
v -4.25 8.34 -1.125
v -4.25 8.34 1.125
v -2.3906 12.76 -1.4063
v -2.3906 12.76 1.4062
v 4.25 8.34 1.125
v 4.25 8.34 -1.125
v 4.3828 4.83 2.1094
v 3.9844 5.09 2.5312
v -3.1875 2.815 3.0938
v -3.1875 6.845 3.0938
v 3.9844 11.59 -2.5313
v -4.5156 11.59 -1.9688
v -2.125 8.34 2.25
v 2.125 8.34 2.25
v -2.125 8.34 -2.25
v 2.125 8.34 -2.25
v -4.7813 4.57 -0
v -4.7813 1.71 -0
v -4.7813 3.14 -0.8438
v -4.7813 3.14 0.8438
v 1.5937 0.8 3.0938
v -1.5938 0.8 3.0938
v -3.1875 6 6.75
v -3.918 0.8 5.7656
v -3.2539 0.8 7.1719
v -1.1953 1.32 5.2031
v -1.5938 1.32 4.7812
v 1.1953 6.52 5.2031
v 1.5937 6.52 4.7812
v 1.0625 1.58 -4.1625
v -1.0625 1.58 -4.1625
v 3.1875 2.815 3.0938
v 3.1875 6.845 3.0938
v 2.3906 12.76 1.4062
v 2.3906 12.76 -1.4063
v -1.5938 2.88 -3.375
v 1.5937 2.88 -3.375
v -4.25 1.84 5.0625
v -4.25 3.92 5.0625
v 4.7812 10.94 0.8437
v 4.7812 10.94 -0.8438
v 1.0625 5.22 -4.6125
v 1.0625 3.66 -4.6125
v -0 13.28 -1.4063
v -0 13.28 1.4062
v -4.7813 10.94 0.8437
v -4.7813 10.94 -0.8438
v -0 11.98 -2.9531
v -0 10.42 -3.2344
v -1.5938 1.06 -3.7969
v -2.125 1.32 -3.6562
v -3.9844 5.09 2.5312
v -4.3828 4.83 2.1094
v 3.7187 4.7 -3.0938
v 3.7187 4.44 -2.8125
v 4.25 3.92 5.0625
v 4.25 1.84 5.0625
v -3.9844 5.48 -3.9375
v -3.9844 3.4 -3.9375
v -0 5.35 2.8125
v -0 1.97 2.8125
v -1.8594 3.66 2.8125
v 1.8594 3.66 2.8125
v 0.7969 3.92 5.625
v -0.7969 3.92 5.625
v -0 5.22 5.625
v -0 2.62 5.625
v -0 4.96 -3.375
v -0 2.88 -3.375
v -1.1953 3.92 -3.375
v 1.1953 3.92 -3.375
v -4.7813 4.7 -3.0938
v -4.7813 4.44 -2.8125
v 1.1953 11.46 -2.8125
v -1.1953 11.46 -2.8125
v -0 10.55 -2.8125
v -0 12.37 -2.8125
v -0 5.22 -4.5
v -0 3.66 -4.5
v 1.0625 4.44 -4.5
v -1.0625 4.44 -4.5
v 2.125 -0.24 0
v -2.125 -0.24 0
v -0 -0.24 1.125
v -0 -0.24 -1.125
v -4.25 1.84 6.75
v -4.25 3.92 6.75
v -1.8594 2.88 4.5
v 1.8594 2.88 4.5
v -0 3.92 4.5
v -0 1.84 4.5
v -4.5156 11.59 1.9687
v -0.3984 1.84 6.75
v 0.3984 1.84 6.75
v -0 2.88 6.75
v -1.4609 1.84 7.3125
v -1.1953 3.92 7.3125
v 2.7226 3.92 7.875
v 2.8555 1.84 7.875
v 1.1953 3.92 7.3125
v 1.4609 1.84 7.3125
v 4.25 3.92 6.75
v 4.25 1.84 6.75
v -0 2.75 3.9375
v -0 6.65 3.9375
v 1.5937 4.7 3.9375
v -1.5938 4.7 3.9375
v -0 11.98 2.9531
v -0 10.42 3.2344
v 1.8594 5.74 -2.8125
v -1.8594 5.74 -2.8125
v -1.9922 0.8 6.4688
v -2.2578 0.8 6.75
v 1.0625 6 5.3438
v -0.7969 6 5.3438
v 0.2656 6 5.625
v 3.9844 3.4 -3.9375
v 3.9844 5.48 -3.9375
v 2.3906 5.22 4.7812
v 2.3906 2.62 4.7812
v -2.3906 2.62 4.7812
v -2.3906 5.22 4.7812
v 3.9844 11.59 2.5312
v 3.0547 11.85 -2.8125
v 4.5156 12.24 -1.125
v 4.25 12.24 -1.4063
v -4.5156 12.24 -1.125
v -4.25 12.24 -1.4063
v -1.5938 6.65 3.9375
v 1.5937 6.65 3.9375
v 1.5937 2.75 3.9375
v 1.8594 1.84 4.5
v 1.8594 3.92 4.5
v -1.8594 3.92 4.5
v -2.125 -0.24 -1.125
v -2.125 -0.24 1.125
v 2.125 -0.24 1.125
v -1.3281 3.66 -4.5
v 1.3281 3.66 -4.5
v -1.5273 10.55 -2.8125
v 1.5273 10.55 -2.8125
v 1.5273 2.88 -3.375
v -1.5273 2.88 -3.375
v -0.7969 2.62 5.625
v -0.7969 5.22 5.625
v 0.7969 5.22 5.625
v 1.8594 1.97 2.8125
v -1.8594 1.97 2.8125
v -1.8594 5.35 2.8125
v -4.7813 1.71 -0.8438
v -1.5273 10.55 2.8125
v -4.7813 1.71 0.8438
v 1.5273 10.55 2.8125
v 4.7812 4.57 0.8438
v 4.7812 1.71 -0.8438
v 4.7812 1.71 0.8438
v -4.7813 4.57 -0.8438
v 4.7812 4.57 -0.8438
v -4.7813 4.57 0.8438
v 1.8594 5.35 2.8125
v 0.7969 2.62 5.625
v 2.125 -0.24 -1.125
v -1.8594 1.84 4.5
v -1.5938 2.75 3.9375
v -3.1875 -0.24 2.25
v 0.7969 9.12 3.375
v -3.1875 -0.24 -2.25
v 0.7969 8.6 3.9375
v -1.0625 0.28 2.25
v -3.1875 9.64 2.25
v 3.2539 9.64 2.3203
v -2.7891 9.64 -2.8125
v -3.2539 9.64 -2.3203
v 1.0625 -0.24 -2.25
v -2.7891 4.96 4.5
v 2.7891 6 5.0625
v -0.9297 6 5.0625
v -3.7188 1.125 2.8125
v -2.7891 7.04 2.8125
v -2.3906 3.92 -3.375
v -2.7891 4.96 -2.8125
v -0.7305 9.64 2.6016
v -2.3906 1.84 -3.375
v -3.1875 3.92 2.25
v -2.7891 6.52 -2.8125
v -3.1875 7.04 -2.25
v 3.2539 7.04 2.3203
v 1.0625 9.64 2.25
v 1.0625 9.64 -2.25
v 1.0625 -0.24 2.25
v 1.3281 0.93 -3.8672
v 3.1875 1.84 -3.375
v -2.3906 0.8 3.9375
v 1.2617 0.28 -2.4609
v -1.0625 0.28 -2.25
v 3.1875 1.775 3.9375
v -2.3906 8.6 3.9375
v -2.3906 9.12 3.375
v 1.2617 0.28 2.4609
v -3.1875 8.08 2.25
v 0.7969 0.8 3.9375
v -1.8594 1.45 -3.5859
v 0.7305 9.64 -2.6016
v 0.9297 4.96 4.5
v 0.9297 6.52 -2.8125
v 0.9297 0.8 4.5
v 3.1875 5.675 3.9375
v 0.9297 9.64 2.8125
v -2.7227 0.28 -2.7422
v 3.1875 0.28 -2.25
v 3.1875 0.28 2.25
v -2.7227 0.28 2.7422
v -1.0625 1.84 -3.375
v -2.7891 9.64 2.8125
v -3.1875 9.64 -2.25
v -2.7891 0.8 4.5
v 0.9297 9.64 -2.8125
v -2.7891 0.28 2.8125
v 3.7187 1.125 2.8125
v -2.7891 0.28 -2.8125
v 2.7891 1.84 -3.375
v -2.3906 2.88 -4.5
v 3.1875 7.04 2.25
v 3.1875 2.36 -2.7
v -2.3906 0.8 2.25
v -3.1875 1.775 3.9375
v -2.3906 9.12 2.25
v 3.1875 8.08 2.25
v -2.3906 6.52 3.9375
v -2.3906 1.32 3.9375
v 0.7969 3.92 -3.375
v 0.7969 1.84 -3.375
v -0.7305 7.04 2.6016
v 1.0625 7.04 -2.25
v -3.7188 4.505 2.8125
v 0.9297 7.04 2.8125
v 0.9297 4.96 -2.8125
v 0.9297 0.28 2.8125
v 3.7187 4.505 2.8125
v 0.9297 0.28 -2.8125
v -0.9297 1.84 -3.375
v 0.7969 2.88 -4.5
v -1.0625 7.04 2.25
v -1.0625 2.36 -2.7
v 0.7969 0.8 2.25
v -3.1875 5.675 3.9375
v 0.7969 9.12 2.25
v 3.1875 3.92 2.25
v 0.7969 6.52 3.9375
v 0.7969 1.32 3.9375
v 2.5898 2.36 -3.9375
v -0.8633 2.36 -3.9375
v -2.5899 1.06 -3.0938
v 0.8633 1.06 -3.0938
v 1.5937 1.32 4.7812
v -1.5938 6.52 4.7812
v 2.125 1.32 -3.6562
v 2.3906 1.45 -3.5859
v 0.3984 0.8 5.625
v 4.3164 5.675 2.1797
v -3.1875 1.8075 3.0938
v -3.1875 5.8375 3.0938
v -3.1875 8.34 2.25
v 1.0625 8.34 2.25
v -3.1875 8.34 -2.25
v 1.0625 8.34 -2.25
v 2.3906 0.8 3.0938
v -0.7969 0.8 3.0938
v 3.1875 1.8075 3.0938
v 3.1875 5.8375 3.0938
v -2.3906 2.88 -3.375
v 0.7969 2.88 -3.375
v -2.3906 1.19 -3.7266
v -4.3164 5.675 2.1797
v -0 6.195 2.8125
v -0 2.815 2.8125
v -2.7891 3.66 2.8125
v 0.9297 3.66 2.8125
v 3.1875 -0.24 0
v -1.0625 -0.24 0
v -2.7891 2.88 4.5
v 0.9297 2.88 4.5
v -0 1.775 3.9375
v -0 5.675 3.9375
v 2.3906 4.7 3.9375
v -0.7969 4.7 3.9375
v 2.7891 5.74 -2.8125
v -0.9297 5.74 -2.8125
v -0.6641 6 5.625
v -1.0625 -0.24 2.25
v 2.3906 9.12 3.375
v -1.0625 -0.24 -2.25
v 2.3906 8.6 3.9375
v -3.1875 0.28 2.25
v -1.0625 9.64 2.25
v 1.2617 9.64 2.4609
v -0.9297 9.64 -2.8125
v -1.2617 9.64 -2.4609
v 3.1875 -0.24 -2.25
v -0.9297 4.96 4.5
v 0.9297 6 5.0625
v -2.7891 6 5.0625
v -3.7188 2.815 2.8125
v -0.9297 7.04 2.8125
v -0.7969 3.92 -3.375
v -0.9297 4.96 -2.8125
v -2.7227 9.64 2.7422
v -0.7969 1.84 -3.375
v -3.1875 1.84 2.25
v -0.9297 6.52 -2.8125
v -1.0625 7.04 -2.25
v 1.2617 7.04 2.4609
v 3.1875 9.64 2.25
v 3.1875 9.64 -2.25
v 3.1875 -0.24 2.25
v -0.2656 1.19 -3.7266
v 1.0625 1.84 -3.375
v -0.7969 0.8 3.9375
v 3.2539 0.28 -2.3203
v -3.1875 0.28 -2.25
v 3.1875 3.725 3.9375
v -0.7969 8.6 3.9375
v -0.7969 9.12 3.375
v 3.2539 0.28 2.3203
v -3.1875 6 2.25
v 2.3906 0.8 3.9375
v -3.4531 1.71 -3.4453
v 2.7227 9.64 -2.7422
v 2.7891 4.96 4.5
v 2.7891 6.52 -2.8125
v 2.7891 0.8 4.5
v 3.1875 7.625 3.9375
v 2.7891 9.64 2.8125
v -0.7305 0.28 -2.6016
v 1.0625 0.28 -2.25
v 1.0625 0.28 2.25
v -0.7305 0.28 2.6016
v -3.1875 1.84 -3.375
v -0.9297 9.64 2.8125
v -1.0625 9.64 -2.25
v -0.9297 0.8 4.5
v 2.7891 9.64 -2.8125
v -0.9297 0.28 2.8125
v 3.7187 2.815 2.8125
v -0.9297 0.28 -2.8125
v 0.9297 1.84 -3.375
v -0.7969 2.88 -4.5
v 1.0625 7.04 2.25
v 1.0625 2.36 -2.7
v -0.7969 0.8 2.25
v -3.1875 3.725 3.9375
v -0.7969 9.12 2.25
v 3.1875 6 2.25
v -0.7969 6.52 3.9375
v -0.7969 1.32 3.9375
v 2.3906 3.92 -3.375
v 2.3906 1.84 -3.375
v -2.7227 7.04 2.7422
v 3.1875 7.04 -2.25
v -3.7188 6.195 2.8125
v 2.7891 7.04 2.8125
v 2.7891 4.96 -2.8125
v 2.7891 0.28 2.8125
v 3.7187 6.195 2.8125
v 2.7891 0.28 -2.8125
v -2.7891 1.84 -3.375
v 2.3906 2.88 -4.5
v -3.1875 7.04 2.25
v -3.1875 2.36 -2.7
v 2.3906 0.8 2.25
v -3.1875 7.625 3.9375
v 2.3906 9.12 2.25
v 3.1875 1.84 2.25
v 2.3906 6.52 3.9375
v 2.3906 1.32 3.9375
v 0.8633 2.36 -3.9375
v -2.5899 2.36 -3.9375
v -0.8633 1.06 -3.0938
v 2.5898 1.06 -3.0938
v -0 1.32 4.7812
v -0 6.52 4.7812
v -0 1.32 -3.6562
v 0.7969 1.71 -3.4453
v -1.4609 0.8 5.625
v 4.4492 3.985 2.0391
v -3.1875 3.8225 3.0938
v -3.1875 7.8525 3.0938
v -1.0625 8.34 2.25
v 3.1875 8.34 2.25
v -1.0625 8.34 -2.25
v 3.1875 8.34 -2.25
v 0.7969 0.8 3.0938
v -2.3906 0.8 3.0938
v 3.1875 3.8225 3.0938
v 3.1875 7.8525 3.0938
v -0.7969 2.88 -3.375
v 2.3906 2.88 -3.375
v -0.7969 0.93 -3.8672
v -4.4492 3.985 2.0391
v -0 4.505 2.8125
v -0 1.125 2.8125
v -0.9297 3.66 2.8125
v 2.7891 3.66 2.8125
v 1.0625 -0.24 0
v -3.1875 -0.24 0
v -0.9297 2.88 4.5
v 2.7891 2.88 4.5
v -0 3.725 3.9375
v -0 7.625 3.9375
v 0.7969 4.7 3.9375
v -2.3906 4.7 3.9375
v 0.9297 5.74 -2.8125
v -2.7891 5.74 -2.8125
v 1.1953 6 5.625
v 0.3984 6 5.9062
v 0.1328 6 5.3438
v 1.9922 6 5.3438
v -1.5938 5.675 3.9375
v -1.5938 7.625 3.9375
v -0.7969 6.65 3.9375
v -2.3906 6.65 3.9375
v 1.5937 5.675 3.9375
v 1.5937 7.625 3.9375
v 2.3906 6.65 3.9375
v 0.7969 6.65 3.9375
v 1.5937 1.775 3.9375
v 1.5937 3.725 3.9375
v 2.3906 2.75 3.9375
v 0.7969 2.75 3.9375
v 0.9297 1.84 4.5
v 2.7891 1.84 4.5
v 0.9297 3.92 4.5
v 2.7891 3.92 4.5
v -2.7891 3.92 4.5
v -0.9297 3.92 4.5
v -1.0625 -0.24 -1.125
v -3.1875 -0.24 -1.125
v -1.0625 -0.24 1.125
v -3.1875 -0.24 1.125
v 3.1875 -0.24 1.125
v 1.0625 -0.24 1.125
v 0.7969 5.22 -4.5
v -0.5977 11.915 -2.8125
v -0.8633 12.37 -2.8125
v -0.7637 10.55 -2.8125
v -2.291 10.55 -2.8125
v 2.291 10.55 -2.8125
v 0.7637 10.55 -2.8125
v 0.7637 2.88 -3.375
v 2.291 2.88 -3.375
v -2.291 2.88 -3.375
v -0.7637 2.88 -3.375
v -0.5977 4.44 -3.375
v -0.8633 4.96 -3.375
v 1.8594 2.815 2.8125
v 1.8594 1.125 2.8125
v 0.9297 1.97 2.8125
v 2.7891 1.97 2.8125
v -1.8594 2.815 2.8125
v -1.8594 1.125 2.8125
v -2.7891 1.97 2.8125
v -0.9297 1.97 2.8125
v -1.8594 6.195 2.8125
v -1.8594 4.505 2.8125
v -2.7891 5.35 2.8125
v -0.9297 5.35 2.8125
v -0.5977 11.915 2.8125
v -0.8633 12.37 2.8125
v -2.291 10.55 2.8125
v -0.7637 10.55 2.8125
v -0.7969 0.8 6.1875
v -0.2656 0.8 5.0625
v 1.5937 0.8 5.0625
v 0.7637 10.55 2.8125
v 2.291 10.55 2.8125
v -2.125 0.8 5.0625
v 0.5977 11.915 2.8125
v 0.8633 12.37 2.8125
v 1.8594 6.195 2.8125
v 1.8594 4.505 2.8125
v 0.9297 5.35 2.8125
v 2.7891 5.35 2.8125
v 0.5977 4.44 -3.375
v 0.8633 4.96 -3.375
v 0.5977 11.915 -2.8125
v 0.8633 12.37 -2.8125
v -0.7969 5.22 -4.5
v 3.1875 -0.24 -1.125
v 1.0625 -0.24 -1.125
v -2.7891 1.84 4.5
v -0.9297 1.84 4.5
v -1.5938 1.775 3.9375
v -1.5938 3.725 3.9375
v -0.7969 2.75 3.9375
v -2.3906 2.75 3.9375
v -1.7266 6 5.3438
v -2.3906 3.725 3.9375
v -0.7969 3.725 3.9375
v -0.7969 1.775 3.9375
v 2.7891 4.505 2.8125
v 0.9297 4.505 2.8125
v 0.9297 6.195 2.8125
v -0.9297 4.505 2.8125
v -2.7891 4.505 2.8125
v -2.7891 6.195 2.8125
v -0.9297 1.125 2.8125
v -2.7891 1.125 2.8125
v -2.7891 2.815 2.8125
v 2.7891 1.125 2.8125
v 0.9297 1.125 2.8125
v 0.9297 2.815 2.8125
v 0.7969 3.725 3.9375
v 2.3906 3.725 3.9375
v 2.3906 1.775 3.9375
v 0.7969 7.625 3.9375
v 2.3906 7.625 3.9375
v 2.3906 5.675 3.9375
v -2.3906 7.625 3.9375
v -0.7969 7.625 3.9375
v -0.7969 5.675 3.9375
v -2.3906 5.675 3.9375
v 0.7969 5.675 3.9375
v 0.7969 1.775 3.9375
v 2.7891 2.815 2.8125
v -0.9297 2.815 2.8125
v -0.9297 6.195 2.8125
v 2.7891 6.195 2.8125
v -2.3906 1.775 3.9375
vt 0.7473 0.5
vt 0.7692 0.4844
vt 0.7692 0.5
vt 0.4176 0.6094
vt 0.4396 0.5938
vt 0.4396 0.6094
vt 0.8352 0.2188
vt 0.8462 0.25
vt 0.8352 0.25
vt 0.9341 0.3516
vt 0.8681 0.2812
vt 0.9341 0.2812
vt 0.8022 0.3203
vt 0.8132 0.3438
vt 0.8132 0.3203
vt 0.4698 0.2695
vt 0.4505 0.2656
vt 0.467 0.2656
vt 0.4615 0.6406
vt 0.4835 0.6562
vt 0.4615 0.6562
vt 0.206 0.2695
vt 0.1868 0.2656
vt 0.2033 0.2656
vt 0.8132 0.3594
vt 0.8022 0.3438
vt 0.8022 0.3594
vt 0.1648 0.2656
vt 0.1538 0.2812
vt 0.1442 0.2676
vt 0.2088 0.7188
vt 0.1978 0.7031
vt 0.2088 0.7031
vt 0.2843 0.2793
vt 0.2747 0.2656
vt 0.294 0.2656
vt 0.2582 0.0625
vt 0.2527 0.0781
vt 0.2527 0.0547
vt 0.4341 0.125
vt 0.4396 0.0938
vt 0.4396 0.1172
vt 0.4835 0.5938
vt 0.4615 0.6094
vt 0.4615 0.5938
vt 0.6703 0.4609
vt 0.6484 0.4531
vt 0.6703 0.4375
vt 0.4011 0.1719
vt 0.3874 0.1836
vt 0.3736 0.1562
vt 0.5165 0.1875
vt 0.5275 0.1875
vt 0.522 0.2266
vt 0.6538 0.6484
vt 0.6703 0.6875
vt 0.6538 0.6875
vt 0.5549 0.5703
vt 0.5385 0.5312
vt 0.5549 0.5312
vt 0.6813 0.75
vt 0.6923 0.7812
vt 0.6813 0.7812
vt 0.5275 0.7812
vt 0.5165 0.75
vt 0.5275 0.75
vt 0.6703 0.75
vt 0.6484 0.7812
vt 0.6538 0.75
vt 0.5714 0.7812
vt 0.5824 0.75
vt 0.5824 0.7812
vt 0.6044 0.7812
vt 0.6044 0.75
vt 0.7857 0.1094
vt 0.8022 0.0938
vt 0.8022 0.125
vt 0.5714 0.2188
vt 0.5824 0.2344
vt 0.5714 0.2344
vt 0.7143 0.7422
vt 0.7115 0.75
vt 0.6923 0.75
vt 0.2253 0.6172
vt 0.2253 0.594
vt 0.2368 0.6008
vt 0.7335 0.9531
vt 0.728 0.9609
vt 0.7198 0.9375
vt 0.2747 0.4141
vt 0.294 0.3906
vt 0.294 0.4141
vt 0.1209 0.0938
vt 0.0989 0.0703
vt 0.1209 0.0703
vt 0.1648 0.8457
vt 0.1484 0.875
vt 0.1484 0.8457
vt 0.4505 0.9062
vt 0.4286 0.875
vt 0.4505 0.875
vt 0.5247 0.8125
vt 0.5165 0.7812
vt 0.4931 0.8125
vt 0.4725 0.7812
vt 0.4945 0.7812
vt 0.5742 0.8125
vt 0.5852 0.8125
vt 0.5714 0.9062
vt 0.5577 0.875
vt 0.5687 0.875
vt 0.1758 0.1875
vt 0.1703 0.2266
vt 0.1648 0.1875
vt 0.7802 0.375
vt 0.8022 0.3906
vt 0.7802 0.3906
vt 0.0934 0.1055
vt 0.0769 0.1094
vt 0.0989 0.0938
vt 0.1593 0.0703
vt 0.1429 0.0938
vt 0.1429 0.0703
vt 0.0989 0.0234
vt 0.0934 0.0234
vt 0.0989 0
vt 0.5824 0.3906
vt 0.5714 0.3516
vt 0.5824 0.3516
vt 0.2363 0.1055
vt 0.2527 0.1094
vt 0.2308 0.1094
vt 0.2473 0.0703
vt 0.2308 0.0938
vt 0.2308 0.0703
vt 0.1868 0.0234
vt 0.1813 0.0234
vt 0.1868 0
vt 0.7115 0.9062
vt 0.6923 0.875
vt 0.7115 0.875
vt 0.4945 0.6406
vt 0.4835 0.6094
vt 0.4945 0.6094
vt 0.6484 0.8125
vt 0.6703 0.7812
vt 0.6703 0.8125
vt 0.2418 0.375
vt 0.2527 0.4062
vt 0.2363 0.4062
vt 0.4396 0.6406
vt 0.4176 0.6406
vt 0.4286 0.4141
vt 0.4396 0.4219
vt 0.4286 0.4375
vt 0.2857 0.75
vt 0.2637 0.7344
vt 0.2857 0.7344
vt 0.7033 0.1406
vt 0.6813 0.1406
vt 0.7033 0.1172
vt 0.2857 0.375
vt 0.2747 0.3906
vt 0.2637 0.375
vt 0.3764 0.2109
vt 0.4011 0.2109
vt 0.4505 0.7031
vt 0.4396 0.7344
vt 0.4396 0.7031
vt 0.4505 0.7812
vt 0.4615 0.75
vt 0.1442 0.373
vt 0.1648 0.375
vt 0.1456 0.375
vt 0.5055 0.375
vt 0.5165 0.4062
vt 0.5 0.4062
vt 0.7857 0.2031
vt 0.7802 0.2188
vt 0.7747 0.2031
vt 0.6813 0.0625
vt 0.6593 0.0312
vt 0.6813 0.0312
vt 0.5934 0.1719
vt 0.6044 0.1875
vt 0.5989 0.1953
vt 0.7033 0.2812
vt 0.7157 0.2969
vt 0.7033 0.3125
vt 0.5879 0.6484
vt 0.5714 0.6875
vt 0.5714 0.6484
vt 0.6264 0.0469
vt 0.6374 0.0312
vt 0.6374 0.0625
vt 0.5549 0.1484
vt 0.5604 0.125
vt 0.5604 0.1484
vt 0.0302 0.4004
vt 0.011 0.375
vt 0.0302 0.375
vt 0.7692 0.0312
vt 0.7802 0.0469
vt 0.7692 0.0625
vt 0.6209 0.1094
vt 0.6044 0.0938
vt 0.6209 0.0781
vt 0.4176 0.8125
vt 0.4066 0.7812
vt 0.4176 0.7812
vt 0.8187 0.1484
vt 0.8242 0.125
vt 0.8242 0.1484
vt 0.8571 0.1719
vt 0.8681 0.1875
vt 0.8626 0.1953
vt 0.6264 0.25
vt 0.6044 0.2188
vt 0.6264 0.2188
vt 0.5934 -0
vt 0.6154 0.0156
vt 0.5934 0.0156
vt 0.8022 0.25
vt 0.8022 0.2188
vt 0.8132 0.25
vt 0.8242 0.25
vt 0.8352 0.2812
vt 0.4725 0.75
vt 0.4945 0.75
vt 0.7473 0.625
vt 0.7363 0.6016
vt 0.7473 0.6016
vt 0.7582 0.4844
vt 0.7582 0.4609
vt 0.7802 0.4844
vt 0.6154 0.4375
vt 0.6264 0.4219
vt 0.6264 0.4375
vt 0.8132 0.4375
vt 0.8022 0.4219
vt 0.8132 0.4219
vt 0.7802 0.4219
vt 0.8022 0.4375
vt 0.7802 0.4375
vt 0.1703 0.4336
vt 0.1648 0.4512
vt 0.1648 0.4258
vt 0.7198 0.4102
vt 0.7363 0.4062
vt 0.7143 0.4219
vt 0.2088 0.0234
vt 0.2088 0
vt 0.5495 0.4062
vt 0.5604 0.3594
vt 0.5714 0.3906
vt 0.5714 0.2734
vt 0.5687 0.2656
vt 0.2527 0.2266
vt 0.2363 0.2656
vt 0.2363 0.2266
vt 0.5934 0.3594
vt 0.6044 0.4062
vt 0.3516 0
vt 0.3736 0.0391
vt 0.3516 0.0391
vt 0.9341 0.0703
vt 0.8681 0
vt 0.9341 0
vt 0.5 0.1875
vt 0.5165 0.2266
vt 0.5 0.2266
vt 0.5824 0.125
vt 0.5824 0.1484
vt 0.1978 0.6094
vt 0.2088 0.5938
vt 0.2088 0.6094
vt 0.5714 0.4219
vt 0.5824 0.4219
vt 0.6813 0.875
vt 0.6923 0.9062
vt 0.6813 0.9062
vt 0.3022 0.5
vt 0.2857 0.5312
vt 0.2857 0.5
vt 0.4011 0
vt 0.4011 0.0391
vt 0.0165 0.6631
vt 0.033 0.6406
vt 0.033 0.6699
vt 0.022 0.625
vt 0.0165 0.6328
vt -0 0.625
vt 0.2253 0.6403
vt 0.2138 0.6336
vt 0.8462 0.1953
vt 0.8242 0.2188
vt 0.8242 0.1953
vt 0.8132 0.375
vt 0.8242 0.3594
vt 0.8242 0.375
vt 0.7363 0.4609
vt 0.7363 0.4844
vt 0.8242 0.3203
vt 0.8132 0.2969
vt 0.5632 0.4961
vt 0.5879 0.5078
vt 0.5714 0.5078
vt 0.6456 0.7227
vt 0.6209 0.7109
vt 0.6374 0.7109
vt 0.8462 0.3594
vt 0.8352 0.375
vt 0.8462 0.375
vt 0.8132 0.2188
vt 0.2088 0.6875
vt 0.8352 0.3594
vt 0.8352 0.3438
vt 0.8462 0.3438
vt 0.4835 0.6406
vt 0.8132 0.2812
vt 0.8242 0.2969
vt 0.8242 0.2812
vt 0.8242 0.3438
vt 0.8352 0.2969
vt 0.8462 0.3203
vt 0.8462 0.2969
vt 0.4505 0.6094
vt 0.4505 0.6406
vt 0.8022 0.2969
vt 0.8022 0.2812
vt 0.1978 0.6719
vt 0.2088 0.6719
vt 0.8352 0.3203
vt 0.6593 0.0625
vt 0.7473 0.0312
vt 0.8242 0.6719
vt 0.8022 0.6875
vt 0.8022 0.6719
vt 0.8462 0.6719
vt 0.8242 0.6875
vt 0.7802 0.6875
vt 0.7582 0.6719
vt 0.7802 0.6719
vt 0.7582 0.6562
vt 0.7802 0.6406
vt 0.7802 0.6562
vt 0.7363 0.6719
vt 0.7143 0.6875
vt 0.7143 0.6719
vt 0.6923 0.6875
vt 0.6703 0.6719
vt 0.6923 0.6719
vt 0.6703 0.9375
vt 0.6813 0.9219
vt 0.6882 0.9414
vt 0.7363 0.6562
vt 0.7143 0.6406
vt 0.7363 0.6406
vt 0.6703 0.6562
vt 0.6923 0.6406
vt 0.6923 0.6562
vt 0.7582 0.6406
vt 0.8022 0.6406
vt 0.8022 0.6562
vt 0.8462 0.6562
vt 0.8242 0.6406
vt 0.8462 0.6406
vt 0.7363 0.6875
vt 0.7143 0.6562
vt 0.8242 0.6562
vt 0.7802 0.5
vt 0.7912 0.4844
vt 0.7802 0.625
vt 0.8022 0.625
vt 0.8132 0.0312
vt 0.7912 0.0156
vt 0.8132 0.0156
vt 0.6923 0.7188
vt 0.7033 0.7344
vt 0.8462 0.7188
vt 0.8462 0.6875
vt 0.8516 0.7109
vt 0.2527 0.7031
vt 0.2637 0.6719
vt 0.2637 0.7031
vt 0.0495 0.9219
vt 0.033 0.8984
vt 0.0495 0.8984
vt 0.1868 0.4492
vt 0.2033 0.4062
vt 0.2033 0.4492
vt 0.7473 0.0625
vt 0.7253 0.0312
vt 0.7363 0.4219
vt 0.7582 0.4375
vt 0.7363 0.4375
vt 0.7033 0.0625
vt 0.7033 0.0312
vt 0.8462 0.2812
vt 0.4286 0.3203
vt 0.4505 0.3594
vt 0.4286 0.3594
vt 0.7802 0.5312
vt 0.7802 0.5547
vt 0.7637 0.5547
vt 0.7033 0.5547
vt 0.7253 0.5312
vt 0.7253 0.5547
vt 0.8269 0.7812
vt 0.8462 0.75
vt 0.8462 0.7812
vt 0.1484 0.625
vt 0.1648 0.6406
vt 0.1484 0.6406
vt 0.011 0.3203
vt 0.033 0.2812
vt 0.033 0.3203
vt 0.8022 0.375
vt 0.7033 0.5781
vt 0.6868 0.5781
vt 0.6868 0.5547
vt 0.2527 0.1875
vt 0.2582 0.207
vt 0.4341 0.207
vt 0.4286 0.1875
vt 0.4396 0.1875
vt 0.1813 0.6328
vt 0.1978 0.6562
vt 0.1813 0.6631
vt 0.2445 0.5898
vt 0.2637 0.5938
vt 0.2418 0.5938
vt 0.419 0.5918
vt 0.4176 0.5938
vt 0.5165 0.5781
vt 0.5055 0.5938
vt 0.4973 0.582
vt 0.1648 0.5781
vt 0.1538 0.5938
vt 0.1442 0.5801
vt 0.5192 0.4492
vt 0.5165 0.4492
vt 0.2747 0.4375
vt 0.2637 0.4219
vt 0.2747 0.5781
vt 0.2747 0.5547
vt 0.2802 0.5547
vt 0.5234 0.4668
vt 0.5247 0.4414
vt 0.7033 0.625
vt 0.7143 0.6016
vt 0.7143 0.625
vt 0.6703 0.625
vt 0.6813 0.6016
vt 0.6813 0.625
vt 0.5165 0.2812
vt 0.5385 0.3203
vt 0.5165 0.3203
vt 0.1484 0.5938
vt 0.1648 0.625
vt 0.3297 0.1172
vt 0.3022 0.1562
vt 0.3022 0.1172
vt 0.2527 0.2812
vt 0.2747 0.3203
vt 0.2527 0.3203
vt 0.7582 0.5
vt 0.4505 0.4492
vt 0.467 0.4062
vt 0.467 0.4492
vt 0.6703 0.5547
vt 0.6703 0.5312
vt 0.4396 0.0547
vt 0.4341 0.0469
vt 0.4396 0.0156
vt 0.533 0.4336
vt 0.5261 0.416
vt 0.5275 0.3906
vt 0.4505 0.0312
vt 0.4451 0.0625
vt 0.2198 0.4492
vt 0.2363 0.4492
vt 0.4615 0.2812
vt 0.1978 0.2812
vt 0.7253 0.5781
vt 0.7473 0.5547
vt 0.7473 0.5781
vt 0.1456 0.2656
vt 0.1154 0.9219
vt 0.0989 0.8984
vt 0.1154 0.8984
vt 0.2857 0.2812
vt 0.2637 0.2812
vt 0.2637 0.0547
vt 0.2637 0.0938
vt 0.4286 0.1172
vt 0.6923 0.4609
vt 0.7143 0.4844
vt 0.6923 0.4844
vt 0.1511 0.1992
vt 0.1374 0.1719
vt 0.7582 0.625
vt 0.7582 0.6016
vt 0.011 0.2266
vt 0.0247 0.2383
vt 0.011 0.2656
vt 0.0879 0.2109
vt 0.0755 0.1973
vt 0.0879 0.1836
vt 0.2747 0.2266
vt 0.2885 0.2383
vt 0.7363 0.625
vt 0.7253 0.6016
vt 0.5824 0.3125
vt 0.5907 0.3281
vt 0.2692 0.2266
vt 0.0385 0.1719
vt 0.0522 0.1836
vt 0.0385 0.2109
vt 0.1374 0.2109
vt 0.1758 0.2656
vt 0.4505 0.1875
vt 0.4505 0.2266
vt 0.4451 0.2266
vt 0.5165 0.2656
vt 0.5275 0.2656
vt 0.0247 0.1992
vt 0.8571 0.7344
vt 0.7143 0.7188
vt 0.7088 0.7422
vt 0.7967 0.7266
vt 0.8022 0.7188
vt 0.8132 0.7344
vt 0.7582 0.7188
vt 0.7582 0.7266
vt 0.7418 0.7266
vt 0.2198 0.5781
vt 0.206 0.582
vt 0.2033 0.5781
vt 0.706 0.9219
vt 0.294 0.4375
vt 0.2857 0.4688
vt 0.772 0.9531
vt 0.7967 0.9375
vt 0.783 0.9531
vt 0.2527 0.4492
vt 0.2582 0.457
vt 0.8214 0.9766
vt 0.8159 0.9688
vt 0.8297 0.9531
vt 0.8379 0.9297
vt 0.8571 0.9219
vt 0.8503 0.9414
vt 0.2637 0.5781
vt 0.2692 0.5547
vt 0.2692 0.125
vt 0.2747 0.1172
vt 0.2747 0.1562
vt 0.7473 0.4844
vt 0.2088 0.3203
vt 0.2308 0.3594
vt 0.2088 0.3594
vt 0.2088 0.2812
vt 0.2308 0.3203
vt 0.6058 0.8125
vt 0.5934 0.2656
vt 0.5879 0.2969
vt 0.5852 0.2656
vt 0.5907 0.875
vt 0.6071 0.8438
vt 0.6085 0.875
vt 0.6264 0.8438
vt 0.6264 0.875
vt 0.5604 0.2969
vt 0.5632 0.3281
vt 0.5604 0.3281
vt 0.0989 0.1094
vt 0.4835 0.5352
vt 0.5 0.4922
vt 0.5 0.5352
vt 0.2198 0.1016
vt 0.8462 0.1484
vt 0.8242 0.1719
vt 0.2637 0.4648
vt 0.6813 0.7344
vt 0.4286 0.0391
vt 0.6374 0.375
vt 0.6429 0.3594
vt 0.6593 0.375
vt 0.6264 0.3125
vt 0.6264 0.2812
vt 0.6401 0.3125
vt 0.6923 0.625
vt 0.7033 0.6016
vt 0.7802 0.2812
vt 0.7665 0.25
vt 0.7802 0.25
vt 0.7692 0.375
vt 0.7637 0.3594
vt 0.7802 0.3438
vt 0.7527 0.3438
vt 0.6538 0.3438
vt 0.6264 0.3438
vt 0.6374 0.1562
vt 0.6593 0.1406
vt 0.6484 0.1641
vt 0.6593 0.0781
vt 0.7692 0.0938
vt 0.7692 0.125
vt 0.7582 0.1016
vt 0.7473 0.0781
vt 0.7253 0.0938
vt 0.6923 0.6016
vt 0.5385 0.375
vt 0.5385 0.4004
vt 0.1868 0.4922
vt 0.1841 0.4492
vt 0.1538 0.3594
vt 0.2692 0.4727
vt 0.4176 0.75
vt 0.4286 0.75
vt 0.6319 0.2031
vt 0.6209 0.2031
vt 0.6374 0.1875
vt 0.8352 0.7031
vt 0.6154 0.0469
vt 0.4725 0.3203
vt 0.4945 0.3594
vt 0.4725 0.3594
vt 0.5879 0.1484
vt 0.7253 0.625
vt 0.3668 0.2715
vt 0.3516 0.2812
vt 0.3462 0.2734
vt 0.5385 0.1875
vt 0.5495 0.1719
vt 0.544 0.1953
vt 0.7912 0.5
vt 0.2637 0.0156
vt 0.2692 0.0469
vt 0.8022 0.1875
vt 0.8132 0.1719
vt 0.8077 0.1953
vt 0.8516 0.1484
vt 0.8462 0.125
vt 0.0824 0.5938
vt 0.0989 0.625
vt 0.0824 0.625
vt 0.4725 0.2812
vt 0.4945 0.3203
vt 0.5385 0.3594
vt 0.5165 0.3594
vt 0.2637 0.1875
vt 0.2747 0.1875
vt 0.7912 0.0469
vt 0.6291 0.6992
vt 0.011 0.1875
vt 0.6154 0.4219
vt 0.6813 0.9688
vt 0.6951 0.9609
vt 0.7019 0.9805
vt 0.6374 0.5078
vt 0.6538 0.5078
vt 0.6374 0.5312
vt 0.5549 0.7344
vt 0.5385 0.7344
vt 0.5549 0.7109
vt 0.7143 0.4062
vt 0.4505 0.5352
vt 0.467 0.4922
vt 0.467 0.5352
vt 0.6703 0.4062
vt 0.6484 0.4062
vt 0.6648 0.4023
vt 0.5824 0.2734
vt 0.5934 0.3281
vt 0.6264 0.7812
vt 0.6264 0.8125
vt 0.5604 0.2344
vt 0.5604 0.2656
vt 0.7857 0.3945
vt 0.6978 0.3945
vt 0.6923 0.3906
vt 0.7143 0.3906
vt 0.6923 0.4375
vt 0.7143 0.4609
vt 0.4835 0.4492
vt 0.5 0.4492
vt 0.0687 0.2656
vt 0.0824 0.2734
vt 0.0618 0.2754
vt 0.011 0.3594
vt 0.033 0.3594
vt 0.0989 0.6406
vt 0.0824 0.6406
vt 0.2747 0.3594
vt 0.2527 0.3594
vt 0.3022 0.0391
vt 0.2747 0.0781
vt 0.2747 0.0391
vt 0.6538 0.4844
vt 0.6703 0.4844
vt 0.1758 0.625
vt 0.6484 0.4375
vt 0.6703 0.4219
vt 0.6291 0.4961
vt 0.6209 0.5078
vt 0.2416 0.6172
vt 0.2368 0.6336
vt 0.3516 0.5781
vt 0.3365 0.584
vt 0.3324 0.5781
vt 0.209 0.6172
vt 0.2138 0.6008
vt 0.467 0.5781
vt 0.478 0.5859
vt 0.4588 0.5898
vt 0.7616 0.6046
vt 0.7692 0.5784
vt 0.7692 0.6091
vt 0.3695 0.5547
vt 0.3516 0.5547
vt 0.0687 0.5781
vt 0.0824 0.5859
vt 0.0618 0.5879
vt 0.3681 0.4688
vt 0.3516 0.4375
vt 0.3709 0.4375
vt 0.1236 0.1836
vt 0.1099 0.1562
vt 0.0405 0.2383
vt 0.5879 0.4844
vt 0.6044 0.4844
vt 0.6209 0.7344
vt 0.6044 0.7344
vt 0.8214 0.9219
vt 0.8462 0.9062
vt 0.8324 0.9219
vt 0.8462 0.2188
vt 0.7033 0.7031
vt 0.7143 0.6875
vt 0.5797 0.5195
vt 0.3407 0.2812
vt 0.3626 0.3203
vt 0.3407 0.3203
vt 0.4396 0.2656
vt 0.4286 0.2266
vt 0.2885 0.1992
vt 0.3022 0.2109
vt 0.3022 0.1719
vt 0.4286 0.2812
vt 0.4505 0.3203
vt 0.522 0.4922
vt 0.5385 0.4766
vt 0.5385 0.502
vt 0.4396 0.4648
vt 0.4396 0.5078
vt 0.4341 0.4727
vt 0.6854 0.2031
vt 0.7033 0.2188
vt 0.6841 0.2188
vt 0.4258 0.4961
vt 0.4341 0.5234
vt 0.4341 0.5547
vt 0.4423 0.5508
vt 0.4505 0.5781
vt 0.4451 0.543
vt 0.2775 0.4961
vt 0.2637 0.5078
vt 0.261 0.5508
vt 0.2692 0.5234
vt 0.4176 0.5
vt 0.4505 0.4922
vt 0.4451 0.457
vt 0.2775 0.5273
vt 0.6868 0.1875
vt 0.7033 0.2031
vt 0.4258 0.5273
vt 0.4396 0.5781
vt 0.761 0.2188
vt 0.4286 0.5781
vt 0.4286 0.5547
vt 0.7769 0.6046
vt 0.7584 0.5938
vt 0.7616 0.5829
vt 0.3681 0.5312
vt 0.3516 0.5312
vt 0.2981 0.5547
vt 0.3022 0.5312
vt 0.7769 0.5829
vt 0.78 0.5938
vt 0.739 0.3125
vt 0.7527 0.3125
vt 0.6813 0.3438
vt 0.2637 0.2656
vt 0.2527 0.2656
vt 0.6126 0.5195
vt 0.6209 0.5312
vt 0.6868 0.7109
vt 0.8352 0.7344
vt 0.8132 0.1094
vt 0.8077 0.1328
vt 0.7912 0.0312
vt 0.5495 0.1406
vt 0.8132 0.1406
vt 0.7473 0.7031
vt 0.7363 0.7188
vt 0.7308 0.7109
vt 0.7253 0.7031
vt 0.3159 0.1836
vt 0.8077 0.7109
vt 0.8132 0.7031
vt 0.8242 0.7188
vt 0.0165 0.7842
vt 0.033 0.7578
vt 0.033 0.7871
vt 0.6044 0.6875
vt 0.6209 0.6875
vt 0.7912 0.7031
vt 0.5962 0.6992
vt 0.5879 0.6875
vt 0.7088 0.9531
vt 0.717 0.9766
vt 0.7253 0.7344
vt 0.794 0.9531
vt 0.8187 0.9375
vt 0.8049 0.9531
vt 0.7885 0.9062
vt 0.783 0.9219
vt 0.7692 0.9062
vt 0.8297 0.7422
vt 0.7445 0.9219
vt 0.739 0.9375
vt 0.7006 0.9297
vt 0.6044 0.5312
vt 0.5879 0.5312
vt 0 0.7812
vt 0.0165 0.7539
vt 0.1868 0.5352
vt 0.2033 0.4922
vt 0.2033 0.5352
vt 0.2418 0.2812
vt 0.2253 0.2734
vt 0.2445 0.2773
vt 0.5055 0.2812
vt 0.489 0.2734
vt 0.5082 0.2773
vt 0.1648 0.2266
vt 0.1511 0.2383
vt 0.033 0.875
vt 0.0495 0.875
vt 0.3297 0.0391
vt 0.3022 0.0781
vt 0.7253 0.0625
vt 0.6484 0.4219
vt 0.2527 0.5781
vt 0.2363 0.5781
vt 0.4093 0.5781
vt 0.5 0.5781
vt 0.1456 0.5781
vt 0.5275 0.375
vt 0.294 0.5781
vt 0.5714 0.7109
vt 0.8242 0.6875
vt 0.4176 0.5312
vt 0.4231 0.5547
vt 0.7569 0.2031
vt 0.7692 0.1875
vt 0.2582 0.543
vt 0.2527 0.5352
vt 0.1758 0.375
vt 0.1758 0.3906
vt 0.1868 0.5781
vt 0.1786 0.5352
vt 0.5797 0.7227
vt 0.5879 0.7109
vt 0.7637 0.5781
vt 0.7802 0.5781
vt 0.3626 0.3594
vt 0.3407 0.3594
vt 0.6923 0.4219
vt 0.7143 0.4375
vt 0.1037 0.2383
vt 0.1126 0.2109
vt 0.75 0.7812
vt 0.7692 0.75
vt 0.7692 0.7812
vt 0.7473 0.5312
vt 0.2198 0.5352
vt 0.2363 0.4922
vt 0.2363 0.5352
vt 0.7912 -0
vt 0.8132 -0
vt 0.7473 0.375
vt 0.7253 0.3438
vt 0.7665 0.3125
vt 0 0.6562
vt 0.6703 0.5781
vt 0.2088 0.6406
vt 0.2088 0.6562
vt 0.2527 0.6406
vt 0.2637 0.6094
vt 0.2637 0.6406
vt 0.1978 0.625
vt 0.2088 0.625
vt 0.1978 0.6406
vt 0.5385 0.75
vt 0.5604 0.7812
vt 0.5385 0.7812
vt 0.8242 0.625
vt 0.8462 0.625
vt 0.7143 0.5781
vt 0.7253 0.5781
vt 0.6923 0.5781
vt 0.6703 0.6406
vt 0.7363 0.5781
vt 0.7582 0.5781
vt 0.6703 0.6016
vt 0.6813 0.5781
vt 0.1813 0.7539
vt 0.1978 0.7812
vt 0.1813 0.7842
vt 0.1648 0.7578
vt 0.1648 0.7871
vt 0.3516 0.5938
vt 0.3297 0.5938
vt 0.0989 0.875
vt 0.1154 0.875
vt 0.4615 0.5938
vt 0.2198 0.5938
vt 0.1978 0.5938
vt 0.1648 0.6699
vt 0.5165 0.5352
vt 0.5247 0.5352
vt 0.0659 0.5938
vt 0.0989 0.3203
vt 0.1209 0.2812
vt 0.1209 0.3203
vt 0.0989 0.3594
vt 0.1209 0.3594
vt 0.4286 0
vt 0.8104 0.9609
vt 0.8365 0.9805
vt 0.8434 0.9609
vt 0.5824 0.1953
vt 0.6593 0.1094
vt 0.6813 0.0938
vt 0.6703 0.1172
vt 0.6374 0.0938
vt 0.6484 0.1016
vt 0.6538 0.2812
vt 0.6538 0.3125
vt 0.6401 0.25
vt 0.6676 0.3125
vt 0.7802 0.3125
vt 0.6154 0.0312
vt 0.5934 0.0312
vt 0.7692 0.1562
vt 0.7582 0.1641
vt 0.0659 0.3594
vt 0.0824 0.3672
vt 0.0618 0.3652
vt 0.8022 0.9844
vt 0.544 0.1328
vt 0.5495 0.1094
vt 0.5385 0.125
vt 0.1264 0.0977
vt 0.1209 0.1094
vt 0.1099 0.1016
vt 0.7473 0.1094
vt 0.7473 0.1406
vt 0.7363 0.1172
vt 0.8571 0.9688
vt 0.8681 0.9375
vt 0.2088 0.0938
vt 0.2033 0.0977
vt 0.1868 0.0938
vt 0.4011 0.1172
vt 0.4286 0.0781
vt 0.3736 0.1172
vt 0.4011 0.0781
vt 0.3022 0.4688
vt 0.3681 0.5
vt 0.3516 0.4688
vt 0.3516 0.5
vt 0.6703 0.875
vt 0.6703 0.9062
vt 0.6813 0.8438
vt 0.6703 0.8438
vt 0.6813 0.8125
vt 0.6923 0.8438
vt 0.5604 0.1719
vt 0.5604 0.1953
vt 0.5 0.2656
vt 0.467 0.2266
vt 0.4835 0.2656
vt 0.467 0.1875
vt 0.4835 0.2266
vt 1 0.0703
vt 1 0
vt 1 0.2109
vt 0.9341 0.1406
vt 1 0.1406
vt 0.9341 0.2109
vt 0.8681 0.1406
vt 0.3516 0.0781
vt 0.3516 0.1172
vt 0.3297 0.0781
vt 0.3297 0
vt 0.2198 0.2266
vt 0.2033 0.2266
vt 0.2198 0.1875
vt 0.2033 0.1875
vt 0.2363 0.1875
vt 0.5714 0.3125
vt 0.2308 0.0234
vt 0.2308 0
vt 0.2088 0.0469
vt 0.2308 0.0469
vt 0.2088 0.0703
vt 0.1868 0.0469
vt 0.7637 0.4102
vt 0.7802 0.4062
vt 0.7582 0.4219
vt 0.7582 0.4062
vt 0.7473 0.4141
vt 0.1772 0.416
vt 0.1786 0.4414
vt 0.1868 0.4062
vt 0.1648 0.502
vt 0.1648 0.4766
vt 0.1813 0.4922
vt 0.7802 0.4531
vt 0.8022 0.4688
vt 0.8022 0.4844
vt 0.8571 0.1094
vt 0.8681 0.125
vt 0.8626 0.1328
vt 0.8571 0.1406
vt 0.4286 0.8125
vt 0.4286 0.7812
vt 0.4176 0.875
vt 0.4286 0.8438
vt 0.4066 0.875
vt 0.4176 0.8438
vt 0.6209 0.1406
vt 0.6374 0.125
vt 0.6209 0.1719
vt 0.6044 0.1562
vt 0.1071 0.4004
vt 0.0879 0.375
vt 0.1071 0.375
vt 0.0879 0.502
vt 0.1071 0.4766
vt 0.1071 0.502
vt 0.011 0.502
vt 0.0302 0.4766
vt 0.0302 0.502
vt 0.5879 0.5703
vt 0.5714 0.6094
vt 0.5714 0.5703
vt 0.6209 0.5703
vt 0.6044 0.6094
vt 0.6044 0.5703
vt 0.6209 0.6484
vt 0.6044 0.6484
vt 0.6786 0.2812
vt 0.6875 0.25
vt 0.7507 0.25
vt 0.7527 0.2812
vt 0.5934 0.1094
vt 0.6044 0.125
vt 0.5989 0.1328
vt 0.5934 0.1406
vt 0.4835 0.375
vt 0.4615 0.375
vt 0.0687 0.375
vt 0.4396 0.6719
vt 0.4148 0.2383
vt 0.399 0.2383
vt 0.3516 0.2109
vt 0.3516 0.2383
vt 0.3359 0.2383
vt 0.3393 0.1973
vt 0.3269 0.2109
vt 0.3709 0.3906
vt 0.3516 0.375
vt 0.3736 0.375
vt 0.7253 0.1406
vt 0.7033 0.1641
vt 0.7308 0.1641
vt 0.6758 0.1641
vt 0.3736 0.75
vt 0.3516 0.7344
vt 0.3736 0.7344
vt 0.4396 0.375
vt 0.4505 0.4062
vt 0.4176 0.6719
vt 0.4176 0.7031
vt 0.3297 0.6719
vt 0.3516 0.7031
vt 0.3297 0.7031
vt 0.3297 0.6094
vt 0.3516 0.6406
vt 0.3297 0.6406
vt 0.2198 0.375
vt 0.2198 0.4062
vt 0.6484 0.8438
vt 0.6484 0.875
vt 0.7115 0.8438
vt 0.6923 0.8125
vt 0.7115 0.8125
vt 0.7885 0.8438
vt 0.7692 0.8125
vt 0.7885 0.8125
vt 0.7692 0.875
vt 0.7885 0.875
vt 0.1868 0.0703
vt 0.1758 0.0469
vt 0.2363 0.0234
vt 0.2088 0.1094
vt 0.1868 0.1094
vt 0.0879 0.0469
vt 0.0989 0.0469
vt 0.1484 0.0234
vt 0.1429 0.0469
vt 0.1429 0.0234
vt 0.6923 0.375
vt 0.1813 0.207
vt 0.1868 0.2266
vt 0.1868 0.1875
vt 0.5659 0.8438
vt 0.5495 0.8438
vt 0.5412 0.875
vt 0.5275 0.9062
vt 0.5302 0.875
vt 0.5632 0.8125
vt 0.5797 0.875
vt 0.5879 0.8438
vt 0.5769 0.8438
vt 0.5137 0.8125
vt 0.5082 0.875
vt 0.4918 0.8438
vt 0.511 0.8438
vt 0.4904 0.875
vt 0.4725 0.8438
vt 0.5357 0.8125
vt 0.522 0.8438
vt 0.533 0.8438
vt 0.5192 0.875
vt 0.4505 0.8438
vt 0.4505 0.8125
vt 0.4725 0.8125
vt 0.4725 0.9062
vt 0.4725 0.875
vt 0.0824 0.8457
vt 0.0824 0.875
vt 0.0824 0.7285
vt 0.0989 0.7578
vt 0.0824 0.7578
vt 0.1648 0.7285
vt 0.1484 0.7578
vt 0.1484 0.7285
vt 0.1209 0.0234
vt 0.1209 0.0469
vt 0.3516 0.4141
vt 0.3709 0.4141
vt 0.7363 0.9844
vt 0.7225 0.9688
vt 0.7912 0.7422
vt 0.7885 0.75
vt 0.772 0.7422
vt 0.7555 0.7344
vt 0.7363 0.7344
vt 0.7857 0.1719
vt 0.8022 0.1562
vt 0.7857 0.1406
vt 0.7857 0.0781
vt 0.6264 0.75
vt 0.5714 0.75
vt 0.6374 0.75
vt 0.5714 0.5312
vt 0.5549 0.6094
vt 0.5549 0.6484
vt 0.5385 0.6094
vt 0.6374 0.6484
vt 0.6374 0.6875
vt 0.6374 0.5703
vt 0.6538 0.6094
vt 0.6374 0.6094
vt 0.6538 0.5703
vt 0.6703 0.6094
vt 0.533 0.207
vt 0.5385 0.2266
vt 0.5385 0.2656
vt 0.4148 0.1992
vt 0.6484 0.4844
vt 0.6264 0.4688
vt 0.4451 0.1094
vt 0.4505 0.0781
vt 0.4505 0.1016
vt 0.4505 0.0547
vt 0.2582 0.1094
vt 0.2527 0.125
vt 0.2527 0.1016
vt 0.2637 0.1172
vt 0.2637 0.1406
vt 0.3516 0.2656
vt 0.3709 0.2656
vt 0.0659 0.2812
vt 1 0.3516
vt 1 0.2812
vt 1 0.4219
vt 0.9341 0.4219
vt 0.8681 0.3516
vt 0.3516 0.6094
vt 0.2857 0.6094
vt 0.3077 0.5938
vt 0.3077 0.6094
vt 0.5275 0.2812
vt 0.0412 0.2773
vt 0.022 0.2812
vt 0.0206 0.2793
vt 0.408 0.2676
vt 0.3901 0.2656
vt 0.4093 0.2656
vt 0.4396 0.1406
vt 0.4505 0.125
vt 0.6538 0.5312
vt 0.6703 0.5703
vt 0.5549 0.6875
vt 0.5385 0.6484
vt 0.794 0.7344
vt 0.7747 0.7344
vt 0.7775 0.7266
vt 0.7802 0.7188
vt 0.7527 0.7422
vt 0.8269 0.75
vt 0.8077 0.75
vt 0.8104 0.7422
vt 0.3132 0.4375
vt 0.3324 0.4141
vt 0.3324 0.4375
vt 0.3901 0.4375
vt 0.4093 0.4141
vt 0.4093 0.4375
vt 0.3901 0.4141
vt 0.4093 0.3906
vt 0.1429 0
vt 0.1209 0
vt 0.1154 0.7285
vt 0.1319 0.7578
vt 0.1154 0.7578
vt 0.1319 0.6699
vt 0.1154 0.6992
vt 0.1154 0.6699
vt 0.1484 0.6992
vt 0.1484 0.6699
vt 0.0659 0.7285
vt 0.0495 0.7578
vt 0.0495 0.7285
vt 0.0659 0.6699
vt 0.0495 0.6992
vt 0.0495 0.6699
vt 0.0989 0.6699
vt 0.0824 0.6992
vt 0.0824 0.6699
vt 0.0495 0.8457
vt 0.0659 0.875
vt 0.0495 0.7871
vt 0.0659 0.8164
vt 0.0495 0.8164
vt 0.0989 0.7871
vt 0.0824 0.8164
vt 0.0824 0.7871
vt 0.5165 0.9062
vt 0.489 0.9062
vt 0.5055 0.9062
vt 0.5824 0.9062
vt 0.5934 0.9062
vt 0.5495 0.9062
vt 0.6484 0.375
vt 0.6703 0.3906
vt 0.6484 0.3906
vt 0.0824 0.0703
vt 0.1648 0.1094
vt 0.1703 0.0703
vt 0.7692 0.8438
vt 0.8269 0.875
vt 0.8077 0.8438
vt 0.8269 0.8438
vt 0.8269 0.9062
vt 0.8077 0.875
vt 0.7885 0.7812
vt 0.8269 0.8125
vt 0.8077 0.7812
vt 0.8077 0.8125
vt 0.7115 0.7812
vt 0.75 0.8125
vt 0.7308 0.7812
vt 0.75 0.8438
vt 0.7308 0.8125
vt 0.6484 0.9062
vt 0.6264 0.9062
vt 0.1978 0.375
vt 0.3516 0.6719
vt 0.2857 0.6406
vt 0.3077 0.6719
vt 0.2857 0.6719
vt 0.3077 0.6406
vt 0.3297 0.7344
vt 0.2857 0.7031
vt 0.3077 0.7344
vt 0.3077 0.7031
vt 0.4176 0.7344
vt 0.3736 0.7031
vt 0.3956 0.7344
vt 0.3736 0.6719
vt 0.3956 0.7031
vt 0.6538 0.1875
vt 0.7363 0.1875
vt 0.7198 0.1875
vt 0.7198 0.1172
vt 0.7033 0.0938
vt 0.3956 0.375
vt 0.4176 0.375
vt 0.3338 0.1836
vt 0.3516 0.1836
vt 0.3516 0.1562
vt 0.3324 0.2656
vt 0.3043 0.2383
vt 0.3132 0.2656
vt 0.3201 0.2383
vt 0.4286 0.2656
vt 0.3832 0.2383
vt 0.3674 0.2383
vt 0.0412 0.3633
vt 0.0206 0.3613
vt 0.7191 0.25
vt 0.728 0.2812
vt 0.7225 0.2188
vt 0.7349 0.25
vt 0.6717 0.25
vt 0.6648 0.2188
vt 0.6559 0.25
vt 0.6456 0.2188
vt 0.6854 0.3125
vt 0.6909 0.2969
vt 0.7033 0.3438
vt 0.6209 0.6094
vt 0.5879 0.6094
vt 0.5604 0.2188
vt 0.5385 0.2188
vt 0.0687 0.502
vt 0.0495 0.4766
vt 0.0687 0.4766
vt 0.0687 0.5527
vt 0.0495 0.5273
vt 0.0687 0.5273
vt 0.0302 0.5527
vt 0.011 0.5273
vt 0.0302 0.5273
vt 0.1264 0.502
vt 0.1456 0.4766
vt 0.1456 0.502
vt 0.1456 0.5527
vt 0.1264 0.5273
vt 0.1456 0.5273
vt 0.0879 0.5527
vt 0.1071 0.5273
vt 0.1071 0.5527
vt 0.1456 0.4004
vt 0.1264 0.375
vt 0.1264 0.4512
vt 0.1456 0.4258
vt 0.1456 0.4512
vt 0.0879 0.4512
vt 0.1071 0.4258
vt 0.1071 0.4512
vt 0.4176 0.9062
vt 0.4286 0.9062
vt 0.8681 0.1562
vt 0.1648 0.5527
vt 0.1648 0.5273
vt 0.1799 0.4668
vt 0.7527 0.4023
vt 0.7308 0.418
vt 0.3297 0.1562
vt 0.8681 0.2109
vt 0.5824 0.2188
vt 0.4011 0.5312
vt 0.3846 0.5
vt 0.4011 0.5
vt 0.3846 0.4688
vt 0.4011 0.4688
vt 0.3352 0.5
vt 0.3187 0.4688
vt 0.3352 0.4688
vt 0.4011 0.1562
vt 0.4286 0.1562
vt 0.1429 0.1094
vt 0.5385 0.1562
vt 0.022 0.3594
vt 0.8297 1
vt 0.7912 0.9688
vt 0.1648 0.3594
vt 0.1429 0.3203
vt 0.1648 0.3203
vt 0.1648 0.2812
vt 0.0412 0.5898
vt 0.022 0.5938
vt 0.0206 0.5918
vt 0.5275 0.5781
vt 0.1648 0.6992
vt 0.1813 0.7236
vt 0.1758 0.5938
vt 0.1484 0.8984
vt 0.1319 0.875
vt 0.2953 0.5801
vt 0.2857 0.5938
vt 0.1648 0.8164
vt 0.1813 0.8447
vt 0.1813 0.8145
vt 0.1978 0.8438
vt 0.2527 0.6719
vt 0 0.7188
vt 0.0165 0.6934
vt 0.0165 0.7236
vt 0.2527 0.4922
vt 0.7308 0.75
vt 0.1058 0.1836
vt 0.1003 0.1973
vt 0.0879 0.1562
vt 0.1195 0.2383
vt 0.1264 0.2656
vt 0.1353 0.2383
vt 0.0879 0.2656
vt 0.1071 0.2656
vt 0.3187 0.3203
vt 0.2967 0.3594
vt 0.2967 0.3203
vt 0.7527 0.9531
vt 0.7473 0.9688
vt 0.7582 0.9375
vt 0.7775 0.9375
vt 0.7692 0.9688
vt 0.6044 0.7109
vt 0.7212 0.2031
vt 0.739 0.2031
vt 0.3159 0.5547
vt 0.3338 0.5547
vt 0.1071 0.5781
vt 0.1236 0.582
vt 0.103 0.584
vt 0.4835 0.5781
vt 0.3901 0.5781
vt 0.3777 0.5879
vt 0.3709 0.5781
vt 0.2253 0.5859
vt 0.5934 0.2344
vt 0.3022 0
vt 0.0824 0.8984
vt 0.2198 0.4922
vt 0 0.8438
vt 0.0165 0.8145
vt 0.0165 0.8447
vt 0.5549 0.5078
vt 0.7637 0.9219
vt 0.8022 0.9219
vt 0.8077 0.9062
vt 0.7088 1
vt 0.7253 1
vt 0.6538 0.7109
vt 0.033 0.8164
vt 0.033 0.8457
vt 0.8681 0.2188
vt 0.3187 0.5312
vt 0.3352 0.5312
vt 0.3874 0.5547
vt 0.3846 0.5312
vt 0.7418 0.2188
vt 0.6676 0.2031
vt 0.6497 0.2031
vt 0.4176 0.4688
vt 0.5385 0.5273
vt 0.5385 0.5527
vt 0.3846 0.2812
vt 0.4066 0.3203
vt 0.3846 0.3203
vt 0.2967 0.2812
vt 0.6538 0.7344
vt 0.6703 0.7344
vt 0.5549 0.4844
vt 0.5385 0.4844
vt 0.0721 0.2383
vt 0.0632 0.2109
vt 0.0563 0.2383
vt 0.0302 0.2656
vt 0.0302 0.5781
vt 0.4052 0.5547
vt 0.3132 0.5781
vt 0.6044 0.5078
vt 0.6209 0.4844
vt 0.2747 0
vt 0.0495 0.625
vt 0.0659 0.6406
vt 0.0495 0.6406
vt 0.0769 0.3594
vt 0.0549 0.3203
vt 0.0769 0.3203
vt 0.5165 0.4922
vt 0.4835 0.4922
vt 0.5934 0.2969
vt 0.6813 0.3984
vt 0.5659 0.2969
vt 0.7582 0.3906
vt 0.7692 0.3984
vt 0.6923 0.4062
vt 0.6868 0.418
vt 0.7033 0.4141
vt 0.5879 0.7344
vt 0.4505 0.2812
vt 0.0495 0.5938
vt 0.0659 0.625
vt 0.8462 0.1719
vt 0.3956 0.2812
vt 0.3874 0.2695
vt 0.5824 0.1719
vt 0.1099 0.3594
vt 0.1236 0.3711
vt 0.103 0.3691
vt 0.5385 0.4512
vt 0.6099 0.9062
vt 0.1868 0.2812
vt 0.1868 0.3203
vt 0.1868 0.3594
vt 0.8132 1
vt 0.7253 0.9219
vt 0.7308 0.9062
vt 0.75 0.9062
vt 0.0701 0.1836
vt 0.0659 0.1562
vt 0.2527 0.0312
vt 0.3255 0.2754
vt 0.3077 0.2812
vt 0.3049 0.2773
vt 0.1484 0.9219
vt 0.1319 0.8984
vt 0.1236 0.2695
vt 0.103 0.2715
vt 0.2198 0.2812
vt 0.4835 0.2812
vt 0.4835 0.4062
vt 0.2308 0.2812
vt 0.1154 0.5938
vt 0.1319 0.625
vt 0.1154 0.625
vt 0.4945 0.2812
vt 0.1099 0.5938
vt 0.4835 0.5938
vt 0.3956 0.5938
vt 0.3736 0.5938
vt 0.1813 0.6934
vt 0.1978 0.7188
vt 0.0769 0.2812
vt 0.1319 0.6406
vt 0.1154 0.6406
vt 0.3846 0.3594
vt 0.0824 0.9219
vt 0.0659 0.8984
vt 0.2527 0.7344
vt 0.033 0.6992
vt 0.033 0.7285
vt 0.3736 0.0781
vt 0.3187 0.5
vt 0.4835 0.1875
vt 0.2198 0.2656
vt 0.1648 0.4004
vt 0.4066 0.8125
vt 0.0687 0.4004
vt 0.0495 0.375
vt 0.0495 0.4512
vt 0.0687 0.4258
vt 0.0687 0.4512
vt 0.011 0.4512
vt 0.0302 0.4258
vt 0.0302 0.4512
vt 0.7212 0.3125
vt 0.4505 0.6719
vt 0.364 0.1973
vt 0.3695 0.1836
vt 0.3297 0.375
vt 0.3132 0.3906
vt 0.3077 0.375
vt 0.6868 0.1172
vt 0.3297 0.75
vt 0.3736 0.6406
vt 0.3956 0.6719
vt 0.3736 0.6094
vt 0.3956 0.6406
vt 0.75 0.875
vt 0.7308 0.8438
vt 0.7308 0.875
vt 0.2418 0.0469
vt 0.1538 0.0469
vt 0.7363 0.375
vt 0.7363 0.3906
vt 0.1154 0.8457
vt 0.1154 0.7871
vt 0.1319 0.8164
vt 0.1154 0.8164
vt 0.1484 0.7871
vt 0.1484 0.8164
vt 0.3132 0.4141
vt 0.3324 0.3906
vt 0.75 0.75
vt 0.7335 0.7422
vt 0.5385 0.5703
vt 0.6703 0.6484
vt 0.1099 0.2812
vt 0.3956 0.6094
vt 0.0879 0.2812
vt 0.3516 0.3906
vt 0.1319 0.7871
vt 0.0989 0.8164
vt 0.0989 0.8457
vt 0.1319 0.8457
vt 0.7143 0.375
vt 0.3516 0.75
vt 0.0495 0.4258
vt 0.011 0.4766
vt 0.0879 0.4258
vt 0.0879 0.4766
vt 0.0879 0.4004
vt 0.0495 0.4004
vt 0.0989 0.9219
vt 0.0989 0.2812
vt 0.1978 0.75
vt 0.3571 0.5859
vt 0.0879 0.5938
vt 0.0989 0.5938
vt 0.1648 0.9219
vt 0.1648 0.8984
vt 0.3297 0.2812
vt 0.0879 0.3594
vt 0.4176 0.2812
vt 0.033 0.5938
vt 0.033 0.625
vt -0 0.2812
vt 0.011 0.5781
vt 0 0.5938
vt 0.0495 0.2656
vt 0.0879 0.2383
vt 0.2747 0.2812
vt 0.3626 0.2812
vt 0.0165 0.875
vt -0 0.875
vt 0.0879 0.5781
vt 0 0.75
vt 0.1978 0.875
vt 0.1813 0.875
vt 0.1648 0.875
vt -0 0.3594
vt 0.1264 0.4258
vt 0.1264 0.4766
vt 0.1264 0.5527
vt 0.1264 0.5781
vt 0.0495 0.5527
vt 0.0495 0.5781
vt 0.0879 0.5273
vt 0.0495 0.502
vt 0.7033 0.25
vt 0.4286 0.3906
vt 0.4396 0.75
vt 0.8462 0.8438
vt 0.8462 0.8125
vt 0.8462 0.875
vt 0.6264 0.375
vt 0.6264 0.3906
vt 0.0659 0.7871
vt 0.0659 0.7578
vt 0.0659 0.8457
vt 0.0659 0.6992
vt 0.1319 0.6992
vt 0.0989 0.6992
vt 0.0989 0.7285
vt 0.044 0.2812
vt 0.3901 0.3906
vt 0.1319 0.7285
vt 0.6703 0.375
vt 0.3956 0.75
vt 0.1264 0.4004
vt 0.044 0.3594
vt 0.1429 0.3594
vt 0.1429 0.2812
vt 0.044 0.5938
vt 0.3159 0.582
vt 0.1978 0.8125
vt 0 0.6875
vt 0.3187 0.3594
vt 0.7527 0.1875
vt 0.3984 0.5898
vt 0 0.8125
vt 0.6703 0.1875
vt 0.4066 0.2812
vt 0.3187 0.2812
vt 0.0549 0.3594
vt 0.3736 0.2812
vt 0.1319 0.3594
vt 0.1319 0.9219
vt 0.1319 0.5938
vt 0.1978 0.6875
vt 0.0549 0.2812
vt 0.4066 0.3594
vt 0.0659 0.9219
vt 0.011 0.4258
vt 0.3077 0.75
vt 0.7582 0.375
vt 0.1319 0.2812
vt 0.1758 0.2812
vt 0.1648 0.0938
vt 0.2527 0.0938
vt 0.2637 0.75
vt 0.4505 0.7344
vt 0.4451 0.75
vt 0.011 0.4004
vt 0.6044 0.25
vt 0.6154 -0
vt 0.6154 0.375
vt 0.3736 0
vt 0.8681 0.0703
vt 0.7582 0.6875
vt 0.033 0.9219
vt 0.7033 0.5312
vt 0.011 0.2812
vt 0.5275 0.5938
vt 0.5385 0.2812
vt 0.1648 0.5938
vt 0.4396 0.2812
vt 0.5385 0.4258
vt 0.1758 0.3594
vt 0.6923 1
vt 0.5714 0.7344
vt 0.6374 0.4844
vt 0.5714 0.4844
vt 0.6374 0.7344
vt 0.7033 0.1875
vt 0.1758 0.5781
vt 0.2527 0.6094
vt 0.5604 0.75
vt 0.5385 0.0938
vt 0.8462 1
vt 0.8681 0.0938
vt 0.4066 0.8438
vt 0.6264 0.4844
vt 0.8681 0.4219
vt 0.5385 0.6875
vt 0.0769 0.0938
vt 0.011 0.5527
vt 0.4066 0.9062
vt 0.5385 0.5781
s 1
f 290/1 294/2 293/3
f 1428/4 4/5 5/6
f 231/7 539/8 540/9
f 754/10 350/11 557/12
f 587/13 370/14 585/15
f 833/16 10/17 831/18
f 323/19 301/20 299/21
f 787/22 13/23 845/24
f 368/25 369/26 366/27
f 14/28 1299/29 1436/30
f 181/31 188/32 180/33
f 1302/34 16/35 1301/36
f 899/37 410/38 897/39
f 893/40 414/41 1255/42
f 302/43 324/44 300/45
f 502/46 505/47 127/48
f 421/49 779/50 27/51
f 20/52 602/53 685/54
f 1250/55 216/56 529/57
f 1248/58 213/59 527/60
f 37/61 42/62 428/63
f 448/64 32/65 434/66
f 35/67 430/68 548/69
f 426/70 31/71 53/72
f 608/73 31/71 424/74
f 1247/75 111/76 940/77
f 158/78 142/79 141/80
f 790/81 1431/82 37/83
f 524/84 189/85 190/86
f 793/87 1241/88 435/89
f 635/90 1314/91 1542/92
f 452/93 805/94 1238/95
f 1355/96 1322/97 1657/98
f 615/99 795/100 1232/101
f 1229/102 51/103 448/64
f 1227/104 48/105 444/106
f 1226/107 53/72 803/108
f 55/109 1222/110 1016/111
f 567/112 568/113 22/114
f 1498/115 135/116 1467/117
f 806/118 64/119 62/120
f 808/121 61/122 807/123
f 801/124 864/125 60/126
f 159/127 865/128 991/129
f 812/130 69/131 907/132
f 814/133 67/134 810/135
f 905/136 906/137 66/138
f 1345/139 758/140 1619/141
f 301/142 326/143 302/144
f 1216/145 45/146 938/147
f 1009/148 77/149 821/150
f 1428/4 857/151 1617/152
f 475/153 580/154 79/155
f 1423/156 7/157 1294/158
f 740/159 1210/160 1207/161
f 1315/162 78/163 94/164
f 1203/165 779/50 420/166
f 943/167 6/168 756/169
f 427/170 34/171 48/105
f 1487/172 76/173 1308/174
f 926/175 74/176 826/177
f 484/178 113/179 483/180
f 121/181 126/182 125/183
f 487/184 1030/185 1029/186
f 738/187 1612/188 1197/189
f 1290/190 210/191 881/192
f 492/193 101/194 97/195
f 843/196 110/197 844/198
f 1656/199 73/200 1490/201
f 102/202 495/203 96/204
f 1187/205 104/206 490/207
f 1185/208 40/209 439/210
f 848/211 115/212 916/213
f 500/214 912/215 915/216
f 109/217 103/218 105/219
f 108/220 485/221 488/222
f 116/223 113/179 112/224
f 232/224 538/225 539/223
f 327/19 305/20 303/21
f 588/226 372/227 591/9
f 444/106 34/228 429/229
f 270/230 700/231 703/232
f 130/233 584/234 504/235
f 134/236 137/237 133/238
f 132/239 135/240 136/241
f 335/19 313/20 311/21
f 510/242 131/243 507/244
f 1181/245 1364/246 1026/247
f 1445/248 509/249 508/250
f 1177/251 66/138 458/252
f 156/253 146/254 150/255
f 884/256 781/257 141/80
f 786/256 854/257 144/80
f 423/258 764/259 1176/260
f 145/261 155/262 149/127
f 418/263 776/264 1174/265
f 1171/266 346/267 555/268
f 775/269 407/270 1169/271
f 844/198 108/272 842/273
f 206/274 197/275 198/276
f 156/277 149/127 155/278
f 1167/279 41/280 441/281
f 1400/282 84/283 469/284
f 776/264 404/285 1163/286
f 1524/287 165/288 1461/289
f 171/290 523/291 173/292
f 524/84 185/293 186/294
f 669/84 193/293 192/294
f 1047/295 116/296 847/297
f 218/298 221/299 217/300
f 1160/301 130/233 855/302
f 696/303 373/304 585/15
f 885/305 530/306 1158/307
f 886/308 531/309 1156/310
f 366/311 361/312 362/313
f 234/314 537/226 538/225
f 188/32 179/315 180/33
f 220/316 219/317 223/318
f 337/319 314/144 313/142
f 376/320 371/321 375/322
f 221/323 222/299 224/14
f 226/227 225/324 229/322
f 222/25 223/26 224/14
f 536/325 226/324 228/326
f 316/327 339/19 315/328
f 227/329 228/330 230/320
f 228/329 533/15 536/13
f 195/315 202/331 194/332
f 225/321 534/333 535/303
f 122/334 101/194 126/182
f 96/204 123/335 102/202
f 256/336 265/337 257/338
f 255/339 264/340 256/336
f 266/341 252/342 258/343
f 235/344 250/345 242/346
f 251/347 261/348 253/349
f 262/350 255/351 254/352
f 46/353 441/354 1153/355
f 265/337 258/343 257/338
f 236/356 245/357 244/358
f 239/359 246/360 238/361
f 235/344 244/358 243/362
f 242/346 249/363 241/364
f 261/348 254/352 253/349
f 239/365 248/366 247/367
f 252/342 259/368 251/347
f 238/361 245/357 237/369
f 240/370 249/363 248/366
f 697/371 382/372 592/235
f 249/363 266/373 265/374
f 111/375 501/376 653/377
f 227/304 229/322 225/321
f 545/378 903/379 37/83
f 546/380 34/381 547/382
f 929/383 558/384 1010/385
f 537/226 226/227 229/322
f 328/44 329/319 327/19
f 340/44 341/319 339/19
f 152/261 163/262 159/127
f 324/44 325/319 323/19
f 320/44 321/319 319/19
f 336/44 337/319 335/19
f 297/20 319/19 321/319
f 308/45 334/143 332/44
f 293/3 543/235 678/371
f 342/143 316/45 318/43
f 317/20 339/19 341/319
f 1499/386 517/387 1396/388
f 308/327 331/19 307/328
f 317/142 342/143 318/144
f 1036/389 1024/390 1288/391
f 148/78 143/79 144/80
f 297/142 322/143 298/144
f 119/392 124/393 123/335
f 329/319 306/144 305/142
f 306/43 328/44 304/45
f 860/394 128/395 858/396
f 239/365 256/336 240/370
f 314/43 336/44 312/45
f 303/328 328/44 327/19
f 363/300 368/25 364/298
f 480/397 125/183 478/398
f 322/143 296/45 298/43
f 320/44 295/328 296/327
f 309/142 334/143 310/144
f 591/9 374/399 590/8
f 1520/400 93/401 1488/402
f 355/403 551/404 550/405
f 149/127 867/128 984/129
f 564/406 553/407 719/408
f 1458/409 38/410 40/411
f 324/44 299/328 300/327
f 1327/412 166/413 1326/414
f 221/299 207/312 217/300
f 563/415 1442/416 1518/417
f 220/27 218/298 208/418
f 358/419 565/420 564/421
f 23/422 1141/423 423/258
f 1140/424 17/425 413/426
f 522/427 1329/428 1516/429
f 1014/430 1/431 1015/432
f 1448/433 4/5 1339/434
f 91/435 943/436 933/437
f 86/438 1423/439 1341/440
f 936/441 1031/442 74/176
f 635/90 81/443 694/444
f 88/445 581/446 474/447
f 1514/448 936/441 1136/449
f 274/450 705/451 267/452
f 271/453 702/454 272/455
f 311/328 336/44 335/19
f 208/313 219/316 220/311
f 590/223 376/320 589/225
f 366/27 364/298 368/25
f 366/316 369/318 365/317
f 367/299 361/312 365/316
f 949/456 563/457 1134/458
f 367/323 370/14 368/299
f 372/227 375/322 371/324
f 1356/459 172/460 1327/412
f 587/325 365/317 369/318
f 533/15 225/321 535/303
f 373/329 376/320 374/330
f 164/277 159/127 163/278
f 589/225 375/322 588/226
f 696/303 365/317 586/333
f 788/461 397/462 1132/463
f 950/464 561/465 1130/466
f 677/233 288/3 542/467
f 541/235 288/3 287/2
f 331/19 309/20 307/21
f 1038/468 1025/469 1287/470
f 564/421 566/471 356/472
f 1122/473 1123/474 602/475
f 1137/476 1389/477 686/478
f 1122/473 20/479 774/480
f 1146/481 821/150 1286/482
f 1011/483 10/17 833/16
f 223/318 534/333 536/325
f 889/484 13/23 787/22
f 679/485 550/486 357/487
f 1436/30 1343/488 14/28
f 1479/489 722/490 1397/491
f 1302/34 1344/492 354/493
f 899/37 1124/494 411/495
f 784/496 414/41 893/40
f 1159/497 503/498 909/499
f 22/114 1121/500 595/501
f 271/502 703/232 707/503
f 569/504 859/505 11/506
f 712/507 1606/508 1116/509
f 606/510 913/511 16/35
f 269/512 704/513 700/231
f 661/514 992/515 991/129
f 16/35 607/516 606/510
f 404/517 953/518 604/519
f 1121/500 419/520 595/501
f 14/28 568/113 353/521
f 18/522 600/523 570/524
f 12/525 685/54 352/526
f 604/519 1120/527 404/517
f 546/380 36/528 38/410
f 544/529 956/530 903/379
f 785/531 1111/532 433/533
f 29/534 783/535 852/536
f 628/537 928/538 969/539
f 1345/139 981/540 41/280
f 1310/541 83/542 81/443
f 959/543 613/544 1107/545
f 1019/546 694/444 1072/547
f 961/548 1104/549 619/550
f 820/551 614/552 1102/553
f 1/554 693/555 581/446
f 773/556 761/557 24/558
f 283/559 542/467 285/1
f 1131/560 560/561 924/562
f 889/563 714/564 1131/560
f 803/108 608/73 1087/565
f 986/566 657/567 1050/568
f 802/569 710/570 1086/571
f 1086/571 446/572 927/573
f 659/574 866/575 1052/576
f 284/372 676/371 541/235
f 806/118 966/577 64/119
f 1127/578 1128/579 1285/580
f 67/134 812/130 459/581
f 224/14 535/303 221/323
f 982/582 497/583 916/213
f 1132/463 24/558 761/557
f 1071/584 1072/547 694/444
f 564/421 565/420 566/471
f 35/585 545/378 37/83
f 766/586 602/475 1123/474
f 101/587 636/588 126/589
f 974/590 638/591 1101/592
f 273/593 701/594 274/450
f 499/595 945/596 912/597
f 102/598 642/599 114/600
f 641/601 114/600 642/599
f 637/602 636/588 106/603
f 840/604 479/605 946/606
f 122/334 643/607 97/195
f 977/608 645/609 1095/610
f 381/559 698/467 593/233
f 119/392 644/611 120/612
f 272/455 706/613 273/593
f 686/478 73/614 1493/615
f 629/616 1008/617 1036/389
f 1497/618 76/173 1487/172
f 1071/584 81/443 1068/619
f 439/210 38/620 36/621
f 649/622 650/623 98/624
f 1081/625 34/381 546/380
f 492/193 97/195 490/626
f 1135/627 562/628 1013/629
f 839/630 842/273 108/272
f 268/631 705/451 704/513
f 1332/632 601/633 409/634
f 1040/635 493/636 939/637
f 374/326 586/333 587/325
f 389/372 594/371 387/638
f 1124/494 567/639 1125/640
f 846/641 498/642 914/643
f 850/644 982/582 118/645
f 1376/646 520/647 1295/648
f 1011/649 716/650 1135/627
f 1134/458 100/651 926/652
f 412/653 24/654 607/516
f 651/655 96/204 495/203
f 531/309 1155/656 1156/310
f 386/3 592/235 385/2
f 19/657 1120/527 569/504
f 134/236 138/658 137/237
f 132/239 131/243 135/240
f 442/659 723/660 1154/661
f 1385/662 672/663 211/664
f 1504/665 214/666 670/667
f 1445/248 1511/668 509/249
f 972/669 1129/670 1284/671
f 1386/672 654/673 1387/674
f 1049/675 143/79 1050/568
f 985/515 1051/676 145/261
f 1087/565 50/677 799/678
f 656/514 985/515 984/129
f 158/679 781/257 988/680
f 164/253 151/254 160/255
f 1456/681 1467/117 135/116
f 148/679 854/257 990/680
f 538/225 229/322 230/320
f 1512/682 1446/683 511/684
f 1054/675 142/79 1055/568
f 992/515 1056/676 152/261
f 910/685 724/686 1159/497
f 1126/687 826/177 1283/688
f 678/371 291/372 289/638
f 1337/689 406/690 1425/691
f 100/692 1518/417 1352/693
f 1295/648 519/694 1297/695
f 1130/466 94/696 1009/697
f 1133/698 396/699 954/700
f 358/419 719/408 679/485
f 1358/701 215/702 672/663
f 172/703 522/427 166/413
f 505/704 139/705 127/48
f 1085/706 1385/662 1084/707
f 183/708 184/709 190/86
f 634/710 1463/711 1474/712
f 194/709 193/293 669/84
f 186/294 187/713 188/714
f 971/715 576/716 944/717
f 268/718 271/719 267/720
f 192/294 191/713 198/714
f 1383/721 634/710 709/722
f 1367/723 578/724 1328/725
f 196/86 195/708 194/709
f 1125/640 954/700 396/699
f 1360/726 470/727 1366/728
f 595/501 778/729 26/730
f 1604/731 859/505 604/519
f 1378/732 674/733 530/306
f 1484/734 675/735 531/309
f 890/736 39/737 871/738
f 377/7 590/8 378/739
f 544/529 1152/740 424/741
f 530/306 1157/742 1158/307
f 1469/743 720/744 1519/745
f 351/746 422/747 570/524
f 24/654 1115/748 606/510
f 605/749 1115/748 397/750
f 1443/751 684/752 1520/400
f 570/524 413/426 18/522
f 1141/423 607/516 423/258
f 378/224 589/225 380/314
f 579/753 627/754 1473/755
f 1077/756 687/757 1066/758
f 1381/759 640/760 1370/761
f 1067/762 687/757 690/763
f 688/764 1005/765 92/766
f 972/669 92/766 1004/767
f 1069/768 691/769 1068/619
f 693/555 1007/770 692/771
f 630/772 1067/762 690/763
f 632/773 1077/756 1078/774
f 692/771 1073/775 693/555
f 1476/776 708/777 1381/759
f 1076/778 690/763 688/764
f 4/779 688/764 92/766
f 1350/780 483/180 113/179
f 84/283 1073/775 469/284
f 87/781 689/782 4/779
f 271/719 274/783 267/720
f 268/718 269/784 270/785
f 1361/786 709/722 473/787
f 1382/788 84/283 1312/789
f 272/790 273/791 274/783
f 641/601 832/792 1098/793
f 126/589 637/602 125/794
f 423/258 354/795 15/796
f 811/797 211/664 880/798
f 545/378 548/799 33/350
f 957/800 546/380 38/410
f 1047/295 500/214 915/216
f 940/77 653/801 1091/802
f 651/655 114/803 111/375
f 1092/804 110/197 843/196
f 1090/805 115/212 848/211
f 1090/805 1091/802 653/801
f 609/806 852/536 1113/807
f 31/368 1114/808 851/809
f 367/323 585/15 370/14
f 397/750 955/810 605/749
f 1113/807 1114/808 609/806
f 858/396 584/234 1160/301
f 24/654 606/510 607/516
f 1112/811 911/812 611/813
f 1523/814 518/815 1450/816
f 1155/656 532/817 887/818
f 1111/532 434/819 1112/811
f 863/820 210/191 804/821
f 1154/661 437/822 794/823
f 610/824 790/81 956/530
f 535/303 219/317 221/323
f 1106/825 617/826 960/827
f 1335/828 1110/829 612/830
f 791/831 957/800 38/410
f 1109/832 1513/833 435/89
f 937/834 441/354 41/280
f 536/13 224/14 223/26
f 1157/742 525/835 841/836
f 1377/837 725/838 1523/814
f 970/839 1149/840 1281/841
f 380/314 588/226 379/296
f 950/842 402/843 765/844
f 949/845 398/846 762/847
f 603/848 896/849 419/520
f 1396/388 167/850 1455/851
f 948/852 715/853 1133/698
f 33/350 1152/740 545/378
f 371/321 586/333 372/324
f 120/854 478/398 124/393
f 660/574 868/575 1053/576
f 568/113 603/848 22/114
f 685/54 407/270 20/52
f 993/566 662/567 1055/568
f 10/17 570/524 600/523
f 133/238 654/855 505/704
f 89/856 1014/430 1035/857
f 87/781 1448/433 1494/858
f 933/437 1037/859 91/435
f 1341/440 1347/860 86/438
f 100/861 686/478 74/176
f 1349/862 474/447 1382/788
f 1384/863 670/667 210/191
f 911/812 429/864 611/813
f 1038/468 632/773 1078/774
f 688/764 689/782 80/865
f 689/782 633/866 80/865
f 80/865 1076/778 688/764
f 1005/765 1004/767 92/766
f 1380/867 95/868 483/180
f 1006/869 1007/770 89/856
f 469/284 1069/768 83/542
f 611/813 1081/625 546/380
f 581/446 693/555 84/283
f 819/870 691/769 1006/869
f 99/871 582/872 76/173
f 90/873 1070/874 970/839
f 1083/875 1384/863 1082/876
f 613/544 1106/825 1107/545
f 1513/833 793/87 435/89
f 550/405 551/404 552/877
f 551/404 359/878 552/877
f 1519/745 481/879 1440/880
f 892/881 506/882 910/685
f 656/514 786/256 1049/675
f 1599/883 712/507 1118/884
f 419/520 1118/884 778/729
f 1429/885 431/886 425/887
f 719/408 355/888 550/486
f 550/405 552/877 357/487
f 1147/889 1148/890 1279/891
f 653/377 118/892 115/893
f 641/601 123/894 124/895
f 1098/793 1099/896 641/601
f 1357/897 523/291 1524/287
f 565/420 360/898 566/471
f 185/428 176/899 177/900
f 186/331 177/900 178/332
f 179/315 186/331 178/332
f 1015/901 8/902 923/903
f 197/31 204/32 196/33
f 183/904 182/276 175/905
f 184/906 175/905 176/899
f 30/907 57/908 58/909
f 199/904 198/276 191/905
f 202/331 193/900 194/332
f 233/296 540/9 537/226
f 200/906 191/905 192/899
f 190/274 181/275 182/276
f 699/235 391/3 594/371
f 201/428 192/899 193/900
f 392/2 388/1 391/3
f 247/367 264/910 263/911
f 239/359 254/352 255/351
f 704/513 276/912 275/913
f 706/613 282/419 701/594
f 237/369 251/347 253/349
f 238/361 253/349 254/352
f 245/357 259/512 244/358
f 250/345 260/502 266/373
f 242/346 252/342 235/344
f 244/358 260/502 243/362
f 593/233 386/3 385/2
f 240/370 257/338 241/364
f 241/364 258/343 242/346
f 702/454 281/914 706/613
f 248/366 265/374 264/910
f 247/915 262/593 246/360
f 332/44 333/319 331/19
f 700/231 275/913 277/916
f 707/503 278/487 279/917
f 246/360 261/452 245/357
f 701/594 276/912 705/451
f 707/918 280/919 702/454
f 703/232 277/916 278/487
f 236/356 252/342 251/347
f 717/920 1313/921 1515/922
f 666/923 1515/922 1480/924
f 1463/711 574/925 1324/926
f 1397/491 516/927 1447/928
f 576/716 932/929 944/717
f 928/538 572/930 929/931
f 166/413 1516/429 1500/932
f 424/741 851/809 544/529
f 694/444 77/149 94/164
f 825/933 579/753 941/934
f 84/283 474/447 581/446
f 578/724 1465/935 1328/725
f 570/524 1140/424 413/426
f 718/936 1424/937 1517/938
f 648/939 1517/938 1372/940
f 1163/286 19/941 766/586
f 820/551 871/738 39/737
f 1105/942 960/827 617/826
f 1103/943 619/550 711/944
f 1018/945 487/184 1029/186
f 105/219 650/623 649/622
f 1096/946 121/947 834/948
f 1017/949 643/607 1097/950
f 1101/592 639/951 1100/952
f 1040/217 105/219 1041/953
f 1100/952 639/951 975/954
f 114/600 1099/896 849/955
f 106/956 490/626 104/957
f 1096/946 1097/950 643/607
f 1043/958 95/868 1044/959
f 1477/960 482/961 1441/962
f 1104/549 620/963 1105/942
f 1092/804 1093/964 485/965
f 974/966 485/965 1093/964
f 798/967 624/968 453/969
f 1094/970 646/971 978/972
f 1103/943 711/944 615/973
f 1102/553 614/552 44/974
f 645/609 1094/970 1095/610
f 625/975 904/976 68/977
f 204/32 195/315 196/33
f 1164/978 403/979 784/496
f 894/980 726/981 1164/978
f 1400/282 83/542 1309/982
f 1401/983 468/984 1360/726
f 1361/786 727/985 1401/983
f 796/986 441/281 46/987
f 938/147 728/988 440/989
f 1168/990 549/991 728/988
f 494/992 1018/945 888/993
f 1169/271 12/525 763/994
f 1170/995 399/996 831/18
f 898/997 729/998 1170/995
f 920/999 555/268 345/1000
f 1012/1001 730/1002 554/1003
f 1172/1004 681/1005 730/1002
f 731/1006 894/980 1173/1007
f 596/1008 1173/1007 788/461
f 26/1009 1174/265 948/852
f 732/1010 845/24 1175/1011
f 410/1012 1175/1011 897/1013
f 23/422 1176/260 772/1014
f 868/575 514/1015 867/128
f 866/575 512/1015 865/128
f 869/1016 458/252 65/1017
f 810/135 733/1018 457/1019
f 1178/1020 462/1021 733/1018
f 1402/1022 510/1023 140/1024
f 1180/1025 1402/1022 1179/1026
f 1456/681 135/116 510/1023
f 1181/245 1403/1027 1182/1028
f 1403/1027 582/872 75/1029
f 1432/1030 464/1031 695/1032
f 140/1024 507/244 128/395
f 504/235 584/234 507/1033
f 584/234 128/395 507/1033
f 504/235 131/1034 132/1035
f 51/103 429/229 32/65
f 379/296 591/9 377/7
f 539/223 230/320 228/330
f 488/222 106/956 104/957
f 501/1036 849/1037 1183/1038
f 1183/1038 1184/1039 501/1036
f 118/645 1184/1039 850/644
f 498/642 847/297 914/643
f 828/1040 439/210 43/1041
f 1186/1042 438/1043 795/100
f 918/1044 734/1045 1186/1042
f 1017/949 490/207 97/195
f 840/604 735/1046 489/1047
f 1188/1048 486/1049 735/1046
f 1655/1050 465/1051 1433/1052
f 1405/1053 1531/1054 1654/1055
f 1473/1056 1532/1057 1653/1058
f 493/636 888/993 939/637
f 1275/1059 526/1060 872/1061
f 1274/1062 737/1063 1195/1064
f 1273/1065 532/817 1196/1066
f 639/951 1199/1067 975/954
f 1581/1068 738/187 1199/1067
f 1579/1069 945/596 477/1070
f 488/1071 838/1072 1201/1073
f 1201/1073 1202/1074 488/1071
f 108/272 1202/1074 839/630
f 95/868 484/178 483/180
f 562/1075 1025/469 1013/1076
f 482/961 1365/1077 1441/962
f 36/621 427/170 43/1041
f 932/328 394/1078 857/151
f 420/166 900/1079 1576/1080
f 739/1081 1205/1082 1574/1083
f 1572/1084 739/1081 1204/1085
f 1334/1086 481/1087 1363/1088
f 646/971 1209/1089 978/972
f 1208/1090 1209/1089 1268/1091
f 1267/1092 479/605 1210/160
f 1465/1093 393/1094 1319/1095
f 93/1096 72/1097 580/154
f 1408/1098 756/169 1569/1099
f 1409/1100 1213/1101 1567/1102
f 1421/1103 1214/1104 1565/1105
f 1024/390 560/1106 467/1107
f 742/1108 796/986 1215/1109
f 927/573 742/1108 1215/1109
f 50/677 1216/145 799/678
f 1410/1110 919/1111 1563/1112
f 1411/1113 1219/1114 1561/1115
f 1335/828 1220/1116 1559/1117
f 815/1118 463/1119 462/1021
f 908/1120 457/1019 869/1016
f 904/976 460/1121 813/1122
f 661/514 884/256 1054/675
f 805/94 456/1123 451/1124
f 989/1125 454/1126 987/1127
f 798/967 452/93 61/122
f 1478/1128 511/684 1446/683
f 568/113 1221/1129 400/1130
f 1221/1129 21/1131 400/1130
f 353/521 400/1130 13/23
f 623/1132 1222/110 1224/1133
f 1223/1134 56/1135 780/1136
f 965/1137 623/1132 1224/1133
f 1225/1138 449/1139 802/569
f 1016/111 744/1140 1225/1138
f 965/1137 426/70 1226/107
f 997/1141 444/106 51/103
f 797/1142 745/1143 443/1144
f 1228/1145 622/1146 745/1143
f 800/1147 448/64 58/909
f 780/1136 746/1148 447/1149
f 1230/1150 443/1144 746/1148
f 747/1151 828/1040 1231/1152
f 964/1153 747/1151 1231/1152
f 47/1154 1232/101 947/1155
f 1652/1156 516/927 1330/1157
f 1651/1158 748/1159 1539/1160
f 1375/1161 1540/1162 1650/1163
f 1237/1164 451/1124 801/124
f 987/1127 749/1165 1237/1164
f 61/122 1238/95 807/123
f 750/1166 1334/1086 1541/1167
f 470/727 1541/1167 1366/728
f 81/443 1542/92 1310/541
f 981/540 937/834 41/280
f 1241/88 436/1168 1242/1169
f 1242/1169 794/823 437/822
f 1243/1170 1430/1171 431/886
f 431/886 1545/1172 1243/1170
f 783/535 1418/1173 432/1174
f 1246/1175 496/1176 846/641
f 1043/958 751/1177 1246/1175
f 977/608 651/1178 1247/75
f 50/677 424/74 33/1179
f 57/908 609/1180 426/70
f 33/1181 430/68 50/677
f 58/909 434/66 30/907
f 872/1061 527/60 209/1182
f 881/192 752/1183 526/1060
f 1249/1184 671/1185 752/1183
f 883/1186 529/57 212/1187
f 921/1188 753/1189 528/1190
f 1251/1191 673/1192 753/1189
f 685/54 1252/1193 569/1194
f 19/635 1252/1193 602/53
f 352/526 569/1194 11/1195
f 422/747 900/1079 420/166
f 420/166 1253/1196 422/747
f 17/425 1253/1196 421/49
f 502/46 583/1197 505/47
f 129/702 583/1197 502/46
f 583/1197 133/1198 505/47
f 1254/1199 415/1200 898/1201
f 414/41 1254/1199 1255/42
f 774/480 20/479 775/1202
f 1256/1203 23/1204 772/1205
f 1256/1203 1257/1206 412/1207
f 773/556 412/1207 1257/1206
f 1332/632 408/1208 1346/1209
f 406/690 1317/1210 1425/691
f 402/843 764/259 765/844
f 398/846 763/994 762/847
f 374/329 585/15 373/304
f 556/1211 557/12 349/1212
f 347/1213 754/10 556/1211
f 682/1214 683/1215 754/10
f 540/9 228/399 226/227
f 1421/1103 574/925 395/1216
f 1296/1217 874/1218 759/1219
f 762/847 12/525 352/1220
f 765/844 15/796 354/493
f 769/1221 1442/1222 1300/1223
f 1457/1224 962/1225 1471/1226
f 411/495 773/556 1257/1206
f 411/495 1256/1203 410/38
f 410/38 1256/1203 772/1205
f 774/480 415/1200 414/41
f 413/1227 1255/42 1254/1199
f 1254/1199 18/1228 413/1227
f 672/1229 1062/1230 1251/1191
f 211/664 1251/1191 921/1188
f 528/1190 1250/55 883/1186
f 670/1231 999/1232 1249/1184
f 210/191 1249/1184 881/192
f 526/1060 1248/58 872/1061
f 645/609 1247/75 751/1177
f 95/868 1246/1175 484/178
f 484/178 846/641 112/224
f 785/531 1543/1233 1245/1234
f 1245/1234 1544/1235 785/531
f 30/1236 1544/1235 783/535
f 1243/1170 1543/1233 433/533
f 1545/1172 1245/1234 1243/1170
f 1244/1237 1418/1173 1245/1234
f 791/831 1305/1238 789/1239
f 789/1239 1546/1240 791/831
f 433/533 1546/1240 1243/1170
f 436/1168 794/823 1242/1169
f 1241/88 437/822 435/89
f 435/89 937/834 981/540
f 823/1241 1417/1242 1435/1243
f 1028/1244 1416/1245 1491/1246
f 1239/1247 1459/1248 1416/1245
f 454/1126 1238/95 749/1165
f 59/1249 1237/1164 450/1250
f 450/1250 801/124 60/126
f 1649/1251 1236/1252 1415/1253
f 1548/1254 1549/1255 1648/1256
f 1500/932 1550/1257 1647/1258
f 1551/1259 1414/1260 1646/1261
f 1552/1262 1553/1263 1645/1264
f 1538/1265 1554/1266 1644/1267
f 1643/1268 882/1269 1455/851
f 1642/1270 1260/1271 1557/1272
f 1537/1273 1558/1274 1641/1275
f 622/1146 1232/101 747/1151
f 48/105 1231/1152 427/170
f 1231/1152 43/1041 427/170
f 620/1276 797/1142 1230/1150
f 56/1135 1230/1150 780/1136
f 447/1149 1229/102 800/1147
f 618/1277 947/1155 1228/1145
f 52/1278 1228/1145 797/1142
f 443/1144 1227/104 997/1141
f 623/1132 1226/107 744/1140
f 55/109 1225/1138 436/1279
f 436/1279 802/569 54/1280
f 965/1137 1224/1133 800/1147
f 800/1147 1224/1133 447/1149
f 57/908 800/1147 58/909
f 447/1149 1223/1134 780/1136
f 1224/1133 1223/1134 447/1149
f 1224/1133 1222/110 1223/1134
f 1222/110 616/1281 1223/1134
f 1353/1282 862/1283 1321/1284
f 59/1249 989/1125 987/1127
f 62/120 809/1285 805/94
f 1054/675 141/80 142/79
f 68/977 813/1122 70/1286
f 65/1017 908/1120 869/1016
f 68/977 816/1287 815/1118
f 1559/1117 743/1288 1411/1113
f 1560/1289 1218/1290 1536/1291
f 1460/1292 1261/1293 1560/1289
f 1333/1294 1219/1114 425/887
f 1562/1295 901/1296 1458/409
f 1536/1291 1262/1297 1562/1295
f 1563/1112 42/62 1304/1298
f 1564/1299 782/1300 1429/885
f 1535/1301 1263/1302 1564/1299
f 446/572 1216/145 742/1108
f 927/573 442/1303 49/1304
f 1215/1109 46/987 442/1303
f 75/1029 924/1305 1024/390
f 1565/1105 741/1306 1409/1100
f 1566/1307 1212/1308 1534/1309
f 1296/1217 1264/1310 1566/1307
f 1567/1102 393/1094 1419/1311
f 1568/1312 755/1313 1294/158
f 1534/1309 1265/1314 1568/1312
f 1569/1099 6/168 1444/1315
f 1570/1316 856/1317 1319/1095
f 1533/1318 1266/1319 1570/1316
f 1340/620 856/1317 1444/1315
f 1208/1090 1210/160 740/159
f 1476/776 1267/1092 1208/1090
f 1351/1320 946/606 1267/1092
f 1268/1091 646/971 1044/959
f 1045/1321 1268/1091 1044/959
f 1371/1322 1208/1090 1268/1091
f 1209/1089 1571/1323 978/972
f 1209/1089 740/159 1207/161
f 1571/1323 1207/161 480/1324
f 1459/1248 1023/1325 1488/1326
f 1572/1084 1573/1327 1206/1328
f 605/749 955/810 1204/1085
f 416/1329 1206/1328 1573/1327
f 1574/1083 408/1208 1426/1330
f 1575/1331 770/1332 1301/36
f 605/749 1269/1333 1575/1331
f 1471/1226 900/1079 9/1334
f 1346/1209 1270/1335 962/1225
f 1203/165 1270/1335 1577/1336
f 4/327 857/151 5/6
f 836/1337 1490/201 1316/1338
f 1013/1076 72/1097 93/1096
f 487/184 839/630 1202/1074
f 486/1049 1202/1074 1201/1073
f 486/1049 1201/1073 838/1072
f 1578/1339 1200/1340 738/187
f 1475/1341 1271/1342 1578/1339
f 1350/780 945/596 1579/1069
f 1272/1343 1199/1067 639/951
f 1042/1344 1580/1345 1495/1346
f 640/760 1581/1068 1370/761
f 1583/1347 1582/1348 1197/189
f 738/187 1582/1348 1199/1067
f 1583/1347 1197/189 478/1349
f 1194/1350 1196/1066 737/1063
f 883/1186 1194/1350 528/1190
f 212/1187 1273/1065 883/1186
f 880/798 1195/1064 525/835
f 211/664 1274/1062 880/798
f 921/1188 1194/1350 1274/1062
f 841/836 872/1061 209/1182
f 525/835 1275/1059 841/836
f 1195/1064 1193/1351 1275/1059
f 939/637 109/1352 105/1353
f 1640/1354 1192/1355 1407/1356
f 1639/1357 1276/1358 1586/1359
f 1638/1360 968/1361 1587/1362
f 1588/1363 1406/1364 1637/1365
f 1636/1366 1277/1367 1590/1368
f 1530/1369 1591/1370 1635/1371
f 1634/1372 818/1373 1308/174
f 1593/1374 1594/1375 1633/1376
f 1529/1377 1595/1378 1632/1379
f 650/623 1030/185 1188/1048
f 98/624 1188/1048 840/604
f 489/1047 1187/205 1017/949
f 614/1380 918/1044 1186/1042
f 44/1381 1186/1042 795/100
f 438/1043 1185/208 828/1040
f 914/643 116/296 112/224
f 500/214 850/644 1184/1039
f 499/1382 1184/1039 1183/1038
f 499/1382 1183/1038 849/1037
f 1307/1383 817/1384 1070/874
f 1528/1385 1008/617 695/1032
f 1181/245 1182/1028 1528/1385
f 1331/1386 1180/1025 509/249
f 509/249 1179/1026 1527/1387
f 1527/1387 860/394 508/250
f 68/977 1178/1020 625/975
f 625/975 810/135 67/134
f 457/1019 1177/251 869/1016
f 151/254 865/128 160/255
f 146/254 867/128 150/255
f 772/1014 732/1010 410/1012
f 897/1013 400/1130 21/1131
f 1175/1011 13/23 400/1130
f 948/852 731/1006 596/1008
f 788/461 416/1329 25/1388
f 1173/1007 27/51 416/1329
f 680/12 1065/1389 1172/1004
f 343/1212 1172/1004 1012/1001
f 554/1003 1171/266 920/999
f 18/522 1170/995 600/523
f 600/523 831/18 10/17
f 729/998 763/994 399/996
f 109/1352 1018/945 107/1390
f 428/63 919/1111 1168/990
f 45/146 1168/990 938/147
f 440/989 1167/279 796/986
f 1486/1391 1166/1392 1526/1393
f 1526/1393 1020/1394 1485/1395
f 1525/1396 822/1397 1434/1398
f 27/51 1164/978 421/1399
f 421/1399 784/496 17/1400
f 644/611 1095/610 1094/970
f 1094/970 120/612 644/611
f 61/122 1032/1401 798/967
f 638/1402 974/966 1093/964
f 638/1402 1092/804 493/636
f 619/550 1105/942 617/826
f 1352/1403 836/1337 1316/1338
f 1043/958 646/971 645/609
f 489/1047 1096/946 479/605
f 499/595 849/955 1099/896
f 637/602 975/954 125/794
f 638/591 1041/953 639/951
f 637/602 1101/592 1100/952
f 489/1047 1017/949 1097/950
f 479/605 1096/946 834/948
f 107/1390 1029/186 103/218
f 618/1404 961/548 1103/943
f 56/1405 1105/942 620/963
f 617/826 820/551 619/550
f 726/981 766/586 403/979
f 1497/1406 1142/1407 1392/1408
f 1142/1407 1299/1409 1392/1408
f 878/1410 1340/1411 1453/1412
f 91/435 941/934 3/1413
f 1058/1414 1391/1415 1375/1161
f 90/873 929/931 2/1416
f 4/5 944/717 932/929
f 1522/1417 870/1418 1322/97
f 1338/1419 874/1218 1449/1420
f 995/1421 1390/1422 1355/96
f 1138/1423 1438/1424 1390/1422
f 572/1425 923/903 558/384
f 1482/1426 1162/1427 1399/1428
f 477/1070 1099/896 1098/793
f 819/870 1148/890 466/1429
f 1035/857 819/870 89/856
f 628/537 1279/891 1035/857
f 1304/1298 792/1430 782/1300
f 1597/1431 1596/1432 1116/509
f 712/507 1596/1432 1118/884
f 1597/1431 1116/509 418/1433
f 1280/1434 1118/884 419/520
f 951/1435 1598/1436 1343/488
f 599/1437 1599/883 1468/1438
f 1049/675 144/80 143/79
f 139/705 910/685 127/48
f 1144/1439 1315/1440 1394/1441
f 1600/1442 55/1443 793/87
f 1108/1444 1600/1442 793/87
f 1388/1445 959/543 1108/1444
f 616/1446 1107/545 1106/825
f 675/735 1082/876 1509/1447
f 970/839 695/1032 629/616
f 89/856 819/870 1006/869
f 692/771 1006/869 691/769
f 1505/1448 1045/1321 1074/1449
f 690/763 1004/767 1005/765
f 1038/468 580/154 72/1097
f 1509/1447 863/820 531/309
f 1474/712 1079/1450 1507/1451
f 1472/1452 935/1453 1466/1454
f 631/1455 933/437 576/716
f 1039/1456 1323/1457 1369/1458
f 1035/857 571/1459 628/537
f 157/1460 1055/568 142/79
f 146/254 1053/576 868/575
f 26/1009 1133/698 595/1461
f 1521/1462 882/1269 1330/1157
f 352/1220 949/845 762/847
f 354/493 950/842 765/844
f 1281/841 721/1463 1147/889
f 969/539 1147/889 628/537
f 90/873 1281/841 969/539
f 1502/1464 1161/1465 1398/1466
f 1157/742 209/1182 527/1467
f 437/822 1153/355 937/834
f 1110/829 1388/1445 1108/1444
f 1108/1444 1601/1468 1110/829
f 612/830 1601/1468 1109/832
f 611/813 791/831 433/533
f 1602/1469 613/544 1110/829
f 917/1470 1602/1469 1110/829
f 1460/1292 890/736 917/1470
f 1106/825 56/1405 616/1446
f 37/83 956/530 790/81
f 445/1471 794/823 54/1472
f 863/820 532/817 531/309
f 433/533 1112/811 611/813
f 1155/656 212/1187 529/1473
f 1398/1466 875/1474 1325/1475
f 32/337 1112/811 434/819
f 506/882 1160/301 724/686
f 610/824 1114/808 1113/807
f 544/529 851/809 1114/808
f 610/824 1113/807 852/536
f 496/1176 1090/805 498/642
f 498/642 1090/805 848/211
f 493/636 1092/804 843/196
f 496/1176 940/77 1091/802
f 117/739 915/216 113/1476
f 811/797 525/835 530/306
f 477/1070 1098/793 832/792
f 1507/1451 827/1477 1437/1478
f 1486/1391 1080/1479 1021/1480
f 1475/1341 1074/1449 976/1481
f 1351/1320 1075/1482 1506/1483
f 580/154 1078/774 1077/756
f 83/542 1068/619 81/443
f 972/669 687/757 632/773
f 82/1484 1066/758 1067/762
f 1506/1483 1042/1344 1495/1346
f 1077/756 79/155 580/154
f 941/934 968/1485 1348/1486
f 1318/1487 1145/1488 1395/1489
f 1344/1490 1144/1439 1394/1441
f 527/1467 1158/307 1157/742
f 890/736 617/826 613/544
f 1359/1491 886/308 216/1492
f 1503/1493 885/305 213/1494
f 1603/1495 1119/1496 712/507
f 1337/689 1282/1497 1603/1495
f 1462/1498 859/505 1604/731
f 1485/1395 1028/1244 1491/1246
f 567/639 954/700 1125/640
f 1492/1499 878/1410 1453/1412
f 1508/1500 1039/1456 1080/1479
f 92/766 944/717 4/5
f 973/1501 1338/1419 1349/862
f 674/733 1084/707 1510/1502
f 1483/1503 1085/706 674/733
f 595/1461 954/700 22/1504
f 714/564 1009/697 560/561
f 1420/1505 760/1506 1422/1507
f 1477/1508 1143/1509 1393/1510
f 1462/1498 769/1221 1300/1223
f 1283/688 74/176 1031/442
f 1128/579 1031/442 471/1511
f 713/1512 1283/688 1128/579
f 127/48 1159/497 502/46
f 663/1513 992/515 662/567
f 1054/675 662/567 661/514
f 1387/674 862/1283 1089/1514
f 990/680 515/1515 660/574
f 1331/1386 942/1516 891/1517
f 988/680 513/1515 659/574
f 984/129 145/261 149/127
f 710/570 799/678 446/572
f 658/1513 985/515 657/567
f 1049/675 657/567 656/514
f 1088/1518 1512/682 1511/668
f 1284/671 713/1512 1127/578
f 971/715 1127/578 631/1455
f 92/766 1284/671 971/715
f 1320/1519 1088/1518 861/1520
f 1379/1521 1083/875 675/735
f 1510/1502 811/797 530/306
f 529/1473 1156/310 1155/656
f 716/650 926/652 562/628
f 351/1522 1135/627 684/752
f 1501/1523 757/1524 1420/1505
f 652/1525 850/644 500/214
f 112/224 846/641 914/643
f 1124/494 396/699 411/495
f 105/1353 1040/635 939/637
f 1457/1224 853/1526 895/1527
f 491/1528 839/630 487/184
f 684/752 1013/629 93/401
f 691/769 1071/584 1068/619
f 1372/1529 1022/1530 1362/1531
f 75/1029 1036/389 1008/617
f 1137/476 1368/1532 627/754
f 977/608 644/611 96/204
f 98/624 840/604 946/606
f 113/179 912/597 945/596
f 106/603 1101/592 637/602
f 403/979 766/586 1123/474
f 466/1429 1071/584 691/769
f 715/853 761/557 396/699
f 118/645 916/213 115/212
f 1285/580 471/1511 825/933
f 1037/859 825/933 91/435
f 631/1455 1285/580 1037/859
f 453/969 966/577 806/118
f 151/254 1052/576 866/575
f 445/1533 927/573 49/1304
f 54/1280 1086/571 445/1533
f 147/1460 1050/568 143/79
f 449/1139 1087/565 710/570
f 353/1534 1131/560 559/1535
f 559/1535 924/562 99/1536
f 411/495 761/557 773/556
f 619/550 1102/553 711/944
f 620/963 961/548 52/1537
f 466/1429 1019/546 1072/547
f 959/543 616/1446 55/1443
f 1435/1243 822/1397 823/1241
f 1605/1538 435/89 981/540
f 958/1539 1605/1538 981/540
f 1470/1540 1109/832 958/1539
f 90/873 969/539 928/538
f 852/536 432/1174 610/824
f 434/819 785/531 30/1236
f 37/83 903/379 956/530
f 991/129 152/261 159/127
f 1119/1496 1607/1541 1606/508
f 1119/1496 604/519 953/518
f 1607/1541 953/518 28/1542
f 502/46 909/499 129/702
f 17/1400 784/496 893/40
f 21/1543 1124/494 899/37
f 1427/1544 952/1545 771/1546
f 1354/1547 1151/1548 1522/1417
f 1468/1438 824/1549 1311/1550
f 598/1551 787/22 402/843
f 597/1552 833/16 398/846
f 1286/482 77/149 1019/546
f 1148/890 1019/546 466/1429
f 721/1463 1286/482 1148/890
f 414/41 1122/473 774/480
f 1137/476 1514/448 1136/449
f 403/979 1122/473 414/41
f 1287/470 472/1553 1126/687
f 1129/670 1126/687 713/1512
f 632/773 1287/470 1129/670
f 598/1554 1130/466 714/564
f 596/1008 1132/463 715/853
f 1481/1555 877/1556 1452/1557
f 597/1558 1134/458 716/650
f 1136/449 936/441 74/176
f 471/1511 936/441 579/753
f 935/1453 1298/1559 1466/1454
f 933/437 575/1560 576/716
f 1323/1457 931/1561 1464/1562
f 571/1459 1015/432 572/930
f 1139/1563 1454/1564 1391/1415
f 1143/1509 1317/1565 1393/1510
f 1452/1557 876/1566 1451/1567
f 1430/1171 901/1296 1333/1294
f 984/129 514/1015 656/514
f 1145/1488 1363/1568 1395/1489
f 508/250 858/396 506/882
f 1288/391 467/1107 1146/481
f 1149/840 1146/481 721/1463
f 629/616 1288/391 1149/840
f 1374/1569 1150/1570 1521/1462
f 2/1571 1010/385 7/157
f 886/308 529/1473 216/1492
f 885/305 527/1467 213/1494
f 724/686 855/302 503/498
f 1047/295 497/583 652/1525
f 1399/1428 922/1572 1336/1573
f 417/1574 1163/286 726/981
f 1437/1478 1165/1575 1525/1396
f 549/991 1167/279 728/988
f 494/992 842/273 491/1528
f 415/1576 1169/271 729/998
f 681/1005 1171/266 730/1002
f 1174/265 417/1574 731/1006
f 1176/260 401/1577 732/1010
f 515/1515 786/256 514/1015
f 513/1515 884/256 512/1015
f 733/1018 905/136 1177/251
f 1320/1519 892/881 139/705
f 1181/245 1026/247 1489/1578
f 113/1476 915/216 912/215
f 848/211 497/583 498/642
f 734/1045 963/1579 1185/208
f 735/1046 838/1072 1187/205
f 1631/1580 1027/1581 1365/1077
f 1609/1582 1610/1583 1630/1584
f 1368/1585 1611/1586 1629/1587
f 843/196 494/992 493/636
f 1193/1351 881/192 526/1060
f 737/1063 1290/190 1193/1351
f 1196/1066 804/821 1290/190
f 1200/1340 1613/1588 1612/188
f 1200/1340 477/1070 832/792
f 1613/1588 832/792 124/895
f 103/218 1029/186 1030/185
f 562/1075 826/177 472/1553
f 1022/1530 1433/1052 1362/1531
f 575/1589 756/169 394/1078
f 1614/1590 1206/1328 1615/1591
f 739/1081 1614/1590 1203/165
f 27/51 779/50 1615/1591
f 1440/1592 830/1593 835/1594
f 1210/160 1616/1595 1207/161
f 1210/160 479/605 834/948
f 1616/1595 834/948 121/947
f 1298/1596 755/1313 1419/1311
f 1617/152 394/1078 1408/1098
f 1618/1597 1211/1598 1533/1318
f 1303/1599 1291/1600 1618/1597
f 560/1106 821/150 467/1107
f 742/1108 938/147 440/989
f 1619/141 549/991 1410/1110
f 1620/1601 1217/1602 1535/1301
f 1620/1601 958/1539 1292/1603
f 462/1021 906/137 905/136
f 461/1604 810/135 457/1019
f 459/581 907/132 460/1121
f 991/129 512/1015 661/514
f 451/1124 864/125 801/124
f 455/1605 807/123 454/1126
f 1373/1606 942/1516 1342/1607
f 623/1132 1016/111 1222/110
f 744/1140 803/108 449/1139
f 745/1143 964/1153 1227/104
f 746/1148 997/1141 1229/102
f 1232/101 438/1043 747/1151
f 1628/1608 870/1418 1447/928
f 1627/1609 1293/1610 1623/1611
f 1626/1612 995/1421 1624/1613
f 749/1165 805/94 451/1124
f 1240/1614 1439/1615 1417/1242
f 55/1443 1241/88 793/87
f 1244/1237 1306/1616 792/1430
f 792/1430 1625/1617 1244/1237
f 432/1174 1625/1617 790/81
f 751/1177 940/77 496/1176
f 752/1183 1061/1618 1248/58
f 753/1189 1000/1619 1250/55
f 893/40 413/1227 17/1400
f 21/1543 899/37 897/39
f 1427/1544 770/1332 1426/1330
f 824/1549 1424/1620 1311/1550
f 787/22 401/1577 402/843
f 833/16 399/996 398/846
f 1303/1599 931/1561 777/1621
f 395/1216 1464/1562 1303/1599
f 1311/1550 405/1622 406/690
f 409/634 1426/1330 408/1208
f 1417/1242 476/1623 750/1166
f 1622/1624 1624/1613 1293/1610
f 1540/1162 1622/1624 1236/1252
f 666/923 1626/1612 1540/1162
f 1537/1273 1623/1611 1233/1625
f 748/1159 1627/1609 1537/1273
f 1236/1252 1627/1609 1415/1253
f 1412/1626 1447/928 516/927
f 1233/1625 1628/1608 1412/1626
f 1623/1611 1621/1627 1628/1608
f 655/1628 1342/1607 511/684
f 612/830 1620/1601 1220/1116
f 1220/1116 1535/1301 743/1288
f 1292/1603 1410/1110 1217/1602
f 395/1216 1618/1597 1214/1104
f 1214/1104 1533/1318 741/1306
f 1291/1600 1408/1098 1211/1598
f 577/1629 1419/1311 393/1094
f 481/1087 1439/1615 1440/1592
f 1203/165 1615/1591 779/50
f 1362/1531 465/1051 482/961
f 1197/189 1612/188 1613/1588
f 1629/1587 1289/1630 1609/1582
f 1532/1057 1609/1582 1192/1355
f 627/1631 1629/1587 1532/1057
f 1529/1377 1610/1583 1189/1632
f 736/1633 1630/1584 1529/1377
f 1192/1355 1630/1584 1407/1356
f 1631/1580 465/1051 1404/1634
f 1610/1583 1404/1634 1189/1632
f 1610/1583 1608/1635 1631/1580
f 473/787 1525/1396 727/985
f 725/838 1336/1573 518/815
f 665/1636 1521/1462 722/490
f 720/744 1363/1568 481/879
f 425/887 1430/1171 1333/1294
f 520/647 1451/1567 519/694
f 1393/1510 405/1637 718/936
f 1391/1415 521/1638 717/920
f 573/1639 1464/1562 574/925
f 1466/1454 577/1640 578/724
f 667/1641 1452/1557 520/647
f 599/1437 1311/1550 406/690
f 170/1642 1522/1417 664/1643
f 409/634 1469/1644 1427/1544
f 1116/509 1606/508 1607/1541
f 470/727 1434/1398 1435/1243
f 648/1645 1362/1531 482/961
f 9/1334 1443/1646 1457/1224
f 173/1647 1420/1505 171/1648
f 139/705 1386/672 1320/1519
f 1511/668 511/684 509/249
f 509/249 1342/1607 1331/1386
f 654/673 1321/1284 1387/674
f 11/506 1300/1223 352/1649
f 1477/1508 718/936 648/939
f 171/1648 1422/1507 165/288
f 88/445 1349/862 1338/1419
f 633/866 1494/858 1508/1500
f 85/1650 1453/1412 3/1651
f 82/1484 1491/1246 79/155
f 925/1652 1604/731 1282/1497
f 599/1437 1603/1495 1117/1653
f 354/1654 1394/1441 561/465
f 601/1655 1395/1489 720/744
f 649/622 1495/1346 105/219
f 98/624 1506/1483 649/622
f 640/760 1505/1448 1475/1341
f 80/865 1508/1500 1486/1391
f 709/722 1437/1478 473/787
f 517/1656 1325/1475 167/850
f 169/1657 1398/1466 517/1656
f 722/490 1330/1157 516/927
f 1369/1458 573/1639 634/710
f 626/1658 1466/1454 578/724
f 634/710 1507/1451 709/722
f 708/777 1371/1322 1505/1448
f 1394/1441 94/696 561/465
f 1468/1438 1280/1434 951/1435
f 1343/488 896/849 14/28
f 1118/884 1597/1431 778/729
f 42/62 1431/82 1304/1298
f 668/1659 1399/1428 725/838
f 1390/1422 170/1660 664/1661
f 1355/96 664/1661 168/1662
f 88/445 1449/1420 1/431
f 664/1643 1322/97 168/1662
f 1375/1161 717/920 666/923
f 3/1651 1453/1412 1340/1411
f 1392/1408 353/1534 559/1535
f 1497/1406 559/1535 99/1536
f 100/1663 1352/1403 1316/1338
f 727/985 1434/1398 468/984
f 82/1484 1526/1393 1485/1395
f 630/772 1486/1391 1526/1393
f 1593/1374 1595/1378 1278/1664
f 1191/1665 1632/1379 1593/1374
f 736/1633 1632/1379 1531/1054
f 1633/1376 1026/247 1364/246
f 1406/1364 1364/246 464/1031
f 1191/1665 1633/1376 1406/1364
f 1634/1372 76/173 1489/1578
f 1594/1375 1489/1578 1026/247
f 1278/1664 1634/1372 1594/1375
f 1635/1371 1277/1367 1589/1666
f 967/1667 1635/1371 1589/1666
f 1472/1452 1530/1369 1635/1371
f 1307/1383 1590/1368 817/1384
f 1347/860 1307/1383 86/438
f 1347/860 1589/1666 1636/1366
f 1637/1365 464/1031 1432/1030
f 817/1384 1637/1365 1432/1030
f 1277/1367 1637/1365 1590/1368
f 1585/1668 1587/1362 1276/1358
f 1492/1499 1585/1668 1033/1669
f 85/1650 1638/1360 1492/1499
f 1530/1369 1586/1359 1190/1670
f 626/1658 1639/1357 1530/1369
f 1367/723 1585/1668 1639/1357
f 1640/1354 736/1633 1405/1053
f 1190/1670 1640/1354 1405/1053
f 1586/1359 1584/1671 1640/1354
f 1199/1067 1583/1347 975/954
f 1370/761 1272/1343 1042/1344
f 1495/1346 1041/953 105/219
f 976/1481 1579/1069 1271/1342
f 640/760 1578/1339 1198/1672
f 1316/1338 73/200 100/1663
f 408/1208 1577/1336 1346/1209
f 962/1225 1576/1080 1471/1226
f 913/511 1301/36 16/35
f 1269/1333 1426/1330 770/1332
f 1204/1085 1573/1327 1572/1084
f 71/1673 1488/1326 93/1096
f 3/1674 1444/1315 6/168
f 741/1306 1570/1316 1213/1101
f 1213/1101 1319/1095 393/1094
f 1266/1319 1444/1315 856/1317
f 558/384 1568/1312 1010/385
f 1010/385 1294/158 7/157
f 1265/1314 1419/1311 755/1313
f 8/902 1566/1307 923/903
f 923/903 1534/1309 558/384
f 1264/1310 1409/1100 1212/1308
f 743/1288 1564/1299 1219/1114
f 1219/1114 1429/885 425/887
f 1263/1302 1304/1298 782/1300
f 621/1675 1562/1295 963/1676
f 963/1676 1458/409 40/411
f 901/1296 1561/1115 1333/1294
f 39/737 1560/1289 918/1677
f 918/1677 1536/1291 621/1675
f 1261/1293 1411/1113 1218/1290
f 138/1678 1321/1284 137/1679
f 1641/1275 1260/1271 1556/1680
f 1235/1681 1641/1275 1556/1680
f 1539/1160 1537/1273 1641/1275
f 1450/816 1557/1272 875/1474
f 1414/1260 1450/816 518/815
f 1414/1260 1556/1680 1642/1270
f 1643/1268 167/850 1325/1475
f 875/1474 1643/1268 1325/1475
f 1557/1272 1555/1682 1643/1268
f 1644/1267 1259/1683 1552/1262
f 1297/695 1552/1262 760/1506
f 519/694 1644/1267 1297/695
f 1645/1264 922/1572 1461/289
f 165/288 1645/1264 1461/289
f 760/1506 1645/1264 1422/1507
f 1646/1261 518/815 1336/1573
f 1553/1263 1336/1573 922/1572
f 1259/1683 1646/1261 1553/1263
f 1647/1258 1258/1684 1548/1254
f 1326/414 1548/1254 876/1566
f 1326/414 1500/932 1647/1258
f 1538/1265 1549/1255 1234/1685
f 1451/1567 1538/1265 519/694
f 876/1566 1648/1256 1451/1567
f 1649/1251 748/1159 1413/1686
f 1549/1255 1413/1686 1234/1685
f 1258/1684 1649/1251 1549/1255
f 1416/1245 71/1673 475/153
f 1491/1246 475/153 79/155
f 1435/1243 750/1166 470/727
f 9/1334 1457/1224 1471/1226
f 352/1649 1300/1223 1442/1222
f 8/902 1449/1420 1296/1217
f 759/1219 1324/926 1421/1103
f 1425/691 837/1687 769/1221
f 895/1527 1346/1209 962/1225
f 1310/541 1240/1614 823/1241
f 1366/728 1239/1247 1028/1244
f 1541/1167 902/1688 1239/1247
f 1650/1163 1236/1252 1547/1689
f 1550/1257 1547/1689 1258/1684
f 1058/1414 1650/1163 1550/1257
f 1651/1158 1235/1681 1551/1259
f 1554/1266 1551/1259 1259/1683
f 1554/1266 1413/1686 1651/1158
f 1555/1682 1330/1157 882/1269
f 1260/1271 1652/1156 1555/1682
f 1558/1274 1412/1626 1652/1156
f 983/1690 1446/683 862/1283
f 917/1470 1559/1117 1261/1293
f 1218/1290 1561/1115 1262/1297
f 1217/1602 1563/1112 1263/1302
f 759/1219 1565/1105 1264/1310
f 1212/1308 1567/1102 1265/1314
f 1211/1598 1569/1099 1266/1319
f 934/1691 1319/1095 856/1317
f 902/1688 1363/1088 1023/1325
f 1441/962 1027/1581 836/1337
f 1653/1058 1192/1355 1584/1671
f 1587/1362 1584/1671 1276/1358
f 1587/1362 1473/1056 1653/1058
f 1654/1055 1191/1665 1588/1363
f 1591/1370 1588/1363 1277/1367
f 1190/1670 1654/1055 1591/1370
f 1655/1050 818/1373 1592/1692
f 1595/1378 1592/1692 1278/1664
f 1595/1378 1404/1634 1655/1050
f 1021/1480 1401/983 1166/1392
f 1166/1392 1360/726 1020/1394
f 1165/1575 1309/982 822/1397
f 980/1693 1441/962 836/1337
f 1046/1694 1517/938 1142/1407
f 1517/938 768/1695 1142/1407
f 1328/725 934/1696 878/1410
f 1500/932 1139/1563 1058/1414
f 1151/1548 1447/928 870/1418
f 930/1697 1324/926 874/1218
f 1480/924 1138/1423 995/1421
f 1515/922 829/1698 1138/1423
f 998/1699 1524/287 1162/1427
f 782/1300 1306/1616 1429/885
f 1519/745 835/1700 1144/1439
f 1074/1449 1496/1701 1380/867
f 973/1501 1382/788 1079/1450
f 967/1667 1341/440 935/1453
f 1494/858 873/1702 1039/1456
f 1150/1570 1455/851 882/1269
f 1060/1703 1523/814 1161/1465
f 1161/1465 1450/816 875/1474
f 1079/1450 1312/789 827/1477
f 1021/1480 1383/721 1361/786
f 976/1481 1380/867 1350/780
f 979/1704 1381/759 1075/1482
f 1075/1482 1370/761 1042/1344
f 853/1705 1520/400 1145/1488
f 1469/743 1144/1439 952/1706
f 1020/1394 1366/728 1028/1244
f 1033/1669 1328/725 878/1410
f 1080/1479 1369/1458 1383/721
f 1474/712 930/1697 973/1501
f 757/1524 1297/695 760/1506
f 980/1707 1518/417 1143/1509
f 925/1652 1425/691 769/1221
f 1089/1514 1446/683 1512/682
f 891/1517 1467/117 1456/681
f 1386/672 1089/1514 1088/1518
f 861/1520 1511/668 1445/248
f 1059/935 1295/648 757/1524
f 895/1527 1318/1708 1332/632
f 1046/1709 1487/172 1022/1530
f 823/1241 1309/982 1310/541
f 771/1546 1344/492 1302/34
f 994/1710 1397/491 1151/1548
f 951/1435 1436/30 824/1549
f 996/1711 1327/412 877/1556
f 1341/440 767/1711 935/1453
f 873/1702 1339/434 931/1561
f 1516/429 879/1712 1139/1563
f 1518/417 837/1713 1143/1509
f 877/1556 1326/414 876/1566
f 901/1296 1305/1238 1458/409
f 1520/400 1023/1714 1145/1488
f 1057/1715 1396/388 1150/1570
f 1162/1427 1461/289 922/1572
f 827/1477 1400/282 1165/1575
f 1656/199 1027/1581 1608/1635
f 1611/1586 1608/1635 1289/1630
f 1034/1716 1656/199 1611/1586
f 1487/172 818/1373 1022/1530
f 835/1594 1314/91 1315/162
f 767/1717 1294/158 755/1313
f 777/1621 1617/152 1291/1600
f 958/1539 1619/141 1292/1603
f 1048/1718 1467/117 942/1516
f 1621/1627 1322/97 870/1418
f 1293/1610 1657/98 1621/1627
f 1624/1613 1355/96 1657/98
f 1542/92 830/1593 1240/1614
f 771/1546 1301/36 770/1332
f 1436/30 768/1719 824/1549
f 777/1621 1339/434 1428/4
f 290/1 292/559 294/2
f 1428/4 1339/434 4/5
f 231/7 232/739 539/8
f 754/10 683/1215 350/11
f 587/13 369/26 370/14
f 323/19 325/319 301/20
f 368/25 370/14 369/26
f 14/28 353/1720 1299/29
f 181/31 189/1564 188/32
f 1302/34 354/493 16/35
f 899/37 411/495 410/38
f 302/43 326/143 324/44
f 421/49 420/166 779/50
f 1250/55 1000/1619 216/56
f 1248/58 1061/1618 213/59
f 428/63 45/146 35/67
f 35/67 37/61 428/63
f 448/64 51/103 32/65
f 35/67 45/146 430/68
f 426/70 609/1180 31/71
f 608/73 53/72 31/71
f 1247/75 651/1178 111/76
f 158/78 157/1390 142/79
f 790/81 792/1430 1431/82
f 190/86 184/709 524/84
f 184/709 185/293 524/84
f 635/90 78/163 1314/91
f 452/93 62/120 805/94
f 1355/96 168/1662 1322/97
f 615/99 44/1381 795/100
f 1229/102 997/1141 51/103
f 1227/104 964/1153 48/105
f 1226/107 426/70 53/72
f 55/109 616/1281 1222/110
f 1498/115 136/418 135/116
f 452/93 453/969 62/120
f 453/969 806/118 62/120
f 808/121 63/1721 61/122
f 159/127 160/255 865/128
f 814/133 69/1722 67/134
f 1345/139 41/280 758/140
f 301/142 325/319 326/143
f 1216/145 430/68 45/146
f 1009/148 94/164 77/149
f 1428/4 5/6 857/151
f 1423/156 2/1723 7/157
f 1315/162 1314/91 78/163
f 943/167 3/1724 6/168
f 427/170 547/1725 34/171
f 926/175 100/861 74/176
f 484/178 112/224 113/179
f 121/181 122/334 126/182
f 487/184 486/1049 1030/185
f 738/187 1200/1340 1612/188
f 1290/190 804/821 210/191
f 492/193 106/956 101/194
f 1656/199 1493/1726 73/200
f 102/202 114/803 495/203
f 1187/205 838/1072 104/206
f 1185/208 963/1579 40/209
f 500/214 499/1382 912/215
f 109/217 107/1727 103/218
f 108/220 110/1728 485/221
f 116/223 117/597 113/179
f 232/224 234/314 538/225
f 327/19 329/319 305/20
f 588/226 375/322 372/227
f 444/106 48/105 34/228
f 270/230 269/512 700/231
f 335/19 337/319 313/20
f 510/242 135/240 131/243
f 1181/245 464/1031 1364/246
f 892/881 861/1520 508/250
f 861/1520 1445/248 508/250
f 1177/251 905/136 66/138
f 156/253 154/614 146/254
f 423/258 15/796 764/259
f 145/261 153/1729 155/262
f 418/263 28/1730 776/264
f 1171/266 1003/1731 346/267
f 775/269 20/52 407/270
f 844/198 110/197 108/272
f 206/274 205/931 197/275
f 156/277 150/255 149/127
f 1167/279 758/140 41/280
f 1400/282 1312/789 84/283
f 776/264 28/1730 404/285
f 1524/287 523/291 165/288
f 171/290 165/288 523/291
f 186/294 188/714 524/84
f 188/714 189/85 524/84
f 192/294 198/714 669/84
f 198/714 197/85 669/84
f 1047/295 117/739 116/296
f 218/298 222/25 221/299
f 1160/301 584/234 130/233
f 696/303 371/321 373/304
f 366/311 365/316 361/312
f 234/314 233/296 537/226
f 188/32 187/1712 179/315
f 337/319 338/143 314/144
f 376/320 373/304 371/321
f 222/25 220/27 223/26
f 536/325 534/333 226/324
f 316/327 340/44 339/19
f 228/329 227/304 533/15
f 195/315 203/1712 202/331
f 225/321 226/324 534/333
f 122/334 97/195 101/194
f 96/204 119/392 123/335
f 256/336 264/340 265/337
f 255/339 263/381 264/340
f 266/341 260/1732 252/342
f 235/344 243/362 250/345
f 251/347 259/368 261/348
f 262/350 263/56 255/351
f 1153/355 723/660 442/659
f 442/659 46/353 1153/355
f 265/337 266/341 258/343
f 236/356 237/369 245/357
f 239/359 247/915 246/360
f 235/344 236/356 244/358
f 242/346 250/345 249/363
f 261/348 262/350 254/352
f 239/365 240/370 248/366
f 252/342 260/1732 259/368
f 238/361 246/360 245/357
f 240/370 241/364 249/363
f 697/371 384/638 382/372
f 249/363 250/345 266/373
f 111/375 114/803 501/376
f 227/304 230/320 229/322
f 545/378 544/529 903/379
f 929/383 572/1425 558/384
f 537/226 540/9 226/227
f 328/44 330/143 329/319
f 340/44 342/143 341/319
f 152/261 161/1729 163/262
f 324/44 326/143 325/319
f 320/44 322/143 321/319
f 336/44 338/143 337/319
f 297/20 295/21 319/19
f 308/45 310/43 334/143
f 293/3 294/2 543/235
f 342/143 340/44 316/45
f 317/20 315/21 339/19
f 1499/386 169/1733 517/387
f 308/327 332/44 331/19
f 317/142 341/319 342/143
f 1036/389 75/1029 1024/390
f 148/78 147/1390 143/79
f 297/142 321/319 322/143
f 119/392 120/854 124/393
f 329/319 330/143 306/144
f 306/43 330/143 328/44
f 860/394 140/1024 128/395
f 239/365 255/339 256/336
f 314/43 338/143 336/44
f 303/328 304/327 328/44
f 363/300 367/299 368/25
f 480/397 121/181 125/183
f 322/143 320/44 296/45
f 320/44 319/19 295/328
f 309/142 333/319 334/143
f 591/9 372/227 374/399
f 1520/400 684/752 93/401
f 149/127 150/255 867/128
f 564/406 356/1734 553/407
f 1458/409 1305/1238 38/410
f 324/44 323/19 299/328
f 1327/412 172/460 166/413
f 221/299 219/316 207/312
f 563/415 352/1735 1442/416
f 220/27 222/25 218/298
f 23/422 412/653 1141/423
f 1140/424 422/747 17/425
f 522/427 174/904 1329/428
f 91/435 3/1736 943/436
f 86/438 2/1416 1423/439
f 88/445 1/554 581/446
f 1514/448 579/753 936/441
f 274/450 701/594 705/451
f 271/453 707/918 702/454
f 311/328 312/327 336/44
f 208/313 207/312 219/316
f 590/223 374/330 376/320
f 366/27 362/418 364/298
f 367/299 363/300 361/312
f 949/456 352/1737 563/457
f 1356/459 174/1738 172/460
f 587/325 586/333 365/317
f 533/15 227/304 225/321
f 164/277 160/255 159/127
f 589/225 376/320 375/322
f 696/303 367/323 365/317
f 788/461 25/1388 397/462
f 950/464 354/1654 561/465
f 677/233 287/2 288/3
f 541/235 676/371 288/3
f 331/19 333/319 309/20
f 1038/468 72/1097 1025/469
f 1137/476 1136/449 1389/477
f 1122/473 602/475 20/479
f 1146/481 467/1107 821/150
f 1011/483 351/1739 10/17
f 223/318 219/317 534/333
f 889/484 353/1720 13/23
f 679/485 719/408 550/486
f 1479/489 665/1636 722/490
f 784/496 403/979 414/41
f 1159/497 724/686 503/498
f 22/114 603/848 1121/500
f 271/502 270/230 703/232
f 569/504 604/519 859/505
f 712/507 1119/1496 1606/508
f 606/510 605/749 913/511
f 269/512 268/631 704/513
f 661/514 662/567 992/515
f 16/35 354/795 607/516
f 404/517 28/1542 953/518
f 1121/500 603/848 419/520
f 14/28 603/848 568/113
f 12/525 407/270 685/54
f 604/519 569/504 1120/527
f 546/380 547/382 36/528
f 544/529 610/824 956/530
f 29/534 30/1236 783/535
f 628/537 571/1459 928/538
f 1345/139 958/1539 981/540
f 1310/541 1309/982 83/542
f 1019/546 77/149 694/444
f 820/551 39/737 614/552
f 1/554 89/856 693/555
f 283/559 677/233 542/467
f 1131/560 714/564 560/561
f 889/563 598/1554 714/564
f 803/108 53/72 608/73
f 986/566 658/1513 657/567
f 802/569 449/1139 710/570
f 1086/571 710/570 446/572
f 659/574 513/1515 866/575
f 284/372 286/638 676/371
f 1127/578 713/1512 1128/579
f 459/581 625/975 67/134
f 67/134 69/131 812/130
f 224/14 533/15 535/303
f 982/582 652/1525 497/583
f 1132/463 397/462 24/558
f 35/585 548/799 545/378
f 766/586 19/941 602/475
f 101/587 106/603 636/588
f 273/593 706/613 701/594
f 499/595 477/1070 945/596
f 102/598 123/894 642/599
f 840/604 489/1047 479/605
f 122/334 121/947 643/607
f 381/559 383/1 698/467
f 119/392 96/204 644/611
f 272/455 702/454 706/613
f 1034/1740 1137/476 1493/615
f 1137/476 686/478 1493/615
f 629/616 695/1032 1008/617
f 1497/618 99/1741 76/173
f 1071/584 694/444 81/443
f 36/621 43/1041 439/210
f 439/210 40/209 38/620
f 1081/625 429/864 34/381
f 1135/627 716/650 562/628
f 268/631 267/452 705/451
f 1332/632 1318/1708 601/633
f 1040/635 638/1402 493/636
f 374/326 372/324 586/333
f 389/372 699/235 594/371
f 846/641 496/1176 498/642
f 1376/646 667/1641 520/647
f 1011/649 597/1558 716/650
f 1134/458 563/457 100/651
f 531/309 532/817 1155/656
f 386/3 697/371 592/235
f 19/657 404/517 1120/527
f 1154/661 445/1471 49/1742
f 49/1742 442/659 1154/661
f 811/797 1084/707 211/664
f 1084/707 1385/662 211/664
f 1083/875 1064/1743 670/667
f 1064/1743 1504/665 670/667
f 972/669 632/773 1129/670
f 1087/565 608/73 50/677
f 656/514 657/567 985/515
f 158/679 141/80 781/257
f 164/253 162/614 151/254
f 148/679 144/80 854/257
f 538/225 537/226 229/322
f 910/685 506/882 724/686
f 1126/687 472/1553 826/177
f 678/371 543/235 291/372
f 1337/689 599/1437 406/690
f 100/692 563/415 1518/417
f 1295/648 520/647 519/694
f 1130/466 561/465 94/696
f 1133/698 715/853 396/699
f 358/419 564/406 719/408
f 1085/706 1001/1744 672/663
f 1001/1744 1358/701 672/663
f 172/703 174/904 522/427
f 505/704 654/855 139/705
f 1085/706 672/663 1385/662
f 634/710 573/1639 1463/711
f 669/84 197/85 196/86
f 196/86 194/709 669/84
f 971/715 631/1455 576/716
f 268/718 270/785 271/719
f 1383/721 1369/1458 634/710
f 1367/723 626/1658 578/724
f 1360/726 468/984 470/727
f 595/501 419/520 778/729
f 1119/1496 1282/1497 604/519
f 1282/1497 1604/731 604/519
f 885/305 1063/1745 530/306
f 1063/1745 1378/732 530/306
f 886/308 1002/1746 531/309
f 1002/1746 1484/734 531/309
f 377/7 591/9 590/8
f 544/529 545/378 1152/740
f 530/306 525/835 1157/742
f 1469/743 601/1655 720/744
f 351/746 9/1334 422/747
f 24/654 397/750 1115/748
f 605/749 606/510 1115/748
f 1443/751 351/1522 684/752
f 1141/423 412/653 607/516
f 378/224 590/223 589/225
f 1473/755 968/1485 941/934
f 941/934 579/753 1473/755
f 1381/759 708/777 640/760
f 1067/762 1066/758 687/757
f 688/764 690/763 1005/765
f 1069/768 692/771 691/769
f 693/555 89/856 1007/770
f 630/772 82/1484 1067/762
f 632/773 687/757 1077/756
f 692/771 469/284 1073/775
f 1476/776 647/1747 708/777
f 1076/778 630/772 690/763
f 4/779 689/782 688/764
f 1350/780 1380/867 483/180
f 84/283 693/555 1073/775
f 87/781 633/866 689/782
f 271/719 272/790 274/783
f 1361/786 1383/721 709/722
f 1382/788 474/447 84/283
f 641/601 124/895 832/792
f 126/589 636/588 637/602
f 423/258 607/516 354/795
f 957/800 611/813 546/380
f 1047/295 652/1525 500/214
f 940/77 111/76 653/801
f 651/655 495/203 114/803
f 1092/804 485/965 110/197
f 1090/805 653/801 115/212
f 609/806 29/534 852/536
f 31/368 609/806 1114/808
f 367/323 696/303 585/15
f 397/750 25/1388 955/810
f 858/396 128/395 584/234
f 1523/814 725/838 518/815
f 1154/661 723/660 437/822
f 610/824 432/1174 790/81
f 535/303 534/333 219/317
f 1335/828 917/1470 1110/829
f 1109/832 1108/1444 1513/833
f 937/834 1153/355 441/354
f 536/13 533/15 224/14
f 1377/837 668/1659 725/838
f 970/839 629/616 1149/840
f 380/314 589/225 588/226
f 950/842 598/1551 402/843
f 949/845 597/1552 398/846
f 603/848 14/28 896/849
f 1396/388 517/387 167/850
f 948/852 596/1008 715/853
f 33/350 424/741 1152/740
f 371/321 696/303 586/333
f 120/854 480/397 478/398
f 660/574 515/1515 868/575
f 993/566 663/1513 662/567
f 10/17 351/746 570/524
f 133/238 137/237 654/855
f 89/856 1/431 1014/430
f 87/781 4/5 1448/433
f 100/861 73/614 686/478
f 1349/862 88/445 474/447
f 863/820 1082/876 210/191
f 1082/876 1384/863 210/191
f 911/812 32/337 429/864
f 80/865 630/772 1076/778
f 1380/867 1496/1701 95/868
f 469/284 692/771 1069/768
f 611/813 429/864 1081/625
f 819/870 466/1429 691/769
f 99/871 75/1029 582/872
f 90/873 2/1748 1070/874
f 1083/875 670/667 1384/863
f 613/544 617/826 1106/825
f 1513/833 1108/1444 793/87
f 1519/745 720/744 481/879
f 892/881 508/250 506/882
f 656/514 514/1015 786/256
f 1118/884 1280/1434 1599/883
f 1599/883 1117/1653 712/507
f 1429/885 1306/1616 431/886
f 719/408 553/407 355/888
f 1147/889 721/1463 1148/890
f 653/377 501/376 118/892
f 641/601 642/599 123/894
f 1357/897 173/292 523/291
f 185/428 184/906 176/899
f 186/331 185/428 177/900
f 179/315 187/1712 186/331
f 1015/901 1/1749 8/902
f 197/31 205/1564 204/32
f 183/904 190/274 182/276
f 184/906 183/904 175/905
f 30/907 29/1750 57/908
f 199/904 206/274 198/276
f 202/331 201/428 193/900
f 233/296 231/7 540/9
f 200/906 199/904 191/905
f 190/274 189/931 181/275
f 699/235 392/2 391/3
f 201/428 200/906 192/899
f 392/2 390/559 388/1
f 247/367 248/366 264/910
f 239/359 238/361 254/352
f 704/513 705/451 276/912
f 706/613 281/914 282/419
f 237/369 236/356 251/347
f 238/361 237/369 253/349
f 245/357 261/452 259/512
f 250/345 243/362 260/502
f 242/346 258/343 252/342
f 244/358 259/512 260/502
f 593/233 698/467 386/3
f 240/370 256/336 257/338
f 241/364 257/338 258/343
f 702/454 280/919 281/914
f 248/366 249/363 265/374
f 247/915 263/453 262/593
f 332/44 334/143 333/319
f 700/231 704/513 275/913
f 707/503 703/232 278/487
f 246/360 262/593 261/452
f 701/594 282/419 276/912
f 707/918 279/898 280/919
f 703/232 700/231 277/916
f 236/356 235/344 252/342
f 717/920 521/1638 1313/921
f 666/923 717/920 1515/922
f 1463/711 573/1639 574/925
f 1397/491 722/490 516/927
f 576/716 575/1560 932/929
f 928/538 571/1459 572/930
f 166/413 522/427 1516/429
f 424/741 31/368 851/809
f 94/164 78/163 694/444
f 78/163 635/90 694/444
f 825/933 471/1511 579/753
f 578/724 577/1640 1465/935
f 570/524 422/747 1140/424
f 718/936 405/1637 1424/937
f 648/939 718/936 1517/938
f 1163/286 404/285 19/941
f 1103/943 961/548 619/550
f 1018/945 491/1528 487/184
f 105/219 103/218 650/623
f 1096/946 643/607 121/947
f 1017/949 97/195 643/607
f 1101/592 638/591 639/951
f 114/600 641/601 1099/896
f 106/956 492/193 490/626
f 1477/960 648/1645 482/961
f 974/966 106/1751 485/965
f 798/967 1032/1401 624/968
f 615/973 47/1752 1103/943
f 47/1752 618/1404 1103/943
f 44/974 615/973 1102/553
f 615/973 711/944 1102/553
f 645/609 646/971 1094/970
f 625/975 459/581 904/976
f 204/32 203/1712 195/315
f 1164/978 726/981 403/979
f 894/980 417/1574 726/981
f 1400/282 469/284 83/542
f 1401/983 727/985 468/984
f 1361/786 473/787 727/985
f 796/986 1167/279 441/281
f 938/147 1168/990 728/988
f 1168/990 919/1111 549/991
f 494/992 491/1528 1018/945
f 1169/271 407/270 12/525
f 1170/995 729/998 399/996
f 898/997 415/1576 729/998
f 920/999 1171/266 555/268
f 1012/1001 1172/1004 730/1002
f 1172/1004 1065/1389 681/1005
f 731/1006 417/1574 894/980
f 596/1008 731/1006 1173/1007
f 26/1009 418/263 1174/265
f 732/1010 401/1577 845/24
f 410/1012 732/1010 1175/1011
f 23/422 423/258 1176/260
f 868/575 515/1515 514/1015
f 866/575 513/1515 512/1015
f 869/1016 1177/251 458/252
f 810/135 1178/1020 733/1018
f 1178/1020 815/1118 462/1021
f 860/394 1179/1026 140/1024
f 1179/1026 1402/1022 140/1024
f 1180/1025 510/1023 1402/1022
f 1180/1025 891/1517 510/1023
f 891/1517 1456/681 510/1023
f 1181/245 582/872 1403/1027
f 1008/617 1182/1028 75/1029
f 1182/1028 1403/1027 75/1029
f 695/1032 1070/874 1432/1030
f 1070/874 817/1384 1432/1030
f 140/1024 510/242 507/244
f 504/235 507/1033 131/1034
f 51/103 444/106 429/229
f 379/296 588/226 591/9
f 539/223 538/225 230/320
f 488/222 485/221 106/956
f 501/1036 114/1753 849/1037
f 118/645 501/1036 1184/1039
f 498/642 497/583 847/297
f 828/1040 1185/208 439/210
f 1186/1042 734/1045 438/1043
f 918/1044 621/1754 734/1045
f 1017/949 1187/205 490/207
f 840/604 1188/1048 735/1046
f 1188/1048 1030/185 486/1049
f 1655/1050 1404/1634 465/1051
f 1405/1053 736/1633 1531/1054
f 1473/1056 627/1631 1532/1057
f 493/636 494/992 888/993
f 1275/1059 1193/1351 526/1060
f 1274/1062 1194/1350 737/1063
f 1273/1065 887/818 532/817
f 1199/1067 1272/1343 1581/1068
f 1581/1068 1198/1672 738/187
f 1200/1340 1271/1342 477/1070
f 1271/1342 1579/1069 477/1070
f 488/1071 104/206 838/1072
f 108/272 488/1071 1202/1074
f 562/1075 472/1553 1025/469
f 482/961 465/1051 1365/1077
f 36/621 547/1725 427/170
f 932/328 575/1589 394/1078
f 1576/1080 1270/1335 420/166
f 1270/1335 1203/165 420/166
f 1574/1083 1269/1333 1204/1085
f 1204/1085 739/1081 1574/1083
f 1572/1084 1206/1328 739/1081
f 1334/1086 476/1623 481/1087
f 1208/1090 740/159 1209/1089
f 1267/1092 946/606 479/605
f 1465/1093 577/1629 393/1094
f 475/153 71/1673 580/154
f 71/1673 93/1096 580/154
f 1408/1098 394/1078 756/169
f 1409/1100 741/1306 1213/1101
f 1421/1103 395/1216 1214/1104
f 1024/390 924/1305 560/1106
f 742/1108 440/989 796/986
f 927/573 446/572 742/1108
f 50/677 430/68 1216/145
f 1410/1110 549/991 919/1111
f 1411/1113 743/1288 1219/1114
f 1335/828 612/830 1220/1116
f 815/1118 816/1287 463/1119
f 908/1120 461/1604 457/1019
f 904/976 459/581 460/1121
f 661/514 512/1015 884/256
f 805/94 809/1285 456/1123
f 989/1125 455/1605 454/1126
f 798/967 453/969 452/93
f 1478/1128 655/1628 511/684
f 568/113 567/112 1221/1129
f 1221/1129 567/112 21/1131
f 353/521 568/113 400/1130
f 1223/1134 616/1281 56/1135
f 1225/1138 744/1140 449/1139
f 1016/111 623/1132 744/1140
f 965/1137 57/908 426/70
f 997/1141 1227/104 444/106
f 797/1142 1228/1145 745/1143
f 1228/1145 947/1155 622/1146
f 800/1147 1229/102 448/64
f 780/1136 1230/1150 746/1148
f 1230/1150 797/1142 443/1144
f 747/1151 438/1043 828/1040
f 964/1153 622/1146 747/1151
f 47/1154 615/99 1232/101
f 1652/1156 1412/1626 516/927
f 1651/1158 1413/1686 748/1159
f 1375/1161 666/923 1540/1162
f 1237/1164 749/1165 451/1124
f 987/1127 454/1126 749/1165
f 61/122 452/93 1238/95
f 750/1166 476/1623 1334/1086
f 470/727 750/1166 1541/1167
f 81/443 635/90 1542/92
f 1243/1170 789/1239 1430/1171
f 431/886 1244/1237 1545/1172
f 783/535 1245/1234 1418/1173
f 1246/1175 751/1177 496/1176
f 1043/958 645/609 751/1177
f 977/608 96/204 651/1178
f 50/677 608/73 424/74
f 57/908 29/1750 609/1180
f 33/1181 548/69 430/68
f 58/909 448/64 434/66
f 872/1061 1248/58 527/60
f 881/192 1249/1184 752/1183
f 1249/1184 999/1232 671/1185
f 883/1186 1250/55 529/57
f 921/1188 1251/1191 753/1189
f 1251/1191 1062/1230 673/1192
f 685/54 602/53 1252/1193
f 19/635 569/1194 1252/1193
f 352/526 685/54 569/1194
f 422/747 9/1334 900/1079
f 420/166 421/49 1253/1196
f 17/425 422/747 1253/1196
f 583/1197 134/1755 133/1198
f 414/41 415/1200 1254/1199
f 1256/1203 412/1207 23/1204
f 773/556 24/558 412/1207
f 1332/632 409/634 408/1208
f 406/690 405/1622 1317/1210
f 402/843 401/1577 764/259
f 398/846 399/996 763/994
f 374/329 587/13 585/15
f 556/1211 754/10 557/12
f 347/1213 682/1214 754/10
f 682/1214 348/1756 683/1215
f 540/9 539/8 228/399
f 1421/1103 1324/926 574/925
f 1296/1217 1449/1420 874/1218
f 762/847 763/994 12/525
f 765/844 764/259 15/796
f 769/1221 837/1687 1442/1222
f 1457/1224 895/1527 962/1225
f 411/495 1257/1206 1256/1203
f 774/480 775/1202 415/1200
f 1254/1199 898/1201 18/1228
f 672/1229 215/472 1062/1230
f 211/664 672/1229 1251/1191
f 528/1190 753/1189 1250/55
f 670/1231 214/1757 999/1232
f 210/191 670/1231 1249/1184
f 526/1060 752/1183 1248/58
f 645/609 977/608 1247/75
f 95/868 1043/958 1246/1175
f 484/178 1246/1175 846/641
f 785/531 433/533 1543/1233
f 1245/1234 783/535 1544/1235
f 30/1236 785/531 1544/1235
f 1243/1170 1245/1234 1543/1233
f 1545/1172 1244/1237 1245/1234
f 1244/1237 432/1174 1418/1173
f 791/831 38/410 1305/1238
f 789/1239 1243/1170 1546/1240
f 433/533 791/831 1546/1240
f 436/1168 54/1472 794/823
f 1241/88 1242/1169 437/822
f 435/89 437/822 937/834
f 823/1241 1240/1614 1417/1242
f 1028/1244 1239/1247 1416/1245
f 1239/1247 902/1688 1459/1248
f 454/1126 807/123 1238/95
f 59/1249 987/1127 1237/1164
f 450/1250 1237/1164 801/124
f 1649/1251 1547/1689 1236/1252
f 1548/1254 1258/1684 1549/1255
f 1500/932 1058/1414 1550/1257
f 1551/1259 1235/1681 1414/1260
f 1552/1262 1259/1683 1553/1263
f 1538/1265 1234/1685 1554/1266
f 1643/1268 1555/1682 882/1269
f 1642/1270 1556/1680 1260/1271
f 1537/1273 1233/1625 1558/1274
f 622/1146 947/1155 1232/101
f 48/105 964/1153 1231/1152
f 1231/1152 828/1040 43/1041
f 620/1276 52/1278 797/1142
f 56/1135 620/1276 1230/1150
f 447/1149 746/1148 1229/102
f 618/1277 47/1154 947/1155
f 52/1278 618/1277 1228/1145
f 443/1144 745/1143 1227/104
f 623/1132 965/1137 1226/107
f 55/109 1016/111 1225/1138
f 436/1279 1225/1138 802/569
f 57/908 965/1137 800/1147
f 1353/1282 983/1690 862/1283
f 62/120 64/1758 809/1285
f 1054/675 884/256 141/80
f 68/977 904/976 813/1122
f 68/977 70/1721 816/1287
f 1559/1117 1220/1116 743/1288
f 1560/1289 1261/1293 1218/1290
f 1460/1292 917/1470 1261/1293
f 1333/1294 1561/1115 1219/1114
f 1562/1295 1262/1297 901/1296
f 1536/1291 1218/1290 1262/1297
f 1563/1112 919/1111 42/62
f 1564/1299 1263/1302 782/1300
f 1535/1301 1217/1602 1263/1302
f 446/572 799/678 1216/145
f 927/573 1215/1109 442/1303
f 1215/1109 796/986 46/987
f 75/1029 99/871 924/1305
f 1565/1105 1214/1104 741/1306
f 1566/1307 1264/1310 1212/1308
f 1296/1217 759/1219 1264/1310
f 1567/1102 1213/1101 393/1094
f 1568/1312 1265/1314 755/1313
f 1534/1309 1212/1308 1265/1314
f 1569/1099 756/169 6/168
f 1570/1316 1266/1319 856/1317
f 1533/1318 1211/1598 1266/1319
f 1340/620 934/1691 856/1317
f 1208/1090 1267/1092 1210/160
f 1208/1090 647/1747 1476/776
f 1476/776 979/1704 1267/1092
f 1267/1092 979/1704 1351/1320
f 1351/1320 98/624 946/606
f 1268/1091 1209/1089 646/971
f 1044/959 95/868 1496/1701
f 1496/1701 1045/1321 1044/959
f 1268/1091 1045/1321 1371/1322
f 1371/1322 647/1747 1208/1090
f 1209/1089 1207/161 1571/1323
f 480/1324 120/612 1571/1323
f 120/612 978/972 1571/1323
f 1459/1248 902/1688 1023/1325
f 1573/1327 955/810 25/1388
f 25/1388 416/1329 1573/1327
f 1574/1083 1205/1082 408/1208
f 1575/1331 1269/1333 770/1332
f 1575/1331 913/511 605/749
f 605/749 1204/1085 1269/1333
f 1471/1226 1576/1080 900/1079
f 1346/1209 1577/1336 1270/1335
f 1577/1336 1205/1082 739/1081
f 739/1081 1203/165 1577/1336
f 4/327 932/328 857/151
f 836/1337 1027/1581 1490/201
f 1013/1076 1025/469 72/1097
f 486/1049 487/184 1202/1074
f 738/187 1198/1672 1578/1339
f 1578/1339 1271/1342 1200/1340
f 1475/1341 976/1481 1271/1342
f 1350/780 113/179 945/596
f 639/951 1041/953 1580/1345
f 1580/1345 1272/1343 639/951
f 1042/1344 1272/1343 1580/1345
f 640/760 1198/1672 1581/1068
f 738/187 1197/189 1582/1348
f 478/1349 125/794 1583/1347
f 125/794 975/954 1583/1347
f 1194/1350 1273/1065 1196/1066
f 883/1186 1273/1065 1194/1350
f 212/1187 887/818 1273/1065
f 880/798 1274/1062 1195/1064
f 211/664 921/1188 1274/1062
f 921/1188 528/1190 1194/1350
f 841/836 1275/1059 872/1061
f 525/835 1195/1064 1275/1059
f 1195/1064 737/1063 1193/1351
f 939/637 888/993 109/1352
f 1640/1354 1584/1671 1192/1355
f 1639/1357 1585/1668 1276/1358
f 1638/1360 1348/1759 968/1361
f 1588/1363 1191/1665 1406/1364
f 1636/1366 1589/1666 1277/1367
f 1530/1369 1190/1670 1591/1370
f 1634/1372 1592/1692 818/1373
f 1593/1374 1278/1664 1594/1375
f 1529/1377 1189/1632 1595/1378
f 650/623 103/218 1030/185
f 98/624 650/623 1188/1048
f 489/1047 735/1046 1187/205
f 614/1380 39/1760 918/1044
f 44/1381 614/1380 1186/1042
f 438/1043 734/1045 1185/208
f 914/643 847/297 116/296
f 499/1382 500/214 1184/1039
f 1070/874 2/1748 1307/1383
f 2/1748 86/438 1307/1383
f 1528/1385 1182/1028 1008/617
f 1528/1385 695/1032 464/1031
f 464/1031 1181/245 1528/1385
f 1331/1386 891/1517 1180/1025
f 1527/1387 508/250 509/249
f 509/249 1180/1025 1179/1026
f 1527/1387 1179/1026 860/394
f 68/977 815/1118 1178/1020
f 625/975 1178/1020 810/135
f 457/1019 733/1018 1177/251
f 151/254 866/575 865/128
f 146/254 868/575 867/128
f 772/1014 1176/260 732/1010
f 897/1013 1175/1011 400/1130
f 1175/1011 845/24 13/23
f 948/852 1174/265 731/1006
f 788/461 1173/1007 416/1329
f 1173/1007 894/980 27/51
f 680/12 344/11 1065/1389
f 343/1212 680/12 1172/1004
f 554/1003 730/1002 1171/266
f 18/522 898/997 1170/995
f 600/523 1170/995 831/18
f 729/998 1169/271 763/994
f 109/1352 888/993 1018/945
f 428/63 42/62 919/1111
f 45/146 428/63 1168/990
f 440/989 728/988 1167/279
f 1486/1391 1021/1480 1166/1392
f 1526/1393 1166/1392 1020/1394
f 1525/1396 1165/1575 822/1397
f 27/51 894/980 1164/978
f 421/1399 1164/978 784/496
f 1094/970 978/972 120/612
f 61/122 63/1286 1032/1401
f 638/1402 1093/964 1092/804
f 619/550 1104/549 1105/942
f 1352/1403 980/1693 836/1337
f 1043/958 1044/959 646/971
f 489/1047 1097/950 1096/946
f 637/602 1100/952 975/954
f 638/591 1040/217 1041/953
f 107/1390 1018/945 1029/186
f 618/1404 52/1537 961/548
f 56/1405 960/827 1105/942
f 617/826 871/738 820/551
f 726/981 1163/286 766/586
f 1497/1406 1046/1694 1142/1407
f 1142/1407 768/1695 1299/1409
f 878/1410 934/1696 1340/1411
f 91/435 825/933 941/934
f 1058/1414 1139/1563 1391/1415
f 90/873 928/538 929/931
f 1522/1417 1151/1548 870/1418
f 1338/1419 930/1697 874/1218
f 995/1421 1138/1423 1390/1422
f 1138/1423 829/1698 1438/1424
f 572/1425 1015/901 923/903
f 1482/1426 998/1699 1162/1427
f 477/1070 499/595 1099/896
f 819/870 1279/891 1148/890
f 1035/857 1279/891 819/870
f 628/537 1147/889 1279/891
f 1304/1298 1431/82 792/1430
f 712/507 1116/509 1596/1432
f 418/1433 26/730 1597/1431
f 26/730 778/729 1597/1431
f 419/520 896/849 1598/1436
f 1598/1436 1280/1434 419/520
f 951/1435 1280/1434 1598/1436
f 599/1437 1117/1653 1599/883
f 1049/675 786/256 144/80
f 139/705 892/881 910/685
f 1144/1439 835/1700 1315/1440
f 1600/1442 959/543 55/1443
f 1108/1444 959/543 1600/1442
f 1388/1445 613/544 959/543
f 1509/1447 531/309 675/735
f 675/735 1083/875 1082/876
f 970/839 1070/874 695/1032
f 692/771 1007/770 1006/869
f 1505/1448 1371/1322 1045/1321
f 690/763 687/757 1004/767
f 1038/468 1078/774 580/154
f 1509/1447 1082/876 863/820
f 1474/712 973/1501 1079/1450
f 1472/1452 967/1667 935/1453
f 631/1455 1037/859 933/437
f 1039/1456 873/1702 1323/1457
f 1035/857 1014/430 571/1459
f 157/1460 993/566 1055/568
f 26/1009 948/852 1133/698
f 1521/1462 1150/1570 882/1269
f 1281/841 1149/840 721/1463
f 969/539 1281/841 1147/889
f 90/873 970/839 1281/841
f 1502/1464 1060/1703 1161/1465
f 1157/742 841/836 209/1182
f 437/822 723/660 1153/355
f 1110/829 613/544 1388/1445
f 1108/1444 1109/832 1601/1468
f 612/830 1110/829 1601/1468
f 611/813 957/800 791/831
f 1602/1469 890/736 613/544
f 917/1470 890/736 1602/1469
f 1460/1292 39/737 890/736
f 1106/825 960/827 56/1405
f 445/1471 1154/661 794/823
f 863/820 804/821 532/817
f 433/533 1111/532 1112/811
f 1155/656 887/818 212/1187
f 1398/1466 1161/1465 875/1474
f 32/337 911/812 1112/811
f 506/882 858/396 1160/301
f 610/824 544/529 1114/808
f 496/1176 1091/802 1090/805
f 117/739 1047/295 915/216
f 811/797 880/798 525/835
f 1507/1451 1079/1450 827/1477
f 1486/1391 1508/1500 1080/1479
f 1475/1341 1505/1448 1074/1449
f 1351/1320 979/1704 1075/1482
f 83/542 1069/768 1068/619
f 972/669 1004/767 687/757
f 82/1484 79/155 1066/758
f 1506/1483 1075/1482 1042/1344
f 1077/756 1066/758 79/155
f 1348/1486 85/1761 3/1413
f 3/1413 941/934 1348/1486
f 1318/1487 853/1705 1145/1488
f 1344/1490 952/1706 1144/1439
f 890/736 871/738 617/826
f 1359/1491 1002/1746 886/308
f 1503/1493 1063/1745 885/305
f 712/507 1117/1653 1603/1495
f 1603/1495 1282/1497 1119/1496
f 1337/689 925/1652 1282/1497
f 1462/1498 11/506 859/505
f 1485/1395 1020/1394 1028/1244
f 567/639 22/1504 954/700
f 1492/1499 1033/1669 878/1410
f 1508/1500 1494/858 1039/1456
f 92/766 971/715 944/717
f 973/1501 930/1697 1338/1419
f 1510/1502 530/306 674/733
f 674/733 1085/706 1084/707
f 1483/1503 1001/1744 1085/706
f 595/1461 1133/698 954/700
f 714/564 1130/466 1009/697
f 1420/1505 757/1524 760/1506
f 1477/1508 980/1707 1143/1509
f 1462/1498 925/1652 769/1221
f 1283/688 826/177 74/176
f 1128/579 1283/688 1031/442
f 713/1512 1126/687 1283/688
f 127/48 910/685 1159/497
f 663/1513 1056/676 992/515
f 1054/675 1055/568 662/567
f 1387/674 1321/1284 862/1283
f 990/680 854/257 515/1515
f 1331/1386 1342/1607 942/1516
f 988/680 781/257 513/1515
f 984/129 985/515 145/261
f 710/570 1087/565 799/678
f 658/1513 1051/676 985/515
f 1049/675 1050/568 657/567
f 1088/1518 1089/1514 1512/682
f 1284/671 1129/670 713/1512
f 971/715 1284/671 1127/578
f 92/766 972/669 1284/671
f 1320/1519 1386/672 1088/1518
f 1379/1521 1064/1743 1083/875
f 1510/1502 1084/707 811/797
f 716/650 1134/458 926/652
f 351/1522 1011/649 1135/627
f 1501/1523 1059/935 757/1524
f 652/1525 982/582 850/644
f 1124/494 1125/640 396/699
f 1457/1224 1443/1646 853/1526
f 491/1528 842/273 839/630
f 684/752 1135/627 1013/629
f 1372/1529 1046/1709 1022/1530
f 1137/476 1034/1740 1368/1532
f 977/608 1095/610 644/611
f 106/603 974/590 1101/592
f 466/1429 1072/547 1071/584
f 715/853 1132/463 761/557
f 118/645 982/582 916/213
f 1285/580 1128/579 471/1511
f 1037/859 1285/580 825/933
f 631/1455 1127/578 1285/580
f 453/969 624/968 966/577
f 445/1533 1086/571 927/573
f 54/1280 802/569 1086/571
f 147/1460 986/566 1050/568
f 449/1139 803/108 1087/565
f 353/1534 889/563 1131/560
f 559/1535 1131/560 924/562
f 411/495 396/699 761/557
f 619/550 820/551 1102/553
f 620/963 1104/549 961/548
f 959/543 1107/545 616/1446
f 1435/1243 1434/1398 822/1397
f 1605/1538 1109/832 435/89
f 958/1539 1109/832 1605/1538
f 1470/1540 612/830 1109/832
f 852/536 783/535 432/1174
f 434/819 1111/532 785/531
f 991/129 992/515 152/261
f 1119/1496 953/518 1607/1541
f 28/1542 418/1433 1607/1541
f 418/1433 1116/509 1607/1541
f 502/46 1159/497 909/499
f 21/1543 567/639 1124/494
f 1427/1544 1469/1644 952/1545
f 1354/1547 994/1710 1151/1548
f 1468/1438 951/1435 824/1549
f 598/1551 889/484 787/22
f 597/1552 1011/483 833/16
f 1286/482 821/150 77/149
f 1148/890 1286/482 1019/546
f 721/1463 1146/481 1286/482
f 1137/476 627/754 1514/448
f 627/754 579/753 1514/448
f 403/979 1123/474 1122/473
f 1287/470 1025/469 472/1553
f 1129/670 1287/470 1126/687
f 632/773 1038/468 1287/470
f 598/1554 950/464 1130/466
f 596/1008 788/461 1132/463
f 1481/1555 996/1711 877/1556
f 597/1558 949/456 1134/458
f 74/176 686/478 1389/477
f 1389/477 1136/449 74/176
f 471/1511 1031/442 936/441
f 935/1453 767/1711 1298/1559
f 933/437 943/436 575/1560
f 1323/1457 873/1702 931/1561
f 571/1459 1014/430 1015/432
f 1139/1563 879/1712 1454/1564
f 1143/1509 837/1713 1317/1565
f 1452/1557 877/1556 876/1566
f 1430/1171 789/1239 901/1296
f 984/129 867/128 514/1015
f 1145/1488 1023/1714 1363/1568
f 508/250 860/394 858/396
f 1288/391 1024/390 467/1107
f 1149/840 1288/391 1146/481
f 629/616 1036/389 1288/391
f 1374/1569 1057/1715 1150/1570
f 2/1571 929/383 1010/385
f 886/308 1156/310 529/1473
f 885/305 1158/307 527/1467
f 724/686 1160/301 855/302
f 1047/295 847/297 497/583
f 1399/1428 1162/1427 922/1572
f 417/1574 776/264 1163/286
f 1437/1478 827/1477 1165/1575
f 549/991 758/140 1167/279
f 494/992 844/198 842/273
f 415/1576 775/269 1169/271
f 681/1005 1003/1731 1171/266
f 1174/265 776/264 417/1574
f 1176/260 764/259 401/1577
f 515/1515 854/257 786/256
f 513/1515 781/257 884/256
f 733/1018 462/1021 905/136
f 1320/1519 861/1520 892/881
f 76/173 582/872 1489/1578
f 582/872 1181/245 1489/1578
f 848/211 916/213 497/583
f 734/1045 621/1754 963/1579
f 735/1046 486/1049 838/1072
f 1631/1580 1608/1635 1027/1581
f 1609/1582 1289/1630 1610/1583
f 1368/1585 1034/1716 1611/1586
f 843/196 844/198 494/992
f 1193/1351 1290/190 881/192
f 737/1063 1196/1066 1290/190
f 1196/1066 532/817 804/821
f 1200/1340 832/792 1613/1588
f 124/895 478/1349 1613/1588
f 478/1349 1197/189 1613/1588
f 562/1075 926/175 826/177
f 1022/1530 818/1373 1433/1052
f 575/1589 943/167 756/169
f 739/1081 1206/1328 1614/1590
f 1615/1591 1206/1328 416/1329
f 416/1329 27/51 1615/1591
f 1440/1592 1439/1615 830/1593
f 1210/160 834/948 1616/1595
f 121/947 480/1324 1616/1595
f 480/1324 1207/161 1616/1595
f 1298/1596 767/1717 755/1313
f 1617/152 857/151 394/1078
f 1618/1597 1291/1600 1211/1598
f 1303/1599 777/1621 1291/1600
f 560/1106 1009/148 821/150
f 742/1108 1216/145 938/147
f 1619/141 758/140 549/991
f 1620/1601 1292/1603 1217/1602
f 1620/1601 1470/1540 958/1539
f 462/1021 463/1119 906/137
f 461/1604 814/133 810/135
f 459/581 812/130 907/132
f 991/129 865/128 512/1015
f 451/1124 456/1123 864/125
f 455/1605 808/121 807/123
f 1373/1606 1048/1718 942/1516
f 744/1140 1226/107 803/108
f 745/1143 622/1146 964/1153
f 746/1148 443/1144 997/1141
f 1232/101 795/100 438/1043
f 1628/1608 1621/1627 870/1418
f 1627/1609 1622/1624 1293/1610
f 1626/1612 1480/924 995/1421
f 749/1165 1238/95 805/94
f 1240/1614 830/1593 1439/1615
f 55/1443 436/1168 1241/88
f 1244/1237 431/886 1306/1616
f 792/1430 790/81 1625/1617
f 432/1174 1244/1237 1625/1617
f 751/1177 1247/75 940/77
f 752/1183 671/1185 1061/1618
f 753/1189 673/1192 1000/1619
f 893/40 1255/42 413/1227
f 1427/1544 771/1546 770/1332
f 824/1549 768/1719 1424/1620
f 787/22 845/24 401/1577
f 833/16 831/18 399/996
f 1303/1599 1464/1562 931/1561
f 395/1216 574/925 1464/1562
f 1311/1550 1424/1620 405/1622
f 409/634 1427/1544 1426/1330
f 1417/1242 1439/1615 476/1623
f 1622/1624 1626/1612 1624/1613
f 1540/1162 1626/1612 1622/1624
f 666/923 1480/924 1626/1612
f 1537/1273 1627/1609 1623/1611
f 748/1159 1415/1253 1627/1609
f 1236/1252 1622/1624 1627/1609
f 1412/1626 1628/1608 1447/928
f 1233/1625 1623/1611 1628/1608
f 1623/1611 1293/1610 1621/1627
f 655/1628 1373/1606 1342/1607
f 612/830 1470/1540 1620/1601
f 1220/1116 1620/1601 1535/1301
f 1292/1603 1619/141 1410/1110
f 395/1216 1303/1599 1618/1597
f 1214/1104 1618/1597 1533/1318
f 1291/1600 1617/152 1408/1098
f 577/1629 1298/1596 1419/1311
f 481/1087 476/1623 1439/1615
f 1203/165 1614/1590 1615/1591
f 1362/1531 1433/1052 465/1051
f 1629/1587 1611/1586 1289/1630
f 1532/1057 1629/1587 1609/1582
f 627/1631 1368/1585 1629/1587
f 1529/1377 1630/1584 1610/1583
f 736/1633 1407/1356 1630/1584
f 1192/1355 1609/1582 1630/1584
f 1631/1580 1365/1077 465/1051
f 1610/1583 1631/1580 1404/1634
f 1610/1583 1289/1630 1608/1635
f 473/787 1437/1478 1525/1396
f 725/838 1399/1428 1336/1573
f 665/1636 1374/1569 1521/1462
f 720/744 1395/1489 1363/1568
f 425/887 431/886 1430/1171
f 520/647 1452/1557 1451/1567
f 1393/1510 1317/1565 405/1637
f 1391/1415 1454/1564 521/1638
f 573/1639 1323/1457 1464/1562
f 1466/1454 1298/1559 577/1640
f 667/1641 1481/1555 1452/1557
f 599/1437 1468/1438 1311/1550
f 170/1642 1354/1547 1522/1417
f 409/634 601/633 1469/1644
f 470/727 468/984 1434/1398
f 648/1645 1372/1529 1362/1531
f 9/1334 351/1739 1443/1646
f 173/1647 1501/1523 1420/1505
f 139/705 654/673 1386/672
f 1511/668 1512/682 511/684
f 509/249 511/684 1342/1607
f 654/673 137/1679 1321/1284
f 11/506 1462/1498 1300/1223
f 1477/1508 1393/1510 718/936
f 171/1648 1420/1505 1422/1507
f 633/866 87/781 1494/858
f 85/1650 1492/1499 1453/1412
f 82/1484 1485/1395 1491/1246
f 925/1652 1462/1498 1604/731
f 599/1437 1337/689 1603/1495
f 354/1654 1344/1490 1394/1441
f 601/1655 1318/1487 1395/1489
f 649/622 1506/1483 1495/1346
f 98/624 1351/1320 1506/1483
f 640/760 708/777 1505/1448
f 80/865 633/866 1508/1500
f 709/722 1507/1451 1437/1478
f 517/1656 1398/1466 1325/1475
f 169/1657 1502/1464 1398/1466
f 722/490 1521/1462 1330/1157
f 1369/1458 1323/1457 573/1639
f 626/1658 1472/1452 1466/1454
f 634/710 1474/712 1507/1451
f 708/777 647/1747 1371/1322
f 1394/1441 1315/1440 94/696
f 1468/1438 1599/883 1280/1434
f 1343/488 1598/1436 896/849
f 1118/884 1596/1432 1597/1431
f 42/62 37/83 1431/82
f 668/1659 1482/1426 1399/1428
f 1390/1422 1438/1424 170/1660
f 1355/96 1390/1422 664/1661
f 88/445 1338/1419 1449/1420
f 664/1643 1522/1417 1322/97
f 1375/1161 1391/1415 717/920
f 1392/1408 1299/1409 353/1534
f 1497/1406 1392/1408 559/1535
f 727/985 1525/1396 1434/1398
f 82/1484 630/772 1526/1393
f 630/772 80/865 1486/1391
f 1593/1374 1632/1379 1595/1378
f 1191/1665 1531/1054 1632/1379
f 736/1633 1529/1377 1632/1379
f 1633/1376 1594/1375 1026/247
f 1406/1364 1633/1376 1364/246
f 1191/1665 1593/1374 1633/1376
f 1634/1372 1308/174 76/173
f 1594/1375 1634/1372 1489/1578
f 1278/1664 1592/1692 1634/1372
f 1635/1371 1591/1370 1277/1367
f 967/1667 1472/1452 1635/1371
f 1472/1452 626/1658 1530/1369
f 1307/1383 1636/1366 1590/1368
f 1347/860 1636/1366 1307/1383
f 1347/860 967/1667 1589/1666
f 1637/1365 1406/1364 464/1031
f 817/1384 1590/1368 1637/1365
f 1277/1367 1588/1363 1637/1365
f 1585/1668 1638/1360 1587/1362
f 1492/1499 1638/1360 1585/1668
f 85/1650 1348/1759 1638/1360
f 1530/1369 1639/1357 1586/1359
f 626/1658 1367/723 1639/1357
f 1367/723 1033/1669 1585/1668
f 1640/1354 1407/1356 736/1633
f 1190/1670 1586/1359 1640/1354
f 1586/1359 1276/1358 1584/1671
f 1199/1067 1582/1348 1583/1347
f 1370/761 1581/1068 1272/1343
f 1495/1346 1580/1345 1041/953
f 976/1481 1350/780 1579/1069
f 640/760 1475/1341 1578/1339
f 1316/1338 1490/201 73/200
f 408/1208 1205/1082 1577/1336
f 962/1225 1270/1335 1576/1080
f 913/511 1575/1331 1301/36
f 1269/1333 1574/1083 1426/1330
f 1204/1085 955/810 1573/1327
f 71/1673 1459/1248 1488/1326
f 3/1674 1340/620 1444/1315
f 741/1306 1533/1318 1570/1316
f 1213/1101 1570/1316 1319/1095
f 1266/1319 1569/1099 1444/1315
f 558/384 1534/1309 1568/1312
f 1010/385 1568/1312 1294/158
f 1265/1314 1567/1102 1419/1311
f 8/902 1296/1217 1566/1307
f 923/903 1566/1307 1534/1309
f 1264/1310 1565/1105 1409/1100
f 743/1288 1535/1301 1564/1299
f 1219/1114 1564/1299 1429/885
f 1263/1302 1563/1112 1304/1298
f 621/1675 1536/1291 1562/1295
f 963/1676 1562/1295 1458/409
f 901/1296 1262/1297 1561/1115
f 39/737 1460/1292 1560/1289
f 918/1677 1560/1289 1536/1291
f 1261/1293 1559/1117 1411/1113
f 138/1678 1353/1282 1321/1284
f 1641/1275 1558/1274 1260/1271
f 1235/1681 1539/1160 1641/1275
f 1539/1160 748/1159 1537/1273
f 1450/816 1642/1270 1557/1272
f 1414/1260 1642/1270 1450/816
f 1414/1260 1235/1681 1556/1680
f 1643/1268 1455/851 167/850
f 875/1474 1557/1272 1643/1268
f 1557/1272 1260/1271 1555/1682
f 1644/1267 1554/1266 1259/1683
f 1297/695 1644/1267 1552/1262
f 519/694 1538/1265 1644/1267
f 1645/1264 1553/1263 922/1572
f 165/288 1422/1507 1645/1264
f 760/1506 1552/1262 1645/1264
f 1646/1261 1414/1260 518/815
f 1553/1263 1646/1261 1336/1573
f 1259/1683 1551/1259 1646/1261
f 1647/1258 1550/1257 1258/1684
f 1326/414 1647/1258 1548/1254
f 1326/414 166/413 1500/932
f 1538/1265 1648/1256 1549/1255
f 1451/1567 1648/1256 1538/1265
f 876/1566 1548/1254 1648/1256
f 1649/1251 1415/1253 748/1159
f 1549/1255 1649/1251 1413/1686
f 1258/1684 1547/1689 1649/1251
f 1416/1245 1459/1248 71/1673
f 1491/1246 1416/1245 475/153
f 1435/1243 1417/1242 750/1166
f 8/902 1/431 1449/1420
f 759/1219 874/1218 1324/926
f 1425/691 1317/1210 837/1687
f 895/1527 1332/632 1346/1209
f 1310/541 1542/92 1240/1614
f 1366/728 1541/1167 1239/1247
f 1541/1167 1334/1086 902/1688
f 1650/1163 1540/1162 1236/1252
f 1550/1257 1650/1163 1547/1689
f 1058/1414 1375/1161 1650/1163
f 1651/1158 1539/1160 1235/1681
f 1554/1266 1651/1158 1551/1259
f 1554/1266 1234/1685 1413/1686
f 1555/1682 1652/1156 1330/1157
f 1260/1271 1558/1274 1652/1156
f 1558/1274 1233/1625 1412/1626
f 983/1690 1478/1128 1446/683
f 917/1470 1335/828 1559/1117
f 1218/1290 1411/1113 1561/1115
f 1217/1602 1410/1110 1563/1112
f 759/1219 1421/1103 1565/1105
f 1212/1308 1409/1100 1567/1102
f 1211/1598 1408/1098 1569/1099
f 934/1691 1465/1093 1319/1095
f 902/1688 1334/1086 1363/1088
f 1441/962 1365/1077 1027/1581
f 1653/1058 1532/1057 1192/1355
f 1587/1362 1653/1058 1584/1671
f 1587/1362 968/1361 1473/1056
f 1654/1055 1531/1054 1191/1665
f 1591/1370 1654/1055 1588/1363
f 1190/1670 1405/1053 1654/1055
f 1655/1050 1433/1052 818/1373
f 1595/1378 1655/1050 1592/1692
f 1595/1378 1189/1632 1404/1634
f 1021/1480 1361/786 1401/983
f 1166/1392 1401/983 1360/726
f 1165/1575 1400/282 1309/982
f 980/1693 1477/960 1441/962
f 1046/1694 1372/940 1517/938
f 1517/938 1424/937 768/1695
f 1328/725 1465/935 934/1696
f 1500/932 1516/429 1139/1563
f 1151/1548 1397/491 1447/928
f 930/1697 1463/711 1324/926
f 1480/924 1515/922 1138/1423
f 1515/922 1313/921 829/1698
f 998/1699 1357/897 1524/287
f 782/1300 792/1430 1306/1616
f 1519/745 1440/880 835/1700
f 1074/1449 1045/1321 1496/1701
f 973/1501 1349/862 1382/788
f 967/1667 1347/860 1341/440
f 1494/858 1448/433 873/1702
f 1150/1570 1396/388 1455/851
f 1060/1703 1377/837 1523/814
f 1161/1465 1523/814 1450/816
f 1079/1450 1382/788 1312/789
f 1021/1480 1080/1479 1383/721
f 976/1481 1074/1449 1380/867
f 979/1704 1476/776 1381/759
f 1075/1482 1381/759 1370/761
f 853/1705 1443/751 1520/400
f 1469/743 1519/745 1144/1439
f 1020/1394 1360/726 1366/728
f 1033/1669 1367/723 1328/725
f 1080/1479 1039/1456 1369/1458
f 1474/712 1463/711 930/1697
f 757/1524 1295/648 1297/695
f 980/1707 1352/693 1518/417
f 925/1652 1337/689 1425/691
f 1089/1514 862/1283 1446/683
f 891/1517 942/1516 1467/117
f 1386/672 1387/674 1089/1514
f 861/1520 1088/1518 1511/668
f 1059/935 1376/646 1295/648
f 895/1527 853/1526 1318/1708
f 1046/1709 1497/618 1487/172
f 823/1241 822/1397 1309/982
f 771/1546 952/1545 1344/492
f 994/1710 1479/489 1397/491
f 951/1435 1343/488 1436/30
f 996/1711 1356/459 1327/412
f 1341/440 1423/439 767/1711
f 873/1702 1448/433 1339/434
f 1516/429 1329/428 879/1712
f 1518/417 1442/416 837/1713
f 877/1556 1327/412 1326/414
f 901/1296 789/1239 1305/1238
f 1520/400 1488/402 1023/1714
f 1057/1715 1499/386 1396/388
f 1162/1427 1524/287 1461/289
f 827/1477 1312/789 1400/282
f 1656/199 1490/201 1027/1581
f 1611/1586 1656/199 1608/1635
f 1034/1716 1493/1726 1656/199
f 1487/172 1308/174 818/1373
f 835/1594 830/1593 1314/91
f 767/1717 1423/156 1294/158
f 777/1621 1428/4 1617/152
f 958/1539 1345/139 1619/141
f 1048/1718 1498/115 1467/117
f 1621/1627 1657/98 1322/97
f 1293/1610 1624/1613 1657/98
f 1624/1613 995/1421 1355/96
f 1542/92 1314/91 830/1593
f 771/1546 1302/34 1301/36
f 1436/30 1299/29 768/1719
f 777/1621 931/1561 1339/434
o Eyes
v 1.0625 -5.0625 -4.7812
v 3.1875 -5.0625 -4.7812
v 1.0625 -4 -4.7812
v 3.1875 -4 -4.7812
v 2.6562 -3.4688 -4.7812
v -3.1875 -5.0625 -4.7812
v -1.0625 -5.0625 -4.7812
v -3.1875 -4 -4.7812
v -1.0625 -4 -4.7812
v -2.6563 -3.4688 -4.7812
v -1.8594 -3.7344 -4.7812
v 2.125 -4 -4.7812
v 1.8594 -3.7344 -4.7812
v -2.125 -4.5312 -4.7812
v -2.125 -5.0625 -4.7812
v 2.125 -5.0625 -4.7812
vt 0.1667 0.0893
vt 0.1889 0.0536
vt 0.1889 0.0893
vt 0.2 0.0357
vt 0.1833 0.0446
vt 0.1 0.0893
vt 0.1222 0.0714
vt 0.1222 0.0893
vt 0.1111 0.0357
vt 0.1 0.0536
vt 0.1444 0.0536
vt 0.1444 0.0893
vt 0.2111 0.0893
vt 0.1667 0.0536
vt 0.2111 0.0536
vt 0.1278 0.0446
s 1
f 1658/1762 1669/1763 1673/1764
f 1662/1765 1669/1763 1670/1766
f 1663/1767 1671/1768 1672/1769
f 1667/1770 1671/1768 1665/1771
f 1671/1768 1666/1772 1664/1773
f 1664/1773 1672/1769 1671/1768
f 1669/1763 1659/1774 1673/1764
f 1660/1775 1670/1766 1669/1763
f 1658/1762 1660/1775 1669/1763
f 1662/1765 1661/1776 1669/1763
f 1663/1767 1665/1771 1671/1768
f 1667/1770 1668/1777 1671/1768
f 1671/1768 1668/1777 1666/1772
f 1669/1763 1661/1776 1659/1774
o Helmet
v 4.25 0.25 -4.25
v 4.25 0.25 4.25
v -4.25 0.25 4.25
v -4.25 0.25 -4.25
v -2.125 -4.5312 4.25
v 2.125 -4.5312 4.25
v -2.125 -0.2812 4.25
v 2.125 -0.2812 4.25
v 2.6562 -2.9375 -4.25
v -2.6563 -2.9375 -4.25
v 2.6562 0.25 -4.25
v -2.6563 0.25 -4.25
v -0 -4 -4.25
v -0 0.7812 -4.25
v 2.125 0.25 -5.3125
v 2.125 -2.4062 -5.3125
v -0 -3.4688 -5.3125
v -2.125 -2.4062 -5.3125
v -2.125 0.25 -5.3125
v -0 0.7812 -5.3125
v 1.5937 -2.4062 -5.3125
v -1.5938 -2.4062 -5.3125
v 1.5937 0.25 -5.3125
v -1.5938 0.25 -5.3125
v -1.5938 -1.875 -5.8438
v -0 -2.9375 -5.3125
v 1.5937 -1.875 -5.8438
v -0 0.7812 -5.3125
v 1.5937 0.25 -5.8438
v -1.5938 0.25 -5.8438
v -0 -2.4062 -5.8438
v -0 0.7812 -5.8438
v -0 -0.8125 -6.9062
v 1.3802 -0.0156 -6.9062
v 1.3802 -1.6094 -6.9062
v -0 -2.4062 -6.9062
v -1.3802 -1.6094 -6.9062
v -1.3802 -0.0156 -6.9062
v 3.1875 -0.2813 -4.25
v 3.1875 -2.4063 -4.25
v 3.1875 -0.2813 -5.3125
v 3.1875 -2.4063 -5.3125
v 2.125 -0.2812 -4.25
v 2.125 -2.4062 -4.25
v 2.125 -0.2812 -5.3125
v 2.125 -2.4062 -5.3125
v -2.125 -0.2812 -4.25
v -2.125 -2.4062 -4.25
v -2.125 -0.2812 -5.3125
v -2.125 -2.4062 -5.3125
v -3.1875 -0.2812 -4.25
v -3.1875 -2.4062 -4.25
v -3.1875 -0.2812 -5.3125
v -3.1875 -2.4062 -5.3125
v 2.6562 0.25 -2.125
v -2.6563 0.25 -2.125
v -0 0.7812 -2.125
v 1.0625 -5.0625 -4.25
v 3.1875 -5.0625 -4.25
v 1.0625 -4 -4.25
v 3.1875 -4 -4.25
v 2.6562 -3.4688 -4.25
v 1.0625 -5.0625 -4.7812
v 3.1875 -5.0625 -4.7812
v 1.0625 -4 -4.7812
v 3.1875 -4 -4.7812
v 2.6562 -3.4688 -4.7812
v -3.1875 -5.0625 -4.25
v -1.0625 -5.0625 -4.25
v -3.1875 -4 -4.25
v -1.0625 -4 -4.25
v -2.6563 -3.4688 -4.25
v -3.1875 -5.0625 -4.7812
v -1.0625 -5.0625 -4.7812
v -3.1875 -4 -4.7812
v -1.0625 -4 -4.7812
v -2.6563 -3.4688 -4.7812
v 4.25 -5.0625 -4.25
v -4.25 -5.0625 -4.25
v 4.25 -5.0625 -5.3125
v -4.25 -5.0625 -5.3125
v 4.25 -2.9375 -4.25
v -4.25 -2.9375 -4.25
v 4.25 -2.9375 -5.3125
v -4.25 -2.9375 -5.3125
v 3.1875 -9.3125 -3.1875
v 3.1875 -9.3125 3.1875
v -3.1875 -9.3125 3.1875
v -3.1875 -9.3125 -3.1875
v 4.25 -7.1875 -5.3125
v -4.25 -7.1875 -5.3125
v 4.25 -0.8125 5.3125
v -4.25 -0.8125 5.3125
v 4.25 -7.1875 5.3125
v -4.25 -7.1875 5.3125
v 5.3125 -7.1875 -4.25
v 5.3125 -7.1875 4.25
v -5.3125 -7.1875 4.25
v -5.3125 -7.1875 -4.25
v -5.3125 -0.8125 4.25
v -5.3125 -2.9375 -4.25
v 5.3125 -2.9375 -4.25
v 5.3125 -0.8125 4.25
v 4.25 -0.8125 4.25
v -4.25 -0.8125 4.25
v -2.125 -4.5312 5.8438
v 2.125 -4.5312 5.8438
v -2.125 -0.2812 5.8438
v 2.125 -0.2812 5.8438
v -2.125 -4 6.375
v 2.125 -4 6.375
v -2.125 -0.8125 6.375
v 2.125 -0.8125 6.375
v 2.125 -3.7344 6.375
v 2.125 -2.1406 6.375
v 2.125 -3.7344 4.7812
v 2.125 -2.1406 4.7812
v 4.25 -3.7344 6.375
v 4.25 -2.1406 6.375
v 4.25 -3.7344 4.7812
v 4.25 -2.1406 4.7812
v 3.1875 -1.875 -4.25
v 3.1875 -0.8125 -4.25
v 3.1875 -1.875 -5.3125
v 3.1875 -0.8125 -5.3125
v 4.7812 -1.875 -4.25
v 4.7812 -0.8125 -4.25
v 4.7812 -1.875 -5.3125
v 4.7812 -0.8125 -5.3125
v 5.3125 -1.875 -3.7188
v 5.3125 -0.8125 -3.7188
v 6.375 -1.875 -3.7188
v 6.375 -0.8125 -3.7188
v 5.3125 -3.4688 4.7812
v 5.3125 -2.4063 4.7812
v 6.375 -3.4688 4.7812
v 6.375 -2.4063 4.7812
v 4.7812 -2.4063 6.375
v 4.7812 -3.4688 6.375
v 4.7812 -2.4063 5.3125
v 4.7812 -3.4688 5.3125
v 4.25 -2.4063 6.375
v 4.25 -3.4688 6.375
v 4.25 -2.4063 5.3125
v 4.25 -3.4688 5.3125
v -4.7813 -8.25 1.5938
v -4.7813 -6.125 1.5938
v 5.3125 -9.0469 -3.1875
v 5.3125 -9.0469 1.0625
v 4.749 -8.8135 -3.1875
v 4.749 -8.8135 1.0625
v 4.5156 -8.25 -3.1875
v 4.5156 -8.25 1.0625
v 4.749 -7.6865 -3.1875
v 4.749 -7.6865 1.0625
v 5.3125 -7.4531 -3.1875
v 5.3125 -7.4531 1.0625
v 5.876 -7.6865 -3.1875
v 5.876 -7.6865 1.0625
v 6.1094 -8.25 -3.1875
v 6.1094 -8.25 1.0625
v 5.876 -8.8135 -3.1875
v 5.876 -8.8135 1.0625
v -4.7813 -6.125 -1.5938
v -4.7813 -8.25 -1.5937
v -5.8438 -6.125 1.5938
v -5.8438 -8.25 1.5938
v -5.8438 -6.125 -1.5938
v -5.8438 -8.25 -1.5937
v -5.0469 -8.25 -0.7969
v -5.5781 -8.25 -0.7969
v -5.0469 -8.25 -1.3281
v -5.5781 -8.25 -1.3281
v -5.0469 -13.5625 -0.7969
v -5.5781 -13.5625 -0.7969
v -5.0469 -13.5625 -1.3281
v -5.5781 -13.5625 -1.3281
v -2.125 -3.7344 6.375
v -2.125 -2.1406 6.375
v -2.125 -3.7344 4.7812
v -2.125 -2.1406 4.7812
v -4.25 -3.7344 6.375
v -4.25 -2.1406 6.375
v -4.25 -3.7344 4.7812
v -4.25 -2.1406 4.7812
v -3.1875 -1.875 -4.25
v -3.1875 -0.8125 -4.25
v -3.1875 -1.875 -5.3125
v -3.1875 -0.8125 -5.3125
v -4.7813 -1.875 -4.25
v -4.7813 -0.8125 -4.25
v -4.7813 -1.875 -5.3125
v -4.7813 -0.8125 -5.3125
v -5.3125 -1.875 -3.7188
v -5.3125 -0.8125 -3.7188
v -6.375 -1.875 -3.7188
v -6.375 -0.8125 -3.7188
v -5.3125 -3.4687 4.7812
v -5.3125 -2.4062 4.7812
v -6.375 -3.4687 4.7812
v -6.375 -2.4062 4.7812
v -4.7813 -2.4062 6.375
v -4.7813 -3.4687 6.375
v -4.7813 -2.4062 5.3125
v -4.7813 -3.4687 5.3125
v -4.25 -2.4062 6.375
v -4.25 -3.4687 6.375
v -4.25 -2.4062 5.3125
v -4.25 -3.4687 5.3125
v 5.8437 -8.25 1.5938
v 5.8437 -6.125 1.5938
v 5.8437 -6.125 -1.5938
v 5.8437 -8.25 -1.5937
v 4.7812 -6.125 1.5938
v 4.7812 -8.25 1.5938
v 4.7812 -6.125 -1.5938
v 4.7812 -8.25 -1.5937
v 4.25 -5.0625 -5.4187
v 4.25 -7.1875 -5.4187
v -0 -5.0625 -5.4187
v -0 -7.1875 -5.4187
v 5.3125 -8.25 -3.1875
v -0 0.7812 -6.9062
v -0 0.7812 -5.8438
v -1.3802 -0.0156 -5.8438
v -1.3802 -1.6094 -5.8438
v -0 -2.4062 -5.8438
v 1.3802 -1.6094 -5.8438
v 1.3802 -0.0156 -5.8438
v 5.3125 -8.25 1.0625
v 4.25 0.25 -0
v -0 0.25 4.25
v 3.9844 -0.8125 -5.3125
v -0 -5.0625 -4.25
v -4.25 -4 -4.25
v -4.25 0.25 -0
v -1.0625 -0.8125 -5.3125
v -2.125 -1.0781 -5.3125
v -1.0625 0.5156 -5.3125
v -1.3281 0.5156 -4.25
v 1.0625 0.5156 -5.3125
v -1.3281 -3.4688 -4.25
v 1.0625 -2.9375 -5.3125
v -2.6563 -1.3438 -4.25
v 2.125 -1.0781 -5.3125
v -1.0625 -2.9375 -5.3125
v 1.3281 -3.4688 -4.25
v 1.5937 -0.8125 -5.5781
v 1.5937 -0.8125 -5.8438
v -1.5938 -1.0781 -5.3125
v -1.5938 -0.8125 -5.5781
v 0.7969 0.5156 -5.8438
v -0.7969 0.5156 -5.3125
v 0.7969 -2.1406 -5.8438
v 0.7969 0.5156 -5.3125
v -0.7969 -2.6719 -5.3125
v 0.6901 0.3828 -6.9062
v 0.6901 -0.4141 -6.9062
v 1.3802 -0.8125 -6.9062
v 0.6901 -1.2109 -6.9062
v 0.6901 -2.0078 -6.9062
v -0.6901 -2.0078 -6.9062
v -0.6901 -1.2109 -6.9062
v -1.3802 -0.8125 -6.9062
v -0.6901 -0.4141 -6.9062
v -0.6901 0.3828 -6.9062
v 3.1875 -1.3438 -4.25
v 2.125 -1.3438 -5.3125
v 1.3281 0.5156 -4.25
v 2.6562 0.25 -3.1875
v -0 0.7812 -3.1875
v -3.1875 -1.3437 -5.3125
v 1.3281 0.5156 -2.125
v -1.3281 0.5156 -2.125
v -0 0.25 -2.125
v 1.8594 -3.7344 -4.25
v 4.25 -4 -5.3125
v -1.8594 -3.7344 -4.25
v -0 -9.3125 3.1875
v 3.1875 -9.3125 0
v -0 -5.0625 -5.3125
v -4.25 -6.125 -5.3125
v -3.7188 -8.25 -4.25
v -0 -9.3125 -3.1875
v -0 -0.8125 5.3125
v 4.25 -4 5.3125
v -3.7188 -8.25 4.25
v 4.25 -8.25 3.7188
v 3.7187 -8.25 -4.25
v 4.7812 -7.1875 -4.7812
v 4.25 -8.25 -3.7187
v 3.7187 -8.25 4.25
v 4.7812 -7.1875 4.7812
v -3.1875 -9.3125 0
v -4.25 -8.25 -3.7187
v -4.7813 -7.1875 4.7812
v -4.25 -8.25 3.7188
v -4.7813 -7.1875 -4.7812
v -5.3125 -7.1875 0
v -5.3125 -5.0625 -4.25
v 5.3125 -4 4.25
v 5.3125 -1.875 0
v 4.7812 -6.125 -4.7812
v 4.25 -6.125 -5.3125
v -4.7813 -4 -4.7812
v -4.7813 -2.9375 -4.7812
v -4.25 -4 -5.3125
v -4.7813 -0.8125 4.7812
v -4.25 -4 5.3125
v 4.7812 -2.9375 -4.7812
v -5.3125 -1.875 0
v 4.7812 -0.8125 4.7812
v 4.25 -1.875 0
v -0 -0.2812 5.8438
v -0 -0.2812 4.25
v 2.125 -0.2812 5.0469
v -0 -4.5312 4.25
v -2.125 -4.5312 5.0469
v 4.25 -3.7344 5.5781
v 4.25 -2.9375 6.375
v 2.125 -2.4062 4.25
v 2.125 -4.2656 5.3125
v -0 -0.8125 6.375
v 2.125 -2.4062 6.375
v -0 -4.5312 5.8438
v 5.5781 -3.4688 5.0469
v 3.1875 -2.1406 6.375
v 2.125 -2.1406 5.5781
v -2.125 -2.4062 4.25
v -2.125 -0.5469 5.3125
v 3.1875 -3.7344 4.7812
v 2.125 -3.7344 5.5781
v 2.125 -2.9375 6.375
v 3.9844 -1.875 -4.25
v 3.9844 -1.875 -5.3125
v 3.9844 -0.8125 -4.25
v 5.5781 -0.8125 -3.9844
v 5.5781 -0.8125 -4.5156
v 5.0469 -1.875 -4.5156
v 5.5781 -1.875 -4.5156
v 6.375 -2.6719 0.5312
v 5.3125 -1.6094 0.5312
v 6.375 -1.6094 0.5312
v 5.3125 -2.6719 0.5312
v 5.0469 -2.4063 5.5781
v 5.5781 -2.4063 5.5781
v 5.5781 -3.4688 5.5781
v -5.5781 -3.4687 5.0469
v -5.0469 -10.9062 -0.7969
v -2.125 -2.1406 5.5781
v -3.1875 -2.1406 6.375
v -5.8438 -8.25 0
v -3.9844 -0.8125 -5.3125
v -4.7813 -6.125 0
v -5.8438 -7.1875 1.5938
v -5.5781 -10.9062 -0.7969
v -5.8438 -7.1875 -1.5937
v -5.8438 -6.125 0
v -5.5781 -10.9062 -1.3281
v -4.7813 -7.1875 -1.5937
v -4.7813 -7.1875 1.5938
v -4.25 -2.9375 6.375
v -4.25 -3.7344 5.5781
v -5.0469 -10.9062 -1.3281
v -2.125 -3.7344 5.5781
v -3.1875 -3.7344 4.7812
v -2.125 -2.9375 6.375
v -3.1875 -3.7344 6.375
v -3.9844 -1.875 -4.25
v -3.9844 -0.8125 -4.25
v -5.5781 -0.8125 -4.5156
v -5.5781 -0.8125 -3.9844
v -5.0469 -1.875 -4.5156
v -6.375 -1.6094 0.5312
v -5.3125 -1.6094 0.5312
v -6.375 -2.6719 0.5312
v -5.5781 -2.4062 5.5781
v -5.0469 -2.4062 5.5781
v -5.5781 -3.4687 5.5781
v 4.7812 -8.25 0
v 5.8437 -6.125 0
v 5.8437 -7.1875 1.5938
v 4.7812 -7.1875 -1.5937
v 4.7812 -6.125 0
v 5.8437 -7.1875 -1.5937
v 2.125 -7.1875 -5.4187
v 4.25 -6.125 -5.4187
v 0.6901 -2.0078 -5.8438
v 0.6901 0.3828 -5.8438
v -0.6901 0.3828 -5.8438
v -0.6901 -2.0078 -5.8438
v 1.3802 -0.8125 -5.8438
v -1.3802 -0.8125 -5.8438
v -0 0.25 -4.25
v -4.25 -1.3437 -4.25
v 4.25 -1.3438 -4.25
v -0 -2.9375 -4.25
v 4.25 -4 -4.25
v -4.25 -1.875 0
v -0 -0.8125 4.25
v 1.0625 -0.8125 -5.3125
v 2.6562 -1.3438 -4.25
v 1.5937 -1.0781 -5.3125
v -1.5938 -0.8125 -5.8438
v -0 -0.8125 -5.8438
v -0.7969 -2.1406 -5.8438
v -0.7969 0.5156 -5.8438
v 0.7969 -2.6719 -5.3125
v 3.1875 -1.3438 -5.3125
v -2.6563 0.25 -3.1875
v -2.125 -1.3438 -5.3125
v -3.1875 -1.3437 -4.25
v 1.8594 -3.7344 -4.7812
v -1.8594 -3.7344 -4.7812
v -0 -7.1875 -5.3125
v -0 -7.1875 5.3125
v 5.3125 -7.1875 0
v -5.3125 -4 4.25
v 5.3125 -5.0625 -4.25
v 4.7812 -4 -4.7812
v -4.7813 -6.125 -4.7812
v -2.125 -0.2812 5.0469
v 2.125 -4.5312 5.0469
v 4.25 -2.9375 4.7812
v 4.25 -2.1406 5.5781
v 2.125 -0.5469 5.3125
v -2.125 -2.4062 6.375
v -0 -4 6.375
v 3.1875 -2.1406 4.7812
v -2.125 -4.2656 5.3125
v 3.1875 -3.7344 6.375
v -3.1875 -2.1406 4.7812
v -4.25 -2.1406 5.5781
v -4.7813 -8.25 0
v -4.25 -2.9375 4.7812
v -3.9844 -1.875 -5.3125
v -5.5781 -1.875 -4.5156
v -5.3125 -2.6719 0.5312
v 5.8437 -8.25 0
v 4.7812 -7.1875 1.5938
v -0 -6.125 -5.4187
v 2.125 -5.0625 -5.4187
v 5.3125 -9.0469 -1.0625
v 4.749 -8.8135 -1.0625
v 4.5156 -8.25 -1.0625
v 4.749 -7.6865 -1.0625
v 5.3125 -7.4531 -1.0625
v 5.876 -7.6865 -1.0625
v 6.1094 -8.25 -1.0625
v 5.876 -8.8135 -1.0625
v -0 -1.3438 -4.25
v -0 -4 -4.25
v -4.25 -8.25 0
v -0.7969 -0.8125 -5.8438
v 4.7812 -4 4.7812
v 3.1875 -2.1406 5.5781
v -3.1875 -3.7344 5.5781
v -0 -2.4062 6.375
v -0 -9.3125 0
v 5.8437 -7.1875 0
v 4.25 -2.9375 5.5781
v -1.3281 0.5156 -3.1875
v 2.125 -6.125 -5.4187
v -4.7813 -7.1875 0
v -5.8438 -7.1875 0
v -4.25 -2.9375 5.5781
v -0 -0.2812 5.0469
v -3.1875 -2.1406 5.5781
v -0 -4 5.3125
v -0 -6.125 -5.3125
v -3.1875 -2.9375 6.375
v 2.125 -2.4062 5.3125
v 3.1875 -2.9375 6.375
v -4.7813 -4 4.7812
v -5.3125 -4.5312 0
v 4.25 -8.25 0
v -0 -8.25 -4.25
v -0 -1.6094 -6.9062
v -0 -8.25 4.25
v 4.7812 -7.1875 0
v 3.1875 -3.7344 5.5781
v 1.3281 0.5156 -3.1875
v -0 0.25 -0
v -0 -4.5312 5.0469
v 5.3125 -4.5313 0
v -0 -0.0156 -6.9062
v -2.125 -2.4062 5.3125
v -0 -1.875 -5.3125
v 0.7969 -0.8125 -5.8438
v 4.25 0.25 2.125
v -2.125 0.25 4.25
v 2.125 -3.4688 4.25
v -2.125 -5.0625 -4.25
v -4.25 0.25 -2.125
v -0.5313 -0.0156 -5.3125
v -2.6563 -0.5469 -4.25
v -5.5781 -9.5781 -1.3281
v 4.25 0.25 -2.125
v 2.125 0.25 4.25
v 6.375 -1.2109 -1.5938
v -3.7188 -8.7812 3.4531
v -5.5781 -9.5781 -0.7969
v -1.3281 0.25 -2.125
v 5.3125 -2.2734 -1.5938
v 2.125 -3.2031 6.375
v -2.125 -3.4688 4.25
v -1.0625 -0.2812 5.8438
v -1.0625 -4.5312 4.25
v -1.0625 -0.2812 4.25
v -1.5938 -9.3125 3.1875
v -3.4531 -8.7812 3.7188
v 3.1875 -9.3125 1.5938
v -2.125 -5.0625 -5.3125
v -3.9844 -7.7187 -4.7812
v 2.125 -5.0625 -4.25
v -1.5938 -9.3125 -3.1875
v -2.125 -0.8125 5.3125
v 4.25 -5.5938 5.3125
v -3.9844 -7.7187 4.7812
v 4.7812 -7.7188 3.9844
v 3.9844 -7.7188 -4.7812
v 4.7812 -7.7188 -3.9844
v 3.9844 -7.7188 4.7812
v -3.1875 -9.3125 -1.5937
v -4.25 0.25 2.125
v -4.7813 -7.7187 -3.9844
v -4.7813 -7.7187 3.9844
v -5.3125 -7.1875 -2.125
v -5.3125 -4 -4.25
v 5.3125 -2.4063 4.25
v 5.3125 -1.3438 2.125
v 3.1875 -9.3125 -1.5937
v -4.25 -5.5937 5.3125
v -3.4531 -8.7812 -3.7187
v -5.3125 -2.4062 -2.125
v 2.125 -5.0625 -5.3125
v 4.25 -1.3438 2.125
v 1.0625 -0.2812 5.8438
v 1.0625 -0.2812 4.25
v 1.0625 -4.5312 4.25
v 2.125 -1.3438 4.25
v -2.6563 -2.1406 -4.25
v 1.0625 -0.8125 6.375
v 1.3281 0.25 -2.125
v 2.125 -1.6094 6.375
v 1.0625 -4.5312 5.8438
v -2.125 -1.3438 4.25
v 6.375 -3.0703 2.6562
v 5.3125 -2.0078 2.6562
v 1.5937 -9.3125 3.1875
v 6.375 -2.0078 2.6562
v -1.0625 -4.5312 5.8438
v 5.3125 -3.0703 2.6562
v -1.0625 -0.8125 6.375
v 4.25 -2.4063 -2.125
v -5.0469 -12.2344 -0.7969
v -4.25 -2.4062 5.3125
v -5.8438 -8.25 -0.7969
v -5.3125 -1.3437 2.125
v -4.7813 -6.125 -0.7969
v -4.7813 -6.125 0.7969
v -5.5781 -12.2344 -0.7969
v -5.8438 -6.125 -0.7969
v -5.5781 -12.2344 -1.3281
v 5.3125 -2.4063 -2.125
v 5.3125 -5.5938 4.25
v -5.0469 -12.2344 -1.3281
v -6.375 -2.0078 2.6562
v -5.3125 -2.0078 2.6562
v -6.375 -3.0703 2.6562
v -3.1875 -9.3125 1.5938
v 6.375 -2.2734 -1.5938
v -3.7188 -8.7812 -3.4531
v -5.3125 -7.1875 2.125
v 3.4531 -8.7812 -3.7187
v 4.7812 -8.25 -0.7969
v 3.7187 -8.7812 -3.4531
v 5.8437 -6.125 -0.7969
v -5.0469 -9.5781 -0.7969
v 4.25 -2.4063 5.3125
v 4.7812 -6.125 -0.7969
v 3.7187 -8.7812 3.4531
v 3.4531 -8.7812 3.7188
v 1.0625 -7.1875 -5.4187
v -5.3125 -6.125 -4.25
v -5.8438 -6.125 0.7969
v -5.8438 -8.25 0.7969
v -2.125 0.25 -4.25
v 1.5937 -9.3125 -3.1875
v -4.25 -2.1406 -4.25
v 4.25 -2.1406 -4.25
v -2.125 -2.9375 -4.25
v -4.25 -1.3437 2.125
v -2.125 -0.8125 4.25
v 0.5312 -0.0156 -5.3125
v 2.6562 -0.5469 -4.25
v -0 -0.0156 -5.8438
v -1.5938 -1.6094 -5.3125
v -2.125 -7.1875 -5.3125
v -2.125 -7.1875 5.3125
v 5.3125 -7.1875 2.125
v -5.3125 -2.4062 4.25
v 5.3125 -4 -4.25
v -2.125 -1.6094 6.375
v 1.0625 -4 6.375
v -4.7813 -8.25 -0.7969
v -5.3125 -3.0703 2.6562
v 5.8437 -8.25 -0.7969
v 1.0625 -5.0625 -5.4187
v 5.3125 -9.0469 0
v 5.3125 -1.2109 -1.5938
v 4.749 -8.8135 0
v 4.5156 -8.25 0
v 4.749 -7.6865 0
v 5.3125 -7.4531 0
v 5.876 -7.6865 0
v -5.0469 -9.5781 -1.3281
v 6.1094 -8.25 0
v 2.125 -0.8125 5.3125
v 5.876 -8.8135 0
v -6.375 -1.2109 -1.5938
v -5.3125 -1.2109 -1.5938
v -6.375 -2.2734 -1.5938
v 4.7812 -8.25 0.7969
v 5.8437 -6.125 0.7969
v 4.7812 -6.125 0.7969
v 3.1875 -7.1875 -5.4187
v 2.125 0.25 -4.25
v -4.25 -0.5469 -4.25
v 4.25 -0.5469 -4.25
v 2.125 -2.9375 -4.25
v -4.25 -2.4062 -2.125
v 2.125 -0.8125 4.25
v 1.5937 -1.6094 -5.3125
v 2.6562 -2.1406 -4.25
v -0 -1.6094 -5.8438
v 2.125 -7.1875 -5.3125
v 2.125 -7.1875 5.3125
v 5.3125 -7.1875 -2.125
v -5.3125 -5.5937 4.25
v 5.3125 -6.125 -4.25
v -2.125 -3.2031 6.375
v -1.0625 -4 6.375
v -4.7813 -8.25 0.7969
v -5.3125 -2.2734 -1.5938
v 5.8437 -8.25 0.7969
v 3.1875 -5.0625 -5.4187
v 5.3125 -9.0469 -2.125
v 4.749 -8.8135 -2.125
v 4.5156 -8.25 -2.125
v 4.749 -7.6865 -2.125
v 5.3125 -7.4531 -2.125
v 5.876 -7.6865 -2.125
v 6.1094 -8.25 -2.125
v 5.876 -8.8135 -2.125
v -2.125 -1.3437 -4.25
v 2.125 -1.3438 -4.25
v -0 -0.5469 -4.25
v -0 -2.1406 -4.25
v -2.125 -4 -4.25
v 2.125 -4 -4.25
v -4.7813 -5.0625 -4.7812
v 4.7812 -5.0625 -4.7812
v -4.25 -8.25 -1.8594
v -4.25 -8.25 1.8594
v -3.7188 -8.7812 0
v -4.7813 -7.7187 0
v 1.5937 -0.2812 -5.3125
v 4.7812 -5.5938 4.7812
v 4.7812 -2.4063 4.7812
v 1.0625 -2.4062 6.375
v -1.0625 -2.4062 6.375
v -0 -1.6094 6.375
v -0 -3.2031 6.375
v 1.5937 -9.3125 0
v -1.5938 -9.3125 0
v -0 -9.3125 1.5938
v -0 -9.3125 -1.5937
v 5.8437 -7.1875 0.7969
v 5.8437 -7.1875 -0.7969
v 3.1875 -6.125 -5.4187
v 1.0625 -6.125 -5.4187
v -4.7813 -7.1875 0.7969
v -4.7813 -7.1875 -0.7969
v -5.8438 -7.1875 -0.7969
v -5.8438 -7.1875 0.7969
v 1.0625 -0.2812 5.0469
v -1.0625 -0.2812 5.0469
v 2.125 -4 5.3125
v -2.125 -4 5.3125
v -0 -2.4062 5.3125
v -0 -5.5938 5.3125
v -2.125 -6.125 -5.3125
v 2.125 -6.125 -5.3125
v 2.125 -1.4766 5.3125
v 2.125 -3.3359 5.3125
v -4.7813 -2.4062 4.7812
v -4.7813 -5.5937 4.7812
v -5.3125 -4.7969 -2.125
v -5.3125 -4.2656 2.125
v -5.3125 -5.8594 0
v -5.3125 -3.2031 0
v -4.25 -0.5469 -2.125
v -4.25 -1.6094 -2.125
v -4.25 -0.8125 0
v -4.25 -7.7187 -4.5156
v -4.5156 -7.7187 -4.25
v -4.25 -7.7187 4.5156
v -4.5156 -7.7187 4.25
v 4.25 -8.25 1.8594
v 4.25 -8.25 -1.8594
v 3.7187 -8.7812 0
v 4.7812 -7.7188 0
v 4.25 -7.7188 4.5156
v 4.5156 -7.7188 4.25
v 4.25 -7.7188 -4.5156
v 4.5156 -7.7188 -4.25
v -0 -8.7812 -3.7187
v -0 -7.7188 -4.7812
v -1.8594 -8.25 -4.25
v 1.8594 -8.25 -4.25
v -1.8594 -8.25 4.25
v 1.8594 -8.25 4.25
v -0 -8.7812 3.7188
v -0 -7.7188 4.7812
v 4.7812 -7.1875 -0.7969
v 4.7812 -7.1875 0.7969
v -0 0.5156 -2.125
v -0 0.25 2.125
v -0 0.25 -2.125
v 2.125 0.25 -0
v -2.125 0.25 -0
v -1.0625 -4.5312 5.0469
v 1.0625 -4.5312 5.0469
v 5.3125 -3.2031 0
v 5.3125 -5.8594 0
v 5.3125 -4.2656 2.125
v 5.3125 -4.7969 -2.125
v -2.125 -3.3359 5.3125
v -2.125 -1.4766 5.3125
v 0.5312 -1.3438 -5.3125
v -0.5313 -2.4062 -5.3125
v 0.5312 -2.4062 -5.3125
v -0.5313 -1.3438 -5.3125
v -1.5938 -0.2812 -5.3125
v 4.25 -1.6094 -2.125
v 4.25 -0.5469 -2.125
v 4.25 -0.8125 0
v 5.3125 -5.9922 -2.125
v 5.3125 -5.7266 2.125
v 5.3125 -2.8047 2.125
v -2.125 0.25 -2.125
v 2.125 0.25 -2.125
v 2.125 0.25 2.125
v 1.9922 -7.7188 4.7812
v 1.7266 -8.7812 3.7188
v -1.7266 -8.7812 3.7188
v 1.9922 -7.7188 -4.7812
v -1.9922 -7.7188 -4.7812
v -1.7266 -8.7812 -3.7187
v 4.7812 -7.7188 -1.9922
v 3.7187 -8.7812 -1.7266
v 3.7187 -8.7812 1.7266
v -5.3125 -2.8047 2.125
v -5.3125 -5.7266 2.125
v -5.3125 -5.9922 -2.125
v 1.0625 -1.6094 6.375
v 2.125 -2.4062 5.3125
v -2.125 -2.1406 -4.25
v -1.0625 -1.6094 6.375
v -1.5938 -9.3125 -1.5937
v 1.5937 -9.3125 1.5938
v -4.7813 -7.7187 1.9922
v -3.7188 -8.7812 1.7266
v -3.7188 -8.7812 -1.7266
v -1.5938 -9.3125 1.5938
v 2.125 -0.5469 -4.25
v 2.125 -2.1406 -4.25
v -1.0625 -3.2031 6.375
v -2.125 -5.5937 5.3125
v -2.125 -2.4062 5.3125
v -4.7813 -7.7187 -1.9922
v 1.0625 -3.2031 6.375
v 1.5937 -9.3125 -1.5937
v 2.125 -5.5938 5.3125
v -5.3125 -3.6016 -2.125
v 4.7812 -7.7188 1.9922
v 1.7266 -8.7812 -3.7187
v -1.9922 -7.7187 4.7812
v -2.125 0.25 2.125
v 5.3125 -3.6016 -2.125
v -2.125 -0.5469 -4.25
v -0 -0.6797 -5.3125
v 4.25 0.25 3.1875
v -3.1875 0.25 4.25
v -3.1875 -5.0625 -4.25
v -4.25 0.25 -3.1875
v 4.25 0.25 -1.0625
v 1.0625 0.25 4.25
v 6.375 -1.4102 -0.5312
v 5.3125 -2.4727 -0.5312
v -2.3906 -9.3125 3.1875
v 3.1875 -9.3125 2.3906
v -3.1875 -5.0625 -5.3125
v 1.0625 -5.0625 -4.25
v -2.3906 -9.3125 -3.1875
v -3.1875 -0.8125 5.3125
v 4.25 -6.3906 5.3125
v -3.1875 -9.3125 -2.3906
v -4.25 0.25 1.0625
v -5.3125 -7.1875 -3.1875
v 5.3125 -1.6094 4.25
v 5.3125 -1.0781 3.1875
v 3.1875 -9.3125 -0.7969
v -4.25 -6.3906 5.3125
v -5.3125 -2.6719 -3.1875
v 1.0625 -5.0625 -5.3125
v 4.25 -1.0781 3.1875
v 6.375 -3.2695 3.7188
v 5.3125 -2.207 3.7188
v 0.7969 -9.3125 3.1875
v 6.375 -2.207 3.7188
v 5.3125 -3.2695 3.7188
v 4.25 -2.1406 -1.0625
v -4.25 -3.2031 5.3125
v -5.3125 -1.6094 1.0625
v 5.3125 -2.1406 -1.0625
v 5.3125 -4.7969 4.25
v -6.375 -2.207 3.7188
v -5.3125 -2.207 3.7188
v -6.375 -3.2695 3.7188
v -3.1875 -9.3125 0.7969
v 6.375 -2.4727 -0.5312
v -5.3125 -7.1875 1.0625
v 4.25 -3.2031 5.3125
v -3.1875 0.25 -4.25
v 0.7969 -9.3125 -3.1875
v -3.1875 -2.9375 -4.25
v -4.25 -1.0781 3.1875
v -3.1875 -0.8125 4.25
v -3.1875 -7.1875 -5.3125
v -3.1875 -7.1875 5.3125
v 5.3125 -7.1875 3.1875
v -5.3125 -1.6094 4.25
v -5.3125 -3.2695 3.7188
v 5.3125 -1.4102 -0.5312
v 1.0625 -0.8125 5.3125
v -6.375 -1.4102 -0.5312
v -5.3125 -1.4102 -0.5312
v -6.375 -2.4727 -0.5312
v 1.0625 0.25 -4.25
v 1.0625 -2.9375 -4.25
v -4.25 -2.1406 -1.0625
v 1.0625 -0.8125 4.25
v 1.0625 -7.1875 -5.3125
v 1.0625 -7.1875 5.3125
v 5.3125 -7.1875 -1.0625
v -5.3125 -4.7969 4.25
v -5.3125 -2.4727 -0.5312
v -3.1875 -1.3437 -4.25
v 1.0625 -1.3438 -4.25
v -3.1875 -4 -4.25
v 1.0625 -4 -4.25
v -4.25 -8.25 -2.7891
v -4.25 -8.25 0.9297
v 4.7812 -6.3906 4.7812
v 4.7812 -3.2031 4.7812
v 2.3906 -9.3125 0
v -0.7969 -9.3125 0
v -0 -9.3125 2.3906
v -0 -9.3125 -0.7969
v 3.1875 -4 5.3125
v -1.0625 -4 5.3125
v -0 -1.6094 5.3125
v -0 -4.7969 5.3125
v -3.1875 -6.125 -5.3125
v 1.0625 -6.125 -5.3125
v -4.7813 -1.6094 4.7812
v -4.7813 -4.7969 4.7812
v -5.3125 -4.9297 -3.1875
v -5.3125 -4.3984 1.0625
v -4.25 -0.9453 -3.1875
v -4.25 -1.4766 -3.1875
v 4.25 -8.25 2.7891
v 4.25 -8.25 -0.9297
v -2.7891 -8.25 -4.25
v 0.9297 -8.25 -4.25
v -2.7891 -8.25 4.25
v 0.9297 -8.25 4.25
v -0 0.25 3.1875
v -0 0.25 -1.0625
v 3.1875 0.25 -0
v -1.0625 0.25 -0
v 5.3125 -4.1328 3.1875
v 5.3125 -4.6641 -1.0625
v 4.25 -1.4766 -3.1875
v 4.25 -0.9453 -3.1875
v 4.25 0.25 1.0625
v -1.0625 0.25 4.25
v -1.0625 -5.0625 -4.25
v -4.25 0.25 -1.0625
v 4.25 0.25 -3.1875
v 3.1875 0.25 4.25
v 6.375 -1.0117 -2.6562
v 5.3125 -2.0742 -2.6562
v -0.7969 -9.3125 3.1875
v 3.1875 -9.3125 0.7969
v -1.0625 -5.0625 -5.3125
v 3.1875 -5.0625 -4.25
v -0.7969 -9.3125 -3.1875
v -1.0625 -0.8125 5.3125
v 4.25 -4.7969 5.3125
v -3.1875 -9.3125 -0.7969
v -4.25 0.25 3.1875
v -5.3125 -7.1875 -1.0625
v 5.3125 -3.2031 4.25
v 5.3125 -1.6094 1.0625
v 3.1875 -9.3125 -2.3906
v -4.25 -4.7969 5.3125
v -5.3125 -2.1406 -1.0625
v 3.1875 -5.0625 -5.3125
v 4.25 -1.6094 1.0625
v 6.375 -2.8711 1.5938
v 5.3125 -1.8086 1.5938
v 2.3906 -9.3125 3.1875
v 6.375 -1.8086 1.5938
v 5.3125 -2.8711 1.5938
v 4.25 -2.6719 -3.1875
v -4.25 -1.6094 5.3125
v -5.3125 -1.0781 3.1875
v 5.3125 -2.6719 -3.1875
v 5.3125 -6.3906 4.25
v -6.375 -1.8086 1.5938
v -5.3125 -1.8086 1.5938
v -6.375 -2.8711 1.5938
v -3.1875 -9.3125 2.3906
v 6.375 -2.0742 -2.6562
v -5.3125 -7.1875 3.1875
v 4.25 -1.6094 5.3125
v -1.0625 0.25 -4.25
v 2.3906 -9.3125 -3.1875
v -1.0625 -2.9375 -4.25
v -4.25 -1.6094 1.0625
v -1.0625 -0.8125 4.25
v -1.0625 -7.1875 -5.3125
v -1.0625 -7.1875 5.3125
v 5.3125 -7.1875 1.0625
v -5.3125 -3.2031 4.25
v -5.3125 -2.8711 1.5938
v 5.3125 -1.0117 -2.6562
v 3.1875 -0.8125 5.3125
v -6.375 -1.0117 -2.6562
v -5.3125 -1.0117 -2.6562
v -6.375 -2.0742 -2.6562
v 3.1875 0.25 -4.25
v 3.1875 -2.9375 -4.25
v -4.25 -2.6719 -3.1875
v 3.1875 -0.8125 4.25
v 3.1875 -7.1875 -5.3125
v 3.1875 -7.1875 5.3125
v 5.3125 -7.1875 -3.1875
v -5.3125 -6.3906 4.25
v -5.3125 -2.0742 -2.6562
v -1.0625 -1.3438 -4.25
v 3.1875 -1.3438 -4.25
v -1.0625 -4 -4.25
v 3.1875 -4 -4.25
v -4.25 -8.25 -0.9297
v -4.25 -8.25 2.7891
v 4.7812 -4.7969 4.7812
v 4.7812 -1.6094 4.7812
v 0.7969 -9.3125 0
v -2.3906 -9.3125 0
v -0 -9.3125 0.7969
v -0 -9.3125 -2.3906
v 1.0625 -4 5.3125
v -3.1875 -4 5.3125
v -0 -3.2031 5.3125
v -0 -6.3906 5.3125
v -1.0625 -6.125 -5.3125
v 3.1875 -6.125 -5.3125
v -4.7813 -3.2031 4.7812
v -4.7813 -6.3906 4.7812
v -5.3125 -4.6641 -1.0625
v -5.3125 -4.1328 3.1875
v -4.25 -0.1484 -1.0625
v -4.25 -1.7422 -1.0625
v 4.25 -8.25 0.9297
v 4.25 -8.25 -2.7891
v -0.9297 -8.25 -4.25
v 2.7891 -8.25 -4.25
v -0.9297 -8.25 4.25
v 2.7891 -8.25 4.25
v -0 0.25 1.0625
v -0 0.25 -3.1875
v 1.0625 0.25 -0
v -3.1875 0.25 -0
v 5.3125 -4.3984 1.0625
v 5.3125 -4.9297 -3.1875
v 4.25 -1.7422 -1.0625
v 4.25 -0.1484 -1.0625
v 4.25 -1.0781 1.0625
v 4.25 -0.2813 1.0625
v 4.25 -0.5469 2.125
v 4.25 -0.1484 -3.1875
v 4.25 -0.5469 -3.1875
v 4.25 -0.6797 -1.0625
v 4.25 -1.2109 -1.0625
v 5.3125 -5.9258 -1.0625
v 5.3125 -6.0586 -3.1875
v 5.3125 -5.6602 3.1875
v 5.3125 -5.793 1.0625
v 5.3125 -2.6055 3.1875
v 5.3125 -3.0039 1.0625
v -2.125 0.25 -1.0625
v -2.125 0.25 -3.1875
v -1.0625 0.25 -2.125
v -3.1875 0.25 -2.125
v 2.125 0.25 -1.0625
v 2.125 0.25 -3.1875
v 3.1875 0.25 -2.125
v 1.0625 0.25 -2.125
v 2.125 0.25 3.1875
v 2.125 0.25 1.0625
v 3.1875 0.25 2.125
v 1.0625 0.25 2.125
v 0.9961 -7.7188 4.7812
v 2.9883 -7.7188 4.7812
v 0.8633 -8.7812 3.7188
v 2.5898 -8.7812 3.7188
v -2.5899 -8.7812 3.7188
v -0.8633 -8.7812 3.7188
v 0.9961 -7.7188 -4.7812
v 2.9883 -7.7188 -4.7812
v -2.9883 -7.7188 -4.7812
v -0.9961 -7.7188 -4.7812
v -2.5899 -8.7812 -3.7187
v -0.8633 -8.7812 -3.7187
v 4.7812 -7.7188 -0.9961
v 4.7812 -7.7188 -2.9883
v 3.7187 -8.7812 -0.8633
v 3.7187 -8.7812 -2.5898
v 3.7187 -8.7812 2.5898
v 3.7187 -8.7812 0.8633
v -4.25 -0.2812 1.0625
v -4.25 -1.0781 1.0625
v -4.25 -0.5469 2.125
v -4.25 -1.875 -3.1875
v -4.25 -2.2734 -3.1875
v -4.25 -1.2109 -1.0625
v -4.25 -0.6797 -1.0625
v -5.3125 -3.0039 1.0625
v -5.3125 -2.6055 3.1875
v -5.3125 -5.793 1.0625
v -5.3125 -5.6602 3.1875
v -5.3125 -6.0586 -3.1875
v -5.3125 -5.9258 -1.0625
v 3.1875 -2.4063 5.3125
v 1.0625 -2.4062 5.3125
v 2.125 -1.6094 5.3125
v 2.125 -3.2031 5.3125
v -3.1875 -2.1406 -4.25
v -1.0625 -2.1406 -4.25
v -0.7969 -9.3125 -1.5937
v -2.3906 -9.3125 -1.5937
v -1.5938 -9.3125 -0.7969
v -1.5938 -9.3125 -2.3906
v 2.3906 -9.3125 1.5938
v 0.7969 -9.3125 1.5938
v 1.5937 -9.3125 2.3906
v 1.5937 -9.3125 0.7969
v -4.7813 -7.7187 0.9961
v -4.7813 -7.7187 2.9883
v -3.7188 -8.7812 0.8633
v -3.7188 -8.7812 2.5898
v -3.7188 -8.7812 -2.5898
v -3.7188 -8.7812 -0.8633
v -0.7969 -9.3125 1.5938
v -2.3906 -9.3125 1.5938
v -1.5938 -9.3125 2.3906
v -1.5938 -9.3125 0.7969
v 1.0625 -0.5469 -4.25
v 3.1875 -0.5469 -4.25
v 1.0625 -2.1406 -4.25
v 3.1875 -2.1406 -4.25
v -1.0625 -5.5937 5.3125
v -3.1875 -5.5937 5.3125
v -2.125 -4.7969 5.3125
v -2.125 -6.3906 5.3125
v -1.0625 -2.4062 5.3125
v -3.1875 -2.4062 5.3125
v -2.125 -1.6094 5.3125
v -2.125 -3.2031 5.3125
v -4.7813 -7.7187 -2.9883
v -4.7813 -7.7187 -0.9961
v 2.3906 -9.3125 -1.5937
v 0.7969 -9.3125 -1.5937
v 1.5937 -9.3125 -0.7969
v 1.5937 -9.3125 -2.3906
v 3.1875 -5.5938 5.3125
v 1.0625 -5.5938 5.3125
v 2.125 -4.7969 5.3125
v 2.125 -6.3906 5.3125
v -5.3125 -3.8008 -3.1875
v -5.3125 -3.4023 -1.0625
v -4.25 -0.1484 -3.1875
v -4.25 -0.5469 -3.1875
v 4.7812 -7.7188 2.9883
v 4.7812 -7.7188 0.9961
v 0.8633 -8.7812 -3.7187
v 2.5898 -8.7812 -3.7187
v -2.9883 -7.7187 4.7812
v -0.9961 -7.7187 4.7812
v -2.125 0.25 3.1875
v -2.125 0.25 1.0625
v -1.0625 0.25 2.125
v -3.1875 0.25 2.125
v 5.3125 -3.4023 -1.0625
v 5.3125 -3.8008 -3.1875
v -3.1875 -0.5469 -4.25
v -1.0625 -0.5469 -4.25
v 4.25 -1.875 -3.1875
v 4.25 -2.2734 -3.1875
v -3.1875 0.25 1.0625
v -1.0625 0.25 1.0625
v -1.0625 0.25 3.1875
v 1.0625 -6.3906 5.3125
v 1.0625 -4.7969 5.3125
v 3.1875 -4.7969 5.3125
v 0.7969 -9.3125 -2.3906
v 0.7969 -9.3125 -0.7969
v 2.3906 -9.3125 -0.7969
v -3.1875 -3.2031 5.3125
v -3.1875 -1.6094 5.3125
v -1.0625 -1.6094 5.3125
v -3.1875 -6.3906 5.3125
v -3.1875 -4.7969 5.3125
v -1.0625 -4.7969 5.3125
v -2.3906 -9.3125 0.7969
v -2.3906 -9.3125 2.3906
v -0.7969 -9.3125 2.3906
v 0.7969 -9.3125 0.7969
v 0.7969 -9.3125 2.3906
v 2.3906 -9.3125 2.3906
v -2.3906 -9.3125 -2.3906
v -2.3906 -9.3125 -0.7969
v -0.7969 -9.3125 -0.7969
v 1.0625 -3.2031 5.3125
v 1.0625 -1.6094 5.3125
v 3.1875 -1.6094 5.3125
v 1.0625 0.25 1.0625
v 3.1875 0.25 1.0625
v 3.1875 0.25 3.1875
v 1.0625 0.25 -3.1875
v 3.1875 0.25 -3.1875
v 3.1875 0.25 -1.0625
v -3.1875 0.25 -3.1875
v -1.0625 0.25 -3.1875
v -1.0625 0.25 -1.0625
v -3.1875 0.25 -1.0625
v 1.0625 0.25 -1.0625
v 1.0625 0.25 3.1875
v 3.1875 -3.2031 5.3125
v -0.7969 -9.3125 -2.3906
v 2.3906 -9.3125 0.7969
v -0.7969 -9.3125 0.7969
v -1.0625 -6.3906 5.3125
v -1.0625 -3.2031 5.3125
v 2.3906 -9.3125 -2.3906
v 3.1875 -6.3906 5.3125
v -3.1875 0.25 3.1875
v -5.3125 -4.8965 3.1875
v -5.3125 -6.4238 3.1875
v -5.3125 -1.8418 3.1875
v -5.3125 -3.3691 3.1875
v 5.3125 -3.3691 3.1875
v 5.3125 -1.8418 3.1875
v 5.3125 -6.4238 3.1875
v 5.3125 -4.8965 3.1875
vt 0.7556 0.2143
vt 0.7333 0.1786
vt 0.7556 0.1786
vt 0.6444 0.8214
vt 0.6333 0.8571
vt 0.6333 0.8214
vt 0.1444 0.75
vt 0.1611 0.7143
vt 0.1611 0.75
vt 0.6 0.8214
vt 0.6222 0.8571
vt 0.6 0.8571
vt 0.4667 0.4018
vt 0.4444 0.3839
vt 0.4667 0.3884
vt 0.4222 0.8571
vt 0.4333 0.8214
vt 0.4333 0.8571
vt 0.4222 0.1875
vt 0.4333 0.2054
vt 0.4222 0.2321
vt 0.4944 0.0893
vt 0.5111 0.125
vt 0.4889 0.125
vt 0.6667 0.1339
vt 0.6667 0.1071
vt 0.6833 0.1161
vt 0.4944 0.3036
vt 0.4667 0.2679
vt 0.4889 0.2679
vt 0.4389 0.0893
vt 0.4222 0.125
vt 0.4111 0.0893
vt 0.65 0.2411
vt 0.6667 0.2143
vt 0.6667 0.25
vt 0.4 0.25
vt 0.4 0.2232
vt 0.6444 0.8929
vt 0.6389 0.9286
vt 0.6333 0.9107
vt 0.4333 0.8929
vt 0.4278 0.9286
vt 0.4222 0.9107
vt 0.7056 0.1607
vt 0.7 0.1964
vt 0.7 0.1607
vt 0.6333 0.1964
vt 0.6222 0.1696
vt 0.6278 0.1607
vt 0.4556 0.1518
vt 0.4778 0.1518
vt 0.4667 0.1741
vt 0.2111 0.75
vt 0.2278 0.7143
vt 0.2278 0.75
vt 0.9778 0.0625
vt 1 0.0893
vt 0.9778 0.0938
vt 0.1667 0.0268
vt 0.1556 0.0536
vt 0.1556 0.0268
vt 0.6833 0.2411
vt 0.6833 0.2054
vt 0.1556 0.1607
vt 0.1333 0.1429
vt 0.1556 0.1429
vt 0.1111 0.75
vt 0.1111 0.7857
vt 0.0944 0.75
vt 0.1444 0.7679
vt 0.0444 0.75
vt 0.0611 0.75
vt 0.2444 0.3482
vt 0.2222 0.375
vt 0.2222 0.3482
vt 0.1944 0.7857
vt 0.1944 0.75
vt 0.1556 0.125
vt 0.1333 0.1071
vt 0.1556 0.1071
vt 0.1111 0.1964
vt 0.0889 0.1786
vt 0.1111 0.1786
vt 0.4444 0.4933
vt 0.4222 0.4643
vt 0.4444 0.4554
vt 0.0889 0.1607
vt 0.1111 0.1607
vt 0.3944 0.9286
vt 0.3778 0.8929
vt 0.3944 0.8929
vt 0.7778 0.1429
vt 0.8 0.1071
vt 0.8 0.1429
vt 0.9333 0.1964
vt 0.9556 0.2232
vt 0.9333 0.2232
vt 0.7556 0.1429
vt 0.2222 0.0714
vt 0.2444 0.0357
vt 0.2444 0.0714
vt 0.8333 0.75
vt 0.8222 0.7321
vt 0.8333 0.7321
vt 0.7333 0.0714
vt 0.7556 0.1071
vt 0.7333 0.1071
vt 0.4667 0.0179
vt 0.4667 0.0089
vt 0.4944 0.0089
vt 0.8889 0.0714
vt 0.8667 0.0536
vt 0.8889 0.0536
vt 0.4944 0.0179
vt 0.5222 0.0536
vt 0.4944 0.0536
vt 0.4111 0.7143
vt 0.3944 0.75
vt 0.3944 0.7143
vt 0.6389 0.75
vt 0.6556 0.7857
vt 0.6389 0.7857
vt 0.8889 0.3571
vt 0.9111 0.3839
vt 0.8889 0.3839
vt 0.6556 0.75
vt 0.6667 0.7857
vt 0.1 0.0536
vt 0.0889 0.0893
vt 0.0889 0.0536
vt 0.1 0.0357
vt 0.0889 0.0357
vt 0.2444 0.5357
vt 0.2222 0.5
vt 0.2444 0.5
vt 0.6556 0.8214
vt 0.0778 0.75
vt 0.0944 0.7143
vt 0.0667 0.8929
vt 0.0833 0.8571
vt 0.0833 0.8929
vt 0.3778 0
vt 0.4 0.0357
vt 0.3778 0.0357
vt 0.7778 0.6071
vt 0.7944 0.6339
vt 0.7736 0.6339
vt 0.4667 1
vt 0.4444 0.9643
vt 0.4667 0.9643
vt 0.1278 0.75
vt 0.1361 0.7679
vt 0.3653 0.6875
vt 0.3778 0.7143
vt 0.3611 0.7143
vt 0.4028 0.6339
vt 0.4083 0.6339
vt 0.4056 0.6607
vt 0.6083 0.6875
vt 0.6167 0.6607
vt 0.6139 0.6875
vt 0.5778 0.6071
vt 0.5944 0.6339
vt 0.5736 0.6339
vt 0.0028 0.6339
vt 0.0083 0.6339
vt 0.0056 0.6607
vt 0.2056 0.6607
vt 0.2139 0.6875
vt 0.2083 0.6875
vt 0.2 0.3214
vt 0.2 0.3348
vt 0.1778 0.3214
vt 0.1778 0.4933
vt 0.2 0.4643
vt 0.2 0.5
vt 0.4222 0.6071
vt 0.4111 0.6071
vt 0.4111 0.5714
vt 0.2111 0.4643
vt 0.2111 0.5
vt 0.6 0.7143
vt 0.6222 0.75
vt 0.6 0.75
vt 0.8 0.0714
vt 0.8222 0.1071
vt 0.8 0.1071
vt 0.6222 0.0714
vt 0.6111 0.0536
vt 0.6222 0.0357
vt 0.8111 0.0536
vt 0.8222 0.0714
vt 0.2222 0.9286
vt 0.2056 0.9643
vt 0.2056 0.9286
vt 0.8 0.3571
vt 0.8111 0.375
vt 0.8 0.3929
vt 0.6 0.0714
vt 0.6222 0.1071
vt 0.6 0.1071
vt 0.6222 0.3571
vt 0.6111 0.375
vt 0.6 0.3571
vt 0.0111 0.5804
vt -0 0.6071
vt 0 0.5804
vt 0.7111 0.1429
vt 0.7333 0.1429
vt 0.8889 0.4821
vt 0.9111 0.4464
vt 0.9111 0.4821
vt 0.8 0.4821
vt 0.8222 0.4464
vt 0.8222 0.4821
vt 0.7 0.0982
vt 0.7111 0.0714
vt 0.7111 0.0982
vt 0.4389 0.3036
vt 0.4667 0.3036
vt 0.8 0.5982
vt 0.8111 0.5536
vt 0.8111 0.5982
vt 0.8889 0.3304
vt 0.8667 0.3036
vt 0.8889 0.3036
vt 0.6333 0.8036
vt 0.6222 0.7857
vt 0.7778 0.2143
vt 0.7778 0.1786
vt 0.8444 0.1875
vt 0.8222 0.1607
vt 0.8444 0.1562
vt 0.1444 0.0268
vt 0.1556 0
vt 0.9333 0.3304
vt 0.9556 0.3571
vt 0.9333 0.3571
vt 0.2111 0.0536
vt 0.2222 0.0357
vt 0.2222 0.0536
vt 0.2444 0.5714
vt 0.2222 0.6071
vt 0.2222 0.5714
vt 0.4111 0.9643
vt 0.3944 0.9643
vt 0.4333 0.7321
vt 0.4444 0.75
vt 0.4278 0.75
vt 0.4222 0.8036
vt 0.4222 0.8214
vt 0.4111 0.7857
vt 0.9333 0.1786
vt 0.9556 0.1964
vt 0.4222 0.8929
vt 0.6 0.9286
vt 0.6222 0.9643
vt 0.6 0.9643
vt 0.6 0.7857
vt 0.6444 0.6071
vt 0.6222 0.5804
vt 0.6444 0.5804
vt 0.1667 0.0536
vt 0.1556 0.0893
vt 0.6444 0.7321
vt 0.8389 0.4107
vt 0.8389 0.4464
vt 0.6444 0.0357
vt 0.6444 0.0714
vt 0.3944 0.8214
vt 0.3944 0.7857
vt 0.3944 1
vt 0.3778 0.9643
vt 0.6667 0.8214
vt 0.6556 0.8571
vt 0.6333 0.8929
vt 0.1444 0.0893
vt 0.8222 0.5536
vt 0.8389 0.5179
vt 0.8389 0.5536
vt 0.0611 0.7143
vt 0.9556 0.2768
vt 0.9333 0.3036
vt 0.9333 0.2768
vt 0.8333 0.5982
vt 0.8444 0.5536
vt 0.8444 0.5982
vt 0.6667 0.7143
vt 0.6556 0.7143
vt 0.1111 0.2143
vt 0.0889 0.1964
vt 0.8333 0.5536
vt 0.8667 0.0268
vt 0.8889 0.0268
vt 0.9889 0.3304
vt 0.9722 0.3571
vt 0.9722 0.3304
vt 0.8222 0.5982
vt 0.8389 0.4821
vt 0.1278 0.7143
vt 0.3944 0.8571
vt 0.4111 0.8214
vt 0.4111 0.8571
vt 0.9278 0.4464
vt 0.9278 0.4821
vt 0.6667 1
vt 0.6556 0.9643
vt 0.6667 0.9643
vt 0.3778 0.8571
vt 0.4222 1
vt 0.4278 0.9643
vt 0.4333 0.9821
vt 0.4444 0.7857
vt 0.4278 0.7857
vt 0.4444 0.9286
vt 0.4667 0.8571
vt 0.4444 0.8929
vt 0.4444 0.8571
vt 0.5333 0.2232
vt 0.5333 0.25
vt 0.5111 0.2321
vt 0.8667 0.8929
vt 0.9333 0.7857
vt 0.9333 0.8929
vt 0.4389 0.0179
vt 0.4667 0.0536
vt 0.4389 0.0536
vt 0.6333 1
vt 0.6389 0.9643
vt 0.6444 0.9821
vt 0.6667 0.9286
vt 0.6556 0.8929
vt 0.6667 0.8929
vt 0.85 0.3036
vt 0.8667 0.3304
vt 0.85 0.3304
vt 0.1556 0.8929
vt 0.1722 0.8571
vt 0.1722 0.8929
vt 0.6444 0.8571
vt 0.6222 0.8929
vt 0.6 0.8929
vt 0.2111 0.0893
vt 0.2222 0.0893
vt 0.1333 0.8929
vt 0.1556 0.8571
vt 0.7778 0.3571
vt 0.7778 0.3929
vt 0.7556 0.0714
vt 0.7778 0.1071
vt 0.1111 0.1429
vt 0.0889 0.125
vt 0.1111 0.125
vt 0.3778 0.7411
vt 0.3611 0.7411
vt 0.2222 0.8214
vt 0.2056 0.8571
vt 0.2056 0.8214
vt 0.8889 0.1518
vt 0.8667 0.1786
vt 0.8667 0.1518
vt 0.0444 0.1607
vt 0.0444 0.1786
vt 0.0889 0.2143
vt 0.0444 0.1964
vt 0.0889 0.2321
vt 0.0444 0.2143
vt 0.0889 0.1071
vt 0.0444 0.0893
vt 0.0444 0.1071
vt 0.0889 0.1429
vt 0.0444 0.125
vt 0.0444 0.1429
vt 0.6667 0.8571
vt 0.9556 0.3839
vt 0.9333 0.4107
vt 0.9333 0.3839
vt 0.8889 0.25
vt 0.9111 0.2768
vt 0.8889 0.2768
vt 0.1111 0.2321
vt 0.2444 0.9286
vt 0.2222 0.8929
vt 0.2444 0.8929
vt 0.8 0.0357
vt 0.7778 0.0714
vt 0.7778 0.0357
vt 0.1778 0.1786
vt 0.1778 0.1607
vt 0.2222 0.1607
vt 0.1778 0.1429
vt 0.2222 0.1429
vt 0.1778 0.125
vt 0.2222 0.125
vt 0.1778 0.1071
vt 0.2222 0.1071
vt 0.1778 0.0893
vt 0.1778 0.2321
vt 0.1778 0.2143
vt 0.2222 0.2143
vt 0.1778 0.1964
vt 0.2222 0.1964
vt 0.2222 0.1786
vt 0.9111 0.3036
vt 0.1444 0.7143
vt 0.6111 0.3929
vt 0.6222 0.4196
vt 0.6111 0.4196
vt 0.8667 0.0982
vt 0.8444 0.125
vt 0.8444 0.0938
vt 0.2111 0.5714
vt 0.2111 0.6071
vt 0.65 0.1607
vt 0.6667 0.1607
vt 0.6667 0.1875
vt 0.4889 0.1339
vt 0.4667 0.125
vt 0.65 0.1161
vt 0.3333 0.5
vt 0.3111 0.4643
vt 0.3333 0.4643
vt 0.6556 0.9286
vt 0.2111 0.7143
vt 0.8556 0.1964
vt 0.8222 0.0536
vt 0.8389 0.0536
vt 0.8444 0.0625
vt 0.7111 0.1696
vt 0.6333 0.1607
vt 0.6333 0.0714
vt 0.6222 0.0982
vt 0.1778 0.6071
vt 0.1944 0.6339
vt 0.1736 0.6339
vt 0.3111 0.4286
vt 0.3333 0.4286
vt 0.9556 0.3304
vt 1 0.1964
vt 0.9833 0.1964
vt 0.9778 0.1875
vt 0.8556 0.5536
vt 0.8722 0.5179
vt 0.8722 0.5536
vt 0.7333 0.5
vt 0.7111 0.4732
vt 0.7333 0.4732
vt 0.4222 0.5714
vt 0.4222 0.5357
vt 0.6667 0.0357
vt 0.6667 0.0714
vt 0.1889 0.9286
vt 0.2056 0.8929
vt 0.7333 0.6071
vt 0.7111 0.5804
vt 0.7333 0.5804
vt 0.3333 0.5714
vt 0.3111 0.6071
vt 0.3111 0.5714
vt 0.4111 0.5
vt 0.4111 0.4643
vt 0.9333 0.25
vt 0.9111 0.25
vt 0.1556 0.2143
vt 0.1333 0.1964
vt 0.1556 0.1964
vt 0.8333 0.6875
vt 0.8444 0.6429
vt 0.8444 0.6875
vt 0.0778 0.7143
vt 0.8556 0.4464
vt 0.8722 0.4107
vt 0.8722 0.4464
vt 0.8556 0.4821
vt 0.8722 0.4821
vt 0.8222 0.5179
vt 0.8667 -0
vt 0.8889 0
vt 0.3778 0.75
vt 0.3778 0.7857
vt 0.9444 0.4821
vt 0.9611 0.4464
vt 0.9611 0.4821
vt 0.9722 0.3036
vt 0.9556 0.3036
vt 0.8889 0.1964
vt 0.9111 0.1786
vt 0.9111 0.1964
vt 0.9333 0.1518
vt 0.9111 0.1518
vt 0.65 0.2054
vt 0.3111 0.4018
vt 0.3333 0.4018
vt 0.1556 0.2321
vt 0.1333 0.2143
vt 0.3333 0.375
vt 0.3111 0.3482
vt 0.3333 0.3482
vt 0.1333 0.0893
vt 0.1556 0.0893
vt 0.2444 0.4643
vt 0.2222 0.4286
vt 0.2444 0.4286
vt 0.4111 0.5357
vt 0.4 0.5357
vt 0.4 0.5
vt 0.4222 0.5
vt 0.2222 0.5357
vt 0.2 0.5714
vt 0.2 0.6071
vt 0.8667 0.2768
vt 0.9111 0.3571
vt 0.2944 0.8214
vt 0.3111 0.8482
vt 0.2944 0.8482
vt 0.9111 0.4107
vt 0.8667 0.25
vt 0.9556 0.25
vt 0.4111 0.0536
vt 0.3333 0.5357
vt 0.3111 0.5357
vt 0.4111 1
vt 0.8556 0.0536
vt 0.8389 0.1964
vt 0.8222 0.1964
vt 0.6 0.3929
vt 0.6 0.4196
vt 0.1694 0.6607
vt 0.1833 0.6875
vt 0.1653 0.6875
vt 0.9111 0.3304
vt 0.9667 0.1964
vt 0.9667 0.0536
vt 0.9556 0.0714
vt 0.9833 0.0536
vt 1 0.0536
vt 0.9889 0.3036
vt 0.4 0.4643
vt 0.9333 0.0268
vt 0.9111 0
vt 0.9333 0
vt 0.6333 0.125
vt 0.5111 0.1429
vt 0.5 0.1607
vt 0.4333 0.7143
vt 0.4222 0.7143
vt 0.0931 0.6875
vt 0.1111 0.6607
vt 0.1111 0.6875
vt 0.7111 0.125
vt 0.2 0.5357
vt 0.8111 0.6875
vt 0.8222 0.6429
vt 0.8222 0.6875
vt 0.6444 0.7143
vt 0.6333 0.7143
vt 0.8556 0.5179
vt 0.9333 0.0536
vt 0.9111 0.0268
vt 0.4111 0.75
vt 0.6222 0.9286
vt 0.9444 0.5179
vt 0.9611 0.5179
vt 0.5556 0.8571
vt 0.5333 0.8929
vt 0.5333 0.8571
vt 0.5333 0.1696
vt 0.5111 0.1875
vt 0.4111 0.9286
vt 0.9111 0.5179
vt 0.9278 0.5179
vt 0.8333 0.6429
vt 0.6 0.5268
vt 0.6111 0.5
vt 0.6111 0.5268
vt 0.4111 0.0179
vt 0.4667 0.0893
vt 0.8667 1
vt 0.9333 1
vt 0.8333 0.3036
vt 0.8333 0.3304
vt 0.6222 0.5
vt 0.6222 0.5268
vt 0.7333 1
vt 0.8 0.8929
vt 0.8 1
vt 0.1889 0.8929
vt 0.4889 0.1786
vt 0.5 0.2054
vt 0.4333 1
vt 0.0903 0.6339
vt 0.1111 0.6071
vt 0.1111 0.6339
vt 0.6222 0.125
vt 0.2111 0.5357
vt 0.2222 0.8571
vt 0.2444 0.8571
vt 0.1556 0.9286
vt 0.1722 0.9286
vt 0.6444 1
vt 0.1333 0.9286
vt 0.3778 0.8214
vt 0.6889 0.3571
vt 0.7111 0.3929
vt 0.6889 0.3929
vt 0.5111 0.9286
vt 0.5111 0.8929
vt 0.8667 0.3571
vt 0.85 0.3571
vt 0.3611 0.8214
vt 0.3778 0.8482
vt 0.3611 0.8482
vt 0.2944 0.7143
vt 0.3111 0.7411
vt 0.2944 0.7411
vt 0.5111 0.7857
vt 0.5333 0.75
vt 0.5333 0.7857
vt 0.9333 0.0982
vt 0.9111 0.125
vt 0.9111 0.0982
vt 0.1889 0.8214
vt 0.1722 0.8214
vt 0.1333 0.125
vt 0.7556 0.0357
vt 0.8333 0.3571
vt 0.7333 0.7857
vt 0.7333 0.8929
vt 0.8222 0.125
vt 0.8222 0.0893
vt 0.5333 0.9643
vt 0.5111 0.9643
vt 0.1778 0.75
vt 0.1944 0.7143
vt 0.6333 0.0982
vt 0.2222 0.4643
vt 0.1111 0.1071
vt 0.1111 0.0893
vt 0.2222 0.4018
vt 0.2444 0.4018
vt 0.5111 0.8214
vt 0.6444 0.5
vt 0.6222 0.4732
vt 0.6444 0.4732
vt 0.3778 0.9286
vt 0.1444 0.0536
vt 0.8889 0.0982
vt 0.8667 0.125
vt 0.8 0.6875
vt 0.8111 0.6429
vt 0.4222 0.2679
vt 0.4111 0.3036
vt 0.7 0.125
vt 0.8 0.5179
vt 0.8889 0.5179
vt 0.7111 0.1786
vt 0.0111 0.4732
vt 0 0.5
vt 0 0.4732
vt 0.0222 0.4732
vt 0.0111 0.5
vt 0.0222 0.5804
vt 0.0111 0.6071
vt 0.6 0.2143
vt 0.6222 0.25
vt 0.6 0.25
vt 0.1722 0.9643
vt 0.8 0.2143
vt 0.8222 0.25
vt 0.8 0.25
vt 0.5333 0.7143
vt 0.5111 0.75
vt 0.5111 0.7143
vt 0.2222 0.4643
vt 0.4 0.5714
vt 0.4 0.6071
vt 0.1778 0.5692
vt 0.0889 0.5603
vt 0.1111 0.5179
vt 0.1111 0.5625
vt 0.0889 0.4665
vt 0.1111 0.4286
vt 0.1111 0.4732
vt 0.1556 0.3348
vt 0.1778 0.3482
vt 0.1556 0.3527
vt 0.2 0.3795
vt 0.2 0.3929
vt 0.1778 0.3839
vt 0.1333 0.3214
vt 0.1111 0.3393
vt 0.1111 0.3214
vt 0.2194 0.6339
vt 0.2139 0.6339
vt 0.2083 0.6339
vt 0.2028 0.6339
vt 0.0083 0.6875
vt 0.0139 0.6875
vt 0.0111 0.7143
vt 0.0139 0.6339
vt 0.0194 0.6339
vt 0.0167 0.6607
vt 0.5694 0.6607
vt 0.5833 0.6875
vt 0.5653 0.6875
vt 0.4931 0.6875
vt 0.5111 0.6607
vt 0.5111 0.6875
vt 0.4903 0.6339
vt 0.5111 0.6071
vt 0.5111 0.6339
vt 0.6111 0.6071
vt 0.6194 0.6339
vt 0.6139 0.6339
vt 0.6083 0.6339
vt 0.6028 0.6339
vt 0.4083 0.6875
vt 0.4139 0.6875
vt 0.4139 0.6339
vt 0.4194 0.6339
vt 0.4167 0.6607
vt 0.3111 0.6875
vt 0.2931 0.6875
vt 0.3111 0.6339
vt 0.2917 0.6607
vt 0.2903 0.6339
vt 0.3736 0.6339
vt 0.3889 0.6607
vt 0.3694 0.6607
vt 0.1444 0.7857
vt 0.1111 0.8214
vt 0.5556 1
vt 0.5556 0.9643
vt 0.7694 0.6607
vt 0.7833 0.6875
vt 0.7653 0.6875
vt 0.6931 0.6875
vt 0.7111 0.6607
vt 0.7111 0.6875
vt 0.6903 0.6339
vt 0.7111 0.6071
vt 0.7111 0.6339
vt 0.2889 0
vt 0.3111 0.0357
vt 0.2889 0.0357
vt 0.1 0.8929
vt 0.1167 0.8571
vt 0.1167 0.8929
vt 0.1 0.9286
vt 0.1167 0.9286
vt 0.0667 0.9286
vt 0.0833 0.9286
vt 0.1111 0.7143
vt 0.3111 0.5
vt 0.8889 0.4107
vt 0.8667 0.3839
vt 0.8667 0.4107
vt 0.5222 0.0893
vt 0.9333 0.0714
vt 0.9111 0.0536
vt 0.4944 0
vt 0.5222 -0
vt 0.4667 0
vt 0.4389 0.0089
vt 0.4389 0
vt 0.3111 0.0714
vt 0.3333 0.0357
vt 0.3333 0.0714
vt 0.3111 0.2143
vt 0.3333 0.1786
vt 0.3333 0.2143
vt 0.2222 0.2143
vt 0.2444 0.1786
vt 0.2444 0.2143
vt 0.9333 0.25
vt 0.8889 0.2232
vt 0.9111 0.25
vt 0.8889 0.25
vt 0.9111 0.2232
vt 0.8 0.1786
vt 0.4111 0.8929
vt 0.1556 0.1786
vt 0.1333 0.1607
vt 0.5333 0.4665
vt 0.5111 0.4286
vt 0.5333 0.4196
vt 0.5333 0.5603
vt 0.5111 0.5179
vt 0.5333 0.5134
vt 0.4444 0.5692
vt 0.4444 0.5312
vt 0.1333 0.1786
vt 0.1778 0.7857
vt 0.1778 0.8214
vt 0.1611 0.7857
vt 0.2444 0.8214
vt 0.2278 0.7857
vt 0.0944 0.7857
vt 0.7 0.2321
vt 0.1667 0
vt 0.9778 0.1562
vt 1 0.125
vt 1 0.1607
vt 0.9556 0.1518
vt 0.9778 0.125
vt 0.9556 0.0982
vt 0.2444 0.7143
vt 0.2444 0.75
vt 0.4778 0.2321
vt 0.4667 0.2143
vt 0.4778 0.1964
vt 0.4556 0.2321
vt 0.4556 0.1964
vt 0.4444 0.1786
vt 0.4 0.1964
vt 0.4 0.1696
vt 0.6333 0.2321
vt 0.4444 0.125
vt 0.5111 0.2679
vt 0.5222 0.3036
vt 0.6833 0.1607
vt 0.4444 0.1339
vt 0.4333 0.1607
vt 0.4222 0.1429
vt 0.4667 0.3705
vt 0.4667 0.3348
vt 0.4444 0.3214
vt 0.4667 0.3214
vt 0.4889 0.3929
vt 0.5111 0.3661
vt 0.5111 0.3839
vt 0.5111 0.8571
vt 0.1778 0.7143
vt 0.4667 0.8214
vt 0.4889 0.8571
vt 0.5333 0.375
vt 0.5333 0.3482
vt 0.5111 0.3393
vt 0.4889 0.3214
vt 0.5111 0.3214
vt 0.5556 0.3661
vt 0.4222 0.3348
vt 0.4 0.3214
vt 0.4222 0.3214
vt 0.4222 0.3482
vt 0.4 0.3482
vt 0.4222 0.3616
vt 0.4667 0.3527
vt 0.4444 0.3482
vt 0.4222 0.3795
vt 0.4 0.375
vt 0.4444 0.25
vt 0.4889 0.25
vt 0.9556 0.125
vt 0.9556 0.1786
vt 0.4889 0.5647
vt 0.4667 0.5268
vt 0.4889 0.5223
vt 0.4889 0.6071
vt 0.4667 0.567
vt 0.4444 0.6071
vt 0.5778 0.5045
vt 0.6 0.5
vt 0.6 0.5804
vt 0.5778 0.5558
vt 0.6 0.5536
vt 0.5333 0.6071
vt 0.5111 0.5625
vt 0.5778 0.4018
vt 0.6 0.4732
vt 0.5778 0.4531
vt 0.6 0.4464
vt 0.5111 0.4732
vt 0.8667 0.1964
vt 0.8667 0.2232
vt 0.2667 0.2143
vt 0.2889 0.1786
vt 0.2889 0.2143
vt 0.2667 0.2857
vt 0.2889 0.25
vt 0.2889 0.2857
vt 0.2222 0.2857
vt 0.2444 0.25
vt 0.2444 0.2857
vt 0.3556 0.2143
vt 0.3778 0.1786
vt 0.3778 0.2143
vt 0.3556 0.2857
vt 0.3778 0.25
vt 0.3778 0.2857
vt 0.3111 0.2857
vt 0.3333 0.25
vt 0.3333 0.2857
vt 0.3556 0.0714
vt 0.3778 0.0714
vt 0.3556 0.1429
vt 0.3778 0.1071
vt 0.3778 0.1429
vt 0.3111 0.1429
vt 0.3333 0.1071
vt 0.3333 0.1429
vt 0.9556 0.0536
vt 0.3778 0.5357
vt 0.3556 0.5
vt 0.3778 0.5
vt 0.1333 0.8571
vt 0.2444 0
vt 0.2667 0.0357
vt 0.6917 0.6607
vt 0.6528 0.6607
vt 0.6694 0.6339
vt 0.6722 0.6607
vt 0.6486 0.6339
vt 0.6667 0.6071
vt 0.6944 0.7143
vt 0.7111 0.7143
vt 0.6611 0.7143
vt 0.675 0.6875
vt 0.6778 0.7143
vt 0.6569 0.6875
vt 0.7778 0.7143
vt 0.7611 0.7143
vt 0.7292 0.6875
vt 0.7444 0.7143
vt 0.7278 0.7143
vt 0.7306 0.6607
vt 0.7472 0.6875
vt 0.6 1
vt 0.5778 0.9643
vt 0.3319 0.6339
vt 0.35 0.6607
vt 0.3306 0.6607
vt 0.3333 0.6071
vt 0.3528 0.6339
vt 0.3778 0.6071
vt 0.3944 0.6339
vt 0.2694 0.6339
vt 0.2528 0.6607
vt 0.2486 0.6339
vt 0.2667 0.6071
vt 0.2444 0.6071
vt 0.2889 0.6071
vt 0.275 0.6875
vt 0.2611 0.7143
vt 0.2569 0.6875
vt 0.2722 0.6607
vt 0.3111 0.6607
vt 0.6056 0.6607
vt 0.4917 0.6607
vt 0.4528 0.6607
vt 0.4694 0.6339
vt 0.4722 0.6607
vt 0.4486 0.6339
vt 0.4667 0.6071
vt 0.4944 0.7143
vt 0.5111 0.7143
vt 0.4611 0.7143
vt 0.475 0.6875
vt 0.4778 0.7143
vt 0.4569 0.6875
vt 0.5778 0.7143
vt 0.5611 0.7143
vt 0.5292 0.6875
vt 0.5444 0.7143
vt 0.5278 0.7143
vt 0.5306 0.6607
vt 0.5472 0.6875
vt 0.0222 0.6071
vt 0.2167 0.6607
vt 0.0889 0.3214
vt 0.0889 0.3482
vt 0.1333 0.3571
vt 0.1111 0.3839
vt 0.1111 0.3661
vt 0.0667 0.3214
vt 0.1556 0.3884
vt 0.1556 0.4018
vt 0.1333 0.3929
vt 0.2 0.4062
vt 0.2 0.4196
vt 0.1778 0.4107
vt 0.1556 0.3705
vt 0.2 0.3616
vt 0.0889 0.5134
vt 0.0222 0.5
vt 0.0444 0.5045
vt 0.0222 0.4464
vt 0.0222 0.4196
vt 0.0444 0.4531
vt 0.0889 0.6071
vt 0.0444 0.6071
vt 0.0222 0.5536
vt 0.0222 0.5268
vt 0.0444 0.5558
vt 0.1333 0.6071
vt 0.1556 0.567
vt 0.1556 0.6071
vt 0.1333 0.5647
vt 0.1556 0.5268
vt 0.4889 0.7143
vt 0.4667 0.75
vt 0.4667 0.7143
vt 0.8 0.2857
vt 0.8222 0.3214
vt 0.8 0.3214
vt 0.1556 0.9643
vt 0.6 0.2857
vt 0.6222 0.3214
vt 0.6 0.3214
vt 0.0111 0.5268
vt 0.0111 0.4196
vt 0.0111 0.4464
vt 0 0.4196
vt 0.8 0.7321
vt 0.8111 0.7321
vt 0.8667 0.0714
vt 0.9111 0.0714
vt 0.8889 0.125
vt 0.6444 0.4464
vt 0.6444 0.4196
vt 0.6889 0.4464
vt 0.6667 0.4196
vt 0.6889 0.4196
vt 0.6889 0.5
vt 0.6667 0.4732
vt 0.6889 0.4732
vt 0.4889 0.7857
vt 0.4667 0.7857
vt 0.2444 0.375
vt 0.2889 0.4018
vt 0.2667 0.375
vt 0.2889 0.375
vt 0.2889 0.4286
vt 0.2667 0.4018
vt 0.2889 0.5
vt 0.2667 0.4643
vt 0.2889 0.4643
vt 0.4667 0.9286
vt 0.4889 0.9643
vt 0.6667 0.8929
vt 0.1556 0.8214
vt 0.9333 0.125
vt 0.4889 0.75
vt 0.2944 0.7679
vt 0.3111 0.7946
vt 0.2944 0.7946
vt 0.2611 0.7679
vt 0.2778 0.7946
vt 0.2611 0.7946
vt 0.2778 0.7411
vt 0.2611 0.7411
vt 0.3611 0.875
vt 0.3778 0.9018
vt 0.3611 0.9018
vt 0.3278 0.875
vt 0.3444 0.9018
vt 0.3278 0.9018
vt 0.3278 0.8214
vt 0.3444 0.8482
vt 0.3278 0.8482
vt 0.4889 0.8929
vt 0.4667 0.8929
vt 0.6444 0.3571
vt 0.6667 0.3929
vt 0.6444 0.3929
vt 0.0917 0.6607
vt 0.0528 0.6607
vt 0.0694 0.6339
vt 0.0722 0.6607
vt 0.0486 0.6339
vt 0.0667 0.6071
vt 0.6111 0.5536
vt 0.6111 0.5804
vt 0.2889 0.5357
vt 0.2667 0.5714
vt 0.2667 0.5357
vt 0.5778 0.8929
vt 0.5778 0.8571
vt 0.9778 0.4821
vt 0.9778 0.5179
vt 0.9556 0.0268
vt 0.0944 0.7143
vt 0.0611 0.7143
vt 0.075 0.6875
vt 0.0778 0.7143
vt 0.0569 0.6875
vt 0.9556 -0
vt 0.1611 0.7143
vt 0.1292 0.6875
vt 0.1444 0.7143
vt 0.1278 0.7143
vt 0.1306 0.6607
vt 0.1472 0.6875
vt 0.6111 0.4732
vt 0.3556 0.5714
vt 0.3556 0.5357
vt 0.2944 0.875
vt 0.3111 0.9018
vt 0.2944 0.9018
vt 0.2611 0.875
vt 0.2778 0.9018
vt 0.2611 0.9018
vt 0.2611 0.8214
vt 0.2778 0.8482
vt 0.2611 0.8482
vt 0.2667 0.4286
vt 0.3333 0.3214
vt 0.3111 0.3214
vt 0.3778 0.3482
vt 0.3556 0.3214
vt 0.3778 0.3214
vt 0.3556 0.375
vt 0.3556 0.3482
vt 0.3111 0.375
vt 0.3778 0.375
vt 0.3556 0.4018
vt 0.3778 0.4286
vt 0.3778 0.4018
vt 0.8889 0.1786
vt 0.9778 0.4464
vt 0.8889 0.4464
vt 0.8889 0.4107
vt 0.8444 0.7321
vt 0.3778 0.5714
vt 0.3556 0.6071
vt 0.7333 0.5536
vt 0.7111 0.5268
vt 0.7333 0.5268
vt 0.7778 0.5536
vt 0.7556 0.5268
vt 0.7778 0.5268
vt 0.7556 0.5804
vt 0.7778 0.5804
vt 0.7333 0.4464
vt 0.7111 0.4196
vt 0.7333 0.4196
vt 0.7778 0.4464
vt 0.7556 0.4196
vt 0.7778 0.4196
vt 0.7778 0.5
vt 0.7556 0.4732
vt 0.7778 0.4732
vt 0.8889 0.5536
vt 0.3778 0.4643
vt 0.3556 0.4286
vt 0.1889 0.6607
vt 0.1319 0.6339
vt 0.15 0.6607
vt 0.1528 0.6339
vt 0.3556 0.4643
vt 0.6111 0.4464
vt 0.1333 0.2321
vt 0.1889 0.8571
vt 0.3611 0.7679
vt 0.3778 0.7946
vt 0.3611 0.7946
vt 0.3278 0.7679
vt 0.3444 0.7946
vt 0.3278 0.7946
vt 0.3278 0.7143
vt 0.3444 0.7411
vt 0.3278 0.7411
vt 0.7333 0.3571
vt 0.7556 0.3929
vt 0.7333 0.3929
vt 0.5556 0.9286
vt 0.5556 0.8929
vt 0.8 0.7857
vt 0.9444 0.4464
vt 0.5778 0.7857
vt 0.5556 0.8214
vt 0.5556 0.7857
vt 0.8556 0.4107
vt 0.6444 0.5536
vt 0.6444 0.5268
vt 0.6889 0.5536
vt 0.6667 0.5268
vt 0.6889 0.5268
vt 0.6889 0.6071
vt 0.6667 0.5804
vt 0.6889 0.5804
vt 0.5778 0.75
vt 0.2889 0.5714
vt 0.8 0.6429
vt 0.0111 0.5536
vt 0 0.5268
vt 0.6 0.1429
vt 0.6222 0.1786
vt 0.6 0.1786
vt 0.1889 0.9643
vt 0.8 0.1429
vt 0.8222 0.1786
vt 0.8 0.1786
vt 0.5778 0.7143
vt 0.5556 0.75
vt 0.5556 0.7143
vt 0.1778 0.5312
vt 0.1333 0.5223
vt 0.1556 0.4866
vt 0.1333 0.4799
vt 0.1556 0.4464
vt 0.1556 0.3214
vt 0.2 0.3482
vt 0.5889 0.6607
vt 0.5319 0.6339
vt 0.55 0.6607
vt 0.5528 0.6339
vt 0.6111 0.7143
vt 0.3292 0.6875
vt 0.3444 0.7143
vt 0.3472 0.6875
vt 0.3833 0.6875
vt 0.5111 1
vt 0.7889 0.6607
vt 0.7319 0.6339
vt 0.75 0.6607
vt 0.7528 0.6339
vt 0.3333 0
vt 0.3556 0.0357
vt 0.1 0.8571
vt 0.2667 0.5
vt 0.2667 0.0714
vt 0.2889 0.0714
vt 0.2667 0.1429
vt 0.2889 0.1071
vt 0.2889 0.1429
vt 0.2222 0.1429
vt 0.2444 0.1071
vt 0.2444 0.1429
vt 0.4889 0.4799
vt 0.4667 0.4464
vt 0.4889 0.4375
vt 0.4667 0.4866
vt 0.2222 0.3214
vt 0.2444 0.3214
vt 0.2889 0.3482
vt 0.2667 0.3214
vt 0.2889 0.3214
vt 0.2667 0.3482
vt 0.4222 0.3929
vt 0.4222 0.4062
vt 0.4 0.4018
vt 0.4222 0.4196
vt 0.5333 0.8214
vt 0.4444 0.4107
vt 0.2667 0.1071
vt 0.2667 0.1786
vt 0.2222 0.1786
vt 0.3111 0.1071
vt 0.3111 0.1786
vt 0.3111 0
vt 0.5333 1
vt 0.3111 0.7143
vt 0.1333 0.4375
vt 0.8222 0.2143
vt 0.6222 0.2143
vt 0.5333 0.9286
vt 0.6667 0.5536
vt 0.7111 0.5536
vt 0.6667 0.5
vt 0.7111 0.5
vt 0.7111 0.3571
vt 0.3444 0.7679
vt 0.3111 0.7679
vt 0.3444 0.8214
vt 0.3111 0.8214
vt 0.3778 0.8214
vt 0.4 0.4643
vt 0.4 0.4286
vt 0.7556 0.4464
vt 0.8 0.4732
vt 0.8 0.4464
vt 0.8 0.5
vt 0.8 0.4196
vt 0.7556 0.5536
vt 0.8 0.5804
vt 0.8 0.5536
vt 0.8 0.6071
vt 0.7556 0.5
vt 0.8 0.5268
vt 0.2778 0.875
vt 0.2444 0.8482
vt 0.2444 0.875
vt 0.2444 0.8214
vt 0.2778 0.9286
vt 0.2611 0.9286
vt 0.2444 0.9018
vt 0.3111 0.9286
vt 0.2944 0.9286
vt 0.0389 0.6875
vt 0.0444 0.7143
vt 0.6 0.6071
vt 0.6222 0.6071
vt 0.0278 0.6339
vt 0.0333 0.6607
vt 0.6222 0.3929
vt 0.3444 0.875
vt 0.3111 0.875
vt 0.3444 0.9286
vt 0.3278 0.9286
vt 0.3611 0.9286
vt 0.2778 0.7679
vt 0.2444 0.7411
vt 0.2444 0.7679
vt 0.2778 0.8214
vt 0.2444 0.7946
vt 0.4444 0.8214
vt 0.6667 0.4464
vt 0.7111 0.4464
vt 0.0111 0.3929
vt -0 0.3929
vt 0.0222 0.3929
vt 0.8222 0.3571
vt 0.4444 0.7143
vt 0.0444 0.5301
vt 0.0667 0.5089
vt 0.0444 0.5815
vt 0.0667 0.558
vt 0.0444 0.4275
vt 0.0444 0.4018
vt 0.0667 0.4107
vt 0.0444 0.4788
vt 0.0667 0.4598
vt 0.0667 0.3661
vt 0.0889 0.375
vt 0.0444 0.3571
vt 0.0444 0.3214
vt 0.4389 0.6875
vt 0.4278 0.6339
vt 0.4333 0.6607
vt 0.2389 0.6875
vt 0.2333 0.6607
vt 0.2278 0.6339
vt 0.6222 1
vt 0.6389 0.6875
vt 0.6278 0.6339
vt 0.6333 0.6607
vt 0.2222 0
vt 0.3556 0.1071
vt 0.3556 0.1786
vt 0.4 0.1071
vt 0.4 0.1429
vt 0.4 0.1786
vt 0.4 0.0714
vt 0.3556 0.25
vt 0.4 0.25
vt 0.4 0.2857
vt 0.4 0.2143
vt 0.2667 0.25
vt 0.3111 0.25
vt 0.5556 0.5089
vt 0.5556 0.4598
vt 0.5778 0.4788
vt 0.5778 0.4275
vt 0.5556 0.4107
vt 0.5556 0.6071
vt 0.5556 0.558
vt 0.5778 0.5815
vt 0.5778 0.5301
vt 0.4889 0.3571
vt 0.5556 0.3214
vt 0.5333 0.3214
vt 0.5778 0.3571
vt 0.5778 0.3214
vt 0.4889 0.8214
vt 0.2222 0.25
vt 0.2667 0
vt 0.5778 1
vt 0.2778 0.7143
vt 0.0889 0.4196
vt 0.8222 0.2857
vt 0.6222 0.2857
vt 0 0.4464
vt 0.6222 0.4464
vt 0.4889 0.9286
vt 0.3778 0.875
vt 0.6667 0.3571
vt 0.6222 0.5536
vt 0.7556 0.6071
vt 0.3778 0.7679
vt 0.7556 0.3571
vt 0.5778 0.9286
vt 0.5778 0.8214
vt 0 0.5536
vt 0.6222 0.1429
vt 0.8222 0.1429
vt 0.1778 0.4554
vt 0.4889 1
vt 0.3556 0
vt 0.2222 0.1071
vt 0.7333 0.2143
vt 0.6222 0.8214
vt 0.8222 0.75
vt 0.5222 0.0179
vt 0.6667 0.75
vt 0.1 0.0893
vt 0.0667 0.8571
vt 0.4 0
vt 0.4444 1
vt 0.6222 0.7143
vt 0.2222 0.9643
vt 0.7111 0.1071
vt 0.8 0.4464
vt 0.7 0.0714
vt 0.4444 0.2679
vt 0.8 0.5536
vt 0.1444 0
vt 0.2111 0.0357
vt 0.1667 0.0893
vt 0.8222 0.4107
vt 0.3778 1
vt 0.9889 0.3571
vt 0.6556 1
vt 0.5333 0.1964
vt 0.8667 0.7857
vt 0.9556 0.4107
vt 0.7111 0.2143
vt 0.5333 0.1429
vt 0.4111 -0
vt 0.4 0.1429
s 1
f 1721/1778 1727/1779 1723/1780
f 1814/1781 1808/1782 1807/1783
f 1709/1784 2064/1785 1935/1786
f 2496/1787 1808/1788 2493/1789
f 2497/1790 2419/1791 2673/1792
f 1800/1793 1803/1794 1804/1795
f 1911/1796 2271/1797 1691/1798
f 1942/1799 1688/1800 1914/1801
f 2270/1802 1705/1803 1925/1804
f 1920/1805 1690/1806 1916/1807
f 1913/1808 1692/1809 1685/1810
f 1929/1811 1704/1812 1699/1813
f 1691/1798 1683/1814 2215/1815
f 1878/1816 2052/1817 2021/1818
f 1867/1819 2110/1820 2046/1821
f 1921/1822 1700/1823 1922/1824
f 1698/1825 1923/1826 1924/1827
f 2168/1828 2268/1829 2466/1830
f 1711/1831 2063/1832 1939/1833
f 2003/1834 2220/1835 2413/1836
f 2086/1837 1733/1838 1949/1839
f 2081/1840 1704/1812 1927/1841
f 2283/1842 2123/1843 2293/1844
f 1708/1845 1933/1846 1932/1847
f 2159/1848 1896/1849 1930/1850
f 2793/1851 2068/1852 2302/1853
f 1711/1831 1938/1854 1937/1855
f 2291/1856 2121/1857 2289/1858
f 2323/1859 1823/1860 2322/1861
f 2792/1862 1775/1863 2604/1864
f 2322/1861 1821/1865 2321/1866
f 2109/1867 1859/1868 2042/1869
f 2082/1870 1712/1871 1940/1872
f 2225/1873 1991/1874 2406/1875
f 2082/1870 1719/1780 1941/1876
f 2587/1877 2468/1878 2844/1879
f 1847/1880 1850/1881 1849/1882
f 1724/1883 1722/1884 1726/1885
f 1730/1886 2401/1887 1946/1888
f 2216/1889 1782/1890 2211/1891
f 1946/1892 1943/1893 2155/1894
f 1800/1895 1906/1896 2009/1897
f 2019/1898 1812/1899 2020/1900
f 2104/1901 2005/1902 2154/1903
f 1811/1904 1816/1905 1812/1899
f 1748/1906 1741/1907 1743/1908
f 1750/1909 1743/1908 1745/1910
f 2477/1911 1752/1912 2469/1913
f 1816/1905 1814/1914 1812/1899
f 1707/1915 2065/1916 1932/1847
f 2113/1917 2299/1918 2400/1919
f 2631/1920 1675/1921 2576/1922
f 2515/1923 2192/1924 2785/1925
f 2626/1926 1870/1927 2625/1928
f 1933/1846 1934/1929 2151/1930
f 2784/1931 1759/1932 2614/1933
f 2194/1934 2389/1935 1962/1936
f 2255/1937 1965/1938 2256/1939
f 2516/1940 2193/1941 2781/1942
f 2192/1943 2381/1944 1960/1945
f 1968/1946 2207/1947 2246/1948
f 2470/1949 2779/1950 2167/1951
f 2777/1952 1774/1953 2202/1954
f 1769/1955 1963/1956 1976/1957
f 1774/1953 1979/1958 1978/1959
f 2493/1960 1810/1961 2495/1962
f 1756/1963 2489/1964 2630/1965
f 1755/1966 1983/1967 1757/1968
f 1756/1963 1979/1969 1774/1970
f 1883/1971 2297/1972 2319/1973
f 1778/1974 1981/1975 1766/1976
f 1775/1977 2601/1978 2604/1979
f 1777/1980 1985/1981 1776/1982
f 2656/1983 1768/1984 2488/1985
f 2085/1986 1726/1885 1945/1987
f 2030/1988 1837/1989 2033/1990
f 2034/1991 1839/1992 2028/1993
f 1925/1994 1701/1995 1928/1996
f 1915/1997 1690/1806 1686/1998
f 2252/1999 1844/2000 2175/2001
f 2146/2002 1792/2003 2000/2004
f 1999/2005 1807/1783 1809/2006
f 1713/2007 1719/1780 1715/2008
f 1995/2009 2165/2010 2369/2011
f 2087/2012 1745/2013 1951/1839
f 2144/2014 1855/2015 2041/2016
f 1739/2017 1735/2018 1734/2019
f 2549/2020 1764/2021 1955/2022
f 2109/1867 1866/2023 2026/2024
f 2010/2025 1806/2026 2011/2027
f 2012/2028 1799/2029 1801/2030
f 2316/2031 1779/2032 2225/1873
f 1868/1795 1863/2033 1864/1793
f 2504/2034 1874/2035 2502/2036
f 2492/2037 1810/1961 1809/2006
f 2633/2038 2481/2039 2843/2040
f 1738/2041 1731/2042 1733/1838
f 2018/2043 1811/1904 2019/1898
f 1839/1992 2234/2044 2259/2045
f 1755/1966 1950/2046 2071/2047
f 1809/2006 2496/1787 2492/2037
f 1801/2030 2007/2048 2008/2049
f 2043/2050 1862/2051 2026/2024
f 1818/2052 1813/2053 1814/1914
f 2021/1818 1871/2054 1878/1816
f 1747/2055 1744/1838 1742/2042
f 1819/2056 2260/2057 2317/2058
f 1896/1849 2062/2059 1930/1850
f 2106/2060 2024/2061 2141/2062
f 2290/2063 1843/2064 2252/2065
f 1817/2066 1811/1904 1813/2067
f 2324/2068 1825/2069 2323/1859
f 2290/2063 1846/2056 1845/2070
f 2211/1891 1989/2071 2360/2072
f 2108/2073 2036/2074 2139/2075
f 2175/2001 1846/2056 2170/2076
f 2028/1993 2259/2045 2359/2077
f 1708/1845 2061/2078 1934/1929
f 2009/2079 1799/2080 1800/2081
f 2033/1990 2233/2082 2357/2083
f 2084/1876 1727/1779 1945/1987
f 1881/2084 1875/2085 1879/2086
f 2043/2079 1859/1868 1860/2087
f 1906/1896 1801/2030 2008/2049
f 1864/2088 2044/2089 2045/2090
f 2046/1821 1863/2033 1867/1819
f 2011/2027 1805/2091 2013/2092
f 1869/2093 2044/2089 2110/1820
f 2626/2094 1867/2095 1868/2096
f 2308/2097 1682/2098 1689/2099
f 2354/2100 1891/2101 2060/2102
f 1947/2103 1944/2104 2135/2105
f 1872/2106 2050/2107 2051/2108
f 1880/2109 1878/2110 1882/2111
f 2098/2112 1993/2113 2134/2114
f 2058/2115 2251/2116 2353/2117
f 1877/2118 1871/2054 1872/1782
f 1871/2119 2504/2034 2518/2120
f 1737/2121 1734/2019 1732/2122
f 2056/2123 1885/2124 2058/2115
f 2513/2125 1766/1976 2480/2126
f 1716/2127 1714/2128 1718/1884
f 2328/2129 1833/2130 2327/2131
f 2614/1933 2591/2132 2842/2133
f 1887/2134 2298/2135 2299/2136
f 2456/2137 1784/2138 2178/2139
f 1821/1865 1823/1860 1895/2140
f 1823/1860 1825/2069 1895/2141
f 1825/2069 1827/2142 1895/2143
f 1827/2142 1829/2144 1895/2145
f 1829/1907 1831/2146 1895/2147
f 1831/2146 1833/2130 1895/2148
f 1833/2130 1835/2149 1895/2150
f 1835/2149 1821/1865 1895/2151
f 1881/2152 1878/2110 1877/2053
f 2036/2153 2039/2154 2130/2155
f 2102/2156 2001/2157 2129/2158
f 2325/2159 1827/2142 2324/2068
f 1888/2160 2055/2161 2113/2162
f 1758/2163 1908/2164 1980/2165
f 1824/2166 1822/2167 1903/2168
f 1822/2167 1836/2169 1903/2170
f 1836/2169 1834/2171 1903/2172
f 1834/2171 1832/2173 1903/2174
f 1832/2173 1830/2175 1903/2122
f 1830/2176 1828/2177 1903/2178
f 1828/2177 1826/2179 1903/2180
f 1826/2179 1824/2166 1903/2181
f 2141/2062 1852/2182 2023/2157
f 1934/1929 1900/2183 1709/1784
f 1985/2184 2612/2185 2644/2186
f 1855/2015 2130/2155 2041/2016
f 2218/2187 2145/2188 2368/2189
f 2094/2190 1955/2022 1971/2191
f 1955/2022 1764/2021 1971/2191
f 2127/2192 2078/2193 2309/2194
f 1914/2195 2268/1829 1693/2196
f 2080/2197 1705/1803 2270/1802
f 2478/2198 2125/2199 2536/2200
f 1875/2085 2052/1817 1876/2201
f 1937/1855 1898/2202 1711/1831
f 1780/2203 1995/2009 1784/2138
f 1681/2204 1989/2205 2099/2206
f 2076/2207 1700/1823 1921/1822
f 1924/1827 2077/2208 1698/1825
f 1705/2209 1926/2210 1701/1966
f 2484/2211 2199/2212 2767/2213
f 2536/2200 2070/2214 2525/2215
f 2024/2061 2035/2216 2144/2014
f 1678/2217 1991/2218 2103/2219
f 2107/2220 2231/2221 2279/2222
f 1809/2006 2020/1900 1999/2005
f 2546/2223 2651/2224 2841/2225
f 2314/2226 1976/1957 2092/2227
f 2071/2047 1753/2228 1751/2229
f 2112/2230 2352/2231 2319/1973
f 2619/2232 2652/2233 2840/2234
f 2550/2235 2088/2236 2143/2237
f 2093/2238 1983/2239 1775/1863
f 2105/2240 2023/2157 1854/2241
f 2287/2242 2118/2243 2286/2244
f 2240/2245 2022/2246 2229/2247
f 1930/1850 1902/2248 1707/1915
f 2031/2249 2233/2250 2236/2251
f 2138/2252 2236/2251 2358/2253
f 1840/2254 2359/2077 2260/2057
f 2360/2072 1681/2255 2212/2256
f 1798/2257 2008/2049 1797/2258
f 2137/2259 2234/2260 2356/2261
f 1864/2081 2042/1869 2043/2079
f 1722/1884 1945/1987 1726/1885
f 2106/2262 2035/2216 1856/2263
f 2219/2264 2101/2265 1998/2266
f 2452/2267 2101/2265 2347/2268
f 1698/1825 2127/2192 2079/2269
f 2525/2215 2332/2270 2757/2271
f 2288/2272 2119/2273 2287/2242
f 2534/2274 2331/2275 2755/2276
f 2289/1858 2120/2277 2288/2278
f 2535/2279 1756/2280 2511/2281
f 2336/2282 1753/2283 2093/2238
f 2092/2227 2336/2282 2093/2238
f 1753/2283 1950/2284 2093/2238
f 2276/2285 2093/2238 1775/1863
f 1754/2286 1955/2022 2094/2190
f 2258/2287 2094/2190 1772/2288
f 2098/2289 2000/2004 1792/2003
f 2041/2016 2038/1902 1851/2290
f 2542/2291 2647/2292 2839/2293
f 2130/2155 1853/2294 2038/1902
f 1794/2295 2129/2158 2098/2289
f 1858/2296 2141/2062 2105/2240
f 2083/2297 1913/1808 1685/1810
f 2490/2298 2143/2237 1954/2299
f 1864/2300 2026/2024 1866/2023
f 1782/2301 2099/2206 1989/2205
f 1801/2030 2013/2092 2012/2028
f 1995/2009 2096/2302 1679/2303
f 1776/2304 2644/2186 2485/2305
f 2537/2306 2246/2307 2749/2308
f 2020/1900 1814/1781 1999/2005
f 2040/2309 2041/2016 1851/2290
f 1779/2310 2103/2219 1991/2218
f 1781/2311 2003/1834 1785/2312
f 2003/1834 2095/2313 1680/2314
f 1858/2315 2139/2075 2106/2262
f 1950/2284 1757/2316 1983/2239
f 2361/2317 1988/2318 2182/2319
f 1703/2320 2127/2192 2077/2208
f 1688/2321 2341/2322 1914/2195
f 1804/2323 2010/2025 1800/2324
f 2013/2092 1803/1794 2012/2028
f 2747/2325 2126/2326 2339/2327
f 1696/2328 2076/2207 1921/1822
f 2202/1954 1978/1959 1973/2329
f 2094/2190 1971/2191 1772/2288
f 2129/2158 1788/2182 2000/2004
f 2235/2330 2032/2331 2237/2332
f 1813/2333 2018/2043 1808/2334
f 1796/2087 2007/2048 2009/2079
f 2025/2335 2358/2253 2231/2221
f 2139/2075 1855/2015 2035/2216
f 2180/2336 2140/2337 2361/2317
f 1802/2338 2013/2092 1801/2030
f 1870/1927 2045/2090 2044/2089
f 2021/1818 2052/1817 1873/2339
f 2107/2340 2356/2261 2317/2341
f 2607/2342 2111/2343 2048/2344
f 2269/2345 1918/2346 1688/2321
f 1865/2347 2044/2089 1866/2023
f 1838/2348 2357/2083 2279/2349
f 2240/2245 2032/2331 2037/2350
f 2477/1911 1955/2022 1754/2286
f 2501/2351 2128/2352 2643/2353
f 1729/2354 2135/2105 2083/2297
f 1875/2085 2051/2108 2050/2107
f 2135/2105 1687/2355 1913/1808
f 2300/2356 2060/2102 1892/2357
f 1794/2358 2134/2114 2097/2359
f 2643/2353 1959/2360 2585/2361
f 2257/2362 2136/2363 2059/2364
f 2093/2238 1950/2284 1983/2239
f 2133/2365 2298/2135 2352/2231
f 2074/2366 2341/2322 1918/2346
f 1918/2346 2307/2367 2074/2366
f 1868/2368 2045/2090 1870/1927
f 2046/1821 2110/1820 1865/2347
f 2745/2369 1972/2370 2340/2371
f 1703/2320 1924/1827 1697/2372
f 1973/2329 2335/2373 2094/2190
f 2335/2373 1754/2286 2094/2190
f 2113/2162 1884/2374 1887/2375
f 1886/2376 2353/2117 2281/2377
f 1877/2378 2051/2108 1875/2085
f 1890/2379 2058/2115 1886/2376
f 2008/2049 1795/2380 1797/2258
f 2527/2381 1958/2382 2520/2383
f 2111/2343 2523/2384 2532/2385
f 2134/2114 1791/2386 1992/2387
f 1808/2334 2019/1898 1810/1961
f 2541/2388 2580/2389 2838/2390
f 2583/2391 2648/2392 2837/2393
f 2506/2394 2016/2395 2014/2396
f 2443/2397 2131/2398 2346/2399
f 2057/2400 2251/2116 2254/2401
f 2293/1844 2122/2402 2291/1856
f 1980/2165 1752/2127 1754/2403
f 2097/2359 1992/2387 1793/2404
f 2282/2405 2136/2363 2355/2406
f 1852/2182 2144/2014 2040/2309
f 2368/2189 1994/2407 2214/2408
f 2523/2384 2047/2409 2521/2410
f 1800/2324 2011/2027 1802/2338
f 2050/2107 1873/2339 2052/1817
f 1879/2086 1876/2201 1880/2109
f 1710/2411 2066/2412 1937/1855
f 2080/2413 1697/2372 1926/2210
f 2469/1913 1908/2414 2535/2279
f 2326/2415 1829/1907 2325/2416
f 2511/2281 2263/2417 2735/2418
f 2327/2131 1831/2146 2326/2415
f 2014/2396 2474/2419 2506/2394
f 2545/2420 2508/2421 2836/2422
f 1861/2423 2026/2024 1862/2051
f 1749/2424 1951/1839 1744/1838
f 1784/2138 2369/2011 2178/2139
f 2006/2309 2000/2004 1788/2182
f 2440/2425 1997/2426 2218/2187
f 1787/2290 2146/2002 2006/2309
f 2321/1866 1835/2149 2328/2129
f 2104/1901 1993/2113 2146/2002
f 2229/2427 2029/2428 2235/2330
f 1691/2429 1915/1997 1683/2430
f 1702/2431 1928/1996 1696/2328
f 1819/2432 2028/1993 1840/2254
f 1842/2433 2033/1990 1838/2348
f 1725/2434 1945/1987 1727/1779
f 2655/2435 1982/2436 2498/2437
f 2621/2438 2147/2439 2655/2435
f 2635/2440 1969/2441 2656/1983
f 1975/2442 2595/2443 2590/2444
f 2112/2230 2249/2445 2281/2377
f 2072/2446 2499/2447 2616/2448
f 2015/2449 2473/2450 2519/2451
f 1978/1959 1980/1912 1754/2286
f 1978/1959 1979/1958 1980/1912
f 1979/1958 1758/2452 1980/1912
f 1976/1957 1977/2453 1753/2283
f 1976/1957 1963/1956 1977/2453
f 1963/1956 1763/2454 1977/2453
f 2729/2455 1973/2329 2258/2287
f 2727/2456 2148/2457 2374/2458
f 2725/2459 1984/2460 2375/2461
f 2659/2462 2376/2463 2724/2464
f 2556/2465 2721/2466 2377/2467
f 1909/2468 2718/2469 2483/2470
f 1971/2191 2187/2471 2379/2472
f 2379/2472 2380/2473 1971/2191
f 1772/2288 2380/2473 2199/2474
f 2184/2475 2174/2476 1761/2477
f 2381/1944 1969/2441 2382/2478
f 2382/2478 2200/2479 1970/2480
f 2557/2481 2255/2482 2716/2483
f 2714/2484 2149/2485 2385/2486
f 2712/2487 2090/2488 2386/2489
f 1966/2490 2196/2491 2387/2492
f 2387/2492 2388/2493 1966/2490
f 2193/2494 1966/2490 2388/2493
f 2248/2495 2250/2496 1759/1895
f 2389/1935 1963/1956 2390/2497
f 2390/2497 2195/2498 1964/2499
f 2391/2500 2583/2391 2711/2501
f 2392/2502 2663/2503 2709/2504
f 2707/2505 1962/2506 2664/2507
f 2151/1930 1709/1784 1935/1786
f 1936/2508 1935/1786 1710/2411
f 1706/2509 2151/1930 1936/2508
f 2607/2510 2047/2409 2606/2511
f 2561/2512 2184/2513 2704/2514
f 2702/2515 2152/2516 2397/2517
f 2700/2518 2089/2519 2398/2520
f 2617/2521 1905/2522 2572/2523
f 2153/2524 2254/2525 2399/2526
f 2053/2527 2399/2526 2249/2528
f 1888/2529 2400/1919 2297/2530
f 1932/1847 1901/2531 1708/1845
f 2490/2298 1907/2532 2478/2198
f 2154/1903 1789/2294 2004/2533
f 1992/2534 2004/2533 1793/2535
f 1791/2386 2154/1903 1992/2534
f 1810/1961 2020/1900 1809/2006
f 2009/1897 1798/2257 1796/1932
f 2155/1894 1684/2536 1942/1799
f 1944/2104 1942/1799 1687/2355
f 1730/1886 2155/1894 1944/2104
f 2227/2537 1987/2538 2180/2336
f 1946/1888 2217/2539 1728/2540
f 2401/1887 1948/2541 1946/1888
f 1947/2542 2176/2543 1948/2541
f 2563/2544 2472/2545 2835/2546
f 2564/2547 2669/2548 2834/2549
f 2574/2550 2670/2551 2833/2552
f 1714/2128 1941/1876 1718/1884
f 2406/1875 1678/2296 2181/2553
f 2407/2554 1990/2555 2213/2556
f 2219/2264 2157/2557 2407/2554
f 1715/2008 1940/1872 1713/2558
f 1865/2347 2042/1869 1863/2559
f 2285/2560 2116/2561 2283/1842
f 2687/2562 1975/2563 2590/2564
f 2685/2565 2158/2566 2671/2567
f 2683/2568 2092/2227 2672/2569
f 2286/2244 2117/2570 2285/2560
f 1937/1855 1936/2571 1710/2411
f 1937/1855 1938/1854 1936/2571
f 1938/1854 1706/2572 1936/2571
f 1931/2573 1930/1850 1707/1915
f 1706/2574 2159/1848 1931/2573
f 1938/2575 1939/1929 2159/1848
f 1932/1847 1931/2576 1707/1915
f 1932/1847 1933/1846 1931/2576
f 1933/1846 1706/2509 1931/2576
f 1694/2577 1927/1841 1700/1823
f 1740/2578 1949/1839 1735/2013
f 2412/2579 2002/2580 2179/2581
f 2315/2582 2160/2583 2412/2579
f 1785/2312 2413/1836 2277/2584
f 1939/1833 1897/2585 1896/2586
f 2416/2587 2161/2588 2414/2589
f 2416/2587 2415/2590 2161/2588
f 2417/2591 2271/1797 1910/2592
f 1697/2372 1924/1827 1923/1826
f 1921/1822 1702/2431 1696/2328
f 1911/1796 1917/2593 2169/2594
f 1695/2595 2079/2269 1929/1811
f 1687/2355 1912/2596 1913/1808
f 1920/1805 1689/2597 1682/2598
f 2162/2599 1702/2431 1922/1824
f 1700/1823 2162/2599 1922/1824
f 2309/2194 2078/2193 2162/2599
f 1687/2355 1914/1801 1693/2196
f 1912/2600 2168/1828 1910/2592
f 1910/2592 2418/2601 1912/2600
f 1692/2602 2418/2601 1911/1796
f 2673/1792 2419/1791 2681/2603
f 2674/2604 2171/2605 2471/2606
f 1986/2607 2675/2608 2595/2609
f 2474/2419 2015/2344 2519/2610
f 1935/1786 1899/2611 1710/2411
f 2578/2612 2284/2613 2623/2094
f 2210/2614 2675/2608 2677/2615
f 2676/2616 1904/2617 2571/2618
f 2491/2619 2210/2614 2677/2615
f 2678/2620 1674/2621 2575/2622
f 2678/2620 2679/2623 2303/2624
f 2570/2625 2303/2624 2679/2623
f 2680/2626 2420/2627 2674/2604
f 2681/2603 2420/2627 2680/2626
f 2569/2628 2069/2629 2570/2625
f 2415/2590 2271/1797 2417/2591
f 2415/2590 2417/2591 2161/2588
f 1919/2630 2271/1797 2415/2590
f 2416/2587 1690/1806 2415/2590
f 2416/2587 2414/2589 2307/2367
f 2307/2367 2414/2589 2074/2366
f 1916/2631 2307/2367 1689/2099
f 2277/2584 2160/2583 2100/2632
f 1783/2633 2412/2579 2103/2219
f 2103/2219 2179/2581 1678/2217
f 1826/2179 2285/2560 1824/2166
f 2682/2634 2411/2635 2568/2636
f 2530/2637 2422/2638 2682/2634
f 2634/2639 2314/2226 2683/2568
f 2501/2351 2567/2640 1974/2641
f 2605/2642 2684/2643 2239/2644
f 2620/2645 2409/2646 2685/2565
f 2485/2305 2486/2647 1776/2304
f 2589/2648 2686/2649 2203/2650
f 2671/2567 2408/2651 2687/2562
f 1824/2166 2283/1842 1822/2167
f 1780/2652 2407/2554 2096/2653
f 2096/2653 2213/2556 1679/2295
f 2157/2557 2181/2553 1990/2555
f 2688/2654 2566/2655 2832/2656
f 2689/2657 2690/2658 2831/2659
f 2470/2660 2691/2661 2830/2662
f 2692/2663 2565/2664 2829/2665
f 2693/2666 2694/2667 2828/2668
f 2668/2669 2695/2670 2827/2671
f 2696/2672 2576/1922 2826/2673
f 2697/2674 2698/2675 2825/2676
f 2667/2677 2699/2678 2824/2679
f 1785/2312 2180/2336 1781/2680
f 2594/2681 2188/2682 2582/2683
f 2297/2530 2153/2524 2053/2527
f 2249/2528 2056/2123 1890/2379
f 2399/2526 1889/2684 2056/2123
f 2513/2685 2164/2686 2468/1878
f 2562/2687 2398/2520 2152/2516
f 2666/2688 2428/2689 2396/2690
f 2701/2691 2311/2692 2428/2689
f 2494/2693 2397/2517 1952/2694
f 2598/2695 2429/2696 2223/2697
f 2703/2698 2396/2690 2429/2696
f 2704/2514 1761/2699 2475/2700
f 2705/2701 2183/2702 2579/2703
f 2665/2704 2430/2705 2705/2701
f 2503/2706 2241/2707 2502/2036
f 2706/2708 2394/2709 2560/2710
f 2528/2711 2431/2712 2706/2708
f 2632/2713 2194/2714 2707/2505
f 2432/2715 2559/2716 2708/2717
f 2272/2718 2708/2717 2514/2719
f 2088/2236 2709/2504 2618/2720
f 2433/2721 2479/2722 2710/2723
f 2393/2724 2710/2723 2559/2716
f 2150/2725 2711/2501 2663/2503
f 1963/1956 2195/2498 2390/2497
f 1962/1936 2390/2497 1964/2499
f 1962/1936 2250/2496 2248/2495
f 1961/2726 2193/2494 2388/2493
f 1961/2726 2387/2492 1965/1938
f 1965/1938 2387/2492 2196/2491
f 2558/2727 2386/2489 2149/2485
f 2662/2728 2434/2729 2384/2730
f 2713/2731 2312/2732 2434/2729
f 2487/2733 2385/2486 1953/2734
f 2591/2735 2435/2736 2205/2737
f 2715/2738 2384/2730 2435/2736
f 2716/2483 1760/2739 2476/2740
f 2717/2741 2185/2742 2580/2743
f 2661/2744 2436/2745 2717/2741
f 1771/2746 2382/2478 1969/2441
f 1960/1945 2382/2478 1970/2480
f 1970/2480 2184/2475 1960/1945
f 1968/1946 2199/2474 2380/2473
f 1968/1946 2379/2472 1956/2747
f 1956/2747 2379/2472 2187/2471
f 2198/2748 2718/2469 2720/2749
f 2378/2750 2616/2751 2719/2752
f 2587/2753 2198/2748 2720/2749
f 2660/2754 2526/2755 2072/2756
f 2721/2466 2263/2417 2722/2757
f 2722/2757 2630/2758 2305/2759
f 2723/2760 2377/2467 2660/2754
f 2376/2463 2723/2760 2724/2464
f 2555/2761 2068/1852 2556/2465
f 2554/2762 2375/2461 2148/2457
f 2091/2763 2621/2438 2658/2764
f 2275/2765 2517/2766 2726/2767
f 2507/2768 2374/2458 1972/2370
f 1771/2746 2635/2440 2611/2769
f 2313/2770 2531/2771 2728/2772
f 2484/2211 2258/2287 1772/2288
f 2588/2773 2439/2774 2201/2775
f 2730/2776 2372/2777 2439/2774
f 2284/2778 2577/2779 2623/2780
f 2266/2781 2603/2782 2512/2783
f 2281/2377 1890/2784 1886/2376
f 2204/2785 2491/2786 2486/2787
f 2313/2770 2552/2788 2531/2771
f 2275/2765 2551/2789 2517/2766
f 2370/2790 2602/2791 2551/2789
f 1847/2792 2235/2330 1848/2793
f 2116/2561 2328/2129 2123/1843
f 2216/1889 2218/2187 1786/2794
f 1996/2795 2440/2425 2216/1889
f 2346/2399 2344/2796 2440/2425
f 2178/2139 2145/2188 1997/2426
f 2731/2797 2612/2185 2823/2798
f 2732/2799 2733/2800 2822/2801
f 2649/2802 2734/2803 2821/2804
f 2245/2805 2578/2612 2610/2806
f 2122/2402 2326/2415 2121/1857
f 2533/2807 2263/2417 2068/1852
f 2736/2808 2329/2809 2637/2810
f 2615/2811 2442/2812 2736/2808
f 2121/1857 2325/2416 2120/2277
f 2573/2813 2333/2814 2639/2815
f 2627/2816 2294/2817 2625/1928
f 2099/2206 2214/2408 1681/2204
f 2114/2818 2282/2405 2355/2406
f 1836/2169 2291/1856 1834/2171
f 2254/2401 1885/2124 1889/2819
f 2227/2537 2346/2399 1996/2795
f 1785/2312 2443/2397 2227/2537
f 2277/2584 2345/2820 2443/2397
f 2610/2806 2173/2821 2245/2805
f 2737/2822 2544/2823 2820/2824
f 2738/2825 2739/2826 2819/2827
f 2479/2722 2740/2828 2818/2829
f 2741/2830 2476/2831 2817/2832
f 2742/2833 2743/2834 2816/2835
f 2645/2836 2744/2837 2815/2838
f 2318/2839 2627/2816 2636/2840
f 2631/2841 2292/2842 2624/2843
f 2281/2377 2133/2365 2112/2230
f 2538/2844 2340/2371 2126/2326
f 2642/2845 2446/2846 2338/2847
f 2746/2848 2247/2849 2446/2846
f 2352/2231 1884/2374 2055/2161
f 2114/2818 2257/2362 1894/2084
f 2342/2850 2481/2039 2539/2851
f 2059/2364 2354/2100 2300/2356
f 2239/2644 2539/2851 2605/2642
f 2581/2852 2366/2853 2186/2854
f 1849/1882 2237/2332 2240/2245
f 2279/2349 2137/2259 2107/2340
f 2503/1789 2280/2855 2242/2856
f 2317/2341 2034/2857 1819/2858
f 1781/2680 2361/2317 2095/2859
f 2231/2221 2030/1988 1842/2433
f 1848/2793 2237/2332 1850/1881
f 2505/2860 2339/2327 1967/2531
f 2609/2861 2447/2862 2244/2863
f 2748/2864 2338/2847 2447/2862
f 2095/2859 2182/2319 1680/2865
f 2749/2308 1762/2611 2482/2866
f 2750/2867 2197/2868 2586/2869
f 2641/2870 2448/2871 2750/2867
f 2203/2650 2540/2872 2589/2648
f 2594/2681 2367/2873 2209/2874
f 2751/2875 2543/2876 2814/2877
f 2752/2878 2753/2879 2813/2880
f 2646/2881 2754/2882 2812/2883
f 2639/2815 2265/2884 2615/2811
f 1832/2173 2288/2278 1830/2175
f 2524/2885 2331/2275 2067/2886
f 2756/2887 2301/2888 2628/2889
f 2756/2887 2330/2890 2450/2891
f 1830/2176 2287/2242 1828/2177
f 2757/2271 2124/2892 2534/2274
f 2638/2893 2451/2894 2330/2890
f 2629/2895 2451/2894 2758/2896
f 2345/2820 2347/2268 2131/2398
f 2100/2632 2452/2267 2345/2820
f 2315/2582 2316/2031 2452/2267
f 1780/2652 2278/2897 2219/2264
f 2356/2261 1820/2898 2034/2857
f 2140/2337 2212/2256 1988/2318
f 2260/2057 2138/2252 2025/2335
f 2358/2253 1841/2899 2030/1988
f 2236/2251 1837/2900 1841/2899
f 1849/1882 2229/2247 1847/2901
f 1828/2177 2286/2244 1826/2179
f 2654/2902 2310/2903 2367/2873
f 2759/2904 2548/2905 2811/2906
f 2760/2907 2761/2908 2810/2909
f 2515/1923 2762/2910 2809/2911
f 2319/1973 2055/2161 1883/1971
f 2763/2912 2547/2913 2808/2914
f 2764/2915 2765/2916 2807/2917
f 2650/2918 2766/2919 2806/2920
f 2279/2222 1842/2433 1838/2921
f 2640/2922 2304/2923 2629/2895
f 2767/2213 1968/2924 2537/2306
f 2768/2925 2337/2926 2641/2870
f 2588/2773 2455/2927 2768/2925
f 2582/2683 2334/2928 2640/2922
f 1786/2794 2368/2189 2099/2206
f 2343/2929 2508/2421 2540/2872
f 2120/2930 2324/2068 2119/2273
f 2344/2796 2178/2139 1997/2426
f 2131/2398 2456/2137 2344/2796
f 2347/2268 2278/2897 2456/2137
f 2299/2136 2054/2931 2057/2400
f 2769/2932 2487/2933 2805/2934
f 2770/2935 2771/2936 2804/2937
f 2510/2938 2772/2939 2803/2940
f 2123/1843 2327/2131 2122/2402
f 2617/2941 2190/2942 2584/2943
f 2280/2855 2608/2944 2622/2945
f 2353/2117 2054/2931 2133/2365
f 2115/2946 2354/2100 2136/2363
f 2522/2610 2318/2839 2295/2613
f 2357/2083 2027/2947 2137/2259
f 2359/2077 2031/2249 2138/2252
f 2029/2428 2170/2076 2032/2331
f 1987/2538 2360/2072 2140/2337
f 2037/2350 2170/2076 2290/2063
f 2119/2273 2323/1859 2118/2243
f 2037/2350 2252/2065 2022/2246
f 2317/2058 2025/2335 2107/2220
f 2221/2948 2600/2949 2596/2950
f 2259/2045 2027/2951 2031/2249
f 2773/2952 2585/2361 2802/2953
f 2774/2954 2775/2955 2801/2956
f 2529/2957 2776/2958 2800/2959
f 2596/2950 2224/2960 2221/2948
f 2608/2944 2241/2707 2606/2511
f 1998/2266 2316/2031 2225/1873
f 2653/2961 2272/2718 2366/2853
f 2369/2011 1994/2407 2145/2188
f 2022/2962 2175/2001 2029/2428
f 2371/2963 2592/2964 2552/2788
f 2238/2965 2497/2966 2500/2967
f 2319/1973 2053/2968 2112/2230
f 2305/2969 2593/2970 2526/2971
f 2222/2972 2599/2973 2597/2974
f 2553/2975 2202/1954 1973/2329
f 2657/2976 2459/2977 2372/2777
f 2778/2978 2208/2979 2459/2977
f 2574/2980 2659/2462 1909/2468
f 2779/1950 2302/1853 2780/2981
f 2780/2981 2555/2761 2376/2463
f 1762/2202 2246/1948 2207/1947
f 1768/1984 2381/1944 2192/1943
f 2781/1942 1961/2982 2557/2481
f 2782/2983 2383/2984 2661/2744
f 2620/2645 2460/2985 2782/2983
f 1760/2986 2255/1937 2256/1939
f 1963/1956 2194/1934 1763/2454
f 2783/2987 2262/2988 2510/2938
f 2560/2710 2461/2989 2783/2987
f 2664/2507 2248/2990 2784/1931
f 2522/2991 2294/2817 2521/2410
f 2785/1925 1960/2992 2561/2512
f 2786/2993 2395/2994 2665/2704
f 2619/2232 2462/2995 2786/2993
f 2527/2996 2172/2997 2472/2545
f 2400/1919 2057/2998 2153/2524
f 2581/2852 2166/2999 2573/2813
f 1996/2795 2211/1891 1987/2538
f 2787/3000 2572/2523 2799/3001
f 2788/3002 2789/3003 2798/3004
f 2483/3005 2790/3006 2797/3007
f 1998/2266 2406/1875 2157/2557
f 2117/2570 2321/1866 2116/2561
f 2791/3008 2238/3009 2500/3010
f 2568/2636 2464/3011 2791/3008
f 2672/2569 2276/2285 2792/1862
f 2118/2243 2322/1861 2117/2570
f 1834/2171 2289/1858 1832/2173
f 2793/1851 1677/3012 2509/3013
f 2794/3014 2261/3015 2613/3016
f 2637/2810 2465/3017 2794/3014
f 1822/2167 2293/1844 1836/2169
f 2413/1836 2002/2580 2160/2583
f 2466/1830 2074/2366 2414/2589
f 2417/2591 2414/2589 2161/2588
f 1910/2592 2466/1830 2417/2591
f 2795/3018 2069/2629 2569/2628
f 2795/3018 2796/3019 2264/3020
f 2601/3021 2264/3020 2796/3019
f 2600/2949 2222/2856 2597/2342
f 2017/3022 2597/2342 2015/2344
f 2228/3023 2601/3021 2796/3019
f 2228/3023 2795/3018 2419/1791
f 2419/1791 2795/3018 2569/2628
f 2124/2892 2794/3014 2331/2275
f 2331/2275 2613/3016 2067/2886
f 2465/3017 2509/3013 2261/3015
f 2411/2635 2792/1862 2464/3011
f 2158/2566 2791/3008 2408/2651
f 2408/2651 2500/3010 1975/2563
f 2797/3007 2463/3024 2788/3002
f 2670/2551 2788/3002 2405/3025
f 1909/3026 2797/3007 2670/2551
f 2798/3004 2402/3027 2667/2677
f 2566/2655 2667/2677 2156/3028
f 2405/3025 2798/3004 2566/2655
f 2799/3001 1905/2522 2563/2544
f 2789/3003 2563/2544 2402/3027
f 2463/3024 2799/3001 2789/3003
f 1954/2299 2573/2813 1907/2532
f 2073/3029 2472/2545 1905/2522
f 2089/2519 2786/2993 2398/2520
f 2398/2520 2665/2704 2152/2516
f 2462/2995 2561/2512 2395/2994
f 2048/3030 2521/2410 2047/2409
f 2394/2709 2784/1931 2461/2989
f 2150/2725 2783/2987 2391/2500
f 2391/2500 2510/2938 1957/3031
f 2090/2488 2782/2983 2386/2489
f 2386/2489 2661/2744 2149/2485
f 2460/2985 2557/2481 2383/2984
f 2302/1853 2555/2761 2780/2981
f 2779/1950 2376/2463 2167/1951
f 2167/1951 2659/2462 2574/2980
f 2375/2461 2593/3032 2778/2978
f 2148/2457 2778/2978 2657/2976
f 2372/2777 2777/1952 2553/2975
f 2597/2974 2016/2395 2015/2449
f 2526/2971 1984/3033 2072/2446
f 2500/2967 1986/3034 1975/2442
f 2147/2439 2592/2964 1982/2436
f 2143/2237 2618/2720 2653/2961
f 2049/3035 2606/2511 2047/2409
f 2014/2396 2599/2973 2596/2950
f 2800/2959 2458/3036 2774/2954
f 2652/2233 2774/2954 2365/3037
f 2089/2519 2800/2959 2652/2233
f 2801/2956 2362/3038 2649/2802
f 2548/2905 2649/2802 2142/3039
f 2365/3037 2801/2956 2548/2905
f 2802/2953 1959/2360 2545/2420
f 2775/2955 2545/2420 2362/3038
f 2458/3036 2802/2953 2775/2955
f 2596/2950 2017/3022 2014/2396
f 2048/2344 2532/2385 2522/2610
f 2622/2945 2049/3035 2111/2343
f 2073/3040 2584/2943 1958/2382
f 2803/2940 2457/3041 2770/2935
f 2648/2392 2770/2935 2351/3042
f 1957/3031 2803/2940 2648/2392
f 2804/2937 2348/3043 2645/2836
f 2544/2823 2645/2836 2132/3044
f 2351/3042 2804/2937 2544/2823
f 2805/2934 1953/3045 2541/2388
f 2771/2936 2541/2388 2348/3043
f 2457/3041 2805/2934 2771/2936
f 2128/2352 2508/2421 1959/2360
f 1751/2284 2640/2922 2071/3046
f 1972/2370 2768/2925 2340/2371
f 2340/2371 2641/2870 2126/2326
f 2455/2927 2537/2306 2337/2926
f 2071/3046 2629/2895 1755/3047
f 2806/2920 2454/3048 2764/2915
f 2498/3049 2764/2915 2230/3050
f 1982/3051 2806/2920 2498/3049
f 2807/2917 2190/2942 2480/2126
f 1766/1976 2807/2917 2480/2126
f 2230/3050 2807/2917 2602/3052
f 2808/2914 1958/2382 2584/2943
f 2765/2916 2584/2943 2190/2942
f 2454/3048 2808/2914 2765/2916
f 2809/2911 2453/3053 2760/2907
f 2488/3054 2760/2907 2206/3055
f 1768/3056 2809/2911 2488/3054
f 2810/2909 2363/3057 2650/2918
f 2592/3058 2650/2918 1982/3051
f 2206/3055 2810/2909 2592/3058
f 2811/2906 2142/3039 2546/2223
f 2761/2908 2546/2223 2363/3057
f 2453/3053 2811/2906 2761/2908
f 1977/2453 2632/2713 2654/2902
f 1755/3047 2758/2896 2264/3020
f 2069/2629 2758/2896 2638/2893
f 2330/2890 2757/2271 2534/2274
f 2303/2624 2638/2893 2756/2887
f 2303/2624 2628/2889 1674/2621
f 2301/2888 2755/2276 2524/2885
f 2125/2199 2615/2811 2070/2214
f 2812/2883 2449/3059 2752/2878
f 2505/3060 2752/2878 2244/3061
f 1967/3062 2812/2883 2505/3060
f 2813/2880 2183/3063 2475/3064
f 2609/3065 2475/3064 1761/2160
f 2244/3061 2813/2880 2609/3065
f 2814/2877 1952/3066 2579/3067
f 2753/2879 2579/3067 2183/3063
f 2449/3059 2814/2877 2753/2879
f 1753/2283 2654/2902 2594/2681
f 1974/2641 2540/2872 2128/2352
f 2126/2326 2750/2867 2339/2327
f 2339/2327 2586/2869 1967/2531
f 2448/2871 2482/2866 2197/2868
f 2174/3068 2642/2845 2748/2864
f 1761/3069 2748/2864 2609/2861
f 2244/2863 2747/2325 2505/2860
f 1872/1788 2518/2120 2503/1789
f 1954/2299 2653/2961 2581/2852
f 1770/3070 2539/2851 1966/2490
f 1966/2490 2481/2039 1767/3071
f 2200/3072 2611/2769 2746/2848
f 1970/3073 2746/2848 2642/2845
f 2338/2847 2745/2369 2538/2844
f 1777/1980 2624/2843 1765/3074
f 2636/2840 1869/2093 1867/2095
f 2815/2838 2445/3075 2742/2833
f 2647/2292 2742/2833 2350/3076
f 2132/3044 2815/2838 2647/2292
f 2816/2835 2223/3077 2494/3078
f 2543/2876 2494/3078 1952/3066
f 2350/3076 2816/2835 2543/2876
f 2817/2832 1760/2423 2598/3079
f 2743/2834 2598/3079 2223/3077
f 2445/3075 2817/2832 2743/2834
f 2818/2829 2444/3080 2738/2825
f 2482/3081 2738/2825 2197/3082
f 1762/2585 2818/2829 2482/3081
f 2819/2827 2349/3083 2646/2881
f 2586/3084 2646/2881 1967/3062
f 2197/3082 2819/2827 2586/3084
f 2820/2824 2132/3044 2542/2291
f 2739/2826 2542/2291 2349/3083
f 2444/3080 2820/2824 2739/2826
f 1805/2091 2577/2779 2610/2806
f 1869/2093 2625/1928 1870/1927
f 1907/2532 2639/2815 2125/2199
f 2070/2214 2736/2808 2332/2270
f 2332/2270 2637/2810 2124/2892
f 2329/2809 2735/2418 2533/2807
f 2610/2806 1803/3085 1805/2091
f 2821/2804 2441/3086 2732/2799
f 2651/2224 2732/2799 2364/3087
f 2142/3039 2821/2804 2651/2224
f 2822/2801 2292/2842 2520/2383
f 2547/2913 2520/2383 1958/2382
f 2364/3087 2822/2801 2547/2913
f 2823/2798 1765/3074 2624/2843
f 2733/2800 2624/2843 2292/2842
f 2441/3086 2823/2798 2733/2800
f 1981/3088 2602/2791 1766/3089
f 1773/3090 2551/2789 1981/3088
f 2091/2763 2552/2788 2147/2439
f 2486/2787 1777/1980 1776/1982
f 2512/2783 1773/3091 1778/1974
f 1804/3092 2577/2779 1806/2026
f 2374/2458 2657/2976 2730/2776
f 1972/2370 2730/2776 2588/2773
f 2201/2775 2729/2455 2484/2211
f 2531/2771 2845/3093 2728/2772
f 2531/2771 2091/2763 2658/2764
f 2845/3093 2658/2764 2373/3094
f 2635/2440 2846/3095 2611/2769
f 2635/2440 2313/2770 2728/2772
f 2846/3095 2728/2772 2438/3096
f 2247/2849 2727/2456 2507/2768
f 2517/2766 2847/3097 2726/2767
f 2517/2766 1773/3090 2603/3098
f 2847/3097 2603/3098 2232/3099
f 2621/2438 2848/3100 2658/2764
f 2621/2438 2275/2765 2726/2767
f 2848/3100 2726/2767 2437/3101
f 2373/3094 2725/2459 2554/2762
f 2555/2761 2377/2467 2376/2463
f 2378/2750 2724/2464 2723/2760
f 2723/2760 2072/2756 2378/2750
f 2263/2417 2630/2758 2722/2757
f 2721/2466 2305/2759 2377/2467
f 2377/2467 2526/2755 2660/2754
f 2587/2753 2720/2749 2512/3102
f 2512/3102 2720/2749 2266/3103
f 2587/2753 1778/3104 1676/3105
f 2266/3103 2719/2752 2616/2751
f 2720/2749 2719/2752 2266/3103
f 2720/2749 2718/2469 2719/2752
f 2718/2469 2378/2750 2719/2752
f 2149/2485 2717/2741 2385/2486
f 2385/2486 2580/2743 1953/2734
f 2436/2745 2476/2740 2185/2742
f 2250/3106 2662/2728 2715/2738
f 1759/3092 2715/2738 2591/2735
f 2205/2737 2714/2484 2487/2733
f 2195/3107 2634/2639 2713/2731
f 1964/3108 2713/2731 2662/2728
f 2384/2730 2712/2487 2558/2727
f 2663/2503 2433/2721 2393/2724
f 2559/2716 2207/3109 1956/3110
f 2710/2723 1762/2585 2207/3109
f 2618/2720 2432/2715 2272/2718
f 2514/2719 2187/3111 1764/2021
f 2708/2717 1956/3110 2187/3111
f 2310/2903 2707/2505 2431/2712
f 2088/2236 2706/2708 2392/2502
f 2392/2502 2560/2710 2150/2725
f 1872/3112 2502/2036 1874/2035
f 2152/2516 2705/2701 2397/2517
f 2397/2517 2579/2703 1952/2694
f 2430/2705 2475/2700 2183/2702
f 2256/3113 2666/2688 2703/2698
f 1760/2333 2703/2698 2598/2695
f 2223/2697 2702/2515 2494/2693
f 2196/3114 2633/2038 2701/2691
f 1965/3115 2701/2691 2666/2688
f 2396/2690 2700/2518 2562/2687
f 1778/3116 2468/1878 1676/2018
f 1753/2283 2582/2683 1751/2284
f 2824/2679 2427/3117 2697/2674
f 2669/2548 2697/2674 2404/3118
f 2156/3028 2824/2679 2669/2548
f 2825/2676 2163/3119 2571/3120
f 2565/2664 2571/3120 1904/3121
f 2404/3118 2825/2676 2565/2664
f 2826/2673 1675/1921 2467/3122
f 2698/2675 2467/3122 2163/3119
f 2427/3117 2826/2673 2698/2675
f 2827/2671 2426/3123 2693/2666
f 2524/2885 2693/2666 2301/2888
f 2067/2886 2827/2671 2524/2885
f 2828/2668 2171/3124 2575/3125
f 2628/2889 2575/3125 1674/2621
f 2301/2888 2828/2668 2628/2889
f 2829/2665 1904/3121 2471/3126
f 2694/2667 2471/3126 2171/3124
f 2426/3123 2829/2665 2694/2667
f 2830/2662 2425/3127 2689/2657
f 2509/3013 2689/2657 2261/3015
f 1677/3012 2830/2662 2509/3013
f 2831/2659 2403/3128 2668/2669
f 2613/3016 2668/2669 2067/2886
f 2261/3015 2831/2659 2613/3016
f 2832/2656 2156/3028 2564/2547
f 2690/2658 2564/2547 2403/3128
f 2425/3127 2832/2656 2690/2658
f 2410/3129 2687/2562 2424/3130
f 2589/2648 2849/3131 2686/2649
f 1974/2641 2567/2640 2589/2648
f 2424/3130 2686/2649 2849/3131
f 2485/2305 2850/3132 2486/2647
f 2203/2650 2686/2649 2485/2305
f 2204/3133 2486/2647 2850/3132
f 2274/3134 2685/2565 2423/3135
f 2605/2642 2851/3136 2684/2643
f 1770/3070 2516/1940 2605/2642
f 2423/3135 2684/2643 2851/3136
f 2501/2351 2852/3137 2567/2640
f 2239/2644 2684/2643 2501/2351
f 2410/3129 2567/2640 2852/3137
f 2312/2732 2683/2568 2422/2638
f 2090/2488 2682/2634 2409/2646
f 2409/2646 2568/2636 2158/2566
f 2419/1791 2570/2625 2420/2627
f 2421/3138 2681/2603 2680/2626
f 2421/3138 2674/2604 1904/2617
f 2420/2627 2570/2625 2679/2623
f 2420/2627 2678/2620 2171/2605
f 2171/2605 2678/2620 2575/2622
f 2491/2619 2677/2615 2467/3139
f 2467/3139 2677/2615 2163/3140
f 1777/3141 2467/3139 1675/3142
f 2163/3140 2676/2616 2571/2618
f 2677/2615 2676/2616 2163/3140
f 2677/2615 2675/2608 2676/2616
f 2675/2608 2421/3138 2676/2616
f 1803/3085 2623/2094 1804/2096
f 2177/3143 2519/2610 2284/2613
f 2210/2614 2595/2609 2675/2608
f 1904/2617 2674/2604 2471/2606
f 1986/2607 2681/2603 2421/3138
f 2422/2638 2672/2569 2411/2635
f 2423/3135 2671/2567 2410/3129
f 2424/3130 2590/2564 2204/3133
f 2833/2552 2405/3025 2688/2654
f 2691/2661 2688/2654 2425/3127
f 2167/3144 2833/2552 2691/2661
f 2834/2549 2404/3118 2692/2663
f 2695/2670 2692/2663 2426/3123
f 2403/3128 2834/2549 2695/2670
f 2835/2546 2172/2997 2696/2672
f 2699/2678 2696/2672 2427/3117
f 2402/3027 2835/2546 2699/2678
f 2209/2874 2478/2198 2188/2682
f 2267/3145 2572/2523 2164/2686
f 2428/2689 2529/2957 2700/2518
f 2429/2696 2562/2687 2702/2515
f 2395/2994 2704/2514 2430/2705
f 2242/3146 2606/2511 2241/2707
f 2431/2712 2664/2507 2394/2709
f 2709/2504 2393/2724 2432/2715
f 2711/2501 2189/3147 2433/2721
f 2434/2729 2530/2637 2712/2487
f 2435/2736 2558/2727 2714/2484
f 2383/2984 2716/2483 2436/2745
f 2198/2748 2483/2470 2718/2469
f 2068/1852 2721/2466 2556/2465
f 2659/2462 2378/2750 1909/2468
f 2437/3101 2499/3148 2725/2459
f 2438/3096 2554/2762 2727/2456
f 2439/2774 2553/2975 2729/2455
f 2519/2451 2173/2821 2284/2778
f 2616/2448 2232/3149 2266/2781
f 2590/2444 2210/3150 2204/2785
f 2635/2440 2371/2963 2313/2770
f 2621/2438 2370/2790 2275/2765
f 2655/2435 2230/3151 2370/2790
f 2836/2422 2253/3152 2731/2797
f 2734/2803 2731/2797 2441/3086
f 2362/3038 2836/2422 2734/2803
f 2506/2394 2177/3143 2245/2805
f 2265/2884 2735/2418 2442/2812
f 2166/2999 2535/2279 2333/2814
f 2296/3153 2521/2410 2294/2817
f 2245/2805 2473/2450 2506/2394
f 2837/2393 2351/3042 2737/2822
f 2740/2828 2737/2822 2444/3080
f 2189/3147 2837/2393 2740/2828
f 2838/2390 2185/3154 2741/2830
f 2744/2837 2741/2830 2445/3075
f 2348/3043 2838/2390 2744/2837
f 2532/2385 2296/3153 2318/2839
f 2306/3155 2520/2383 2292/2842
f 2446/2846 2507/2768 2745/2369
f 2643/2353 2191/3156 2342/2850
f 2501/2351 2342/2850 2239/2644
f 2186/2854 2549/2020 2477/1911
f 2242/2856 2622/2945 2607/2342
f 2447/2862 2538/2844 2747/2325
f 2337/2926 2749/2308 2448/2871
f 2485/2305 2343/2929 2203/2650
f 2209/2874 2550/2235 2490/2298
f 2839/2293 2350/3076 2751/2875
f 2754/2882 2751/2875 2449/3059
f 2349/3083 2839/2293 2754/2882
f 2333/2814 2511/2281 2265/2884
f 2450/2891 2534/2274 2755/2276
f 2304/2923 2757/2271 2451/2894
f 2367/2873 2528/2711 2550/2235
f 2840/2234 2365/3037 2759/2904
f 2762/2910 2759/2904 2453/3053
f 2273/3157 2840/2234 2762/2910
f 2841/2225 2364/3087 2763/2912
f 2766/2919 2763/2912 2454/3048
f 2363/3057 2841/2225 2766/2919
f 2334/2928 2525/2215 2304/2923
f 2201/2775 2767/2213 2455/2927
f 2188/2682 2536/2200 2334/2928
f 2644/2186 2253/3152 2343/2929
f 2842/2133 2205/3158 2769/2932
f 2772/2939 2769/2932 2457/3041
f 2262/2988 2842/2133 2772/2939
f 2267/3159 2480/2126 2190/2942
f 2518/2120 2243/3160 2280/2855
f 2295/2613 2636/2840 2626/2094
f 2492/2037 2226/3161 2221/2948
f 2843/2040 2191/3156 2773/2952
f 2776/2958 2773/2952 2458/3036
f 2311/2692 2843/2040 2776/2958
f 2221/2948 2495/1962 2492/2037
f 2243/3160 2502/2036 2241/2707
f 2366/2853 2514/2719 2549/2020
f 2656/1983 2206/3162 2371/2963
f 2604/1979 2228/3163 2238/2965
f 2630/1965 2208/3164 2305/2969
f 2493/1960 2224/2960 2222/2972
f 2459/2977 2489/3165 2777/1952
f 1677/3012 2779/1950 2470/1949
f 2274/3134 2781/1942 2460/2985
f 2461/2989 2614/1933 2262/2988
f 2295/3166 2625/1928 2294/2817
f 2273/3157 2785/1925 2462/2995
f 2306/3167 2576/1922 2172/2997
f 2186/2854 2469/1913 2166/2999
f 2844/1879 2164/2686 2787/3000
f 2790/3006 2787/3000 2463/3024
f 2198/3168 2844/1879 2790/3006
f 2464/3011 2604/1864 2238/3009
f 2465/3017 2533/2807 2793/1851
f 1986/2607 2497/1790 2673/1792
f 2226/3161 2493/1789 2222/2856
f 1721/1778 1725/3169 1727/1779
f 1814/1781 1813/2118 1808/1782
f 1709/1784 1900/2183 2064/1785
f 2496/1787 1807/3170 1808/1788
f 2497/1790 2228/3023 2419/1791
f 1800/1793 1799/2029 1803/1794
f 1911/1796 1910/2592 2271/1797
f 1942/1799 1684/2536 1688/1800
f 1925/1804 2162/2599 2270/1802
f 2162/2599 2078/2193 2270/1802
f 1920/1805 1686/1998 1690/1806
f 1913/1808 1912/2596 1692/1809
f 1929/1811 2079/2269 1704/1812
f 2215/1815 1917/2593 1911/1796
f 1911/1796 1691/1798 2215/1815
f 1878/1816 1876/2201 2052/1817
f 1867/1819 1869/2093 2110/1820
f 1698/1825 1695/3034 1923/1826
f 2168/1828 1693/2196 2268/1829
f 1711/1831 1898/2202 2063/1832
f 2003/1834 1680/2314 2220/1835
f 2086/1837 1738/2041 1733/1838
f 2081/1840 1699/1813 1704/1812
f 2283/1842 2116/2561 2123/1843
f 2159/1848 1939/1929 1896/1849
f 2793/1851 2533/2807 2068/1852
f 2291/1856 2122/2402 2121/1857
f 2323/1859 1825/2069 1823/1860
f 2792/1862 2276/2285 1775/1863
f 2322/1861 1823/1860 1821/1865
f 2109/1867 1861/2423 1859/1868
f 2082/1870 1714/2128 1712/1871
f 2225/1873 1779/2032 1991/1874
f 2082/1870 1715/2008 1719/1780
f 2587/1877 1676/2018 2468/1878
f 1847/1880 1848/3171 1850/1881
f 1724/1883 1720/2127 1722/1884
f 1730/1886 1947/2542 2401/1887
f 2216/1889 1786/2794 1782/1890
f 1946/1892 1728/3172 1943/1893
f 1800/1895 1802/2338 1906/1896
f 2019/1898 1811/1904 1812/1899
f 2104/1901 1787/2290 2005/1902
f 1811/1904 1815/3173 1816/1905
f 1748/1906 1746/3174 1741/1907
f 1750/1909 1748/1906 1743/1908
f 2477/1911 1754/2286 1752/1912
f 1816/1905 1818/2052 1814/1914
f 1707/1915 1902/2248 2065/1916
f 2113/1917 1887/3175 2299/1918
f 2631/1920 1777/3176 1675/1921
f 2515/1923 1768/3056 2192/1924
f 2626/1926 1868/3177 1870/1927
f 1933/1846 1708/1845 1934/1929
f 2784/1931 2248/2990 1759/1932
f 2255/1937 1961/2726 1965/1938
f 2516/1940 1770/3070 2193/1941
f 1968/1946 1956/2747 2207/1947
f 2777/1952 2489/3165 1774/1953
f 2493/1960 1808/3178 1810/1961
f 1756/1963 1774/1970 2489/1964
f 1755/1966 1775/1977 1983/1967
f 1756/1963 1758/2163 1979/1969
f 1883/1971 1888/3179 2297/1972
f 1778/1974 1773/3091 1981/1975
f 1775/1977 1755/1966 2601/1978
f 1777/1980 1765/3074 1985/1981
f 2656/1983 1969/2441 1768/1984
f 2085/1986 1724/3180 1726/1885
f 2030/1988 1841/2899 1837/1989
f 2034/1991 1820/3181 1839/1992
f 1925/1994 1705/3182 1701/1995
f 1915/1997 1919/3183 1690/1806
f 2252/1999 1843/3184 1844/2000
f 2146/2002 1993/2113 1792/2003
f 1999/2005 1814/1781 1807/1783
f 1713/2007 1717/1778 1719/1780
f 1995/2009 1679/2303 2165/2010
f 2087/2012 1750/3185 1745/2013
f 2144/2014 2035/2216 1855/2015
f 1739/2017 1740/3186 1735/2018
f 2549/2020 2514/2719 1764/2021
f 2109/1867 1865/2347 1866/2023
f 2012/2028 1803/1794 1799/2029
f 2316/2031 1783/2633 1779/2032
f 1868/1795 1867/1819 1863/2033
f 2504/2034 1873/2339 1874/2035
f 2492/2037 2495/1962 1810/1961
f 2633/2038 1767/3071 2481/2039
f 1738/2041 1736/3187 1731/2042
f 1839/1992 1820/3188 2234/2044
f 1755/1966 1757/1968 1950/2046
f 1809/2006 1807/3170 2496/1787
f 1801/2030 1799/2080 2007/2048
f 2043/2050 1860/3189 1862/2051
f 1818/2052 1817/2152 1813/2053
f 2021/1818 1873/2339 1871/2054
f 1747/2055 1749/2424 1744/1838
f 1819/2056 1840/2254 2260/2057
f 1896/1849 1897/3069 2062/2059
f 2106/2060 1856/2263 2024/2061
f 2290/2063 1845/2070 1843/2064
f 1817/2066 1815/3173 1811/1904
f 2324/2068 1827/2142 1825/2069
f 2290/2063 2170/2076 1846/2056
f 2211/1891 1782/1890 1989/2071
f 2108/2073 1857/3190 2036/2074
f 2175/2001 1844/2000 1846/2056
f 2028/1993 1839/1992 2259/2045
f 1708/1845 1901/2531 2061/2078
f 2009/2079 2007/2048 1799/2080
f 2033/1990 1837/1989 2233/2082
f 2084/1876 1723/1780 1727/1779
f 1881/2084 1877/3191 1875/2085
f 2043/2079 2042/1869 1859/1868
f 1906/1896 1802/2338 1801/2030
f 1864/2088 1866/2023 2044/2089
f 2046/1821 1865/2347 1863/2033
f 2011/2027 1806/2026 1805/2091
f 1869/2093 1870/1927 2044/2089
f 2626/2094 2636/2840 1867/2095
f 1918/2346 2075/3192 1689/2099
f 2075/3192 2308/2097 1689/2099
f 2354/2100 2320/3193 1891/2101
f 1947/2103 1730/1886 1944/2104
f 1872/2106 1874/2035 2050/2107
f 1880/2109 1876/2201 1878/2110
f 2098/2112 1792/2003 1993/2113
f 2058/2115 1885/2124 2251/2116
f 1877/2118 1878/1816 1871/2054
f 1871/2119 1873/2339 2504/2034
f 1737/2121 1739/2017 1734/2019
f 2056/2123 1889/2684 1885/2124
f 2513/2125 1778/1974 1766/1976
f 1716/2127 1712/2164 1714/2128
f 2328/2129 1835/2149 1833/2130
f 2614/1933 1759/1932 2591/2132
f 1887/2134 1884/2374 2298/2135
f 2456/2137 2278/2897 1784/2138
f 1881/2152 1882/2111 1878/2110
f 2036/2153 1857/3194 2039/2154
f 2102/2156 1790/2241 2001/2157
f 2325/2159 1829/2144 1827/2142
f 1888/2160 1883/1971 2055/2161
f 1758/2163 1756/1963 1908/2164
f 2141/2062 2024/2061 1852/2182
f 1934/1929 2061/2078 1900/2183
f 1985/2184 1765/3074 2612/2185
f 1855/2015 2036/2153 2130/2155
f 2218/2187 1997/2426 2145/2188
f 1704/1812 2079/2269 2309/2194
f 2079/2269 2127/2192 2309/2194
f 1914/2195 2074/2366 2268/1829
f 2078/2193 2127/2192 2270/1802
f 2127/2192 2080/2197 2270/1802
f 2478/2198 1907/2532 2125/2199
f 1875/2085 2050/2107 2052/1817
f 1937/1855 2066/2412 1898/2202
f 1780/2203 2096/2302 1995/2009
f 2076/2207 1694/3195 1700/1823
f 1705/2209 2080/2413 1926/2210
f 2484/2211 1772/2288 2199/2212
f 2536/2200 2125/2199 2070/2214
f 2024/2061 1856/2263 2035/2216
f 2107/2220 2025/2335 2231/2221
f 2546/2223 2142/3039 2651/2224
f 2314/2226 1769/1955 1976/1957
f 2071/2047 1950/2046 1753/2228
f 2112/2230 2133/2365 2352/2231
f 2619/2232 2089/2519 2652/2233
f 2550/2235 2528/2711 2088/2236
f 2105/2240 2141/2062 2023/2157
f 2287/2242 2119/2273 2118/2243
f 2240/2245 2037/2350 2022/2246
f 1930/1850 2062/2059 1902/2248
f 2031/2249 2027/2951 2233/2250
f 2138/2252 2031/2249 2236/2251
f 1840/2254 2028/1993 2359/2077
f 2360/2072 1989/2071 1681/2255
f 1798/2257 1906/1896 2008/2049
f 2137/2259 2027/2947 2234/2260
f 1864/2081 1863/2559 2042/1869
f 1722/1884 2084/1876 1945/1987
f 2106/2262 2139/2075 2035/2216
f 2219/2264 2278/2897 2101/2265
f 2452/2267 2316/2031 2101/2265
f 1698/1825 2077/2208 2127/2192
f 2525/2215 2070/2214 2332/2270
f 2288/2272 2120/2930 2119/2273
f 2534/2274 2124/2892 2331/2275
f 2289/1858 2121/1857 2120/2277
f 2535/2279 1908/2414 1756/2280
f 2336/2282 1976/1957 1753/2283
f 2092/2227 1976/1957 2336/2282
f 2276/2285 2092/2227 2093/2238
f 2258/2287 1973/2329 2094/2190
f 2098/2289 2129/2158 2000/2004
f 2041/2016 2130/2155 2038/1902
f 2542/2291 2132/3044 2647/2292
f 2130/2155 2039/2154 1853/2294
f 1794/2295 2102/2156 2129/2158
f 1858/2296 2106/2060 2141/2062
f 2083/2297 2135/2105 1913/1808
f 2490/2298 2550/2235 2143/2237
f 1864/2300 2043/2050 2026/2024
f 1782/2301 1786/2794 2099/2206
f 1776/2304 1985/2184 2644/2186
f 2537/2306 1968/2924 2246/2307
f 2020/1900 1812/1899 1814/1781
f 2040/2309 2144/2014 2041/2016
f 1779/2310 1783/2633 2103/2219
f 1781/2311 2095/2313 2003/1834
f 1858/2315 2108/2073 2139/2075
f 2361/2317 2140/2337 1988/2318
f 1703/2320 2080/2197 2127/2192
f 1688/2321 1918/2346 2341/2322
f 1804/2323 1806/2026 2010/2025
f 2013/2092 1805/2091 1803/1794
f 2747/2325 2538/2844 2126/2326
f 2202/1954 1774/1953 1978/1959
f 2129/2158 2001/2157 1788/2182
f 2235/2330 2029/2428 2032/2331
f 1813/2333 1811/1904 2018/2043
f 1796/2087 1795/2380 2007/2048
f 2025/2335 2138/2252 2358/2253
f 2139/2075 2036/2074 1855/2015
f 2180/2336 1987/2538 2140/2337
f 1802/2338 2011/2027 2013/2092
f 2107/2340 2137/2259 2356/2261
f 2607/2342 2622/2945 2111/2343
f 1688/2321 1684/3196 2269/2345
f 2269/2345 2075/3192 1918/2346
f 1865/2347 2110/1820 2044/2089
f 1838/2348 2033/1990 2357/2083
f 2240/2245 2237/2332 2032/2331
f 2477/1911 2549/2020 1955/2022
f 2501/2351 1974/2641 2128/2352
f 1729/2354 1947/2103 2135/2105
f 2135/2105 1944/2104 1687/2355
f 2300/2356 2354/2100 2060/2102
f 1794/2358 2098/2112 2134/2114
f 2643/2353 2128/2352 1959/2360
f 2257/2362 2355/2406 2136/2363
f 2133/2365 2054/2931 2298/2135
f 2074/2366 1914/2195 2341/2322
f 1918/2346 1689/2099 2307/2367
f 1868/2368 1864/2088 2045/2090
f 2745/2369 2507/2768 1972/2370
f 1703/2320 2077/2208 1924/1827
f 1973/2329 1978/1959 2335/2373
f 2335/2373 1978/1959 1754/2286
f 2113/2162 2055/2161 1884/2374
f 1886/2376 2058/2115 2353/2117
f 1877/2378 1872/2106 2051/2108
f 1890/2379 2056/2123 2058/2115
f 2008/2049 2007/2048 1795/2380
f 2527/2381 2073/3040 1958/2382
f 2111/2343 2049/3035 2523/2384
f 2134/2114 1993/2113 1791/2386
f 1808/2334 2018/2043 2019/1898
f 2541/2388 1953/3045 2580/2389
f 2583/2391 1957/3031 2648/2392
f 2506/2394 2473/2450 2016/2395
f 2443/2397 2345/2820 2131/2398
f 2057/2400 2054/2931 2251/2116
f 2293/1844 2123/1843 2122/2402
f 1980/2165 1908/2164 1752/2127
f 2097/2359 2134/2114 1992/2387
f 2282/2405 2115/2946 2136/2363
f 1852/2182 2024/2061 2144/2014
f 2368/2189 2145/2188 1994/2407
f 2523/2384 2049/3035 2047/2409
f 1800/2324 2010/2025 2011/2027
f 2050/2107 1874/2035 1873/2339
f 1879/2086 1875/2085 1876/2201
f 1710/2411 1899/2611 2066/2412
f 2080/2413 1703/2320 1697/2372
f 2469/1913 1752/1912 1908/2414
f 2326/2415 1831/2146 1829/1907
f 2511/2281 1756/2280 2263/2417
f 2327/2131 1833/2130 1831/2146
f 2014/2396 2017/3022 2474/2419
f 2545/2420 1959/2360 2508/2421
f 1861/2423 2109/1867 2026/2024
f 1749/2424 2087/2012 1951/1839
f 1784/2138 1995/2009 2369/2011
f 2006/2309 2146/2002 2000/2004
f 2440/2425 2344/2796 1997/2426
f 1787/2290 2104/1901 2146/2002
f 2321/1866 1821/1865 1835/2149
f 2104/1901 1791/2386 1993/2113
f 2229/2427 2022/2962 2029/2428
f 1691/2429 1919/3183 1915/1997
f 1702/2431 1925/1994 1928/1996
f 1819/2432 2034/1991 2028/1993
f 1842/2433 2030/1988 2033/1990
f 1725/2434 2085/1986 1945/1987
f 2655/2435 2147/2439 1982/2436
f 2621/2438 2091/2763 2147/2439
f 2635/2440 1771/2746 1969/2441
f 1975/2442 1986/3034 2595/2443
f 2112/2230 2053/2968 2249/2445
f 2072/2446 1984/3033 2499/2447
f 2015/2449 2016/2395 2473/2450
f 2729/2455 2553/2975 1973/2329
f 2727/2456 2554/2762 2148/2457
f 2725/2459 2499/3148 1984/2460
f 1909/2468 2378/2750 2718/2469
f 1971/2191 1764/2021 2187/2471
f 1772/2288 1971/2191 2380/2473
f 2557/2481 1961/2982 2255/2482
f 2714/2484 2558/2727 2149/2485
f 2712/2487 2530/2637 2090/2488
f 1966/2490 1767/3071 2196/2491
f 2193/2494 1770/3070 1966/2490
f 2391/2500 1957/3031 2583/2391
f 2392/2502 2150/2725 2663/2503
f 2707/2505 2194/2714 1962/2506
f 2151/1930 1934/1929 1709/1784
f 1936/2508 2151/1930 1935/1786
f 1706/2509 1933/1846 2151/1930
f 2607/2510 2048/3030 2047/2409
f 2561/2512 1960/2992 2184/2513
f 2702/2515 2562/2687 2152/2516
f 2700/2518 2529/2957 2089/2519
f 2617/2521 2073/3029 1905/2522
f 2153/2524 2057/2998 2254/2525
f 2053/2527 2153/2524 2399/2526
f 1888/2529 2113/1917 2400/1919
f 1932/1847 2065/1916 1901/2531
f 2490/2298 1954/2299 1907/2532
f 2154/1903 2005/1902 1789/2294
f 1992/2534 2154/1903 2004/2533
f 1791/2386 2104/1901 2154/1903
f 1810/1961 2019/1898 2020/1900
f 2009/1897 1906/1896 1798/2257
f 2155/1894 1943/1893 1684/2536
f 1944/2104 2155/1894 1942/1799
f 1730/1886 1946/1892 2155/1894
f 2227/2537 1996/2795 1987/2538
f 1946/1888 1948/2541 2217/2539
f 2401/1887 1947/2542 1948/2541
f 1947/2542 1729/3197 2176/2543
f 2563/2544 1905/2522 2472/2545
f 2564/2547 2156/3028 2669/2548
f 2574/2550 1909/3026 2670/2551
f 1714/2128 2082/1870 1941/1876
f 2406/1875 1991/1874 1678/2296
f 2407/2554 2157/2557 1990/2555
f 2219/2264 1998/2266 2157/2557
f 1715/2008 2082/1870 1940/1872
f 1865/2347 2109/1867 2042/1869
f 2285/2560 2117/2570 2116/2561
f 2687/2562 2408/2651 1975/2563
f 2685/2565 2409/2646 2158/2566
f 2683/2568 2314/2226 2092/2227
f 2286/2244 2118/2243 2117/2570
f 1931/2573 2159/1848 1930/1850
f 1706/2574 1938/2575 2159/1848
f 1938/2575 1711/1831 1939/1929
f 1694/2577 2081/1840 1927/1841
f 1740/2578 2086/1837 1949/1839
f 2412/2579 2160/2583 2002/2580
f 2315/2582 2100/2632 2160/2583
f 1785/2312 2003/1834 2413/1836
f 1939/1833 2063/1832 1897/2585
f 1921/1822 1922/1824 1702/2431
f 2169/2594 1685/3198 1692/2602
f 1692/2602 1911/1796 2169/2594
f 1695/2595 1698/1825 2079/2269
f 1687/2355 1693/2196 1912/2596
f 1920/1805 1916/1807 1689/2597
f 2162/2599 1925/1804 1702/2431
f 1700/1823 1927/1841 2162/2599
f 2162/2599 1927/1841 2309/2194
f 1927/1841 1704/1812 2309/2194
f 1687/2355 1942/1799 1914/1801
f 1912/2600 1693/2196 2168/1828
f 1910/2592 1911/1796 2418/2601
f 1692/2602 1912/2600 2418/2601
f 2674/2604 2420/2627 2171/2605
f 1986/2607 2421/3138 2675/2608
f 2474/2419 2017/3022 2015/2344
f 1935/1786 2064/1785 1899/2611
f 2578/2612 2177/3143 2284/2613
f 2676/2616 2421/3138 1904/2617
f 2678/2620 2303/2624 1674/2621
f 2570/2625 2069/2629 2303/2624
f 2681/2603 2419/1791 2420/2627
f 1919/2630 1691/1798 2271/1797
f 1916/2631 1690/1806 2416/2587
f 1690/1806 1919/2630 2415/2590
f 1916/2631 2416/2587 2307/2367
f 2277/2584 2413/1836 2160/2583
f 1783/2633 2315/2582 2412/2579
f 2103/2219 2412/2579 2179/2581
f 1826/2179 2286/2244 2285/2560
f 2682/2634 2422/2638 2411/2635
f 2530/2637 2312/2732 2422/2638
f 2634/2639 1769/1955 2314/2226
f 2620/2645 2090/2488 2409/2646
f 2671/2567 2158/2566 2408/2651
f 1824/2166 2285/2560 2283/1842
f 1780/2652 2219/2264 2407/2554
f 2096/2653 2407/2554 2213/2556
f 2157/2557 2406/1875 2181/2553
f 2688/2654 2405/3025 2566/2655
f 2689/2657 2425/3127 2690/2658
f 2470/2660 2167/3144 2691/2661
f 2692/2663 2404/3118 2565/2664
f 2693/2666 2426/3123 2694/2667
f 2668/2669 2403/3128 2695/2670
f 2696/2672 2172/2997 2576/1922
f 2697/2674 2427/3117 2698/2675
f 2667/2677 2402/3027 2699/2678
f 1785/2312 2227/2537 2180/2336
f 2594/2681 2209/2874 2188/2682
f 2297/2530 2400/1919 2153/2524
f 2249/2528 2399/2526 2056/2123
f 2399/2526 2254/2525 1889/2684
f 2513/2685 2267/3145 2164/2686
f 2562/2687 2700/2518 2398/2520
f 2666/2688 2701/2691 2428/2689
f 2701/2691 2633/2038 2311/2692
f 2494/2693 2702/2515 2397/2517
f 2598/2695 2703/2698 2429/2696
f 2703/2698 2666/2688 2396/2690
f 2704/2514 2184/2513 1761/2699
f 2705/2701 2430/2705 2183/2702
f 2665/2704 2395/2994 2430/2705
f 2503/2706 2242/3146 2241/2707
f 2706/2708 2431/2712 2394/2709
f 2528/2711 2310/2903 2431/2712
f 2632/2713 1763/2454 2194/2714
f 2432/2715 2393/2724 2559/2716
f 2272/2718 2432/2715 2708/2717
f 2088/2236 2392/2502 2709/2504
f 2433/2721 2189/3147 2479/2722
f 2393/2724 2433/2721 2710/2723
f 2150/2725 2391/2500 2711/2501
f 1963/1956 1769/1955 2195/2498
f 1962/1936 2389/1935 2390/2497
f 1962/1936 1964/2499 2250/2496
f 1961/2726 2388/2493 2387/2492
f 2558/2727 2712/2487 2386/2489
f 2662/2728 2713/2731 2434/2729
f 2713/2731 2634/2639 2312/2732
f 2487/2733 2714/2484 2385/2486
f 2591/2735 2715/2738 2435/2736
f 2715/2738 2662/2728 2384/2730
f 2716/2483 2255/2482 1760/2739
f 2717/2741 2436/2745 2185/2742
f 2661/2744 2383/2984 2436/2745
f 1771/2746 2200/2479 2382/2478
f 1960/1945 2381/1944 2382/2478
f 1970/2480 2174/2476 2184/2475
f 1968/1946 2380/2473 2379/2472
f 2378/2750 2072/2756 2616/2751
f 2376/2463 2377/2467 2723/2760
f 2554/2762 2725/2459 2375/2461
f 2507/2768 2727/2456 2374/2458
f 2484/2211 2729/2455 2258/2287
f 2588/2773 2730/2776 2439/2774
f 2730/2776 2657/2976 2372/2777
f 2284/2778 2173/2821 2577/2779
f 2266/2781 2232/3149 2603/2782
f 2281/2377 2249/2445 1890/2784
f 2204/2785 2210/3150 2491/2786
f 2313/2770 2371/2963 2552/2788
f 2275/2765 2370/2790 2551/2789
f 2370/2790 2230/3151 2602/2791
f 1847/2792 2229/2427 2235/2330
f 2116/2561 2321/1866 2328/2129
f 2216/1889 2440/2425 2218/2187
f 1996/2795 2346/2399 2440/2425
f 2346/2399 2131/2398 2344/2796
f 2178/2139 2369/2011 2145/2188
f 2731/2797 2253/3152 2612/2185
f 2732/2799 2441/3086 2733/2800
f 2649/2802 2362/3038 2734/2803
f 2245/2805 2177/3143 2578/2612
f 2122/2402 2327/2131 2326/2415
f 2533/2807 2735/2418 2263/2417
f 2736/2808 2442/2812 2329/2809
f 2615/2811 2265/2884 2442/2812
f 2121/1857 2326/2415 2325/2416
f 2573/2813 2166/2999 2333/2814
f 2627/2816 2296/3153 2294/2817
f 2099/2206 2368/2189 2214/2408
f 2114/2818 1893/1905 2282/2405
f 1836/2169 2293/1844 2291/1856
f 2254/2401 2251/2116 1885/2124
f 2227/2537 2443/2397 2346/2399
f 1785/2312 2277/2584 2443/2397
f 2277/2584 2100/2632 2345/2820
f 2610/2806 2577/2779 2173/2821
f 2737/2822 2351/3042 2544/2823
f 2738/2825 2444/3080 2739/2826
f 2479/2722 2189/3147 2740/2828
f 2741/2830 2185/3154 2476/2831
f 2742/2833 2445/3075 2743/2834
f 2645/2836 2348/3043 2744/2837
f 2318/2839 2296/3153 2627/2816
f 2631/2841 2306/3155 2292/2842
f 2281/2377 2353/2117 2133/2365
f 2538/2844 2745/2369 2340/2371
f 2642/2845 2746/2848 2446/2846
f 2746/2848 2611/2769 2247/2849
f 2352/2231 2298/2135 1884/2374
f 2114/2818 2355/2406 2257/2362
f 2342/2850 2191/3156 2481/2039
f 2059/2364 2136/2363 2354/2100
f 2239/2644 2342/2850 2539/2851
f 2581/2852 2653/2961 2366/2853
f 1849/1882 1850/1881 2237/2332
f 2279/2349 2357/2083 2137/2259
f 2503/1789 2518/2120 2280/2855
f 2317/2341 2356/2261 2034/2857
f 1781/2680 2180/2336 2361/2317
f 2231/2221 2358/2253 2030/1988
f 1848/2793 2235/2330 2237/2332
f 2505/2860 2747/2325 2339/2327
f 2609/2861 2748/2864 2447/2862
f 2748/2864 2642/2845 2338/2847
f 2095/2859 2361/2317 2182/2319
f 2749/2308 2246/2307 1762/2611
f 2750/2867 2448/2871 2197/2868
f 2641/2870 2337/2926 2448/2871
f 2203/2650 2343/2929 2540/2872
f 2594/2681 2654/2902 2367/2873
f 2751/2875 2350/3076 2543/2876
f 2752/2878 2449/3059 2753/2879
f 2646/2881 2349/3083 2754/2882
f 2639/2815 2333/2814 2265/2884
f 1832/2173 2289/1858 2288/2278
f 2524/2885 2755/2276 2331/2275
f 2756/2887 2450/2891 2301/2888
f 2756/2887 2638/2893 2330/2890
f 1830/2176 2288/2272 2287/2242
f 2757/2271 2332/2270 2124/2892
f 2638/2893 2758/2896 2451/2894
f 2629/2895 2304/2923 2451/2894
f 2345/2820 2452/2267 2347/2268
f 2100/2632 2315/2582 2452/2267
f 2315/2582 1783/2633 2316/2031
f 1780/2652 1784/2138 2278/2897
f 2356/2261 2234/2260 1820/2898
f 2140/2337 2360/2072 2212/2256
f 2260/2057 2359/2077 2138/2252
f 2358/2253 2236/2251 1841/2899
f 2236/2251 2233/2250 1837/2900
f 1849/1882 2240/2245 2229/2247
f 1828/2177 2287/2242 2286/2244
f 2654/2902 2632/2713 2310/2903
f 2759/2904 2365/3037 2548/2905
f 2760/2907 2453/3053 2761/2908
f 2515/1923 2273/3157 2762/2910
f 2319/1973 2352/2231 2055/2161
f 2763/2912 2364/3087 2547/2913
f 2764/2915 2454/3048 2765/2916
f 2650/2918 2363/3057 2766/2919
f 2279/2222 2231/2221 1842/2433
f 2640/2922 2334/2928 2304/2923
f 2767/2213 2199/2212 1968/2924
f 2768/2925 2455/2927 2337/2926
f 2588/2773 2201/2775 2455/2927
f 2582/2683 2188/2682 2334/2928
f 1786/2794 2218/2187 2368/2189
f 2343/2929 2253/3152 2508/2421
f 2120/2930 2325/2159 2324/2068
f 2344/2796 2456/2137 2178/2139
f 2131/2398 2347/2268 2456/2137
f 2347/2268 2101/2265 2278/2897
f 2299/2136 2298/2135 2054/2931
f 2769/2932 2205/3158 2487/2933
f 2770/2935 2457/3041 2771/2936
f 2510/2938 2262/2988 2772/2939
f 2123/1843 2328/2129 2327/2131
f 2617/2941 2267/3159 2190/2942
f 2280/2855 2243/3160 2608/2944
f 2353/2117 2251/2116 2054/2931
f 2115/2946 2320/3193 2354/2100
f 2522/2610 2532/2385 2318/2839
f 2357/2083 2233/2082 2027/2947
f 2359/2077 2259/2045 2031/2249
f 2029/2428 2175/2001 2170/2076
f 1987/2538 2211/1891 2360/2072
f 2037/2350 2032/2331 2170/2076
f 2119/2273 2324/2068 2323/1859
f 2037/2350 2290/2063 2252/2065
f 2317/2058 2260/2057 2025/2335
f 2221/2948 2226/3161 2600/2949
f 2259/2045 2234/2044 2027/2951
f 2773/2952 2191/3156 2585/2361
f 2774/2954 2458/3036 2775/2955
f 2529/2957 2311/2692 2776/2958
f 2596/2950 2599/2973 2224/2960
f 2608/2944 2243/3160 2241/2707
f 1998/2266 2101/2265 2316/2031
f 2653/2961 2618/2720 2272/2718
f 2369/2011 2165/2010 1994/2407
f 2022/2962 2252/1999 2175/2001
f 2371/2963 2206/3162 2592/2964
f 2238/2965 2228/3163 2497/2966
f 2319/1973 2297/1972 2053/2968
f 2305/2969 2208/3164 2593/2970
f 2222/2972 2224/2960 2599/2973
f 2553/2975 2777/1952 2202/1954
f 2657/2976 2778/2978 2459/2977
f 2778/2978 2593/3032 2208/2979
f 1768/1984 1969/2441 2381/1944
f 2781/1942 2193/1941 1961/2982
f 2782/2983 2460/2985 2383/2984
f 2620/2645 2274/3134 2460/2985
f 1963/1956 2389/1935 2194/1934
f 2783/2987 2461/2989 2262/2988
f 2560/2710 2394/2709 2461/2989
f 2664/2507 1962/2506 2248/2990
f 2522/2991 2295/3166 2294/2817
f 2785/1925 2192/1924 1960/2992
f 2786/2993 2462/2995 2395/2994
f 2619/2232 2273/3157 2462/2995
f 2527/2996 2306/3167 2172/2997
f 2400/1919 2299/1918 2057/2998
f 2581/2852 2186/2854 2166/2999
f 1996/2795 2216/1889 2211/1891
f 2787/3000 2164/2686 2572/2523
f 2788/3002 2463/3024 2789/3003
f 2483/3005 2198/3168 2790/3006
f 1998/2266 2225/1873 2406/1875
f 2117/2570 2322/1861 2321/1866
f 2791/3008 2464/3011 2238/3009
f 2568/2636 2411/2635 2464/3011
f 2672/2569 2092/2227 2276/2285
f 2118/2243 2323/1859 2322/1861
f 1834/2171 2291/1856 2289/1858
f 2793/1851 2302/1853 1677/3012
f 2794/3014 2465/3017 2261/3015
f 2637/2810 2329/2809 2465/3017
f 1822/2167 2283/1842 2293/1844
f 2413/1836 2220/1835 2002/2580
f 2466/1830 2268/1829 2074/2366
f 2417/2591 2466/1830 2414/2589
f 1910/2592 2168/1828 2466/1830
f 2795/3018 2264/3020 2069/2629
f 2601/3021 1755/3047 2264/3020
f 2600/2949 2226/3161 2222/2856
f 2017/3022 2600/2949 2597/2342
f 2228/3023 2796/3019 2795/3018
f 2124/2892 2637/2810 2794/3014
f 2331/2275 2794/3014 2613/3016
f 2465/3017 2793/1851 2509/3013
f 2411/2635 2672/2569 2792/1862
f 2158/2566 2568/2636 2791/3008
f 2408/2651 2791/3008 2500/3010
f 2797/3007 2790/3006 2463/3024
f 2670/2551 2797/3007 2788/3002
f 1909/3026 2483/3005 2797/3007
f 2798/3004 2789/3003 2402/3027
f 2566/2655 2798/3004 2667/2677
f 2405/3025 2788/3002 2798/3004
f 2799/3001 2572/2523 1905/2522
f 2789/3003 2799/3001 2563/2544
f 2463/3024 2787/3000 2799/3001
f 1954/2299 2581/2852 2573/2813
f 2073/3029 2527/2996 2472/2545
f 2089/2519 2619/2232 2786/2993
f 2398/2520 2786/2993 2665/2704
f 2462/2995 2785/1925 2561/2512
f 2048/3030 2522/2991 2521/2410
f 2394/2709 2664/2507 2784/1931
f 2150/2725 2560/2710 2783/2987
f 2391/2500 2783/2987 2510/2938
f 2090/2488 2620/2645 2782/2983
f 2386/2489 2782/2983 2661/2744
f 2460/2985 2781/1942 2557/2481
f 2302/1853 2068/1852 2555/2761
f 2779/1950 2780/2981 2376/2463
f 2167/1951 2376/2463 2659/2462
f 2375/2461 1984/2460 2593/3032
f 2148/2457 2375/2461 2778/2978
f 2372/2777 2459/2977 2777/1952
f 2597/2974 2599/2973 2016/2395
f 2526/2971 2593/2970 1984/3033
f 2500/2967 2497/2966 1986/3034
f 2147/2439 2552/2788 2592/2964
f 2143/2237 2088/2236 2618/2720
f 2049/3035 2608/2944 2606/2511
f 2014/2396 2016/2395 2599/2973
f 2800/2959 2776/2958 2458/3036
f 2652/2233 2800/2959 2774/2954
f 2089/2519 2529/2957 2800/2959
f 2801/2956 2775/2955 2362/3038
f 2548/2905 2801/2956 2649/2802
f 2365/3037 2774/2954 2801/2956
f 2802/2953 2585/2361 1959/2360
f 2775/2955 2802/2953 2545/2420
f 2458/3036 2773/2952 2802/2953
f 2596/2950 2600/2949 2017/3022
f 2048/2344 2111/2343 2532/2385
f 2622/2945 2608/2944 2049/3035
f 2073/3040 2617/2941 2584/2943
f 2803/2940 2772/2939 2457/3041
f 2648/2392 2803/2940 2770/2935
f 1957/3031 2510/2938 2803/2940
f 2804/2937 2771/2936 2348/3043
f 2544/2823 2804/2937 2645/2836
f 2351/3042 2770/2935 2804/2937
f 2805/2934 2487/2933 1953/3045
f 2771/2936 2805/2934 2541/2388
f 2457/3041 2769/2932 2805/2934
f 2128/2352 2540/2872 2508/2421
f 1751/2284 2582/2683 2640/2922
f 1972/2370 2588/2773 2768/2925
f 2340/2371 2768/2925 2641/2870
f 2455/2927 2767/2213 2537/2306
f 2071/3046 2640/2922 2629/2895
f 2806/2920 2766/2919 2454/3048
f 2498/3049 2806/2920 2764/2915
f 1982/3051 2650/2918 2806/2920
f 2807/2917 2765/2916 2190/2942
f 1766/1976 2602/3052 2807/2917
f 2230/3050 2764/2915 2807/2917
f 2808/2914 2547/2913 1958/2382
f 2765/2916 2808/2914 2584/2943
f 2454/3048 2763/2912 2808/2914
f 2809/2911 2762/2910 2453/3053
f 2488/3054 2809/2911 2760/2907
f 1768/3056 2515/1923 2809/2911
f 2810/2909 2761/2908 2363/3057
f 2592/3058 2810/2909 2650/2918
f 2206/3055 2760/2907 2810/2909
f 2811/2906 2548/2905 2142/3039
f 2761/2908 2811/2906 2546/2223
f 2453/3053 2759/2904 2811/2906
f 1977/2453 1763/2454 2632/2713
f 1755/3047 2629/2895 2758/2896
f 2069/2629 2264/3020 2758/2896
f 2330/2890 2451/2894 2757/2271
f 2303/2624 2069/2629 2638/2893
f 2303/2624 2756/2887 2628/2889
f 2301/2888 2450/2891 2755/2276
f 2125/2199 2639/2815 2615/2811
f 2812/2883 2754/2882 2449/3059
f 2505/3060 2812/2883 2752/2878
f 1967/3062 2646/2881 2812/2883
f 2813/2880 2753/2879 2183/3063
f 2609/3065 2813/2880 2475/3064
f 2244/3061 2752/2878 2813/2880
f 2814/2877 2543/2876 1952/3066
f 2753/2879 2814/2877 2579/3067
f 2449/3059 2751/2875 2814/2877
f 1753/2283 1977/2453 2654/2902
f 1974/2641 2589/2648 2540/2872
f 2126/2326 2641/2870 2750/2867
f 2339/2327 2750/2867 2586/2869
f 2448/2871 2749/2308 2482/2866
f 2174/3068 1970/3073 2642/2845
f 1761/3069 2174/3068 2748/2864
f 2244/2863 2447/2862 2747/2325
f 1872/1788 1871/2119 2518/2120
f 1954/2299 2143/2237 2653/2961
f 1770/3070 2605/2642 2539/2851
f 1966/2490 2539/2851 2481/2039
f 2200/3072 1771/2746 2611/2769
f 1970/3073 2200/3072 2746/2848
f 2338/2847 2446/2846 2745/2369
f 1777/1980 2631/2841 2624/2843
f 2636/2840 2627/2816 1869/2093
f 2815/2838 2744/2837 2445/3075
f 2647/2292 2815/2838 2742/2833
f 2132/3044 2645/2836 2815/2838
f 2816/2835 2743/2834 2223/3077
f 2543/2876 2816/2835 2494/3078
f 2350/3076 2742/2833 2816/2835
f 2817/2832 2476/2831 1760/2423
f 2743/2834 2817/2832 2598/3079
f 2445/3075 2741/2830 2817/2832
f 2818/2829 2740/2828 2444/3080
f 2482/3081 2818/2829 2738/2825
f 1762/2585 2479/2722 2818/2829
f 2819/2827 2739/2826 2349/3083
f 2586/3084 2819/2827 2646/2881
f 2197/3082 2738/2825 2819/2827
f 2820/2824 2544/2823 2132/3044
f 2739/2826 2820/2824 2542/2291
f 2444/3080 2737/2822 2820/2824
f 1805/2091 1806/2026 2577/2779
f 1869/2093 2627/2816 2625/1928
f 1907/2532 2573/2813 2639/2815
f 2070/2214 2615/2811 2736/2808
f 2332/2270 2736/2808 2637/2810
f 2329/2809 2442/2812 2735/2418
f 2610/2806 2578/2612 1803/3085
f 2821/2804 2734/2803 2441/3086
f 2651/2224 2821/2804 2732/2799
f 2142/3039 2649/2802 2821/2804
f 2822/2801 2733/2800 2292/2842
f 2547/2913 2822/2801 2520/2383
f 2364/3087 2732/2799 2822/2801
f 2823/2798 2612/2185 1765/3074
f 2733/2800 2823/2798 2624/2843
f 2441/3086 2731/2797 2823/2798
f 1981/3088 2551/2789 2602/2791
f 1773/3090 2517/2766 2551/2789
f 2091/2763 2531/2771 2552/2788
f 2486/2787 2491/2786 1777/1980
f 2512/2783 2603/2782 1773/3091
f 1804/3092 2623/2780 2577/2779
f 2374/2458 2148/2457 2657/2976
f 1972/2370 2374/2458 2730/2776
f 2201/2775 2439/2774 2729/2455
f 2531/2771 2658/2764 2845/3093
f 2373/3094 2438/3096 2845/3093
f 2438/3096 2728/2772 2845/3093
f 2635/2440 2728/2772 2846/3095
f 2438/3096 2247/2849 2846/3095
f 2247/2849 2611/2769 2846/3095
f 2247/2849 2438/3096 2727/2456
f 2517/2766 2603/3098 2847/3097
f 2232/3099 2437/3101 2847/3097
f 2437/3101 2726/2767 2847/3097
f 2621/2438 2726/2767 2848/3100
f 2437/3101 2373/3094 2848/3100
f 2373/3094 2658/2764 2848/3100
f 2373/3094 2437/3101 2725/2459
f 2555/2761 2556/2465 2377/2467
f 2723/2760 2660/2754 2072/2756
f 2263/2417 1756/2280 2630/2758
f 2721/2466 2722/2757 2305/2759
f 2377/2467 2305/2759 2526/2755
f 2587/2753 2512/3102 1778/3104
f 2149/2485 2661/2744 2717/2741
f 2385/2486 2717/2741 2580/2743
f 2436/2745 2716/2483 2476/2740
f 2250/3106 1964/3108 2662/2728
f 1759/3092 2250/3106 2715/2738
f 2205/2737 2435/2736 2714/2484
f 2195/3107 1769/1955 2634/2639
f 1964/3108 2195/3107 2713/2731
f 2384/2730 2434/2729 2712/2487
f 2663/2503 2711/2501 2433/2721
f 2559/2716 2710/2723 2207/3109
f 2710/2723 2479/2722 1762/2585
f 2618/2720 2709/2504 2432/2715
f 2514/2719 2708/2717 2187/3111
f 2708/2717 2559/2716 1956/3110
f 2310/2903 2632/2713 2707/2505
f 2088/2236 2528/2711 2706/2708
f 2392/2502 2706/2708 2560/2710
f 1872/3112 2503/2706 2502/2036
f 2152/2516 2665/2704 2705/2701
f 2397/2517 2705/2701 2579/2703
f 2430/2705 2704/2514 2475/2700
f 2256/3113 1965/3115 2666/2688
f 1760/2333 2256/3113 2703/2698
f 2223/2697 2429/2696 2702/2515
f 2196/3114 1767/3071 2633/2038
f 1965/3115 2196/3114 2701/2691
f 2396/2690 2428/2689 2700/2518
f 1778/3116 2513/2685 2468/1878
f 1753/2283 2594/2681 2582/2683
f 2824/2679 2699/2678 2427/3117
f 2669/2548 2824/2679 2697/2674
f 2156/3028 2667/2677 2824/2679
f 2825/2676 2698/2675 2163/3119
f 2565/2664 2825/2676 2571/3120
f 2404/3118 2697/2674 2825/2676
f 2826/2673 2576/1922 1675/1921
f 2698/2675 2826/2673 2467/3122
f 2427/3117 2696/2672 2826/2673
f 2827/2671 2695/2670 2426/3123
f 2524/2885 2827/2671 2693/2666
f 2067/2886 2668/2669 2827/2671
f 2828/2668 2694/2667 2171/3124
f 2628/2889 2828/2668 2575/3125
f 2301/2888 2693/2666 2828/2668
f 2829/2665 2565/2664 1904/3121
f 2694/2667 2829/2665 2471/3126
f 2426/3123 2692/2663 2829/2665
f 2830/2662 2691/2661 2425/3127
f 2509/3013 2830/2662 2689/2657
f 1677/3012 2470/2660 2830/2662
f 2831/2659 2690/2658 2403/3128
f 2613/3016 2831/2659 2668/2669
f 2261/3015 2689/2657 2831/2659
f 2832/2656 2566/2655 2156/3028
f 2690/2658 2832/2656 2564/2547
f 2425/3127 2688/2654 2832/2656
f 2410/3129 2671/2567 2687/2562
f 2589/2648 2567/2640 2849/3131
f 2849/3131 2567/2640 2410/3129
f 2410/3129 2424/3130 2849/3131
f 2485/2305 2686/2649 2850/3132
f 2850/3132 2686/2649 2424/3130
f 2424/3130 2204/3133 2850/3132
f 2274/3134 2620/2645 2685/2565
f 2605/2642 2516/1940 2851/3136
f 2851/3136 2516/1940 2274/3134
f 2274/3134 2423/3135 2851/3136
f 2501/2351 2684/2643 2852/3137
f 2852/3137 2684/2643 2423/3135
f 2423/3135 2410/3129 2852/3137
f 2312/2732 2634/2639 2683/2568
f 2090/2488 2530/2637 2682/2634
f 2409/2646 2682/2634 2568/2636
f 2419/1791 2569/2628 2570/2625
f 2421/3138 2680/2626 2674/2604
f 2420/2627 2679/2623 2678/2620
f 1777/3141 2491/2619 2467/3139
f 1803/3085 2578/2612 2623/2094
f 2177/3143 2474/2419 2519/2610
f 1986/2607 2673/1792 2681/2603
f 2422/2638 2683/2568 2672/2569
f 2423/3135 2685/2565 2671/2567
f 2424/3130 2687/2562 2590/2564
f 2833/2552 2670/2551 2405/3025
f 2691/2661 2833/2552 2688/2654
f 2167/3144 2574/2550 2833/2552
f 2834/2549 2669/2548 2404/3118
f 2695/2670 2834/2549 2692/2663
f 2403/3128 2564/2547 2834/2549
f 2835/2546 2472/2545 2172/2997
f 2699/2678 2835/2546 2696/2672
f 2402/3027 2563/2544 2835/2546
f 2209/2874 2490/2298 2478/2198
f 2267/3145 2617/2521 2572/2523
f 2428/2689 2311/2692 2529/2957
f 2429/2696 2396/2690 2562/2687
f 2395/2994 2561/2512 2704/2514
f 2242/3146 2607/2510 2606/2511
f 2431/2712 2707/2505 2664/2507
f 2709/2504 2663/2503 2393/2724
f 2711/2501 2583/2391 2189/3147
f 2434/2729 2312/2732 2530/2637
f 2435/2736 2384/2730 2558/2727
f 2383/2984 2557/2481 2716/2483
f 2068/1852 2263/2417 2721/2466
f 2659/2462 2724/2464 2378/2750
f 2437/3101 2232/3099 2499/3148
f 2438/3096 2373/3094 2554/2762
f 2439/2774 2372/2777 2553/2975
f 2519/2451 2473/2450 2173/2821
f 2616/2448 2499/2447 2232/3149
f 2590/2444 2595/2443 2210/3150
f 2635/2440 2656/1983 2371/2963
f 2621/2438 2655/2435 2370/2790
f 2655/2435 2498/2437 2230/3151
f 2836/2422 2508/2421 2253/3152
f 2734/2803 2836/2422 2731/2797
f 2362/3038 2545/2420 2836/2422
f 2506/2394 2474/2419 2177/3143
f 2265/2884 2511/2281 2735/2418
f 2166/2999 2469/1913 2535/2279
f 2296/3153 2523/2384 2521/2410
f 2245/2805 2173/2821 2473/2450
f 2837/2393 2648/2392 2351/3042
f 2740/2828 2837/2393 2737/2822
f 2189/3147 2583/2391 2837/2393
f 2838/2390 2580/2389 2185/3154
f 2744/2837 2838/2390 2741/2830
f 2348/3043 2541/2388 2838/2390
f 2532/2385 2523/2384 2296/3153
f 2306/3155 2527/2381 2520/2383
f 2446/2846 2247/2849 2507/2768
f 2643/2353 2585/2361 2191/3156
f 2501/2351 2643/2353 2342/2850
f 2186/2854 2366/2853 2549/2020
f 2242/2856 2280/2855 2622/2945
f 2447/2862 2338/2847 2538/2844
f 2337/2926 2537/2306 2749/2308
f 2485/2305 2644/2186 2343/2929
f 2209/2874 2367/2873 2550/2235
f 2839/2293 2647/2292 2350/3076
f 2754/2882 2839/2293 2751/2875
f 2349/3083 2542/2291 2839/2293
f 2333/2814 2535/2279 2511/2281
f 2450/2891 2330/2890 2534/2274
f 2304/2923 2525/2215 2757/2271
f 2367/2873 2310/2903 2528/2711
f 2840/2234 2652/2233 2365/3037
f 2762/2910 2840/2234 2759/2904
f 2273/3157 2619/2232 2840/2234
f 2841/2225 2651/2224 2364/3087
f 2766/2919 2841/2225 2763/2912
f 2363/3057 2546/2223 2841/2225
f 2334/2928 2536/2200 2525/2215
f 2201/2775 2484/2211 2767/2213
f 2188/2682 2478/2198 2536/2200
f 2644/2186 2612/2185 2253/3152
f 2842/2133 2591/2132 2205/3158
f 2772/2939 2842/2133 2769/2932
f 2262/2988 2614/1933 2842/2133
f 2267/3159 2513/2125 2480/2126
f 2518/2120 2504/2034 2243/3160
f 2295/2613 2318/2839 2636/2840
f 2492/2037 2496/1787 2226/3161
f 2843/2040 2481/2039 2191/3156
f 2776/2958 2843/2040 2773/2952
f 2311/2692 2633/2038 2843/2040
f 2221/2948 2224/2960 2495/1962
f 2243/3160 2504/2034 2502/2036
f 2366/2853 2272/2718 2514/2719
f 2656/1983 2488/1985 2206/3162
f 2604/1979 2601/1978 2228/3163
f 2630/1965 2489/1964 2208/3164
f 2493/1960 2495/1962 2224/2960
f 2459/2977 2208/2979 2489/3165
f 1677/3012 2302/1853 2779/1950
f 2274/3134 2516/1940 2781/1942
f 2461/2989 2784/1931 2614/1933
f 2295/3166 2626/1926 2625/1928
f 2273/3157 2515/1923 2785/1925
f 2306/3167 2631/1920 2576/1922
f 2186/2854 2477/1911 2469/1913
f 2844/1879 2468/1878 2164/2686
f 2790/3006 2844/1879 2787/3000
f 2198/3168 2587/1877 2844/1879
f 2464/3011 2792/1862 2604/1864
f 2465/3017 2329/2809 2533/2807
f 2226/3161 2496/1787 2493/1789
o LeftArm
v 8.8125 11.72 -2.8125
v 4.875 11.72 -2.8125
v 4.875 11.72 2.8125
v 8.8125 11.72 2.8125
v 8.25 12.24 2.25
v 8.25 12.24 -2.25
v 3.75 12.24 2.25
v 3.75 12.24 -2.25
v 3.75 11.2 2.25
v 3.75 11.2 -2.25
v 8.25 11.2 -2.25
v 8.25 11.2 2.25
v 3.1875 11.2 2.8125
v 3.1875 11.2 -2.8125
v 8.8125 11.2 -2.8125
v 8.8125 11.2 2.8125
v 3.75 7.04 -2.25
v 3.75 7.04 2.25
v 8.25 7.04 -2.25
v 8.25 7.04 2.25
v 3.1875 7.04 -2.8125
v 3.1875 7.04 2.8125
v 8.8125 7.04 -2.8125
v 8.8125 7.04 2.8125
v 3.75 4.96 -2.25
v 3.75 4.96 2.25
v 8.25 4.96 -2.25
v 8.25 4.96 2.25
v 3.1875 4.96 -2.8125
v 3.1875 4.96 2.8125
v 8.8125 4.96 -2.8125
v 8.8125 4.96 2.8125
v 3.75 -0.24 -2.25
v 3.75 -0.24 2.25
v 8.25 -0.24 -2.25
v 8.25 -0.24 2.25
v 3.1875 0.28 -2.8125
v 3.1875 0.28 2.8125
v 8.8125 0.28 -2.8125
v 8.8125 0.28 2.8125
v 4.875 11.72 -3.375
v 4.875 11.72 3.375
v 4.875 8.6 -2.8125
v 4.875 8.6 2.8125
v 4.875 8.6 -3.375
v 4.875 8.6 3.375
v 6 5.48 -2.8125
v 6 5.48 2.8125
v 6 5.48 -3.375
v 6 5.48 3.375
v 8.8125 5.48 -2.8125
v 8.8125 5.48 2.8125
v 8.8125 8.6 -2.8125
v 8.8125 8.6 2.8125
v 7.125 7.04 2.25
v 4.875 7.04 2.25
v 7.6875 6 2.25
v 4.3125 6 2.25
v 7.6875 6 3.9375
v 7.125 7.04 3.9375
v 4.875 7.04 3.9375
v 4.3125 6 3.9375
v 4.3125 3.92 2.25
v 7.6875 3.92 2.25
v 4.3125 3.92 3.9375
v 7.6875 3.92 3.9375
v 6.5625 11.2 3.375
v 5.4375 11.2 3.375
v 6.5625 7.04 3.375
v 5.4375 7.04 3.375
v 6.5625 7.04 4.5
v 6.5625 11.2 4.5
v 5.4375 11.2 4.5
v 5.4375 7.04 4.5
v 6.2812 12.24 5.625
v 5.7187 12.24 5.625
v 6.2812 6 5.625
v 5.7187 6 5.625
v 6.2812 6 6.75
v 6.2812 12.24 6.75
v 5.7187 12.24 6.75
v 5.7187 6 6.75
v 3.75 2.36 -2.25
v 10.5 2.36 -2.25
v 3.75 2.36 2.25
v 10.5 2.36 2.25
v 5.7187 3.92 5.0625
v 6.2812 3.92 5.0625
v 5.7187 3.92 6.1875
v 6.2812 3.92 6.1875
v 6.2812 6 5.625
v 5.7187 6 5.625
v 6.2812 7.04 4.5
v 5.7187 7.04 4.5
v 6.2812 7.04 5.625
v 5.7187 7.04 5.625
v 6.2812 8.08 4.5
v 5.7187 8.08 4.5
v 6.2812 11.2 5.625
v 5.7187 11.2 5.625
v 6.2812 10.16 4.5
v 5.7187 10.16 4.5
v 6.2812 12.24 5.625
v 5.7187 12.24 5.625
v 6.2812 11.2 4.5
v 5.7187 11.2 4.5
v 3.75 2.36 -3.375
v 10.5 2.36 -3.375
v 3.75 2.36 3.375
v 10.5 2.36 3.375
v 10.5 1.32 2.25
v 3.75 1.32 2.25
v 3.75 1.32 -2.25
v 10.5 1.32 -2.25
v 3.75 -1.8 3.375
v 10.5 -0.76 -3.375
v 10.5 -0.76 3.375
v 3.75 -1.8 -3.375
v 7.125 -1.8 3.375
v 7.125 -1.8 -3.375
v 4.875 0.28 -3.375
v 5.6705 0.5846 -3.375
v 6 1.32 -3.375
v 5.6705 2.0554 -3.375
v 4.875 2.36 -3.375
v 4.0795 2.0554 -3.375
v 3.75 1.32 -3.375
v 4.0795 0.5846 -3.375
v 4.875 0.28 -3.9375
v 5.6705 0.5846 -3.9375
v 6 1.32 -3.9375
v 5.6705 2.0554 -3.9375
v 4.875 2.36 -3.9375
v 4.0795 2.0554 -3.9375
v 3.75 1.32 -3.9375
v 4.0795 0.5846 -3.9375
v 4.875 0.28 3.9375
v 5.6705 0.5846 3.9375
v 6 1.32 3.9375
v 5.6705 2.0554 3.9375
v 4.875 2.36 3.9375
v 4.0795 2.0554 3.9375
v 3.75 1.32 3.9375
v 4.0795 0.5846 3.9375
v 4.875 0.28 3.375
v 5.6705 0.5846 3.375
v 6 1.32 3.375
v 5.6705 2.0554 3.375
v 4.875 2.36 3.375
v 4.0795 2.0554 3.375
v 3.75 1.32 3.375
v 4.0795 0.5846 3.375
v 5.1562 -2.32 -2.5312
v 4.5937 -2.32 -2.5312
v 5.1562 -2.32 -3.6562
v 4.5937 -2.32 -3.6562
v 5.1562 -2.32 3.6562
v 4.5937 -2.32 3.6562
v 5.1562 -2.32 2.5312
v 4.5937 -2.32 2.5312
v 5.7187 1.58 -2.5312
v 5.7187 1.06 -2.5312
v 5.7187 1.58 -3.6562
v 5.7187 1.06 -3.6562
v 9.6562 1.58 -2.5312
v 9.6562 1.06 -2.5312
v 9.6562 1.58 -3.6562
v 9.6562 1.06 -3.6562
v 5.7187 1.58 3.6562
v 5.7187 1.06 3.6562
v 5.7187 1.58 2.5312
v 5.7187 1.06 2.5312
v 9.6562 1.58 3.6562
v 9.6562 1.06 3.6562
v 9.6562 1.58 2.5312
v 9.6562 1.06 2.5312
v 7.4062 1.06 3.6562
v 6.8437 1.06 3.6562
v 7.4062 1.06 -3.6562
v 6.8437 1.06 -3.6562
v 7.4062 -2.06 3.6562
v 6.8437 -2.06 3.6562
v 7.4062 -2.06 -3.6562
v 6.8437 -2.06 -3.6562
v 9.6562 1.06 3.6562
v 9.0937 1.06 3.6562
v 9.6562 1.06 -3.6562
v 9.0937 1.06 -3.6562
v 9.6562 -1.54 3.6562
v 9.0937 -1.54 3.6562
v 9.6562 -1.54 -3.6562
v 9.0937 -1.54 -3.6562
v 9.6562 1.06 -3.0938
v 9.0937 1.06 -3.0938
v 9.6562 -0.5 -3.0938
v 9.0937 -0.5 -3.0938
v 9.6562 -0.5 3.0938
v 9.0937 -0.5 3.0938
v 9.6562 1.06 3.0938
v 9.0937 1.06 3.0938
v 9.375 10.68 -2.8125
v 9.375 10.68 2.8125
v 9.375 10.16 -2.8125
v 9.375 10.16 2.8125
v 10.5 10.68 -1.125
v 9.375 9.64 2.8125
v 10.5 10.68 1.125
v 10.5 10.16 -1.125
v 9.375 9.64 -2.8125
v 10.5 10.16 1.125
v 9.375 9.12 -2.8125
v 9.375 9.12 2.8125
v 10.5 9.64 -1.125
v 10.5 9.64 1.125
v 10.5 9.12 -1.125
v 10.5 9.12 1.125
v 9.375 8.6 2.8125
v 9.375 8.6 -2.8125
v 9.375 8.08 -2.8125
v 9.375 8.08 2.8125
v 10.5 8.6 -1.125
v 10.5 8.6 1.125
v 10.5 8.08 -1.125
v 10.5 8.08 1.125
v 9.375 11.72 -2.8125
v 8.8125 11.72 -3.375
v 8.8125 11.72 3.375
v 9.375 11.72 2.8125
v 8.8125 5.48 -3.375
v 9.375 5.48 -2.8125
v 9.375 5.48 2.8125
v 8.8125 5.48 3.375
v 4.875 1.32 -3.9375
v 4.875 1.32 3.9375
v 5.1562 0.7896 -3.6562
v 5.1562 0.7896 -2.5312
v 4.5937 0.7896 -2.5312
v 4.5937 0.7896 -3.6562
v 5.1562 0.7896 2.5312
v 5.1562 0.7896 3.6562
v 4.5937 0.7896 3.6562
v 4.5937 0.7896 2.5312
v 3.75 -0.24 0
v 6 -0.24 2.25
v 8.25 6 -2.25
v 6 7.04 -2.25
v 5.7187 11.2 2.5312
v 6 11.2 2.25
v 3.75 11.2 -0
v 3.4687 11.2 0.2812
v 6 11.2 -2.25
v 5.7187 11.2 -2.5313
v 8.5312 11.2 0.2812
v 8.25 11.2 -0
v 6 7.04 2.25
v 5.7187 7.04 2.5312
v 3.4687 7.04 0.2812
v 3.75 7.04 -0
v 5.7187 7.04 -2.5312
v 8.25 7.04 -0
v 8.5312 7.04 0.2812
v 6 11.2 2.8125
v 8.8125 9.12 2.8125
v 3.1875 11.2 -0
v 3.1875 9.12 2.8125
v 8.25 4.96 -0
v 6 4.96 2.25
v 3.75 6 2.25
v 6 11.2 -2.8125
v 3.1875 9.12 -2.8125
v 8.8125 11.2 -0
v 8.8125 9.12 -2.8125
v 3.75 4.96 -0
v 5.7187 4.96 2.5312
v 3.4687 4.96 0.2812
v 6 4.96 -2.25
v 5.7187 4.96 -2.5312
v 8.5312 4.96 0.2812
v 6 -0.24 -2.25
v 8.25 -0.24 0
v 6 4.96 -2.8125
v 3.1875 2.62 -2.8125
v 8.8125 4.96 -0
v 8.8125 2.62 -2.8125
v 6 12.24 2.25
v 3.75 12.24 -0
v 6 4.96 2.8125
v 8.8125 2.62 2.8125
v 3.1875 4.96 -0
v 3.1875 2.62 2.8125
v 8.8125 11.72 -0
v 9.375 8.6 2.8125
v 9.375 11.72 -0
v 4.875 10.16 2.8125
v 8.8125 8.6 3.375
v 6.8437 10.16 3.375
v 4.875 10.16 -3.375
v 5.4375 7.04 2.8125
v 5.4375 7.04 -3.375
v 7.4062 5.48 3.375
v 8.8125 5.48 -0
v 8.8125 7.04 -2.8125
v 6.8437 8.6 2.8125
v 5.4375 7.04 -2.8125
v 6.8437 8.6 -2.8125
v 6 7.04 3.9375
v 4.875 7.04 3.0938
v 7.6875 6 3.0938
v 4.3125 6 3.0938
v 4.3125 4.96 3.9375
v 6 7.04 2.25
v 7.125 7.04 3.0938
v 6 3.92 2.25
v 4.3125 3.92 3.0938
v 7.6875 4.96 2.25
v 6 6 3.9375
v 7.6875 4.96 3.9375
v 6.5625 9.12 4.5
v 5.4375 9.12 3.375
v 6.5625 9.12 3.375
v 6.2812 9.12 5.625
v 6.2812 9.12 6.75
v 5.7187 9.12 5.625
v 6.2812 4.96 5.3438
v 3.75 1.32 -0
v 7.125 1.32 -2.25
v 7.125 2.36 2.25
v 7.125 2.36 -2.25
v 6.2812 4.96 6.4688
v 5.7187 4.96 5.3438
v 5.7187 4.96 6.4688
v 6.2812 6.52 5.0625
v 5.7187 7.56 5.0625
v 6.2812 7.56 5.0625
v 6.2812 10.68 5.0625
v 5.7187 10.68 5.0625
v 6.2812 11.72 5.0625
v 5.4375 0.28 -3.375
v 5.4375 -1.8 -3.375
v 3.75 0.28 -3.375
v 10.5 1.84 -2.8125
v 8.8125 -1.28 3.375
v 10.5 -0.76 0
v 3.75 -1.8 0
v 5.4375 -1.8 3.375
v 10.5 0.8 3.375
v 4.5937 -0.7652 -3.6562
v 5.1562 -0.7652 -2.5312
v 4.5937 -0.7652 -2.5312
v 5.1562 -0.7652 -3.6562
v 4.5937 -0.7652 2.5312
v 5.1562 -0.7652 3.6562
v 4.5937 -0.7652 3.6562
v 5.1562 -0.7652 2.5312
v 7.6875 1.06 -3.6562
v 7.6875 1.06 -2.5312
v 7.6875 1.58 -3.6562
v 7.6875 1.58 3.6562
v 7.6875 1.06 3.6562
v 7.6875 1.58 2.5312
v 7.4062 -2.06 0
v 6.8437 -0.5 -3.6562
v 7.4062 -0.5 3.6562
v 6.8437 1.06 -0
v 6.8437 -0.5 3.6562
v 7.4062 1.06 -0
v 7.4062 -0.5 -3.6562
v 9.6562 -1.54 0
v 9.0937 -0.24 -3.6562
v 9.6562 -0.24 3.6562
v 9.9375 10.68 -1.9688
v 10.5 0.28 2.8125
v 10.5 1.32 -0
v 10.5 1.84 2.8125
v 9.0937 -1.54 0
v 9.6562 0.28 -3.0938
v 9.6562 0.28 -3.375
v 9.6562 0.28 3.375
v 9.0937 -0.24 3.6562
v 9.0937 0.28 3.375
v 9.0937 0.28 -3.375
v 9.9375 10.68 1.9687
v 9.9375 10.68 -0.8438
v 9.375 10.68 -0
v 9.9375 10.16 1.9687
v 9.9375 10.16 0.8437
v 10.5 10.16 -0
v 10.5 10.68 -0
v 9.9375 9.64 -1.9688
v 9.9375 9.64 1.9687
v 9.9375 9.64 -0.8438
v 9.375 9.64 -0
v 9.9375 9.12 1.9687
v 9.9375 9.12 0.8437
v 10.5 9.12 -0
v 10.5 9.64 -0
v 9.9375 8.6 -1.9688
v 9.9375 8.6 1.9687
v 9.9375 8.6 -0.8438
v 9.375 8.6 -0
v 9.9375 8.08 1.9687
v 9.9375 8.08 0.8437
v 10.5 8.08 -0
v 10.5 8.6 -0
v 3.75 0.28 3.375
v 3.75 1.84 2.8125
v 3.75 -0.24 2.8125
v 3.75 -0.24 -2.8125
v 3.75 1.84 -2.8125
v 7.4062 5.48 -3.375
v 9.375 8.6 -2.8125
v 6.8437 11.72 3.375
v 6.8437 11.72 -3.375
v 8.8125 10.16 2.8125
v 6.8437 11.72 2.8125
v 8.8125 10.16 -2.8125
v 6.8437 11.72 -2.8125
v 3.75 6 -2.25
v 6 7.04 2.8125
v 3.1875 7.04 -0
v 6 7.04 -2.8125
v 8.8125 7.04 -0
v 8.25 6 2.25
v 8.25 12.24 -0
v 6 0.28 2.8125
v 3.1875 0.28 -0
v 6 0.28 -2.8125
v 8.8125 0.28 -0
v 6 12.24 -2.25
v 9.375 5.48 -0
v 4.875 10.16 3.375
v 5.4375 7.04 3.375
v 4.875 10.16 -2.8125
v 7.4062 5.48 2.8125
v 8.8125 7.04 2.8125
v 8.8125 8.6 -0
v 7.4062 5.48 -2.8125
v 4.3125 4.96 2.25
v 7.6875 3.92 3.0938
v 6 3.92 3.9375
v 5.4375 9.12 4.5
v 5.7187 9.12 6.75
v 7.125 1.32 2.25
v 7.125 2.36 3.375
v 7.125 2.36 -3.375
v 5.7187 6.52 5.0625
v 5.7187 11.72 5.0625
v 10.5 0.8 -3.375
v 8.8125 -1.28 -3.375
v 10.5 0.28 -2.8125
v 7.125 -1.8 0
v 5.4375 0.28 3.375
v 7.6875 1.58 -2.5312
v 7.6875 1.06 2.5312
v 6.8437 -2.06 0
v 9.6562 -0.24 -3.6562
v 9.9375 10.16 -1.9688
v 9.0937 -0.5 0
v 9.6562 -0.5 0
v 9.6562 0.28 3.0938
v 9.0937 0.28 3.0938
v 9.0937 0.28 -3.0938
v 9.375 10.16 -0
v 9.9375 9.12 -1.9688
v 9.375 9.12 -0
v 9.9375 8.08 -1.9688
v 9.375 8.08 -0
v 8.8125 8.6 -3.375
v 6.8437 10.16 -3.375
v 7.125 1.32 -0
v 7.4062 -0.5 0
v 8.8125 10.16 -0
v 7.9687 0.54 3.375
v 6.8437 10.16 2.8125
v 6 2.62 -2.8125
v 7.9687 0.54 -3.375
v 10.5 0.28 -0
v 6.8437 10.16 -2.8125
v 6 3.92 3.0938
v 7.125 7.04 2.8125
v 6 7.04 3.0938
v 7.6875 4.96 3.0938
v 6 -0.24 0
v 4.3125 4.96 3.0938
v 8.25 6 -0
v 3.75 -0.24 0
v 8.8125 -1.28 0
v 3.75 6 -0
v 6 6 -2.25
v 3.1875 2.62 -0
v 7.125 7.82 3.375
v 3.1875 9.12 -0
v 9.375 8.6 -0
v 8.8125 9.12 -0
v 6 6 2.25
v 6 12.24 -0
v 8.8125 2.62 -0
v 7.125 7.04 -2.8125
v 6.8437 -0.5 0
v 7.125 7.82 -3.375
v 6 9.12 2.8125
v 5.4375 -1.8 0
v 8.8125 7.04 -0
v 6 2.62 2.8125
v 6 9.12 -2.8125
v 6 4.96 3.9375
v 3.75 -0.24 1.125
v 5.4375 2.36 2.25
v 7.125 -0.24 2.25
v 8.8125 10.16 -2.8125
v 7.125 7.04 -2.25
v 4.4531 11.2 2.6719
v 7.125 11.2 2.25
v 3.75 11.2 -1.125
v 3.3281 11.2 1.5469
v 7.125 11.2 -2.25
v 4.4531 11.2 -2.6719
v 8.6719 11.2 1.5469
v 8.25 11.2 1.125
v 7.125 7.04 2.25
v 4.4531 7.04 2.6719
v 3.3281 7.04 1.5469
v 3.75 7.04 1.125
v 4.4531 7.04 -2.6719
v 8.25 7.04 1.125
v 8.6719 7.04 1.5469
v 7.4062 11.2 2.8125
v 8.8125 10.16 3.375
v 8.8125 8.08 2.8125
v 3.1875 11.2 -1.4063
v 10.5 1.58 3.375
v 3.1875 8.08 2.8125
v 6.8437 0.28 3.6562
v 8.25 4.96 1.125
v 7.125 4.96 2.25
v 4.5937 11.2 -2.8125
v 7.4062 11.2 -2.8125
v 4.875 10.94 2.8125
v 3.1875 8.08 -2.8125
v 8.8125 11.2 1.4062
v 8.8125 8.08 -2.8125
v 3.75 4.96 1.125
v 3.75 -1.8 1.6875
v 4.4531 4.96 2.6719
v 3.3281 4.96 1.5469
v 7.125 4.96 -2.25
v 4.4531 4.96 -2.6719
v 8.6719 4.96 1.5469
v 3.75 -0.24 -1.125
v 4.875 7.04 -2.25
v 4.875 -0.24 2.25
v 7.125 -0.24 -2.25
v 8.25 -0.24 1.125
v 8.3906 4.96 -0.9844
v 7.4062 4.96 -2.8125
v 5.8594 9.38 3.375
v 3.1875 1.45 -2.8125
v 8.8125 4.96 1.4062
v 7.4062 0.28 -3.6562
v 8.8125 1.45 -2.8125
v 6.2812 7.56 6.75
v 4.875 12.24 2.25
v 3.75 12.24 -1.125
v 7.4062 4.96 2.8125
v 9.375 11.72 -1.4063
v 8.8125 1.45 2.8125
v 3.1875 4.96 1.4062
v 5.1562 -1.5426 -2.5312
v 3.1875 1.45 2.8125
v 3.75 12.24 1.125
v 5.1562 3.92 2.25
v 8.8125 11.72 1.4062
v 9.375 7.04 2.8125
v 4.5937 -1.5426 2.5312
v 9.375 11.72 1.4062
v 4.875 9.38 2.8125
v 6.7031 1.58 2.5312
v 8.8125 7.04 3.375
v 7.8281 10.94 3.375
v 4.875 7.04 2.25
v 4.875 9.38 -3.375
v 7.4062 -2.06 1.8281
v 5.7187 6.26 2.8125
v 5.1562 7.82 -2.8125
v 5.7187 6.26 -3.375
v 4.5937 -1.8 -3.375
v 8.8125 5.48 1.4062
v 3.75 1.32 -3.375
v 8.8125 7.82 -2.8125
v 7.8281 8.6 2.8125
v 6.9844 7.04 -2.3906
v 5.7187 6.26 -2.8125
v 3.75 7.04 -1.125
v 7.8281 8.6 -2.8125
v 3.75 11.2 1.125
v 4.5937 -1.8 3.375
v 9.6562 -1.54 1.8281
v 6.8437 3.92 2.25
v 5.4375 10.16 3.375
v 5.7187 10.68 5.625
v 5.1562 6 3.9375
v 8.8125 11.2 -1.4063
v 3.1875 10.16 -2.8125
v 6.5625 10.16 4.5
v 5.4375 8.08 3.375
v 5.1562 -1.5426 3.6562
v 6.5625 8.08 3.375
v 4.5937 -1.5426 -3.6562
v 6.2812 7.56 5.625
v 4.5937 4.96 -2.8125
v 7.125 12.24 2.25
v 6.2812 10.68 6.75
v 5.7187 7.56 5.625
v 6.9844 7.04 2.3906
v 3.75 1.32 -1.125
v 4.5937 -1.5426 3.6562
v 8.8125 1.32 -2.25
v 5.8594 8.6 -2.8125
v 8.8125 2.36 2.25
v 5.1562 7.82 2.8125
v 8.8125 2.36 -2.25
v 8.8125 6.26 -2.8125
v 9.375 10.16 2.8125
v 4.875 -0.24 -2.25
v 3.6094 7.04 -0.9844
v 6.7031 1.06 -3.6562
v 4.5937 11.2 2.8125
v 6.8437 1.06 1.8281
v 4.5937 -1.5426 -2.5312
v 3.75 4.96 -1.125
v 6.9844 4.96 2.3906
v 6.2812 -0.76 -3.375
v 6.2812 -1.8 -3.375
v 3.75 -0.76 -3.375
v 7.9687 -1.54 3.375
v 9.6562 -1.02 3.375
v 10.5 -0.76 1.6875
v 3.75 -1.8 -1.6875
v 10.5 -0.76 -1.6875
v 6.2812 -1.8 3.375
v 6.9844 11.2 -2.3906
v 10.5 0.02 3.375
v 5.1562 -1.5426 -3.6562
v 8.8125 11.72 -1.4063
v 4.5937 0.0122 -3.6562
v 3.1875 4.96 -1.4062
v 5.1562 0.0122 -2.5312
v 7.4062 1.06 1.8281
v 4.5937 0.0122 -2.5312
v 5.1562 0.0122 -3.6562
v 5.4375 2.36 -2.25
v 8.8125 3.79 2.8125
v 4.5937 0.0122 2.5312
v 4.5937 4.96 2.8125
v 5.1562 0.0122 3.6562
v 5.4375 1.32 -2.25
v 4.5937 0.0122 3.6562
v 5.1562 0.0122 2.5312
v 8.6719 1.06 -3.6562
v 8.3906 7.04 -0.9844
v 6.2812 10.68 5.625
v 8.6719 1.06 -2.5312
v 8.6719 1.58 -3.6562
v 8.25 7.04 -1.125
v 8.6719 1.58 3.6562
v 6.5625 8.08 4.5
v 8.6719 1.06 3.6562
v 6.5625 10.16 3.375
v 8.6719 1.58 2.5312
v 3.75 1.32 1.125
v 7.4062 -2.06 -1.8281
v 8.8125 4.96 -1.4062
v 6.8437 -1.28 -3.6562
v 8.8125 3.79 -2.8125
v 7.4062 -1.28 3.6562
v 6.8437 1.06 -1.8281
v 4.5937 1.32 -3.375
v 6.8437 -1.28 3.6562
v 7.4062 1.06 -1.8281
v 7.4062 -1.28 -3.6562
v 9.6562 -1.54 -1.8281
v 3.1875 3.79 -2.8125
v 6.9844 4.96 -2.3906
v 8.8125 10.16 2.8125
v 6.9844 11.2 2.3906
v 10.5 1.32 -1.125
v 4.875 11.2 2.25
v 9.0937 -1.54 -1.8281
v 3.6094 11.2 -0.9844
v 3.1875 11.2 1.4062
v 10.2187 10.68 0.1406
v 9.375 10.68 1.4062
v 10.2187 10.16 -0.1406
v 4.875 4.96 2.25
v 10.2187 9.64 0.1406
v 9.375 9.64 -1.4063
v 10.2187 9.12 -0.1406
v 6.8437 6 3.9375
v 8.25 4.96 -1.125
v 3.1875 10.16 2.8125
v 10.2187 8.6 0.1406
v 9.375 8.6 -1.4063
v 10.2187 8.08 -0.1406
v 8.8125 5.48 -1.4062
v 3.75 -0.76 3.375
v 3.75 -1.02 3.0938
v 4.875 11.2 -2.25
v 3.75 -1.02 -3.0938
v 5.8594 8.6 2.8125
v 3.1875 3.79 2.8125
v 9.375 7.04 -2.8125
v 8.25 -0.24 -1.125
v 8.25 11.2 -1.125
v 7.8281 11.72 3.375
v 7.8281 11.72 -3.375
v 7.4062 0.28 3.6562
v 4.875 10.94 -3.375
v 8.8125 9.38 2.8125
v 3.6094 4.96 -0.9844
v 7.8281 11.72 2.8125
v 8.8125 9.38 -2.8125
v 5.1562 7.82 -3.375
v 5.8594 11.72 -2.8125
v 4.875 4.96 -2.25
v 7.4062 7.04 2.8125
v 3.1875 7.04 1.4062
v 7.4062 7.04 -2.8125
v 8.8125 7.04 1.4062
v 8.25 12.24 -1.125
v 7.4062 0.28 2.8125
v 3.1875 0.28 1.4062
v 7.4062 0.28 -2.8125
v 8.8125 0.28 1.4062
v 4.875 12.24 -2.25
v 9.375 5.48 1.4062
v 4.875 9.38 3.375
v 5.7187 6.26 3.375
v 4.875 9.38 -2.8125
v 8.8125 7.82 2.8125
v 8.8125 8.6 1.4062
v 6.8437 3.92 3.9375
v 5.4375 8.08 4.5
v 5.7187 7.56 6.75
v 5.4375 1.32 2.25
v 8.8125 2.36 3.375
v 8.8125 2.36 -3.375
v 8.3906 11.2 -0.9844
v 10.5 0.02 -3.375
v 7.9687 -1.54 -3.375
v 7.125 -1.8 -1.6875
v 6.2812 -0.76 3.375
v 8.6719 1.58 -2.5312
v 8.6719 1.06 2.5312
v 6.8437 -2.06 -1.8281
v 9.0937 -0.5 1.5469
v 9.6562 -0.5 1.5469
v 9.375 10.16 1.4062
v 9.375 9.12 1.4062
v 9.375 8.08 1.4062
v 8.8125 7.04 -3.375
v 7.8281 10.94 -3.375
v 6.7031 1.06 3.6562
v 6.7031 1.58 3.6562
v 6.8437 0.28 -3.6562
v 9.0937 -1.54 1.8281
v 5.1562 -1.5426 2.5312
v 6.7031 1.06 -2.5312
v 6.7031 1.58 -3.6562
v 10.5 1.32 1.125
v 9.6562 10.68 -1.8281
v 9.375 10.68 -1.4063
v 9.6562 10.16 1.8281
v 9.6562 9.64 -1.8281
v 9.375 9.64 1.4062
v 9.6562 9.12 1.8281
v 9.6562 8.6 -1.8281
v 9.375 8.6 1.4062
v 9.6562 8.08 1.8281
v 3.75 1.32 3.375
v 3.75 0.54 2.5312
v 3.75 0.54 -2.5312
v 9.375 10.16 -2.8125
v 5.8594 11.72 3.375
v 5.8594 11.72 -3.375
v 8.8125 10.94 2.8125
v 5.8594 11.72 2.8125
v 8.8125 10.94 -2.8125
v 7.8281 11.72 -2.8125
v 4.5937 7.04 2.8125
v 3.1875 7.04 -1.4062
v 4.5937 7.04 -2.8125
v 8.8125 7.04 -1.4062
v 8.25 12.24 1.125
v 4.5937 0.28 2.8125
v 3.1875 0.28 -1.4062
v 4.5937 0.28 -2.8125
v 8.8125 0.28 -1.4062
v 7.125 12.24 -2.25
v 9.375 5.48 -1.4062
v 4.875 10.94 3.375
v 5.1562 7.82 3.375
v 4.875 10.94 -2.8125
v 8.8125 6.26 2.8125
v 8.8125 8.6 -1.4063
v 5.1562 3.92 3.9375
v 5.4375 10.16 4.5
v 5.7187 10.68 6.75
v 8.8125 1.32 2.25
v 5.4375 2.36 3.375
v 5.4375 2.36 -3.375
v 10.5 1.58 -3.375
v 9.6562 -1.02 -3.375
v 7.125 -1.8 1.6875
v 4.5937 1.32 3.375
v 6.7031 1.58 -2.5312
v 6.7031 1.06 2.5312
v 6.8437 -2.06 1.8281
v 9.0937 -0.5 -1.5469
v 9.6562 -0.5 -1.5469
v 9.375 10.16 -1.4063
v 9.375 9.12 -1.4063
v 9.375 8.08 -1.4063
v 8.8125 10.16 -3.375
v 5.8594 9.38 -3.375
v 7.125 1.32 -1.125
v 7.125 1.32 1.125
v 5.4375 1.32 -0
v 8.8125 1.32 -0
v 7.4062 -0.5 -1.8281
v 7.4062 -0.5 1.8281
v 7.4062 0.28 -0
v 7.4062 -1.28 0
v 8.8125 10.94 -0
v 8.8125 9.38 -0
v 8.8125 10.16 -1.4063
v 8.8125 10.16 1.4062
v 5.8594 10.16 -3.375
v 5.8594 10.94 -3.375
v 6.8437 10.94 -3.375
v 3.75 0.8 -2.8125
v 3.75 1.06 -3.0938
v 9.9375 8.08 -0.5625
v 9.6562 8.08 -0.9844
v 10.2187 8.6 -0.9844
v 9.9375 9.12 -0.5625
v 9.6562 9.12 -0.9844
v 10.2187 9.64 -0.9844
v 9.9375 10.16 -0.5625
v 9.6562 10.16 -0.9844
v 10.2187 10.68 -0.9844
v 10.5 1.06 2.8125
v 5.4375 -0.76 3.375
v 4.5937 0.28 3.375
v 4.5937 -0.76 3.375
v 10.5 1.06 -2.8125
v 8.3906 -0.37 3.375
v 7.5469 1.45 3.375
v 9.2344 0.67 3.375
v 6.7031 0.41 3.375
v 6.8437 10.94 3.375
v 5.8594 10.94 3.375
v 5.8594 10.16 3.375
v 6.8437 10.94 2.8125
v 6.8437 9.38 2.8125
v 7.8281 10.16 2.8125
v 5.8594 10.16 2.8125
v 4.5937 2.62 -2.8125
v 7.4062 2.62 -2.8125
v 6 3.79 -2.8125
v 6 1.45 -2.8125
v 6.7031 0.41 -3.375
v 9.2344 0.67 -3.375
v 7.5469 1.45 -3.375
v 8.3906 -0.37 -3.375
v 3.75 1.06 3.0938
v 3.75 0.8 2.8125
v 10.2187 8.08 0.9844
v 9.6562 8.6 0.9844
v 9.9375 8.6 0.5625
v 10.2187 9.12 0.9844
v 9.6562 9.64 0.9844
v 9.9375 9.64 0.5625
v 10.2187 10.16 0.9844
v 9.6562 10.68 0.9844
v 9.9375 10.68 0.5625
v 10.5 0.28 1.4062
v 10.5 0.28 -1.4062
v 7.8281 10.16 -2.8125
v 5.8594 10.16 -2.8125
v 6.8437 10.94 -2.8125
v 6.8437 9.38 -2.8125
v 5.1562 3.92 3.0938
v 6.8437 3.92 3.0938
v 6.2812 7.04 2.8125
v 7.9687 7.04 2.8125
v 6.9844 7.82 2.8125
v 7.2656 6.26 2.8125
v 6 -0.24 1.125
v 6 -0.24 -1.125
v 4.875 -0.24 0
v 7.125 -0.24 0
v 8.25 6 -1.125
v 8.25 6 1.125
v 3.75 -0.24 -1.4062
v 3.75 -0.24 1.4062
v 3.75 -1.02 0
v 3.75 0.54 -0
v 9.6562 -1.02 0
v 7.9687 -1.54 0
v 8.8125 -1.28 1.6875
v 8.8125 -1.28 -1.6875
v 3.75 6 1.125
v 3.75 6 -1.125
v 4.5937 0.28 -3.375
v 5.4375 -0.76 -3.375
v 4.5937 -0.76 -3.375
v 7.125 6 -2.25
v 4.875 6 -2.25
v 3.1875 2.62 1.4062
v 3.1875 2.62 -1.4062
v 3.1875 3.79 -0
v 3.1875 1.45 -0
v 7.9687 8.21 3.375
v 6.2812 7.43 3.375
v 6.9844 8.99 3.375
v 7.2656 6.65 3.375
v 3.1875 9.12 1.4062
v 3.1875 9.12 -1.4063
v 3.1875 10.16 -0
v 3.1875 8.08 -0
v 9.375 10.16 -0
v 9.375 7.04 -0
v 9.375 8.6 1.4062
v 9.375 8.6 -1.4063
v 8.8125 9.12 -1.4063
v 8.8125 9.12 1.4062
v 8.8125 10.16 -0
v 8.8125 8.08 -0
v 4.875 6 2.25
v 7.125 6 2.25
v 4.875 12.24 -0
v 7.125 12.24 -0
v 6 12.24 1.125
v 6 12.24 -1.125
v 8.8125 2.62 -1.4062
v 8.8125 2.62 1.4062
v 8.8125 3.79 -0
v 8.8125 1.45 -0
v 6.9844 7.82 -2.8125
v 7.2656 6.26 -2.8125
v 6.2812 7.04 -2.8125
v 7.9687 7.04 -2.8125
v 6.8437 -0.5 1.8281
v 6.8437 -0.5 -1.8281
v 6.8437 0.28 -0
v 6.8437 -1.28 0
v 6.2812 7.43 -3.375
v 7.9687 8.21 -3.375
v 6.9844 8.99 -3.375
v 7.2656 6.65 -3.375
v 7.4062 9.12 2.8125
v 4.5937 9.12 2.8125
v 6 10.16 2.8125
v 6 8.08 2.8125
v 5.4375 -1.8 1.6875
v 5.4375 -1.8 -1.6875
v 4.5937 -1.8 0
v 6.2812 -1.8 0
v 8.8125 7.04 -1.4062
v 8.8125 7.04 1.4062
v 8.8125 6.26 -0
v 8.8125 7.82 -0
v 7.4062 2.62 2.8125
v 4.5937 2.62 2.8125
v 6 3.79 2.8125
v 6 1.45 2.8125
v 4.5937 9.12 -2.8125
v 7.4062 9.12 -2.8125
v 6 10.16 -2.8125
v 6 8.08 -2.8125
v 6.8437 4.96 3.9375
v 5.1562 4.96 3.9375
v 7.4062 8.08 -2.8125
v 7.4062 10.16 -2.8125
v 4.5937 10.16 -2.8125
v 4.5937 1.45 2.8125
v 4.5937 3.79 2.8125
v 7.4062 3.79 2.8125
v 8.8125 7.82 1.4062
v 8.8125 6.26 1.4062
v 8.8125 6.26 -1.4062
v 6.2812 -1.8 -1.6875
v 4.5937 -1.8 -1.6875
v 4.5937 -1.8 1.6875
v 4.5937 8.08 2.8125
v 4.5937 10.16 2.8125
v 7.4062 10.16 2.8125
v 7.8984 9.575 -3.375
v 6.0703 8.405 -3.375
v 6.8437 -1.28 -1.8281
v 6.8437 0.28 -1.8281
v 6.8437 0.28 1.8281
v 6.0703 7.82 -2.8125
v 8.8125 1.45 1.4062
v 8.8125 3.79 1.4062
v 8.8125 3.79 -1.4062
v 7.125 12.24 -1.125
v 7.125 12.24 1.125
v 4.875 12.24 1.125
v 8.8125 8.08 1.4062
v 8.8125 10.16 1.4062
v 8.8125 10.16 -1.4063
v 9.375 7.04 -1.4062
v 9.375 7.04 1.4062
v 9.375 10.16 1.4062
v 3.1875 8.08 -1.4063
v 3.1875 10.16 -1.4063
v 3.1875 10.16 1.4062
v 6.0703 8.405 3.375
v 7.8984 9.575 3.375
v 3.1875 1.45 -1.4062
v 3.1875 3.79 -1.4062
v 3.1875 3.79 1.4062
v 7.9687 -1.54 -1.6875
v 7.9687 -1.54 1.6875
v 9.6562 -1.02 1.6875
v 3.75 0.54 1.2656
v 3.75 -1.02 1.5469
v 3.75 -1.02 -1.5469
v 7.125 -0.24 -1.125
v 4.875 -0.24 -1.125
v 4.875 -0.24 1.125
v 6.0703 7.82 2.8125
v 7.8984 7.82 2.8125
v 7.4062 1.45 -2.8125
v 8.8125 1.32 -1.125
v 7.4062 -1.28 -1.8281
v 8.8125 10.94 1.4062
v 7.8281 10.94 -2.8125
v 8.8125 9.38 1.4062
v 7.4062 3.79 -2.8125
v 5.8594 9.38 2.8125
v 7.4062 -1.28 1.8281
v 7.4062 0.28 1.8281
v 7.8281 10.94 2.8125
v 9.0234 1.515 -3.375
v 9.4453 -0.175 -3.375
v 8.8125 10.94 -1.4063
v 8.8125 9.38 -1.4063
v 7.3359 -0.565 3.375
v 5.8594 10.94 -2.8125
v 9.4453 -0.175 3.375
v 4.5937 3.79 -2.8125
v 7.8281 9.38 2.8125
v 6.0703 1.385 -3.375
v 9.0234 1.515 3.375
v 8.8125 1.32 1.125
v 5.4375 1.32 1.125
v 7.4062 0.28 -1.8281
v 5.4375 1.32 -1.125
v 6.0703 1.385 3.375
v 5.8594 9.38 -2.8125
v 5.8594 10.94 2.8125
v 4.5937 1.45 -2.8125
v 7.3359 -0.565 -3.375
v 7.8281 9.38 -2.8125
v 7.125 -0.24 1.125
v 3.75 0.54 -1.2656
v 9.6562 -1.02 -1.6875
v 3.1875 1.45 1.4062
v 3.1875 8.08 1.4062
v 9.375 10.16 -1.4063
v 8.8125 8.08 -1.4063
v 4.875 12.24 -1.125
v 8.8125 1.45 -1.4062
v 7.8984 7.82 -2.8125
v 6.8437 -1.28 1.8281
v 7.4062 8.08 2.8125
v 6.2812 -1.8 1.6875
v 8.8125 7.82 -1.4063
v 7.4062 1.45 2.8125
v 4.5937 8.08 -2.8125
v 6.2812 2.36 2.25
v 8.8125 9.38 3.375
v 3.75 -1.8 0.8438
v 6.2812 8.34 6.75
v 9.375 6.26 2.8125
v 8.8125 6.26 3.375
v 7.4062 -2.06 0.9141
v 9.6562 -1.54 0.9141
v 5.7187 9.9 5.625
v 6.2812 6.78 5.625
v 6.2812 11.46 6.75
v 5.7187 6.78 5.625
v 9.6562 1.32 -2.25
v 9.6562 2.36 2.25
v 9.6562 2.36 -2.25
v 9.375 9.38 2.8125
v 6.8437 1.06 0.9141
v 10.5 -0.76 2.5312
v 3.75 -1.8 -2.5312
v 10.5 -0.76 -0.8438
v 7.4062 1.06 0.9141
v 6.2812 2.36 -2.25
v 6.2812 1.32 -2.25
v 6.2812 9.9 5.625
v 7.4062 -2.06 -2.7422
v 6.8437 1.06 -2.7422
v 7.4062 1.06 -2.7422
v 9.6562 -1.54 -2.7422
v 9.0937 -1.54 -2.7422
v 9.375 6.26 -2.8125
v 5.7187 6.78 6.75
v 4.5937 1.32 2.25
v 9.6562 2.36 3.375
v 9.6562 2.36 -3.375
v 7.125 -1.8 -2.5312
v 6.8437 -2.06 -2.7422
v 9.0937 -0.5 2.3203
v 9.6562 -0.5 2.3203
v 8.8125 6.26 -3.375
v 9.0937 -1.54 0.9141
v 9.375 9.38 -2.8125
v 5.7187 9.9 6.75
v 7.9687 1.32 2.25
v 6.2812 2.36 3.375
v 6.2812 2.36 -3.375
v 7.125 -1.8 0.8438
v 6.8437 -2.06 0.9141
v 9.0937 -0.5 -0.7734
v 9.6562 -0.5 -0.7734
v 8.8125 9.38 -3.375
v 4.5937 1.32 -0
v 7.9687 1.32 -0
v 7.4062 -0.5 -2.7422
v 7.4062 -0.5 0.9141
v 8.8125 -1.28 2.5312
v 8.8125 -1.28 -0.8438
v 9.375 10.94 -0
v 9.375 7.82 -0
v 6.8437 -0.5 2.7422
v 6.8437 -0.5 -0.9141
v 5.4375 -1.8 2.5312
v 5.4375 -1.8 -0.8438
v 4.5937 2.36 2.25
v 8.8125 10.94 3.375
v 3.75 -1.8 2.5312
v 6.2812 6.78 6.75
v 9.375 7.82 2.8125
v 8.8125 7.82 3.375
v 7.4062 -2.06 2.7422
v 9.6562 -1.54 2.7422
v 5.7187 11.46 5.625
v 6.2812 8.34 5.625
v 6.2812 9.9 6.75
v 5.7187 8.34 5.625
v 7.9687 1.32 -2.25
v 7.9687 2.36 2.25
v 7.9687 2.36 -2.25
v 9.375 10.94 2.8125
v 6.8437 1.06 2.7422
v 10.5 -0.76 0.8438
v 3.75 -1.8 -0.8438
v 10.5 -0.76 -2.5312
v 7.4062 1.06 2.7422
v 4.5937 2.36 -2.25
v 4.5937 1.32 -2.25
v 6.2812 11.46 5.625
v 7.4062 -2.06 -0.9141
v 6.8437 1.06 -0.9141
v 7.4062 1.06 -0.9141
v 9.6562 -1.54 -0.9141
v 9.0937 -1.54 -0.9141
v 9.375 7.82 -2.8125
v 5.7187 8.34 6.75
v 6.2812 1.32 2.25
v 7.9687 2.36 3.375
v 7.9687 2.36 -3.375
v 7.125 -1.8 -0.8438
v 6.8437 -2.06 -0.9141
v 9.0937 -0.5 0.7734
v 9.6562 -0.5 0.7734
v 8.8125 7.82 -3.375
v 9.0937 -1.54 2.7422
v 9.375 10.94 -2.8125
v 5.7187 11.46 6.75
v 9.6562 1.32 2.25
v 4.5937 2.36 3.375
v 4.5937 2.36 -3.375
v 7.125 -1.8 2.5312
v 6.8437 -2.06 2.7422
v 9.0937 -0.5 -2.3203
v 9.6562 -0.5 -2.3203
v 8.8125 10.94 -3.375
v 6.2812 1.32 -0
v 9.6562 1.32 -0
v 7.4062 -0.5 -0.9141
v 7.4062 -0.5 2.7422
v 8.8125 -1.28 0.8438
v 8.8125 -1.28 -2.5312
v 9.375 9.38 -0
v 9.375 6.26 -0
v 6.8437 -0.5 0.9141
v 6.8437 -0.5 -2.7422
v 5.4375 -1.8 0.8438
v 5.4375 -1.8 -2.5312
v 6.2812 -1.8 -0.8438
v 6.2812 -1.8 -2.5312
v 4.5937 -1.8 -0.8438
v 4.5937 -1.8 -2.5312
v 4.5937 -1.8 2.5312
v 4.5937 -1.8 0.8438
v 7.6172 7.43 -3.375
v 8.0391 6.845 -3.375
v 6.8437 -1.28 -0.9141
v 6.8437 -1.28 -2.7422
v 6.8437 0.28 -0.9141
v 6.8437 0.28 -2.7422
v 6.8437 0.28 2.7422
v 6.8437 0.28 0.9141
v 8.0391 6.26 -2.8125
v 6.4922 6.26 -2.8125
v 9.375 7.82 -1.4063
v 9.375 6.26 -1.4062
v 9.375 7.82 1.4062
v 9.375 6.26 1.4062
v 9.375 10.94 1.4062
v 9.375 9.38 1.4062
v 6.4922 6.455 3.375
v 7.9687 -1.54 -0.8438
v 7.9687 -1.54 -2.5312
v 7.9687 -1.54 2.5312
v 7.9687 -1.54 0.8438
v 9.6562 -1.02 2.5312
v 9.6562 -1.02 0.8438
v 3.75 -1.02 0.7734
v 3.75 -1.02 2.3203
v 3.75 -1.02 -2.3203
v 3.75 -1.02 -0.7734
v 8.0391 6.26 2.8125
v 7.9687 1.32 -1.125
v 9.6562 1.32 -1.125
v 7.4062 -1.28 -2.7422
v 7.4062 -1.28 -0.9141
v 7.4062 -1.28 0.9141
v 7.4062 -1.28 2.7422
v 7.4062 0.28 0.9141
v 7.4062 0.28 2.7422
v 7.9687 1.32 1.125
v 9.6562 1.32 1.125
v 4.5937 1.32 1.125
v 6.2812 1.32 1.125
v 7.4062 0.28 -2.7422
v 7.4062 0.28 -0.9141
v 4.5937 1.32 -1.125
v 6.2812 1.32 -1.125
v 6.4922 6.26 2.8125
v 9.6562 -1.02 -0.8438
v 9.6562 -1.02 -2.5312
v 7.6172 7.43 3.375
v 8.0391 6.845 3.375
v 9.375 10.94 -1.4063
v 9.375 9.38 -1.4063
v 6.8437 -1.28 2.7422
v 6.8437 -1.28 0.9141
v 6.4922 6.455 -3.375
v 6.2812 -1.8 2.5312
v 6.2812 -1.8 0.8438
vt 0.1111 0.6949
vt 0.0889 0.6695
vt 0.1111 0.6695
vt 0.4944 0.6271
vt 0.4778 0.661
vt 0.4778 0.6271
vt 0.3694 0.1737
vt 0.3444 0.1695
vt 0.3667 0.1695
vt 0.025 0.1822
vt 0.0111 0.1695
vt 0.0333 0.1695
vt 0.1361 0.1822
vt 0.1222 0.1695
vt 0.1444 0.1695
vt 0.2583 0.1737
vt 0.2333 0.1695
vt 0.2556 0.1695
vt 0.4194 0.3263
vt 0.4333 0.339
vt 0.4111 0.339
vt 0.075 0.3347
vt 0.1 0.339
vt 0.0778 0.339
vt 0.1861 0.3347
vt 0.2111 0.339
vt 0.1889 0.339
vt 0.3083 0.3263
vt 0.3222 0.339
vt 0.3 0.339
vt 0.1389 0.322
vt 0.1111 0.2881
vt 0.1389 0.2881
vt 0.5444 0.5932
vt 0.5611 0.5593
vt 0.5611 0.5932
vt 0.7 0.5085
vt 0.7111 0.5254
vt 0.7 0.5254
vt 0.5611 0.0339
vt 0.5444 0.0508
vt 0.5444 0.0339
vt 0.3611 0.5763
vt 0.3333 0.5381
vt 0.3611 0.5381
vt 0.4889 0.0339
vt 0.4667 0.0508
vt 0.4667 0.0339
vt 0.8722 0.8475
vt 0.9 0.8729
vt 0.8722 0.8729
vt 0.8667 0.5169
vt 0.85 0.5424
vt 0.85 0.5169
vt 0.3694 0.411
vt 0.3444 0.4068
vt 0.3667 0.4068
vt 0.025 0.4195
vt 0.0111 0.4068
vt 0.0333 0.4068
vt 0.1361 0.4195
vt 0.1222 0.4068
vt 0.1444 0.4068
vt 0.2583 0.411
vt 0.2333 0.4068
vt 0.2556 0.4068
vt 0.7111 0.5424
vt 0.7 0.5424
vt 0.3056 0.5763
vt 0.3222 0.5932
vt 0.3 0.5932
vt 0.4167 0.5763
vt 0.4333 0.5932
vt 0.4111 0.5932
vt 0.1944 0.5763
vt 0.2111 0.5932
vt 0.1889 0.5932
vt 0.4389 0.6949
vt 0.4111 0.678
vt 0.4389 0.678
vt 0.3611 0.322
vt 0.3333 0.2881
vt 0.3611 0.2881
vt 0.0778 0.6949
vt 0.0556 0.6695
vt 0.0778 0.6695
vt 0.4472 0.0847
vt 0.4472 0.0508
vt 0.6222 0.5424
vt 0.6 0.5085
vt 0.6222 0.5085
vt 0.6778 0.7966
vt 0.6667 0.8305
vt 0.6667 0.7966
vt 0.6 0.6441
vt 0.5778 0.678
vt 0.5778 0.6441
vt 0.6778 0.7373
vt 0.6667 0.7627
vt 0.6667 0.7373
vt 0.5778 0.0508
vt 0.6 0.0339
vt 0.6 0.0508
vt 0.0889 0.7288
vt 0.0778 0.7288
vt 0.2778 0.0169
vt 0.2556 -0
vt 0.2778 -0
vt 0.4833 0.2754
vt 0.4722 0.3136
vt 0.4667 0.2881
vt 0.7444 0.161
vt 0.7556 0.1356
vt 0.7556 0.161
vt 0.5444 0.3983
vt 0.5333 0.4407
vt 0.5333 0.3983
vt 0.5444 0.1356
vt 0.5722 0.1186
vt 0.5722 0.1356
vt 0.3931 0.8983
vt 0.4111 0.9237
vt 0.3931 0.9237
vt 0.6556 0.3559
vt 0.6667 0.3983
vt 0.6556 0.3983
vt 0.9181 0.8729
vt 0.9 0.8475
vt 0.9194 0.8475
vt 0.7 0.7966
vt 0.6778 0.8305
vt 0.6556 0.339
vt 0.6667 0.3559
vt 0.2778 0.7288
vt 0.2847 0.6949
vt 0.2931 0.7288
vt 0.3 0.1356
vt 0.3222 0.1695
vt 0.3 0.1695
vt 0.25 0.5763
vt 0.2222 0.5381
vt 0.25 0.5381
vt 0.1444 0.1356
vt 0.1222 0.1017
vt 0.1444 0.1017
vt 0.4667 0
vt 0.4472 0.0339
vt 0.4472 0
vt 0.0778 0.1356
vt 0.1 0.1695
vt 0.0778 0.1695
vt 0.6222 0.6441
vt 0.6 0.678
vt 0.4111 0.3729
vt 0.4333 0.3729
vt 0.25 0.322
vt 0.2222 0.2881
vt 0.25 0.2881
vt 0.5444 0.161
vt 0.5722 0.161
vt 0.0278 0.322
vt 0 0.2881
vt 0.0278 0.2881
vt 0.6444 0.8475
vt 0.6444 0.8305
vt 0.5333 0.161
vt 0.4278 0.8983
vt 0.4111 0.8814
vt 0.4278 0.8814
vt 0.2667 0.6949
vt 0.2847 0.678
vt 0.4444 0.2627
vt 0.4556 0.2373
vt 0.4556 0.2627
vt 0.6833 0.25
vt 0.6667 0.2627
vt 0.6667 0.2373
vt 0.6222 0.5763
vt 0.6444 0.5424
vt 0.6444 0.5763
vt 0.7444 0.2627
vt 0.7556 0.2373
vt 0.7556 0.2627
vt 0.6278 0.3559
vt 0.6278 0.339
vt 0.3667 0.0169
vt 0.3444 -0
vt 0.3667 -0
vt 0.0889 0.6949
vt 0.1889 0.1695
vt 0.2111 0.1356
vt 0.2111 0.1695
vt 0.6444 0.7966
vt 0.2333 -0
vt 0.2556 0.0169
vt 0.2333 0.0169
vt 0.6778 0.5254
vt 0.6778 0.5085
vt 0.6667 0.5424
vt 0.6444 0.5254
vt 0.6444 0.5085
vt 0.5444 0.089
vt 0.5333 0.1186
vt 0.5333 0.089
vt 0.6667 0.5254
vt 0.0278 0.5763
vt 0 0.5381
vt 0.0278 0.5381
vt 0.1444 0.3729
vt 0.1222 0.339
vt 0.1444 0.339
vt 0.8167 0.7458
vt 0.8 0.7119
vt 0.8167 0.7119
vt 0.8667 0.339
vt 0.85 0.339
vt 0.85 0.3051
vt 0.9889 0.3559
vt 1 0.3729
vt 0.9778 0.3729
vt 0.1 0.3729
vt 0.0778 0.4068
vt 0.0778 0.3729
vt 0.9167 0.339
vt 0.9333 0.3644
vt 0.9167 0.3644
vt 0.75 0.4025
vt 0.7333 0.3729
vt 0.75 0.3644
vt 0.3222 0.0169
vt 0.3444 0.0169
vt 0.3333 0.0847
vt 0.6667 0.3136
vt 0.6556 0.3136
vt 0.1222 0.6949
vt 0.1222 0.6695
vt 0.3222 0.3729
vt 0.3 0.4068
vt 0.3 0.3729
vt 0.5611 0.661
vt 0.5444 0.6271
vt 0.5611 0.6271
vt 0.2111 0.6949
vt 0.1889 0.7288
vt 0.1889 0.6949
vt 0.3444 0.1356
vt 0.3667 0.1356
vt 0.2667 0.8983
vt 0.2847 0.8814
vt 0.2847 0.8983
vt 0.4611 0.661
vt 0.4444 0.6271
vt 0.4611 0.6271
vt 0.5111 0.5593
vt 0.4889 0.5339
vt 0.5111 0.5339
vt 0.7389 0.8983
vt 0.7278 0.9237
vt 0.7222 0.8983
vt 0.2111 -0
vt 0.5278 0.661
vt 0.5444 0.6864
vt 0.5278 0.6864
vt 0.2389 0.6949
vt 0.2667 0.678
vt 0.2667 0.8814
vt 0.25 0.8983
vt 0.25 0.8814
vt 0.4889 0.0508
vt 0.4778 0.5593
vt 0.4611 0.5932
vt 0.4611 0.5593
vt 0.6222 0.7119
vt 0.6 0.7119
vt 0.7 0.5847
vt 0.7111 0.5593
vt 0.7111 0.5847
vt 0.9 0.822
vt 0.9194 0.822
vt 0.0833 0.5763
vt 0.1 0.5932
vt 0.0778 0.5932
vt 0.9889 0.5254
vt 1 0.5085
vt 1 0.5424
vt 0.9556 0.3983
vt 0.9778 0.4068
vt 0.4944 0.5932
vt 0.4778 0.5932
vt 0.4889 0.5593
vt 0.2722 0.6186
vt 0.2778 0.5932
vt 0.2778 0.6186
vt 0.4056 0.6186
vt 0.4111 0.5932
vt 0.4111 0.6356
vt 0.4 0.7288
vt 0.4111 0.7373
vt 0.4056 0.7542
vt 0.2722 0.7542
vt 0.2667 0.7797
vt 0.2667 0.7373
vt 0.5611 0.0508
vt 0.6028 0.0254
vt 0.5833 0.0169
vt 0.6111 0.0169
vt 0.6361 0.0763
vt 0.6389 0.0678
vt 0.6556 0.0847
vt 0.6778 0.5847
vt 0.7 0.5593
vt 0.6389 0.0508
vt 0.6222 0.0339
vt 0.6389 0.0339
vt 0.6444 0.7627
vt 0.6444 0.7373
vt 0.3 -0
vt 0.3222 -0
vt 0.7333 0.5424
vt 0.7389 0.5339
vt 0.7556 0.5424
vt 0.4 0.6441
vt 0.3931 0.678
vt 0.3847 0.6441
vt 0.7222 0.3559
vt 0.7111 0.3729
vt 0.7111 0.339
vt 0.5444 0.1186
vt 0.6556 0.1186
vt 0.6667 0.1186
vt 0.6556 0.1356
vt 0.6667 0.5593
vt 0.5333 0.3559
vt 0.5444 0.339
vt 0.5444 0.3559
vt 0.7111 0.8305
vt 0.7 0.8305
vt 0.8708 0.2987
vt 0.9333 0.678
vt 0.9167 0.7119
vt 0.9167 0.678
vt 0.1389 0.5763
vt 0.1111 0.5381
vt 0.1389 0.5381
vt 0.3 0.0169
vt 0.2889 0.0847
vt 0.3111 0.0847
vt 0.3556 0.0847
vt 0.3889 0.0169
vt 0.3778 0.0847
vt 0.2111 0.0169
vt 0.2222 0.0847
vt 0.2444 0.0847
vt 0.2667 0.0847
vt 0.9167 0.1695
vt 0.9333 0.1356
vt 0.9333 0.1695
vt 0.8 0.2034
vt 0.8167 0.1695
vt 0.8167 0.2034
vt 0.7306 0.7712
vt 0.7111 0.7458
vt 0.7306 0.7458
vt 0.7444 0.5254
vt 0.75 0.517
vt 0.7667 0.5254
vt 0.5778 0.0339
vt 0.5806 0.0254
vt 0.3611 0.1864
vt 0.0278 0.1864
vt 0 0.1864
vt 0.1389 0.1864
vt 0.1111 0.1864
vt 0.25 0.1864
vt 0.4167 0.322
vt 0.4444 0.322
vt 0.0833 0.322
vt 0.1944 0.322
vt 0.3056 0.322
vt 0.3333 0.322
vt 0.7056 0.1356
vt 0.7056 0.161
vt 0.6861 0.1356
vt 0.6194 0.0593
vt 0.6222 0.0508
vt 0.9583 0.822
vt 0.9389 0.8475
vt 0.9389 0.822
vt 0.5722 0.0847
vt 0.5611 0.0678
vt 0.5806 0.0763
vt 0.8458 0.6462
vt 0.8333 0.6102
vt 0.8583 0.6144
vt 0.6 0
vt 0.6194 0.0085
vt 0.6556 0.0508
vt 0.6556 0.0339
vt 0.3611 0.4237
vt 0.0278 0.4237
vt 0 0.4237
vt 0.1389 0.4237
vt 0.1111 0.4237
vt 0.25 0.4237
vt 0.8667 0.1017
vt 0.85 0.1356
vt 0.85 0.1017
vt 0.2847 0.8305
vt 0.2667 0.8051
vt 0.2847 0.8051
vt 0.8667 0.0339
vt 0.85 0.0678
vt 0.85 0.0339
vt 0.9333 0.0339
vt 0.9167 0.0678
vt 0.9167 0.0339
vt 0.725 0.161
vt 0.4444 0.5932
vt 0.4444 0.5593
vt 0.7 0.7627
vt 0.7111 0.7966
vt 0.9042 0.6504
vt 0.8833 0.6186
vt 0.9083 0.6229
vt 0.5972 0.0593
vt 0.6167 0.0678
vt 0.8333 0.5763
vt 0.85 0.5763
vt 0.8667 0.2034
vt 0.8833 0.1695
vt 0.8833 0.2034
vt 0.5639 0.0085
vt 0.5444 -0
vt 0.5722 0
vt 0.9556 0.3559
vt 0.7444 0.1356
vt 0.725 0.1356
vt 0.4556 0.1864
vt 0.475 0.1864
vt 0.4556 0.2119
vt 0.0556 0.5763
vt 0.0333 0.5932
vt 0.05 0.3305
vt 0.025 0.3263
vt 0.85 0.1695
vt 0.8667 0.1356
vt 0.8667 0.1695
vt 0.6278 0
vt 0.7556 0.339
vt 0.7444 0.3559
vt 0.7389 0.3475
vt 0.7667 0.3559
vt 0.4444 0.2119
vt 0.6778 0.6864
vt 0.7 0.661
vt 0.7 0.6864
vt 0.2333 0.8814
vt 0.2167 0.8983
vt 0.2167 0.8814
vt 0.8458 0.2352
vt 0.8333 0.2712
vt 0.8167 0.2373
vt 0.1222 0.6441
vt 0.1111 0.6186
vt 0.1222 0.6186
vt 0.5611 0.0169
vt 0.4167 0.1864
vt 0.3944 0.178
vt 0.4194 0.1822
vt 0.4 0.6186
vt 0.95 0.5424
vt 0.9556 0.5254
vt 0.9667 0.5424
vt 0.7694 0.822
vt 0.75 0.7966
vt 0.7694 0.7966
vt 0.1389 0.5
vt 0.1111 0.4619
vt 0.1389 0.4619
vt 0.475 0.161
vt 0.3694 0.3347
vt 0.3889 0.322
vt 0.3944 0.3305
vt 0.3056 0.4237
vt 0.2833 0.4153
vt 0.3083 0.4195
vt 0.2583 0.3347
vt 0.2778 0.322
vt 0.2833 0.3305
vt 0.075 0.1737
vt 0.0556 0.1864
vt 0.05 0.178
vt 0.9125 0.5953
vt 0.9 0.5593
vt 0.9167 0.5678
vt 0.2778 0.7542
vt 0.4944 0.1356
vt 0.5139 0.1356
vt 0.4944 0.161
vt 0.6778 0.5424
vt 0.5889 0.0678
vt 0.9583 0.7712
vt 0.9389 0.7966
vt 0.9389 0.7712
vt 0.6667 0.5085
vt 0.8708 0.5826
vt 0.8667 0.5424
vt 0.8833 0.5508
vt 0.8444 0.822
vt 0.8722 0.7966
vt 0.8722 0.822
vt 0.9722 0.3559
vt 0.8444 0.7712
vt 0.8722 0.7458
vt 0.8722 0.7712
vt 0.8 0.678
vt 0.8 0.6441
vt 0.8167 0.6441
vt 0.95 0.339
vt 0.9667 0.339
vt 0.9833 0.339
vt 1 0.339
vt 0.7111 0.6864
vt 0.7111 0.661
vt 0.6667 0.6356
vt 0.6444 0.661
vt 0.6444 0.6356
vt 0.8 0.6102
vt 0.8 0.5763
vt 0.8167 0.5763
vt 0.8167 0.6102
vt 0.7222 0.5254
vt 0.9125 0.286
vt 0.9 0.322
vt 0.8917 0.2924
vt 0.3236 0.6441
vt 0.3389 0.678
vt 0.3208 0.678
vt 0.7778 0.339
vt 0.8 0.339
vt 0.7833 0.3475
vt 0.8667 0.678
vt 0.85 0.7119
vt 0.85 0.678
vt 0.9042 0.2309
vt 0.8833 0.2627
vt 0.875 0.2331
vt 0.7778 0.5424
vt 0.7833 0.5339
vt 0.8 0.5424
vt 0.9722 0.5254
vt 0.9778 0.5085
vt 0.2111 0.678
vt 0.2111 0.6949
vt 0.75 0.7712
vt 0.7694 0.7458
vt 0.7694 0.7712
vt 0.2778 0.6441
vt 0.2667 0.6356
vt 0.3569 0.8305
vt 0.3389 0.8051
vt 0.3569 0.8051
vt 0.9833 0.5424
vt 0.3569 0.8814
vt 0.3389 0.8559
vt 0.3569 0.8559
vt 0.2667 0.5932
vt 0.4 0.5932
vt 0.4 0.7542
vt 0.2778 0.7797
vt 0.6278 0.0847
vt 0.7306 0.822
vt 0.7111 0.7966
vt 0.7306 0.7966
vt 0.1944 0.4619
vt 0.1667 0.5
vt 0.1667 0.4619
vt 0.4167 0.4237
vt 0.3944 0.4153
vt 0.4194 0.4195
vt 0.7111 0.5085
vt 0.6556 0.0593
vt 0.6667 0.089
vt 0.6556 0.089
vt 0.7333 0.339
vt 0.1611 0.3305
vt 0.1361 0.3263
vt 0.4 0.7797
vt 0.4111 0.7797
vt 0.4556 0.1356
vt 0.475 0.1356
vt 0.4556 0.161
vt 0.7889 0.822
vt 0.8167 0.7966
vt 0.8167 0.822
vt 0.3056 0.1864
vt 0.2833 0.178
vt 0.3083 0.1822
vt 0.9194 0.7966
vt 0.9 0.7712
vt 0.9194 0.7712
vt 0.7444 0.1864
vt 0.7444 0.2119
vt 0.725 0.1864
vt 0.1861 0.411
vt 0.1667 0.4237
vt 0.1611 0.4153
vt 0.7889 0.7712
vt 0.8167 0.7458
vt 0.8167 0.7712
vt 0.6556 0
vt 0.6667 0.0297
vt 0.6556 0.0297
vt 0.3889 -0
vt 0.4444 0.161
vt 0.2667 0.8559
vt 0.2847 0.8559
vt 0.9333 0.1017
vt 0.9167 0.1356
vt 0.9167 0.1017
vt 0.075 0.411
vt 0.0556 0.4237
vt 0.05 0.4153
vt 0.1861 0.1737
vt 0.1667 0.1864
vt 0.1611 0.178
vt 0.1944 0.5381
vt 0.1667 0.5763
vt 0.1667 0.5381
vt 0.9333 0.4661
vt 0.9556 0.4407
vt 0.9556 0.4831
vt 0.5444 0.7119
vt 0.5278 0.7119
vt 0.9778 0.4746
vt 0.4278 0
vt 0.4083 0.0339
vt 0.4083 0
vt 0.7708 0.8729
vt 0.7556 0.8983
vt 0.7528 0.8729
vt 0.5278 0.5932
vt 0.5111 0.5932
vt 0.4944 0.6864
vt 0.5111 0.7119
vt 0.4944 0.7119
vt 0.4944 0.661
vt 0.5111 0.6864
vt 0.7347 0.8729
vt 0.7167 0.8729
vt 0.7722 0.8983
vt 0.7583 0.9237
vt 0.4889 0.5085
vt 0.5111 0.5085
vt 0.5333 0.5339
vt 0.5333 0.5085
vt 0.5333 0.5593
vt 0.4278 0.0508
vt 0.4083 0.0847
vt 0.4083 0.0508
vt 0.4278 0.0339
vt 0.1111 0.6441
vt 0.0889 0.6186
vt 0.3389 0.8983
vt 0.3569 0.8983
vt 0.4111 0.1695
vt 0.3889 0.1356
vt 0.4111 0.1356
vt 0.0889 0.6441
vt 0.0778 0.6186
vt 0.1667 0.6949
vt 0.1444 0.7288
vt 0.1444 0.6949
vt 0.1667 0.6271
vt 0.1444 0.661
vt 0.1444 0.6271
vt 0.2111 0.6271
vt 0.1889 0.661
vt 0.1889 0.6271
vt 0.5778 0.6271
vt 0.5778 0.5932
vt 0.5778 0.661
vt 0.2778 0.3729
vt 0.2556 0.3729
vt 0.2778 0.339
vt 0.2556 0.339
vt 0.6667 0.2119
vt 0.6556 0.2373
vt 0.6556 0.2119
vt 0.7833 0.3708
vt 0.7667 0.4407
vt 0.7833 0.4407
vt 0.7833 0.464
vt 0.7333 0.4746
vt 0.75 0.4407
vt 0.75 0.4788
vt 0.9167 0.4407
vt 0.9167 0.4661
vt 0.8833 0.4407
vt 0.9 0.4661
vt 0.8833 0.4661
vt 0.8833 0.339
vt 0.9 0.3644
vt 0.8833 0.3644
vt 0.0556 0.3729
vt 0.0333 0.3729
vt 0.0556 0.339
vt 0.0333 0.339
vt 0.8167 0.2712
vt 0.8333 0.3051
vt 0.8333 0.339
vt 0.8167 0.339
vt 0.8167 0.3051
vt 0.8833 0.7458
vt 0.8667 0.7119
vt 0.8833 0.7119
vt 0.1889 0.3729
vt 0.1667 0.339
vt 0.1889 0.4068
vt 0.1667 0.3729
vt 0.1222 0.3729
vt 0.0278 0.5
vt 0 0.4619
vt 0.0278 0.4619
vt 0.0833 0.5
vt 0.0556 0.4619
vt 0.0833 0.4619
vt 0.0556 0.5381
vt 0.0833 0.5381
vt 0.5444 0.0297
vt 0.5333 0.0593
vt 0.5333 0.0297
vt 0.1667 0.1356
vt 0.1667 0.1695
vt 0.6 0.339
vt 0.5722 0.3559
vt 0.5722 0.339
vt 0.7444 0.3136
vt 0.7556 0.2881
vt 0.7556 0.3136
vt 0.6444 0.6102
vt 0.6444 0.6441
vt 0.6847 0.2055
vt 0.7208 0.2436
vt 0.7 0.2627
vt 0.7028 0.2246
vt 0.7167 0.2754
vt 0.6972 0.3008
vt 0.4444 0.3136
vt 0.4556 0.2881
vt 0.4556 0.3136
vt 0.3389 0.6949
vt 0.3569 0.678
vt 0.3569 0.6949
vt 0.4444 0.8983
vt 0.4611 0.8814
vt 0.4611 0.8983
vt 0.5444 0.2627
vt 0.5333 0.2373
vt 0.5444 0.2373
vt 0.0278 0.2542
vt 0 0.2203
vt 0.0278 0.2203
vt 0.0833 0.2542
vt 0.0556 0.2203
vt 0.0833 0.2203
vt 0.0556 0.2881
vt 0.0833 0.2881
vt 0.6 0.161
vt 0.6278 0.1356
vt 0.6278 0.161
vt 0.6 0.2627
vt 0.6278 0.2373
vt 0.6278 0.2627
vt 0.5722 0.2373
vt 0.5722 0.2627
vt 0.25 0.2542
vt 0.2222 0.2203
vt 0.25 0.2203
vt 0.3056 0.2542
vt 0.2778 0.2203
vt 0.3056 0.2203
vt 0.2778 0.2881
vt 0.3056 0.2881
vt 0.4111 0.4068
vt 0.4333 0.4068
vt 0.3889 0.3729
vt 0.3889 0.4068
vt 0.3667 0.339
vt 0.3667 0.3729
vt 0.6 0.6102
vt 0.6 0.5763
vt 0.0333 0.1356
vt 0.0556 0.1695
vt 0.0778 0.6441
vt 0.0556 0.6186
vt 0.1444 0.0678
vt 0.1222 0.0339
vt 0.1444 0.0339
vt 0.1889 0.0678
vt 0.1667 0.0339
vt 0.1889 0.0339
vt 0.1889 0.1356
vt 0.1667 0.1017
vt 0.1889 0.1017
vt 0.25 0.5
vt 0.2222 0.4619
vt 0.25 0.4619
vt 0.3056 0.5
vt 0.2778 0.4619
vt 0.3056 0.4619
vt 0.2778 0.5381
vt 0.3056 0.5381
vt 0.2556 0.1356
vt 0.2778 0.1695
vt 0.3542 0.7288
vt 0.6778 0.7627
vt 0.9542 0.8729
vt 0.9583 0.8475
vt 0.95 0.8983
vt 0.9306 0.9237
vt 0.9333 0.8983
vt 0.9167 0.8983
vt 0.9 0.9237
vt 0.9 0.8983
vt 0.6667 0.4407
vt 0.6556 0.4407
vt 0.3931 0.9492
vt 0.4111 0.9746
vt 0.3931 0.9746
vt 0.3208 0.9492
vt 0.3389 0.9746
vt 0.3208 0.9746
vt 0.3208 0.8983
vt 0.3389 0.9237
vt 0.3208 0.9237
vt 0.6 0.1356
vt 0.6278 0.1186
vt 0.7556 0.1864
vt 0.7556 0.2119
vt 0.4611 0.2627
vt 0.4792 0.2436
vt 0.5167 0.25
vt 0.4972 0.2246
vt 0.5153 0.2055
vt 0.5097 0.2754
vt 0.5 0.2627
vt 0.6778 0.661
vt 0.6778 0.6356
vt 0.5778 0.6102
vt 0.5778 0.5763
vt 0.3611 0.2203
vt 0.3333 0.2542
vt 0.3333 0.2203
vt 0.4167 0.2542
vt 0.3889 0.2203
vt 0.4167 0.2203
vt 0.4167 0.2881
vt 0.3889 0.2881
vt 0.4667 0.678
vt 0.4667 0.6949
vt 0.1444 0.5932
vt 0.3667 0.5932
vt 0.3889 0.5763
vt 0.3889 0.5932
vt 0.2556 0.5932
vt 0.2778 0.5763
vt 0.2778 0.5932
vt 0.1667 0.4068
vt 0.0556 0.4068
vt 0.8333 0.5169
vt 0.8167 0.5424
vt 0.8167 0.5169
vt 0.8333 0.4153
vt 0.8167 0.4407
vt 0.8167 0.4153
vt 0.8667 0.4153
vt 0.85 0.4407
vt 0.85 0.4153
vt 0.8722 0.8983
vt 0.8722 0.9237
vt 0.8167 0.8983
vt 0.8444 0.9237
vt 0.8167 0.9237
vt 0.8167 0.8475
vt 0.8444 0.8729
vt 0.8167 0.8729
vt 0.3611 0.5
vt 0.3333 0.4619
vt 0.3611 0.4619
vt 0.4167 0.4619
vt 0.3889 0.5
vt 0.3889 0.4619
vt 0.3889 0.5381
vt 0.4167 0.5381
vt 0.5778 0.5593
vt 0.1389 0.2542
vt 0.1111 0.2203
vt 0.1389 0.2203
vt 0.1944 0.2542
vt 0.1667 0.2203
vt 0.1944 0.2203
vt 0.1944 0.2881
vt 0.1667 0.322
vt 0.1667 0.2881
vt 0.3889 0.339
vt 0.5111 0.6271
vt 0.5278 0.6271
vt 0.5111 0.661
vt 0.0889 0.5932
vt 0.1111 0.5932
vt 0.4333 0.1695
vt 0.4444 0.1864
vt 0.3333 0.1864
vt 0.3444 0.339
vt 0.0111 0.339
vt 0 0.322
vt 0.1111 0.322
vt 0.2333 0.339
vt 0.1667 0.2542
vt 0.2222 0.2542
vt 0.1944 0.1864
vt 0.2222 0.1864
vt 0.4167 0.5
vt 0.4444 0.5381
vt 0.4444 0.5
vt 0.4444 0.5763
vt 0.3889 0.4237
vt 0.4444 0.4619
vt 0.4444 0.4237
vt 0.3333 0.4237
vt 0.8444 0.8983
vt 0.7889 0.8729
vt 0.7889 0.8983
vt 0.7889 0.8475
vt 0.8444 0.9492
vt 0.8167 0.9492
vt 0.7889 0.9237
vt 0.7889 0.9492
vt 0.9 0.9492
vt 0.8722 0.9492
vt 0.8333 0.4407
vt 0.85 0.3644
vt 0.8333 0.3898
vt 0.8333 0.3644
vt 0.8667 0.3644
vt 0.85 0.3898
vt 0.8 0.4407
vt 0.8 0.4153
vt 0.8167 0.3644
vt 0.8 0.3898
vt 0.8 0.3644
vt 0.8167 0.3898
vt 0.8 0.5169
vt 0.8167 0.4661
vt 0.8 0.4915
vt 0.8 0.4661
vt 0.8333 0.4661
vt 0.8167 0.4915
vt 0.1 0.4068
vt 0.2111 0.4068
vt 0.3222 0.4068
vt 0.2333 0.5932
vt 0.3444 0.5932
vt 0.1222 0.5932
vt 0.1111 0.5763
vt 0.3889 0.2542
vt 0.4444 0.2881
vt 0.4444 0.2542
vt 0.3889 0.1864
vt 0.4444 0.2203
vt 0.3611 0.2542
vt 0.0556 0.5932
vt 0.0778 0.5932
vt 0.3889 0.0847
vt 0.3889 0.0508
vt 0.6 0.5424
vt 0.5778 0.5424
vt 0.6667 0.6102
vt 0.6667 0.5847
vt 0.5181 0.2945
vt 0.5028 0.3008
vt 0.5333 0.2627
vt 0.5056 0.339
vt 0.4944 0.1864
vt 0.5139 0.161
vt 0.5333 0.1864
vt 0.475 0.2119
vt 0.7444 0.2373
vt 0.3389 0.9492
vt 0.2847 0.9237
vt 0.3028 0.9492
vt 0.2847 0.9492
vt 0.3028 0.9237
vt 0.3389 1
vt 0.3208 1
vt 0.2847 0.9746
vt 0.3028 1
vt 0.2847 1
vt 0.3028 0.9746
vt 0.4111 1
vt 0.3931 1
vt 0.3569 0.9746
vt 0.375 1
vt 0.3569 1
vt 0.3569 0.9492
vt 0.375 0.9746
vt 0.9153 0.9237
vt 0.9458 0.9237
vt 0.9611 0.9237
vt 0.9667 0.8983
vt 0.9278 0.9492
vt 0.9722 0.8729
vt 0.9778 0.8475
vt 0.9361 0.8729
vt 0.3847 0.7288
vt 0.375 0.6949
vt 0.3931 0.6949
vt 0.2333 0.1356
vt 0.2778 0.5
vt 0.3333 0.5
vt 0.3333 0.5763
vt 0.2778 0.4237
vt 0.2222 0.4237
vt 0.1667 0.0678
vt 0.2111 0.1017
vt 0.2111 0.0678
vt 0.1667 0
vt 0.1889 0
vt 0.2111 0.0339
vt 0.1222 -0
vt 0.1444 0
vt 0.3889 0.0339
vt 0.0111 0.1356
vt 0.3444 0.3729
vt 0.2778 0.2542
vt 0.2778 0.1864
vt 0.6 0.2373
vt 0.5722 0.3136
vt 0.6 0.2881
vt 0.6 0.3136
vt 0.5444 0.3136
vt 0.5722 0.2881
vt 0.6556 0.2627
vt 0.6278 0.3136
vt 0.6556 0.2881
vt 0.6278 0.2881
vt 0.6556 0.161
vt 0.6278 0.2119
vt 0.6556 0.1864
vt 0.6 0.2119
vt 0.6278 0.1864
vt 0.0556 0.2542
vt 0.1111 0.2542
vt 0.0833 0.1864
vt 0.5333 0.3136
vt 0.5444 0.2881
vt 0.4778 0.8983
vt 0.4778 0.8814
vt 0.4444 0.339
vt 0.4556 0.339
vt 0.7125 0.3072
vt 0.7333 0.2881
vt 0.7278 0.3136
vt 0.6944 0.339
vt 0.725 0.2119
vt 0.7056 0.1864
vt 0.7389 0.2627
vt 0.6667 0.161
vt 0.6861 0.161
vt 0.6667 0.1864
vt 0.6222 0.678
vt 0.6444 0.678
vt 0.7444 0.339
vt 0.7556 0.339
vt 0.5333 0
vt 0.0556 0.5
vt 0.1111 0.5
vt 0.0833 0.4237
vt 0.2111 0.3729
vt 0.9167 0.7458
vt 0.9 0.7119
vt 0.8 0.3051
vt 0.8 0.2712
vt 0.8 0.2373
vt 0.0111 0.3729
vt 0.8833 0.3898
vt 0.9 0.4153
vt 0.8833 0.4153
vt 0.8667 0.3898
vt 0.8833 0.4915
vt 0.9 0.5169
vt 0.8833 0.5169
vt 0.8667 0.4915
vt 0.8667 0.4407
vt 0.8667 0.4661
vt 0.9167 0.4915
vt 0.9333 0.5169
vt 0.9167 0.5169
vt 0.9 0.4915
vt 0.9 0.4407
vt 0.7667 0.4831
vt 0.7333 0.5085
vt 0.7833 0.5106
vt 0.7833 0.4873
vt 0.7833 0.3941
vt 0.7667 0.3983
vt 0.7833 0.4174
vt 0.2333 0.3729
vt 0.1667 0.661
vt 0.1667 0.5932
vt 0.1222 0.661
vt 0.1222 0.6271
vt 0.1222 0.7288
vt 0.1222 0.6949
vt 0.4333 0.1356
vt 0.375 0.8983
vt 0.3931 0.8814
vt 0.7736 0.9237
vt 0.7611 0.9492
vt 0.7306 0.8475
vt 0.7111 0.8475
vt 0.75 0.8475
vt 0.4778 0.6864
vt 0.4778 0.7119
vt 0.7694 0.8475
vt 0.9333 0.4915
vt 0.1944 0.5
vt 0.2222 0.5
vt 0.9 0.1017
vt 0.8833 0.1356
vt 0.8833 0.1017
vt 0.9 0.0678
vt 0.8833 0.0678
vt 0.9333 0.0678
vt 0.2667 0.8305
vt 0.3208 0.8559
vt 0.3028 0.8305
vt 0.3208 0.8305
vt 0.3208 0.8814
vt 0.3028 0.8559
vt 0.4444 0.1864
vt 0.6667 0.0593
vt 0.8444 0.7458
vt 0.8444 0.7966
vt 0.7889 0.7966
vt 0.1944 0.4237
vt 0.6 0.0847
vt 0.9 0.7458
vt 0.9194 0.7458
vt 0.9389 0.7458
vt 0.8444 0.8475
vt 0.75 0.822
vt 0.7111 0.822
vt 0.3389 0.8305
vt 0.3931 0.8559
vt 0.375 0.8305
vt 0.3931 0.8305
vt 0.375 0.8559
vt 0.3389 0.7797
vt 0.3569 0.7797
vt 0.3931 0.8051
vt 0.375 0.7797
vt 0.3931 0.7797
vt 0.375 0.8051
vt 0.7889 0.7458
vt 0.9 0.2034
vt 0.9167 0.2034
vt 0.9333 0.2288
vt 0.9083 0.2585
vt 0.8333 0.678
vt 0.8167 0.678
vt 0.6389 0.0169
vt 0.2931 0.6441
vt 0.3028 0.678
vt 0.9333 0.2797
vt 0.9333 0.2542
vt 0.9333 0.3051
vt 0.8333 0.5424
vt 0.6444 0.5847
vt 0.7 0.7373
vt 0.7111 0.7119
vt 0.7111 0.7373
vt 0.9 0.7966
vt 0.8917 0.589
vt 0.9583 0.7458
vt 0.9778 0.7712
vt 0.9778 0.7458
vt 0.9583 0.7966
vt 0.5333 0.1356
vt 0.9333 0.5763
vt 0.9333 0.6017
vt 0.9333 0.6271
vt 0.8333 0.2034
vt 0.85 0.2034
vt 0.8583 0.2669
vt 0.2 0.8983
vt 0.2 0.8814
vt 0.7 0.7119
vt 0.4444 0.2373
vt 0.8333 0.1356
vt 0.8333 0.1695
vt 0.0111 0.5932
vt 0 0.5763
vt 0.9333 0.4153
vt 0.9333 0.6525
vt 0.8833 0.678
vt 0.875 0.6483
vt 0.9 0.0339
vt 0.8833 0.0339
vt 0.9 0
vt 0.8833 0
vt 0.9333 -0
vt 0.9167 0
vt 0.8333 0.0339
vt 0.8167 0.0678
vt 0.8167 0.0339
vt 0.8333 0
vt 0.8167 0
vt 0.85 0
vt 0.2847 0.7797
vt 0.3208 0.8051
vt 0.3028 0.7797
vt 0.3208 0.7797
vt 0.3028 0.8051
vt 0.8333 0.1017
vt 0.8167 0.1356
vt 0.8167 0.1017
vt 0.8333 0.0678
vt 0.8667 0.0678
vt 0.9778 0.7966
vt 0.9778 0.822
vt 0.6667 0.1356
vt 0.0556 0.322
vt 0.75 0.7458
vt 0.7111 0.7712
vt 0.9 0.1356
vt 0.9 0.1695
vt 0.9 0.678
vt 0.8833 0.3305
vt 0.3694 0.6441
vt 0.3542 0.6441
vt 0.6667 0.6864
vt 0.6444 0.7119
vt 0.6444 0.6864
vt 0.7 0.6102
vt 0.7 0.6356
vt 0.9778 0.4407
vt 0.0556 0.5932
vt 0.7111 0.6356
vt 0.7111 0.6102
vt 0.2333 0.8983
vt 0.7431 0.9237
vt 0.7333 0.9492
vt 0.4278 0.0847
vt 0.3028 0.8983
vt 0.3889 0.1695
vt 0.1667 0.7288
vt 0.2111 0.661
vt 0.2778 0.4068
vt 0.7333 0.4068
vt 0.9167 0.3898
vt 0.9167 0.4153
vt 0.9 0.3898
vt 0.9 0.339
vt 0.85 0.7458
vt 0.8333 0.7119
vt 0 0.5
vt 0.5444 0.0593
vt 0.6 0.3559
vt 0.7444 0.2881
vt 0.6222 0.6102
vt 0.6903 0.2754
vt 0.6819 0.2945
vt 0.6667 0.2881
vt 0.4444 0.2881
vt 0.3028 0.6949
vt 0.3208 0.6949
vt 0.4444 0.8814
vt 0.5333 0.2119
vt 0.5444 0.1864
vt 0.5444 0.2119
vt 0 0.2542
vt 0.5722 0.2119
vt 0.6 0.1864
vt 0.5722 0.1864
vt 0.0556 0.1356
vt 0.0556 0.6441
vt 0.1222 0.0678
vt 0.2778 0.1356
vt 0.3083 0.7288
vt 0.3236 0.7288
vt 0.4111 0.9492
vt 0.3569 0.9237
vt 0.375 0.9492
vt 0.375 0.9237
vt 0.6 0.1186
vt 0.4875 0.3072
vt 0.4778 0.339
vt 0.6667 0.7119
vt 0.85 0.4661
vt 0.8333 0.4915
vt 0.85 0.4915
vt 0.6667 0.661
vt 0.3389 0.7288
vt 0.8667 0.7458
vt 0.9333 0.4407
vt 0.3389 0.8814
vt 0.3389 0.6441
vt 0.8 0.1017
vt 0.8 0.0678
vt 0.8 0.1356
vt 0.8 0.0339
vt 0.8 -0
vt 0.8667 0
vt 0.9333 0.2034
vt 0.8 0.1695
vt 0.7111 0.7627
vt 0.6444 0.5593
vt 0.4111 0.8305
vt 0.4111 0.8051
vt 0.4111 0.8559
vt 0.4111 0.8983
vt 0.9167 0.5424
vt 0.9 0.5424
vt 0.9333 0.5424
vt 0.8833 0.5424
vt 0.9333 0.7458
vt 0.9333 0.7119
vt 0.4111 0.6949
vt 0.5333 0.339
vt 0.2667 0.9492
vt 0.2667 0.9746
vt 0.2667 1
vt 0.2667 0.9237
vt 0.5333 0.2881
vt 0.6778 0.5593
vt 0.6778 0.6102
vt 0.3694 0.7288
vt 0.375 0.678
vt 0.9 0.7458
vt 0.375 0.8814
vt 0.3028 0.8814
vt 0.3083 0.6441
vt 0.6778 0.7119
vt 0.9333 0.3898
vt 0.8333 0.7458
vt 0.5444 0.5593
vt 0.2222 0.5763
vt 0.0556 0.6949
vt 0.4667 0.0847
vt 0.5444 0.4407
vt 0.3222 0.1356
vt 0.1222 0.1356
vt 0.1 0.1356
vt 0.2222 0.322
vt 0.6667 0.8475
vt 0.8 0.7458
vt 0.9333 0.339
vt 0.6667 0.339
vt 0.5444 0.661
vt 0.2111 0.7288
vt 0.4444 0.661
vt 0.2389 0.678
vt 0.5444 0.0847
vt 0.9167 0.3136
vt 0.6667 0
vt 0.4444 0.1356
vt 0.7333 0.4407
vt 0.9556 0.9492
vt 0.7222 0.339
s 1
f 3012/3199 3468/3200 3426/3201
f 3833/3202 2918/3203 3169/3204
f 3537/3205 2864/3206 3365/3207
f 3367/3208 2861/3209 3447/3210
f 3369/3211 2862/3212 3559/3213
f 3599/3214 2863/3215 3565/3216
f 3373/3217 2870/3218 3432/3219
f 3477/3220 2869/3221 3445/3222
f 3443/3223 2871/3224 3363/3225
f 3378/3226 2872/3227 3377/3228
f 3643/3229 3391/3230 3934/3231
f 2914/3232 3159/3233 3161/3234
f 2954/3235 3187/3236 3188/3237
f 3241/3238 3063/3239 3061/3240
f 3582/3241 3418/3242 3933/3243
f 3028/3244 3025/3245 3026/3246
f 3656/3247 3441/3248 3932/3249
f 4042/3250 3492/3251 4119/3252
f 3483/3253 2880/3254 3387/3255
f 3397/3256 2878/3257 3394/3258
f 3399/3259 2877/3260 3576/3261
f 3406/3262 2879/3263 3551/3264
f 3298/3237 2943/3265 2944/3266
f 3585/3267 2888/3268 3405/3269
f 3646/3270 2886/3271 3403/3272
f 3584/3273 2887/3274 3404/3275
f 3231/3276 3041/3277 3222/3278
f 3577/3279 3381/3280 3930/3281
f 3008/3282 3481/3283 3460/3284
f 3020/3245 3514/3285 3511/3286
f 2925/3287 2919/3288 2920/3289
f 3183/3290 2942/3291 3181/3292
f 3518/3293 2921/3294 3459/3295
f 3965/3296 2931/3297 4000/3298
f 3060/3299 3240/3300 3239/3301
f 3008/3282 3005/3302 3006/3303
f 2982/3304 2975/3305 2974/3306
f 3809/3307 3437/3308 3151/3309
f 3652/3310 2855/3311 3390/3312
f 3289/3313 2901/3314 3262/3315
f 3077/3316 3496/3317 3417/3318
f 4043/3319 3530/3320 4116/3321
f 2904/3322 3152/3323 3286/3324
f 3928/3325 2905/3326 3446/3327
f 3182/3328 2941/3329 3183/3290
f 3083/3330 3084/3331 2904/3322
f 3048/3332 3963/3333 4044/3334
f 3645/3335 2864/3336 3371/3337
f 3649/3338 3412/3339 3927/3340
f 3586/3341 3415/3342 3926/3343
f 3009/3282 3618/3283 3458/3284
f 3028/3344 3519/3345 3605/3346
f 3415/3347 2862/3348 3366/3349
f 3594/3350 2923/3351 3518/3293
f 3791/3352 2870/3218 3120/3353
f 3644/3354 3393/3355 3925/3356
f 4037/3357 3417/3318 4114/3358
f 3578/3359 3384/3360 3923/3361
f 2942/3291 2939/3362 2940/3363
f 4046/3364 3077/3316 4037/3357
f 3530/3365 3033/3366 3527/3367
f 3044/3368 3962/3369 3963/3333
f 3436/3370 2897/3371 3574/3372
f 3775/3373 4002/3374 3147/3375
f 3658/3376 2920/3377 3451/3378
f 3653/3379 2896/3380 3472/3381
f 3083/3330 3439/3382 3587/3383
f 3075/3299 3256/3300 3255/3301
f 2986/3384 2979/3385 2978/3386
f 3007/3387 3460/3284 3495/3200
f 3368/3388 2858/3389 2863/3390
f 3176/3391 2942/3291 2940/3363
f 3002/3392 2995/3393 2994/3394
f 2946/3235 3185/3395 2950/3396
f 2947/3397 3184/3398 2945/3399
f 3511/3286 3019/3246 3020/3245
f 3640/3400 3078/3401 3567/3402
f 2958/3396 3188/3237 2952/3266
f 2951/3377 3189/3403 2955/3397
f 3583/3404 3421/3405 3922/3406
f 3770/3407 2869/3408 3402/3409
f 3966/3410 2937/3411 3997/3412
f 2972/3413 3485/3414 3484/3415
f 3193/3416 2936/3417 2966/3418
f 3270/3419 3482/3420 3765/3421
f 3664/3422 4016/3423 4111/3424
f 3920/3425 2965/3426 3633/3427
f 2990/3428 2991/3429 3086/3430
f 3299/3395 2955/3397 3189/3403
f 3940/3431 3083/3330 3939/3432
f 3011/3433 3426/3201 3618/3434
f 3275/3435 3386/3436 3755/3437
f 3166/3438 3162/3439 3336/3440
f 3405/3441 3361/3442 3919/3443
f 3468/3200 3009/3282 3458/3284
f 3365/3207 2857/3444 3463/3445
f 3036/3446 3959/3447 3970/3448
f 3012/3302 3009/3282 3010/3387
f 3005/3199 3495/3200 3420/3201
f 3519/3345 3025/3245 3517/3286
f 3025/3245 3521/3285 3517/3286
f 3291/3449 3167/3450 3334/3451
f 3158/3452 3164/3453 3333/3454
f 3746/3455 3435/3456 3150/3457
f 2984/3394 2977/3458 2976/3392
f 3657/3459 3166/3460 3744/3461
f 3017/3344 3515/3345 3604/3346
f 3221/3462 3043/3463 3044/3368
f 3035/3464 3525/3465 3532/3466
f 3020/3245 3017/3244 3018/3467
f 2912/3468 3160/3469 3164/3470
f 2923/3351 2922/3471 2921/3472
f 4005/3473 2927/3474 4020/3475
f 3446/3327 3573/3476 3918/3477
f 3185/3395 2947/3397 3186/3403
f 3647/3478 2885/3479 3401/3480
f 3226/3481 2938/3482 2962/3483
f 3739/3484 2966/3418 3538/3485
f 3550/3486 2911/3487 2912/3488
f 3229/3489 3045/3490 3228/3491
f 3230/3492 3037/3493 3222/3494
f 3050/3495 3231/3496 3232/3497
f 3233/3498 3040/3499 3221/3500
f 3055/3239 3223/3238 3309/3501
f 3543/3502 3235/3503 3737/3504
f 3624/3505 3237/3506 3056/3507
f 4038/3508 2928/3509 4005/3473
f 3245/3510 3066/3511 3242/3512
f 3071/3239 3249/3238 3318/3501
f 3547/3502 3243/3503 3734/3504
f 3627/3505 3245/3506 3064/3507
f 4000/3298 2929/3513 3944/3514
f 3253/3510 3074/3511 3250/3512
f 3237/3510 3059/3511 3234/3512
f 3553/3502 3251/3503 3731/3504
f 3630/3505 3253/3506 3072/3507
f 2988/3428 2973/3515 2980/3516
f 3631/3517 3727/3518 3257/3519
f 3049/3520 4004/3521 3972/3522
f 3261/3523 2935/3524 2959/3525
f 2853/3526 3077/3316 3078/3401
f 2856/3527 3079/3528 3080/3529
f 2932/3530 2928/3377 2933/3397
f 3081/3531 3082/3532 2903/3533
f 3481/3434 3005/3199 3420/3201
f 3182/3328 2940/3534 2939/3535
f 3917/3536 2972/3413 3484/3415
f 2962/3537 3948/3538 3967/3539
f 2983/3393 2976/3392 2975/3305
f 3648/3540 3409/3541 3916/3542
f 2982/3304 2981/3543 3085/3544
f 2981/3543 2988/3428 3085/3545
f 2988/3428 2987/3429 3085/3430
f 2987/3429 2986/3384 3085/3546
f 2986/3384 2985/3547 3085/3548
f 2985/3549 2984/3394 3085/3550
f 2984/3394 2983/3393 3085/3551
f 2983/3393 2982/3304 3085/3552
f 2991/3429 2992/3384 3086/3546
f 2992/3384 2993/3547 3086/3548
f 2993/3549 2994/3394 3086/3550
f 2994/3394 2995/3393 3086/3551
f 2995/3393 2996/3304 3086/3552
f 2996/3304 2989/3543 3086/3544
f 2989/3543 2990/3428 3086/3545
f 3949/3553 2966/3554 2936/3555
f 2959/3556 4018/3557 4041/3558
f 3915/3559 2855/3560 3638/3561
f 3728/3562 3632/3563 3259/3564
f 3065/3565 3699/3566 3248/3300
f 3379/3567 2864/3206 3537/3205
f 3367/3208 3542/3568 2865/3569
f 3369/3211 3388/3570 2866/3571
f 3454/3572 2863/3215 3599/3214
f 3373/3217 3641/3573 2874/3574
f 3642/3575 2869/3221 3477/3220
f 3579/3576 2871/3224 3443/3223
f 3378/3226 3580/3577 2876/3578
f 3264/3579 3712/3580 3566/3581
f 3735/3582 3062/3583 3237/3506
f 3914/3584 3157/3585 3743/3586
f 3673/3587 3316/3588 3698/3589
f 3913/3590 3304/3591 3711/3592
f 3731/3504 3252/3593 3730/3594
f 3734/3504 3244/3593 3733/3594
f 3064/3595 3242/3512 3058/3596
f 3416/3597 2880/3254 3483/3253
f 3397/3256 3419/3598 2882/3599
f 3399/3259 3462/3600 2881/3601
f 3524/3602 2879/3263 3406/3262
f 3677/3603 3957/3604 4108/3605
f 3987/3606 3411/3607 4105/3608
f 3678/3609 4047/3610 4104/3611
f 3621/3612 4048/3613 4102/3614
f 3057/3565 3702/3566 3240/3300
f 3264/3579 3713/3615 3712/3580
f 3164/3470 2909/3616 2907/3617
f 2930/3618 3176/3619 3182/3328
f 3056/3595 3234/3512 3054/3596
f 3908/3620 3325/3621 3710/3622
f 3545/3623 3239/3301 3238/3624
f 3304/3591 3704/3625 3603/3626
f 3297/3627 4011/3628 4030/3629
f 3622/3630 3053/3631 3623/3632
f 4016/3423 3302/3633 3739/3484
f 2894/3634 3652/3310 3635/3635
f 3149/3636 3689/3637 3433/3638
f 3278/3639 3359/3640 3583/3404
f 3578/3359 3109/3641 3374/3642
f 3956/3643 3178/3644 3180/3645
f 3549/3623 3247/3301 3246/3624
f 3733/3594 3244/3593 3626/3646
f 3192/3647 3692/3648 3693/3649
f 3692/3648 3260/3650 3633/3427
f 3590/3651 3149/3636 3433/3638
f 4027/3652 3175/3653 4008/3654
f 3219/3655 3616/3656 3411/3657
f 3072/3595 3250/3512 3069/3596
f 3555/3623 3255/3301 3254/3624
f 3907/3658 3190/3659 3529/3660
f 3201/3661 3499/3662 3501/3663
f 3243/3503 3699/3566 3241/3664
f 3241/3664 3625/3630 3243/3503
f 3628/3630 3070/3631 3554/3632
f 3309/3501 3057/3565 3060/3299
f 3238/3624 3735/3582 3237/3506
f 3479/3665 3099/3666 3364/3667
f 3049/3520 3312/3668 3230/3492
f 3494/3669 3224/3670 3198/3671
f 3906/3672 3326/3673 3717/3674
f 3719/3675 3534/3676 3905/3677
f 3149/3636 3690/3678 3689/3637
f 3048/3332 3221/3500 3044/3368
f 3466/3679 3271/3680 3108/3681
f 3410/3682 3130/3683 3400/3684
f 3512/3685 3274/3686 3113/3687
f 3541/3688 3116/3689 3102/3690
f 3904/3691 3194/3692 3488/3693
f 3048/3332 3314/3694 3233/3498
f 3265/3695 3567/3696 3691/3697
f 3049/3520 3222/3494 3041/3277
f 3298/3237 2948/3698 2946/3235
f 2945/3399 3186/3403 2947/3397
f 3694/3699 3695/3589 3318/3588
f 3903/3700 3330/3701 3742/3702
f 2952/3266 3299/3395 2958/3396
f 3187/3398 2957/3703 2951/3377
f 3736/3594 3236/3593 3544/3646
f 3700/3699 3060/3299 3545/3623
f 3700/3699 3701/3589 3309/3588
f 3902/3704 2971/3705 3487/3706
f 3686/3707 3687/3708 3901/3709
f 2966/3418 3707/3710 3193/3416
f 3625/3630 3061/3631 3548/3632
f 3318/3501 3073/3565 3075/3299
f 3685/3711 3496/3712 3900/3713
f 2961/3714 3631/3715 3666/3716
f 3737/3504 3236/3593 3736/3594
f 3302/3633 3600/3717 3300/3718
f 3193/3416 3663/3719 2960/3720
f 4006/3721 3175/3653 3173/3722
f 4007/3723 3173/3724 3958/3725
f 3729/3582 3076/3583 3253/3506
f 3257/3726 3557/3727 3706/3728
f 3304/3591 3705/3729 3704/3625
f 3727/3518 3258/3730 3728/3562
f 3254/3624 3729/3582 3253/3506
f 3732/3582 3068/3583 3245/3506
f 3694/3699 3075/3299 3555/3623
f 3899/3731 3301/3732 3726/3733
f 3983/3734 3220/3735 4024/3736
f 3730/3594 3252/3593 3629/3646
f 3486/3737 2970/3738 3560/3739
f 3296/3740 3935/3741 3978/3742
f 3898/3743 3328/3744 3725/3745
f 3557/3746 3558/3747 2967/3748
f 3703/3749 2963/3750 3226/3481
f 3198/3671 3703/3749 3226/3481
f 3246/3624 3732/3582 3245/3506
f 3039/3751 3221/3462 3040/3752
f 3715/3753 3572/3754 3897/3755
f 3047/3756 3308/3757 3229/3489
f 3235/3503 3702/3566 3223/3664
f 3674/3587 3318/3588 3695/3589
f 3988/3758 3683/3759 4099/3760
f 3383/3761 3226/3481 2962/3483
f 3941/3762 3684/3763 4097/3764
f 3247/3301 3066/3511 3068/3583
f 3229/3489 3308/3757 3039/3765
f 3051/3766 3230/3492 3312/3668
f 3232/3497 3313/3767 3050/3495
f 3046/3768 3233/3498 3314/3694
f 3249/3664 3628/3630 3251/3503
f 3240/3300 3543/3502 3059/3511
f 3609/3769 3238/3624 3624/3505
f 3894/3770 3146/3771 3718/3772
f 3697/3699 3698/3589 3316/3588
f 3697/3699 3067/3299 3549/3623
f 3248/3300 3547/3502 3066/3511
f 3610/3769 3246/3624 3627/3505
f 3893/3773 3327/3774 3721/3775
f 3073/3565 3696/3566 3256/3300
f 3251/3503 3696/3566 3249/3664
f 3256/3300 3553/3502 3074/3511
f 3611/3769 3254/3624 3630/3505
f 3506/3776 3126/3777 3396/3778
f 2937/3779 3258/3730 2961/3265
f 3267/3780 3566/3781 3572/3782
f 3440/3783 3192/3647 3693/3649
f 3643/3229 3111/3784 3376/3785
f 3707/3710 3300/3718 3193/3416
f 3052/3786 3232/3497 3038/3787
f 2893/3788 3636/3789 3569/3790
f 3570/3791 3688/3792 3892/3793
f 3392/3794 3105/3795 3370/3796
f 3740/3797 3639/3798 3891/3799
f 3283/3800 3588/3801 3714/3802
f 3672/3587 3309/3588 3701/3589
f 3535/3803 3133/3804 3129/3805
f 3223/3664 3622/3630 3235/3503
f 3637/3806 3424/3807 3890/3808
f 2855/3809 3635/3810 3638/3811
f 3067/3299 3248/3300 3247/3301
f 2985/3547 2978/3386 2977/3812
f 2981/3543 2974/3306 2973/3515
f 2998/3516 2991/3429 2990/3428
f 3654/3813 2893/3788 3569/3790
f 3959/3447 3532/3814 4095/3815
f 2999/3385 2992/3384 2991/3429
f 3538/3816 3947/3817 4094/3818
f 2946/3235 3184/3236 3298/3237
f 3000/3386 2993/3547 2992/3384
f 2987/3429 2980/3516 2979/3385
f 3003/3305 2996/3304 2995/3393
f 3001/3458 2994/3394 2993/3549
f 3004/3306 2989/3543 2996/3304
f 3571/3819 3141/3820 3127/3821
f 3493/3822 3121/3823 3104/3824
f 3887/3825 3279/3826 3722/3827
f 4014/3828 3329/3829 3738/3830
f 3744/3461 2915/3831 3423/3832
f 3329/3829 3621/3833 3738/3830
f 2950/3396 3186/3403 2949/3703
f 3305/3834 3620/3835 3667/3836
f 3886/3837 3332/3838 3748/3839
f 3038/3787 3232/3497 3231/3496
f 3047/3756 3229/3489 3228/3491
f 3453/3840 3168/3841 3158/3452
f 3745/3842 3165/3843 3450/3844
f 3593/3845 3331/3846 3745/3842
f 3885/3847 3150/3457 3472/3848
f 3747/3849 3749/3850 3332/3838
f 2997/3515 2990/3428 2989/3543
f 3333/3454 2907/3851 3163/3852
f 3159/3853 3163/3852 2908/3854
f 2913/3855 3333/3454 3159/3853
f 3334/3451 2909/3616 3160/3469
f 3169/3204 3160/3469 2911/3487
f 2918/3203 3334/3451 3169/3204
f 3210/3856 3429/3857 3615/3858
f 3211/3859 3615/3858 3614/3835
f 3200/3860 3502/3861 3499/3662
f 3307/3862 3941/3762 3981/3863
f 3539/3864 3137/3865 3414/3866
f 3205/3867 3507/3868 3509/3861
f 3750/3869 3403/3870 3884/3871
f 3751/3872 3752/3873 3883/3874
f 3564/3875 3753/3876 3882/3877
f 3336/3440 2914/3232 3161/3234
f 3290/3878 3161/3234 2910/3879
f 2915/3880 3336/3440 3290/3878
f 3337/3881 3551/3264 3754/3882
f 3112/3883 3754/3882 3516/3884
f 2872/3227 3755/3437 3377/3228
f 3206/3661 3505/3662 3510/3663
f 3936/3885 3144/3886 3950/3887
f 2958/3396 3189/3403 2957/3703
f 3260/3650 3560/3739 4090/3888
f 3338/3889 3758/3890 4088/3891
f 3522/3892 3759/3893 3879/3894
f 3760/3895 4014/3828 4087/3896
f 3761/3897 4051/3898 4085/3899
f 3601/3900 4052/3901 4083/3902
f 3340/3903 3394/3258 3764/3904
f 3110/3905 3764/3904 3375/3906
f 2869/3221 3765/3421 3445/3222
f 3190/3659 3766/3907 3529/3660
f 3190/3659 3767/3908 3766/3907
f 3191/3909 3438/3910 3768/3911
f 3977/3912 3179/3913 4010/3914
f 3769/3915 3098/3916 3363/3225
f 3398/3917 3341/3918 3769/3915
f 3576/3261 3270/3919 3770/3407
f 3771/3920 3562/3921 3875/3922
f 3772/3923 3773/3924 3874/3925
f 3647/3478 3774/3926 3873/3927
f 3575/3928 3265/3929 3636/3930
f 3620/3835 3207/3856 3478/3858
f 2929/3513 3181/3292 3176/3391
f 3559/3213 3281/3931 3103/3932
f 3202/3867 3497/3868 3502/3861
f 3255/3301 3074/3511 3076/3583
f 3282/3933 3556/3934 3651/3935
f 3589/3936 3150/3937 3435/3938
f 3594/3350 3171/3939 3457/3940
f 3936/3885 3872/3941 3147/3375
f 3871/3942 3343/3943 3777/3944
f 3776/3945 3778/3946 3343/3943
f 3444/3947 3151/3948 3437/3949
f 3227/3950 3942/3951 3974/3952
f 3217/3953 3568/3954 3385/3955
f 4026/3956 3320/3957 3263/3958
f 3779/3959 3552/3960 3870/3961
f 3780/3962 3781/3963 3869/3964
f 3642/3575 3782/3965 3868/3966
f 3991/3967 3427/3968 4079/3969
f 3992/3970 3785/3971 4077/3972
f 4026/3956 3786/3973 4075/3974
f 3787/3975 3362/3976 3864/3977
f 3788/3978 3789/3979 3863/3980
f 3580/3577 3790/3981 3862/3982
f 3546/3983 3120/3353 2878/3984
f 3387/3255 3347/3985 3119/3986
f 3372/3987 3347/3985 3792/3988
f 3658/3376 3170/3989 3456/3990
f 3422/3991 3101/3992 3447/3210
f 3306/3834 3614/3835 3668/3836
f 3204/3993 3510/3994 3507/3868
f 3793/3995 3422/3996 3861/3997
f 3794/3998 3795/3999 3860/4000
f 3650/4001 3796/4002 3859/4003
f 3797/4004 3526/4005 3858/4006
f 3798/4007 3799/4008 3857/4009
f 3585/3267 3800/4010 3856/4011
f 3581/4012 3106/4013 3565/3216
f 4033/4014 3227/3950 3974/3952
f 2930/3618 3183/3290 2934/4015
f 3855/4016 3157/3585 3470/4017
f 3803/4018 3802/4019 3350/4020
f 3804/4021 3474/4022 3154/4023
f 3286/3324 2902/4024 2900/4025
f 3993/4026 3385/4027 4071/4028
f 3994/4029 3807/4030 4069/4031
f 4032/4032 3808/4033 4067/4034
f 3145/4035 3424/4036 3427/3968
f 2903/3533 3262/3315 3081/3531
f 3588/3801 3146/4037 3428/4038
f 3809/3307 3574/4039 3851/4040
f 3810/4041 3811/4042 3850/4043
f 4065/4044 3352/4045 3810/4041
f 3239/3301 3059/3511 3062/3583
f 3294/4046 4007/3723 3976/4047
f 3456/3990 3172/4048 3520/4049
f 2934/4015 3181/3292 2931/3297
f 3207/3856 3619/3857 3478/3858
f 3199/3993 3501/3994 3497/3868
f 3849/4050 3115/4051 3536/4052
f 3814/4053 3815/4054 3848/4055
f 3847/4056 3271/3680 3816/4057
f 3231/3276 3037/4058 3038/4059
f 3279/3826 3476/4060 3648/3540
f 3361/4061 3277/4062 3096/4063
f 3564/4064 3280/4065 3132/4066
f 3130/3683 3386/3436 3400/3684
f 3535/3803 3128/4067 3398/3917
f 3571/3819 3125/4068 3482/3420
f 3126/3777 3546/3983 3396/3778
f 3995/4069 3448/4070 4063/4071
f 3996/4072 3819/4073 4061/4074
f 4031/4075 3820/4076 4059/4077
f 3821/4078 3474/4022 3843/4079
f 3822/4080 3823/4081 3842/4082
f 3592/4083 3824/4084 3841/4085
f 3825/4086 3504/4087 3840/4088
f 3839/4089 3356/4090 3827/4091
f 3646/3270 3828/4092 3838/4093
f 3065/3565 3316/3501 3241/3238
f 3188/3237 2951/3265 2952/3266
f 3161/3234 2908/4094 2910/3879
f 3829/4095 3455/4096 3837/4097
f 3830/4098 3831/4099 3836/4100
f 3835/4101 3273/4102 3832/4103
f 3512/3685 3112/3883 3516/3884
f 3111/3784 3402/3409 3376/3785
f 3109/3641 3375/3906 3374/3642
f 3466/3679 3107/4104 3372/3987
f 3105/3795 3371/3337 3370/3796
f 3493/3822 3103/3932 3368/3388
f 3541/3688 3101/3992 3366/3349
f 3099/3666 3539/3864 3364/3667
f 3550/3486 3169/3204 2911/3487
f 3453/3840 3358/4105 3168/3841
f 3834/4106 3292/4107 3358/4105
f 3203/3860 3509/3861 3505/3662
f 3505/3662 3093/4108 3094/4109
f 3162/3439 3657/3459 3834/4106
f 2914/3232 3834/4106 3453/3840
f 3168/3841 3833/3202 3550/3486
f 3364/3667 2861/4110 2865/4111
f 2862/3348 3541/3688 3366/3349
f 2863/3390 3493/3822 3368/3388
f 3370/3796 2864/3336 2868/4112
f 2872/4113 3466/3679 3372/3987
f 3374/3642 2870/4114 2874/4115
f 3376/3785 2869/3408 2873/4116
f 2871/4117 3512/3685 3516/3884
f 3835/4101 3357/4118 3830/4098
f 3393/3355 3830/4098 3124/4119
f 3393/3355 3579/3576 3835/4101
f 3389/4120 3831/4099 3121/3823
f 2867/4121 3836/4100 3389/4120
f 3124/4119 3836/4100 3362/3976
f 3388/3570 3455/4096 2866/3571
f 3831/4099 3388/3570 3121/3823
f 3357/4118 3837/4097 3831/4099
f 3838/4093 3356/4090 3826/4122
f 3421/4123 3826/4122 3142/4124
f 2890/4125 3838/4093 3421/4123
f 3839/4089 3139/4126 3506/3776
f 3562/4127 3506/3776 2882/4128
f 3562/4127 3826/4122 3839/4089
f 3416/3597 3504/4087 2884/4129
f 3827/4091 3416/3597 3139/4126
f 3356/4090 3840/4088 3827/4091
f 3841/4085 3355/4130 3822/4080
f 3591/4131 3822/4080 3287/4132
f 2906/4133 3841/4085 3591/4131
f 3842/4082 3153/4134 3439/4135
f 3655/4136 3439/4135 2904/4137
f 3287/4132 3842/4082 3655/4136
f 3843/4079 2903/4138 3556/4139
f 3823/4081 3556/4139 3153/4134
f 3355/4130 3843/4079 3823/4081
f 4059/4077 3354/4140 3996/4072
f 4060/4141 3818/4142 4058/4143
f 3969/4144 3844/4145 4060/4141
f 4061/4074 3196/4146 4015/4147
f 4062/4148 3490/4149 3953/4150
f 4058/4143 3845/4151 4062/4148
f 4063/4071 2967/3748 3999/4152
f 4064/4153 3395/4154 3937/4155
f 4057/4156 3846/4157 4064/4153
f 3396/3778 2878/3984 2882/4128
f 2877/4158 3571/3819 3482/3420
f 2879/4159 3535/3803 3398/3917
f 3400/3684 2880/4160 2884/4129
f 2887/4161 3649/3338 3564/4064
f 2888/4162 3582/3241 3361/4061
f 3648/3540 2885/4163 2889/4164
f 3847/4056 3353/4165 3814/4053
f 3384/4166 3814/4053 3117/4167
f 3384/4166 3641/3573 3847/4056
f 3848/4055 3114/4168 3479/3665
f 3552/4169 3479/3665 2865/4111
f 3117/4167 3848/4055 3552/4169
f 3849/4050 2868/4112 3379/3567
f 3815/4054 3379/3567 3114/4168
f 3815/4054 3813/4170 3849/4050
f 3497/3868 3089/4171 3090/4172
f 3478/3858 3014/4173 3016/4174
f 2924/4175 3520/4049 2919/4176
f 4038/3508 3464/4177 3945/4178
f 4065/4044 4066/4179 3812/4180
f 4035/4181 3810/4041 3320/3957
f 3262/4182 3812/4180 4066/4179
f 3850/4043 3321/4183 3613/4184
f 3675/4185 3850/4043 3613/4184
f 3320/3957 3810/4041 3850/4043
f 3851/4040 2897/3371 3676/4186
f 3811/4042 3676/4186 3321/4183
f 3352/4045 3851/4040 3811/4042
f 2898/4187 3428/4038 2896/3380
f 3427/3968 2856/3527 3080/3529
f 4067/4034 3351/4188 3994/4029
f 4068/4189 3806/4190 4056/4191
f 3970/3448 3852/4192 4068/4189
f 4069/4031 3216/4193 4022/4194
f 4070/4195 3528/4196 3960/4197
f 4056/4191 3853/4198 4070/4195
f 4071/4028 3030/4199 4013/4200
f 4072/4201 3480/4202 3951/4203
f 4055/4204 3854/4205 4072/4201
f 4073/4206 3804/4021 3802/4019
f 3802/4019 3804/4021 3350/4020
f 2903/4138 3474/4022 4073/4206
f 4074/4207 3803/4018 3444/4208
f 3444/4208 3803/4018 3156/4209
f 3289/4210 3802/4019 4074/4207
f 3436/4211 3470/4017 2895/4212
f 3156/4209 3855/4016 3436/4211
f 3803/4018 3801/4213 3855/4016
f 3971/4214 3617/4215 4036/4216
f 2858/4217 3565/3216 2863/3215
f 3856/4011 3349/4218 3798/4007
f 3418/3242 3798/4007 3140/4219
f 2892/4220 3856/4011 3418/3242
f 3857/4009 3135/4221 3410/3682
f 3504/4087 3410/3682 2884/4129
f 3140/4219 3857/4009 3504/4087
f 3858/4006 2883/4222 3524/3602
f 3799/4008 3524/3602 3135/4221
f 3349/4218 3858/4006 3799/4008
f 3859/4003 3348/4223 3794/3998
f 3581/4224 3794/3998 3276/4225
f 2858/3389 3859/4003 3581/4224
f 3860/4000 3137/4226 3463/4227
f 3645/4228 3463/4227 2857/3458
f 3276/4225 3860/4000 3645/4228
f 3861/3997 2859/4229 3414/4230
f 3795/3999 3414/4230 3137/4226
f 3348/4223 3861/3997 3795/3999
f 3507/3868 3091/4171 3092/4172
f 3668/3836 3022/4231 3024/3812
f 2859/4232 3447/3210 2861/3209
f 2925/3287 3456/3990 2924/4175
f 2872/4113 3792/3988 3275/4233
f 2880/3254 3792/3988 3387/3255
f 3119/3986 3791/3352 3546/3983
f 3862/3982 3346/4234 3788/3978
f 3381/3280 3788/3978 3115/4051
f 2876/3578 3862/3982 3381/3280
f 3863/3980 3123/4235 3392/3794
f 3536/4052 3392/3794 2868/4112
f 3115/4051 3863/3980 3536/4052
f 3864/3977 2867/4121 3454/3572
f 3789/3979 3454/3572 3123/4235
f 3346/4234 3864/3977 3789/3979
f 4075/3974 3345/4236 3992/3970
f 4076/4237 3784/4238 4054/4239
f 3964/4240 3865/4241 4076/4237
f 4077/3972 3144/3886 4001/4242
f 4078/4243 3425/4244 3939/3432
f 4054/4239 3866/4245 4078/4243
f 4079/3969 3080/3529 4012/4246
f 4080/4247 3475/4248 3950/3887
f 4053/4249 3867/4250 4080/4247
f 3868/3966 3344/4251 3780/3962
f 3391/3230 3780/3962 3122/4252
f 2873/4116 3868/3966 3391/3230
f 3869/3964 3116/3689 3382/4253
f 3455/4096 3382/4253 2866/3571
f 3122/4252 3869/3964 3455/4096
f 3870/3961 2865/3569 3542/3568
f 3781/3963 3542/3568 3116/3689
f 3344/4251 3870/3961 3781/3963
f 3973/4254 3563/4255 3964/4240
f 3030/4256 3568/3954 3029/4257
f 3617/4215 4004/3521 4036/4216
f 2899/4258 3437/3949 2901/4259
f 3776/3945 4081/4260 3778/3946
f 3284/4261 3589/4262 3776/3945
f 3152/4263 3778/3946 4081/4260
f 3408/4264 3777/3944 3148/4265
f 2898/4187 3871/3942 3408/4264
f 3653/4266 3776/3945 3871/3942
f 3998/4267 3431/4268 3380/4269
f 3148/4265 3872/3941 3431/4268
f 3777/3944 3775/3373 3872/3941
f 2926/4270 3457/3940 2922/4271
f 2902/4272 3435/3938 2900/4273
f 3651/3935 2903/3533 3082/3532
f 3502/3861 3090/4172 3087/4108
f 2862/3212 3586/3341 3559/3213
f 3015/4231 3478/3858 3016/4174
f 2854/3631 3636/3930 2893/4274
f 3873/3927 3342/4275 3772/3923
f 3409/3541 3772/3923 3134/4276
f 2889/4164 3873/3927 3409/3541
f 3874/3925 3141/3820 3498/4277
f 3534/3676 3498/4277 2881/3601
f 3134/4276 3874/3925 3534/3676
f 3875/3922 2882/3599 3419/3598
f 3773/3924 3419/3598 3141/3820
f 3342/4275 3875/3922 3773/3924
f 3128/4067 3770/3407 3341/3918
f 2879/4159 3769/3915 3097/4278
f 3769/3915 2871/3224 3097/4278
f 4039/4279 3471/4280 3948/3538
f 3768/3911 3486/4281 3192/4282
f 3768/3911 3438/3910 3486/4281
f 3438/3910 2970/3738 3486/4281
f 3766/3907 3768/3911 3192/4282
f 3766/3907 3767/3908 3768/3911
f 3767/3908 3191/3909 3768/3911
f 3529/3660 3440/4283 2959/3556
f 3529/3660 3766/3907 3440/4283
f 3766/3907 3192/4282 3440/4283
f 3445/3222 3340/3903 3110/3905
f 3375/3906 3120/4284 2870/4114
f 3764/3904 2878/3257 3120/4284
f 3876/4285 3990/4286 4082/4287
f 3602/4288 4082/4287 4031/4075
f 2972/3413 4083/3902 3969/4144
f 3877/4289 3989/4290 4084/4291
f 3665/4292 4084/4291 4042/3250
f 3303/4293 4085/3899 3980/4294
f 3878/4295 3952/4296 4086/4297
f 3762/4298 4086/4297 3989/4290
f 3339/4299 4087/3896 4051/3898
f 3879/3894 3338/3889 3757/4300
f 3632/3563 3757/4300 3259/3564
f 2964/4301 3879/3894 3632/3563
f 4088/3891 3196/4146 3937/4155
f 4089/4302 3395/4154 3999/4152
f 3757/4300 3880/4303 4089/4302
f 3953/4150 3560/3739 2970/3738
f 4015/4147 3881/4304 3490/4149
f 3756/4305 3881/4304 4091/4306
f 3998/4267 3475/4248 4012/4246
f 3510/3663 3094/4109 3091/4163
f 3377/3228 3337/3881 3112/3883
f 3516/3884 3097/4307 2871/4117
f 3754/3882 2879/3263 3097/4307
f 3882/3877 3335/4308 3751/3872
f 3404/3275 3751/3872 3131/4309
f 2887/3274 3882/3877 3404/3275
f 3883/3874 3095/4310 3401/4311
f 3476/4060 3401/4311 2885/4163
f 3131/4309 3883/3874 3476/4060
f 3884/3871 2886/4312 3359/4313
f 3752/3873 3359/4313 3095/4310
f 3335/4308 3884/3871 3752/3873
f 3093/4108 3507/3868 3092/4172
f 2861/4110 3414/3866 2859/4314
f 3669/4315 4003/4316 4043/3319
f 3499/3662 3087/4108 3088/4109
f 3614/3835 3021/4174 3022/4231
f 3615/3858 3023/4173 3021/4174
f 3747/3849 4092/4317 3749/3850
f 3287/4132 3655/4136 3747/3849
f 3286/4318 3749/3850 4092/4317
f 3561/4319 3472/3848 2896/4320
f 3155/4321 3885/3847 3561/4319
f 3748/3839 3746/3455 3885/3847
f 2918/3203 3745/3842 3291/4322
f 3291/4322 3450/3844 2916/4323
f 3442/4324 3748/3839 3155/4321
f 2906/4133 3886/3837 3442/4324
f 3591/4131 3747/3849 3886/3837
f 3667/3836 3015/4231 3013/3812
f 3738/3830 2963/3750 3224/3670
f 3331/3846 3423/3832 3165/3843
f 3489/4325 3738/3830 3224/3670
f 3720/4326 3722/3827 3327/3774
f 3136/4327 3887/3825 3720/4326
f 3412/3339 3584/3273 3887/3825
f 2863/3390 3389/4120 3493/3822
f 2877/4158 3498/4277 3571/3819
f 3888/4328 4009/4329 4093/4330
f 3680/4331 4093/4330 3986/4332
f 3225/4333 4094/3818 4048/3613
f 4095/3815 3219/4334 3987/3606
f 4096/4335 3681/4336 4049/4337
f 4021/4338 3889/4339 4096/4335
f 3285/4340 3569/3790 3149/3636
f 3638/3811 3264/4341 3267/3780
f 3890/3808 3143/4342 3685/3711
f 3688/3792 3685/3711 3324/4343
f 3266/4344 3890/3808 3688/3792
f 2879/4159 3407/4345 3535/3803
f 3315/4346 3672/3587 3701/3589
f 3714/3802 3408/4264 3148/4265
f 3714/3802 3588/3801 3408/4264
f 3588/3801 2898/4187 3408/4264
f 3891/3799 2853/4347 3640/4348
f 3742/3702 3640/4348 3269/4349
f 3330/3701 3891/3799 3742/3702
f 2868/4112 3392/3794 3370/3796
f 3892/3793 3324/4343 3686/3707
f 3592/4083 3686/3707 3288/4350
f 2906/4133 3892/3793 3592/4083
f 3569/3790 3690/3678 3149/3636
f 3569/3790 3636/3789 3690/3678
f 3636/3789 3265/3695 3690/3678
f 2873/4116 3643/3229 3376/3785
f 3440/3783 3261/3523 2959/3525
f 3572/3782 3079/3528 2856/3527
f 2882/4128 3506/3776 3396/3778
f 3072/3507 3611/3769 3630/3505
f 3893/3773 3133/3804 3407/4345
f 3526/4005 3407/4345 2883/4222
f 3526/4005 3720/4326 3893/3773
f 3064/3507 3610/3769 3627/3505
f 3246/3624 3697/3699 3549/3623
f 3317/4346 3697/3699 3246/3624
f 3716/4351 3718/3772 3326/3673
f 3155/4321 3894/3770 3716/4351
f 3561/4319 3428/4352 3894/3770
f 3056/3507 3609/3769 3624/3505
f 4097/3764 3323/4353 3988/3758
f 4098/4354 3682/4355 4050/4356
f 4003/4316 3895/4357 4098/4354
f 4099/3760 3218/4358 3955/4359
f 4100/4360 3500/4361 4017/4362
f 4050/4356 3896/4363 4100/4360
f 3319/4346 3674/3587 3695/3589
f 3897/3755 2856/4364 3637/3806
f 3717/3674 3637/3806 3266/4344
f 3326/3673 3897/3755 3717/3674
f 3259/3564 3557/3746 3257/3519
f 3725/3745 3297/3627 4030/3629
f 3898/3743 3598/4365 3968/4366
f 3663/4367 3724/4368 3898/3743
f 3661/4369 3997/3412 4040/4370
f 3486/3737 3260/3650 3192/3647
f 3250/4371 3629/3646 3069/3809
f 4045/4372 3533/4373 3962/3369
f 3724/4368 3726/3733 3328/3744
f 3600/4374 3724/4368 3300/4375
f 2968/4376 3899/3731 3600/4374
f 3254/3624 3694/3699 3555/3623
f 3257/3519 3728/3562 3259/3564
f 3704/3625 3706/3728 3197/4377
f 3704/3625 3705/3729 3706/3728
f 3705/3729 3257/3726 3706/3728
f 3706/3728 3448/4070 3197/4377
f 3706/3728 3557/3727 3448/4070
f 3557/3727 2967/3748 3448/4070
f 3945/4178 3513/3939 4020/4378
f 3946/4379 3461/4380 3944/4381
f 3234/4371 3737/3504 3736/3594
f 3666/3716 3705/3729 3304/3591
f 3666/3716 3631/3715 3705/3729
f 3631/3715 3257/3726 3705/3729
f 3900/3713 2853/4347 3639/3798
f 3687/3708 3639/3798 3268/4382
f 3324/4343 3900/3713 3687/3708
f 3243/3503 3548/3632 3244/3593
f 3901/3709 3268/4382 3573/3476
f 3656/3247 3573/3476 2905/3326
f 3288/4350 3901/3709 3656/3247
f 3708/4383 3487/3706 3194/3692
f 3325/3621 3902/3704 3708/4383
f 3711/3592 3603/3626 3902/3704
f 3315/4346 3700/3699 3238/3624
f 3238/3624 3700/3699 3545/3623
f 3234/4371 3544/3646 3054/3809
f 3903/3700 3269/4349 3575/4384
f 3654/4385 3575/4384 2854/4386
f 3654/4385 3741/4387 3903/3700
f 3319/4346 3694/3699 3254/3624
f 3691/3697 3613/4184 3321/4183
f 3691/3697 3567/3696 3613/4184
f 3567/3696 3078/4388 3613/4184
f 3904/3691 2969/4389 3494/4390
f 3710/3622 3494/4390 3198/4391
f 3710/3622 3708/4383 3904/3691
f 2862/3348 3382/4253 3541/3688
f 2871/4117 3644/3354 3512/3685
f 2884/4129 3410/3682 3400/3684
f 2872/4113 3577/3279 3466/3679
f 3689/3637 3691/3697 3321/4183
f 3689/3637 3690/3678 3691/3697
f 3690/3678 3265/3695 3691/3697
f 3905/3677 2881/3601 3462/3600
f 3721/3775 3462/3600 3133/3804
f 3327/3774 3905/3677 3721/3775
f 3906/3672 3266/4344 3570/3791
f 3442/4324 3570/3791 2906/4133
f 3442/4324 3716/4351 3906/3672
f 2865/4111 3479/3665 3364/3667
f 3251/3503 3554/3632 3252/3593
f 3089/4163 3499/3662 3088/4109
f 3529/3660 2959/3556 4041/3558
f 3907/3658 3662/4392 3979/4393
f 3725/3745 3723/4394 3907/3658
f 3411/3657 3032/4395 3031/4396
f 3965/3296 3465/4397 3946/4379
f 2895/4398 3433/3638 2897/3371
f 3692/3648 2965/3426 3261/3523
f 3261/3523 3693/3649 3692/3648
f 3242/4371 3626/3646 3058/3809
f 4018/3557 3508/4399 3503/4400
f 2874/4115 3578/3359 3374/3642
f 3583/3404 2886/4401 2890/4402
f 3433/3638 3676/4186 2897/3371
f 3433/3638 3689/3637 3676/4186
f 3689/3637 3321/4183 3676/4186
f 3635/3635 3713/3615 3264/3579
f 3635/3635 3652/3310 3713/3615
f 3652/3310 3283/3800 3713/3615
f 3954/4403 3739/3484 3329/3829
f 3235/3503 3623/3632 3236/3593
f 3598/4365 3949/3553 3968/4366
f 3603/3626 3492/3251 2971/3705
f 3603/3626 3704/3625 3492/3251
f 3704/3625 3197/4377 3492/3251
f 3383/4404 3710/3622 3198/4391
f 3967/3539 3908/3620 3383/4404
f 4029/4405 3709/4406 3908/3620
f 3712/3580 3714/3802 3148/4265
f 3712/3580 3713/3615 3714/3802
f 3713/3615 3283/3800 3714/3802
f 3909/4407 3986/4332 4101/4408
f 3660/4409 4101/4408 3977/4410
f 2963/4411 4102/3614 4039/4412
f 3910/4413 3985/4414 4103/4415
f 3596/4416 4103/4415 3966/4417
f 4028/4418 3678/3609 4104/3611
f 4105/3608 3031/3499 3961/4419
f 4106/4420 3531/4421 4023/4422
f 4049/4337 3911/4423 4106/4420
f 3912/4424 4019/4425 4107/4426
f 3679/4427 4107/4426 3985/4414
f 3322/4428 4108/3605 4047/3610
f 3135/4221 3406/3262 3130/3683
f 3129/3805 3462/3600 3399/3259
f 3127/3821 3419/3598 3397/3256
f 3139/4126 3483/3253 3126/3777
f 3242/4371 3734/3504 3733/3594
f 3250/4371 3731/3504 3730/3594
f 3709/4406 3711/3592 3325/3621
f 3978/3742 3661/4369 3913/3590
f 4040/4370 2961/3714 3666/3716
f 3317/4346 3673/3587 3698/3589
f 3741/4387 3743/3586 3330/3701
f 3285/4429 3914/3584 3741/4387
f 3590/4430 3470/4017 3914/3584
f 3566/3581 3431/4268 3079/4431
f 3566/3581 3712/3580 3431/4268
f 3712/3580 3148/4265 3431/4268
f 3113/3687 3580/3577 3378/3226
f 3273/4102 3443/3223 3111/3784
f 3272/4432 3477/3220 3109/3641
f 3108/3681 3641/3573 3373/3217
f 3123/4235 3599/3214 3105/3795
f 3104/3824 3388/3570 3369/3211
f 3102/3690 3542/3568 3367/3208
f 3114/4168 3537/3205 3099/3666
f 2964/4301 3728/3562 3258/3730
f 3915/3559 3267/4433 3715/3753
f 3326/3673 3915/3559 3715/3753
f 3718/3772 3390/4434 3915/3559
f 3662/4392 3956/3643 3979/4393
f 4011/3628 3469/4435 3473/4436
f 3719/3675 3409/3541 3134/4276
f 3327/3774 3916/3542 3719/3675
f 3722/3827 3648/3540 3916/3542
f 3597/4437 4010/3914 4029/4405
f 3723/4394 3484/3415 3190/3659
f 3328/3744 3917/3536 3723/4394
f 3726/3733 3601/4438 3917/3536
f 3481/3434 3200/3860 3201/3661
f 3608/4439 3942/3951 4034/4440
f 3258/3730 3631/3517 2961/3265
f 3074/3511 3731/3504 3250/4371
f 3938/4441 3461/4442 4006/4443
f 3066/3511 3734/3504 3242/4371
f 3976/4047 3452/4444 3943/4445
f 3059/3511 3737/3504 3234/4371
f 3329/3829 3538/3485 3225/4446
f 3278/3639 3401/3480 3095/4447
f 3918/3477 3268/4382 3740/3797
f 3330/3701 3918/3477 3740/3797
f 3157/3585 3918/3477 3743/3586
f 3958/4448 3452/4444 3513/4449
f 3532/3466 3214/4450 3219/3655
f 3604/3346 3209/3859 3305/3834
f 3292/4107 3744/3461 3331/3846
f 3746/3455 4109/4451 3435/3456
f 3332/3838 3749/3850 3746/3455
f 2900/4452 3435/3456 4109/4451
f 3517/3286 3212/4453 3210/3856
f 3211/3859 3517/3286 3210/3856
f 3420/3201 3202/3867 3200/3860
f 3606/4454 4021/4338 4032/4032
f 3100/4455 3463/3445 3137/3865
f 3468/3200 3204/3993 3205/3867
f 3919/3443 3096/4456 3750/3869
f 3753/3876 3750/3869 3335/4308
f 3132/4457 3919/3443 3753/3876
f 3755/3437 3118/4458 3337/3881
f 3618/3434 3203/3860 3206/3661
f 4002/3374 3425/4244 4001/4242
f 3756/4305 3633/3427 3260/3650
f 3338/3889 3920/3425 3756/4305
f 3759/3893 3467/4459 3920/3425
f 3921/4460 3954/4403 4110/4461
f 3763/4462 4110/4461 3990/4286
f 3301/4463 4111/3424 4052/3901
f 3765/3421 3125/4068 3340/3903
f 3484/3415 3767/3908 3190/3659
f 3484/3415 3485/3414 3767/3908
f 3485/3414 3191/3909 3767/3908
f 4028/4464 3360/4465 3935/3741
f 3341/3918 3402/3409 3098/3916
f 3922/3406 3142/4466 3771/3920
f 3774/3926 3771/3920 3342/4275
f 3278/3639 3922/3406 3774/3926
f 3269/4467 3567/3402 3265/3929
f 3207/3856 3515/3345 3511/3286
f 3103/3932 3650/4001 3368/3388
f 3495/3200 3199/3993 3202/3867
f 3587/3383 3153/4468 3282/3933
f 3284/4469 3472/3381 3150/3937
f 3293/4470 3451/3378 3171/3939
f 4112/4471 3778/3946 4113/4472
f 3343/3943 4112/4471 3775/3373
f 4113/4472 3940/3431 3430/4473
f 3156/4474 3574/3372 3151/3948
f 3540/4475 4024/3736 4025/4476
f 3530/3365 3215/4477 3217/3953
f 3984/4478 3634/4479 3975/4480
f 3923/3361 3117/4481 3779/3959
f 3782/3965 3779/3959 3344/4251
f 3272/4432 3923/3361 3782/3965
f 4114/3358 3145/4035 3991/3967
f 4115/4482 3783/4483 4053/4249
f 3975/4480 3924/4484 4115/4482
f 3925/3356 3124/4119 3787/3975
f 3790/3981 3787/3975 3346/4234
f 3274/3686 3925/3356 3790/3981
f 3347/3985 3432/3219 3791/3352
f 3293/4470 3518/3293 3170/3989
f 3138/4485 3366/3349 3101/3992
f 3605/3346 3211/3859 3306/3834
f 3458/3284 3206/4486 3204/3993
f 3926/3343 3138/4487 3793/3995
f 3796/4002 3793/3995 3348/4223
f 3281/3931 3926/3343 3796/4002
f 3927/3340 3136/4327 3797/4004
f 3800/4010 3797/4004 3349/4218
f 3280/4065 3927/3340 3800/4010
f 3276/4488 3371/3337 3106/4013
f 3670/4489 4025/4476 3982/4490
f 3801/4213 3446/3327 3157/3585
f 3350/4020 3928/3325 3801/4213
f 3804/4021 3441/3248 3928/3325
f 4116/3321 3217/4491 3993/4026
f 4117/4492 3805/4493 4055/4204
f 3981/3863 3929/4494 4117/4492
f 3417/3318 3143/4495 3145/4035
f 3283/3800 3390/3312 3146/4037
f 3809/3307 4118/4496 3437/3308
f 3352/4045 3812/4180 3809/3307
f 2901/4497 3437/3308 4118/4496
f 4027/3652 3413/4498 3938/4441
f 3170/3989 3459/3295 3172/4048
f 3511/3286 3208/4453 3207/3856
f 3460/3284 3201/4486 3199/3993
f 3813/4170 3381/3280 3115/4051
f 3353/4165 3930/3281 3813/4170
f 3271/3680 3930/3281 3816/4057
f 3279/3826 3404/3275 3131/4309
f 3277/4062 3403/3272 3096/4063
f 3280/4065 3405/3269 3132/4066
f 3406/3262 3118/4458 3130/3683
f 3129/3805 3576/3261 3128/4067
f 3127/3821 3394/3258 3125/4068
f 3483/3253 3119/3986 3126/3777
f 4119/3252 3197/4377 3995/4069
f 4120/4499 3817/4500 4057/4156
f 3980/4294 3931/4501 4120/4499
f 3932/3249 3154/4023 3821/4078
f 3824/4084 3821/4078 3355/4130
f 3288/4350 3932/3249 3824/4084
f 3933/3243 3140/4219 3825/4086
f 3828/4092 3825/4086 3356/4090
f 3277/4062 3933/3243 3828/4092
f 3829/4095 3391/3230 3122/4252
f 3832/4103 3829/4095 3357/4118
f 3273/4102 3934/3231 3832/4103
f 3113/3687 3377/3228 3112/3883
f 3443/3223 3098/3916 3111/3784
f 3477/3220 3110/3905 3109/3641
f 3108/3681 3432/3219 3107/4104
f 3599/3214 3106/4013 3105/3795
f 3104/3824 3559/3213 3103/3932
f 3102/3690 3447/3210 3101/3992
f 3537/3205 3100/4455 3099/3666
f 3358/4105 3593/3845 3833/3202
f 3426/3201 3205/3867 3203/3860
f 3303/4293 4120/4499 3820/4076
f 3820/4076 4057/4156 3354/4140
f 3931/4501 3995/4069 3817/4500
f 3294/4046 3938/4441 3174/4502
f 3307/3862 4117/4492 3808/4033
f 3808/4033 4055/4204 3351/4188
f 3929/4494 3993/4026 3805/4493
f 3982/4490 3227/3950 3310/4503
f 3263/3958 4115/4482 3786/3973
f 3786/3973 4053/4249 3345/4236
f 3924/4484 3991/3967 3783/4483
f 3263/3958 3984/4478 3975/4480
f 4025/4476 3220/3735 3227/3950
f 3152/4263 3940/3431 4113/4472
f 4112/4471 3430/4473 3775/3373
f 3295/4504 3935/3741 3179/3913
f 4052/3901 3921/4460 3763/4462
f 3990/4286 3760/3895 3339/4299
f 4110/4461 3195/4505 3760/3895
f 3147/3375 4001/4242 3144/3886
f 4032/4032 3213/4506 3307/3862
f 3175/3653 3958/4448 3173/3722
f 3294/4046 3943/4445 3175/3653
f 3174/4502 4006/4443 3173/3724
f 4034/4440 3220/3735 3311/4507
f 4029/4405 3179/3913 3296/3740
f 3180/3645 4009/4329 4011/3628
f 3979/4393 3180/3645 3297/3627
f 4047/3610 3912/4424 3679/4427
f 3985/4414 3467/4508 3177/4509
f 4107/4426 2965/4510 3467/4508
f 3323/4353 4106/4420 3683/3759
f 3683/3759 4023/4422 3218/4358
f 3911/4423 3961/4419 3531/4421
f 3596/4416 4104/3611 3910/4413
f 3966/4417 3522/4511 2964/4512
f 4103/4415 3177/4509 3522/4511
f 4039/4412 3909/4407 3660/4409
f 3295/4513 4101/4408 3678/3609
f 4101/4408 3322/4428 3678/3609
f 3968/4366 2936/3555 2960/4514
f 2965/4510 4018/3557 2935/4515
f 2934/4015 3946/4379 2930/3618
f 2929/4516 3946/4379 3944/4381
f 2932/3530 4020/4378 2927/4517
f 3047/3756 3962/3369 3043/3463
f 4040/4370 2937/3411 2961/3714
f 3215/4518 4100/4360 3568/4519
f 3568/4519 4017/4362 3029/3787
f 3896/4363 3955/4359 3500/4361
f 3033/3366 4098/4354 3527/4520
f 3527/4520 4050/4356 3215/4518
f 3895/4357 3988/3758 3682/4355
f 3213/4506 4096/4335 3684/3763
f 3684/3763 4049/4337 3323/4353
f 3889/4339 3987/3606 3681/4336
f 4048/3613 3888/4328 3680/4331
f 3986/4332 3677/3603 3322/4428
f 4093/4330 3178/3644 3677/3603
f 4043/3319 3033/3366 3034/4521
f 3079/4431 4012/4246 3080/3529
f 3196/4146 4091/4306 4015/4147
f 3490/4149 4090/3888 3953/4150
f 3558/3747 3999/4152 2967/3748
f 3880/4303 3937/4155 3395/4154
f 4051/3898 3878/4295 3762/4298
f 3989/4290 3488/4522 3194/4523
f 4086/4297 2969/4524 3488/4522
f 3980/4294 3877/4289 3665/4292
f 4042/3250 3487/4525 2971/3705
f 4084/4291 3194/4523 3487/4525
f 3969/4144 3876/4285 3602/4288
f 4031/4075 3761/3897 3303/4293
f 4082/4287 3339/4299 3761/3897
f 2963/4526 3948/3538 2938/4527
f 4036/4216 3041/3277 3042/4528
f 3081/4529 3964/4240 3082/3532
f 3345/4236 4080/4247 3785/3971
f 3785/3971 3950/3887 3144/3886
f 3867/4250 4012/4246 3475/4248
f 3282/3933 4078/4243 3587/3383
f 3587/3383 3939/3432 3083/3330
f 3866/4245 4001/4242 3425/4244
f 3082/3532 4076/4237 3651/3935
f 3651/3935 4054/4239 3282/3933
f 3865/4241 3992/3970 3784/4238
f 3050/3495 4036/4216 3042/4528
f 3351/4188 4072/4201 3807/4030
f 3807/4030 3951/4203 3216/4193
f 3854/4205 4013/4200 3480/4202
f 3214/4530 4070/4195 3616/4531
f 3616/4531 3960/4197 3032/4532
f 3853/4198 4022/4194 3528/4196
f 3036/3446 4068/4189 3525/4533
f 3525/4533 4056/4191 3214/4530
f 3852/4192 3994/4029 3806/4190
f 3612/4534 3973/4254 4066/4179
f 3612/4534 4065/4044 3810/4041
f 4038/3508 2932/3530 2933/4535
f 3354/4140 4064/4153 3819/4073
f 3819/4073 3937/4155 3196/4146
f 3846/4157 3999/4152 3395/4154
f 3191/3909 4062/4148 3438/3910
f 3438/3910 3953/4150 2970/3738
f 3845/4151 4015/4147 3490/4149
f 2972/3413 4060/4141 3485/3414
f 3485/3414 4058/4143 3191/3909
f 3844/4145 3996/4072 3818/4142
f 3602/4288 4059/4077 3844/4145
f 3818/4142 4061/4074 3845/4151
f 3817/4500 4063/4071 3846/4157
f 3659/4536 4007/3723 3464/4177
f 3606/4454 4067/4034 3852/4192
f 3806/4190 4069/4031 3853/4198
f 3805/4493 4071/4028 3854/4205
f 3607/4537 3974/3952 3617/4215
f 3563/4255 4075/3974 3865/4241
f 3784/4238 4077/3972 3866/4245
f 3783/4483 4079/3969 3867/4250
f 3612/4534 4026/3956 3563/4255
f 3974/3952 3449/4538 3617/4215
f 3660/4539 4010/3914 3471/4280
f 4083/3902 3763/4462 3876/4285
f 4085/3899 3762/4298 3877/4289
f 4087/3896 3489/4325 3878/4295
f 3380/4269 3950/3887 3475/4248
f 3981/3863 3434/4540 3669/4315
f 4094/3818 3469/4435 3888/4328
f 3523/4541 4095/3815 3889/4339
f 3434/4540 4097/3764 3895/4357
f 3682/4355 4099/3760 3896/4363
f 3978/3742 3360/4465 3661/4369
f 3671/4542 4024/3736 3533/4373
f 3464/4177 3958/3725 3513/3939
f 3461/4380 4008/3654 4006/3721
f 3595/4543 4008/3654 3465/4397
f 3503/4400 3957/3604 3956/3643
f 4030/3629 3473/4436 3598/4365
f 4102/3614 3680/4331 3909/4407
f 4104/3611 3679/4427 3910/4413
f 3681/4336 4105/3608 3911/4423
f 4108/3605 3508/4399 3912/4424
f 4041/3558 3503/4400 3662/4392
f 3473/4436 3947/3817 3949/3553
f 3967/3539 3471/4280 3597/4437
f 3972/3522 3449/4538 3608/4439
f 3413/4498 3944/3514 3461/4442
f 3659/4536 4005/3473 3452/4444
f 3513/4449 4005/3473 4020/3475
f 3970/3448 3523/4541 3606/4454
f 3430/4473 3939/3432 3425/4244
f 4111/3424 3491/4544 3921/4460
f 3596/4545 3997/3412 3360/4465
f 3963/3333 3533/4373 3540/4475
f 3675/4185 4037/3357 3634/4479
f 3634/4479 4114/3358 3924/4484
f 4044/3334 3540/4475 3670/4489
f 3669/4315 4116/3321 3929/4494
f 3965/3296 3413/4498 3595/4543
f 3665/4292 4119/3252 3931/4501
f 3012/3199 3010/3387 3468/3200
f 3833/3202 3593/3845 2918/3203
f 3367/3208 2865/3569 2861/3209
f 3369/3211 2866/3571 2862/3212
f 3373/3217 2874/3574 2870/3218
f 3378/3226 2876/3578 2872/3227
f 3643/3229 2873/4116 3391/3230
f 2914/3232 2913/4546 3159/3233
f 2954/3235 2953/3779 3187/3236
f 3241/3238 3316/3501 3063/3239
f 3582/3241 2892/4220 3418/3242
f 3028/3244 3027/3467 3025/3245
f 3656/3247 2905/3326 3441/3248
f 4042/3250 2971/3705 3492/3251
f 3397/3256 2882/3599 2878/3257
f 3399/3259 2881/3601 2877/3260
f 3298/3237 3184/3236 2943/3265
f 3585/3267 2892/4220 2888/3268
f 3646/3270 2890/4125 2886/3271
f 3584/3273 2891/4547 2887/3274
f 3231/3276 3042/4528 3041/3277
f 3577/3279 2876/3578 3381/3280
f 3008/3282 3006/4548 3481/3283
f 3020/3245 3018/4549 3514/3285
f 2925/3287 2924/4175 2919/3288
f 3183/3290 2941/3329 2942/3291
f 3518/3293 2923/3351 2921/3294
f 3965/3296 2934/4015 2931/3297
f 3060/3299 3057/3565 3240/3300
f 3008/3282 3007/3387 3005/3302
f 2982/3304 2983/3393 2975/3305
f 3652/3310 2894/3634 2855/3311
f 3289/3313 2899/4550 2901/3314
f 3077/3316 2853/3526 3496/3317
f 4043/3319 3034/4521 3530/3320
f 2904/3322 3084/3331 3152/3323
f 3928/3325 3441/3248 2905/3326
f 3182/3328 2939/3535 2941/3329
f 3048/3332 3044/3368 3963/3333
f 3645/3335 2857/4551 2864/3336
f 3649/3338 2891/4547 3412/3339
f 3586/3341 2860/4552 3415/3342
f 3009/3282 3011/4548 3618/3283
f 3028/3344 3026/3246 3519/3345
f 3415/3347 2860/4553 2862/3348
f 3594/3350 2926/4270 2923/3351
f 3791/3352 3432/3219 2870/3218
f 3644/3354 2875/4554 3393/3355
f 4037/3357 3077/3316 3417/3318
f 3578/3359 2874/4115 3384/3360
f 2942/3291 2941/4555 2939/3362
f 4046/3364 3078/4388 3077/3316
f 3530/3365 3034/4521 3033/3366
f 3044/3368 3043/3463 3962/3369
f 3436/3370 2895/4398 2897/3371
f 3775/3373 3430/4473 4002/3374
f 3658/3376 2925/3287 2920/3377
f 3653/3379 2898/4187 2896/3380
f 3083/3330 2904/3322 3439/3382
f 3075/3299 3073/3565 3256/3300
f 2986/3384 2987/3429 2979/3385
f 3007/3387 3008/3282 3460/3284
f 3368/3388 3650/4001 2858/3389
f 3176/3391 3181/3292 2942/3291
f 3002/3392 3003/3305 2995/3393
f 2946/3235 2948/3698 3185/3395
f 2947/3397 2943/3377 3184/3398
f 3511/3286 3515/3345 3019/3246
f 3640/3400 2853/3526 3078/3401
f 2958/3396 2954/3235 3188/3237
f 2951/3377 2957/3703 3189/3403
f 3583/3404 2890/4402 3421/3405
f 3770/3407 3270/3919 2869/3408
f 3966/3410 2964/4556 2937/3411
f 3193/3416 2960/3720 2936/3417
f 3270/3419 2877/4158 3482/3420
f 3664/3422 2968/4557 4016/3423
f 3920/3425 3467/4459 2965/3426
f 3299/3395 2956/3698 2955/3397
f 3940/3431 3084/4558 3083/3330
f 3011/3433 3012/3199 3426/3201
f 3275/3435 2880/4160 3386/3436
f 3166/3438 2917/4559 3162/3439
f 3405/3441 2888/4560 3361/3442
f 3468/3200 3010/3387 3009/3282
f 3365/3207 2864/3206 2857/3444
f 3036/3446 3035/3464 3959/3447
f 3012/3302 3011/3303 3009/3282
f 3005/3199 3007/3387 3495/3200
f 3519/3345 3026/3246 3025/3245
f 3025/3245 3027/4549 3521/3285
f 3291/3449 2916/4561 3167/3450
f 3158/3452 2912/3488 3164/3453
f 2984/3394 2985/3549 2977/3458
f 3657/3459 2917/4559 3166/3460
f 3017/3344 3019/3246 3515/3345
f 3221/3462 3308/4562 3043/3463
f 3035/3464 3036/3446 3525/3465
f 3020/3245 3019/3246 3017/3244
f 2912/3468 2911/3487 3160/3469
f 2923/3351 2926/4270 2922/3471
f 4005/3473 2928/3509 2927/3474
f 3446/3327 2905/3326 3573/3476
f 3185/3395 2948/3698 2947/3397
f 3647/3478 2889/4164 2885/3479
f 3226/3481 2963/3750 2938/3482
f 3739/3484 3302/3633 2966/3418
f 2912/3488 3158/3452 3550/3486
f 3158/3452 3168/3841 3550/3486
f 3229/3489 3039/3765 3045/3490
f 3050/3495 3042/4528 3231/3496
f 3055/3239 3053/3240 3223/3238
f 3624/3505 3238/3624 3237/3506
f 4038/3508 2933/4535 2928/3509
f 3245/3510 3068/3583 3066/3511
f 3071/3239 3070/3240 3249/3238
f 3627/3505 3246/3624 3245/3506
f 4000/3298 2931/3297 2929/3513
f 3253/3510 3076/3583 3074/3511
f 3237/3510 3062/3583 3059/3511
f 3630/3505 3254/3624 3253/3506
f 2988/3428 2981/3543 2973/3515
f 3049/3520 3041/3277 4004/3521
f 3261/3523 2965/3426 2935/3524
f 2932/3530 2927/4517 2928/3377
f 3481/3434 3006/3433 3005/3199
f 3182/3328 3176/3619 2940/3534
f 3917/3536 3601/4438 2972/3413
f 2962/3537 2938/4527 3948/3538
f 2983/3393 2984/3394 2976/3392
f 3648/3540 2889/4164 3409/3541
f 3949/3553 3947/3817 2966/3554
f 2959/3556 2935/4515 4018/3557
f 3915/3559 3390/4434 2855/3560
f 3065/3565 3241/3664 3699/3566
f 3379/3567 2868/4112 2864/3206
f 3454/3572 2867/4121 2863/3215
f 3642/3575 2873/4116 2869/3221
f 3579/3576 2875/4554 2871/3224
f 3735/3582 3239/3301 3062/3583
f 3914/3584 3470/4017 3157/3585
f 3673/3587 3063/4563 3316/3588
f 3913/3590 3666/3716 3304/3591
f 3731/3504 3251/3503 3252/3593
f 3734/3504 3243/3503 3244/3593
f 3064/3595 3245/3510 3242/3512
f 3416/3597 2884/4129 2880/3254
f 3524/3602 2883/4222 2879/3263
f 3677/3603 3178/3644 3957/3604
f 3987/3606 3219/4334 3411/3607
f 3678/3609 3322/4428 4047/3610
f 3621/3612 3225/4333 4048/3613
f 3057/3565 3223/3664 3702/3566
f 3164/3470 3160/3469 2909/3616
f 2930/3618 2929/4516 3176/3619
f 3056/3595 3237/3510 3234/3512
f 3908/3620 3709/4406 3325/3621
f 3545/3623 3060/3299 3239/3301
f 3297/3627 3180/3645 4011/3628
f 3739/3484 3491/4544 4016/3423
f 4016/3423 2968/4557 3302/3633
f 3278/3639 3095/4447 3359/3640
f 3578/3359 3272/4432 3109/3641
f 3956/3643 3957/3604 3178/3644
f 3549/3623 3067/3299 3247/3301
f 3192/3647 3260/3650 3692/3648
f 3590/3651 3285/4340 3149/3636
f 4027/3652 3294/4046 3175/3653
f 3219/3655 3214/4450 3616/3656
f 3072/3595 3253/3510 3250/3512
f 3555/3623 3075/3299 3255/3301
f 3907/3658 3723/4394 3190/3659
f 3201/3661 3200/3860 3499/3662
f 3243/3503 3248/3300 3699/3566
f 3241/3664 3061/3631 3625/3630
f 3309/3501 3223/3238 3057/3565
f 3238/3624 3239/3301 3735/3582
f 3479/3665 3114/4168 3099/3666
f 3494/3669 2969/4524 3224/3670
f 3906/3672 3716/4351 3326/3673
f 3719/3675 3134/4276 3534/3676
f 3048/3332 3233/3498 3221/3500
f 3466/3679 3577/3279 3271/3680
f 3410/3682 3135/4221 3130/3683
f 3512/3685 3644/3354 3274/3686
f 3541/3688 3382/4253 3116/3689
f 3904/3691 3708/4383 3194/3692
f 3049/3520 3230/3492 3222/3494
f 3298/3237 2944/3266 2948/3698
f 2945/3399 2949/3703 3186/3403
f 3903/3700 3741/4387 3330/3701
f 2952/3266 2956/3698 3299/3395
f 3187/3398 2953/3399 2957/3703
f 3700/3699 3309/3588 3060/3299
f 3902/3704 3603/3626 2971/3705
f 3686/3707 3324/4343 3687/3708
f 2966/3418 3302/3633 3707/3710
f 3318/3501 3249/3238 3073/3565
f 3685/3711 3143/4342 3496/3712
f 3737/3504 3235/3503 3236/3593
f 3302/3633 2968/4557 3600/3717
f 3193/3416 3300/3718 3663/3719
f 4006/3721 4008/3654 3175/3653
f 4007/3723 3174/4502 3173/3724
f 3729/3582 3255/3301 3076/3583
f 3254/3624 3255/3301 3729/3582
f 3732/3582 3247/3301 3068/3583
f 3694/3699 3318/3588 3075/3299
f 3899/3731 3664/4564 3301/3732
f 3983/3734 3311/4507 3220/3735
f 3296/3740 3179/3913 3935/3741
f 3898/3743 3724/4368 3328/3744
f 3703/3749 3224/3670 2963/3750
f 3198/3671 3224/3670 3703/3749
f 3246/3624 3247/3301 3732/3582
f 3039/3751 3308/4562 3221/3462
f 3715/3753 3267/4433 3572/3754
f 3047/3756 3043/3463 3308/3757
f 3235/3503 3240/3300 3702/3566
f 3674/3587 3071/4563 3318/3588
f 3988/3758 3323/4353 3683/3759
f 3383/3761 3198/3671 3226/3481
f 3941/3762 3213/4506 3684/3763
f 3247/3301 3248/3300 3066/3511
f 3051/3766 3037/3493 3230/3492
f 3046/3768 3040/3499 3233/3498
f 3249/3664 3070/3631 3628/3630
f 3240/3300 3235/3503 3543/3502
f 3609/3769 3315/4346 3238/3624
f 3894/3770 3428/4352 3146/3771
f 3697/3699 3316/3588 3067/3299
f 3248/3300 3243/3503 3547/3502
f 3610/3769 3317/4346 3246/3624
f 3893/3773 3720/4326 3327/3774
f 3073/3565 3249/3664 3696/3566
f 3251/3503 3256/3300 3696/3566
f 3256/3300 3251/3503 3553/3502
f 3611/3769 3319/4346 3254/3624
f 3506/3776 3139/4126 3126/3777
f 2937/3779 2964/4301 3258/3730
f 3267/3780 3264/4341 3566/3781
f 3643/3229 3273/4102 3111/3784
f 3707/3710 3302/3633 3300/3718
f 3052/3786 3313/3767 3232/3497
f 3570/3791 3266/4344 3688/3792
f 3392/3794 3123/4235 3105/3795
f 3740/3797 3268/4382 3639/3798
f 3672/3587 3055/4563 3309/3588
f 3535/3803 3407/4345 3133/3804
f 3223/3664 3053/3631 3622/3630
f 3637/3806 2856/4364 3424/3807
f 2855/3809 2894/4565 3635/3810
f 3067/3299 3065/3565 3248/3300
f 2985/3547 2986/3384 2978/3386
f 2981/3543 2982/3304 2974/3306
f 2998/3516 2999/3385 2991/3429
f 3654/3813 2854/4566 2893/3788
f 3959/3447 3035/3464 3532/3814
f 2999/3385 3000/3386 2992/3384
f 3538/3816 2966/3554 3947/3817
f 2946/3235 2945/3779 3184/3236
f 3000/3386 3001/3812 2993/3547
f 2987/3429 2988/3428 2980/3516
f 3003/3305 3004/3306 2996/3304
f 3001/3458 3002/3392 2994/3394
f 3004/3306 2997/3515 2989/3543
f 3571/3819 3498/4277 3141/3820
f 3493/3822 3389/4120 3121/3823
f 3887/3825 3584/3273 3279/3826
f 3738/3830 3489/4325 4014/3828
f 4014/3828 3195/4505 3329/3829
f 3744/3461 3166/3460 2915/3831
f 3329/3829 3225/4446 3621/3833
f 2950/3396 3185/3395 3186/3403
f 3305/3834 3209/3859 3620/3835
f 3886/3837 3747/3849 3332/3838
f 3158/3452 2913/3855 3453/3840
f 2913/3855 2914/3232 3453/3840
f 3745/3842 3331/3846 3165/3843
f 3593/3845 3292/4107 3331/3846
f 3885/3847 3746/3455 3150/3457
f 2997/3515 2998/3516 2990/3428
f 3333/3454 3164/3453 2907/3851
f 3159/3853 3333/3454 3163/3852
f 2913/3855 3158/3452 3333/3454
f 3334/3451 3167/3450 2909/3616
f 3169/3204 3334/3451 3160/3469
f 2918/3203 3291/3449 3334/3451
f 3210/3856 3212/4453 3429/3857
f 3211/3859 3210/3856 3615/3858
f 3200/3860 3202/3867 3502/3861
f 3307/3862 3213/4506 3941/3762
f 3539/3864 3100/4455 3137/3865
f 3205/3867 3204/3993 3507/3868
f 3750/3869 3096/4456 3403/3870
f 3751/3872 3335/4308 3752/3873
f 3564/3875 3132/4457 3753/3876
f 3336/3440 3162/3439 2914/3232
f 3290/3878 3336/3440 3161/3234
f 2915/3880 3166/3438 3336/3440
f 3337/3881 3118/4458 3551/3264
f 3112/3883 3337/3881 3754/3882
f 2872/3227 3275/3435 3755/3437
f 3206/3661 3203/3860 3505/3662
f 3936/3885 3147/3375 3144/3886
f 2958/3396 3299/3395 3189/3403
f 4090/3888 3881/4304 3756/4305
f 3756/4305 3260/3650 4090/3888
f 4088/3891 3880/4303 3757/4300
f 3757/4300 3338/3889 4088/3891
f 3522/3892 3177/4567 3759/3893
f 3760/3895 3195/4505 4014/3828
f 3761/3897 3339/4299 4051/3898
f 3601/3900 3301/4463 4052/3901
f 3340/3903 3125/4068 3394/3258
f 3110/3905 3340/3903 3764/3904
f 2869/3221 3270/3419 3765/3421
f 3977/3912 3295/4504 3179/3913
f 3769/3915 3341/3918 3098/3916
f 3398/3917 3128/4067 3341/3918
f 3576/3261 2877/3260 3270/3919
f 3771/3920 3142/4466 3562/3921
f 3772/3923 3342/4275 3773/3924
f 3647/3478 3278/3639 3774/3926
f 3575/3928 3269/4467 3265/3929
f 3620/3835 3209/3859 3207/3856
f 2929/3513 2931/3297 3181/3292
f 3559/3213 3586/3341 3281/3931
f 3202/3867 3199/3993 3497/3868
f 3255/3301 3256/3300 3074/3511
f 3282/3933 3153/4468 3556/3934
f 3589/3936 3284/4469 3150/3937
f 3594/3350 3293/4470 3171/3939
f 3380/4269 3872/3941 3936/3885
f 3872/3941 3775/3373 3147/3375
f 3871/3942 3776/3945 3343/3943
f 3444/3947 3156/4474 3151/3948
f 3227/3950 3220/3735 3942/3951
f 3217/3953 3215/4477 3568/3954
f 4026/3956 4035/4181 3320/3957
f 3779/3959 3117/4481 3552/3960
f 3780/3962 3344/4251 3781/3963
f 3642/3575 3272/4432 3782/3965
f 3991/3967 3145/4035 3427/3968
f 3992/3970 3345/4236 3785/3971
f 4026/3956 3263/3958 3786/3973
f 3787/3975 3124/4119 3362/3976
f 3788/3978 3346/4234 3789/3979
f 3580/3577 3274/3686 3790/3981
f 3546/3983 3791/3352 3120/3353
f 3387/3255 3792/3988 3347/3985
f 3372/3987 3107/4104 3347/3985
f 3658/3376 3293/4470 3170/3989
f 3422/3991 3138/4485 3101/3992
f 3306/3834 3211/3859 3614/3835
f 3204/3993 3206/4486 3510/3994
f 3793/3995 3138/4487 3422/3996
f 3794/3998 3348/4223 3795/3999
f 3650/4001 3281/3931 3796/4002
f 3797/4004 3136/4327 3526/4005
f 3798/4007 3349/4218 3799/4008
f 3585/3267 3280/4065 3800/4010
f 3581/4012 3276/4488 3106/4013
f 4033/4014 3310/4503 3227/3950
f 2930/3618 3182/3328 3183/3290
f 3855/4016 3801/4213 3157/3585
f 3286/3324 3152/3323 2902/4024
f 3993/4026 3217/4491 3385/4027
f 3994/4029 3351/4188 3807/4030
f 4032/4032 3307/3862 3808/4033
f 3145/4035 3143/4495 3424/4036
f 2903/3533 3289/3313 3262/3315
f 3588/3801 3283/3800 3146/4037
f 3809/3307 3151/3309 3574/4039
f 3810/4041 3352/4045 3811/4042
f 4065/4044 3812/4180 3352/4045
f 3239/3301 3240/3300 3059/3511
f 3294/4046 3174/4502 4007/3723
f 3456/3990 3170/3989 3172/4048
f 2934/4015 3183/3290 3181/3292
f 3207/3856 3208/4453 3619/3857
f 3199/3993 3201/4486 3501/3994
f 3849/4050 3813/4170 3115/4051
f 3814/4053 3353/4165 3815/4054
f 3847/4056 3641/3573 3271/3680
f 3231/3276 3222/3278 3037/4058
f 3279/3826 3131/4309 3476/4060
f 3361/4061 3582/3241 3277/4062
f 3564/4064 3649/3338 3280/4065
f 3130/3683 3118/4458 3386/3436
f 3535/3803 3129/3805 3128/4067
f 3571/3819 3127/3821 3125/4068
f 3126/3777 3119/3986 3546/3983
f 3995/4069 3197/4377 3448/4070
f 3996/4072 3354/4140 3819/4073
f 4031/4075 3303/4293 3820/4076
f 3821/4078 3154/4023 3474/4022
f 3822/4080 3355/4130 3823/4081
f 3592/4083 3288/4350 3824/4084
f 3825/4086 3140/4219 3504/4087
f 3839/4089 3826/4122 3356/4090
f 3646/3270 3277/4062 3828/4092
f 3065/3565 3067/3299 3316/3501
f 3188/3237 3187/3236 2951/3265
f 3161/3234 3159/3233 2908/4094
f 3829/4095 3122/4252 3455/4096
f 3830/4098 3357/4118 3831/4099
f 3835/4101 3579/3576 3273/4102
f 3512/3685 3113/3687 3112/3883
f 3111/3784 3098/3916 3402/3409
f 3109/3641 3110/3905 3375/3906
f 3466/3679 3108/3681 3107/4104
f 3105/3795 3106/4013 3371/3337
f 3493/3822 3104/3824 3103/3932
f 3541/3688 3102/3690 3101/3992
f 3099/3666 3100/4455 3539/3864
f 3550/3486 3833/3202 3169/3204
f 3453/3840 3834/4106 3358/4105
f 3834/4106 3657/3459 3292/4107
f 3203/3860 3205/3867 3509/3861
f 3505/3662 3509/3861 3093/4108
f 3162/3439 2917/4559 3657/3459
f 2914/3232 3162/3439 3834/4106
f 3168/3841 3358/4105 3833/3202
f 3364/3667 3539/3864 2861/4110
f 3370/3796 3371/3337 2864/3336
f 3374/3642 3375/3906 2870/4114
f 3376/3785 3402/3409 2869/3408
f 3835/4101 3832/4103 3357/4118
f 3393/3355 3835/4101 3830/4098
f 3393/3355 2875/4554 3579/3576
f 3389/4120 3836/4100 3831/4099
f 2867/4121 3362/3976 3836/4100
f 3124/4119 3830/4098 3836/4100
f 3388/3570 3837/4097 3455/4096
f 3831/4099 3837/4097 3388/3570
f 3357/4118 3829/4095 3837/4097
f 3838/4093 3828/4092 3356/4090
f 3421/4123 3838/4093 3826/4122
f 2890/4125 3646/3270 3838/4093
f 3839/4089 3827/4091 3139/4126
f 3562/4127 3839/4089 3506/3776
f 3562/4127 3142/4124 3826/4122
f 3416/3597 3840/4088 3504/4087
f 3827/4091 3840/4088 3416/3597
f 3356/4090 3825/4086 3840/4088
f 3841/4085 3824/4084 3355/4130
f 3591/4131 3841/4085 3822/4080
f 2906/4133 3592/4083 3841/4085
f 3842/4082 3823/4081 3153/4134
f 3655/4136 3842/4082 3439/4135
f 3287/4132 3822/4080 3842/4082
f 3843/4079 3474/4022 2903/4138
f 3823/4081 3843/4079 3556/4139
f 3355/4130 3821/4078 3843/4079
f 4059/4077 3820/4076 3354/4140
f 4060/4141 3844/4145 3818/4142
f 3969/4144 3602/4288 3844/4145
f 4061/4074 3819/4073 3196/4146
f 4062/4148 3845/4151 3490/4149
f 4058/4143 3818/4142 3845/4151
f 4063/4071 3448/4070 2967/3748
f 4064/4153 3846/4157 3395/4154
f 4057/4156 3817/4500 3846/4157
f 3396/3778 3546/3983 2878/3984
f 3400/3684 3386/3436 2880/4160
f 2887/4161 2891/4547 3649/3338
f 2888/4162 2892/4220 3582/3241
f 3648/3540 3476/4060 2885/4163
f 3847/4056 3816/4057 3353/4165
f 3384/4166 3847/4056 3814/4053
f 3384/4166 2874/3574 3641/3573
f 3848/4055 3815/4054 3114/4168
f 3552/4169 3848/4055 3479/3665
f 3117/4167 3814/4053 3848/4055
f 3849/4050 3536/4052 2868/4112
f 3815/4054 3849/4050 3379/3567
f 3815/4054 3353/4165 3813/4170
f 3497/3868 3501/3994 3089/4171
f 3478/3858 3619/3857 3014/4173
f 2924/4175 3456/3990 3520/4049
f 4038/3508 3659/4536 3464/4177
f 4035/4181 3612/4534 3810/4041
f 4066/4179 3973/4254 3262/4182
f 3973/4254 3081/4529 3262/4182
f 3850/4043 3811/4042 3321/4183
f 3613/4184 3078/4388 4046/3364
f 4046/3364 3675/4185 3613/4184
f 3850/4043 3675/4185 3984/4478
f 3984/4478 3320/3957 3850/4043
f 3851/4040 3574/4039 2897/3371
f 3811/4042 3851/4040 3676/4186
f 3352/4045 3809/3307 3851/4040
f 2898/4187 3588/3801 3428/4038
f 3427/3968 3424/4036 2856/3527
f 4067/4034 3808/4033 3351/4188
f 4068/4189 3852/4192 3806/4190
f 3970/3448 3606/4454 3852/4192
f 4069/4031 3807/4030 3216/4193
f 4070/4195 3853/4198 3528/4196
f 4056/4191 3806/4190 3853/4198
f 4071/4028 3385/4027 3030/4199
f 4072/4201 3854/4205 3480/4202
f 4055/4204 3805/4493 3854/4205
f 4073/4206 3474/4022 3804/4021
f 3802/4019 3289/4210 4073/4206
f 3289/4210 2903/4138 4073/4206
f 4074/4207 3802/4019 3803/4018
f 3444/4208 2899/4568 4074/4207
f 2899/4568 3289/4210 4074/4207
f 3436/4211 3855/4016 3470/4017
f 3156/4209 3803/4018 3855/4016
f 3803/4018 3350/4020 3801/4213
f 3971/4214 3607/4537 3617/4215
f 2858/4217 3581/4012 3565/3216
f 3856/4011 3800/4010 3349/4218
f 3418/3242 3856/4011 3798/4007
f 2892/4220 3585/3267 3856/4011
f 3857/4009 3799/4008 3135/4221
f 3504/4087 3857/4009 3410/3682
f 3140/4219 3798/4007 3857/4009
f 3858/4006 3526/4005 2883/4222
f 3799/4008 3858/4006 3524/3602
f 3349/4218 3797/4004 3858/4006
f 3859/4003 3796/4002 3348/4223
f 3581/4224 3859/4003 3794/3998
f 2858/3389 3650/4001 3859/4003
f 3860/4000 3795/3999 3137/4226
f 3645/4228 3860/4000 3463/4227
f 3276/4225 3794/3998 3860/4000
f 3861/3997 3422/3996 2859/4229
f 3795/3999 3861/3997 3414/4230
f 3348/4223 3793/3995 3861/3997
f 3507/3868 3510/3994 3091/4171
f 3668/3836 3614/3835 3022/4231
f 2859/4232 3422/3991 3447/3210
f 2925/3287 3658/3376 3456/3990
f 2872/4113 3372/3987 3792/3988
f 2880/3254 3275/4233 3792/3988
f 3119/3986 3347/3985 3791/3352
f 3862/3982 3790/3981 3346/4234
f 3381/3280 3862/3982 3788/3978
f 2876/3578 3580/3577 3862/3982
f 3863/3980 3789/3979 3123/4235
f 3536/4052 3863/3980 3392/3794
f 3115/4051 3788/3978 3863/3980
f 3864/3977 3362/3976 2867/4121
f 3789/3979 3864/3977 3454/3572
f 3346/4234 3787/3975 3864/3977
f 4075/3974 3786/3973 3345/4236
f 4076/4237 3865/4241 3784/4238
f 3964/4240 3563/4255 3865/4241
f 4077/3972 3785/3971 3144/3886
f 4078/4243 3866/4245 3425/4244
f 4054/4239 3784/4238 3866/4245
f 4079/3969 3427/3968 3080/3529
f 4080/4247 3867/4250 3475/4248
f 4053/4249 3783/4483 3867/4250
f 3868/3966 3782/3965 3344/4251
f 3391/3230 3868/3966 3780/3962
f 2873/4116 3642/3575 3868/3966
f 3869/3964 3781/3963 3116/3689
f 3455/4096 3869/3964 3382/4253
f 3122/4252 3780/3962 3869/3964
f 3870/3961 3552/3960 2865/3569
f 3781/3963 3870/3961 3542/3568
f 3344/4251 3779/3959 3870/3961
f 3973/4254 3612/4534 3563/4255
f 3030/4256 3385/3955 3568/3954
f 3617/4215 3449/4538 4004/3521
f 2899/4258 3444/3947 3437/3949
f 3776/3945 3589/4262 4081/4260
f 4081/4260 3589/4262 2902/4569
f 2902/4569 3152/4263 4081/4260
f 3408/4264 3871/3942 3777/3944
f 2898/4187 3653/4266 3871/3942
f 3653/4266 3284/4261 3776/3945
f 3079/4431 3431/4268 3998/4267
f 3431/4268 3872/3941 3380/4269
f 3148/4265 3777/3944 3872/3941
f 3777/3944 3343/3943 3775/3373
f 2926/4270 3594/3350 3457/3940
f 2902/4272 3589/3936 3435/3938
f 3651/3935 3556/3934 2903/3533
f 3502/3861 3497/3868 3090/4172
f 2862/3212 2860/4552 3586/3341
f 3015/4231 3620/3835 3478/3858
f 2854/3631 3575/3928 3636/3930
f 3873/3927 3774/3926 3342/4275
f 3409/3541 3873/3927 3772/3923
f 2889/4164 3647/3478 3873/3927
f 3874/3925 3773/3924 3141/3820
f 3534/3676 3874/3925 3498/4277
f 3134/4276 3772/3923 3874/3925
f 3875/3922 3562/3921 2882/3599
f 3773/3924 3875/3922 3419/3598
f 3342/4275 3771/3920 3875/3922
f 3128/4067 3576/3261 3770/3407
f 2879/4159 3398/3917 3769/3915
f 3769/3915 3363/3225 2871/3224
f 4039/4279 3660/4539 3471/4280
f 3445/3222 3765/3421 3340/3903
f 3375/3906 3764/3904 3120/4284
f 3764/3904 3394/3258 2878/3257
f 3876/4285 3763/4462 3990/4286
f 3602/4288 3876/4285 4082/4287
f 2972/3413 3601/3900 4083/3902
f 3877/4289 3762/4298 3989/4290
f 3665/4292 3877/4289 4084/4291
f 3303/4293 3761/3897 4085/3899
f 3878/4295 3489/4325 3952/4296
f 3762/4298 3878/4295 4086/4297
f 3339/4299 3760/3895 4087/3896
f 3879/3894 3759/3893 3338/3889
f 3632/3563 3879/3894 3757/4300
f 2964/4301 3522/3892 3879/3894
f 4088/3891 3758/3890 3196/4146
f 4089/4302 3880/4303 3395/4154
f 4089/4302 3558/3747 3259/3564
f 3259/3564 3757/4300 4089/4302
f 3953/4150 4090/3888 3560/3739
f 4015/4147 4091/4306 3881/4304
f 4091/4306 3758/3890 3338/3889
f 3338/3889 3756/4305 4091/4306
f 3998/4267 3380/4269 3475/4248
f 3510/3663 3505/3662 3094/4109
f 3377/3228 3755/3437 3337/3881
f 3516/3884 3754/3882 3097/4307
f 3754/3882 3551/3264 2879/3263
f 3882/3877 3753/3876 3335/4308
f 3404/3275 3882/3877 3751/3872
f 2887/3274 3564/3875 3882/3877
f 3883/3874 3752/3873 3095/4310
f 3476/4060 3883/3874 3401/4311
f 3131/4309 3751/3872 3883/3874
f 3884/3871 3403/3870 2886/4312
f 3752/3873 3884/3871 3359/4313
f 3335/4308 3750/3869 3884/3871
f 3093/4108 3509/3861 3507/3868
f 2861/4110 3539/3864 3414/3866
f 3669/4315 3434/4540 4003/4316
f 3499/3662 3502/3861 3087/4108
f 3614/3835 3615/3858 3021/4174
f 3615/3858 3429/3857 3023/4173
f 3747/3849 3655/4136 4092/4317
f 4092/4317 3655/4136 2904/4137
f 2904/4137 3286/4318 4092/4317
f 3561/4319 3885/3847 3472/3848
f 3155/4321 3748/3839 3885/3847
f 3748/3839 3332/3838 3746/3455
f 2918/3203 3593/3845 3745/3842
f 3291/4322 3745/3842 3450/3844
f 3442/4324 3886/3837 3748/3839
f 2906/4133 3591/4131 3886/3837
f 3591/4131 3287/4132 3747/3849
f 3667/3836 3620/3835 3015/4231
f 3738/3830 3621/3833 2963/3750
f 3331/3846 3744/3461 3423/3832
f 3224/3670 2969/4524 3952/4296
f 3952/4296 3489/4325 3224/3670
f 3720/4326 3887/3825 3722/3827
f 3136/4327 3412/3339 3887/3825
f 3412/3339 2891/4547 3584/3273
f 2863/3390 2867/4121 3389/4120
f 2877/4158 2881/3601 3498/4277
f 3888/4328 3469/4435 4009/4329
f 3680/4331 3888/4328 4093/4330
f 3225/4333 3538/3816 4094/3818
f 4095/3815 3532/3814 3219/4334
f 4096/4335 3889/4339 3681/4336
f 4021/4338 3523/4541 3889/4339
f 3285/4340 3654/3813 3569/3790
f 3638/3811 3635/3810 3264/4341
f 3890/3808 3424/3807 3143/4342
f 3688/3792 3890/3808 3685/3711
f 3266/4344 3637/3806 3890/3808
f 2879/4159 2883/4222 3407/4345
f 3891/3799 3639/3798 2853/4347
f 3742/3702 3891/3799 3640/4348
f 3330/3701 3740/3797 3891/3799
f 3892/3793 3688/3792 3324/4343
f 3592/4083 3892/3793 3686/3707
f 2906/4133 3570/3791 3892/3793
f 3440/3783 3693/3649 3261/3523
f 3572/3782 3566/3781 3079/3528
f 3893/3773 3721/3775 3133/3804
f 3526/4005 3893/3773 3407/4345
f 3526/4005 3136/4327 3720/4326
f 3317/4346 3698/3589 3697/3699
f 3716/4351 3894/3770 3718/3772
f 3155/4321 3561/4319 3894/3770
f 3561/4319 2896/4320 3428/4352
f 4097/3764 3684/3763 3323/4353
f 4098/4354 3895/4357 3682/4355
f 4003/4316 3434/4540 3895/4357
f 4099/3760 3683/3759 3218/4358
f 4100/4360 3896/4363 3500/4361
f 4050/4356 3682/4355 3896/4363
f 3897/3755 3572/3754 2856/4364
f 3717/3674 3897/3755 3637/3806
f 3326/3673 3715/3753 3897/3755
f 3259/3564 3558/3747 3557/3746
f 4030/3629 3598/4365 3898/3743
f 3898/3743 3725/3745 4030/3629
f 3968/4366 2960/4514 3663/4367
f 3663/4367 3898/3743 3968/4366
f 3663/4367 3300/4375 3724/4368
f 3661/4369 3360/4465 3997/3412
f 3486/3737 3560/3739 3260/3650
f 3250/4371 3730/3594 3629/3646
f 4045/4372 3671/4542 3533/4373
f 3724/4368 3899/3731 3726/3733
f 3600/4374 3899/3731 3724/4368
f 2968/4376 3664/4564 3899/3731
f 3257/3519 3727/3518 3728/3562
f 3945/4178 3464/4177 3513/3939
f 3946/4379 3465/4397 3461/4380
f 3900/3713 3496/3712 2853/4347
f 3687/3708 3900/3713 3639/3798
f 3324/4343 3685/3711 3900/3713
f 3243/3503 3625/3630 3548/3632
f 3901/3709 3687/3708 3268/4382
f 3656/3247 3901/3709 3573/3476
f 3288/4350 3686/3707 3901/3709
f 3708/4383 3902/3704 3487/3706
f 3325/3621 3711/3592 3902/3704
f 3711/3592 3304/3591 3603/3626
f 3315/4346 3701/3589 3700/3699
f 3234/4371 3736/3594 3544/3646
f 3903/3700 3742/3702 3269/4349
f 3654/4385 3903/3700 3575/4384
f 3654/4385 3285/4429 3741/4387
f 3319/4346 3695/3589 3694/3699
f 3904/3691 3488/3693 2969/4389
f 3710/3622 3904/3691 3494/4390
f 3710/3622 3325/3621 3708/4383
f 2862/3348 2866/3571 3382/4253
f 2871/4117 2875/4554 3644/3354
f 2872/4113 2876/3578 3577/3279
f 3905/3677 3534/3676 2881/3601
f 3721/3775 3905/3677 3462/3600
f 3327/3774 3719/3675 3905/3677
f 3906/3672 3717/3674 3266/4344
f 3442/4324 3906/3672 3570/3791
f 3442/4324 3155/4321 3716/4351
f 3251/3503 3628/3630 3554/3632
f 3089/4163 3501/3663 3499/3662
f 4041/3558 3662/4392 3529/3660
f 3662/4392 3907/3658 3529/3660
f 3979/4393 3297/3627 3907/3658
f 3297/3627 3725/3745 3907/3658
f 3725/3745 3328/3744 3723/4394
f 3411/3657 3616/3656 3032/4395
f 3965/3296 3595/4543 3465/4397
f 2895/4398 3590/3651 3433/3638
f 3692/3648 3633/3427 2965/3426
f 3242/4371 3733/3594 3626/3646
f 4018/3557 4019/4425 3508/4399
f 3583/3404 3359/3640 2886/4401
f 3329/3829 3195/4505 3954/4403
f 3954/4403 3491/4544 3739/3484
f 3235/3503 3622/3630 3623/3632
f 3598/4365 3473/4436 3949/3553
f 3383/4404 3908/3620 3710/3622
f 3383/4404 2962/3537 3967/3539
f 3967/3539 3597/4437 3908/3620
f 3908/3620 3597/4437 4029/4405
f 4029/4405 3296/3740 3709/4406
f 3909/4407 3680/4331 3986/4332
f 3660/4409 3909/4407 4101/4408
f 2963/4411 3621/3612 4102/3614
f 3910/4413 3679/4427 3985/4414
f 3596/4416 3910/4413 4103/4415
f 4028/4418 3295/4513 3678/3609
f 4105/3608 3411/3607 3031/3499
f 4106/4420 3911/4423 3531/4421
f 4049/4337 3681/4336 3911/4423
f 3912/4424 3508/4399 4019/4425
f 3679/4427 3912/4424 4107/4426
f 3322/4428 3677/3603 4108/3605
f 3135/4221 3524/3602 3406/3262
f 3129/3805 3133/3804 3462/3600
f 3127/3821 3141/3820 3419/3598
f 3139/4126 3416/3597 3483/3253
f 3709/4406 3913/3590 3711/3592
f 3709/4406 3296/3740 3913/3590
f 3296/3740 3978/3742 3913/3590
f 3913/3590 3661/4369 3666/3716
f 3661/4369 4040/4370 3666/3716
f 3741/4387 3914/3584 3743/3586
f 3285/4429 3590/4430 3914/3584
f 3590/4430 2895/4212 3470/4017
f 3113/3687 3274/3686 3580/3577
f 3273/4102 3579/3576 3443/3223
f 3272/4432 3642/3575 3477/3220
f 3108/3681 3271/3680 3641/3573
f 3123/4235 3454/3572 3599/3214
f 3104/3824 3121/3823 3388/3570
f 3102/3690 3116/3689 3542/3568
f 3114/4168 3379/3567 3537/3205
f 2964/4301 3632/3563 3728/3562
f 3915/3559 3638/3561 3267/4433
f 3326/3673 3718/3772 3915/3559
f 3718/3772 3146/3771 3390/4434
f 3662/4392 3503/4400 3956/3643
f 4011/3628 4009/4329 3469/4435
f 3719/3675 3916/3542 3409/3541
f 3327/3774 3722/3827 3916/3542
f 3722/3827 3279/3826 3648/3540
f 3597/4437 3471/4280 4010/3914
f 3723/4394 3917/3536 3484/3415
f 3328/3744 3726/3733 3917/3536
f 3726/3733 3301/3732 3601/4438
f 3481/3434 3420/3201 3200/3860
f 3608/4439 3449/4538 3942/3951
f 3258/3730 3727/3518 3631/3517
f 3074/3511 3553/3502 3731/3504
f 3938/4441 3413/4498 3461/4442
f 3066/3511 3547/3502 3734/3504
f 3976/4047 3659/4536 3452/4444
f 3059/3511 3543/3502 3737/3504
f 3329/3829 3739/3484 3538/3485
f 3278/3639 3647/3478 3401/3480
f 3918/3477 3573/3476 3268/4382
f 3330/3701 3743/3586 3918/3477
f 3157/3585 3446/3327 3918/3477
f 3958/4448 3943/4445 3452/4444
f 3532/3466 3525/3465 3214/4450
f 3604/3346 3515/3345 3209/3859
f 3292/4107 3657/3459 3744/3461
f 3746/3455 3749/3850 4109/4451
f 4109/4451 3749/3850 3286/4318
f 3286/4318 2900/4452 4109/4451
f 3517/3286 3521/3285 3212/4453
f 3211/3859 3519/3345 3517/3286
f 3420/3201 3495/3200 3202/3867
f 3606/4454 3523/4541 4021/4338
f 3100/4455 3365/3207 3463/3445
f 3468/3200 3458/3284 3204/3993
f 3919/3443 3361/3442 3096/4456
f 3753/3876 3919/3443 3750/3869
f 3132/4457 3405/3441 3919/3443
f 3755/3437 3386/3436 3118/4458
f 3618/3434 3426/3201 3203/3860
f 4002/3374 3430/4473 3425/4244
f 3756/4305 3920/3425 3633/3427
f 3338/3889 3759/3893 3920/3425
f 3759/3893 3177/4567 3467/4459
f 3921/4460 3491/4544 3954/4403
f 3763/4462 3921/4460 4110/4461
f 3301/4463 3664/3422 4111/3424
f 3765/3421 3482/3420 3125/4068
f 4028/4464 3596/4545 3360/4465
f 3341/3918 3770/3407 3402/3409
f 3922/3406 3421/3405 3142/4466
f 3774/3926 3922/3406 3771/3920
f 3278/3639 3583/3404 3922/3406
f 3269/4467 3640/3400 3567/3402
f 3207/3856 3209/3859 3515/3345
f 3103/3932 3281/3931 3650/4001
f 3495/3200 3460/3284 3199/3993
f 3587/3383 3439/3382 3153/4468
f 3284/4469 3653/3379 3472/3381
f 3293/4470 3658/3376 3451/3378
f 3343/3943 3778/3946 4112/4471
f 3156/4474 3436/3370 3574/3372
f 3540/4475 3533/4373 4024/3736
f 3530/3365 3527/3367 3215/4477
f 3984/4478 3675/4185 3634/4479
f 3923/3361 3384/3360 3117/4481
f 3782/3965 3923/3361 3779/3959
f 3272/4432 3578/3359 3923/3361
f 4114/3358 3417/3318 3145/4035
f 4115/4482 3924/4484 3783/4483
f 3975/4480 3634/4479 3924/4484
f 3925/3356 3393/3355 3124/4119
f 3790/3981 3925/3356 3787/3975
f 3274/3686 3644/3354 3925/3356
f 3347/3985 3107/4104 3432/3219
f 3293/4470 3594/3350 3518/3293
f 3138/4485 3415/3347 3366/3349
f 3605/3346 3519/3345 3211/3859
f 3458/3284 3618/3283 3206/4486
f 3926/3343 3415/3342 3138/4487
f 3796/4002 3926/3343 3793/3995
f 3281/3931 3586/3341 3926/3343
f 3927/3340 3412/3339 3136/4327
f 3800/4010 3927/3340 3797/4004
f 3280/4065 3649/3338 3927/3340
f 3276/4488 3645/3335 3371/3337
f 3670/4489 3540/4475 4025/4476
f 3801/4213 3928/3325 3446/3327
f 3350/4020 3804/4021 3928/3325
f 3804/4021 3154/4023 3441/3248
f 4116/3321 3530/3320 3217/4491
f 4117/4492 3929/4494 3805/4493
f 3981/3863 3669/4315 3929/4494
f 3417/3318 3496/3317 3143/4495
f 3283/3800 3652/3310 3390/3312
f 3809/3307 3812/4180 4118/4496
f 4118/4496 3812/4180 3262/4182
f 3262/4182 2901/4497 4118/4496
f 4027/3652 3595/4543 3413/4498
f 3170/3989 3518/3293 3459/3295
f 3511/3286 3514/3285 3208/4453
f 3460/3284 3481/3283 3201/4486
f 3813/4170 3930/3281 3381/3280
f 3353/4165 3816/4057 3930/3281
f 3271/3680 3577/3279 3930/3281
f 3279/3826 3584/3273 3404/3275
f 3277/4062 3646/3270 3403/3272
f 3280/4065 3585/3267 3405/3269
f 3406/3262 3551/3264 3118/4458
f 3129/3805 3399/3259 3576/3261
f 3127/3821 3397/3256 3394/3258
f 3483/3253 3387/3255 3119/3986
f 4119/3252 3492/3251 3197/4377
f 4120/4499 3931/4501 3817/4500
f 3980/4294 3665/4292 3931/4501
f 3932/3249 3441/3248 3154/4023
f 3824/4084 3932/3249 3821/4078
f 3288/4350 3656/3247 3932/3249
f 3933/3243 3418/3242 3140/4219
f 3828/4092 3933/3243 3825/4086
f 3277/4062 3582/3241 3933/3243
f 3829/4095 3934/3231 3391/3230
f 3832/4103 3934/3231 3829/4095
f 3273/4102 3643/3229 3934/3231
f 3113/3687 3378/3226 3377/3228
f 3443/3223 3363/3225 3098/3916
f 3477/3220 3445/3222 3110/3905
f 3108/3681 3373/3217 3432/3219
f 3599/3214 3565/3216 3106/4013
f 3104/3824 3369/3211 3559/3213
f 3102/3690 3367/3208 3447/3210
f 3537/3205 3365/3207 3100/4455
f 3358/4105 3292/4107 3593/3845
f 3426/3201 3468/3200 3205/3867
f 3303/4293 3980/4294 4120/4499
f 3820/4076 4120/4499 4057/4156
f 3931/4501 4119/3252 3995/4069
f 3294/4046 4027/3652 3938/4441
f 3307/3862 3981/3863 4117/4492
f 3808/4033 4117/4492 4055/4204
f 3929/4494 4116/3321 3993/4026
f 3982/4490 4025/4476 3227/3950
f 3263/3958 3975/4480 4115/4482
f 3786/3973 4115/4482 4053/4249
f 3924/4484 4114/3358 3991/3967
f 3263/3958 3320/3957 3984/4478
f 4025/4476 4024/3736 3220/3735
f 4113/4472 3778/3946 3152/4263
f 3152/4263 3084/4558 3940/3431
f 4112/4471 4113/4472 3430/4473
f 3295/4504 4028/4464 3935/3741
f 4052/3901 4111/3424 3921/4460
f 3990/4286 4110/4461 3760/3895
f 4110/4461 3954/4403 3195/4505
f 3147/3375 4002/3374 4001/4242
f 4032/4032 4021/4338 3213/4506
f 3175/3653 3943/4445 3958/4448
f 3294/4046 3976/4047 3943/4445
f 3174/4502 3938/4441 4006/4443
f 4034/4440 3942/3951 3220/3735
f 4029/4405 4010/3914 3179/3913
f 3180/3645 3178/3644 4009/4329
f 3979/4393 3956/3643 3180/3645
f 4047/3610 4108/3605 3912/4424
f 3985/4414 4107/4426 3467/4508
f 4107/4426 4019/4425 2965/4510
f 3323/4353 4049/4337 4106/4420
f 3683/3759 4106/4420 4023/4422
f 3911/4423 4105/3608 3961/4419
f 3596/4416 4028/4418 4104/3611
f 3966/4417 4103/4415 3522/4511
f 4103/4415 3985/4414 3177/4509
f 4039/4412 4102/3614 3909/4407
f 3295/4513 3977/4410 4101/4408
f 4101/4408 3986/4332 3322/4428
f 3968/4366 3949/3553 2936/3555
f 2965/4510 4019/4425 4018/3557
f 2934/4015 3965/3296 3946/4379
f 2929/4516 2930/3618 3946/4379
f 2932/3530 3945/4178 4020/4378
f 3047/3756 4045/4372 3962/3369
f 4040/4370 3997/3412 2937/3411
f 3215/4518 4050/4356 4100/4360
f 3568/4519 4100/4360 4017/4362
f 3896/4363 4099/3760 3955/4359
f 3033/3366 4003/4316 4098/4354
f 3527/4520 4098/4354 4050/4356
f 3895/4357 4097/3764 3988/3758
f 3213/4506 4021/4338 4096/4335
f 3684/3763 4096/4335 4049/4337
f 3889/4339 4095/3815 3987/3606
f 4048/3613 4094/3818 3888/4328
f 3986/4332 4093/4330 3677/3603
f 4093/4330 4009/4329 3178/3644
f 4043/3319 4003/4316 3033/3366
f 3079/4431 3998/4267 4012/4246
f 3196/4146 3758/3890 4091/4306
f 3490/4149 3881/4304 4090/3888
f 3558/3747 4089/4302 3999/4152
f 3880/4303 4088/3891 3937/4155
f 4051/3898 4087/3896 3878/4295
f 3989/4290 4086/4297 3488/4522
f 4086/4297 3952/4296 2969/4524
f 3980/4294 4085/3899 3877/4289
f 4042/3250 4084/4291 3487/4525
f 4084/4291 3989/4290 3194/4523
f 3969/4144 4083/3902 3876/4285
f 4031/4075 4082/4287 3761/3897
f 4082/4287 3990/4286 3339/4299
f 2963/4526 4039/4279 3948/3538
f 4036/4216 4004/3521 3041/3277
f 3081/4529 3973/4254 3964/4240
f 3345/4236 4053/4249 4080/4247
f 3785/3971 4080/4247 3950/3887
f 3867/4250 4079/3969 4012/4246
f 3282/3933 4054/4239 4078/4243
f 3587/3383 4078/4243 3939/3432
f 3866/4245 4077/3972 4001/4242
f 3082/3532 3964/4240 4076/4237
f 3651/3935 4076/4237 4054/4239
f 3865/4241 4075/3974 3992/3970
f 3050/3495 3971/4214 4036/4216
f 3351/4188 4055/4204 4072/4201
f 3807/4030 4072/4201 3951/4203
f 3854/4205 4071/4028 4013/4200
f 3214/4530 4056/4191 4070/4195
f 3616/4531 4070/4195 3960/4197
f 3853/4198 4069/4031 4022/4194
f 3036/3446 3970/3448 4068/4189
f 3525/4533 4068/4189 4056/4191
f 3852/4192 4067/4034 3994/4029
f 3612/4534 4066/4179 4065/4044
f 4038/3508 3945/4178 2932/3530
f 3354/4140 4057/4156 4064/4153
f 3819/4073 4064/4153 3937/4155
f 3846/4157 4063/4071 3999/4152
f 3191/3909 4058/4143 4062/4148
f 3438/3910 4062/4148 3953/4150
f 3845/4151 4061/4074 4015/4147
f 2972/3413 3969/4144 4060/4141
f 3485/3414 4060/4141 4058/4143
f 3844/4145 4059/4077 3996/4072
f 3602/4288 4031/4075 4059/4077
f 3818/4142 3996/4072 4061/4074
f 3817/4500 3995/4069 4063/4071
f 3659/4536 3976/4047 4007/3723
f 3606/4454 4032/4032 4067/4034
f 3806/4190 3994/4029 4069/4031
f 3805/4493 3993/4026 4071/4028
f 3607/4537 4033/4014 3974/3952
f 3563/4255 4026/3956 4075/3974
f 3784/4238 3992/3970 4077/3972
f 3783/4483 3991/3967 4079/3969
f 3612/4534 4035/4181 4026/3956
f 3974/3952 3942/3951 3449/4538
f 3660/4539 3977/3912 4010/3914
f 4083/3902 4052/3901 3763/4462
f 4085/3899 4051/3898 3762/4298
f 4087/3896 4014/3828 3489/4325
f 3380/4269 3936/3885 3950/3887
f 3981/3863 3941/3762 3434/4540
f 4094/3818 3947/3817 3469/4435
f 3523/4541 3959/3447 4095/3815
f 3434/4540 3941/3762 4097/3764
f 3682/4355 3988/3758 4099/3760
f 3978/3742 3935/3741 3360/4465
f 3671/4542 3983/3734 4024/3736
f 3464/4177 4007/3723 3958/3725
f 3461/4380 3465/4397 4008/3654
f 3595/4543 4027/3652 4008/3654
f 3503/4400 3508/4399 3957/3604
f 4030/3629 4011/3628 3473/4436
f 4102/3614 4048/3613 3680/4331
f 4104/3611 4047/3610 3679/4427
f 3681/4336 3987/3606 4105/3608
f 4108/3605 3957/3604 3508/4399
f 4041/3558 4018/3557 3503/4400
f 3473/4436 3469/4435 3947/3817
f 3967/3539 3948/3538 3471/4280
f 3972/3522 4004/3521 3449/4538
f 3413/4498 4000/3298 3944/3514
f 3659/4536 4038/3508 4005/3473
f 3513/4449 3452/4444 4005/3473
f 3970/3448 3959/3447 3523/4541
f 3430/4473 3940/3431 3939/3432
f 4111/3424 4016/3423 3491/4544
f 3596/4545 3966/3410 3997/3412
f 3963/3333 3962/3369 3533/4373
f 3675/4185 4046/3364 4037/3357
f 3634/4479 4037/3357 4114/3358
f 4044/3334 3963/3333 3540/4475
f 3669/4315 4043/3319 4116/3321
f 3965/3296 4000/3298 3413/4498
f 3665/4292 4042/3250 4119/3252
o LeftBoot
v 3.6875 24.24 -4.5
v 0.3125 24.24 -4.5
v 4.25 24.24 -2.25
v -0.25 24.24 -2.25
v 4.25 24.24 2.25
v -0.25 24.24 2.25
v 3.125 24.24 3.375
v 0.875 24.24 3.375
v 3.6875 22.68 -4.5
v 0.3125 22.68 -4.5
v 4.25 21.64 -2.25
v -0.25 21.64 -2.25
v 3.125 22.68 3.375
v 0.875 22.68 3.375
v 4.25 21.64 2.25
v -0.25 21.64 2.25
v 1.7188 24.24 -4.5
v 1.7188 22.68 -4.5
v 1.1562 24.24 -4.5
v 1.1562 22.68 -4.5
v 1.7188 24.24 -5.0625
v 1.7188 22.68 -5.0625
v 1.1562 24.24 -5.0625
v 1.1562 22.68 -5.0625
v 2.8438 24.24 -4.5
v 2.8438 22.68 -4.5
v 2.2812 24.24 -4.5
v 2.2812 22.68 -4.5
v 2.8438 24.24 -5.0625
v 2.8438 22.68 -5.0625
v 2.2812 24.24 -5.0625
v 2.2812 22.68 -5.0625
v 4.25 23.2 1.125
v 4.25 19.04 1.125
v 4.25 23.2 -2.25
v 4.25 21.12 -2.25
v 5.375 23.2 -2.25
v 5.375 23.2 1.125
v 5.375 19.04 1.125
v 5.375 21.12 -2.25
v 3.6875 24.344 -3.9375
v 0.3125 24.344 -3.9375
v 3.6875 24.344 0.5625
v 0.3125 24.344 0.5625
v 2 24.24 -4.5
v 3.9688 24.24 -3.375
v -0.25 24.24 -0
v 2 24.24 -2.25
v 0.3125 24.24 2.8125
v 2.5625 24.24 2.8125
v 2 24.24 2.25
v 3.6875 23.46 -4.5
v 2 22.68 -4.5
v 0.0312 22.16 -3.375
v 0.875 23.46 3.375
v 2 24.24 3.375
v 4.25 21.64 -0
v 2 21.64 -2.25
v 2 22.68 3.375
v 3.6875 22.16 2.8125
v 4.25 22.94 2.25
v 4.25 24.24 -0
v 4.25 22.94 -2.25
v -0.25 22.94 -2.25
v -0.25 22.94 2.25
v 2.8438 23.46 -5.0625
v 1.7188 23.46 -5.0625
v 1.7188 23.46 -4.5
v 1.1562 23.46 -4.5
v 2.8438 23.46 -4.5
v 2.2812 23.46 -4.5
v 5.375 23.2 -0.5625
v 5.375 22.16 -2.25
v 4.25 20.08 -0.5625
v 4.25 23.2 -0.5625
v 4.25 22.16 -2.25
v 4.25 21.12 1.125
v 0.3125 24.344 -1.6875
v 2 24.344 -3.9375
v 0.0312 24.24 -3.375
v 3.6875 24.24 2.8125
v 0.3125 23.46 -4.5
v 3.9688 22.16 -3.375
v 3.125 23.46 3.375
v 2 21.64 2.25
v -0.25 21.64 -0
v 0.3125 22.16 2.8125
v 2.2812 23.46 -5.0625
v 1.1562 23.46 -5.0625
v 5.375 21.12 1.125
v 5.375 20.08 -0.5625
v 2 24.344 0.5625
v 3.6875 24.344 -1.6875
v 2 24.344 -1.6875
v 2 23.46 3.375
v 2 23.46 -4.5
v -0.25 22.94 -0
v 3.6875 23.2 2.8125
v 4.25 22.94 -0
v 2 21.64 -0
v 3.9688 23.2 -3.375
v 2 22.16 2.8125
v 2 24.24 -0
v 2 22.16 -3.375
v 0.0312 23.2 -3.375
v 0.3125 23.2 2.8125
v 2 24.24 -3.375
v 5.375 21.64 -0.5625
v 1.1562 24.24 -4.5
v -0.25 24.24 1.125
v 0.875 24.24 -2.25
v 1.7188 24.24 3.0937
v 0.875 24.24 2.25
v 4.25 21.64 -1.125
v 1.1562 22.68 -4.5
v 3.4062 24.24 2.5312
v 4.25 21.64 1.125
v 0.875 21.64 -2.25
v 2.8438 24.24 -4.5
v -0.25 24.24 -1.125
v 4.25 24.24 1.125
v 3.125 24.24 2.25
v 4.25 24.24 -1.125
v 2.8438 22.68 -4.5
v 5.375 23.2 -1.4063
v 5.375 23.2 0.2812
v 3.125 24.24 -2.25
v 4.25 20.6 -1.4063
v 4.25 23.2 -1.4063
v 3.125 21.64 -2.25
v 4.25 20.08 1.125
v 0.3125 24.344 -0.5625
v 1.1562 24.344 -3.9375
v 0.875 21.64 2.25
v -0.25 21.64 1.125
v 5.375 20.08 1.125
v 5.375 20.6 -1.4063
v 1.1562 24.344 0.5625
v 3.6875 24.344 -0.5625
v 4.25 19.56 0.2812
v 4.25 23.2 0.2812
v 4.25 22.16 1.125
v 0.3125 24.344 -2.8125
v 2.8438 24.344 -3.9375
v 3.125 21.64 2.25
v -0.25 21.64 -1.125
v 5.375 22.16 1.125
v 5.375 19.56 0.2812
v 2.8438 24.344 0.5625
v 3.6875 24.344 -2.8125
v 2 24.344 -2.8125
v 2 24.344 -0.5625
v 1.1562 24.344 -1.6875
v 2.8438 24.344 -1.6875
v 2.8438 24.24 3.0937
v 2.8438 23.46 -4.5
v 1.1562 23.46 -4.5
v -0.25 22.94 1.125
v -0.25 22.94 -1.125
v 4.25 22.94 -1.125
v 4.25 22.94 1.125
v 2 21.64 -1.125
v 2 21.64 1.125
v 3.125 21.64 -0
v 0.875 21.64 -0
v 2.8438 22.16 2.8125
v 1.1562 22.16 2.8125
v 2 24.24 -1.125
v 2 24.24 1.125
v 0.875 24.24 -0
v 3.125 24.24 -0
v 1.0156 22.16 -3.375
v 2.9844 22.16 -3.375
v 2.9844 24.24 -3.375
v 1.0156 24.24 -3.375
v 1.1562 24.24 2.5312
v 1.4375 24.24 2.8125
v 5.375 21.9 -1.4063
v 5.375 21.38 0.2812
v 5.375 22.42 -0.5625
v 5.375 20.86 -0.5625
v 5.375 20.47 0.2812
v 5.375 22.29 0.2812
v 3.125 24.24 1.125
v 0.875 24.24 1.125
v 0.875 24.24 -1.125
v 2.8438 24.344 -2.8125
v 0.875 21.64 1.125
v 3.125 21.64 -1.125
v 2.8438 24.344 -0.5625
v 1.1562 24.344 -0.5625
v 3.125 21.64 1.125
v 0.875 21.64 -1.125
v 3.125 24.24 -1.125
v 1.1562 24.344 -2.8125
vt 0.5636 0.1613
vt 0.5636 0.1855
vt 0.5364 0.1532
vt 0.5455 0.0403
vt 0.5273 0.0645
vt 0.5273 0.0403
vt 0.4091 0.2661
vt 0.3818 0.2581
vt 0.4182 0.2581
vt 0.6182 0.1452
vt 0.6545 0.1129
vt 0.6545 0.1452
vt 0.3636 0.1129
vt 0.3364 0.0806
vt 0.3682 0.0806
vt 0.5091 0.25
vt 0.4727 0.2742
vt 0.4727 0.25
vt 0.4909 0.0645
vt 0.5091 0.0806
vt 0.4909 0.0806
vt 0.8364 0.4194
vt 0.7545 0.5161
vt 0.7545 0.4194
vt 0.1091 0.2903
vt 0.1273 0.2742
vt 0.1273 0.2984
vt 0.4727 0.1452
vt 0.5091 0.1774
vt 0.4727 0.1774
vt 0.0364 0.0806
vt 0.0545 0.0484
vt 0.0727 0.0806
vt 0.1273 0.1129
vt 0.1 0.0806
vt 0.1318 0.0806
vt 0.3273 0.1452
vt 0.3636 0.1452
vt 0.2 0.2419
vt 0.2182 0.2581
vt 0.1909 0.2581
vt 0.5636 0.0403
vt 0.5818 0.0161
vt 0.5818 0.0403
vt 0.2909 0.0806
vt 0.2727 0.0484
vt 0.3 0.0484
vt 0.5455 0.0161
vt 0.0909 0.1452
vt 0.1273 0.1452
vt 0.5455 0.0645
vt 0.5636 0.0806
vt 0.5455 0.0806
vt 0.5364 0.1129
vt 0.5364 0.0806
vt 0.4909 0.0403
vt 0.4727 0.0645
vt 0.4727 0.0403
vt 0.5091 0.0161
vt 0.4909 0
vt 0.5091 0
vt 0.5091 0.0403
vt 0.5273 0.0161
vt 0.2364 0.1452
vt 0.2818 0.1129
vt 0.2818 0.1452
vt 0.2182 0.2903
vt 0.2 0.2742
vt 0.4909 0.0161
vt 0.0909 0.2097
vt 0.0455 0.2419
vt 0.0455 0.2097
vt 0.1091 0.0242
vt 0.1364 0
vt 0.1364 0.0242
vt 0.2 0.2984
vt 0.1636 0.3226
vt 0.1636 0.2984
vt 0.5636 0.0161
vt 0.5455 0
vt 0.5636 0
vt 0.3636 0.2742
vt 0.3727 0.2661
vt 0.4 0.2742
vt 0.2364 0.3226
vt 0.2364 0.2823
vt 0.4364 0.2742
vt 0.0455 0.1452
vt 0 0.1774
vt 0 0.1452
vt 0.1273 0.3226
vt 0.1091 0.0484
vt 0.1364 0.0484
vt 0.1636 0.2097
vt 0.2 0.1774
vt 0.2 0.2097
vt 0.8364 0.2258
vt 0.7545 0.3226
vt 0.7545 0.2258
vt 0.3455 0.2581
vt 0.3545 0.25
vt 0.5091 0.0645
vt 0.1636 0.2742
vt 0.2182 0.3226
vt 1 0.2258
vt 0.9182 0.3226
vt 0.9182 0.2258
vt 0.5909 0.1129
vt 0.5636 0.0806
vt 0.5909 0.0806
vt 0.1636 0.0242
vt 0.1909 0
vt 0.1909 0.0242
vt 0.1636 0.1452
vt 0.2 0.1129
vt 0.2 0.1452
vt 0.1273 0.1774
vt 0.1273 0.2097
vt 0.2818 0.2097
vt 0.3273 0.1774
vt 0.3273 0.2097
vt 0.2364 0.2097
vt 0.2818 0.1774
vt 0.4727 0.0161
vt 0.5636 0.0645
vt 0.2364 0.2419
vt 0.1636 0.0484
vt 0.1909 0.0484
vt 0.3273 0.1129
vt 0.0455 0.1774
vt 0 0.2419
vt 0 0.2097
vt 0.3273 0.0806
vt 0.3273 0.0484
vt 1 0.4194
vt 0.9182 0.5161
vt 0.9182 0.4194
vt 0.2545 0.0806
vt 0.5818 0.0645
vt 0.1364 0.2581
vt 0.1636 0.2581
vt 0.1636 0.2419
vt 0.4 0.1452
vt 0.4364 0.1129
vt 0.4364 0.1452
vt 0.4 0.2097
vt 0.4364 0.1774
vt 0.4364 0.2097
vt 0.3636 0.1774
vt 0.3636 0.2097
vt 0.1636 0.0806
vt 0.1955 0.0806
vt 0.1636 0.1129
vt 0.0455 0.1129
vt 0.0909 0.1129
vt 0 0.1129
vt 0 0.0806
vt 0.0273 0.0484
vt 0.4727 0.1129
vt 0.5091 0.1452
vt 0.1091 0.3226
vt 0.0909 0.3226
vt 0.0909 0.2823
vt 0.1091 0.2581
vt 0.5091 0.2016
vt 0.4727 0.2258
vt 0.4727 0.2016
vt 0.3455 0.0484
vt 0.3727 0.0484
vt 0.4273 0.0484
vt 0.4 0.0806
vt 0.4 0.0484
vt 0.4318 0.0806
vt 0.4 0.1129
vt 0.6182 0.2097
vt 0.6545 0.1774
vt 0.6545 0.2097
vt 0.4273 0.25
vt 0.4 0.2419
vt 0.4364 0.2419
vt 0.3273 0.2419
vt 0.3636 0.2419
vt 0.5636 0.1129
vt 0.5636 0.1371
vt 0.5909 0.1411
vt 0.5909 0.1976
vt 0.5636 0.2097
vt 0.5909 0.1694
vt 0.6182 0.1774
vt 0.5909 0.2258
vt 0.6182 0.1129
vt 0.5091 0.1129
vt 0.4545 0.2581
vt 0.4727 0.2419
vt 0.6545 0.2419
vt 0.4636 0.0806
vt 0.4545 0.0484
vt 0.2273 0.0806
vt 0.2182 0.0484
vt 0.4 0.1774
vt 0.4727 0.2097
vt 0.1273 0.2419
vt 0.8364 0.5161
vt 0.8364 0.3226
vt 1 0.3226
vt 0.2182 0.0242
vt 0.2818 0.2419
vt 0.1636 0.1774
vt 0.0909 0.2419
vt 0.2364 0.1129
vt 0.2364 0.1774
vt 0.2182 -0
vt 0.6182 0.0806
vt 0.9182 0.129
vt 0.8364 0.129
vt 1 0.129
vt 0.6727 0.3226
vt 0.6727 0.2258
vt 0.7545 0.129
vt 0.6727 0.129
vt 0.1636 0
vt 0.0909 0.1774
vt 0.6727 0.5161
vt 0.6727 0.4194
vt 0.5091 0.2258
vt 0.5364 0.1935
vt 0.5091 0.2742
vt 0.1091 -0
vt 0.2 0.3226
vt 1 0.5161
vt 0 0.0484
vt 0.6182 0.2419
s 1
f 4228/4570 4301/4571 4298/4572
f 4208/4573 4148/4574 4191/4575
f 4232/4576 4170/4577 4297/4578
f 4267/4579 4153/4580 4262/4581
f 4247/4582 4166/4583 4294/4584
f 4268/4585 4154/4586 4260/4587
f 4144/4588 4138/4589 4140/4590
f 4271/4591 4253/4592 4315/4593
f 4226/4594 4134/4595 4175/4596
f 4196/4597 4160/4598 4156/4599
f 4225/4600 4130/4601 4174/4602
f 4238/4603 4174/4604 4292/4605
f 4243/4606 4247/4582 4314/4607
f 4265/4608 4180/4609 4286/4610
f 4186/4611 4145/4612 4190/4613
f 4221/4614 4129/4615 4172/4616
f 4151/4617 4186/4611 4208/4573
f 4266/4618 4238/4603 4313/4619
f 4152/4620 4146/4621 4148/4622
f 4245/4623 4155/4589 4249/4624
f 4209/4625 4140/4626 4189/4627
f 4141/4628 4139/4629 4137/4630
f 4187/4631 4137/4632 4188/4575
f 4234/4633 4183/4634 4280/4635
f 4218/4636 4133/4637 4180/4609
f 4143/4638 4187/4631 4209/4625
f 4255/4639 4185/4640 4278/4641
f 4202/4642 4229/4643 4277/4644
f 4204/4645 4176/4646 4215/4647
f 4149/4648 4147/4649 4145/4650
f 4127/4651 4275/4652 4176/4653
f 4125/4654 4218/4636 4181/4655
f 4176/4653 4232/4576 4128/4656
f 4279/4657 4167/4658 4240/4659
f 4175/4596 4176/4646 4128/4660
f 4130/4661 4277/4644 4235/4662
f 4283/4663 4284/4664 4312/4665
f 4272/4666 4273/4667 4311/4668
f 4201/4669 4236/4670 4170/4577
f 4144/4588 4187/4631 4142/4671
f 4179/4672 4204/4645 4215/4647
f 4179/4672 4175/4596 4134/4595
f 4201/4673 4204/4645 4218/4636
f 4259/4674 4274/4675 4310/4676
f 4246/4677 4195/4678 4261/4679
f 4216/4680 4239/4681 4276/4682
f 4282/4683 4250/4684 4309/4685
f 4255/4639 4285/4686 4308/4687
f 4142/4671 4188/4575 4138/4574
f 4281/4688 4182/4689 4241/4690
f 4237/4691 4219/4692 4281/4688
f 4143/4638 4189/4627 4139/4693
f 4208/4573 4150/4694 4152/4620
f 4181/4655 4180/4609 4135/4695
f 4170/4577 4275/4652 4201/4669
f 4173/4696 4276/4682 4244/4697
f 4280/4635 4123/4698 4243/4606
f 4266/4618 4217/4699 4279/4657
f 4278/4641 4126/4700 4230/4701
f 4166/4702 4172/4616 4121/4703
f 4270/4704 4264/4705 4307/4706
f 4123/4698 4221/4614 4166/4702
f 4183/4634 4203/4707 4221/4614
f 4150/4694 4190/4613 4146/4708
f 4286/4610 4180/4609 4133/4637
f 4287/4709 4222/4710 4179/4672
f 4287/4709 4205/4711 4222/4710
f 4288/4712 4231/4713 4306/4714
f 4289/4715 4290/4716 4305/4717
f 4241/4690 4291/4718 4304/4719
f 4292/4605 4130/4661 4235/4662
f 4244/4697 4224/4720 4173/4696
f 4293/4721 4178/4722 4224/4720
f 4184/4723 4174/4602 4132/4724
f 4124/4725 4225/4600 4184/4723
f 4200/4726 4202/4727 4225/4600
f 4155/4728 4193/4729 4196/4597
f 4169/4730 4175/4596 4128/4660
f 4126/4731 4226/4594 4169/4730
f 4185/4732 4207/4733 4226/4594
f 4257/4734 4194/4735 4248/4736
f 4294/4584 4121/4737 4239/4738
f 4229/4739 4227/4740 4165/4741
f 4295/4742 4168/4743 4227/4740
f 4256/4744 4197/4745 4251/4746
f 4296/4747 4171/4748 4233/4749
f 4297/4578 4171/4748 4296/4747
f 4236/4670 4125/4750 4242/4751
f 4151/4617 4191/4575 4147/4632
f 4192/4752 4300/4753 4245/4623
f 4303/4754 4228/4570 4300/4753
f 4302/4755 4211/4756 4301/4571
f 4299/4757 4301/4571 4228/4570
f 4210/4758 4302/4755 4299/4757
f 4256/4744 4268/4759 4302/4755
f 4246/4677 4300/4753 4192/4752
f 4158/4760 4303/4754 4246/4677
f 4267/4579 4299/4757 4303/4754
f 4245/4623 4300/4753 4298/4572
f 4300/4753 4228/4570 4298/4572
f 4245/4623 4193/4729 4157/4761
f 4170/4577 4242/4751 4171/4748
f 4169/4762 4297/4578 4296/4747
f 4169/4762 4233/4749 4126/4763
f 4154/4764 4256/4744 4251/4746
f 4200/4765 4231/4713 4295/4742
f 4122/4766 4295/4742 4229/4739
f 4227/4740 4239/4738 4165/4741
f 4160/4598 4248/4736 4156/4599
f 4203/4767 4250/4684 4293/4721
f 4129/4768 4293/4721 4244/4697
f 4224/4720 4235/4662 4173/4696
f 4304/4719 4223/4769 4289/4715
f 4242/4751 4289/4715 4171/4748
f 4125/4750 4304/4719 4242/4751
f 4305/4717 4167/4599 4230/4770
f 4233/4749 4230/4770 4126/4763
f 4171/4748 4305/4717 4233/4749
f 4306/4714 4124/4728 4240/4597
f 4290/4716 4240/4597 4167/4599
f 4223/4769 4306/4714 4290/4716
f 4207/4733 4254/4771 4287/4709
f 4307/4706 4199/4772 4271/4591
f 4274/4675 4271/4591 4214/4773
f 4213/4774 4307/4706 4274/4675
f 4217/4699 4230/4701 4167/4658
f 4132/4724 4279/4657 4184/4723
f 4219/4692 4243/4606 4182/4689
f 4244/4697 4172/4775 4129/4768
f 4135/4695 4281/4688 4181/4776
f 4181/4776 4241/4690 4125/4750
f 4308/4687 4220/4777 4283/4663
f 4254/4771 4283/4663 4205/4711
f 4136/4778 4308/4687 4254/4771
f 4309/4685 4131/4779 4234/4633
f 4284/4664 4234/4633 4177/4780
f 4220/4777 4309/4685 4284/4664
f 4276/4682 4121/4781 4172/4775
f 4158/4760 4261/4679 4153/4782
f 4310/4676 4214/4773 4272/4666
f 4269/4783 4272/4666 4212/4784
f 4163/4785 4310/4676 4269/4783
f 4311/4668 4198/4786 4252/4787
f 4258/4788 4252/4787 4164/4789
f 4212/4784 4311/4668 4258/4788
f 4312/4665 4177/4780 4237/4691
f 4265/4608 4237/4691 4135/4695
f 4205/4711 4312/4665 4265/4608
f 4235/4662 4216/4680 4173/4696
f 4184/4723 4240/4659 4124/4725
f 4277/4644 4165/4790 4216/4680
f 4206/4791 4278/4641 4217/4699
f 4177/4780 4280/4635 4219/4692
f 4192/4752 4249/4624 4195/4678
f 4313/4619 4178/4722 4282/4683
f 4285/4686 4282/4683 4220/4777
f 4285/4686 4266/4618 4313/4619
f 4205/4711 4286/4610 4222/4710
f 4314/4607 4168/4743 4288/4712
f 4291/4718 4288/4712 4223/4769
f 4182/4689 4314/4607 4291/4718
f 4178/4722 4292/4605 4224/4720
f 4315/4593 4162/4792 4263/4793
f 4273/4667 4263/4793 4198/4786
f 4214/4773 4315/4593 4273/4667
f 4211/4794 4260/4587 4194/4735
f 4168/4743 4294/4584 4227/4740
f 4210/4758 4262/4581 4197/4745
f 4128/4656 4297/4578 4169/4762
f 4298/4572 4301/4571 4257/4795
f 4301/4571 4211/4756 4257/4795
f 4298/4572 4160/4598 4193/4729
f 4208/4573 4152/4620 4148/4574
f 4267/4579 4158/4760 4153/4580
f 4247/4582 4123/4698 4166/4583
f 4268/4585 4159/4796 4154/4586
f 4144/4588 4142/4671 4138/4589
f 4271/4591 4199/4772 4253/4592
f 4226/4594 4207/4733 4134/4595
f 4196/4597 4193/4729 4160/4598
f 4225/4600 4202/4727 4130/4601
f 4238/4603 4132/4724 4174/4604
f 4243/4606 4123/4698 4247/4582
f 4265/4608 4135/4695 4180/4609
f 4186/4611 4149/4648 4145/4612
f 4221/4614 4203/4707 4129/4615
f 4151/4617 4149/4648 4186/4611
f 4266/4618 4132/4724 4238/4603
f 4152/4620 4150/4694 4146/4621
f 4245/4623 4157/4761 4155/4589
f 4209/4625 4144/4588 4140/4626
f 4141/4628 4143/4638 4139/4629
f 4187/4631 4141/4628 4137/4632
f 4234/4633 4131/4779 4183/4634
f 4218/4636 4204/4645 4133/4637
f 4143/4638 4141/4628 4187/4631
f 4255/4639 4136/4778 4185/4640
f 4202/4642 4122/4797 4229/4643
f 4204/4645 4127/4798 4176/4646
f 4149/4648 4151/4617 4147/4649
f 4127/4651 4201/4669 4275/4652
f 4125/4654 4201/4673 4218/4636
f 4176/4653 4170/4577 4232/4576
f 4279/4657 4217/4699 4167/4658
f 4175/4596 4215/4647 4176/4646
f 4130/4661 4202/4642 4277/4644
f 4283/4663 4220/4777 4284/4664
f 4272/4666 4214/4773 4273/4667
f 4201/4669 4125/4750 4236/4670
f 4144/4588 4209/4625 4187/4631
f 4179/4672 4133/4637 4204/4645
f 4179/4672 4215/4647 4175/4596
f 4201/4673 4127/4798 4204/4645
f 4259/4674 4213/4774 4274/4675
f 4246/4677 4192/4752 4195/4678
f 4216/4680 4165/4790 4239/4681
f 4282/4683 4178/4722 4250/4684
f 4255/4639 4206/4791 4285/4686
f 4142/4671 4187/4631 4188/4575
f 4281/4688 4219/4692 4182/4689
f 4237/4691 4177/4780 4219/4692
f 4143/4638 4209/4625 4189/4627
f 4208/4573 4186/4611 4150/4694
f 4181/4655 4218/4636 4180/4609
f 4170/4577 4176/4653 4275/4652
f 4173/4696 4216/4680 4276/4682
f 4280/4635 4183/4634 4123/4698
f 4266/4618 4206/4791 4217/4699
f 4278/4641 4185/4640 4126/4700
f 4166/4702 4221/4614 4172/4616
f 4270/4704 4161/4799 4264/4705
f 4123/4698 4183/4634 4221/4614
f 4183/4634 4131/4779 4203/4707
f 4150/4694 4186/4611 4190/4613
f 4133/4637 4179/4672 4286/4610
f 4179/4672 4222/4710 4286/4610
f 4179/4672 4134/4595 4287/4709
f 4134/4595 4207/4733 4287/4709
f 4287/4709 4254/4771 4205/4711
f 4288/4712 4168/4743 4231/4713
f 4289/4715 4223/4769 4290/4716
f 4241/4690 4182/4689 4291/4718
f 4292/4605 4174/4604 4130/4661
f 4244/4697 4293/4721 4224/4720
f 4293/4721 4250/4684 4178/4722
f 4184/4723 4225/4600 4174/4602
f 4124/4725 4200/4726 4225/4600
f 4200/4726 4122/4800 4202/4727
f 4155/4728 4157/4761 4193/4729
f 4169/4730 4226/4594 4175/4596
f 4126/4731 4185/4732 4226/4594
f 4185/4732 4136/4778 4207/4733
f 4257/4734 4211/4794 4194/4735
f 4294/4584 4166/4583 4121/4737
f 4229/4739 4295/4742 4227/4740
f 4295/4742 4231/4713 4168/4743
f 4256/4744 4210/4758 4197/4745
f 4297/4578 4170/4577 4171/4748
f 4151/4617 4208/4573 4191/4575
f 4303/4754 4299/4757 4228/4570
f 4302/4755 4268/4759 4211/4756
f 4299/4757 4302/4755 4301/4571
f 4210/4758 4256/4744 4302/4755
f 4256/4744 4159/4801 4268/4759
f 4246/4677 4303/4754 4300/4753
f 4158/4760 4267/4579 4303/4754
f 4267/4579 4210/4758 4299/4757
f 4245/4623 4298/4572 4193/4729
f 4170/4577 4236/4670 4242/4751
f 4169/4762 4296/4747 4233/4749
f 4154/4764 4159/4801 4256/4744
f 4200/4765 4124/4728 4231/4713
f 4122/4766 4200/4765 4295/4742
f 4227/4740 4294/4584 4239/4738
f 4160/4598 4257/4734 4248/4736
f 4203/4767 4131/4779 4250/4684
f 4129/4768 4203/4767 4293/4721
f 4224/4720 4292/4605 4235/4662
f 4304/4719 4291/4718 4223/4769
f 4242/4751 4304/4719 4289/4715
f 4125/4750 4241/4690 4304/4719
f 4305/4717 4290/4716 4167/4599
f 4233/4749 4305/4717 4230/4770
f 4171/4748 4289/4715 4305/4717
f 4306/4714 4231/4713 4124/4728
f 4290/4716 4306/4714 4240/4597
f 4223/4769 4288/4712 4306/4714
f 4207/4733 4136/4778 4254/4771
f 4307/4706 4264/4705 4199/4772
f 4274/4675 4307/4706 4271/4591
f 4213/4774 4270/4704 4307/4706
f 4217/4699 4278/4641 4230/4701
f 4132/4724 4266/4618 4279/4657
f 4219/4692 4280/4635 4243/4606
f 4244/4697 4276/4682 4172/4775
f 4135/4695 4237/4691 4281/4688
f 4181/4776 4281/4688 4241/4690
f 4308/4687 4285/4686 4220/4777
f 4254/4771 4308/4687 4283/4663
f 4136/4778 4255/4639 4308/4687
f 4309/4685 4250/4684 4131/4779
f 4284/4664 4309/4685 4234/4633
f 4220/4777 4282/4683 4309/4685
f 4276/4682 4239/4681 4121/4781
f 4158/4760 4246/4677 4261/4679
f 4310/4676 4274/4675 4214/4773
f 4269/4783 4310/4676 4272/4666
f 4163/4785 4259/4674 4310/4676
f 4311/4668 4273/4667 4198/4786
f 4258/4788 4311/4668 4252/4787
f 4212/4784 4272/4666 4311/4668
f 4312/4665 4284/4664 4177/4780
f 4265/4608 4312/4665 4237/4691
f 4205/4711 4283/4663 4312/4665
f 4235/4662 4277/4644 4216/4680
f 4184/4723 4279/4657 4240/4659
f 4277/4644 4229/4643 4165/4790
f 4206/4791 4255/4639 4278/4641
f 4177/4780 4234/4633 4280/4635
f 4192/4752 4245/4623 4249/4624
f 4313/4619 4238/4603 4178/4722
f 4285/4686 4313/4619 4282/4683
f 4285/4686 4206/4791 4266/4618
f 4205/4711 4265/4608 4286/4610
f 4314/4607 4247/4582 4168/4743
f 4291/4718 4314/4607 4288/4712
f 4182/4689 4243/4606 4314/4607
f 4178/4722 4238/4603 4292/4605
f 4315/4593 4253/4592 4162/4792
f 4273/4667 4315/4593 4263/4793
f 4214/4773 4271/4591 4315/4593
f 4211/4794 4268/4585 4260/4587
f 4168/4743 4247/4582 4294/4584
f 4210/4758 4267/4579 4262/4581
f 4128/4656 4232/4576 4297/4578
f 4298/4572 4257/4795 4160/4598
o LeftLeg
v 4.25 15.92 2.25
v -0.25 15.92 2.25
v 4.25 15.92 -2.25
v -0.25 15.92 -2.25
v 4.25 11.76 2.25
v -0.25 11.76 2.25
v 4.25 11.76 -2.25
v -0.25 11.76 -2.25
v 4.8125 22.16 -2.8125
v 4.8125 22.16 1.6875
v 3.6875 21.12 2.8125
v -0.8125 22.16 -2.8125
v -0.8125 22.16 1.6875
v 0.3125 21.12 2.8125
v 4.8125 21.12 -2.8125
v -0.8125 21.12 -2.8125
v 3.6875 20.6 -2.8125
v 0.3125 20.6 -2.8125
v 3.6875 15.92 -2.8125
v 0.3125 15.92 -2.8125
v 4.8125 20.6 -1.6875
v 4.8125 15.92 -1.6875
v -0.8125 20.6 -1.6875
v -0.8125 15.92 -1.6875
v 3.6875 15.92 2.8125
v 0.3125 15.92 2.8125
v 4.8125 15.92 1.6875
v -0.8125 15.92 1.6875
v 3.125 15.92 -3.375
v 0.875 15.92 -3.375
v 3.125 18 -3.375
v 0.875 18 -3.375
v 3.125 18.52 -2.8125
v 0.875 18.52 -2.8125
v 3.6875 15.92 -2.8125
v 3.6875 18 -2.8125
v 0.3125 15.92 -2.8125
v 0.3125 18 -2.8125
v 3.125 15.4 -2.8125
v 0.875 15.4 -2.8125
v 3.6875 15.92 -2.25
v 0.3125 15.92 -2.25
v 3.125 15.4 -2.25
v 0.875 15.4 -2.25
v 3.125 14.88 -2.8125
v 0.875 14.88 -2.8125
v 3.125 14.88 -2.25
v 0.875 14.88 -2.25
v 3.6875 15.4 -2.8125
v 0.3125 15.4 -2.8125
v 4.8125 15.4 -1.6875
v -0.8125 15.4 -1.6875
v 3.6875 14.36 2.25
v 0.3125 14.36 2.25
v 4.8125 15.4 1.6875
v -0.8125 15.4 1.6875
v 3.6875 14.36 -2.8125
v 0.3125 14.36 -2.8125
v -0.8125 13.84 1.6875
v 0.3125 13.32 2.8125
v 3.6875 12.28 -2.8125
v 4.8125 11.76 -1.6875
v 3.6875 12.28 2.8125
v 4.8125 11.76 1.6875
v 3.6875 15.4 -2.25
v 0.3125 15.4 -2.25
v 4.25 15.4 -2.25
v -0.25 15.4 -2.25
v 4.25 15.4 2.25
v -0.25 15.4 2.25
v -0.8125 13.84 -1.6875
v 0.3125 13.32 -2.8125
v 3.6875 14.36 -2.25
v 0.3125 14.36 -2.25
v 3.6875 15.4 2.25
v 0.3125 15.4 2.25
v 0.3125 14.36 2.8125
v 3.6875 14.36 2.8125
v 0.3125 15.4 2.8125
v 3.6875 15.4 2.8125
v 2 11.76 2.25
v 4.25 11.76 -0
v -0.25 13.84 -2.25
v 2 11.76 -2.25
v 2 15.92 2.25
v 4.25 13.84 2.25
v -0.25 15.92 -0
v -0.25 13.84 2.25
v 4.25 15.92 -0
v 4.25 13.84 -2.25
v 2 22.16 1.6875
v 4.25 21.64 2.25
v 2 22.16 -2.8125
v 4.8125 22.16 -0.5625
v 3.6875 18.26 -2.8125
v 2 20.6 -2.8125
v 4.5312 15.92 -0.2813
v 4.25 20.6 -2.25
v 0.0312 18.52 2.5312
v 4.8125 21.38 -0
v 4.8125 21.38 -2.25
v 2 15.92 -2.25
v 1.7187 15.92 -2.5313
v -0.25 20.6 -2.25
v 2.2812 15.92 2.5312
v -0.5313 15.92 -0.2813
v 2 21.12 2.8125
v 3.6875 18.52 2.8125
v -0.8125 21.38 -0
v -0.8125 19.04 1.6875
v 4.25 21.38 -2.8125
v 4.5312 18.26 -1.9688
v 4.8125 18.26 -1.6875
v 2 15.92 -3.375
v 3.125 16.96 -3.375
v 2 18.52 -2.8125
v 0.875 16.96 -3.375
v 2 14.88 -2.8125
v -0.8125 14.62 -1.6875
v -0.8125 15.4 -0
v 3.6875 13.32 2.8125
v 4.25 12.02 2.25
v 2 12.8 2.8125
v 3.6875 12.28 -0
v 2 14.36 2.8125
v 4.8125 11.76 -0
v 4.25 12.02 -0.5625
v 4.25 12.02 -2.25
v 4.5312 15.4 -0.2813
v 4.8125 15.4 -0
v -0.8125 13.84 -0
v -0.25 13.58 0.5625
v -0.25 13.58 2.25
v -0.25 14.1 2.25
v -0.5313 15.4 -0.2813
v 2 14.36 -2.8125
v 4.8125 13.58 1.6875
v 2 12.8 -2.8125
v 3.6875 13.32 -2.8125
v -0.5313 18.26 -1.9688
v -0.8125 18.26 -1.6875
v 3.9687 18.52 2.5312
v -0.25 11.76 -0
v -0.25 21.64 2.25
v -0.8125 22.16 -0.5625
v 2 15.92 -2.8125
v 0.3125 18.26 -2.8125
v 4.8125 15.92 -0
v 0.3125 18.52 2.8125
v 4.8125 19.04 1.6875
v 2 15.92 2.8125
v -0.8125 15.92 -0
v -0.8125 21.38 -2.25
v -0.25 21.38 -2.8125
v 2 18 -3.375
v 3.6875 16.96 -2.8125
v 0.3125 16.96 -2.8125
v 2 15.4 -2.8125
v 2 14.88 -2.25
v -0.8125 14.62 1.6875
v 4.25 14.88 2.25
v -0.25 14.1 -2.25
v -0.25 13.58 -2.25
v 0.3125 13.32 -0
v 4.25 14.88 -2.25
v 4.8125 13.58 -1.6875
v 4.25 15.4 -0
v -0.25 15.4 -0
v 2 14.36 -2.25
v 2 14.36 2.25
v 4.25 13.45 2.25
v -0.8125 18.65 -0
v 2 11.76 -0
v -0.25 13.84 -0
v 4.8125 18.65 -0
v 4.25 13.45 -2.25
v 2 21.38 -2.8125
v 2 13.84 -2.25
v 2 18.26 -2.8125
v 4.25 13.84 -0
v 4.8125 13.58 -0
v 2 16.96 -3.375
v 2 13.84 2.25
v 2 22.16 -0.5625
v 2 18.52 2.8125
v 2 21.64 2.25
v 2 12.8 -0
v -0.8125 14.62 -0
v 0.875 11.76 2.25
v 4.25 11.76 -1.125
v -0.25 12.8 -2.25
v 0.875 11.76 -2.25
v 0.875 15.92 2.25
v 4.25 12.8 2.25
v -0.25 15.92 -1.125
v -0.25 12.8 2.25
v 4.25 15.92 -1.125
v -0.3906 15.92 -1.2656
v 4.25 12.8 -2.25
v 0.5937 22.16 1.6875
v 3.125 11.76 2.25
v 0.5937 22.16 -2.8125
v -0.8125 21.77 0.8437
v 4.8125 22.16 0.5625
v 3.6875 17.09 -2.8125
v 3.125 15.92 -2.25
v 1.1562 20.6 -2.8125
v 4.6719 15.92 0.7031
v -0.25 14.88 2.25
v 0.1719 19.82 2.6719
v 4.8125 20.99 -0.8438
v 0.875 15.92 -2.25
v 2.7031 15.92 -2.6719
v 1.2969 15.92 2.6719
v -0.6719 15.92 0.7031
v 1.1562 21.12 2.8125
v 4.8125 21.77 0.8437
v 3.6875 17.22 2.8125
v -0.8125 20.99 -0.8438
v 4.25 15.92 1.125
v -0.8125 17.48 1.6875
v 4.25 11.76 1.125
v 4.6719 19.43 -1.8281
v 4.8125 17.09 -1.6875
v 4.3906 15.92 -1.2656
v 2.8437 20.6 -2.8125
v 3.6875 19.43 -2.8125
v -0.1094 17.22 2.3906
v -0.8125 20.6 1.6875
v 4.3906 17.09 -2.1094
v 2.8437 21.12 2.8125
v 0.7344 15.92 -2.3906
v 3.2656 15.92 2.3906
v -0.8125 15.4 0.8437
v -0.25 14.88 -2.25
v 3.125 15.92 2.25
v 2.8437 12.54 2.8125
v 3.6875 19.82 2.8125
v 3.6875 12.28 1.4062
v 3.4062 22.16 1.6875
v 2.8437 14.36 2.8125
v 4.8125 11.76 0.8437
v 4.5312 11.89 0.5625
v 4.3906 15.4 -1.2656
v 4.8125 15.4 0.8437
v -0.8125 13.84 -0.8438
v -0.5313 13.71 -0.5625
v 4.25 14.88 2.25
v -0.3906 15.4 -1.2656
v 1.1562 14.36 -2.8125
v 4.8125 19.43 -1.6875
v 4.8125 12.67 1.6875
v 1.1562 13.06 -2.8125
v -0.8125 15.4 -0.8438
v -0.6719 19.43 -1.8281
v -0.8125 17.09 -1.6875
v 3.8281 19.82 2.6719
v -0.25 15.92 1.125
v -0.25 11.76 -1.125
v -0.8125 22.16 0.5625
v 1.1562 15.92 -2.8125
v 0.3125 17.09 -2.8125
v 4.8125 15.92 0.8437
v 0.3125 17.22 2.8125
v 4.8125 17.48 1.6875
v 4.25 14.88 -2.25
v 1.1562 15.92 2.8125
v -0.8125 15.92 0.8437
v 3.4062 22.16 -2.8125
v 0.3125 13.32 -1.4063
v 4.8125 12.67 -1.6875
v 3.125 11.76 -2.25
v 4.25 15.4 1.125
v -0.25 15.4 1.125
v 1.1562 14.36 -2.25
v 1.1562 14.36 2.25
v 4.8125 22.16 -1.6875
v 1.1562 13.06 2.8125
v 3.6875 12.28 -1.4063
v 1.1562 14.36 2.8125
v 4.8125 11.76 -0.8438
v 3.9687 12.15 -1.6875
v 4.6719 15.4 0.7031
v 4.8125 15.4 -0.8438
v -0.8125 13.84 0.8437
v 0.0312 13.45 1.6875
v -0.6719 15.4 0.7031
v 2.8437 14.36 -2.8125
v 4.8125 14.49 1.6875
v 2.8437 12.54 -2.8125
v -0.3906 17.09 -2.1094
v -0.8125 19.43 -1.6875
v 4.1094 17.22 2.3906
v -0.25 11.76 1.125
v -0.8125 22.16 -1.6875
v 2.8437 15.92 -2.8125
v 0.3125 19.43 -2.8125
v 4.8125 15.92 -0.8438
v 0.3125 19.82 2.8125
v 4.8125 20.6 1.6875
v 2.8437 15.92 2.8125
v -0.8125 15.92 -0.8438
v 0.3125 13.32 1.4062
v 4.8125 14.49 -1.6875
v 4.25 15.4 -1.125
v -0.25 15.4 -1.125
v 2.8437 14.36 -2.25
v 2.8437 14.36 2.25
v 3.9687 19.43 -2.5313
v 4.3906 19.43 -2.1094
v -0.25 13.58 -0.8438
v 0.0312 13.45 -1.125
v 4.25 12.02 0.8437
v 3.9687 12.15 1.125
v 2.8437 13.84 -2.8125
v 2.8437 13.06 -2.8125
v 2 13.58 -2.8125
v -0.8125 21.38 -1.125
v -0.8125 21.77 -1.4063
v -0.8125 18.845 0.8437
v -0.8125 18.455 -0.8438
v -0.8125 20.015 -0
v -0.8125 17.285 -0
v 2.8437 13.06 2.8125
v 2.8437 13.84 2.8125
v 2 13.58 2.8125
v 3.125 11.76 -0
v 0.875 11.76 -0
v 2 11.76 1.125
v 2 11.76 -1.125
v -0.25 13.84 1.125
v -0.25 13.84 -1.125
v -0.25 14.88 -0
v -0.25 12.8 -0
v -0.5313 13.71 1.125
v -0.25 13.58 1.4062
v 4.5312 11.89 -1.125
v 4.25 12.02 -1.4063
v 4.8125 20.015 -0
v 4.8125 17.285 -0
v 4.8125 18.845 0.8437
v 4.8125 18.455 -0.8438
v 3.125 21.38 -2.8125
v 0.875 21.38 -2.8125
v 2 12.8 -2.25
v 2 14.88 -2.25
v 0.875 13.84 -2.25
v 3.125 13.84 -2.25
v 2 19.43 -2.8125
v 2 17.09 -2.8125
v 2.8437 18.26 -2.8125
v 1.1562 18.26 -2.8125
v 4.25 13.84 -1.125
v 4.25 13.84 1.125
v 4.25 14.88 -0
v 4.25 12.8 -0
v 4.8125 14.49 -0
v 4.8125 12.67 -0
v 4.8125 13.58 0.8437
v 4.8125 13.58 -0.8438
v 3.125 13.84 2.25
v 0.875 13.84 2.25
v 2 14.88 2.25
v 2 12.8 2.25
v 3.4062 22.16 -0.5625
v 0.5937 22.16 -0.5625
v 2 22.16 -1.6875
v 2 22.16 0.5625
v 2.8437 18.52 2.8125
v 1.1562 18.52 2.8125
v 2 19.82 2.8125
v 2 17.22 2.8125
v -0.3906 19.43 -2.1094
v 0.0312 19.43 -2.5313
v 3.125 21.64 2.25
v 0.875 21.64 2.25
v -0.1094 20.08 2.3906
v -0.5313 20.34 1.9687
v 4.8125 21.38 -1.125
v 4.8125 21.77 -1.4063
v 4.5312 20.34 1.9687
v 4.1094 20.08 2.3906
v 2.8437 12.54 -0
v 1.1562 13.06 -0
v 2 12.8 1.4062
v 2 12.8 -1.4063
v -0.8125 14.62 -0.8438
v -0.8125 14.62 0.8437
v 1.1562 13.06 -1.4063
v 1.1562 13.06 1.4062
v 2.8437 12.54 1.4062
v 1.1562 17.22 2.8125
v 1.1562 19.82 2.8125
v 2.8437 19.82 2.8125
v 0.5937 22.16 0.5625
v 0.5937 22.16 -1.6875
v 3.4062 22.16 -1.6875
v 0.875 12.8 2.25
v 0.875 14.88 2.25
v 3.125 14.88 2.25
v 4.8125 12.67 -0.8438
v 4.8125 12.67 0.8437
v 4.8125 14.49 0.8437
v 4.25 12.8 1.125
v 4.25 14.88 1.125
v 4.25 14.88 -1.125
v 1.1562 17.09 -2.8125
v 2.8437 17.09 -2.8125
v 2.8437 19.43 -2.8125
v 3.125 14.88 -2.25
v 0.875 14.88 -2.25
v 0.875 12.8 -2.25
v 4.8125 17.1875 -0.8438
v 4.8125 17.3825 0.8437
v 4.8125 20.3075 0.8437
v -0.25 12.8 -1.125
v -0.25 14.88 -1.125
v -0.25 14.88 1.125
v 0.875 11.76 -1.125
v 0.875 11.76 1.125
v -0.8125 17.1875 -0.8438
v -0.8125 19.7225 -0.8438
v -0.8125 17.3825 0.8437
v -0.8125 20.3075 0.8437
v 3.125 11.76 1.125
v 3.125 11.76 -1.125
v -0.25 12.8 1.125
v 4.8125 19.7225 -0.8438
v 3.125 12.8 -2.25
v 1.1562 19.43 -2.8125
v 4.25 12.8 -1.125
v 4.8125 14.49 -0.8438
v 3.125 12.8 2.25
v 3.4062 22.16 0.5625
v 2.8437 17.22 2.8125
v 2.8437 12.54 -1.4063
v -0.8125 16.7 1.6875
v -0.8125 19.82 1.6875
v 4.8125 16.7 1.6875
v 4.8125 19.82 1.6875
v -0.1797 20.86 2.3203
v 4.1797 20.86 2.3203
v -0.8125 18.26 1.6875
v -0.8125 21.38 1.6875
v 4.8125 18.26 1.6875
v 4.8125 21.38 1.6875
v -0.0391 19.3 2.4609
v 4.0391 19.3 2.4609
vt 0.5636 0.7903
vt 0.5818 0.8226
vt 0.5636 0.8226
vt 0.7636 0.1129
vt 0.7818 0.129
vt 0.7636 0.129
vt 0.8 0.129
vt 0.7818 0.1129
vt 0.8 0.1129
vt 0.7273 0.129
vt 0.6909 0.1129
vt 0.7273 0.1129
vt 0.3273 0.8145
vt 0.3545 0.7903
vt 0.3545 0.8145
vt 0.5273 0.5645
vt 0.5227 0.5242
vt 0.5273 0.5242
vt 0.4727 0.9435
vt 0.4273 0.9677
vt 0.4273 0.9435
vt 0.7273 0.0968
vt 0.6909 0.0806
vt 0.7273 0.0806
vt 0.4909 0.6452
vt 0.4727 0.6613
vt 0.4591 0.6492
vt 0.3455 0.4839
vt 0.3273 0.5
vt 0.3091 0.5
vt 0.5 0.5081
vt 0.4909 0.5242
vt 0.4909 0.5
vt 0.4091 0.4879
vt 0.4 0.4758
vt 0.4364 0.4758
vt 0.3091 0.6452
vt 0.2909 0.6613
vt 0.2773 0.6492
vt 0.1818 0.5
vt 0.1636 0.4839
vt 0.2 0.5
vt 0.6364 0.6452
vt 0.6182 0.6613
vt 0.6045 0.6492
vt 0.1136 0.6573
vt 0.1455 0.6613
vt 0.1091 0.6613
vt 0.6727 0.0484
vt 0.6909 0.0161
vt 0.6909 0.0484
vt 0.6409 0.5242
vt 0.6477 0.5403
vt 0.6455 0.5645
vt 0.5455 0.4677
vt 0.5273 0.4839
vt 0.5091 0.4677
vt 0.3455 0.6452
vt 0.3318 0.6089
vt 0.3455 0.6089
vt 0.7273 0
vt 0.7273 0.0161
vt 0.7636 0.0484
vt 0.7818 0.0806
vt 0.7636 0.0806
vt 0.1773 0.5363
vt 0.1727 0.5726
vt 0.1682 0.5363
vt 0.7636 0.0161
vt 0.7636 -0
vt 0.7818 0.0161
vt 0.7636 0.0968
vt 0.6727 0.0161
vt 0.6909 -0
vt 0.5545 0.6452
vt 0.5273 0.6048
vt 0.5545 0.6048
vt 0.6909 0.0968
vt 0.6727 0.0806
vt 0.3 0.3226
vt 0.3455 0.3548
vt 0.3 0.3548
vt 0.0364 0.7903
vt 0 0.7581
vt 0.0364 0.7581
vt 0.7273 0.0484
vt 0.6182 0.8185
vt 0.6455 0.7903
vt 0.6455 0.8185
vt 0.2 0.5363
vt 0.2273 0.5
vt 0.2273 0.5363
vt 0.1455 0.7581
vt 0.1091 0.7903
vt 0.1091 0.7581
vt 0.1818 0.4758
vt 0.2091 0.4516
vt 0.2182 0.4758
vt 0.6 0.8508
vt 0.6 0.8065
vt 0.6909 0.129
vt 0.6727 0.1129
vt 0.4091 0.5272
vt 0.3818 0.5
vt 0.5818 0.7903
vt 0.6 0.7903
vt 0.3636 0.9919
vt 0.3818 1
vt 0.3545 1
vt 0.5636 0.7742
vt 0.6955 0.7863
vt 0.7273 0.7903
vt 0.7 0.7903
vt 0.4 0.8468
vt 0.3818 0.8387
vt 0.4091 0.8387
vt 0.4364 0.8145
vt 0.4545 0.8306
vt 0.4364 0.8387
vt 0.4227 0.7782
vt 0.4364 0.7903
vt 0.4091 0.7903
vt 0.4909 0.7903
vt 0.4727 0.7903
vt 0.4909 0.7742
vt 0.1455 0.8871
vt 0.1091 0.9194
vt 0.1091 0.8871
vt 0.6727 0.129
vt 0.6545 0.1129
vt 0.4727 0.8226
vt 0.1818 0.8871
vt 0.2091 0.8629
vt 0.2091 0.879
vt 0.5545 0.8387
vt 0.5545 0.8226
vt 0.1818 0.7903
vt 0.2 0.7742
vt 0.2 0.7903
vt 0.2909 0.7903
vt 0.2727 0.7903
vt 0.2727 0.7742
vt 0.2636 0.8387
vt 0.2909 0.8226
vt 0.2636 0.8226
vt 0.2727 0.8226
vt 0.1636 0.5363
vt 0.1636 0.5
vt 0.3091 0.8306
vt 0.3273 0.8387
vt 0.5 0.8387
vt 0.5273 0.8226
vt 0.5 0.8226
vt 0.5727 0.6532
vt 0.5409 0.6573
vt 0.3091 0.7903
vt 0.0727 0.8871
vt 0.0364 0.9194
vt 0.0364 0.8871
vt 0.0455 0.5544
vt 0.0182 0.5484
vt 0.0182 0.5242
vt 0.3182 0.5363
vt 0.3318 0.5363
vt 0.6364 0.6048
vt 0.65 0.6048
vt 0.1273 0.4516
vt 0.1455 0.4758
vt 0.1182 0.4637
vt 0.4636 0.6452
vt 0.4182 0.8629
vt 0.4273 0.871
vt 0.3818 0.871
vt 0.6364 0.5242
vt 0.6364 0.4839
vt 0.3636 0.4758
vt 0.0455 0.6452
vt 0.0182 0.6452
vt 0.0182 0.621
vt 0.4364 0.9758
vt 0.4727 0.9677
vt 0.2818 0.6452
vt 0.6091 0.6452
vt 0.1273 0.6452
vt 0.1 0.6452
vt 0.1091 0.4758
vt 0.1273 0.5
vt 0.1 0.4879
vt 0.1636 0.4516
vt 0.6364 0.7742
vt 0.6636 0.7823
vt 0.6318 0.7782
vt 0.0545 0.4516
vt 0.0727 0.4758
vt 0.0455 0.4637
vt 0.3273 0.4758
vt 0.3455 0.4516
vt 0.3409 0.5363
vt 0.3364 0.5726
vt 0.5545 0.8387
vt 0.1636 0.8508
vt 0.1636 0.8952
vt 0.5273 0.871
vt 0.5273 0.8468
vt 0.5545 0.8629
vt 0.4727 0.8548
vt 0.1455 0.8185
vt 0.1636 0.8065
vt 0.4091 0.6452
vt 0.4273 0.6532
vt 0.3955 0.6573
vt 0.1636 0.6089
vt 0.1773 0.6089
vt 0.5818 0.8871
vt 0.5545 0.879
vt 0.2636 0.8629
vt 0.2364 0.871
vt 0.2364 0.8468
vt 0.1 0.5272
vt 0.0727 0.5605
vt 0.0727 0.5181
vt 0.0727 0.6452
vt 0.05 0.6492
vt 0.2273 0.6452
vt 0.2455 0.6532
vt 0.2136 0.6573
vt 0.3091 0.5726
vt 0.3091 0.6089
vt 0.1636 0.7903
vt 0.1455 0.7903
vt 0.1818 0.8226
vt 0.4545 0.7903
vt 0.4545 0.8468
vt 0.3091 0.8468
vt 0.1 0.6058
vt 0.0727 0.6028
vt 0.3545 0.9839
vt 0.3091 0.9839
vt 0.3455 0.9758
vt 0.1818 0.8548
vt 0.3591 0.7863
vt 0.3818 0.7742
vt 0.3909 0.7823
vt 0.4 0.9839
vt 0.7091 0.7742
vt 0.4091 0.8548
vt 0.3636 0.8548
vt 0.3273 0.8629
vt 0.3364 0.871
vt 0.2909 0.871
vt 0.2909 0.8548
vt 0.4182 0.7742
vt 0.4545 0.7742
vt 0.0727 0.8226
vt 0.0364 0.8548
vt 0.0364 0.8226
vt 0.2091 0.8387
vt 0.2364 0.8226
vt 0.2091 0.8226
vt 0.2091 0.8387
vt 0.3364 0.9677
vt 0.3818 0.9677
vt 0.1455 0.8226
vt 0.1091 0.8548
vt 0.1091 0.8226
vt 0.0364 0.7258
vt 0 0.6935
vt 0.0364 0.6935
vt 0.1091 0.7258
vt 0.0727 0.6935
vt 0.1091 0.6935
vt 0.3091 0.5363
vt 0.1455 0.875
vt 0.4545 0.8548
vt 0.5273 0.6452
vt 0.5136 0.6048
vt 0.0727 0.7581
vt 0.3818 0.7903
vt 0.3455 0.8468
vt 0.3545 0.8387
vt 0.3364 0.8548
vt 0.3091 0.8548
vt 0.4182 0.9919
vt 0.4364 1
vt 0.4091 1
vt 0.4273 0.9839
vt 0.4545 0.9839
vt 0.4636 0.5091
vt 0.4636 0.4637
vt 0.4636 0.5998
vt 0.4364 0.5605
vt 0.4636 0.5544
vt 0.4091 0.6058
vt 0.3818 0.5726
vt 0.4091 0.5665
vt 0.6182 0.7903
vt 0.6182 0.8468
vt 0.6182 0.875
vt 0.6 0.8952
vt 0.2909 0.4758
vt 0.2545 0.4516
vt 0.3 0.4516
vt 0.2818 0.5
vt 0.2545 0.4758
vt 0.0727 0.7903
vt 0.0727 0.7258
vt 0.1455 0.6935
vt 0.2818 0.5363
vt 0.2545 0.5
vt 0.2818 0.6089
vt 0.2545 0.5726
vt 0.2818 0.5726
vt 0.2 0.6089
vt 0.2273 0.5726
vt 0.2273 0.6089
vt 0.6727 0.8185
vt 0.7 0.8185
vt 0.6727 0.875
vt 0.7 0.8468
vt 0.7 0.875
vt 0.6455 0.8468
vt 0.6455 0.875
vt 0.3 0.3871
vt 0.3455 0.4194
vt 0.3 0.4194
vt 0.2091 0.3871
vt 0.2545 0.4194
vt 0.2091 0.4194
vt 0.2091 0.3226
vt 0.2545 0.3548
vt 0.2091 0.3548
vt 0.5545 0.5645
vt 0.5545 0.5242
vt 0.6091 0.5242
vt 0.5818 0.5645
vt 0.5818 0.5242
vt 0.6091 0.6048
vt 0.5818 0.6452
vt 0.5818 0.6048
vt 0.1909 0.5363
vt 0.2 0.5726
vt 0.1818 0.6452
vt 0.3455 0.5726
vt 0.3455 0.5363
vt 0.5364 0.4516
vt 0.4909 0.4516
vt 0.6182 0.4677
vt 0.5818 0.4516
vt 0.6273 0.4516
vt 0.6091 0.4839
vt 0.5818 0.4677
vt 0.6523 0.4919
vt 0.6636 0.5081
vt 0.65 0.5161
vt 0.6727 0.5242
vt 0.6727 0.5484
vt 0.6727 0.5726
vt 0.0727 0.6613
vt 0.0364 0.6613
vt 0.5455 0.6613
vt 0.2182 0.6613
vt 0.4545 0.4516
vt 0.3909 0.4637
vt 0.3818 0.4516
vt 0.4182 0.4516
vt 0.5114 0.4919
vt 0.5136 0.5161
vt 0.5159 0.5403
vt 0.4909 0.5726
vt 0.5182 0.5645
vt 0.4 0.6613
vt 0.3818 0.9435
vt 0.3364 0.9435
vt 0.3818 0.8952
vt 0.3364 0.9194
vt 0.3364 0.8952
vt 0.4727 0.8952
vt 0.4273 0.9194
vt 0.4273 0.8952
vt 0.3818 0.8145
vt 0.4091 0.8145
vt 0.3818 0.9194
vt 0.4727 0.871
vt 0.2909 0.9194
vt 0.2909 0.8952
vt 0.2909 0.9677
vt 0.2909 0.9435
vt 0.3636 0.6613
vt 0.4909 0.621
vt 0.5091 0.6452
vt 0.4909 0.5484
vt 0.1818 0.6613
vt 0.5091 0.6613
vt -0 0.6613
vt 0.6727 0.5968
vt 0.6727 0.621
vt 0.6727 0.4758
vt 0.6727 0.5
vt 0.6545 0.4677
vt 0.6727 0.4516
vt 0.3455 0.5
vt 0.6091 0.5645
vt 0.6364 0.5645
vt 0.5818 0.4839
vt 0.5545 0.4839
vt 0.2545 0.3871
vt 0.1636 0.3548
vt 0.1636 0.3871
vt 0.1636 0.3226
vt 0.1636 0.4194
vt 0.1455 0.7258
vt 0.6727 0.8468
vt 0.6455 0.9032
vt 0.6727 0.9032
vt 0.6182 0.9032
vt 0.7273 0.8468
vt 0.7273 0.875
vt 0.7 0.9032
vt 0.7273 0.9032
vt 0.7273 0.8185
vt 0.2545 0.6089
vt 0.2545 0.6452
vt 0 0.7258
vt 0 0.7903
vt 0.4364 0.6028
vt 0.4364 0.6452
vt 0.3818 0.6089
vt 0.4909 0.5968
vt 0.4909 0.4758
vt 0.4364 0.5181
vt 0.6 0.7742
vt 0.3273 0.7903
vt 0.0727 0.8548
vt 0.1818 0.8387
vt 0 0.8226
vt 0 0.8548
vt 0.6727 0.7742
vt 0.3273 1
vt 0.3455 0.7742
vt 0.1 0.5665
vt 0.1273 0.5726
vt 0.1273 0.6089
vt 0.3273 0.6452
vt 0.2 0.6452
vt 0.1273 0.5363
vt 0.1636 0.6452
vt 0.3818 0.6452
vt 0.0909 0.4516
vt 0.5 0.8629
vt 0.5818 0.8548
vt 0.0182 0.4516
vt 0.0818 0.6532
vt 0.0455 0.5998
vt 0.0182 0.5968
vt 0.0182 0.5726
vt 0.6545 0.6452
vt 0.0455 0.5091
vt 0.0182 0.5
vt 0.0182 0.4758
vt 0 0.9194
vt 0 0.8871
vt 0.4727 0.8387
vt 0.1636 0.5726
vt 0.2364 0.8387
vt 0.5273 0.8387
vt 0.0727 0.9194
vt 0.1455 0.8548
vt 0.6727 0.7903
vt 0.3818 0.5363
vt 0.2545 0.5363
vt 0.3455 0.3871
vt 0.2545 0.3226
vt 0.5818 0.6613
vt 0.2545 0.6613
vt 0.4364 0.6613
vt 0.4727 0.9194
vt 0.3273 0.6613
vt 0.6545 0.6613
vt 0.7818 0.0484
vt 0.3455 0.3226
vt 0.1455 0.9194
vt 0.6545 0.129
vt 0.4909 0.8226
vt 0.5818 0.8387
vt 0.2909 0.8387
vt 0.1455 0.8468
vt 0.7455 0.7742
vt 0.1455 0.9032
vt 0.2 0.8226
vt 0.6727 0.6452
vt 0.3091 0.7742
s 1
f 4380/4802 4372/4803 4388/4804
f 4360/4805 4358/4806 4362/4807
f 4356/4808 4354/4809 4350/4810
f 4474/4811 4361/4812 4433/4813
f 4475/4814 4549/4815 4703/4816
f 4423/4817 4572/4818 4553/4819
f 4605/4820 4594/4821 4751/4822
f 4473/4823 4345/4824 4429/4825
f 4342/4826 4535/4827 4523/4828
f 4330/4829 4413/4830 4332/4831
f 4696/4832 4755/4833 4615/4834
f 4526/4835 4694/4836 4415/4837
f 4334/4838 4521/4839 4528/4840
f 4419/4841 4331/4842 4333/4843
f 4341/4844 4508/4845 4529/4846
f 4513/4847 4319/4848 4510/4849
f 4472/4850 4347/4851 4432/4852
f 4525/4853 4762/4854 4414/4855
f 4690/4856 4326/4857 4407/4858
f 4337/4859 4545/4860 4539/4861
f 4347/4851 4431/4862 4470/4863
f 4430/4864 4350/4865 4344/4866
f 4688/4867 4455/4868 4570/4869
f 4346/4870 4348/4871 4351/4872
f 4354/4873 4433/4813 4473/4823
f 4347/4851 4353/4874 4349/4875
f 4616/4876 4533/4877 4750/4878
f 4345/4824 4355/4879 4352/4880
f 4344/4866 4350/4865 4354/4873
f 4555/4881 4519/4882 4749/4883
f 4516/4884 4509/4885 4748/4886
f 4470/4863 4430/4864 4497/4887
f 4619/4888 4599/4889 4747/4890
f 4505/4884 4514/4885 4746/4886
f 4612/4891 4522/4892 4745/4893
f 4514/4894 4587/4895 4744/4896
f 4469/4897 4517/4898 4659/4899
f 4491/4900 4372/4803 4480/4901
f 4363/4902 4355/4903 4361/4812
f 4743/4904 4336/4905 4526/4835
f 4372/4803 4364/4906 4382/4907
f 4558/4908 4441/4909 4557/4910
f 4380/4802 4382/4911 4364/4906
f 4598/4912 4370/4913 4560/4914
f 4562/4915 4446/4916 4561/4917
f 4434/4918 4477/4919 4386/4920
f 4564/4921 4367/4922 4569/4923
f 4381/4924 4365/4925 4383/4926
f 4609/4884 4511/4885 4742/4886
f 4587/4927 4505/4928 4741/4929
f 4359/4930 4352/4931 4355/4903
f 4381/4924 4373/4932 4365/4925
f 4378/4933 4639/4934 4552/4935
f 4622/4936 4372/4803 4603/4937
f 4395/4938 4384/4939 4390/4940
f 4394/4941 4391/4942 4385/4943
f 4591/4944 4392/4945 4595/4946
f 4369/4947 4394/4941 4392/4945
f 4570/4869 4607/4948 4338/4949
f 4449/4950 4475/4814 4374/4951
f 4590/4952 4451/4953 4565/4954
f 4616/4876 4420/4955 4548/4956
f 4449/4950 4385/4957 4475/4814
f 4642/4958 4537/4959 4740/4960
f 4635/4961 4425/4962 4753/4963
f 4624/4964 4413/4830 4625/4965
f 4579/4966 4414/4855 4543/4967
f 4610/4968 4468/4969 4634/4970
f 4523/4828 4578/4971 4342/4826
f 4627/4972 4585/4973 4479/4974
f 4525/4853 4614/4975 4329/4976
f 4330/4829 4416/4977 4336/4905
f 4583/4978 4343/4979 4752/4980
f 4597/4981 4594/4821 4376/4982
f 4528/4840 4611/4983 4334/4838
f 4529/4846 4582/4984 4341/4844
f 4339/4985 4513/4847 4617/4986
f 4633/4987 4338/4988 4534/4989
f 4331/4842 4468/4969 4327/4990
f 4620/4991 4444/4992 4559/4993
f 4575/4994 4424/4995 4518/4996
f 4330/4829 4426/4997 4324/4998
f 4625/4965 4538/4999 4427/5000
f 4331/4842 4469/4897 4333/4843
f 4630/5001 4451/4953 4603/4937
f 4486/5002 4378/4933 4437/5003
f 4453/5004 4632/5005 4631/5006
f 4387/5007 4477/4919 4373/4932
f 4604/5008 4476/5009 4486/5002
f 4632/5005 4565/4954 4451/4953
f 4633/4987 4634/4970 4468/4969
f 4613/5010 4412/5011 4540/5012
f 4571/5013 4455/4868 4606/5014
f 4631/5006 4376/5015 4605/5016
f 4593/5017 4438/5018 4641/5019
f 4737/5020 4487/5021 4637/5022
f 4467/5023 4530/5024 4583/4978
f 4576/5025 4418/5026 4547/5027
f 4410/5028 4545/4860 4520/5029
f 4384/5030 4476/5009 4370/5031
f 4384/5030 4395/4938 4393/5032
f 4365/4925 4373/4932 4383/5033
f 4477/4919 4478/5034 4386/4920
f 4374/4951 4448/5035 4449/4950
f 4736/5036 4467/5023 4638/5037
f 4628/5038 4437/5039 4629/5040
f 4382/4907 4480/4901 4372/4803
f 4486/5002 4393/5032 4436/5041
f 4602/5042 4483/5043 4450/5044
f 4558/4908 4628/5038 4442/5045
f 4588/5046 4370/4913 4598/4912
f 4562/4915 4626/5047 4447/5048
f 4392/4945 4394/4941 4385/4957
f 4601/5049 4618/5050 4375/5051
f 4375/5052 4449/4950 4448/5035
f 4564/4921 4621/5053 4383/5054
f 4643/5055 4644/5056 4735/5057
f 4438/5018 4639/4934 4641/5019
f 4623/5058 4440/5059 4556/5060
f 4640/5061 4393/5032 4556/5060
f 4629/5040 4554/5062 4439/5063
f 4507/5064 4645/5065 4734/5066
f 4646/5067 4524/5068 4733/5069
f 4647/5070 4648/5071 4732/5072
f 4542/5073 4624/4964 4410/5028
f 4567/5074 4486/5002 4437/5003
f 4626/5047 4478/5075 4627/4972
f 4340/5076 4608/5077 4533/4877
f 4390/4940 4393/5032 4395/4938
f 4574/4895 4649/5078 4731/4896
f 4602/5042 4435/5079 4549/4815
f 4434/4918 4383/5033 4477/4919
f 4650/5080 4374/4951 4600/5081
f 4650/5080 4651/5082 4448/5083
f 4601/5049 4448/5083 4651/5082
f 4444/4992 4599/4889 4559/4993
f 4652/5084 4377/5085 4596/5086
f 4652/5084 4653/5087 4443/5088
f 4597/4981 4443/5088 4653/5087
f 4730/5089 4415/4837 4532/5090
f 4729/5091 4490/5092 4656/5093
f 4728/5094 4428/5095 4657/5096
f 4480/4901 4366/5097 4619/4888
f 4491/4900 4481/5098 4586/5099
f 4376/5015 4491/4900 4443/5100
f 4658/5101 4408/5102 4584/5103
f 4541/5104 4492/5105 4658/5101
f 4333/4843 4659/4899 4522/4892
f 4727/4886 4399/5106 4507/4884
f 4726/5069 4493/5107 4662/5067
f 4581/5108 4663/5070 4725/5072
f 4724/5109 4411/5110 4541/5104
f 4723/5111 4494/5112 4666/5113
f 4577/5114 4667/5115 4722/5116
f 4668/5067 4581/5068 4721/5069
f 4669/5070 4670/5071 4720/5072
f 4537/4895 4671/5078 4719/4896
f 4672/5117 4560/4914 4718/5118
f 4673/5119 4674/5120 4717/5121
f 4586/5099 4675/5122 4716/5123
f 4497/4887 4344/4866 4429/4825
f 4432/4852 4429/4825 4345/4824
f 4347/4851 4497/4887 4432/4852
f 4676/5067 4563/5068 4715/5069
f 4714/5072 4498/5107 4678/5071
f 4713/4896 4396/5106 4679/5078
f 4680/5124 4592/5125 4712/5126
f 4681/5127 4682/5128 4711/5129
f 4515/5130 4683/5131 4710/5132
f 4684/5133 4553/4819 4709/5134
f 4708/5135 4500/5136 4686/5137
f 4707/5138 4466/5139 4687/5140
f 4473/4823 4361/4812 4355/4879
f 4689/5141 4455/4868 4688/4867
f 4612/4891 4462/5142 4689/5141
f 4577/5114 4319/5143 4606/5014
f 4351/4872 4430/4864 4346/4870
f 4470/4863 4348/4871 4346/4870
f 4428/5144 4538/4999 4566/5145
f 4555/5146 4407/4858 4325/5147
f 4691/5148 4406/5149 4515/5150
f 4531/5151 4501/5152 4691/5148
f 4756/5153 4693/5154 4692/5155
f 4693/5154 4753/5156 4425/5157
f 4414/4855 4425/5157 4758/5158
f 4352/4880 4432/4852 4345/4824
f 4530/5024 4402/5159 4573/5160
f 4420/4955 4551/5161 4548/4956
f 4418/5026 4527/5162 4547/5027
f 4532/5090 4519/5163 4325/5147
f 4694/4836 4416/4977 4695/5164
f 4695/5164 4592/5165 4409/5166
f 4696/4832 4757/5167 4697/5168
f 4572/4818 4763/5169 4697/5168
f 4760/5170 4457/5171 4608/5077
f 4412/5011 4512/5172 4540/5012
f 4354/4873 4429/4825 4344/4866
f 4698/5173 4554/5062 4706/5174
f 4699/5175 4700/5176 4705/5177
f 4568/5178 4701/5179 4704/5180
f 4503/5181 4569/4923 4702/5182
f 4446/4916 4702/5182 4561/4917
f 4374/4951 4703/4816 4600/5081
f 4362/4807 4433/4813 4360/4805
f 4600/5081 4503/5181 4446/4916
f 4561/4917 4434/4918 4386/4920
f 4702/5182 4367/4922 4434/4918
f 4704/5180 4502/5183 4699/5175
f 4585/4973 4699/5175 4479/4974
f 4387/5184 4704/5180 4585/4973
f 4705/5177 4438/5185 4593/5186
f 4618/5050 4593/5186 4375/5051
f 4479/4974 4705/5177 4618/5050
f 4706/5174 4378/5187 4552/5188
f 4700/5176 4552/5188 4438/5185
f 4502/5183 4706/5174 4700/5176
f 4318/5189 4540/5012 4512/5172
f 4754/5190 4608/5077 4316/5191
f 4326/4857 4697/5168 4757/5167
f 4763/5169 4465/5192 4697/5168
f 4416/4977 4592/5165 4695/5164
f 4694/4836 4409/5166 4415/4837
f 4415/4837 4519/5163 4532/5090
f 4319/5193 4547/5027 4527/5162
f 4316/5194 4548/4956 4551/5161
f 4343/4979 4573/5160 4317/5195
f 4543/4967 4536/5196 4752/5197
f 4693/5154 4759/5198 4544/5199
f 4692/5155 4693/5154 4425/5157
f 4329/4976 4691/5148 4459/5200
f 4459/5200 4515/5150 4328/5201
f 4406/5149 4690/4856 4555/5146
f 4336/5202 4566/5145 4538/4999
f 4462/5142 4606/5014 4455/4868
f 4333/4843 4689/5141 4419/4841
f 4419/4841 4689/5141 4688/4867
f 4685/5203 4687/5140 4500/5136
f 4464/5204 4707/5138 4685/5203
f 4579/4966 4582/4984 4707/5138
f 4531/5151 4686/5137 4422/5205
f 4329/4976 4708/5135 4531/5151
f 4614/4975 4685/5203 4708/5135
f 4546/5206 4553/4819 4326/4857
f 4422/5205 4709/5134 4546/5206
f 4686/5137 4684/5133 4709/5134
f 4710/5132 4499/5207 4681/5127
f 4575/5208 4681/5127 4460/5209
f 4328/5210 4710/5132 4575/5208
f 4711/5129 4408/5102 4517/4898
f 4610/5211 4517/4898 4327/4990
f 4460/5209 4711/5129 4610/5211
f 4712/5126 4324/4998 4584/5103
f 4682/5128 4584/5103 4408/5102
f 4499/5207 4712/5126 4682/5128
f 4677/5070 4679/5078 4498/5107
f 4403/5212 4713/4896 4677/5070
f 4511/4894 4504/4895 4713/4896
f 4508/4849 4678/5071 4400/5159
f 4317/4848 4714/5072 4508/4849
f 4524/5108 4677/5070 4714/5072
f 4715/5069 4316/5195 4551/5160
f 4678/5071 4551/5160 4400/5159
f 4498/5107 4715/5069 4678/5071
f 4716/5123 4496/5213 4673/5119
f 4596/5214 4673/5119 4441/5215
f 4377/5216 4716/5123 4596/5214
f 4717/5121 4452/5217 4567/5218
f 4557/5219 4567/5218 4379/5220
f 4441/5215 4717/5121 4557/5219
f 4718/5118 4370/4913 4604/5221
f 4674/5120 4604/5221 4452/5217
f 4496/5213 4718/5118 4674/5120
f 4719/4896 4495/5107 4669/5070
f 4509/4894 4669/5070 4401/5212
f 4320/5031 4719/4896 4509/4894
f 4720/5072 4404/5159 4535/4849
f 4563/5108 4535/4849 4316/4848
f 4401/5212 4720/5072 4563/5108
f 4721/5069 4318/5195 4512/5160
f 4670/5071 4512/5160 4404/5159
f 4495/5107 4721/5069 4670/5071
f 4665/5222 4667/5115 4494/5112
f 4461/5223 4722/5116 4665/5222
f 4576/5025 4577/5114 4722/5116
f 4723/5111 4410/5028 4520/5029
f 4611/4983 4520/5029 4334/4838
f 4611/4983 4665/5222 4723/5111
f 4542/5073 4541/5104 4332/4831
f 4410/5028 4724/5109 4542/5073
f 4494/5112 4724/5109 4666/5113
f 4661/5071 4663/5070 4493/5107
f 4417/5159 4725/5072 4661/5071
f 4318/4848 4725/5072 4521/4849
f 4550/5068 4662/5067 4398/5224
f 4319/5195 4726/5069 4550/5068
f 4527/5160 4661/5071 4726/5069
f 4506/4885 4507/4884 4323/5225
f 4398/5224 4727/4886 4506/4885
f 4662/5067 4660/5078 4727/4886
f 4522/4892 4492/5105 4411/5110
f 4332/4831 4658/5101 4426/4997
f 4426/4997 4584/5103 4324/4998
f 4655/5226 4657/5096 4490/5092
f 4463/5227 4728/5094 4655/5226
f 4613/5010 4539/5228 4728/5094
f 4656/5093 4465/5192 4760/5170
f 4729/5091 4580/5229 4754/5190
f 4578/4971 4655/5226 4729/5091
f 4532/5090 4325/5147 4761/5230
f 4730/5089 4615/4834 4755/4833
f 4656/5093 4654/5231 4730/5089
f 4442/5045 4597/4981 4653/5087
f 4442/5045 4652/5084 4441/4909
f 4441/4909 4652/5084 4596/5086
f 4559/4993 4366/5097 4382/5232
f 4447/5048 4601/5049 4651/5082
f 4447/5048 4650/5080 4446/4916
f 4446/4916 4650/5080 4600/5081
f 4371/5233 4602/5042 4549/4815
f 4731/4896 4489/5107 4647/5070
f 4506/4894 4647/5070 4398/5212
f 4323/5031 4731/4896 4506/4894
f 4533/4877 4457/5171 4423/4817
f 4626/5047 4479/4974 4447/5048
f 4332/4831 4624/4964 4542/5073
f 4732/5072 4402/5159 4510/4849
f 4550/5108 4510/4849 4319/4848
f 4398/5212 4732/5072 4550/5108
f 4733/5069 4317/5195 4573/5160
f 4648/5071 4573/5160 4402/5159
f 4489/5107 4733/5069 4648/5071
f 4734/5066 4488/5234 4643/5055
f 4574/4895 4643/5055 4458/5106
f 4323/5031 4734/5066 4574/4895
f 4437/5039 4554/5062 4629/5040
f 4440/5059 4640/5061 4556/5060
f 4368/5235 4556/5060 4393/5032
f 4641/5019 4640/5061 4440/5059
f 4641/5019 4639/4934 4640/5061
f 4639/4934 4436/5041 4640/5061
f 4504/5236 4644/5056 4396/5237
f 4609/4884 4504/5236 4321/5225
f 4458/5106 4735/5057 4609/4884
f 4450/5044 4621/5053 4564/4921
f 4447/5048 4618/5050 4601/5049
f 4386/4920 4626/5047 4562/4915
f 4482/5238 4598/4912 4444/4992
f 4379/5239 4628/5038 4558/4908
f 4371/5233 4589/5240 4602/5042
f 4628/5038 4439/5063 4442/5045
f 4636/5241 4638/5037 4487/5021
f 4456/5242 4736/5036 4636/5241
f 4571/5243 4617/4986 4736/5036
f 4520/5029 4318/5244 4334/4838
f 4335/5245 4547/5027 4319/5193
f 4343/4979 4583/4978 4530/5024
f 4534/4989 4637/5022 4424/4995
f 4338/4988 4737/5020 4534/4989
f 4607/5246 4636/5241 4737/5020
f 4593/5017 4641/5019 4595/4946
f 4595/4946 4641/5019 4440/5059
f 4375/5052 4595/4946 4392/4945
f 4453/5004 4631/5006 4605/5016
f 4339/5247 4606/5014 4319/5143
f 4337/5248 4540/5012 4318/5189
f 4460/5249 4633/4987 4424/4995
f 4568/5250 4565/4954 4632/5005
f 4568/5250 4632/5005 4453/5004
f 4387/5007 4565/4954 4568/5250
f 4631/5006 4630/5001 4454/5251
f 4631/5006 4632/5005 4630/5001
f 4632/5005 4451/4953 4630/5001
f 4630/5001 4372/4803 4454/5251
f 4336/5202 4625/4965 4413/4830
f 4328/5252 4575/4994 4518/4996
f 4382/5232 4620/4991 4559/4993
f 4424/4995 4633/4987 4534/4989
f 4617/4986 4421/5253 4467/5023
f 4466/5139 4529/4846 4420/4955
f 4461/5223 4528/4840 4418/5026
f 4442/5045 4594/4821 4597/4981
f 4738/5254 4536/5255 4758/5256
f 4487/5021 4738/5254 4635/4961
f 4638/5037 4583/4978 4738/5254
f 4464/5204 4525/4853 4414/4855
f 4478/5075 4585/4973 4627/4972
f 4463/5227 4523/4828 4412/5011
f 4460/5249 4610/4968 4634/4970
f 4341/4844 4543/4967 4317/5257
f 4624/4964 4427/5000 4410/5028
f 4739/5258 4544/5259 4759/5260
f 4424/4995 4739/5258 4518/4996
f 4637/5022 4635/4961 4739/5258
f 4740/4960 4320/5261 4516/5262
f 4644/5056 4516/5262 4396/5237
f 4644/5056 4642/4958 4740/4960
f 4340/5076 4548/4956 4316/5194
f 4389/5263 4565/4954 4373/4932
f 4456/5264 4570/4869 4455/4868
f 4485/5265 4595/4946 4440/5059
f 4484/5266 4603/4937 4451/4953
f 4438/5018 4552/4935 4639/4934
f 4741/4929 4397/5267 4642/4958
f 4645/5065 4642/4958 4488/5234
f 4399/5268 4741/4929 4645/5065
f 4742/4886 4403/5224 4646/5067
f 4649/5078 4646/5067 4489/5107
f 4458/5106 4742/4886 4649/5078
f 4450/5044 4569/4923 4435/5079
f 4386/4920 4562/4915 4561/4917
f 4598/4912 4445/5269 4444/4992
f 4379/5239 4558/4908 4557/4910
f 4654/5231 4526/4835 4415/4837
f 4490/5092 4743/4904 4654/5231
f 4657/5096 4566/5270 4743/4904
f 4659/4899 4408/5102 4492/5105
f 4660/5078 4587/4895 4399/5106
f 4493/5107 4744/4896 4660/5078
f 4405/5212 4744/4896 4663/5070
f 4664/5271 4522/4892 4411/5110
f 4494/5112 4745/4893 4664/5271
f 4462/5142 4745/4893 4667/5115
f 4746/4886 4405/5224 4668/5067
f 4671/5078 4668/5067 4495/5107
f 4397/5106 4746/4886 4671/5078
f 4747/4890 4445/5269 4672/5117
f 4675/5122 4672/5117 4496/5213
f 4481/5098 4747/4890 4675/5122
f 4748/4886 4401/5224 4676/5067
f 4679/5078 4676/5067 4498/5107
f 4396/5106 4748/4886 4679/5078
f 4749/4883 4409/5272 4680/5124
f 4683/5131 4680/5124 4499/5207
f 4406/5273 4749/4883 4683/5131
f 4750/4878 4423/4817 4684/5133
f 4500/5136 4750/4878 4684/5133
f 4687/5140 4616/4876 4750/4878
f 4688/4867 4338/4949 4419/4841
f 4539/4861 4427/5000 4428/5144
f 4501/5152 4546/5206 4690/4856
f 4756/5153 4692/5155 4329/4976
f 4421/5253 4510/4849 4402/5159
f 4529/4846 4400/5274 4420/4955
f 4528/4840 4417/5275 4418/5026
f 4336/4905 4694/4836 4526/4835
f 4696/4832 4615/4834 4761/5230
f 4523/4828 4404/5276 4412/5011
f 4751/4822 4439/5063 4698/5173
f 4701/5179 4698/5173 4502/5183
f 4453/5277 4751/4822 4701/5179
f 4326/4857 4553/4819 4572/4818
f 4703/4816 4435/5079 4503/5181
f 4380/4802 4364/4906 4372/4803
f 4360/4805 4354/4809 4358/4806
f 4356/4808 4358/4806 4354/4809
f 4474/4811 4363/4902 4361/4812
f 4475/4814 4371/5233 4549/4815
f 4423/4817 4457/5171 4572/4818
f 4605/4820 4376/4982 4594/4821
f 4473/4823 4355/4879 4345/4824
f 4342/4826 4316/5194 4535/4827
f 4330/4829 4336/5202 4413/4830
f 4696/4832 4465/5192 4755/4833
f 4334/4838 4318/5278 4521/4839
f 4419/4841 4338/4949 4331/4842
f 4341/4844 4317/5279 4508/4845
f 4472/4850 4353/4874 4347/4851
f 4525/4853 4692/5155 4762/4854
f 4690/4856 4546/5206 4326/4857
f 4337/4859 4318/5244 4545/4860
f 4347/4851 4349/4875 4431/4862
f 4430/4864 4471/5280 4350/4865
f 4354/4873 4360/4805 4433/4813
f 4616/4876 4340/5076 4533/4877
f 4555/4881 4325/5281 4519/4882
f 4516/4884 4320/5225 4509/4885
f 4470/4863 4346/4870 4430/4864
f 4619/4888 4366/5097 4599/4889
f 4505/4884 4322/5225 4514/4885
f 4612/4891 4333/4843 4522/4892
f 4514/4894 4322/5031 4587/4895
f 4469/4897 4327/4990 4517/4898
f 4491/4900 4454/5251 4372/4803
f 4363/4902 4359/4930 4355/4903
f 4743/4904 4566/5270 4336/4905
f 4558/4908 4442/5045 4441/4909
f 4562/4915 4447/5048 4446/4916
f 4564/4921 4383/5054 4367/4922
f 4609/4884 4321/5225 4511/4885
f 4587/4927 4322/5282 4505/4928
f 4359/4930 4357/5283 4352/4931
f 4381/4924 4389/5284 4373/4932
f 4378/4933 4436/5041 4639/4934
f 4622/4936 4388/5285 4372/4803
f 4591/4944 4369/5286 4392/4945
f 4369/4947 4391/4942 4394/4941
f 4590/4952 4484/5266 4451/4953
f 4616/4876 4466/5139 4420/4955
f 4392/4945 4385/4957 4449/4950
f 4385/4957 4371/5233 4475/4814
f 4642/4958 4397/5267 4537/4959
f 4544/5259 4739/5258 4753/4963
f 4739/5258 4635/4961 4753/4963
f 4579/4966 4464/5204 4414/4855
f 4610/4968 4327/4990 4468/4969
f 4330/4829 4324/4998 4416/4977
f 4536/5255 4738/5254 4752/4980
f 4738/5254 4583/4978 4752/4980
f 4339/4985 4319/4848 4513/4847
f 4633/4987 4468/4969 4338/4988
f 4331/4842 4338/4988 4468/4969
f 4620/4991 4482/5238 4444/4992
f 4575/4994 4460/5249 4424/4995
f 4330/4829 4332/4831 4426/4997
f 4331/4842 4327/4990 4469/4897
f 4486/5002 4436/5041 4378/4933
f 4387/5007 4478/5034 4477/4919
f 4486/5002 4452/5287 4604/5008
f 4604/5008 4370/5031 4476/5009
f 4613/5010 4463/5227 4412/5011
f 4571/5013 4456/5264 4455/4868
f 4631/5006 4454/5251 4376/5015
f 4737/5020 4636/5241 4487/5021
f 4467/5023 4421/5253 4530/5024
f 4576/5025 4461/5223 4418/5026
f 4410/5028 4427/5000 4545/4860
f 4384/5030 4393/5032 4476/5009
f 4736/5036 4617/4986 4467/5023
f 4382/4907 4366/5097 4480/4901
f 4486/5002 4476/5009 4393/5032
f 4602/5042 4589/5240 4483/5043
f 4588/5046 4384/5288 4370/4913
f 4375/5052 4392/4945 4449/4950
f 4643/5055 4488/5234 4644/5056
f 4623/5058 4485/5265 4440/5059
f 4640/5061 4436/5041 4393/5032
f 4507/5064 4399/5268 4645/5065
f 4646/5067 4403/5224 4524/5068
f 4647/5070 4489/5107 4648/5071
f 4437/5003 4379/5289 4567/5074
f 4567/5074 4452/5287 4486/5002
f 4340/5076 4316/5191 4608/5077
f 4390/4940 4368/5290 4393/5032
f 4574/4895 4458/5106 4649/5078
f 4602/5042 4450/5044 4435/5079
f 4367/4922 4383/5033 4434/4918
f 4383/5033 4373/4932 4477/4919
f 4650/5080 4448/5083 4374/4951
f 4601/5049 4375/5051 4448/5083
f 4444/4992 4445/5269 4599/4889
f 4652/5084 4443/5088 4377/5085
f 4597/4981 4376/4982 4443/5088
f 4730/5089 4654/5231 4415/4837
f 4729/5091 4655/5226 4490/5092
f 4728/5094 4539/5228 4428/5095
f 4619/4888 4481/5098 4491/4900
f 4491/4900 4480/4901 4619/4888
f 4586/5099 4377/5216 4443/5100
f 4443/5100 4491/4900 4586/5099
f 4376/5015 4454/5251 4491/4900
f 4658/5101 4492/5105 4408/5102
f 4541/5104 4411/5110 4492/5105
f 4333/4843 4469/4897 4659/4899
f 4727/4886 4660/5078 4399/5106
f 4726/5069 4661/5071 4493/5107
f 4581/5108 4405/5212 4663/5070
f 4724/5109 4664/5271 4411/5110
f 4723/5111 4665/5222 4494/5112
f 4577/5114 4462/5142 4667/5115
f 4668/5067 4405/5224 4581/5068
f 4669/5070 4495/5107 4670/5071
f 4537/4895 4397/5106 4671/5078
f 4672/5117 4445/5269 4560/4914
f 4673/5119 4496/5213 4674/5120
f 4586/5099 4481/5098 4675/5122
f 4497/4887 4430/4864 4344/4866
f 4432/4852 4497/4887 4429/4825
f 4347/4851 4470/4863 4497/4887
f 4676/5067 4401/5224 4563/5068
f 4714/5072 4677/5070 4498/5107
f 4713/4896 4504/4895 4396/5106
f 4680/5124 4409/5272 4592/5125
f 4681/5127 4499/5207 4682/5128
f 4515/5130 4406/5273 4683/5131
f 4684/5133 4423/4817 4553/4819
f 4708/5135 4685/5203 4500/5136
f 4707/5138 4582/4984 4466/5139
f 4473/4823 4433/4813 4361/4812
f 4689/5141 4462/5142 4455/4868
f 4577/5114 4335/5245 4319/5143
f 4351/4872 4471/5280 4430/4864
f 4470/4863 4431/4862 4348/4871
f 4428/5144 4427/5000 4538/4999
f 4555/5146 4690/4856 4407/4858
f 4691/5148 4501/5152 4406/5149
f 4531/5151 4422/5205 4501/5152
f 4756/5153 4459/5200 4693/5154
f 4693/5154 4544/5199 4753/5156
f 4536/5196 4543/4967 4758/5158
f 4543/4967 4414/4855 4758/5158
f 4352/4880 4472/4850 4432/4852
f 4530/5024 4421/5253 4402/5159
f 4420/4955 4400/5274 4551/5161
f 4418/5026 4417/5275 4527/5162
f 4696/4832 4407/4858 4757/5167
f 4572/4818 4457/5171 4763/5169
f 4608/5077 4580/5229 4760/5170
f 4760/5170 4465/5192 4457/5171
f 4412/5011 4404/5276 4512/5172
f 4354/4873 4473/4823 4429/4825
f 4698/5173 4439/5063 4554/5062
f 4699/5175 4502/5183 4700/5176
f 4568/5178 4453/5277 4701/5179
f 4503/5181 4435/5079 4569/4923
f 4446/4916 4503/5181 4702/5182
f 4374/4951 4475/4814 4703/4816
f 4362/4807 4474/4811 4433/4813
f 4600/5081 4703/4816 4503/5181
f 4561/4917 4702/5182 4434/4918
f 4702/5182 4569/4923 4367/4922
f 4704/5180 4701/5179 4502/5183
f 4585/4973 4704/5180 4699/5175
f 4387/5184 4568/5178 4704/5180
f 4705/5177 4700/5176 4438/5185
f 4618/5050 4705/5177 4593/5186
f 4479/4974 4699/5175 4705/5177
f 4706/5174 4554/5062 4378/5187
f 4700/5176 4706/5174 4552/5188
f 4502/5183 4698/5173 4706/5174
f 4316/5191 4342/4826 4754/5190
f 4754/5190 4580/5229 4608/5077
f 4757/5167 4407/4858 4326/4857
f 4326/4857 4572/4818 4697/5168
f 4457/5171 4465/5192 4763/5169
f 4465/5192 4696/4832 4697/5168
f 4416/4977 4324/4998 4592/5165
f 4694/4836 4695/5164 4409/5166
f 4415/4837 4409/5166 4519/5163
f 4343/4979 4530/5024 4573/5160
f 4343/5291 4317/5257 4752/5197
f 4317/5257 4543/4967 4752/5197
f 4693/5154 4459/5200 4759/5198
f 4459/5200 4328/5201 4759/5198
f 4425/5157 4414/4855 4762/4854
f 4762/4854 4692/5155 4425/5157
f 4329/4976 4531/5151 4691/5148
f 4459/5200 4691/5148 4515/5150
f 4406/5149 4501/5152 4690/4856
f 4462/5142 4577/5114 4606/5014
f 4333/4843 4612/4891 4689/5141
f 4685/5203 4707/5138 4687/5140
f 4464/5204 4579/4966 4707/5138
f 4579/4966 4341/4844 4582/4984
f 4531/5151 4708/5135 4686/5137
f 4329/4976 4614/4975 4708/5135
f 4614/4975 4464/5204 4685/5203
f 4546/5206 4709/5134 4553/4819
f 4422/5205 4686/5137 4709/5134
f 4686/5137 4500/5136 4684/5133
f 4710/5132 4683/5131 4499/5207
f 4575/5208 4710/5132 4681/5127
f 4328/5210 4515/5130 4710/5132
f 4711/5129 4682/5128 4408/5102
f 4610/5211 4711/5129 4517/4898
f 4460/5209 4681/5127 4711/5129
f 4712/5126 4592/5125 4324/4998
f 4682/5128 4712/5126 4584/5103
f 4499/5207 4680/5124 4712/5126
f 4677/5070 4713/4896 4679/5078
f 4403/5212 4511/4894 4713/4896
f 4511/4894 4321/5031 4504/4895
f 4508/4849 4714/5072 4678/5071
f 4317/4848 4524/5108 4714/5072
f 4524/5108 4403/5212 4677/5070
f 4715/5069 4563/5068 4316/5195
f 4678/5071 4715/5069 4551/5160
f 4498/5107 4676/5067 4715/5069
f 4716/5123 4675/5122 4496/5213
f 4596/5214 4716/5123 4673/5119
f 4377/5216 4586/5099 4716/5123
f 4717/5121 4674/5120 4452/5217
f 4557/5219 4717/5121 4567/5218
f 4441/5215 4673/5119 4717/5121
f 4718/5118 4560/4914 4370/4913
f 4674/5120 4718/5118 4604/5221
f 4496/5213 4672/5117 4718/5118
f 4719/4896 4671/5078 4495/5107
f 4509/4894 4719/4896 4669/5070
f 4320/5031 4537/4895 4719/4896
f 4720/5072 4670/5071 4404/5159
f 4563/5108 4720/5072 4535/4849
f 4401/5212 4669/5070 4720/5072
f 4721/5069 4581/5068 4318/5195
f 4670/5071 4721/5069 4512/5160
f 4495/5107 4668/5067 4721/5069
f 4665/5222 4722/5116 4667/5115
f 4461/5223 4576/5025 4722/5116
f 4576/5025 4335/5245 4577/5114
f 4723/5111 4666/5113 4410/5028
f 4611/4983 4723/5111 4520/5029
f 4611/4983 4461/5223 4665/5222
f 4542/5073 4724/5109 4541/5104
f 4410/5028 4666/5113 4724/5109
f 4494/5112 4664/5271 4724/5109
f 4661/5071 4725/5072 4663/5070
f 4417/5159 4521/4849 4725/5072
f 4318/4848 4581/5108 4725/5072
f 4550/5068 4726/5069 4662/5067
f 4319/5195 4527/5160 4726/5069
f 4527/5160 4417/5159 4661/5071
f 4506/4885 4727/4886 4507/4884
f 4398/5224 4662/5067 4727/4886
f 4662/5067 4493/5107 4660/5078
f 4522/4892 4659/4899 4492/5105
f 4332/4831 4541/5104 4658/5101
f 4426/4997 4658/5101 4584/5103
f 4655/5226 4728/5094 4657/5096
f 4463/5227 4613/5010 4728/5094
f 4613/5010 4337/5248 4539/5228
f 4760/5170 4580/5229 4729/5091
f 4729/5091 4656/5093 4760/5170
f 4754/5190 4342/4826 4578/4971
f 4578/4971 4729/5091 4754/5190
f 4578/4971 4463/5227 4655/5226
f 4761/5230 4615/4834 4730/5089
f 4730/5089 4532/5090 4761/5230
f 4755/4833 4465/5192 4656/5093
f 4656/5093 4730/5089 4755/4833
f 4656/5093 4490/5092 4654/5231
f 4442/5045 4653/5087 4652/5084
f 4559/4993 4599/4889 4366/5097
f 4447/5048 4651/5082 4650/5080
f 4731/4896 4649/5078 4489/5107
f 4506/4894 4731/4896 4647/5070
f 4323/5031 4574/4895 4731/4896
f 4533/4877 4608/5077 4457/5171
f 4626/5047 4627/4972 4479/4974
f 4332/4831 4413/4830 4624/4964
f 4732/5072 4648/5071 4402/5159
f 4550/5108 4732/5072 4510/4849
f 4398/5212 4647/5070 4732/5072
f 4733/5069 4524/5068 4317/5195
f 4648/5071 4733/5069 4573/5160
f 4489/5107 4646/5067 4733/5069
f 4734/5066 4645/5065 4488/5234
f 4574/4895 4734/5066 4643/5055
f 4323/5031 4507/5064 4734/5066
f 4437/5039 4378/5187 4554/5062
f 4368/5235 4623/5058 4556/5060
f 4504/5236 4735/5057 4644/5056
f 4609/4884 4735/5057 4504/5236
f 4458/5106 4643/5055 4735/5057
f 4450/5044 4483/5043 4621/5053
f 4447/5048 4479/4974 4618/5050
f 4386/4920 4478/5075 4626/5047
f 4482/5238 4588/5046 4598/4912
f 4379/5239 4437/5039 4628/5038
f 4371/5233 4385/5292 4589/5240
f 4628/5038 4629/5040 4439/5063
f 4636/5241 4736/5036 4638/5037
f 4456/5242 4571/5243 4736/5036
f 4571/5243 4339/4985 4617/4986
f 4520/5029 4545/4860 4318/5244
f 4335/5245 4576/5025 4547/5027
f 4534/4989 4737/5020 4637/5022
f 4338/4988 4607/5246 4737/5020
f 4607/5246 4456/5242 4636/5241
f 4375/5052 4593/5017 4595/4946
f 4339/5247 4571/5013 4606/5014
f 4337/5248 4613/5010 4540/5012
f 4460/5249 4634/4970 4633/4987
f 4387/5007 4373/4932 4565/4954
f 4630/5001 4603/4937 4372/4803
f 4336/5202 4538/4999 4625/4965
f 4617/4986 4513/4847 4421/5253
f 4466/5139 4582/4984 4529/4846
f 4461/5223 4611/4983 4528/4840
f 4442/5045 4439/5063 4594/4821
f 4425/4962 4635/4961 4758/5256
f 4635/4961 4738/5254 4758/5256
f 4487/5021 4638/5037 4738/5254
f 4638/5037 4467/5023 4583/4978
f 4464/5204 4614/4975 4525/4853
f 4478/5075 4387/5184 4585/4973
f 4463/5227 4578/4971 4523/4828
f 4341/4844 4579/4966 4543/4967
f 4624/4964 4625/4965 4427/5000
f 4328/5252 4518/4996 4759/5260
f 4518/4996 4739/5258 4759/5260
f 4424/4995 4637/5022 4739/5258
f 4637/5022 4487/5021 4635/4961
f 4740/4960 4537/4959 4320/5261
f 4644/5056 4740/4960 4516/5262
f 4644/5056 4488/5234 4642/4958
f 4340/5076 4616/4876 4548/4956
f 4389/5263 4590/4952 4565/4954
f 4456/5264 4607/4948 4570/4869
f 4485/5265 4591/4944 4595/4946
f 4484/5266 4622/4936 4603/4937
f 4741/4929 4505/4928 4397/5267
f 4645/5065 4741/4929 4642/4958
f 4399/5268 4587/4927 4741/4929
f 4742/4886 4511/4885 4403/5224
f 4649/5078 4742/4886 4646/5067
f 4458/5106 4609/4884 4742/4886
f 4450/5044 4564/4921 4569/4923
f 4598/4912 4560/4914 4445/5269
f 4654/5231 4743/4904 4526/4835
f 4490/5092 4657/5096 4743/4904
f 4657/5096 4428/5095 4566/5270
f 4659/4899 4517/4898 4408/5102
f 4660/5078 4744/4896 4587/4895
f 4493/5107 4663/5070 4744/4896
f 4405/5212 4514/4894 4744/4896
f 4664/5271 4745/4893 4522/4892
f 4494/5112 4667/5115 4745/4893
f 4462/5142 4612/4891 4745/4893
f 4746/4886 4514/4885 4405/5224
f 4671/5078 4746/4886 4668/5067
f 4397/5106 4505/4884 4746/4886
f 4747/4890 4599/4889 4445/5269
f 4675/5122 4747/4890 4672/5117
f 4481/5098 4619/4888 4747/4890
f 4748/4886 4509/4885 4401/5224
f 4679/5078 4748/4886 4676/5067
f 4396/5106 4516/4884 4748/4886
f 4749/4883 4519/4882 4409/5272
f 4683/5131 4749/4883 4680/5124
f 4406/5273 4555/4881 4749/4883
f 4750/4878 4533/4877 4423/4817
f 4500/5136 4687/5140 4750/4878
f 4687/5140 4466/5139 4616/4876
f 4688/4867 4570/4869 4338/4949
f 4539/4861 4545/4860 4427/5000
f 4501/5152 4422/5205 4546/5206
f 4525/4853 4329/4976 4692/5155
f 4329/4976 4459/5200 4756/5153
f 4421/5253 4513/4847 4510/4849
f 4529/4846 4508/4845 4400/5274
f 4528/4840 4521/4839 4417/5275
f 4336/4905 4416/4977 4694/4836
f 4761/5230 4325/5147 4407/4858
f 4407/4858 4696/4832 4761/5230
f 4523/4828 4535/4827 4404/5276
f 4751/4822 4594/4821 4439/5063
f 4701/5179 4751/4822 4698/5173
f 4453/5277 4605/4820 4751/4822
f 4703/4816 4549/4815 4435/5079
o RightArm
v -8.8125 11.72 -2.8125
v -4.875 11.72 -2.8125
v -4.875 11.72 2.8125
v -8.8125 11.72 2.8125
v -8.25 12.24 2.25
v -8.25 12.24 -2.25
v -3.75 12.24 2.25
v -3.75 12.24 -2.25
v -3.75 11.2 2.25
v -3.75 11.2 -2.25
v -8.25 11.2 -2.25
v -8.25 11.2 2.25
v -3.1875 11.2 2.8125
v -3.1875 11.2 -2.8125
v -8.8125 11.2 -2.8125
v -8.8125 11.2 2.8125
v -3.75 7.04 -2.25
v -3.75 7.04 2.25
v -8.25 7.04 -2.25
v -8.25 7.04 2.25
v -3.1875 7.04 -2.8125
v -3.1875 7.04 2.8125
v -8.8125 7.04 -2.8125
v -8.8125 7.04 2.8125
v -3.75 4.96 -2.25
v -3.75 4.96 2.25
v -8.25 4.96 -2.25
v -8.25 4.96 2.25
v -3.1875 4.96 -2.8125
v -3.1875 4.96 2.8125
v -8.8125 4.96 -2.8125
v -8.8125 4.96 2.8125
v -3.75 -0.24 -2.25
v -3.75 -0.24 2.25
v -8.25 -0.24 -2.25
v -8.25 -0.24 2.25
v -3.1875 0.28 -2.8125
v -3.1875 0.28 2.8125
v -8.8125 0.28 -2.8125
v -8.8125 0.28 2.8125
v -4.875 11.72 -3.375
v -4.875 11.72 3.375
v -4.875 8.6 -2.8125
v -4.875 8.6 2.8125
v -4.875 8.6 -3.375
v -4.875 8.6 3.375
v -6 5.48 -2.8125
v -6 5.48 2.8125
v -6 5.48 -3.375
v -6 5.48 3.375
v -8.8125 5.48 -2.8125
v -8.8125 5.48 2.8125
v -8.8125 8.6 -2.8125
v -8.8125 8.6 2.8125
v -7.125 7.04 2.25
v -4.875 7.04 2.25
v -7.6875 6 2.25
v -4.3125 6 2.25
v -7.6875 6 3.9375
v -7.125 7.04 3.9375
v -4.875 7.04 3.9375
v -4.3125 6 3.9375
v -4.3125 3.92 2.25
v -7.6875 3.92 2.25
v -4.3125 3.92 3.9375
v -7.6875 3.92 3.9375
v -6.5625 11.2 3.375
v -5.4375 11.2 3.375
v -6.5625 7.04 3.375
v -5.4375 7.04 3.375
v -6.5625 7.04 4.5
v -6.5625 11.2 4.5
v -5.4375 11.2 4.5
v -5.4375 7.04 4.5
v -6.2813 12.24 5.625
v -5.7188 12.24 5.625
v -6.2813 6 5.625
v -5.7188 6 5.625
v -6.2813 6 6.75
v -6.2813 12.24 6.75
v -5.7188 12.24 6.75
v -5.7188 6 6.75
v -3.75 2.36 -2.25
v -10.5 2.36 -2.25
v -3.75 2.36 2.25
v -10.5 2.36 2.25
v -5.7188 3.92 5.0625
v -6.2813 3.92 5.0625
v -5.7188 3.92 6.1875
v -6.2813 3.92 6.1875
v -6.2813 6 5.625
v -5.7188 6 5.625
v -6.2813 7.04 4.5
v -5.7188 7.04 4.5
v -6.2813 7.04 5.625
v -5.7188 7.04 5.625
v -6.2813 8.08 4.5
v -5.7188 8.08 4.5
v -6.2813 11.2 5.625
v -5.7188 11.2 5.625
v -6.2813 10.16 4.5
v -5.7188 10.16 4.5
v -6.2813 12.24 5.625
v -5.7188 12.24 5.625
v -6.2813 11.2 4.5
v -5.7188 11.2 4.5
v -3.75 2.36 -3.375
v -10.5 2.36 -3.375
v -3.75 2.36 3.375
v -10.5 2.36 3.375
v -10.5 1.32 2.25
v -3.75 1.32 2.25
v -3.75 1.32 -2.25
v -10.5 1.32 -2.25
v -3.75 -1.8 3.375
v -10.5 -0.76 -3.375
v -10.5 -0.76 3.375
v -3.75 -1.8 -3.375
v -7.125 -1.8 3.375
v -7.125 -1.8 -3.375
v -4.875 0.28 -3.375
v -5.6705 0.5846 -3.375
v -6 1.32 -3.375
v -5.6705 2.0554 -3.375
v -4.875 2.36 -3.375
v -4.0795 2.0554 -3.375
v -3.75 1.32 -3.375
v -4.0795 0.5846 -3.375
v -4.875 0.28 -3.9375
v -5.6705 0.5846 -3.9375
v -6 1.32 -3.9375
v -5.6705 2.0554 -3.9375
v -4.875 2.36 -3.9375
v -4.0795 2.0554 -3.9375
v -3.75 1.32 -3.9375
v -4.0795 0.5846 -3.9375
v -4.875 0.28 3.9375
v -5.6705 0.5846 3.9375
v -6 1.32 3.9375
v -5.6705 2.0554 3.9375
v -4.875 2.36 3.9375
v -4.0795 2.0554 3.9375
v -3.75 1.32 3.9375
v -4.0795 0.5846 3.9375
v -4.875 0.28 3.375
v -5.6705 0.5846 3.375
v -6 1.32 3.375
v -5.6705 2.0554 3.375
v -4.875 2.36 3.375
v -4.0795 2.0554 3.375
v -3.75 1.32 3.375
v -4.0795 0.5846 3.375
v -5.1563 -2.32 -2.5312
v -4.5938 -2.32 -2.5312
v -5.1563 -2.32 -3.6562
v -4.5938 -2.32 -3.6562
v -5.1563 -2.32 3.6562
v -4.5938 -2.32 3.6562
v -5.1563 -2.32 2.5312
v -4.5938 -2.32 2.5312
v -5.7188 1.58 -2.5312
v -5.7188 1.06 -2.5312
v -5.7188 1.58 -3.6562
v -5.7188 1.06 -3.6562
v -9.6563 1.58 -2.5312
v -9.6563 1.06 -2.5312
v -9.6563 1.58 -3.6562
v -9.6563 1.06 -3.6562
v -5.7188 1.58 3.6562
v -5.7188 1.06 3.6562
v -5.7188 1.58 2.5312
v -5.7188 1.06 2.5312
v -9.6563 1.58 3.6562
v -9.6563 1.06 3.6562
v -9.6563 1.58 2.5312
v -9.6563 1.06 2.5312
v -7.4063 1.06 3.6562
v -6.8438 1.06 3.6562
v -7.4063 1.06 -3.6562
v -6.8438 1.06 -3.6562
v -7.4063 -2.06 3.6562
v -6.8438 -2.06 3.6562
v -7.4063 -2.06 -3.6562
v -6.8438 -2.06 -3.6562
v -9.6563 1.06 3.6562
v -9.0938 1.06 3.6562
v -9.6563 1.06 -3.6562
v -9.0938 1.06 -3.6562
v -9.6563 -1.54 3.6562
v -9.0938 -1.54 3.6562
v -9.6563 -1.54 -3.6562
v -9.0938 -1.54 -3.6562
v -9.6563 1.06 -3.0938
v -9.0938 1.06 -3.0938
v -9.6563 -0.5 -3.0938
v -9.0938 -0.5 -3.0938
v -9.6563 -0.5 3.0938
v -9.0938 -0.5 3.0938
v -9.6563 1.06 3.0938
v -9.0938 1.06 3.0938
v -9.375 10.68 -2.8125
v -9.375 10.68 2.8125
v -9.375 10.16 -2.8125
v -9.375 10.16 2.8125
v -10.5 10.68 -1.125
v -9.375 9.64 2.8125
v -10.5 10.68 1.125
v -10.5 10.16 -1.125
v -9.375 9.64 -2.8125
v -10.5 10.16 1.125
v -9.375 9.12 -2.8125
v -9.375 9.12 2.8125
v -10.5 9.64 -1.125
v -10.5 9.64 1.125
v -10.5 9.12 -1.125
v -10.5 9.12 1.125
v -9.375 8.6 2.8125
v -9.375 8.6 -2.8125
v -9.375 8.08 -2.8125
v -9.375 8.08 2.8125
v -10.5 8.6 -1.125
v -10.5 8.6 1.125
v -10.5 8.08 -1.125
v -10.5 8.08 1.125
v -9.375 11.72 -2.8125
v -8.8125 11.72 -3.375
v -8.8125 11.72 3.375
v -9.375 11.72 2.8125
v -8.8125 5.48 -3.375
v -9.375 5.48 -2.8125
v -9.375 5.48 2.8125
v -8.8125 5.48 3.375
v -4.875 1.32 -3.9375
v -4.875 1.32 3.9375
v -5.1563 0.7896 -3.6562
v -5.1563 0.7896 -2.5312
v -4.5938 0.7896 -2.5312
v -4.5938 0.7896 -3.6562
v -5.1563 0.7896 2.5312
v -5.1563 0.7896 3.6562
v -4.5938 0.7896 3.6562
v -4.5938 0.7896 2.5312
v -6 -0.24 2.25
v -3.75 -0.24 0
v -8.25 6 -2.25
v -6 4.96 -2.25
v -6 11.2 2.25
v -5.7188 11.2 2.5312
v -3.4688 11.2 0.2812
v -3.75 11.2 -0
v -5.7188 11.2 -2.5313
v -6 11.2 -2.25
v -8.25 11.2 -0
v -8.5313 11.2 0.2812
v -5.7188 7.04 2.5312
v -6 7.04 2.25
v -3.75 7.04 -0
v -3.4688 7.04 0.2812
v -6 7.04 -2.25
v -5.7188 7.04 -2.5312
v -8.5313 7.04 0.2812
v -8.25 7.04 -0
v -6 11.2 2.8125
v -3.1875 9.12 2.8125
v -3.1875 11.2 -0
v -8.25 4.96 -0
v -6 4.96 2.25
v -8.25 6 2.25
v -3.1875 9.12 -2.8125
v -6 11.2 -2.8125
v -8.8125 9.12 -2.8125
v -8.8125 11.2 -0
v -3.75 4.96 -0
v -3.75 6 2.25
v -5.7188 4.96 2.5312
v -3.4688 4.96 0.2812
v -5.7188 4.96 -2.5312
v -8.5313 4.96 0.2812
v -6 0.28 -2.8125
v -8.25 -0.24 0
v -3.1875 2.62 -2.8125
v -6 4.96 -2.8125
v -8.8125 2.62 -2.8125
v -8.8125 4.96 -0
v -3.75 12.24 -0
v -6 12.24 2.25
v -8.8125 2.62 2.8125
v -6 4.96 2.8125
v -3.1875 2.62 2.8125
v -3.1875 4.96 -0
v -8.8125 11.72 -0
v -9.375 11.72 -0
v -9.375 8.6 2.8125
v -4.875 10.16 2.8125
v -8.8125 8.6 3.375
v -6.8438 10.16 3.375
v -4.875 10.16 -3.375
v -5.4375 7.04 2.8125
v -5.4375 7.04 -3.375
v -7.4063 5.48 3.375
v -8.8125 7.04 -2.8125
v -8.8125 5.48 -0
v -6.8438 8.6 2.8125
v -7.4063 5.48 -2.8125
v -6 7.04 3.9375
v -4.875 7.04 3.0938
v -7.6875 6 3.0938
v -4.3125 4.96 3.9375
v -4.3125 6 3.0938
v -7.125 7.04 3.0938
v -6 7.04 2.25
v -4.3125 3.92 3.0938
v -6 3.92 2.25
v -7.6875 4.96 2.25
v -6 6 3.9375
v -5.4375 9.12 4.5
v -5.4375 9.12 3.375
v -6.5625 9.12 3.375
v -6.2813 9.12 5.625
v -5.7188 9.12 6.75
v -5.7188 9.12 5.625
v -6.2813 4.96 6.4688
v -7.125 1.32 -2.25
v -3.75 1.32 -0
v -7.125 2.36 2.25
v -7.125 2.36 -2.25
v -5.7188 4.96 6.4688
v -5.7188 4.96 5.3438
v -6.2813 6.52 5.0625
v -5.7188 6.52 5.0625
v -5.7188 7.56 5.0625
v -6.2813 10.68 5.0625
v -5.7188 10.68 5.0625
v -6.2813 11.72 5.0625
v -3.75 0.28 -3.375
v -5.4375 -1.8 -3.375
v -10.5 0.28 -2.8125
v -10.5 1.84 -2.8125
v -10.5 0.8 -3.375
v -10.5 -0.76 0
v -8.8125 -1.28 3.375
v -5.4375 -1.8 3.375
v -3.75 -1.8 0
v -8.8125 0.28 3.375
v -10.5 0.8 3.375
v -4.5938 -0.7652 -3.6562
v -5.1563 -0.7652 -2.5312
v -4.5938 -0.7652 -2.5312
v -5.1563 -0.7652 -3.6562
v -4.5938 -0.7652 2.5312
v -5.1563 -0.7652 3.6562
v -4.5938 -0.7652 3.6562
v -5.1563 -0.7652 2.5312
v -7.6875 1.06 -3.6562
v -7.6875 1.06 -2.5312
v -7.6875 1.58 -3.6562
v -7.6875 1.58 3.6562
v -7.6875 1.06 3.6562
v -7.6875 1.58 2.5312
v -7.4063 -2.06 0
v -6.8438 -0.5 -3.6562
v -7.4063 -0.5 3.6562
v -6.8438 -0.5 3.6562
v -6.8438 1.06 -0
v -7.4063 -0.5 -3.6562
v -7.4063 1.06 -0
v -9.6563 -1.54 0
v -9.0938 -0.24 -3.6562
v -9.0938 -0.24 3.6562
v -9.9375 10.16 -1.9688
v -10.5 1.32 -0
v -10.5 0.28 2.8125
v -10.5 1.84 2.8125
v -9.0938 -1.54 0
v -9.6563 0.28 -3.375
v -9.6563 0.28 -3.0938
v -9.6563 -0.24 3.6562
v -9.6563 0.28 3.375
v -9.0938 0.28 3.375
v -9.0938 0.28 3.0938
v -9.0938 0.28 -3.375
v -9.9375 10.68 1.9687
v -9.9375 10.68 0.8437
v -10.5 10.68 -0
v -9.9375 10.16 1.9687
v -9.9375 10.16 -0.8438
v -9.375 10.16 -0
v -9.9375 9.64 -1.9688
v -9.9375 9.12 1.9687
v -9.9375 9.64 1.9687
v -9.9375 9.64 0.8437
v -10.5 9.64 -0
v -9.9375 9.12 -0.8438
v -9.375 9.12 -0
v -9.9375 8.08 -1.9688
v -9.9375 8.6 1.9687
v -9.9375 8.6 0.8437
v -10.5 8.6 -0
v -9.9375 8.08 1.9687
v -9.9375 8.08 -0.8438
v -9.375 8.08 -0
v -3.75 1.84 2.8125
v -3.75 -0.24 -2.8125
v -3.75 1.84 -2.8125
v -7.4063 5.48 -3.375
v -9.375 8.6 -2.8125
v -6.8438 11.72 3.375
v -6.8438 11.72 -3.375
v -8.8125 10.16 -2.8125
v -6.8438 11.72 -2.8125
v -6.8438 11.72 2.8125
v -8.8125 10.16 2.8125
v -6 -0.24 -2.25
v -3.75 6 -2.25
v -6 7.04 2.8125
v -3.1875 7.04 -0
v -6 7.04 -2.8125
v -8.8125 7.04 -0
v -8.8125 9.12 2.8125
v -8.25 12.24 -0
v -6 0.28 2.8125
v -3.1875 0.28 -0
v -8.8125 0.28 -0
v -6 12.24 -2.25
v -9.375 5.48 -0
v -4.875 10.16 3.375
v -5.4375 7.04 3.375
v -4.875 10.16 -2.8125
v -5.4375 7.04 -2.8125
v -7.4063 5.48 2.8125
v -8.8125 8.6 -0
v -8.8125 7.04 2.8125
v -6.8438 8.6 -2.8125
v -4.3125 4.96 2.25
v -6 3.92 3.9375
v -7.6875 3.92 3.0938
v -7.6875 4.96 3.9375
v -6.5625 9.12 4.5
v -6.2813 9.12 6.75
v -6.2813 4.96 5.3438
v -7.125 1.32 2.25
v -7.125 2.36 3.375
v -7.125 2.36 -3.375
v -6.2813 7.56 5.0625
v -5.7188 11.72 5.0625
v -8.8125 -1.28 -3.375
v -8.8125 0.28 -3.375
v -7.125 -1.8 0
v -3.75 0.28 3.375
v -7.6875 1.58 -2.5312
v -7.6875 1.06 2.5312
v -6.8438 -2.06 0
v -9.6563 -0.24 -3.6562
v -9.9375 10.68 -1.9688
v -9.0938 -0.5 0
v -9.6563 -0.5 0
v -9.6563 0.28 3.0938
v -9.0938 0.28 -3.0938
v -9.375 10.68 -0
v -10.5 10.16 -0
v -9.9375 9.12 -1.9688
v -9.375 9.64 -0
v -10.5 9.12 -0
v -9.9375 8.6 -1.9688
v -9.375 8.6 -0
v -10.5 8.08 -0
v -3.75 -0.24 2.8125
v -8.8125 8.6 -3.375
v -6.8438 10.16 -3.375
v -6 2.62 -2.8125
v -7.4063 -0.5 0
v -6 2.62 2.8125
v -3.75 -0.24 0
v -6.8438 10.16 2.8125
v -6 9.12 2.8125
v -6.2813 0.28 -3.375
v -7.125 1.32 -0
v -6 4.96 3.9375
v -10.5 0.28 -0
v -6 6 2.25
v -7.125 7.04 2.8125
v -7.6875 4.96 3.0938
v -6 -0.24 0
v -4.3125 4.96 3.0938
v -8.25 6 -0
v -8.8125 -1.28 0
v -8.8125 7.04 -0
v -3.1875 9.12 -0
v -6.2813 0.28 3.375
v -6.8438 10.16 -2.8125
v -8.8125 2.62 -0
v -9.375 8.6 -0
v -7.125 7.82 3.375
v -8.8125 9.12 -0
v -6 3.92 3.0938
v -6 6 -2.25
v -6 7.04 3.0938
v -6 12.24 -0
v -7.125 7.04 -2.8125
v -3.75 6 -0
v -6.8438 -0.5 0
v -7.125 7.82 -3.375
v -8.8125 10.16 -0
v -3.1875 2.62 -0
v -5.4375 -1.8 0
v -6 9.12 -2.8125
v -7.125 -0.24 2.25
v -4.5938 -1.8 -3.375
v -3.75 -0.24 1.125
v -8.8125 10.16 -2.8125
v -7.125 4.96 -2.25
v -7.125 11.2 2.25
v -4.4531 11.2 2.6719
v -3.3281 11.2 1.5469
v -3.75 11.2 -1.125
v -4.4531 11.2 -2.6719
v -7.125 11.2 -2.25
v -8.25 11.2 1.125
v -8.6719 11.2 1.5469
v -4.4531 7.04 2.6719
v -7.125 7.04 2.25
v -3.75 7.04 1.125
v -3.3281 7.04 1.5469
v -7.125 7.04 -2.25
v -4.4531 7.04 -2.6719
v -8.6719 7.04 1.5469
v -8.25 7.04 1.125
v -7.4063 11.2 2.8125
v -8.8125 5.48 -1.4062
v -3.1875 8.08 2.8125
v -6.7031 1.58 -3.6562
v -3.1875 11.2 -1.4063
v -8.25 4.96 1.125
v -7.125 4.96 2.25
v -8.25 4.96 -1.125
v -3.1875 8.08 -2.8125
v -8.8125 6.26 -2.8125
v -7.4063 11.2 -2.8125
v -8.8125 8.08 -2.8125
v -10.5 1.58 -3.375
v -8.8125 11.2 1.4062
v -3.75 4.96 1.125
v -5.1563 -1.5426 -3.6562
v -6.7031 1.06 -3.6562
v -4.4531 4.96 2.6719
v -3.3281 4.96 1.5469
v -4.4531 4.96 -2.6719
v -8.6719 4.96 1.5469
v -3.75 -0.24 -1.125
v -4.875 -0.24 2.25
v -7.4063 0.28 -2.8125
v -4.875 4.96 -2.25
v -8.25 -0.24 1.125
v -8.8125 11.72 -1.4063
v -3.1875 1.45 -2.8125
v -5.1563 7.82 -3.375
v -7.4063 4.96 -2.8125
v -8.8125 1.45 -2.8125
v -8.8125 4.96 1.4062
v -3.75 12.24 -1.125
v -9.6563 -1.02 3.375
v -4.875 12.24 2.25
v -8.8125 1.45 2.8125
v -4.875 10.94 2.8125
v -7.4063 4.96 2.8125
v -3.1875 1.45 2.8125
v -5.1563 -1.5426 2.5312
v -3.1875 4.96 1.4062
v -8.8125 3.79 -2.8125
v -8.8125 11.72 1.4062
v -5.7188 10.68 6.75
v -9.375 11.72 1.4062
v -9.375 7.04 2.8125
v -4.5938 -1.5426 3.6562
v -4.875 9.38 2.8125
v -8.8125 7.04 3.375
v -6.9844 7.04 2.3906
v -7.8281 10.94 3.375
v -5.7188 10.68 5.625
v -4.875 9.38 -3.375
v -9.375 10.16 2.8125
v -5.7188 6.26 2.8125
v -5.8594 9.38 3.375
v -5.7188 6.26 -3.375
v -4.5938 -1.5426 -3.6562
v -8.8125 7.82 -2.8125
v -4.5938 -1.5426 2.5312
v -8.8125 5.48 1.4062
v -4.875 7.04 -2.25
v -7.8281 8.6 2.8125
v -3.6094 7.04 -0.9844
v -3.75 11.2 1.125
v -6.7031 1.06 -2.5312
v -6.8438 0.28 -3.6562
v -4.5938 -1.8 3.375
v -6.8438 3.92 2.25
v -5.4375 2.36 -2.25
v -5.1563 6 3.9375
v -8.8125 11.2 -1.4063
v -5.4375 8.08 4.5
v -10.5 -0.76 -1.6875
v -5.4375 8.08 3.375
v -6.7031 1.58 2.5312
v -6.5625 8.08 3.375
v -5.1563 -1.5426 -2.5312
v -6.2813 7.56 5.625
v -4.5938 0.28 -2.8125
v -8.25 -0.24 -1.125
v -5.7188 7.56 6.75
v -5.4375 10.16 4.5
v -5.7188 7.56 5.625
v -6.5625 10.16 3.375
v -4.875 7.04 2.25
v -8.8125 1.32 -2.25
v -3.75 1.32 -1.125
v -8.8125 2.36 2.25
v -8.8125 2.36 -2.25
v -7.4063 0.28 3.6562
v -4.5938 4.96 -2.8125
v -3.1875 3.79 2.8125
v -3.75 7.04 -1.125
v -6.8438 6 3.9375
v -8.25 7.04 -1.125
v -7.4063 -2.06 1.8281
v -3.6094 4.96 -0.9844
v -3.75 4.96 -1.125
v -8.25 11.2 -1.125
v -3.75 -0.76 -3.375
v -6.2813 -1.8 -3.375
v -10.5 0.02 -3.375
v -10.5 -0.76 1.6875
v -6.7031 1.58 3.6562
v -7.9688 -1.54 3.375
v -6.2813 -1.8 3.375
v -4.5938 -1.5426 -2.5312
v -3.75 -1.8 -1.6875
v -7.9688 -0.76 3.375
v -10.5 0.02 3.375
v -5.1563 -1.5426 3.6562
v -4.5938 0.0122 -3.6562
v -3.1875 4.96 -1.4062
v -5.1563 0.0122 -2.5312
v -6.9844 4.96 -2.3906
v -4.5938 0.0122 -2.5312
v -6.7031 1.06 3.6562
v -5.1563 0.0122 -3.6562
v -10.5 1.32 1.125
v -3.75 -1.8 1.6875
v -4.5938 0.0122 2.5312
v -4.5938 4.96 2.8125
v -5.1563 0.0122 3.6562
v -8.8125 3.79 2.8125
v -4.5938 0.0122 3.6562
v -5.1563 0.0122 2.5312
v -3.75 1.32 -3.375
v -8.6719 1.06 -3.6562
v -8.3906 7.04 -0.9844
v -8.6719 1.06 -2.5312
v -9.6563 1.32 3.375
v -8.6719 1.58 -3.6562
v -8.6719 1.58 3.6562
v -6.9844 7.04 -2.3906
v -8.6719 1.06 3.6562
v -5.4375 2.36 2.25
v -8.6719 1.58 2.5312
v -7.4063 -2.06 -1.8281
v -6.8438 -1.28 -3.6562
v -7.125 12.24 2.25
v -7.4063 -1.28 3.6562
v -3.75 12.24 1.125
v -6.8438 -1.28 3.6562
v -10.5 1.58 3.375
v -6.8438 1.06 -1.8281
v -7.4063 -1.28 -3.6562
v -7.4063 1.06 1.8281
v -7.4063 1.06 -1.8281
v -9.6563 -1.54 -1.8281
v -5.4375 10.16 3.375
v -8.8125 4.96 -1.4062
v -3.1875 3.79 -2.8125
v -4.875 4.96 2.25
v -10.5 1.32 -1.125
v -4.875 11.2 2.25
v -9.0938 -1.54 -1.8281
v -6.9844 11.2 2.3906
v -3.6094 11.2 -0.9844
v -3.1875 11.2 1.4062
v -10.2188 10.68 -0.1406
v -10.2188 10.16 0.1406
v -9.375 10.16 1.4062
v -6.2813 10.68 5.625
v -3.1875 10.16 -2.8125
v -3.1875 10.16 2.8125
v -10.2188 9.64 -0.1406
v -10.2188 9.12 0.1406
v -9.375 9.12 1.4062
v -5.4375 1.32 -2.25
v -4.5938 11.2 -2.8125
v -4.5938 11.2 2.8125
v -10.2188 8.6 -0.1406
v -10.2188 8.08 0.1406
v -9.375 8.08 1.4062
v -3.75 -1.02 -3.0938
v -6.9844 11.2 -2.3906
v -9.375 11.72 -1.4063
v -8.3906 4.96 -0.9844
v -9.375 7.04 -2.8125
v -8.3906 11.2 -0.9844
v -7.8281 11.72 3.375
v -5.1563 3.92 2.25
v -7.8281 11.72 -3.375
v -5.8594 8.6 2.8125
v -8.8125 9.38 -2.8125
v -6.9844 4.96 2.3906
v -5.8594 11.72 -2.8125
v -7.8281 11.72 2.8125
v -8.8125 9.38 2.8125
v -7.125 -0.24 -2.25
v -7.4063 7.04 2.8125
v -3.1875 7.04 1.4062
v -7.4063 7.04 -2.8125
v -8.8125 7.04 1.4062
v -8.8125 8.08 2.8125
v -8.25 12.24 -1.125
v -7.4063 0.28 2.8125
v -3.1875 0.28 1.4062
v -8.8125 0.28 1.4062
v -4.875 12.24 -2.25
v -9.375 5.48 1.4062
v -4.875 9.38 3.375
v -5.7188 6.26 3.375
v -4.875 9.38 -2.8125
v -5.7188 6.26 -2.8125
v -8.8125 8.6 1.4062
v -8.8125 7.82 2.8125
v -7.8281 8.6 -2.8125
v -6.8438 3.92 3.9375
v -6.5625 10.16 4.5
v -6.2813 10.68 6.75
v -5.4375 1.32 2.25
v -8.8125 2.36 3.375
v -8.8125 2.36 -3.375
v -7.9688 -1.54 -3.375
v -7.9688 -0.76 -3.375
v -7.125 -1.8 -1.6875
v -3.75 -0.76 3.375
v -4.875 11.2 -2.25
v -8.6719 1.58 -2.5312
v -8.6719 1.06 2.5312
v -6.8438 -2.06 -1.8281
v -9.0938 -0.5 1.5469
v -9.6563 -0.5 1.5469
v -9.375 10.68 1.4062
v -9.375 9.64 -1.4063
v -9.375 8.6 -1.4063
v -3.75 -1.02 3.0938
v -8.8125 7.04 -3.375
v -7.8281 10.94 -3.375
v -3.75 1.32 1.125
v -8.8125 10.16 3.375
v -7.4063 0.28 -3.6562
v -9.6563 -1.54 1.8281
v -5.1563 7.82 2.8125
v -6.8438 0.28 3.6562
v -6.8438 1.06 1.8281
v -9.0938 -1.54 1.8281
v -4.875 10.94 -3.375
v -9.6563 10.68 1.8281
v -9.6563 10.16 -1.8281
v -9.375 10.16 -1.4063
v -9.6563 9.64 1.8281
v -9.6563 9.12 -1.8281
v -9.375 9.12 -1.4063
v -9.6563 8.6 1.8281
v -9.6563 8.08 -1.8281
v -9.375 8.08 -1.4063
v -3.75 0.54 -2.5312
v -9.375 10.16 -2.8125
v -5.8594 11.72 3.375
v -5.8594 11.72 -3.375
v -8.8125 10.94 -2.8125
v -7.8281 11.72 -2.8125
v -5.8594 11.72 2.8125
v -8.8125 10.94 2.8125
v -4.875 -0.24 -2.25
v -4.5938 7.04 2.8125
v -3.1875 7.04 -1.4062
v -4.5938 7.04 -2.8125
v -8.8125 7.04 -1.4062
v -8.8125 10.16 2.8125
v -8.25 12.24 1.125
v -4.5938 0.28 2.8125
v -3.1875 0.28 -1.4062
v -8.8125 0.28 -1.4062
v -7.125 12.24 -2.25
v -9.375 5.48 -1.4062
v -4.875 10.94 3.375
v -5.1563 7.82 3.375
v -4.875 10.94 -2.8125
v -5.1563 7.82 -2.8125
v -8.8125 8.6 -1.4063
v -8.8125 6.26 2.8125
v -5.8594 8.6 -2.8125
v -5.1563 3.92 3.9375
v -6.5625 8.08 4.5
v -6.2813 7.56 6.75
v -8.8125 1.32 2.25
v -5.4375 2.36 3.375
v -5.4375 2.36 -3.375
v -9.6563 -1.02 -3.375
v -9.6563 1.32 -3.375
v -7.125 -1.8 1.6875
v -3.75 1.32 3.375
v -6.7031 1.58 -2.5312
v -6.7031 1.06 2.5312
v -6.8438 -2.06 1.8281
v -9.0938 -0.5 -1.5469
v -9.6563 -0.5 -1.5469
v -9.375 10.68 -1.4063
v -9.375 9.64 1.4062
v -9.375 8.6 1.4062
v -3.75 0.54 2.5312
v -8.8125 10.16 -3.375
v -5.8594 9.38 -3.375
v -6 3.79 -2.8125
v -6 1.45 -2.8125
v -4.5938 2.62 -2.8125
v -7.4063 2.62 -2.8125
v -7.4063 0.28 -0
v -7.4063 -1.28 0
v -7.4063 -0.5 -1.8281
v -7.4063 -0.5 1.8281
v -6 3.79 2.8125
v -6 1.45 2.8125
v -7.4063 2.62 2.8125
v -4.5938 2.62 2.8125
v -5.8594 10.16 -3.375
v -6.8438 10.94 -3.375
v -5.8594 10.94 -3.375
v -3.75 0.8 2.8125
v -3.75 1.06 3.0938
v -10.2188 8.08 -0.9844
v -9.9375 8.6 -0.5625
v -9.6563 8.6 -0.9844
v -10.2188 9.12 -0.9844
v -9.9375 9.64 -0.5625
v -9.6563 9.64 -0.9844
v -10.2188 10.16 -0.9844
v -9.9375 10.68 -0.5625
v -9.6563 10.68 -0.9844
v -3.75 -1.02 0
v -3.75 0.54 -0
v -3.75 -0.24 -1.4062
v -3.75 -0.24 1.4062
v -8.8125 -0.5 -3.375
v -9.6563 -0.24 -3.375
v -9.6563 0.54 -3.375
v -6.8438 10.94 3.375
v -5.8594 10.16 3.375
v -5.8594 10.94 3.375
v -7.8281 10.16 2.8125
v -5.8594 10.16 2.8125
v -6.8438 10.94 2.8125
v -6.8438 9.38 2.8125
v -4.5938 9.12 2.8125
v -7.4063 9.12 2.8125
v -6 10.16 2.8125
v -6 8.08 2.8125
v -5.8594 -0.76 -3.375
v -6.7031 1.32 -3.375
v -7.5469 0.28 -3.375
v -5.0156 0.28 -3.375
v -3.75 1.06 -3.0938
v -3.75 0.8 -2.8125
v -9.6563 8.08 0.9844
v -9.9375 8.08 0.5625
v -10.2188 8.6 0.9844
v -5.4375 1.32 -0
v -8.8125 1.32 -0
v -7.125 1.32 -1.125
v -7.125 1.32 1.125
v -9.6563 9.12 0.9844
v -9.9375 9.12 0.5625
v -10.2188 9.64 0.9844
v -5.1563 4.96 3.9375
v -6.8438 4.96 3.9375
v -9.6563 10.16 0.9844
v -9.9375 10.16 0.5625
v -10.2188 10.68 0.9844
v -10.5 0.28 1.4062
v -10.5 0.28 -1.4062
v -10.5 1.06 2.8125
v -7.125 6 2.25
v -4.875 6 2.25
v -6.9844 7.82 2.8125
v -7.2656 6.26 2.8125
v -6.2813 7.04 2.8125
v -7.9688 7.04 2.8125
v -4.875 -0.24 0
v -7.125 -0.24 0
v -6 -0.24 1.125
v -6 -0.24 -1.125
v -8.25 6 -1.125
v -8.25 6 1.125
v -8.8125 -1.28 1.6875
v -8.8125 -1.28 -1.6875
v -9.6563 -1.02 0
v -7.9688 -1.54 0
v -8.8125 6.26 -0
v -8.8125 7.82 -0
v -8.8125 7.04 -1.4062
v -8.8125 7.04 1.4062
v -8.8125 -0.5 3.375
v -9.6563 0.54 3.375
v -9.6563 -0.24 3.375
v -3.1875 10.16 -0
v -3.1875 8.08 -0
v -3.1875 9.12 1.4062
v -3.1875 9.12 -1.4063
v -10.5 1.06 -2.8125
v -5.8594 -0.76 3.375
v -6.7031 1.32 3.375
v -5.0156 0.28 3.375
v -7.5469 0.28 3.375
v -6.8438 10.94 -2.8125
v -6.8438 9.38 -2.8125
v -7.8281 10.16 -2.8125
v -5.8594 10.16 -2.8125
v -8.8125 3.79 -0
v -8.8125 1.45 -0
v -8.8125 2.62 -1.4062
v -8.8125 2.62 1.4062
v -9.375 8.6 1.4062
v -9.375 8.6 -1.4063
v -9.375 10.16 -0
v -9.375 7.04 -0
v -7.9688 8.21 3.375
v -6.2813 7.43 3.375
v -7.2656 6.65 3.375
v -6.9844 8.99 3.375
v -8.8125 10.16 -0
v -8.8125 8.08 -0
v -8.8125 9.12 -1.4063
v -8.8125 9.12 1.4062
v -5.1563 3.92 3.0938
v -6.8438 3.92 3.0938
v -7.125 6 -2.25
v -4.875 6 -2.25
v -6 12.24 1.125
v -6 12.24 -1.125
v -4.875 12.24 -0
v -7.125 12.24 -0
v -7.9688 7.04 -2.8125
v -6.2813 7.04 -2.8125
v -7.2656 6.26 -2.8125
v -6.9844 7.82 -2.8125
v -3.75 6 1.125
v -3.75 6 -1.125
v -6.8438 0.28 -0
v -6.8438 -1.28 0
v -6.8438 -0.5 1.8281
v -6.8438 -0.5 -1.8281
v -6.2813 7.43 -3.375
v -7.9688 8.21 -3.375
v -7.2656 6.65 -3.375
v -6.9844 8.99 -3.375
v -8.8125 10.16 -1.4063
v -8.8125 10.16 1.4062
v -8.8125 10.94 -0
v -8.8125 9.38 -0
v -3.1875 3.79 -0
v -3.1875 1.45 -0
v -3.1875 2.62 1.4062
v -3.1875 2.62 -1.4062
v -4.5938 -1.8 0
v -6.2813 -1.8 0
v -5.4375 -1.8 1.6875
v -5.4375 -1.8 -1.6875
v -6 10.16 -2.8125
v -6 8.08 -2.8125
v -4.5938 9.12 -2.8125
v -7.4063 9.12 -2.8125
v -7.4063 8.08 -2.8125
v -4.5938 8.08 -2.8125
v -4.5938 10.16 -2.8125
v -6.2813 -1.8 -1.6875
v -6.2813 -1.8 1.6875
v -4.5938 -1.8 1.6875
v -3.1875 1.45 -1.4062
v -3.1875 1.45 1.4062
v -3.1875 3.79 1.4062
v -8.8125 9.38 1.4062
v -8.8125 10.94 1.4062
v -8.8125 10.94 -1.4063
v -7.8984 9.575 -3.375
v -6.8438 -1.28 -1.8281
v -6.8438 -1.28 1.8281
v -6.8438 0.28 1.8281
v -6.0703 7.82 -2.8125
v -7.125 12.24 -1.125
v -4.875 12.24 -1.125
v -4.875 12.24 1.125
v -8.8125 8.08 1.4062
v -8.8125 8.08 -1.4063
v -8.8125 10.16 -1.4063
v -6.0703 8.405 3.375
v -9.375 7.04 -1.4062
v -9.375 10.16 -1.4063
v -9.375 10.16 1.4062
v -8.8125 1.45 1.4062
v -8.8125 1.45 -1.4062
v -8.8125 3.79 -1.4062
v -5.8594 9.38 -2.8125
v -7.8281 9.38 -2.8125
v -7.8281 10.94 -2.8125
v -8.1797 1.32 3.375
v -5.2266 1.32 3.375
v -4.8047 -0.76 3.375
v -3.1875 8.08 -1.4063
v -3.1875 8.08 1.4062
v -3.1875 10.16 1.4062
v -8.8125 7.82 1.4062
v -8.8125 7.82 -1.4063
v -8.8125 6.26 -1.4062
v -7.9688 -1.54 -1.6875
v -9.6563 -1.02 -1.6875
v -9.6563 -1.02 1.6875
v -7.125 -0.24 -1.125
v -7.125 -0.24 1.125
v -4.875 -0.24 1.125
v -6.0703 7.82 2.8125
v -6.9141 -0.76 -3.375
v -5.8594 10.94 2.8125
v -7.4063 3.79 -2.8125
v -7.4063 0.28 1.8281
v -4.5938 3.79 2.8125
v -4.5938 10.16 2.8125
v -7.4063 3.79 2.8125
v -5.8594 9.38 2.8125
v -7.4063 -1.28 -1.8281
v -7.4063 0.28 -1.8281
v -3.75 -1.02 -1.5469
v -3.75 0.54 -1.2656
v -3.75 0.54 1.2656
v -8.8125 1.32 1.125
v -8.8125 1.32 -1.125
v -7.4063 1.45 2.8125
v -3.75 -1.02 1.5469
v -4.5938 1.45 2.8125
v -8.1797 1.32 -3.375
v -7.4063 8.08 2.8125
v -7.8281 10.94 2.8125
v -7.4063 10.16 2.8125
v -5.2266 1.32 -3.375
v -5.4375 1.32 -1.125
v -7.4063 -1.28 1.8281
v -4.5938 3.79 -2.8125
v -7.4063 1.45 -2.8125
v -4.5938 1.45 -2.8125
v -7.8281 9.38 2.8125
v -4.5938 8.08 2.8125
v -4.8047 -0.76 -3.375
v -5.4375 1.32 1.125
v -7.8984 7.82 2.8125
v -4.875 -0.24 -1.125
v -7.9688 -1.54 1.6875
v -8.8125 6.26 1.4062
v -3.1875 10.16 -1.4063
v -6.9141 -0.76 3.375
v -5.8594 10.94 -2.8125
v -8.8125 3.79 1.4062
v -9.375 7.04 1.4062
v -7.8984 9.575 3.375
v -8.8125 10.16 1.4062
v -7.125 12.24 1.125
v -7.8984 7.82 -2.8125
v -6.8438 0.28 -1.8281
v -6.0703 8.405 -3.375
v -8.8125 9.38 -1.4063
v -3.1875 3.79 -1.4062
v -4.5938 -1.8 -1.6875
v -7.4063 10.16 -2.8125
v -5.7188 9.9 6.75
v -9.375 6.26 2.8125
v -8.8125 6.26 3.375
v -5.7188 9.9 5.625
v -9.375 9.38 2.8125
v -6.2813 2.36 -2.25
v -10.5 -0.76 -0.8438
v -6.2813 6.78 5.625
v -5.7188 6.78 6.75
v -5.7188 6.78 5.625
v -9.6563 1.32 -2.25
v -9.6563 2.36 2.25
v -9.6563 2.36 -2.25
v -7.4063 -2.06 0.9141
v -10.5 -0.76 2.5312
v -3.75 -1.8 -2.5312
v -3.75 -1.8 0.8438
v -6.2813 2.36 2.25
v -7.4063 -2.06 -2.7422
v -6.8438 1.06 -2.7422
v -7.4063 1.06 0.9141
v -7.4063 1.06 -2.7422
v -9.6563 -1.54 -2.7422
v -9.0938 -1.54 -2.7422
v -6.2813 9.9 5.625
v -6.2813 1.32 -2.25
v -9.375 6.26 -2.8125
v -6.2813 11.46 6.75
v -4.5938 1.32 2.25
v -9.6563 2.36 3.375
v -9.6563 2.36 -3.375
v -7.125 -1.8 -2.5312
v -6.8438 -2.06 -2.7422
v -9.0938 -0.5 2.3203
v -9.6563 -0.5 2.3203
v -8.8125 6.26 -3.375
v -8.8125 9.38 3.375
v -9.6563 -1.54 0.9141
v -6.8438 1.06 0.9141
v -9.0938 -1.54 0.9141
v -9.375 9.38 -2.8125
v -6.2813 8.34 6.75
v -7.9688 1.32 2.25
v -6.2813 2.36 3.375
v -6.2813 2.36 -3.375
v -7.125 -1.8 0.8438
v -6.8438 -2.06 0.9141
v -9.0938 -0.5 -0.7734
v -9.6563 -0.5 -0.7734
v -8.8125 9.38 -3.375
v -7.4063 -0.5 -2.7422
v -7.4063 -0.5 0.9141
v -4.5938 1.32 -0
v -7.9688 1.32 -0
v -8.8125 -1.28 2.5312
v -8.8125 -1.28 -0.8438
v -9.375 10.94 -0
v -9.375 7.82 -0
v -6.8438 -0.5 2.7422
v -6.8438 -0.5 -0.9141
v -5.4375 -1.8 2.5312
v -5.4375 -1.8 -0.8438
v -5.7188 11.46 6.75
v -9.375 7.82 2.8125
v -8.8125 7.82 3.375
v -5.7188 11.46 5.625
v -9.375 10.94 2.8125
v -4.5938 2.36 -2.25
v -10.5 -0.76 -2.5312
v -6.2813 8.34 5.625
v -5.7188 8.34 6.75
v -5.7188 8.34 5.625
v -7.9688 1.32 -2.25
v -7.9688 2.36 2.25
v -7.9688 2.36 -2.25
v -7.4063 -2.06 2.7422
v -10.5 -0.76 0.8438
v -3.75 -1.8 -0.8438
v -3.75 -1.8 2.5312
v -4.5938 2.36 2.25
v -7.4063 -2.06 -0.9141
v -6.8438 1.06 -0.9141
v -7.4063 1.06 2.7422
v -7.4063 1.06 -0.9141
v -9.6563 -1.54 -0.9141
v -9.0938 -1.54 -0.9141
v -6.2813 11.46 5.625
v -4.5938 1.32 -2.25
v -9.375 7.82 -2.8125
v -6.2813 9.9 6.75
v -6.2813 1.32 2.25
v -7.9688 2.36 3.375
v -7.9688 2.36 -3.375
v -7.125 -1.8 -0.8438
v -6.8438 -2.06 -0.9141
v -9.0938 -0.5 0.7734
v -9.6563 -0.5 0.7734
v -8.8125 7.82 -3.375
v -8.8125 10.94 3.375
v -9.6563 -1.54 2.7422
v -6.8438 1.06 2.7422
v -9.0938 -1.54 2.7422
v -9.375 10.94 -2.8125
v -6.2813 6.78 6.75
v -9.6563 1.32 2.25
v -4.5938 2.36 3.375
v -4.5938 2.36 -3.375
v -7.125 -1.8 2.5312
v -6.8438 -2.06 2.7422
v -9.0938 -0.5 -2.3203
v -9.6563 -0.5 -2.3203
v -8.8125 10.94 -3.375
v -7.4063 -0.5 -0.9141
v -7.4063 -0.5 2.7422
v -6.2813 1.32 -0
v -9.6563 1.32 -0
v -8.8125 -1.28 0.8438
v -8.8125 -1.28 -2.5312
v -9.375 9.38 -0
v -9.375 6.26 -0
v -6.8438 -0.5 0.9141
v -6.8438 -0.5 -2.7422
v -5.4375 -1.8 0.8438
v -5.4375 -1.8 -2.5312
v -6.2813 -1.8 -0.8438
v -6.2813 -1.8 -2.5312
v -6.2813 -1.8 2.5312
v -6.2813 -1.8 0.8438
v -4.5938 -1.8 2.5312
v -4.5938 -1.8 0.8438
v -7.6172 7.43 -3.375
v -8.0391 6.845 -3.375
v -6.4922 6.455 -3.375
v -6.8438 -1.28 -0.9141
v -6.8438 -1.28 -2.7422
v -6.8438 -1.28 2.7422
v -6.8438 -1.28 0.9141
v -6.8438 0.28 2.7422
v -6.8438 0.28 0.9141
v -6.4922 6.26 -2.8125
v -8.0391 6.26 -2.8125
v -6.4922 6.455 3.375
v -7.6172 7.43 3.375
v -8.0391 6.845 3.375
v -9.375 7.82 -1.4063
v -9.375 6.26 -1.4062
v -9.375 10.94 -1.4063
v -9.375 9.38 -1.4063
v -9.375 10.94 1.4062
v -9.375 9.38 1.4062
v -7.9688 -1.54 -0.8438
v -7.9688 -1.54 -2.5312
v -9.6563 -1.02 -0.8438
v -9.6563 -1.02 -2.5312
v -9.6563 -1.02 2.5312
v -9.6563 -1.02 0.8438
v -8.0391 6.26 2.8125
v -6.4922 6.26 2.8125
v -7.4063 0.28 0.9141
v -7.4063 0.28 2.7422
v -7.4063 -1.28 -2.7422
v -7.4063 -1.28 -0.9141
v -7.4063 0.28 -2.7422
v -7.4063 0.28 -0.9141
v -3.75 -1.02 -2.3203
v -3.75 -1.02 -0.7734
v -7.9688 1.32 1.125
v -9.6563 1.32 1.125
v -7.9688 1.32 -1.125
v -9.6563 1.32 -1.125
v -3.75 -1.02 0.7734
v -3.75 -1.02 2.3203
v -4.5938 1.32 -1.125
v -6.2813 1.32 -1.125
v -7.4063 -1.28 0.9141
v -7.4063 -1.28 2.7422
v -4.5938 1.32 1.125
v -6.2813 1.32 1.125
v -7.9688 -1.54 2.5312
v -7.9688 -1.54 0.8438
v -9.375 7.82 1.4062
v -9.375 6.26 1.4062
v -6.8438 0.28 -0.9141
v -6.8438 0.28 -2.7422
v -4.5938 -1.8 -0.8438
v -4.5938 -1.8 -2.5312
vt 0.0778 0.6186
vt 0.0556 0.5932
vt 0.0556 0.6186
vt 0.5444 0.0339
vt 0.5611 0.0508
vt 0.5611 0.0339
vt 0.4194 0.1822
vt 0.4333 0.1695
vt 0.4111 0.1695
vt 0.075 0.1737
vt 0.1 0.1695
vt 0.0778 0.1695
vt 0.1861 0.1737
vt 0.2111 0.1695
vt 0.1889 0.1695
vt 0.3083 0.1822
vt 0.3222 0.1695
vt 0.3 0.1695
vt 0.3694 0.3347
vt 0.3444 0.339
vt 0.3667 0.339
vt 0.025 0.3263
vt 0.0111 0.339
vt 0.0333 0.339
vt 0.1361 0.3263
vt 0.1222 0.339
vt 0.1444 0.339
vt 0.2583 0.3347
vt 0.2333 0.339
vt 0.2556 0.339
vt 0.2222 0.2203
vt 0.1944 0.1864
vt 0.1944 0.2203
vt 0.5611 0.5932
vt 0.5778 0.5593
vt 0.5611 0.5593
vt 0.6778 0.5254
vt 0.6667 0.5085
vt 0.6667 0.5254
vt 0.6389 0.0508
vt 0.6556 0.0339
vt 0.6389 0.0339
vt 0.3222 -0
vt 0.3444 0.0169
vt 0.3444 -0
vt 0.4667 0.0508
vt 0.4889 0.0339
vt 0.4667 0.0339
vt 0.8167 0.339
vt 0.8 0.3644
vt 0.8167 0.3644
vt 0.1111 0.4619
vt 0.0833 0.4237
vt 0.0833 0.4619
vt 0.4194 0.4195
vt 0.4333 0.4068
vt 0.4111 0.4068
vt 0.075 0.411
vt 0.1 0.4068
vt 0.0778 0.4068
vt 0.1861 0.411
vt 0.2111 0.4068
vt 0.1889 0.4068
vt 0.3083 0.4195
vt 0.3222 0.4068
vt 0.3 0.4068
vt 0.2111 0.5932
vt 0.1944 0.5763
vt 0.1889 0.5932
vt 0.3611 0.5763
vt 0.3444 0.5932
vt 0.3667 0.5932
vt 0.4444 0.2881
vt 0.4556 0.2627
vt 0.4444 0.2627
vt 0.0278 0.5763
vt 0.0111 0.5932
vt 0.0333 0.5932
vt 0.0889 0.5932
vt 0.0778 0.5932
vt 0.2556 0.0169
vt 0.2333 -0
vt 0.2333 0.0169
vt 0.3889 0.0169
vt 0.3667 -0
vt 0.3667 0.0169
vt 0.4083 0.0508
vt 0.3889 0.0847
vt 0.4083 0.0847
vt 0.6222 0.678
vt 0.6444 0.6441
vt 0.6222 0.6441
vt 0.7444 0.339
vt 0.7556 0.3136
vt 0.7444 0.3136
vt 0.7444 0.2373
vt 0.7556 0.2119
vt 0.7444 0.2119
vt 0.6667 0.7966
vt 0.6778 0.8305
vt 0.6778 0.7966
vt 0.6 0.0508
vt 0.6222 0.0339
vt 0.6 0.0339
vt 0.8167 0.8475
vt 0.7889 0.822
vt 0.8167 0.822
vt 0.0778 0.6949
vt 0.0889 0.7288
vt 0.0889 0.6949
vt 0.4792 0.2436
vt 0.4556 0.2373
vt 0.4611 0.2627
vt 0.6278 0.1356
vt 0.6556 0.1186
vt 0.6278 0.1186
vt 0.6667 0.161
vt 0.6556 0.1356
vt 0.6556 0.161
vt 0.2778 0.0169
vt 0.2556 -0
vt 0.2667 0.9746
vt 0.2847 1
vt 0.2847 0.9746
vt 0.0111 0.3729
vt 0.0333 0.3729
vt 0.9181 0.8729
vt 0.9 0.8475
vt 0.9 0.8729
vt 0.7 0.7627
vt 0.6778 0.7627
vt 0.6556 0.339
vt 0.6556 0.3559
vt 0.6667 0.3559
vt 0.2847 0.678
vt 0.2778 0.6441
vt 0.2667 0.678
vt 0.2333 0.1356
vt 0.2556 0.1695
vt 0.2556 0.1356
vt 0.7 0.5254
vt 0.7111 0.5424
vt 0.7111 0.5254
vt 0.2111 0.0339
vt 0.1889 0
vt 0.1889 0.0339
vt 0.0111 0.1356
vt 0.0333 0.1695
vt 0.0333 0.1356
vt 0.5333 0.5339
vt 0.5111 0.5085
vt 0.5111 0.5339
vt 0.4083 0
vt 0.3889 0.0339
vt 0.4083 0.0339
vt 0.1444 0.3729
vt 0.1222 0.4068
vt 0.1444 0.4068
vt 0.4778 0.6864
vt 0.4944 0.7119
vt 0.4944 0.6864
vt 0.3333 0.2203
vt 0.3056 0.1864
vt 0.3056 0.2203
vt 0.6556 0.3983
vt 0.6667 0.4407
vt 0.6667 0.3983
vt 0.5333 0.339
vt 0.5444 0.3136
vt 0.5333 0.3136
vt 0.7111 0.7373
vt 0.7111 0.7627
vt 0.3931 0.6949
vt 0.4111 0.678
vt 0.3931 0.678
vt 0.6861 0.161
vt 0.6667 0.1864
vt 0.4444 0.2373
vt 0.4556 0.2119
vt 0.4444 0.2119
vt 0.5444 0.3559
vt 0.5333 0.3983
vt 0.5444 0.3983
vt 0.4611 0.5593
vt 0.4444 0.5932
vt 0.4611 0.5932
vt 0.6278 0.339
vt 0.6556 0.3136
vt 0.6278 0.3136
vt 0.8167 0.678
vt 0.8 0.7119
vt 0.8167 0.7119
vt 0.4389 0.678
vt 0.4111 0.6949
vt 0.4389 0.6949
vt 0.1111 0.6186
vt 0.1222 0.5932
vt 0.1111 0.5932
vt 0.6444 0.7966
vt 0.6667 0.8305
vt 0.6778 0.5424
vt 0.7 0.5085
vt 0.6667 0.5424
vt 0.6444 0.5254
vt 0.6444 0.5424
vt 0.3889 0.0508
vt 0.6 0.5424
vt 0.5778 0.5763
vt 0.6 0.5763
vt 0.6778 0.5085
vt 0.3333 0.4619
vt 0.3056 0.4237
vt 0.3056 0.4619
vt 0.7111 0.7712
vt 0.7306 0.7458
vt 0.7306 0.7712
vt 0.6 0.6441
vt 0.8625 0.5763
vt 0.8667 0.5424
vt 0.85 0.5424
vt 0.9778 0.3729
vt 0.9722 0.3559
vt 0.9556 0.3559
vt 0.1111 0.2203
vt 0.0833 0.1864
vt 0.0833 0.2203
vt 0.6 0.678
vt 0.6222 0.7119
vt 0.9333 0.678
vt 0.9333 0.6525
vt 0.9167 0.6441
vt 0.3222 0.0169
vt 0.3333 0.0847
vt 0.7889 0.9237
vt 0.8167 0.9492
vt 0.8167 0.9237
vt 0.7 0.7966
vt 0.9167 0.7458
vt 0.9333 0.7119
vt 0.9167 0.7119
vt 0.8667 0.5169
vt 0.8833 0.5424
vt 0.8833 0.5169
vt 0.2333 0.3729
vt 0.2556 0.3729
vt 0.5778 0.6271
vt 0.5611 0.6271
vt 0.0889 0.6186
vt 0.2167 0.8983
vt 0.2 0.8814
vt 0.2 0.8983
vt 0.1444 0.5932
vt 0.1222 0.6271
vt 0.1444 0.6271
vt 0.3931 0.8983
vt 0.4111 0.8814
vt 0.3931 0.8814
vt 0.0778 0.7288
vt 0.6222 0.5424
vt 0.6 0.5085
vt 0.4778 0.6271
vt 0.4611 0.6271
vt 0.7708 0.8729
vt 0.7889 0.8475
vt 0.7694 0.8475
vt 0.2111 -0
vt 0.2111 0.0169
vt 0.4889 0.0508
vt 0.4611 0.8983
vt 0.4778 0.8814
vt 0.4611 0.8814
vt 0.2389 0.678
vt 0.2111 0.6949
vt 0.2389 0.6949
vt 0.7 0.7373
vt 0.6778 0.7373
vt 0.3667 0.1356
vt 0.3444 0.1695
vt 0.3667 0.1695
vt 0.6667 0.7373
vt 0.3444 0.3729
vt 0.3667 0.3729
vt 0.25 0.5763
vt 0.2333 0.5932
vt 0.2556 0.5932
vt 0.9889 0.5254
vt 0.9833 0.5424
vt 1 0.5424
vt 0.9333 0.4915
vt 0.9333 0.5169
vt 0.9556 0.5254
vt 0.4 0.7288
vt 0.2722 0.6186
vt 0.2778 0.6186
vt 0.4 0.6441
vt 0.4111 0.6356
vt 0.4056 0.6186
vt 0.4056 0.7542
vt 0.4 0.7542
vt 0.2778 0.7288
vt 0.2667 0.7373
vt 0.2722 0.7542
vt 0.6222 0.0508
vt 0.6361 0.0085
vt 0.6389 0.0169
vt 0.6556 -0
vt 0.6028 0.0593
vt 0.5833 0.0678
vt 0.6111 0.0678
vt 0.6667 0.5593
vt 0.6444 0.5847
vt 0.6667 0.5847
vt 0.5278 0.6271
vt 0.5444 0.661
vt 0.5444 0.6271
vt 0.8167 0
vt 0.8 0.0339
vt 0.8167 0.0339
vt 0.5778 0.0508
vt 0.5778 0.0339
vt 0.3 -0
vt 0.3 0.0169
vt 0.7222 0.5254
vt 0.7111 0.5085
vt 0.5278 0.5932
vt 0.5333 0.5593
vt 0.5111 0.5593
vt 0.7333 0.339
vt 0.7389 0.3475
vt 0.7556 0.339
vt 0.5444 0.1186
vt 0.5333 0.1186
vt 0.5444 0.1356
vt 0.6667 0.1186
vt 0.5333 0.3559
vt 0.5444 0.339
vt 0.1444 0.1695
vt 0.1222 0.1356
vt 0.1222 0.1695
vt 0.1222 0.6186
vt 0.8 0.3051
vt 0.8208 0.3051
vt 0.6444 0.8475
vt 0.6667 0.8475
vt 0.5722 0.339
vt 0.5722 0.3559
vt 0.4167 0.322
vt 0.4444 0.2881
vt 0.4167 0.2881
vt 0.2889 0.0847
vt 0.3111 0.0847
vt 0.3556 0.0847
vt 0.3778 0.0847
vt 0.2222 0.0847
vt 0.2444 0.0847
vt 0.2667 0.0847
vt 0.9194 0.822
vt 0.9 0.822
vt 0.5444 0
vt 0.5333 0.0297
vt 0.5444 0.0297
vt 0.8167 0.1356
vt 0.8 0.1695
vt 0.8167 0.1695
vt 0.6 0.0847
vt 0.6194 0.0763
vt 0.5889 0.0169
vt 0.5972 0.0254
vt 0.4167 0.1864
vt 0.4444 0.1864
vt 0.3333 0.1864
vt 0.3611 0.322
vt 0.0278 0.322
vt 0 0.322
vt 0.1389 0.322
vt 0.1111 0.322
vt 0.25 0.322
vt 0.1389 0.1864
vt 0.1611 0.178
vt 0.1361 0.1822
vt 0.2778 0.5932
vt 0.2667 0.5932
vt 0.6778 0.661
vt 0.7 0.6356
vt 0.6778 0.6356
vt 0.5806 0.0085
vt 0.5611 0.0169
vt 0.2583 0.1737
vt 0.2778 0.1864
vt 0.2833 0.178
vt 0.6167 0.0169
vt 0.6194 0.0254
vt 0.4 0.7797
vt 0.4111 0.7797
vt 0.4167 0.4237
vt 0.4444 0.4237
vt 0.1944 0.4237
vt 0.3333 0.4237
vt 0.1667 0.5381
vt 0.1389 0.5
vt 0.1389 0.5381
vt 0.2222 0.5381
vt 0.1944 0.5
vt 0.1944 0.5381
vt 0.1667 0.4619
vt 0.1389 0.4237
vt 0.1389 0.4619
vt 0.85 0.2034
vt 0.8667 0.1695
vt 0.85 0.1695
vt 0.7056 0.1864
vt 0.725 0.1864
vt 0.7056 0.161
vt 0.075 0.3347
vt 0.0556 0.322
vt 0.05 0.3305
vt 0.6667 0.661
vt 0.6667 0.6356
vt 0.1611 0.4153
vt 0.1361 0.4195
vt 0.2667 0.7797
vt 0.2667 0.6356
vt 0.7778 0.339
vt 0.7833 0.3475
vt 0.8 0.339
vt 0.5444 0.0593
vt 0.5333 0.089
vt 0.5444 0.089
vt 0.6556 0.0508
vt 0.6556 0.0297
vt 0.6667 0.0593
vt 0.6667 0.0297
vt 0.725 0.2119
vt 0.7222 0.3559
vt 0.7444 0.3559
vt 0.2583 0.411
vt 0.2778 0.4237
vt 0.2833 0.4153
vt 0.3694 0.411
vt 0.3889 0.4237
vt 0.3944 0.4153
vt 0.6278 0.0847
vt 0.7444 0.5254
vt 0.7667 0.5254
vt 0.75 0.517
vt 0.4944 0.1356
vt 0.475 0.1356
vt 0.475 0.161
vt 0.4111 0.8559
vt 0.3931 0.8305
vt 0.3931 0.8559
vt 0.4111 0.5932
vt 0.95 0.5424
vt 0.9667 0.5424
vt 0.5444 0.5932
vt 0.5639 0.0763
vt 0.5444 0.0847
vt 0.5722 0.0847
vt 0.5611 0.0678
vt 0.8167 0.0678
vt 0.8 0.1017
vt 0.8167 0.1017
vt 0.9778 0.4068
vt 0.9556 0.4407
vt 0.9778 0.4407
vt 0.5722 0
vt 0.2778 0.7797
vt 0.8 0.2373
vt 0.825 0.2712
vt 0.8292 0.2373
vt 0.1667 0.1356
vt 0.1667 0.1695
vt 0.4944 0.1864
vt 0.475 0.1864
vt 0.475 0.2119
vt 0.75 0.3644
vt 0.7667 0.3559
vt 0.3611 0.2203
vt 0.3889 0.2542
vt 0.3889 0.2203
vt 0.9722 0.5254
vt 0.9194 0.7712
vt 0.9 0.7966
vt 0.9 0.7712
vt 0.3889 0.2881
vt 0.3611 0.2881
vt 0.4 0.5932
vt 0.9333 0.2542
vt 0.9333 0.2288
vt 0.9167 0.2627
vt 0.4944 0.161
vt 0.8583 0.2373
vt 0.875 0.2712
vt 0.8875 0.2373
vt 0.6444 0.5085
vt 0.9333 0.4153
vt 0.9333 0.4407
vt 0.7 0.5424
vt 0.4111 0.1356
vt 0.3889 0.1695
vt 0.5806 0.0593
vt 0.9333 0.3051
vt 0.9333 0.2797
vt 0.9167 0.3136
vt 0.4444 0.5381
vt 0.4167 0.5
vt 0.4167 0.5381
vt 1 0.3729
vt 0.9889 0.3559
vt 0.3236 0.7288
vt 0.3389 0.6949
vt 0.3208 0.6949
vt 0.7833 0.5339
vt 0.8 0.5169
vt 0.7833 0.5106
vt 0.3611 0.5381
vt 0.3889 0.5
vt 0.3611 0.5
vt 0.9556 0.4831
vt 0.9778 0.5085
vt 0.9778 0.4746
vt 0.4472 0.0508
vt 0.4278 0.0847
vt 0.4472 0.0847
vt 0.4944 0.5932
vt 0.5111 0.6271
vt 0.5111 0.5932
vt 0.9 0.322
vt 0.9167 0.2881
vt 0.9 0.2966
vt 0.8833 0.3305
vt 0.7778 0.5424
vt 0.8 0.5424
vt 0.4944 0.6271
vt 0.5111 0.661
vt 0.8833 0.0678
vt 0.8667 0.1017
vt 0.8833 0.1017
vt 0.7556 0.5424
vt 0.7389 0.5339
vt 0.8833 0
vt 0.8667 0.0339
vt 0.8833 0.0339
vt 0.7667 0.4831
vt 0.75 0.4788
vt 0.75 0.4025
vt 0.7667 0.4407
vt 0.7667 0.3983
vt 0.6444 0.6864
vt 0.6667 0.6864
vt 0.3889 0.3729
vt 0.3889 0.4068
vt 0.1222 0.6695
vt 0.1111 0.6441
vt 0.1111 0.6695
vt 0.7833 0.4174
vt 0.8 0.4407
vt 0.8 0.4153
vt 0.4111 0.7373
vt 0.0889 0.6441
vt 0.0889 0.6695
vt 1 0.5085
vt 0.3389 0.8051
vt 0.3208 0.7797
vt 0.3208 0.8051
vt 0.3389 0.8559
vt 0.3208 0.8305
vt 0.3208 0.8559
vt 0.4 0.6186
vt 0.2778 0.7542
vt 0.6278 0
vt 0.4889 0.5593
vt 0.9583 0.8475
vt 0.9389 0.822
vt 0.9583 0.822
vt 0.7333 0.5424
vt 0.3611 0.4619
vt 0.3611 0.4237
vt 0.7111 0.3729
vt 0.7111 0.339
vt 0.4167 0.2542
vt 0.4444 0.2203
vt 0.4167 0.2203
vt 0.7444 0.1864
vt 0.7444 0.161
vt 0.725 0.161
vt 0.5333 0.1356
vt 0.5139 0.1356
vt 0.5139 0.161
vt 0.6 0.3559
vt 0.6278 0.3559
vt 0.3694 0.1737
vt 0.3889 0.1864
vt 0.3944 0.178
vt 0.0278 0.1864
vt 0.05 0.178
vt 0.025 0.1822
vt 0.8667 0.1356
vt 0.8833 0.1695
vt 0.8833 0.1356
vt 0.6444 0.5593
vt 0.6556 0.089
vt 0.6667 0.089
vt 0.4444 0.4619
vt 0.4167 0.4619
vt 0.4111 0.8051
vt 0.3931 0.7797
vt 0.3931 0.8051
vt 0.9167 0.2034
vt 0.9333 0.1695
vt 0.9167 0.1695
vt 0.2778 -0
vt 0.1944 0.4619
vt 0.2222 0.4237
vt 0.3889 -0
vt 0.4444 0.339
vt 0.4556 0.3136
vt 0.4444 0.3136
vt 0.9583 0.7966
vt 0.9389 0.7712
vt 0.9583 0.7712
vt 0.8417 0.3051
vt 0.85 0.339
vt 0.8625 0.3051
vt 0.0278 0.4237
vt 0.05 0.4153
vt 0.025 0.4195
vt 0.3667 0.4068
vt 0.3444 0.4068
vt 0.4111 0.3729
vt 0.3889 0.339
vt 0.1861 0.3347
vt 0.1667 0.322
vt 0.1611 0.3305
vt 0.2667 0.6949
vt 0.2778 0.5763
vt 0.3 0.5932
vt 0.3056 0.5763
vt 0.4278 0.8983
vt 0.4444 0.8814
vt 0.4278 0.8814
vt 0.3944 0.3305
vt 0.4194 0.3263
vt 0.4472 0
vt 0.4278 0.0339
vt 0.4472 0.0339
vt 0.7347 0.8729
vt 0.75 0.8475
vt 0.7306 0.8475
vt 0.3056 0.322
vt 0.2833 0.3305
vt 0.3083 0.3263
vt 0.7389 0.8983
vt 0.7583 0.9237
vt 0.7556 0.8983
vt 0.7722 0.8983
vt 0.7889 0.8983
vt 0.4444 0.6271
vt 0.4611 0.661
vt 0.4444 0.661
vt 0.4778 0.661
vt 0.4278 0.0508
vt 0.3208 0.8983
vt 0.3389 0.8814
vt 0.3208 0.8814
vt 0.1444 0.661
vt 0.1222 0.6949
vt 0.1444 0.6949
vt 0.1889 0.661
vt 0.1667 0.6949
vt 0.1889 0.6949
vt 0.1667 0.6271
vt 0.1889 0.6271
vt 0.25 0.8814
vt 0.2333 0.8983
vt 0.25 0.8983
vt 0.0778 0.6441
vt 0.0778 0.6695
vt 0.5611 0.661
vt 0.5778 0.661
vt 0.2333 0.4068
vt 0.2556 0.4068
vt 0.3 0.3729
vt 0.2778 0.4068
vt 0.3 0.339
vt 0.2778 0.3729
vt 0.9 0.5169
vt 0.9167 0.5424
vt 0.9167 0.5169
vt 0.9 0.4153
vt 0.9167 0.4407
vt 0.9167 0.4153
vt 0.8667 0.4153
vt 0.8833 0.4407
vt 0.8833 0.4153
vt 0.85 0.7458
vt 0.8667 0.7119
vt 0.85 0.7119
vt 0.7 0.8305
vt 0.7111 0.7966
vt 0.8444 0.9237
vt 0.8722 0.9492
vt 0.8722 0.9237
vt 0.8444 0.8729
vt 0.8722 0.8983
vt 0.8722 0.8729
vt 0.7889 0.8729
vt 0.8167 0.8983
vt 0.8167 0.8729
vt 0.9 0.6102
vt 0.9 0.5847
vt 0.8833 0.5763
vt 0.9167 0.6186
vt 0.9333 0.6271
vt 0.9333 0.6017
vt 0.9167 0.5932
vt 0.0556 0.2203
vt 0.0278 0.2203
vt 0.0556 0.2881
vt 0.0278 0.2542
vt 0.0278 0.2881
vt 0.1111 0.2881
vt 0.0833 0.2542
vt 0.0833 0.2881
vt 0.95 0.339
vt 0.9333 0.339
vt 0.9667 0.339
vt 0.9833 0.339
vt 0.8208 0.5763
vt 0.8333 0.5424
vt 0.8167 0.5424
vt 0.8292 0.6441
vt 0.85 0.6102
vt 0.825 0.6102
vt 0.8875 0.6441
vt 0.875 0.6102
vt 0.6222 0.6102
vt 0.6222 0.5763
vt 0.75 0.7712
vt 0.7694 0.7458
vt 0.7694 0.7712
vt 0.75 0.822
vt 0.7694 0.7966
vt 0.7694 0.822
vt 0.7111 0.822
vt 0.7306 0.7966
vt 0.7306 0.822
vt 0.2778 0.4619
vt 0.25 0.4237
vt 0.25 0.4619
vt 0.2778 0.5381
vt 0.25 0.5
vt 0.25 0.5381
vt 0.3333 0.5381
vt 0.3056 0.5
vt 0.3056 0.5381
vt 0.6 0.6102
vt 0.5778 0.6441
vt 0.6444 0.7627
vt 0.6667 0.7627
vt 0.4667 0.6949
vt 0.4667 0.678
vt 0.8833 0.678
vt 0.8833 0.7119
vt 0.6278 0.2373
vt 0.6556 0.2119
vt 0.6278 0.2119
vt 0.5722 0.2373
vt 0.6 0.2119
vt 0.5722 0.2119
vt 0.6 0.3136
vt 0.5722 0.3136
vt 0.4778 0.5593
vt 0.4778 0.5932
vt 0.5333 0.4407
vt 0.5444 0.4407
vt 0.4444 0.1864
vt 0.4556 0.161
vt 0.4444 0.161
vt 0.7 0.2627
vt 0.6903 0.2754
vt 0.6972 0.3008
vt 0.7278 0.3136
vt 0.7333 0.2881
vt 0.7167 0.2754
vt 0.7028 0.2246
vt 0.7208 0.2436
vt 0.3389 0.678
vt 0.3208 0.678
vt 0.7111 0.661
vt 0.7111 0.6356
vt 0.5333 0.2373
vt 0.5444 0.2119
vt 0.5333 0.2119
vt 0.0556 0.6441
vt 0.0556 0.6695
vt 0.2778 0.2203
vt 0.25 0.1864
vt 0.25 0.2203
vt 0.2778 0.2881
vt 0.25 0.2542
vt 0.25 0.2881
vt 0.3333 0.2881
vt 0.3056 0.2542
vt 0.3056 0.2881
vt 0.5111 0.6864
vt 0.5278 0.7119
vt 0.5278 0.6864
vt 0.5278 0.661
vt 0.4944 0.661
vt 0.1889 0.3729
vt 0.1667 0.4068
vt 0.1889 0.339
vt 0.1667 0.3729
vt 0.1222 0.3729
vt 0.4889 0.5085
vt 0.4889 0.5339
vt 0.0556 0.1356
vt 0.0778 0.1356
vt 0.1667 0.0339
vt 0.1444 0
vt 0.1444 0.0339
vt 0.1667 0.1017
vt 0.1444 0.0678
vt 0.1444 0.1017
vt 0.2111 0.1017
vt 0.1889 0.0678
vt 0.1889 0.1017
vt 0.2778 0.1356
vt 0.3 0.1356
vt 0.3542 0.6441
vt 0.3569 0.678
vt 0.9306 0.9237
vt 0.9333 0.8983
vt 0.9167 0.8983
vt 0.9611 0.9237
vt 0.9667 0.8983
vt 0.95 0.8983
vt 0.9542 0.8729
vt 0.9389 0.8475
vt 0.9361 0.8729
vt 0.0111 0.4068
vt 0.0333 0.4068
vt 0.0778 0.3729
vt 0.0556 0.4068
vt 0.0778 0.339
vt 0.0556 0.3729
vt 0.3389 0.9746
vt 0.3569 1
vt 0.3569 0.9746
vt 0.3389 0.9237
vt 0.3569 0.9492
vt 0.3569 0.9237
vt 0.2667 0.9237
vt 0.2847 0.9492
vt 0.2847 0.9237
vt 0.6667 0.2627
vt 0.6556 0.2373
vt 0.6556 0.2627
vt 0.5722 0.1356
vt 0.6 0.1186
vt 0.5722 0.1186
vt 0.5028 0.3008
vt 0.5 0.2627
vt 0.4833 0.2754
vt 0.5333 0.2627
vt 0.5167 0.25
vt 0.5333 0.2881
vt 0.5153 0.2055
vt 0.4972 0.2246
vt 0.8167 0.7966
vt 0.7889 0.7712
vt 0.8167 0.7712
vt 0.8722 0.7966
vt 0.8444 0.7712
vt 0.8722 0.7712
vt 0.8722 0.8475
vt 0.8444 0.822
vt 0.8722 0.822
vt 0.7556 0.161
vt 0.7444 0.2881
vt 0.7556 0.2627
vt 0.7444 0.2627
vt 0.6444 0.5763
vt 0.0778 0.5932
vt 0.0556 0.5763
vt 0.0556 0.5932
vt 0.4111 0.5932
vt 0.3889 0.5763
vt 0.3889 0.5932
vt 0.1667 0.5763
vt 0.1389 0.5763
vt 0.0556 0.4619
vt 0.0278 0.4619
vt 0.0556 0.5381
vt 0.0278 0.5
vt 0.0278 0.5381
vt 0.1111 0.5381
vt 0.0833 0.5
vt 0.0833 0.5381
vt 0.8167 0.4407
vt 0.8 0.4661
vt 0.8167 0.4661
vt 0.85 0.4407
vt 0.8333 0.4661
vt 0.85 0.4661
vt 0.8333 0.3644
vt 0.85 0.3644
vt 0.5444 0.5593
vt 0.1667 0.2203
vt 0.1389 0.2203
vt 0.1667 0.2881
vt 0.1389 0.2542
vt 0.1389 0.2881
vt 0.2222 0.2881
vt 0.1944 0.2542
vt 0.1944 0.2881
vt 0.1667 0.339
vt 0.0556 0.339
vt 0.4111 0.339
vt 0.2778 0.1695
vt 0.0556 0.6949
vt 0.0111 0.1695
vt 0 0.1864
vt 0.1111 0.1864
vt 0.2333 0.1695
vt 0.4333 0.339
vt 0.4444 0.322
vt 0.1 0.339
vt 0.2111 0.339
vt 0.3222 0.339
vt 0.3333 0.322
vt 0.1667 0.2542
vt 0.1944 0.322
vt 0.2222 0.322
vt 0.1111 0.2542
vt 0.85 0.3898
vt 0.8333 0.4153
vt 0.85 0.4153
vt 0.8667 0.3898
vt 0.8667 0.339
vt 0.8667 0.3644
vt 0.85 0.4915
vt 0.8333 0.5169
vt 0.85 0.5169
vt 0.8667 0.4915
vt 0.8667 0.4407
vt 0.8667 0.4661
vt 0.8167 0.4915
vt 0.8167 0.5169
vt 0.8333 0.4915
vt 0.8333 0.4407
vt 0.0556 0.5
vt 0.0833 0.5763
vt 0.1111 0.5763
vt 0 0.5
vt 0 0.5381
vt 0 0.5763
vt 0 0.4237
vt 0 0.4619
vt 0.1111 0.4237
vt 0.4333 0.5932
vt 0.4167 0.5763
vt 0.1 0.5932
vt 0.4667 0.0847
vt 0.7556 0.2373
vt 0.7556 0.1356
vt 0.7444 0.1356
vt 0.8444 0.7966
vt 0.8444 0.7458
vt 0.8722 0.7458
vt 0.9 0.7458
vt 0.7889 0.7458
vt 0.8167 0.7458
vt 0.5333 0.1864
vt 0.5333 0.161
vt 0.5181 0.2945
vt 0.5097 0.2754
vt 0.4875 0.3072
vt 0.4722 0.3136
vt 0.4667 0.2881
vt 0.4778 0.339
vt 0.6667 0.3136
vt 0.6556 0.2881
vt 0.3028 0.9237
vt 0.3208 0.9492
vt 0.3208 0.9237
vt 0.3028 0.8983
vt 0.2667 0.8983
vt 0.2847 0.8983
vt 0.375 0.9237
vt 0.3931 0.9492
vt 0.3931 0.9237
vt 0.375 0.8983
vt 0.3389 0.8983
vt 0.3569 0.8983
vt 0.375 0.9746
vt 0.3931 1
vt 0.3931 0.9746
vt 0.375 0.9492
vt 0.3389 0.9492
vt 0.1 0.3729
vt 0.9722 0.8729
vt 0.9458 0.9237
vt 0.9278 0.9492
vt 0.9153 0.9237
vt 0.9 0.9237
vt 0.9 0.8983
vt 0.9 0.9492
vt 0.3847 0.6441
vt 0.375 0.678
vt 0.3222 0.1356
vt 0.1667 0.0678
vt 0.1889 0.1356
vt 0.2111 0.1356
vt 0.1222 0.0678
vt 0.1222 0.1017
vt 0.1444 0.1356
vt 0.1222 -0
vt 0.1222 0.0339
vt 0.1 0.1356
vt 0.4667 0
vt 0.2111 0.3729
vt 0.5444 0.6864
vt 0.5444 0.7119
vt 0.2778 0.2542
vt 0.2778 0.322
vt 0.2222 0.2542
vt 0.2222 0.1864
vt 0.5444 0.161
vt 0.7111 0.5847
vt 0.7 0.6102
vt 0.7111 0.6102
vt 0.2847 0.6949
vt 0.3028 0.678
vt 0.7389 0.2627
vt 0.7125 0.3072
vt 0.6944 0.339
vt 0.6667 0.2881
vt 0.6819 0.2945
vt 0.6833 0.25
vt 0.4556 0.1356
vt 0.4444 0.1356
vt 0.5722 0.2881
vt 0.6 0.2627
vt 0.5722 0.2627
vt 0.5444 0.2881
vt 0.5444 0.2627
vt 0.5722 0.1864
vt 0.6 0.161
vt 0.5722 0.161
vt 0.5444 0.1864
vt 0.5444 0.2373
vt 0.6278 0.1864
vt 0.6278 0.161
vt 0.6 0.1864
vt 0.6 0.2373
vt 0.9167 0.678
vt 0.9 0.7119
vt 0.1111 0.6949
vt 0.5778 0.678
vt 0.2778 0.5
vt 0.3333 0.5763
vt 0.2222 0.5
vt 0.2222 0.5763
vt 0.2222 0.4619
vt 0.75 0.7966
vt 0.7111 0.8475
vt 0.7889 0.7966
vt 0.8583 0.6441
vt 0.9 0.678
vt 0.8 0.6441
vt 0.8 0.6102
vt 0.85 0.678
vt 0.8 0.5763
vt 0.8417 0.5763
vt 0.0556 0.2542
vt 0.0833 0.322
vt 0 0.2542
vt 0 0.2881
vt 0 0.2203
vt 0.9167 0.5678
vt 0.9 0.5593
vt 0.9333 0.5763
vt 0.8833 0.5508
vt 0.8444 0.8983
vt 0.8444 0.8475
vt 0.8167 0.7458
vt 0.8333 0.7119
vt 0.9 0.4407
vt 0.8833 0.3644
vt 0.9 0.3898
vt 0.9 0.3644
vt 0.8833 0.3898
vt 0.9167 0.3644
vt 0.9333 0.3898
vt 0.9333 0.3644
vt 0.9167 0.3898
vt 0.9333 0.5424
vt 0.9167 0.4661
vt 0.9333 0.4661
vt 0.9 0.4661
vt 0.9167 0.4915
vt 0.3222 0.3729
vt 0.1667 0.661
vt 0.2111 0.6271
vt 0.2111 0.661
vt 0.1667 0.7288
vt 0.1889 0.7288
vt 0.2111 0.6949
vt 0.2111 0.7288
vt 0.1222 0.7288
vt 0.1444 0.7288
vt 0.3028 0.8814
vt 0.2847 0.8814
vt 0.7736 0.9237
vt 0.7889 0.9492
vt 0.7431 0.9237
vt 0.7278 0.9237
vt 0.7222 0.8983
vt 0.7611 0.9492
vt 0.7167 0.8729
vt 0.7528 0.8729
vt 0.4111 0.8983
vt 0.3222 0.5932
vt 0.4333 0.3729
vt 0.6389 0.0678
vt 0.6556 0.0847
vt 0.8833 0.3051
vt 0.9 0.2712
vt 0.85 0.2712
vt 0.9389 0.7458
vt 0.9583 0.7458
vt 0.9778 0.7712
vt 0.9778 0.7458
vt 0.9778 0.7966
vt 0.4556 0.2881
vt 0.1667 0.4237
vt 0.1667 0.5
vt 0.8833 0.2034
vt 0.9 0.1695
vt 0.375 0.8051
vt 0.3569 0.7797
vt 0.3569 0.8051
vt 0.375 0.8305
vt 0.3569 0.8305
vt 0.4111 0.8305
vt 0.3889 0.4619
vt 0.4444 0.5
vt 0.6556 0.0593
vt 0.9 0.1356
vt 0.9167 0.1356
vt 0.3611 0.1864
vt 0.6 0
vt 0.725 0.1356
vt 0.7056 0.1356
vt 0.3333 0.5
vt 0.9389 0.7966
vt 0.9778 0.822
vt 0.9778 0.8475
vt 0.3028 0.8559
vt 0.2847 0.8305
vt 0.2847 0.8559
vt 0.3028 0.8051
vt 0.2847 0.7797
vt 0.2847 0.8051
vt 0.3028 0.8305
vt 0.3389 0.8305
vt 0.7833 0.3708
vt 0.8 0.3898
vt 0.7833 0.3941
vt 0.7833 0.4407
vt 0.1222 0.6949
vt 0.6667 0.7119
vt 0.6444 0.7373
vt 0.7333 0.3729
vt 0.7333 0.4068
vt 0.75 0.4407
vt 0.7333 0.4746
vt 0.7333 0.4407
vt 0.7333 0.5085
vt 0.8667 0.0678
vt 0.9167 0.0339
vt 0.9 0.0678
vt 0.9167 0.0678
vt 0.9167 0
vt 0.9 0.0339
vt 0.9167 0.1017
vt 0.9 0.1017
vt 0.6861 0.1356
vt 0.6667 0.1356
vt 0.3889 0.5381
vt 0.7833 0.4873
vt 0.7833 0.464
vt 0.2931 0.7288
vt 0.3028 0.6949
vt 0.4444 0.5763
vt 0.4333 0.1356
vt 0.9556 0.3983
vt 0.9167 0.2373
vt 0.9 0.2034
vt 0.8667 0.2034
vt 0.4556 0.1864
vt 0.9333 0.2034
vt 0.3611 0.2542
vt 0.3333 0.2542
vt 0.9194 0.7458
vt 0.9194 0.7966
vt 0.8167 0.2034
vt 0.8 0.1356
vt 0.85 0.1017
vt 0.8333 0.1356
vt 0.85 0.1356
vt 0.85 0.0678
vt 0.8333 0.1017
vt 0.375 0.8559
vt 0.3569 0.8559
vt 0.375 0.8814
vt 0.3569 0.8814
vt 0.6667 0
vt 0.6778 0.6102
vt 0.6778 0.5847
vt 0.8333 0.1695
vt 0.1111 0.5
vt 0.0556 0.4237
vt 0.7 0.5847
vt 0.3889 0.322
vt 0.1667 0.1864
vt 0.0556 0.1864
vt 0.5333 0.0593
vt 0.9194 0.8475
vt 0.4444 0.2542
vt 0.6 0.339
vt 0.8333 0.339
vt 0.8 0.2712
vt 0.1222 0.6441
vt 0.8 0.0678
vt 0.85 0.0339
vt 0.8333 0.0678
vt 0.85 0
vt 0.8333 0.0339
vt 0.6667 0.6102
vt 0.6444 0.6356
vt 0.3569 0.6949
vt 0.3694 0.7288
vt 0.375 0.6949
vt 0.2778 0.5932
vt 0.6778 0.7119
vt 0.6778 0.6864
vt 0.3889 0.1356
vt 0.7 0.6864
vt 0.4444 0.8983
vt 0.4278 0
vt 0.1222 0.661
vt 0.1667 0.5932
vt 0.2333 0.8814
vt 0.2778 0.339
vt 0.9 0.5424
vt 0.8833 0.4661
vt 0.9 0.4915
vt 0.8833 0.4915
vt 0.8833 0.7458
vt 0.8444 0.9492
vt 0.75 0.7458
vt 0.7111 0.7966
vt 0.5778 0.6102
vt 0.6278 0.2881
vt 0.6278 0.2627
vt 0.6 0.2881
vt 0.6847 0.2055
vt 0.6667 0.2119
vt 0.6667 0.2373
vt 0.7111 0.6864
vt 0.7 0.7119
vt 0.7111 0.7119
vt 0.5111 0.7119
vt 0.0556 0.1695
vt 0.1667 0
vt 0.2111 0.0678
vt 0.3083 0.6441
vt 0.3028 0.9746
vt 0.3208 1
vt 0.3208 0.9746
vt 0.3028 0.9492
vt 0.2667 0.9492
vt 0.6556 0.1864
vt 0.6 0.1356
vt 0.7556 0.1864
vt 0.7556 0.2881
vt 0.6444 0.6102
vt 0.8167 0.3898
vt 0.8167 0.4153
vt 0.8333 0.3898
vt 0.3389 1
vt 0.3236 0.6441
vt 0.8667 0.678
vt 0.8667 0.7458
vt 0.7 0.661
vt 0.3542 0.7288
vt 0.6444 0.661
vt 0.8667 0
vt 0.7 0.5593
vt 0.6778 0.5593
vt 0.8 0.2034
vt 0.9333 0.0678
vt 0.9333 0.1017
vt 0.9333 0.1356
vt 0.9333 -0
vt 0.9333 0.0339
vt 0.2667 0.8051
vt 0.2667 0.8305
vt 0.2667 0.8559
vt 0.2667 0.8814
vt 0.3389 0.7797
vt 0.9 0.339
vt 0.9167 0.339
vt 0.8833 0.339
vt 0.8 0.7458
vt 0.7111 0.5593
vt 0.4111 0.9746
vt 0.4111 0.9492
vt 0.4111 1
vt 0.4111 0.9237
vt 0.6667 0.339
vt 0.5056 0.339
vt 0.8 0.4915
vt 0.375 1
vt 0.3694 0.6441
vt 0.8333 0.7458
vt 0.375 0.7797
vt 0.3028 0.7797
vt 0.6444 0.7119
vt 0.9 0
vt 0.3083 0.7288
vt 0.8333 0.2034
vt 0.8333 0
vt 0.3847 0.7288
vt 0.9 0.7458
vt 0.8333 0.678
vt 0.2931 0.6441
vt 0.3028 1
vt 0.5444 0.0508
vt 0.5778 0.5932
vt 0.6444 0.678
vt 0.7556 0.339
vt 0.2667 1
vt 0.5333 0.5085
vt 0.4778 0.7119
vt 0.6556 0.4407
vt 0.4444 0.5593
vt 0.8 0.678
vt 0.6444 0.8305
vt 0.5778 0.5424
vt 0.7111 0.7458
vt 0.6 0.7119
vt 0.9333 0.7458
vt 0.2167 0.8814
vt 0.6222 0.5085
vt 0.4778 0.8983
vt 0.2111 0.678
vt 0.3444 0.1356
vt 0.8 -0
vt 0.5333 0
vt 1 0.339
vt 0.3389 0.7288
vt 0.4556 0.339
vt 0.7111 0.8305
vt 0.3389 0.6441
vt 0.9556 0.9492
vt 0.7222 0.339
vt 0.7333 0.9492
s 1
f 5414/5293 5002/5294 5417/5295
f 4981/5296 5158/5297 5227/5298
f 5276/5299 4772/5300 5446/5301
f 5449/5302 4773/5303 5278/5304
f 5467/5305 4774/5306 5280/5307
f 5282/5308 4775/5309 5281/5310
f 5340/5311 4783/5312 5284/5313
f 5286/5314 4781/5315 5285/5316
f 5288/5317 4780/5318 5352/5319
f 5420/5320 4782/5321 5386/5322
f 5273/5323 5301/5324 5845/5325
f 5072/5326 4819/5327 5069/5328
f 5208/5329 4868/5330 5097/5331
f 5148/5332 4965/5333 5145/5334
f 4909/5335 4902/5336 4910/5337
f 4931/5338 4928/5339 4930/5340
f 5271/5341 5861/5342 6031/5343
f 5443/5344 5404/5345 5843/5346
f 5308/5347 4789/5348 5444/5349
f 5388/5350 4788/5351 5389/5352
f 5406/5353 4790/5354 5274/5355
f 5311/5356 4791/5357 5296/5358
f 4798/5359 5314/5360 5481/5361
f 5488/5362 4799/5363 5270/5364
f 5192/5365 5319/5366 5563/5367
f 5489/5368 4797/5369 5272/5370
f 5403/5293 4998/5371 5001/5372
f 4894/5373 4887/5374 4895/5375
f 4896/5376 4889/5377 4897/5378
f 5395/5379 4934/5380 5366/5381
f 4837/5382 5365/5383 5363/5384
f 4813/5385 5345/5386 5494/5387
f 4809/5388 5338/5389 5493/5390
f 5085/5391 4852/5392 5090/5393
f 5223/5394 4970/5395 5147/5396
f 5564/5397 5476/5398 5842/5399
f 4919/5400 4916/5401 4918/5402
f 5841/5403 4808/5404 5319/5405
f 5335/5406 4767/5407 5333/5408
f 5944/5409 4991/5410 5912/5411
f 4893/5412 4886/5413 4894/5373
f 5357/5414 5865/5415 6029/5416
f 5285/5316 5037/5417 5720/5418
f 5839/5419 4816/5420 5349/5421
f 5090/5393 4841/5422 4845/5423
f 4994/5424 4815/5425 4995/5426
f 5868/5427 4958/5428 4954/5429
f 4769/5430 5390/5431 5487/5432
f 5096/5433 4862/5434 5095/5435
f 5554/5436 5431/5437 5838/5438
f 4770/5439 5355/5440 5433/5441
f 5069/5442 5074/5443 5260/5444
f 5578/5445 4933/5446 5408/5447
f 4964/5296 5133/5297 5217/5298
f 5711/5448 4788/5449 5315/5450
f 5199/5451 5359/5452 5709/5453
f 5553/5454 5304/5455 5837/5456
f 5403/5293 5000/5294 5407/5295
f 5193/5457 4813/5458 5063/5459
f 4992/5460 5872/5461 5881/5462
f 5853/5463 4841/5422 4840/5464
f 5093/5433 4854/5434 5092/5435
f 5947/5465 4952/5466 5945/5467
f 5341/5468 5944/5409 5523/5469
f 4806/5470 5343/5471 5495/5472
f 4814/5473 5168/5474 5067/5475
f 5073/5476 4820/5477 5070/5478
f 5492/5479 5847/5480 6027/5481
f 5951/5482 4848/5483 5925/5484
f 5140/5485 4953/5486 5132/5487
f 5412/5488 5002/5489 5005/5490
f 5203/5491 4853/5492 5085/5391
f 4897/5378 4890/5337 4898/5336
f 4859/5493 5093/5433 4857/5494
f 4858/5495 5092/5496 4854/5497
f 5294/5447 4927/5498 5307/5379
f 4835/5499 5375/5500 5501/5501
f 4869/5502 5096/5433 4865/5494
f 4868/5330 5095/5496 4862/5497
f 5415/5503 5322/5504 5834/5505
f 5562/5506 5478/5507 5833/5508
f 5568/5509 4837/5382 5363/5384
f 5832/5510 4882/5511 5397/5512
f 4877/5513 5683/5514 5100/5515
f 5455/5516 5295/5517 5831/5518
f 4834/5519 4833/5520 4837/5382
f 4873/5521 5435/5522 5422/5523
f 4901/5524 4997/5525 4902/5336
f 5565/5526 5351/5527 5830/5528
f 5091/5529 4840/5464 4841/5422
f 5950/5530 4849/5531 5857/5532
f 5953/5533 5396/5534 6024/5535
f 5386/5322 5008/5536 5666/5537
f 5197/5538 5072/5326 5247/5539
f 5416/5540 5003/5372 5414/5293
f 5357/5541 4942/5542 4943/5543
f 5548/5544 5312/5545 5828/5546
f 5954/5547 4944/5548 5921/5549
f 5412/5488 5004/5371 5416/5540
f 5395/5379 4933/5446 4932/5498
f 4923/5401 4920/5400 4922/5550
f 4836/5551 4830/5552 4835/5499
f 5200/5553 5070/5478 5245/5554
f 5827/5555 4817/5556 5353/5557
f 4895/5375 4888/5558 4896/5559
f 4939/5339 4936/5338 4938/5560
f 5577/5445 4926/5446 5294/5447
f 5527/5561 4940/5562 5381/5563
f 5216/5564 4951/5565 5131/5566
f 5307/5379 4925/5380 5356/5381
f 4898/5336 4891/5335 4899/5524
f 4845/5423 5855/5567 5854/5568
f 5431/5569 4775/5570 5275/5571
f 5949/5572 4845/5423 5854/5568
f 5284/5313 5031/5573 5656/5574
f 5557/5575 4798/5576 5371/5577
f 5136/5578 5435/5579 4873/5580
f 5394/5581 5860/5582 5135/5583
f 5947/5465 4961/5584 4953/5486
f 5138/5585 4958/5428 5139/5586
f 4960/5587 5140/5588 5141/5589
f 5142/5590 4961/5584 5143/5591
f 4959/5592 5131/5593 5144/5594
f 5153/5334 4979/5595 5152/5332
f 5531/5596 5145/5597 4965/5598
f 5452/5599 5149/5600 5651/5601
f 4843/5602 5932/5603 5873/5604
f 5648/5605 4828/5606 5071/5607
f 5162/5332 4980/5333 5159/5334
f 5534/5596 5153/5597 4969/5598
f 5458/5599 5156/5600 5646/5601
f 5874/5608 5522/5609 6022/5610
f 5151/5298 4978/5611 4976/5612
f 5207/5331 4859/5493 5094/5329
f 5537/5596 5159/5597 4980/5598
f 5464/5599 5163/5600 5639/5601
f 4899/5524 4884/5613 4892/5614
f 5165/5615 4848/5616 4872/5434
f 5361/5617 4824/5618 5068/5619
f 5418/5620 5636/5621 5098/5622
f 4764/5623 4989/5624 4988/5625
f 4767/5407 4991/5410 4990/5626
f 5229/5394 4985/5395 5161/5396
f 4992/5627 4814/5473 4993/5628
f 5510/5629 4771/5630 4773/5631
f 5407/5632 4999/5490 5405/5488
f 5391/5633 5271/5341 5825/5634
f 4853/5492 4850/5635 4852/5636
f 5559/5637 4814/5473 5292/5638
f 5549/5639 5293/5640 5824/5641
f 4893/5412 4996/5642 4892/5614
f 4892/5614 4996/5643 4899/5524
f 4899/5524 4996/5525 4898/5336
f 4898/5336 4996/5644 4897/5378
f 4897/5378 4996/5645 4896/5376
f 4896/5559 4996/5646 4895/5375
f 4895/5375 4996/5647 4894/5373
f 4894/5373 4996/5648 4893/5412
f 4902/5336 4997/5644 4903/5378
f 4903/5378 4997/5645 4904/5376
f 4904/5559 4997/5646 4905/5375
f 4905/5375 4997/5647 4906/5373
f 4906/5373 4997/5648 4907/5412
f 4907/5412 4997/5642 4900/5614
f 4900/5614 4997/5643 4901/5524
f 5823/5649 4817/5420 5480/5650
f 4765/5651 5543/5652 5478/5653
f 5933/5654 4846/5655 5913/5656
f 5646/5601 5157/5657 5645/5658
f 5609/5659 4976/5612 5457/5660
f 5276/5299 5462/5661 4776/5662
f 5295/5517 4773/5303 5449/5302
f 5301/5324 4774/5306 5467/5305
f 5282/5308 5304/5455 4779/5663
f 5482/5664 4783/5312 5340/5311
f 5286/5314 5483/5665 4785/5666
f 5288/5317 5551/5667 4784/5668
f 5552/5669 4782/5321 5420/5320
f 5461/5670 5014/5671 5279/5672
f 5138/5585 4956/5673 4950/5674
f 5083/5675 5849/5676 5846/5677
f 5606/5659 5607/5678 5227/5679
f 5471/5680 5035/5681 5017/5682
f 5154/5683 5647/5684 5153/5597
f 5652/5684 4970/5395 5145/5597
f 5142/5590 4963/5685 4949/5686
f 5308/5347 5413/5687 4793/5688
f 5404/5345 4788/5351 5388/5350
f 5320/5689 4790/5354 5406/5353
f 5311/5356 5322/5504 4795/5690
f 5589/5691 5590/5692 5822/5693
f 5321/5694 5591/5695 5821/5696
f 5588/5697 5382/5698 5820/5699
f 5890/5700 5089/5701 5851/5702
f 5059/5703 5622/5704 5621/5705
f 5354/5706 5179/5707 5021/5708
f 5202/5709 5846/5677 5935/5710
f 5463/5660 5161/5396 5160/5683
f 4987/5595 5159/5334 4985/5395
f 5382/5698 5040/5711 5310/5712
f 4951/5713 5144/5594 5131/5593
f 4950/5674 5216/5714 5138/5585
f 5391/5715 5466/5716 4881/5717
f 5173/5718 5474/5719 5545/5720
f 4969/5333 5152/5332 4975/5721
f 5546/5722 5170/5723 5542/5724
f 4809/5388 5493/5390 5346/5725
f 5636/5621 5167/5726 5637/5727
f 5469/5728 5047/5729 5041/5730
f 5477/5731 5051/5732 5038/5733
f 5650/5658 5150/5657 5453/5734
f 5146/5683 5652/5684 5145/5597
f 5603/5735 5230/5736 5585/5737
f 5171/5738 5543/5739 5602/5740
f 5432/5741 5959/5742 6021/5743
f 4948/5744 5141/5589 5140/5588
f 5135/5583 5401/5745 5108/5746
f 5361/5617 5071/5607 4825/5747
f 4860/5330 5094/5329 4861/5502
f 4972/5296 5224/5297 5151/5298
f 5538/5748 4982/5749 5539/5750
f 5224/5751 5535/5748 5156/5600
f 5609/5659 5610/5678 5151/5679
f 5898/5752 5378/5753 6018/5754
f 5457/5660 5155/5396 5154/5683
f 5445/5755 5242/5756 5134/5757
f 5651/5601 5150/5657 5650/5658
f 5582/5758 5217/5679 5613/5678
f 4957/5759 5144/5594 4951/5713
f 5418/5760 5635/5761 5817/5762
f 5280/5307 5187/5763 5015/5764
f 5232/5765 5600/5766 5587/5767
f 5637/5727 5540/5768 5166/5769
f 5816/5770 5238/5771 5630/5772
f 5108/5746 5655/5773 5135/5583
f 5815/5774 5175/5775 5547/5776
f 5482/5664 5631/5777 5814/5778
f 4962/5779 5141/5589 4948/5744
f 5102/5780 5303/5781 5620/5782
f 5232/5765 5601/5783 5600/5766
f 5633/5784 5634/5785 5813/5786
f 4857/5494 5094/5329 4859/5493
f 5207/5331 4856/5787 4858/5495
f 5158/5751 5538/5748 5163/5600
f 5852/5788 5103/5789 5242/5756
f 5208/5329 4863/5790 4869/5502
f 4862/5497 5097/5331 4868/5330
f 5325/5791 5010/5792 5446/5301
f 4971/5611 5611/5793 5223/5394
f 5517/5758 5151/5679 5610/5678
f 4879/5794 5393/5795 5573/5796
f 5329/5797 5599/5798 5812/5799
f 4847/5800 5101/5801 4877/5513
f 5893/5802 5137/5803 5931/5804
f 5532/5748 4966/5749 5533/5750
f 5519/5805 5924/5806 6017/5807
f 5810/5808 5235/5809 5598/5810
f 5451/5660 5147/5396 5146/5683
f 5059/5703 5621/5705 5341/5468
f 5612/5659 4968/5612 5451/5660
f 5653/5811 4874/5812 5410/5813
f 5419/5814 5118/5815 5421/5816
f 5385/5817 5241/5818 5078/5819
f 5209/5820 5619/5821 5618/5822
f 5209/5820 5618/5822 5506/5823
f 5535/5748 4974/5749 5536/5750
f 5645/5658 5157/5657 5459/5734
f 5647/5684 4977/5395 5153/5597
f 5509/5824 4878/5825 5519/5805
f 5649/5826 5198/5827 5241/5818
f 5899/5828 5643/5829 6014/5830
f 5640/5684 4985/5395 5159/5597
f 5212/5831 5603/5735 5604/5832
f 5639/5601 5164/5657 5638/5658
f 5160/5683 5640/5684 5159/5597
f 5888/5833 5644/5834 6012/5835
f 5585/5737 5617/5836 5807/5837
f 5806/5838 5236/5839 5616/5840
f 5202/5709 5915/5841 5887/5842
f 5444/5349 5243/5843 5030/5844
f 5398/5845 5110/5846 5368/5847
f 6011/5848 5106/5849 5923/5850
f 4949/5686 5132/5851 5142/5590
f 5518/5758 5227/5679 5607/5678
f 5368/5847 5112/5852 5306/5853
f 4849/5854 5136/5578 4873/5580
f 5592/5855 5929/5856 6009/5857
f 5593/5858 5958/5859 6007/5860
f 5216/5714 4958/5428 5138/5585
f 5141/5589 5220/5861 4960/5587
f 5132/5851 4961/5584 5142/5590
f 5144/5594 5221/5862 4959/5592
f 5606/5659 4984/5612 5463/5660
f 5516/5863 5146/5683 5531/5596
f 5223/5394 5452/5599 4973/5595
f 4986/5611 5161/5396 4984/5612
f 5156/5600 5608/5793 5224/5751
f 4986/5611 5605/5793 5229/5394
f 5583/5863 5154/5683 5534/5596
f 5226/5394 5458/5599 4979/5595
f 5385/5817 5068/5619 4823/5864
f 4978/5611 5608/5793 5226/5394
f 5163/5600 5605/5793 5158/5751
f 5584/5863 5160/5683 5537/5596
f 5229/5394 5464/5599 4987/5595
f 5475/5865 5627/5866 5802/5867
f 5576/5868 5212/5831 5604/5832
f 5801/5869 5051/5732 5328/5870
f 4846/5871 5167/5726 4870/5872
f 5628/5873 5456/5874 5800/5875
f 5189/5876 5560/5877 5623/5878
f 5612/5659 5613/5678 5217/5679
f 4978/5611 5155/5396 4976/5612
f 4989/5879 5474/5880 5521/5881
f 5492/5479 5065/5882 5351/5883
f 5448/5884 5026/5885 5011/5886
f 5450/5887 5012/5888 5277/5889
f 5149/5600 5611/5793 5133/5751
f 5086/5890 5920/5891 5918/5892
f 5133/5751 5532/5748 5149/5600
f 4843/5602 4839/5497 4838/5893
f 5479/5894 4990/5626 5472/5895
f 5226/5394 4977/5395 5155/5396
f 5383/5896 5413/5687 5799/5897
f 4913/5374 4906/5373 4914/5413
f 5381/5898 5928/5899 6005/5900
f 4910/5337 4903/5378 4911/5377
f 5405/5488 4998/5371 5409/5540
f 5876/5901 4847/5902 5858/5903
f 4915/5904 4900/5614 4908/5613
f 4892/5614 4885/5904 4893/5412
f 5797/5905 4794/5906 5320/5689
f 4911/5377 4904/5376 4912/5907
f 4914/5413 4907/5412 4915/5904
f 4810/5908 5347/5909 5496/5910
f 4912/5558 4905/5375 4913/5374
f 5625/5911 5626/5912 5796/5913
f 5632/5914 5392/5915 5795/5916
f 5638/5658 5164/5657 5465/5734
f 5331/5917 5039/5918 5309/5919
f 5297/5920 5031/5573 4791/5921
f 5657/5922 5019/5923 5243/5843
f 5425/5924 5180/5925 5023/5926
f 4955/5927 5216/5564 5131/5566
f 4874/5812 5655/5773 5136/5578
f 5186/5928 5316/5929 5490/5930
f 5434/5931 5125/5932 5432/5933
f 5549/5639 5018/5934 5283/5935
f 5511/5936 5119/5937 5423/5938
f 5794/5939 5066/5940 5475/5941
f 5485/5942 5024/5943 5289/5944
f 5660/5945 5659/5946 5244/5947
f 4908/5613 4901/5524 4909/5335
f 5661/5948 5565/5526 5195/5949
f 5245/5554 4820/5477 5077/5950
f 5199/5951 5077/5950 4827/5952
f 4829/5953 5245/5554 5199/5951
f 5426/5938 5120/5954 5424/5814
f 5350/5847 5115/5852 5337/5853
f 5940/5955 5123/5956 5926/5957
f 5662/5958 5272/5959 5793/5960
f 5663/5961 5664/5962 5792/5963
f 5481/5361 5665/5964 5791/5965
f 5437/5966 5124/5967 5430/5968
f 5337/5853 5114/5969 5402/5970
f 5247/5539 4825/5747 5071/5607
f 5075/5971 5071/5607 4828/5606
f 4826/5972 5247/5539 5075/5971
f 5666/5537 4790/5973 5298/5974
f 5667/5975 5029/5976 5296/5358
f 5290/5977 5248/5978 5667/5975
f 5900/5979 5324/5980 6000/5981
f 5901/5982 5670/5983 5998/5984
f 5939/5985 5671/5986 5996/5987
f 5936/5988 5088/5989 5863/5990
f 4850/5991 5203/5992 5091/5529
f 5672/5993 5292/5994 5787/5995
f 5673/5996 5674/5997 5786/5998
f 5498/5999 5675/6000 5785/6001
f 5107/6002 5676/6003 5400/6004
f 5107/6002 5677/6005 5676/6003
f 5108/6006 5401/6007 5678/6008
f 5679/6009 5450/5887 5784/6010
f 5680/6011 5681/6012 5783/6013
f 5299/6014 5682/6015 5782/6016
f 5100/5515 5393/6017 4879/6018
f 5683/5514 5102/6019 5100/5515
f 5101/5801 5303/6020 5102/6019
f 5781/6021 5105/6022 5358/6023
f 5780/6024 5252/6025 5686/6026
f 5779/6027 5107/6002 5687/6028
f 5501/5501 5079/6029 5373/6030
f 5688/6031 5545/6032 5778/6033
f 5689/6034 5690/6035 5777/6036
f 5495/6037 5691/6038 5776/6039
f 5692/6040 5442/6041 5775/6042
f 5693/6043 5694/6044 5774/6045
f 5326/6046 5695/6047 5773/6048
f 5201/6049 5367/6050 5568/5509
f 5419/5814 5119/5937 5117/5954
f 4840/6051 5085/5391 4842/6052
f 5330/5845 5113/5846 5350/5847
f 5140/5485 4949/6053 4948/6054
f 5937/6055 5088/5989 5919/6056
f 5696/6057 5850/6058 5995/6059
f 5697/6060 5964/6061 5993/6062
f 5559/5637 5965/6063 5991/6064
f 4823/6065 5070/5478 4822/6066
f 5067/5475 4812/6067 4810/6068
f 5191/6069 5530/6070 5562/6071
f 5256/6072 5988/6073 5702/6074
f 5494/6075 5190/6076 5701/6077
f 5346/5725 5703/6078 5769/6079
f 5931/5804 5130/6080 5930/6081
f 4857/5494 5092/5435 4856/5616
f 5849/5676 5082/6082 5870/6083
f 5231/6084 5886/6085 5895/6086
f 4815/5425 5063/5459 4995/5426
f 5348/5970 5111/6087 5398/6088
f 5704/6089 5362/6090 5768/6091
f 5705/6092 5706/6093 5767/6094
f 5486/6095 5707/6096 5766/6097
f 5258/6098 5473/6099 5708/6100
f 5198/5827 5708/6100 5567/6101
f 4829/5953 5709/5453 5500/6102
f 5710/6103 5009/6104 5274/5355
f 5287/6105 5259/6106 5710/6103
f 5352/5319 5177/6107 5711/5448
f 5217/5298 4971/5611 4968/5612
f 5512/5936 5121/5937 5426/5938
f 5260/5444 4818/6108 5073/6109
f 5068/5619 5073/6109 4823/5864
f 4824/5618 5260/5444 5068/5619
f 5048/6110 5278/5304 5323/6111
f 5712/6112 5325/6113 5765/6114
f 5713/6115 5714/6116 5764/6117
f 5487/6118 5715/6119 5763/6120
f 4865/5494 5095/5435 4864/5616
f 5183/6121 5281/5310 5554/6122
f 5942/6123 5130/6080 5883/6124
f 4852/5392 5091/5529 5090/5393
f 5718/6125 5262/6126 5716/6127
f 5496/6128 5192/6129 5717/6130
f 5762/6131 5196/6132 5719/6133
f 5720/5418 4789/6134 5305/6135
f 5721/6136 5036/6137 5389/5352
f 5384/6138 5263/6139 5721/6136
f 5722/6140 5884/6141 5984/6142
f 5723/6143 5966/6144 5982/6145
f 5430/6146 5967/6147 5980/6148
f 5910/6149 5056/6150 5909/6151
f 5468/6152 5054/6153 5317/6154
f 5728/6155 5265/6156 5726/6157
f 5943/6158 5727/6159 5520/6160
f 5758/6161 5232/5765 5729/6162
f 5730/6163 5544/6164 5757/6165
f 5731/6166 5732/6167 5756/6168
f 5497/6169 5733/6170 5755/6171
f 4971/5611 5147/5396 4968/5612
f 4842/6052 5090/5393 4845/5423
f 5189/5876 5327/6172 5560/5877
f 5190/6173 5526/6174 5561/6175
f 5079/6029 5441/6176 5373/6030
f 5424/5814 5122/5815 5428/5816
f 5306/5853 5109/5969 5348/5970
f 5312/6177 5185/6178 5007/6179
f 5313/6180 5184/6181 5006/6182
f 5548/5544 5042/6183 5370/6184
f 5469/5728 5029/5976 5298/5974
f 5040/5711 5315/5450 5310/5712
f 5039/5918 5305/6135 5309/5919
f 5477/5731 5030/5844 5297/5920
f 5734/6185 5331/5917 5754/6186
f 5735/6187 5736/6188 5753/6189
f 5318/6190 5737/6191 5752/6192
f 5738/6193 5862/6194 5975/6195
f 5739/6196 5968/6197 5973/6198
f 5392/5915 5969/6199 5971/6200
f 4973/5595 5145/5334 4970/5395
f 4867/5493 5097/5331 4866/5495
f 4825/5747 5069/5328 4824/6201
f 5742/6202 5461/5670 5748/6203
f 5743/6204 5744/6205 5747/6206
f 5302/6207 5745/6208 5746/6209
f 5024/5943 5290/5977 5289/5944
f 5425/5924 5022/6210 5287/6105
f 5354/5706 5020/6211 5384/6138
f 5018/5934 5376/6212 5283/5935
f 5471/5680 5016/6213 5390/5431
f 5014/5671 5510/5629 5279/5672
f 5012/5888 5355/5440 5277/5889
f 5448/5884 5010/5792 5275/5571
f 5227/5298 4986/5611 4984/5612
f 5402/5970 5116/6087 5330/6088
f 4920/5400 5330/6088 4922/6214
f 4775/5570 5448/5884 5275/5571
f 5277/5889 4772/6215 4776/6216
f 5279/5672 4773/5631 4777/6217
f 4774/6218 5471/5680 5390/5431
f 5283/5935 4781/6219 4785/6220
f 4780/6221 5354/5706 5384/6138
f 4782/6222 5425/5924 5287/6105
f 5289/5944 4783/6223 4787/6224
f 5743/6204 5745/6208 5269/6225
f 5484/6226 5743/6204 5180/5925
f 4786/6227 5746/6209 5484/6226
f 5747/6206 5032/6228 5299/6014
f 5551/5667 5299/6014 4784/5668
f 5180/5925 5747/6206 5551/5667
f 5455/5516 5461/5670 4777/6217
f 5744/6205 5455/5516 5032/6228
f 5744/6205 5742/6202 5748/6203
f 5749/6229 5907/6230 5970/6231
f 5508/6232 5970/6231 5939/5985
f 4883/6233 5971/6200 5877/6234
f 5750/6235 5906/6236 5972/6237
f 5575/6238 5972/6237 5953/5533
f 5211/6239 5973/6198 5891/6240
f 5751/6241 5924/5806 5974/6242
f 5740/6243 5974/6242 5906/6236
f 5268/6244 5975/6195 5968/6197
f 5752/6192 5267/6245 5735/6187
f 5556/6246 5735/6187 5185/6178
f 4800/6247 5752/6192 5556/6246
f 5753/6189 5052/6248 5329/6249
f 5489/5368 5329/6249 4801/6250
f 5185/6178 5753/6189 5489/5368
f 5754/6186 4793/6251 5383/6252
f 5736/6188 5383/6252 5052/6248
f 5267/6245 5754/6186 5736/6188
f 4791/5921 5477/5731 5297/5920
f 5309/5919 4789/6134 4793/6251
f 5310/5712 4788/5449 4792/6253
f 4790/5973 5469/5728 5298/5974
f 4796/5489 5370/6184 4800/6247
f 4797/6254 5555/6255 5313/6180
f 4796/6256 5556/6246 5312/6177
f 4919/5400 5306/5853 5348/5970
f 4936/5338 5428/5816 4938/6257
f 5373/6030 4831/5497 4836/5551
f 5561/6175 4807/6258 4809/5388
f 5560/5877 4766/6259 4805/6260
f 5755/6171 5266/6261 5731/6166
f 5480/5650 5731/6166 5175/5775
f 4817/5420 5755/6171 5480/5650
f 5756/6168 5054/6262 5333/6263
f 5547/5776 5333/6263 4767/6264
f 5175/5775 5756/6168 5547/5776
f 5757/6165 4764/6265 5317/6266
f 5732/6167 5317/6266 5054/6262
f 5266/6261 5757/6165 5732/6167
f 5727/6159 5729/6162 5265/6156
f 5895/6086 5586/6267 5758/6161
f 5957/6268 4989/5879 5521/5881
f 5977/6269 5976/6270 5728/6155
f 5976/6270 5265/6156 5728/6155
f 5881/5462 5520/6160 5977/6269
f 5726/6157 5978/6271 5728/6155
f 5347/6272 5726/6157 5062/6273
f 5978/6271 5347/6272 4812/6274
f 4988/5625 5317/6154 4764/5623
f 5848/6275 5336/6276 5847/5480
f 5759/6277 5905/6278 5979/6279
f 5513/6280 5979/6279 5940/5955
f 4947/6281 5980/6148 5878/6282
f 5760/6283 5904/6284 5981/6285
f 5579/6286 5981/6285 5954/5547
f 5215/6287 5982/6145 5892/6288
f 5761/6289 5946/6290 5983/6291
f 5724/6292 5983/6291 5904/6284
f 5264/6293 5984/6142 5966/6144
f 4780/6221 5721/6136 5177/6294
f 5177/6294 5389/5352 4788/5351
f 5263/6139 5305/6135 5036/6137
f 5717/6130 5719/6133 5262/6126
f 5192/6129 5762/6131 5717/6130
f 5563/6295 5566/5865 5762/6131
f 5717/6130 5985/6296 5496/6128
f 5718/6125 5717/6130 5262/6126
f 5985/6296 5718/6125 5067/6297
f 5716/6127 5986/6298 5718/6125
f 5300/6299 5716/6127 5064/6300
f 5986/6298 5300/6299 4814/6301
f 5880/6302 5525/6303 5945/5467
f 5554/6122 4775/5309 4768/6304
f 5763/6120 5261/6305 5713/6115
f 5558/6306 5713/6115 5187/5763
f 4769/6307 5763/6120 5558/6306
f 5764/6117 5048/6308 5323/6309
f 5491/6310 5323/6309 4771/5630
f 5187/5763 5764/6117 5491/6310
f 5765/6114 4770/6311 5433/6312
f 5714/6116 5433/6312 5048/6308
f 5261/6305 5765/6114 5714/6116
f 5323/6111 4773/5303 4771/6313
f 4939/6314 5426/5938 4937/5340
f 5022/6210 5711/5448 5259/6106
f 5287/6105 5008/6315 4782/6222
f 5008/6315 5274/5355 4790/5354
f 5500/6102 5258/6098 5198/5827
f 5567/6101 5075/6316 4828/5606
f 5708/6100 4826/6317 5075/6316
f 5766/6097 5257/6318 5705/6092
f 5485/5942 5705/6092 5181/6319
f 4787/6224 5766/6097 5485/5942
f 5767/6094 5034/6320 5302/6207
f 5552/5669 5302/6207 4786/6227
f 5181/6319 5767/6094 5552/5669
f 5768/6091 4778/6321 5273/5323
f 5706/6093 5273/5323 5034/6320
f 5257/6318 5768/6091 5706/6093
f 4919/5400 5398/6088 4917/6214
f 5586/6267 5948/6322 5957/6268
f 5932/6323 5342/6324 5454/6325
f 5869/6326 5440/6327 5868/5427
f 5769/6079 5256/6072 5701/6077
f 5561/6328 5701/6077 5190/6076
f 4809/5388 5769/6079 5561/6328
f 5701/6077 5987/6329 5494/6075
f 5702/6074 5701/6077 5256/6072
f 5987/6329 5702/6074 5063/6330
f 5988/6073 5339/6331 5989/6332
f 5700/6333 5910/6149 5339/6331
f 5848/6275 5989/6332 5339/6331
f 5562/6071 4804/6334 4765/6335
f 5770/6336 5903/6337 5990/6338
f 5470/6339 5990/6338 5934/6340
f 4993/5628 5991/6064 5872/5461
f 5771/6341 5902/6342 5992/6343
f 5541/6344 5992/6343 5948/6322
f 5169/6345 5993/6062 5886/6085
f 5772/6346 5912/5411 5994/6347
f 5698/6348 5994/6347 5902/6342
f 5255/6349 5995/6059 5964/6061
f 5875/6350 5379/6351 5857/5532
f 4923/6352 5330/5845 5350/5847
f 4931/5338 5423/5938 5419/5814
f 5568/5509 4832/6353 4834/5519
f 5773/6048 5254/6354 5693/6043
f 5490/5930 5693/6043 5186/5928
f 4803/6355 5773/6048 5490/5930
f 5774/6045 5046/6356 5321/5694
f 5557/5575 5321/5694 4802/6357
f 5186/5928 5774/6045 5557/5575
f 5775/6042 4794/5906 5332/6358
f 5694/6044 5332/6358 5046/6356
f 5254/6354 5775/6042 5694/6044
f 5776/6039 5253/6359 5689/6034
f 5566/5941 5689/6034 5196/5940
f 4806/6360 5776/6039 5566/5941
f 5476/5398 5690/6035 5172/6361
f 4816/5556 5777/6036 5476/5398
f 5196/5940 5777/6036 5499/5557
f 5544/6164 5545/6032 4764/6265
f 5172/6361 5778/6033 5544/6164
f 5253/6359 5778/6033 5690/6035
f 4835/5499 5373/6030 4836/5551
f 5685/6362 5687/6028 5252/6025
f 5937/6055 5504/6363 5779/6027
f 5875/6350 4873/5521 5422/5523
f 5576/6364 5686/6026 5212/6365
f 5951/5482 5780/6024 5576/6364
f 5889/6366 5685/6362 5780/6024
f 5509/6367 5358/6023 4878/5825
f 5212/6365 5781/6021 5509/6367
f 5686/6026 5684/6368 5781/6021
f 5782/6016 5251/6369 5680/6011
f 5550/6370 5680/6011 5179/5707
f 4784/5668 5782/6016 5550/6370
f 5783/6013 5027/6371 5293/6372
f 5483/5665 5293/6372 4785/5666
f 5179/5707 5783/6013 5483/5665
f 5784/6010 4776/6216 5456/6373
f 5681/6012 5456/6373 5027/6371
f 5251/6369 5784/6010 5681/6012
f 5678/6008 5324/6374 5104/6375
f 5678/6008 5401/6007 5324/6374
f 5401/6007 4880/6376 5324/6374
f 5676/6003 5678/6008 5104/6375
f 5676/6003 5677/6005 5678/6008
f 5677/6005 5108/6006 5678/6008
f 5400/6004 5396/6377 4882/5511
f 5400/6004 5676/6003 5396/6377
f 5676/6003 5104/6375 5396/6377
f 5785/6001 5250/6378 5673/5996
f 5497/5397 5673/5996 5194/6379
f 4817/5556 5785/6001 5497/5397
f 5786/5998 5064/6300 5349/5421
f 5564/6169 5349/5421 4816/5420
f 5194/6379 5786/5998 5564/6169
f 5787/5995 4814/6301 5300/6299
f 5674/5997 5300/6299 5064/6300
f 5250/6378 5787/5995 5674/5997
f 5874/6380 5427/6381 5925/5484
f 5996/5987 5249/6382 5901/5982
f 5997/6383 5669/6384 5963/6385
f 5877/6234 5788/6386 5997/6383
f 5998/5984 5103/5789 5852/5788
f 5999/6387 5364/6388 5914/6389
f 5963/6385 5789/6390 5999/6387
f 6000/5981 4880/6391 5860/5582
f 6001/6392 5394/5581 5922/6393
f 5962/6394 5790/6395 6001/6392
f 4783/6223 5667/5975 5031/6396
f 5031/6396 5296/5358 4791/5357
f 5248/5978 5298/5974 5029/5976
f 4921/5402 5402/5970 4920/5400
f 4947/6281 5437/5966 5430/5968
f 5791/5965 5246/6397 5663/5961
f 5371/6398 5663/5961 5043/6399
f 4798/5359 5791/5965 5371/6398
f 5792/5963 5006/6400 5270/6401
f 5316/6402 5270/6401 4799/6403
f 5043/6399 5792/5963 5316/6402
f 5793/5960 4797/6404 5313/6405
f 5664/5962 5313/6405 5006/6400
f 5246/6397 5793/5960 5664/5962
f 5878/6282 5429/6406 5864/6407
f 4923/6352 5337/5853 4921/5402
f 4937/5340 5424/5814 4936/5338
f 6002/6408 5661/5948 5659/5946
f 5659/5946 5661/5948 5244/5947
f 4815/6409 5565/5526 6002/6408
f 6003/6410 5660/5945 5345/6411
f 5345/6411 5660/5945 5061/6412
f 5193/6413 5659/5946 6003/6410
f 4787/6224 5485/5942 5289/5944
f 5526/6414 5475/5941 4807/6360
f 5061/6412 5794/5939 5526/6414
f 5660/5945 5658/6415 5794/5939
f 4928/6314 5423/5938 4930/5340
f 4785/6220 5549/5639 5283/5935
f 4945/6416 5432/5933 4944/5548
f 5490/5930 4799/6417 4803/6355
f 4782/6222 5484/6226 5425/5924
f 5037/6418 5376/6212 5657/5922
f 5030/5844 5656/5574 5297/5920
f 4793/6251 5331/5917 5309/5919
f 5162/6419 5465/5734 4983/6420
f 5795/5916 4883/6233 5507/6421
f 5634/5785 5507/6421 5210/6422
f 5239/6423 5795/5916 5634/5785
f 5796/5913 5174/6424 5546/6425
f 5327/6426 5546/6425 4766/6427
f 5057/6428 5796/5913 5327/6426
f 5496/5910 5062/6429 5192/5365
f 5797/5905 5045/6430 5588/5697
f 5233/6431 5797/5905 5588/5697
f 5046/6356 5797/5905 5591/5695
f 5938/6432 5380/6433 5920/5891
f 5110/5846 5409/5540 5112/5852
f 5798/6434 5866/6435 6004/6436
f 5595/6437 6004/6436 5897/6438
f 5125/6439 6005/5900 5959/5742
f 5596/6440 5413/5687 5051/5732
f 5599/5798 5596/6440 5235/5809
f 5052/6441 5799/5897 5599/5798
f 5174/6442 5472/5895 5170/5723
f 5377/6443 5858/5903 5856/6444
f 4776/6216 5450/5887 5277/5889
f 4775/5570 5291/6445 5448/5884
f 4994/5424 5351/5883 4815/5425
f 5521/5881 5601/5783 5232/5765
f 5521/5881 5474/5880 5601/5783
f 5474/5880 5171/5738 5601/5783
f 5222/6446 5612/5659 5146/5683
f 5623/5878 5542/6447 5170/6448
f 5623/5878 5560/5877 5542/6447
f 5560/5877 4805/6260 5542/6447
f 5800/5875 4776/5662 5462/5661
f 5630/5772 5462/5661 5026/5885
f 5630/5772 5628/5873 5800/5875
f 5801/5869 4795/5690 5415/5503
f 5598/5810 5415/5503 5050/6449
f 5235/5809 5801/5869 5598/5810
f 5576/5868 5165/5615 4872/5434
f 5802/5867 5237/6450 5625/5911
f 5338/6451 5625/5911 5057/6428
f 4807/6452 5802/5867 5338/6451
f 4980/5598 5584/5863 5537/5596
f 4969/5598 5583/5863 5534/5596
f 4965/5598 5516/5863 5531/5596
f 5160/5683 5606/5659 5463/5660
f 5803/6453 5896/6454 6006/6455
f 5429/6406 6006/6455 5864/6407
f 5123/5956 6007/5860 5926/5957
f 5804/6456 5867/6457 6008/6458
f 5594/6459 6008/6458 5896/6454
f 5234/6460 6009/5857 5958/5859
f 4916/6352 5306/5853 4918/5402
f 5228/6446 5518/5758 5607/5678
f 6010/6461 5399/6462 5861/5342
f 5616/5840 5805/6463 6010/6461
f 5236/5839 5614/6464 6011/5848
f 4917/6465 5368/5847 4916/6352
f 4789/5348 5657/5922 5444/5349
f 5569/6466 5853/6467 5949/5572
f 5540/5768 5616/5840 5166/5769
f 4876/6468 5806/5838 5540/5768
f 5378/6469 5615/6470 5806/5838
f 5807/5837 5236/5839 5615/6470
f 5522/6471 5615/6470 5087/6472
f 4875/6473 5807/5837 5522/6471
f 6012/5835 5240/6474 5899/5828
f 6013/6475 5642/6476 5961/6477
f 5950/6478 5808/6479 6013/6475
f 5162/6419 5639/5601 5638/5658
f 5165/5615 5604/5832 5603/5735
f 6014/5830 5086/5890 5918/5892
f 6015/6480 5377/6443 5856/6444
f 5961/6477 5809/6481 6015/6480
f 5200/5553 5500/6102 5649/5826
f 5509/5824 5230/5736 5212/5831
f 5152/6419 5459/5734 4975/6420
f 5156/5600 5536/5750 5157/5657
f 5506/5823 5507/6421 4883/6233
f 5506/5823 5618/5822 5507/6421
f 5618/5822 5210/6422 5507/6421
f 5618/5822 5620/5782 5210/6422
f 5618/5822 5619/5821 5620/5782
f 5619/5821 5102/5780 5620/5782
f 4822/6066 5649/5826 5385/5817
f 4931/5338 5421/5816 4929/6257
f 5242/5756 5410/5813 5134/5757
f 5146/5683 5612/5659 5451/5660
f 5341/5468 5472/6482 4990/6483
f 5341/5468 5621/5705 5472/6482
f 5621/5705 5170/6448 5472/6482
f 5326/6046 5598/5810 5050/6449
f 4803/6355 5810/5808 5326/6046
f 5488/5362 5597/6484 5810/5808
f 5811/6485 5862/6194 6016/6486
f 5617/5836 5811/6485 6016/6486
f 5230/5736 5519/5805 6017/5807
f 5149/5600 5533/5750 5150/5657
f 5955/6487 5447/6488 5869/6326
f 5812/5799 5235/5809 5597/6484
f 5184/6181 5812/5799 5597/6484
f 4801/6489 5812/5799 5555/6255
f 5573/5796 5619/5821 5209/5820
f 5573/5796 5393/5795 5619/5821
f 5393/5795 5102/5780 5619/5821
f 5225/6446 5517/5758 5610/5678
f 4770/6490 5446/5301 4772/5300
f 5914/6389 5364/6388 5654/6491
f 5813/5786 5210/6422 5574/6492
f 5505/6493 5813/5786 5574/6492
f 5206/6494 5633/5784 5813/5786
f 5600/5766 5602/5740 5060/6495
f 5600/5766 5601/5783 5602/5740
f 5601/5783 5171/5738 5602/5740
f 5620/5782 5574/6492 5210/6422
f 5620/5782 5303/5781 5574/6492
f 5303/5781 4871/6496 5574/6492
f 5629/6497 5631/5777 5238/5771
f 5182/6498 5814/5778 5629/6497
f 4787/6224 5814/5778 5486/6095
f 5479/6499 5547/5776 4767/6264
f 5174/6424 5815/5774 5479/6499
f 5626/5912 5624/6500 5815/5774
f 5816/5770 5026/5885 5291/6445
f 5553/5454 5291/6445 4779/5663
f 5553/5454 5629/6497 5816/5770
f 4876/6468 5637/5727 5167/5726
f 5587/5767 5343/5471 4808/5404
f 5587/5767 5600/5766 5343/5471
f 5600/5766 5060/6495 5343/5471
f 4774/5306 5558/6306 5280/5307
f 5817/5762 5239/6423 5633/5784
f 5890/5700 5817/5762 5633/5784
f 5952/6501 5418/5760 5817/5762
f 5222/6446 5582/5758 5613/5678
f 5148/6419 5651/5601 5650/5658
f 4877/5513 5654/6491 5445/5755
f 6018/5754 4876/6502 5933/5654
f 6019/6503 5460/6504 5871/6505
f 5960/6506 5818/6507 6019/6503
f 5225/6446 5609/5659 5154/5683
f 5163/5600 5539/5750 5164/5657
f 5078/5819 5648/5605 5361/5617
f 5819/6508 5897/6438 6020/6509
f 5387/6510 6020/6509 5859/6511
f 4944/5548 6021/5743 5921/5549
f 5602/5740 5530/6070 5060/6495
f 5602/5740 5543/5739 5530/6070
f 5543/5739 4804/6334 5530/6070
f 5603/5735 4875/6473 5165/5615
f 5148/6419 5453/5734 4967/6420
f 4791/5921 5328/5870 5477/5731
f 4790/5973 5442/6041 5469/5728
f 5098/5622 5637/5727 5166/5769
f 5346/5725 5622/5704 5059/5703
f 5346/5725 5493/5390 5622/5704
f 5493/5390 5189/5876 5622/5704
f 4766/5598 5542/5724 4805/6512
f 5545/5720 4989/5624 4764/5623
f 5166/5769 5391/5715 5098/5622
f 4792/6253 5382/5698 5310/5712
f 5873/5604 5334/6513 5908/6514
f 4780/6221 5550/6370 5354/5706
f 5621/5705 5623/5878 5170/6448
f 5621/5705 5622/5704 5623/5878
f 5622/5704 5189/5876 5623/5878
f 5952/6501 5360/6515 5913/5656
f 5820/5699 4792/6253 5443/5344
f 5590/5692 5443/5344 5044/6516
f 5233/6431 5820/5699 5590/5692
f 5821/5696 5233/6431 5589/5691
f 5314/5360 5589/5691 5042/6183
f 4802/6357 5821/5696 5314/5360
f 5822/5693 5044/6516 5318/6190
f 5370/6184 5318/6190 4800/6247
f 5042/6183 5822/5693 5370/6184
f 5041/5730 5322/5504 5311/5356
f 5045/6430 5406/5353 5040/5711
f 5053/6517 5388/5350 5039/5918
f 5038/5733 5413/5687 5308/5347
f 4774/6218 5362/6090 5471/5680
f 5228/6446 5606/5659 5160/5683
f 5334/6513 5911/6518 5908/6514
f 4777/6217 5461/5670 5279/5672
f 5181/6319 5420/5320 5024/5943
f 5023/5926 5551/5667 5288/5317
f 5021/5708 5483/5665 5286/5314
f 5178/6519 5340/5311 5018/5934
f 5017/5682 5304/5455 5282/5308
f 5033/6520 5467/5305 5014/5671
f 5028/6521 5449/5302 5012/5888
f 5011/5886 5462/5661 5276/5299
f 5154/5683 5609/5659 5457/5660
f 5152/6419 5646/5601 5645/5658
f 5460/6504 5851/5702 5871/6505
f 5478/5653 5171/6522 5173/5718
f 5823/5649 5175/5775 5624/6500
f 5627/5866 5624/6500 5237/6450
f 5627/5866 5353/6523 5823/5649
f 5824/5641 5027/6524 5628/5873
f 5631/5777 5628/5873 5238/5771
f 5178/6519 5824/5641 5631/5777
f 5188/6525 5292/5638 5065/5882
f 5825/5634 5099/6526 5632/5914
f 5635/5761 5632/5914 5239/6423
f 5098/6527 5825/5634 5635/5761
f 5111/6528 5405/5488 5110/5846
f 5015/5764 5491/6310 5510/5629
f 5167/5726 5418/5620 4870/5872
f 4987/5595 5639/5601 5162/6419
f 6022/5610 5087/6529 5898/5752
f 6023/6530 5641/6531 5960/6506
f 5936/6532 5826/6533 6023/6530
f 4979/5595 5646/5601 5152/6419
f 5241/5818 5567/6101 5648/5605
f 5502/6534 5870/6535 5935/5710
f 4973/5595 5651/5601 5148/6419
f 5885/6536 5514/6537 5529/6538
f 5922/6393 5394/5581 5653/5811
f 5186/5928 5371/5577 5043/6539
f 5019/5923 5656/5574 5243/5843
f 5887/5842 5372/6540 5916/6541
f 5049/6542 5275/5571 5010/5792
f 5372/6540 5917/6543 5916/6541
f 5117/5954 5356/5381 5118/5815
f 5126/6544 5381/5563 5125/5932
f 5213/6545 5294/5447 5119/5937
f 5658/6415 5353/5557 5066/5940
f 5244/5947 5827/5555 5658/6415
f 5661/5948 5498/5999 5827/5555
f 5121/5937 5395/5379 5120/5954
f 5113/5846 5416/5540 5115/5852
f 5892/6288 5387/6510 5859/6511
f 5828/5546 5007/6546 5662/5958
f 5665/5964 5662/5958 5246/6397
f 5176/6547 5828/5546 5665/5964
f 5128/6548 5357/5541 5124/5967
f 5115/5852 5414/5293 5114/5969
f 5025/6549 5666/5537 5248/5978
f 6024/5535 5104/6550 5900/5979
f 6025/6551 5668/6552 5962/6394
f 5891/6240 5829/6553 6025/6551
f 5888/6554 5379/6351 5919/6056
f 5830/5528 5065/6555 5672/5993
f 5675/6000 5672/5993 5250/6378
f 5195/5949 5830/5528 5675/6000
f 5422/5523 5677/6005 5107/6002
f 5422/5523 5435/5522 5677/6005
f 5435/5522 5108/6006 5677/6005
f 5831/5518 5028/6521 5679/6009
f 5682/6015 5679/6009 5251/6369
f 5032/6228 5831/5518 5682/6015
f 5684/6368 5397/5512 5105/6022
f 5252/6025 5832/5510 5684/6368
f 5687/6028 5400/6004 5832/5510
f 5201/6049 5363/5384 5079/6029
f 5833/5508 5173/6556 5688/6031
f 5691/6038 5688/6031 5253/6359
f 5191/6557 5833/5508 5691/6038
f 5834/5505 5047/5729 5692/6040
f 5695/6047 5692/6040 5254/6354
f 5050/6449 5834/5505 5695/6047
f 5501/5501 5081/6558 5201/6049
f 5117/5954 5294/5447 5307/5379
f 5116/6528 5412/5488 5113/5846
f 5889/6366 5427/6381 5863/5990
f 5835/6559 5909/6151 6026/6560
f 5699/6561 6026/6560 5903/6337
f 5188/6525 6027/5481 5965/6063
f 5495/5472 5060/6495 5191/6069
f 5836/6562 5882/6563 5058/6564
f 5703/6078 5700/6333 5256/6072
f 5059/5703 5836/6562 5703/6078
f 5885/6536 5525/6303 5883/6124
f 5915/6565 5374/6566 5369/6567
f 5520/6160 5934/6340 5943/6158
f 5109/5969 5407/5295 5111/6087
f 5837/5456 5035/5681 5704/6089
f 5707/6096 5704/6089 5257/6318
f 5182/6498 5837/5456 5707/6096
f 5709/5453 5076/6568 5258/6098
f 5259/6106 5315/5450 5009/6104
f 5214/6545 5408/5447 5121/5937
f 5433/5441 5013/6569 5048/6110
f 5838/5438 5049/6570 5712/6112
f 5715/6119 5712/6112 5261/6305
f 5183/6571 5838/5438 5715/6119
f 5487/5432 5016/6213 5183/6121
f 5930/6081 5581/6572 5440/6327
f 5716/6127 5349/5421 5064/6300
f 5262/6126 5839/5419 5716/6127
f 5719/6133 5499/6523 5839/5419
f 5020/6211 5720/5418 5263/6139
f 5840/6573 5927/6574 6028/6575
f 5725/6576 6028/6575 5905/6278
f 5124/6577 6029/5416 5967/6147
f 5882/6563 5344/6578 5850/6058
f 5055/6579 5333/5408 5054/6153
f 5726/6157 5319/5405 5062/6273
f 5265/6156 5841/5403 5726/6157
f 5729/6162 5587/5767 5841/5403
f 5842/5399 5172/6361 5730/6163
f 5733/6170 5730/6163 5266/6261
f 5194/6379 5842/5399 5733/6170
f 5493/5390 5057/6580 5189/5876
f 5494/5387 5061/6581 5190/6173
f 5363/5384 5080/6582 5079/6029
f 5120/5954 5366/5381 5122/5815
f 5112/5852 5403/5293 5109/5969
f 5185/6178 5272/5370 5007/6179
f 5563/5367 4808/5404 4806/5470
f 5184/6181 5270/5364 5006/6182
f 5481/5361 5042/6183 5176/6547
f 5041/5730 5296/5358 5029/5976
f 5406/5353 5009/6104 5040/5711
f 5388/5350 5036/6137 5039/5918
f 5038/5733 5444/5349 5030/5844
f 5843/5346 5053/6517 5734/6185
f 5737/6191 5734/6185 5267/6245
f 5044/6516 5843/5346 5737/6191
f 5844/6583 5923/5850 6030/6584
f 5741/6585 6030/6584 5907/6230
f 5099/6526 6031/5343 5969/6199
f 5845/5325 5033/6520 5742/6202
f 5745/6208 5742/6202 5269/6225
f 5034/6320 5845/5325 5745/6208
f 5420/5320 5025/6549 5024/5943
f 5023/5926 5352/5319 5022/6210
f 5021/5708 5285/5316 5020/6211
f 5340/5311 5019/5923 5018/5934
f 5017/5682 5281/5310 5016/6213
f 5467/5305 5015/5764 5014/5671
f 5449/5302 5013/6569 5012/5888
f 5011/5886 5446/5301 5010/5792
f 5114/5969 5417/5295 5116/6087
f 5969/6199 5844/6583 5741/6585
f 5907/6230 5738/6193 5268/6244
f 6030/6584 5106/5849 5738/6193
f 5058/6564 5850/6058 5056/6150
f 5967/6147 5840/6573 5725/6576
f 5905/6278 5722/6140 5264/6293
f 6028/6575 5127/6586 5722/6140
f 5130/6080 5894/6587 5930/6081
f 5943/6158 5169/6345 5231/6084
f 5082/6082 5917/6543 5915/6565
f 5137/5803 5883/6124 5130/6080
f 5965/6063 5835/6559 5699/6561
f 5903/6337 5696/6057 5255/6349
f 6026/6560 5056/6150 5696/6057
f 5205/6588 5863/5990 5088/5989
f 5204/6589 5919/6056 5088/5989
f 5211/6239 6025/6551 5671/5986
f 5671/5986 5962/6394 5249/6382
f 5829/6553 5900/5979 5668/6552
f 5215/6287 5859/6511 5123/5956
f 5916/6541 5084/6590 5083/5675
f 5202/5709 5916/6541 5083/5675
f 5137/5803 5941/6591 5885/6536
f 5935/5710 5082/6592 5202/5709
f 5204/6593 6023/6530 5644/5834
f 5644/5834 5960/6506 5240/6474
f 5826/6533 5898/5752 5641/6531
f 5871/6505 5089/5701 5086/5890
f 5908/6514 4839/6594 4844/6595
f 4870/6596 5913/5656 4846/5655
f 5873/5604 4844/6595 4843/5602
f 5921/5549 5819/6508 5387/6510
f 5859/6511 5593/5858 5123/5956
f 6020/6509 5234/6460 5593/5858
f 5240/6474 6019/6503 5643/5829
f 5643/5829 5871/6505 5086/5890
f 5818/6507 5933/5654 5460/6504
f 4959/5592 5869/6326 4955/5927
f 6016/6486 5106/5849 5614/6464
f 5134/6597 6015/6480 5445/6598
f 5445/6598 5856/6444 4877/6599
f 5809/6481 5918/5892 5377/6443
f 4874/6600 6013/6475 5410/6601
f 5410/6601 5961/6477 5134/6597
f 5808/6479 5899/5828 5642/6476
f 5949/5572 4840/6051 4842/6052
f 5466/5716 5861/5342 4881/5717
f 5958/5859 5804/6456 5594/6459
f 5896/6454 5524/6602 5128/6603
f 6008/6458 4942/5713 5524/6602
f 5926/5957 5803/6453 5429/6406
f 5864/6407 5437/6604 4946/6605
f 6006/6455 5128/6603 5437/6604
f 5856/6444 4847/5902 4877/6599
f 5959/5742 5798/6434 5595/6437
f 5897/6438 5592/5855 5234/6460
f 6004/6436 5129/6606 5592/5855
f 5206/6494 5920/5891 5089/5701
f 4947/6281 5864/6407 4946/6605
f 5249/6382 6001/6392 5670/5983
f 5670/5983 5922/6393 5103/5789
f 5790/6395 5860/5582 5394/5581
f 5209/6607 5999/6387 5573/6608
f 5573/6608 5914/6389 4879/6018
f 5789/6390 5852/5788 5364/6388
f 4883/6233 5997/6383 5506/6609
f 5506/6609 5963/6385 5209/6607
f 5788/6386 5901/5982 5669/6384
f 5874/6380 4848/5483 4875/6610
f 4873/5521 5857/5532 4849/5531
f 5964/6061 5772/6346 5698/6348
f 5902/6342 5335/5406 5055/6579
f 5994/6347 4991/5410 5335/5406
f 5886/6085 5771/6341 5541/6344
f 5948/6322 5468/6152 4988/5625
f 5992/6343 5055/6579 5468/6152
f 5872/5461 5770/6336 5470/6339
f 5934/6340 5697/6060 5169/6345
f 5990/6338 5255/6349 5697/6060
f 5848/6275 5063/6330 5989/6332
f 5702/6074 5988/6073 5989/6332
f 4955/5927 5868/5427 4954/5429
f 4839/6594 5932/6323 4838/6611
f 5957/6268 4988/5625 4989/5879
f 4960/5587 5945/5467 4952/5466
f 5966/6144 5761/6289 5724/6292
f 5904/6284 5527/6612 5126/6613
f 5983/6291 4941/6614 5527/6612
f 5892/6288 5760/6283 5579/6286
f 5954/5547 5434/6615 4945/6416
f 5981/6285 5126/6613 5434/6615
f 5878/6282 5759/6277 5513/6280
f 5940/5955 5723/6143 5215/6287
f 5979/6279 5264/6293 5723/6143
f 4995/6616 5847/5480 4994/5424
f 5977/6269 5728/6155 5168/6617
f 5520/6160 5976/6270 5977/6269
f 5968/6197 5751/6241 5740/6243
f 5906/6236 5358/6023 5105/6022
f 5974/6242 4878/5825 5358/6023
f 5891/6240 5750/6235 5575/6238
f 5953/5533 5397/5512 4882/5511
f 5972/6237 5105/6022 5397/5512
f 5877/6234 5749/6229 5508/6232
f 5939/5985 5739/6196 5211/6239
f 5970/6231 5268/6244 5739/6196
f 5971/6200 5741/6585 5749/6229
f 5973/6198 5740/6243 5750/6235
f 5975/6195 5411/6618 5751/6241
f 5339/6331 5909/6151 5336/6276
f 5980/6148 5725/6576 5759/6277
f 5982/6145 5724/6292 5760/6283
f 5984/6142 5528/6619 5761/6289
f 5515/6620 5883/6124 5525/6303
f 5895/6086 5541/6344 5586/6267
f 5454/6325 5849/5676 5870/6083
f 5447/6488 5930/6081 5440/6327
f 5991/6064 5699/6561 5770/6336
f 5993/6062 5698/6348 5771/6341
f 5995/6059 5344/6578 5772/6346
f 5504/6363 5919/6056 5379/6351
f 5503/6621 5863/5990 5427/6381
f 5508/6232 5996/5987 5788/6386
f 5669/6384 5998/5984 5789/6390
f 5668/6552 6000/5981 5790/6395
f 5513/6280 5926/5957 5429/6406
f 5505/6493 5858/5903 5380/6433
f 6005/5900 5438/6622 5798/6434
f 5918/5892 5380/6433 5377/6443
f 6007/5860 5594/6459 5803/6453
f 6009/5857 5439/6623 5804/6456
f 5805/6463 5923/5850 5399/6462
f 5887/5842 5369/6624 5569/6466
f 5570/6625 6012/5835 5808/6479
f 5642/6476 6014/5830 5809/6481
f 6017/5807 5411/6618 5811/6485
f 5580/6626 5931/5804 5447/6488
f 5641/6531 6018/5754 5818/6507
f 6021/5743 5595/6437 5819/6508
f 5502/6534 5846/5677 5334/6513
f 5572/6627 5851/5702 5360/6515
f 5846/5677 5342/6324 5334/6513
f 5933/5654 5360/6515 5460/6504
f 5503/6628 6022/5610 5826/6533
f 5873/5604 5454/6582 5502/6534
f 5529/6538 5879/6629 5947/5465
f 5949/5572 5372/6540 5569/6466
f 5854/5568 5374/6566 5372/6540
f 5579/6286 5921/5549 5387/6510
f 5575/6238 6024/5535 5829/6553
f 5570/6630 5857/5532 5379/6351
f 5571/6631 5925/5484 5427/6381
f 6027/5481 5336/6276 5835/6559
f 5529/6538 5945/5467 5525/6303
f 5374/6566 5853/5463 5369/6567
f 5881/5462 5470/6339 5520/6160
f 5440/6327 5956/6632 5868/5427
f 6029/5416 5436/6633 5840/6573
f 5523/5469 5912/5411 5344/6578
f 6031/5343 5399/6462 5844/6583
f 5414/5293 5003/5372 5002/5294
f 4981/5296 4982/6634 5158/5297
f 5276/5299 4776/5662 4772/5300
f 5282/5308 4779/5663 4775/5309
f 5286/5314 4785/5666 4781/5315
f 5288/5317 4784/5668 4780/5318
f 5273/5323 4778/6321 5301/5324
f 5072/5326 4821/6635 4819/5327
f 5208/5329 4869/5502 4868/5330
f 5148/5332 4967/5721 4965/5333
f 4909/5335 4901/5524 4902/5336
f 4931/5338 4929/5560 4928/5339
f 5271/5341 4881/5717 5861/5342
f 5443/5344 4792/6253 5404/5345
f 5308/5347 4793/5688 4789/5348
f 5311/5356 4795/5690 4791/5357
f 4798/5359 4802/6357 5314/5360
f 5488/5362 4803/6355 4799/5363
f 5192/5365 5062/6429 5319/5366
f 5489/5368 4801/6250 4797/5369
f 5403/5293 5409/5540 4998/5371
f 4894/5373 4886/5413 4887/5374
f 4896/5376 4888/5907 4889/5377
f 5395/5379 4932/5498 4934/5380
f 4837/5382 4833/6636 5365/5383
f 4813/5385 4811/6637 5345/5386
f 4809/5388 4807/6258 5338/5389
f 5085/5391 4853/5492 4852/5392
f 5223/5394 4973/5595 4970/5395
f 5564/5397 4816/5556 5476/5398
f 4919/5400 4917/5550 4916/5401
f 5841/5403 5587/5767 4808/5404
f 5335/5406 4991/5410 4767/5407
f 5944/5409 4990/6483 4991/5410
f 4893/5412 4885/5904 4886/5413
f 5357/5414 4943/6638 5865/5415
f 5285/5316 4781/5315 5037/5417
f 5839/5419 5499/6523 4816/5420
f 5090/5393 5091/5529 4841/5422
f 5868/5427 5956/6632 4958/5428
f 4769/5430 4774/6218 5390/5431
f 5096/5433 4863/5790 4862/5434
f 5554/5436 4768/5558 5431/5437
f 4770/5439 4772/6215 5355/5440
f 5069/5442 4819/6639 5074/5443
f 5578/5445 4935/5907 4933/5446
f 4964/5296 4966/6634 5133/5297
f 5711/5448 5177/6107 4788/5449
f 5199/5451 4827/6640 5359/5452
f 5553/5454 4779/5663 5304/5455
f 5403/5293 5001/5372 5000/5294
f 5193/5457 4811/6641 4813/5458
f 4992/5460 4993/5628 5872/5461
f 5853/5463 5855/5567 4841/5422
f 5093/5433 4855/5790 4854/5434
f 5947/5465 4953/5486 4952/5466
f 5523/5469 5836/6562 5341/5468
f 5341/5468 4990/6483 5944/5409
f 4806/5470 4808/5404 5343/5471
f 4814/5473 4992/5627 5168/5474
f 5073/5476 4818/6642 4820/5477
f 5492/5479 4994/5424 5847/5480
f 5951/5482 4872/6643 4848/5483
f 5140/5485 4952/5466 4953/5486
f 5412/5488 5417/5632 5002/5489
f 5203/5491 4851/6644 4853/5492
f 4897/5378 4889/5377 4890/5337
f 4859/5493 4855/5790 5093/5433
f 4858/5495 4856/5787 5092/5496
f 5294/5447 4926/5446 4927/5498
f 4835/5499 4830/6645 5375/5500
f 4869/5502 4863/5790 5096/5433
f 4868/5330 4864/5787 5095/5496
f 5415/5503 4795/5690 5322/5504
f 5562/5506 4765/6646 5478/5507
f 5568/5509 4834/5519 4837/5382
f 5832/5510 5400/6004 4882/5511
f 4877/5513 5101/5801 5683/5514
f 5455/5516 4777/6217 5295/5517
f 4834/5519 4832/6647 4833/5520
f 5565/5526 4815/6409 5351/5527
f 5091/5529 5203/5992 4840/5464
f 5950/5530 4874/6648 4849/5531
f 5953/5533 4882/5511 5396/5534
f 5386/5322 4782/5321 5008/5536
f 5197/5538 4821/6635 5072/5326
f 5416/5540 5004/5371 5003/5372
f 5357/5541 5524/6649 4942/5542
f 5548/5544 4796/5489 5312/5545
f 5954/5547 4945/6416 4944/5548
f 5412/5488 5005/5490 5004/5371
f 5395/5379 5408/5447 4933/5446
f 4923/5401 4921/5402 4920/5400
f 4836/5551 4831/6650 4830/5552
f 5200/5553 4822/6066 5070/5478
f 5827/5555 5498/5999 4817/5556
f 4895/5375 4887/5374 4888/5558
f 4939/5339 4937/5340 4936/5338
f 5577/5445 4924/5907 4926/5446
f 5527/5561 4941/6651 4940/5562
f 5216/5564 4950/6652 4951/5565
f 5307/5379 4927/5498 4925/5380
f 4898/5336 4890/5337 4891/5335
f 4845/5423 4841/5422 5855/5567
f 5431/5569 4768/6653 4775/5570
f 5949/5572 4842/6052 4845/5423
f 5284/5313 4783/5312 5031/5573
f 5557/5575 4802/6357 4798/5576
f 5136/5578 5108/5746 5435/5579
f 5135/5583 5653/5811 5394/5581
f 5860/5582 4880/6391 5135/5583
f 5947/5465 5879/6629 4961/5584
f 4960/5587 4952/5466 5140/5588
f 4959/5592 4955/5927 5131/5593
f 5153/5334 4977/5395 4979/5595
f 5531/5596 5146/5683 5145/5597
f 4843/5602 4838/5893 5932/5603
f 5648/5605 5567/6101 4828/5606
f 5162/5332 4983/5721 4980/5333
f 5534/5596 5154/5683 5153/5597
f 5874/5608 4875/6654 5522/5609
f 5151/5298 5224/5297 4978/5611
f 5207/5331 4858/5495 4859/5493
f 5537/5596 5160/5683 5159/5597
f 4899/5524 4891/5335 4884/5613
f 5165/5615 4875/6473 4848/5616
f 5068/5619 5078/5819 5361/5617
f 5361/5617 4825/5747 4824/5618
f 5229/5394 4987/5595 4985/5395
f 5510/5629 5491/6310 4771/5630
f 5407/5632 5000/5489 4999/5490
f 5391/5633 4881/5717 5271/5341
f 4853/5492 4851/6644 4850/5635
f 5559/5637 4993/5628 4814/5473
f 5549/5639 4785/6220 5293/5640
f 5823/5649 5353/6523 4817/5420
f 4765/5651 4804/6655 5543/5652
f 5933/5654 4876/6502 4846/5655
f 5646/5601 5156/5600 5157/5657
f 5609/5659 5151/5679 4976/5612
f 5295/5517 4777/6217 4773/5303
f 5301/5324 4778/6321 4774/5306
f 5482/5664 4787/6224 4783/5312
f 5552/5669 4786/6227 4782/5321
f 5461/5670 5033/6520 5014/5671
f 5138/5585 5139/5586 4956/5673
f 5083/5675 5084/6590 5849/5676
f 5471/5680 5362/6090 5035/5681
f 5154/5683 5155/5396 5647/5684
f 5652/5684 5147/5396 4970/5395
f 5142/5590 5143/5591 4963/5685
f 5404/5345 4792/6253 4788/5351
f 5320/5689 4794/5906 4790/5354
f 5589/5691 5233/6431 5590/5692
f 5321/5694 5046/6356 5591/5695
f 5588/5697 5045/6430 5382/5698
f 5890/5700 5206/6494 5089/5701
f 5354/5706 5550/6370 5179/5707
f 5202/5709 5083/5675 5846/5677
f 5463/5660 4984/5612 5161/5396
f 4987/5595 5162/5332 5159/5334
f 5382/5698 5045/6430 5040/5711
f 5173/5718 5171/6522 5474/5719
f 4969/5333 5153/5334 5152/5332
f 5546/5722 5174/6442 5170/5723
f 5469/5728 5442/6041 5047/5729
f 5477/5731 5328/5870 5051/5732
f 5146/5683 5147/5396 5652/5684
f 5432/5741 5125/6439 5959/5742
f 5135/5583 4880/6391 5401/5745
f 5361/5617 5648/5605 5071/5607
f 4860/5330 5207/5331 5094/5329
f 4972/5296 4974/6634 5224/5297
f 5224/5751 4974/5749 5535/5748
f 5898/5752 5087/6529 5378/5753
f 5457/5660 4976/5612 5155/5396
f 5445/5755 5654/6491 5242/5756
f 5651/5601 5149/5600 5150/5657
f 5582/5758 4964/5651 5217/5679
f 4957/5759 5221/5862 5144/5594
f 5418/5760 5098/6527 5635/5761
f 5280/5307 5558/6306 5187/5763
f 5816/5770 5629/6497 5238/5771
f 5108/5746 5136/5578 5655/5773
f 5815/5774 5624/6500 5175/5775
f 5482/5664 5178/6519 5631/5777
f 4962/5779 5220/5861 5141/5589
f 5633/5784 5239/6423 5634/5785
f 4857/5494 4861/5502 5094/5329
f 5207/5331 4860/5330 4856/5787
f 5158/5751 4982/5749 5538/5748
f 5242/5756 5654/6491 5852/5788
f 5654/6491 5364/6388 5852/5788
f 5208/5329 4867/5493 4863/5790
f 4862/5497 4866/5495 5097/5331
f 5325/5791 5049/6542 5010/5792
f 4971/5611 5133/5751 5611/5793
f 5517/5758 4972/5651 5151/5679
f 5329/5797 5052/6441 5599/5798
f 4847/5800 4871/6656 5101/5801
f 5893/5802 5218/6657 5137/5803
f 5519/5805 4878/5825 5924/5806
f 5810/5808 5597/6484 5235/5809
f 5451/5660 4968/5612 5147/5396
f 5612/5659 5217/5679 4968/5612
f 5653/5811 5135/5583 4874/5812
f 5419/5814 5117/5954 5118/5815
f 5385/5817 5649/5826 5241/5818
f 5647/5684 5155/5396 4977/5395
f 5649/5826 5500/6102 5198/5827
f 5899/5828 5240/6474 5643/5829
f 5640/5684 5161/5396 4985/5395
f 5212/5831 5230/5736 5603/5735
f 5639/5601 5163/5600 5164/5657
f 5160/5683 5161/5396 5640/5684
f 5888/5833 5204/6593 5644/5834
f 5585/5737 5230/5736 5617/5836
f 5806/5838 5615/6470 5236/5839
f 5202/5709 5082/6592 5915/5841
f 5444/5349 5657/5922 5243/5843
f 5398/5845 5111/6528 5110/5846
f 6011/5848 5614/6464 5106/5849
f 5518/5758 4981/5651 5227/5679
f 5368/5847 5110/5846 5112/5852
f 4849/5854 4874/5812 5136/5578
f 5592/5855 5129/6606 5929/5856
f 5593/5858 5234/6460 5958/5859
f 5216/5714 4954/5429 4958/5428
f 5132/5851 4953/5486 4961/5584
f 5606/5659 5227/5679 4984/5612
f 5516/5863 5222/6446 5146/5683
f 5223/5394 5149/5600 5452/5599
f 4986/5611 5229/5394 5161/5396
f 5156/5600 5226/5394 5608/5793
f 4986/5611 5158/5751 5605/5793
f 5583/5863 5225/6446 5154/5683
f 5226/5394 5156/5600 5458/5599
f 4823/5864 4822/6066 5385/5817
f 5385/5817 5078/5819 5068/5619
f 4978/5611 5224/5751 5608/5793
f 5163/5600 5229/5394 5605/5793
f 5584/5863 5228/6446 5160/5683
f 5229/5394 5163/5600 5464/5599
f 5475/5865 5066/6132 5627/5866
f 5801/5869 5596/6440 5051/5732
f 4846/5871 4876/6468 5167/5726
f 5628/5873 5027/6524 5456/5874
f 4978/5611 5226/5394 5155/5396
f 5492/5479 5188/6525 5065/5882
f 5448/5884 5291/6445 5026/5885
f 5450/5887 5028/6521 5012/5888
f 5149/5600 5223/5394 5611/5793
f 5086/5890 5089/5701 5920/5891
f 5133/5751 4966/5749 5532/5748
f 4843/5602 4844/5495 4839/5497
f 5479/5894 4767/5407 4990/5626
f 5226/5394 4979/5595 4977/5395
f 5383/5896 4793/5688 5413/5687
f 4913/5374 4905/5375 4906/5373
f 5381/5898 4940/5686 5928/5899
f 4910/5337 4902/5336 4903/5378
f 5405/5488 4999/5490 4998/5371
f 5876/5901 4871/6496 4847/5902
f 4915/5904 4907/5412 4900/5614
f 4892/5614 4884/5613 4885/5904
f 5797/5905 5332/6358 4794/5906
f 4911/5377 4903/5378 4904/5376
f 4914/5413 4906/5373 4907/5412
f 4810/5908 4812/6658 5347/5909
f 4912/5558 4904/5559 4905/5375
f 5625/5911 5237/6450 5626/5912
f 5632/5914 5099/6526 5392/5915
f 5331/5917 5053/6517 5039/5918
f 5297/5920 5656/5574 5031/5573
f 5657/5922 5376/6212 5019/5923
f 5425/5924 5484/6226 5180/5925
f 4955/5927 4954/5429 5216/5564
f 4874/5812 5135/5583 5655/5773
f 5186/5928 5043/6539 5316/5929
f 5434/5931 5126/6544 5125/5932
f 5549/5639 5178/6519 5018/5934
f 5511/5936 5213/6545 5119/5937
f 5794/5939 5658/6415 5066/5940
f 5485/5942 5181/6319 5024/5943
f 4908/5613 4900/5614 4901/5524
f 5245/5554 5070/5478 4820/5477
f 5199/5951 5245/5554 5077/5950
f 4829/5953 5200/5553 5245/5554
f 5426/5938 5121/5937 5120/5954
f 5350/5847 5113/5846 5115/5852
f 5940/5955 5215/6287 5123/5956
f 5662/5958 5007/6546 5272/5959
f 5663/5961 5246/6397 5664/5962
f 5481/5361 5176/6547 5665/5964
f 5437/5966 5128/6548 5124/5967
f 5337/5853 5115/5852 5114/5969
f 5247/5539 5072/5326 4825/5747
f 5075/5971 5247/5539 5071/5607
f 4826/5972 5197/5538 5247/5539
f 5666/5537 5008/5536 4790/5973
f 5667/5975 5248/5978 5029/5976
f 5290/5977 5025/6549 5248/5978
f 5900/5979 5104/6550 5324/5980
f 5901/5982 5249/6382 5670/5983
f 5939/5985 5211/6239 5671/5986
f 5936/5988 5204/6589 5088/5989
f 4850/5991 4851/6659 5203/5992
f 5672/5993 5065/6555 5292/5994
f 5673/5996 5250/6378 5674/5997
f 5498/5999 5195/5949 5675/6000
f 5679/6009 5028/6521 5450/5887
f 5680/6011 5251/6369 5681/6012
f 5299/6014 5032/6228 5682/6015
f 5100/5515 5102/6019 5393/6017
f 5683/5514 5101/5801 5102/6019
f 5101/5801 4871/6656 5303/6020
f 5781/6021 5684/6368 5105/6022
f 5780/6024 5685/6362 5252/6025
f 5779/6027 5422/5523 5107/6002
f 5501/5501 5201/6049 5079/6029
f 5688/6031 5173/6556 5545/6032
f 5689/6034 5253/6359 5690/6035
f 5495/6037 5191/6557 5691/6038
f 5692/6040 5047/5729 5442/6041
f 5693/6043 5254/6354 5694/6044
f 5326/6046 5050/6449 5695/6047
f 5201/6049 5081/6558 5367/6050
f 5419/5814 5423/5938 5119/5937
f 4840/6051 5203/5491 5085/5391
f 5330/5845 5116/6528 5113/5846
f 5140/5485 5132/5487 4949/6053
f 5937/6055 5205/6588 5088/5989
f 5696/6057 5056/6150 5850/6058
f 5697/6060 5255/6349 5964/6061
f 5559/5637 5188/6525 5965/6063
f 4823/6065 5073/5476 5070/5478
f 5067/5475 5168/5474 4812/6067
f 5191/6069 5060/6495 5530/6070
f 5256/6072 5700/6333 5988/6073
f 5346/5725 5059/5703 5703/6078
f 5931/5804 5137/5803 5130/6080
f 4857/5494 5093/5433 5092/5435
f 5849/5676 5084/6590 5082/6082
f 5231/6084 5169/6345 5886/6085
f 4815/5425 5193/5457 5063/5459
f 5348/5970 5109/5969 5111/6087
f 5704/6089 5035/5681 5362/6090
f 5705/6092 5257/6318 5706/6093
f 5486/6095 5182/6498 5707/6096
f 5258/6098 5076/6568 5473/6099
f 5198/5827 5258/6098 5708/6100
f 4829/5953 5199/5451 5709/5453
f 5710/6103 5259/6106 5009/6104
f 5287/6105 5022/6210 5259/6106
f 5352/5319 4780/5318 5177/6107
f 5217/5298 5133/5297 4971/5611
f 5512/5936 5214/6545 5121/5937
f 5260/5444 5074/5443 4818/6108
f 5068/5619 5260/5444 5073/6109
f 4824/5618 5069/5442 5260/5444
f 5048/6110 5013/6569 5278/5304
f 5712/6112 5049/6570 5325/6113
f 5713/6115 5261/6305 5714/6116
f 5487/6118 5183/6571 5715/6119
f 4865/5494 5096/5433 5095/5435
f 5183/6121 5016/6213 5281/5310
f 5942/6123 5219/6660 5130/6080
f 4852/5392 4850/5991 5091/5529
f 5762/6131 5566/5865 5196/6132
f 5720/5418 5037/5417 4789/6134
f 5721/6136 5263/6139 5036/6137
f 5384/6138 5020/6211 5263/6139
f 5722/6140 5127/6586 5884/6141
f 5723/6143 5264/6293 5966/6144
f 5430/6146 5124/6577 5967/6147
f 5910/6149 5058/6564 5056/6150
f 5468/6152 5055/6579 5054/6153
f 5943/6158 5231/6084 5727/6159
f 5758/6161 5521/5881 5232/5765
f 5730/6163 5172/6361 5544/6164
f 5731/6166 5266/6261 5732/6167
f 5497/6169 5194/6379 5733/6170
f 4971/5611 5223/5394 5147/5396
f 4842/6052 5085/5391 5090/5393
f 5189/5876 5057/6580 5327/6172
f 5190/6173 5061/6581 5526/6174
f 5079/6029 5080/6582 5441/6176
f 5424/5814 5120/5954 5122/5815
f 5306/5853 5112/5852 5109/5969
f 5312/6177 5556/6246 5185/6178
f 5313/6180 5555/6255 5184/6181
f 5548/5544 5176/6547 5042/6183
f 5469/5728 5041/5730 5029/5976
f 5040/5711 5009/6104 5315/5450
f 5039/5918 5036/6137 5305/6135
f 5477/5731 5038/5733 5030/5844
f 5734/6185 5053/6517 5331/5917
f 5735/6187 5267/6245 5736/6188
f 5318/6190 5044/6516 5737/6191
f 5738/6193 5106/5849 5862/6194
f 5739/6196 5268/6244 5968/6197
f 5392/5915 5099/6526 5969/6199
f 4973/5595 5148/5332 5145/5334
f 4867/5493 5208/5329 5097/5331
f 4825/5747 5072/5326 5069/5328
f 5742/6202 5033/6520 5461/5670
f 5743/6204 5269/6225 5744/6205
f 5302/6207 5034/6320 5745/6208
f 5024/5943 5025/6549 5290/5977
f 5425/5924 5023/5926 5022/6210
f 5354/5706 5021/5708 5020/6211
f 5018/5934 5019/5923 5376/6212
f 5471/5680 5017/5682 5016/6213
f 5014/5671 5015/5764 5510/5629
f 5012/5888 5013/6569 5355/5440
f 5448/5884 5011/5886 5010/5792
f 5227/5298 5158/5297 4986/5611
f 5402/5970 5114/5969 5116/6087
f 4920/5400 5402/5970 5330/6088
f 5277/5889 5355/5440 4772/6215
f 5279/5672 5510/5629 4773/5631
f 5283/5935 5376/6212 4781/6219
f 5289/5944 5290/5977 4783/6223
f 5743/6204 5746/6209 5745/6208
f 5484/6226 5746/6209 5743/6204
f 4786/6227 5302/6207 5746/6209
f 5747/6206 5744/6205 5032/6228
f 5551/5667 5747/6206 5299/6014
f 5180/5925 5743/6204 5747/6206
f 5455/5516 5748/6203 5461/5670
f 5744/6205 5748/6203 5455/5516
f 5744/6205 5269/6225 5742/6202
f 5749/6229 5741/6585 5907/6230
f 5508/6232 5749/6229 5970/6231
f 4883/6233 5392/5915 5971/6200
f 5750/6235 5740/6243 5906/6236
f 5575/6238 5750/6235 5972/6237
f 5211/6239 5739/6196 5973/6198
f 5751/6241 5411/6618 5924/5806
f 5740/6243 5751/6241 5974/6242
f 5268/6244 5738/6193 5975/6195
f 5752/6192 5737/6191 5267/6245
f 5556/6246 5752/6192 5735/6187
f 4800/6247 5318/6190 5752/6192
f 5753/6189 5736/6188 5052/6248
f 5489/5368 5753/6189 5329/6249
f 5185/6178 5735/6187 5753/6189
f 5754/6186 5331/5917 4793/6251
f 5736/6188 5754/6186 5383/6252
f 5267/6245 5734/6185 5754/6186
f 5309/5919 5305/6135 4789/6134
f 5310/5712 5315/5450 4788/5449
f 4796/5489 5548/5544 5370/6184
f 4797/6254 4801/6489 5555/6255
f 4796/6256 4800/6247 5556/6246
f 4919/5400 4918/5402 5306/5853
f 4936/5338 5424/5814 5428/5816
f 5373/6030 5441/6176 4831/5497
f 5561/6175 5526/6174 4807/6258
f 5560/5877 5327/6172 4766/6259
f 5755/6171 5733/6170 5266/6261
f 5480/5650 5755/6171 5731/6166
f 4817/5420 5497/6169 5755/6171
f 5756/6168 5732/6167 5054/6262
f 5547/5776 5756/6168 5333/6263
f 5175/5775 5731/6166 5756/6168
f 5757/6165 5544/6164 4764/6265
f 5732/6167 5757/6165 5317/6266
f 5266/6261 5730/6163 5757/6165
f 5727/6159 5758/6161 5729/6162
f 5727/6159 5231/6084 5758/6161
f 5231/6084 5895/6086 5758/6161
f 5758/6161 5586/6267 5521/5881
f 5586/6267 5957/6268 5521/5881
f 5976/6270 5727/6159 5265/6156
f 5726/6157 5347/6272 5978/6271
f 4812/6274 5168/6617 5978/6271
f 5168/6617 5728/6155 5978/6271
f 4988/5625 5468/6152 5317/6154
f 5848/6275 5339/6331 5336/6276
f 5759/6277 5725/6576 5905/6278
f 5513/6280 5759/6277 5979/6279
f 4947/6281 5430/6146 5980/6148
f 5760/6283 5724/6292 5904/6284
f 5579/6286 5760/6283 5981/6285
f 5215/6287 5723/6143 5982/6145
f 5761/6289 5528/6619 5946/6290
f 5724/6292 5761/6289 5983/6291
f 5264/6293 5722/6140 5984/6142
f 4780/6221 5384/6138 5721/6136
f 5177/6294 5721/6136 5389/5352
f 5263/6139 5720/5418 5305/6135
f 5717/6130 5762/6131 5719/6133
f 5192/6129 5563/6295 5762/6131
f 5563/6295 4806/6452 5566/5865
f 5717/6130 5718/6125 5985/6296
f 5067/6297 4810/6661 5985/6296
f 4810/6661 5496/6128 5985/6296
f 5716/6127 5300/6299 5986/6298
f 4814/6301 5067/6297 5986/6298
f 5067/6297 5718/6125 5986/6298
f 5880/6302 5515/6620 5525/6303
f 5554/6122 5281/5310 4775/5309
f 5763/6120 5715/6119 5261/6305
f 5558/6306 5763/6120 5713/6115
f 4769/6307 5487/6118 5763/6120
f 5764/6117 5714/6116 5048/6308
f 5491/6310 5764/6117 5323/6309
f 5187/5763 5713/6115 5764/6117
f 5765/6114 5325/6113 4770/6311
f 5714/6116 5765/6114 5433/6312
f 5261/6305 5712/6112 5765/6114
f 5323/6111 5278/5304 4773/5303
f 4939/6314 5512/5936 5426/5938
f 5022/6210 5352/5319 5711/5448
f 5287/6105 5710/6103 5008/6315
f 5008/6315 5710/6103 5274/5355
f 5500/6102 5709/5453 5258/6098
f 5567/6101 5708/6100 5075/6316
f 5708/6100 5473/6099 4826/6317
f 5766/6097 5707/6096 5257/6318
f 5485/5942 5766/6097 5705/6092
f 4787/6224 5486/6095 5766/6097
f 5767/6094 5706/6093 5034/6320
f 5552/5669 5767/6094 5302/6207
f 5181/6319 5705/6092 5767/6094
f 5768/6091 5362/6090 4778/6321
f 5706/6093 5768/6091 5273/5323
f 5257/6318 5704/6089 5768/6091
f 4919/5400 5348/5970 5398/6088
f 5586/6267 5541/6344 5948/6322
f 5932/6323 5911/6518 5342/6324
f 5869/6326 5447/6488 5440/6327
f 5769/6079 5703/6078 5256/6072
f 5561/6328 5769/6079 5701/6077
f 4809/5388 5346/5725 5769/6079
f 5701/6077 5702/6074 5987/6329
f 5063/6330 4813/6662 5987/6329
f 4813/6662 5494/6075 5987/6329
f 5988/6073 5700/6333 5339/6331
f 5700/6333 5058/6564 5910/6149
f 5562/6071 5530/6070 4804/6334
f 5770/6336 5699/6561 5903/6337
f 5470/6339 5770/6336 5990/6338
f 4993/5628 5559/5637 5991/6064
f 5771/6341 5698/6348 5902/6342
f 5541/6344 5771/6341 5992/6343
f 5169/6345 5697/6060 5993/6062
f 5772/6346 5344/6578 5912/5411
f 5698/6348 5772/6346 5994/6347
f 5255/6349 5696/6057 5995/6059
f 5875/6350 5504/6363 5379/6351
f 4923/6352 4922/6465 5330/5845
f 4931/5338 4930/5340 5423/5938
f 5568/5509 5367/6050 4832/6353
f 5773/6048 5695/6047 5254/6354
f 5490/5930 5773/6048 5693/6043
f 4803/6355 5326/6046 5773/6048
f 5774/6045 5694/6044 5046/6356
f 5557/5575 5774/6045 5321/5694
f 5186/5928 5693/6043 5774/6045
f 5775/6042 5442/6041 4794/5906
f 5694/6044 5775/6042 5332/6358
f 5254/6354 5692/6040 5775/6042
f 5776/6039 5691/6038 5253/6359
f 5566/5941 5776/6039 5689/6034
f 4806/6360 5495/6037 5776/6039
f 5476/5398 5777/6036 5690/6035
f 4816/5556 5499/5557 5777/6036
f 5196/5940 5689/6034 5777/6036
f 5544/6164 5778/6033 5545/6032
f 5172/6361 5690/6035 5778/6033
f 5253/6359 5688/6031 5778/6033
f 4835/5499 5501/5501 5373/6030
f 5685/6362 5779/6027 5687/6028
f 5685/6362 5205/6588 5779/6027
f 5205/6588 5937/6055 5779/6027
f 5779/6027 5504/6363 5422/5523
f 5504/6363 5875/6350 5422/5523
f 5576/6364 5780/6024 5686/6026
f 5576/6364 4872/6643 5951/5482
f 5951/5482 5571/6631 5780/6024
f 5780/6024 5571/6631 5889/6366
f 5889/6366 5205/6588 5685/6362
f 5509/6367 5781/6021 5358/6023
f 5212/6365 5686/6026 5781/6021
f 5686/6026 5252/6025 5684/6368
f 5782/6016 5682/6015 5251/6369
f 5550/6370 5782/6016 5680/6011
f 4784/5668 5299/6014 5782/6016
f 5783/6013 5681/6012 5027/6371
f 5483/5665 5783/6013 5293/6372
f 5179/5707 5680/6011 5783/6013
f 5784/6010 5450/5887 4776/6216
f 5681/6012 5784/6010 5456/6373
f 5251/6369 5679/6009 5784/6010
f 5785/6001 5675/6000 5250/6378
f 5497/5397 5785/6001 5673/5996
f 4817/5556 5498/5999 5785/6001
f 5786/5998 5674/5997 5064/6300
f 5564/6169 5786/5998 5349/5421
f 5194/6379 5673/5996 5786/5998
f 5787/5995 5292/5994 4814/6301
f 5674/5997 5787/5995 5300/6299
f 5250/6378 5672/5993 5787/5995
f 5874/6380 5503/6621 5427/6381
f 5996/5987 5671/5986 5249/6382
f 5997/6383 5788/6386 5669/6384
f 5877/6234 5508/6232 5788/6386
f 5998/5984 5670/5983 5103/5789
f 5999/6387 5789/6390 5364/6388
f 5963/6385 5669/6384 5789/6390
f 6000/5981 5324/5980 4880/6391
f 6001/6392 5790/6395 5394/5581
f 5962/6394 5668/6552 5790/6395
f 4783/6223 5290/5977 5667/5975
f 5031/6396 5667/5975 5296/5358
f 5248/5978 5666/5537 5298/5974
f 4921/5402 5337/5853 5402/5970
f 4947/6281 4946/6605 5437/5966
f 5791/5965 5665/5964 5246/6397
f 5371/6398 5791/5965 5663/5961
f 4798/5359 5481/5361 5791/5965
f 5792/5963 5664/5962 5006/6400
f 5316/6402 5792/5963 5270/6401
f 5043/6399 5663/5961 5792/5963
f 5793/5960 5272/5959 4797/6404
f 5664/5962 5793/5960 5313/6405
f 5246/6397 5662/5958 5793/5960
f 5878/6282 5513/6280 5429/6406
f 4923/6352 5350/5847 5337/5853
f 4937/5340 5426/5938 5424/5814
f 6002/6408 5565/5526 5661/5948
f 5659/5946 5193/6413 6002/6408
f 5193/6413 4815/6409 6002/6408
f 6003/6410 5659/5946 5660/5945
f 5345/6411 4811/6663 6003/6410
f 4811/6663 5193/6413 6003/6410
f 5526/6414 5794/5939 5475/5941
f 5061/6412 5660/5945 5794/5939
f 5660/5945 5244/5947 5658/6415
f 4928/6314 5511/5936 5423/5938
f 4945/6416 5434/5931 5432/5933
f 5490/5930 5316/5929 4799/6417
f 4782/6222 4786/6227 5484/6226
f 5037/6418 4781/6219 5376/6212
f 5030/5844 5243/5843 5656/5574
f 5162/6419 5638/5658 5465/5734
f 5795/5916 5392/5915 4883/6233
f 5634/5785 5795/5916 5507/6421
f 5239/6423 5632/5914 5795/5916
f 5796/5913 5626/5912 5174/6424
f 5327/6426 5796/5913 5546/6425
f 5057/6428 5625/5911 5796/5913
f 5496/5910 5347/5909 5062/6429
f 5797/5905 5320/5689 5045/6430
f 5233/6431 5591/5695 5797/5905
f 5046/6356 5332/6358 5797/5905
f 5938/6432 5505/6493 5380/6433
f 5110/5846 5405/5488 5409/5540
f 5798/6434 5438/6622 5866/6435
f 5595/6437 5798/6434 6004/6436
f 5125/6439 5381/5898 6005/5900
f 5596/6440 5799/5897 5413/5687
f 5599/5798 5799/5897 5596/6440
f 5052/6441 5383/5896 5799/5897
f 5174/6442 5479/5894 5472/5895
f 5377/6443 5380/6433 5858/5903
f 4775/5570 4779/5663 5291/6445
f 4994/5424 5492/5479 5351/5883
f 5222/6446 5613/5678 5612/5659
f 5800/5875 5456/5874 4776/5662
f 5630/5772 5800/5875 5462/5661
f 5630/5772 5238/5771 5628/5873
f 5801/5869 5328/5870 4795/5690
f 5598/5810 5801/5869 5415/5503
f 5235/5809 5596/6440 5801/5869
f 5576/5868 5604/5832 5165/5615
f 5802/5867 5627/5866 5237/6450
f 5338/6451 5802/5867 5625/5911
f 4807/6452 5475/5865 5802/5867
f 5803/6453 5594/6459 5896/6454
f 5429/6406 5803/6453 6006/6455
f 5123/5956 5593/5858 6007/5860
f 5804/6456 5439/6623 5867/6457
f 5594/6459 5804/6456 6008/6458
f 5234/6460 5592/5855 6009/5857
f 4916/6352 5368/5847 5306/5853
f 6010/6461 5805/6463 5399/6462
f 5466/5716 5166/5769 6010/6461
f 5166/5769 5616/5840 6010/6461
f 5805/6463 5616/5840 6011/5848
f 5616/5840 5236/5839 6011/5848
f 4917/6465 5398/5845 5368/5847
f 4789/5348 5037/6418 5657/5922
f 5569/6466 5369/6624 5853/6467
f 5540/5768 5806/5838 5616/5840
f 4876/6468 5378/6469 5806/5838
f 5378/6469 5087/6472 5615/6470
f 5807/5837 5617/5836 5236/5839
f 5522/6471 5807/5837 5615/6470
f 4875/6473 5585/5737 5807/5837
f 6012/5835 5644/5834 5240/6474
f 6013/6475 5808/6479 5642/6476
f 5950/6478 5570/6625 5808/6479
f 6014/5830 5643/5829 5086/5890
f 6015/6480 5809/6481 5377/6443
f 5961/6477 5642/6476 5809/6481
f 5200/5553 4829/5953 5500/6102
f 5509/5824 5519/5805 5230/5736
f 5152/6419 5645/5658 5459/5734
f 5156/5600 5535/5748 5536/5750
f 4822/6066 5200/5553 5649/5826
f 4931/5338 5419/5814 5421/5816
f 5242/5756 5653/5811 5410/5813
f 5326/6046 5810/5808 5598/5810
f 4803/6355 5488/5362 5810/5808
f 5488/5362 5184/6181 5597/6484
f 5811/6485 5411/6618 5862/6194
f 5614/6464 5236/5839 6016/6486
f 5236/5839 5617/5836 6016/6486
f 5811/6485 5617/5836 6017/5807
f 5617/5836 5230/5736 6017/5807
f 5149/5600 5532/5748 5533/5750
f 5955/6487 5580/6626 5447/6488
f 5812/5799 5599/5798 5235/5809
f 5184/6181 5555/6255 5812/5799
f 4801/6489 5329/5797 5812/5799
f 4770/6490 5325/5791 5446/5301
f 5654/6491 5100/5515 5914/6389
f 5100/5515 4879/6018 5914/6389
f 5813/5786 5634/5785 5210/6422
f 5574/6492 4871/6496 5876/5901
f 5876/5901 5505/6493 5574/6492
f 5813/5786 5505/6493 5938/6432
f 5938/6432 5206/6494 5813/5786
f 5629/6497 5814/5778 5631/5777
f 5182/6498 5486/6095 5814/5778
f 4787/6224 5482/5664 5814/5778
f 5479/6499 5815/5774 5547/5776
f 5174/6424 5626/5912 5815/5774
f 5626/5912 5237/6450 5624/6500
f 5816/5770 5630/5772 5026/5885
f 5553/5454 5816/5770 5291/6445
f 5553/5454 5182/6498 5629/6497
f 4876/6468 5540/5768 5637/5727
f 4774/5306 4769/6307 5558/6306
f 5817/5762 5635/5761 5239/6423
f 5633/5784 5206/6494 5890/5700
f 5890/5700 5572/6627 5817/5762
f 5817/5762 5572/6627 5952/6501
f 5952/6501 4870/6596 5418/5760
f 4877/5513 5100/5515 5654/6491
f 6018/5754 5378/5753 4876/6502
f 6019/6503 5818/6507 5460/6504
f 5960/6506 5641/6531 5818/6507
f 5225/6446 5610/5678 5609/5659
f 5163/5600 5538/5748 5539/5750
f 5078/5819 5241/5818 5648/5605
f 5819/6508 5595/6437 5897/6438
f 5387/6510 5819/6508 6020/6509
f 4944/5548 5432/5741 6021/5743
f 5603/5735 5585/5737 4875/6473
f 5148/6419 5650/5658 5453/5734
f 4791/5921 4795/5690 5328/5870
f 4790/5973 4794/5906 5442/6041
f 5098/5622 5636/5621 5637/5727
f 4766/5598 5546/5722 5542/5724
f 5545/5720 5474/5719 4989/5624
f 5166/5769 5466/5716 5391/5715
f 5873/5604 5502/6534 5334/6513
f 4780/6221 4784/5668 5550/6370
f 5952/6501 5572/6627 5360/6515
f 5820/5699 5382/5698 4792/6253
f 5590/5692 5820/5699 5443/5344
f 5233/6431 5588/5697 5820/5699
f 5821/5696 5591/5695 5233/6431
f 5314/5360 5821/5696 5589/5691
f 4802/6357 5321/5694 5821/5696
f 5822/5693 5590/5692 5044/6516
f 5370/6184 5822/5693 5318/6190
f 5042/6183 5589/5691 5822/5693
f 5041/5730 5047/5729 5322/5504
f 5045/6430 5320/5689 5406/5353
f 5053/6517 5404/5345 5388/5350
f 5038/5733 5051/5732 5413/5687
f 4774/6218 4778/6321 5362/6090
f 5228/6446 5607/5678 5606/5659
f 5334/6513 5342/6324 5911/6518
f 5181/6319 5552/5669 5420/5320
f 5023/5926 5180/5925 5551/5667
f 5021/5708 5179/5707 5483/5665
f 5178/6519 5482/5664 5340/5311
f 5017/5682 5035/5681 5304/5455
f 5033/6520 5301/5324 5467/5305
f 5028/6521 5295/5517 5449/5302
f 5011/5886 5026/5885 5462/5661
f 5460/6504 5360/6515 5851/5702
f 5478/5653 5543/5652 5171/6522
f 5823/5649 5480/5650 5175/5775
f 5627/5866 5823/5649 5624/6500
f 5627/5866 5066/6132 5353/6523
f 5824/5641 5293/5640 5027/6524
f 5631/5777 5824/5641 5628/5873
f 5178/6519 5549/5639 5824/5641
f 5188/6525 5559/5637 5292/5638
f 5825/5634 5271/5341 5099/6526
f 5635/5761 5825/5634 5632/5914
f 5098/6527 5391/5633 5825/5634
f 5111/6528 5407/5632 5405/5488
f 5015/5764 5187/5763 5491/6310
f 5167/5726 5636/5621 5418/5620
f 4987/5595 5464/5599 5639/5601
f 6022/5610 5522/5609 5087/6529
f 6023/6530 5826/6533 5641/6531
f 5936/6532 5503/6628 5826/6533
f 4979/5595 5458/5599 5646/5601
f 5241/5818 5198/5827 5567/6101
f 5502/6534 5454/6582 5870/6535
f 4973/5595 5452/5599 5651/5601
f 5885/6536 5941/6591 5514/6537
f 5653/5811 5242/5756 5922/6393
f 5242/5756 5103/5789 5922/6393
f 5186/5928 5557/5575 5371/5577
f 5019/5923 5284/5313 5656/5574
f 5887/5842 5569/6466 5372/6540
f 5049/6542 5431/5569 5275/5571
f 5372/6540 5374/6566 5917/6543
f 5117/5954 5307/5379 5356/5381
f 5126/6544 5527/5561 5381/5563
f 5213/6545 5577/5445 5294/5447
f 5658/6415 5827/5555 5353/5557
f 5244/5947 5661/5948 5827/5555
f 5661/5948 5195/5949 5498/5999
f 5121/5937 5408/5447 5395/5379
f 5113/5846 5412/5488 5416/5540
f 5892/6288 5579/6286 5387/6510
f 5828/5546 5312/5545 5007/6546
f 5665/5964 5828/5546 5662/5958
f 5176/6547 5548/5544 5828/5546
f 5128/6548 5524/6649 5357/5541
f 5115/5852 5416/5540 5414/5293
f 5025/6549 5386/5322 5666/5537
f 6024/5535 5396/5534 5104/6550
f 6025/6551 5829/6553 5668/6552
f 5891/6240 5575/6238 5829/6553
f 5888/6554 5570/6630 5379/6351
f 5830/5528 5351/5527 5065/6555
f 5675/6000 5830/5528 5672/5993
f 5195/5949 5565/5526 5830/5528
f 5831/5518 5295/5517 5028/6521
f 5682/6015 5831/5518 5679/6009
f 5032/6228 5455/5516 5831/5518
f 5684/6368 5832/5510 5397/5512
f 5252/6025 5687/6028 5832/5510
f 5687/6028 5107/6002 5400/6004
f 5201/6049 5568/5509 5363/5384
f 5833/5508 5478/5507 5173/6556
f 5691/6038 5833/5508 5688/6031
f 5191/6557 5562/5506 5833/5508
f 5834/5505 5322/5504 5047/5729
f 5695/6047 5834/5505 5692/6040
f 5050/6449 5415/5503 5834/5505
f 5501/5501 5375/5500 5081/6558
f 5117/5954 5119/5937 5294/5447
f 5116/6528 5417/5632 5412/5488
f 5889/6366 5571/6631 5427/6381
f 5835/6559 5336/6276 5909/6151
f 5699/6561 5835/6559 6026/6560
f 5188/6525 5492/5479 6027/5481
f 5495/5472 5343/5471 5060/6495
f 5058/6564 5700/6333 5836/6562
f 5836/6562 5523/5469 5882/6563
f 5703/6078 5836/6562 5700/6333
f 5059/5703 5341/5468 5836/6562
f 5885/6536 5529/6538 5525/6303
f 5915/6565 5917/6543 5374/6566
f 5520/6160 5470/6339 5934/6340
f 5109/5969 5403/5293 5407/5295
f 5837/5456 5304/5455 5035/5681
f 5707/6096 5837/5456 5704/6089
f 5182/6498 5553/5454 5837/5456
f 5709/5453 5359/5452 5076/6568
f 5259/6106 5711/5448 5315/5450
f 5214/6545 5578/5445 5408/5447
f 5433/5441 5355/5440 5013/6569
f 5838/5438 5431/5437 5049/6570
f 5715/6119 5838/5438 5712/6112
f 5183/6571 5554/5436 5838/5438
f 5487/5432 5390/5431 5016/6213
f 5930/6081 5894/6587 5581/6572
f 5716/6127 5839/5419 5349/5421
f 5262/6126 5719/6133 5839/5419
f 5719/6133 5196/6132 5499/6523
f 5020/6211 5285/5316 5720/5418
f 5840/6573 5436/6633 5927/6574
f 5725/6576 5840/6573 6028/6575
f 5124/6577 5357/5414 6029/5416
f 5882/6563 5523/5469 5344/6578
f 5055/6579 5335/5406 5333/5408
f 5726/6157 5841/5403 5319/5405
f 5265/6156 5729/6162 5841/5403
f 5729/6162 5232/5765 5587/5767
f 5842/5399 5476/5398 5172/6361
f 5733/6170 5842/5399 5730/6163
f 5194/6379 5564/5397 5842/5399
f 5493/5390 5338/5389 5057/6580
f 5494/5387 5345/5386 5061/6581
f 5363/5384 5365/5383 5080/6582
f 5120/5954 5395/5379 5366/5381
f 5112/5852 5409/5540 5403/5293
f 5185/6178 5489/5368 5272/5370
f 5563/5367 5319/5366 4808/5404
f 5184/6181 5488/5362 5270/5364
f 5481/5361 5314/5360 5042/6183
f 5041/5730 5311/5356 5296/5358
f 5406/5353 5274/5355 5009/6104
f 5388/5350 5389/5352 5036/6137
f 5038/5733 5308/5347 5444/5349
f 5843/5346 5404/5345 5053/6517
f 5737/6191 5843/5346 5734/6185
f 5044/6516 5443/5344 5843/5346
f 5844/6583 5399/6462 5923/5850
f 5741/6585 5844/6583 6030/6584
f 5099/6526 5271/5341 6031/5343
f 5845/5325 5301/5324 5033/6520
f 5745/6208 5845/5325 5742/6202
f 5034/6320 5273/5323 5845/5325
f 5420/5320 5386/5322 5025/6549
f 5023/5926 5288/5317 5352/5319
f 5021/5708 5286/5314 5285/5316
f 5340/5311 5284/5313 5019/5923
f 5017/5682 5282/5308 5281/5310
f 5467/5305 5280/5307 5015/5764
f 5449/5302 5278/5304 5013/6569
f 5011/5886 5276/5299 5446/5301
f 5114/5969 5414/5293 5417/5295
f 5969/6199 6031/5343 5844/6583
f 5907/6230 6030/6584 5738/6193
f 6030/6584 5923/5850 5106/5849
f 5058/6564 5882/6563 5850/6058
f 5967/6147 6029/5416 5840/6573
f 5905/6278 6028/6575 5722/6140
f 6028/6575 5927/6574 5127/6586
f 5130/6080 5219/6660 5894/6587
f 5943/6158 5934/6340 5169/6345
f 5082/6082 5084/6590 5917/6543
f 5137/5803 5885/6536 5883/6124
f 5965/6063 6027/5481 5835/6559
f 5903/6337 6026/6560 5696/6057
f 6026/6560 5909/6151 5056/6150
f 5205/6588 5889/6366 5863/5990
f 5204/6589 5888/6554 5919/6056
f 5211/6239 5891/6240 6025/6551
f 5671/5986 6025/6551 5962/6394
f 5829/6553 6024/5535 5900/5979
f 5215/6287 5892/6288 5859/6511
f 5916/6541 5917/6543 5084/6590
f 5202/5709 5887/5842 5916/6541
f 5137/5803 5218/6657 5941/6591
f 5935/5710 5870/6535 5082/6592
f 5204/6593 5936/6532 6023/6530
f 5644/5834 6023/6530 5960/6506
f 5826/6533 6022/5610 5898/5752
f 5871/6505 5851/5702 5089/5701
f 5908/6514 5911/6518 4839/6594
f 4870/6596 5952/6501 5913/5656
f 5873/5604 5908/6514 4844/6595
f 5921/5549 6021/5743 5819/6508
f 5859/6511 6020/6509 5593/5858
f 6020/6509 5897/6438 5234/6460
f 5240/6474 5960/6506 6019/6503
f 5643/5829 6019/6503 5871/6505
f 5818/6507 6018/5754 5933/5654
f 4959/5592 5955/6487 5869/6326
f 6016/6486 5862/6194 5106/5849
f 5134/6597 5961/6477 6015/6480
f 5445/6598 6015/6480 5856/6444
f 5809/6481 6014/5830 5918/5892
f 4874/6600 5950/6478 6013/6475
f 5410/6601 6013/6475 5961/6477
f 5808/6479 6012/5835 5899/5828
f 5949/5572 5853/6467 4840/6051
f 5466/5716 6010/6461 5861/5342
f 5958/5859 6009/5857 5804/6456
f 5896/6454 6008/6458 5524/6602
f 6008/6458 5867/6457 4942/5713
f 5926/5957 6007/5860 5803/6453
f 5864/6407 6006/6455 5437/6604
f 6006/6455 5896/6454 5128/6603
f 5856/6444 5858/5903 4847/5902
f 5959/5742 6005/5900 5798/6434
f 5897/6438 6004/6436 5592/5855
f 6004/6436 5866/6435 5129/6606
f 5206/6494 5938/6432 5920/5891
f 4947/6281 5878/6282 5864/6407
f 5249/6382 5962/6394 6001/6392
f 5670/5983 6001/6392 5922/6393
f 5790/6395 6000/5981 5860/5582
f 5209/6607 5963/6385 5999/6387
f 5573/6608 5999/6387 5914/6389
f 5789/6390 5998/5984 5852/5788
f 4883/6233 5877/6234 5997/6383
f 5506/6609 5997/6383 5963/6385
f 5788/6386 5996/5987 5901/5982
f 5874/6380 5925/5484 4848/5483
f 4873/5521 5875/6350 5857/5532
f 5964/6061 5995/6059 5772/6346
f 5902/6342 5994/6347 5335/5406
f 5994/6347 5912/5411 4991/5410
f 5886/6085 5993/6062 5771/6341
f 5948/6322 5992/6343 5468/6152
f 5992/6343 5902/6342 5055/6579
f 5872/5461 5991/6064 5770/6336
f 5934/6340 5990/6338 5697/6060
f 5990/6338 5903/6337 5255/6349
f 4995/6616 5063/6330 5848/6275
f 5063/6330 5702/6074 5989/6332
f 4955/5927 5869/6326 5868/5427
f 4839/6594 5911/6518 5932/6323
f 5957/6268 5948/6322 4988/5625
f 4960/5587 5880/6302 5945/5467
f 5966/6144 5984/6142 5761/6289
f 5904/6284 5983/6291 5527/6612
f 5983/6291 5946/6290 4941/6614
f 5892/6288 5982/6145 5760/6283
f 5954/5547 5981/6285 5434/6615
f 5981/6285 5904/6284 5126/6613
f 5878/6282 5980/6148 5759/6277
f 5940/5955 5979/6279 5723/6143
f 5979/6279 5905/6278 5264/6293
f 4995/6616 5848/6275 5847/5480
f 5168/6617 4992/5460 5881/5462
f 5881/5462 5977/6269 5168/6617
f 5520/6160 5727/6159 5976/6270
f 5968/6197 5975/6195 5751/6241
f 5906/6236 5974/6242 5358/6023
f 5974/6242 5924/5806 4878/5825
f 5891/6240 5973/6198 5750/6235
f 5953/5533 5972/6237 5397/5512
f 5972/6237 5906/6236 5105/6022
f 5877/6234 5971/6200 5749/6229
f 5939/5985 5970/6231 5739/6196
f 5970/6231 5907/6230 5268/6244
f 5971/6200 5969/6199 5741/6585
f 5973/6198 5968/6197 5740/6243
f 5975/6195 5862/6194 5411/6618
f 5339/6331 5910/6149 5909/6151
f 5980/6148 5967/6147 5725/6576
f 5982/6145 5966/6144 5724/6292
f 5984/6142 5884/6141 5528/6619
f 5515/6620 5942/6123 5883/6124
f 5895/6086 5886/6085 5541/6344
f 5454/6325 5342/6324 5849/5676
f 5447/6488 5931/5804 5930/6081
f 5991/6064 5965/6063 5699/6561
f 5993/6062 5964/6061 5698/6348
f 5995/6059 5850/6058 5344/6578
f 5504/6363 5937/6055 5919/6056
f 5503/6621 5936/5988 5863/5990
f 5508/6232 5939/5985 5996/5987
f 5669/6384 5901/5982 5998/5984
f 5668/6552 5900/5979 6000/5981
f 5513/6280 5940/5955 5926/5957
f 5505/6493 5876/5901 5858/5903
f 6005/5900 5928/5899 5438/6622
f 5918/5892 5920/5891 5380/6433
f 6007/5860 5958/5859 5594/6459
f 6009/5857 5929/5856 5439/6623
f 5805/6463 6011/5848 5923/5850
f 5887/5842 5915/5841 5369/6624
f 5570/6625 5888/5833 6012/5835
f 5642/6476 5899/5828 6014/5830
f 6017/5807 5924/5806 5411/6618
f 5580/6626 5893/5802 5931/5804
f 5641/6531 5898/5752 6018/5754
f 6021/5743 5959/5742 5595/6437
f 5502/6534 5935/5710 5846/5677
f 5572/6627 5890/5700 5851/5702
f 5846/5677 5849/5676 5342/6324
f 5933/5654 5913/5656 5360/6515
f 5503/6628 5874/5608 6022/5610
f 5873/5604 5932/5603 5454/6582
f 5529/6538 5514/6537 5879/6629
f 5949/5572 5854/5568 5372/6540
f 5854/5568 5855/5567 5374/6566
f 5579/6286 5954/5547 5921/5549
f 5575/6238 5953/5533 6024/5535
f 5570/6630 5950/5530 5857/5532
f 5571/6631 5951/5482 5925/5484
f 6027/5481 5847/5480 5336/6276
f 5529/6538 5947/5465 5945/5467
f 5374/6566 5855/5567 5853/5463
f 5881/5462 5872/5461 5470/6339
f 5440/6327 5581/6572 5956/6632
f 6029/5416 5865/5415 5436/6633
f 5523/5469 5944/5409 5912/5411
f 6031/5343 5861/5342 5399/6462
o RightBoot
v -3.6875 24.24 -4.5
v -0.3125 24.24 -4.5
v -4.25 24.24 -2.25
v 0.25 24.24 -2.25
v -4.25 24.24 2.25
v 0.25 24.24 2.25
v -3.125 24.24 3.375
v -0.875 24.24 3.375
v -3.6875 22.68 -4.5
v -0.3125 22.68 -4.5
v -4.25 21.64 -2.25
v 0.25 21.64 -2.25
v -3.125 22.68 3.375
v -0.875 22.68 3.375
v -4.25 21.64 2.25
v 0.25 21.64 2.25
v -1.7188 24.24 -4.5
v -1.7188 22.68 -4.5
v -1.1562 24.24 -4.5
v -1.1562 22.68 -4.5
v -1.7188 24.24 -5.0625
v -1.7188 22.68 -5.0625
v -1.1562 24.24 -5.0625
v -1.1562 22.68 -5.0625
v -2.8438 24.24 -4.5
v -2.8438 22.68 -4.5
v -2.2812 24.24 -4.5
v -2.2812 22.68 -4.5
v -2.8438 24.24 -5.0625
v -2.8438 22.68 -5.0625
v -2.2812 24.24 -5.0625
v -2.2812 22.68 -5.0625
v -4.25 23.2 1.125
v -4.25 19.04 1.125
v -4.25 23.2 -2.25
v -4.25 21.12 -2.25
v -5.375 23.2 -2.25
v -5.375 23.2 1.125
v -5.375 19.04 1.125
v -5.375 21.12 -2.25
v -3.6875 24.344 -3.9375
v -0.3125 24.344 -3.9375
v -3.6875 24.344 0.5625
v -0.3125 24.344 0.5625
v -3.9688 24.24 -3.375
v -2 24.24 -4.5
v -2 24.24 -2.25
v 0.25 24.24 -0
v -2 24.24 2.25
v -2.5625 24.24 2.8125
v -0.3125 24.24 2.8125
v -3.6875 23.46 -4.5
v -2 22.68 -4.5
v -3.9688 22.16 -3.375
v -0.875 23.46 3.375
v -2 22.68 3.375
v -2 21.64 -2.25
v -4.25 21.64 -0
v -3.6875 22.16 2.8125
v -3.6875 24.24 2.8125
v -3.125 23.46 3.375
v -4.25 22.94 -2.25
v -4.25 24.24 -0
v -0.0312 24.24 -3.375
v -0.3125 23.46 -4.5
v 0.25 22.94 2.25
v -0.3125 22.16 2.8125
v -2.8438 23.46 -5.0625
v -1.7188 23.46 -5.0625
v -1.7188 23.46 -4.5
v -1.1562 23.46 -4.5
v -2.8438 23.46 -4.5
v -2.2812 23.46 -4.5
v -5.375 21.12 1.125
v -5.375 20.08 -0.5625
v -4.25 20.08 -0.5625
v -4.25 23.2 -0.5625
v -4.25 22.16 -2.25
v -4.25 21.12 1.125
v -2 24.344 -3.9375
v -0.3125 24.344 -1.6875
v -2 24.24 3.375
v -0.0313 22.16 -3.375
v 0.25 21.64 -0
v -2 21.64 2.25
v -4.25 22.94 2.25
v 0.25 22.94 -2.25
v -2.2812 23.46 -5.0625
v -1.1562 23.46 -5.0625
v -5.375 23.2 -0.5625
v -5.375 22.16 -2.25
v -3.6875 24.344 -1.6875
v -2 24.344 0.5625
v -2 24.344 -1.6875
v -2 23.46 -4.5
v -3.9688 23.2 -3.375
v 0.25 22.94 -0
v -3.6875 23.2 2.8125
v -2 24.24 -0
v -2 21.64 -0
v -2 22.16 2.8125
v -4.25 22.94 -0
v -2 22.16 -3.375
v -0.0312 23.2 -3.375
v -0.3125 23.2 2.8125
v -2 24.24 -3.375
v -2 23.46 3.375
v -5.375 21.64 -0.5625
v -3.125 24.24 2.25
v -1.1562 24.24 -4.5
v -0.875 24.24 -2.25
v 0.25 24.24 1.125
v -0.875 24.24 2.25
v -1.7188 24.24 3.0937
v -1.1562 22.68 -4.5
v -3.4062 24.24 2.5312
v -0.875 21.64 -2.25
v -4.25 21.64 1.125
v -3.125 24.24 -2.25
v -3.125 21.64 -2.25
v -4.25 24.24 1.125
v -4.25 21.64 -1.125
v -2.8438 24.24 -4.5
v -5.375 20.08 1.125
v 0.25 24.24 -1.125
v -5.375 20.6 -1.4063
v -4.25 20.6 -1.4063
v -4.25 24.24 -1.125
v -4.25 23.2 -1.4063
v -2.8438 22.68 -4.5
v -4.25 20.08 1.125
v -1.1562 24.344 -3.9375
v -0.3125 24.344 -0.5625
v 0.25 21.64 1.125
v -0.875 21.64 2.25
v -5.375 23.2 0.2812
v -3.6875 24.344 -0.5625
v -1.1562 24.344 0.5625
v -5.375 22.16 1.125
v -5.375 19.56 0.2812
v -4.25 19.56 0.2812
v -4.25 23.2 0.2812
v -4.25 22.16 1.125
v -2.8438 24.344 -3.9375
v -0.3125 24.344 -2.8125
v 0.25 21.64 -1.125
v -3.125 21.64 2.25
v -5.375 23.2 -1.4063
v -3.6875 24.344 -2.8125
v -2.8438 24.344 0.5625
v -1.1562 24.344 -1.6875
v -2.8438 24.344 -1.6875
v -2 24.344 -2.8125
v -2 24.344 -0.5625
v -2.8438 24.24 3.0937
v -2.8438 23.46 -4.5
v -1.1562 23.46 -4.5
v 0.25 22.94 1.125
v 0.25 22.94 -1.125
v -0.875 24.24 -0
v -3.125 24.24 -0
v -2 24.24 -1.125
v -2 24.24 1.125
v -3.125 21.64 -0
v -0.875 21.64 -0
v -2 21.64 -1.125
v -2 21.64 1.125
v -2.8438 22.16 2.8125
v -1.1562 22.16 2.8125
v -4.25 22.94 -1.125
v -4.25 22.94 1.125
v -2.9844 22.16 -3.375
v -1.0156 22.16 -3.375
v -2.9844 24.24 -3.375
v -1.0156 24.24 -3.375
v -1.1562 24.24 2.5312
v -1.4375 24.24 2.8125
v -5.375 20.86 -0.5625
v -5.375 22.42 -0.5625
v -5.375 21.38 0.2812
v -5.375 21.9 -1.4063
v -5.375 22.29 0.2812
v -5.375 20.47 0.2812
v -1.1562 24.344 -0.5625
v -0.875 24.24 -1.125
v -3.125 24.24 1.125
v -3.125 24.24 -1.125
v -0.875 21.64 1.125
v -3.125 21.64 -1.125
v -2.8438 24.344 -0.5625
v -2.8438 24.344 -2.8125
v -0.875 21.64 -1.125
v -0.875 24.24 1.125
v -3.125 21.64 1.125
v -1.1562 24.344 -2.8125
vt 0.5636 0.1855
vt 0.5364 0.1935
vt 0.5636 0.2097
vt 0.5455 0.0403
vt 0.5636 0.0645
vt 0.5636 0.0403
vt 0.3818 0.2581
vt 0.3636 0.2419
vt 0.3545 0.25
vt 0.2 0.2984
vt 0.1636 0.2742
vt 0.1636 0.2984
vt 0.4318 0.0806
vt 0.4545 0.0484
vt 0.4273 0.0484
vt 0.5091 0.1129
vt 0.4727 0.1452
vt 0.5091 0.1452
vt 0.4909 0.0645
vt 0.5091 0.0806
vt 0.5091 0.0645
vt 0.7545 0.3226
vt 0.6727 0.4194
vt 0.7545 0.4194
vt 0.1091 0.2903
vt 0.1273 0.2742
vt 0.1091 0.2581
vt 0.6182 0.2097
vt 0.6545 0.2419
vt 0.6545 0.2097
vt 0.0364 0.0806
vt 0.0545 0.0484
vt 0.0273 0.0484
vt 0.2 0.1129
vt 0.2273 0.0806
vt 0.1955 0.0806
vt 0.2818 0.2419
vt 0.3273 0.2097
vt 0.2818 0.2097
vt 0.1364 0.2581
vt 0.5091 0.1774
vt 0.4727 0.2016
vt 0.5091 0.2016
vt 0.5818 0.0403
vt 0.4909 0.0403
vt 0.5091 0.0403
vt 0.2 0.2419
vt 0.2364 0.2097
vt 0.2 0.2097
vt 0.5455 0.0645
vt 0.5636 0.0806
vt 0.6182 0.1129
vt 0.5909 0.0806
vt 0.5909 0.1129
vt 0.4909 0.0161
vt 0.4727 0.0403
vt 0.5091 0.0161
vt 0.4909 0
vt 0.5273 0.0403
vt 0.4364 0.2419
vt 0.4727 0.2097
vt 0.4364 0.2097
vt 0.2182 0.2903
vt 0.2 0.2742
vt 0.0455 0.1129
vt 0 0.1452
vt 0.0455 0.1452
vt 0.5455 0.0161
vt 0.2909 0.0806
vt 0.2727 0.0484
vt 0.2545 0.0806
vt 0.1909 0.0242
vt 0.2182 0.0484
vt 0.2182 0.0242
vt 0.5636 0.0161
vt 0.5455 0
vt 0.3636 0.2742
vt 0.3727 0.2661
vt 0.3455 0.2581
vt 0.2364 0.3226
vt 0.2182 0.3226
vt 0.3273 0.2419
vt 0.3273 0.0806
vt 0.3 0.0484
vt 0.1909 0
vt 0.2182 -0
vt 0.3273 0.1129
vt 0.2818 0.1129
vt 0.1273 0.1774
vt 0.1636 0.1452
vt 0.1273 0.1452
vt 0.9182 0.3226
vt 0.8364 0.4194
vt 0.9182 0.4194
vt 0.4 0.2742
vt 0.4091 0.2661
vt 0.0455 0.1774
vt 0 0.2097
vt 0.0455 0.2097
vt 0.1364 0.0484
vt 0.1636 0.0242
vt 0.1364 0.0242
vt 0.1636 0
vt 0.1364 0
vt 0.0909 0.1774
vt 0.0909 0.2097
vt 0.9182 0.129
vt 0.8364 0.2258
vt 0.9182 0.2258
vt 0.2 0.3226
vt 0.5636 0.1129
vt 0.5364 0.0806
vt 0.5364 0.1129
vt 0.2 0.1774
vt 0.2364 0.1452
vt 0.2 0.1452
vt 0.1273 0.2097
vt 0.1636 0.2419
vt 0.1636 0.2097
vt 0.5273 0.0161
vt 0.3636 0.1774
vt 0.4 0.1452
vt 0.3636 0.1452
vt 0.4 0.2097
vt 0.3636 0.2097
vt 0.4727 0.0645
vt 0.2364 0.2823
vt 0.2182 0.2581
vt 0.0909 0.1129
vt 0.0909 0.1452
vt 0.4364 0.1774
vt 0.4364 0.1452
vt 0.2364 0.1129
vt 0.5273 0.0645
vt 0.5818 0.0161
vt 0.7545 0.129
vt 0.6727 0.2258
vt 0.7545 0.2258
vt 0.5091 0.2258
vt 0.4727 0.25
vt 0.5091 0.25
vt 0.1909 0.2581
vt 0.1273 0.2419
vt 0.2818 0.1774
vt 0.3273 0.1452
vt 0.2818 0.1452
vt 0.2364 0.1774
vt 0.2364 0.2419
vt 0.1909 0.0484
vt 0.1636 0.0806
vt 0.1636 0.0484
vt 0.1318 0.0806
vt 0.1636 0.1129
vt 0 0.0806
vt 0 0.0484
vt 0 0.1129
vt 0.0727 0.0806
vt 0.6182 0.1452
vt 0.6545 0.1774
vt 0.6545 0.1452
vt 0.0909 0.2823
vt 0.0909 0.2419
vt 0.0909 0.3226
vt 0.1091 0.3226
vt 0.1273 0.2984
vt 0.4727 0.1774
vt 0.4 0.0806
vt 0.3727 0.0484
vt 0.3682 0.0806
vt 0.4 0.1129
vt 0.3636 0.1129
vt 0.4364 0.1129
vt 0.4636 0.0806
vt 0.1273 0.3226
vt 0.1636 0.3226
vt 0.4545 0.2581
vt 0.4273 0.25
vt 0.4182 0.2581
vt 0.4364 0.2742
vt 0.5909 0.1976
vt 0.5909 0.2258
vt 0.5909 0.1411
vt 0.5636 0.1613
vt 0.5909 0.1694
vt 0.5636 0.1371
vt 0.5364 0.1532
vt 0.6182 0.1774
vt 0.6182 0.2419
vt 0.4 0.2419
vt 0.3364 0.0806
vt 0.3455 0.0484
vt 0.6545 0.1129
vt 0.1 0.0806
vt 0.1273 0.1129
vt 0.1091 0.0484
vt 0.1636 0.2581
vt 0.4727 0.2742
vt 0.5091 0.2742
vt 0.6727 0.3226
vt 0.8364 0.3226
vt 0.8364 0.129
vt 0.4727 0.1129
vt 0.4 0.1774
vt 0.3273 0.1774
vt 0.1636 0.1774
vt 1 0.2258
vt 1 0.3226
vt 1 0.129
vt 0.0455 0.2419
vt 0.1091 -0
vt 0.1091 0.0242
vt 0 0.2419
vt 0.8364 0.5161
vt 0.9182 0.5161
vt 1 0.4194
vt 1 0.5161
vt 0 0.1774
vt 0.5636 0.0806
vt 0.4727 0.2258
vt 0.6727 0.5161
vt 0.7545 0.5161
vt 0.4 0.0484
vt 0.4909 0.0806
vt 0.5818 0.0645
vt 0.5455 0.0806
vt 0.6182 0.0806
vt 0.4727 0.0161
vt 0.5091 0
vt 0.4727 0.2419
vt 0.5636 0
vt 0.3273 0.0484
vt 0.6727 0.129
s 1
f 6209/6664 6157/6665 6106/6666
f 6119/6667 6061/6668 6099/6669
f 6081/6670 6140/6671 6147/6672
f 6092/6673 6087/6674 6138/6675
f 6206/6676 6033/6677 6141/6678
f 6068/6679 6109/6680 6122/6681
f 6055/6682 6049/6683 6053/6684
f 6182/6685 6176/6686 6226/6687
f 6136/6688 6045/6689 6098/6690
f 6155/6691 6065/6692 6162/6693
f 6135/6694 6041/6695 6096/6696
f 6151/6697 6085/6698 6203/6699
f 6117/6700 6152/6701 6202/6702
f 6200/6703 6045/6689 6087/6674
f 6071/6704 6158/6705 6157/6706
f 6061/6668 6103/6707 6099/6669
f 6120/6708 6053/6684 6100/6709
f 6178/6710 6149/6711 6225/6712
f 6063/6713 6057/6714 6061/6668
f 6069/6715 6173/6716 6167/6717
f 6054/6718 6102/6719 6120/6708
f 6052/6720 6050/6721 6054/6718
f 6053/6684 6101/6722 6100/6709
f 6144/6723 6143/6724 6224/6725
f 6129/6726 6044/6727 6092/6673
f 6118/6728 6156/6729 6190/6730
f 6062/6731 6104/6722 6119/6667
f 6127/6732 6040/6733 6085/6734
f 6187/6735 6040/6736 6083/6737
f 6060/6738 6058/6739 6062/6731
f 6038/6740 6186/6741 6091/6742
f 6036/6743 6129/6726 6091/6744
f 6091/6742 6147/6672 6036/6745
f 6076/6746 6083/6747 6127/6732
f 6154/6748 6083/6737 6032/6749
f 6034/6750 6127/6732 6093/6751
f 6196/6752 6197/6753 6223/6754
f 6183/6755 6184/6756 6222/6757
f 6113/6758 6145/6759 6081/6670
f 6128/6760 6143/6761 6189/6762
f 6146/6763 6126/6764 6188/6765
f 6188/6765 6077/6766 6141/6767
f 6115/6768 6189/6762 6165/6769
f 6181/6770 6185/6771 6221/6772
f 6091/6744 6092/6673 6038/6773
f 6121/6774 6160/6775 6179/6776
f 6195/6777 6153/6778 6220/6779
f 6219/6780 6116/6781 6198/6782
f 6100/6709 6048/6783 6052/6720
f 6192/6784 6193/6785 6218/6786
f 6140/6671 6194/6787 6217/6788
f 6120/6708 6051/6789 6055/6682
f 6054/6718 6100/6709 6052/6720
f 6117/6790 6090/6791 6129/6726
f 6081/6670 6186/6741 6113/6758
f 6043/6792 6190/6730 6177/6793
f 6191/6794 6156/6680 6216/6795
f 6093/6751 6085/6734 6042/6796
f 6119/6667 6059/6797 6063/6713
f 6099/6669 6056/6798 6060/6738
f 6169/6799 6164/6800 6215/6801
f 6106/6802 6172/6803 6171/6804
f 6199/6805 6087/6674 6044/6727
f 6116/6781 6199/6805 6178/6710
f 6166/6806 6098/6690 6200/6703
f 6133/6807 6159/6808 6201/6809
f 6089/6810 6201/6809 6153/6778
f 6046/6811 6202/6702 6149/6711
f 6203/6699 6040/6736 6161/6812
f 6146/6763 6134/6813 6084/6814
f 6204/6815 6088/6816 6134/6813
f 6095/6817 6096/6696 6033/6818
f 6035/6819 6135/6694 6095/6817
f 6118/6728 6114/6820 6135/6694
f 6170/6821 6110/6822 6174/6823
f 6097/6824 6098/6690 6047/6825
f 6037/6826 6136/6688 6097/6824
f 6082/6827 6086/6828 6136/6688
f 6122/6681 6067/6829 6071/6704
f 6137/6830 6154/6831 6205/6832
f 6078/6833 6205/6832 6150/6834
f 6142/6835 6095/6836 6206/6676
f 6086/6828 6087/6674 6045/6689
f 6039/6837 6138/6675 6086/6828
f 6038/6773 6138/6675 6113/6838
f 6082/6839 6144/6723 6207/6840
f 6207/6840 6208/6841 6082/6839
f 6039/6842 6208/6841 6145/6759
f 6062/6731 6099/6669 6060/6738
f 6214/6843 6106/6666 6171/6844
f 6213/6845 6139/6846 6211/6847
f 6210/6848 6212/6849 6139/6846
f 6210/6848 6179/6776 6212/6849
f 6121/6774 6179/6776 6210/6848
f 6179/6776 6122/6681 6212/6849
f 6170/6821 6211/6847 6105/6850
f 6069/6715 6213/6845 6170/6821
f 6167/6717 6210/6848 6213/6845
f 6155/6691 6171/6844 6070/6851
f 6105/6850 6214/6843 6155/6691
f 6211/6847 6209/6664 6214/6843
f 6081/6670 6145/6759 6208/6841
f 6080/6852 6208/6841 6207/6840
f 6080/6852 6207/6840 6144/6723
f 6078/6833 6206/6676 6137/6830
f 6150/6834 6076/6853 6034/6750
f 6205/6832 6032/6854 6076/6853
f 6069/6715 6174/6823 6064/6855
f 6114/6856 6148/6857 6204/6815
f 6041/6858 6204/6815 6146/6763
f 6134/6813 6161/6812 6084/6814
f 6149/6711 6133/6807 6089/6810
f 6153/6778 6093/6751 6042/6796
f 6201/6809 6034/6750 6093/6751
f 6116/6781 6200/6703 6132/6859
f 6178/6710 6090/6791 6046/6811
f 6171/6804 6065/6860 6070/6861
f 6215/6801 6112/6862 6182/6685
f 6185/6771 6182/6685 6125/6863
f 6124/6864 6215/6801 6185/6771
f 6216/6795 6035/6865 6142/6835
f 6193/6785 6142/6835 6078/6833
f 6130/6866 6216/6795 6193/6785
f 6177/6793 6128/6760 6115/6768
f 6217/6788 6130/6866 6192/6784
f 6152/6701 6192/6784 6094/6867
f 6036/6745 6217/6788 6152/6701
f 6218/6786 6078/6833 6150/6834
f 6159/6808 6150/6834 6034/6750
f 6094/6867 6218/6786 6159/6808
f 6219/6780 6131/6868 6196/6752
f 6165/6769 6196/6752 6115/6768
f 6047/6825 6219/6780 6165/6769
f 6220/6779 6042/6796 6151/6697
f 6197/6753 6151/6697 6088/6816
f 6131/6868 6220/6779 6197/6753
f 6179/6776 6066/6683 6068/6679
f 6221/6772 6125/6863 6183/6755
f 6168/6869 6183/6755 6123/6870
f 6074/6871 6221/6772 6168/6869
f 6165/6769 6097/6872 6047/6825
f 6033/6873 6188/6765 6141/6767
f 6041/6858 6188/6765 6096/6874
f 6189/6762 6037/6875 6097/6872
f 6222/6757 6111/6876 6175/6877
f 6180/6878 6175/6877 6072/6879
f 6123/6870 6222/6757 6180/6878
f 6223/6754 6088/6816 6148/6857
f 6177/6793 6148/6857 6043/6792
f 6115/6768 6223/6754 6177/6793
f 6126/6764 6154/6748 6077/6766
f 6084/6814 6187/6735 6126/6764
f 6190/6730 6079/6880 6128/6760
f 6224/6725 6079/6829 6191/6794
f 6194/6787 6191/6794 6130/6866
f 6080/6852 6224/6725 6194/6787
f 6167/6717 6108/6881 6121/6774
f 6225/6712 6089/6810 6195/6777
f 6198/6782 6195/6777 6131/6868
f 6116/6781 6225/6712 6198/6782
f 6157/6706 6107/6882 6106/6802
f 6202/6702 6094/6867 6133/6807
f 6088/6816 6203/6699 6134/6813
f 6105/6850 6162/6693 6110/6822
f 6226/6687 6073/6883 6163/6884
f 6184/6756 6163/6884 6111/6876
f 6125/6863 6226/6687 6184/6756
f 6137/6830 6141/6678 6077/6885
f 6036/6745 6147/6672 6140/6671
f 6209/6664 6212/6849 6157/6665
f 6139/6846 6212/6849 6209/6664
f 6212/6849 6071/6704 6157/6665
f 6119/6667 6063/6713 6061/6668
f 6081/6670 6080/6852 6140/6671
f 6092/6673 6044/6727 6087/6674
f 6206/6676 6095/6836 6033/6677
f 6068/6679 6066/6865 6109/6680
f 6055/6682 6051/6886 6049/6683
f 6182/6685 6112/6862 6176/6686
f 6136/6688 6086/6828 6045/6689
f 6155/6691 6070/6851 6065/6692
f 6135/6694 6114/6820 6041/6695
f 6151/6697 6042/6796 6085/6698
f 6117/6700 6036/6745 6152/6701
f 6087/6674 6132/6859 6200/6703
f 6200/6703 6098/6690 6045/6689
f 6071/6704 6067/6829 6158/6705
f 6061/6668 6057/6887 6103/6707
f 6120/6708 6055/6682 6053/6684
f 6178/6710 6046/6811 6149/6711
f 6063/6713 6059/6888 6057/6714
f 6069/6715 6064/6889 6173/6716
f 6054/6718 6050/6890 6102/6719
f 6052/6720 6048/6891 6050/6721
f 6053/6684 6049/6797 6101/6722
f 6144/6723 6037/6892 6143/6724
f 6129/6726 6090/6791 6044/6727
f 6118/6728 6035/6819 6156/6729
f 6062/6731 6058/6783 6104/6722
f 6127/6732 6083/6747 6040/6733
f 6187/6735 6161/6812 6040/6736
f 6060/6738 6056/6893 6058/6739
f 6038/6740 6113/6758 6186/6741
f 6036/6743 6117/6790 6129/6726
f 6091/6742 6081/6670 6147/6672
f 6076/6746 6032/6894 6083/6747
f 6154/6748 6187/6735 6083/6737
f 6034/6750 6076/6746 6127/6732
f 6196/6752 6131/6868 6197/6753
f 6183/6755 6125/6863 6184/6756
f 6113/6758 6039/6842 6145/6759
f 6128/6760 6079/6880 6143/6761
f 6146/6763 6084/6814 6126/6764
f 6188/6765 6126/6764 6077/6766
f 6115/6768 6128/6760 6189/6762
f 6181/6770 6124/6864 6185/6771
f 6091/6744 6129/6726 6092/6673
f 6121/6774 6108/6881 6160/6775
f 6195/6777 6089/6810 6153/6778
f 6219/6780 6166/6806 6116/6781
f 6100/6709 6101/6722 6048/6783
f 6192/6784 6130/6866 6193/6785
f 6140/6671 6080/6852 6194/6787
f 6120/6708 6102/6719 6051/6789
f 6054/6718 6120/6708 6100/6709
f 6117/6790 6046/6811 6090/6791
f 6081/6670 6091/6742 6186/6741
f 6043/6792 6118/6728 6190/6730
f 6191/6794 6079/6829 6156/6680
f 6093/6751 6127/6732 6085/6734
f 6119/6667 6104/6722 6059/6797
f 6099/6669 6103/6707 6056/6798
f 6169/6799 6075/6895 6164/6800
f 6106/6802 6107/6882 6172/6803
f 6044/6727 6090/6791 6199/6805
f 6199/6805 6132/6859 6087/6674
f 6116/6781 6132/6859 6199/6805
f 6166/6806 6047/6825 6098/6690
f 6133/6807 6094/6867 6159/6808
f 6089/6810 6133/6807 6201/6809
f 6046/6811 6117/6700 6202/6702
f 6203/6699 6085/6698 6040/6736
f 6146/6763 6204/6815 6134/6813
f 6204/6815 6148/6857 6088/6816
f 6095/6817 6135/6694 6096/6696
f 6035/6819 6118/6728 6135/6694
f 6118/6728 6043/6792 6114/6820
f 6170/6821 6105/6850 6110/6822
f 6097/6824 6136/6688 6098/6690
f 6037/6826 6082/6827 6136/6688
f 6082/6827 6039/6837 6086/6828
f 6122/6681 6109/6680 6067/6829
f 6137/6830 6077/6885 6154/6831
f 6078/6833 6137/6830 6205/6832
f 6142/6835 6035/6865 6095/6836
f 6086/6828 6138/6675 6087/6674
f 6039/6837 6113/6838 6138/6675
f 6038/6773 6092/6673 6138/6675
f 6082/6839 6037/6892 6144/6723
f 6039/6842 6082/6839 6208/6841
f 6062/6731 6119/6667 6099/6669
f 6214/6843 6209/6664 6106/6666
f 6213/6845 6210/6848 6139/6846
f 6179/6776 6068/6679 6122/6681
f 6170/6821 6213/6845 6211/6847
f 6069/6715 6167/6717 6213/6845
f 6167/6717 6121/6774 6210/6848
f 6155/6691 6214/6843 6171/6844
f 6105/6850 6211/6847 6214/6843
f 6211/6847 6139/6846 6209/6664
f 6080/6852 6081/6670 6208/6841
f 6078/6833 6142/6835 6206/6676
f 6150/6834 6205/6832 6076/6853
f 6205/6832 6154/6831 6032/6854
f 6069/6715 6170/6821 6174/6823
f 6114/6856 6043/6792 6148/6857
f 6041/6858 6114/6856 6204/6815
f 6134/6813 6203/6699 6161/6812
f 6149/6711 6202/6702 6133/6807
f 6153/6778 6201/6809 6093/6751
f 6201/6809 6159/6808 6034/6750
f 6116/6781 6166/6806 6200/6703
f 6178/6710 6199/6805 6090/6791
f 6171/6804 6172/6803 6065/6860
f 6215/6801 6164/6800 6112/6862
f 6185/6771 6215/6801 6182/6685
f 6124/6864 6169/6799 6215/6801
f 6216/6795 6156/6680 6035/6865
f 6193/6785 6216/6795 6142/6835
f 6130/6866 6191/6794 6216/6795
f 6177/6793 6190/6730 6128/6760
f 6217/6788 6194/6787 6130/6866
f 6152/6701 6217/6788 6192/6784
f 6036/6745 6140/6671 6217/6788
f 6218/6786 6193/6785 6078/6833
f 6159/6808 6218/6786 6150/6834
f 6094/6867 6192/6784 6218/6786
f 6219/6780 6198/6782 6131/6868
f 6165/6769 6219/6780 6196/6752
f 6047/6825 6166/6806 6219/6780
f 6220/6779 6153/6778 6042/6796
f 6197/6753 6220/6779 6151/6697
f 6131/6868 6195/6777 6220/6779
f 6179/6776 6160/6775 6066/6683
f 6221/6772 6185/6771 6125/6863
f 6168/6869 6221/6772 6183/6755
f 6074/6871 6181/6770 6221/6772
f 6165/6769 6189/6762 6097/6872
f 6033/6873 6096/6874 6188/6765
f 6041/6858 6146/6763 6188/6765
f 6189/6762 6143/6761 6037/6875
f 6222/6757 6184/6756 6111/6876
f 6180/6878 6222/6757 6175/6877
f 6123/6870 6183/6755 6222/6757
f 6223/6754 6197/6753 6088/6816
f 6177/6793 6223/6754 6148/6857
f 6115/6768 6196/6752 6223/6754
f 6126/6764 6187/6735 6154/6748
f 6084/6814 6161/6812 6187/6735
f 6190/6730 6156/6729 6079/6880
f 6224/6725 6143/6724 6079/6829
f 6194/6787 6224/6725 6191/6794
f 6080/6852 6144/6723 6224/6725
f 6167/6717 6173/6716 6108/6881
f 6225/6712 6149/6711 6089/6810
f 6198/6782 6225/6712 6195/6777
f 6116/6781 6178/6710 6225/6712
f 6157/6706 6158/6705 6107/6882
f 6202/6702 6152/6701 6094/6867
f 6088/6816 6151/6697 6203/6699
f 6105/6850 6155/6691 6162/6693
f 6226/6687 6176/6686 6073/6883
f 6184/6756 6226/6687 6163/6884
f 6125/6863 6182/6685 6226/6687
f 6137/6830 6206/6676 6141/6678
f 6212/6849 6122/6681 6071/6704
o RightLeg
v -4.25 15.92 2.25
v 0.25 15.92 2.25
v -4.25 15.92 -2.25
v 0.25 15.92 -2.25
v -4.25 11.76 2.25
v 0.25 11.76 2.25
v -4.25 11.76 -2.25
v 0.25 11.76 -2.25
v -4.8125 22.16 -2.8125
v -4.8125 22.16 1.6875
v -3.6875 21.12 2.8125
v 0.8125 22.16 -2.8125
v 0.8125 22.16 1.6875
v -0.3125 21.12 2.8125
v -4.8125 21.12 -2.8125
v 0.8125 21.12 -2.8125
v -3.6875 20.6 -2.8125
v -0.3125 20.6 -2.8125
v -3.6875 15.92 -2.8125
v -0.3125 15.92 -2.8125
v -4.8125 20.6 -1.6875
v -4.8125 15.92 -1.6875
v 0.8125 20.6 -1.6875
v 0.8125 15.92 -1.6875
v -3.6875 15.92 2.8125
v -0.3125 15.92 2.8125
v -4.8125 15.92 1.6875
v 0.8125 15.92 1.6875
v -3.125 15.92 -3.375
v -0.875 15.92 -3.375
v -3.125 18 -3.375
v -0.875 18 -3.375
v -3.125 18.52 -2.8125
v -0.875 18.52 -2.8125
v -3.6875 15.92 -2.8125
v -3.6875 18 -2.8125
v -0.3125 15.92 -2.8125
v -0.3125 18 -2.8125
v -3.125 15.4 -2.8125
v -0.875 15.4 -2.8125
v -3.6875 15.92 -2.25
v -0.3125 15.92 -2.25
v -3.125 15.4 -2.25
v -0.875 15.4 -2.25
v -3.125 14.88 -2.8125
v -0.875 14.88 -2.8125
v -3.125 14.88 -2.25
v -0.875 14.88 -2.25
v -3.6875 15.4 -2.8125
v -0.3125 15.4 -2.8125
v -4.8125 15.4 -1.6875
v 0.8125 15.4 -1.6875
v -3.6875 14.36 2.25
v -0.3125 14.36 2.25
v -4.8125 15.4 1.6875
v 0.8125 15.4 1.6875
v -3.6875 14.36 -2.8125
v -0.3125 14.36 -2.8125
v 0.8125 13.84 1.6875
v -0.3125 13.32 2.8125
v -3.6875 12.28 -2.8125
v -4.8125 11.76 -1.6875
v -3.6875 12.28 2.8125
v -4.8125 11.76 1.6875
v -3.6875 15.4 -2.25
v -0.3125 15.4 -2.25
v -4.25 15.4 -2.25
v 0.25 15.4 -2.25
v -4.25 15.4 2.25
v 0.25 15.4 2.25
v 0.8125 13.84 -1.6875
v -0.3125 13.32 -2.8125
v -3.6875 14.36 -2.25
v -0.3125 14.36 -2.25
v -3.6875 15.4 2.25
v -0.3125 15.4 2.25
v -0.3125 14.36 2.8125
v -3.6875 14.36 2.8125
v -0.3125 15.4 2.8125
v -3.6875 15.4 2.8125
v -4.25 11.76 -0
v -2 11.76 2.25
v 0.25 13.84 -2.25
v -2 15.92 -2.25
v -4.25 13.84 2.25
v -2 15.92 2.25
v 0.25 13.84 2.25
v 0.25 15.92 -0
v -4.25 13.84 -2.25
v -4.25 15.92 -0
v -4.25 21.64 2.25
v -2 22.16 1.6875
v -4.8125 22.16 -0.5625
v -2 22.16 -2.8125
v -2 20.6 -2.8125
v -3.6875 18.26 -2.8125
v -4.5313 15.92 -0.2813
v -4.25 20.6 -2.25
v -0.0313 18.52 2.5312
v -4.8125 21.38 -2.25
v -1.7188 15.92 -2.5313
v 0.25 20.6 -2.25
v -1.7188 15.92 2.5312
v 0.5312 15.92 -0.2813
v -2 21.12 2.8125
v -0.3125 18.52 2.8125
v 0.8125 15.92 -0
v 0.8125 18.26 -1.6875
v 0.25 21.38 -2.8125
v -4.8125 18.26 -1.6875
v -3.125 16.96 -3.375
v -2 15.92 -3.375
v -2 18 -3.375
v -0.875 16.96 -3.375
v -2 15.4 -2.8125
v -2 14.88 -2.8125
v 0.8125 15.4 -0
v 0.8125 14.62 -1.6875
v 0.25 14.1 -2.25
v -3.6875 12.28 -0
v -2 12.8 2.8125
v -3.6875 13.32 2.8125
v -3.6875 13.32 -2.8125
v -4.25 12.02 -2.25
v -4.25 12.02 -0.5625
v -4.8125 11.76 -0
v -4.8125 15.4 -0
v -4.5313 15.4 -0.2813
v 0.8125 13.84 -0
v 0.25 13.58 -0.5625
v 0.25 13.58 -2.25
v 0.25 14.1 2.25
v 0.5312 15.4 -0.2813
v -2 14.36 -2.8125
v -4.8125 13.58 1.6875
v -2 14.36 2.8125
v -3.9688 18.52 2.5312
v -2 11.76 -2.25
v 0.25 11.76 -0
v 0.25 21.64 2.25
v 0.8125 22.16 -0.5625
v -0.3125 18.26 -2.8125
v -2 15.92 -2.8125
v -4.8125 15.92 -0
v 0.8125 19.04 1.6875
v -4.8125 19.04 1.6875
v -4.8125 21.38 -0
v -2 15.92 2.8125
v -3.6875 18.52 2.8125
v 0.8125 21.38 -2.25
v 0.8125 21.38 -0
v -4.25 21.38 -2.8125
v -3.9688 18.26 -2.5313
v -2 18.52 -2.8125
v -3.6875 16.96 -2.8125
v -0.3125 16.96 -2.8125
v -2 14.88 -2.25
v 0.8125 14.62 1.6875
v -4.25 14.88 2.25
v -4.25 12.02 2.25
v -2 12.8 -2.8125
v -0.3125 13.32 -0
v -4.8125 13.58 -1.6875
v -4.25 14.88 -2.25
v -4.25 15.4 -0
v 0.25 13.58 2.25
v 0.25 15.4 -0
v -2 14.36 -2.25
v -2 14.36 2.25
v -0.0313 18.26 -2.5313
v -4.25 13.45 -2.25
v 0.8125 18.65 -0
v -2 11.76 -0
v 0.25 13.84 -0
v -4.25 13.45 2.25
v -2 21.38 -2.8125
v -4.8125 18.65 -0
v -2 13.84 -2.25
v -4.25 13.84 -0
v -2 22.16 -0.5625
v 0.8125 14.62 -0
v -4.8125 13.58 -0
v -2 16.96 -3.375
v -2 13.84 2.25
v -2 18.52 2.8125
v -2 12.8 -0
v -2 21.64 2.25
v -2 18.26 -2.8125
v -4.25 11.76 -1.125
v -0.875 11.76 2.25
v 0.25 12.8 -2.25
v 0.8125 15.92 -0.8438
v -0.875 15.92 -2.25
v -4.25 12.8 2.25
v -0.875 15.92 2.25
v 0.25 12.8 2.25
v 0.25 15.92 -1.125
v -4.25 12.8 -2.25
v -4.25 15.92 -1.125
v -4.25 11.76 1.125
v -0.5938 22.16 1.6875
v -4.8125 22.16 0.5625
v -2.8438 21.12 2.8125
v -0.5938 22.16 -2.8125
v -1.1563 20.6 -2.8125
v 0.1094 17.22 2.3906
v -3.6875 17.09 -2.8125
v -4.6719 15.92 0.7031
v 0.25 14.88 2.25
v -0.1719 19.82 2.6719
v -2.7031 15.92 -2.6719
v -2.7031 15.92 2.6719
v 0.6719 15.92 0.7031
v -1.1563 21.12 2.8125
v -0.3125 17.22 2.8125
v -4.25 14.88 -2.25
v 0.8125 15.92 0.8437
v 0.8125 17.09 -1.6875
v -3.125 11.76 2.25
v -4.8125 22.16 -1.6875
v -4.8125 17.09 -1.6875
v -4.3906 15.92 -1.2656
v -2.8438 20.6 -2.8125
v -3.6875 19.43 -2.8125
v -0.7344 15.92 -2.3906
v -4.8125 19.43 -1.6875
v 0.8125 15.4 -0.8438
v 0.3906 15.92 -1.2656
v -0.3125 19.82 2.8125
v 0.8125 15.4 0.8437
v -0.7344 15.92 2.3906
v -3.125 15.92 2.25
v -3.6875 12.28 1.4062
v 0.8125 19.43 -1.6875
v -2.8438 12.54 2.8125
v 0.25 14.88 -2.25
v -4.5313 11.89 0.5625
v -4.8125 11.76 0.8437
v -4.8125 15.4 0.8437
v -4.3906 15.4 -1.2656
v 0.8125 13.84 -0.8438
v -0.0313 13.45 -1.6875
v -4.25 14.88 2.25
v 0.3906 15.4 -1.2656
v -1.1563 14.36 -2.8125
v -4.8125 12.67 1.6875
v -3.4062 22.16 1.6875
v -3.6875 12.28 -1.4063
v -2.8438 14.36 2.8125
v -1.1563 13.06 2.8125
v -3.4062 22.16 -2.8125
v -3.8281 19.82 2.6719
v 0.25 15.92 1.125
v -0.875 11.76 -2.25
v 0.25 11.76 -1.125
v 0.8125 22.16 0.5625
v -0.3125 17.09 -2.8125
v -1.1563 15.92 -2.8125
v -4.8125 15.92 0.8437
v 0.8125 17.48 1.6875
v -4.25 15.92 1.125
v -4.8125 17.48 1.6875
v -4.8125 20.99 -0.8438
v -1.1563 15.92 2.8125
v -3.6875 17.22 2.8125
v 0.8125 20.99 -0.8438
v -3.8281 19.43 -2.6719
v -3.125 15.92 -2.25
v -1.1563 13.06 -2.8125
v -0.3125 13.32 -1.4063
v -4.8125 12.67 -1.6875
v -4.25 15.4 1.125
v 0.25 15.4 1.125
v -1.1563 14.36 -2.25
v -1.1563 14.36 2.25
v -0.1719 19.43 -2.6719
v -3.9688 12.15 -1.6875
v -4.8125 11.76 -0.8438
v -4.8125 15.4 -0.8438
v -4.6719 15.4 0.7031
v 0.8125 13.84 0.8437
v 0.5312 13.71 0.5625
v 0.6719 15.4 0.7031
v -2.8438 14.36 -2.8125
v -4.8125 14.49 1.6875
v -1.1563 14.36 2.8125
v -4.1094 17.22 2.3906
v -3.125 11.76 -2.25
v 0.25 11.76 1.125
v 0.8125 22.16 -1.6875
v -0.3125 19.43 -2.8125
v -2.8438 15.92 -2.8125
v -4.8125 15.92 -0.8438
v 0.8125 20.6 1.6875
v -4.8125 20.6 1.6875
v -4.8125 21.77 0.8437
v -2.8438 15.92 2.8125
v -3.6875 19.82 2.8125
v 0.8125 21.77 0.8437
v -4.1094 17.09 -2.3906
v -2.8438 12.54 -2.8125
v -0.3125 13.32 1.4062
v -4.8125 14.49 -1.6875
v -4.25 15.4 -1.125
v 0.25 15.4 -1.125
v -2.8438 14.36 -2.25
v -2.8438 14.36 2.25
v 0.1094 17.09 -2.3906
v 0.25 13.58 0.8437
v -0.0313 13.45 1.125
v -4.25 12.02 0.8437
v -3.9688 12.15 1.125
v 0.8125 21.38 -1.125
v 0.8125 21.77 -1.4063
v -4.8125 21.38 -1.125
v -4.8125 21.77 -1.4063
v 0.8125 18.455 -0.8438
v 0.8125 18.845 0.8437
v 0.8125 20.015 -0
v 0.8125 17.285 -0
v 0.5312 20.34 1.9687
v 0.1094 20.08 2.3906
v -4.5313 19.43 -1.9688
v -4.1094 19.43 -2.3906
v -2.8438 13.84 2.8125
v -2.8438 13.06 2.8125
v -2 13.58 2.8125
v -2 11.76 1.125
v -2 11.76 -1.125
v -3.125 11.76 -0
v -0.875 11.76 -0
v 0.25 14.88 -0
v 0.25 12.8 -0
v 0.25 13.84 1.125
v 0.25 13.84 -1.125
v 0.5312 13.71 -1.125
v 0.25 13.58 -1.4063
v -4.5313 11.89 -1.125
v -4.25 12.02 -1.4063
v -3.125 21.38 -2.8125
v -0.875 21.38 -2.8125
v -4.8125 18.455 -0.8438
v -4.8125 18.845 0.8437
v -4.8125 17.285 -0
v -4.8125 20.015 -0
v -2 14.88 -2.25
v -2 12.8 -2.25
v -0.875 13.84 -2.25
v -3.125 13.84 -2.25
v -4.25 14.88 -0
v -4.25 12.8 -0
v -4.25 13.84 -1.125
v -4.25 13.84 1.125
v -2 22.16 -1.6875
v -2 22.16 0.5625
v -3.4062 22.16 -0.5625
v -0.5938 22.16 -0.5625
v 0.8125 14.62 -0.8438
v 0.8125 14.62 0.8437
v -4.8125 13.58 0.8437
v -4.8125 13.58 -0.8438
v -4.8125 14.49 -0
v -4.8125 12.67 -0
v -2 14.88 2.25
v -2 12.8 2.25
v -3.125 13.84 2.25
v -0.875 13.84 2.25
v -1.1563 18.52 2.8125
v -2.8438 18.52 2.8125
v -2 19.82 2.8125
v -2 17.22 2.8125
v 0.1094 19.43 -2.3906
v 0.5312 19.43 -1.9688
v -2 12.8 1.4062
v -2 12.8 -1.4063
v -2.8438 12.54 -0
v -1.1563 13.06 -0
v -2.8438 13.06 -2.8125
v -2.8438 13.84 -2.8125
v -2 13.58 -2.8125
v -3.125 21.64 2.25
v -0.875 21.64 2.25
v -4.1094 20.08 2.3906
v -4.5313 20.34 1.9687
v -2.8438 18.26 -2.8125
v -1.1563 18.26 -2.8125
v -2 19.43 -2.8125
v -2 17.09 -2.8125
v -1.1563 17.09 -2.8125
v -1.1563 19.43 -2.8125
v -2.8438 19.43 -2.8125
v -1.1563 13.06 -1.4063
v -2.8438 12.54 -1.4063
v -2.8438 12.54 1.4062
v -2.8438 17.22 2.8125
v -2.8438 19.82 2.8125
v -1.1563 19.82 2.8125
v -0.875 12.8 2.25
v -3.125 12.8 2.25
v -3.125 14.88 2.25
v -4.8125 12.67 -0.8438
v -4.8125 14.49 -0.8438
v -4.8125 14.49 0.8437
v -0.5938 22.16 0.5625
v -3.4062 22.16 0.5625
v -3.4062 22.16 -1.6875
v -4.25 12.8 1.125
v -4.25 12.8 -1.125
v -4.25 14.88 -1.125
v -3.125 12.8 -2.25
v -0.875 12.8 -2.25
v -0.875 14.88 -2.25
v -4.8125 20.3075 0.8437
v -4.8125 17.3825 0.8437
v -4.8125 17.1875 -0.8438
v 0.25 12.8 -1.125
v 0.25 12.8 1.125
v 0.25 14.88 1.125
v -0.875 11.76 -1.125
v -3.125 11.76 -1.125
v -3.125 11.76 1.125
v 0.8125 20.3075 0.8437
v 0.8125 17.1875 -0.8438
v 0.8125 19.7225 -0.8438
v 0.8125 17.3825 0.8437
v -0.875 11.76 1.125
v 0.25 14.88 -1.125
v -4.8125 19.7225 -0.8438
v -3.125 14.88 -2.25
v -4.25 14.88 1.125
v -0.5938 22.16 -1.6875
v -4.8125 12.67 0.8437
v -0.875 14.88 2.25
v -1.1563 17.22 2.8125
v -1.1563 13.06 1.4062
v -2.8438 17.09 -2.8125
v 0.8125 16.7 1.6875
v -4.8125 16.7 1.6875
v 0.8125 19.82 1.6875
v -4.8125 19.82 1.6875
v 0.1797 20.86 2.3203
v -4.1797 20.86 2.3203
v 0.8125 18.26 1.6875
v -4.8125 18.26 1.6875
v 0.8125 21.38 1.6875
v -4.8125 21.38 1.6875
v 0.0391 19.3 2.4609
v -4.0391 19.3 2.4609
vt 0.5636 0.7903
vt 0.5818 0.8226
vt 0.5818 0.7903
vt 0.7636 0.1129
vt 0.7818 0.129
vt 0.7818 0.1129
vt 0.8 0.129
vt 0.7636 0.129
vt 0.7273 0.1129
vt 0.7273 0.129
vt 0.7636 0.0968
vt 0.7273 0.0806
vt 0.7273 0.0968
vt 0.5273 0.6048
vt 0.5182 0.5645
vt 0.5136 0.6048
vt 0.6909 0.129
vt 0.6727 0.1129
vt 0.6727 0.129
vt 0.3955 0.6573
vt 0.3636 0.6613
vt 0.4 0.6613
vt 0.3273 0.5
vt 0.3455 0.4839
vt 0.3091 0.5
vt 0.4545 0.8306
vt 0.4364 0.8145
vt 0.4364 0.8387
vt 0.3636 0.4758
vt 0.3455 0.4516
vt 0.2136 0.6573
vt 0.1818 0.6613
vt 0.2182 0.6613
vt 0.1636 0.4839
vt 0.1818 0.5
vt 0.2 0.5
vt 0.5273 0.6452
vt 0.5455 0.6613
vt 0.5591 0.6492
vt 0.0182 0.6452
vt 0.0364 0.6613
vt 0.05 0.6492
vt 0.2818 0.6452
vt 0.3091 0.6089
vt 0.2818 0.6089
vt 0.5227 0.5242
vt 0.5159 0.5403
vt 0.6545 0.4677
vt 0.6273 0.4516
vt 0.6182 0.4677
vt 0.5818 0.8871
vt 0.5545 0.8629
vt 0.5545 0.879
vt 0.6727 0.0806
vt 0.6909 0.0484
vt 0.6727 0.0484
vt 0.3364 0.871
vt 0.2909 0.8952
vt 0.3364 0.8952
vt 0.1955 0.5363
vt 0.1864 0.5363
vt 0.1909 0.5726
vt 0.7636 0.0161
vt 0.7818 0.0161
vt 0.7636 -0
vt 0.7818 0.0484
vt 0.7636 0.0484
vt 0.6909 0.0161
vt 0.6909 -0
vt 0.6727 0.0161
vt 0.6091 0.6048
vt 0.6364 0.6452
vt 0.6364 0.6048
vt 0.6909 0.0806
vt 0.6909 0.0968
vt 0.7636 0.0806
vt 0.7818 0.0806
vt 0.7273 0.0161
vt 0.7273 0
vt 0.1455 0.6935
vt 0.1091 0.6613
vt 0.1091 0.6935
vt 0.7273 0.0484
vt 0.7 0.9032
vt 0.7273 0.875
vt 0.7 0.875
vt 0.4091 0.8387
vt 0.4091 0.8145
vt 0.1636 0.4194
vt 0.2091 0.4516
vt 0.2091 0.4194
vt 0.1818 0.8226
vt 0.1818 0.7903
vt 0.1636 0.7903
vt 0.3091 0.7903
vt 0.2909 0.8226
vt 0.3091 0.8306
vt 0.4091 0.5272
vt 0.3818 0.5
vt 0.3818 0.5363
vt 0.2182 0.4758
vt 0.2273 0.5
vt 0.4364 0.9758
vt 0.4 0.9839
vt 0.4273 0.9839
vt 0.5636 0.7742
vt 0.6318 0.7782
vt 0.6182 0.7903
vt 0.6455 0.7903
vt 0.3636 0.8468
vt 0.3818 0.8387
vt 0.3545 0.8387
vt 0.1636 0.8508
vt 0.1636 0.8065
vt 0.3591 0.7863
vt 0.3273 0.7903
vt 0.3545 0.7903
vt 0.4909 0.7903
vt 0.4909 0.7742
vt 0.4727 0.7903
vt 0.0364 0.7903
vt 0 0.8226
vt 0.0364 0.8226
vt 0.6545 0.1129
vt 0.6545 0.129
vt 0.4727 0.8226
vt 0.4909 0.8226
vt 0.2091 0.8387
vt 0.2364 0.8226
vt 0.2091 0.8226
vt 0.4727 0.8387
vt 0.5 0.8226
vt 0.5 0.8387
vt 0.2 0.7903
vt 0.2 0.7742
vt 0.2909 0.7903
vt 0.2727 0.7742
vt 0.2727 0.7903
vt 0.1818 0.8387
vt 0.2091 0.8387
vt 0.2727 0.8226
vt 0.3455 0.5363
vt 0.3364 0.5363
vt 0.3455 0.5726
vt 0.6727 0.4758
vt 0.6636 0.5081
vt 0.3227 0.5363
vt 0.3136 0.5363
vt 0.3182 0.5726
vt 0.0455 0.6452
vt 0.0727 0.6028
vt 0.0455 0.5998
vt 0.6523 0.4919
vt 0.6364 0.4839
vt 0.2364 0.871
vt 0.2364 0.8468
vt 0.2091 0.8629
vt 0.4 0.4758
vt 0.4091 0.4879
vt 0.2 0.6089
vt 0.1864 0.6089
vt 0.1 0.5665
vt 0.1273 0.5363
vt 0.1 0.5272
vt 0.1 0.6452
vt 0.0818 0.6532
vt 0.1136 0.6573
vt 0.3818 0.6452
vt 0.4091 0.6452
vt 0.6955 0.7863
vt 0.6727 0.7742
vt 0.6636 0.7823
vt 0.65 0.6048
vt 0.1273 0.6089
vt 0.1 0.6058
vt 0.3364 0.9677
vt 0.3091 0.9839
vt 0.3455 0.9758
vt 0.4545 0.4516
vt 0.4364 0.4758
vt 0.4636 0.4637
vt 0.2 0.6452
vt 0.2273 0.6452
vt 0.5545 0.6452
vt 0.6091 0.6452
vt 0.5909 0.6532
vt 0.6227 0.6573
vt 0.1455 0.4758
vt 0.1273 0.5
vt 0.1273 0.4516
vt 0.0909 0.4516
vt 0.1182 0.4637
vt 0.3545 0.9839
vt 0.3273 0.4758
vt 0.4182 0.7742
vt 0.3909 0.7823
vt 0.4227 0.7782
vt 0.1818 0.4758
vt 0.1636 0.4516
vt 0.6182 0.875
vt 0.6 0.8508
vt 0.6 0.8952
vt 0.3091 0.6452
vt 0.3227 0.6089
vt 0.1091 0.4758
vt 0.4364 0.6452
vt 0.4591 0.6492
vt 0.4636 0.6452
vt 0.3091 0.5726
vt 0.3091 0.5363
vt 0.0727 0.4758
vt 0.1 0.4879
vt 0.2545 0.6452
vt 0.2773 0.6492
vt 0.65 0.5161
vt 0.6727 0.5726
vt 0.6455 0.5645
vt 0.0545 0.4516
vt 0.0182 0.4516
vt 0.0455 0.4637
vt 0.5273 0.8387
vt 0.5545 0.8226
vt 0.5545 0.8387
vt 0.3818 0.4516
vt 0.3909 0.4637
vt 0.0455 0.5544
vt 0.0727 0.5181
vt 0.0455 0.5091
vt 0.5818 0.8548
vt 0.4364 0.8629
vt 0.4273 0.871
vt 0.4727 0.871
vt 0.4545 0.8468
vt 0.4545 0.7903
vt 0.3455 0.8629
vt 0.3818 0.871
vt 0.6364 0.5645
vt 0.6409 0.5242
vt 0.6364 0.5242
vt 0.4727 0.8548
vt 0.2909 0.8548
vt 0.6 0.7903
vt 0.6 0.8065
vt 0.4273 0.9677
vt 0.6364 0.7742
vt 0.6 0.7742
vt 0.3545 0.8548
vt 0.4 0.8548
vt 0.3091 0.8468
vt 0.3273 0.8387
vt 0.3091 0.8548
vt 0.3455 0.7742
vt 0.1818 0.8548
vt 0.2091 0.879
vt 0.3455 0.6089
vt 0.2364 0.8387
vt 0.2636 0.8226
vt 0.2636 0.8387
vt 0.0364 0.8548
vt 0 0.8871
vt 0.0364 0.8871
vt 0.1091 0.8548
vt 0.0727 0.8871
vt 0.1091 0.8871
vt 0.2 0.5363
vt 0.6182 0.8185
vt 0.5273 0.5242
vt 0.5273 0.4839
vt 0.3273 1
vt 0.3636 0.9919
vt 0.2 0.8226
vt 0.1091 0.7903
vt 0.0727 0.8226
vt 0.1091 0.8226
vt 0.0727 0.6935
vt 0.0364 0.6935
vt 0.0727 0.7581
vt 0.0364 0.7258
vt 0.0364 0.7581
vt 0.1455 0.7581
vt 0.1091 0.7258
vt 0.1091 0.7581
vt 0.4091 0.7903
vt 0.1455 0.7903
vt 0.1455 0.8185
vt 0.1455 0.8468
vt 0.1455 0.875
vt 0.1818 0.8871
vt 0.1636 0.8952
vt 0.4182 0.8468
vt 0.4273 0.8548
vt 0.4545 0.8548
vt 0.6727 0.7903
vt 0.7 0.7903
vt 0.4182 0.9919
vt 0.3818 1
vt 0.4091 1
vt 0.3545 1
vt 0.2545 0.4758
vt 0.2818 0.5
vt 0.2909 0.4758
vt 0.2545 0.4516
vt 0.3 0.4516
vt 0.4091 0.6058
vt 0.3818 0.5726
vt 0.3818 0.6089
vt 0.4636 0.5998
vt 0.4364 0.5605
vt 0.4364 0.6028
vt 0.4636 0.5091
vt 0.4364 0.5181
vt 0.3273 0.8145
vt 0.2545 0.4194
vt 0.3 0.4194
vt 0.2545 0.3548
vt 0.3 0.3871
vt 0.3 0.3548
vt 0.1636 0.3548
vt 0.2091 0.3871
vt 0.2091 0.3548
vt 0.4364 0.7903
vt 0.3545 0.8145
vt 0.3818 0.7903
vt 0.3818 0.8145
vt 0.7 0.8468
vt 0.7273 0.8185
vt 0.7 0.8185
vt 0.6455 0.8468
vt 0.6727 0.8185
vt 0.6455 0.8185
vt 0.6455 0.9032
vt 0.6727 0.875
vt 0.6455 0.875
vt 0.6091 0.5242
vt 0.5545 0.5242
vt 0.5818 0.5645
vt 0.5818 0.5242
vt 0.5545 0.6048
vt 0.5818 0.6452
vt 0.5818 0.6048
vt 0.1727 0.5363
vt 0.1636 0.5363
vt 0.1636 0.5726
vt 0.1636 0.6089
vt 0.3364 0.9194
vt 0.2909 0.9435
vt 0.3364 0.9435
vt 0.4273 0.9194
vt 0.3818 0.9435
vt 0.4273 0.9435
vt 0.3818 0.8952
vt 0.4273 0.8952
vt 0.5273 0.871
vt 0.5273 0.8468
vt 0.5545 0.8387
vt 0.5 0.8629
vt 0.5455 0.4677
vt 0.5818 0.4516
vt 0.5364 0.4516
vt 0.5545 0.4839
vt 0.5818 0.4677
vt 0.6091 0.4839
vt 0.5114 0.4919
vt 0.5 0.5081
vt 0.5136 0.5161
vt 0.4909 0.5242
vt 0.4909 0.5484
vt 0.4909 0.5726
vt 0.2818 0.5726
vt 0.2818 0.5363
vt 0.2273 0.5726
vt 0.2545 0.5363
vt 0.2273 0.5363
vt 0.2545 0.6089
vt 0.2273 0.6089
vt 0.6182 0.6613
vt 0.2545 0.6613
vt 0.2909 0.6613
vt 0.4364 0.6613
vt 0.4727 0.6613
vt 0.6909 0.1129
vt 0.4909 0.6452
vt 0.5091 0.6613
vt 0.3273 0.6613
vt 0.6545 0.6613
vt 0.1455 0.6613
vt 0.2545 0.5726
vt 0.2 0.5726
vt 0.2545 0.5
vt 0.4909 0.5968
vt 0.4909 0.621
vt 0.4909 0.4758
vt 0.4909 0.5
vt 0.5818 0.4839
vt 0.5091 0.4677
vt 0.4909 0.4516
vt 0.5273 0.8226
vt 0.3818 0.9194
vt 0.4727 0.8952
vt 0.4727 0.9194
vt 0.3818 0.9677
vt 0.4727 0.9435
vt 0.4727 0.9677
vt 0.2909 0.9677
vt 0.1818 0.6452
vt 0.1636 0.6452
vt 0.1636 0.5
vt 0.5545 0.5645
vt 0.5273 0.5645
vt 0.6091 0.5645
vt 0.0727 0.7258
vt 0.0727 0.7903
vt 0 0.7581
vt 0 0.7258
vt -0 0.7903
vt 0 0.6935
vt 0 0.6613
vt 0.6727 0.8468
vt 0.6182 0.8468
vt 0.6182 0.9032
vt 0.7273 0.7903
vt 0.2545 0.3871
vt 0.2091 0.3226
vt 0.2545 0.3226
vt 0.1636 0.3226
vt 0.3455 0.3871
vt 0.3455 0.3548
vt 0.3 0.3226
vt 0.3455 0.3226
vt 0.3455 0.4194
vt 0.4636 0.5544
vt 0.4091 0.5665
vt 0.4545 0.9839
vt 0.4364 1
vt 0.4545 0.7742
vt 0.0727 0.8548
vt 0.1455 0.8226
vt 0.1455 0.8548
vt 0.0727 0.9194
vt 0.1091 0.9194
vt 0.1455 0.8871
vt 0.1455 0.9194
vt -0 0.9194
vt 0.0364 0.9194
vt 0.2636 0.8629
vt 0.2909 0.8387
vt 0.3273 0.6452
vt 0.3455 0.6452
vt 0.3818 0.7742
vt 0.4182 0.4516
vt 0.0182 0.4758
vt 0.0182 0.5242
vt 0.5818 0.8387
vt 0.6727 0.621
vt 0.6545 0.6452
vt 0.6477 0.5403
vt 0.6727 0.5484
vt 0.0727 0.6452
vt 0.2455 0.6532
vt 0.1273 0.5726
vt 0.0727 0.5605
vt 0.7091 0.7742
vt 0.4273 0.6532
vt 0.1273 0.6452
vt 0.0182 0.5726
vt 0.0182 0.621
vt 0.6727 0.5242
vt 0.3455 0.5
vt 0 0.8548
vt 0.0727 0.6613
vt 0.1455 0.7258
vt 0.1636 0.3871
vt 0.7273 0.8468
vt 0.6727 0.9032
vt 0.2909 0.9194
vt 0.5818 0.6613
vt 0.5091 0.6452
vt 0.5636 0.8226
vt 0.8 0.1129
vt 0.6727 0.4516
vt 0.2909 0.871
vt 0.7273 0.9032
vt 0.6727 0.5
vt 0.6727 0.5968
vt 0.3091 0.7742
vt 0.1455 0.9032
vt 0.0182 0.5
vt 0.0182 0.5484
vt 0.6727 0.6452
vt 0.7455 0.7742
vt 0.0182 0.5968
s 1
f 6291/6896 6283/6897 6275/6898
f 6271/6899 6269/6900 6265/6901
f 6267/6902 6265/6901 6269/6900
f 6273/6903 6342/6904 6383/6905
f 6265/6906 6338/6907 6341/6908
f 6491/6909 6363/6910 6513/6911
f 6274/6912 6266/6913 6270/6914
f 6271/6899 6341/6908 6342/6904
f 6448/6915 6229/6916 6425/6917
f 6324/6918 6241/6919 6243/6920
f 6345/6921 6344/6922 6297/6923
f 6241/6919 6326/6924 6235/6925
f 6451/6926 6230/6927 6419/6928
f 6242/6929 6328/6930 6244/6931
f 6251/6932 6458/6933 6438/6934
f 6254/6935 6479/6936 6439/6937
f 6518/6938 6433/6939 6662/6940
f 6478/6941 6674/6942 6363/6910
f 6366/6943 6427/6944 6608/6945
f 6287/6946 6604/6947 6527/6948
f 6263/6949 6340/6950 6382/6951
f 6528/6952 6476/6953 6661/6954
f 6502/6955 6598/6956 6396/6957
f 6257/6958 6262/6959 6259/6960
f 6381/6961 6257/6958 6337/6962
f 6258/6963 6260/6964 6264/6965
f 6660/6966 6252/6967 6441/6968
f 6256/6969 6263/6949 6266/6970
f 6255/6971 6265/6906 6261/6972
f 6260/6964 6339/6973 6380/6974
f 6435/6975 6421/6976 6659/6977
f 6409/6978 6256/6969 6338/6907
f 6464/6979 6472/6980 6658/6981
f 6467/6982 6344/6922 6584/6983
f 6516/6984 6430/6985 6657/6986
f 6469/6975 6487/6976 6656/6977
f 6304/6987 6306/6988 6295/6989
f 6296/6990 6303/6991 6358/6992
f 6442/6975 6494/6976 6655/6977
f 6654/6993 6247/6994 6452/6995
f 6567/6996 6244/6931 6431/6997
f 6503/6998 6351/6999 6565/7000
f 6291/6896 6275/6898 6293/7001
f 6466/7002 6277/7003 6505/7004
f 6508/7005 6355/7006 6507/7007
f 6401/7008 6304/6987 6385/7009
f 6509/7010 6282/7011 6456/7012
f 6292/7013 6294/7014 6276/7015
f 6462/6975 6423/6976 6653/6977
f 6515/7016 6416/7017 6652/7018
f 6270/6914 6263/7019 6268/7020
f 6292/7013 6284/7021 6300/7022
f 6551/7023 6362/7024 6475/7025
f 6300/7026 6471/7027 6500/7028
f 6306/6988 6301/7029 6295/7030
f 6305/7031 6296/7032 6302/7033
f 6279/7034 6475/7025 6533/7035
f 6280/7036 6305/7031 6302/7033
f 6452/7037 6549/7038 6336/7039
f 6671/7040 6366/6943 6547/7041
f 6550/7042 6493/7043 6379/7044
f 6443/7045 6546/7046 6651/7047
f 6667/7048 6366/6943 6240/7049
f 6347/7050 6553/7051 6552/7052
f 6541/7053 6247/6994 6489/7054
f 6483/7055 6396/6957 6534/7056
f 6543/7057 6460/7058 6650/7059
f 6418/7060 6330/7061 6454/7062
f 6248/7063 6448/6915 6519/7064
f 6506/7065 6391/7066 6354/7067
f 6252/6967 6432/7068 6441/6968
f 6418/7060 6444/7069 6649/7070
f 6459/7071 6386/7072 6538/7073
f 6428/7074 6373/7075 6522/7076
f 6246/7077 6451/6926 6484/7078
f 6438/6934 6523/7079 6251/6932
f 6439/6937 6443/7045 6254/6935
f 6490/7080 6329/7081 6457/7082
f 6242/6929 6376/7083 6249/7084
f 6516/7085 6367/7086 6540/7087
f 6537/7088 6538/7073 6386/7072
f 6241/6919 6378/7089 6243/6920
f 6531/7090 6359/7091 6470/7092
f 6242/6929 6335/7093 6238/7094
f 6497/7095 6397/7096 6350/7097
f 6245/7098 6526/7099 6433/6939
f 6367/7086 6539/7100 6540/7087
f 6370/7101 6434/7102 6485/7103
f 6322/7104 6493/7043 6450/7105
f 6539/7100 6377/7106 6492/7107
f 6369/7108 6437/7109 6518/6938
f 6547/7041 6667/7048 6548/7110
f 6669/7111 6325/7112 6432/7068
f 6482/7113 6239/7114 6525/7115
f 6394/7116 6510/7117 6532/7118
f 6446/7119 6326/6924 6542/7120
f 6544/7121 6545/7122 6648/7123
f 6541/7053 6542/7120 6326/6924
f 6295/6989 6385/7009 6304/6987
f 6397/7096 6283/6897 6349/7124
f 6468/7125 6496/7126 6298/7127
f 6357/7128 6345/6921 6297/6923
f 6284/7021 6276/7015 6294/7129
f 6536/7130 6528/6952 6388/7131
f 6332/7132 6436/7133 6455/7134
f 6284/7021 6357/7128 6298/7135
f 6286/7136 6358/6992 6303/6991
f 6293/7137 6390/7138 6277/7003
f 6293/7137 6275/6898 6283/6897
f 6474/7139 6351/6999 6503/6998
f 6466/7002 6530/7140 6293/7141
f 6508/7005 6535/7142 6356/7143
f 6296/6990 6305/7031 6303/6991
f 6358/6992 6392/7144 6285/7145
f 6535/7142 6392/7146 6536/7130
f 6499/7147 6282/7011 6509/7010
f 6348/7148 6461/7149 6552/7052
f 6336/7039 6526/7099 6447/7150
f 6549/7038 6324/6918 6550/7042
f 6395/7151 6512/7152 6501/7153
f 6397/7096 6287/6946 6350/7097
f 6553/7051 6512/7152 6362/7024
f 6554/7154 6445/7155 6647/7156
f 6555/7157 6556/7158 6646/7159
f 6517/7160 6244/6931 6502/6955
f 6529/7161 6390/7138 6397/7096
f 6524/7162 6237/7163 6478/6941
f 6537/7088 6290/7164 6463/7165
f 6301/7029 6304/6987 6279/7166
f 6481/7167 6557/7168 6645/7169
f 6558/7170 6479/6936 6644/7171
f 6559/7172 6560/7173 6643/7174
f 6417/7175 6561/7176 6642/7177
f 6359/7091 6453/7178 6470/7092
f 6385/7009 6281/7179 6511/7180
f 6401/7008 6361/7181 6472/7182
f 6289/7183 6401/7008 6386/7184
f 6562/7185 6297/6923 6467/6982
f 6562/7185 6563/7186 6357/7187
f 6468/7125 6357/7187 6563/7186
f 6506/7065 6353/7188 6465/7189
f 6564/7190 6352/7191 6504/7192
f 6351/6999 6564/7190 6565/7000
f 6463/7165 6290/7164 6464/7193
f 6402/7194 6449/7195 6566/7196
f 6320/7197 6566/7196 6477/7198
f 6430/6985 6335/7093 6567/6996
f 6641/7199 6336/7200 6447/7201
f 6640/7202 6403/7203 6570/7204
f 6639/7205 6373/7075 6571/7206
f 6572/7170 6419/6936 6638/7171
f 6573/7172 6574/7173 6637/7174
f 6424/7175 6575/7176 6636/7177
f 6285/7145 6384/7207 6358/6992
f 6576/7170 6425/6936 6635/7171
f 6577/7172 6578/7173 6634/7174
f 6420/7175 6579/7176 6633/7177
f 6580/7208 6477/7198 6632/7209
f 6581/7210 6582/7211 6631/7212
f 6482/7213 6583/7214 6630/7215
f 6584/6983 6278/7216 6453/7178
f 6585/7217 6343/7218 6456/7012
f 6507/7007 6407/7219 6585/7217
f 6586/7220 6511/7221 6629/7222
f 6587/7223 6588/7224 6628/7225
f 6504/7226 6589/7227 6627/7228
f 6409/6978 6255/6971 6337/6962
f 6339/6973 6337/6962 6257/6958
f 6339/6973 6340/6950 6409/6978
f 6590/7170 6458/6936 6626/7171
f 6591/7172 6592/7173 6625/7174
f 6422/7175 6593/7176 6624/7177
f 6380/6974 6257/6958 6259/6960
f 6623/7229 6332/7132 6455/7134
f 6622/7230 6411/7231 6596/7232
f 6621/7233 6374/7234 6597/7235
f 6381/6961 6255/6971 6261/6972
f 6598/6956 6328/6930 6599/7236
f 6599/7236 6460/7237 6334/7238
f 6534/7056 6334/7238 6444/7239
f 6600/7240 6461/7241 6620/7242
f 6601/7243 6602/7244 6619/7245
f 6496/7126 6603/7246 6618/7247
f 6382/6951 6258/6963 6264/6965
f 6387/7248 6604/6947 6606/7249
f 6605/7250 6283/6897 6510/7117
f 6495/7251 6387/7248 6606/7249
f 6607/7252 6318/7253 6473/7254
f 6429/7255 6413/7256 6607/7252
f 6240/7049 6608/6945 6440/7257
f 6668/7258 6610/7259 6609/7260
f 6610/7259 6666/7261 6372/7262
f 6363/6910 6372/7262 6670/7263
f 6611/7264 6450/7105 6617/7265
f 6612/7266 6613/7267 6616/7268
f 6484/7078 6614/7269 6615/7270
f 6330/7061 6423/6976 6454/7062
f 6329/7081 6421/7271 6457/7082
f 6437/7109 6310/7272 6494/7273
f 6345/6921 6294/7129 6344/6922
f 6434/7102 6316/7274 6487/7275
f 6342/6904 6266/6970 6272/7276
f 6341/6908 6256/6969 6266/6970
f 6383/6905 6272/7276 6274/6912
f 6253/7277 6487/7275 6227/7278
f 6245/7098 6494/7273 6229/7279
f 6228/7280 6457/7082 6421/7271
f 6230/7281 6454/7062 6423/6976
f 6615/7270 6414/7282 6612/7266
f 6483/7055 6612/7266 6368/7283
f 6246/7077 6615/7270 6483/7055
f 6616/7268 6321/7284 6431/6997
f 6517/7160 6431/6997 6244/6931
f 6368/7283 6616/7268 6517/7160
f 6617/7265 6243/6920 6449/7195
f 6613/7267 6449/7195 6321/7284
f 6414/7282 6617/7265 6613/7267
f 6513/6911 6488/7285 6664/7286
f 6672/7287 6521/7288 6610/7259
f 6609/7260 6610/7259 6372/7262
f 6440/7257 6413/7256 6331/7289
f 6237/7163 6607/7252 6317/7290
f 6317/7290 6473/7254 6236/7291
f 6495/7251 6606/7249 6471/7027
f 6471/7027 6606/7249 6360/7292
f 6298/7135 6471/7027 6284/7021
f 6360/7292 6605/7250 6510/7117
f 6606/7249 6605/7250 6360/7292
f 6606/7249 6604/6947 6605/7250
f 6604/6947 6349/7124 6605/7250
f 6618/7247 6412/7293 6601/7243
f 6495/7294 6601/7243 6387/7295
f 6298/7127 6618/7247 6495/7294
f 6619/7245 6346/7296 6474/7139
f 6527/7297 6474/7139 6287/7298
f 6387/7295 6619/7245 6527/7297
f 6620/7242 6289/7299 6459/7071
f 6602/7244 6459/7071 6346/7296
f 6412/7293 6620/7242 6602/7244
f 6230/7300 6444/7239 6250/7301
f 6249/7302 6599/7236 6328/6930
f 6396/6957 6599/7236 6334/7238
f 6595/7303 6597/7235 6411/7231
f 6375/7304 6621/7233 6595/7303
f 6251/6932 6621/7233 6491/6909
f 6429/7255 6596/7232 6331/7289
f 6524/7162 6429/7255 6237/7163
f 6524/7162 6595/7303 6622/7230
f 6440/7257 6455/7134 6240/7049
f 6331/7289 6623/7229 6440/7257
f 6596/7232 6594/7305 6623/7229
f 6624/7177 6410/7306 6591/7172
f 6416/7167 6591/7172 6308/7307
f 6232/7179 6624/7177 6416/7167
f 6420/7308 6592/7173 6311/7309
f 6231/7310 6625/7174 6420/7308
f 6308/7307 6625/7174 6445/7016
f 6469/7311 6458/6936 6227/7312
f 6311/7309 6626/7171 6469/7311
f 6410/7306 6626/7171 6592/7173
f 6627/7228 6408/7313 6587/7223
f 6497/7095 6587/7223 6389/7314
f 6288/7315 6627/7228 6497/7095
f 6628/7225 6353/7188 6505/7004
f 6529/7161 6505/7004 6277/7003
f 6389/7314 6628/7225 6529/7161
f 6629/7222 6281/7316 6465/7189
f 6588/7224 6465/7189 6353/7188
f 6408/7313 6629/7222 6588/7224
f 6285/7145 6585/7217 6384/7207
f 6384/7207 6456/7012 6282/7011
f 6407/7219 6453/7178 6343/7218
f 6630/7215 6406/7317 6581/7210
f 6427/7318 6581/7210 6318/7319
f 6239/7320 6630/7215 6427/7318
f 6631/7212 6319/7321 6428/7322
f 6473/7323 6428/7322 6236/7324
f 6318/7319 6631/7212 6473/7323
f 6632/7209 6235/6925 6446/7325
f 6582/7211 6446/7325 6319/7321
f 6406/7317 6632/7209 6582/7211
f 6633/7177 6405/7306 6577/7172
f 6426/7167 6577/7172 6307/7307
f 6231/7179 6633/7177 6426/7167
f 6634/7174 6315/7309 6424/7308
f 6415/7016 6424/7308 6233/7310
f 6307/7307 6634/7174 6415/7016
f 6635/7171 6229/7312 6442/7311
f 6578/7173 6442/7311 6315/7309
f 6405/7306 6635/7171 6578/7173
f 6573/7172 6575/7176 6404/7306
f 6364/7307 6636/7177 6573/7172
f 6233/7179 6636/7177 6514/7167
f 6417/7308 6574/7173 6309/7309
f 6234/7310 6637/7174 6417/7308
f 6364/7307 6637/7174 6480/7016
f 6462/7311 6419/6936 6230/7312
f 6309/7309 6638/7171 6462/7311
f 6404/7306 6638/7171 6574/7173
f 6569/7326 6571/7206 6403/7203
f 6666/7261 6639/7205 6569/7326
f 6672/7287 6522/7076 6639/7205
f 6485/7103 6570/7204 6370/7101
f 6664/7286 6640/7202 6485/7103
f 6670/7263 6569/7326 6640/7202
f 6519/7064 6447/7201 6248/7063
f 6370/7101 6641/7199 6519/7064
f 6570/7204 6568/7327 6641/7199
f 6320/7197 6567/6996 6402/7194
f 6477/7198 6378/7089 6235/6925
f 6566/7196 6243/6920 6378/7089
f 6463/7165 6352/7191 6351/6999
f 6350/7328 6565/7000 6564/7190
f 6564/7190 6288/7329 6350/7328
f 6281/7316 6506/7065 6465/7189
f 6356/7143 6468/7125 6563/7186
f 6356/7143 6562/7185 6355/7006
f 6355/7006 6562/7185 6467/6982
f 6470/7092 6278/7216 6294/7330
f 6642/7177 6400/7306 6559/7172
f 6481/7167 6559/7172 6365/7307
f 6234/7179 6642/7177 6481/7167
f 6643/7174 6313/7309 6422/7308
f 6515/7016 6422/7308 6232/7310
f 6365/7307 6643/7174 6515/7016
f 6644/7171 6228/7312 6435/7311
f 6560/7173 6435/7311 6313/7309
f 6400/7306 6644/7171 6560/7173
f 6645/7169 6399/7331 6555/7157
f 6480/7332 6555/7157 6364/7333
f 6234/7179 6645/7169 6480/7332
f 6351/6999 6537/7088 6463/7165
f 6375/7304 6478/6941 6363/6910
f 6368/7283 6502/6955 6396/6957
f 6646/7159 6307/7334 6415/7335
f 6514/7336 6415/7335 6233/7337
f 6364/7333 6646/7159 6514/7336
f 6647/7156 6231/7338 6426/7339
f 6556/7158 6426/7339 6307/7334
f 6399/7331 6647/7156 6556/7158
f 6476/7340 6512/7152 6553/7051
f 6476/7340 6553/7051 6347/7050
f 6286/7136 6512/7152 6476/7340
f 6501/7153 6303/6991 6280/7341
f 6549/7038 6379/7044 6336/7039
f 6447/7150 6229/7342 6248/7343
f 6347/7050 6552/7052 6461/7149
f 6393/7344 6509/7010 6359/7091
f 6535/7142 6388/7131 6356/7143
f 6285/7145 6535/7142 6508/7005
f 6354/7067 6530/7140 6466/7002
f 6287/7298 6474/7139 6503/6998
f 6240/7049 6455/7134 6436/7133
f 6392/7146 6528/6952 6536/7130
f 6356/7143 6496/7126 6468/7125
f 6319/7345 6541/7053 6373/7075
f 6648/7123 6377/7106 6525/7115
f 6671/7346 6648/7123 6525/7115
f 6665/7347 6544/7121 6648/7123
f 6319/7345 6446/7119 6542/7120
f 6532/7118 6283/6897 6299/7348
f 6482/7113 6377/7106 6367/7086
f 6663/7349 6432/7068 6228/7350
f 6673/7351 6371/7352 6548/7110
f 6245/7098 6518/6938 6437/7109
f 6539/7100 6249/7084 6376/7083
f 6243/6920 6450/7105 6493/7043
f 6253/7277 6485/7103 6434/7102
f 6376/7083 6540/7087 6539/7100
f 6433/6939 6379/7044 6322/7104
f 6294/7330 6531/7090 6470/7092
f 6346/7296 6537/7088 6351/6999
f 6516/7085 6376/7083 6238/7094
f 6252/6967 6457/7082 6228/7280
f 6333/7353 6439/6937 6330/7061
f 6374/7234 6438/6934 6329/7081
f 6484/7078 6327/7354 6369/7108
f 6236/7291 6428/7074 6522/7076
f 6346/7296 6459/7071 6538/7073
f 6649/7070 6334/7355 6543/7057
f 6546/7046 6543/7057 6398/7356
f 6333/7353 6649/7070 6546/7046
f 6441/6968 6325/7112 6332/7132
f 6281/7316 6498/7357 6506/7065
f 6519/7064 6323/7358 6370/7101
f 6250/7359 6454/7062 6230/7281
f 6650/7059 6249/7084 6492/7107
f 6545/7122 6492/7107 6377/7106
f 6398/7356 6650/7059 6545/7122
f 6246/7077 6534/7056 6230/7300
f 6373/7075 6541/7053 6489/7054
f 6552/7052 6551/7023 6348/7148
f 6552/7052 6553/7051 6551/7023
f 6553/7051 6362/7024 6551/7023
f 6673/7351 6436/7133 6325/7112
f 6651/7047 6398/7356 6544/7121
f 6669/7360 6651/7047 6544/7121
f 6663/7361 6443/7045 6651/7047
f 6243/6920 6550/7042 6324/6918
f 6665/7362 6547/7041 6371/7352
f 6247/7363 6549/7038 6452/7037
f 6533/7035 6362/7024 6395/7151
f 6500/7028 6360/7292 6394/7116
f 6551/7023 6304/6987 6348/7148
f 6652/7018 6308/7364 6554/7154
f 6557/7168 6554/7154 6399/7331
f 6365/7307 6652/7018 6557/7168
f 6653/6977 6314/7365 6558/7170
f 6561/7176 6558/7170 6400/7306
f 6309/7366 6653/6977 6561/7176
f 6509/7010 6343/7218 6359/7091
f 6285/7145 6508/7005 6507/7007
f 6354/7067 6505/7004 6353/7188
f 6503/6998 6350/7328 6287/7298
f 6402/7194 6431/6997 6321/7284
f 6568/7327 6452/6995 6336/7200
f 6403/7203 6654/6993 6568/7327
f 6571/7206 6489/7054 6654/6993
f 6572/7170 6494/6976 6310/7365
f 6404/7306 6655/6977 6572/7170
f 6315/7366 6655/6977 6575/7176
f 6656/6977 6316/7365 6576/7170
f 6579/7176 6576/7170 6405/7306
f 6311/7366 6656/6977 6579/7176
f 6657/6986 6320/7197 6580/7208
f 6583/7214 6580/7208 6406/7317
f 6367/7367 6657/6986 6583/7214
f 6355/7006 6584/6983 6407/7219
f 6658/6981 6361/7368 6586/7220
f 6589/7227 6586/7220 6408/7313
f 6352/7369 6658/6981 6589/7227
f 6659/6977 6312/7365 6590/7170
f 6593/7176 6590/7170 6410/7306
f 6313/7366 6659/6977 6593/7176
f 6594/7305 6441/6968 6332/7132
f 6411/7231 6660/6966 6594/7305
f 6597/7235 6490/7080 6660/6966
f 6328/6930 6502/6955 6244/6931
f 6661/6954 6347/7370 6600/7240
f 6603/7246 6600/7240 6412/7293
f 6388/7131 6661/6954 6603/7246
f 6387/7248 6527/6948 6604/6947
f 6608/6945 6318/7253 6413/7256
f 6609/7260 6237/7163 6668/7258
f 6662/6940 6322/7104 6611/7264
f 6614/7269 6611/7264 6414/7282
f 6369/7108 6662/6940 6614/7269
f 6439/6937 6314/7365 6330/7061
f 6438/6934 6312/7371 6329/7081
f 6327/7354 6419/6928 6310/7272
f 6323/7358 6425/6917 6316/7274
f 6251/6932 6513/6911 6227/7372
f 6291/6896 6299/7373 6283/6897
f 6271/6899 6273/6903 6269/6900
f 6267/6902 6261/7374 6265/6901
f 6273/6903 6271/6899 6342/6904
f 6265/6906 6255/6971 6338/6907
f 6491/6909 6375/7304 6363/6910
f 6274/6912 6272/7276 6266/6913
f 6271/6899 6265/6906 6341/6908
f 6324/6918 6247/7363 6241/6919
f 6241/6919 6247/6994 6326/6924
f 6242/6929 6249/7302 6328/6930
f 6251/6932 6227/7278 6458/6933
f 6254/6935 6228/7312 6479/6936
f 6518/6938 6245/7098 6433/6939
f 6478/6941 6609/7260 6674/6942
f 6366/6943 6239/7375 6427/6944
f 6287/6946 6349/7124 6604/6947
f 6263/6949 6256/6969 6340/6950
f 6528/6952 6286/7376 6476/6953
f 6381/6961 6262/6959 6257/6958
f 6660/6966 6490/7080 6252/6967
f 6260/6964 6258/6963 6339/6973
f 6435/6975 6228/7281 6421/6976
f 6409/6978 6340/6950 6256/6969
f 6464/6979 6290/7377 6472/6980
f 6467/6982 6297/6923 6344/6922
f 6516/6984 6238/7094 6430/6985
f 6469/6975 6227/7281 6487/6976
f 6358/6992 6384/7207 6296/6990
f 6384/7207 6282/7011 6296/6990
f 6442/6975 6229/7281 6494/6976
f 6654/6993 6489/7054 6247/6994
f 6567/6996 6335/7093 6244/6931
f 6466/7002 6293/7141 6277/7003
f 6508/7005 6356/7143 6355/7006
f 6401/7008 6348/7148 6304/6987
f 6462/6975 6230/7281 6423/6976
f 6515/7016 6232/7310 6416/7017
f 6270/6914 6266/6913 6263/7019
f 6292/7013 6276/7015 6284/7021
f 6300/7026 6284/7021 6471/7027
f 6279/7034 6304/6987 6475/7025
f 6280/7036 6303/6991 6305/7031
f 6547/7041 6520/7378 6671/7040
f 6671/7040 6239/7375 6366/6943
f 6443/7045 6333/7353 6546/7046
f 6436/7133 6548/7110 6240/7049
f 6548/7110 6667/7048 6240/7049
f 6541/7053 6326/6924 6247/6994
f 6483/7055 6368/7283 6396/6957
f 6543/7057 6334/7355 6460/7058
f 6418/7060 6333/7353 6330/7061
f 6248/7063 6229/6916 6448/6915
f 6506/7065 6498/7357 6391/7066
f 6252/6967 6228/7350 6432/7068
f 6418/7060 6250/7359 6444/7069
f 6459/7071 6289/7299 6386/7072
f 6428/7074 6319/7345 6373/7075
f 6246/7077 6230/6927 6451/6926
f 6490/7080 6374/7234 6329/7081
f 6242/6929 6238/7094 6376/7083
f 6241/6919 6235/6925 6378/7089
f 6531/7090 6393/7344 6359/7091
f 6242/6929 6244/6931 6335/7093
f 6350/7097 6288/7315 6497/7095
f 6497/7095 6389/7314 6397/7096
f 6245/7098 6229/7342 6526/7099
f 6367/7086 6377/7106 6539/7100
f 6370/7101 6323/7358 6434/7102
f 6322/7104 6379/7044 6493/7043
f 6369/7108 6327/7354 6437/7109
f 6547/7041 6366/6943 6667/7048
f 6432/7068 6486/7379 6669/7111
f 6669/7111 6371/7352 6325/7112
f 6394/7116 6360/7292 6510/7117
f 6446/7119 6235/6925 6326/6924
f 6544/7121 6398/7356 6545/7122
f 6295/6989 6281/7179 6385/7009
f 6397/7096 6390/7138 6283/6897
f 6332/7132 6325/7112 6436/7133
f 6284/7021 6345/6921 6357/7128
f 6286/7136 6392/7144 6358/6992
f 6293/7137 6283/6897 6390/7138
f 6474/7139 6346/7296 6351/6999
f 6499/7147 6296/7380 6282/7011
f 6348/7148 6289/7183 6461/7149
f 6336/7039 6379/7044 6526/7099
f 6395/7151 6362/7024 6512/7152
f 6397/7096 6349/7124 6287/6946
f 6554/7154 6308/7364 6445/7155
f 6555/7157 6399/7331 6556/7158
f 6397/7096 6389/7314 6529/7161
f 6529/7161 6277/7003 6390/7138
f 6537/7088 6386/7072 6290/7164
f 6301/7029 6306/6988 6304/6987
f 6481/7167 6365/7307 6557/7168
f 6558/7170 6314/7365 6479/6936
f 6559/7172 6400/7306 6560/7173
f 6417/7175 6309/7366 6561/7176
f 6359/7091 6343/7218 6453/7178
f 6511/7180 6361/7181 6401/7008
f 6401/7008 6385/7009 6511/7180
f 6472/7182 6290/7381 6386/7184
f 6386/7184 6401/7008 6472/7182
f 6289/7183 6348/7148 6401/7008
f 6562/7185 6357/7187 6297/6923
f 6468/7125 6298/7127 6357/7187
f 6506/7065 6354/7067 6353/7188
f 6351/6999 6352/7191 6564/7190
f 6402/7194 6321/7284 6449/7195
f 6320/7197 6402/7194 6566/7196
f 6430/6985 6238/7094 6335/7093
f 6641/7199 6568/7327 6336/7200
f 6640/7202 6569/7326 6403/7203
f 6639/7205 6522/7076 6373/7075
f 6572/7170 6310/7365 6419/6936
f 6573/7172 6404/7306 6574/7173
f 6424/7175 6315/7366 6575/7176
f 6576/7170 6316/7365 6425/6936
f 6577/7172 6405/7306 6578/7173
f 6420/7175 6311/7366 6579/7176
f 6580/7208 6320/7197 6477/7198
f 6581/7210 6406/7317 6582/7211
f 6482/7213 6367/7367 6583/7214
f 6584/6983 6344/6922 6278/7216
f 6585/7217 6407/7219 6343/7218
f 6507/7007 6355/7006 6407/7219
f 6586/7220 6361/7368 6511/7221
f 6587/7223 6408/7313 6588/7224
f 6504/7226 6352/7369 6589/7227
f 6409/6978 6338/6907 6255/6971
f 6339/6973 6409/6978 6337/6962
f 6339/6973 6258/6963 6340/6950
f 6590/7170 6312/7365 6458/6936
f 6591/7172 6410/7306 6592/7173
f 6422/7175 6313/7366 6593/7176
f 6380/6974 6339/6973 6257/6958
f 6623/7229 6594/7305 6332/7132
f 6622/7230 6595/7303 6411/7231
f 6621/7233 6523/7079 6374/7234
f 6381/6961 6337/6962 6255/6971
f 6534/7056 6396/6957 6334/7238
f 6600/7240 6347/7370 6461/7241
f 6601/7243 6412/7293 6602/7244
f 6496/7126 6388/7131 6603/7246
f 6382/6951 6340/6950 6258/6963
f 6605/7250 6349/7124 6283/6897
f 6607/7252 6413/7256 6318/7253
f 6429/7255 6331/7289 6413/7256
f 6240/7049 6366/6943 6608/6945
f 6668/7258 6317/7290 6610/7259
f 6610/7259 6521/7288 6666/7261
f 6488/7285 6513/6911 6670/7263
f 6513/6911 6363/6910 6670/7263
f 6611/7264 6322/7104 6450/7105
f 6612/7266 6414/7282 6613/7267
f 6484/7078 6369/7108 6614/7269
f 6330/7061 6314/7365 6423/6976
f 6329/7081 6312/7371 6421/7271
f 6437/7109 6327/7354 6310/7272
f 6284/7021 6294/7129 6345/6921
f 6294/7129 6278/7216 6344/6922
f 6434/7102 6323/7358 6316/7274
f 6342/6904 6341/6908 6266/6970
f 6341/6908 6338/6907 6256/6969
f 6383/6905 6342/6904 6272/7276
f 6253/7277 6434/7102 6487/7275
f 6245/7098 6437/7109 6494/7273
f 6615/7270 6614/7269 6414/7282
f 6483/7055 6615/7270 6612/7266
f 6246/7077 6484/7078 6615/7270
f 6616/7268 6613/7267 6321/7284
f 6517/7160 6616/7268 6431/6997
f 6368/7283 6612/7266 6616/7268
f 6617/7265 6450/7105 6243/6920
f 6613/7267 6617/7265 6449/7195
f 6414/7282 6611/7264 6617/7265
f 6253/7277 6227/7372 6664/7286
f 6227/7372 6513/6911 6664/7286
f 6610/7259 6317/7290 6672/7287
f 6317/7290 6236/7291 6672/7287
f 6372/7262 6363/6910 6674/6942
f 6674/6942 6609/7260 6372/7262
f 6440/7257 6608/6945 6413/7256
f 6237/7163 6429/7255 6607/7252
f 6317/7290 6607/7252 6473/7254
f 6298/7135 6495/7251 6471/7027
f 6618/7247 6603/7246 6412/7293
f 6495/7294 6618/7247 6601/7243
f 6298/7127 6496/7126 6618/7247
f 6619/7245 6602/7244 6346/7296
f 6527/7297 6619/7245 6474/7139
f 6387/7295 6601/7243 6619/7245
f 6620/7242 6461/7241 6289/7299
f 6602/7244 6620/7242 6459/7071
f 6412/7293 6600/7240 6620/7242
f 6230/7300 6534/7056 6444/7239
f 6249/7302 6460/7237 6599/7236
f 6396/6957 6598/6956 6599/7236
f 6595/7303 6621/7233 6597/7235
f 6375/7304 6491/6909 6621/7233
f 6251/6932 6523/7079 6621/7233
f 6429/7255 6622/7230 6596/7232
f 6524/7162 6622/7230 6429/7255
f 6524/7162 6375/7304 6595/7303
f 6440/7257 6623/7229 6455/7134
f 6331/7289 6596/7232 6623/7229
f 6596/7232 6411/7231 6594/7305
f 6624/7177 6593/7176 6410/7306
f 6416/7167 6624/7177 6591/7172
f 6232/7179 6422/7175 6624/7177
f 6420/7308 6625/7174 6592/7173
f 6231/7310 6445/7016 6625/7174
f 6308/7307 6591/7172 6625/7174
f 6469/7311 6626/7171 6458/6936
f 6311/7309 6592/7173 6626/7171
f 6410/7306 6590/7170 6626/7171
f 6627/7228 6589/7227 6408/7313
f 6497/7095 6627/7228 6587/7223
f 6288/7315 6504/7226 6627/7228
f 6628/7225 6588/7224 6353/7188
f 6529/7161 6628/7225 6505/7004
f 6389/7314 6587/7223 6628/7225
f 6629/7222 6511/7221 6281/7316
f 6588/7224 6629/7222 6465/7189
f 6408/7313 6586/7220 6629/7222
f 6285/7145 6507/7007 6585/7217
f 6384/7207 6585/7217 6456/7012
f 6407/7219 6584/6983 6453/7178
f 6630/7215 6583/7214 6406/7317
f 6427/7318 6630/7215 6581/7210
f 6239/7320 6482/7213 6630/7215
f 6631/7212 6582/7211 6319/7321
f 6473/7323 6631/7212 6428/7322
f 6318/7319 6581/7210 6631/7212
f 6632/7209 6477/7198 6235/6925
f 6582/7211 6632/7209 6446/7325
f 6406/7317 6580/7208 6632/7209
f 6633/7177 6579/7176 6405/7306
f 6426/7167 6633/7177 6577/7172
f 6231/7179 6420/7175 6633/7177
f 6634/7174 6578/7173 6315/7309
f 6415/7016 6634/7174 6424/7308
f 6307/7307 6577/7172 6634/7174
f 6635/7171 6425/6936 6229/7312
f 6578/7173 6635/7171 6442/7311
f 6405/7306 6576/7170 6635/7171
f 6573/7172 6636/7177 6575/7176
f 6364/7307 6514/7167 6636/7177
f 6233/7179 6424/7175 6636/7177
f 6417/7308 6637/7174 6574/7173
f 6234/7310 6480/7016 6637/7174
f 6364/7307 6573/7172 6637/7174
f 6462/7311 6638/7171 6419/6936
f 6309/7309 6574/7173 6638/7171
f 6404/7306 6572/7170 6638/7171
f 6569/7326 6639/7205 6571/7206
f 6569/7326 6372/7262 6666/7261
f 6666/7261 6521/7288 6639/7205
f 6639/7205 6521/7288 6672/7287
f 6672/7287 6236/7291 6522/7076
f 6485/7103 6640/7202 6570/7204
f 6485/7103 6253/7277 6664/7286
f 6664/7286 6488/7285 6640/7202
f 6640/7202 6488/7285 6670/7263
f 6670/7263 6372/7262 6569/7326
f 6519/7064 6641/7199 6447/7201
f 6370/7101 6570/7204 6641/7199
f 6570/7204 6403/7203 6568/7327
f 6320/7197 6430/6985 6567/6996
f 6477/7198 6566/7196 6378/7089
f 6566/7196 6449/7195 6243/6920
f 6463/7165 6464/7193 6352/7191
f 6564/7190 6504/7192 6288/7329
f 6356/7143 6563/7186 6562/7185
f 6470/7092 6453/7178 6278/7216
f 6642/7177 6561/7176 6400/7306
f 6481/7167 6642/7177 6559/7172
f 6234/7179 6417/7175 6642/7177
f 6643/7174 6560/7173 6313/7309
f 6515/7016 6643/7174 6422/7308
f 6365/7307 6559/7172 6643/7174
f 6644/7171 6479/6936 6228/7312
f 6560/7173 6644/7171 6435/7311
f 6400/7306 6558/7170 6644/7171
f 6645/7169 6557/7168 6399/7331
f 6480/7332 6645/7169 6555/7157
f 6234/7179 6481/7167 6645/7169
f 6375/7304 6524/7162 6478/6941
f 6368/7283 6517/7160 6502/6955
f 6646/7159 6556/7158 6307/7334
f 6514/7336 6646/7159 6415/7335
f 6364/7333 6555/7157 6646/7159
f 6647/7156 6445/7155 6231/7338
f 6556/7158 6647/7156 6426/7339
f 6399/7331 6554/7154 6647/7156
f 6286/7136 6303/6991 6512/7152
f 6501/7153 6512/7152 6303/6991
f 6549/7038 6550/7042 6379/7044
f 6447/7150 6526/7099 6229/7342
f 6393/7344 6499/7147 6509/7010
f 6535/7142 6536/7130 6388/7131
f 6285/7145 6392/7146 6535/7142
f 6354/7067 6391/7066 6530/7140
f 6392/7146 6286/7376 6528/6952
f 6356/7143 6388/7131 6496/7126
f 6319/7345 6542/7120 6541/7053
f 6648/7123 6545/7122 6377/7106
f 6525/7115 6239/7114 6671/7346
f 6671/7346 6520/7382 6648/7123
f 6648/7123 6520/7382 6665/7347
f 6665/7347 6371/7383 6544/7121
f 6532/7118 6510/7117 6283/6897
f 6482/7113 6525/7115 6377/7106
f 6228/7350 6254/7384 6663/7349
f 6663/7349 6486/7379 6432/7068
f 6325/7112 6371/7352 6673/7351
f 6371/7352 6547/7041 6548/7110
f 6539/7100 6492/7107 6249/7084
f 6433/6939 6526/7099 6379/7044
f 6346/7296 6538/7073 6537/7088
f 6516/7085 6540/7087 6376/7083
f 6252/6967 6490/7080 6457/7082
f 6333/7353 6443/7045 6439/6937
f 6374/7234 6523/7079 6438/6934
f 6484/7078 6451/6926 6327/7354
f 6649/7070 6444/7069 6334/7355
f 6546/7046 6649/7070 6543/7057
f 6333/7353 6418/7060 6649/7070
f 6441/6968 6432/7068 6325/7112
f 6281/7316 6295/7385 6498/7357
f 6519/7064 6448/6915 6323/7358
f 6250/7359 6418/7060 6454/7062
f 6650/7059 6460/7058 6249/7084
f 6545/7122 6650/7059 6492/7107
f 6398/7356 6543/7057 6650/7059
f 6246/7077 6483/7055 6534/7056
f 6673/7351 6548/7110 6436/7133
f 6651/7047 6546/7046 6398/7356
f 6544/7121 6371/7383 6669/7360
f 6669/7360 6486/7386 6651/7047
f 6651/7047 6486/7386 6663/7361
f 6663/7361 6254/6935 6443/7045
f 6243/6920 6493/7043 6550/7042
f 6665/7362 6520/7378 6547/7041
f 6247/7363 6324/6918 6549/7038
f 6533/7035 6475/7025 6362/7024
f 6500/7028 6471/7027 6360/7292
f 6551/7023 6475/7025 6304/6987
f 6652/7018 6416/7017 6308/7364
f 6557/7168 6652/7018 6554/7154
f 6365/7307 6515/7016 6652/7018
f 6653/6977 6423/6976 6314/7365
f 6561/7176 6653/6977 6558/7170
f 6309/7366 6462/6975 6653/6977
f 6509/7010 6456/7012 6343/7218
f 6354/7067 6466/7002 6505/7004
f 6503/6998 6565/7000 6350/7328
f 6402/7194 6567/6996 6431/6997
f 6568/7327 6654/6993 6452/6995
f 6403/7203 6571/7206 6654/6993
f 6571/7206 6373/7075 6489/7054
f 6572/7170 6655/6977 6494/6976
f 6404/7306 6575/7176 6655/6977
f 6315/7366 6442/6975 6655/6977
f 6656/6977 6487/6976 6316/7365
f 6579/7176 6656/6977 6576/7170
f 6311/7366 6469/6975 6656/6977
f 6657/6986 6430/6985 6320/7197
f 6583/7214 6657/6986 6580/7208
f 6367/7367 6516/6984 6657/6986
f 6355/7006 6467/6982 6584/6983
f 6658/6981 6472/6980 6361/7368
f 6589/7227 6658/6981 6586/7220
f 6352/7369 6464/6979 6658/6981
f 6659/6977 6421/6976 6312/7365
f 6593/7176 6659/6977 6590/7170
f 6313/7366 6435/6975 6659/6977
f 6594/7305 6660/6966 6441/6968
f 6411/7231 6597/7235 6660/6966
f 6597/7235 6374/7234 6490/7080
f 6328/6930 6598/6956 6502/6955
f 6661/6954 6476/6953 6347/7370
f 6603/7246 6661/6954 6600/7240
f 6388/7131 6528/6952 6661/6954
f 6608/6945 6427/6944 6318/7253
f 6478/6941 6237/7163 6609/7260
f 6237/7163 6317/7290 6668/7258
f 6662/6940 6433/6939 6322/7104
f 6614/7269 6662/6940 6611/7264
f 6369/7108 6518/6938 6662/6940
f 6439/6937 6479/6936 6314/7365
f 6438/6934 6458/6933 6312/7371
f 6327/7354 6451/6926 6419/6928
f 6323/7358 6448/6915 6425/6917
f 6251/6932 6491/6909 6513/6911
