o Chest
v 4.25 12.24 2.25
v -4.25 12.24 2.25
v 4.25 12.24 -2.25
v -4.25 12.24 -2.25
v 4.25 7.56 2.25
v -4.25 7.56 2.25
v 4.25 6 -2.25
v -4.25 6 -2.25
v 4.25 10.16 -2.8125
v -4.25 10.16 -2.8125
v 4.25 10.16 2.8125
v -4.25 10.16 2.8125
v -4.7813 10.16 2.25
v -4.7813 10.16 -2.25
v 4.7812 10.16 2.25
v 4.7812 10.16 -2.25
v 4.25 11.72 -2.8125
v -4.25 11.72 -2.8125
v 4.25 11.72 2.8125
v -4.25 11.72 2.8125
v -4.7813 11.72 2.25
v -4.7813 11.72 -2.25
v 4.7812 11.72 2.25
v 4.7812 11.72 -2.25
v -2.125 13.28 -2.8125
v -4.25 6 -2.8125
v 2.125 13.28 -2.8125
v -2.125 13.28 2.8125
v 4.25 6 -2.8125
v 2.125 13.28 2.8125
v 4.25 6.52 2.8125
v -4.25 6.52 2.8125
v -4.7813 6.52 2.25
v -4.7813 6 -2.25
v 4.7812 6.52 2.25
v 4.7812 6 -2.25
v -4.25 4.96 -3.375
v 4.25 4.96 -3.375
v 4.25 -0.24 2.25
v -4.25 -0.24 2.25
v 4.25 -0.24 -2.25
v -4.25 -0.24 -2.25
v 4.25 7.56 2.8125
v -4.25 7.56 2.8125
v -4.7813 7.56 2.25
v -4.7813 4.96 -2.25
v 4.7812 7.56 2.25
v 4.7812 4.96 -2.25
v 2.125 7.04 3.375
v -2.125 7.04 3.375
v -0.5313 4.44 3.375
v 0.5312 4.44 3.375
v 2.125 7.04 2.25
v -2.125 7.04 2.25
v 3.1875 -0.24 3.375
v 3.1875 6 3.375
v 3.1875 -0.24 2.25
v 3.1875 6 2.25
v -3.1875 6 3.375
v -3.1875 -0.24 3.375
v -3.1875 6 2.25
v -3.1875 -0.24 2.25
v 0.5312 3.4 3.375
v -0.5313 3.4 3.375
v 0.5312 4.44 4.5
v -0.5313 4.44 4.5
v -0.5313 3.4 4.5
v 0.5312 3.4 4.5
v 1.1953 2.49 4.2188
v 1.4609 2.75 4.2188
v -1.1953 5.35 4.2188
v -1.4609 5.09 4.2188
v -1.1953 2.49 4.2188
v -1.4609 2.75 4.2188
v 1.1953 5.35 4.2188
v 1.4609 5.09 4.2188
v 2.125 4.96 4.5
v 1.0625 6 4.5
v -1.0625 6 4.5
v -2.125 4.96 4.5
v 1.0625 1.84 4.5
v 2.125 2.88 4.5
v -2.125 2.88 4.5
v -1.0625 1.84 4.5
v 1.0625 6 3.9375
v 2.125 4.96 3.9375
v -2.125 4.96 3.9375
v -1.0625 6 3.9375
v 2.125 2.88 3.9375
v 1.0625 1.84 3.9375
v -1.0625 1.84 3.9375
v -2.125 2.88 3.9375
v 1.5937 4.96 4.5
v 1.0625 5.48 4.5
v -1.0625 5.48 4.5
v -1.5938 4.96 4.5
v 1.0625 2.36 4.5
v 1.5937 2.88 4.5
v -1.5938 2.88 4.5
v -1.0625 2.36 4.5
v -1.0625 2.36 3.9375
v -1.5938 2.88 3.9375
v 1.5937 2.88 3.9375
v 1.0625 2.36 3.9375
v -1.5938 4.96 3.9375
v -1.0625 5.48 3.9375
v 1.0625 5.48 3.9375
v 1.5937 4.96 3.9375
v 4.25 12.24 -0
v -0 12.24 2.25
v -4.25 12.24 -0
v -4.25 9.9 2.25
v 4.25 9.12 -2.25
v 4.25 6.78 -0
v -0 12.24 -2.25
v -4.25 9.12 -2.25
v 4.25 9.9 2.25
v -4.5156 10.16 -0.2813
v -4.7813 10.16 -0
v -3.1875 12.5 -2.8125
v -2.125 13.28 -0
v 4.7812 10.94 -2.25
v -4.7813 10.94 2.25
v -4.7813 10.94 -2.25
v -0 13.28 -2.8125
v 3.1875 11.72 -2.8125
v 4.25 10.94 2.8125
v -4.25 10.94 -2.8125
v 4.7812 10.16 -0
v 4.7812 10.94 2.25
v -0 13.28 2.8125
v -3.1875 11.72 2.8125
v -4.7813 11.72 -0
v -4.5156 11.72 -0.2813
v 3.1875 12.5 -2.8125
v 4.25 11.72 -0
v 4.7812 11.72 -0
v 4.5156 11.72 0.2812
v 2.125 13.28 -0
v -0 6 -2.8125
v -0 -0.24 2.25
v 4.25 -0.24 0
v -0 6.52 2.8125
v 4.25 2.36 -2.8125
v -0 4.96 -3.375
v -4.5156 2.36 -2.25
v -4.25 2.36 -2.8125
v 4.5156 2.36 -2.25
v -0.5313 6.52 3.375
v -0 7.04 3.375
v 3.1875 2.88 3.375
v -0 -0.24 3.375
v -3.1875 2.88 3.375
v -0 1.84 3.9375
v -1.5938 3.92 3.9375
v -0 6 3.9375
v 1.5937 3.92 3.9375
v -0 2.36 4.5
v -2.125 3.92 4.5
v -0 6 4.5
v 1.5937 3.92 4.5
v 0.1328 3.79 4.2188
v -0.1328 3.79 4.2188
v -0 7.56 2.8125
v -4.25 6.78 -0
v 4.7812 6.78 -0
v -4.7813 5.74 -0
v -4.25 3.14 2.5312
v -4.25 -0.24 0
v 4.5156 3.14 2.25
v 4.25 3.14 2.5312
v -4.5156 3.14 2.25
v -0 6 -2.25
v -0 7.56 2.25
v -0 10.16 -2.8125
v 4.25 10.16 -0
v 4.5156 10.16 0.2812
v -0 10.16 2.8125
v -4.25 10.16 -0
v -4.25 11.72 -0
v -3.1875 12.5 2.8125
v 4.25 10.94 -2.8125
v -4.25 10.94 2.8125
v -3.1875 11.72 -2.8125
v 3.1875 11.72 2.8125
v 3.1875 12.5 2.8125
v -0 -0.24 -2.25
v -0 6 3.375
v 3.1875 2.88 2.25
v -0 -0.24 2.25
v -0 7.04 2.25
v -3.1875 2.88 2.25
v -0 2.36 3.9375
v -2.125 3.92 3.9375
v -0 5.48 3.9375
v 2.125 3.92 3.9375
v -0 1.84 4.5
v -1.5938 3.92 4.5
v -0 5.48 4.5
v 2.125 3.92 4.5
v -0.1328 4.05 4.2188
v 0.1328 4.05 4.2188
v -4.7813 6.78 -0
v 4.7812 5.74 -0
v -3.1875 12.5 -0
v -0 13.28 -0
v -0 10.16 -0
v -0 9.9 2.25
v 4.5156 2.75 -0
v -0 9.12 -2.25
v -0 2.88 3.375
v -0 -0.24 0
v -4.25 9.51 -0
v 3.1875 12.5 -0
v 4.7812 10.94 -0
v -4.7813 10.94 -0
v -0 12.24 -0
v -0 3.14 2.5312
v -0 11.72 -2.8125
v -0 11.72 2.8125
v -0 2.36 -2.8125
v -4.5156 2.75 -0
v 4.25 9.51 -0
v 4.25 12.24 -1.125
v 0.5312 3.14 4.2188
v -2.125 12.24 2.25
v 3.7187 10.94 -2.8125
v -4.25 12.24 -1.125
v -4.3828 10.16 -1.5469
v -4.25 8.73 2.25
v 4.25 7.56 -2.25
v 4.25 11.07 2.25
v 4.25 6.39 -1.125
v -2.125 12.24 -2.25
v 4.7812 11.72 1.125
v -4.25 7.56 -2.25
v -2.125 6 -2.8125
v 4.25 8.73 2.25
v -4.6484 10.16 0.9844
v -4.7813 10.16 -1.125
v -4.25 10.16 -1.4063
v -2.125 13.28 1.4062
v -2.125 13.28 -1.4063
v 4.3828 1.06 -2.25
v 2.125 12.24 2.25
v 1.0625 13.28 -2.8125
v 2.6562 12.5 -2.8125
v 4.7812 10.16 -1.125
v 4.6484 4.83 2.25
v 4.25 12.24 1.125
v 1.0625 13.28 2.8125
v -2.6563 12.5 2.8125
v -4.7813 11.72 -1.125
v -4.6484 11.72 0.9844
v 1.5937 -0.24 3.375
v 4.25 11.72 1.4062
v 4.7812 11.72 -1.125
v 4.6484 11.72 -0.9844
v 2.125 7.56 2.25
v 2.125 13.28 1.4062
v 4.25 11.72 -1.4063
v 2.125 6 -2.8125
v -2.125 -0.24 2.25
v -2.125 4.96 -3.375
v 4.25 -0.24 -1.125
v -2.125 6.52 2.8125
v -1.0625 13.28 -2.8125
v -4.25 11.07 2.25
v -4.25 12.24 1.125
v 4.25 1.06 -2.5312
v 2.125 13.28 -1.4063
v 2.125 4.96 -3.375
v -4.6484 3.66 -2.25
v -4.25 1.06 -2.5312
v 4.6484 3.66 -2.25
v -1.8594 6.26 3.375
v -1.0625 7.04 3.375
v 3.1875 4.44 3.375
v -4.7813 6.13 1.125
v 4.7812 6.39 -1.125
v 2.125 7.56 2.8125
v -1.5938 -0.24 3.375
v 0.7969 6.78 3.375
v 4.25 4.83 2.6719
v -3.1875 1.32 3.375
v 2.125 10.16 2.8125
v -4.25 7.17 1.125
v -3.1875 4.44 3.375
v 3.1875 1.32 3.375
v -3.7188 10.94 2.8125
v -1.0625 13.28 2.8125
v -4.25 -0.24 1.125
v 4.25 3.66 -3.0938
v 4.7812 10.16 1.125
v 0.7969 4.44 4.2188
v -0.7969 4.44 4.2188
v -4.7813 10.16 1.125
v -4.3828 1.06 -2.25
v -2.125 7.56 2.8125
v -4.25 6.39 -1.125
v -4.3828 11.72 -1.5469
v 4.25 10.68 -2.25
v 4.7812 7.17 1.125
v -4.7813 5.35 -1.125
v 4.25 7.17 1.125
v -4.25 1.45 2.3906
v 4.3828 11.72 1.5469
v -4.25 -0.24 -1.125
v -4.25 10.68 -2.25
v 2.125 12.24 -2.25
v 4.3828 1.45 2.25
v 4.25 1.45 2.3906
v -4.3828 1.45 2.25
v -2.125 6 -2.25
v -2.125 7.56 2.25
v 4.25 -0.24 1.125
v -2.125 10.16 -2.8125
v 4.25 10.16 1.4062
v 4.6484 10.16 -0.9844
v -2.125 10.16 2.8125
v -4.25 10.16 1.4062
v -4.25 11.72 1.4062
v -2.6563 12.5 -2.8125
v 2.6562 12.5 2.8125
v -2.125 -0.24 -2.25
v -4.7813 11.72 1.125
v -1.5938 6 3.375
v 3.1875 4.44 2.25
v -1.5938 -0.24 2.25
v -1.0625 7.04 2.25
v -3.1875 1.32 2.25
v 0.5312 4.7 4.2188
v -0.5313 4.7 4.2188
v -4.25 4.83 2.6719
v -4.7813 7.17 1.125
v 4.7812 5.35 -1.125
v 2.125 -0.24 2.25
v 2.125 6.52 2.8125
v -4.25 3.66 -3.0938
v 1.0625 7.04 3.375
v -4.6484 4.83 2.25
v 4.25 10.16 -1.4063
v -0.5313 3.14 4.2188
v 2.125 6 -2.25
v 2.125 10.16 -2.8125
v 4.3828 10.16 1.5469
v -4.25 11.72 -1.4063
v -3.7188 10.94 -2.8125
v 3.7187 10.94 2.8125
v 2.125 -0.24 -2.25
v 1.5937 6 3.375
v 3.1875 1.32 2.25
v 1.5937 -0.24 2.25
v 1.0625 7.04 2.25
v -3.1875 4.44 2.25
v -0.7969 3.4 4.2188
v 0.7969 3.4 4.2188
v -4.7813 6.39 -1.125
v 4.7812 6.13 1.125
v -3.1875 12.5 -1.4063
v -3.1875 12.5 1.4062
v 1.0625 13.28 -0
v -1.0625 13.28 -0
v -0 13.28 -1.4063
v -0 13.28 1.4062
v -0 10.16 -1.4063
v -0 10.16 1.4062
v 2.125 10.16 -0
v -2.125 10.16 -0
v 2.125 9.9 2.25
v -2.125 9.9 2.25
v -0 11.07 2.25
v -0 8.73 2.25
v 3.7187 11.72 2.8125
v -3.7188 11.72 2.8125
v -3.7188 11.72 -2.8125
v 3.7187 11.72 -2.8125
v 4.3828 1.255 -0
v 4.6484 4.245 -0
v 4.5156 2.555 -1.125
v 4.5156 2.945 1.125
v -2.125 9.12 -2.25
v 2.125 9.12 -2.25
v -0 10.68 -2.25
v -0 7.56 -2.25
v -1.5938 2.88 3.375
v 1.5937 2.88 3.375
v -0 1.32 3.375
v -0 4.44 3.375
v 2.125 -0.24 0
v -2.125 -0.24 0
v -0 -0.24 1.125
v -0 -0.24 -1.125
v -4.25 9.705 1.125
v -4.25 9.315 -1.125
v -4.25 10.875 -0
v -4.25 8.145 -0
v 3.1875 12.5 -1.4063
v 3.1875 12.5 1.4062
v 4.7812 10.94 1.125
v 4.7812 10.94 -1.125
v -4.7813 10.94 -1.125
v -4.7813 10.94 1.125
v -0 12.24 1.125
v -0 12.24 -1.125
v 2.125 12.24 -0
v -2.125 12.24 -0
v -0 4.83 2.6719
v -0 1.45 2.3906
v -2.125 3.14 2.5312
v 2.125 3.14 2.5312
v -0 12.5 -2.8125
v -0 10.94 -2.8125
v 1.5937 11.72 -2.8125
v -1.5938 11.72 -2.8125
v -0 12.5 2.8125
v -0 10.94 2.8125
v -1.5938 11.72 2.8125
v 1.5937 11.72 2.8125
v -0 3.66 -3.0938
v -0 1.06 -2.5312
v 2.125 2.36 -2.8125
v -2.125 2.36 -2.8125
v -4.5156 2.555 -1.125
v -4.5156 2.945 1.125
v -4.3828 1.255 -0
v -4.6484 4.245 -0
v 4.25 8.145 -0
v 4.25 10.875 -0
v 4.25 9.315 -1.125
v 4.25 9.705 1.125
v 4.25 10.9725 1.125
v 4.25 10.7775 -1.125
v 4.25 7.8525 -1.125
v -4.6484 4.5375 1.125
v -4.3828 1.3525 1.125
v -4.3828 1.1575 -1.125
v -2.125 1.06 -2.5312
v 2.125 1.06 -2.5312
v 2.125 3.66 -3.0938
v 1.8594 10.94 2.8125
v -1.8594 10.94 2.8125
v -1.3281 12.5 2.8125
v -1.8594 10.94 -2.8125
v 1.8594 10.94 -2.8125
v 1.3281 12.5 -2.8125
v 2.125 1.45 2.3906
v -2.125 1.45 2.3906
v -2.125 4.83 2.6719
v -2.125 12.24 -1.125
v 2.125 12.24 -1.125
v 2.125 12.24 1.125
v -2.125 -0.24 1.125
v 2.125 -0.24 1.125
v 1.5937 4.44 3.375
v -4.25 10.7775 -1.125
v -2.125 -0.24 -1.125
v -4.25 10.9725 1.125
v -2.125 10.68 -2.25
v 4.3828 1.1575 -1.125
v 1.0625 13.28 1.4062
v -2.125 10.16 -1.4063
v 2.125 8.73 2.25
v -1.0625 13.28 1.4062
v -1.0625 13.28 -1.4063
v -2.125 10.16 1.4062
v 2.125 11.07 2.25
v -1.5938 1.32 3.375
v 2.125 10.68 -2.25
v 1.5937 1.32 3.375
v 4.6484 4.5375 1.125
v 1.0625 13.28 -1.4063
v 2.125 7.56 -2.25
v -2.125 8.73 2.25
v 4.6484 3.9525 -1.125
v -2.125 11.07 2.25
v 2.125 10.16 -1.4063
v 2.125 10.16 1.4062
v -4.25 7.8525 -1.125
v 4.3828 1.3525 1.125
v -2.125 7.56 -2.25
v -1.5938 4.44 3.375
v 2.125 -0.24 -1.125
v -4.25 8.4375 1.125
v -2.125 12.24 1.125
v 2.125 4.83 2.6719
v -1.3281 12.5 -2.8125
v 1.3281 12.5 2.8125
v -2.125 3.66 -3.0938
v -4.6484 3.9525 -1.125
v 4.25 8.4375 1.125
v -3.1875 12.24 2.25
v 4.25 6.78 -2.25
v -3.1875 12.24 -2.25
v -4.25 6.78 -2.25
v -1.0625 6 -2.8125
v 1.0625 12.24 2.25
v 4.582 3.985 2.25
v 0.7969 -0.24 3.375
v 1.0625 7.56 2.25
v 3.1875 6 -2.8125
v -3.1875 -0.24 2.25
v -1.0625 4.96 -3.375
v -3.1875 6.52 2.8125
v 3.1875 4.96 -3.375
v 3.1875 5.22 3.375
v 1.0625 7.56 2.8125
v -2.3906 -0.24 3.375
v 4.25 3.985 2.6016
v -3.1875 0.54 3.375
v 1.0625 10.16 2.8125
v -3.1875 3.66 3.375
v 3.1875 2.1 3.375
v -3.1875 7.56 2.8125
v 4.25 9.9 -2.25
v -4.25 0.605 2.3203
v -4.25 9.9 -2.25
v 1.0625 12.24 -2.25
v 4.3164 0.605 2.25
v 4.25 0.605 2.3203
v -4.3164 0.605 2.25
v -3.1875 6 -2.25
v -3.1875 7.56 2.25
v -3.1875 10.16 -2.8125
v -3.1875 10.16 2.8125
v -3.1875 -0.24 -2.25
v -2.3906 6 3.375
v 3.1875 5.22 2.25
v -2.3906 -0.24 2.25
v -3.1875 0.54 2.25
v -4.25 3.985 2.6016
v 1.0625 -0.24 2.25
v 1.0625 6.52 2.8125
v -4.582 3.985 2.25
v 1.0625 6 -2.25
v 1.0625 10.16 -2.8125
v 1.0625 -0.24 -2.25
v 0.7969 6 3.375
v 3.1875 2.1 2.25
v 0.7969 -0.24 2.25
v -3.1875 3.66 2.25
v 3.1875 10.16 -0
v -1.0625 10.16 -0
v 3.1875 9.9 2.25
v -1.0625 9.9 2.25
v 4.3164 0.5075 -0
v 4.582 3.4975 -0
v -3.1875 9.12 -2.25
v 1.0625 9.12 -2.25
v -0 11.46 -2.25
v -0 8.34 -2.25
v -2.3906 2.88 3.375
v 0.7969 2.88 3.375
v -0 0.54 3.375
v -0 3.66 3.375
v 3.1875 -0.24 0
v -1.0625 -0.24 0
v 3.1875 12.24 -0
v -1.0625 12.24 -0
v -0 5.675 2.7422
v -0 2.295 2.4609
v -3.1875 3.14 2.5312
v 1.0625 3.14 2.5312
v 2.3906 11.72 -2.8125
v -0.7969 11.72 -2.8125
v -2.3906 11.72 2.8125
v 0.7969 11.72 2.8125
v 3.1875 2.36 -2.8125
v -1.0625 2.36 -2.8125
v -4.3164 0.5075 -0
v -4.582 3.4975 -0
v -1.0625 12.24 2.25
v 4.25 8.34 -2.25
v -1.0625 12.24 -2.25
v -4.25 8.34 -2.25
v -3.1875 6 -2.8125
v 3.1875 12.24 2.25
v 4.7148 5.675 2.25
v 2.3906 -0.24 3.375
v 3.1875 7.56 2.25
v 1.0625 6 -2.8125
v -1.0625 -0.24 2.25
v -3.1875 4.96 -3.375
v -1.0625 6.52 2.8125
v 1.0625 4.96 -3.375
v 3.1875 3.66 3.375
v 3.1875 7.56 2.8125
v -0.7969 -0.24 3.375
v 4.25 5.675 2.7422
v -3.1875 2.1 3.375
v 3.1875 10.16 2.8125
v -3.1875 5.22 3.375
v 3.1875 0.54 3.375
v -1.0625 7.56 2.8125
v 4.25 11.46 -2.25
v -4.25 2.295 2.4609
v -4.25 11.46 -2.25
v 3.1875 12.24 -2.25
v 4.4492 2.295 2.25
v 4.25 2.295 2.4609
v -4.4492 2.295 2.25
v -1.0625 6 -2.25
v -1.0625 7.56 2.25
v -1.0625 10.16 -2.8125
v -1.0625 10.16 2.8125
v -1.0625 -0.24 -2.25
v -0.7969 6 3.375
v 3.1875 3.66 2.25
v -0.7969 -0.24 2.25
v -3.1875 2.1 2.25
v -4.25 5.675 2.7422
v 3.1875 -0.24 2.25
v 3.1875 6.52 2.8125
v -4.7149 5.675 2.25
v 3.1875 6 -2.25
v 3.1875 10.16 -2.8125
v 3.1875 -0.24 -2.25
v 2.3906 6 3.375
v 3.1875 0.54 2.25
v 2.3906 -0.24 2.25
v -3.1875 5.22 2.25
v 1.0625 10.16 -0
v -3.1875 10.16 -0
v 1.0625 9.9 2.25
v -3.1875 9.9 2.25
v 4.4492 2.0025 -0
v 4.7148 4.9925 -0
v -1.0625 9.12 -2.25
v 3.1875 9.12 -2.25
v -0 9.9 -2.25
v -0 6.78 -2.25
v -0.7969 2.88 3.375
v 2.3906 2.88 3.375
v -0 2.1 3.375
v -0 5.22 3.375
v 1.0625 -0.24 0
v -3.1875 -0.24 0
v 1.0625 12.24 -0
v -3.1875 12.24 -0
v -0 3.985 2.6016
v -0 0.605 2.3203
v -1.0625 3.14 2.5312
v 3.1875 3.14 2.5312
v 0.7969 11.72 -2.8125
v -2.3906 11.72 -2.8125
v -0.7969 11.72 2.8125
v 2.3906 11.72 2.8125
v 1.0625 2.36 -2.8125
v -3.1875 2.36 -2.8125
v -4.4492 2.0025 -0
v -4.7149 4.9925 -0
v -4.582 3.7413 1.125
v -4.7149 5.3338 1.125
v -4.3164 0.5563 1.125
v -4.4492 2.1488 1.125
v -1.0625 1.06 -2.5312
v -3.1875 1.06 -2.5312
v 3.1875 1.06 -2.5312
v 1.0625 1.06 -2.5312
v 3.1875 3.66 -3.0938
v 1.0625 3.66 -3.0938
v 0.9297 10.94 2.8125
v 2.7891 10.94 2.8125
v -2.7891 10.94 2.8125
v -0.9297 10.94 2.8125
v -0.9297 10.94 -2.8125
v -2.7891 10.94 -2.8125
v 2.7891 10.94 -2.8125
v 0.9297 10.94 -2.8125
v 2.125 2.295 2.4609
v 2.125 0.605 2.3203
v 1.0625 1.45 2.3906
v 3.1875 1.45 2.3906
v -2.125 2.295 2.4609
v -2.125 0.605 2.3203
v -3.1875 1.45 2.3906
v -1.0625 1.45 2.3906
v -2.125 5.675 2.7422
v -2.125 3.985 2.6016
v -3.1875 4.83 2.6719
v -1.0625 4.83 2.6719
v -1.0625 12.24 -1.125
v -3.1875 12.24 -1.125
v 3.1875 12.24 -1.125
v 1.0625 12.24 -1.125
v 3.1875 12.24 1.125
v 1.0625 12.24 1.125
v -1.0625 -0.24 1.125
v -3.1875 -0.24 1.125
v 3.1875 -0.24 1.125
v 1.0625 -0.24 1.125
v 0.7969 4.44 3.375
v 2.3906 4.44 3.375
v 1.5937 3.66 3.375
v 1.5937 5.22 3.375
v -1.0625 -0.24 -1.125
v -3.1875 -0.24 -1.125
v -3.1875 10.68 -2.25
v -1.0625 10.68 -2.25
v -2.125 11.46 -2.25
v -2.125 9.9 -2.25
v -1.0625 10.16 -1.4063
v -3.1875 10.16 -1.4063
v 3.1875 8.73 2.25
v 1.0625 8.73 2.25
v -1.0625 10.16 1.4062
v -3.1875 10.16 1.4062
v 3.1875 11.07 2.25
v 1.0625 11.07 2.25
v -2.3906 1.32 3.375
v -0.7969 1.32 3.375
v -1.5938 0.54 3.375
v -1.5938 2.1 3.375
v 1.0625 10.68 -2.25
v 3.1875 10.68 -2.25
v 2.125 11.46 -2.25
v 2.125 9.9 -2.25
v 0.7969 1.32 3.375
v 2.3906 1.32 3.375
v 1.5937 0.54 3.375
v 1.5937 2.1 3.375
v 4.582 3.7412 1.125
v 4.7148 5.3337 1.125
v 1.0625 7.56 -2.25
v 3.1875 7.56 -2.25
v 2.125 8.34 -2.25
v 2.125 6.78 -2.25
v -1.0625 8.73 2.25
v -3.1875 8.73 2.25
v -1.0625 11.07 2.25
v -3.1875 11.07 2.25
v 3.1875 10.16 -1.4063
v 1.0625 10.16 -1.4063
v 3.1875 10.16 1.4062
v 1.0625 10.16 1.4062
v 4.3164 0.5562 1.125
v 4.4492 2.1487 1.125
v -3.1875 7.56 -2.25
v -1.0625 7.56 -2.25
v -2.125 8.34 -2.25
v -2.125 6.78 -2.25
v -2.3906 4.44 3.375
v -0.7969 4.44 3.375
v -1.5938 3.66 3.375
v -1.5938 5.22 3.375
v 3.1875 -0.24 -1.125
v 1.0625 -0.24 -1.125
v -1.0625 12.24 1.125
v -3.1875 12.24 1.125
v 2.125 5.675 2.7422
v 2.125 3.985 2.6016
v 1.0625 4.83 2.6719
v 3.1875 4.83 2.6719
v -1.0625 3.66 -3.0938
v -3.1875 3.66 -3.0938
v 3.1875 3.985 2.6016
v 1.0625 3.985 2.6016
v 1.0625 5.675 2.7422
v -0.7969 5.22 3.375
v -0.7969 3.66 3.375
v -2.3906 3.66 3.375
v -1.0625 6.78 -2.25
v -1.0625 8.34 -2.25
v -3.1875 8.34 -2.25
v 3.1875 6.78 -2.25
v 3.1875 8.34 -2.25
v 1.0625 8.34 -2.25
v 2.3906 2.1 3.375
v 2.3906 0.54 3.375
v 0.7969 0.54 3.375
v 3.1875 9.9 -2.25
v 3.1875 11.46 -2.25
v 1.0625 11.46 -2.25
v -0.7969 2.1 3.375
v -0.7969 0.54 3.375
v -2.3906 0.54 3.375
v -1.0625 9.9 -2.25
v -1.0625 11.46 -2.25
v -3.1875 11.46 -2.25
v 2.3906 5.22 3.375
v 2.3906 3.66 3.375
v 0.7969 3.66 3.375
v -1.0625 3.985 2.6016
v -3.1875 3.985 2.6016
v -3.1875 5.675 2.7422
v -1.0625 0.605 2.3203
v -3.1875 0.605 2.3203
v -3.1875 2.295 2.4609
v 3.1875 0.605 2.3203
v 1.0625 0.605 2.3203
v 1.0625 2.295 2.4609
v 3.1875 2.295 2.4609
v -1.0625 2.295 2.4609
v -1.0625 5.675 2.7422
v 0.7969 5.22 3.375
v -3.1875 9.9 -2.25
v -2.3906 2.1 3.375
v 1.0625 9.9 -2.25
v 0.7969 2.1 3.375
v 1.0625 6.78 -2.25
v -3.1875 6.78 -2.25
v -2.3906 5.22 3.375
v 3.1875 5.675 2.7422
vt 0.6133 0.0159
vt 0.64 0.0317
vt 0.6133 0.0317
vt 0.3867 0.9524
vt 0.36 0.9841
vt 0.36 0.9524
vt 0.9733 0.37
vt 1 0.3968
vt 0.9733 0.4087
vt 0.2525 0.6508
vt 0.2267 0.619
vt 0.26 0.619
vt 0.36 0.4603
vt 0.3867 0.4286
vt 0.3867 0.4603
vt 0.36 0.5
vt 0.3867 0.5
vt 0.12 0.2698
vt 0.13 0.2897
vt 0.12 0.3016
vt 1 0.6746
vt 0.9733 0.6984
vt 0.9733 0.6746
vt 0.12 0.2302
vt 0.1333 0.2063
vt 0.1333 0.2302
vt 0.6433 0.4603
vt 0.6667 0.4762
vt 0.6433 0.4762
vt 0.4267 0.0159
vt 0.4533 0.0317
vt 0.4267 0.0317
vt 0.2733 0.4841
vt 0.2933 0.5079
vt 0.2667 0.5079
vt 0.0133 0.2302
vt -0 0.2063
vt 0.0133 0.2063
vt 0.48 0.2302
vt 0.4667 0.2063
vt 0.48 0.2063
vt 0.52 0.0317
vt 0.5467 0.0476
vt 0.52 0.0476
vt 0.6133 0.0635
vt 0.64 0.0476
vt 0.64 0.0635
vt 0.13 0.123
vt 0.12 0.1429
vt 0.12 0.1111
vt 0.5467 -0
vt 0.52 0.0159
vt 0.52 0
vt 0.35 0.0357
vt 0.36 0.0159
vt 0.36 0.0476
vt 0.68 0.0635
vt 0.7067 0.0476
vt 0.7067 0.0635
vt 0.1467 0.7143
vt 0.16 0.746
vt 0.1467 0.746
vt 0.68 0.0317
vt 0.7067 0.0317
vt 0.3467 0.2302
vt 0.36 0.2063
vt 0.36 0.2302
vt 0.7733 0.7619
vt 0.7467 0.746
vt 0.7733 0.746
vt 0.2 0.6032
vt 0.2 0.619
vt 0.2067 0.1825
vt 0.1867 0.1587
vt 0.2133 0.1587
vt 0.5733 0.9266
vt 0.5467 0.9524
vt 0.5467 0.9266
vt 0.3267 0.619
vt 0.3267 0.6111
vt 0.36 0.619
vt 0.6067 0.619
vt 0.5733 0.619
vt 0.6067 0.6111
vt 0.9467 0.4762
vt 0.94 0.5
vt 0.92 0.4762
vt 1 0.5079
vt 0.9733 0.4762
vt 1 0.4762
vt 0.72 0.4762
vt 0.6933 0.5079
vt 0.6933 0.4762
vt 0.68 0.1587
vt 0.7067 0.127
vt 0.7067 0.1587
vt 0.0933 0.2063
vt 0.0933 0.2302
vt 0.44 0.2063
vt 0.4667 0.2302
vt 0.44 0.2302
vt 0.5733 0.0635
vt 0.56 0.0476
vt 0.5733 0.0476
vt 0.7333 -0
vt 0.7067 0.0159
vt 0.7067 0
vt 0.1867 0.7619
vt 0.1867 0.746
vt 0.4 0.0635
vt 0.4267 0.0476
vt 0.4267 0.0635
vt 0.8133 0.7302
vt 0.8333 0.6984
vt 0.8333 0.7302
vt 0.32 0
vt 0.3467 0.0397
vt 0.32 0.0397
vt 0.5733 0
vt 0.5467 0.0159
vt 0.56 0
vt 0.5467 0.0317
vt 0.4667 0
vt 0.4933 0.0159
vt 0.4533 0.0159
vt 0.6133 0
vt 0.5867 0.0159
vt 0.5867 -0
vt 0.3867 0
vt 0.3733 0
vt 0.7467 0.4762
vt 0.72 0.4444
vt 0.7467 0.4444
vt 0.68 0.0159
vt 0.6533 0
vt 0.6667 0
vt 0.4 0.0317
vt 0.5867 0.0317
vt 0.36 0.4127
vt 0.3867 0.4127
vt 0.4667 0.0476
vt 0.4933 0.0317
vt 0.48 0.0476
vt 0.6133 0.0476
vt 0.36 0.0317
vt 0.3867 0.0476
vt 0.3733 0.0476
vt 0.4933 0.0635
vt 0.52 0.0635
vt 0.6533 0.0476
vt 0.72 0.5079
vt 0.6667 0.4444
vt 0.6667 0.4603
vt 0.6 0.37
vt 0.5733 0.3968
vt 0.5733 0.3611
vt 0.36 0.4286
vt 0.3467 0.4127
vt 0.5467 0.619
vt 0.5733 0.6508
vt 0.5467 0.6508
vt 0.7733 0.619
vt 0.7867 0.6508
vt 0.7733 0.6508
vt 0.9533 0.5079
vt 0.9733 0.5317
vt 0.9533 0.5317
vt 0.7067 0.619
vt 0.7333 0.6032
vt 0.7333 0.619
vt 0.7467 0.6508
vt 0.7067 0.4444
vt 0.68 0.4206
vt 0.7067 0.4206
vt 0.5938 0.7143
vt 0.5733 0.746
vt 0.5733 0.7143
vt 0.1867 0.6508
vt 0.16 0.619
vt 0.1867 0.619
vt 0.595 0.746
vt 0.595 0.748
vt 0.3383 0.746
vt 0.36 0.746
vt 0.3383 0.748
vt 0.6533 0.3879
vt 0.6267 0.4206
vt 0.6267 0.379
vt 0.3567 0.1071
vt 0.3467 0.0794
vt 0.3533 0.0714
vt 0.24 0.373
vt 0.2667 0.3333
vt 0.2667 0.373
vt 0.24 0.2937
vt 0.2667 0.254
vt 0.2667 0.2937
vt 0.32 0.1825
vt 0.3067 0.1825
vt 0.2933 0.1587
vt 0.1233 0.3611
vt 0.1333 0.3333
vt 0.1333 0.373
vt 0.7333 0.0317
vt 0.3467 0.373
vt 0.35 0.377
vt 0.36 0.3968
vt 0.36 0.3651
vt 0.3567 0.3056
vt 0.3467 0.3333
vt 0.3467 0.2937
vt 0.1333 0.2937
vt 0.1333 0.254
vt 0.3867 0.2063
vt 0.4133 0.2302
vt 0.3867 0.2302
vt 0.8733 0.4841
vt 0.8933 0.5079
vt 0.8733 0.5079
vt 0.4933 0.3254
vt 0.4667 0.2897
vt 0.4933 0.2897
vt 0.6692 0.6825
vt 0.65 0.6825
vt 0.645 0.6508
vt 0.3467 0.2063
vt 0.3333 0.2063
vt 0.1333 0.0794
vt 0.16 0.119
vt 0.1333 0.119
vt 0.1467 0.2302
vt 0.4933 0.3968
vt 0.4667 0.3611
vt 0.4933 0.3611
vt 0.7867 0.627
vt 0.8133 0.6032
vt 0.8133 0.627
vt 0.1333 0.4603
vt 0.1467 0.4603
vt 0.16 0.4841
vt 0.16 0.0794
vt 0.1867 0.119
vt 0.3467 0.4365
vt 0.3333 0.4365
vt 0.1333 0.1587
vt 0.8133 0.4444
vt 0.7867 0.4206
vt 0.8133 0.4206
vt 0.3467 -0
vt 0.8933 0.7302
vt 0.9133 0.6984
vt 0.9133 0.7302
vt 0.1467 0.2063
vt 0.6817 0.746
vt 0.66 0.754
vt 0.66 0.746
vt 0.4533 -0
vt 0.4267 0
vt 0.1233 0.0516
vt 0.1267 0.0873
vt 0.2667 0.0794
vt 0.2933 0.119
vt 0.2667 0.119
vt 0.1333 0
vt 0.16 0.0397
vt 0.1333 0.0397
vt 0.3333 0.2302
vt 0.32 0.2063
vt 0.4 0.0159
vt 0.4 -0
vt 0.1333 0.4365
vt 0.1467 0.4365
vt 0.16 0.4603
vt 0.9333 0.5079
vt 0.4933 0.4286
vt 0.4667 0.4127
vt 0.4933 0.4127
vt 0.5867 0.0476
vt 0.5967 0.4603
vt 0.62 0.4444
vt 0.62 0.4603
vt 0.6754 0.7143
vt 0.655 0.7143
vt 0.32 0.0794
vt 0.3467 0.119
vt 0.32 0.119
vt 0.4133 0.254
vt 0.3867 0.254
vt 0.8733 0.6032
vt 0.8933 0.627
vt 0.8733 0.627
vt 0.32 0.4841
vt 0.3067 0.4841
vt 0.32 0.4603
vt 0.7733 0.6825
vt 0.7867 0.7143
vt 0.7733 0.7143
vt 0.5467 0.0635
vt 0.7467 0.7143
vt 0.8133 0.3492
vt 0.7867 0.3254
vt 0.8133 0.3254
vt 0.48 0
vt 0.9533 0.6032
vt 0.9733 0.627
vt 0.9533 0.627
vt 0.64 0.0159
vt 0.1733 0.4841
vt 0.1867 0.5079
vt 0.64 -0
vt 0.3467 0.4603
vt 0.3333 0.4603
vt 0.2517 0.746
vt 0.2733 0.754
vt 0.2517 0.756
vt 0.6667 0.0476
vt 0.3867 0.3254
vt 0.36 0.2897
vt 0.3867 0.2897
vt 0.16 0.3333
vt 0.16 0.373
vt 0.7867 0.5317
vt 0.8133 0.5079
vt 0.8133 0.5317
vt 0.5733 0.4127
vt 0.5867 0.4127
vt 0.5733 0.4286
vt 0.4533 0.0476
vt 0.5867 1
vt 0.5733 1
vt 0.5733 0.9841
vt 0.1867 0.7143
vt 0.16 0.6825
vt 0.1867 0.6825
vt 0.36 1
vt 0.3467 1
vt 0.16 0.2063
vt 0.16 0.1825
vt 0.1733 0.1825
vt 0.2133 0.0794
vt 0.24 0.119
vt 0.2133 0.119
vt 0.2133 0
vt 0.24 0.0397
vt 0.2133 0.0397
vt 0.4667 1
vt 0.4933 0.9841
vt 0.4933 1
vt 0.8667 0.4444
vt 0.8933 0.4762
vt 0.8667 0.4762
vt 0.3867 0.3968
vt 0.36 0.3611
vt 0.3867 0.3611
vt 0.16 0.254
vt 0.16 0.2937
vt 0.3867 0.9841
vt 0.3867 1
vt 0.92 0.4444
vt 0.7867 0.4762
vt 0.8133 0.4762
vt 0.48 0.0635
vt 0.4667 0.0635
vt 0.3867 0.0635
vt 0.7467 0.5079
vt 0.7733 0.4762
vt 0.7733 0.5079
vt 0.7467 0.5397
vt 0.72 0.5397
vt 0.6667 0.0635
vt 0.6533 0.0635
vt 0.2667 0
vt 0.2933 0.0397
vt 0.2667 0.0397
vt 0.16 0
vt 0.1867 0.0397
vt 0.36 0.3333
vt 0.36 0.3016
vt 0.5925 0.6825
vt 0.5733 0.6825
vt 0.7067 0.3492
vt 0.68 0.3254
vt 0.7067 0.3254
vt 0.2933 0.0794
vt 0.6 0.2927
vt 0.5733 0.3254
vt 0.5733 0.2897
vt 0.68 -0
vt 0.44 0.619
vt 0.4667 0.6508
vt 0.44 0.6508
vt 0.6533 0.2986
vt 0.6267 0.3373
vt 0.6267 0.2956
vt 0.2933 0
vt 0.8933 0.5317
vt 0.8733 0.5317
vt 0.5467 0.6825
vt 0.5467 0.7143
vt 0.44 0.6825
vt 0.4667 0.7143
vt 0.44 0.7143
vt 0.4533 0.0635
vt 0.4667 0.254
vt 0.44 0.254
vt 0.12 0.254
vt 0.0933 0.254
vt 0.5867 0.0635
vt 0.04 0.2302
vt 0.0667 0.254
vt 0.04 0.254
vt 0.04 0.2063
vt 0.0667 0.2302
vt 0.7867 0.1587
vt 0.8133 0.127
vt 0.8133 0.1587
vt 0.7867 0.2222
vt 0.8133 0.1905
vt 0.8133 0.2222
vt 0.68 0.2222
vt 0.7067 0.1905
vt 0.7067 0.2222
vt 0.6733 0.619
vt 0.64 0.6032
vt 0.6733 0.5952
vt 0.2933 0.6032
vt 0.2933 0.619
vt 0.44 0.9266
vt 0.4667 0.9524
vt 0.44 0.9524
vt 0.44 0.8234
vt 0.4667 0.8492
vt 0.44 0.8492
vt 0.5467 0.8234
vt 0.5733 0.8492
vt 0.5467 0.8492
vt 0.24 0.1825
vt 0.2667 0.1587
vt 0.2733 0.1825
vt 0.24 0.2302
vt 0.26 0.2063
vt 0.2633 0.2302
vt 0.17 0.2302
vt 0.18 0.2063
vt 0.3467 0.254
vt 0.36 0.254
vt 0.7333 0.0476
vt 0.16 0.6508
vt 0.1467 0.6825
vt 0.1467 0.6508
vt 0.7333 0.0635
vt 0.36 0.0794
vt 0.36 0.1111
vt 0.4933 -0
vt 0.12 0.0794
vt 0.12 0.0476
vt 0.4933 0.0476
vt 0.48 0.254
vt 0.0133 0.254
vt 0 0.2302
vt 0.24 0.4841
vt 0.2133 0.5079
vt 0.2067 0.4841
vt 0.24 0.4365
vt 0.22 0.4603
vt 0.2167 0.4365
vt 0.31 0.4365
vt 0.3 0.4603
vt 0.62 0.4762
vt 0.5967 0.4762
vt 1 0.5794
vt 0.9733 0.6032
vt 0.9733 0.5794
vt 0.12 0.3333
vt 0.12 0.3651
vt 0.4667 0.5
vt 0.4933 0.4603
vt 0.4933 0.5
vt 0.4667 0.5794
vt 0.4933 0.5397
vt 0.4933 0.5794
vt 0.36 0.5794
vt 0.3867 0.5397
vt 0.3867 0.5794
vt 0.4667 0.4603
vt 0.3242 0.6508
vt 0.2988 0.7143
vt 0.2833 0.6825
vt 0.3025 0.6825
vt 0.2171 0.7143
vt 0.2067 0.6825
vt 0.2258 0.6825
vt 0.92 0.3879
vt 0.9467 0.4206
vt 0.92 0.4325
vt 0.92 0.2986
vt 0.9467 0.3373
vt 0.92 0.3433
vt 0.9733 0.2927
vt 1 0.3254
vt 0.9733 0.3313
vt 0.4933 0.9524
vt 0.4667 0.9841
vt 0.52 0.9841
vt 0.52 0.9524
vt 0.9467 0.2956
vt 0.9467 0.254
vt 0.9733 0.254
vt 1 0.2897
vt 0.8933 0.3492
vt 0.8933 0.3254
vt 0.8933 0.3016
vt 0.8933 0.2778
vt 0.92 0.254
vt 0.8933 0.4444
vt 0.8933 0.4206
vt 0.8933 0.3968
vt 0.8933 0.373
vt 0.9467 0.379
vt 0.2579 0.7143
vt 0.245 0.6825
vt 0.2642 0.6825
vt 0.2375 0.7143
vt 0.2083 0.746
vt 0.1967 0.7143
vt 0.3396 0.7143
vt 0.3217 0.6825
vt 0.3408 0.6825
vt 0.3192 0.7143
vt 0.295 0.746
vt 0.2783 0.7143
vt 0.36 0.6508
vt 0.2883 0.6508
vt 0.52 0.4603
vt 0.5467 0.4286
vt 0.5467 0.4603
vt 0.4133 0.5794
vt 0.44 0.5397
vt 0.44 0.5794
vt 0.4133 0.619
vt 0.3867 0.619
vt 0.52 0.5794
vt 0.5467 0.5397
vt 0.5467 0.5794
vt 0.52 0.619
vt 0.4667 0.619
vt 0.4933 0.619
vt 0.52 0.5
vt 0.5467 0.5
vt 0.52 0.5397
vt 0.12 0.3968
vt 1 0.5317
vt 0.9733 0.5556
vt 0.5733 0.4603
vt 0.5733 0.4762
vt 0.2633 0.4365
vt 0.28 0.4603
vt 0.26 0.4603
vt 0.2667 0.4127
vt 0.2867 0.4365
vt 0.32 0.4127
vt 0.1933 0.4365
vt 0.18 0.4603
vt 0.17 0.4365
vt 0.1867 0.4127
vt 0.16 0.4127
vt 0.24 0.4127
vt 0.2133 0.4127
vt 0.12 0.0159
vt 0.36 0.1429
vt 0.1467 0.619
vt 0.2167 0.2302
vt 0.2 0.2063
vt 0.22 0.2063
vt 0.2133 0.254
vt 0.1933 0.2302
vt 0.2867 0.2302
vt 0.3 0.2063
vt 0.31 0.2302
vt 0.2933 0.254
vt 0.32 0.254
vt 0.24 0.254
vt 0.52 0.8234
vt 0.4933 0.8492
vt 0.4933 0.8234
vt 0.52 0.7718
vt 0.4933 0.7976
vt 0.4933 0.7718
vt 0.5733 0.7718
vt 0.5467 0.7976
vt 0.5467 0.7718
vt 0.3867 0.8234
vt 0.4133 0.8492
vt 0.3867 0.8492
vt 0.3867 0.7718
vt 0.4133 0.7976
vt 0.3867 0.7976
vt 0.44 0.7718
vt 0.4667 0.7976
vt 0.44 0.7976
vt 0.4133 0.9266
vt 0.3867 0.9266
vt 0.4133 0.875
vt 0.3867 0.9008
vt 0.3867 0.875
vt 0.44 0.875
vt 0.4667 0.9008
vt 0.44 0.9008
vt 0.26 0.5952
vt 0.7067 0.5873
vt 0.84 0.4762
vt 0.7333 0.2222
vt 0.76 0.1905
vt 0.76 0.2222
vt 0.7333 0.254
vt 0.76 0.254
vt 0.68 0.254
vt 0.7067 0.254
vt 0.84 0.2222
vt 0.8667 0.1905
vt 0.8667 0.2222
vt 0.84 0.254
vt 0.8667 0.254
vt 0.7867 0.254
vt 0.8133 0.254
vt 0.84 0.1587
vt 0.8667 0.127
vt 0.8667 0.1587
vt 0.84 0.1905
vt 0.7867 0.1905
vt 0.4667 0.746
vt 0.44 0.746
vt 0.3867 0.7143
vt 0.4133 0.746
vt 0.3867 0.746
vt 0.3867 0.6825
vt 0.4133 0.7143
vt 0.5467 0.746
vt 0.4933 0.7143
vt 0.52 0.746
vt 0.4933 0.746
vt 0.4933 0.6825
vt 0.52 0.7143
vt 0.8733 0.5556
vt 0.8933 0.5794
vt 0.8733 0.5794
vt 0.8333 0.5556
vt 0.8533 0.5794
vt 0.8333 0.5794
vt 0.8333 0.5079
vt 0.8533 0.5317
vt 0.8333 0.5317
vt 0.6533 0.254
vt 0.6267 0.254
vt 0.68 0.2778
vt 0.6533 0.3433
vt 0.4667 0.6825
vt 0.3867 0.6508
vt 0.4133 0.6825
vt 0.4133 0.6508
vt 0.6 0.254
vt 0.5733 0.254
vt 0.6 0.3313
vt 0.32 0.1587
vt 0.7067 0.3016
vt 0.7067 0.2778
vt 0.76 0.3016
vt 0.7333 0.2778
vt 0.76 0.2778
vt 0.76 0.3254
vt 0.7333 0.3492
vt 0.7333 0.3254
vt 0.64 0.619
vt 0.6092 0.6508
vt 0.6308 0.6825
vt 0.6117 0.6825
vt 0.36 0.2698
vt 0.1867 0.0794
vt 0.24 0.0794
vt 0.24 0
vt 0.8933 0.4444
vt 0.4133 1
vt 0.44 0.9841
vt 0.44 1
vt 0.1867 0.2937
vt 0.2133 0.2937
vt 0.1867 0.3333
vt 0.2133 0.3333
vt 0.36 0.3254
vt 0.44 0.3254
vt 0.4133 0.3611
vt 0.4133 0.3254
vt 0.44 0.3968
vt 0.44 0.3611
vt 0.84 0.4444
vt 0.52 1
vt 0.5467 0.9841
vt 0.5467 1
vt 0.1867 0
vt 0.24 0.1587
vt 0.16 0.7143
vt 0.7867 0.5794
vt 0.8133 0.5556
vt 0.8133 0.5794
vt 0.1867 0.373
vt 0.2133 0.373
vt 0.1333 0.4127
vt 0.3867 0.254
vt 0.44 0.254
vt 0.4133 0.2897
vt 0.4133 0.254
vt 0.44 0.2897
vt 0.23 0.7579
vt 0.2083 0.7599
vt 0.9533 0.6508
vt 0.9533 0.6746
vt 0.9133 0.6508
vt 0.9333 0.6746
vt 0.9133 0.6746
vt 0.9133 0.6032
vt 0.9333 0.627
vt 0.9133 0.627
vt 0.8133 0.2778
vt 0.7867 0.3016
vt 0.7867 0.2778
vt 0.8667 0.3016
vt 0.84 0.2778
vt 0.8667 0.2778
vt 0.8667 0.3492
vt 0.84 0.3254
vt 0.8667 0.3254
vt 0.7867 0.746
vt 0.8733 0.6508
vt 0.8933 0.6746
vt 0.8733 0.6746
vt 0.8333 0.6508
vt 0.8533 0.6746
vt 0.8333 0.6746
vt 0.8333 0.6032
vt 0.8533 0.627
vt 0.8333 0.627
vt 0.3467 0.1587
vt 0.7075 0.6825
vt 0.6958 0.7143
vt 0.6883 0.6825
vt 0.7163 0.7143
vt 0.7033 0.746
vt 0.5967 0.4444
vt 0.52 0.4127
vt 0.5467 0.4127
vt 0.9067 0.4921
vt 0.9133 0.5079
vt 0.725 0.746
vt 0.7033 0.7579
vt 0.9333 0.7302
vt 0.9533 0.6984
vt 0.9533 0.7302
vt 0.8133 0.3968
vt 0.7867 0.373
vt 0.8133 0.373
vt 0.8667 0.3968
vt 0.84 0.373
vt 0.8667 0.373
vt 0.8667 0.4444
vt 0.84 0.4206
vt 0.8667 0.4206
vt 0.16 0.1587
vt 0.7867 0.6746
vt 0.8133 0.6508
vt 0.8133 0.6746
vt 0.4667 0.3254
vt 0.5467 0.3254
vt 0.52 0.3611
vt 0.52 0.3254
vt 0.5467 0.3968
vt 0.5467 0.3611
vt 0.6808 0.6508
vt 0.4667 0.254
vt 0.4933 0.254
vt 0.5467 0.2897
vt 0.52 0.254
vt 0.5467 0.254
vt 0.52 0.2897
vt 0.8533 0.5079
vt 0.1267 0.3254
vt 0.3533 0.3413
vt 0.2933 0.2937
vt 0.32 0.2937
vt 0.2933 0.3333
vt 0.32 0.3333
vt 0.24 0.3333
vt 0.2933 0.373
vt 0.32 0.373
vt 0.2933 0.4127
vt 0.68 0.373
vt 0.6533 0.4325
vt 0.3167 0.75
vt 0.295 0.752
vt 0.6383 0.746
vt 0.6167 0.75
vt 0.6167 0.746
vt 0.6142 0.7143
vt 0.6346 0.7143
vt 0.7067 0.3968
vt 0.7067 0.373
vt 0.76 0.3968
vt 0.7333 0.373
vt 0.76 0.373
vt 0.76 0.4444
vt 0.7333 0.4206
vt 0.76 0.4206
vt 0.7467 0.6825
vt 0.9533 0.5556
vt 0.9533 0.5794
vt 0.9133 0.5556
vt 0.9333 0.5794
vt 0.9133 0.5794
vt 0.9333 0.5317
vt 0.9133 0.5317
vt 0.7867 0.6825
vt 0.4933 0.6508
vt 0.52 0.6825
vt 0.52 0.6508
vt 0.6 0.4087
vt 0.6433 0.4444
vt 0.44 0.4286
vt 0.4133 0.4127
vt 0.44 0.4127
vt 0.8533 0.7302
vt 0.8733 0.6984
vt 0.8733 0.7302
vt 0.4133 0.2063
vt 0.0667 0.2063
vt 0.7333 0.1587
vt 0.76 0.127
vt 0.76 0.1587
vt 0.7333 0.1905
vt 0.68 0.1905
vt 0.4933 0.9266
vt 0.4933 0.875
vt 0.52 0.9008
vt 0.4933 0.9008
vt 0.5733 0.875
vt 0.5467 0.9008
vt 0.5467 0.875
vt 0.24 0.5079
vt 1 0.627
vt 0.9733 0.6508
vt 0.4133 0.5
vt 0.44 0.4603
vt 0.44 0.5
vt 0.4133 0.5397
vt 0.36 0.5397
vt 0.4133 0.4603
vt 0.2167 0.6508
vt 1 0.3611
vt 0.4133 0.9841
vt 0.4133 0.9524
vt 0.4667 0.4286
vt 0.4667 0.5397
vt 1 0.6032
vt 0.52 0.875
vt 0.52 0.8492
vt 0.4667 0.875
vt 0.4667 0.9266
vt 0.7867 0.127
vt 0.8933 0.6984
vt 0.9333 0.5556
vt 0.8933 0.5556
vt 0.9333 0.6032
vt 0.8933 0.6032
vt 0.7333 0.3968
vt 0.7867 0.3968
vt 0.7867 0.4444
vt 0.76 0.3492
vt 0.7867 0.3492
vt 0.68 0.3492
vt 0.6383 0.752
vt 0.2733 0.746
vt 0.7867 0.6984
vt 0.8133 0.6984
vt 0.84 0.3968
vt 0.84 0.3492
vt 0.9733 0.7302
vt 0.725 0.7599
vt 0.7367 0.7143
vt 0.7267 0.6825
vt 0.8533 0.6508
vt 0.8533 0.6984
vt 0.84 0.3016
vt 0.8933 0.254
vt 0.8133 0.3016
vt 0.9333 0.6508
vt 0.8933 0.6508
vt 0.9333 0.6984
vt 0.7867 0.6032
vt 0.4667 0.3968
vt 0.7333 0.3016
vt 0.36 0.6825
vt 0.8533 0.5556
vt 0.8533 0.6032
vt 0.36 0.7143
vt 0.8933 0.1587
vt 0.8933 0.1905
vt 0.8933 0.127
vt 0.8933 0.2222
vt 0.4133 0.9008
vt 0.36 0.9008
vt 0.36 0.875
vt 0.36 0.8492
vt 0.36 0.9266
vt 0.4133 0.7718
vt 0.4667 0.7718
vt 0.36 0.7718
vt 0.36 0.7976
vt 0.36 0.8234
vt 0.52 0.7976
vt 0.4667 0.8234
vt 0.1867 0.254
vt 0.24 0.2063
vt 0.24 0.4603
vt 0.9733 0.5079
vt 0.5733 0.5
vt 0.5733 0.5397
vt 0.5733 0.5794
vt 0.3167 0.746
vt 0.23 0.746
vt 0.5733 0.9524
vt 0.52 0.4286
vt 1 0.5556
vt 0.2 0.4603
vt 0.28 0.2063
vt 0.5733 0.8234
vt 0.4133 0.8234
vt 0.84 0.127
vt 0.68 0.3016
vt 0.4133 0.3968
vt 0.7867 0.5556
vt 0.6817 0.756
vt 0.52 0.3968
vt 0.68 0.3968
vt 0.7333 0.4444
vt 0.4133 0.4286
vt 0.7333 0.127
vt 0.52 0.9266
vt 0.5733 0.9008
vt 1 0.6508
vt 1 0.6984
vt 0.12 0.2063
vt 0.68 0.0476
vt 0.7467 0.7619
vt 0.2267 0.5873
vt 0.68 0.127
vt 0.56 0.0635
vt 0.7333 0.0159
vt 0.16 0.7619
vt 0.4 0.0476
vt 0.7867 0.619
vt 0.7467 0.619
vt 0.68 0.4444
vt 0.7867 0.5079
vt 0.9467 0.4444
vt 0.3733 0.0635
vt -0 0.254
vt 1 0.254
vt 0.5733 0.7976
vt 0.5733 0.4444
vt 0.84 0.4444
vt 0.7167 0.6508
s 1
f 196/1 77/2 200/3
f 504/4 44/5 32/6
f 491/7 5/8 305/9
f 490/10 46/11 273/12
f 37/13 576/14 583/15
f 339/16 583/15 755/17
f 14/18 229/19 240/20
f 530/21 60/22 510/23
f 124/24 18/25 128/26
f 356/27 73/28 343/29
f 194/30 83/31 159/32
f 488/33 30/34 251/35
f 123/36 20/37 21/38
f 127/39 23/40 19/41
f 197/42 97/43 158/44
f 157/45 93/46 108/47
f 301/48 22/49 253/50
f 104/51 154/52 193/53
f 307/54 23/55 235/56
f 107/57 199/58 195/59
f 287/60 45/61 6/62
f 199/58 78/63 160/64
f 182/65 24/66 122/67
f 43/68 35/69 47/70
f 26/71 46/11 34/72
f 487/73 25/74 267/75
f 589/76 613/77 803/78
f 298/79 274/80 42/81
f 244/82 41/83 270/84
f 50/85 276/86 277/87
f 61/88 50/89 54/90
f 65/91 63/92 52/93
f 269/94 492/95 749/96
f 253/97 124/24 402/98
f 235/99 130/100 400/101
f 103/102 97/103 98/104
f 106/105 156/106 195/107
f 32/108 45/61 33/109
f 105/110 198/111 155/112
f 57/113 579/114 620/115
f 186/116 256/117 399/118
f 103/119 90/120 104/121
f 154/52 81/122 197/42
f 102/123 91/124 92/125
f 157/126 89/127 103/128
f 105/129 88/55 106/130
f 66/131 52/132 51/133
f 85/134 108/135 107/136
f 198/111 80/137 159/32
f 98/104 81/122 82/138
f 576/14 8/139 522/140
f 99/141 84/142 100/143
f 200/3 93/46 161/144
f 79/145 96/146 95/147
f 101/148 158/44 193/149
f 78/63 93/150 77/2
f 66/131 68/151 65/91
f 296/27 71/152 72/153
f 484/154 6/155 230/156
f 26/157 34/158 8/139
f 617/159 265/160 746/161
f 36/162 233/163 280/164
f 527/165 592/166 802/167
f 48/168 29/169 36/170
f 336/171 36/162 280/164
f 522/172 495/173 801/174
f 736/175 39/176 316/177
f 304/178 34/179 46/180
f 519/181 520/182 39/176
f 521/183 40/184 516/185
f 479/186 165/187 397/188
f 258/189 136/190 138/191
f 367/192 622/193 735/194
f 366/195 536/196 733/197
f 135/198 247/199 27/200
f 239/201 179/202 321/203
f 156/106 79/204 160/64
f 318/205 346/206 11/158
f 15/207 346/206 294/208
f 319/209 176/210 342/211
f 241/212 229/19 10/213
f 257/214 215/215 401/216
f 283/217 188/218 538/219
f 545/220 372/221 730/222
f 547/223 209/224 380/225
f 17/226 377/227 135/198
f 180/228 360/229 347/230
f 128/26 348/231 10/213
f 603/232 373/233 728/234
f 539/235 151/236 513/237
f 91/124 197/42 84/142
f 20/238 375/239 181/240
f 205/241 243/242 360/229
f 127/243 349/244 11/158
f 301/48 347/230 18/245
f 535/246 631/247 800/248
f 307/54 256/117 19/249
f 190/250 588/251 609/252
f 18/25 376/253 128/26
f 498/254 171/255 170/256
f 102/257 194/30 155/258
f 254/259 180/228 134/260
f 362/261 271/262 472/263
f 20/264 361/265 322/266
f 182/65 227/267 126/268
f 155/258 87/269 105/270
f 183/271 290/272 132/273
f 276/86 527/165 327/274
f 581/275 173/276 535/277
f 82/138 161/144 98/278
f 225/279 202/280 163/281
f 722/282 170/256 381/283
f 214/284 261/285 398/286
f 401/216 129/287 248/288
f 553/289 634/290 799/291
f 186/292 324/293 185/294
f 166/295 305/296 303/297
f 193/149 97/43 104/298
f 359/299 166/295 303/297
f 103/119 89/127 90/120
f 549/300 630/301 798/302
f 102/123 101/303 91/124
f 375/239 132/273 181/240
f 105/129 87/269 88/55
f 552/304 590/305 797/306
f 85/134 86/307 108/135
f 181/240 252/308 28/309
f 98/104 97/103 81/122
f 108/310 196/1 157/126
f 99/141 83/31 84/142
f 19/311 374/312 127/243
f 79/145 80/137 96/146
f 534/313 168/314 531/315
f 78/63 94/316 93/150
f 185/294 374/312 186/292
f 544/317 232/318 708/319
f 321/203 623/320 707/321
f 528/322 56/323 506/324
f 7/325 36/326 29/327
f 99/328 159/32 83/31
f 47/329 5/330 43/331
f 279/332 203/333 167/334
f 6/335 45/336 44/5
f 184/337 376/253 120/338
f 120/338 323/339 184/337
f 363/340 364/341 465/342
f 291/343 365/344 464/345
f 377/227 126/268 135/198
f 174/346 507/347 500/348
f 354/349 150/350 340/351
f 580/352 238/353 704/354
f 241/212 524/355 703/356
f 6/335 514/357 523/358
f 330/359 50/85 277/87
f 56/323 53/360 49/361
f 79/145 87/269 80/137
f 99/141 101/362 102/363
f 105/364 95/147 96/146
f 89/127 81/122 90/120
f 77/2 85/134 78/63
f 67/365 51/366 64/367
f 68/151 64/368 63/369
f 93/150 107/370 108/371
f 251/372 260/373 461/374
f 91/124 83/31 92/125
f 181/375 242/376 361/265
f 129/377 319/209 248/378
f 85/134 160/64 78/63
f 546/379 142/380 265/160
f 548/381 517/382 796/383
f 139/384 398/286 271/262
f 458/385 112/386 268/387
f 195/107 85/134 107/388
f 606/389 393/390 696/391
f 456/392 213/393 396/394
f 30/395 399/118 260/373
f 538/219 635/396 795/397
f 556/398 316/177 690/399
f 557/400 392/401 688/402
f 155/112 99/328 102/403
f 400/101 15/404 294/405
f 402/98 14/406 240/407
f 103/408 161/144 157/45
f 403/409 119/410 297/411
f 326/412 216/413 403/409
f 404/414 497/415 687/416
f 405/417 638/418 685/419
f 228/420 639/421 683/422
f 150/350 283/217 340/351
f 275/423 144/424 293/425
f 273/12 147/426 146/427
f 794/428 143/429 584/430
f 793/431 218/432 642/433
f 792/434 171/435 643/436
f 412/437 246/438 446/439
f 413/440 644/441 669/442
f 667/443 184/337 645/444
f 9/445 122/67 16/446
f 95/447 160/64 79/204
f 358/448 165/449 300/450
f 195/59 95/447 106/451
f 258/189 137/452 257/453
f 193/53 91/124 101/454
f 254/259 133/455 326/456
f 84/142 158/44 100/457
f 11/458 130/100 127/39
f 13/459 183/460 123/36
f 416/461 291/462 443/463
f 417/464 646/465 665/466
f 663/467 185/294 647/468
f 87/269 159/32 80/137
f 332/279 162/469 295/470
f 14/406 128/26 10/213
f 541/471 153/472 512/473
f 119/474 239/201 297/475
f 420/476 585/477 661/478
f 421/479 648/480 659/481
f 274/482 649/483 657/484
f 145/485 581/275 585/477
f 437/486 146/427 298/79
f 655/487 222/488 650/489
f 653/490 167/491 651/492
f 434/493 114/494 233/495
f 433/496 223/497 430/498
f 432/499 117/500 431/501
f 533/502 164/503 143/429
f 89/127 200/3 82/138
f 613/77 281/504 338/505
f 429/506 431/501 223/497
f 109/507 432/499 429/506
f 250/508 232/509 432/499
f 430/498 113/510 515/511
f 433/496 302/512 595/513
f 224/514 429/506 433/496
f 233/495 7/515 493/516
f 434/493 231/517 573/518
f 430/498 428/519 434/493
f 652/520 427/521 571/522
f 534/313 435/523 652/520
f 614/524 279/525 653/490
f 654/526 426/527 570/528
f 521/183 436/529 654/526
f 601/530 425/531 655/487
f 308/532 298/79 42/81
f 570/528 437/486 308/532
f 650/489 424/533 437/486
f 272/534 501/535 505/536
f 438/537 569/538 656/539
f 325/540 656/539 606/389
f 42/81 657/484 526/541
f 439/542 568/543 658/544
f 350/545 658/544 617/159
f 187/546 659/481 537/547
f 440/548 505/536 660/549
f 422/550 660/549 568/543
f 648/480 420/476 661/478
f 13/551 297/475 239/201
f 621/552 288/553 592/166
f 75/554 295/470 76/555
f 662/556 419/557 567/558
f 511/559 441/560 662/556
f 591/561 349/244 663/467
f 442/562 566/563 664/564
f 320/565 664/564 525/566
f 178/567 665/466 605/568
f 443/463 28/309 252/308
f 566/563 443/463 252/308
f 646/465 416/461 443/463
f 21/569 254/259 326/456
f 24/570 258/189 257/453
f 8/571 358/448 300/450
f 666/572 415/573 565/574
f 604/575 444/576 666/572
f 524/355 348/231 667/443
f 445/577 564/578 668/579
f 345/580 668/579 616/581
f 175/582 669/442 536/196
f 446/439 27/200 247/199
f 564/578 446/439 247/199
f 644/441 412/437 446/439
f 670/583 563/584 791/585
f 671/586 672/587 790/588
f 520/589 673/590 789/591
f 788/592 410/593 562/594
f 787/595 448/596 676/597
f 786/598 409/599 677/600
f 678/601 504/4 785/602
f 679/603 680/604 784/605
f 783/606 408/607 681/608
f 46/11 339/609 273/12
f 48/168 293/425 38/610
f 49/611 340/351 283/217
f 450/612 559/613 682/614
f 234/615 682/614 574/616
f 4/617 683/422 494/618
f 451/619 558/620 684/621
f 310/622 684/621 598/623
f 115/624 685/419 518/625
f 452/626 577/627 686/628
f 406/629 686/628 558/620
f 217/630 687/416 638/418
f 21/38 403/409 123/36
f 123/36 297/411 13/459
f 216/413 240/407 119/410
f 215/215 294/405 129/287
f 688/402 141/631 582/632
f 689/633 263/634 502/635
f 637/636 453/637 689/633
f 690/399 39/176 612/638
f 691/639 337/640 532/641
f 636/642 454/643 691/639
f 692/644 555/645 782/646
f 693/647 694/648 781/649
f 618/650 695/651 780/652
f 260/373 214/284 139/384
f 228/653 396/394 111/654
f 597/655 456/392 228/653
f 517/382 395/656 456/392
f 696/391 212/657 557/400
f 697/658 391/659 637/636
f 526/541 457/660 697/658
f 269/661 268/387 2/662
f 111/654 458/385 269/661
f 396/394 394/663 458/385
f 271/262 135/664 27/200
f 698/665 597/655 779/666
f 699/667 700/668 778/669
f 777/670 382/671 701/672
f 244/82 265/160 41/83
f 148/673 460/674 244/82
f 626/675 378/676 460/674
f 16/677 248/378 319/209
f 361/265 121/678 205/241
f 461/374 139/384 362/261
f 365/344 362/261 206/679
f 131/680 461/374 365/344
f 191/681 277/87 150/350
f 315/682 594/683 603/684
f 462/685 604/575 702/686
f 369/687 702/686 543/688
f 179/202 703/356 623/320
f 704/354 117/689 544/317
f 624/690 463/691 370/692
f 500/693 463/691 705/694
f 53/695 340/351 49/611
f 259/696 587/697 580/698
f 464/345 206/679 363/340
f 242/376 363/340 121/678
f 28/699 464/345 242/376
f 465/342 125/700 267/75
f 243/242 267/75 25/74
f 121/678 465/342 243/242
f 33/109 335/701 279/332
f 608/702 278/703 586/704
f 466/705 543/688 706/706
f 320/565 706/706 605/568
f 12/707 707/321 525/566
f 708/319 1/446 577/708
f 497/709 467/710 245/711
f 709/712 370/692 467/710
f 614/524 334/713 611/714
f 710/715 510/23 776/716
f 711/717 712/718 775/719
f 632/720 713/721 774/722
f 773/723 384/724 550/725
f 715/726 716/727 772/728
f 629/729 717/730 771/731
f 35/69 303/297 47/70
f 303/297 5/732 47/70
f 718/733 554/734 770/735
f 719/736 720/737 769/738
f 633/739 721/740 768/741
f 122/67 248/288 16/446
f 398/286 17/742 135/664
f 547/223 381/283 209/224
f 627/743 471/744 379/745
f 723/746 249/747 471/744
f 69/554 357/748 225/279
f 501/535 344/749 615/750
f 149/751 327/274 607/752
f 322/266 205/241 180/228
f 472/263 27/200 246/438
f 364/341 246/438 125/700
f 206/679 472/263 364/341
f 21/569 322/266 254/259
f 578/753 284/754 249/747
f 329/755 508/756 529/757
f 138/191 256/117 307/54
f 724/758 551/759 767/760
f 725/761 726/762 766/763
f 615/764 727/765 765/766
f 134/260 347/230 301/48
f 360/229 25/74 120/767
f 619/768 289/769 593/770
f 545/220 373/233 208/771
f 625/772 474/773 371/774
f 523/775 474/773 729/776
f 347/230 120/767 18/245
f 275/423 380/225 148/673
f 48/168 475/777 275/423
f 475/777 627/743 379/745
f 730/222 110/778 572/779
f 731/780 226/781 492/782
f 731/780 371/774 476/783
f 49/611 351/784 618/650
f 24/66 401/216 122/67
f 118/785 241/212 179/202
f 16/677 342/211 9/445
f 294/208 177/786 129/377
f 177/786 318/205 176/210
f 13/551 321/203 12/707
f 477/787 616/581 732/788
f 368/789 732/788 542/790
f 207/791 733/197 622/193
f 478/792 542/790 734/793
f 286/794 734/793 591/561
f 178/567 735/194 511/559
f 24/570 261/285 258/189
f 395/656 397/188 213/393
f 575/795 479/186 395/656
f 495/173 300/796 479/186
f 601/530 306/797 596/798
f 599/799 312/800 311/801
f 167/334 358/448 304/178
f 546/379 316/177 142/380
f 626/675 480/802 378/676
f 737/803 311/801 480/802
f 738/804 575/795 764/805
f 739/806 740/807 763/808
f 602/809 741/810 762/811
f 204/812 280/164 166/295
f 742/813 512/473 761/814
f 743/815 744/816 760/817
f 607/752 745/818 759/819
f 280/164 114/820 166/295
f 746/161 142/380 556/398
f 747/821 390/822 636/642
f 537/547 483/823 747/821
f 394/663 230/156 112/386
f 213/393 484/154 394/663
f 397/188 287/824 484/154
f 163/281 333/825 296/27
f 496/826 314/827 602/828
f 399/118 136/190 214/284
f 353/829 499/830 540/831
f 137/832 400/101 215/215
f 133/833 402/98 216/413
f 485/834 572/835 748/836
f 407/837 748/836 559/613
f 111/838 749/96 639/421
f 277/87 149/751 150/350
f 148/673 270/84 144/424
f 146/427 274/80 298/79
f 758/839 338/505 533/502
f 757/840 486/841 752/842
f 509/843 753/844 756/845
f 412/437 267/75 125/700
f 565/574 487/73 412/437
f 645/444 323/339 487/73
f 165/449 335/701 287/60
f 138/191 235/56 137/452
f 134/260 253/50 133/455
f 416/461 251/35 131/846
f 567/558 488/33 416/461
f 647/468 324/293 488/33
f 201/281 343/29 162/469
f 610/847 285/848 590/305
f 240/20 118/785 119/474
f 489/849 503/850 754/851
f 423/852 754/851 569/538
f 147/853 755/17 649/483
f 264/854 496/826 503/850
f 424/533 273/12 146/427
f 571/522 490/10 424/533
f 651/492 304/855 490/10
f 428/519 305/9 114/494
f 223/497 491/7 428/519
f 431/501 238/856 491/7
f 584/430 299/857 266/858
f 143/429 594/683 584/430
f 503/850 140/859 145/485
f 649/483 489/849 423/852
f 569/538 420/476 221/860
f 754/851 145/485 420/476
f 192/861 590/305 153/472
f 756/845 486/841 751/862
f 411/863 756/845 751/862
f 171/435 756/845 643/436
f 640/864 752/842 408/607
f 563/584 640/864 218/432
f 563/584 751/862 757/840
f 758/839 143/429 560/865
f 752/842 560/865 408/607
f 486/841 758/839 752/842
f 639/421 485/834 407/837
f 559/613 404/414 217/630
f 748/836 110/866 404/414
f 540/831 152/867 190/250
f 140/859 602/828 173/276
f 187/546 747/821 393/390
f 393/390 636/642 212/657
f 483/823 556/398 390/822
f 759/819 482/868 743/815
f 635/396 743/815 389/869
f 188/218 759/819 635/396
f 760/817 386/870 632/720
f 555/645 632/720 211/871
f 389/869 760/817 555/645
f 761/814 153/472 552/304
f 744/816 552/304 386/870
f 482/868 761/814 744/816
f 762/811 481/872 739/806
f 631/247 739/806 385/873
f 173/874 762/811 631/247
f 763/808 382/671 628/875
f 551/759 628/875 210/876
f 385/873 763/808 551/759
f 764/805 116/877 548/381
f 740/807 548/381 382/671
f 481/872 764/805 740/807
f 381/283 599/799 737/803
f 209/224 737/803 626/675
f 378/676 736/175 546/379
f 170/256 600/878 599/799
f 172/879 596/798 168/314
f 511/559 478/792 286/794
f 591/561 318/205 11/158
f 734/793 176/210 318/205
f 622/193 477/787 368/789
f 542/790 342/211 176/210
f 732/788 9/445 342/211
f 112/386 731/780 268/387
f 268/387 492/782 2/662
f 476/783 572/779 226/781
f 6/155 729/776 230/156
f 230/156 625/772 112/386
f 371/774 728/234 545/220
f 57/880 593/770 55/881
f 765/766 473/882 725/761
f 231/517 765/766 725/761
f 7/515 765/766 493/516
f 766/763 383/883 629/729
f 573/518 629/729 113/510
f 231/517 766/763 573/518
f 549/300 551/759 210/876
f 726/762 549/300 383/883
f 473/882 767/760 726/762
f 529/757 60/22 62/884
f 35/69 589/885 578/753
f 29/327 615/750 7/325
f 359/886 578/753 723/746
f 204/887 723/746 627/743
f 379/745 722/282 547/223
f 768/741 470/888 719/736
f 513/237 719/736 289/769
f 151/236 768/741 513/237
f 769/738 255/889 579/114
f 593/770 579/114 55/881
f 289/769 769/738 593/770
f 770/735 152/867 499/830
f 720/737 499/830 255/889
f 470/888 770/735 720/737
f 771/731 469/890 715/726
f 515/511 715/726 302/512
f 515/511 629/729 771/731
f 772/728 310/622 598/623
f 3/891 772/728 598/623
f 302/512 772/728 595/513
f 773/723 115/624 518/625
f 716/727 518/625 310/622
f 716/727 714/892 773/723
f 774/722 468/893 711/717
f 634/290 711/717 388/894
f 211/871 774/722 634/290
f 775/719 282/895 588/251
f 554/734 588/251 152/867
f 388/894 775/719 554/734
f 776/716 60/22 508/756
f 712/718 508/756 282/895
f 468/893 776/716 712/718
f 33/109 611/714 32/108
f 372/221 624/690 709/712
f 110/778 709/712 497/709
f 245/711 708/319 577/708
f 525/566 466/705 320/565
f 605/568 367/192 178/567
f 706/706 207/791 367/192
f 189/896 586/704 151/236
f 580/698 43/331 5/330
f 174/897 705/694 373/233
f 208/771 705/694 624/690
f 463/691 544/317 370/692
f 623/320 462/685 369/687
f 543/688 366/195 207/791
f 702/686 175/582 366/195
f 603/684 164/503 174/346
f 777/670 459/898 699/667
f 630/301 699/667 384/724
f 630/301 628/875 777/670
f 778/669 234/615 574/616
f 550/725 574/616 115/624
f 384/724 778/669 550/725
f 494/618 597/655 4/617
f 234/615 779/666 494/618
f 459/898 779/666 700/668
f 42/81 697/658 308/532
f 308/532 637/636 169/899
f 457/660 557/400 391/659
f 780/652 455/900 693/647
f 506/324 693/647 278/703
f 56/323 780/652 506/324
f 781/649 387/901 633/739
f 586/704 633/739 151/236
f 278/703 781/649 586/704
f 782/646 211/871 553/289
f 694/648 553/289 387/901
f 455/900 782/646 694/648
f 212/657 691/639 392/401
f 392/401 532/641 141/631
f 454/643 612/638 337/640
f 169/899 689/633 292/902
f 292/902 502/635 40/184
f 453/637 582/632 263/634
f 638/418 452/626 406/629
f 558/620 250/903 109/904
f 686/628 1/905 250/903
f 518/625 451/619 310/622
f 598/623 224/906 3/891
f 684/621 109/904 224/906
f 494/618 450/612 234/615
f 574/616 405/417 115/624
f 682/614 217/630 405/417
f 783/606 449/907 679/603
f 410/593 783/606 679/603
f 642/433 640/864 783/606
f 784/605 334/908 531/909
f 168/910 784/605 531/909
f 562/594 679/603 784/605
f 785/602 32/6 611/911
f 680/604 611/911 334/908
f 680/604 678/601 785/602
f 675/912 677/600 448/596
f 582/632 675/912 263/634
f 582/632 641/913 786/598
f 516/914 676/597 306/915
f 502/635 516/914 40/184
f 263/634 787/595 502/635
f 788/592 168/910 596/916
f 676/597 596/916 306/915
f 448/596 788/592 676/597
f 671/586 673/590 447/917
f 612/638 671/586 337/640
f 39/176 789/591 612/638
f 641/913 672/587 409/599
f 141/631 790/588 641/913
f 337/640 790/588 532/641
f 791/585 218/432 561/918
f 672/587 561/918 409/599
f 447/917 791/585 672/587
f 536/196 445/577 345/580
f 616/581 227/267 9/445
f 668/579 126/268 227/267
f 317/919 667/443 444/576
f 175/582 666/572 413/440
f 413/440 565/574 219/920
f 605/568 442/562 320/565
f 525/566 290/272 12/707
f 664/564 132/273 290/272
f 286/794 663/467 441/560
f 178/567 662/556 417/464
f 417/464 567/558 220/921
f 61/88 592/166 59/922
f 648/480 440/548 422/550
f 568/543 293/923 144/924
f 660/549 38/554 293/923
f 537/547 439/542 350/545
f 617/159 270/925 41/83
f 270/925 568/543 144/924
f 526/541 438/537 325/540
f 606/389 421/479 187/546
f 656/539 221/860 421/479
f 505/536 29/327 38/554
f 313/926 655/487 436/529
f 40/184 654/526 292/902
f 292/902 570/528 169/899
f 341/927 653/490 435/523
f 172/879 652/520 425/531
f 425/531 571/522 222/488
f 31/928 587/697 613/77
f 338/505 507/347 533/502
f 435/523 651/492 427/521
f 436/529 650/489 426/527
f 585/477 262/929 272/534
f 657/484 423/852 438/537
f 659/481 422/550 439/542
f 661/478 272/534 440/548
f 355/930 512/473 288/553
f 441/560 647/468 419/557
f 665/466 418/931 442/562
f 444/576 645/444 415/573
f 669/442 414/932 445/577
f 670/583 643/436 411/863
f 673/590 670/583 447/917
f 673/590 600/933 792/434
f 674/934 642/433 410/593
f 448/596 793/431 674/934
f 677/600 561/918 793/431
f 794/428 266/858 678/601
f 681/608 678/601 449/907
f 681/608 560/865 794/428
f 683/422 407/837 450/612
f 685/419 406/629 451/619
f 687/416 245/935 452/626
f 391/659 688/402 453/637
f 390/822 690/399 454/643
f 795/397 389/869 692/644
f 695/651 692/644 455/900
f 351/784 795/397 695/651
f 325/540 696/391 457/660
f 796/383 309/936 698/665
f 701/672 698/665 459/898
f 382/671 796/383 701/672
f 523/358 299/857 315/682
f 703/356 317/919 462/685
f 259/937 704/354 463/691
f 500/348 281/504 259/696
f 328/938 506/324 278/703
f 707/321 369/687 466/705
f 467/710 544/317 708/319
f 341/927 531/315 334/713
f 797/306 285/848 710/715
f 713/721 710/715 468/893
f 386/870 797/306 713/721
f 798/302 384/724 714/892
f 717/730 714/892 469/890
f 383/883 798/302 717/730
f 799/291 388/894 718/733
f 721/740 718/733 470/888
f 387/901 799/291 721/740
f 471/744 498/254 722/282
f 262/929 535/277 344/749
f 249/747 509/939 498/254
f 609/252 282/895 329/755
f 800/248 385/873 724/758
f 727/765 724/758 473/882
f 727/765 535/246 800/248
f 352/163 513/237 289/769
f 315/940 728/234 474/773
f 371/774 730/222 476/783
f 733/197 345/580 477/787
f 735/194 368/789 478/792
f 313/926 516/185 306/797
f 311/801 520/182 519/181
f 480/802 519/181 736/175
f 738/804 495/173 236/941
f 481/872 801/174 738/804
f 314/942 801/174 741/810
f 802/167 288/553 742/813
f 482/868 802/167 742/813
f 327/274 802/167 745/818
f 350/545 746/161 483/823
f 237/943 522/140 314/827
f 620/115 255/889 353/829
f 749/96 226/944 485/834
f 803/78 338/505 750/945
f 753/844 750/945 486/841
f 284/946 803/78 753/844
f 331/947 510/23 285/848
f 755/17 264/854 489/849
f 583/15 237/943 264/854
f 266/858 514/357 504/4
f 196/1 86/307 77/2
f 504/4 514/357 44/5
f 491/7 238/856 5/8
f 490/10 304/855 46/11
f 37/13 26/157 576/14
f 339/16 37/13 583/15
f 14/18 10/213 229/19
f 530/21 62/948 60/22
f 124/24 22/949 18/25
f 356/27 74/153 73/28
f 194/30 92/125 83/31
f 488/33 324/293 30/34
f 123/36 183/460 20/37
f 127/39 130/100 23/40
f 197/42 81/122 97/43
f 157/45 161/144 93/46
f 301/48 18/245 22/49
f 104/51 90/120 154/52
f 307/54 19/249 23/55
f 107/57 94/950 199/58
f 287/60 335/701 45/61
f 199/58 94/950 78/63
f 182/65 17/226 24/66
f 43/68 31/951 35/69
f 26/71 37/952 46/11
f 487/73 323/339 25/74
f 589/76 31/928 613/77
f 50/85 59/922 276/86
f 61/88 59/922 50/89
f 65/91 68/151 63/92
f 269/94 2/953 492/95
f 253/97 22/949 124/24
f 235/99 23/40 130/100
f 103/102 104/954 97/103
f 106/105 88/955 156/106
f 32/108 44/956 45/61
f 105/110 96/957 198/111
f 57/113 55/881 579/114
f 186/116 19/249 256/117
f 154/52 90/120 81/122
f 157/126 196/1 89/127
f 66/131 65/91 52/132
f 198/111 96/957 80/137
f 576/14 26/157 8/139
f 200/3 77/2 93/46
f 101/148 100/457 158/44
f 66/131 67/365 68/151
f 296/27 333/825 71/152
f 484/154 287/824 6/155
f 617/159 41/83 265/160
f 36/162 7/958 233/163
f 527/165 59/922 592/166
f 48/168 38/610 29/169
f 336/171 48/959 36/162
f 522/172 8/960 495/173
f 736/175 519/181 39/176
f 304/178 358/448 34/179
f 479/186 300/796 165/187
f 258/189 261/285 136/190
f 367/192 207/791 622/193
f 366/195 175/582 536/196
f 135/198 126/268 247/199
f 239/201 118/785 179/202
f 156/106 88/955 79/204
f 15/207 11/158 346/206
f 319/209 177/786 176/210
f 257/214 137/832 215/215
f 538/219 351/784 283/217
f 283/217 149/751 188/218
f 545/220 208/771 372/221
f 380/225 475/777 547/223
f 475/777 379/745 547/223
f 17/226 182/65 377/227
f 180/228 205/241 360/229
f 128/26 184/337 348/231
f 603/232 174/897 373/233
f 539/235 189/896 151/236
f 91/124 154/52 197/42
f 20/238 183/271 375/239
f 205/241 121/678 243/242
f 127/243 185/294 349/244
f 535/246 173/874 631/247
f 190/250 152/867 588/251
f 18/25 120/338 376/253
f 498/254 509/939 171/255
f 102/257 92/125 194/30
f 254/259 322/266 180/228
f 362/261 139/384 271/262
f 20/264 181/375 361/265
f 182/65 9/445 227/267
f 155/258 194/30 87/269
f 183/271 12/707 290/272
f 276/86 59/922 527/165
f 581/275 140/859 173/276
f 82/138 200/3 161/144
f 225/279 357/748 202/280
f 722/282 498/254 170/256
f 214/284 136/190 261/285
f 401/216 215/215 129/287
f 553/289 211/871 634/290
f 186/292 30/34 324/293
f 166/295 114/820 305/296
f 193/149 158/44 97/43
f 359/299 204/812 166/295
f 549/300 210/876 630/301
f 375/239 183/271 132/273
f 552/304 153/472 590/305
f 181/240 132/273 252/308
f 108/310 86/307 196/1
f 19/311 186/292 374/312
f 534/313 172/879 168/314
f 185/294 127/243 374/312
f 544/317 117/689 232/318
f 321/203 179/202 623/320
f 528/322 58/961 56/323
f 99/328 198/111 159/32
f 279/332 335/701 203/333
f 184/337 128/26 376/253
f 120/338 25/74 323/339
f 363/340 206/679 364/341
f 291/343 131/680 365/344
f 377/227 182/65 126/268
f 174/346 164/503 507/347
f 354/349 191/681 150/350
f 580/352 5/207 238/353
f 241/212 10/213 524/355
f 6/335 44/5 514/357
f 330/359 54/962 50/85
f 56/323 58/961 53/360
f 79/145 88/55 87/269
f 99/141 100/143 101/362
f 105/364 106/963 95/147
f 89/127 82/138 81/122
f 77/2 86/307 85/134
f 67/365 66/131 51/366
f 68/151 67/365 64/368
f 93/150 94/316 107/370
f 251/372 30/395 260/373
f 91/124 84/142 83/31
f 181/375 28/699 242/376
f 129/377 177/786 319/209
f 85/134 156/106 160/64
f 265/160 460/674 546/379
f 460/674 378/676 546/379
f 548/381 116/877 517/382
f 139/384 214/284 398/286
f 458/385 394/663 112/386
f 195/107 156/106 85/134
f 606/389 187/546 393/390
f 456/392 395/656 213/393
f 30/395 186/116 399/118
f 538/219 188/218 635/396
f 556/398 142/380 316/177
f 557/400 212/657 392/401
f 155/112 198/111 99/328
f 400/101 130/100 15/404
f 402/98 124/24 14/406
f 103/408 98/278 161/144
f 403/409 216/413 119/410
f 326/412 133/833 216/413
f 404/414 110/866 497/415
f 405/417 217/630 638/418
f 228/420 111/838 639/421
f 150/350 149/751 283/217
f 275/423 148/673 144/424
f 273/12 339/609 147/426
f 794/428 560/865 143/429
f 793/431 561/918 218/432
f 792/434 600/933 171/435
f 412/437 125/700 246/438
f 413/440 219/920 644/441
f 667/443 348/231 184/337
f 9/445 182/65 122/67
f 95/447 199/58 160/64
f 358/448 203/333 165/449
f 195/59 199/58 95/447
f 258/189 138/191 137/452
f 193/53 154/52 91/124
f 254/259 134/260 133/455
f 84/142 197/42 158/44
f 11/458 15/404 130/100
f 13/459 12/964 183/460
f 416/461 131/846 291/462
f 417/464 220/921 646/465
f 663/467 349/244 185/294
f 87/269 194/30 159/32
f 332/279 201/281 162/469
f 14/406 124/24 128/26
f 541/471 192/861 153/472
f 119/474 118/785 239/201
f 420/476 145/485 585/477
f 421/479 221/860 648/480
f 274/482 147/853 649/483
f 145/485 140/859 581/275
f 437/486 424/533 146/427
f 655/487 425/531 222/488
f 653/490 279/525 167/491
f 434/493 428/519 114/494
f 433/496 429/506 223/497
f 432/499 232/509 117/500
f 533/502 507/347 164/503
f 89/127 196/1 200/3
f 613/77 587/697 281/504
f 429/506 432/499 431/501
f 109/507 250/508 432/499
f 250/508 1/965 232/509
f 515/511 302/512 433/496
f 433/496 430/498 515/511
f 595/513 3/891 224/514
f 224/514 433/496 595/513
f 224/514 109/507 429/506
f 493/516 231/517 434/493
f 434/493 233/495 493/516
f 573/518 113/510 430/498
f 430/498 434/493 573/518
f 430/498 223/497 428/519
f 652/520 435/523 427/521
f 534/313 341/927 435/523
f 614/524 33/109 279/525
f 654/526 436/529 426/527
f 521/183 313/926 436/529
f 601/530 172/879 425/531
f 308/532 437/486 298/79
f 308/532 169/899 570/528
f 570/528 426/527 437/486
f 437/486 426/527 650/489
f 650/489 222/488 424/533
f 272/534 262/929 501/535
f 438/537 423/852 569/538
f 325/540 438/537 656/539
f 42/81 274/482 657/484
f 439/542 422/550 568/543
f 350/545 439/542 658/544
f 187/546 421/479 659/481
f 440/548 272/534 505/536
f 422/550 440/548 660/549
f 648/480 221/860 420/476
f 621/552 355/930 288/553
f 75/554 332/279 295/470
f 662/556 441/560 419/557
f 511/559 286/794 441/560
f 591/561 11/158 349/244
f 442/562 418/931 566/563
f 320/565 442/562 664/564
f 178/567 417/464 665/466
f 443/463 291/462 28/309
f 252/308 132/273 566/563
f 566/563 418/931 443/463
f 443/463 418/931 646/465
f 646/465 220/921 416/461
f 8/571 34/179 358/448
f 666/572 444/576 415/573
f 604/575 317/919 444/576
f 524/355 10/213 348/231
f 445/577 414/932 564/578
f 345/580 445/577 668/579
f 175/582 413/440 669/442
f 446/439 246/438 27/200
f 247/199 126/268 564/578
f 564/578 414/932 446/439
f 446/439 414/932 644/441
f 644/441 219/920 412/437
f 670/583 411/863 563/584
f 671/586 447/917 672/587
f 520/589 312/966 673/590
f 788/592 674/934 410/593
f 787/595 675/912 448/596
f 786/598 641/913 409/599
f 678/601 266/858 504/4
f 679/603 449/907 680/604
f 783/606 640/864 408/607
f 46/11 37/952 339/609
f 48/168 275/423 293/425
f 450/612 407/837 559/613
f 234/615 450/612 682/614
f 4/617 228/420 683/422
f 451/619 406/629 558/620
f 310/622 451/619 684/621
f 115/624 405/417 685/419
f 452/626 245/935 577/627
f 406/629 452/626 686/628
f 217/630 404/414 687/416
f 21/38 326/412 403/409
f 123/36 403/409 297/411
f 216/413 402/98 240/407
f 215/215 400/101 294/405
f 688/402 392/401 141/631
f 689/633 453/637 263/634
f 637/636 391/659 453/637
f 690/399 316/177 39/176
f 691/639 454/643 337/640
f 636/642 390/822 454/643
f 692/644 389/869 555/645
f 693/647 455/900 694/648
f 618/650 351/784 695/651
f 260/373 399/118 214/284
f 228/653 456/392 396/394
f 228/653 4/617 597/655
f 597/655 309/936 456/392
f 456/392 309/936 517/382
f 517/382 116/877 395/656
f 696/391 393/390 212/657
f 697/658 457/660 391/659
f 526/541 325/540 457/660
f 269/661 458/385 268/387
f 111/654 396/394 458/385
f 396/394 213/393 394/663
f 271/262 398/286 135/664
f 698/665 309/936 597/655
f 699/667 459/898 700/668
f 777/670 628/875 382/671
f 244/82 460/674 265/160
f 148/673 380/225 460/674
f 460/674 380/225 626/675
f 380/225 209/224 626/675
f 361/265 242/376 121/678
f 461/374 260/373 139/384
f 365/344 461/374 362/261
f 131/680 251/372 461/374
f 191/681 330/359 277/87
f 315/682 299/857 594/683
f 462/685 317/919 604/575
f 369/687 462/685 702/686
f 179/202 241/212 703/356
f 704/354 238/353 117/689
f 624/690 705/694 463/691
f 500/693 259/937 463/691
f 53/695 354/349 340/351
f 259/696 281/504 587/697
f 464/345 365/344 206/679
f 242/376 464/345 363/340
f 28/699 291/343 464/345
f 465/342 364/341 125/700
f 243/242 465/342 267/75
f 121/678 363/340 465/342
f 33/109 45/61 335/701
f 608/702 328/938 278/703
f 466/705 369/687 543/688
f 320/565 466/705 706/706
f 12/707 321/203 707/321
f 708/319 232/318 1/446
f 497/709 709/712 467/710
f 709/712 624/690 370/692
f 614/524 341/927 334/713
f 710/715 285/848 510/23
f 711/717 468/893 712/718
f 632/720 386/870 713/721
f 773/723 714/892 384/724
f 715/726 469/890 716/727
f 629/729 383/883 717/730
f 35/69 359/299 303/297
f 303/297 305/296 5/732
f 718/733 388/894 554/734
f 719/736 470/888 720/737
f 633/739 387/901 721/740
f 122/67 401/216 248/288
f 398/286 261/285 17/742
f 547/223 722/282 381/283
f 627/743 723/746 471/744
f 723/746 578/753 249/747
f 69/554 70/967 357/748
f 501/535 262/929 344/749
f 607/752 188/218 149/751
f 149/751 276/86 327/274
f 322/266 361/265 205/241
f 472/263 271/262 27/200
f 364/341 472/263 246/438
f 206/679 362/261 472/263
f 21/569 20/264 322/266
f 578/753 589/885 284/754
f 329/755 282/895 508/756
f 138/191 136/190 256/117
f 724/758 385/873 551/759
f 725/761 473/882 726/762
f 615/764 344/968 727/765
f 134/260 180/228 347/230
f 360/229 243/242 25/74
f 619/768 352/163 289/769
f 545/220 728/234 373/233
f 625/772 729/776 474/773
f 523/775 315/940 474/773
f 347/230 360/229 120/767
f 275/423 475/777 380/225
f 48/168 336/969 475/777
f 475/777 336/969 627/743
f 336/969 204/887 627/743
f 730/222 372/221 110/778
f 731/780 476/783 226/781
f 731/780 625/772 371/774
f 618/650 56/323 49/611
f 49/611 283/217 351/784
f 24/66 257/214 401/216
f 118/785 229/19 241/212
f 16/677 319/209 342/211
f 294/208 346/206 177/786
f 177/786 346/206 318/205
f 13/551 239/201 321/203
f 477/787 345/580 616/581
f 368/789 477/787 732/788
f 207/791 366/195 733/197
f 478/792 368/789 542/790
f 286/794 478/792 734/793
f 178/567 367/192 735/194
f 24/570 17/742 261/285
f 395/656 479/186 397/188
f 395/656 116/877 575/795
f 575/795 236/941 479/186
f 479/186 236/941 495/173
f 495/173 8/960 300/796
f 601/530 313/926 306/797
f 599/799 600/878 312/800
f 167/334 203/333 358/448
f 546/379 736/175 316/177
f 626/675 737/803 480/802
f 737/803 599/799 311/801
f 738/804 236/941 575/795
f 739/806 481/872 740/807
f 602/809 314/942 741/810
f 204/812 336/171 280/164
f 742/813 288/553 512/473
f 743/815 482/868 744/816
f 607/752 327/274 745/818
f 280/164 233/163 114/820
f 746/161 265/160 142/380
f 747/821 483/823 390/822
f 537/547 350/545 483/823
f 394/663 484/154 230/156
f 213/393 397/188 484/154
f 397/188 165/187 287/824
f 163/281 202/280 333/825
f 496/826 237/943 314/827
f 399/118 256/117 136/190
f 353/829 255/889 499/830
f 137/832 235/99 400/101
f 133/833 253/97 402/98
f 485/834 226/944 572/835
f 407/837 485/834 748/836
f 111/838 269/94 749/96
f 277/87 276/86 149/751
f 148/673 244/82 270/84
f 146/427 147/426 274/80
f 758/839 750/945 338/505
f 757/840 751/862 486/841
f 509/843 284/946 753/844
f 412/437 487/73 267/75
f 412/437 219/920 565/574
f 565/574 415/573 487/73
f 487/73 415/573 645/444
f 645/444 184/337 323/339
f 165/449 203/333 335/701
f 138/191 307/54 235/56
f 134/260 301/48 253/50
f 416/461 488/33 251/35
f 416/461 220/921 567/558
f 567/558 419/557 488/33
f 488/33 419/557 647/468
f 647/468 185/294 324/293
f 201/281 356/27 343/29
f 610/847 331/947 285/848
f 240/20 229/19 118/785
f 489/849 264/854 503/850
f 423/852 489/849 754/851
f 147/853 339/16 755/17
f 264/854 237/943 496/826
f 424/533 490/10 273/12
f 424/533 222/488 571/522
f 571/522 427/521 490/10
f 490/10 427/521 651/492
f 651/492 167/491 304/855
f 428/519 491/7 305/9
f 223/497 431/501 491/7
f 431/501 117/500 238/856
f 584/430 594/683 299/857
f 143/429 164/503 594/683
f 503/850 496/826 140/859
f 649/483 755/17 489/849
f 569/538 754/851 420/476
f 754/851 503/850 145/485
f 192/861 610/847 590/305
f 756/845 753/844 486/841
f 411/863 643/436 756/845
f 171/435 509/843 756/845
f 640/864 757/840 752/842
f 563/584 757/840 640/864
f 563/584 411/863 751/862
f 758/839 533/502 143/429
f 752/842 758/839 560/865
f 486/841 750/945 758/839
f 639/421 749/96 485/834
f 559/613 748/836 404/414
f 748/836 572/835 110/866
f 540/831 499/830 152/867
f 140/859 496/826 602/828
f 187/546 537/547 747/821
f 393/390 747/821 636/642
f 483/823 746/161 556/398
f 759/819 745/818 482/868
f 635/396 759/819 743/815
f 188/218 607/752 759/819
f 760/817 744/816 386/870
f 555/645 760/817 632/720
f 389/869 743/815 760/817
f 761/814 512/473 153/472
f 744/816 761/814 552/304
f 482/868 742/813 761/814
f 762/811 741/810 481/872
f 631/247 762/811 739/806
f 173/874 602/809 762/811
f 763/808 740/807 382/671
f 551/759 763/808 628/875
f 385/873 739/806 763/808
f 764/805 575/795 116/877
f 740/807 764/805 548/381
f 481/872 738/804 764/805
f 381/283 170/256 599/799
f 209/224 381/283 737/803
f 378/676 480/802 736/175
f 170/256 171/255 600/878
f 172/879 601/530 596/798
f 511/559 735/194 478/792
f 591/561 734/793 318/205
f 734/793 542/790 176/210
f 622/193 733/197 477/787
f 542/790 732/788 342/211
f 732/788 616/581 9/445
f 112/386 625/772 731/780
f 268/387 731/780 492/782
f 476/783 730/222 572/779
f 6/155 523/775 729/776
f 230/156 729/776 625/772
f 371/774 474/773 728/234
f 57/880 619/768 593/770
f 765/766 727/765 473/882
f 231/517 493/516 765/766
f 7/515 615/764 765/766
f 766/763 726/762 383/883
f 573/518 766/763 629/729
f 231/517 725/761 766/763
f 549/300 767/760 551/759
f 726/762 767/760 549/300
f 473/882 724/758 767/760
f 529/757 508/756 60/22
f 35/69 31/951 589/885
f 29/327 501/535 615/750
f 359/886 35/69 578/753
f 204/887 359/886 723/746
f 379/745 471/744 722/282
f 768/741 721/740 470/888
f 513/237 768/741 719/736
f 151/236 633/739 768/741
f 769/738 720/737 255/889
f 593/770 769/738 579/114
f 289/769 719/736 769/738
f 770/735 554/734 152/867
f 720/737 770/735 499/830
f 470/888 718/733 770/735
f 771/731 717/730 469/890
f 515/511 771/731 715/726
f 515/511 113/510 629/729
f 772/728 716/727 310/622
f 3/891 595/513 772/728
f 302/512 715/726 772/728
f 773/723 550/725 115/624
f 716/727 773/723 518/625
f 716/727 469/890 714/892
f 774/722 713/721 468/893
f 634/290 774/722 711/717
f 211/871 632/720 774/722
f 775/719 712/718 282/895
f 554/734 775/719 588/251
f 388/894 711/717 775/719
f 776/716 510/23 60/22
f 712/718 776/716 508/756
f 468/893 710/715 776/716
f 33/109 614/524 611/714
f 372/221 208/771 624/690
f 110/778 372/221 709/712
f 245/711 467/710 708/319
f 525/566 707/321 466/705
f 605/568 706/706 367/192
f 706/706 543/688 207/791
f 189/896 608/702 586/704
f 580/698 587/697 43/331
f 174/897 500/693 705/694
f 208/771 373/233 705/694
f 463/691 704/354 544/317
f 623/320 703/356 462/685
f 543/688 702/686 366/195
f 702/686 604/575 175/582
f 603/684 594/683 164/503
f 777/670 701/672 459/898
f 630/301 777/670 699/667
f 630/301 210/876 628/875
f 778/669 700/668 234/615
f 550/725 778/669 574/616
f 384/724 699/667 778/669
f 494/618 779/666 597/655
f 234/615 700/668 779/666
f 459/898 698/665 779/666
f 42/81 526/541 697/658
f 308/532 697/658 637/636
f 457/660 696/391 557/400
f 780/652 695/651 455/900
f 506/324 780/652 693/647
f 56/323 618/650 780/652
f 781/649 694/648 387/901
f 586/704 781/649 633/739
f 278/703 693/647 781/649
f 782/646 555/645 211/871
f 694/648 782/646 553/289
f 455/900 692/644 782/646
f 212/657 636/642 691/639
f 392/401 691/639 532/641
f 454/643 690/399 612/638
f 169/899 637/636 689/633
f 292/902 689/633 502/635
f 453/637 688/402 582/632
f 638/418 687/416 452/626
f 558/620 686/628 250/903
f 686/628 577/627 1/905
f 518/625 685/419 451/619
f 598/623 684/621 224/906
f 684/621 558/620 109/904
f 494/618 683/422 450/612
f 574/616 682/614 405/417
f 682/614 559/613 217/630
f 783/606 681/608 449/907
f 410/593 642/433 783/606
f 642/433 218/432 640/864
f 784/605 680/604 334/908
f 168/910 562/594 784/605
f 562/594 410/593 679/603
f 785/602 504/4 32/6
f 680/604 785/602 611/911
f 680/604 449/907 678/601
f 675/912 786/598 677/600
f 582/632 786/598 675/912
f 582/632 141/631 641/913
f 516/914 787/595 676/597
f 502/635 787/595 516/914
f 263/634 675/912 787/595
f 788/592 562/594 168/910
f 676/597 788/592 596/916
f 448/596 674/934 788/592
f 671/586 789/591 673/590
f 612/638 789/591 671/586
f 39/176 520/589 789/591
f 641/913 790/588 672/587
f 141/631 532/641 790/588
f 337/640 671/586 790/588
f 791/585 563/584 218/432
f 672/587 791/585 561/918
f 447/917 670/583 791/585
f 536/196 669/442 445/577
f 616/581 668/579 227/267
f 668/579 564/578 126/268
f 317/919 524/355 667/443
f 175/582 604/575 666/572
f 413/440 666/572 565/574
f 605/568 665/466 442/562
f 525/566 664/564 290/272
f 664/564 566/563 132/273
f 286/794 591/561 663/467
f 178/567 511/559 662/556
f 417/464 662/556 567/558
f 61/88 621/552 592/166
f 648/480 661/478 440/548
f 568/543 660/549 293/923
f 660/549 505/536 38/554
f 537/547 659/481 439/542
f 617/159 658/544 270/925
f 270/925 658/544 568/543
f 526/541 657/484 438/537
f 606/389 656/539 421/479
f 656/539 569/538 221/860
f 505/536 501/535 29/327
f 313/926 601/530 655/487
f 40/184 521/183 654/526
f 292/902 654/526 570/528
f 341/927 614/524 653/490
f 172/879 534/313 652/520
f 425/531 652/520 571/522
f 31/928 43/331 587/697
f 338/505 281/504 507/347
f 435/523 653/490 651/492
f 436/529 655/487 650/489
f 585/477 581/275 262/929
f 657/484 649/483 423/852
f 659/481 648/480 422/550
f 661/478 585/477 272/534
f 355/930 541/471 512/473
f 441/560 663/467 647/468
f 665/466 646/465 418/931
f 444/576 667/443 645/444
f 669/442 644/441 414/932
f 670/583 792/434 643/436
f 673/590 792/434 670/583
f 673/590 312/966 600/933
f 674/934 793/431 642/433
f 448/596 677/600 793/431
f 677/600 409/599 561/918
f 794/428 584/430 266/858
f 681/608 794/428 678/601
f 681/608 408/607 560/865
f 683/422 639/421 407/837
f 685/419 638/418 406/629
f 687/416 497/415 245/935
f 391/659 557/400 688/402
f 390/822 556/398 690/399
f 795/397 635/396 389/869
f 695/651 795/397 692/644
f 351/784 538/219 795/397
f 325/540 606/389 696/391
f 796/383 517/382 309/936
f 701/672 796/383 698/665
f 382/671 548/381 796/383
f 523/358 514/357 299/857
f 703/356 524/355 317/919
f 259/937 580/352 704/354
f 500/348 507/347 281/504
f 328/938 528/322 506/324
f 707/321 623/320 369/687
f 467/710 370/692 544/317
f 341/927 534/313 531/315
f 797/306 590/305 285/848
f 713/721 797/306 710/715
f 386/870 552/304 797/306
f 798/302 630/301 384/724
f 717/730 798/302 714/892
f 383/883 549/300 798/302
f 799/291 634/290 388/894
f 721/740 799/291 718/733
f 387/901 553/289 799/291
f 471/744 249/747 498/254
f 262/929 581/275 535/277
f 249/747 284/754 509/939
f 609/252 588/251 282/895
f 800/248 631/247 385/873
f 727/765 800/248 724/758
f 727/765 344/968 535/246
f 352/163 539/235 513/237
f 315/940 603/232 728/234
f 371/774 545/220 730/222
f 733/197 536/196 345/580
f 735/194 622/193 368/789
f 313/926 521/183 516/185
f 311/801 312/800 520/182
f 480/802 311/801 519/181
f 738/804 801/174 495/173
f 481/872 741/810 801/174
f 314/942 522/172 801/174
f 802/167 592/166 288/553
f 482/868 745/818 802/167
f 327/274 527/165 802/167
f 350/545 617/159 746/161
f 237/943 576/14 522/140
f 620/115 579/114 255/889
f 749/96 492/95 226/944
f 803/78 613/77 338/505
f 753/844 803/78 750/945
f 284/946 589/76 803/78
f 331/947 530/21 510/23
f 755/17 583/15 264/854
f 583/15 576/14 237/943
f 266/858 299/857 514/357
o Helmet
v 4.25 0.25 4.25
v -4.25 0.25 4.25
v 4.25 0.25 -4.25
v -4.25 0.25 -4.25
v 4.25 -8.25 -4.25
v 4.25 -8.25 4.25
v -4.25 -8.25 4.25
v -4.25 -8.25 -4.25
v 2.125 0.25 -4.25
v -2.125 0.25 -4.25
v 2.125 -2.9375 -4.25
v -2.125 -2.9375 -4.25
v 1.0625 -4 -4.25
v -1.0625 -4 -4.25
v 1.0625 0.25 -5.3125
v -1.0625 0.25 -5.3125
v 1.0625 -2.9375 -5.3125
v -1.0625 -2.9375 -5.3125
v -1.0625 -0.8125 -5.3125
v -0.5313 -1.7327 -5.3125
v 0.5312 -1.7327 -5.3125
v 1.0625 -0.8125 -5.3125
v 0.5312 0.1077 -5.3125
v -0.5313 0.1077 -5.3125
v -1.0625 -0.8125 -5.8438
v -0.5313 -1.7327 -5.8438
v 0.5312 -1.7327 -5.8438
v 1.0625 -0.8125 -5.8438
v 0.5312 0.1077 -5.8438
v -0.5313 0.1077 -5.8438
v -0 -0.8125 -5.8438
v 1.8594 -2.1406 -4.25
v 1.8594 -2.6719 -4.25
v 1.8594 -2.1406 -5.3125
v 1.8594 -2.6719 -5.3125
v 1.3281 -2.1406 -4.25
v 1.3281 -2.6719 -4.25
v 1.3281 -2.1406 -5.3125
v 1.3281 -2.6719 -5.3125
v -1.3281 -2.1406 -4.25
v -1.3281 -2.6719 -4.25
v -1.3281 -2.1406 -5.3125
v -1.3281 -2.6719 -5.3125
v -1.8594 -2.1406 -4.25
v -1.8594 -2.6719 -4.25
v -1.8594 -2.1406 -5.3125
v -1.8594 -2.6719 -5.3125
v 4.25 -3.4688 -4.25
v -4.25 -3.4687 -4.25
v 4.25 -5.5938 -4.25
v -4.25 -5.5937 -4.25
v -3.7188 -3.4687 -4.7812
v 3.7187 -3.4688 -4.7812
v -3.7188 -5.5937 -4.7812
v 3.7187 -5.5938 -4.7812
v 3.7187 -5.0625 -4.7812
v 3.7187 -4 -4.7812
v -3.7188 -4 -4.7812
v -3.7188 -5.0625 -4.7812
v -3.7188 -5.0625 -4.25
v 1.5937 -4.5312 -4.7812
v -3.7188 -4 -4.25
v 3.7187 -4 -4.25
v -1.5938 -4.5312 -4.7812
v 3.7187 -5.0625 -4.25
v 1.5937 -4.5312 -4.25
v -1.5938 -4.5312 -4.25
v 1.5937 -5.5938 -4.25
v -1.5938 -5.5938 -4.25
v 1.5937 -8.25 -4.25
v -1.5938 -8.25 -4.25
v -1.5938 -5.5938 -4.7812
v 1.5937 -5.5938 -4.7812
v -1.5938 -7.7188 -4.7812
v 1.5937 -7.7188 -4.7812
v -1.0625 -6.6562 -4.7812
v -0.5313 -7.5764 -4.7812
v 0.5312 -7.5764 -4.7812
v 1.0625 -6.6562 -4.7812
v 0.5312 -5.7361 -4.7812
v -0.5313 -5.7361 -4.7812
v -1.0625 -6.6562 -5.3125
v -0.5313 -7.5764 -5.3125
v 0.5312 -7.5764 -5.3125
v 1.0625 -6.6562 -5.3125
v 0.5312 -5.7361 -5.3125
v -0.5313 -5.7361 -5.3125
v -0 -6.6563 -5.3125
v 4.25 0.25 4.25
v 4.25 0.25 -0
v 4.7812 0.25 4.25
v 4.7812 0.25 -0
v 5.3125 -0.2813 4.25
v 5.3125 -0.2813 0
v 5.3125 -1.3438 4.25
v 5.3125 -1.3438 0
v 4.7812 -1.875 4.25
v 4.7812 -1.875 0
v 4.25 -1.875 4.25
v 4.25 -1.875 0
v 4.25 0.25 4.7812
v 4.25 -0.2813 5.3125
v 4.25 -1.3438 5.3125
v 4.25 -1.875 4.7812
v -4.25 0.25 4.25
v -4.25 0.25 4.7812
v -4.25 -0.2812 5.3125
v -4.25 -1.3437 5.3125
v -4.25 -1.875 4.7812
v -4.25 -1.875 4.25
v -4.7813 0.25 4.25
v -5.3125 -0.2812 4.25
v -5.3125 -1.3437 4.25
v -4.7813 -1.875 4.25
v -4.25 0.25 -0
v -4.7813 0.25 -0
v -5.3125 -0.2812 0
v -5.3125 -1.3437 0
v -4.7813 -1.875 0
v -4.25 -1.875 0
v -4.7813 -1.3437 0
v -4.3212 -1.0781 0
v -4.3212 -0.5469 0
v -4.7813 -0.2812 0
v -5.2413 -0.5469 0
v -5.2413 -1.0781 0
v -4.7813 -0.2812 -4.25
v -4.3212 -0.0156 -4.25
v -4.3212 0.5156 -4.25
v -4.7813 0.7813 -4.25
v -5.2413 0.5156 -4.25
v -5.2413 -0.0156 -4.25
v -4.25 -0.2812 -4.7812
v -4.25 -0.0156 -4.3212
v -4.25 0.5156 -4.3212
v -4.25 0.7813 -4.7812
v -4.25 0.5156 -5.2413
v -4.25 -0.0156 -5.2413
v -1.0625 -1.3438 -4.7812
v -1.0625 -1.0781 -4.3212
v -1.0625 -0.5469 -4.3212
v -1.0625 -0.2812 -4.7812
v -1.0625 -0.5469 -5.2413
v -1.0625 -1.0781 -5.2413
v 4.7812 -1.3438 0
v 4.3212 -1.0781 0
v 4.3212 -0.5469 0
v 4.7812 -0.2813 0
v 5.2413 -0.5469 0
v 5.2413 -1.0781 0
v 4.7812 -0.2813 -4.25
v 4.3212 -0.0156 -4.25
v 4.3212 0.5156 -4.25
v 4.7812 0.7812 -4.25
v 5.2413 0.5156 -4.25
v 5.2413 -0.0156 -4.25
v 4.25 -0.2813 -4.7812
v 4.25 -0.0156 -4.3212
v 4.25 0.5156 -4.3212
v 4.25 0.7812 -4.7812
v 4.25 0.5156 -5.2413
v 4.25 -0.0156 -5.2413
v 1.0625 -1.3438 -4.7812
v 1.0625 -1.0781 -4.3212
v 1.0625 -0.5469 -4.3212
v 1.0625 -0.2812 -4.7812
v 1.0625 -0.5469 -5.2413
v 1.0625 -1.0781 -5.2413
v -4.25 -4.5312 -1.5938
v -4.25 -5.6582 -1.127
v -4.25 -6.125 0
v -4.25 -5.6582 1.127
v -4.25 -4.5312 1.5938
v -4.25 -3.4043 1.127
v -4.25 -2.9375 0
v -4.25 -3.4043 -1.127
v -4.7813 -4.5312 -1.5938
v -4.7813 -5.6582 -1.127
v -4.7813 -6.125 0
v -4.7813 -5.6582 1.127
v -4.7813 -4.5312 1.5938
v -4.7813 -3.4043 1.127
v -4.7813 -2.9375 0
v -4.7813 -3.4043 -1.127
v -5.3125 -4.5312 -1.0625
v -5.3125 -5.2825 -0.7513
v -5.3125 -5.5937 0
v -5.3125 -5.2825 0.7513
v -5.3125 -4.5312 1.0625
v -5.3125 -3.7799 0.7513
v -5.3125 -3.4687 0
v -5.3125 -3.7799 -0.7513
v -5.3125 -4.7257 0.7257
v -5.3125 -3.8055 0.1945
v -5.3125 -7.9132 -4.7952
v -5.3125 -6.993 -5.3265
v -5.8438 -7.9132 -4.7952
v -5.8438 -4.7257 0.7257
v -5.8438 -3.8055 0.1945
v -5.8438 -6.993 -5.3265
v -5.3125 -7.2587 -5.7865
v -5.3125 -8.1788 -5.2553
v -3.1875 -6.993 -5.3265
v -3.1875 -7.9132 -4.7952
v -3.1875 -7.2587 -5.7865
v -3.1875 -8.1788 -5.2553
v -3.7188 -7.3203 -4.8308
v -3.1875 -8.1172 -4.3707
v -2.125 -8.1172 -4.3707
v -1.5938 -7.3203 -4.8308
v -2.125 -6.5234 -5.2909
v -3.1875 -6.5234 -5.2909
v -3.7188 -7.8516 -5.7509
v -3.1875 -8.6484 -5.2909
v -2.125 -8.6484 -5.2909
v -1.5938 -7.8516 -5.7509
v -2.125 -7.0547 -6.211
v -3.1875 -7.0547 -6.211
v -2.6563 -7.8516 -5.7509
v -2.6563 -7.3203 -4.8308
v -4.25 -5.5937 -4.25
v -4.7813 -5.5937 -4.25
v -4.7813 -3.4687 -4.25
v -4.25 -3.4687 -4.25
v -4.25 -5.5937 -3.7188
v -4.7813 -5.5937 -3.7188
v -4.7813 -3.4687 -3.7188
v -4.25 -3.4687 -3.7188
v 4.25 -4.5313 -1.5938
v 4.25 -5.6582 -1.127
v 4.25 -6.125 0
v 4.25 -5.6582 1.127
v 4.25 -4.5313 1.5938
v 4.25 -3.4043 1.127
v 4.25 -2.9375 0
v 4.25 -3.4043 -1.127
v 4.7812 -4.5313 -1.5938
v 4.7812 -5.6582 -1.127
v 4.7812 -6.125 0
v 4.7812 -5.6582 1.127
v 4.7812 -4.5313 1.5938
v 4.7812 -3.4043 1.127
v 4.7812 -2.9375 0
v 4.7812 -3.4043 -1.127
v 5.3125 -4.5313 -1.0625
v 5.3125 -5.2826 -0.7513
v 5.3125 -5.5938 0
v 5.3125 -5.2826 0.7513
v 5.3125 -4.5313 1.0625
v 5.3125 -3.78 0.7513
v 5.3125 -3.4688 0
v 5.3125 -3.78 -0.7513
v 4.25 -5.5938 -4.25
v 4.7812 -5.5938 -4.25
v 4.7812 -3.4688 -4.25
v 4.25 -3.4688 -4.25
v 4.25 -5.5938 -3.7188
v 4.7812 -5.5938 -3.7188
v 4.7812 -3.4688 -3.7188
v 4.25 -3.4688 -3.7188
v -2.125 -2.6719 -4.25
v -2.125 -3.2031 -4.25
v -2.125 -2.6719 -4.7812
v -2.125 -3.2031 -4.7812
v -2.6563 -2.6719 -4.25
v -2.6563 -3.2031 -4.25
v -2.6563 -2.6719 -4.7812
v -2.6563 -3.2031 -4.7812
v -4.25 -2.1406 -4.7812
v -4.25 -1.6094 -4.7812
v -4.25 -1.6094 -4.25
v -4.25 -2.1406 -4.25
v -4.7813 -2.1406 -4.7812
v -4.7813 -1.6094 -4.7812
v -4.7813 -1.6094 -4.25
v -4.7813 -2.1406 -4.25
v -4.25 -2.6719 0
v -4.25 -2.1406 0
v -4.7813 -2.6719 0
v -4.7813 -2.1406 0
v 2.125 -2.6719 -4.25
v 2.125 -3.2031 -4.25
v 2.125 -2.6719 -4.7812
v 2.125 -3.2031 -4.7812
v 2.6562 -2.6719 -4.25
v 2.6562 -3.2031 -4.25
v 2.6562 -2.6719 -4.7812
v 2.6562 -3.2031 -4.7812
v 4.25 -2.1406 -4.7812
v 4.25 -1.6094 -4.7812
v 4.25 -1.6094 -4.25
v 4.25 -2.1406 -4.25
v 4.7812 -2.1406 -4.7812
v 4.7812 -1.6094 -4.7812
v 4.7812 -1.6094 -4.25
v 4.7812 -2.1406 -4.25
v 4.25 -2.6719 0
v 4.25 -2.1406 0
v 4.7812 -2.6719 0
v 4.7812 -2.1406 0
v 1.0625 -1.3438 4.25
v -1.0625 -1.3438 4.25
v 1.0625 -3.4688 4.25
v -1.0625 -3.4688 4.25
v 1.0625 -3.4688 5.3125
v 1.0625 -1.3438 5.3125
v -1.0625 -1.3438 5.3125
v -1.0625 -3.4688 5.3125
v -4.25 -5.5937 -4.25
v -4.7813 -5.5937 -4.25
v -4.7813 -3.4687 -4.25
v -4.25 -3.4687 -4.25
v -4.25 -5.5937 -3.7188
v -4.7813 -5.5937 -3.7188
v -4.7813 -3.4687 -3.7188
v -4.25 -3.4687 -3.7188
v 4.25 -5.5938 -4.25
v 4.7812 -5.5938 -4.25
v 4.7812 -3.4688 -4.25
v 4.25 -3.4688 -4.25
v 4.25 -5.5938 -3.7188
v 4.7812 -5.5938 -3.7188
v 4.7812 -3.4688 -3.7188
v 4.25 -3.4688 -3.7188
v 4.25 0.25 -0
v -0 0.25 4.25
v -0 -8.25 4.25
v 4.25 -8.25 0
v 4.25 -4 4.25
v -4.25 0.25 -0
v -4.25 -4 4.25
v 4.25 -4 -4.25
v -0 0.25 -4.25
v -4.25 -4 -4.25
v 1.5937 0.25 -4.7812
v -0.5313 0.25 -4.7812
v -0 0.25 -4.25
v 1.0625 -1.3438 -5.3125
v -0 0.25 -5.3125
v 2.125 -1.3438 -4.25
v -2.125 -1.3438 -4.25
v -1.5938 -2.9375 -4.7812
v 1.0625 -3.4688 -4.7812
v -0 -2.9375 -5.3125
v -1.0625 -3.4688 -4.7812
v -1.5938 -3.4688 -4.25
v 1.5937 -2.9375 -4.7812
v 1.5937 -3.4688 -4.25
v -0 -4.5312 -4.7812
v -1.0625 -5.0625 -4.7812
v -2.6563 -5.0625 -4.7812
v -0 -5.5938 -4.25
v -0.2656 -5.5938 -4.5156
v -0 -3.4688 -4.25
v 0.2656 -3.4688 -4.5156
v -0 -3.4688 -4.7812
v -0 -4 -4.7812
v 1.5937 -6.6562 -4.7812
v -0 -5.5938 -4.7812
v -2.6563 -4.7969 -4.7812
v 2.6562 -4.7969 -4.7812
v 1.5937 -6.6562 -4.5156
v -1.5938 -6.9219 -4.25
v -1.5938 -6.6562 -4.5156
v -0 -8.25 -4.25
v -5.3125 -4.1556 0.1556
v -5.3125 -4.5312 0
v -5.3125 -6.3194 -2.0348
v -5.8438 -6.3194 -2.0348
v -4.25 -6.993 -5.3265
v -5.3125 -5.3993 -2.566
v -4.25 -7.9132 -4.7952
v -4.25 -8.1788 -5.2553
v -4.25 -7.2587 -5.7865
v -4.7813 -4.5312 -4.25
v 5.3125 -4 -0.5312
v 5.3125 -4 0.5312
v 4.7812 -4.5313 -4.25
v -3.4531 -2.1406 -4.7812
v -3.4531 -2.1406 -4.25
v -3.4531 -2.6719 -4.7812
v -4.25 -1.875 -2.125
v -4.7813 -2.4062 -2.125
v -4.7813 -1.875 -2.125
v 3.4531 -2.6719 -4.7812
v 3.4531 -2.1406 -4.25
v 4.7812 -1.875 -2.125
v 4.7812 -2.4063 -2.125
v -0 -1.3438 5.3125
v 1.0625 -2.4062 5.3125
v -1.0625 -2.4062 4.25
v 1.0625 -2.4062 4.25
v -0 -3.4688 4.25
v -4.7813 -4.5312 -4.25
v 4.7812 -4.5313 -4.25
v -4.25 -8.25 0
v -0 -8.25 -4.25
v -1.5938 0.25 -4.7812
v -1.0625 -1.3438 -5.3125
v -0 -4 -4.25
v 2.6562 -5.0625 -4.7812
v -0 -5.5938 -4.7812
v -4.25 -4.5312 -4.25
v 4.25 -4.5313 -4.25
v -0 -4 -4.25
v -0 -7.7188 -4.7812
v -1.5938 -6.6562 -4.7812
v -2.6563 -4.7969 -4.25
v 2.6562 -4.7969 -4.25
v -0 -4.5312 -4.25
v 1.5937 -6.9219 -4.25
v 4.25 -0.8125 0
v -4.25 -0.8125 0
v -5.3125 -4.9069 0.1556
v -5.3125 -5.0625 0.5312
v -5.3125 -4 0.5312
v -5.8438 -5.3993 -2.566
v -4.7813 -4.5312 -3.7188
v 5.3125 -5.0625 -0.5312
v 5.3125 -5.0625 0.5312
v 4.7812 -4.5313 -3.7188
v -3.4531 -2.6719 -4.25
v -4.25 -2.4062 -2.125
v 3.4531 -2.1406 -4.7812
v 3.4531 -2.6719 -4.25
v 4.25 -1.875 -2.125
v 4.25 -2.4063 -2.125
v -1.0625 -2.4062 5.3125
v -0 -3.4688 5.3125
v -4.7813 -4.5312 -3.7188
v 4.7812 -4.5313 -3.7188
v 4.25 0.25 2.125
v 4.7812 0.25 2.125
v 5.3125 -0.2813 2.125
v 5.3125 -1.3438 2.125
v 4.7812 -1.875 2.125
v -0 -1.875 4.7812
v -0 -0.2812 5.3125
v -0 -1.3438 5.3125
v 4.7812 -1.3438 4.7812
v 4.7812 -0.2813 4.7812
v -5.3125 -1.3437 2.125
v -4.7813 0.25 2.125
v -4.25 -1.875 2.125
v -5.3125 -0.2812 2.125
v -0 0.25 4.25
v -4.7813 -0.2812 4.7812
v -4.7813 -1.3437 4.7812
v -5.2413 -0.0156 -2.125
v -4.3212 -0.0156 -2.125
v -5.2413 -0.5469 -2.125
v -4.7813 0.25 -2.125
v -4.3212 -0.5469 -2.125
v -4.7813 -0.8125 -2.125
v -2.6563 -0.8125 -4.7812
v -2.6563 -0.0156 -5.2413
v -2.6563 -0.0156 -4.3212
v -2.6563 -0.5469 -5.2413
v -2.6563 0.25 -4.7812
v -2.6563 -0.5469 -4.3212
v 5.2413 -0.0156 -2.125
v 4.3212 -0.5469 -2.125
v 5.2413 -0.5469 -2.125
v 4.3212 -0.0156 -2.125
v 4.7812 -0.8125 -2.125
v 2.6562 -0.5469 -5.2413
v 2.6562 0.25 -4.7812
v 2.6562 -0.0156 -4.3212
v 2.6562 -0.0156 -5.2413
v 2.6562 -0.5469 -4.3212
v 4.25 -1.875 2.125
v -0 0.25 4.7812
v -4.7813 -1.875 2.125
v -0 -1.875 4.25
v -4.25 0.25 2.125
v 4.7812 0.25 -2.125
v 2.6562 -0.8125 -4.7812
v 5.3125 -4.5313 0
v -0 -2.4062 5.3125
v -1.5938 -1.3438 -4.7812
v 1.5937 -1.3438 -4.7812
v -0 -1.3438 -5.3125
v -4.25 -4 0
v 4.25 -4 0
v -0 -3.4688 -4.7812
v -0 -4 -4.25
v -0 -6.6562 -4.7812
v -0 0.25 -0
v -0 -8.25 0
v -0 -4 4.25
v 4.25 0.25 -2.125
v -2.125 0.25 4.25
v -2.125 -8.25 4.25
v 4.25 -8.25 2.125
v -4.25 -2.2734 -3.1875
v 4.25 -6.125 4.25
v -4.25 0.25 -2.125
v -4.25 0.25 3.1875
v -4.25 -6.125 4.25
v 4.25 -6.125 -4.25
v -2.125 0.25 -4.25
v -4.25 -6.125 -4.25
v 0.2656 0.25 -5.0469
v -1.0625 0.25 -4.25
v 1.0625 -2.1406 -5.3125
v 2.125 -2.1406 -4.25
v 4.25 -2.2734 -3.1875
v -2.125 -2.1406 -4.25
v 2.125 -0.5469 -4.25
v -2.3906 -5.3281 -4.7812
v 4.25 -1.875 3.1875
v 2.125 -1.875 4.25
v 5.3125 -0.2813 3.1875
v -0.7969 -4.5312 -4.7812
v 0.2656 -4.7969 -4.7812
v 2.125 0.25 -4.25
v -2.125 -5.5938 -4.25
v 1.7266 -5.5938 -4.6484
v -4.25 -1.875 -4.25
v -2.125 -3.4687 -4.25
v -1.7266 -3.4687 -4.6484
v 1.8594 -3.4688 -4.7812
v -1.8594 -4 -4.7812
v 0.7969 -5.5938 -4.7812
v -0.7969 -8.25 -4.25
v 1.0625 -0.5469 -5.3125
v 0.7969 -4.5312 -4.7812
v 2.125 -5.5938 -4.25
v -5.3125 -7.1163 -3.415
v -5.8438 -5.5226 -0.6545
v -1.8594 -5.5938 -4.7812
v -0.7969 -7.7188 -4.7812
v -5.3125 -6.1962 -3.9462
v -4.25 -8.25 2.125
v -3.4531 -0.2812 -4.3212
v 4.3212 -0.8125 -1.0625
v -2.125 -0.5469 -4.25
v 1.0625 0.25 -4.25
v 2.125 0.25 4.7812
v -1.0625 -0.5469 -5.3125
v 4.25 -1.7422 -3.1875
v -4.25 -2.0078 -1.0625
v 3.4531 0.25 -5.2413
v -4.7813 -2.5391 -1.0625
v 4.7812 -1.7422 -3.1875
v -4.7813 -2.0078 -1.0625
v -1.3281 0.25 -4.5156
v 4.7812 -0.0156 -1.0625
v -3.4531 -0.2812 -5.2413
v -3.4531 0.5156 -4.7812
v 5.2413 -0.2813 -1.0625
v -4.7813 -0.0156 -1.0625
v 2.125 -8.25 -4.25
v -4.7813 -1.0781 -1.0625
v 4.7812 -2.0078 -1.0625
v 4.7812 -2.5391 -1.0625
v -5.3125 -0.2812 3.1875
v 2.125 0.25 4.25
v -5.2413 -0.2812 -1.0625
v -3.4531 -0.5469 -4.7812
v 5.2413 -0.8125 -1.0625
v -5.3125 -1.3437 3.1875
v 2.125 -1.3438 5.3125
v 2.125 -1.875 4.7812
v 2.125 -0.2813 5.3125
v -4.25 -8.25 -2.125
v -2.125 -8.25 -4.25
v -1.0625 -2.1406 -5.3125
v 1.8594 -5.5938 -4.7812
v 1.8594 -4 -4.25
v 0.7969 -7.7188 -4.7812
v -0.7969 -4.5312 -4.25
v -2.2578 -5.5938 -4.3828
v -5.8438 -6.1962 -3.9462
v -4.25 -2.5391 -1.0625
v 4.25 -2.0078 -1.0625
v 4.25 -2.5391 -1.0625
v -4.7813 0.25 3.1875
v 4.25 0.25 3.1875
v 5.3125 -1.3438 3.1875
v 4.7812 0.25 3.1875
v 4.7812 -1.875 3.1875
v -4.25 -1.875 3.1875
v 4.3212 -0.2813 -1.0625
v 4.25 0.25 1.0625
v 4.7812 0.25 1.0625
v 5.3125 -0.2813 1.0625
v 5.3125 -1.3438 1.0625
v 4.7812 -1.875 1.0625
v -2.125 -1.875 4.7812
v -2.125 -0.2812 5.3125
v -2.125 -1.3437 5.3125
v -1.5938 -0.5469 -4.7812
v -5.3125 -1.3437 1.0625
v -4.7813 0.25 1.0625
v -4.25 -1.875 1.0625
v -5.3125 -0.2812 1.0625
v -2.125 0.25 4.25
v 1.5937 -0.5469 -4.7812
v 3.4531 -0.5469 -4.7812
v -5.2413 0.25 -3.1875
v -4.3212 0.25 -3.1875
v -5.2413 -0.2812 -3.1875
v -4.7813 0.5156 -3.1875
v -4.3212 -0.2812 -3.1875
v 4.7812 -2.2734 -3.1875
v -4.7813 -0.5469 -3.1875
v 3.4531 0.25 -4.3212
v 4.25 0.25 2.125
v 4.25 -1.875 4.25
v 3.4531 -0.2813 -4.3212
v -4.25 0.25 2.125
v 2.125 0.25 4.25
v -1.8594 -1.0781 -4.7812
v -1.8594 -0.2812 -5.2413
v 2.2578 -3.4688 -4.3828
v -1.8594 -0.2812 -4.3212
v -1.8594 -0.8125 -5.2413
v 2.125 -3.4688 -4.25
v -1.8594 -0.0156 -4.7812
v -1.8594 -0.8125 -4.3212
v 5.2413 0.25 -3.1875
v 4.3212 -0.2813 -3.1875
v 5.2413 -0.2813 -3.1875
v 4.3212 0.25 -3.1875
v 4.7812 -0.5469 -3.1875
v -4.7813 -1.875 3.1875
v -4.25 -1.875 4.25
v 2.125 -8.25 4.25
v 4.25 -8.25 -2.125
v 4.25 -1.875 -4.25
v -4.7813 -2.2734 -3.1875
v 1.8594 -0.8125 -5.2413
v -4.25 -1.7422 -3.1875
v 1.8594 -0.0156 -4.7812
v 1.8594 -0.2813 -4.3212
v -1.8594 -3.4688 -4.7812
v 1.8594 -4 -4.7812
v 1.8594 -0.2813 -5.2413
v 1.8594 -0.8125 -4.3212
v -4.7813 -1.7422 -3.1875
v 1.5937 -2.1406 -4.7812
v 4.7812 -1.0781 -1.0625
v -1.5938 -2.1406 -4.7812
v -5.2413 -0.8125 -1.0625
v -4.3212 -0.8125 -1.0625
v -5.3125 -4.6024 -1.1858
v -5.3125 -5.5226 -0.6545
v 0.7969 -8.25 -4.25
v -5.8438 -4.6024 -1.1858
v -3.4531 0.25 -5.2413
v -4.3212 -0.2812 -1.0625
v -1.8594 -4 -4.25
v -3.4531 0.25 -4.3212
v 3.4531 -0.2813 -5.2413
v 3.4531 0.5156 -4.7812
v 0.7969 -4.5312 -4.25
v -5.8438 -7.1163 -3.415
v -0.7969 -5.5938 -4.7812
v 4.25 -1.875 1.0625
v -2.125 0.25 4.7812
v -4.7813 -1.875 1.0625
v -2.125 -1.875 4.25
v -4.25 0.25 1.0625
v 4.7812 0.5156 -3.1875
v 1.8594 -1.0781 -4.7812
v 0.7969 -5.0625 -4.7812
v 1.3281 -5.3281 -4.7812
v -0.7969 0.25 -5.0469
v -0 -0.5469 -5.3125
v -0 -2.1406 -5.3125
v -4.25 -4 2.125
v -4.25 -4 -2.125
v -4.25 -1.875 0
v -4.25 -6.125 0
v 4.25 -4 -2.125
v 4.25 -4 2.125
v 4.25 -1.875 0
v 4.25 -6.125 0
v -2.125 -4 -4.25
v 2.125 -4 -4.25
v -0 -1.875 -4.25
v -0 -6.125 -4.25
v 0.7969 -6.6562 -4.7812
v -0.7969 -6.6562 -4.7812
v -1.3281 -4.7969 -4.7812
v -1.8594 -5.0625 -4.7812
v -0 0.25 2.125
v -0 0.25 -2.125
v 2.125 0.25 -0
v -2.125 0.25 -0
v 2.125 -8.25 0
v -2.125 -8.25 0
v -0 -8.25 2.125
v -0 -8.25 -2.125
v 0.7969 0.25 -4.5156
v 0.5312 0.25 -4.7812
v 2.125 -4 4.25
v -2.125 -4 4.25
v -0 -1.875 4.25
v -0 -6.125 4.25
v -2.125 -6.125 4.25
v -2.125 -1.875 4.25
v -4.25 -1.875 -2.125
v 2.125 -8.25 2.125
v -4.25 -1.875 2.125
v 4.25 -1.875 -2.125
v -2.125 -8.25 2.125
v 2.125 -1.875 4.25
v 2.125 0.25 -2.125
v 2.125 0.25 2.125
v 4.25 -6.125 2.125
v -2.125 -8.25 -2.125
v 2.125 -1.875 -4.25
v -2.125 -1.875 -4.25
v -4.25 -6.125 -2.125
v -2.125 0.25 -2.125
v 4.25 -1.875 2.125
v 2.125 -6.125 -4.25
v -4.25 -6.125 2.125
v 4.25 -6.125 -2.125
v -2.125 -6.125 -4.25
v -2.125 0.25 2.125
v 2.125 -8.25 -2.125
v 2.125 -6.125 4.25
v 4.25 0.25 -3.1875
v -3.1875 0.25 4.25
v -3.1875 -8.25 4.25
v 4.25 -8.25 3.1875
v 4.25 -7.1875 4.25
v -4.25 0.25 -3.1875
v -4.25 -7.1875 4.25
v 4.25 -7.1875 -4.25
v -3.1875 0.25 -4.25
v -4.25 -7.1875 -4.25
v 1.0625 -1.875 4.25
v 1.0625 0.25 -4.25
v -3.1875 -5.5937 -4.25
v 2.7226 -5.5938 -4.7148
v -4.25 -2.9375 -4.25
v -3.1875 -3.4687 -4.25
v -2.7227 -3.4687 -4.7148
v 2.7891 -3.4688 -4.7812
v -2.7891 -4 -4.7812
v 1.0625 -5.5938 -4.25
v -5.3125 -7.5148 -4.1051
v -5.8438 -5.1241 0.0356
v -0.9297 -5.5938 -4.7812
v -5.3125 -6.5946 -4.6363
v -4.25 -8.25 1.0625
v 1.0625 0.25 4.7812
v 1.0625 -8.25 -4.25
v 1.0625 0.25 4.25
v 1.0625 -1.3438 5.3125
v 1.0625 -1.875 4.7812
v 1.0625 -0.2812 5.3125
v -4.25 -8.25 -3.1875
v -3.1875 -8.25 -4.25
v 2.7891 -5.5938 -4.7812
v 2.7891 -4 -4.25
v -1.2617 -5.5938 -4.4492
v -5.8438 -6.5946 -4.6363
v -3.1875 -1.875 4.7812
v -3.1875 -0.2812 5.3125
v -3.1875 -1.3437 5.3125
v -3.1875 0.25 4.25
v 4.25 0.25 1.0625
v 4.25 -2.9375 4.25
v -4.25 0.25 1.0625
v 1.0625 0.25 4.25
v 1.2617 -3.4688 -4.4492
v 1.0625 -3.4688 -4.25
v -4.25 -2.9375 4.25
v 1.0625 -8.25 4.25
v 4.25 -8.25 -1.0625
v 4.25 -2.9375 -4.25
v -0.9297 -3.4688 -4.7812
v 0.9297 -4 -4.7812
v -5.3125 -5.0009 -1.8759
v -5.3125 -5.921 -1.3446
v -5.8438 -5.0009 -1.8759
v -0.9297 -4 -4.25
v -5.8438 -6.7179 -2.7249
v -3.1875 0.25 4.7812
v -3.1875 -1.875 4.25
v -0.1328 -5.0625 -4.7812
v -4.25 -4 3.1875
v -4.25 -4 -1.0625
v -4.25 -0.8125 0
v -4.25 -5.0625 0
v 4.25 -4 -3.1875
v 4.25 -4 1.0625
v 4.25 -0.8125 0
v 4.25 -5.0625 0
v -3.1875 -4 -4.25
v 1.0625 -4 -4.25
v -0 -0.8125 -4.25
v -0 -5.0625 -4.25
v -0 0.25 3.1875
v -0 0.25 -1.0625
v 3.1875 0.25 -0
v -1.0625 0.25 -0
v 3.1875 -8.25 0
v -1.0625 -8.25 0
v -0 -8.25 3.1875
v -0 -8.25 -1.0625
v 3.1875 -4 4.25
v -1.0625 -4 4.25
v -0 -0.8125 4.25
v -0 -5.0625 4.25
v 4.25 0.25 -1.0625
v -1.0625 0.25 4.25
v -1.0625 -8.25 4.25
v 4.25 -8.25 1.0625
v 4.25 -5.0625 4.25
v -4.25 0.25 -1.0625
v -4.25 -5.0625 4.25
v 4.25 -5.0625 -4.25
v -1.0625 0.25 -4.25
v -4.25 -5.0625 -4.25
v 3.1875 -1.875 4.25
v 3.1875 0.25 -4.25
v -1.0625 -5.5938 -4.25
v 0.7305 -5.5938 -4.582
v -4.25 -0.8125 -4.25
v -1.0625 -3.4688 -4.25
v -0.7305 -3.4688 -4.582
v 0.9297 -3.4688 -4.7812
v -0.9297 -4 -4.7812
v 3.1875 -5.5938 -4.25
v -5.3125 -6.7179 -2.7249
v -5.8438 -5.921 -1.3446
v -2.7891 -5.5937 -4.7812
v -5.3125 -5.7977 -3.2561
v -4.25 -8.25 3.1875
v 3.1875 0.25 4.7812
v 3.1875 -8.25 -4.25
v 3.1875 0.25 4.25
v 3.1875 -1.3438 5.3125
v 3.1875 -1.875 4.7812
v 3.1875 -0.2813 5.3125
v -4.25 -8.25 -1.0625
v -1.0625 -8.25 -4.25
v 0.9297 -5.5938 -4.7812
v 0.9297 -4 -4.25
v -3.2539 -5.5937 -4.3164
v -5.8438 -5.7977 -3.2561
v -1.0625 -1.875 4.7812
v -1.0625 -0.2812 5.3125
v -1.0625 -1.3437 5.3125
v -1.0625 0.25 4.25
v 4.25 0.25 3.1875
v 4.25 -0.8125 4.25
v -4.25 0.25 3.1875
v 3.1875 0.25 4.25
v 3.2539 -3.4688 -4.3164
v 3.1875 -3.4688 -4.25
v -4.25 -0.8125 4.25
v 3.1875 -8.25 4.25
v 4.25 -8.25 -3.1875
v 4.25 -0.8125 -4.25
v -2.7891 -3.4687 -4.7812
v 2.7891 -4 -4.7812
v -5.3125 -4.204 -0.4957
v -5.3125 -5.1241 0.0356
v -5.8438 -4.204 -0.4957
v -2.7891 -4 -4.25
v -5.8438 -7.5148 -4.1051
v -1.0625 0.25 4.7812
v -1.0625 -1.875 4.25
v 1.7266 -5.0625 -4.7812
v -4.25 -4 1.0625
v -4.25 -4 -3.1875
v -4.25 -2.9375 0
v -4.25 -7.1875 0
v 4.25 -4 -1.0625
v 4.25 -4 3.1875
v 4.25 -2.9375 0
v 4.25 -7.1875 0
v -1.0625 -4 -4.25
v 3.1875 -4 -4.25
v -0 -2.9375 -4.25
v -0 -7.1875 -4.25
v -0 0.25 1.0625
v -0 0.25 -3.1875
v 1.0625 0.25 -0
v -3.1875 0.25 -0
v 1.0625 -8.25 0
v -3.1875 -8.25 0
v -0 -8.25 1.0625
v -0 -8.25 -3.1875
v 1.0625 -4 4.25
v -3.1875 -4 4.25
v -0 -2.9375 4.25
v -0 -7.1875 4.25
v -1.0625 -6.125 4.25
v -3.1875 -6.125 4.25
v -2.125 -5.0625 4.25
v -2.125 -7.1875 4.25
v -1.0625 -1.875 4.25
v -3.1875 -1.875 4.25
v -2.125 -0.8125 4.25
v -2.125 -2.9375 4.25
v -4.25 -1.875 -1.0625
v -4.25 -1.875 -3.1875
v -4.25 -0.8125 -2.125
v -4.25 -2.9375 -2.125
v 3.1875 -8.25 2.125
v 1.0625 -8.25 2.125
v 2.125 -8.25 3.1875
v 2.125 -8.25 1.0625
v -4.25 -1.875 3.1875
v -4.25 -1.875 1.0625
v -4.25 -0.8125 2.125
v -4.25 -2.9375 2.125
v 4.25 -1.875 -3.1875
v 4.25 -1.875 -1.0625
v 4.25 -0.8125 -2.125
v 4.25 -2.9375 -2.125
v -1.0625 -8.25 2.125
v -3.1875 -8.25 2.125
v -2.125 -8.25 3.1875
v -2.125 -8.25 1.0625
v 3.1875 -1.875 4.25
v 1.0625 -1.875 4.25
v 2.125 -0.8125 4.25
v 2.125 -2.9375 4.25
v 2.125 0.25 -1.0625
v 2.125 0.25 -3.1875
v 3.1875 0.25 -2.125
v 1.0625 0.25 -2.125
v 2.125 0.25 3.1875
v 2.125 0.25 1.0625
v 3.1875 0.25 2.125
v 1.0625 0.25 2.125
v 4.25 -6.125 1.0625
v 4.25 -6.125 3.1875
v 4.25 -5.0625 2.125
v 4.25 -7.1875 2.125
v -1.0625 -8.25 -2.125
v -3.1875 -8.25 -2.125
v -2.125 -8.25 -1.0625
v -2.125 -8.25 -3.1875
v 1.0625 -1.875 -4.25
v 3.1875 -1.875 -4.25
v 2.125 -0.8125 -4.25
v 2.125 -2.9375 -4.25
v -3.1875 -1.875 -4.25
v -1.0625 -1.875 -4.25
v -2.125 -0.8125 -4.25
v -2.125 -2.9375 -4.25
v -4.25 -6.125 -1.0625
v -4.25 -6.125 -3.1875
v -4.25 -5.0625 -2.125
v -4.25 -7.1875 -2.125
v -2.125 0.25 -1.0625
v -2.125 0.25 -3.1875
v -1.0625 0.25 -2.125
v -3.1875 0.25 -2.125
v 4.25 -1.875 1.0625
v 4.25 -1.875 3.1875
v 4.25 -0.8125 2.125
v 4.25 -2.9375 2.125
v 1.0625 -6.125 -4.25
v 3.1875 -6.125 -4.25
v 2.125 -5.0625 -4.25
v 2.125 -7.1875 -4.25
v -4.25 -6.125 3.1875
v -4.25 -6.125 1.0625
v -4.25 -5.0625 2.125
v -4.25 -7.1875 2.125
v 4.25 -6.125 -3.1875
v 4.25 -6.125 -1.0625
v 4.25 -5.0625 -2.125
v 4.25 -7.1875 -2.125
v -3.1875 -6.125 -4.25
v -1.0625 -6.125 -4.25
v -2.125 -5.0625 -4.25
v -2.125 -7.1875 -4.25
v -2.125 0.25 3.1875
v -2.125 0.25 1.0625
v -1.0625 0.25 2.125
v -3.1875 0.25 2.125
v 3.1875 -8.25 -2.125
v 1.0625 -8.25 -2.125
v 2.125 -8.25 -1.0625
v 2.125 -8.25 -3.1875
v 3.1875 -6.125 4.25
v 1.0625 -6.125 4.25
v 2.125 -5.0625 4.25
v 2.125 -7.1875 4.25
v 1.0625 -7.1875 4.25
v 1.0625 -5.0625 4.25
v 3.1875 -5.0625 4.25
v 1.0625 -8.25 -3.1875
v 1.0625 -8.25 -1.0625
v 3.1875 -8.25 -1.0625
v -3.1875 0.25 1.0625
v -1.0625 0.25 1.0625
v -1.0625 0.25 3.1875
v -1.0625 -7.1875 -4.25
v -1.0625 -5.0625 -4.25
v -3.1875 -5.0625 -4.25
v 4.25 -7.1875 -1.0625
v 4.25 -5.0625 -1.0625
v 4.25 -5.0625 -3.1875
v -4.25 -7.1875 1.0625
v -4.25 -5.0625 1.0625
v -4.25 -5.0625 3.1875
v 3.1875 -7.1875 -4.25
v 3.1875 -5.0625 -4.25
v 1.0625 -5.0625 -4.25
v 4.25 -2.9375 3.1875
v 4.25 -0.8125 3.1875
v 4.25 -0.8125 1.0625
v -3.1875 0.25 -3.1875
v -1.0625 0.25 -3.1875
v -1.0625 0.25 -1.0625
v -4.25 -7.1875 -3.1875
v -4.25 -5.0625 -3.1875
v -4.25 -5.0625 -1.0625
v -1.0625 -2.9375 -4.25
v -1.0625 -0.8125 -4.25
v -3.1875 -0.8125 -4.25
v 3.1875 -2.9375 -4.25
v 3.1875 -0.8125 -4.25
v 1.0625 -0.8125 -4.25
v -3.1875 -8.25 -3.1875
v -3.1875 -8.25 -1.0625
v -1.0625 -8.25 -1.0625
v 4.25 -7.1875 3.1875
v 4.25 -5.0625 3.1875
v 4.25 -5.0625 1.0625
v 1.0625 0.25 1.0625
v 3.1875 0.25 1.0625
v 3.1875 0.25 3.1875
v 1.0625 0.25 -3.1875
v 3.1875 0.25 -3.1875
v 3.1875 0.25 -1.0625
v -1.0625 -7.1875 4.25
v -1.0625 -2.9375 4.25
v -4.25 -2.9375 -1.0625
v 3.1875 -8.25 1.0625
v -4.25 -2.9375 3.1875
v 4.25 -2.9375 -3.1875
v -1.0625 -8.25 1.0625
v 3.1875 -2.9375 4.25
v -1.0625 -0.8125 4.25
v -3.1875 -7.1875 4.25
v -1.0625 -8.25 3.1875
v 1.0625 -2.9375 4.25
v 1.0625 0.25 -1.0625
v 1.0625 0.25 3.1875
v 4.25 -7.1875 1.0625
v -1.0625 -8.25 -3.1875
v -4.25 -2.9375 1.0625
v -3.1875 -5.0625 4.25
v 1.0625 -2.9375 -4.25
v -4.25 -0.8125 1.0625
v -4.25 -0.8125 -3.1875
v -3.1875 -0.8125 4.25
v -4.25 -0.8125 -1.0625
v -4.25 -0.8125 3.1875
v 3.1875 -8.25 3.1875
v -3.1875 -8.25 1.0625
v 4.25 -2.9375 -1.0625
v 4.25 -0.8125 -1.0625
v 4.25 -0.8125 -3.1875
v 1.0625 -0.8125 4.25
v -3.1875 -2.9375 -4.25
v -4.25 -7.1875 -1.0625
v -3.1875 0.25 -1.0625
v -4.25 -2.9375 -3.1875
v 3.1875 -0.8125 4.25
v -3.1875 -8.25 3.1875
v 4.25 -2.9375 1.0625
v 1.0625 -8.25 1.0625
v 1.0625 -7.1875 -4.25
v -3.1875 -2.9375 4.25
v -1.0625 -5.0625 4.25
v 1.0625 -8.25 3.1875
v -4.25 -7.1875 3.1875
v 4.25 -7.1875 -3.1875
v -3.1875 -7.1875 -4.25
v -3.1875 0.25 3.1875
v 3.1875 -8.25 -3.1875
v 3.1875 -7.1875 4.25
vt 0.4062 0.7778
vt 0.4219 0.7593
vt 0.4219 0.7778
vt 0.4844 0.7778
vt 0.4688 0.7593
vt 0.4844 0.7593
vt 0.1875 0.8148
vt 0.1562 0.7778
vt 0.1875 0.7778
vt 0.25 0.5926
vt 0.2656 0.6296
vt 0.25 0.6296
vt 0.4219 0.7407
vt 0.4453 0.7222
vt 0.4453 0.7407
vt 0.0312 0.5556
vt 0 0.5926
vt 0 0.5556
vt 0.4453 0.0278
vt 0.4219 0.0185
vt 0.4531 0.0185
vt 0.0625 0.8148
vt 0.0312 0.7778
vt 0.0625 0.7778
vt 0.2969 0.7407
vt 0.2656 0.7222
vt 0.2969 0.7222
vt 0.2656 0.7407
vt 0.1719 0.963
vt 0.1562 0.9259
vt 0.1719 0.9259
vt 0.4062 0.1852
vt 0.3906 0.1667
vt 0.4062 0.1667
vt 0.5 0.1481
vt 0.4844 0.1667
vt 0.4844 0.1481
vt 0.7188 0.5926
vt 0.75 0.6296
vt 0.7188 0.6296
vt 0.2344 0.0926
vt 0.25 0.0185
vt 0.2812 0.0185
vt 0.2344 0.1852
vt 0.25 0.1111
vt 0.2812 0.1111
vt 0.3594 0.6852
vt 0.3438 0.7037
vt 0.3594 0.7037
vt 0.3594 0.1852
vt 0.1875 0.1111
vt 0.2188 0.1111
vt 0.3594 0.6481
vt 0.3438 0.6667
vt 0.3438 0.6481
vt 0.4688 0.963
vt 0.4531 0.9259
vt 0.4688 0.9259
vt 0.4062 0.7407
vt 0.375 0.6667
vt 0.4062 0.6852
vt 0.375 0.6852
vt 0.375 0.6111
vt 0.4062 0.6296
vt 0.4062 0.6111
vt 0.0312 0.963
vt 0.0625 0.9259
vt 0.0625 0.963
vt 0.5 0.7778
vt 0.4688 0.7963
vt 0.4688 0.7778
vt 0.4062 0.7593
vt 0.5 0.037
vt 0.5312 0
vt 0.5312 0.037
vt 0.3438 0.1111
vt 0.375 0.0926
vt 0.375 0.1111
vt 0.3125 0.0185
vt 0.3438 0
vt 0.3438 0.0185
vt 0.3828 0.25
vt 0.375 0.2407
vt 0.3984 0.2407
vt 0.375 0.5926
vt 0.4062 0.5926
vt 0.4844 0.2778
vt 0.4688 0.2963
vt 0.4551 0.2801
vt 0.25 0.2407
vt 0.2656 0.2222
vt 0.2656 0.2593
vt 0.2656 0.2037
vt 0.2812 0.1852
vt 0.2949 0.2014
vt 0.125 0.8148
vt 0.1562 0.8148
vt 0.4688 0.2593
vt 0.4844 0.2222
vt 0.4844 0.2593
vt 0.0312 1
vt 0.0625 0.9815
vt 0.0625 1
vt 0.4688 0.7222
vt 0.4844 0.7407
vt 0.4688 0.7407
vt 0.5625 0.9815
vt 0.5938 1
vt 0.5625 1
vt 0.0781 0.037
vt 0.1016 0
vt 0.1016 0.037
vt 0.4453 0.7593
vt 0.4453 0.7778
vt 0.1797 0.037
vt 0.1719 0.0741
vt 0.1719 0.037
vt 0.0781 0.0741
vt 0.0625 0.0463
vt 0.0703 0.037
vt 0.0312 0.9815
vt 0.1094 0.8889
vt 0.0469 0.8889
vt 0.0938 0.8148
vt 0.3438 0.6852
vt 0.0938 0.7778
vt 0.1094 0.7037
vt 0.125 0.7778
vt 0.3594 0.6667
vt 0.4766 0.5926
vt 0.4531 0.6111
vt 0.4531 0.5926
vt 0.0156 0.9815
vt 0 0.9815
vt 0.1719 0.8889
vt -0 0.8148
vt 0.0312 0.8148
vt 0.0267 0.6536
vt 0.0312 0.6667
vt 0.0001 0.6667
vt 0.2656 0.6481
vt 0.2578 0.8519
vt 0.2344 0.8889
vt 0.2344 0.8519
vt 0.0938 0.1296
vt 0.0625 0.1667
vt 0.0625 0.1296
vt 0.2812 0.6296
vt 0.2656 0.5926
vt 0.2812 0.5926
vt 0.0938 0.6111
vt 0.0625 0.5926
vt 0.0938 0.5926
vt 0.5312 0.5926
vt 0.5 0.5556
vt 0.5312 0.5556
vt 0.4375 0.8519
vt 0.4219 0.8333
vt 0.4375 0.8333
vt 0.4375 0.7778
vt 0.4375 0.7963
vt 0.4219 0.7963
vt 0.4297 0.7037
vt 0.4297 0.6852
vt 0.3906 0.7593
vt 0.3906 0.7407
vt 0.4219 0.7222
vt 0.4062 0.7222
vt 0.293 0.2407
vt 0.293 0.2222
vt 0.2969 0.0926
vt 0.3594 0.6296
vt 0.3438 0.6111
vt 0.3594 0.6111
vt 0.3594 0.0926
vt 0.1875 0.0185
vt 0.2188 0.0185
vt 0.3438 0.6296
vt 0.4766 0.6296
vt 0.4531 0.6481
vt 0.4531 0.6296
vt 0.1719 0.9815
vt 0.1562 0.963
vt 0.4766 0.6111
vt 0.0469 0.7037
vt 0.4375 0.9815
vt 0.4375 0.963
vt 0.4531 0.963
vt 0.4766 0.6852
vt 0.4531 0.6667
vt 0.4766 0.6667
vt 0.1406 0.7037
vt 0.4375 0.1481
vt 0.4375 0.1667
vt 0.25 0.7593
vt 0.25 0.7407
vt 0.2969 0.5926
vt 0.3125 0.6296
vt 0.2969 0.6296
vt 0.4062 0.9259
vt 0.4062 0.963
vt 0.2812 0.2222
vt 0.0625 0.6111
vt 0.0312 0.5926
vt 0.2344 0.2778
vt 0.2344 0.2407
vt 0.25 0.2778
vt 0.2344 0.2963
vt 0.4531 0.2222
vt 0.4844 0.2407
vt 0.4531 0.2407
vt 0.5 0.2407
vt 0.25 0.2037
vt 0.2344 0.2037
vt 0.3984 0.2222
vt 0.4219 0.2407
vt 0.7812 0.5926
vt 0.75 0.5556
vt 0.7812 0.5556
vt 0.4062 0.6667
vt 0.5 0.7407
vt 0.1875 1
vt 0.2188 0.9815
vt 0.2188 1
vt 0.2578 0.7778
vt 0.2344 0.7963
vt 0.2344 0.7778
vt 0.375 0.6296
vt 0.3594 0.7407
vt 0.25 0.5556
vt 0.2812 0.5556
vt 0.2969 0.2222
vt 0.3281 0.2407
vt 0.2969 0.2407
vt 0.1562 0.6111
vt 0.125 0.5926
vt 0.1562 0.5926
vt 0.5 0.8333
vt 0.4688 0.8519
vt 0.4688 0.8333
vt 0.2188 0.6111
vt 0.1875 0.5926
vt 0.2188 0.5926
vt 0.125 0.6111
vt 0.4375 0.0648
vt 0.4062 0.037
vt 0.4375 0.037
vt 0.3984 0.8333
vt 0.4219 0.8519
vt 0.3984 0.8519
vt 0.3594 0.5926
vt 0.293 0.2037
vt 0.2188 0.0926
vt 0.1562 0.1296
vt 0.1875 0.0926
vt 0.1875 0.1296
vt 0.3594 0.7778
vt 0.3594 0.7593
vt 0.2656 0.7593
vt 0.5 0.7963
vt 0.25 0.2963
vt 0.3125 0.0926
vt 0.3125 0.1111
vt 0.1016 0.0926
vt 0.0781 0.0926
vt 0.6562 0.8148
vt 0.6875 0.8519
vt 0.6562 0.8519
vt 0.4023 0.2407
vt 0.375 0.2222
vt 0.4023 0.2222
vt 0.1562 0.4815
vt 0.125 0.5185
vt 0.125 0.4815
vt 0.2188 0.4074
vt 0.1875 0.4444
vt 0.1875 0.4074
vt 0.4766 0.7037
vt 0.4531 0.6852
vt 0.4688 0.037
vt 0.2812 0.9259
vt 0.3125 0.963
vt 0.2812 0.963
vt 0.6562 0.5926
vt 0.625 0.5556
vt 0.6562 0.5556
vt 0.4375 0.1852
vt 0.4688 0.1667
vt 0.4688 0.1852
vt 0.4062 0.6481
vt 0.4297 0.6667
vt 0.4297 0.6481
vt 0.6562 0.7407
vt 0.6875 0.7778
vt 0.6562 0.7778
vt 0.4375 0.1204
vt 0.4062 0.0926
vt 0.4375 0.0926
vt 0.3906 0.037
vt 0.4062 0.0648
vt 0.3906 0.0648
vt 0.375 1
vt 0.4062 0.9815
vt 0.4062 1
vt 0.5 0.6111
vt 0.4688 0.1204
vt 0.4844 0.1204
vt 0.4688 0.0648
vt 0.5938 0.9259
vt 0.5625 0.9074
vt 0.5938 0.9074
vt 0.3672 0.287
vt 0.3438 0.2963
vt 0.3379 0.2894
vt 0.4531 0.2593
vt 0.4531 0.25
vt 0.4023 0.2778
vt 0.4141 0.2685
vt 0.4297 0.2778
vt 0.2969 0.2593
vt 0.2969 0.25
vt 0.2656 0.2778
vt 0.5 0.8889
vt 0.5312 0.9074
vt 0.5 0.9074
vt 0.457 0.2778
vt 0.4844 0.2037
vt 0.5 0.2037
vt 0.5 0.2778
vt 0.9062 0.4444
vt 0.875 0.4074
vt 0.9062 0.4074
vt 0.2578 0.7963
vt 0.2812 0.8333
vt 0.2578 0.8333
vt 0.3281 0.2222
vt 0.3516 0.2407
vt 0.5312 0.8148
vt 0.5625 0.8519
vt 0.5312 0.8519
vt 0.0312 0.3704
vt 0 0.3333
vt 0.0312 0.3333
vt 0.457 0.2037
vt 0.4414 0.1898
vt 0.4707 0.1875
vt 0.4688 0.4444
vt 0.4375 0.4074
vt 0.4688 0.4074
vt 0.1875 0.0463
vt 0.2188 0.9074
vt 0.25 0.9259
vt 0.2188 0.9259
vt 0.625 0.9444
vt 0.5938 0.963
vt -0 0.9074
vt 0.0156 0.9074
vt 0.0312 0.9259
vt 0.6094 0.9074
vt 0.625 0.9074
vt 0.3281 0.7778
vt 0.625 0.9815
vt 0.6094 0.9815
vt 0.0267 0.6797
vt 0.0157 0.6851
vt 0.0093 0.6927
vt 0.0312 0.7035
vt 0.0093 0.6406
vt 0.0157 0.6482
vt 0.5 0.1852
vt 0.5312 0.1481
vt 0.5312 0.1852
vt 0.5 0.1204
vt 0.375 0.5556
vt 0.4062 0.5556
vt 0.5312 0.4444
vt 0.5 0.4074
vt 0.5312 0.4074
vt 0.3281 0.5926
vt 0.3438 0.5926
vt 0.3281 0.7222
vt 0.3594 0.7222
vt 0.4609 0.0093
vt 0.4375 0
vt 0.4688 0
vt 0.25 0.963
vt 0.25 0.9815
vt 0.375 0.0926
vt 0.3906 0.1204
vt 0.375 0.1204
vt 0.2969 0.7593
vt 0.0532 0.6406
vt 0.0468 0.6482
vt 0.0312 0.6298
vt 0.0532 0.6927
vt 0.0468 0.6851
vt 0.0624 0.6667
vt 0.4219 0.2222
vt 0.0938 0.3704
vt 0.0625 0.3333
vt 0.0938 0.3333
vt 0.7812 0.3704
vt 0.75 0.3333
vt 0.7812 0.3333
vt 0.8438 0.3704
vt 0.8125 0.3333
vt 0.8438 0.3333
vt 0.8438 0.4444
vt 0.8125 0.4074
vt 0.8438 0.4074
vt 0.5312 0.7407
vt 0.5625 0.7778
vt 0.5312 0.7778
vt 0.3281 0.6296
vt 0.7188 0.8148
vt 0.75 0.8519
vt 0.7188 0.8519
vt 0.2812 0.3704
vt 0.25 0.3333
vt 0.2812 0.3333
vt 0.4062 0.3704
vt 0.375 0.3333
vt 0.4062 0.3333
vt 0.2188 0.3704
vt 0.1875 0.3333
vt 0.2188 0.3333
vt 0.4688 0.3704
vt 0.4375 0.3333
vt 0.4688 0.3333
vt 0.3438 0.3704
vt 0.3125 0.3333
vt 0.3438 0.3333
vt 0.5938 0.9815
vt 0.5625 0.963
vt 0.125 0.9259
vt 0.1562 0.9074
vt 0.4688 0.0926
vt 0.125 0.9074
vt 0.1562 0.8889
vt 0.6562 0.4444
vt 0.625 0.4074
vt 0.6562 0.4074
vt 0.5625 0.9259
vt 0.3281 0.6111
vt 0.2188 0.5185
vt 0.1875 0.4815
vt 0.2188 0.4815
vt 0.3438 0.4444
vt 0.3125 0.4074
vt 0.3438 0.4074
vt 0.4062 0
vt 0.375 0.1481
vt 0.3906 0.1481
vt 0.1875 0.963
vt 0.1875 0.9259
vt 0.3281 0.7407
vt 0.5938 0.5926
vt 0.625 0.6296
vt 0.5938 0.6296
vt 0.3047 0.8333
vt 0.3281 0.8519
vt 0.3047 0.8519
vt 0.4688 0.1481
vt 0.293 0.2778
vt 0.3047 0.2685
vt 0.3203 0.2778
vt 0.9062 0.5926
vt 0.875 0.5556
vt 0.9062 0.5556
vt 0.625 0.037
vt 0.6562 0
vt 0.6562 0.037
vt 0.625 0.1852
vt 0.6562 0.1481
vt 0.6562 0.1852
vt 0.0938 0.963
vt 0.125 0.963
vt 0.3359 0.25
vt 0.0938 1
vt 0.125 0.9815
vt 0.125 1
vt 0.1016 0.0741
vt 0.5 0.9815
vt 0.5312 1
vt 0.5 1
vt 0.25 0.1852
vt 0.25 0.0926
vt 0.25 0
vt 0.3438 0.0926
vt 0.3125 0
vt 0.4844 0.0648
vt 0.4844 0.037
vt 0.2812 0
vt 0.2188 0
vt 0.375 0
vt 0.375 0.0185
vt 0.1484 0.0741
vt 0.1719 0.0926
vt 0.1484 0.0926
vt 0.1875 0.9074
vt 0.2188 0.8889
vt 0.0625 0.9074
vt 0.4062 0.1481
vt 0.1875 0.8889
vt 0.1719 0.9074
vt 0.125 0.1296
vt 0.0938 0.1667
vt 0.1875 0.9815
vt 0.4375 0.9259
vt 0.4375 0.9074
vt 0.0312 0.6111
vt 0.0156 0.7037
vt 0.0312 0.9074
vt 0.0625 0.8889
vt 0.5 0.9259
vt 0.4688 0.9074
vt 0.5 0.7593
vt 0.5 0.963
vt 0.4375 0.8889
vt 0.4531 0.9074
vt 0.4844 0.7222
vt 0.2969 0.1852
vt 0.4531 0.9815
vt 0.4375 1
vt 0.125 0.6296
vt 0.4297 0.6111
vt 0.5 0.7037
vt 0.5 0.6852
vt 0.4297 0.5926
vt 0.4062 0.7037
vt 0.375 0.7037
vt 0.2656 0.7778
vt 0.2969 0.7778
vt 0.375 0.6481
vt 0.3281 0.6481
vt 0.3125 0.6667
vt 0.3125 0.6481
vt 0.3281 0.6667
vt 0.3125 0.6852
vt 0 0.9444
vt 0.4297 0.6296
vt 0.3125 0.5926
vt 0.4766 0.6481
vt 0.5 0.6667
vt 0.5 0.6481
vt 0.3281 0.6852
vt 0.3125 0.7037
vt 0.3281 0.7037
vt 0.3125 0.6111
vt 0.5625 0.8889
vt 0.2188 0.8333
vt 0.2344 0.8333
vt 0.2812 0.0926
vt 0.4688 0.8889
vt 0 0.6111
vt 0.1875 0.6111
vt 0 0.6296
vt 0.0781 0.6296
vt 0.0312 0.6296
vt 0.0156 0.6296
vt 0.2344 0.6296
vt 0.25 0.6111
vt 0.0625 0.6296
vt 0.2031 0.6296
vt 0.1875 0.6296
vt 0.4062 0.9074
vt 0.0312 0.6667
vt 0.3984 0.7963
vt 0.125 0.1667
vt 0.1562 0.2037
vt 0.125 0.2037
vt -0 0.7778
vt 0.1094 0.6296
vt 0.1562 0.6296
vt 0.0938 0.6296
vt 0.3828 0.1944
vt 0.4121 0.1921
vt 0.3203 0.2593
vt 0.0938 0.9815
vt 0.0625 -0
vt 0.125 0.037
vt 0.1484 0
vt 0.1484 0.037
vt 0.3516 0.8519
vt 0.3281 0.8889
vt 0.1719 -0
vt 0.1875 -0
vt 0.0938 0.0926
vt 0.0625 0.0926
vt 0.125 0.0741
vt 0.3984 0.0093
vt 0.3438 0.2593
vt 0.3086 0.2917
vt 0.2793 0.294
vt 0.3516 0.2222
vt 0.5 0.6296
vt 0.0938 0.4444
vt 0.0625 0.4074
vt 0.0938 0.4074
vt 0.5938 0.8148
vt 0.625 0.8519
vt 0.5938 0.8519
vt 0.3984 0.2593
vt 0.375 0.037
vt 0.375 0.0648
vt 0.4258 0.2593
vt 0.375 0.8889
vt 0.375 0.8519
vt 0.2188 0.5556
vt 0.1875 0.5556
vt 0.4023 0.2037
vt 0.4844 0.0926
vt 0.5 0.0926
vt 0.3906 0.0185
vt 0.1562 0.1667
vt 0.1875 0.1667
vt 0.0938 0.2037
vt 0.375 0.9074
vt 0.4062 0.8889
vt 0.2812 0.9815
vt 0.3125 0.9815
vt 0.3047 0.7963
vt 0.3281 0.8333
vt 0.4531 0.7037
vt 0.0781 -0
vt 0.4141 0.0278
vt 0.3281 0.7593
vt 0.5 0.0648
vt 0.2812 0.9074
vt 0.3125 0.9259
vt 0.1562 0.3704
vt 0.125 0.3333
vt 0.1562 0.3333
vt 0.3477 0.2778
vt 0.375 0.2778
vt 0.3711 0.2593
vt 0.375 0.7778
vt 0.3984 0.7778
vt 0.0312 0.4444
vt 0 0.4074
vt 0.0312 0.4074
vt 0.4297 0.2222
vt 0.457 0.2222
vt 0.5938 0.7407
vt 0.625 0.7778
vt 0.5938 0.7778
vt 0.125 0.0926
vt 0.0938 0.9259
vt 0.0938 0.9074
vt 0.125 0.8889
vt 0.3906 0.0926
vt 0.7812 0.4444
vt 0.75 0.4074
vt 0.7812 0.4074
vt 0.3516 0.7963
vt 0.3516 0.7778
vt 0.2812 0.4444
vt 0.25 0.4074
vt 0.2812 0.4074
vt 0.2656 0.2407
vt 0.7188 0.7407
vt 0.75 0.7778
vt 0.7188 0.7778
vt 0.4062 0.4444
vt 0.375 0.4074
vt 0.4062 0.4074
vt 0.1562 0.4444
vt 0.125 0.4074
vt 0.1562 0.4074
vt 0.1562 0.5556
vt 0.125 0.5556
vt 0.1562 0.9815
vt 0.3125 1
vt 0.3438 0.9815
vt 0.3438 1
vt 0.5312 0.963
vt 0.3125 0.9074
vt 0.3438 0.8889
vt 0.3438 0.9074
vt 0.1562 0.0926
vt 0.5312 0.9259
vt 0.375 0.8333
vt 0.3516 0.8333
vt 0.375 0.963
vt 0.375 0.9815
vt 0.375 0.9259
vt 0.3438 0.9259
vt 0.5312 0.8889
vt 0.5312 0.9815
vt 0.0938 0.8889
vt 0.4062 0.1204
vt 0.25 0.9074
vt 0.2812 0.8889
vt 0.4688 0.9815
vt 0.4688 1
vt 0.1562 1
vt 0.4844 0.0185
vt 0.6875 0.1852
vt 0.7188 0.1481
vt 0.7188 0.1852
vt 0.6875 0.2593
vt 0.7188 0.2222
vt 0.7188 0.2593
vt 0.625 0.2593
vt 0.6562 0.2222
vt 0.6562 0.2593
vt 0.6875 0.037
vt 0.7188 0
vt 0.7188 0.037
vt 0.6875 0.1111
vt 0.7188 0.0741
vt 0.7188 0.1111
vt 0.625 0.1111
vt 0.6562 0.0741
vt 0.6562 0.1111
vt 0.9062 0.5185
vt 0.875 0.4815
vt 0.9062 0.4815
vt 0.9688 0.5185
vt 0.9375 0.4815
vt 0.9688 0.4815
vt 0.9688 0.5926
vt 0.9375 0.5556
vt 0.9688 0.5556
vt 0.2812 0.8519
vt 0.5938 0.6667
vt 0.625 0.7037
vt 0.5938 0.7037
vt 0.5312 0.6667
vt 0.5625 0.7037
vt 0.5312 0.7037
vt 0.5625 0.6296
vt 0.5312 0.6296
vt 0.3906 0.7222
vt 0.6562 0.3333
vt 0.625 0.3704
vt 0.625 0.3333
vt 0.7188 0.3333
vt 0.6875 0.3704
vt 0.6875 0.3333
vt 0.7188 0.4444
vt 0.6875 0.4074
vt 0.7188 0.4074
vt 0.5 0
vt 0.5312 0.3333
vt 0.5 0.3704
vt 0.5 0.3333
vt 0.5938 0.3704
vt 0.5625 0.3333
vt 0.5938 0.3333
vt 0.5938 0.4444
vt 0.5625 0.4074
vt 0.5938 0.4074
vt 0.4062 0.5185
vt 0.375 0.4815
vt 0.4062 0.4815
vt 0.4688 0.5185
vt 0.4375 0.4815
vt 0.4688 0.4815
vt 0.4688 0.5926
vt 0.4375 0.5556
vt 0.4688 0.5556
vt 0.5625 0.1852
vt 0.5938 0.1481
vt 0.5938 0.1852
vt 0.5625 0.2593
vt 0.5938 0.2222
vt 0.5938 0.2593
vt 0.5 0.2593
vt 0.5312 0.2222
vt 0.5312 0.2593
vt 0.3906 0.7778
vt 0.5 0.5926
vt 0.9062 0.3704
vt 0.875 0.3333
vt 0.9062 0.3333
vt 0.9688 0.3704
vt 0.9375 0.3333
vt 0.9688 0.3333
vt 0.9688 0.4444
vt 0.9375 0.4074
vt 0.9688 0.4074
vt 0.3477 0.2037
vt 0.3242 0.1991
vt 0.3535 0.1968
vt 0.4258 0.2824
vt 0.3965 0.2847
vt 0.2812 0.2963
vt 0.6562 0.5185
vt 0.625 0.4815
vt 0.6562 0.4815
vt 0.7188 0.5185
vt 0.6875 0.4815
vt 0.7188 0.4815
vt 0.6875 0.5556
vt 0.7188 0.5556
vt 0.2188 0.963
vt 0.457 0.2407
vt 0.3203 0.2222
vt 0.3477 0.2222
vt 0.2812 0.5185
vt 0.25 0.4815
vt 0.2812 0.4815
vt 0.3438 0.5185
vt 0.3125 0.4815
vt 0.3438 0.4815
vt 0.3125 0.5556
vt 0.3438 0.5556
vt 0.2812 0.7778
vt 0.3047 0.7778
vt 0.25 1
vt 0.2812 1
vt 0.7812 0.5185
vt 0.75 0.4815
vt 0.7812 0.4815
vt 0.8438 0.5185
vt 0.8125 0.4815
vt 0.8438 0.4815
vt 0.8438 0.5926
vt 0.8125 0.5556
vt 0.8438 0.5556
vt 0.3438 0.963
vt 0.3477 0.2407
vt 0.5312 0.4815
vt 0.5 0.5185
vt 0.5 0.4815
vt 0.5938 0.5185
vt 0.5625 0.4815
vt 0.5938 0.4815
vt 0.5625 0.5556
vt 0.5938 0.5556
vt 0.125 0
vt 0.3438 0.1852
vt 0.4062 0.2963
vt 0.5625 0.037
vt 0.5938 0
vt 0.5938 0.037
vt 0.5625 0.1111
vt 0.5938 0.0741
vt 0.5938 0.1111
vt 0.5 0.1111
vt 0.5312 0.0741
vt 0.5312 0.1111
vt 0.7188 0.6667
vt 0.75 0.7037
vt 0.7188 0.7037
vt 0.6562 0.6667
vt 0.6875 0.7037
vt 0.6562 0.7037
vt 0.6875 0.6296
vt 0.6562 0.6296
vt 0.0312 0.5185
vt 0 0.4815
vt 0.0312 0.4815
vt 0.0938 0.4815
vt 0.0625 0.5185
vt 0.0625 0.4815
vt 0.0938 0.5556
vt 0.0625 0.5556
vt 0.0938 0.5185
vt 0.0625 0.4444
vt 0.125 0.4444
vt 0 0.4444
vt 0.6875 0.6667
vt 0.625 0.6667
vt 0.625 0.5926
vt 0.6875 0.7407
vt 0.625 0.7407
vt 0.75 0.7407
vt 0.5625 0.0741
vt 0.5625 0.1481
vt 0.625 0.0741
vt 0.625 0.1481
vt 0.625 0
vt 0.375 0.2963
vt 0.375 0.1852
vt 0.3047 0.8889
vt 0.5625 0.5185
vt 0.625 0.5185
vt 0.5625 0.4444
vt 0.625 0.4444
vt 0.5 0.4444
vt 0.5312 0.5185
vt 0.8125 0.5185
vt 0.875 0.5185
vt 0.875 0.5926
vt 0.8125 0.4444
vt 0.875 0.4444
vt 0.75 0.4444
vt 0.3281 0.7963
vt 0.3125 0.5185
vt 0.375 0.5185
vt 0.3125 0.4444
vt 0.375 0.4444
vt 0.25 0.4444
vt 0.375 0.2037
vt 0.6875 0.5185
vt 0.75 0.5185
vt 0.75 0.5926
vt 0.6875 0.4444
vt 0.9375 0.3704
vt 1 0.4074
vt 1 0.3704
vt 1 0.4444
vt 0.9375 0.2963
vt 0.9688 0.2963
vt 1 0.3333
vt 1 0.2963
vt 0.875 0.2963
vt 0.9062 0.2963
vt 0.5625 0.2222
vt 0.5312 0.2963
vt 0.5625 0.2963
vt 0.5 0.2963
vt 0.625 0.2222
vt 0.5938 0.2963
vt 0.625 0.2963
vt 0.4375 0.5185
vt 0.4375 0.4444
vt 0.5625 0.3704
vt 0.7188 0.3704
vt 0.75 0.3704
vt 0.6875 0.2963
vt 0.7188 0.2963
vt 0.75 0.2963
vt 0.6562 0.2963
vt 0.6562 0.3704
vt 0.5625 0.6667
vt 0.5 0.6296
vt 0.5625 0.7407
vt 0.9375 0.5185
vt 1 0.5556
vt 1 0.5185
vt 1 0.5926
vt 0.9375 0.4444
vt 1 0.4815
vt 0.6875 0.0741
vt 0.6875 0.1481
vt 0.75 0.0741
vt 0.75 0.1111
vt 0.75 0.1481
vt 0.75 0
vt 0.75 0.037
vt 0.6875 0.2222
vt 0.75 0.2222
vt 0.75 0.2593
vt 0.75 0.1852
vt 0.3125 0.8889
vt 0.1562 0.5185
vt 0.1875 0.5185
vt 0.125 0.3704
vt 0.1875 0.3704
vt 0.375 0.3704
vt 0.4375 0.3704
vt 0.75 0.8148
vt 0.6875 0.8148
vt 0.25 0.3704
vt 0.3125 0.3704
vt 0.375 0.7963
vt 0.8125 0.3704
vt 0.625 0.8148
vt 0.5625 0.8148
vt 0 0.3704
vt 0.0625 0.3704
vt 0.125 0.2963
vt 0.1562 0.2963
vt 0.1875 0.2963
vt 0.4297 0.2037
vt 0.2812 0.7963
vt 0.25 0.5185
vt 0.3984 0.8889
vt 0.625 0.8889
vt 0.5938 0.8889
vt 0.3516 0.8889
vt 0.25 0.8889
vt 0.6875 0
vt 0.9375 0.5926
vt 0.5625 0.5926
vt 0.2188 0.4444
vt 0.3125 0.2963
vt 0.4375 0.2963
vt 0.2188 0.2963
vt 0.75 0.8889
vt 0.7188 0.8889
vt 0.6875 0.8889
vt 0.5 0.8148
vt 0.875 0.3704
vt 0.8125 0.2963
vt 0.8438 0.2963
vt 0.7812 0.2963
vt 0.0625 0.2963
vt 0.0938 0.2963
vt 0.5312 0.3704
vt 0.4375 0.5926
vt 0.5 0.2222
vt 0 0.2963
vt 0.0312 0.2963
vt 0.5 0.8519
vt 0.3203 0.2037
vt 0.6875 0.5926
vt 0.4297 0.2407
vt 0.6562 0.8889
vt 0.8125 0.5926
vt 0.3203 0.2407
vt 0.2578 0.8889
vt 0.3125 0.1852
vt 0.5625 0
vt 0.5 0.0741
vt 0.75 0.6667
vt 0 0.5185
vt 0.4688 0.2222
vt 0.25 0.6481
vt 0.2812 0.2593
vt 0.5 0.8519
vt 0.0312 0.8889
vt 0.1406 0.6296
vt 0.2188 0.7963
vt 0.0469 0.6296
vt 0.2188 0.6296
vt 0.1719 0.6296
vt 0.4219 0.8889
s 1
f 1079/970 1072/971 1075/972
f 1065/973 1071/974 1067/975
f 1021/976 1010/977 1015/978
f 839/979 837/980 841/981
f 1073/982 1183/983 1182/984
f 1890/985 809/986 1533/987
f 1306/988 1139/989 1500/990
f 1019/991 1014/992 1013/993
f 1349/994 1081/995 1345/996
f 1379/996 1103/997 1358/994
f 1243/998 896/999 1244/1000
f 817/1001 1149/1002 1148/1003
f 814/1004 1151/1005 1150/1006
f 1640/1007 1663/1008 1889/1009
f 834/1010 831/1011 830/1012
f 891/1013 888/1014 887/1015
f 1346/1016 1270/1017 1459/1018
f 891/1019 890/1020 889/1021
f 1363/1022 1261/1023 1258/1024
f 916/1025 1250/1026 915/1027
f 1072/971 1077/1028 1073/982
f 941/1029 934/1030 940/1031
f 962/1032 955/1033 956/1034
f 899/1035 1390/1036 1391/1037
f 1006/1038 1177/1039 1173/1040
f 1093/982 1096/1041 1092/971
f 1657/1042 1530/1043 1888/1044
f 885/1045 884/1046 890/1047
f 829/1048 822/1049 828/1050
f 1318/1051 1152/1052 1330/1053
f 963/1054 956/1034 957/1055
f 858/1056 1633/1057 1542/1058
f 1206/1059 861/1060 862/1061
f 855/1062 1544/1063 1545/1064
f 1017/1065 1010/977 1016/1066
f 868/1067 860/1068 859/1069
f 903/1070 1392/1071 1463/1072
f 1068/1073 1066/1074 1070/1075
f 1465/1076 923/1077 1399/1078
f 1071/974 1066/1074 1067/975
f 1210/1079 1462/1080 1488/1081
f 1075/972 1184/1082 1225/1083
f 1165/1084 878/1085 1161/1086
f 877/1087 1166/1088 1167/1089
f 901/1090 1391/1037 1392/1071
f 1022/1091 1017/1065 1016/1066
f 1022/1092 1019/991 1018/1093
f 1454/1016 1262/1017 1259/1094
f 1012/1095 1023/1096 1011/1097
f 1352/1098 1259/1094 1261/1023
f 1355/1099 1253/1100 1255/1101
f 899/1035 901/1102 903/1103
f 1022/1104 1021/1105 1020/1106
f 1169/1107 1170/1108 992/1109
f 838/1110 841/981 837/980
f 1668/1111 997/1112 996/1113
f 1193/1114 1106/1115 1195/1116
f 846/1117 843/1118 844/1119
f 1043/1120 1036/1121 1035/1122
f 1561/1123 1538/1124 1887/1125
f 998/1126 1000/1127 1005/1128
f 999/1129 1004/1130 1003/1131
f 1407/1132 934/1030 1404/1133
f 1099/1134 1097/1028 1098/1135
f 1097/1028 1094/1136 1098/1137
f 1670/1138 861/1060 1547/1139
f 834/1140 829/1048 828/1050
f 1227/984 1092/971 1188/1082
f 1338/1141 1260/1142 1457/1143
f 834/1144 833/1145 832/1146
f 1363/1022 1263/1147 1338/1141
f 1449/1148 1257/1149 1256/1150
f 900/1151 898/1152 1243/998
f 1387/1153 1265/1150 1339/1148
f 1013/993 1014/992 1023/1154
f 912/1155 911/1156 1251/1157
f 1362/1158 1254/1159 1448/1160
f 1010/977 1011/1097 1023/1161
f 1148/1003 1147/1162 1288/1163
f 1083/997 1080/1164 1081/1165
f 848/1166 849/1167 850/1168
f 1567/1169 911/1156 1568/1170
f 865/1171 862/1061 861/1060
f 980/1172 979/1173 972/1121
f 1224/1059 1057/1174 1181/1175
f 1061/1176 1056/1177 1057/1174
f 1212/1178 859/1179 1164/1180
f 1207/1181 859/1069 860/1068
f 1031/1013 1026/1182 1030/1183
f 1460/1184 864/1185 1330/1053
f 838/1117 835/1118 836/1119
f 1663/1186 1536/1187 1886/1188
f 965/1029 958/1030 959/1189
f 1087/975 1084/1190 1086/1074
f 1090/1075 1087/975 1086/1074
f 840/1166 841/1167 842/1168
f 1030/1183 1178/1059 1221/1175
f 846/1110 849/981 845/980
f 902/1191 1643/1192 1624/1193
f 1667/1194 1002/1195 997/1196
f 938/1032 931/1033 937/1197
f 1348/1198 1099/1134 1098/1135
f 1182/984 1072/971 1073/982
f 1638/1119 1535/1199 1885/1200
f 1079/1134 1077/1028 1076/1041
f 1211/1201 867/1202 1163/1203
f 1041/1204 1034/1205 1033/1206
f 1228/1083 1091/974 1188/1082
f 1009/1207 1175/1208 1176/1209
f 985/1210 976/1211 977/1212
f 1000/1127 1004/1130 1005/1128
f 975/1206 982/1213 974/1205
f 1473/1214 819/1215 1142/1216
f 1671/1217 998/1218 1549/1219
f 1459/1220 962/1032 963/1054
f 861/1060 1665/1221 1547/1139
f 890/1020 883/1222 889/1021
f 1231/1223 1105/1224 1194/1225
f 1310/1226 1099/1134 1409/1227
f 1103/997 1100/1164 1102/1228
f 1008/1229 1176/1209 1177/1039
f 844/1119 850/1168 846/1117
f 1125/1176 1120/1177 1124/1230
f 887/1015 880/1231 886/1232
f 1126/1182 1198/1175 1234/1059
f 877/1087 1328/1233 874/1234
f 1712/1235 1713/1236 1884/1237
f 1648/1238 1160/1239 1581/1240
f 1883/1241 1504/1242 1613/1243
f 1882/1244 1502/1245 1706/1246
f 1355/1247 1252/1248 1362/1158
f 1142/1216 1306/988 818/1249
f 1559/1250 1242/1251 1557/1252
f 1555/1253 1686/1254 1881/1255
f 1203/1256 1146/1257 816/1258
f 954/1259 1427/1260 1429/1261
f 1691/1262 1714/1263 1880/1264
f 1474/1265 1202/1266 1285/1267
f 1201/1268 1343/1269 1396/1270
f 1466/1271 1566/1272 1588/1273
f 926/1274 1449/1148 1455/1153
f 1150/1006 1308/1275 1445/1276
f 1329/1277 1142/1216 818/1249
f 920/1278 1398/1279 919/1280
f 1225/1083 1071/974 1069/1040
f 1156/1281 1626/1282 1564/1283
f 859/1069 1204/1284 1164/1285
f 1647/1286 1471/1287 1372/1288
f 1154/1289 1163/1290 867/1202
f 857/1291 854/1176 862/1061
f 1301/1292 1246/1293 1381/1294
f 852/1182 855/1062 861/1060
f 1542/1058 1562/1295 858/1056
f 856/1296 851/1297 860/1068
f 1403/1022 1269/1023 1458/1098
f 853/1298 858/1056 859/1069
f 1545/1064 1665/1221 855/1062
f 1595/1299 1681/1300 1879/1301
f 1669/1302 1333/1303 1550/1304
f 958/1030 1468/1132 1425/1133
f 870/1305 1317/1306 867/1202
f 1724/1307 1725/1308 1878/1309
f 1727/1310 1656/1311 1877/1312
f 1546/1313 1419/1314 1659/1315
f 1676/1316 1710/1317 1876/1318
f 1214/1319 878/1085 1165/1084
f 1167/1089 1210/1079 877/1087
f 1639/1320 1368/1321 1644/1322
f 1216/1323 921/1324 920/1278
f 893/1325 895/1326 897/1327
f 1351/1099 1267/1100 1387/1153
f 920/1278 919/1328 918/1329
f 1226/1330 1435/1227 1298/1226
f 923/1331 922/1332 921/1324
f 1170/1108 1217/1333 992/1109
f 1217/1333 1218/1334 992/1109
f 991/1335 1218/1334 990/1336
f 993/1337 1219/1338 992/1109
f 1219/1338 1169/1107 992/1109
f 1176/1209 998/1126 1005/1128
f 1095/972 1188/1082 1092/971
f 1619/1339 1690/1340 1875/1341
f 814/1004 1445/1276 1309/1342
f 1645/1055 1678/1343 1874/1344
f 1598/1345 1543/1346 1873/1347
f 1438/1348 1271/1142 1270/1349
f 1229/1350 1348/1198 1344/1351
f 1499/1352 1140/1353 1341/1354
f 1643/1192 1366/1355 1367/1356
f 959/1189 1425/1133 1427/1260
f 1144/1357 1447/1358 1311/1359
f 1103/997 1359/1360 1358/994
f 1049/1335 1222/1334 1050/1336
f 1055/1337 1179/1338 1048/1109
f 1053/1361 1180/1362 1054/1363
f 1051/1364 1223/1365 1052/1366
f 869/1367 1164/1180 864/1185
f 1728/1368 1729/1369 1872/1370
f 1719/1371 1664/1372 1871/1373
f 1720/1374 1721/1375 1870/1376
f 1679/1377 1722/1378 1869/1379
f 1692/1380 1726/1381 1868/1382
f 1443/1383 1280/1024 1273/1147
f 938/1032 1353/1220 939/1054
f 1711/1384 1532/1385 1867/1386
f 1715/1387 1661/1388 1866/1389
f 1707/1390 1592/1391 1865/1392
f 1704/1393 1705/1394 1864/1395
f 1708/1396 1709/1397 1863/1398
f 1716/1399 1717/1400 1862/1401
f 922/1402 1397/1403 921/1324
f 1316/1404 894/1405 896/999
f 1308/1275 1285/1267 1141/1406
f 1384/1407 892/1408 894/1405
f 1599/1409 1685/1410 1861/1411
f 921/1324 1400/1412 920/1278
f 864/1185 1164/1285 1204/1284
f 1439/1413 1273/1147 1271/1142
f 1700/1414 1701/1415 1860/1416
f 1675/1417 1718/1418 1859/1419
f 1139/989 1307/1420 1140/1353
f 1149/1002 815/1421 1145/1422
f 906/1423 1244/1000 905/1424
f 1187/1425 1437/1351 1444/1198
f 1646/1426 1694/1427 1858/1428
f 1635/1429 1171/1430 1583/1431
f 1150/1006 1151/1005 1146/1257
f 1288/1163 820/1432 1146/1257
f 1173/1040 1004/1130 999/1129
f 1636/1433 1313/1434 1334/1435
f 1617/1436 1682/1437 1857/1438
f 1602/1439 1573/1440 1856/1441
f 1603/1442 1689/1443 1855/1444
f 1238/1445 1316/1404 1383/1446
f 1151/1005 816/1258 1146/1257
f 1500/990 1140/1353 1499/1352
f 1489/1447 867/1202 1317/1306
f 1274/1448 1385/1449 1314/1450
f 877/1087 1488/1081 1335/1451
f 1430/1452 1247/1453 1386/1454
f 1127/1455 1122/1183 1126/1182
f 1117/1174 1112/1230 1113/1176
f 889/1021 882/1456 888/1014
f 832/1146 825/1457 831/1011
f 847/979 845/980 849/981
f 886/1232 879/1458 885/1045
f 830/1012 823/1459 829/1048
f 1402/1460 818/1249 1138/1461
f 831/1011 824/1462 830/1012
f 833/1145 826/1463 832/1146
f 828/1050 827/1464 833/1465
f 1233/1175 1113/1176 1197/1059
f 1227/984 1088/1073 1189/983
f 1374/1466 873/1467 1452/1468
f 904/1469 1641/1470 1639/1320
f 836/1119 842/1168 838/1117
f 897/1327 1389/1471 1390/1036
f 1032/1211 1041/1204 1033/1206
f 1447/1358 821/1472 1145/1422
f 892/1473 904/1469 894/1474
f 1282/1475 1108/1476 1193/1114
f 900/1151 907/1477 902/1191
f 1250/1026 910/1478 909/1479
f 987/1480 978/986 979/1173
f 1015/978 1023/1481 1014/992
f 895/1482 1388/1483 1389/1471
f 1063/1455 1058/1183 1059/1013
f 1029/1174 1024/1230 1028/1177
f 1360/1484 914/1485 1381/1294
f 1067/975 1064/1190 1065/1486
f 1365/1487 915/1027 1360/1484
f 1430/1452 916/1025 1365/1487
f 908/1488 914/1489 909/1479
f 1244/1000 896/999 894/1474
f 1088/1073 1086/1074 1084/1490
f 891/1491 886/1232 885/1045
f 912/1155 917/1492 913/1493
f 1406/1260 930/1259 1410/1261
f 1041/1204 1050/1494 1042/1213
f 1405/1495 931/1033 932/1034
f 1354/1158 951/1496 952/1497
f 1347/1360 1083/997 1349/994
f 1468/1498 956/1034 1428/1495
f 1045/1480 1036/1121 1044/1172
f 1458/1098 1272/1094 1346/1016
f 957/1499 964/1031 963/1500
f 1080/1501 1347/1360 1378/1502
f 941/1029 930/1259 935/1189
f 937/1197 930/1259 936/1503
f 1417/1504 943/1167 1424/1383
f 1417/1504 947/1505 942/1506
f 1421/1507 946/1508 947/1505
f 899/1035 903/1103 1215/1509
f 1428/1495 955/1033 1426/1510
f 1420/1413 945/1511 1423/1348
f 1446/1512 953/1513 948/1514
f 1364/1160 952/1497 953/1513
f 1404/1133 935/1189 1406/1260
f 1426/1510 954/1259 1429/1261
f 1407/1498 932/1034 933/1055
f 1408/1510 930/1259 931/1033
f 1077/1028 1074/1136 1073/982
f 933/1499 940/1031 934/1030
f 938/1032 933/1055 932/1034
f 1251/1157 910/1478 1250/1026
f 954/1259 965/1029 959/1189
f 955/1033 960/1503 954/1259
f 1442/1515 969/1516 1438/1517
f 1418/1515 945/1516 946/1508
f 1424/1383 944/1518 1420/1413
f 1411/1143 961/1197 962/1032
f 1414/1141 960/1503 961/1197
f 1469/1504 971/1505 1436/1507
f 1085/973 1091/974 1089/1040
f 1467/1519 919/1280 1398/1279
f 996/1520 1002/1195 1001/1521
f 888/1014 881/1522 887/1015
f 1175/1208 1006/1292 1173/1523
f 1046/1524 1037/1173 1045/1480
f 1099/970 1092/971 1096/1041
f 975/1206 984/1525 983/1204
f 987/1480 994/1526 986/1524
f 1051/1527 1044/1172 1043/1120
f 1044/1172 1053/1528 1045/1480
f 1054/1526 1045/1480 1053/1529
f 1054/1530 1047/1210 1046/1531
f 980/1172 995/1528 987/1480
f 980/1172 989/1527 988/1532
f 984/1525 993/1533 992/1534
f 1587/1535 910/1478 1567/1169
f 1566/1272 911/1156 912/1155
f 1179/1338 1180/1362 1281/1536
f 973/1122 980/1172 972/1121
f 1019/991 1012/1095 1018/1093
f 1565/1537 1000/1127 1671/1217
f 1119/1013 1114/1182 1115/1455
f 1232/1538 1107/1539 1196/1540
f 1014/992 1021/1105 1015/1541
f 1040/1525 1039/1212 1047/1210
f 982/1213 973/1122 974/1205
f 1046/1531 1039/1212 1038/979
f 978/979 985/1210 977/1212
f 1011/1097 1018/1093 1012/1095
f 1050/1542 1043/1120 1042/1213
f 1436/1507 970/1508 1442/1515
f 984/1525 991/1543 983/1204
f 983/1204 990/1494 982/1213
f 994/1530 985/1210 986/1531
f 1055/1533 1040/1525 1047/1210
f 1040/1525 1049/1543 1041/1204
f 981/1120 990/1542 989/1544
f 1158/1545 1575/1001 1574/1546
f 1489/1447 1490/1547 1154/1289
f 1239/1548 1383/1446 1385/1449
f 872/1549 1167/1089 1166/1088
f 1290/1550 1327/1551 1487/1552
f 1634/1553 1174/1554 1171/1430
f 1165/1084 876/1555 871/1556
f 1109/1557 1195/1116 1104/1558
f 995/1361 1170/1108 1169/1107
f 1209/1559 1487/1552 1374/1466
f 1313/1434 1154/1289 1490/1547
f 1350/1560 813/1464 1307/1420
f 1153/1561 1313/1434 1490/1547
f 1100/1501 1359/1360 1102/1228
f 929/1513 1357/1512 924/1514
f 1636/1433 1376/1562 1649/1563
f 1079/1134 1444/1198 1078/1135
f 1221/1175 1025/1176 1029/1174
f 817/1001 1288/1163 1203/1256
f 1375/1564 1152/1052 1317/1306
f 1457/1143 1262/1349 1353/1220
f 949/1565 1446/1512 948/1514
f 1427/1260 1264/1248 1266/1159
f 1374/1466 1161/1086 878/1085
f 1695/1566 1730/1567 1854/1568
f 1723/1569 1608/1570 1853/1571
f 1470/1572 1318/1051 864/1185
f 813/1573 1396/1270 1340/1574
f 1471/1287 1674/1575 1204/1284
f 1549/1219 1336/1576 1332/1577
f 1429/1261 1266/1159 1268/1149
f 1852/1578 1296/1211 1702/1579
f 1339/1148 1268/1149 1446/1512
f 1160/1239 1631/1580 1581/1240
f 1309/1342 1284/1581 1143/1582
f 1445/1276 1141/1406 1284/1581
f 1234/1059 1121/1174 1125/1176
f 1201/1583 1350/1560 1139/989
f 1111/1584 1194/1225 1107/1585
f 1182/984 1068/1073 1070/1075
f 1108/1476 1196/1540 1106/1586
f 1048/1109 1281/1536 1222/1334
f 1464/1587 1569/1588 1587/1535
f 1558/1589 1242/1251 1240/1590
f 1584/1591 1172/1592 1635/1429
f 871/1556 1214/1319 1165/1084
f 1631/1580 1158/1545 1574/1546
f 1425/1133 1279/1593 1264/1248
f 1435/1227 1187/1425 1444/1198
f 989/1364 1170/1108 988/1366
f 875/1594 1167/1089 872/1549
f 819/1215 1472/1595 1142/1216
f 990/1336 1217/1333 989/1364
f 994/1363 1169/1107 1219/1338
f 1380/1502 1191/1596 1359/1360
f 1177/1039 1005/1128 1004/1130
f 1139/989 1472/1595 1201/1583
f 1143/1582 1402/1460 1312/1597
f 1554/1598 1241/1599 1559/1250
f 1281/1536 1052/1366 1223/1365
f 1703/1600 1612/1601 1851/1602
f 1222/1334 1223/1365 1050/1336
f 998/1126 1173/1523 999/1488
f 862/1061 1154/1289 857/1291
f 1551/1603 1156/1281 1564/1283
f 1455/1153 1256/1150 1253/1100
f 1448/1160 1257/1149 1357/1512
f 1205/1604 1589/1605 1470/1572
f 1589/1605 1318/1051 1470/1572
f 1565/1537 1336/1606 1552/1607
f 1487/1552 876/1555 1161/1086
f 1070/1075 1184/1082 1182/984
f 1610/1608 1571/1609 1850/1610
f 1441/1611 1546/1313 1666/1612
f 1607/1613 1693/1614 1849/1615
f 1150/1006 1146/1257 820/1432
f 1358/994 1191/1596 1190/1425
f 1093/982 1189/983 1094/1136
f 1400/1412 1246/1293 1398/1279
f 1231/1223 1232/1538 1282/1475
f 1335/1451 1168/1616 1328/1233
f 1237/1617 1384/1407 1316/1404
f 1311/1359 1145/1422 815/1421
f 1236/1618 1382/1619 1384/1407
f 1340/1574 1283/1620 1144/1357
f 1090/1075 1188/1082 1091/974
f 1594/1621 1579/1622 1848/1623
f 1062/1182 1181/1175 1058/1183
f 1650/1624 1174/1330 1637/1625
f 1590/1626 1576/1627 1847/1628
f 863/1060 1163/1203 862/1629
f 1148/1003 1145/1422 821/1472
f 1606/1630 1617/1631 1846/1632
f 1591/1633 1677/1634 1845/1635
f 1148/1003 1149/1002 1145/1422
f 1611/1636 1697/1637 1844/1638
f 1843/1639 1130/1205 1698/1640
f 1385/1449 898/1152 900/1641
f 1277/1642 1651/1643 1673/1644
f 1312/1597 1138/1461 812/1042
f 1465/1076 1245/1645 1397/1403
f 1192/1616 1193/1114 1109/1557
f 1396/1270 1202/1266 1283/1620
f 1275/1646 1654/1647 1672/1648
f 1110/1649 1282/1475 1192/1616
f 1397/1403 1248/1650 1400/1412
f 1118/1183 1197/1059 1114/1182
f 1043/1120 1034/1205 1042/1213
f 1153/1561 1489/1447 1152/1052
f 1419/1314 1660/1258 1659/1315
f 1269/1023 1442/1515 1272/1094
f 1650/1624 1461/1651 1586/1652
f 1651/1643 1395/1653 1393/1654
f 1672/1648 1394/1655 1652/1656
f 1278/1657 1398/1279 1246/1293
f 1280/1024 1436/1507 1269/1023
f 1273/1147 1403/1022 1414/1141
f 1271/1142 1414/1141 1411/1143
f 1263/1147 1420/1413 1260/1142
f 1259/1094 1423/1517 1418/1515
f 1272/1094 1438/1517 1270/1017
f 1256/1150 1410/1261 1408/1510
f 1255/1101 1405/1495 1407/1498
f 1265/1150 1429/1261 1268/1149
f 1252/1248 1406/1260 1254/1159
f 1266/1159 1354/1158 1364/1160
f 1268/1149 1364/1160 1446/1512
f 1260/1142 1423/1348 1262/1349
f 1267/1100 1426/1510 1265/1150
f 1261/1023 1418/1515 1421/1507
f 1258/1024 1421/1507 1417/1504
f 1258/1024 1424/1383 1263/1147
f 1378/1502 1186/1596 1226/1330
f 965/1029 1346/1016 964/1031
f 1279/1101 1428/1495 1267/1100
f 1186/1596 1349/994 1187/1425
f 1264/1248 1351/1247 1354/1158
f 1253/1100 1408/1510 1405/1495
f 1254/1159 1410/1261 1257/1149
f 1276/1658 1365/1487 1245/1645
f 1245/1645 1360/1484 1248/1650
f 1248/1650 1381/1294 1246/1293
f 1389/1471 1235/1659 1236/1618
f 1283/1620 1371/1660 1447/1358
f 1390/1036 1236/1618 1237/1617
f 1342/1661 1556/1662 1554/1598
f 1209/1559 1452/1468 1168/1616
f 1284/1581 1329/1277 1402/1460
f 917/1663 1386/1454 913/1664
f 1335/1451 1290/1550 1209/1559
f 1314/1450 900/1641 902/1665
f 1152/1052 1489/1447 1317/1306
f 1138/1666 1500/990 1499/1352
f 1383/1446 896/999 898/1152
f 1731/1667 1604/1668 1842/1669
f 1732/1670 1733/1671 1841/1672
f 1688/1673 1734/1674 1840/1675
f 1735/1676 1658/1677 1839/1678
f 1736/1679 1737/1680 1838/1681
f 1687/1682 1738/1683 1837/1684
f 1739/1685 1597/1686 1836/1687
f 1740/1688 1741/1689 1835/1690
f 1532/1691 1742/1692 1834/1693
f 1334/1435 1313/1434 1153/1561
f 1550/1304 1451/1694 1668/1111
f 1743/1695 1609/1696 1833/1697
f 1744/1698 1745/1699 1832/1700
f 1561/1123 1746/1701 1831/1702
f 1078/1135 1437/1351 1074/1703
f 968/1518 1443/1383 1439/1413
f 1830/1704 1485/1705 1600/1706
f 1829/1707 1517/1708 1749/1709
f 1684/1710 1750/1711 1828/1712
f 820/1432 1474/1265 1308/1275
f 967/1167 1469/1504 1443/1383
f 1138/1666 1341/1354 812/1713
f 1094/1703 1348/1198 1098/1135
f 969/1511 1439/1413 1438/1348
f 1827/1714 1322/1715 1628/1716
f 1752/1717 1753/1718 1826/1719
f 1683/1720 1754/1721 1825/1722
f 1755/1723 1593/1724 1824/1725
f 1756/1726 1757/1727 1823/1728
f 1560/1729 1758/1730 1822/1731
f 1759/1732 1605/1733 1821/1734
f 1760/1735 1761/1736 1820/1737
f 1534/1738 1762/1739 1819/1740
f 1298/1226 1079/1134 1075/1741
f 951/1742 1387/1153 950/1274
f 1763/1743 1596/1744 1818/1745
f 1764/1746 1765/1747 1817/1748
f 1680/1749 1766/1750 1816/1751
f 1580/1752 1324/1753 1630/1754
f 960/1503 1458/1098 965/1029
f 1647/1286 1321/1755 1627/1756
f 908/1523 1381/1294 914/1485
f 1372/1288 1471/1287 1204/1284
f 1376/1562 1541/1757 1649/1563
f 1141/1406 1473/1214 1329/1277
f 1147/1162 1371/1660 1474/1265
f 1767/1758 1601/1759 1815/1760
f 1768/1761 1769/1762 1814/1763
f 1640/1007 1770/1764 1813/1765
f 1644/1322 1366/1355 1642/1766
f 927/1496 1362/1158 928/1497
f 1563/1767 1441/1611 1666/1612
f 1230/1330 1409/1227 1191/1596
f 1326/1768 1580/1752 1632/1769
f 1270/1349 1411/1143 1459/1220
f 1586/1652 1332/1577 1634/1553
f 1285/1267 1343/1269 1473/1214
f 1771/1770 1620/1771 1812/1772
f 1772/1773 1773/1774 1811/1775
f 1553/1349 1774/1776 1810/1777
f 1190/1425 1409/1227 1348/1198
f 1584/1591 1450/1778 1582/1779
f 1315/1780 1558/1589 1539/1781
f 1775/1782 1621/1783 1809/1784
f 1776/1785 1777/1786 1808/1787
f 1578/1788 1778/1789 1807/1790
f 1213/1239 1330/1053 1152/1052
f 1652/1656 1395/1653 1653/1791
f 928/1497 1448/1160 929/1513
f 950/1274 1339/1148 949/1565
f 925/1565 1357/1512 1449/1148
f 936/1503 1338/1141 937/1197
f 937/1197 1457/1143 938/1032
f 1585/1792 1326/1768 1632/1769
f 1255/1593 1404/1133 1252/1248
f 1806/1793 1305/1794 1623/1795
f 1780/1796 1781/1797 1805/1798
f 1646/1426 1782/1799 1804/1800
f 1583/1431 1450/1662 1451/1694
f 927/1742 1455/1153 1355/1099
f 941/1029 1454/1016 1352/1098
f 940/1031 1353/1018 1454/1016
f 1392/1071 1238/1445 1239/1548
f 1488/1081 1162/1801 1290/1550
f 1276/1658 1399/1078 1247/1453
f 1463/1072 1239/1548 1274/1448
f 1324/1753 1629/1802 1630/1754
f 1321/1755 1548/1803 1627/1756
f 864/1185 1318/1051 1330/1053
f 1783/1804 1615/1805 1803/1806
f 1784/1807 1785/1808 1802/1809
f 1572/1810 1786/1811 1801/1812
f 1391/1037 1237/1617 1238/1445
f 936/1503 1352/1098 1363/1022
f 964/1031 1459/1018 963/1500
f 1787/1813 1578/1814 1800/1815
f 1788/1816 1789/1817 1799/1818
f 1555/1253 1790/1819 1798/1820
f 1379/996 1190/1425 1229/1350
f 1349/994 1185/1350 1187/1425
f 818/1249 1500/990 1138/1666
f 1791/1821 1618/1822 1797/1823
f 1796/1824 1528/1825 1793/1826
f 1795/1827 1432/1121 1794/1828
f 1792/1829 1794/1828 1528/1825
f 1504/1242 1795/1827 1792/1829
f 1698/1640 1577/1122 1795/1827
f 1796/1824 1501/1830 1695/1566
f 1293/1831 1796/1824 1695/1566
f 1613/1243 1792/1829 1796/1824
f 1797/1823 1132/1832 1610/1608
f 1793/1826 1610/1608 1501/1830
f 1528/1825 1797/1823 1793/1826
f 1798/1820 1527/1833 1788/1816
f 1694/1427 1788/1816 1498/1834
f 1200/1835 1798/1820 1694/1427
f 1799/1818 1495/1836 1691/1262
f 1609/1696 1691/1262 1292/1837
f 1498/1834 1799/1818 1609/1696
f 1800/1815 1131/1838 1606/1630
f 1789/1817 1606/1630 1495/1836
f 1527/1833 1800/1815 1789/1817
f 1801/1812 1526/1839 1784/1807
f 1690/1340 1784/1807 1494/1840
f 1133/1004 1801/1812 1690/1340
f 1802/1809 1491/1841 1687/1682
f 1605/1733 1687/1682 1291/1842
f 1494/1840 1802/1809 1605/1733
f 1803/1806 1129/1843 1602/1439
f 1785/1808 1602/1439 1491/1841
f 1526/1839 1803/1806 1785/1808
f 1627/1756 1155/1844 1156/1281
f 1630/1754 1157/1845 1158/1545
f 1171/1430 1582/1846 1583/1431
f 1804/1800 1525/1847 1780/1796
f 1686/1254 1780/1796 1486/1848
f 1200/1835 1804/1800 1686/1254
f 1805/1798 1483/1849 1683/1720
f 1601/1759 1683/1720 1289/1850
f 1486/1848 1805/1798 1601/1759
f 1806/1793 1137/1851 1598/1345
f 1781/1797 1598/1345 1483/1849
f 1781/1797 1779/1852 1806/1793
f 1208/1052 1632/1769 1160/1239
f 1241/1599 1653/1791 1242/1251
f 1807/1790 1524/1853 1776/1785
f 1682/1437 1776/1785 1482/1854
f 1131/1855 1807/1790 1682/1437
f 1808/1787 1479/1856 1679/1377
f 1597/1686 1679/1377 1287/1857
f 1482/1854 1808/1787 1597/1686
f 1809/1784 1135/1858 1594/1621
f 1777/1786 1594/1621 1479/1856
f 1524/1853 1809/1784 1777/1786
f 1539/1781 1240/1590 1277/1642
f 1220/1859 1582/1779 1174/1330
f 1810/1777 1523/1860 1772/1773
f 1678/1343 1772/1773 1478/1861
f 1199/1054 1810/1777 1678/1343
f 1811/1775 1475/1862 1675/1417
f 1593/1724 1675/1417 1286/1863
f 1478/1861 1811/1775 1593/1724
f 1812/1772 1134/1864 1590/1626
f 1773/1774 1590/1626 1475/1862
f 1523/1860 1812/1772 1773/1774
f 1172/1592 1634/1553 1171/1430
f 1632/1769 1159/1865 1160/1239
f 866/1179 1666/1612 860/1068
f 905/1424 1642/1766 906/1423
f 1813/1765 1522/1866 1768/1761
f 1536/1187 1768/1761 1303/1867
f 808/1868 1813/1765 1536/1187
f 1684/1710 1769/1762 1484/1869
f 1621/1783 1684/1710 1135/1858
f 1621/1783 1768/1761 1814/1763
f 1815/1760 1289/1850 1599/1409
f 1769/1762 1599/1409 1484/1869
f 1522/1866 1815/1760 1769/1762
f 854/1230 1649/1563 1541/1757
f 1205/1604 1627/1756 1156/1281
f 1159/1865 1630/1754 1158/1545
f 1764/1746 1766/1750 1521/1870
f 1571/1871 1764/1746 1413/1872
f 1132/1873 1816/1751 1571/1871
f 1817/1748 1412/1874 1655/1875
f 1656/1876 1655/1875 804/1877
f 1413/1872 1817/1748 1656/1876
f 1818/1745 1128/1878 1570/1879
f 1765/1747 1570/1879 1412/1874
f 1521/1870 1818/1745 1765/1747
f 1819/1740 1520/1880 1760/1735
f 1537/1881 1760/1735 1304/1882
f 807/1883 1819/1740 1537/1881
f 1820/1737 1492/1884 1688/1673
f 1622/1885 1688/1673 1136/1886
f 1304/1882 1820/1737 1622/1885
f 1821/1734 1291/1842 1603/1442
f 1761/1736 1603/1442 1492/1884
f 1520/1880 1821/1734 1761/1736
f 1822/1731 1519/1887 1756/1726
f 1538/1124 1756/1726 1305/1794
f 811/1742 1822/1731 1538/1124
f 1823/1728 1476/1888 1676/1316
f 1623/1795 1676/1316 1137/1851
f 1305/1794 1823/1728 1623/1795
f 1824/1725 1286/1863 1591/1633
f 1757/1727 1591/1633 1476/1888
f 1519/1887 1824/1725 1757/1727
f 1825/1722 1518/1889 1752/1717
f 1685/1410 1752/1717 1485/1705
f 1289/1850 1825/1722 1685/1410
f 1622/1885 1753/1718 1304/1882
f 1136/1886 1826/1719 1622/1885
f 1485/1705 1826/1719 1600/1706
f 1827/1714 807/1883 1537/1881
f 1304/1882 1827/1714 1537/1881
f 1518/1889 1827/1714 1753/1718
f 1748/1890 1750/1711 1517/1708
f 1434/1891 1828/1712 1748/1890
f 1135/1858 1828/1712 1579/1622
f 1829/1707 1319/1892 1625/1893
f 1664/1372 1625/1893 806/1894
f 1664/1372 1748/1890 1829/1707
f 1540/1895 1600/1706 1136/1886
f 1319/1892 1830/1704 1540/1895
f 1749/1709 1747/1896 1830/1704
f 1831/1702 1516/1897 1744/1698
f 1560/1898 1744/1698 1369/1513
f 811/1742 1831/1702 1560/1898
f 1832/1700 1496/1899 1692/1380
f 1645/1496 1692/1380 1199/1190
f 1369/1513 1832/1700 1645/1496
f 1833/1697 1292/1837 1607/1613
f 1745/1699 1607/1613 1496/1899
f 1516/1897 1833/1697 1745/1699
f 1001/1521 1668/1111 996/1113
f 1834/1693 1515/1900 1740/1688
f 1533/1901 1740/1688 1299/1902
f 809/1903 1834/1693 1533/1901
f 1835/1690 1480/1904 1680/1749
f 1618/1905 1680/1749 1132/1873
f 1299/1902 1835/1690 1618/1905
f 1836/1687 1287/1857 1595/1299
f 1741/1689 1595/1299 1480/1904
f 1515/1900 1836/1687 1741/1689
f 1837/1684 1514/1906 1736/1679
f 1689/1443 1736/1679 1493/1907
f 1291/1842 1837/1684 1689/1443
f 1838/1681 1412/1908 1570/1909
f 1604/1668 1570/1909 1128/1910
f 1493/1907 1838/1681 1604/1668
f 1839/1678 804/1911 1655/1912
f 1737/1680 1655/1912 1412/1908
f 1514/1906 1839/1678 1737/1680
f 1840/1675 1513/1913 1732/1670
f 1540/1895 1732/1670 1319/1892
f 1136/1886 1840/1675 1540/1895
f 1841/1672 1294/1914 1529/1915
f 1625/1893 1529/1915 806/1894
f 1319/1892 1841/1672 1625/1893
f 1842/1669 1128/1910 1614/1916
f 1733/1671 1614/1916 1294/1914
f 1513/1913 1842/1669 1733/1671
f 1554/1598 1249/1917 1275/1646
f 1275/1646 1652/1656 1241/1599
f 1240/1590 1653/1791 1651/1643
f 1220/1859 1586/1652 1172/1592
f 851/1339 1659/1315 1660/1258
f 1672/1648 1401/1576 1464/1587
f 1673/1644 1393/1654 1466/1271
f 1699/1918 1698/1640 1504/1242
f 1505/1919 1843/1639 1699/1918
f 1702/1579 1616/1206 1843/1639
f 1844/1638 1503/1920 1703/1600
f 1706/1246 1703/1600 1506/1921
f 1502/1245 1844/1638 1706/1246
f 1845/1635 1477/1922 1707/1390
f 1710/1317 1707/1390 1507/1923
f 1476/1888 1845/1635 1710/1317
f 1846/1632 1297/1924 1711/1384
f 1714/1263 1711/1384 1508/1925
f 1495/1836 1846/1632 1714/1263
f 1847/1628 1431/1926 1715/1387
f 1718/1418 1715/1387 1509/1927
f 1718/1418 1590/1626 1847/1628
f 1377/1928 1637/1625 1336/1606
f 1848/1623 1434/1891 1719/1371
f 1722/1378 1719/1371 1510/1929
f 1479/1856 1848/1623 1722/1378
f 1849/1615 1497/1930 1723/1569
f 1726/1381 1723/1569 1511/1931
f 1496/1899 1849/1615 1726/1381
f 1666/1612 856/1296 860/1068
f 1850/1610 1413/1932 1727/1310
f 1730/1567 1727/1310 1512/1933
f 1501/1830 1850/1610 1730/1567
f 999/972 1565/1537 1552/1607
f 1334/1435 1564/1283 1376/1562
f 1851/1602 1129/1934 1615/1935
f 1705/1394 1615/1935 1295/1936
f 1506/1921 1851/1602 1705/1394
f 1342/1661 1559/1250 1368/1321
f 1325/1937 1574/1546 1419/1314
f 1453/1938 1635/1429 1333/1303
f 1367/1356 1557/1252 1558/1589
f 1587/1535 908/1488 909/1479
f 1581/1240 1325/1937 1441/1611
f 1700/1414 1702/1579 1505/1919
f 1535/1199 1700/1414 1302/1939
f 1535/1199 1531/1212 1852/1578
f 998/1218 1552/1940 1549/1219
f 1853/1571 1130/1941 1616/1942
f 1725/1308 1616/1942 1296/1519
f 1511/1931 1853/1571 1725/1308
f 1854/1568 1512/1933 1728/1368
f 1697/1637 1728/1368 1503/1920
f 1697/1637 1695/1566 1854/1568
f 857/1291 1649/1563 854/1230
f 1332/1577 1637/1943 1634/1553
f 1574/1546 1422/1256 1419/1314
f 1377/1928 1671/1217 1461/1651
f 1393/1654 1568/1170 1566/1272
f 1464/1587 1567/1169 1394/1655
f 1639/1320 1361/1944 1342/1661
f 1855/1444 1493/1907 1731/1667
f 1734/1674 1731/1667 1513/1913
f 1492/1884 1855/1444 1734/1674
f 1856/1441 1416/1945 1735/1676
f 1738/1683 1735/1676 1514/1906
f 1491/1841 1856/1441 1738/1683
f 1857/1438 1482/1854 1739/1685
f 1742/1692 1739/1685 1515/1900
f 1297/1946 1857/1438 1742/1692
f 1333/1303 1583/1431 1451/1694
f 1858/1428 1498/1834 1743/1695
f 1746/1701 1743/1695 1516/1897
f 1370/1947 1858/1428 1746/1701
f 1859/1419 1509/1927 1716/1399
f 1677/1634 1716/1399 1477/1922
f 1286/1863 1859/1419 1677/1634
f 1696/1948 1701/1415 1502/1245
f 1620/1771 1696/1948 1134/1864
f 1302/1939 1860/1416 1620/1771
f 1861/1411 1485/1705 1747/1896
f 1750/1711 1747/1896 1517/1708
f 1750/1711 1599/1409 1861/1411
f 1862/1401 1415/1949 1572/1282
f 1592/1391 1572/1282 1133/1844
f 1477/1922 1862/1401 1592/1391
f 1863/1398 1300/1950 1534/1057
f 1628/1716 1534/1057 807/1883
f 1322/1715 1863/1398 1628/1716
f 1864/1395 1295/1936 1530/1951
f 1661/1388 1530/1951 805/1230
f 1431/1926 1864/1395 1661/1388
f 1865/1392 1133/1844 1619/1803
f 1709/1397 1619/1803 1300/1950
f 1507/1923 1865/1392 1709/1397
f 1866/1389 805/1230 1657/1757
f 1717/1400 1657/1757 1415/1949
f 1509/1927 1866/1389 1717/1400
f 1867/1386 809/1952 1662/1953
f 1713/1236 1662/1953 1432/1954
f 1508/1925 1867/1386 1713/1236
f 1868/1382 1511/1931 1724/1307
f 1553/1038 1724/1307 1337/1955
f 1199/1190 1868/1382 1553/1038
f 1869/1379 1510/1929 1720/1374
f 1681/1300 1720/1374 1481/1956
f 1287/1857 1869/1379 1681/1300
f 1870/1376 1294/1957 1614/1958
f 1596/1744 1614/1958 1128/1878
f 1481/1956 1870/1376 1596/1744
f 1871/1373 806/1894 1529/1959
f 1721/1375 1529/1959 1294/1957
f 1510/1929 1871/1373 1721/1375
f 1872/1370 1416/1960 1573/1961
f 1612/1601 1573/1961 1129/1934
f 1503/1920 1872/1370 1612/1601
f 907/1477 1642/1766 1643/1192
f 1751/1962 1543/1346 1322/1715
f 1518/1889 1873/1347 1751/1962
f 1483/1849 1873/1347 1754/1721
f 1874/1344 1478/1861 1755/1723
f 1758/1730 1755/1723 1519/1887
f 1369/1963 1874/1344 1758/1730
f 1875/1341 1494/1840 1759/1732
f 1762/1739 1759/1732 1520/1880
f 1300/1964 1875/1341 1762/1739
f 904/1469 1644/1322 905/1424
f 1876/1318 1507/1923 1708/1396
f 1543/1346 1708/1396 1322/1715
f 1137/1851 1876/1318 1543/1346
f 856/1296 1659/1315 851/1339
f 1877/1312 804/1965 1658/1966
f 1729/1369 1658/1966 1416/1960
f 1512/1933 1877/1312 1729/1369
f 1878/1309 1296/1519 1531/1657
f 1638/1967 1531/1657 810/1292
f 1337/1955 1878/1309 1638/1967
f 1002/1195 1550/1304 1001/1521
f 1879/1301 1481/1956 1763/1743
f 1766/1750 1763/1743 1521/1870
f 1480/1904 1879/1301 1766/1750
f 1440/1968 1545/1064 1324/1753
f 1372/1288 1542/1058 1321/1755
f 1564/1283 1320/1949 1376/1562
f 1588/1273 912/1155 913/1493
f 1880/1264 1508/1925 1712/1235
f 1693/1614 1712/1235 1497/1930
f 1292/1837 1880/1264 1693/1614
f 1881/1255 1486/1848 1767/1758
f 1770/1764 1767/1758 1522/1866
f 1356/1969 1881/1255 1770/1764
f 1368/1321 1557/1252 1366/1355
f 1882/1244 1506/1921 1704/1393
f 1576/1627 1704/1393 1431/1926
f 1576/1627 1696/1948 1882/1244
f 1883/1241 1293/1831 1611/1636
f 1502/1245 1883/1241 1611/1636
f 1701/1415 1699/1918 1883/1241
f 1373/1970 1581/1240 1441/1611
f 1884/1237 1432/1954 1577/1971
f 1608/1570 1577/1971 1130/1941
f 1497/1930 1884/1237 1608/1570
f 1547/1139 1440/1968 1326/1768
f 1461/1651 1549/1219 1332/1577
f 1885/1200 1302/1939 1771/1770
f 1774/1776 1771/1770 1523/1860
f 1337/1511 1885/1200 1774/1776
f 1453/1938 1667/1194 1450/1778
f 1624/1193 1367/1356 1315/1780
f 1886/1188 1303/1867 1775/1782
f 1778/1789 1775/1782 1524/1853
f 1433/1972 1886/1188 1778/1789
f 1394/1655 1568/1170 1395/1653
f 1456/1973 1547/1139 1326/1768
f 1887/1125 1305/1794 1779/1852
f 1782/1799 1779/1852 1525/1847
f 1370/1947 1887/1125 1782/1799
f 1451/1694 1667/1974 1668/1111
f 1545/1064 1323/1975 1324/1753
f 1542/1058 1331/1950 1321/1755
f 1888/1044 1295/1976 1783/1804
f 1786/1811 1783/1804 1526/1839
f 1415/1977 1888/1044 1786/1811
f 1889/1009 1433/1978 1787/1813
f 1790/1819 1787/1813 1527/1833
f 1356/1969 1889/1009 1790/1819
f 1890/985 1299/1979 1791/1821
f 1794/1828 1791/1821 1528/1825
f 1794/1828 1662/1173 1890/985
f 1079/970 1076/1041 1072/971
f 1065/973 1069/1040 1071/974
f 1021/976 1016/1066 1010/977
f 839/979 835/1118 837/980
f 1073/982 1074/1136 1183/983
f 1890/985 1662/1173 809/986
f 1019/991 1020/1106 1014/992
f 1349/994 1083/997 1081/995
f 1379/996 1101/995 1103/997
f 1243/998 898/1152 896/999
f 1640/1007 808/1868 1663/1008
f 834/1010 832/1146 831/1011
f 891/1013 889/1021 888/1014
f 1346/1016 1272/1094 1270/1017
f 891/1019 885/1045 890/1020
f 1363/1022 1352/1098 1261/1023
f 916/1025 1251/1157 1250/1026
f 1072/971 1076/1041 1077/1028
f 941/1029 935/1189 934/1030
f 962/1032 961/1197 955/1033
f 899/1035 897/1327 1390/1036
f 1006/1038 1008/1229 1177/1039
f 1093/982 1097/1028 1096/1041
f 1657/1042 805/1713 1530/1043
f 885/1045 879/1458 884/1046
f 829/1048 823/1459 822/1049
f 1318/1051 1153/1561 1152/1052
f 963/1054 962/1032 956/1034
f 858/1056 853/1883 1633/1057
f 862/1061 854/1176 1206/1059
f 1206/1059 852/1182 861/1060
f 855/1062 852/1455 1544/1063
f 1017/1065 1011/1097 1010/977
f 868/1067 866/1980 860/1068
f 903/1070 901/1090 1392/1071
f 1068/1073 1064/1490 1066/1074
f 1465/1076 922/1402 923/1077
f 1071/974 1070/1075 1066/1074
f 1210/1079 875/1594 1462/1080
f 1075/972 1072/971 1184/1082
f 877/1087 874/1558 1166/1088
f 901/1090 899/1035 1391/1037
f 1022/1091 1018/1093 1017/1065
f 1022/1092 1020/1106 1019/991
f 1454/1016 1353/1018 1262/1017
f 1012/1095 1013/993 1023/1096
f 1352/1098 1454/1016 1259/1094
f 1355/1099 1455/1153 1253/1100
f 1022/1104 1016/1066 1021/1105
f 838/1110 842/1981 841/981
f 1668/1111 1667/1974 997/1112
f 1193/1114 1108/1476 1106/1115
f 846/1117 845/980 843/1118
f 1043/1120 1044/1172 1036/1121
f 1561/1123 811/1742 1538/1124
f 1407/1132 933/1499 934/1030
f 1099/1134 1096/1041 1097/1028
f 1097/1028 1093/982 1094/1136
f 1670/1138 865/1629 861/1060
f 834/1140 830/1012 829/1048
f 1227/984 1093/982 1092/971
f 1338/1141 1263/1147 1260/1142
f 834/1144 828/1050 833/1145
f 1363/1022 1258/1024 1263/1147
f 1449/1148 1357/1512 1257/1149
f 1243/998 906/1423 907/1477
f 907/1477 900/1151 1243/998
f 1387/1153 1267/1100 1265/1150
f 1251/1157 916/1025 917/1492
f 917/1492 912/1155 1251/1157
f 1362/1158 1252/1248 1254/1159
f 1148/1003 821/1472 1147/1162
f 1083/997 1082/1228 1080/1164
f 848/1166 847/1511 849/1167
f 1567/1169 910/1478 911/1156
f 865/1171 863/1982 862/1061
f 980/1172 987/1480 979/1173
f 1224/1059 1061/1176 1057/1174
f 1061/1176 1060/1230 1056/1177
f 1212/1178 868/1068 859/1179
f 860/1068 851/1297 1207/1181
f 1207/1181 853/1298 859/1069
f 1031/1013 1027/1455 1026/1182
f 1460/1184 869/1367 864/1185
f 838/1117 837/980 835/1118
f 1663/1186 808/1868 1536/1187
f 965/1029 964/1031 958/1030
f 1087/975 1085/1486 1084/1190
f 1090/1075 1091/974 1087/975
f 840/1166 839/1511 841/1167
f 1030/1183 1026/1182 1178/1059
f 846/1110 850/1981 849/981
f 902/1191 907/1477 1643/1192
f 1667/1194 1669/1302 1002/1195
f 938/1032 932/1034 931/1033
f 1348/1198 1409/1227 1099/1134
f 1182/984 1184/1082 1072/971
f 1638/1119 810/979 1535/1199
f 1079/1134 1078/1135 1077/1028
f 1211/1201 870/1305 867/1202
f 1041/1204 1042/1213 1034/1205
f 1228/1083 1089/1040 1091/974
f 1009/1207 1007/1983 1175/1208
f 985/1210 984/1525 976/1211
f 1000/1127 1003/1131 1004/1130
f 975/1206 983/1204 982/1213
f 1473/1214 1343/1269 819/1215
f 1671/1217 1000/1127 998/1218
f 1459/1220 1411/1143 962/1032
f 861/1060 855/1062 1665/1221
f 890/1020 884/1224 883/1222
f 1231/1223 1110/1649 1105/1224
f 1310/1226 1095/1741 1099/1134
f 1103/997 1101/1165 1100/1164
f 1008/1229 1009/1207 1176/1209
f 844/1119 848/1166 850/1168
f 1125/1176 1121/1174 1120/1177
f 887/1015 881/1522 880/1231
f 1126/1182 1122/1183 1198/1175
f 877/1087 1335/1451 1328/1233
f 1712/1235 1508/1925 1713/1236
f 1648/1238 1208/1052 1160/1239
f 1883/1241 1699/1918 1504/1242
f 1882/1244 1696/1948 1502/1245
f 1355/1247 1255/1593 1252/1248
f 1142/1216 1139/989 1306/988
f 1559/1250 1241/1599 1242/1251
f 1555/1253 1200/1835 1686/1254
f 1203/1256 1288/1163 1146/1257
f 954/1259 959/1189 1427/1260
f 1691/1262 1495/1836 1714/1263
f 1474/1265 1371/1660 1202/1266
f 1201/1268 819/1215 1343/1269
f 1466/1271 1393/1654 1566/1272
f 926/1274 925/1565 1449/1148
f 1150/1006 820/1432 1308/1275
f 1329/1277 1473/1214 1142/1216
f 920/1278 1400/1412 1398/1279
f 1225/1083 1184/1082 1071/974
f 1156/1281 1155/1844 1626/1282
f 859/1069 858/1056 1204/1284
f 1647/1286 1205/1604 1471/1287
f 1301/1292 1278/1657 1246/1293
f 1403/1022 1280/1024 1269/1023
f 1595/1299 1287/1857 1681/1300
f 1669/1302 1453/1938 1333/1303
f 958/1030 957/1499 1468/1132
f 870/1305 1375/1564 1317/1306
f 1724/1307 1511/1931 1725/1308
f 1727/1310 1413/1932 1656/1311
f 1546/1313 1325/1937 1419/1314
f 1676/1316 1476/1888 1710/1317
f 1214/1319 873/1224 878/1085
f 1639/1320 1342/1661 1368/1321
f 920/1278 918/1329 1216/1323
f 1216/1323 923/1331 921/1324
f 1351/1099 1279/1101 1267/1100
f 1226/1330 1186/1596 1435/1227
f 991/1335 992/1109 1218/1334
f 993/1337 994/1363 1219/1338
f 1176/1209 1175/1208 998/1126
f 1095/972 1228/1083 1188/1082
f 1619/1339 1133/1004 1690/1340
f 814/1004 1150/1006 1445/1276
f 1645/1055 1199/1054 1678/1343
f 1598/1345 1137/1851 1543/1346
f 1438/1348 1439/1413 1271/1142
f 1229/1350 1190/1425 1348/1198
f 1643/1192 1642/1766 1366/1355
f 959/1189 958/1030 1425/1133
f 1144/1357 1283/1620 1447/1358
f 1103/997 1102/1228 1359/1360
f 1049/1335 1048/1109 1222/1334
f 1055/1337 1054/1363 1179/1338
f 1053/1361 1052/1366 1180/1362
f 1051/1364 1050/1336 1223/1365
f 869/1367 1212/1178 1164/1180
f 1728/1368 1512/1933 1729/1369
f 1719/1371 1434/1891 1664/1372
f 1720/1374 1510/1929 1721/1375
f 1679/1377 1479/1856 1722/1378
f 1692/1380 1496/1899 1726/1381
f 1443/1383 1469/1504 1280/1024
f 938/1032 1457/1143 1353/1220
f 1711/1384 1297/1924 1532/1385
f 1715/1387 1431/1926 1661/1388
f 1707/1390 1477/1922 1592/1391
f 1704/1393 1506/1921 1705/1394
f 1708/1396 1507/1923 1709/1397
f 1716/1399 1509/1927 1717/1400
f 922/1402 1465/1076 1397/1403
f 1316/1404 1384/1407 894/1405
f 1308/1275 1474/1265 1285/1267
f 1384/1407 1382/1619 892/1408
f 1599/1409 1289/1850 1685/1410
f 921/1324 1397/1403 1400/1412
f 1439/1413 1443/1383 1273/1147
f 1700/1414 1505/1919 1701/1415
f 1675/1417 1475/1862 1718/1418
f 1139/989 1350/1560 1307/1420
f 906/1423 1243/998 1244/1000
f 1187/1425 1185/1350 1437/1351
f 1646/1426 1200/1835 1694/1427
f 1635/1429 1172/1592 1171/1430
f 1288/1163 1147/1162 820/1432
f 1173/1040 1177/1039 1004/1130
f 1636/1433 857/1291 1313/1434
f 1617/1436 1131/1855 1682/1437
f 1602/1439 1129/1843 1573/1440
f 1603/1442 1291/1842 1689/1443
f 1238/1445 1237/1617 1316/1404
f 1500/990 1139/989 1140/1353
f 1489/1447 1154/1289 867/1202
f 1274/1448 1239/1548 1385/1449
f 877/1087 1210/1079 1488/1081
f 1430/1452 1276/1658 1247/1453
f 1127/1455 1123/1013 1122/1183
f 1117/1174 1116/1177 1112/1230
f 889/1021 883/1222 882/1456
f 832/1146 826/1463 825/1457
f 847/979 843/1118 845/980
f 886/1232 880/1231 879/1458
f 830/1012 824/1462 823/1459
f 1402/1460 1329/1277 818/1249
f 831/1011 825/1457 824/1462
f 833/1145 827/1556 826/1463
f 828/1050 822/1049 827/1464
f 1233/1175 1117/1174 1113/1176
f 1227/984 1090/1075 1088/1073
f 1374/1466 878/1085 873/1467
f 904/1469 892/1473 1641/1470
f 836/1119 840/1166 842/1168
f 897/1327 895/1482 1389/1471
f 1032/1211 1040/1525 1041/1204
f 1447/1358 1371/1660 821/1472
f 1282/1475 1232/1538 1108/1476
f 909/1479 914/1489 1250/1026
f 914/1489 915/1027 1250/1026
f 987/1480 986/1524 978/986
f 1015/978 1010/977 1023/1481
f 895/1482 893/1984 1388/1483
f 1063/1455 1062/1182 1058/1183
f 1029/1174 1025/1176 1024/1230
f 1360/1484 915/1027 914/1485
f 1067/975 1066/1074 1064/1190
f 1365/1487 916/1025 915/1027
f 1430/1452 917/1663 916/1025
f 894/1474 904/1469 1244/1000
f 904/1469 905/1424 1244/1000
f 1088/1073 1090/1075 1086/1074
f 891/1491 887/1015 886/1232
f 1406/1260 935/1189 930/1259
f 1041/1204 1049/1985 1050/1494
f 1405/1495 1408/1510 931/1033
f 1354/1158 1351/1247 951/1496
f 1347/1360 1082/1228 1083/997
f 1468/1498 957/1055 956/1034
f 1045/1480 1037/1173 1036/1121
f 1458/1098 1269/1023 1272/1094
f 957/1499 958/1030 964/1031
f 1080/1501 1082/1228 1347/1360
f 941/1029 936/1503 930/1259
f 937/1197 931/1033 930/1259
f 1417/1504 942/1506 943/1167
f 1417/1504 1421/1507 947/1505
f 1421/1507 1418/1515 946/1508
f 1215/1509 893/1325 897/1327
f 897/1327 899/1035 1215/1509
f 1428/1495 956/1034 955/1033
f 1420/1413 944/1518 945/1511
f 1446/1512 1364/1160 953/1513
f 1364/1160 1354/1158 952/1497
f 1404/1133 934/1030 935/1189
f 1426/1510 955/1033 954/1259
f 1407/1498 1405/1495 932/1034
f 1408/1510 1410/1261 930/1259
f 1077/1028 1078/1137 1074/1136
f 933/1499 939/1500 940/1031
f 938/1032 939/1054 933/1055
f 1251/1157 911/1156 910/1478
f 954/1259 960/1503 965/1029
f 955/1033 961/1197 960/1503
f 1442/1515 970/1508 969/1516
f 1418/1515 1423/1517 945/1516
f 1424/1383 943/1167 944/1518
f 1411/1143 1414/1141 961/1197
f 1414/1141 1403/1022 960/1503
f 1469/1504 966/1506 971/1505
f 1085/973 1087/975 1091/974
f 1467/1519 918/1942 919/1280
f 996/1520 997/1986 1002/1195
f 888/1014 882/1456 881/1522
f 1175/1208 1007/1983 1006/1292
f 1046/1524 1038/986 1037/1173
f 1099/970 1095/972 1092/971
f 975/1206 976/1211 984/1525
f 987/1480 995/1529 994/1526
f 1051/1527 1052/1532 1044/1172
f 1044/1172 1052/1987 1053/1528
f 1054/1526 1046/1524 1045/1480
f 1054/1530 1055/1988 1047/1210
f 980/1172 988/1987 995/1528
f 980/1172 981/1120 989/1527
f 984/1525 985/1210 993/1533
f 1587/1535 909/1479 910/1478
f 1566/1272 1568/1170 911/1156
f 1179/1338 1054/1363 1180/1362
f 973/1122 981/1120 980/1172
f 1019/991 1013/993 1012/1095
f 1565/1537 1003/1131 1000/1127
f 1119/1013 1118/1183 1114/1182
f 1232/1538 1111/1584 1107/1539
f 1014/992 1020/1106 1021/1105
f 1040/1525 1032/1211 1039/1212
f 982/1213 981/1120 973/1122
f 1046/1531 1047/1210 1039/1212
f 978/979 986/1531 985/1210
f 1011/1097 1017/1065 1018/1093
f 1050/1542 1051/1544 1043/1120
f 1436/1507 971/1505 970/1508
f 984/1525 992/1989 991/1543
f 983/1204 991/1985 990/1494
f 994/1530 993/1988 985/1210
f 1055/1533 1048/1534 1040/1525
f 1040/1525 1048/1989 1049/1543
f 981/1120 982/1213 990/1542
f 1158/1545 1157/1845 1575/1001
f 1239/1548 1238/1445 1383/1446
f 1290/1550 1162/1801 1327/1551
f 1634/1553 1637/1943 1174/1554
f 1165/1084 1161/1086 876/1555
f 1109/1557 1193/1114 1195/1116
f 995/1361 988/1366 1170/1108
f 1209/1559 1290/1550 1487/1552
f 1313/1434 857/1291 1154/1289
f 1100/1501 1380/1502 1359/1360
f 929/1513 1448/1160 1357/1512
f 1636/1433 1334/1435 1376/1562
f 1079/1134 1435/1227 1444/1198
f 1221/1175 1178/1059 1025/1176
f 817/1001 1148/1003 1288/1163
f 1375/1564 1213/1239 1152/1052
f 1457/1143 1260/1142 1262/1349
f 949/1565 1339/1148 1446/1512
f 1427/1260 1425/1133 1264/1248
f 1374/1466 1487/1552 1161/1086
f 1695/1566 1501/1830 1730/1567
f 1723/1569 1497/1930 1608/1570
f 864/1185 1204/1284 1674/1575
f 1674/1575 1470/1572 864/1185
f 813/1573 1201/1268 1396/1270
f 1471/1287 1470/1572 1674/1575
f 1549/1219 1552/1940 1336/1576
f 1429/1261 1427/1260 1266/1159
f 1852/1578 1531/1212 1296/1211
f 1339/1148 1265/1150 1268/1149
f 1160/1239 1159/1865 1631/1580
f 1309/1342 1445/1276 1284/1581
f 1445/1276 1308/1275 1141/1406
f 1234/1059 1198/1175 1121/1174
f 1201/1583 813/1464 1350/1560
f 1111/1584 1231/1223 1194/1225
f 1182/984 1183/983 1068/1073
f 1108/1476 1232/1538 1196/1540
f 1048/1109 1179/1338 1281/1536
f 1464/1587 1401/1576 1569/1588
f 1558/1589 1557/1252 1242/1251
f 1584/1591 1220/1859 1172/1592
f 1631/1580 1159/1865 1158/1545
f 1425/1133 1468/1132 1279/1593
f 1435/1227 1186/1596 1187/1425
f 989/1364 1217/1333 1170/1108
f 875/1594 1210/1079 1167/1089
f 819/1215 1201/1583 1472/1595
f 990/1336 1218/1334 1217/1333
f 994/1363 995/1361 1169/1107
f 1380/1502 1230/1330 1191/1596
f 1177/1039 1176/1209 1005/1128
f 1139/989 1142/1216 1472/1595
f 1143/1582 1284/1581 1402/1460
f 1554/1598 1275/1646 1241/1599
f 1281/1536 1180/1362 1052/1366
f 1703/1600 1503/1920 1612/1601
f 1222/1334 1281/1536 1223/1365
f 998/1126 1175/1208 1173/1523
f 862/1061 1163/1290 1154/1289
f 1551/1603 1205/1604 1156/1281
f 1455/1153 1449/1148 1256/1150
f 1448/1160 1254/1159 1257/1149
f 1470/1572 1471/1287 1205/1604
f 1205/1604 1153/1561 1589/1605
f 1589/1605 1153/1561 1318/1051
f 1565/1537 1377/1928 1336/1606
f 1487/1552 1327/1551 876/1555
f 1070/1075 1071/974 1184/1082
f 1610/1608 1132/1832 1571/1609
f 1441/1611 1325/1937 1546/1313
f 1607/1613 1292/1837 1693/1614
f 1358/994 1359/1360 1191/1596
f 1093/982 1227/984 1189/983
f 1400/1412 1248/1650 1246/1293
f 1231/1223 1111/1584 1232/1538
f 1335/1451 1209/1559 1168/1616
f 1237/1617 1236/1618 1384/1407
f 1311/1359 1447/1358 1145/1422
f 1236/1618 1235/1659 1382/1619
f 1340/1574 1396/1270 1283/1620
f 1090/1075 1227/984 1188/1082
f 1594/1621 1135/1858 1579/1622
f 1062/1182 1224/1059 1181/1175
f 1650/1624 1220/1859 1174/1330
f 1590/1626 1134/1864 1576/1627
f 863/1060 1211/1201 1163/1203
f 1606/1630 1131/1838 1617/1631
f 1591/1633 1286/1863 1677/1634
f 1611/1636 1293/1831 1697/1637
f 1843/1639 1616/1206 1130/1205
f 1385/1449 1383/1446 898/1152
f 1277/1642 1240/1590 1651/1643
f 1312/1597 1402/1460 1138/1461
f 1465/1076 1276/1658 1245/1645
f 1192/1616 1282/1475 1193/1114
f 1396/1270 1343/1269 1202/1266
f 1275/1646 1249/1917 1654/1647
f 1110/1649 1231/1223 1282/1475
f 1397/1403 1245/1645 1248/1650
f 1118/1183 1233/1175 1197/1059
f 1043/1120 1035/1122 1034/1205
f 1153/1561 1490/1547 1489/1447
f 1419/1314 1422/1256 1660/1258
f 1269/1023 1436/1507 1442/1515
f 1650/1624 1377/1928 1461/1651
f 1651/1643 1653/1791 1395/1653
f 1672/1648 1464/1587 1394/1655
f 1278/1657 1467/1519 1398/1279
f 1280/1024 1469/1504 1436/1507
f 1273/1147 1280/1024 1403/1022
f 1271/1142 1273/1147 1414/1141
f 1263/1147 1424/1383 1420/1413
f 1259/1094 1262/1017 1423/1517
f 1272/1094 1442/1515 1438/1517
f 1256/1150 1257/1149 1410/1261
f 1255/1101 1253/1100 1405/1495
f 1265/1150 1426/1510 1429/1261
f 1252/1248 1404/1133 1406/1260
f 1266/1159 1264/1248 1354/1158
f 1268/1149 1266/1159 1364/1160
f 1260/1142 1420/1413 1423/1348
f 1267/1100 1428/1495 1426/1510
f 1261/1023 1259/1094 1418/1515
f 1258/1024 1261/1023 1421/1507
f 1258/1024 1417/1504 1424/1383
f 1378/1502 1347/1360 1186/1596
f 965/1029 1458/1098 1346/1016
f 1279/1101 1468/1498 1428/1495
f 1186/1596 1347/1360 1349/994
f 1264/1248 1279/1593 1351/1247
f 1253/1100 1256/1150 1408/1510
f 1254/1159 1406/1260 1410/1261
f 1276/1658 1430/1452 1365/1487
f 1245/1645 1365/1487 1360/1484
f 1248/1650 1360/1484 1381/1294
f 1389/1471 1388/1483 1235/1659
f 1283/1620 1202/1266 1371/1660
f 1390/1036 1389/1471 1236/1618
f 1342/1661 1361/1944 1556/1662
f 1209/1559 1374/1466 1452/1468
f 1284/1581 1141/1406 1329/1277
f 917/1663 1430/1452 1386/1454
f 1335/1451 1488/1081 1290/1550
f 1314/1450 1385/1449 900/1641
f 1383/1446 1316/1404 896/999
f 1731/1667 1493/1907 1604/1668
f 1732/1670 1513/1913 1733/1671
f 1688/1673 1492/1884 1734/1674
f 1735/1676 1416/1945 1658/1677
f 1736/1679 1514/1906 1737/1680
f 1687/1682 1491/1841 1738/1683
f 1739/1685 1482/1854 1597/1686
f 1740/1688 1515/1900 1741/1689
f 1532/1691 1297/1946 1742/1692
f 1153/1561 1205/1604 1551/1603
f 1551/1603 1334/1435 1153/1561
f 1550/1304 1333/1303 1451/1694
f 1743/1695 1498/1834 1609/1696
f 1744/1698 1516/1897 1745/1699
f 1561/1123 1370/1947 1746/1701
f 1078/1135 1444/1198 1437/1351
f 968/1518 967/1167 1443/1383
f 1830/1704 1747/1896 1485/1705
f 1829/1707 1748/1890 1517/1708
f 1684/1710 1484/1869 1750/1711
f 820/1432 1147/1162 1474/1265
f 967/1167 966/1506 1469/1504
f 1138/1666 1499/1352 1341/1354
f 1094/1703 1344/1351 1348/1198
f 969/1511 968/1518 1439/1413
f 1827/1714 1751/1962 1322/1715
f 1752/1717 1518/1889 1753/1718
f 1683/1720 1483/1849 1754/1721
f 1755/1723 1478/1861 1593/1724
f 1756/1726 1519/1887 1757/1727
f 1560/1729 1369/1963 1758/1730
f 1759/1732 1494/1840 1605/1733
f 1760/1735 1520/1880 1761/1736
f 1534/1738 1300/1964 1762/1739
f 1298/1226 1435/1227 1079/1134
f 951/1742 1351/1099 1387/1153
f 1763/1743 1481/1956 1596/1744
f 1764/1746 1521/1870 1765/1747
f 1680/1749 1480/1904 1766/1750
f 1580/1752 1440/1968 1324/1753
f 960/1503 1403/1022 1458/1098
f 1647/1286 1372/1288 1321/1755
f 908/1523 1301/1292 1381/1294
f 1204/1284 858/1056 1562/1295
f 1562/1295 1372/1288 1204/1284
f 1376/1562 1320/1949 1541/1757
f 1141/1406 1285/1267 1473/1214
f 1147/1162 821/1472 1371/1660
f 1767/1758 1486/1848 1601/1759
f 1768/1761 1522/1866 1769/1762
f 1640/1007 1356/1969 1770/1764
f 1644/1322 1368/1321 1366/1355
f 927/1496 1355/1247 1362/1158
f 1563/1767 1373/1970 1441/1611
f 1230/1330 1310/1226 1409/1227
f 1326/1768 1440/1968 1580/1752
f 1270/1349 1271/1142 1411/1143
f 1586/1652 1461/1651 1332/1577
f 1285/1267 1202/1266 1343/1269
f 1771/1770 1302/1939 1620/1771
f 1772/1773 1523/1860 1773/1774
f 1553/1349 1337/1511 1774/1776
f 1190/1425 1191/1596 1409/1227
f 1584/1591 1453/1938 1450/1778
f 1315/1780 1367/1356 1558/1589
f 1775/1782 1303/1867 1621/1783
f 1776/1785 1524/1853 1777/1786
f 1578/1788 1433/1972 1778/1789
f 1213/1239 1460/1184 1330/1053
f 1652/1656 1394/1655 1395/1653
f 928/1497 1362/1158 1448/1160
f 950/1274 1387/1153 1339/1148
f 925/1565 924/1514 1357/1512
f 936/1503 1363/1022 1338/1141
f 937/1197 1338/1141 1457/1143
f 1585/1792 1456/1973 1326/1768
f 1255/1593 1407/1132 1404/1133
f 1806/1793 1779/1852 1305/1794
f 1780/1796 1525/1847 1781/1797
f 1646/1426 1370/1947 1782/1799
f 1583/1431 1582/1846 1450/1662
f 927/1742 926/1274 1455/1153
f 941/1029 940/1031 1454/1016
f 940/1031 939/1500 1353/1018
f 1392/1071 1391/1037 1238/1445
f 1488/1081 1462/1080 1162/1801
f 1276/1658 1465/1076 1399/1078
f 1463/1072 1392/1071 1239/1548
f 1324/1753 1323/1975 1629/1802
f 1321/1755 1331/1950 1548/1803
f 1783/1804 1295/1976 1615/1805
f 1784/1807 1526/1839 1785/1808
f 1572/1810 1415/1977 1786/1811
f 1391/1037 1390/1036 1237/1617
f 936/1503 941/1029 1352/1098
f 964/1031 1346/1016 1459/1018
f 1787/1813 1433/1978 1578/1814
f 1788/1816 1527/1833 1789/1817
f 1555/1253 1356/1969 1790/1819
f 1379/996 1358/994 1190/1425
f 1349/994 1345/996 1185/1350
f 818/1249 1306/988 1500/990
f 1791/1821 1299/1979 1618/1822
f 1796/1824 1792/1829 1528/1825
f 1795/1827 1577/1122 1432/1121
f 1792/1829 1795/1827 1794/1828
f 1504/1242 1698/1640 1795/1827
f 1698/1640 1130/1205 1577/1122
f 1796/1824 1793/1826 1501/1830
f 1293/1831 1613/1243 1796/1824
f 1613/1243 1504/1242 1792/1829
f 1797/1823 1618/1822 1132/1832
f 1793/1826 1797/1823 1610/1608
f 1528/1825 1791/1821 1797/1823
f 1798/1820 1790/1819 1527/1833
f 1694/1427 1798/1820 1788/1816
f 1200/1835 1555/1253 1798/1820
f 1799/1818 1789/1817 1495/1836
f 1609/1696 1799/1818 1691/1262
f 1498/1834 1788/1816 1799/1818
f 1800/1815 1578/1814 1131/1838
f 1789/1817 1800/1815 1606/1630
f 1527/1833 1787/1813 1800/1815
f 1801/1812 1786/1811 1526/1839
f 1690/1340 1801/1812 1784/1807
f 1133/1004 1572/1810 1801/1812
f 1802/1809 1785/1808 1491/1841
f 1605/1733 1802/1809 1687/1682
f 1494/1840 1784/1807 1802/1809
f 1803/1806 1615/1805 1129/1843
f 1785/1808 1803/1806 1602/1439
f 1526/1839 1783/1804 1803/1806
f 1627/1756 1548/1803 1155/1844
f 1630/1754 1629/1802 1157/1845
f 1171/1430 1174/1554 1582/1846
f 1804/1800 1782/1799 1525/1847
f 1686/1254 1804/1800 1780/1796
f 1200/1835 1646/1426 1804/1800
f 1805/1798 1781/1797 1483/1849
f 1601/1759 1805/1798 1683/1720
f 1486/1848 1780/1796 1805/1798
f 1806/1793 1623/1795 1137/1851
f 1781/1797 1806/1793 1598/1345
f 1781/1797 1525/1847 1779/1852
f 1208/1052 1585/1792 1632/1769
f 1241/1599 1652/1656 1653/1791
f 1807/1790 1778/1789 1524/1853
f 1682/1437 1807/1790 1776/1785
f 1131/1855 1578/1788 1807/1790
f 1808/1787 1777/1786 1479/1856
f 1597/1686 1808/1787 1679/1377
f 1482/1854 1776/1785 1808/1787
f 1809/1784 1621/1783 1135/1858
f 1777/1786 1809/1784 1594/1621
f 1524/1853 1775/1782 1809/1784
f 1539/1781 1558/1589 1240/1590
f 1220/1859 1584/1591 1582/1779
f 1810/1777 1774/1776 1523/1860
f 1678/1343 1810/1777 1772/1773
f 1199/1054 1553/1349 1810/1777
f 1811/1775 1773/1774 1475/1862
f 1593/1724 1811/1775 1675/1417
f 1478/1861 1772/1773 1811/1775
f 1812/1772 1620/1771 1134/1864
f 1773/1774 1812/1772 1590/1626
f 1523/1860 1771/1770 1812/1772
f 1172/1592 1586/1652 1634/1553
f 1632/1769 1580/1752 1159/1865
f 866/1179 1563/1767 1666/1612
f 905/1424 1644/1322 1642/1766
f 1813/1765 1770/1764 1522/1866
f 1536/1187 1813/1765 1768/1761
f 808/1868 1640/1007 1813/1765
f 1684/1710 1814/1763 1769/1762
f 1621/1783 1814/1763 1684/1710
f 1621/1783 1303/1867 1768/1761
f 1815/1760 1601/1759 1289/1850
f 1769/1762 1815/1760 1599/1409
f 1522/1866 1767/1758 1815/1760
f 1205/1604 1647/1286 1627/1756
f 1159/1865 1580/1752 1630/1754
f 1764/1746 1816/1751 1766/1750
f 1571/1871 1816/1751 1764/1746
f 1132/1873 1680/1749 1816/1751
f 1817/1748 1765/1747 1412/1874
f 1656/1876 1817/1748 1655/1875
f 1413/1872 1764/1746 1817/1748
f 1818/1745 1596/1744 1128/1878
f 1765/1747 1818/1745 1570/1879
f 1521/1870 1763/1743 1818/1745
f 1819/1740 1762/1739 1520/1880
f 1537/1881 1819/1740 1760/1735
f 807/1883 1534/1738 1819/1740
f 1820/1737 1761/1736 1492/1884
f 1622/1885 1820/1737 1688/1673
f 1304/1882 1760/1735 1820/1737
f 1821/1734 1605/1733 1291/1842
f 1761/1736 1821/1734 1603/1442
f 1520/1880 1759/1732 1821/1734
f 1822/1731 1758/1730 1519/1887
f 1538/1124 1822/1731 1756/1726
f 811/1742 1560/1729 1822/1731
f 1823/1728 1757/1727 1476/1888
f 1623/1795 1823/1728 1676/1316
f 1305/1794 1756/1726 1823/1728
f 1824/1725 1593/1724 1286/1863
f 1757/1727 1824/1725 1591/1633
f 1519/1887 1755/1723 1824/1725
f 1825/1722 1754/1721 1518/1889
f 1685/1410 1825/1722 1752/1717
f 1289/1850 1683/1720 1825/1722
f 1622/1885 1826/1719 1753/1718
f 1136/1886 1600/1706 1826/1719
f 1485/1705 1752/1717 1826/1719
f 1827/1714 1628/1716 807/1883
f 1304/1882 1753/1718 1827/1714
f 1518/1889 1751/1962 1827/1714
f 1748/1890 1828/1712 1750/1711
f 1434/1891 1579/1622 1828/1712
f 1135/1858 1684/1710 1828/1712
f 1829/1707 1749/1709 1319/1892
f 1664/1372 1829/1707 1625/1893
f 1664/1372 1434/1891 1748/1890
f 1540/1895 1830/1704 1600/1706
f 1319/1892 1749/1709 1830/1704
f 1749/1709 1517/1708 1747/1896
f 1831/1702 1746/1701 1516/1897
f 1560/1898 1831/1702 1744/1698
f 811/1742 1561/1123 1831/1702
f 1832/1700 1745/1699 1496/1899
f 1645/1496 1832/1700 1692/1380
f 1369/1513 1744/1698 1832/1700
f 1833/1697 1609/1696 1292/1837
f 1745/1699 1833/1697 1607/1613
f 1516/1897 1743/1695 1833/1697
f 1001/1521 1550/1304 1668/1111
f 1834/1693 1742/1692 1515/1900
f 1533/1901 1834/1693 1740/1688
f 809/1903 1532/1691 1834/1693
f 1835/1690 1741/1689 1480/1904
f 1618/1905 1835/1690 1680/1749
f 1299/1902 1740/1688 1835/1690
f 1836/1687 1597/1686 1287/1857
f 1741/1689 1836/1687 1595/1299
f 1515/1900 1739/1685 1836/1687
f 1837/1684 1738/1683 1514/1906
f 1689/1443 1837/1684 1736/1679
f 1291/1842 1687/1682 1837/1684
f 1838/1681 1737/1680 1412/1908
f 1604/1668 1838/1681 1570/1909
f 1493/1907 1736/1679 1838/1681
f 1839/1678 1658/1677 804/1911
f 1737/1680 1839/1678 1655/1912
f 1514/1906 1735/1676 1839/1678
f 1840/1675 1734/1674 1513/1913
f 1540/1895 1840/1675 1732/1670
f 1136/1886 1688/1673 1840/1675
f 1841/1672 1733/1671 1294/1914
f 1625/1893 1841/1672 1529/1915
f 1319/1892 1732/1670 1841/1672
f 1842/1669 1604/1668 1128/1910
f 1733/1671 1842/1669 1614/1916
f 1513/1913 1731/1667 1842/1669
f 1554/1598 1556/1662 1249/1917
f 1275/1646 1672/1648 1652/1656
f 1240/1590 1242/1251 1653/1791
f 1220/1859 1650/1624 1586/1652
f 1672/1648 1654/1647 1401/1576
f 1673/1644 1651/1643 1393/1654
f 1699/1918 1843/1639 1698/1640
f 1505/1919 1702/1579 1843/1639
f 1702/1579 1296/1211 1616/1206
f 1844/1638 1697/1637 1503/1920
f 1706/1246 1844/1638 1703/1600
f 1502/1245 1611/1636 1844/1638
f 1845/1635 1677/1634 1477/1922
f 1710/1317 1845/1635 1707/1390
f 1476/1888 1591/1633 1845/1635
f 1846/1632 1617/1631 1297/1924
f 1714/1263 1846/1632 1711/1384
f 1495/1836 1606/1630 1846/1632
f 1847/1628 1576/1627 1431/1926
f 1718/1418 1847/1628 1715/1387
f 1718/1418 1475/1862 1590/1626
f 1377/1928 1650/1624 1637/1625
f 1848/1623 1579/1622 1434/1891
f 1722/1378 1848/1623 1719/1371
f 1479/1856 1594/1621 1848/1623
f 1849/1615 1693/1614 1497/1930
f 1726/1381 1849/1615 1723/1569
f 1496/1899 1607/1613 1849/1615
f 1666/1612 1546/1313 856/1296
f 1850/1610 1571/1609 1413/1932
f 1730/1567 1850/1610 1727/1310
f 1501/1830 1610/1608 1850/1610
f 999/972 1003/1131 1565/1537
f 1334/1435 1551/1603 1564/1283
f 1851/1602 1612/1601 1129/1934
f 1705/1394 1851/1602 1615/1935
f 1506/1921 1703/1600 1851/1602
f 1342/1661 1554/1598 1559/1250
f 1325/1937 1631/1580 1574/1546
f 1453/1938 1584/1591 1635/1429
f 1367/1356 1366/1355 1557/1252
f 1587/1535 1569/1588 908/1488
f 1581/1240 1631/1580 1325/1937
f 1700/1414 1852/1578 1702/1579
f 1535/1199 1852/1578 1700/1414
f 1535/1199 810/979 1531/1212
f 998/1218 999/1990 1552/1940
f 1853/1571 1608/1570 1130/1941
f 1725/1308 1853/1571 1616/1942
f 1511/1931 1723/1569 1853/1571
f 1854/1568 1730/1567 1512/1933
f 1697/1637 1854/1568 1728/1368
f 1697/1637 1293/1831 1695/1566
f 857/1291 1636/1433 1649/1563
f 1332/1577 1336/1576 1637/1943
f 1574/1546 1575/1001 1422/1256
f 1377/1928 1565/1537 1671/1217
f 1393/1654 1395/1653 1568/1170
f 1464/1587 1587/1535 1567/1169
f 1639/1320 1641/1470 1361/1944
f 1855/1444 1689/1443 1493/1907
f 1734/1674 1855/1444 1731/1667
f 1492/1884 1603/1442 1855/1444
f 1856/1441 1573/1440 1416/1945
f 1738/1683 1856/1441 1735/1676
f 1491/1841 1602/1439 1856/1441
f 1857/1438 1682/1437 1482/1854
f 1742/1692 1857/1438 1739/1685
f 1297/1946 1617/1436 1857/1438
f 1333/1303 1635/1429 1583/1431
f 1858/1428 1694/1427 1498/1834
f 1746/1701 1858/1428 1743/1695
f 1370/1947 1646/1426 1858/1428
f 1859/1419 1718/1418 1509/1927
f 1677/1634 1859/1419 1716/1399
f 1286/1863 1675/1417 1859/1419
f 1696/1948 1860/1416 1701/1415
f 1620/1771 1860/1416 1696/1948
f 1302/1939 1700/1414 1860/1416
f 1861/1411 1685/1410 1485/1705
f 1750/1711 1861/1411 1747/1896
f 1750/1711 1484/1869 1599/1409
f 1862/1401 1717/1400 1415/1949
f 1592/1391 1862/1401 1572/1282
f 1477/1922 1716/1399 1862/1401
f 1863/1398 1709/1397 1300/1950
f 1628/1716 1863/1398 1534/1057
f 1322/1715 1708/1396 1863/1398
f 1864/1395 1705/1394 1295/1936
f 1661/1388 1864/1395 1530/1951
f 1431/1926 1704/1393 1864/1395
f 1865/1392 1592/1391 1133/1844
f 1709/1397 1865/1392 1619/1803
f 1507/1923 1707/1390 1865/1392
f 1866/1389 1661/1388 805/1230
f 1717/1400 1866/1389 1657/1757
f 1509/1927 1715/1387 1866/1389
f 1867/1386 1532/1385 809/1952
f 1713/1236 1867/1386 1662/1953
f 1508/1925 1711/1384 1867/1386
f 1868/1382 1726/1381 1511/1931
f 1553/1038 1868/1382 1724/1307
f 1199/1190 1692/1380 1868/1382
f 1869/1379 1722/1378 1510/1929
f 1681/1300 1869/1379 1720/1374
f 1287/1857 1679/1377 1869/1379
f 1870/1376 1721/1375 1294/1957
f 1596/1744 1870/1376 1614/1958
f 1481/1956 1720/1374 1870/1376
f 1871/1373 1664/1372 806/1894
f 1721/1375 1871/1373 1529/1959
f 1510/1929 1719/1371 1871/1373
f 1872/1370 1729/1369 1416/1960
f 1612/1601 1872/1370 1573/1961
f 1503/1920 1728/1368 1872/1370
f 907/1477 906/1423 1642/1766
f 1751/1962 1873/1347 1543/1346
f 1518/1889 1754/1721 1873/1347
f 1483/1849 1598/1345 1873/1347
f 1874/1344 1678/1343 1478/1861
f 1758/1730 1874/1344 1755/1723
f 1369/1963 1645/1055 1874/1344
f 1875/1341 1690/1340 1494/1840
f 1762/1739 1875/1341 1759/1732
f 1300/1964 1619/1339 1875/1341
f 904/1469 1639/1320 1644/1322
f 1876/1318 1710/1317 1507/1923
f 1543/1346 1876/1318 1708/1396
f 1137/1851 1676/1316 1876/1318
f 856/1296 1546/1313 1659/1315
f 1877/1312 1656/1311 804/1965
f 1729/1369 1877/1312 1658/1966
f 1512/1933 1727/1310 1877/1312
f 1878/1309 1725/1308 1296/1519
f 1638/1967 1878/1309 1531/1657
f 1337/1955 1724/1307 1878/1309
f 1002/1195 1669/1302 1550/1304
f 1879/1301 1681/1300 1481/1956
f 1766/1750 1879/1301 1763/1743
f 1480/1904 1595/1299 1879/1301
f 1440/1968 1665/1221 1545/1064
f 1372/1288 1562/1295 1542/1058
f 1564/1283 1626/1282 1320/1949
f 1588/1273 1566/1272 912/1155
f 1880/1264 1714/1263 1508/1925
f 1693/1614 1880/1264 1712/1235
f 1292/1837 1691/1262 1880/1264
f 1881/1255 1686/1254 1486/1848
f 1770/1764 1881/1255 1767/1758
f 1356/1969 1555/1253 1881/1255
f 1368/1321 1559/1250 1557/1252
f 1882/1244 1706/1246 1506/1921
f 1576/1627 1882/1244 1704/1393
f 1576/1627 1134/1864 1696/1948
f 1883/1241 1613/1243 1293/1831
f 1502/1245 1701/1415 1883/1241
f 1701/1415 1505/1919 1699/1918
f 1373/1970 1648/1238 1581/1240
f 1884/1237 1713/1236 1432/1954
f 1608/1570 1884/1237 1577/1971
f 1497/1930 1712/1235 1884/1237
f 1547/1139 1665/1221 1440/1968
f 1461/1651 1671/1217 1549/1219
f 1885/1200 1535/1199 1302/1939
f 1774/1776 1885/1200 1771/1770
f 1337/1511 1638/1119 1885/1200
f 1453/1938 1669/1302 1667/1194
f 1624/1193 1643/1192 1367/1356
f 1886/1188 1536/1187 1303/1867
f 1778/1789 1886/1188 1775/1782
f 1433/1972 1663/1186 1886/1188
f 1394/1655 1567/1169 1568/1170
f 1456/1973 1670/1138 1547/1139
f 1887/1125 1538/1124 1305/1794
f 1782/1799 1887/1125 1779/1852
f 1370/1947 1561/1123 1887/1125
f 1451/1694 1450/1662 1667/1974
f 1545/1064 1544/1063 1323/1975
f 1542/1058 1633/1057 1331/1950
f 1888/1044 1530/1043 1295/1976
f 1786/1811 1888/1044 1783/1804
f 1415/1977 1657/1042 1888/1044
f 1889/1009 1663/1008 1433/1978
f 1790/1819 1889/1009 1787/1813
f 1356/1969 1640/1007 1889/1009
f 1890/985 1533/987 1299/1979
f 1794/1828 1890/985 1791/1821
f 1794/1828 1432/1121 1662/1173
o LeftArm
v 8.25 -0.24 2.25
v 8.25 -0.24 -2.25
v 3.75 7.04 -2.25
v 3.75 7.04 2.25
v 3.75 -0.24 -2.25
v 3.75 -0.24 2.25
v 8.25 7.04 -2.25
v 8.25 7.04 2.25
v 3.75 11.2 2.25
v 3.75 11.2 -2.25
v 8.25 11.2 -2.25
v 8.25 11.2 2.25
v 3.1875 11.2 -2.8125
v 3.1875 11.2 2.8125
v 8.8125 11.2 -2.8125
v 8.8125 11.2 2.8125
v 3.1875 7.04 -2.8125
v 3.1875 7.04 2.8125
v 8.8125 7.04 -2.8125
v 8.8125 7.04 2.8125
v 3.75 12.24 -2.25
v 3.75 12.24 2.25
v 8.25 12.24 -2.25
v 8.25 12.24 2.25
v 3.75 6 -2.25
v 3.75 6 2.25
v 8.25 6 -2.25
v 8.25 6 2.25
v 3.4687 6 -2.5312
v 3.4687 6 2.5312
v 8.5312 6 -2.5312
v 8.5312 6 2.5312
v 3.4687 2.36 -2.5312
v 3.4687 2.36 2.5312
v 8.5312 2.36 -2.5312
v 8.5312 2.36 2.5312
v 4.196 0.6831 3.6562
v 3.8254 2.5503 -2.5312
v 9.6562 2.36 2.5312
v 9.6562 2.36 -2.5312
v 4.196 0.6831 -3.6562
v 3.8254 2.5503 -3.0938
v 5.2827 0.9523 3.6562
v 5.2827 0.9523 -3.6562
v 3.8254 2.5503 2.5312
v 3.8254 2.5503 3.0938
v 3.2629 1.6497 -2.5312
v 8.6214 -1.2103 -2.5312
v 3.2629 1.6497 -3.0938
v 9.1085 -1.4703 -3.0938
v 8.6214 -1.2103 2.5312
v 9.1085 -1.4703 3.0938
v 3.2629 1.6497 2.5312
v 3.2629 1.6497 3.0938
v 4.0864 -1.1917 -2.5312
v 6.5221 -2.4917 -2.5312
v 4.0864 -1.1917 -3.0938
v 7.0092 -2.7517 -3.0938
v 6.5221 -2.4917 2.5312
v 7.0092 -2.7517 3.0938
v 4.0864 -1.1917 2.5312
v 4.0864 -1.1917 3.0938
v 9.7464 0.591 -2.5312
v 10.2335 0.331 -3.0938
v 9.7464 0.591 2.5312
v 10.2335 0.331 3.0938
v 4.9915 1.9569 3.6562
v 3.9048 1.6877 3.6562
v 4.9915 1.9569 -3.6562
v 3.9048 1.6877 -3.6562
v 6 6 -2.25
v 3.75 12.24 -0
v 6 12.24 -2.25
v 3.75 -0.24 0
v 6 -0.24 2.25
v 6 12.24 2.25
v 8.25 11.2 -0
v 6 11.2 -2.25
v 5.7187 11.2 2.5312
v 6 11.2 2.25
v 3.75 11.2 -0
v 8.5312 11.2 0.2812
v 3.4687 11.2 -0.2813
v 3.1875 9.12 2.8125
v 6 11.2 2.8125
v 6.2812 11.2 -2.5313
v 3.4687 7.04 0.2812
v 3.75 7.04 -0
v 8.8125 9.12 2.8125
v 8.8125 11.2 -0
v 6 11.2 -2.8125
v 3.1875 9.12 -2.8125
v 3.1875 11.2 -0
v 6 7.04 2.25
v 5.7187 7.04 2.5312
v 8.25 7.04 -0
v 8.5312 7.04 0.2812
v 6 7.04 -2.25
v 6.2812 7.04 -2.5312
v 6 6 2.25
v 6.1406 6 2.3906
v 3.4687 4.18 -2.5312
v 6 2.36 -2.5312
v 8.25 6 -0
v 8.3906 6 -0.1406
v 5.8594 6 -2.3906
v 3.75 6 -0
v 3.6094 6 0.1406
v 6.7859 1.5707 2.8125
v 6.7859 1.5707 2.5312
v 3.4687 6 -0
v 3.4687 4.18 2.5312
v 6 6 2.5312
v 8.5312 4.18 2.5312
v 8.5312 6 -0
v 8.5312 4.18 -2.5312
v 8.25 -0.24 0
v 8.9531 1.06 2.3906
v 3.6094 1.06 -2.3906
v 3.6094 1.06 2.3906
v 8.3906 1.06 2.3906
v 6 2.36 2.5312
v 8.5312 2.36 -0
v 6.7859 1.5707 -2.5312
v 6.7859 1.5707 -2.8125
v 6.3539 -1.201 2.5312
v 3.9559 0.6793 2.5312
v 8.6214 -1.2103 0
v 7.5717 -1.851 2.5312
v 5.2827 0.9523 -0
v 9.671 -0.5697 -3.0938
v 9.1085 -1.4703 0
v 6.3539 -1.201 -2.5312
v 3.9559 0.6793 -2.5312
v 9.1839 -0.3097 2.5312
v 6.5975 -1.331 -3.0938
v 3.9559 0.6793 -3.0938
v 5.3043 -1.8417 -2.8125
v 5.3043 -1.8417 -2.5312
v 7.0092 -2.7517 0
v 6.7657 -2.6217 0.2812
v 5.5478 -1.9717 3.0938
v 5.3043 -1.8417 2.8125
v 4.9915 1.9569 -0
v 3.6746 0.229 3.0938
v 8.0589 -2.111 -3.0938
v 3.6746 0.229 -2.5312
v 6.5975 -1.331 3.0938
v 3.9559 0.6793 3.0938
v 9.99 0.461 0.2812
v 10.2335 0.331 -0
v 3.9048 1.6877 -0
v 7.0294 1.4407 3.0938
v 7.0294 1.4407 -3.0938
v 8.25 12.24 -0
v 6 -0.24 -2.25
v 6 7.04 2.8125
v 3.1875 7.04 -0
v 8.8125 7.04 -0
v 8.8125 9.12 -2.8125
v 6 7.04 -2.8125
v 6 6 -2.5312
v 3.4687 2.36 -0
v 8.9531 1.06 -2.3906
v 9.6562 2.36 -0
v 8.3906 1.06 -2.3906
v 3.6746 0.229 2.5312
v 5.3043 -1.8417 2.5312
v 7.5717 -1.851 -2.5312
v 6.5221 -2.4917 0
v 4.196 0.6831 -0
v 9.671 -0.5697 3.0938
v 9.1839 -0.3097 -2.5312
v 9.7464 0.591 -0
v 3.6746 0.229 -3.0938
v 5.5478 -1.9717 -3.0938
v 8.0589 -2.111 3.0938
v 8.9531 1.06 -0
v 6.8135 0.0548 -3.0938
v 8.0589 -2.111 0
v 3.4687 4.18 -0
v 9.671 -0.5697 0
v 6.5699 0.1848 -2.5312
v 6.5699 0.1848 2.5312
v 8.8125 9.12 -0
v 6 12.24 -0
v 7.5717 -1.851 0
v 6 4.18 2.5312
v 3.6094 1.06 -0
v 6.8135 0.0548 3.0938
v 6 1.06 2.3906
v 6 1.06 -2.3906
v 6 9.12 2.8125
v 6 -0.24 0
v 3.1875 9.12 -0
v 8.5312 4.18 -0
v 6 4.18 -2.5312
v 9.1839 -0.3097 0
v 6 9.12 -2.8125
v 8.3906 11.2 -0.9844
v 7.125 6 -2.25
v 3.75 12.24 1.125
v 8.3906 7.04 -0.9844
v 7.125 12.24 -2.25
v 3.75 -0.24 1.125
v 3.75 6 -1.125
v 4.875 -0.24 2.25
v 3.1875 10.16 2.8125
v 7.125 12.24 2.25
v 8.25 11.2 1.125
v 3.1875 10.16 -2.8125
v 7.125 11.2 -2.25
v 3.6094 11.2 0.9844
v 4.4531 11.2 2.6719
v 7.125 11.2 2.25
v 3.75 11.2 -1.125
v 5.0156 7.04 -2.3906
v 8.6719 11.2 1.5469
v 3.3281 11.2 -1.5469
v 3.1875 8.08 2.8125
v 3.6094 7.04 -0.9844
v 7.4062 11.2 2.8125
v 7.5469 11.2 -2.6719
v 3.3281 7.04 1.5469
v 3.75 7.04 1.125
v 8.8125 8.08 2.8125
v 4.7344 2.36 -2.5312
v 8.8125 11.2 1.4062
v 7.4062 11.2 -2.8125
v 5.0156 11.2 -2.3906
v 3.1875 8.08 -2.8125
v 4.875 7.04 2.25
v 3.1875 11.2 1.4062
v 7.125 7.04 2.25
v 4.4531 7.04 2.6719
v 8.25 7.04 1.125
v 8.6719 7.04 1.5469
v 7.125 7.04 -2.25
v 7.5469 7.04 -2.6719
v 7.125 6 2.25
v 7.3359 6 2.4609
v 6.9844 7.04 2.3906
v 7.0547 6 -2.3203
v 3.75 11.2 1.125
v 3.4687 3.27 -2.5312
v 4.5937 11.2 2.8125
v 7.2656 2.36 -2.5312
v 8.25 6 1.125
v 8.4609 6 -1.3359
v 4.6641 6 -2.4609
v 3.75 6 1.125
v 3.5391 6 1.3359
v 8.2661 1.0808 2.6719
v 8.2661 1.0808 2.5312
v 3.4687 6 1.2656
v 3.6797 6 -1.0547
v 3.4687 3.27 2.5312
v 7.2656 6 2.5312
v 3.75 7.04 -1.125
v 8.5312 3.27 2.5312
v 8.5312 6 1.2656
v 3.1875 11.2 -1.4063
v 8.5312 3.27 -2.5312
v 8.25 -0.24 -1.125
v 4.875 11.2 -2.25
v 8.25 11.2 -1.125
v 7.125 -0.24 2.25
v 4.875 12.24 2.25
v 7.2656 2.36 2.5312
v 8.5312 2.36 1.2656
v 8.25 7.04 -1.125
v 8.2661 1.0808 -2.5312
v 8.2661 1.0808 -2.6719
v 4.875 6 -2.25
v 5.2202 -1.1963 2.5312
v 4.0211 -0.2562 2.5312
v 8.6214 -1.2103 1.2656
v 8.8125 11.2 -1.4063
v 8.8125 10.16 2.8125
v 5.2827 0.9523 -1.8281
v 4.5937 11.2 -2.8125
v 4.875 7.04 -2.25
v 8.25 6 -1.125
v 9.1085 -1.4703 1.5469
v 5.2202 -1.1963 -2.5312
v 3.75 12.24 -1.125
v 4.0211 -0.2562 -2.5312
v 4.875 11.2 2.25
v 3.4687 5.09 -2.5312
v 4.875 12.24 -2.25
v 5.3419 -1.2613 -3.0938
v 4.0211 -0.2562 -3.0938
v 7.0092 -2.7517 1.5469
v 6.8875 -2.6867 1.6875
v 4.8171 -1.5817 3.0938
v 8.3203 6 1.0547
v 4.9915 1.9569 -1.8281
v 5.3056 2.0605 2.9531
v 4.875 6 2.25
v 4.9453 6 2.3203
v 5.3419 -1.2613 3.0938
v 3.75 -0.24 -1.125
v 4.0211 -0.2562 3.0938
v 10.1117 0.396 1.6875
v 10.2335 0.331 1.5469
v 5.3056 2.0605 2.5312
v 6.9844 11.2 2.3906
v 3.4687 6 -1.2656
v 3.9048 1.6877 -1.8281
v 8.6315 0.8858 3.0938
v 8.6315 0.8858 -3.0938
v 8.25 12.24 1.125
v 4.875 -0.24 -2.25
v 7.4062 7.04 2.8125
v 3.1875 7.04 1.4062
v 8.8125 7.04 1.4062
v 8.8125 8.08 -2.8125
v 7.4062 7.04 -2.8125
v 7.2656 6 -2.5312
v 3.4687 2.36 1.2656
v 9.6562 2.36 -1.2656
v 6.5221 -2.4917 1.2656
v 4.196 0.6831 -1.8281
v 9.7464 0.591 1.2656
v 6.2785 -2.3617 -3.0938
v 3.4687 5.09 2.5312
v 4.7344 6 2.5312
v 8.5312 5.09 2.5312
v 8.5312 6 -1.2656
v 8.5312 5.09 -2.5312
v 8.25 -0.24 1.125
v 4.7344 2.36 2.5312
v 8.5312 2.36 -1.2656
v 5.3056 2.0605 -2.5312
v 5.3056 2.0605 -2.9531
v 7.4876 -1.2057 2.5312
v 3.8906 1.6148 2.5312
v 8.6214 -1.2103 -1.2656
v 5.2827 0.9523 1.8281
v 9.1085 -1.4703 -1.5469
v 7.4876 -1.2057 -2.5312
v 3.8906 1.6148 -2.5312
v 7.853 -1.4007 -3.0938
v 3.8906 1.6148 -3.0938
v 7.0092 -2.7517 -1.5469
v 6.6439 -2.5567 -1.125
v 6.2785 -2.3617 3.0938
v 4.9915 1.9569 1.8281
v 7.853 -1.4007 3.0938
v 3.8906 1.6148 3.0938
v 9.8682 0.526 -1.125
v 10.2335 0.331 -1.5469
v 3.9048 1.6877 1.8281
v 5.4274 1.9955 3.0938
v 5.4274 1.9955 -3.0938
v 8.25 12.24 -1.125
v 7.125 -0.24 -2.25
v 4.5937 7.04 2.8125
v 3.1875 7.04 -1.4062
v 8.8125 7.04 -1.4062
v 8.8125 10.16 -2.8125
v 4.5937 7.04 -2.8125
v 4.7344 6 -2.5312
v 3.4687 2.36 -1.2656
v 9.6562 2.36 1.2656
v 6.5221 -2.4917 -1.2656
v 4.196 0.6831 1.8281
v 9.7464 0.591 -1.2656
v 4.8171 -1.5817 -3.0938
v 6.8034 -2.0413 3.0938
v 7.3282 -1.721 3.0938
v 7.3282 -1.721 -3.0938
v 6.8034 -2.0413 -3.0938
v 6.438 -1.8463 -2.5312
v 6.438 -1.8463 2.5312
v 8.9531 1.06 1.1953
v 8.9531 1.06 -1.1953
v 5.3847 0.3671 -3.0938
v 8.2422 -0.2574 -3.0938
v 8.0589 -2.111 -1.5469
v 8.0589 -2.111 1.5469
v 3.4687 4.18 1.2656
v 3.4687 4.18 -1.2656
v 3.4687 5.09 -0
v 3.4687 3.27 -0
v 9.671 -0.5697 -1.5469
v 9.671 -0.5697 1.5469
v 5.2629 0.4321 -2.5312
v 7.8769 -0.0624 -2.5312
v 5.2629 0.4321 2.5312
v 7.8769 -0.0624 2.5312
v 8.8125 10.16 -0
v 8.8125 8.08 -0
v 8.8125 9.12 1.4062
v 8.8125 9.12 -1.4063
v 6 12.24 -1.125
v 6 12.24 1.125
v 4.875 12.24 -0
v 7.125 12.24 -0
v 7.5717 -1.851 1.2656
v 7.5717 -1.851 -1.2656
v 7.2656 4.18 2.5312
v 4.7344 4.18 2.5312
v 6 5.09 2.5312
v 6 3.27 2.5312
v 3.6094 1.06 1.1953
v 3.6094 1.06 -1.1953
v 5.3847 0.3671 3.0938
v 8.2422 -0.2574 3.0938
v 7.1953 1.06 2.3906
v 4.8047 1.06 2.3906
v 7.1953 1.06 -2.3906
v 4.8047 1.06 -2.3906
v 6 10.16 2.8125
v 6 8.08 2.8125
v 4.5937 9.12 2.8125
v 7.4062 9.12 2.8125
v 6 -0.24 1.125
v 6 -0.24 -1.125
v 4.875 -0.24 0
v 7.125 -0.24 0
v 3.1875 10.16 -0
v 3.1875 8.08 -0
v 3.1875 9.12 -1.4063
v 3.1875 9.12 1.4062
v 8.5312 4.18 -1.2656
v 8.5312 4.18 1.2656
v 8.5312 5.09 -0
v 8.5312 3.27 -0
v 6 3.27 -2.5312
v 6 5.09 -2.5312
v 4.7344 4.18 -2.5312
v 7.2656 4.18 -2.5312
v 9.1839 -0.3097 1.2656
v 9.1839 -0.3097 -1.2656
v 4.5937 9.12 -2.8125
v 7.4062 9.12 -2.8125
v 6 10.16 -2.8125
v 6 8.08 -2.8125
v 7.4062 8.08 -2.8125
v 7.4062 10.16 -2.8125
v 4.5937 10.16 -2.8125
v 7.2656 5.09 -2.5312
v 4.7344 5.09 -2.5312
v 4.7344 3.27 -2.5312
v 8.5312 3.27 1.2656
v 8.5312 5.09 1.2656
v 8.5312 5.09 -1.2656
v 3.1875 8.08 1.4062
v 3.1875 8.08 -1.4063
v 3.1875 10.16 -1.4063
v 7.125 -0.24 -1.125
v 4.875 -0.24 -1.125
v 4.875 -0.24 1.125
v 7.4062 8.08 2.8125
v 4.5937 8.08 2.8125
v 4.5937 10.16 2.8125
v 4.7344 3.27 2.5312
v 4.7344 5.09 2.5312
v 7.2656 5.09 2.5312
v 7.125 12.24 1.125
v 4.875 12.24 1.125
v 4.875 12.24 -1.125
v 8.8125 8.08 -1.4063
v 8.8125 8.08 1.4062
v 8.8125 10.16 1.4062
v 3.4687 3.27 -1.2656
v 3.4687 5.09 -1.2656
v 3.4687 5.09 1.2656
v 3.4687 3.27 1.2656
v 8.8125 10.16 -1.4063
v 7.125 12.24 -1.125
v 7.2656 3.27 2.5312
v 7.4062 10.16 2.8125
v 7.125 -0.24 1.125
v 3.1875 10.16 1.4062
v 8.5312 3.27 -1.2656
v 7.2656 3.27 -2.5312
v 4.5937 8.08 -2.8125
v 9.0063 0.8359 2.6016
v 9.0063 0.8359 2.5312
v 9.0063 0.8359 -2.5312
v 9.0063 0.8359 -2.6016
v 5.2827 0.9523 -2.7422
v 9.1085 -1.4703 2.3203
v 7.0092 -2.7517 2.3203
v 4.9915 1.9569 -2.7422
v 6.0457 1.8156 2.8828
v 10.2335 0.331 2.3203
v 6.0457 1.8156 2.5312
v 3.9048 1.6877 -2.7422
v 9.4325 0.6084 3.0938
v 9.4325 0.6084 -3.0938
v 4.196 0.6831 -2.7422
v 6.0457 1.8156 -2.5312
v 6.0457 1.8156 -2.8828
v 5.2827 0.9523 0.9141
v 9.1085 -1.4703 -0.7734
v 7.0092 -2.7517 -0.7734
v 4.9915 1.9569 0.9141
v 10.2335 0.331 -0.7734
v 3.9048 1.6877 0.9141
v 6.2284 1.7181 3.0938
v 6.2284 1.7181 -3.0938
v 4.196 0.6831 0.9141
v 8.0589 -2.111 -2.3203
v 8.0589 -2.111 0.7734
v 9.671 -0.5697 -2.3203
v 9.671 -0.5697 0.7734
v 7.526 1.3257 2.7422
v 7.526 1.3257 2.5312
v 7.526 1.3257 -2.5312
v 7.526 1.3257 -2.7422
v 5.2827 0.9523 -0.9141
v 9.1085 -1.4703 0.7734
v 7.0092 -2.7517 0.7734
v 4.9915 1.9569 -0.9141
v 4.5655 2.3054 3.0234
v 10.2335 0.331 0.7734
v 4.5655 2.3054 2.5312
v 3.9048 1.6877 -0.9141
v 7.8305 1.1632 3.0938
v 7.8305 1.1632 -3.0938
v 4.196 0.6831 -0.9141
v 4.5655 2.3054 -2.5312
v 4.5655 2.3054 -3.0234
v 5.2827 0.9523 2.7422
v 9.1085 -1.4703 -2.3203
v 7.0092 -2.7517 -2.3203
v 4.9915 1.9569 2.7422
v 10.2335 0.331 -2.3203
v 3.9048 1.6877 2.7422
v 4.6264 2.2729 3.0938
v 4.6264 2.2729 -3.0938
v 4.196 0.6831 2.7422
v 8.0589 -2.111 -0.7734
v 8.0589 -2.111 2.3203
v 9.671 -0.5697 -0.7734
v 9.671 -0.5697 2.3203
v 4.6815 -0.7588 3.0938
v 5.3633 -0.4471 3.0938
v 4.5767 1.0235 2.5312
v 5.2842 1.2463 2.5312
v 4.6207 -0.7263 2.5312
v 5.2415 -0.3821 2.5312
v 4.6207 -0.7263 -2.5312
v 5.2415 -0.3821 -2.5312
v 4.6376 0.991 -3.0938
v 4.659 1.8052 -3.0938
v 5.406 1.1813 -3.0938
v 4.6815 -0.7588 -3.0938
v 5.3633 -0.4471 -3.0938
v 4.5767 1.0235 -2.5312
v 5.2842 1.2463 -2.5312
v 4.659 1.8052 3.0938
v 4.6376 0.991 3.0938
v 5.406 1.1813 3.0938
vt 0.1667 0.3284
vt 0.2143 0.2985
vt 0.1667 0.2985
vt 0.4762 0.4851
vt 0.4286 0.4478
vt 0.4286 0.4851
vt 0.881 0.3284
vt 0.9286 0.2985
vt 0.881 0.2985
vt 0.5476 0.1493
vt 0.5 0.1194
vt 0.5 0.1493
vt 0.7381 0.9403
vt 0.7143 0.9701
vt 0.7381 0.9701
vt 0.5 0.2985
vt 0.5476 0.3284
vt 0.5476 0.2985
vt 0.1607 0.153
vt 0.2143 0.1493
vt 0.1667 0.1493
vt 0.7143 0.6567
vt 0.7381 0.6269
vt 0.7143 0.6269
vt 0.3988 0.153
vt 0.4524 0.1493
vt 0.4048 0.1493
vt 0.875 0.153
vt 0.9286 0.1493
vt 0.881 0.1493
vt 0.6548 0.2836
vt 0.7143 0.2537
vt 0.6548 0.2537
vt 0.6369 0.153
vt 0.6905 0.1493
vt 0.6429 0.1493
vt 0.7917 0.2948
vt 0.7381 0.2985
vt 0.7857 0.2985
vt 0.6429 0.7313
vt 0.5952 0.7649
vt 0.6429 0.7649
vt 0.4821 0.4216
vt 0.4821 0.4478
vt 0.375 0.4478
vt 0.4286 0.4216
vt 0.375 0.4216
vt 0.0536 0.2873
vt 0.0238 0.2985
vt 0.0714 0.2985
vt 0.2917 0.2873
vt 0.2619 0.2985
vt 0.3095 0.2985
vt 0.5298 0.2873
vt 0.1607 0.3396
vt 0.1905 0.3284
vt 0.1429 0.3284
vt 0.9524 0.194
vt 0.8929 0.1642
vt 0.8929 0.194
vt 0.5714 0.0597
vt 0.5327 0.0299
vt 0.5327 0.0597
vt 0.2143 -0
vt 0.2619 0.0299
vt 0.2619 -0
vt 0.2143 0.1194
vt 0.1667 0.1194
vt 0.375 0.3396
vt 0.4048 0.3284
vt 0.3571 0.3284
vt 0.5893 0.3396
vt 0.619 0.3284
vt 0.5714 0.3284
vt 0.8036 0.3396
vt 0.8333 0.3284
vt 0.7857 0.3284
vt -0 0.8657
vt 0.0327 0.8787
vt 0.0327 0.8657
vt 0.119 0.6119
vt 0.1667 0.6418
vt 0.1667 0.6119
vt 0.2381 0.194
vt 0.1786 0.1642
vt 0.1786 0.194
vt 0.3095 0.1194
vt 0.2619 0.1493
vt 0.3095 0.1493
vt 0.3214 0.4851
vt 0.2798 0.4478
vt 0.2708 0.4851
vt 0.1696 0.6791
vt 0.119 0.6418
vt 0.119 0.6791
vt 0.6667 0.9627
vt 0.6429 0.9776
vt 0.6786 0.9739
vt 0.369 0.5485
vt 0.3095 0.5224
vt 0.3095 0.5522
vt 0.4048 0.3284
vt 0.4524 0.2985
vt 0.4048 0.2985
vt 0.2292 0.7313
vt 0.2619 0.7313
vt 0.2292 0.7295
vt 0.4167 0.0896
vt 0.378 0.0597
vt 0.378 0.0896
vt 0.2619 0.0896
vt 0.3006 0.1194
vt 0.3006 0.0896
vt 0.1607 0.4216
vt 0.2143 0.4478
vt 0.2143 0.4216
vt 0.5 0.8321
vt 0.5476 0.8657
vt 0.5476 0.8321
vt 0.2143 0.0299
vt 0.1667 0
vt 0.1667 0.0299
vt 0.4762 0.194
vt 0.4167 0.1642
vt 0.4167 0.194
vt 0.9464 0.959
vt 1 0.9403
vt 0.9583 0.9254
vt 0.5714 0.0299
vt 0.619 -0
vt 0.5714 -0
vt 0.619 0.7164
vt 0.6667 0.7313
vt 0.6667 0.7164
vt 0.7619 0.6493
vt 0.7708 0.6231
vt 0.5595 0.7239
vt 0.5 0.7313
vt 0.5595 0.7313
vt 0.4762 0.7369
vt 0.4762 0.7575
vt 0.5 0.8657
vt 0.5119 0.8806
vt 0.5476 0.8806
vt 0.3333 0.8806
vt 0.381 0.8601
vt 0.3333 0.8601
vt 0.8036 0.4478
vt 0.8571 0.4216
vt 0.8036 0.4216
vt 0.7857 0.1194
vt 0.7381 0.1493
vt 0.7857 0.1493
vt 0.4286 0.7164
vt 0.4286 0.7369
vt 0.4881 0.6381
vt 0.4286 0.6567
vt 0.4762 0.6716
vt 0.2798 0.8433
vt 0.2857 0.8601
vt 0.2857 0.8396
vt 0.619 0.8657
vt 0.6667 0.8806
vt 0.6667 0.8657
vt 0 0.6194
vt 0.0595 0.6493
vt 0.0595 0.6157
vt 0.5327 0
vt 0.0357 0.8806
vt -0 0.8806
vt 0.0327 0.7183
vt 0.0357 0.7164
vt -0 0.7164
vt 0.6905 0.6493
vt 0.6667 0.6716
vt 0.6369 0.2948
vt 0.5952 0.2836
vt 0.5833 0.291
vt 0.4167 0.0299
vt 0.378 0
vt 0.378 0.0299
vt 0.8929 0.7164
vt 0.875 0.7015
vt 0.8333 0.7164
vt 0.0952 0.4851
vt 0.119 0.4478
vt 0.0714 0.4478
vt 0.8095 0.694
vt 0.7857 0.6866
vt 0.1607 0.2948
vt 0.119 0.2836
vt 0.1071 0.291
vt 0.8929 0.8806
vt 0.875 0.8955
vt 0.9167 0.9104
vt 0.6548 0.1642
vt 0.7738 0.2836
vt 0.2976 0.1642
vt 0.3452 0.1567
vt 0.2917 0.1604
vt 0.9762 0.6866
vt 0.9583 0.6716
vt 0.9167 0.6866
vt 0.4821 0.3321
vt 0.5357 0.3433
vt 0.5357 0.3358
vt 0.0595 0.2836
vt 0 0.2836
vt 0.2976 0.2836
vt 0.2381 0.2836
vt 0.5357 0.2836
vt 0.4762 0.2836
vt 0.1607 0.3433
vt 0.2143 0.3433
vt 0.2679 0.3321
vt 0.3214 0.3433
vt 0.3214 0.3358
vt 0.1637 0.8713
vt 0.1429 0.8806
vt 0.1786 0.8806
vt 0.5 0.7015
vt 0.5119 0.7164
vt 0.5476 0.7164
vt 0.9345 0.7015
vt 0.375 0.3433
vt 0.4286 0.3433
vt 0.5893 0.3433
vt 0.6429 0.3433
vt 0.8036 0.3433
vt 0.8571 0.3433
vt 0.9345 0.8955
vt 0.6964 0.3321
vt 0.75 0.3433
vt 0.75 0.3358
vt 0.5833 0.7164
vt 0.119 0.5224
vt 0.119 0.4851
vt 0.4881 0.806
vt 0.4821 0.8433
vt 0.4881 0.9104
vt 0.4762 0.9254
vt 0.5238 0.9104
vt 0.5595 0.8731
vt 0.619 0.8806
vt 0.0952 0.6791
vt 0.119 0.7164
vt 0.0536 0.3321
vt 0.1071 0.3433
vt 0.1071 0.3358
vt 0.7857 0.9104
vt 0.8095 0.903
vt 0.8333 0.8806
vt 0.2619 0.7985
vt 0.2679 0.7687
vt 0.2619 0.7649
vt 0.9762 0.9104
vt 0.7619 0.9478
vt 0.7857 0.9254
vt 0.9524 0.8806
vt 0.3988 0.2948
vt 0.3571 0.2836
vt 0.3452 0.291
vt 0.0595 0.1642
vt 0.1071 0.1567
vt 0.0536 0.1604
vt 0.9524 0.7164
vt 0.6429 0.903
vt 0.6667 0.9104
vt 0.7381 0.6567
vt 0.4881 0.6866
vt 0.4524 0.6866
vt 0.7738 0.1642
vt 0.8214 0.1567
vt 0.7679 0.1604
vt 0.6667 0.6866
vt 0.6429 0.694
vt 0.5833 0.8806
vt 0.5714 0.8955
vt 0.5238 0.6866
vt 0.4762 0.7164
vt 0.494 0.7687
vt 0.5 0.7649
vt 0.5595 0.8657
vt 0.1637 0.7257
vt 0.1429 0.7164
vt 0.131 0.7239
vt 0.119 0.5522
vt 0.0595 0.5821
vt 0.119 0.5821
vt 0.8929 0.2836
vt 0.8452 0.291
vt 0.8988 0.2873
vt 0.5357 0.1642
vt 0.5833 0.1567
vt 0.5298 0.1604
vt 0.5 0.8955
vt 0.4524 0.9104
vt 0.6905 0.9478
vt 0.7143 0.9403
vt 0.2619 0.8657
vt 0.2619 0.8321
vt 0.0595 0.5485
vt 0 0.5821
vt 0.5714 0.7015
vt 0.7143 0.8806
vt 0.7143 0.8657
vt 0.5714 0.0896
vt 0.5327 0.0896
vt 0.2738 0.806
vt 0.2857 0.7985
vt 0.2857 0.778
vt 0.6071 0.6978
vt 0.6488 0.6549
vt 0.4643 0.6007
vt 0.4286 0.6269
vt 0.381 0.7164
vt 0.381 0.7369
vt 0.4286 0.819
vt 0.381 0.7985
vt 0.381 0.819
vt 0.4762 0.819
vt 0.4286 0.7985
vt 0.881 0.1194
vt 0.8333 0.1493
vt 0.8036 0.3955
vt 0.8571 0.3694
vt 0.8036 0.3694
vt 0.6964 0.3955
vt 0.75 0.3694
vt 0.6964 0.3694
vt 0.6964 0.4478
vt 0.75 0.4216
vt 0.6964 0.4216
vt 0.3333 0.7985
vt 0.381 0.778
vt 0.3333 0.778
vt 0.2857 0.8806
vt 0.4762 0.7985
vt 0.619 0.7313
vt 0.8393 0.6604
vt 0.7857 0.6716
vt 0.8929 0.6493
vt 0.9018 0.6082
vt 0.869 0.6119
vt 0.7143 0.7313
vt 0.7143 0.7164
vt 0.8423 0.8993
vt 0.8006 0.9422
vt 0.9673 0.9963
vt 1 0.9701
vt 0.3571 0.194
vt 0.2976 0.194
vt 0.3571 0.2537
vt 0.2976 0.2239
vt 0.2976 0.2537
vt 0.4762 0.2537
vt 0.4167 0.2239
vt 0.4167 0.2537
vt 0.119 0.0299
vt 0.0714 0
vt 0.0714 0.0299
vt 0.119 0.0896
vt 0.0714 0.0597
vt 0.0714 0.0896
vt 0.2143 0.0896
vt 0.1667 0.0597
vt 0.1667 0.0896
vt 0.5952 0.8657
vt 0.5952 0.8321
vt 0.5476 0.7649
vt 0.5952 0.7985
vt 0.5476 0.7985
vt 0.1607 0.3955
vt 0.2143 0.3694
vt 0.1607 0.3694
vt 0.0536 0.3694
vt 0.1071 0.3955
vt 0.1071 0.3694
vt 0.0536 0.4478
vt 0.1071 0.4216
vt 0.0536 0.4216
vt 0.4554 0.1194
vt 0.4554 0.0896
vt 0.0982 0.7313
vt 0.0982 0.722
vt 0.3095 0.3284
vt 0.3571 0.2985
vt 0.369 0.5821
vt 0.3095 0.6119
vt 0.369 0.6157
vt 0.4286 0.5821
vt 0.4286 0.6194
vt 0.4286 0.5448
vt 0.369 0.5149
vt 0.6071 0.9366
vt 0.6667 0.9254
vt 0.5476 0.9478
vt 0.5357 0.9888
vt 0.5714 0.9851
vt 0.1726 0.7164
vt 0.2708 0.6791
vt 0.2262 0.7164
vt 0.2798 0.7164
vt 0.2619 0.6418
vt 0.2202 0.6791
vt 0.1696 0.4851
vt 0.2262 0.4478
vt 0.1726 0.4478
vt 0.1667 0.5224
vt 0.2202 0.4851
vt 0.2619 0.5224
vt 0.4048 0.1194
vt 0.3571 0.1493
vt 0.0595 0.194
vt 0.119 0.1642
vt 0.0595 0.2537
vt 0.119 0.2239
vt 0.0595 0.2239
vt 0.2381 0.2537
vt 0.1786 0.2239
vt 0.1786 0.2537
vt 0.2143 0.6119
vt 0.2619 0.6119
vt 0.2143 0.5522
vt 0.2619 0.5821
vt 0.2619 0.5522
vt 0.1667 0.5821
vt 0.1667 0.5522
vt 0.131 0.8657
vt 0.1637 0.8657
vt 0.7381 0.3284
vt 0.6905 0.3284
vt 0.5238 0.3284
vt 0.4762 0.3284
vt 0.2619 0.3284
vt 0.0714 0.1493
vt 0.119 0.1194
vt 0.0714 0.1194
vt 0.4167 0.0597
vt 0.8333 0.194
vt 0.7738 0.194
vt 0.8333 0.2537
vt 0.7738 0.2239
vt 0.7738 0.2537
vt 0.9524 0.2537
vt 0.8929 0.2239
vt 0.8929 0.2537
vt 0.0952 0.3284
vt 0.0476 0.3284
vt 0.5952 0.2985
vt 0.6429 0.2985
vt 0.119 0.2985
vt 0.375 0.3955
vt 0.4286 0.3694
vt 0.375 0.3694
vt 0.2679 0.3955
vt 0.3214 0.3694
vt 0.2679 0.3694
vt 0.2679 0.4478
vt 0.3214 0.4216
vt 0.2679 0.4216
vt 0.5357 0.4216
vt 0.5893 0.4478
vt 0.5893 0.4216
vt 0.5893 0.3694
vt 0.5357 0.3955
vt 0.5893 0.3955
vt 0.4821 0.3955
vt 0.4821 0.3694
vt 0.6429 0.7985
vt 0.6429 0.8321
vt 0.6905 0.7985
vt 0.6905 0.8321
vt 0.6905 0.7313
vt 0.6905 0.7649
vt 0.6548 0.2239
vt 0.7143 0.194
vt 0.6548 0.194
vt 0.5357 0.2239
vt 0.5952 0.194
vt 0.5357 0.194
vt 0.5357 0.2537
vt 0.5952 0.2537
vt 0.5952 0.3284
vt 0.6429 0.3284
vt 0.5952 0.1194
vt 0.5952 0.1493
vt 0.8333 0.2985
vt 0.4762 0.5597
vt 0.4286 0.5224
vt 0.4286 0.5597
vt 0.119 0.3284
vt 0.0714 0.3284
vt 0.4762 0.597
vt 0.4286 0.597
vt 0.7381 0.3284
vt 0.6429 0.1194
vt 0.6905 0.2985
vt 0.6905 0.3284
vt 0.0238 0.1493
vt -0 0.1642
vt 0.2381 0.1642
vt 0.7143 0.1642
vt 0.5952 0.2239
vt 0.4762 0.2239
vt 0.5952 0.1642
vt 0.4762 0.1642
vt 0.9524 0.2836
vt 0.6429 0.8657
vt 0.6905 0.8657
vt 0.5357 0.3694
vt 0.4821 0.3433
vt 0.6429 0.3694
vt 0.6429 0.3955
vt 0.6429 0.4478
vt 0.6429 0.4216
vt 0.3214 0.3955
vt 0.2143 0.3955
vt 0.2679 0.3433
vt 0 0.3284
vt 0.8333 0.2239
vt 0.8333 0.2836
vt 0.7143 0.2239
vt 0.7143 0.2836
vt 0.3393 0.0597
vt 0.3006 0.0299
vt 0.3006 0.0597
vt 0.0238 0.1194
vt 0.2143 0.3284
vt 0.4286 0.3284
vt 0.6429 0.3284
vt 0.1964 0.8657
vt 0.2292 0.8675
vt 0.2292 0.8657
vt 0.2143 0.5821
vt 0.2143 0.5224
vt 0.3095 0.5821
vt 0.3095 0.6418
vt 0.119 0.2537
vt 0.1786 0.2836
vt 0 0.2239
vt 0 0.2537
vt 0 0.194
vt 0.119 0.194
vt 0.4524 0.1194
vt 0.3214 0.6791
vt 0.3333 0.7164
vt 0.4643 0.9963
vt 0.5 0.9925
vt 0.4881 0.959
vt 0.4286 0.9403
vt 0.6071 0.8993
vt 0.5893 0.916
vt 0.369 0.6493
vt 0.0327 0.7313
vt 0.0655 0.7201
vt 0.494 0.0896
vt 0.5327 0.1194
vt 0.0536 0.3955
vt 0 0.3955
vt 0 0.4478
vt 0 0.4216
vt 0.0536 0.3433
vt -0 0.3433
vt 0 0.3694
vt 0.5476 0.7313
vt 0.5952 0.7313
vt 0.119 0.0597
vt 0.0238 0.0597
vt 0.0238 0.0896
vt 0.0238 0
vt 0.0238 0.0299
vt 0.3571 0.2239
vt 0.4167 0.2836
vt 0.2381 0.2239
vt 0.9018 0.9888
vt 0.8929 0.9478
vt 0.8214 0.9571
vt 0.8393 0.9366
vt 0.7708 0.9739
vt 0.8571 0.916
vt 0.9673 0.6007
vt 0.9345 0.6045
vt 0.9464 0.6381
vt 1 0.6567
vt 0.8571 0.681
vt 0.8423 0.6978
vt 0.4762 0.8601
vt 0.4762 0.8806
vt 0.3333 0.819
vt 0.2857 0.819
vt 0.2857 0.7575
vt 0.3333 0.7369
vt 0.2857 0.7369
vt 0.3333 0.7575
vt 0.75 0.3955
vt 0.6964 0.3433
vt 0.9286 0.1194
vt 0.4286 0.8396
vt 0.4286 0.8601
vt 0.381 0.8396
vt 0.4286 0.778
vt 0.381 0.7575
vt 0.5357 0.6082
vt 0.5476 0.6493
vt 0.6667 0.6343
vt 0.6786 0.6231
vt 0.6429 0.6194
vt 0.6071 0.6604
vt 0.625 0.6399
vt 0.5893 0.681
vt 0.4554 0.0597
vt 0.0595 0.5149
vt 0 0.5448
vt 0.2143 0.7164
vt 0.1964 0.7276
vt 0.5 0.7985
vt 0.2143 0.8806
vt 0.25 0.8806
vt 0.8333 0.1642
vt 0.3571 0.1642
vt 0.3393 0.0299
vt 0.3006 0
vt 0.0714 0.7164
vt 0.0982 0.875
vt 0.0714 0.8806
vt 0.1071 0.8806
vt 0.494 0.0299
vt 0.4554 0
vt 0.4554 0.0299
vt 0.4762 0.778
vt 0.4286 0.7575
vt 0.8333 0.1194
vt 0.8571 0.3955
vt 0.75 0.4478
vt 0.3333 0.8396
vt 0.8036 0.6194
vt 0.8006 0.6549
vt 0.8214 0.6399
vt 0.8363 0.6157
vt 0.119 0
vt 0.2143 0.0597
vt 0.1607 0.4478
vt 0.3393 0.0896
vt 0.378 0.1194
vt 0.1637 0.7313
vt 0.3571 0.3284
vt 0.625 0.9571
vt 0.6488 0.9422
vt 0.6071 0.9813
vt 0.3571 0.1194
vt 0.2143 0.6418
vt 0.0655 0.8657
vt 0.0982 0.8657
vt 0.119 0.1493
vt 0.494 0.0597
vt 0.9524 0.2239
vt 0.4286 0.3955
vt 0.3214 0.4478
vt 0.5357 0.4478
vt 0.5476 0.1194
vt 0.4762 0.5224
vt 0.131 0.8731
vt 0.131 0.7313
vt 0.2619 0.0597
vt 0.4167 0.1194
vt 0.4167 0
vt 0.1071 0.7164
vt 0.25 0.7164
vt 0.6071 0.6157
vt 0.4286 0.8806
vt 0.381 0.8806
vt 0.3333 0.7164
vt 0.2857 0.7164
vt 0.8036 0.9776
vt 0.8363 0.9813
vt 0.5714 0.1194
vt -0 0.7313
vt 0.1964 0.8694
vt 0.0655 0.7313
vt 0.494 0.1194
vt 0.4762 0.8396
vt 0.1786 0.7164
vt 0.3393 0
vt 0.0655 0.8769
vt 0.494 0
vt 0.3393 0.1194
vt 0.1964 0.7313
vt 0.4762 0.4478
vt 0.9286 0.3284
vt 0.5 0.3284
vt 0.9524 0.1642
vt 0.2143 0.0299
vt 0.2619 0.1194
vt 0.3333 0.4478
vt 0.4524 0.3284
vt 0.619 0.0299
vt 0.8571 0.4478
vt 0.7381 0.1194
vt 0 0.6567
vt 0.0714 0.7164
vt 0.5 0.6045
vt 0.9345 0.9925
vt 1 1
vt 0.1071 0.4478
vt 0.4286 0.5075
vt 0.0238 0.3284
vt 0.6905 0.1194
vt 0.4286 0.9701
vt 0.4286 1
vt 0.869 0.9851
vt 1 0.6269
vt 1 0.597
vt 0.5714 0.6119
vt -0 0.5075
s 1
f 2130/1991 1898/1992 2124/1993
f 2211/1994 1925/1995 2223/1996
f 2141/1997 1894/1998 2115/1999
f 2102/2000 1913/2001 1901/2002
f 1943/2003 1936/2004 1935/2005
f 1897/2006 2091/2007 2128/2008
f 2197/2009 1902/2010 2105/2011
f 1939/2012 1928/2013 1932/2014
f 2090/2015 1901/2016 2156/2017
f 2103/2018 1899/2019 2134/2020
f 2252/2021 2121/2022 2369/2023
f 2120/2024 1900/2025 2155/2026
f 2111/2027 1893/2028 2149/2029
f 2063/2030 2228/2031 2325/2032
f 2368/2033 1925/1995 2137/2034
f 2223/2035 2153/2036 2367/2037
f 2125/2038 1894/2039 2122/2040
f 2127/2041 1898/2042 2126/2043
f 2129/2044 1897/2006 2128/2008
f 2131/2045 1918/2046 2130/2047
f 2098/2048 2123/2049 2366/2050
f 1958/2051 2420/2052 2422/2053
f 1931/2054 1959/2055 1934/2056
f 2105/2011 1914/2057 2099/2058
f 2139/2059 1917/2060 2173/2061
f 2140/2062 1915/2063 2164/2064
f 2142/2065 1916/2066 2141/2067
f 1935/2068 2408/2069 2410/2070
f 2221/2071 2157/2072 2365/2073
f 2169/2074 2112/2075 2364/2076
f 2202/2077 1902/2078 2100/2079
f 2009/2080 2117/2081 2303/2082
f 2300/2083 1891/2084 2011/2085
f 2445/2086 2244/2087 2423/2088
f 2297/2089 1895/2090 2192/2091
f 2173/2092 1897/2093 2161/2094
f 2372/2095 1953/2096 2373/2097
f 2061/2098 2411/2099 2414/2100
f 1931/2101 2374/2102 2384/2103
f 2363/2104 1926/2105 2150/2106
f 2212/2107 2019/2108 2290/2109
f 2246/2110 2094/2111 2362/2112
f 2251/2113 2168/2114 2361/2115
f 2281/2116 1941/2117 2226/2118
f 1957/2119 1927/2120 1933/2121
f 1947/2122 2037/2123 2065/2124
f 2232/2125 2415/2126 1928/2013
f 2028/2127 1946/2128 2029/2129
f 1946/2128 2419/2130 2235/2131
f 1949/2132 2237/2133 2032/2134
f 2062/2135 2375/2136 2429/2137
f 2210/2138 2147/2139 2360/2140
f 2176/2141 1900/2142 2106/2143
f 2419/2130 2036/2144 2396/2145
f 2269/2146 1940/2147 2233/2148
f 2194/2149 2379/2150 2195/2151
f 1951/2152 2035/2153 2057/2154
f 2255/2155 2008/2156 2266/2157
f 1957/2119 2417/2158 2420/2052
f 2423/2159 2408/2069 1936/2160
f 2416/2161 2424/2162 1932/2163
f 2234/2164 2027/2165 1939/2012
f 2107/2166 2051/2167 1989/2168
f 2034/2169 2404/2170 2407/2171
f 2029/2172 2175/2173 1945/2174
f 2054/2175 1925/2176 1930/2177
f 2177/2178 2037/2179 1945/2174
f 2112/2075 1902/2010 2197/2009
f 2132/2180 2047/2181 1985/2182
f 2168/2114 1901/2016 2090/2015
f 2123/2049 1899/2019 2103/2018
f 2058/2183 2165/2184 2016/2185
f 2171/2186 1900/2025 2120/2024
f 2249/2187 1893/2028 2111/2027
f 2118/2188 1972/2189 2108/2190
f 2059/2191 2231/2192 2023/2193
f 2133/2194 2052/2195 1996/2196
f 2125/2038 2248/2197 1908/2198
f 2127/2041 2206/2199 1910/2200
f 2129/2044 2208/2201 1909/2202
f 2131/2045 2148/2203 1922/2204
f 2186/2205 2005/2206 1995/2207
f 2400/2208 2043/2209 2412/2210
f 2263/2211 2215/2212 2066/2213
f 2264/2214 2023/2193 2029/2172
f 2139/2059 2219/2215 1921/2216
f 2140/2062 2253/2217 1919/2218
f 2142/2065 2145/2219 1920/2220
f 2266/2157 1891/2084 2221/2071
f 2016/2185 2265/2221 2058/2183
f 2146/2222 2001/2223 1998/2224
f 2259/2225 2028/2127 1947/2122
f 2054/2175 1892/2226 2056/2227
f 2212/2107 2031/2228 2184/2229
f 2261/2230 2239/2231 2038/2232
f 1951/2152 2033/2233 1952/2234
f 2008/2235 1926/2236 2011/2085
f 2190/2237 2003/2238 1991/2239
f 2057/2240 2166/2241 1951/2242
f 2064/2243 2241/2244 2258/2245
f 2019/2246 2226/2118 1941/2117
f 2227/2247 2017/2248 1943/2003
f 1949/2249 2265/2221 2019/2246
f 1891/2084 2008/2235 2011/2085
f 2093/2250 2049/2251 1987/2252
f 2136/2253 1969/2254 2104/2255
f 1946/2256 2264/2214 2029/2172
f 2193/2257 2035/2258 1952/2234
f 2232/2125 1928/2013 1937/2259
f 2262/2260 2036/2261 2263/2211
f 2152/2262 1973/2263 2109/2264
f 2065/2265 2182/2266 1947/2122
f 2185/2267 2191/2268 1952/2234
f 2233/2148 2262/2260 2026/2269
f 2215/2212 1948/2270 1946/2128
f 2236/2271 2256/2272 1946/2128
f 2033/2233 2058/2273 1949/2132
f 2403/2274 2044/2275 2015/2276
f 2154/2277 2068/2278 2007/2279
f 2205/2280 1977/2281 2114/2282
f 2119/2283 1976/2284 2113/2285
f 2237/2133 2260/2286 2032/2134
f 2260/2286 2067/2287 2261/2230
f 2240/2288 1936/2004 1944/2289
f 1955/2290 2194/2149 2214/2291
f 2267/2292 2055/2293 2068/2278
f 2181/2294 2259/2225 1947/2122
f 2057/2154 1944/2295 1943/2296
f 1927/2297 2422/2053 2425/2298
f 2040/2299 2041/2300 2391/2301
f 2441/2302 1947/2122 2182/2266
f 2438/2303 2027/2165 2234/2164
f 2383/2304 2021/2305 2269/2146
f 2396/2145 1940/2306 2418/2307
f 2397/2308 2022/2309 2405/2310
f 2406/2311 2070/2312 2397/2308
f 2092/2313 1971/2314 2134/2020
f 2272/2315 2216/2316 2359/2317
f 2273/2318 2274/2319 2358/2320
f 2254/2321 2275/2322 2357/2323
f 2072/2324 2388/2325 2428/2326
f 2041/2300 2428/2326 2391/2301
f 1956/2327 2429/2137 2379/2150
f 2033/2233 2185/2267 1952/2234
f 2031/2228 2030/2328 2406/2311
f 2028/2127 1945/2329 1947/2122
f 2177/2178 2278/2330 2024/2331
f 2231/2192 2073/2332 2023/2193
f 2402/2333 2014/2334 2073/2332
f 2065/2124 1937/2335 1939/2336
f 2434/2337 1951/2242 2166/2241
f 2432/2338 2017/2248 2227/2247
f 2371/2339 2025/2340 2281/2116
f 2282/2341 2118/2188 2356/2342
f 2283/2343 2284/2344 2355/2345
f 2207/2346 2285/2347 2354/2348
f 2286/2349 2180/2350 2353/2351
f 2287/2352 2288/2353 2352/2354
f 2202/2355 2289/2356 2351/2357
f 2290/2109 1941/2358 2167/2359
f 2291/2360 2018/2361 2228/2031
f 2256/2272 2077/2362 2291/2360
f 2292/2363 2218/2364 2350/2365
f 2349/2366 2078/2367 2294/2368
f 2222/2369 2295/2370 2348/2371
f 2061/2098 2387/2372 2395/2373
f 2385/2374 2015/2276 2386/2375
f 2138/2376 1986/2377 2126/2043
f 2079/2378 2095/2379 2296/2380
f 2053/2381 2296/2380 2210/2382
f 2254/2383 2009/2384 2297/2089
f 2193/2257 2298/2385 2039/2386
f 2239/2231 2080/2387 2038/2232
f 2412/2388 2043/2389 2080/2387
f 2159/2390 2011/2085 1926/2236
f 2301/2391 2012/2392 2222/2393
f 2097/2394 2081/2395 2301/2391
f 2302/2396 1993/2397 2137/2398
f 2247/2399 2082/2400 2302/2396
f 1895/2090 2303/2082 2203/2401
f 2246/2402 1967/2403 2156/2017
f 2347/2404 1975/2405 2136/2253
f 2346/2406 2083/2407 2306/2408
f 2116/2409 2307/2410 2345/2411
f 2308/2412 2097/2394 2344/2413
f 2309/2414 2310/2415 2343/2416
f 2154/2277 2311/2417 2342/2418
f 2000/2419 2400/2208 2401/2420
f 2146/2222 1997/2421 2096/2422
f 2133/2194 1961/2423 2091/2424
f 2186/2205 1994/2376 2138/2425
f 2178/2426 1966/2427 2158/2428
f 2042/2429 2407/2171 2411/2099
f 2312/2430 2152/2262 2341/2431
f 2313/2432 2314/2433 2340/2434
f 2110/2435 2315/2436 2339/2437
f 2190/2237 1990/2438 2189/2439
f 2107/2166 1988/2440 2172/2441
f 2093/2250 1986/2377 2161/2094
f 2132/2180 1984/2442 2124/1993
f 2316/2443 2220/2444 2338/2445
f 2317/2446 2318/2447 2337/2448
f 2160/2449 2319/2450 2336/2451
f 2320/2452 2117/2453 2335/2454
f 2334/2455 2087/2456 2322/2457
f 2220/2444 2323/2458 2333/2459
f 2088/2460 2167/2359 2324/2461
f 2064/2462 2324/2461 2214/2463
f 1953/2464 2325/2032 2258/2465
f 1977/2281 2115/1999 2114/2282
f 1976/2284 2102/2000 2113/2285
f 2326/2466 2101/2467 2332/2468
f 2327/2469 2328/2470 2331/2471
f 2330/2472 2051/2167 2329/2473
f 1973/2263 2106/2143 2109/2264
f 1972/2189 2100/2079 2108/2190
f 1969/2254 2178/2426 2104/2255
f 2172/2441 1961/2474 2164/2475
f 2155/2026 1963/2476 1968/2477
f 2096/2067 1978/2478 2149/2029
f 2255/2479 2013/2480 2160/2481
f 2122/2040 1990/2482 1984/2442
f 1894/2039 2189/2483 2122/2040
f 1929/2484 2160/2481 1926/2485
f 1915/2486 2149/2029 1893/2028
f 1900/2025 2180/2487 2155/2026
f 1893/2488 2164/2475 1915/2489
f 2104/2255 1899/2490 1904/2491
f 2108/2190 1902/2078 1906/2492
f 2109/2264 1900/2142 1903/2493
f 2330/2472 2089/2494 2327/2469
f 2207/2346 2327/2469 2050/2495
f 2207/2346 2208/2201 2330/2472
f 2119/2283 2328/2470 1981/2496
f 1905/2497 2331/2471 2119/2283
f 2050/2495 2331/2471 2251/2113
f 2171/2186 2101/2467 1903/2493
f 2328/2470 2171/2186 1981/2496
f 2089/2494 2332/2468 2328/2470
f 2113/2285 1901/2002 1905/2497
f 2114/2282 1894/1998 1908/2498
f 2258/2465 2088/2460 2064/2462
f 2214/2463 2025/2499 1955/2500
f 2324/2461 1941/2358 2025/2499
f 2321/2501 2323/2458 2087/2456
f 2209/2502 2321/2501 2052/2195
f 1921/2216 2333/2459 2209/2502
f 2179/2503 2322/2457 1992/2504
f 1919/2218 2334/2455 2179/2503
f 2052/2195 2334/2455 2253/2217
f 2335/2454 1923/2505 2135/2506
f 1992/2504 2335/2454 2135/2506
f 2322/2457 2320/2452 2335/2454
f 2336/2451 2086/2507 2317/2446
f 2150/2106 2317/2446 2004/2508
f 1926/2105 2336/2451 2150/2106
f 2337/2448 2005/2206 2151/2509
f 2218/2364 2151/2509 1922/2204
f 2004/2508 2337/2448 2218/2364
f 2338/2445 1921/2216 2219/2215
f 2318/2447 2219/2215 2005/2206
f 2086/2507 2338/2445 2318/2447
f 1898/1992 2132/2180 2124/1993
f 1897/2093 2093/2250 2161/2094
f 1893/2488 2107/2166 2172/2441
f 1916/2510 2190/2237 2189/2439
f 2339/2437 2085/2511 2313/2432
f 2205/2280 2313/2432 2048/2512
f 1908/2498 2339/2437 2205/2280
f 2340/2434 1982/2513 2121/2022
f 2249/2187 2121/2022 1907/2514
f 2048/2512 2340/2434 2249/2187
f 2341/2431 1903/2493 2101/2467
f 2314/2433 2101/2467 1982/2513
f 2085/2511 2341/2431 2314/2433
f 2199/2515 2377/2516 2381/2517
f 1899/2490 2158/2428 1912/2518
f 1918/2519 2186/2205 2138/2425
f 1917/2520 2133/2194 2091/2424
f 1915/2521 2146/2222 2096/2422
f 2144/2522 2370/2523 2371/2524
f 2342/2418 2084/2525 2309/2414
f 2247/2399 2309/2414 2046/2526
f 1892/2226 2342/2418 2247/2399
f 2343/2416 1964/2527 2192/2091
f 2203/2401 2192/2091 1895/2090
f 2046/2526 2343/2416 2203/2401
f 2344/2413 1896/2528 2095/2379
f 2310/2415 2095/2379 1964/2527
f 2084/2525 2344/2413 2310/2415
f 2305/2529 2307/2410 2083/2407
f 2204/2530 2305/2529 2047/2181
f 1910/2200 2345/2411 2204/2530
f 2346/2406 1974/2531 2110/2532
f 2248/2197 2110/2532 1908/2198
f 2047/2181 2346/2406 2248/2197
f 2347/2404 1904/2491 2098/2533
f 2306/2408 2098/2533 1974/2531
f 2306/2408 2304/2534 2347/2404
f 1913/2535 2156/2017 1901/2016
f 2203/2401 2082/2400 2046/2526
f 1892/2226 2302/2396 2056/2227
f 2056/2227 2137/2398 1925/2176
f 1896/2528 2301/2391 2010/2536
f 2010/2536 2222/2393 1924/2537
f 2012/2392 2300/2083 2159/2390
f 2382/2538 2200/2539 2299/2540
f 1942/2541 2299/2540 2239/2231
f 2298/2385 2430/2542 2431/2543
f 2430/2542 1952/2234 2191/2268
f 2080/2387 2298/2385 2431/2543
f 2053/2381 2297/2089 2079/2378
f 2210/2382 2010/2544 1924/2147
f 2296/2380 1896/2528 2010/2544
f 1918/2425 2126/2043 1898/2042
f 2415/2545 2225/2546 2416/2161
f 2257/2547 2417/2548 2425/2298
f 2293/2549 2295/2370 2078/2367
f 2002/2550 2348/2371 2293/2549
f 1924/2551 2348/2371 2147/2552
f 2349/2366 2003/2238 2217/2553
f 1920/2554 2349/2366 2217/2553
f 2216/2555 2293/2549 2349/2366
f 2350/2365 1922/2204 2148/2203
f 2294/2368 2148/2203 2003/2238
f 2078/2367 2350/2365 2294/2368
f 1946/2128 2291/2360 2059/2556
f 2059/2556 2228/2031 1938/2557
f 2077/2362 2167/2359 2018/2361
f 2351/2357 2076/2558 2287/2352
f 2099/2058 2287/2352 1966/2427
f 1914/2057 2351/2357 2099/2058
f 2352/2354 1962/2559 2092/2560
f 2158/2428 2092/2560 1912/2518
f 1966/2427 2352/2354 2158/2428
f 2353/2351 1911/2561 2176/2562
f 2288/2353 2176/2562 1962/2559
f 2076/2558 2353/2351 2288/2353
f 2354/2348 2075/2563 2283/2343
f 2250/2564 2283/2343 2049/2251
f 1909/2202 2354/2348 2250/2564
f 2355/2345 1979/2565 2116/2409
f 2206/2199 2116/2409 1910/2200
f 2049/2251 2355/2345 2206/2199
f 2356/2342 1906/2492 2169/2074
f 2284/2344 2169/2074 1979/2565
f 2075/2563 2356/2342 2284/2344
f 2401/2566 2281/2116 2074/2567
f 2432/2338 2433/2568 2280/2569
f 2410/2570 2227/2247 1935/2005
f 2074/2567 2280/2569 2433/2568
f 2434/2337 2435/2571 2165/2184
f 2017/2248 2280/2569 2166/2241
f 2016/2185 2165/2184 2435/2571
f 2372/2572 2162/2573 2279/2574
f 1938/2575 2279/2574 2231/2192
f 2437/2576 2177/2178 2436/2577
f 2436/2577 1945/2174 2175/2173
f 2073/2332 2278/2330 2437/2576
f 2184/2229 2376/2578 1950/2579
f 2195/2151 2399/2580 2409/2581
f 2242/2582 2398/2583 2421/2584
f 2276/2585 2418/2307 2398/2583
f 2357/2323 2071/2586 2273/2318
f 2135/2506 2273/2318 1992/2504
f 1923/2505 2357/2323 2135/2506
f 2358/2320 2001/2223 2198/2587
f 2179/2503 2198/2587 1919/2218
f 1992/2504 2358/2320 2179/2503
f 2359/2317 1920/2220 2145/2219
f 2274/2319 2145/2219 2001/2223
f 2071/2586 2359/2317 2274/2319
f 1912/2588 2134/2020 1899/2019
f 2376/2578 2271/2589 2427/2590
f 2427/2590 2174/2591 2375/2136
f 2426/2592 2230/2593 2388/2325
f 2413/2594 2269/2146 2069/2595
f 2234/2164 2439/2596 2438/2303
f 2424/2597 2245/2598 2439/2596
f 2069/2595 2268/2599 2440/2600
f 2441/2302 2442/2601 2181/2294
f 2027/2165 2268/2599 2182/2266
f 2026/2269 2181/2294 2442/2601
f 2421/2584 1953/2096 2242/2582
f 2257/2547 2392/2602 2395/2373
f 2066/2213 2181/2294 2026/2269
f 2054/2603 2211/2604 2267/2292
f 2214/2291 2040/2299 2064/2243
f 2260/2286 2038/2232 2032/2134
f 1950/2579 2260/2286 2237/2133
f 1905/2497 2119/2283 2113/2285
f 1908/2498 2205/2280 2114/2282
f 1892/2226 2267/2292 2154/2277
f 2373/2097 2201/2605 2163/2606
f 2060/2607 2236/2271 2031/2228
f 2036/2261 2233/2148 1940/2147
f 2032/2134 2191/2268 2185/2267
f 1903/2493 2152/2262 2109/2264
f 2026/2269 2263/2211 2066/2213
f 1904/2491 2136/2253 2104/2255
f 1897/2093 2250/2564 2093/2250
f 1953/2096 2258/2245 2241/2244
f 1916/2510 2217/2553 2190/2237
f 2067/2287 2239/2231 2261/2230
f 1949/2132 2184/2229 1950/2579
f 1915/2521 2198/2587 2146/2222
f 2068/2278 2221/2071 2007/2279
f 1998/2224 2145/2219 2142/2065
f 1996/2196 2253/2217 2140/2062
f 1995/2207 2219/2215 2139/2059
f 1948/2270 2263/2211 2036/2261
f 2370/2523 2200/2608 2382/2609
f 1918/2519 2151/2509 2186/2205
f 1991/2239 2148/2203 2131/2045
f 1989/2168 2208/2201 2129/2044
f 1987/2252 2206/2199 2127/2041
f 1985/2182 2248/2197 2125/2038
f 1917/2520 2209/2502 2133/2194
f 1906/2492 2118/2188 2108/2190
f 2048/2512 2111/2027 1977/2281
f 1981/2496 2120/2024 1976/2284
f 1983/2610 2103/2018 1973/2263
f 1980/2611 2090/2015 1972/2189
f 1898/1992 2204/2530 2132/2180
f 1975/2405 2197/2009 1969/2254
f 2187/2612 2374/2613 2377/2516
f 1893/2488 2252/2021 2107/2166
f 2386/2375 2245/2614 2225/2546
f 2378/2615 2244/2616 2393/2617
f 2238/2618 2387/2619 2390/2620
f 2055/2293 2266/2157 2068/2278
f 2194/2149 2195/2151 2409/2581
f 2069/2595 2233/2148 2026/2269
f 2389/2621 2270/2622 2426/2592
f 1962/2623 2106/2143 1971/2314
f 2360/2140 2002/2624 2272/2315
f 2275/2322 2272/2315 2071/2586
f 2053/2625 2360/2140 2275/2322
f 2277/2626 2405/2310 2399/2580
f 2236/2271 2235/2131 2389/2621
f 2224/2627 2443/2628 2444/2629
f 2443/2628 2024/2331 2278/2330
f 2444/2629 2385/2630 2224/2627
f 2074/2567 2226/2118 2016/2185
f 2361/2115 1980/2611 2282/2341
f 2285/2347 2282/2341 2075/2563
f 2050/2495 2361/2115 2285/2347
f 2362/2112 1963/2631 2286/2349
f 2289/2356 2286/2349 2076/2558
f 2045/2632 2362/2112 2289/2356
f 2060/2607 2290/2109 2077/2362
f 2363/2104 2004/2508 2292/2363
f 2078/2367 2363/2104 2292/2363
f 2295/2370 2159/2633 2363/2104
f 2213/2634 2404/2635 2414/2100
f 2213/2634 2381/2517 2384/2103
f 2402/2636 2163/2606 2403/2274
f 1994/2637 2161/2094 1986/2377
f 2079/2378 2192/2091 1964/2527
f 2298/2385 2447/2638 2446/2639
f 2446/2639 2039/2386 2298/2385
f 2447/2638 2393/2640 2244/2087
f 2081/2395 2157/2072 2300/2083
f 2303/2082 1993/2397 2082/2400
f 2045/2641 2100/2079 1967/2403
f 2304/2534 2112/2075 1975/2405
f 2083/2407 2364/2076 2304/2534
f 1979/2565 2364/2076 2307/2410
f 2365/2073 1965/2642 2308/2412
f 2311/2417 2308/2412 2084/2525
f 2007/2279 2365/2073 2311/2417
f 2196/2643 2378/2615 2380/2644
f 1998/2224 2141/2067 1997/2421
f 1996/2196 2164/2064 1961/2423
f 1995/2207 2173/2061 1994/2376
f 1970/2645 2099/2058 1966/2427
f 2243/2646 2390/2620 2392/2602
f 2366/2050 1983/2610 2312/2430
f 2315/2436 2312/2430 2085/2511
f 1974/2647 2366/2050 2315/2436
f 1991/2239 2130/2047 1990/2438
f 1989/2168 2128/2008 1988/2440
f 1987/2252 2126/2043 1986/2377
f 1985/2182 2122/2040 1984/2442
f 2367/2037 2006/2648 2316/2443
f 2319/2450 2316/2443 2086/2507
f 2013/2649 2367/2037 2319/2450
f 2368/2033 1993/2650 2320/2452
f 2087/2456 2368/2033 2320/2452
f 2323/2458 2153/2036 2368/2033
f 2325/2032 2018/2361 2088/2460
f 2111/2027 1978/2478 1977/2281
f 2120/2024 1968/2477 1976/2284
f 2326/2466 2121/2022 1982/2513
f 2329/2473 2326/2466 2089/2494
f 2051/2167 2369/2023 2329/2473
f 2103/2018 1971/2314 1973/2263
f 2090/2015 1967/2403 1972/2189
f 2197/2009 1970/2645 1969/2254
f 2128/2008 1961/2474 1988/2440
f 1968/2477 2094/2651 2102/2000
f 1997/2066 2115/1999 1978/2478
f 2055/2652 2223/1996 2013/2480
f 1990/2482 2124/1993 1984/2442
f 2392/2602 2034/2169 2042/2429
f 2380/2644 1999/2653 2000/2419
f 2447/2638 2080/2387 2393/2640
f 2446/2639 2445/2086 2240/2288
f 2446/2639 2447/2638 2445/2086
f 2447/2638 2244/2087 2445/2086
f 2014/2654 2403/2274 2015/2276
f 2384/2103 1960/2655 1931/2101
f 2414/2100 2020/2656 2061/2098
f 2444/2629 2073/2332 2385/2630
f 2278/2330 2444/2629 2443/2628
f 2399/2580 2022/2309 2072/2324
f 2030/2328 2426/2592 2070/2312
f 2390/2620 2020/2657 2034/2169
f 1999/2653 2393/2617 2043/2209
f 2015/2276 2394/2658 2386/2375
f 2377/2516 1934/2056 1959/2055
f 1955/2290 2382/2609 1956/2327
f 1953/2096 2383/2659 2373/2097
f 2395/2373 2042/2429 2061/2098
f 2268/2599 2441/2302 2182/2266
f 2245/2598 2394/2660 2440/2600
f 2424/2597 2234/2164 1932/2014
f 2438/2303 2440/2600 2268/2599
f 2438/2303 2439/2596 2440/2600
f 2439/2596 2245/2598 2440/2600
f 2070/2312 2388/2325 2022/2309
f 2067/2661 2375/2136 1942/2662
f 1950/2579 2427/2590 2067/2661
f 2398/2583 1940/2306 2021/2663
f 2421/2584 2021/2663 1954/2664
f 2409/2581 2072/2324 2041/2300
f 2175/2173 2437/2576 2436/2577
f 2166/2241 2435/2571 2434/2337
f 2196/2665 2380/2666 2433/2568
f 2196/2665 2432/2338 2227/2247
f 2425/2298 1933/2667 1927/2297
f 1928/2668 2416/2161 1932/2163
f 2191/2268 2431/2543 2430/2542
f 1955/2290 2371/2524 2370/2523
f 2381/2517 1959/2055 1960/2655
f 2411/2099 2187/2612 2199/2515
f 2401/2420 2143/2669 2144/2522
f 2224/2670 2386/2375 2225/2546
f 2395/2373 2229/2671 2257/2547
f 2379/2150 2277/2626 2195/2151
f 2391/2301 2276/2585 2242/2582
f 2428/2326 2230/2593 2276/2585
f 2183/2672 2397/2308 2271/2589
f 2271/2589 2405/2310 2174/2591
f 2270/2622 2418/2307 2230/2593
f 2425/2298 2243/2646 2257/2547
f 2163/2606 2413/2673 2403/2274
f 2143/2669 2412/2210 2200/2608
f 2407/2171 2170/2674 2187/2612
f 2225/2546 2424/2162 2416/2161
f 2188/2675 2423/2159 2244/2616
f 2420/2052 2229/2676 2238/2618
f 2235/2131 2396/2145 2270/2622
f 2429/2137 2174/2591 2277/2626
f 2384/2103 2170/2677 2213/2634
f 2414/2100 2199/2515 2213/2634
f 2162/2678 2373/2097 2163/2606
f 2240/2288 2423/2088 1936/2004
f 2410/2070 2188/2675 2196/2643
f 2422/2053 2238/2618 2243/2646
f 2130/1991 1918/2519 1898/1992
f 2211/1994 1930/2679 1925/1995
f 2141/1997 1916/2680 1894/1998
f 2102/2000 2094/2651 1913/2001
f 1943/2003 1944/2289 1936/2004
f 1897/2006 1917/2681 2091/2007
f 1939/2012 1937/2259 1928/2013
f 2252/2021 1907/2514 2121/2022
f 2063/2030 1938/2557 2228/2031
f 2368/2033 2153/2036 1925/1995
f 2223/2035 1925/1995 2153/2036
f 2125/2038 1908/2198 1894/2039
f 2127/2041 1910/2200 1898/2042
f 2129/2044 1909/2202 1897/2006
f 2131/2045 1922/2204 1918/2046
f 2098/2048 1904/2682 2123/2049
f 1958/2051 1957/2119 2420/2052
f 1931/2054 1960/2683 1959/2055
f 2105/2011 1902/2010 1914/2057
f 2139/2059 1921/2216 1917/2060
f 2140/2062 1919/2218 1915/2063
f 2142/2065 1920/2220 1916/2066
f 1935/2068 1936/2160 2408/2069
f 2221/2071 1891/2084 2157/2072
f 2169/2074 1906/2492 2112/2075
f 2202/2077 1914/2684 1902/2078
f 2009/2080 1923/2685 2117/2081
f 2300/2083 2157/2072 1891/2084
f 2297/2089 2009/2384 1895/2090
f 2173/2092 1917/2686 1897/2093
f 2061/2098 2042/2429 2411/2099
f 1931/2101 1934/2684 2374/2102
f 2363/2104 2159/2633 1926/2105
f 2212/2107 1949/2132 2019/2108
f 2246/2110 1913/2054 2094/2111
f 2251/2113 1905/2497 2168/2114
f 2281/2116 2025/2340 1941/2117
f 1957/2119 1958/2687 1927/2120
f 1947/2122 1945/2329 2037/2123
f 2232/2125 2224/2627 2415/2126
f 2235/2131 2236/2271 1946/2128
f 1946/2128 1948/2270 2419/2130
f 2032/2134 2033/2233 1949/2132
f 1949/2132 1950/2579 2237/2133
f 2062/2135 1942/2662 2375/2136
f 2210/2138 1924/2688 2147/2139
f 2176/2141 1911/2689 1900/2142
f 2419/2130 1948/2270 2036/2144
f 2269/2146 2021/2305 1940/2147
f 2194/2149 1956/2327 2379/2150
f 1951/2152 1952/2234 2035/2153
f 2255/2155 1929/2690 2008/2156
f 1957/2119 1933/2121 2417/2158
f 2065/2265 1939/2012 2027/2165
f 1939/2012 1932/2014 2234/2164
f 2107/2166 2252/2021 2051/2167
f 2034/2169 2020/2657 2404/2170
f 2029/2172 2023/2193 2175/2173
f 2054/2175 2056/2227 1925/2176
f 2177/2178 2024/2331 2037/2179
f 2112/2075 1906/2492 1902/2010
f 2132/2180 2204/2530 2047/2181
f 2168/2114 1905/2497 1901/2016
f 2123/2049 1904/2682 1899/2019
f 2058/2183 1951/2242 2165/2184
f 2171/2186 1903/2493 1900/2025
f 2249/2187 1907/2514 1893/2028
f 2118/2188 1980/2611 1972/2189
f 2059/2191 1938/2575 2231/2192
f 2133/2194 2209/2502 2052/2195
f 2186/2205 2151/2509 2005/2206
f 2400/2208 1999/2653 2043/2209
f 2264/2214 2059/2191 2023/2193
f 2266/2157 2008/2156 1891/2084
f 2016/2185 2019/2246 2265/2221
f 2146/2222 2198/2587 2001/2223
f 2259/2225 2066/2213 2028/2127
f 2212/2107 2060/2607 2031/2228
f 1951/2152 2058/2273 2033/2233
f 2008/2235 1929/2691 1926/2236
f 2190/2237 2217/2553 2003/2238
f 2057/2240 2017/2248 2166/2241
f 2064/2243 2040/2299 2241/2244
f 2019/2246 2016/2185 2226/2118
f 2057/2240 1943/2003 2017/2248
f 1943/2003 1935/2005 2227/2247
f 1949/2249 2058/2183 2265/2221
f 2093/2250 2250/2564 2049/2251
f 2136/2253 1975/2405 1969/2254
f 1946/2256 2059/2191 2264/2214
f 2193/2257 2039/2386 2035/2258
f 2037/2179 2024/2331 1937/2259
f 2024/2331 2232/2125 1937/2259
f 2152/2262 1983/2610 1973/2263
f 2065/2265 2027/2165 2182/2266
f 2028/2127 2066/2213 1946/2128
f 2066/2213 2215/2212 1946/2128
f 2403/2274 2413/2673 2044/2275
f 2154/2277 2267/2292 2068/2278
f 2205/2280 2048/2512 1977/2281
f 2119/2283 1981/2496 1976/2284
f 2035/2258 2039/2386 1944/2289
f 2039/2386 2240/2288 1944/2289
f 1955/2290 1956/2327 2194/2149
f 2267/2292 2211/2604 2055/2293
f 2057/2154 2035/2153 1944/2295
f 1927/2297 1958/2051 2422/2053
f 2242/2582 2241/2244 2391/2301
f 2241/2244 2040/2299 2391/2301
f 2441/2302 2181/2294 1947/2122
f 2438/2303 2268/2599 2027/2165
f 2269/2146 2201/2692 2383/2304
f 2383/2304 1954/2485 2021/2305
f 2396/2145 2036/2144 1940/2306
f 2397/2308 2070/2312 2022/2309
f 2406/2311 2030/2328 2070/2312
f 2092/2313 1962/2623 1971/2314
f 2272/2315 2002/2624 2216/2316
f 2273/2318 2071/2586 2274/2319
f 2254/2321 2053/2625 2275/2322
f 2072/2324 2022/2309 2388/2325
f 2041/2300 2072/2324 2428/2326
f 1956/2327 2062/2135 2429/2137
f 2033/2233 2032/2134 2185/2267
f 2183/2672 2184/2229 2406/2311
f 2184/2229 2031/2228 2406/2311
f 2028/2127 2029/2129 1945/2329
f 2231/2192 2279/2574 2073/2332
f 2073/2332 2279/2574 2402/2333
f 2279/2574 2162/2573 2402/2333
f 2065/2124 2037/2123 1937/2335
f 2434/2337 2165/2184 1951/2242
f 2432/2338 2280/2569 2017/2248
f 2281/2116 2144/2693 2371/2339
f 2371/2339 1955/2694 2025/2340
f 2282/2341 1980/2611 2118/2188
f 2283/2343 2075/2563 2284/2344
f 2207/2346 2050/2495 2285/2347
f 2286/2349 1963/2631 2180/2350
f 2287/2352 2076/2558 2288/2353
f 2202/2355 2045/2632 2289/2356
f 2290/2109 2019/2108 1941/2358
f 2291/2360 2077/2362 2018/2361
f 2256/2272 2060/2607 2077/2362
f 2292/2363 2004/2508 2218/2364
f 2349/2366 2293/2549 2078/2367
f 2222/2369 2012/2695 2295/2370
f 2061/2098 2020/2656 2387/2372
f 2385/2374 2014/2654 2015/2276
f 2138/2376 1994/2637 1986/2377
f 2079/2378 1964/2527 2095/2379
f 2053/2381 2079/2378 2296/2380
f 2254/2383 1923/2696 2009/2384
f 2239/2231 2299/2540 2080/2387
f 2080/2387 2299/2540 2412/2388
f 2299/2540 2200/2539 2412/2388
f 2159/2390 2300/2083 2011/2085
f 2301/2391 2081/2395 2012/2392
f 2097/2394 1965/2642 2081/2395
f 2302/2396 2082/2400 1993/2397
f 2247/2399 2046/2526 2082/2400
f 1895/2090 2009/2080 2303/2082
f 2246/2402 2045/2641 1967/2403
f 2347/2404 2304/2534 1975/2405
f 2346/2406 2305/2529 2083/2407
f 2116/2409 1979/2565 2307/2410
f 2308/2412 1965/2642 2097/2394
f 2309/2414 2084/2525 2310/2415
f 2154/2277 2007/2279 2311/2417
f 2000/2419 1999/2653 2400/2208
f 2146/2222 1998/2224 1997/2421
f 2133/2194 1996/2196 1961/2423
f 2186/2205 1995/2207 1994/2376
f 2178/2426 1970/2645 1966/2427
f 2042/2429 2034/2169 2407/2171
f 2312/2430 1983/2610 2152/2262
f 2313/2432 2085/2511 2314/2433
f 2110/2435 1974/2647 2315/2436
f 2190/2237 1991/2239 1990/2438
f 2107/2166 1989/2168 1988/2440
f 2093/2250 1987/2252 1986/2377
f 2132/2180 1985/2182 1984/2442
f 2316/2443 2006/2648 2220/2444
f 2317/2446 2086/2507 2318/2447
f 2160/2449 2013/2649 2319/2450
f 2320/2452 1993/2650 2117/2453
f 2334/2455 2321/2501 2087/2456
f 2220/2444 2006/2648 2323/2458
f 2088/2460 2018/2361 2167/2359
f 2064/2462 2088/2460 2324/2461
f 1953/2464 2063/2030 2325/2032
f 1977/2281 1978/2478 2115/1999
f 1976/2284 1968/2477 2102/2000
f 2326/2466 1982/2513 2101/2467
f 2327/2469 2089/2494 2328/2470
f 2330/2472 2208/2201 2051/2167
f 1973/2263 1971/2314 2106/2143
f 1972/2189 1967/2403 2100/2079
f 1969/2254 1970/2645 2178/2426
f 2172/2441 1988/2440 1961/2474
f 2155/2026 2180/2487 1963/2476
f 2096/2067 1997/2066 1978/2478
f 2255/2479 2055/2652 2013/2480
f 2122/2040 2189/2483 1990/2482
f 1894/2039 1916/2697 2189/2483
f 1929/2484 2255/2479 2160/2481
f 1915/2486 2096/2067 2149/2029
f 1900/2025 1911/2698 2180/2487
f 1893/2488 2172/2441 2164/2475
f 2104/2255 2178/2426 1899/2490
f 2108/2190 2100/2079 1902/2078
f 2109/2264 2106/2143 1900/2142
f 2330/2472 2329/2473 2089/2494
f 2207/2346 2330/2472 2327/2469
f 2207/2346 1909/2202 2208/2201
f 2119/2283 2331/2471 2328/2470
f 1905/2497 2251/2113 2331/2471
f 2050/2495 2327/2469 2331/2471
f 2171/2186 2332/2468 2101/2467
f 2328/2470 2332/2468 2171/2186
f 2089/2494 2326/2466 2332/2468
f 2113/2285 2102/2000 1901/2002
f 2114/2282 2115/1999 1894/1998
f 2258/2465 2325/2032 2088/2460
f 2214/2463 2324/2461 2025/2499
f 2324/2461 2167/2359 1941/2358
f 2321/2501 2333/2459 2323/2458
f 2209/2502 2333/2459 2321/2501
f 1921/2216 2220/2444 2333/2459
f 2179/2503 2334/2455 2322/2457
f 1919/2218 2253/2217 2334/2455
f 2052/2195 2321/2501 2334/2455
f 2335/2454 2117/2453 1923/2505
f 1992/2504 2322/2457 2335/2454
f 2322/2457 2087/2456 2320/2452
f 2336/2451 2319/2450 2086/2507
f 2150/2106 2336/2451 2317/2446
f 1926/2105 2160/2449 2336/2451
f 2337/2448 2318/2447 2005/2206
f 2218/2364 2337/2448 2151/2509
f 2004/2508 2317/2446 2337/2448
f 2338/2445 2220/2444 1921/2216
f 2318/2447 2338/2445 2219/2215
f 2086/2507 2316/2443 2338/2445
f 2339/2437 2315/2436 2085/2511
f 2205/2280 2339/2437 2313/2432
f 1908/2498 2110/2435 2339/2437
f 2340/2434 2314/2433 1982/2513
f 2249/2187 2340/2434 2121/2022
f 2048/2512 2313/2432 2340/2434
f 2341/2431 2152/2262 1903/2493
f 2314/2433 2341/2431 2101/2467
f 2085/2511 2312/2430 2341/2431
f 2199/2515 2187/2612 2377/2516
f 1899/2490 2178/2426 2158/2428
f 2144/2522 2143/2669 2370/2523
f 2342/2418 2311/2417 2084/2525
f 2247/2399 2342/2418 2309/2414
f 1892/2226 2154/2277 2342/2418
f 2343/2416 2310/2415 1964/2527
f 2203/2401 2343/2416 2192/2091
f 2046/2526 2309/2414 2343/2416
f 2344/2413 2097/2394 1896/2528
f 2310/2415 2344/2413 2095/2379
f 2084/2525 2308/2412 2344/2413
f 2305/2529 2345/2411 2307/2410
f 2204/2530 2345/2411 2305/2529
f 1910/2200 2116/2409 2345/2411
f 2346/2406 2306/2408 1974/2531
f 2248/2197 2346/2406 2110/2532
f 2047/2181 2305/2529 2346/2406
f 2347/2404 2136/2253 1904/2491
f 2306/2408 2347/2404 2098/2533
f 2306/2408 2083/2407 2304/2534
f 1913/2535 2246/2402 2156/2017
f 2203/2401 2303/2082 2082/2400
f 1892/2226 2247/2399 2302/2396
f 2056/2227 2302/2396 2137/2398
f 1896/2528 2097/2394 2301/2391
f 2010/2536 2301/2391 2222/2393
f 2012/2392 2081/2395 2300/2083
f 2299/2540 2062/2699 2382/2538
f 2062/2699 1956/2700 2382/2538
f 1942/2541 2062/2699 2299/2540
f 2298/2385 2193/2257 2430/2542
f 2430/2542 2193/2257 1952/2234
f 2191/2268 2038/2232 2431/2543
f 2038/2232 2080/2387 2431/2543
f 2053/2381 2254/2383 2297/2089
f 2210/2382 2296/2380 2010/2544
f 2296/2380 2095/2379 1896/2528
f 1918/2425 2138/2376 2126/2043
f 2415/2545 2224/2670 2225/2546
f 2257/2547 2229/2671 2417/2548
f 2293/2549 2348/2371 2295/2370
f 2002/2550 2147/2552 2348/2371
f 1924/2551 2222/2369 2348/2371
f 2349/2366 2294/2368 2003/2238
f 1920/2554 2216/2555 2349/2366
f 2216/2555 2002/2550 2293/2549
f 2350/2365 2218/2364 1922/2204
f 2294/2368 2350/2365 2148/2203
f 2078/2367 2292/2363 2350/2365
f 1946/2128 2256/2272 2291/2360
f 2059/2556 2291/2360 2228/2031
f 2077/2362 2290/2109 2167/2359
f 2351/2357 2289/2356 2076/2558
f 2099/2058 2351/2357 2287/2352
f 1914/2057 2202/2355 2351/2357
f 2352/2354 2288/2353 1962/2559
f 2158/2428 2352/2354 2092/2560
f 1966/2427 2287/2352 2352/2354
f 2353/2351 2180/2350 1911/2561
f 2288/2353 2353/2351 2176/2562
f 2076/2558 2286/2349 2353/2351
f 2354/2348 2285/2347 2075/2563
f 2250/2564 2354/2348 2283/2343
f 1909/2202 2207/2346 2354/2348
f 2355/2345 2284/2344 1979/2565
f 2206/2199 2355/2345 2116/2409
f 2049/2251 2283/2343 2355/2345
f 2356/2342 2118/2188 1906/2492
f 2284/2344 2356/2342 2169/2074
f 2075/2563 2282/2341 2356/2342
f 2074/2567 2000/2701 2401/2566
f 2401/2566 2144/2693 2281/2116
f 2410/2570 2196/2665 2227/2247
f 2433/2568 2380/2666 2074/2567
f 2380/2666 2000/2701 2074/2567
f 2435/2571 2280/2569 2074/2567
f 2074/2567 2016/2185 2435/2571
f 2279/2574 2063/2702 2372/2572
f 2063/2702 1953/2703 2372/2572
f 1938/2575 2063/2702 2279/2574
f 2437/2576 2278/2330 2177/2178
f 2436/2577 2177/2178 1945/2174
f 2175/2173 2023/2193 2437/2576
f 2023/2193 2073/2332 2437/2576
f 2184/2229 2183/2672 2376/2578
f 2195/2151 2277/2626 2399/2580
f 2242/2582 2276/2585 2398/2583
f 2276/2585 2230/2593 2418/2307
f 2357/2323 2275/2322 2071/2586
f 2135/2506 2357/2323 2273/2318
f 1923/2505 2254/2321 2357/2323
f 2358/2320 2274/2319 2001/2223
f 2179/2503 2358/2320 2198/2587
f 1992/2504 2273/2318 2358/2320
f 2359/2317 2216/2316 1920/2220
f 2274/2319 2359/2317 2145/2219
f 2071/2586 2272/2315 2359/2317
f 1912/2588 2092/2313 2134/2020
f 2376/2578 2183/2672 2271/2589
f 2427/2590 2271/2589 2174/2591
f 2426/2592 2270/2622 2230/2593
f 2069/2595 2044/2704 2413/2594
f 2413/2594 2201/2692 2269/2146
f 2440/2600 2394/2660 2069/2595
f 2394/2660 2044/2704 2069/2595
f 2442/2601 2268/2599 2069/2595
f 2069/2595 2026/2269 2442/2601
f 1954/2664 1953/2096 2421/2584
f 1953/2096 2241/2244 2242/2582
f 2257/2547 2243/2646 2392/2602
f 2066/2213 2259/2225 2181/2294
f 2054/2603 1930/2705 2211/2604
f 2214/2291 2194/2149 2040/2299
f 2260/2286 2261/2230 2038/2232
f 1950/2579 2067/2287 2260/2286
f 1892/2226 2054/2603 2267/2292
f 2373/2097 2383/2659 2201/2605
f 2060/2607 2256/2272 2236/2271
f 2036/2261 2262/2260 2233/2148
f 2032/2134 2038/2232 2191/2268
f 2026/2269 2262/2260 2263/2211
f 1897/2093 1909/2202 2250/2564
f 1916/2510 1920/2554 2217/2553
f 2067/2287 1942/2541 2239/2231
f 1949/2132 2212/2107 2184/2229
f 1915/2521 1919/2218 2198/2587
f 2068/2278 2266/2157 2221/2071
f 1998/2224 2001/2223 2145/2219
f 1996/2196 2052/2195 2253/2217
f 1995/2207 2005/2206 2219/2215
f 1948/2270 2215/2212 2263/2211
f 2370/2523 2143/2669 2200/2608
f 1918/2519 1922/2204 2151/2509
f 1991/2239 2003/2238 2148/2203
f 1989/2168 2051/2167 2208/2201
f 1987/2252 2049/2251 2206/2199
f 1985/2182 2047/2181 2248/2197
f 1917/2520 1921/2216 2209/2502
f 2048/2512 2249/2187 2111/2027
f 1981/2496 2171/2186 2120/2024
f 1983/2610 2123/2049 2103/2018
f 1980/2611 2168/2114 2090/2015
f 1898/1992 1910/2200 2204/2530
f 1975/2405 2112/2075 2197/2009
f 2187/2612 2170/2674 2374/2613
f 1893/2488 1907/2514 2252/2021
f 2386/2375 2394/2658 2245/2614
f 2378/2615 2188/2675 2244/2616
f 2238/2618 2229/2676 2387/2619
f 2055/2293 2255/2155 2266/2157
f 2041/2300 2040/2299 2409/2581
f 2040/2299 2194/2149 2409/2581
f 2069/2595 2269/2146 2233/2148
f 2389/2621 2235/2131 2270/2622
f 1962/2623 2176/2141 2106/2143
f 2360/2140 2147/2139 2002/2624
f 2275/2322 2360/2140 2272/2315
f 2053/2625 2210/2138 2360/2140
f 2277/2626 2174/2591 2405/2310
f 2030/2328 2031/2228 2389/2621
f 2031/2228 2236/2271 2389/2621
f 2224/2627 2232/2125 2443/2628
f 2443/2628 2232/2125 2024/2331
f 2074/2567 2281/2116 2226/2118
f 2361/2115 2168/2114 1980/2611
f 2285/2347 2361/2115 2282/2341
f 2050/2495 2251/2113 2361/2115
f 2362/2112 2094/2111 1963/2631
f 2289/2356 2362/2112 2286/2349
f 2045/2632 2246/2110 2362/2112
f 2060/2607 2212/2107 2290/2109
f 2363/2104 2150/2106 2004/2508
f 2078/2367 2295/2370 2363/2104
f 2295/2370 2012/2695 2159/2633
f 2213/2634 2170/2677 2404/2635
f 2213/2634 2199/2515 2381/2517
f 2402/2636 2162/2678 2163/2606
f 1994/2637 2173/2092 2161/2094
f 2079/2378 2297/2089 2192/2091
f 2446/2639 2240/2288 2039/2386
f 2081/2395 1965/2642 2157/2072
f 2303/2082 2117/2081 1993/2397
f 2045/2641 2202/2077 2100/2079
f 2304/2534 2364/2076 2112/2075
f 2083/2407 2307/2410 2364/2076
f 1979/2565 2169/2074 2364/2076
f 2365/2073 2157/2072 1965/2642
f 2311/2417 2365/2073 2308/2412
f 2007/2279 2221/2071 2365/2073
f 2196/2643 2188/2675 2378/2615
f 1998/2224 2142/2065 2141/2067
f 1996/2196 2140/2062 2164/2064
f 1995/2207 2139/2059 2173/2061
f 1970/2645 2105/2011 2099/2058
f 2243/2646 2238/2618 2390/2620
f 2366/2050 2123/2049 1983/2610
f 2315/2436 2366/2050 2312/2430
f 1974/2647 2098/2048 2366/2050
f 1991/2239 2131/2045 2130/2047
f 1989/2168 2129/2044 2128/2008
f 1987/2252 2127/2041 2126/2043
f 1985/2182 2125/2038 2122/2040
f 2367/2037 2153/2036 2006/2648
f 2319/2450 2367/2037 2316/2443
f 2013/2649 2223/2035 2367/2037
f 2368/2033 2137/2034 1993/2650
f 2087/2456 2323/2458 2368/2033
f 2323/2458 2006/2648 2153/2036
f 2325/2032 2228/2031 2018/2361
f 2111/2027 2149/2029 1978/2478
f 2120/2024 2155/2026 1968/2477
f 2326/2466 2369/2023 2121/2022
f 2329/2473 2369/2023 2326/2466
f 2051/2167 2252/2021 2369/2023
f 2103/2018 2134/2020 1971/2314
f 2090/2015 2156/2017 1967/2403
f 2197/2009 2105/2011 1970/2645
f 2128/2008 2091/2007 1961/2474
f 1968/2477 1963/2476 2094/2651
f 1997/2066 2141/1997 2115/1999
f 2055/2652 2211/1994 2223/1996
f 1990/2482 2130/1991 2124/1993
f 2392/2602 2390/2620 2034/2169
f 2380/2644 2378/2615 1999/2653
f 2298/2385 2080/2387 2447/2638
f 2080/2387 2043/2389 2393/2640
f 2014/2654 2402/2636 2403/2274
f 2384/2103 2381/2517 1960/2655
f 2414/2100 2404/2635 2020/2656
f 2278/2330 2073/2332 2444/2629
f 2073/2332 2014/2334 2385/2630
f 2399/2580 2405/2310 2022/2309
f 2030/2328 2389/2621 2426/2592
f 2390/2620 2387/2619 2020/2657
f 1999/2653 2378/2615 2393/2617
f 2015/2276 2044/2275 2394/2658
f 2377/2516 2374/2613 1934/2056
f 1955/2290 2370/2523 2382/2609
f 1953/2096 1954/2664 2383/2659
f 2395/2373 2392/2602 2042/2429
f 2268/2599 2442/2601 2441/2302
f 2424/2597 2439/2596 2234/2164
f 2070/2312 2426/2592 2388/2325
f 2067/2661 2427/2590 2375/2136
f 1950/2579 2376/2578 2427/2590
f 2398/2583 2418/2307 1940/2306
f 2421/2584 2398/2583 2021/2663
f 2409/2581 2399/2580 2072/2324
f 2166/2241 2280/2569 2435/2571
f 2196/2665 2433/2568 2432/2338
f 2425/2298 2417/2548 1933/2667
f 1928/2668 2415/2545 2416/2161
f 2381/2517 2377/2516 1959/2055
f 2411/2099 2407/2171 2187/2612
f 2401/2420 2400/2208 2143/2669
f 2224/2670 2385/2374 2386/2375
f 2395/2373 2387/2372 2229/2671
f 2379/2150 2429/2137 2277/2626
f 2391/2301 2428/2326 2276/2585
f 2428/2326 2388/2325 2230/2593
f 2183/2672 2406/2311 2397/2308
f 2271/2589 2397/2308 2405/2310
f 2270/2622 2396/2145 2418/2307
f 2425/2298 2422/2053 2243/2646
f 2163/2606 2201/2605 2413/2673
f 2143/2669 2400/2208 2412/2210
f 2407/2171 2404/2170 2170/2674
f 2225/2546 2245/2614 2424/2162
f 2188/2675 2408/2069 2423/2159
f 2420/2052 2417/2158 2229/2676
f 2235/2131 2419/2130 2396/2145
f 2429/2137 2375/2136 2174/2591
f 2384/2103 2374/2102 2170/2677
f 2414/2100 2411/2099 2199/2515
f 2162/2678 2372/2095 2373/2097
f 2240/2288 2445/2086 2423/2088
f 2410/2070 2408/2069 2188/2675
f 2422/2053 2420/2052 2238/2618
o LeftBoot
v -0.5313 21.64 -2.5313
v 4.5312 21.64 -2.5313
v -0.5313 18.52 -2.5313
v -0.5313 18.52 2.5312
v 4.5312 18.52 2.5312
v 4.5312 18.52 -2.5313
v -0.5312 24.24 -2.5313
v 4.5312 24.24 -2.5313
v -0.5312 24.24 2.5312
v 4.5312 24.24 2.5312
v -0.25 18.52 -2.25
v 4.25 18.52 -2.25
v -0.25 18.52 2.25
v 4.25 18.52 2.25
v 3.6875 22.68 -3.6563
v 0.3125 22.68 -3.6563
v 3.6875 24.24 -3.6563
v 0.3125 24.24 -3.6563
v 2 24.24 -2.5313
v -0.5312 22.94 -2.5313
v -0.1094 22.16 -3.0938
v 4.1094 22.16 -3.0938
v 4.5312 22.94 -2.5313
v 3.6875 23.46 -3.6563
v 2 24.24 -3.6563
v 2 22.68 -3.6563
v 4.5312 20.08 -2.5313
v 2 21.64 -2.5313
v 2 24.24 2.5312
v 4.5312 21.38 2.5312
v -0.5312 22.94 -0
v -0.5313 21.38 2.5312
v 4.5312 18.52 -0
v 2 18.52 -2.25
v 2.1406 18.52 -2.3906
v 4.5312 24.24 -0
v 4.25 18.52 -0
v 4.3906 18.52 0.1406
v -0.25 18.52 -0
v -0.3906 18.52 -0.1406
v 2 18.52 2.25
v 1.8594 18.52 2.3906
v 0.3125 23.46 -3.6563
v 2 18.52 -2.5313
v -0.5313 20.08 -2.5313
v 2 18.52 2.5312
v -0.5312 24.24 -0
v -0.5313 18.52 -0
v 4.5312 22.94 -0
v 2 24.24 -0
v 2 21.38 2.5312
v -0.5313 20.73 -0
v 2 20.08 -2.5313
v 2 23.46 -3.6563
v 4.5312 20.73 -0
v 2 22.16 -3.0938
v 0.7344 24.24 -2.5313
v 3.2656 24.24 -2.5313
v 2.8438 24.24 -3.6563
v 1.1562 24.24 -3.6563
v 1.1562 22.68 -3.6563
v 4.5312 19.3 -2.5313
v 2.8438 22.68 -3.6563
v 3.2656 21.64 -2.5313
v 3.2656 24.24 2.5312
v 4.5312 20.86 -2.5313
v 4.5312 22.81 2.5312
v -0.5312 23.59 1.2656
v -0.5312 22.81 2.5312
v 4.5312 18.52 -1.2656
v 3.125 18.52 -2.25
v 0.9453 18.52 -2.3203
v 4.5312 24.24 1.2656
v 0.7344 21.64 -2.5313
v 4.25 18.52 1.125
v 4.3203 18.52 -1.0547
v -0.25 18.52 1.125
v -0.3203 18.52 1.0547
v 3.125 18.52 2.25
v 3.0547 18.52 2.3203
v 3.2656 18.52 -2.5313
v -0.5313 19.3 -2.5313
v 3.2656 18.52 2.5312
v -0.5312 24.24 1.2656
v -0.5313 18.52 1.2656
v 4.5312 23.59 1.2656
v 0.7344 24.24 2.5312
v 4.5312 19.95 2.5312
v -0.5313 22.29 -1.2656
v -0.5313 19.95 2.5312
v 4.5312 18.52 1.2656
v 0.875 18.52 -2.25
v 3.3359 18.52 -2.4609
v 4.5312 24.24 -1.2656
v 4.25 18.52 -1.125
v 4.4609 18.52 1.3359
v -0.25 18.52 -1.125
v -0.4609 18.52 -1.3359
v 0.875 18.52 2.25
v 0.6641 18.52 2.4609
v 0.7344 18.52 -2.5313
v -0.5313 20.86 -2.5313
v 0.7344 18.52 2.5312
v -0.5312 24.24 -1.2656
v -0.5313 18.52 -1.2656
v 4.5312 22.29 -1.2656
v 2 24.24 1.2656
v 2 24.24 -1.2656
v 3.2656 24.24 -0
v 0.7344 24.24 -0
v 4.5312 22.94 -1.2656
v 4.5312 23.59 -1.2656
v -0.5312 22.94 -1.2656
v -0.5312 23.59 -1.2656
v 3.2656 21.38 2.5312
v 0.7344 21.38 2.5312
v 2 22.81 2.5312
v 2 19.95 2.5312
v -0.5313 21.055 1.2656
v -0.5313 20.405 -1.2656
v -0.5313 21.835 -0
v -0.5313 19.625 -0
v 2 20.86 -2.5313
v 2 19.3 -2.5313
v 3.2656 20.08 -2.5313
v 0.7344 20.08 -2.5313
v 2.8438 23.46 -3.6563
v 1.1562 23.46 -3.6563
v 4.5312 20.405 -1.2656
v 4.5312 21.055 1.2656
v 4.5312 21.835 -0
v 4.5312 19.625 -0
v 3.0547 22.16 -3.0938
v 0.9453 22.16 -3.0938
v 4.5312 19.7875 1.2656
v 4.5312 22.3225 1.2656
v 4.5312 21.3475 -1.2656
v 0.7344 19.3 -2.5313
v 3.2656 19.3 -2.5313
v 3.2656 20.86 -2.5313
v -0.5313 19.4625 -1.2656
v -0.5313 21.3475 -1.2656
v -0.5313 22.3225 1.2656
v 0.7344 19.95 2.5312
v 0.7344 22.81 2.5312
v 3.2656 22.81 2.5312
v 0.7344 24.24 1.2656
v 0.7344 24.24 -1.2656
v 3.2656 24.24 -1.2656
v 3.2656 19.95 2.5312
v -0.5313 19.7875 1.2656
v 0.7344 20.86 -2.5313
v 4.5312 19.4625 -1.2656
v 3.2656 24.24 1.2656
vt 0.125 0.1274
vt 0.1875 0.1698
vt 0.1875 0.1274
vt 0.691 0.1509
vt 0.7222 0.1321
vt 0.6806 0.1321
vt 0.75 0.1509
vt 0.7222 0.1038
vt 0.4375 0.3774
vt 0.5 0.3491
vt 0.4375 0.3432
vt 0.7222 0.0755
vt 0.6944 0.0377
vt 0.6806 0.0755
vt 0.6806 0.1038
vt 0.6875 0.2925
vt 0.75 0.2642
vt 0.6875 0.2642
vt 0.5278 0.1509
vt 0.5 0.1226
vt 0.5 0.1698
vt 0.9375 0.3314
vt 1 0.3774
vt 1 0.3255
vt 0.5556 0.3821
vt 0.5 0.3962
vt 0.5556 0.3962
vt 0.1875 0.3774
vt 0.25 0.3255
vt 0.1875 0.3255
vt 0.3056 0.3821
vt 0.25 0.3962
vt 0.3056 0.3962
vt 0.8056 0.3821
vt 0.75 0.3962
vt 0.8056 0.3962
vt 0.0556 0.3821
vt -0 0.3962
vt 0.0556 0.3962
vt 0.125 0.0425
vt 0.1875 0.0849
vt 0.1875 0.0425
vt 0.1667 0.3915
vt 0.125 0.3774
vt 0.1111 0.3868
vt 0.9167 0.3915
vt 0.875 0.3774
vt 0.8611 0.3868
vt 0.4375 0.217
vt 0.375 0.217
vt 0.4375 0.2406
vt 0 0.0425
vt 0.0625 0.0849
vt 0.0625 0.0425
vt 0.4375 0.1934
vt 0.3125 0.1698
vt 0.25 0.1698
vt 0.3125 0.1934
vt 0.875 0.1698
vt 0.9375 0.1934
vt 0.9375 0.1698
vt 0.4167 0.3915
vt 0.375 0.3774
vt 0.3611 0.3868
vt 0.4375 0.1698
vt 0.375 0.1698
vt 0.6667 0.3915
vt 0.625 0.3774
vt 0.6111 0.3868
vt 0.5625 0.3774
vt 0.5 0.3774
vt 0.75 0.217
vt 0.8125 0.2406
vt 0.8125 0.217
vt 0.3125 0.3774
vt 0.25 0.3774
vt 0.8125 0.3774
vt 0.75 0.3774
vt 0.0625 0.3774
vt -0 0.3774
vt 0 0.1274
vt 0.0625 0.1698
vt 0.0625 0.1274
vt 0.8125 0.1934
vt 0.75 0.1698
vt 0.8125 0.1698
vt 0.1111 0.3962
vt 0.1667 0.3962
vt 0.8611 0.3962
vt 0.9167 0.3962
vt 0.3611 0.3962
vt 0.4167 0.3962
vt 0.1875 0.2217
vt 0.25 0.2736
vt 0.25 0.2217
vt 0.0625 0.2736
vt 0.125 0.2217
vt 0.0625 0.2217
vt 0.0625 0.3255
vt 0.125 0.3255
vt 0.6111 0.3962
vt 0.6667 0.3962
vt 0.9375 0.2394
vt 1 0.2736
vt 1 0.2217
vt 0.8125 0.2748
vt 0.875 0.2972
vt 0.875 0.2571
vt 0.8125 0.3432
vt 0.875 0.3373
vt 0.5556 0.1038
vt 0.5556 0.1321
vt 0.5 0.0755
vt 0.625 0.2925
vt 0.5625 0.2642
vt 0.5625 0.2925
vt 0.625 0.3491
vt 0.5625 0.3208
vt 0.5625 0.3491
vt 0.6875 0.3491
vt 0.75 0.3208
vt 0.6875 0.3208
vt 0.6389 0.1038
vt 0.5972 0.0755
vt 0.5972 0.1038
vt 0.6389 0.1321
vt 0.5972 0.1321
vt 0.6389 0.0377
vt 0.5833 0.0377
vt 0.4375 0.309
vt 0.5 0.2925
vt 0.4375 0.2748
vt 0.3125 0.2854
vt 0.375 0.2571
vt 0.3125 0.2394
vt 0.375 0.3373
vt 0.3125 0.3314
vt 0.7778 0.1226
vt 0.7778 0.1698
vt 0.7778 0.0755
vt 0.6389 0.1509
vt 0.5868 0.1509
vt 0.6389 0.1698
vt 0.5764 0.1698
vt 0.7014 0.1698
vt 0.7431 0.1509
vt 0.5347 0.1509
vt 0.5139 0.1698
vt 0.375 0.2972
vt 0.5 0.2642
vt 0.5556 0.0755
vt 0.5278 0.0377
vt 0.625 0.3208
vt 0.6875 0.3774
vt 0.75 0.3491
vt 0.5 0.3208
vt 0.8125 0.309
vt 0.875 0.217
vt 0.75 0.2925
vt 1 0.1698
vt 0.9375 0.2854
vt 0.7222 0.3962
vt 0.125 0.2736
vt 0 0.2736
vt 0 0.3255
vt 0.125 0.1698
vt 0 0.2217
vt 0 0.1698
vt 0.4722 0.3962
vt 0.9722 0.3962
vt 0.2222 0.3962
vt 0.125 0.0849
vt 0 0.0849
vt 0.5 0.217
vt 0.0625 0
vt 0.125 0
vt 0 -0
vt 0.9375 0.3774
vt 0.25 0.0849
vt 0.25 0.0425
vt 0.1875 0
vt 0.25 -0
vt 0.1875 0.2736
vt 0.625 0.2642
vt 0.6389 0.0755
vt 0.25 0.1274
vt 0.75 0.0377
vt 0.7639 0.1698
s 1
f 2554/2706 2512/2707 2601/2708
f 2581/2709 2463/2710 2508/2711
f 2468/2712 2490/2713 2463/2710
f 2517/2714 2509/2715 2600/2716
f 2465/2717 2504/2718 2507/2719
f 2490/2713 2507/2719 2575/2720
f 2599/2721 2448/2722 2521/2723
f 2469/2724 2470/2725 2449/2726
f 2598/2727 2451/2728 2537/2729
f 2540/2730 2459/2731 2518/2732
f 2530/2733 2535/2734 2597/2735
f 2543/2736 2461/2737 2522/2738
f 2545/2739 2458/2740 2544/2741
f 2547/2742 2460/2743 2546/2744
f 2555/2745 2556/2746 2596/2747
f 2527/2748 2493/2749 2489/2750
f 2525/2751 2495/2752 2487/2753
f 2558/2754 2496/2755 2553/2756
f 2551/2757 2557/2758 2595/2759
f 2559/2760 2496/2755 2558/2754
f 2520/2761 2457/2762 2533/2763
f 2494/2764 2515/2765 2531/2766
f 2523/2767 2480/2768 2485/2769
f 2541/2770 2483/2771 2559/2760
f 2519/2772 2491/2773 2482/2774
f 2540/2730 2528/2775 2453/2776
f 2467/2777 2536/2778 2560/2779
f 2543/2736 2538/2780 2452/2781
f 2545/2739 2552/2782 2450/2783
f 2547/2742 2550/2784 2451/2785
f 2531/2786 2534/2787 2594/2788
f 2560/2779 2561/2789 2467/2777
f 2454/2790 2561/2789 2551/2791
f 2527/2748 2488/2792 2526/2793
f 2525/2751 2486/2794 2524/2795
f 2523/2767 2484/2796 2542/2797
f 2593/2798 2477/2799 2514/2800
f 2563/2801 2564/2802 2592/2803
f 2591/2804 2493/2749 2565/2805
f 2519/2772 2481/2806 2539/2807
f 2590/2808 2479/2809 2516/2810
f 2589/2811 2499/2812 2568/2813
f 2588/2814 2495/2752 2569/2815
f 2469/2724 2471/2816 2470/2725
f 2462/2817 2471/2816 2469/2724
f 2471/2816 2455/2818 2470/2725
f 2570/2819 2511/2820 2587/2821
f 2571/2822 2572/2823 2586/2824
f 2585/2825 2492/2826 2573/2827
f 2501/2828 2506/2829 2574/2830
f 2473/2831 2574/2830 2510/2832
f 2463/2710 2575/2720 2508/2711
f 2506/2829 2466/2833 2505/2834
f 2576/2835 2513/2836 2584/2837
f 2577/2838 2578/2839 2583/2840
f 2538/2780 2579/2841 2582/2842
f 2467/2843 2490/2713 2468/2712
f 2467/2843 2468/2712 2448/2844
f 2454/2845 2490/2713 2467/2843
f 2503/2846 2510/2832 2580/2847
f 2475/2848 2580/2847 2511/2849
f 2521/2850 2468/2851 2581/2709
f 2475/2848 2581/2709 2503/2846
f 2511/2849 2469/2852 2449/2853
f 2580/2847 2462/2817 2469/2852
f 2582/2842 2502/2854 2577/2838
f 2535/2734 2577/2838 2477/2799
f 2452/2781 2582/2842 2535/2734
f 2583/2840 2496/2755 2533/2763
f 2514/2800 2533/2763 2457/2762
f 2477/2799 2583/2840 2514/2800
f 2584/2837 2449/2855 2553/2756
f 2578/2839 2553/2756 2496/2755
f 2502/2854 2584/2837 2578/2839
f 2464/2856 2505/2834 2455/2857
f 2508/2711 2501/2828 2473/2831
f 2510/2832 2471/2816 2462/2817
f 2574/2830 2464/2856 2471/2816
f 2571/2822 2573/2827 2500/2858
f 2491/2773 2585/2825 2571/2822
f 2548/2859 2529/2860 2585/2825
f 2509/2715 2572/2823 2474/2861
f 2528/2775 2509/2715 2453/2776
f 2528/2775 2571/2822 2586/2824
f 2587/2821 2449/2855 2513/2836
f 2474/2861 2587/2821 2513/2836
f 2500/2858 2587/2821 2572/2823
f 2567/2862 2569/2815 2499/2812
f 2492/2826 2588/2814 2567/2862
f 2529/2860 2552/2782 2588/2814
f 2536/2778 2568/2813 2478/2863
f 2448/2722 2589/2811 2536/2778
f 2549/2864 2567/2862 2589/2811
f 2515/2765 2516/2810 2456/2865
f 2478/2863 2590/2808 2515/2765
f 2568/2813 2566/2866 2590/2808
f 2458/2867 2519/2772 2539/2807
f 2591/2804 2498/2868 2563/2801
f 2479/2869 2591/2804 2563/2801
f 2537/2870 2550/2784 2591/2804
f 2592/2803 2476/2871 2534/2787
f 2516/2872 2534/2787 2456/2873
f 2479/2869 2592/2803 2516/2872
f 2512/2707 2514/2800 2457/2762
f 2476/2871 2593/2798 2512/2707
f 2498/2868 2593/2798 2564/2802
f 2459/2874 2523/2767 2542/2797
f 2460/2875 2525/2751 2524/2795
f 2461/2876 2527/2748 2526/2793
f 2494/2764 2551/2791 2561/2789
f 2478/2863 2561/2789 2560/2779
f 2594/2788 2476/2871 2554/2706
f 2557/2758 2554/2706 2497/2877
f 2494/2878 2594/2788 2557/2758
f 2489/2750 2550/2784 2547/2742
f 2487/2753 2552/2782 2545/2739
f 2485/2769 2538/2780 2543/2736
f 2478/2863 2560/2779 2536/2778
f 2482/2774 2528/2775 2540/2730
f 2458/2867 2548/2859 2519/2772
f 2455/2726 2559/2760 2470/2879
f 2459/2874 2517/2714 2523/2767
f 2456/2865 2531/2766 2515/2765
f 2483/2771 2533/2763 2496/2755
f 2470/2879 2559/2760 2558/2754
f 2595/2759 2497/2877 2555/2745
f 2504/2880 2555/2745 2466/2881
f 2454/2882 2595/2759 2504/2880
f 2470/2879 2553/2756 2449/2855
f 2460/2875 2532/2883 2525/2751
f 2461/2876 2530/2733 2527/2748
f 2596/2747 2483/2884 2541/2885
f 2505/2886 2541/2885 2455/2887
f 2466/2881 2596/2747 2505/2886
f 2489/2750 2546/2744 2488/2792
f 2487/2753 2544/2741 2486/2794
f 2485/2769 2522/2738 2484/2796
f 2597/2735 2477/2799 2562/2888
f 2565/2805 2562/2888 2498/2868
f 2493/2749 2597/2735 2565/2805
f 2482/2774 2518/2732 2481/2806
f 2566/2866 2537/2729 2479/2809
f 2499/2812 2598/2727 2566/2866
f 2569/2815 2532/2883 2598/2727
f 2570/2819 2521/2723 2475/2889
f 2500/2858 2599/2721 2570/2819
f 2573/2827 2549/2864 2599/2721
f 2575/2720 2472/2890 2501/2828
f 2507/2719 2466/2833 2472/2890
f 2600/2716 2474/2861 2576/2835
f 2579/2841 2576/2835 2502/2854
f 2480/2768 2600/2716 2579/2841
f 2503/2846 2508/2711 2473/2831
f 2601/2708 2457/2762 2520/2891
f 2556/2746 2520/2891 2483/2884
f 2497/2877 2601/2708 2556/2746
f 2554/2706 2476/2871 2512/2707
f 2581/2709 2468/2851 2463/2710
f 2517/2714 2453/2776 2509/2715
f 2465/2717 2454/2892 2504/2718
f 2490/2713 2465/2717 2507/2719
f 2599/2721 2549/2864 2448/2722
f 2598/2727 2532/2883 2451/2728
f 2540/2730 2453/2776 2459/2731
f 2530/2733 2452/2781 2535/2734
f 2543/2736 2452/2781 2461/2737
f 2545/2739 2450/2783 2458/2740
f 2547/2742 2451/2785 2460/2743
f 2555/2745 2497/2877 2556/2746
f 2527/2748 2530/2733 2493/2749
f 2525/2751 2532/2883 2495/2752
f 2551/2757 2494/2878 2557/2758
f 2559/2760 2483/2771 2496/2755
f 2494/2764 2478/2863 2515/2765
f 2523/2767 2517/2714 2480/2768
f 2519/2772 2548/2859 2491/2773
f 2467/2777 2448/2722 2536/2778
f 2531/2786 2456/2873 2534/2787
f 2454/2790 2467/2777 2561/2789
f 2527/2748 2489/2750 2488/2792
f 2525/2751 2487/2753 2486/2794
f 2523/2767 2485/2769 2484/2796
f 2593/2798 2562/2888 2477/2799
f 2563/2801 2498/2868 2564/2802
f 2591/2804 2550/2784 2493/2749
f 2519/2772 2482/2774 2481/2806
f 2590/2808 2566/2866 2479/2809
f 2589/2811 2567/2862 2499/2812
f 2588/2814 2552/2782 2495/2752
f 2471/2816 2464/2856 2455/2818
f 2570/2819 2475/2889 2511/2820
f 2571/2822 2500/2858 2572/2823
f 2585/2825 2529/2860 2492/2826
f 2501/2828 2472/2890 2506/2829
f 2473/2831 2501/2828 2574/2830
f 2463/2710 2490/2713 2575/2720
f 2506/2829 2472/2890 2466/2833
f 2576/2835 2474/2861 2513/2836
f 2577/2838 2502/2854 2578/2839
f 2538/2780 2480/2768 2579/2841
f 2454/2845 2465/2717 2490/2713
f 2503/2846 2473/2831 2510/2832
f 2475/2848 2503/2846 2580/2847
f 2521/2850 2448/2893 2468/2851
f 2475/2848 2521/2850 2581/2709
f 2511/2849 2580/2847 2469/2852
f 2580/2847 2510/2832 2462/2817
f 2582/2842 2579/2841 2502/2854
f 2535/2734 2582/2842 2577/2838
f 2452/2781 2538/2780 2582/2842
f 2583/2840 2578/2839 2496/2755
f 2514/2800 2583/2840 2533/2763
f 2477/2799 2577/2838 2583/2840
f 2584/2837 2513/2836 2449/2855
f 2578/2839 2584/2837 2553/2756
f 2502/2854 2576/2835 2584/2837
f 2464/2856 2506/2829 2505/2834
f 2508/2711 2575/2720 2501/2828
f 2510/2832 2574/2830 2471/2816
f 2574/2830 2506/2829 2464/2856
f 2571/2822 2585/2825 2573/2827
f 2491/2773 2548/2859 2585/2825
f 2548/2859 2450/2783 2529/2860
f 2509/2715 2586/2824 2572/2823
f 2528/2775 2586/2824 2509/2715
f 2528/2775 2491/2773 2571/2822
f 2587/2821 2511/2820 2449/2855
f 2474/2861 2572/2823 2587/2821
f 2500/2858 2570/2819 2587/2821
f 2567/2862 2588/2814 2569/2815
f 2492/2826 2529/2860 2588/2814
f 2529/2860 2450/2783 2552/2782
f 2536/2778 2589/2811 2568/2813
f 2448/2722 2549/2864 2589/2811
f 2549/2864 2492/2826 2567/2862
f 2515/2765 2590/2808 2516/2810
f 2478/2863 2568/2813 2590/2808
f 2568/2813 2499/2812 2566/2866
f 2591/2804 2565/2805 2498/2868
f 2479/2869 2537/2870 2591/2804
f 2537/2870 2451/2785 2550/2784
f 2592/2803 2564/2802 2476/2871
f 2516/2872 2592/2803 2534/2787
f 2479/2869 2563/2801 2592/2803
f 2512/2707 2593/2798 2514/2800
f 2476/2871 2564/2802 2593/2798
f 2498/2868 2562/2888 2593/2798
f 2478/2863 2494/2764 2561/2789
f 2594/2788 2534/2787 2476/2871
f 2557/2758 2594/2788 2554/2706
f 2494/2878 2531/2786 2594/2788
f 2489/2750 2493/2749 2550/2784
f 2487/2753 2495/2752 2552/2782
f 2485/2769 2480/2768 2538/2780
f 2482/2774 2491/2773 2528/2775
f 2458/2867 2450/2783 2548/2859
f 2455/2726 2541/2770 2559/2760
f 2459/2874 2453/2776 2517/2714
f 2483/2771 2520/2761 2533/2763
f 2595/2759 2557/2758 2497/2877
f 2504/2880 2595/2759 2555/2745
f 2454/2882 2551/2757 2595/2759
f 2470/2879 2558/2754 2553/2756
f 2460/2875 2451/2728 2532/2883
f 2461/2876 2452/2781 2530/2733
f 2596/2747 2556/2746 2483/2884
f 2505/2886 2596/2747 2541/2885
f 2466/2881 2555/2745 2596/2747
f 2489/2750 2547/2742 2546/2744
f 2487/2753 2545/2739 2544/2741
f 2485/2769 2543/2736 2522/2738
f 2597/2735 2535/2734 2477/2799
f 2565/2805 2597/2735 2562/2888
f 2493/2749 2530/2733 2597/2735
f 2482/2774 2540/2730 2518/2732
f 2566/2866 2598/2727 2537/2729
f 2499/2812 2569/2815 2598/2727
f 2569/2815 2495/2752 2532/2883
f 2570/2819 2599/2721 2521/2723
f 2500/2858 2573/2827 2599/2721
f 2573/2827 2492/2826 2549/2864
f 2575/2720 2507/2719 2472/2890
f 2507/2719 2504/2718 2466/2833
f 2600/2716 2509/2715 2474/2861
f 2579/2841 2600/2716 2576/2835
f 2480/2768 2517/2714 2600/2716
f 2503/2846 2581/2709 2508/2711
f 2601/2708 2512/2707 2457/2762
f 2556/2746 2601/2708 2520/2891
f 2497/2877 2554/2706 2601/2708
o LeftLeg
v -0.5313 14.36 -2.5313
v -0.5313 14.36 2.5312
v 4.5312 11.76 2.5312
v 4.5312 11.76 -2.5313
v -0.5313 17.48 -2.5313
v 4.5312 17.48 -2.5313
v -0.5313 17.48 2.5312
v 4.5312 17.48 2.5312
v 4.25 18.52 2.25
v -0.25 18.52 2.25
v 4.25 18.52 -2.25
v -0.25 18.52 -2.25
v 4.25 17.48 2.25
v -0.25 17.48 2.25
v 4.25 17.48 -2.25
v -0.25 17.48 -2.25
v 4.25 12.28 2.25
v -0.25 14.36 2.25
v 4.25 12.28 -2.25
v -0.25 14.36 -2.25
v 4.25 11.76 2.25
v -0.25 11.76 2.25
v 4.25 11.76 -2.25
v -0.25 11.76 -2.25
v 3.6875 19.04 -2.25
v 0.3125 19.04 -2.25
v 3.6875 16.96 -2.25
v 0.3125 16.96 -2.25
v 3.125 16.96 -2.8125
v 3.125 19.04 -2.8125
v 0.875 19.04 -2.8125
v 0.875 16.96 -2.8125
v 2.5625 17.48 -2.5313
v 2.5625 18.52 -2.5313
v 1.4375 18.52 -2.5313
v 1.4375 17.48 -2.5313
v -0.5313 17.48 -0
v -0.5313 15.92 2.5312
v 4.5312 14.62 2.5312
v 2 13.06 2.5312
v 2 17.48 -2.5313
v -0.5313 15.92 -2.5313
v 4.5312 17.48 -0
v 4.5312 14.62 -2.5313
v 4.5312 11.76 -0
v -0.25 18.52 -0
v 4.25 18.52 -0
v 2 17.48 -2.25
v 2 18.52 2.25
v 1.8594 17.48 -2.3906
v -0.3906 17.48 0.1406
v 2 17.48 2.5312
v 2.1406 17.48 2.3906
v 4.3906 17.48 -0.1406
v -0.25 14.36 -0
v -0.25 13.06 2.25
v 4.25 12.28 -0
v 2 13.32 -2.25
v -0.25 13.06 -2.25
v 2 11.76 2.25
v 4.25 11.76 -0
v 2 11.76 -2.25
v 0.875 18 -2.8125
v 2 19.04 -2.25
v 2.2812 19.04 -2.5313
v 3.6875 18 -2.25
v 2 16.96 -2.25
v 1.7187 16.96 -2.5313
v 3.125 18 -2.8125
v 2.2812 17.22 -2.6719
v 2 19.04 -2.8125
v 2.2812 18.78 -2.6719
v -0.5313 14.36 -0
v 2 13.06 -2.5313
v -0.25 17.48 -0
v 4.25 17.48 -0
v 2 18.52 -2.25
v 2 17.48 2.25
v -0.25 11.76 -0
v 2 13.32 2.25
v 0.3125 18 -2.25
v 2 16.96 -2.8125
v 2 11.76 -0
v -0.25 13.06 -0
v 2 15.27 2.5312
v -0.5313 15.92 -0
v 2 13.06 -0
v 2 15.27 -2.5313
v 4.5312 14.62 -0
v -0.5313 17.48 1.2656
v 0.7344 17.48 2.5312
v -0.5313 16.7 2.5312
v 4.5312 16.05 2.5312
v 0.7344 13.71 2.5312
v 3.2656 12.41 2.5312
v 3.2656 17.48 -2.5313
v 4.5312 13.19 2.5312
v -0.5313 16.7 -2.5313
v 4.5312 17.48 1.2656
v -0.4609 17.48 1.3359
v 4.5312 16.05 -2.5313
v 3.125 17.48 -2.25
v 4.5312 11.76 -1.2656
v -0.25 18.52 -1.125
v 3.125 18.52 2.25
v 4.25 18.52 -1.125
v 3.3359 17.48 2.4609
v 4.5312 11.76 1.2656
v 0.875 17.48 -2.25
v 0.875 18.52 2.25
v -0.25 18.52 1.125
v 3.0547 17.48 -2.3203
v -0.3203 17.48 -1.0547
v 3.2656 17.48 2.5312
v 0.9453 17.48 2.3203
v 4.3203 17.48 1.0547
v -0.25 14.36 -1.125
v 4.4609 17.48 -1.3359
v 4.25 12.28 -1.125
v 0.6641 17.48 -2.4609
v 0.875 13.84 -2.25
v -0.5313 15.14 -2.5313
v 0.7344 17.48 -2.5313
v 0.875 11.76 2.25
v 4.25 11.76 -1.125
v -0.25 14.36 1.125
v 0.875 11.76 -2.25
v 4.5312 13.19 -2.5313
v -0.5313 15.14 2.5312
v 1.1562 19.04 -2.25
v 4.5312 17.48 -1.2656
v 4.25 18.52 1.125
v 1.1562 16.96 -2.25
v -0.5313 17.48 -1.2656
v -0.5313 14.36 1.2656
v 3.2656 12.41 -2.5313
v -0.25 17.48 -1.125
v 4.25 17.48 -1.125
v 0.875 18.52 -2.25
v 0.875 17.48 2.25
v -0.25 11.76 -1.125
v 0.875 13.84 2.25
v 4.25 12.28 1.125
v 3.125 12.8 -2.25
v 3.125 11.76 2.25
v 4.25 11.76 1.125
v 3.125 11.76 -2.25
v 2.8437 19.04 -2.25
v 2.8437 16.96 -2.25
v -0.5313 14.36 -1.2656
v 0.7344 13.71 -2.5313
v -0.25 17.48 1.125
v 4.25 17.48 1.125
v 3.125 18.52 -2.25
v 3.125 17.48 2.25
v -0.25 11.76 1.125
v 3.125 12.8 2.25
v 2 11.76 -1.125
v 2 11.76 1.125
v 3.125 11.76 -0
v 0.875 11.76 -0
v 0.875 12.41 -2.25
v 0.875 13.19 -2.25
v 2 12.54 -2.25
v -0.25 13.06 1.125
v -0.25 13.06 -1.125
v 2 14.165 2.5312
v 2 16.375 2.5312
v 3.2656 14.945 2.5312
v 0.7344 15.595 2.5312
v 0.875 13.19 2.25
v 0.875 12.41 2.25
v 2 12.54 2.25
v -0.5313 15.92 1.2656
v -0.5313 15.92 -1.2656
v -0.5313 16.7 -0
v -0.5313 15.14 -0
v 3.2656 12.41 -0
v 0.7344 13.71 -0
v 2 13.06 1.2656
v 2 13.06 -1.2656
v 0.7344 15.595 -2.5313
v 3.2656 14.945 -2.5313
v 2 16.375 -2.5313
v 2 14.165 -2.5313
v 4.5312 14.62 -1.2656
v 4.5312 14.62 1.2656
v 4.5312 16.05 -0
v 4.5312 13.19 -0
v 4.5312 13.19 1.2656
v 4.5312 16.05 1.2656
v 4.5312 16.05 -1.2656
v 3.2656 13.6775 -2.5313
v 3.2656 16.2125 -2.5313
v 0.7344 16.5375 -2.5313
v 0.7344 13.71 -1.2656
v 0.7344 13.71 1.2656
v 3.2656 12.41 1.2656
v -0.5313 15.14 -1.2656
v -0.5313 16.7 -1.2656
v -0.5313 16.7 1.2656
v 0.7344 16.5375 2.5312
v 3.2656 16.2125 2.5312
v 3.2656 13.6775 2.5312
v 0.875 11.76 -1.125
v 3.125 11.76 1.125
v 0.875 11.76 1.125
v 3.125 11.76 -1.125
v 0.7344 14.6525 2.5312
v -0.5313 15.14 1.2656
v 3.2656 12.41 -1.2656
v 0.7344 14.6525 -2.5313
v 4.5312 13.19 -1.2656
vt 0.4375 0.6604
vt 0.5 0.6085
vt 0.4375 0.6085
vt 0.6875 0.5554
vt 0.75 0.566
vt 0.75 0.5377
vt 0.9444 0.6415
vt 0.9722 0.6604
vt 0.9722 0.6226
vt 0.5278 0.7925
vt 0.5 0.7547
vt 0.5 0.7925
vt 0.8611 0.6226
vt 0.8333 0.5849
vt 0.8333 0.6226
vt 0.5 0.7028
vt 0.4375 0.7028
vt 0.9375 0.566
vt 1 0.5377
vt 0.9375 0.5377
vt 0.8889 0.6038
vt 0.9444 0.6038
vt 0.5 0.3962
vt 0.5556 0.434
vt 0.5556 0.3962
vt 0.5 0.434
vt 0.5625 0.4528
vt 0.5625 0.4387
vt 0.75 0.434
vt 0.8125 0.4528
vt 0.8125 0.4387
vt -0 0.434
vt 0.0625 0.4528
vt 0.0625 0.4387
vt 0.25 0.434
vt 0.3125 0.4528
vt 0.3125 0.4387
vt 0.4167 0.434
vt 0.4722 0.3962
vt 0.4167 0.3962
vt 0.9167 0.434
vt 0.9722 0.3962
vt 0.9167 0.3962
vt 0.6944 0.9811
vt 0.75 0.9528
vt 0.6944 0.9575
vt 0.0625 0.5554
vt 0 0.566
vt 0.0625 0.5896
vt 0.75 0.8679
vt 0.8194 0.9057
vt 0.8194 0.8679
vt 1 0.6226
vt 0.9722 0.5849
vt 0.8611 0.5849
vt 0.9583 0.566
vt 0.9167 0.566
vt 0.6944 0.7311
vt 0.6389 0.7547
vt 0.6944 0.7547
vt 0.1667 0.434
vt 0.2222 0.3962
vt 0.1667 0.3962
vt 0.8611 0.6604
vt 0.875 0.6792
vt 0.9167 0.6792
vt 0.6389 0.7925
vt 0.5833 0.7547
vt 0.5833 0.7925
vt 0.9028 0.6509
vt 0.8889 0.6415
vt 0.9167 0.5849
vt 0.9028 0.5943
vt 0.9028 0.5755
vt 0.875 0.566
vt 0.8333 0.566
vt 0.9306 0.6698
vt 1 0.6792
vt 0.9167 0.6604
vt 0.6389 0.7264
vt 0.0556 0.434
vt 0.1111 0.3962
vt 0.0556 0.3962
vt 0.6389 0.6981
vt 0.6944 0.7028
vt 1 0.6604
vt 0.6667 0.434
vt 0.625 0.4434
vt 0.6875 0.4481
vt 0.8056 0.434
vt 0.3056 0.434
vt 0.8889 0.9057
vt 0.8889 0.8679
vt 0.75 0.7075
vt 0.6944 0.6792
vt 0.375 0.4434
vt 0.4375 0.4481
vt 0.8194 0.7925
vt 0.8889 0.8302
vt 0.8889 0.7925
vt 0.875 0.4434
vt 0.9375 0.4481
vt 0.6944 0.8302
vt 0.6944 0.8679
vt 0.125 0.4434
vt 0.1875 0.4481
vt 0.9583 0.6792
vt 0.6389 0.8679
vt 0.5833 0.8302
vt 0.5833 0.8679
vt 0.75 0.7925
vt 0.6944 0.7925
vt 0.8194 0.8302
vt 0.1875 0.5908
vt 0.125 0.6132
vt 0.1875 0.6368
vt 0.1875 0.4988
vt 0.125 0.533
vt 0.1875 0.5448
vt 0.0625 0.487
vt 0 0.5094
vt 0.0625 0.5212
vt 0.6389 0.9623
vt 0.6389 0.934
vt 0.6944 0.9292
vt 0.75 0.9057
vt 0.6944 0.9057
vt 0.5833 0.9434
vt 0.8611 0.3962
vt 0.8056 0.3962
vt 0.3611 0.3962
vt 0.3056 0.3962
vt 0.4375 0.4528
vt 0.1875 0.4528
vt 0.9375 0.4528
vt 0.6875 0.4528
vt 0.6111 0.3962
vt 0.6667 0.3962
vt 0.9375 0.5094
vt 1 0.4811
vt 0.9375 0.4811
vt 0.8125 0.5094
vt 0.875 0.4811
vt 0.8125 0.4811
vt 0.8125 0.566
vt 0.875 0.5377
vt 0.8125 0.5377
vt 0.375 0.7028
vt 0.3125 0.6604
vt 0.3125 0.7028
vt 0.375 0.7877
vt 0.3125 0.7453
vt 0.3125 0.7877
vt 0.5 0.7877
vt 0.4375 0.7453
vt 0.4375 0.7877
vt 0.8333 0.6604
vt 0.5278 0.8679
vt 0.5 0.8302
vt 0.5 0.8679
vt 0.6875 0.487
vt 0.75 0.5094
vt 0.75 0.4811
vt 0.5625 0.4988
vt 0.625 0.533
vt 0.625 0.4929
vt 0.5625 0.5908
vt 0.625 0.6132
vt 0.625 0.5731
vt 0.4375 0.5566
vt 0.5 0.5047
vt 0.4375 0.5047
vt 0.3125 0.5566
vt 0.375 0.5047
vt 0.3125 0.5047
vt 0.375 0.6085
vt 0.3125 0.6085
vt 0.375 0.5566
vt 0.25 0.6085
vt 0.25 0.5566
vt 0.25 0.6604
vt 0.375 0.4528
vt 0.25 0.5047
vt 0.25 0.4528
vt 0.5 0.4528
vt 0.5625 0.5448
vt 0.5 0.5566
vt 0.5625 0.6368
vt 0.625 0.4528
vt 0.75 0.4528
vt 0.6875 0.5212
vt 0.5278 0.9057
vt 0.5 0.9057
vt 0.375 0.7453
vt 0.4375 0.8302
vt 0.375 0.8302
vt 0.5 0.8302
vt 0.25 0.7453
vt 0.25 0.7877
vt 0.3125 0.8302
vt 0.25 0.8302
vt 0.25 0.7028
vt 0.875 0.5094
vt 0.875 0.4528
vt 1 0.4528
vt 0.7222 0.434
vt 0.7222 0.3962
vt 0.25 0.3962
vt 0.75 0.3962
vt 0.5833 0.9057
vt 0.6389 0.9057
vt 0.5278 0.9245
vt 0.125 0.4929
vt 0.125 0.4528
vt 0 0.4811
vt 0.125 0.5731
vt 0.75 0.7547
vt 0.8194 0.7547
vt 0.6389 0.8302
vt 0.75 0.8302
vt 0.5278 0.8302
vt 0.2222 0.434
vt 0.9722 0.434
vt 0.8889 0.7547
vt 0.4722 0.434
vt 0.3611 0.434
vt 0.1111 0.434
vt 0.8611 0.434
vt 0.6111 0.434
vt -0 0.3962
vt 0.5833 0.717
vt 0.5278 0.7358
vt 0.5278 0.7547
vt 0 0.5377
vt 1 0.5094
vt 0.875 0.566
vt 0.375 0.6604
vt 0.5 0.7453
vt 0.6875 0.5896
vt 0.5 0.6604
vt 1 0.566
vt 0 0.4528
vt 0.75 1
vt 1 0.5849
vt 0.8333 0.6792
vt 0.75 0.6604
s 1
f 2704/2894 2729/2895 2814/2896
f 2813/2897 2602/2898 2723/2899
f 2637/2900 2633/2901 2664/2902
f 2726/2903 2620/2904 2720/2905
f 2670/2906 2626/2907 2667/2908
f 2737/2909 2704/2894 2812/2910
f 2736/2911 2730/2912 2811/2913
f 2635/2914 2637/2900 2636/2915
f 2612/2916 2703/2917 2755/2918
f 2616/2919 2697/2920 2713/2921
f 2617/2922 2735/2923 2714/2924
f 2615/2925 2692/2926 2716/2927
f 2614/2928 2700/2929 2717/2930
f 2739/2931 2612/2932 2707/2933
f 2753/2934 2611/2935 2712/2936
f 2743/2937 2657/2938 2772/2939
f 2810/2940 2603/2941 2695/2942
f 2757/2943 2657/2944 2766/2945
f 2682/2946 2632/2947 2664/2902
f 2635/2914 2631/2948 2670/2906
f 2632/2947 2731/2949 2665/2950
f 2763/2951 2663/2952 2728/2953
f 2756/2954 2610/2955 2706/2956
f 2630/2957 2750/2958 2668/2959
f 2759/2960 2748/2961 2809/2962
f 2671/2963 2634/2964 2630/2957
f 2636/2915 2672/2965 2673/2966
f 2666/2967 2749/2968 2626/2969
f 2633/2901 2669/2970 2629/2971
f 2630/2957 2683/2972 2671/2963
f 2765/2973 2748/2961 2663/2952
f 2741/2974 2650/2975 2711/2976
f 2659/2977 2765/2973 2764/2978
f 2682/2946 2633/2901 2629/2979
f 2710/2980 2651/2981 2721/2982
f 2631/2948 2673/2966 2672/2965
f 2713/2921 2703/2917 2616/2919
f 2714/2924 2738/2983 2617/2922
f 2716/2927 2741/2974 2615/2925
f 2717/2930 2754/2984 2614/2928
f 2766/2945 2619/2985 2727/2986
f 2660/2987 2722/2988 2764/2978
f 2739/2931 2655/2989 2719/2990
f 2631/2948 2666/2967 2626/2969
f 2767/2991 2656/2992 2718/2993
f 2753/2934 2652/2994 2701/2995
f 2757/2943 2762/2996 2808/2997
f 2666/2967 2672/2965 2632/2947
f 2756/2954 2654/2998 2708/2999
f 2669/2970 2734/3000 2629/2971
f 2669/2970 2683/2972 2630/2957
f 2760/3001 2761/3002 2807/3003
f 2683/2972 2637/2900 2671/2963
f 2635/2914 2673/2966 2631/2948
f 2742/3004 2728/2953 2806/3005
f 2742/3004 2685/3006 2767/2991
f 2805/3007 2641/3008 2696/3009
f 2804/3010 2686/3011 2770/3012
f 2803/3013 2639/3014 2771/3015
f 2681/3016 2772/2939 2774/3017
f 2773/3018 2623/3019 2725/3020
f 2758/3021 2681/3016 2774/3017
f 2738/2983 2647/3022 2705/3023
f 2754/2984 2648/3024 2733/3025
f 2655/2989 2732/3026 2719/2990
f 2654/2998 2715/3027 2708/2999
f 2652/2994 2691/3028 2701/2995
f 2651/2981 2724/3029 2721/2982
f 2678/3030 2710/2980 2740/3031
f 2775/3032 2693/3033 2802/3034
f 2776/3035 2777/3036 2801/3037
f 2751/3038 2778/3039 2800/3040
f 2779/3041 2709/3042 2799/3043
f 2780/3044 2781/3045 2798/3046
f 2752/3047 2782/3048 2797/3049
f 2630/2957 2667/2908 2628/3050
f 2747/3051 2658/3052 2744/3053
f 2796/3054 2643/3055 2699/3056
f 2795/3057 2689/3058 2785/3059
f 2794/3060 2675/3061 2786/3062
f 2787/3063 2702/3064 2793/3065
f 2788/3066 2789/3067 2792/3068
f 2709/3042 2790/3069 2791/3070
f 2791/3070 2690/3071 2788/3066
f 2698/3072 2788/3066 2640/3073
f 2604/3074 2791/3070 2698/3072
f 2792/3068 2644/3075 2700/2929
f 2694/3076 2700/2929 2609/3077
f 2640/3073 2792/3068 2694/3076
f 2793/3065 2607/3078 2732/3026
f 2789/3067 2732/3026 2644/3075
f 2690/3071 2793/3065 2789/3067
f 2784/3079 2786/3062 2689/3058
f 2645/3080 2794/3060 2784/3079
f 2729/2895 2737/3081 2794/3060
f 2697/2920 2785/3059 2642/3082
f 2607/3078 2795/3057 2697/2920
f 2702/3064 2784/3079 2795/3057
f 2724/3029 2699/3056 2606/3083
f 2642/3082 2796/3054 2724/3029
f 2785/3059 2783/3084 2796/3054
f 2622/3085 2744/3053 2618/3086
f 2797/3049 2688/3087 2780/3044
f 2751/3088 2780/3044 2674/3089
f 2602/3090 2797/3049 2751/3088
f 2798/3046 2641/3091 2695/3092
f 2736/3093 2695/3092 2603/3094
f 2674/3089 2798/3046 2736/3093
f 2799/3043 2604/3074 2696/3095
f 2781/3045 2696/3095 2641/3091
f 2688/3087 2799/3043 2781/3045
f 2800/3040 2687/3096 2776/3035
f 2723/2899 2776/3035 2643/3055
f 2602/2898 2800/3040 2723/2899
f 2801/3037 2638/3097 2735/2923
f 2699/3056 2735/2923 2606/3083
f 2643/3055 2801/3037 2699/3056
f 2802/3034 2608/3098 2691/3028
f 2777/3036 2691/3028 2638/3097
f 2687/3096 2802/3034 2777/3036
f 2740/3031 2617/3099 2613/3100
f 2606/3083 2721/2982 2724/3029
f 2608/3098 2701/2995 2691/3028
f 2609/3077 2708/2999 2715/3027
f 2607/3078 2719/2990 2732/3026
f 2614/2928 2733/3025 2610/3101
f 2617/2922 2705/3023 2613/3102
f 2758/3021 2774/3017 2746/3103
f 2746/3103 2774/3017 2661/3104
f 2618/3105 2746/3103 2622/3085
f 2661/3104 2773/3018 2725/3020
f 2774/3017 2773/3018 2661/3104
f 2774/3017 2772/2939 2773/3018
f 2772/2939 2657/2938 2773/3018
f 2769/3106 2771/3015 2686/3011
f 2653/3107 2803/3013 2769/3106
f 2692/2926 2693/3108 2803/3013
f 2694/3076 2770/3012 2640/3073
f 2609/3077 2804/3010 2694/3076
f 2715/3027 2769/3106 2804/3010
f 2698/3072 2696/3009 2604/3074
f 2640/3073 2805/3007 2698/3072
f 2770/3012 2768/3109 2805/3007
f 2625/3110 2767/2991 2660/3111
f 2806/3005 2663/2952 2759/2960
f 2762/2996 2759/2960 2684/3112
f 2680/3113 2806/3005 2762/2996
f 2807/3003 2662/3114 2747/3051
f 2746/3103 2747/3051 2622/3085
f 2661/3104 2807/3003 2746/3103
f 2614/3115 2708/2999 2609/3077
f 2808/2997 2684/3112 2760/3001
f 2725/3020 2760/3001 2661/3104
f 2623/3019 2808/2997 2725/3020
f 2615/3116 2701/2995 2608/3098
f 2660/3111 2718/2993 2621/3117
f 2616/3118 2719/2990 2607/3078
f 2659/2977 2764/2978 2722/2988
f 2685/3006 2727/2986 2656/2992
f 2677/3119 2717/2930 2655/2989
f 2679/3120 2716/2927 2654/2998
f 2676/3121 2714/2924 2652/2994
f 2649/3122 2713/2921 2651/2981
f 2617/3099 2721/2982 2606/3083
f 2764/2978 2763/2951 2660/2987
f 2764/2978 2765/2973 2763/2951
f 2765/2973 2663/2952 2763/2951
f 2615/2925 2711/2976 2611/3123
f 2745/3124 2748/2961 2765/2973
f 2745/3124 2765/2973 2659/2977
f 2620/3125 2748/2961 2745/3124
f 2809/2962 2624/3126 2726/2903
f 2761/3002 2726/2903 2662/3114
f 2684/3112 2809/2962 2761/3002
f 2679/3120 2706/2956 2650/2975
f 2763/2951 2625/3110 2660/2987
f 2680/3113 2766/2945 2685/3006
f 2768/3109 2695/2942 2641/3008
f 2686/3011 2810/2940 2768/3109
f 2771/3015 2730/3127 2810/2940
f 2681/3016 2743/2937 2772/2939
f 2676/3121 2712/2936 2647/3022
f 2677/3119 2707/2933 2648/3024
f 2717/2930 2644/3075 2655/2989
f 2716/2927 2653/3107 2654/2998
f 2714/2924 2638/3097 2652/2994
f 2713/2921 2642/3082 2651/2981
f 2755/2918 2649/3122 2678/3030
f 2811/2913 2639/3128 2775/3032
f 2778/3039 2775/3032 2687/3096
f 2674/3129 2811/2913 2778/3039
f 2812/2910 2646/3130 2779/3041
f 2782/3048 2779/3041 2688/3087
f 2675/3131 2812/2910 2782/3048
f 2662/3114 2720/2905 2658/3052
f 2783/3084 2723/2899 2643/3055
f 2689/3058 2813/2897 2783/3084
f 2786/3062 2752/3132 2813/2897
f 2814/2896 2645/3080 2787/3063
f 2790/3069 2787/3063 2690/3071
f 2646/3130 2814/2896 2790/3069
f 2704/2894 2605/3133 2729/2895
f 2813/2897 2752/3132 2602/2898
f 2664/2902 2632/2947 2636/2915
f 2636/2915 2637/2900 2664/2902
f 2726/2903 2624/3126 2620/2904
f 2670/2906 2631/2948 2626/2907
f 2737/2909 2605/3133 2704/2894
f 2736/2911 2603/3134 2730/2912
f 2635/2914 2634/2964 2637/2900
f 2612/2916 2616/2919 2703/2917
f 2616/2919 2607/3078 2697/2920
f 2617/2922 2606/3083 2735/2923
f 2615/2925 2608/3135 2692/2926
f 2614/2928 2609/3077 2700/2929
f 2739/2931 2616/3118 2612/2932
f 2753/2934 2615/3116 2611/2935
f 2743/2937 2619/3136 2657/2938
f 2810/2940 2730/3127 2603/2941
f 2757/2943 2623/3019 2657/2944
f 2682/2946 2627/3137 2632/2947
f 2670/2906 2630/2957 2634/2964
f 2634/2964 2635/2914 2670/2906
f 2665/2950 2666/2967 2632/2947
f 2632/2947 2627/3134 2731/2949
f 2756/2954 2614/3115 2610/2955
f 2668/2959 2669/2970 2630/2957
f 2630/2957 2628/3138 2750/2958
f 2759/2960 2663/2952 2748/2961
f 2671/2963 2637/2900 2634/2964
f 2636/2915 2632/2947 2672/2965
f 2666/2967 2665/2950 2749/2968
f 2633/2901 2683/2972 2669/2970
f 2741/2974 2679/3120 2650/2975
f 2682/2946 2664/2902 2633/2901
f 2710/2980 2649/3122 2651/2981
f 2766/2945 2657/2944 2619/2985
f 2660/2987 2621/3139 2722/2988
f 2739/2931 2677/3119 2655/2989
f 2631/2948 2672/2965 2666/2967
f 2767/2991 2685/3006 2656/2992
f 2753/2934 2676/3121 2652/2994
f 2757/2943 2680/3113 2762/2996
f 2756/2954 2679/3120 2654/2998
f 2669/2970 2668/2959 2734/3000
f 2760/3001 2684/3112 2761/3002
f 2683/2972 2633/2901 2637/2900
f 2635/2914 2636/2915 2673/2966
f 2742/3004 2625/3110 2728/2953
f 2742/3004 2680/3113 2685/3006
f 2805/3007 2768/3109 2641/3008
f 2804/3010 2769/3106 2686/3011
f 2803/3013 2693/3108 2639/3014
f 2773/3018 2657/2938 2623/3019
f 2738/2983 2676/3121 2647/3022
f 2754/2984 2677/3119 2648/3024
f 2655/2989 2644/3075 2732/3026
f 2654/2998 2653/3107 2715/3027
f 2652/2994 2638/3097 2691/3028
f 2651/2981 2642/3082 2724/3029
f 2678/3030 2649/3122 2710/2980
f 2775/3032 2639/3128 2693/3033
f 2776/3035 2687/3096 2777/3036
f 2751/3038 2674/3129 2778/3039
f 2779/3041 2646/3130 2709/3042
f 2780/3044 2688/3087 2781/3045
f 2752/3047 2675/3131 2782/3048
f 2630/2957 2670/2906 2667/2908
f 2747/3051 2662/3114 2658/3052
f 2796/3054 2783/3084 2643/3055
f 2795/3057 2784/3079 2689/3058
f 2794/3060 2737/3081 2675/3061
f 2787/3063 2645/3080 2702/3064
f 2788/3066 2690/3071 2789/3067
f 2709/3042 2646/3130 2790/3069
f 2791/3070 2790/3069 2690/3071
f 2698/3072 2791/3070 2788/3066
f 2604/3074 2709/3042 2791/3070
f 2792/3068 2789/3067 2644/3075
f 2694/3076 2792/3068 2700/2929
f 2640/3073 2788/3066 2792/3068
f 2793/3065 2702/3064 2607/3078
f 2789/3067 2793/3065 2732/3026
f 2690/3071 2787/3063 2793/3065
f 2784/3079 2794/3060 2786/3062
f 2645/3080 2729/2895 2794/3060
f 2729/2895 2605/3133 2737/3081
f 2697/2920 2795/3057 2785/3059
f 2607/3078 2702/3064 2795/3057
f 2702/3064 2645/3080 2784/3079
f 2724/3029 2796/3054 2699/3056
f 2642/3082 2785/3059 2796/3054
f 2785/3059 2689/3058 2783/3084
f 2622/3085 2747/3051 2744/3053
f 2797/3049 2782/3048 2688/3087
f 2751/3088 2797/3049 2780/3044
f 2602/3090 2752/3047 2797/3049
f 2798/3046 2781/3045 2641/3091
f 2736/3093 2798/3046 2695/3092
f 2674/3089 2780/3044 2798/3046
f 2799/3043 2709/3042 2604/3074
f 2781/3045 2799/3043 2696/3095
f 2688/3087 2779/3041 2799/3043
f 2800/3040 2778/3039 2687/3096
f 2723/2899 2800/3040 2776/3035
f 2602/2898 2751/3038 2800/3040
f 2801/3037 2777/3036 2638/3097
f 2699/3056 2801/3037 2735/2923
f 2643/3055 2776/3035 2801/3037
f 2802/3034 2693/3033 2608/3098
f 2777/3036 2802/3034 2691/3028
f 2687/3096 2775/3032 2802/3034
f 2740/3031 2710/2980 2617/3099
f 2614/2928 2754/2984 2733/3025
f 2617/2922 2738/2983 2705/3023
f 2618/3105 2758/3021 2746/3103
f 2769/3106 2803/3013 2771/3015
f 2653/3107 2692/2926 2803/3013
f 2692/2926 2608/3135 2693/3108
f 2694/3076 2804/3010 2770/3012
f 2609/3077 2715/3027 2804/3010
f 2715/3027 2653/3107 2769/3106
f 2698/3072 2805/3007 2696/3009
f 2640/3073 2770/3012 2805/3007
f 2770/3012 2686/3011 2768/3109
f 2625/3110 2742/3004 2767/2991
f 2806/3005 2728/2953 2663/2952
f 2762/2996 2806/3005 2759/2960
f 2680/3113 2742/3004 2806/3005
f 2807/3003 2761/3002 2662/3114
f 2746/3103 2807/3003 2747/3051
f 2661/3104 2760/3001 2807/3003
f 2614/3115 2756/2954 2708/2999
f 2808/2997 2762/2996 2684/3112
f 2725/3020 2808/2997 2760/3001
f 2623/3019 2757/2943 2808/2997
f 2615/3116 2753/2934 2701/2995
f 2660/3111 2767/2991 2718/2993
f 2616/3118 2739/2931 2719/2990
f 2685/3006 2766/2945 2727/2986
f 2677/3119 2754/2984 2717/2930
f 2679/3120 2741/2974 2716/2927
f 2676/3121 2738/2983 2714/2924
f 2649/3122 2703/2917 2713/2921
f 2617/3099 2710/2980 2721/2982
f 2615/2925 2741/2974 2711/2976
f 2620/3125 2624/3126 2748/2961
f 2809/2962 2748/2961 2624/3126
f 2761/3002 2809/2962 2726/2903
f 2684/3112 2759/2960 2809/2962
f 2679/3120 2756/2954 2706/2956
f 2763/2951 2728/2953 2625/3110
f 2680/3113 2757/2943 2766/2945
f 2768/3109 2810/2940 2695/2942
f 2686/3011 2771/3015 2810/2940
f 2771/3015 2639/3014 2730/3127
f 2676/3121 2753/2934 2712/2936
f 2677/3119 2739/2931 2707/2933
f 2717/2930 2700/2929 2644/3075
f 2716/2927 2692/2926 2653/3107
f 2714/2924 2735/2923 2638/3097
f 2713/2921 2697/2920 2642/3082
f 2755/2918 2703/2917 2649/3122
f 2811/2913 2730/2912 2639/3128
f 2778/3039 2811/2913 2775/3032
f 2674/3129 2736/2911 2811/2913
f 2812/2910 2704/2894 2646/3130
f 2782/3048 2812/2910 2779/3041
f 2675/3131 2737/2909 2812/2910
f 2662/3114 2726/2903 2720/2905
f 2783/3084 2813/2897 2723/2899
f 2689/3058 2786/3062 2813/2897
f 2786/3062 2675/3061 2752/3132
f 2814/2896 2729/2895 2645/3080
f 2790/3069 2814/2896 2787/3063
f 2646/3130 2704/2894 2814/2896
o RightArm
v -8.25 -0.24 2.25
v -8.25 -0.24 -2.25
v -3.75 7.04 -2.25
v -3.75 7.04 2.25
v -3.75 -0.24 -2.25
v -3.75 -0.24 2.25
v -8.25 7.04 -2.25
v -8.25 7.04 2.25
v -3.75 11.2 2.25
v -3.75 11.2 -2.25
v -8.25 11.2 -2.25
v -8.25 11.2 2.25
v -3.1875 11.2 -2.8125
v -3.1875 11.2 2.8125
v -8.8125 11.2 -2.8125
v -8.8125 11.2 2.8125
v -3.1875 7.04 -2.8125
v -3.1875 7.04 2.8125
v -8.8125 7.04 -2.8125
v -8.8125 7.04 2.8125
v -3.75 12.24 -2.25
v -3.75 12.24 2.25
v -8.25 12.24 -2.25
v -8.25 12.24 2.25
v -3.75 6 -2.25
v -3.75 6 2.25
v -8.25 6 -2.25
v -8.25 6 2.25
v -3.4688 6 -2.5312
v -3.4688 6 2.5312
v -8.5313 6 -2.5312
v -8.5313 6 2.5312
v -3.4688 2.36 -2.5312
v -3.4688 2.36 2.5312
v -8.5313 2.36 -2.5312
v -8.5313 2.36 2.5312
v -4.196 0.6831 3.6562
v -3.8254 2.5503 -2.5312
v -9.6563 2.36 2.5312
v -9.6563 2.36 -2.5312
v -4.196 0.6831 -3.6562
v -3.8254 2.5503 -3.0938
v -5.2827 0.9523 3.6562
v -5.2827 0.9523 -3.6562
v -3.8254 2.5503 2.5312
v -3.8254 2.5503 3.0938
v -3.2629 1.6497 -2.5312
v -8.6214 -1.2103 -2.5312
v -3.2629 1.6497 -3.0938
v -9.1085 -1.4703 -3.0938
v -8.6214 -1.2103 2.5312
v -9.1085 -1.4703 3.0938
v -3.2629 1.6497 2.5312
v -3.2629 1.6497 3.0938
v -4.0864 -1.1917 -2.5312
v -6.5221 -2.4917 -2.5312
v -4.0864 -1.1917 -3.0938
v -7.0093 -2.7517 -3.0938
v -6.5221 -2.4917 2.5312
v -7.0093 -2.7517 3.0938
v -4.0864 -1.1917 2.5312
v -4.0864 -1.1917 3.0938
v -9.7464 0.591 -2.5312
v -10.2335 0.331 -3.0938
v -9.7464 0.591 2.5312
v -10.2335 0.331 3.0938
v -4.9915 1.9569 3.6562
v -3.9048 1.6877 3.6562
v -4.9915 1.9569 -3.6562
v -3.9048 1.6877 -3.6562
v -6 7.04 -2.25
v -6 12.24 -2.25
v -3.75 12.24 -0
v -6 -0.24 2.25
v -3.75 -0.24 0
v -6 11.2 2.25
v -8.25 11.2 -0
v -6 11.2 -2.25
v -5.7188 11.2 2.5312
v -3.75 11.2 -0
v -8.5313 11.2 0.2812
v -3.4688 11.2 -0.2813
v -6 11.2 2.8125
v -3.1875 9.12 2.8125
v -6.2813 11.2 -2.5313
v -3.75 7.04 -0
v -3.4688 7.04 0.2812
v -8.8125 11.2 -0
v -8.8125 9.12 2.8125
v -6 11.2 -2.8125
v -8.8125 9.12 -2.8125
v -3.1875 11.2 -0
v -3.1875 9.12 -2.8125
v -5.7188 7.04 2.5312
v -6 7.04 2.25
v -8.5313 7.04 0.2812
v -8.25 7.04 -0
v -6.2813 7.04 -2.5312
v -6.1406 6 2.3906
v -6 6 2.25
v -3.4688 4.18 -2.5312
v -6 6 -2.5312
v -8.3906 6 -0.1406
v -8.25 6 -0
v -5.8594 6 -2.3906
v -6 6 -2.25
v -3.6094 6 0.1406
v -3.75 6 -0
v -6.7859 1.5707 2.5312
v -6.7859 1.5707 2.8125
v -3.4688 4.18 2.5312
v -3.4688 6 -0
v -6 6 2.5312
v -8.5313 4.18 -2.5312
v -8.5313 6 -0
v -8.9531 1.06 2.3906
v -8.25 -0.24 0
v -6 2.36 -2.5312
v -3.6094 1.06 -2.3906
v -3.6094 1.06 2.3906
v -6 2.36 2.5312
v -8.3906 1.06 2.3906
v -8.5313 2.36 -0
v -6.7859 1.5707 -2.5312
v -6.7859 1.5707 -2.8125
v -6.3539 -1.201 2.5312
v -5.3043 -1.8417 2.5312
v -7.5718 -1.851 2.5312
v -8.6214 -1.2103 0
v -5.2827 0.9523 -0
v -9.1085 -1.4703 0
v -9.671 -0.5697 -3.0938
v -6.3539 -1.201 -2.5312
v -3.9559 0.6793 -2.5312
v -9.1839 -0.3097 2.5312
v -6.5975 -1.331 -3.0938
v -5.5478 -1.9717 -3.0938
v -8.0589 -2.111 -3.0938
v -5.3043 -1.8417 -2.5312
v -5.3043 -1.8417 -2.8125
v -6.7657 -2.6217 0.2812
v -7.0093 -2.7517 0
v -5.3043 -1.8417 2.8125
v -5.5478 -1.9717 3.0938
v -4.9915 1.9569 -0
v -3.6746 0.229 3.0938
v -3.6746 0.229 -2.5312
v -6.5975 -1.331 3.0938
v -3.9559 0.6793 3.0938
v -10.2335 0.331 -0
v -9.99 0.461 0.2812
v -3.9048 1.6877 -0
v -7.0295 1.4407 3.0938
v -7.0295 1.4407 -3.0938
v -8.25 12.24 -0
v -6 12.24 2.25
v -6 -0.24 -2.25
v -6 7.04 2.8125
v -3.1875 7.04 -0
v -8.8125 7.04 -0
v -6 7.04 -2.8125
v -3.4688 2.36 -0
v -8.5313 4.18 2.5312
v -9.6563 2.36 -0
v -8.9531 1.06 -2.3906
v -8.3906 1.06 -2.3906
v -3.9559 0.6793 2.5312
v -3.6746 0.229 2.5312
v -6.5221 -2.4917 0
v -7.5718 -1.851 -2.5312
v -4.196 0.6831 -0
v -9.671 -0.5697 3.0938
v -9.1839 -0.3097 -2.5312
v -9.7464 0.591 -0
v -3.9559 0.6793 -3.0938
v -3.6746 0.229 -3.0938
v -8.0589 -2.111 3.0938
v -6.5699 0.1848 -2.5312
v -8.0589 -2.111 0
v -6.8135 0.0548 -3.0938
v -9.1839 -0.3097 0
v -8.8125 9.12 -0
v -8.9531 1.06 -0
v -6.8135 0.0548 3.0938
v -3.4688 4.18 -0
v -6 12.24 -0
v -6 9.12 2.8125
v -8.5313 4.18 -0
v -6 1.06 -2.3906
v -6.5699 0.1848 2.5312
v -3.6094 1.06 -0
v -6 1.06 2.3906
v -6 -0.24 0
v -3.1875 9.12 -0
v -6 4.18 2.5312
v -6 9.12 -2.8125
v -6 4.18 -2.5312
v -9.671 -0.5697 0
v -7.5718 -1.851 0
v -3.6094 11.2 0.9844
v -7.125 7.04 -2.25
v -7.125 12.24 -2.25
v -8.25 7.04 -1.125
v -3.75 12.24 1.125
v -4.875 -0.24 2.25
v -4.875 6 -2.25
v -3.75 -0.24 1.125
v -5.0156 11.2 -2.3906
v -7.125 11.2 2.25
v -6.9844 7.04 2.3906
v -8.25 11.2 1.125
v -7.125 11.2 -2.25
v -3.1875 10.16 2.8125
v -4.4531 11.2 2.6719
v -4.9453 6 2.3203
v -3.75 11.2 -1.125
v -8.6719 11.2 1.5469
v -3.3281 11.2 -1.5469
v -7.4063 11.2 2.8125
v -8.8125 11.2 -1.4063
v -3.1875 8.08 2.8125
v -7.5469 11.2 -2.6719
v -3.75 7.04 1.125
v -3.3281 7.04 1.5469
v -8.8125 11.2 1.4062
v -4.7344 6 -2.5312
v -8.8125 8.08 2.8125
v -7.4063 11.2 -2.8125
v -3.6094 7.04 -0.9844
v -8.8125 8.08 -2.8125
v -3.1875 11.2 1.4062
v -3.1875 11.2 -1.4063
v -3.1875 8.08 -2.8125
v -4.4531 7.04 2.6719
v -7.125 7.04 2.25
v -8.6719 7.04 1.5469
v -8.25 7.04 1.125
v -7.5469 7.04 -2.6719
v -7.3359 6 2.4609
v -7.125 6 2.25
v -3.1875 10.16 -2.8125
v -3.6797 6 -1.0547
v -8.3906 11.2 -0.9844
v -3.4688 3.27 -2.5312
v -4.5938 11.2 2.8125
v -7.2656 6 -2.5312
v -8.4609 6 -1.3359
v -8.25 6 1.125
v -4.6641 6 -2.4609
v -7.125 6 -2.25
v -3.5391 6 1.3359
v -3.75 6 1.125
v -8.2661 1.0808 2.5312
v -8.2661 1.0808 2.6719
v -3.4688 3.27 2.5312
v -8.25 6 -1.125
v -3.4688 6 1.2656
v -7.2656 6 2.5312
v -3.75 7.04 -1.125
v -8.5313 3.27 -2.5312
v -4.875 7.04 2.25
v -8.5313 6 1.2656
v -4.875 11.2 -2.25
v -8.25 -0.24 -1.125
v -4.875 11.2 2.25
v -7.2656 2.36 -2.5312
v -3.75 -0.24 -1.125
v -8.25 11.2 -1.125
v -7.2656 2.36 2.5312
v -8.8125 10.16 -2.8125
v -8.5313 2.36 1.2656
v -8.2661 1.0808 -2.5312
v -8.2661 1.0808 -2.6719
v -5.2202 -1.1963 2.5312
v -8.3906 7.04 -0.9844
v -8.6214 -1.2103 1.2656
v -5.2827 0.9523 -1.8281
v -8.8125 10.16 2.8125
v -4.5938 11.2 -2.8125
v -5.0156 7.04 -2.3906
v -9.1085 -1.4703 1.5469
v -7.0547 6 -2.3203
v -3.75 12.24 -1.125
v -5.2202 -1.1963 -2.5312
v -4.0212 -0.2562 -2.5312
v -6.9844 11.2 2.3906
v -3.75 6 -1.125
v -5.342 -1.2613 -3.0938
v -6.2786 -2.3617 -3.0938
v -6.8875 -2.6867 1.6875
v -7.0093 -2.7517 1.5469
v -4.8171 -1.5817 3.0938
v -4.9915 1.9569 -1.8281
v -3.4688 5.09 -2.5312
v -8.3203 6 1.0547
v -5.3056 2.0605 2.5312
v -4.875 6 2.25
v -4.875 12.24 -2.25
v -5.342 -1.2613 3.0938
v -4.0212 -0.2562 3.0938
v -10.2335 0.331 1.5469
v -10.1118 0.396 1.6875
v -5.3056 2.0605 2.9531
v -3.75 11.2 1.125
v -3.9048 1.6877 -1.8281
v -3.4688 5.09 2.5312
v -8.6315 0.8858 3.0938
v -8.6315 0.8858 -3.0938
v -8.25 12.24 1.125
v -7.125 12.24 2.25
v -4.875 -0.24 -2.25
v -7.4063 7.04 2.8125
v -3.1875 7.04 1.4062
v -8.8125 7.04 1.4062
v -7.4063 7.04 -2.8125
v -3.4688 2.36 1.2656
v -8.5313 3.27 2.5312
v -9.6563 2.36 -1.2656
v -7.125 -0.24 2.25
v -4.0212 -0.2562 2.5312
v -6.5221 -2.4917 1.2656
v -4.196 0.6831 -1.8281
v -9.7464 0.591 1.2656
v -4.875 7.04 -2.25
v -4.0212 -0.2562 -3.0938
v -3.4688 6 -1.2656
v -4.7344 6 2.5312
v -8.5313 5.09 -2.5312
v -8.5313 6 -1.2656
v -8.25 -0.24 1.125
v -4.7344 2.36 -2.5312
v -4.7344 2.36 2.5312
v -8.5313 2.36 -1.2656
v -5.3056 2.0605 -2.5312
v -5.3056 2.0605 -2.9531
v -7.4877 -1.2057 2.5312
v -8.6214 -1.2103 -1.2656
v -5.2827 0.9523 1.8281
v -9.1085 -1.4703 -1.5469
v -7.4877 -1.2057 -2.5312
v -3.8906 1.6148 -2.5312
v -7.853 -1.4007 -3.0938
v -4.8171 -1.5817 -3.0938
v -6.6439 -2.5567 -1.125
v -7.0093 -2.7517 -1.5469
v -6.2786 -2.3617 3.0938
v -4.9915 1.9569 1.8281
v -7.853 -1.4007 3.0938
v -3.8906 1.6148 3.0938
v -10.2335 0.331 -1.5469
v -9.8682 0.526 -1.125
v -3.9048 1.6877 1.8281
v -5.4274 1.9955 3.0938
v -5.4274 1.9955 -3.0938
v -8.25 12.24 -1.125
v -4.875 12.24 2.25
v -7.125 -0.24 -2.25
v -4.5938 7.04 2.8125
v -3.1875 7.04 -1.4062
v -8.8125 7.04 -1.4062
v -4.5938 7.04 -2.8125
v -3.4688 2.36 -1.2656
v -8.5313 5.09 2.5312
v -9.6563 2.36 1.2656
v -3.8906 1.6148 2.5312
v -6.5221 -2.4917 -1.2656
v -4.196 0.6831 1.8281
v -9.7464 0.591 -1.2656
v -3.8906 1.6148 -3.0938
v -7.3282 -1.721 3.0938
v -6.8034 -2.0413 3.0938
v -6.438 -1.8463 -2.5312
v -5.2629 0.4321 -2.5312
v -7.8769 -0.0624 -2.5312
v -8.0589 -2.111 -1.5469
v -8.0589 -2.111 1.5469
v -8.2423 -0.2574 -3.0938
v -5.3847 0.3671 -3.0938
v -9.1839 -0.3097 1.2656
v -9.1839 -0.3097 -1.2656
v -8.8125 9.12 1.4062
v -8.8125 9.12 -1.4063
v -8.8125 10.16 -0
v -8.8125 8.08 -0
v -7.3282 -1.721 -3.0938
v -6.8034 -2.0413 -3.0938
v -8.9531 1.06 1.1953
v -8.9531 1.06 -1.1953
v -5.3847 0.3671 3.0938
v -8.2423 -0.2574 3.0938
v -3.4688 5.09 -0
v -3.4688 3.27 -0
v -3.4688 4.18 1.2656
v -3.4688 4.18 -1.2656
v -4.875 12.24 -0
v -7.125 12.24 -0
v -6 12.24 -1.125
v -6 12.24 1.125
v -4.5938 9.12 2.8125
v -7.4063 9.12 2.8125
v -6 10.16 2.8125
v -6 8.08 2.8125
v -8.5313 5.09 -0
v -8.5313 3.27 -0
v -8.5313 4.18 -1.2656
v -8.5313 4.18 1.2656
v -6.438 -1.8463 2.5312
v -4.8047 1.06 -2.3906
v -7.1953 1.06 -2.3906
v -7.8769 -0.0624 2.5312
v -5.2629 0.4321 2.5312
v -3.6094 1.06 1.1953
v -3.6094 1.06 -1.1953
v -7.1953 1.06 2.3906
v -4.8047 1.06 2.3906
v -4.875 -0.24 0
v -7.125 -0.24 0
v -6 -0.24 1.125
v -6 -0.24 -1.125
v -3.1875 9.12 -1.4063
v -3.1875 9.12 1.4062
v -3.1875 10.16 -0
v -3.1875 8.08 -0
v -4.7344 4.18 2.5312
v -7.2656 4.18 2.5312
v -6 5.09 2.5312
v -6 3.27 2.5312
v -7.4063 9.12 -2.8125
v -4.5938 9.12 -2.8125
v -6 10.16 -2.8125
v -6 8.08 -2.8125
v -6 5.09 -2.5312
v -6 3.27 -2.5312
v -4.7344 4.18 -2.5312
v -7.2656 4.18 -2.5312
v -9.671 -0.5697 -1.5469
v -9.671 -0.5697 1.5469
v -7.5718 -1.851 1.2656
v -7.5718 -1.851 -1.2656
v -7.2656 3.27 -2.5312
v -4.7344 3.27 -2.5312
v -4.7344 5.09 -2.5312
v -4.5938 8.08 -2.8125
v -4.5938 10.16 -2.8125
v -7.4063 10.16 -2.8125
v -7.2656 3.27 2.5312
v -7.2656 5.09 2.5312
v -4.7344 5.09 2.5312
v -3.1875 8.08 1.4062
v -3.1875 10.16 1.4062
v -3.1875 10.16 -1.4063
v -7.125 -0.24 -1.125
v -7.125 -0.24 1.125
v -4.875 -0.24 1.125
v -8.5313 3.27 1.2656
v -8.5313 3.27 -1.2656
v -8.5313 5.09 -1.2656
v -7.4063 8.08 2.8125
v -7.4063 10.16 2.8125
v -4.5938 10.16 2.8125
v -7.125 12.24 1.125
v -7.125 12.24 -1.125
v -4.875 12.24 -1.125
v -3.4688 3.27 -1.2656
v -3.4688 3.27 1.2656
v -3.4688 5.09 1.2656
v -8.8125 8.08 -1.4063
v -8.8125 10.16 -1.4063
v -8.8125 10.16 1.4062
v -8.8125 8.08 1.4062
v -3.4688 5.09 -1.2656
v -4.875 12.24 1.125
v -4.5938 8.08 2.8125
v -8.5313 5.09 1.2656
v -4.875 -0.24 -1.125
v -3.1875 8.08 -1.4063
v -4.7344 3.27 2.5312
v -7.4063 8.08 -2.8125
v -7.2656 5.09 -2.5312
v -9.0063 0.8359 2.5312
v -9.0063 0.8359 2.6016
v -9.0063 0.8359 -2.5312
v -9.0063 0.8359 -2.6016
v -5.2827 0.9523 -2.7422
v -9.1085 -1.4703 2.3203
v -7.0093 -2.7517 2.3203
v -4.9915 1.9569 -2.7422
v -6.0458 1.8156 2.5312
v -10.2335 0.331 2.3203
v -6.0458 1.8156 2.8828
v -3.9048 1.6877 -2.7422
v -9.4325 0.6084 3.0938
v -9.4325 0.6084 -3.0938
v -4.196 0.6831 -2.7422
v -6.0458 1.8156 -2.5312
v -6.0458 1.8156 -2.8828
v -5.2827 0.9523 0.9141
v -9.1085 -1.4703 -0.7734
v -7.0093 -2.7517 -0.7734
v -4.9915 1.9569 0.9141
v -10.2335 0.331 -0.7734
v -3.9048 1.6877 0.9141
v -6.2284 1.7181 3.0938
v -6.2284 1.7181 -3.0938
v -4.196 0.6831 0.9141
v -8.0589 -2.111 -2.3203
v -8.0589 -2.111 0.7734
v -9.671 -0.5697 -2.3203
v -9.671 -0.5697 0.7734
v -7.526 1.3258 2.5312
v -7.526 1.3258 2.7422
v -7.526 1.3258 -2.5312
v -7.526 1.3258 -2.7422
v -5.2827 0.9523 -0.9141
v -9.1085 -1.4703 0.7734
v -7.0093 -2.7517 0.7734
v -4.9915 1.9569 -0.9141
v -4.5655 2.3054 2.5312
v -10.2335 0.331 0.7734
v -4.5655 2.3054 3.0234
v -3.9048 1.6877 -0.9141
v -7.8305 1.1633 3.0938
v -7.8305 1.1633 -3.0938
v -4.196 0.6831 -0.9141
v -4.5655 2.3054 -2.5312
v -4.5655 2.3054 -3.0234
v -5.2827 0.9523 2.7422
v -9.1085 -1.4703 -2.3203
v -7.0093 -2.7517 -2.3203
v -4.9915 1.9569 2.7422
v -10.2335 0.331 -2.3203
v -3.9048 1.6877 2.7422
v -4.6264 2.2729 3.0938
v -4.6264 2.2729 -3.0938
v -4.196 0.6831 2.7422
v -8.0589 -2.111 -0.7734
v -8.0589 -2.111 2.3203
v -9.671 -0.5697 -0.7734
v -9.671 -0.5697 2.3203
v -4.6207 -0.7262 2.5312
v -5.2415 -0.3821 2.5312
v -4.5768 1.0235 2.5312
v -5.2843 1.2463 2.5312
v -4.6377 0.991 3.0938
v -4.659 1.8052 3.0938
v -5.406 1.1813 3.0938
v -4.6816 -0.7587 -3.0938
v -5.3633 -0.4471 -3.0938
v -4.659 1.8052 -3.0938
v -4.6377 0.991 -3.0938
v -5.406 1.1813 -3.0938
v -4.6207 -0.7262 -2.5312
v -5.2415 -0.3821 -2.5312
v -4.5768 1.0235 -2.5312
v -5.2843 1.2463 -2.5312
v -4.6816 -0.7587 3.0938
v -5.3633 -0.4471 3.0938
vt 0.0238 0.3284
vt 0.0714 0.2985
vt 0.0714 0.3284
vt 0.5476 0.7313
vt 0.5952 0.7649
vt 0.5476 0.7649
vt 0.2857 0.7369
vt 0.3333 0.7164
vt 0.3333 0.7369
vt 0.6429 0.1493
vt 0.6905 0.1194
vt 0.6905 0.1493
vt 0.2619 0.3284
vt 0.3095 0.2985
vt 0.3095 0.3284
vt 0.4286 0.3694
vt 0.4821 0.3433
vt 0.4821 0.3694
vt 0.0536 0.1604
vt 0.0238 0.1493
vt 0.0714 0.1493
vt 0.7143 0.6567
vt 0.7381 0.6269
vt 0.7381 0.6567
vt 0.2917 0.1604
vt 0.2619 0.1493
vt 0.3095 0.1493
vt 0.7679 0.1604
vt 0.7381 0.1493
vt 0.7857 0.1493
vt 0.5357 0.2537
vt 0.4762 0.2836
vt 0.4762 0.2537
vt 0.5298 0.1604
vt 0.5 0.1493
vt 0.5476 0.1493
vt 0.8988 0.2873
vt 0.9286 0.2985
vt 0.881 0.2985
vt 0.3006 0.0597
vt 0.2619 0.0299
vt 0.3006 0.0299
vt 0.0536 0.4216
vt 0 0.4478
vt 0 0.4216
vt 0.4762 0.597
vt 0.4286 0.5597
vt 0.4762 0.5597
vt 0.1607 0.2948
vt 0.2143 0.2985
vt 0.1667 0.2985
vt 0.3988 0.2948
vt 0.4524 0.2985
vt 0.4048 0.2985
vt 0.6369 0.2948
vt 0.6905 0.2985
vt 0.6429 0.2985
vt 0.0536 0.3321
vt 0 0.3284
vt 0.0476 0.3284
vt 0.7738 0.2836
vt 0.7143 0.2537
vt 0.7738 0.2537
vt 0.2619 0.5224
vt 0.3095 0.5522
vt 0.2619 0.5522
vt 0.5714 0.0299
vt 0.619 -0
vt 0.619 0.0299
vt 0.5 0.3284
vt 0.5476 0.2985
vt 0.5476 0.3284
vt 0.2679 0.3321
vt 0.2143 0.3284
vt 0.4821 0.3321
vt 0.4286 0.3284
vt 0.4762 0.3284
vt 0.6964 0.3321
vt 0.6429 0.3284
vt 0.6905 0.3284
vt 0.0327 0.8787
vt -0 0.8657
vt 0.0327 0.8657
vt 0.6667 0.8657
vt 0.7143 0.8806
vt 0.6667 0.8806
vt 0.1667 0.1194
vt 0.2143 0.1493
vt 0.1667 0.1493
vt 0.4524 0.1194
vt 0.4048 0.1493
vt 0.4048 0.1194
vt 0.3214 0.6791
vt 0.2798 0.7164
vt 0.2708 0.6791
vt 0.4286 0.6194
vt 0.369 0.6493
vt 0.369 0.6157
vt 0.9464 0.959
vt 1 0.9403
vt 1 0.9701
vt 0.119 0.4851
vt 0.1726 0.4478
vt 0.1696 0.4851
vt 0.7381 0.9403
vt 0.7143 0.9701
vt 0.7143 0.9403
vt 0.2292 0.7313
vt 0.2292 0.7295
vt 0.2619 0.7313
vt 0.8929 0.8806
vt 0.875 0.8955
vt 0.8333 0.8806
vt 0.2143 0.3694
vt 0.2679 0.3433
vt 0.2679 0.3694
vt 0.0595 0.2836
vt 0 0.2537
vt 0.0595 0.2537
vt 0.5327 0.0896
vt 0.5714 0.1194
vt 0.5327 0.1194
vt 0.0714 0.1194
vt 0.0238 0.0896
vt 0.0714 0.0896
vt 0.6429 0.3694
vt 0.6964 0.3433
vt 0.6964 0.3694
vt 0.6071 0.8993
vt 0.619 0.8806
vt 0.6429 0.903
vt 0.0595 0.5485
vt 0.119 0.5224
vt 0.119 0.5522
vt 0.7381 0.3284
vt 0.7857 0.2985
vt 0.7857 0.3284
vt 0.5476 0.7164
vt 0.5714 0.7015
vt 0.5833 0.7164
vt 0.5595 0.7239
vt 0.619 0.7313
vt 0.5595 0.7313
vt 0.4821 0.8433
vt 0.4762 0.8601
vt 0.4762 0.8396
vt 0.5595 0.8731
vt 0.5833 0.8806
vt 0.5476 0.8806
vt 0.6667 0.7164
vt 0.7143 0.7313
vt 0.6667 0.7313
vt 0.2976 0.2836
vt 0.2381 0.2537
vt 0.2976 0.2537
vt 0.6905 0.8321
vt 0.6429 0.8657
vt 0.6429 0.8321
vt 0.9286 0.1194
vt 0.881 0.1493
vt 0.881 0.1194
vt 0.4881 0.6381
vt 0.4286 0.6567
vt 0.4286 0.6269
vt 0.2857 0.7575
vt 0.4286 0.8806
vt 0.381 0.8601
vt 0.4286 0.8601
vt 0.2143 -0
vt 0.2619 -0
vt 0.3006 0
vt 0.0357 0.8806
vt -0 0.8806
vt 0.0327 0.7183
vt -0 0.7164
vt 0.0357 0.7164
vt 0.9167 0.6866
vt 0.9345 0.7015
vt 0.8929 0.7164
vt 0.7917 0.2948
vt 0.8333 0.2836
vt 0.8452 0.291
vt 0.4762 0.7985
vt 0.4286 0.778
vt 0.4762 0.778
vt 0.8006 0.6549
vt 0.7857 0.6716
vt 0.7619 0.6493
vt 0.5357 0.2836
vt 0.5833 0.291
vt 0.5298 0.2873
vt 0.7857 0.9254
vt 0.7619 0.9478
vt 0.0595 0.1642
vt -0 0.1642
vt 0.875 0.153
vt 0.8333 0.1642
vt 0.8214 0.1567
vt 0.2976 0.1642
vt 0.2381 0.1642
vt 0.7738 0.1642
vt 0.7143 0.1642
vt 0.119 0.7164
vt 0.0952 0.6791
vt 0.119 0.6791
vt 0.5357 0.1642
vt 0.4762 0.1642
vt 0.8929 0.2836
vt 0.9524 0.2836
vt 0.1637 0.7257
vt 0.1429 0.7164
vt 0.1786 0.7164
vt 0.9583 0.6716
vt 0.8929 0.6493
vt 0.9464 0.6381
vt 0.375 0.3433
vt 0.3214 0.3358
vt 0.375 0.3396
vt 0.1786 0.2836
vt 0.4167 0.2836
vt 0.6548 0.2836
vt 0.0536 0.3433
vt 0.1607 0.3433
vt 0.1071 0.3358
vt 0.1607 0.3396
vt 0.4762 0.8806
vt 0.875 0.7015
vt 0.9524 0.7164
vt 0.9762 0.6866
vt 0.4554 0.0299
vt 0.4167 0
vt 0.4554 0
vt 0.869 0.6119
vt 0.9018 0.6082
vt 0.3452 0.291
vt 0.2917 0.2873
vt 0.5119 0.7164
vt 0.5 0.7313
vt 0.5 0.8657
vt 0.5595 0.8657
vt 0.0952 0.4851
vt 0.119 0.4478
vt 0.5 0.8955
vt 0.5119 0.8806
vt 0.5 0.7985
vt 0.494 0.7687
vt 0.5 0.7649
vt 0.119 0.6418
vt 0.5893 0.3433
vt 0.5357 0.3358
vt 0.5893 0.3396
vt 0.8423 0.6978
vt 0.8333 0.7164
vt 0.8095 0.694
vt 0.7857 0.9104
vt 0.8095 0.903
vt 0.4881 0.9104
vt 0.4524 0.9104
vt 0.1071 0.291
vt 0.0536 0.2873
vt 0.8036 0.3433
vt 0.75 0.3358
vt 0.8036 0.3396
vt 0.6369 0.153
vt 0.5952 0.1642
vt 0.5833 0.1567
vt 0.4286 0.7985
vt 0.381 0.778
vt 0.5714 0.8955
vt 1 0.6567
vt 0.7857 0.6866
vt 0.6667 0.6716
vt 0.6905 0.6493
vt 0.2738 0.806
vt 0.2857 0.7985
vt 0.2857 0.819
vt 0.4554 0.0896
vt 0.4167 0.0597
vt 0.4554 0.0597
vt 0.6667 0.6866
vt 0.6429 0.694
vt 0.2619 0.8321
vt 0.2798 0.8433
vt 0.619 0.7164
vt 0.5 0.8321
vt 0.619 0.8657
vt 0.1607 0.153
vt 0.119 0.1642
vt 0.1071 0.1567
vt 0.1429 0.8806
vt 0.1637 0.8713
vt 0.1786 0.8806
vt 0.4286 0.597
vt 0.4643 0.6007
vt 0.3988 0.153
vt 0.3571 0.1642
vt 0.3452 0.1567
vt 0.6667 0.9254
vt 0.6667 0.9104
vt 0.4762 0.9254
vt 0.5238 0.9104
vt 0.2679 0.7687
vt 0.2619 0.7649
vt 0.6786 0.6231
vt 0.6667 0.6343
vt 0.6429 0.6194
vt 0.6071 0.6604
vt 0.3006 0.0896
vt 0.2619 0.0597
vt 0.8333 0.1194
vt 0.7857 0.1194
vt 0.5952 0.8657
vt 0.5952 0.8321
vt 0.6429 0.7649
vt 0.5952 0.7985
vt 0.6905 0.7649
vt 0.6429 0.7985
vt 0.2976 0.2239
vt 0.2381 0.194
vt 0.2976 0.194
vt 0.4167 0.2239
vt 0.3571 0.194
vt 0.4167 0.194
vt 0.3571 0.2537
vt 0.4167 0.2537
vt 0.4881 0.806
vt 0.4524 0.6866
vt 0.4762 0.6716
vt 0.4881 0.6866
vt 0.5 0.7015
vt 0.4762 0.7164
vt 0.8333 0.3284
vt 0.881 0.3284
vt 0.0595 0.5821
vt 0.119 0.6119
vt 0.0595 0.6157
vt 0 0.5821
vt 0 0.6194
vt 0 0.5448
vt 0.0595 0.5149
vt 0.6488 0.9422
vt 0.6905 0.9478
vt 0.5476 0.9478
vt 0.5714 0.9851
vt 0.5357 0.9888
vt 0.4881 0.959
vt 0.75 0.3694
vt 0.8036 0.3694
vt 0.75 0.4216
vt 0.8036 0.3955
vt 0.8036 0.4216
vt 0.6429 0.4216
vt 0.6964 0.3955
vt 0.6964 0.4216
vt 0.0714 0.0597
vt 0.0238 0.0299
vt 0.0714 0.0299
vt 0.1667 0.0597
vt 0.119 0.0299
vt 0.1667 0.0299
vt 0.119 0.0896
vt 0.1667 0.0896
vt 0.378 0.0896
vt 0.4167 0.1194
vt 0.378 0.1194
vt 0.0595 0.2239
vt 0 0.194
vt 0.0595 0.194
vt 0.1786 0.194
vt 0.119 0.2239
vt 0.119 0.194
vt 0.119 0.2537
vt 0.1786 0.2537
vt 0.3214 0.3694
vt 0.375 0.3694
vt 0.3214 0.4216
vt 0.375 0.3955
vt 0.375 0.4216
vt 0.2143 0.4216
vt 0.2679 0.3955
vt 0.2679 0.4216
vt 0.9762 0.9104
vt 0.9583 0.9254
vt 0.9167 0.9104
vt 0.9345 0.8955
vt 0.9524 0.8806
vt 0.0982 0.7313
vt 0.131 0.7239
vt 0.131 0.7313
vt 0.2708 0.4851
vt 0.2262 0.4478
vt 0.2798 0.4478
vt 0.2202 0.4851
vt 0.1667 0.5224
vt 1 1
vt 0.9673 0.9963
vt 0.7708 0.9739
vt 0.7381 0.9701
vt 0.8393 0.9366
vt 0.3095 0.6418
vt 0.3095 0.6119
vt 0.369 0.5821
vt 0.3095 0.5821
vt 0.369 0.5485
vt 0.4286 0.5821
vt 0.1696 0.6791
vt 0.2262 0.7164
vt 0.1726 0.7164
vt 0.1667 0.6418
vt 0.2202 0.6791
vt 0.2619 0.6418
vt 0.3571 0.1194
vt 0.3095 0.1194
vt 0.119 0.1493
vt 0.131 0.8657
vt 0.1637 0.8657
vt 0.5714 0.3284
vt 0.3571 0.3284
vt 0.6429 0.3284
vt 0.5952 0.2985
vt 0.2619 0.5821
vt 0.2619 0.6119
vt 0.1667 0.5821
vt 0.2143 0.6119
vt 0.1667 0.6119
vt 0.2143 0.5522
vt 0.1667 0.5522
vt 0.7738 0.2239
vt 0.7143 0.194
vt 0.7738 0.194
vt 0.8929 0.2239
vt 0.8333 0.194
vt 0.8929 0.194
vt 0.8333 0.2537
vt 0.8929 0.2537
vt 0.1429 0.3284
vt 0.4762 0.5224
vt 0.4286 0.4851
vt 0.4762 0.4851
vt 0.0536 0.3694
vt 0 0.3955
vt 0 0.3694
vt 0.1607 0.3955
vt 0.1071 0.3694
vt 0.1607 0.3694
vt 0.1607 0.4216
vt 0.1071 0.4478
vt 0.1071 0.4216
vt 0.4167 0.0299
vt 0.8333 0.2985
vt 0.5952 0.1493
vt 0.5357 0.2239
vt 0.4762 0.194
vt 0.5357 0.194
vt 0.6548 0.2239
vt 0.5952 0.194
vt 0.6548 0.194
vt 0.5952 0.2537
vt 0.6548 0.2537
vt 0.8333 0.1493
vt 0.3571 0.1493
vt 0.5357 0.3694
vt 0.5893 0.3694
vt 0.5893 0.4216
vt 0.5357 0.3955
vt 0.5893 0.3955
vt 0.4821 0.4216
vt 0.4286 0.3955
vt 0.4821 0.3955
vt 0.3571 0.3284
vt 0.4048 0.3284
vt 0.5952 0.1194
vt 0.381 0.7164
vt 0.381 0.7369
vt 0.3333 0.819
vt 0.381 0.7985
vt 0.381 0.819
vt 0.3333 0.7985
vt 0.5476 0.7985
vt 0.5476 0.8321
vt 0.119 0.3284
vt 0.1667 0.3284
vt 0.5476 0.8657
vt 0.2857 0.8601
vt 0.3333 0.8396
vt 0.3333 0.8601
vt 0.381 0.8396
vt 0.3333 0.778
vt 0.381 0.7575
vt 0.5476 0.1194
vt 0.4524 0.3284
vt 0.5357 0.4216
vt 0.5357 0.4478
vt 0.4821 0.4478
vt 0.4286 0.4216
vt 0.6429 0.3955
vt 0.6429 0.4478
vt 0.5893 0.4478
vt 0.6429 0.3433
vt 0.4524 0.1493
vt 0.9286 0.1493
vt 0.5952 0.2239
vt 0.7143 0.2239
vt 0.6548 0.1642
vt 0.7381 0.2985
vt 0.5327 0.0597
vt 0.494 0.0299
vt 0.5327 0.0299
vt 0.1071 0.3955
vt 0.2143 0.3955
vt 0.1607 0.4478
vt 0.1071 0.3433
vt 0.2143 0.3433
vt -0 0.3433
vt 0.0536 0.3955
vt 0.4286 0.4478
vt 0.4762 0.4478
vt 0.0238 0.2985
vt 0 0.2836
vt 0.2619 0.2985
vt 0.2381 0.2836
vt 0.5 0.2985
vt 0.1905 0.3284
vt 0.8333 0.2239
vt 0.9524 0.2537
vt 0.9524 0.2239
vt 0.8929 0.1642
vt 0.9524 0.194
vt 0.9524 0.1642
vt 0.2143 0.5821
vt 0.119 0.5821
vt 0.2143 0.6418
vt 0.6905 0.3284
vt 0.4048 0.3284
vt 0.4286 0.3433
vt 0.619 0.3284
vt 0.8571 0.3433
vt 0.2292 0.8675
vt 0.1964 0.8657
vt 0.2292 0.8657
vt 0.0238 0.1194
vt 0.2619 0.1194
vt 0.369 0.5149
vt 0.4286 0.5448
vt 0.3095 0.5224
vt 0.8571 0.916
vt 0.8423 0.8993
vt 0.8214 0.9571
vt 0.8006 0.9422
vt 0.8363 0.9813
vt 0.8036 0.9776
vt 0.9345 0.9925
vt 0.9018 0.9888
vt 0.2143 0.5224
vt 0.3214 0.4851
vt 0.3333 0.4478
vt 0.0327 0.7313
vt 0.0655 0.7201
vt 0.0655 0.7313
vt 0.3214 0.3955
vt 0.2679 0.4478
vt 0.3214 0.4478
vt 0.2143 0.4478
vt 0.375 0.4478
vt 0.1786 0.2239
vt 0.2381 0.2239
vt 0.1786 0.1642
vt 0.3393 0.1194
vt 0.3006 0.1194
vt 0.119 0.0597
vt 0.2143 0.0896
vt 0.2143 0.0597
vt 0.2143 0.1194
vt 0.119 0
vt 0.1667 0
vt 0.2143 0.0299
vt 0.0238 0
vt 0.0714 0
vt 0.75 0.3955
vt 0.6964 0.4478
vt 0.75 0.4478
vt 0.8571 0.3955
vt 0.8571 0.4216
vt 0.8036 0.4478
vt 0.8571 0.4478
vt 0.8571 0.3694
vt 0.4286 0.9403
vt 0.4286 0.9701
vt 0.5 0.9925
vt 0.4643 0.9963
vt 0.6429 0.9776
vt 0.625 0.9571
vt 0.6667 0.9627
vt 0.6786 0.9739
vt 0.6071 0.9813
vt 0.0595 0.6493
vt 0 0.6567
vt 0.9286 0.3284
vt 0.5238 0.6866
vt 0.4762 0.7369
vt 0.4762 0.7575
vt 0.3571 0.2239
vt 0.4762 0.2239
vt 0.4167 0.1642
vt 0.6905 0.7313
vt 0.6429 0.7313
vt 0.5952 0.7313
vt 0.7381 0.1194
vt 0.3393 0.0597
vt 0.378 0.0597
vt 0.5893 0.681
vt 0.6071 0.6978
vt 0.625 0.6399
vt 0.6488 0.6549
vt 0.6071 0.6157
vt 0.2619 0.7985
vt 0.5 0.6045
vt 0.5357 0.6082
vt 0.2143 0.8806
vt 0.25 0.8806
vt 0.2619 0.8657
vt 0.2857 0.8806
vt 0.494 0.0597
vt 0.4286 0.7575
vt 0.4286 0.7369
vt 0.8571 0.681
vt 0.8393 0.6604
vt 0.9345 0.6045
vt 0.9673 0.6007
vt 0.494 0
vt 0.5327 0
vt 0.75 0.3433
vt 0.5357 0.3433
vt 0.3214 0.3433
vt 0.4286 0.819
vt 0.4762 0.819
vt 0.5952 0.2836
vt 0.3571 0.2836
vt 0.119 0.2836
vt 1 0.6269
vt 0.2143 0.7164
vt 0.25 0.7164
vt 0.8214 0.6399
vt 0.7708 0.6231
vt 0.8036 0.6194
vt 0.8363 0.6157
vt 0.0982 0.722
vt 0.0714 0.7164
vt 0.1071 0.7164
vt 0.0714 0.8806
vt 0.0982 0.875
vt 0.1071 0.8806
vt 0.378 0.0299
vt 0.3393 0
vt 0.378 0
vt 0.4286 0.8396
vt 0.2857 0.778
vt 0.5476 0.6493
vt 0.6905 0.7985
vt 0.5893 0.916
vt 0.6071 0.9366
vt 0.0238 0.0597
vt 0.119 0.1194
vt 0.494 0.1194
vt 0.4554 0.1194
vt 0 0.2239
vt 0.1637 0.7313
vt 0.1964 0.7276
vt 0.1964 0.7313
vt 0.8929 0.9478
vt 0.0655 0.8657
vt 0.0982 0.8657
vt 0.7381 0.3284
vt 0.5238 0.3284
vt 0.5952 0.3284
vt 0.0952 0.3284
vt 0.3571 0.2985
vt 0.119 0.2985
vt 0.4286 0.5224
vt 0.3393 0.0299
vt 0.6429 0.1194
vt 0.3333 0.7575
vt 0.131 0.8731
vt 0.4167 0.0896
vt 0.4286 0.7164
vt 0.2857 0.7164
vt 0.5714 -0
vt 0.5714 0.0896
vt 0.5714 0.0597
vt 0.2619 0.0896
vt -0 0.7313
vt 0.3333 0.8806
vt 0.381 0.8806
vt 0.2857 0.8396
vt 0.1964 0.8694
vt 0.3393 0.0896
vt 0.7143 0.6269
vt 0.494 0.0896
vt 0.0655 0.8769
vt 0.0536 0.4478
vt 0.7143 0.2836
vt 0.7143 0.8657
vt 0.3333 0.7164
vt 0.7143 0.7164
vt 0.6905 0.8657
vt 0.2143 0.0299
vt 0.0714 0.7164
vt 0.0714 0.4478
vt -0 0.5075
vt 0.5 0.1194
vt 0.4286 0.5075
vt 0.869 0.9851
vt 0.4286 1
vt 0.5714 0.6119
vt 1 0.597
s 1
f 2840/3140 3075/3141 3111/3142
f 2984/3143 3151/3144 3253/3145
f 3345/3146 2946/3147 3322/3148
f 3077/3149 2835/3150 2824/3151
f 2842/3152 3051/3153 3062/3154
f 3142/3155 3060/3156 3293/3157
f 3028/3158 2823/3159 3079/3160
f 2863/3161 2852/3162 2861/3163
f 3031/3164 2826/3165 3025/3166
f 3032/3167 2824/3168 3030/3169
f 3292/3170 2833/3171 3044/3172
f 3036/3173 2825/3174 3026/3175
f 3038/3176 2818/3177 3037/3178
f 3305/3179 2883/3180 3301/3181
f 3291/3182 2848/3183 3069/3184
f 2853/3185 3085/3186 3178/3187
f 3024/3188 2822/3189 3049/3190
f 3089/3191 2821/3192 3017/3193
f 3094/3194 2817/3195 3138/3196
f 3029/3197 2840/3198 3111/3199
f 3173/3200 3047/3201 3290/3202
f 3125/3203 3081/3204 3289/3205
f 2881/3206 2851/3207 2882/3208
f 2841/3209 3015/3210 3064/3211
f 3109/3212 2842/3213 3062/3152
f 3096/3214 2841/3215 3064/3216
f 3056/3217 2839/3218 3101/3219
f 3334/3220 2859/3221 3332/3222
f 2982/3223 2868/3224 2960/3225
f 3124/3226 2826/3227 3023/3228
f 2837/3229 3082/3230 3169/3231
f 2934/3232 3146/3233 3229/3234
f 3130/3235 2934/3236 3226/3237
f 3224/3238 2865/3239 2949/3240
f 2980/3241 3080/3242 3223/3243
f 2867/3244 2860/3245 2868/3246
f 3296/3247 3297/3248 2877/3249
f 2941/3250 3088/3251 2875/3252
f 3177/3253 3076/3254 3288/3255
f 3172/3256 3035/3257 3287/3258
f 3349/3259 2857/3260 3341/3261
f 3170/3262 3018/3263 3286/3264
f 3108/3265 3140/3266 3285/3267
f 3370/3268 2876/3269 3114/3270
f 3202/3271 2816/3272 3078/3273
f 2839/3274 3073/3275 3101/3276
f 2951/3277 3102/3278 3157/3279
f 2954/3280 2869/3281 2953/3282
f 3104/3283 3300/3284 3105/3285
f 2957/3286 3106/3287 2958/3288
f 2990/3289 2861/3290 2961/3291
f 3128/3292 3041/3293 3284/3294
f 3137/3295 2949/3296 3193/3297
f 2836/3298 3118/3299 3018/3300
f 3191/3301 2864/3302 2946/3303
f 2877/3249 3345/3146 3164/3304
f 2991/3305 3299/3306 3351/3307
f 2883/3180 2855/3308 2858/3309
f 3301/3181 2858/3309 3298/3310
f 3347/3311 2860/3312 3334/3220
f 3340/3313 2856/3314 3348/3315
f 2947/3316 3186/3317 2953/3318
f 3043/3319 2973/3320 2901/3321
f 2956/3322 3350/3323 3313/3324
f 3368/3325 2948/3326 3155/3327
f 3129/3328 2912/3329 3052/3330
f 2867/3244 2981/3331 3179/3332
f 3028/3158 3059/3333 2828/3334
f 3014/3335 2906/3336 2896/3337
f 3031/3164 3039/3338 2830/3339
f 3032/3167 3046/3340 2827/3341
f 2850/3342 2930/3343 2936/3344
f 3036/3173 3042/3345 2829/3346
f 3038/3176 3127/3347 2832/3348
f 3327/3349 2968/3350 3337/3351
f 3154/3352 2992/3353 3188/3354
f 3143/3355 2917/3356 3061/3357
f 3126/3358 2822/3189 3024/3188
f 3174/3359 2821/3192 3089/3191
f 3175/3360 2817/3195 3094/3194
f 3141/3361 2840/3198 3029/3197
f 3072/3362 2913/3363 3053/3364
f 2874/3365 3351/3307 3300/3284
f 2953/3318 3098/3366 2947/3316
f 2870/3367 3186/3317 2984/3368
f 3076/3254 2842/3213 3109/3212
f 3060/3156 2841/3215 3096/3214
f 3140/3266 2839/3218 3056/3217
f 3314/3369 2944/3370 3311/3371
f 2992/3353 2938/3372 3326/3373
f 3128/3292 2910/3374 3050/3375
f 3103/3376 2951/3277 2870/3377
f 2873/3378 2941/3379 2957/3286
f 2979/3380 2849/3381 2980/3241
f 3185/3382 3160/3383 2958/3288
f 2983/3384 3158/3385 3180/3386
f 2936/3344 2930/3343 2815/3387
f 3040/3388 2919/3389 3063/3390
f 3366/3391 2869/3392 3099/3393
f 2982/3394 3134/3395 2981/3331
f 3184/3396 2991/3397 3185/3382
f 3172/3256 2908/3398 3048/3399
f 2816/3272 2979/3380 2980/3241
f 3071/3400 2921/3401 3065/3402
f 3022/3403 2904/3404 2899/3405
f 2993/3406 3312/3407 3350/3323
f 3113/3408 3106/3287 2876/3269
f 2984/3368 3154/3352 2862/3409
f 3099/3393 2961/3410 2948/3326
f 2863/3161 2989/3411 3183/3412
f 2965/3413 2964/3414 3333/3415
f 3319/3416 2966/3417 3316/3418
f 2990/3419 3139/3420 2989/3411
f 3137/3421 2965/3413 3116/3422
f 2954/3280 3157/3279 2871/3423
f 2873/3378 3104/3283 3135/3424
f 2875/3425 2957/3286 2941/3379
f 3100/3426 2897/3427 2893/3428
f 2967/3429 3325/3430 3336/3431
f 2946/3303 2878/3432 3307/3433
f 3057/3434 2902/3435 2895/3436
f 2963/3437 2960/3438 2868/3246
f 3162/3439 3184/3396 2962/3440
f 3114/3270 2960/3438 2963/3437
f 3165/3441 3182/3442 2877/3249
f 3348/3443 3363/3444 3168/3445
f 2948/3326 2961/3410 2861/3163
f 2989/3411 3139/3420 3192/3446
f 3308/3447 2884/3448 3305/3179
f 2887/3449 3030/3169 3097/3450
f 3193/3297 2865/3451 3090/3452
f 3194/3453 2943/3454 3151/3144
f 3182/3455 2995/3456 3194/3453
f 3195/3457 3092/3458 3283/3459
f 3196/3460 3197/3461 3282/3462
f 3174/3359 3198/3463 3281/3464
f 2871/3423 2961/3291 2869/3281
f 3160/3383 2873/3378 2958/3288
f 2955/3465 2956/3322 3313/3324
f 2870/3377 2954/3280 2953/3282
f 2952/3466 3156/3467 3199/3468
f 3199/3468 3200/3469 2952/3466
f 2872/3470 3200/3469 3103/3376
f 2922/3471 3037/3178 3066/3472
f 2997/3473 3144/3474 3201/3475
f 2978/3476 3201/3475 3178/3477
f 3132/3478 2979/3479 3202/3271
f 3358/3480 2963/3437 3163/3481
f 2998/3482 2967/3483 3336/3484
f 3162/3439 2998/3482 3204/3485
f 3205/3486 3071/3400 3280/3487
f 3206/3488 3207/3489 3279/3490
f 3058/3491 3208/3492 3278/3493
f 3209/3494 3097/3495 3277/3496
f 3210/3497 3211/3498 3276/3499
f 3124/3226 3212/3500 3275/3501
f 3338/3502 2944/3503 3328/3504
f 3213/3505 3027/3506 3274/3507
f 3273/3508 3001/3509 3215/3510
f 3126/3358 3216/3511 3272/3512
f 3217/3513 3143/3355 3271/3514
f 3218/3515 3219/3516 3270/3517
f 3131/3518 3220/3519 3269/3520
f 2942/3521 3150/3522 2940/3523
f 2940/3523 3221/3524 2942/3521
f 2873/3525 3221/3524 2941/3250
f 3309/3526 2939/3527 2938/3528
f 3222/3529 2932/3530 3145/3531
f 3125/3203 3003/3532 3222/3529
f 2816/3272 3223/3243 3171/3533
f 2949/3240 2879/3534 3294/3535
f 3179/3332 3332/3536 2859/3537
f 2981/3331 3134/3395 3225/3538
f 3226/3237 2820/3539 3021/3540
f 3081/3204 3005/3541 2889/3542
f 3227/3543 2976/3544 3005/3541
f 3228/3545 2935/3546 3083/3547
f 3133/3548 3006/3549 3228/3545
f 2820/3539 3229/3234 3019/3550
f 2969/3551 3025/3166 3123/3552
f 3170/3262 2890/3553 3079/3160
f 2875/3425 2960/3225 2876/3269
f 3325/3430 2923/3554 3324/3555
f 2921/3401 3066/3276 3065/3402
f 2919/3389 3020/3556 3063/3390
f 2917/3356 3070/3557 3061/3357
f 3020/3558 2885/3559 3138/3196
f 3230/3560 3021/3540 3268/3561
f 3231/3562 3232/3563 3267/3564
f 3171/3533 3233/3565 3266/3566
f 3234/3567 3055/3568 3265/3569
f 3235/3570 3236/3571 3264/3572
f 3127/3347 3237/3573 3263/3574
f 2913/3363 3054/3575 3053/3364
f 2912/3329 3015/3210 3052/3330
f 2910/3374 3051/3153 3050/3375
f 2908/3398 3075/3141 3048/3399
f 2978/3576 3147/3577 3132/3578
f 3262/3579 2925/3580 3120/3581
f 3239/3582 3240/3583 3261/3584
f 3260/3585 2935/3586 3241/3587
f 3316/3418 2959/3588 3314/3369
f 3043/3319 2900/3589 3073/3275
f 3022/3403 2892/3590 3077/3149
f 3242/3591 3084/3592 3259/3593
f 3243/3594 3244/3595 3258/3596
f 3175/3360 3245/3597 3257/3598
f 3014/3335 2894/3599 3118/3299
f 3057/3434 2891/3600 3082/3230
f 3100/3426 2890/3553 3023/3228
f 3246/3601 3040/3388 3256/3602
f 3255/3603 3011/3604 3248/3605
f 3254/3606 2928/3607 3249/3608
f 2918/3609 3017/3193 3070/3610
f 3026/3175 2886/3611 2892/3590
f 3322/3148 2864/3612 3342/3613
f 3323/3614 2945/3615 3329/3616
f 3333/3415 3012/3617 3323/3614
f 3013/3618 3090/3452 3252/3619
f 2983/3384 3252/3619 3135/3424
f 2870/3377 3253/3145 3180/3386
f 2914/3620 3049/3190 3054/3621
f 3054/3621 2822/3189 2842/3213
f 3180/3386 3013/3618 2983/3384
f 3135/3424 2942/3622 2873/3378
f 3252/3619 2865/3451 2942/3622
f 3303/3623 3251/3624 3353/3625
f 3353/3625 3095/3626 3299/3306
f 3352/3627 3153/3628 3312/3407
f 2825/3174 3016/3629 3026/3175
f 3070/3610 2821/3192 2841/3630
f 3247/3631 3249/3608 3011/3604
f 2932/3632 3254/3606 3247/3631
f 3080/3633 3074/3634 3254/3606
f 3058/3491 3248/3605 2915/3635
f 2847/3636 3255/3603 3058/3491
f 2932/3632 3255/3603 3145/3637
f 3108/3265 3040/3388 2843/3638
f 2915/3635 3256/3602 3108/3265
f 3248/3605 3246/3601 3256/3602
f 2826/3227 3100/3426 3023/3228
f 2825/3639 3057/3434 3082/3230
f 2823/3640 3014/3335 3118/3299
f 3243/3594 3245/3597 3010/3641
f 2907/3642 3257/3598 3243/3594
f 3047/3201 3175/3360 3257/3598
f 3258/3596 2904/3404 3093/3643
f 3055/3568 3093/3643 2827/3341
f 3055/3568 3243/3594 3258/3596
f 3042/3345 3084/3592 2829/3346
f 2904/3404 3259/3593 3042/3345
f 3010/3641 3259/3593 3244/3595
f 2824/3151 3022/3403 3077/3149
f 2817/3644 3043/3319 3073/3275
f 3346/3645 3161/3646 3344/3647
f 3239/3582 3241/3587 3009/3648
f 2977/3649 3260/3585 3239/3582
f 3131/3518 3083/3650 3260/3585
f 3261/3584 2927/3651 3072/3362
f 3177/3253 3072/3362 2846/3652
f 2977/3649 3261/3584 3177/3253
f 3141/3361 3120/3581 2844/3653
f 3240/3583 3141/3361 2927/3651
f 3240/3583 3238/3654 3262/3579
f 3132/3578 2849/3655 2854/3656
f 3048/3399 2818/3657 2832/3658
f 3050/3375 2822/3659 2834/3660
f 3052/3330 2821/3661 2833/3171
f 3053/3364 2842/3662 2846/3652
f 3263/3574 3008/3663 3235/3570
f 3035/3664 3235/3570 2898/3665
f 2832/3348 3263/3574 3035/3664
f 3264/3572 2906/3336 3045/3666
f 3027/3667 3045/3666 2828/3668
f 2898/3665 3264/3572 3027/3667
f 3265/3569 2827/3341 3046/3340
f 3236/3571 3046/3340 2906/3336
f 3008/3663 3265/3569 3236/3571
f 3266/3566 3007/3669 3231/3562
f 3078/3273 3231/3562 2931/3670
f 2816/3272 3266/3566 3078/3273
f 3267/3564 2888/3671 3133/3548
f 3144/3474 3133/3548 2815/3387
f 2931/3670 3267/3564 3144/3474
f 3268/3561 2820/3539 3019/3550
f 3232/3563 3019/3550 2888/3671
f 3007/3669 3268/3561 3232/3563
f 2839/3672 3138/3196 2817/3195
f 3061/3357 2841/3673 2845/3674
f 3063/3390 2839/3675 2843/3638
f 3065/3402 2840/3471 2844/3676
f 3295/3677 3067/3678 3294/3679
f 2836/3680 3079/3160 2823/3159
f 3123/3552 2826/3165 2838/3681
f 3019/3550 3006/3549 2888/3671
f 2815/3387 3228/3545 2936/3344
f 2936/3344 3083/3547 2850/3342
f 2933/3682 3176/3683 3227/3543
f 2819/3684 3227/3543 3081/3204
f 3005/3541 3021/3540 2889/3542
f 3355/3685 3354/3686 3088/3251
f 2875/3252 3354/3686 3134/3395
f 3355/3685 3088/3251 2940/3523
f 3357/3687 3356/3688 3225/3538
f 2981/3331 3356/3688 3179/3332
f 3302/3689 3110/3690 3357/3687
f 3224/3238 3067/3691 3324/3692
f 3171/3533 3003/3532 2971/3693
f 2819/3684 3222/3529 2933/3694
f 2933/3694 3145/3531 2847/3695
f 3339/3696 3149/3697 3148/3698
f 3269/3520 3002/3699 3218/3515
f 3085/3700 3218/3515 2937/3701
f 2850/3702 3269/3520 3085/3700
f 3270/3517 2928/3607 3074/3634
f 3147/3703 3074/3634 2849/3655
f 2937/3701 3270/3517 3147/3703
f 3271/3514 2845/3674 3142/3155
f 3219/3516 3142/3155 2928/3607
f 3002/3699 3271/3514 3219/3516
f 3214/3704 3216/3511 3001/3509
f 2903/3705 3272/3512 3214/3704
f 2834/3660 3272/3512 3041/3293
f 3273/3508 2897/3427 3033/3706
f 3092/3458 3033/3706 2830/3339
f 3092/3458 3214/3704 3273/3508
f 3274/3507 2828/3334 3059/3333
f 3215/3510 3059/3333 2897/3427
f 3215/3510 3213/3505 3274/3507
f 3308/3447 3091/3707 3298/3708
f 3275/3501 3000/3709 3210/3497
f 3123/3710 3210/3497 2969/3711
f 2838/3712 3275/3501 3123/3710
f 3276/3499 2886/3713 3016/3714
f 3169/3715 3016/3714 2837/3308
f 2969/3711 3276/3499 3169/3715
f 3277/3496 2835/3716 3112/3717
f 3211/3498 3112/3717 2886/3713
f 3000/3709 3277/3496 3211/3498
f 3278/3493 2999/3718 3206/3488
f 3176/3719 3206/3488 2976/3720
f 2847/3636 3278/3493 3176/3719
f 3279/3490 2925/3721 3069/3722
f 3130/3723 3069/3722 2848/3724
f 2976/3720 3279/3490 3130/3723
f 3280/3487 2844/3676 3120/3725
f 3207/3489 3120/3725 2925/3721
f 2999/3718 3280/3487 3207/3489
f 2866/3726 3204/3485 2986/3727
f 3204/3485 3121/3728 3306/3729
f 3167/3730 3360/3731 3359/3732
f 3163/3481 3347/3733 3359/3732
f 3317/3734 3360/3731 3167/3730
f 2978/3476 3202/3271 2997/3473
f 3178/3477 2930/3735 2853/3736
f 3201/3475 2815/3387 2930/3735
f 3066/3472 2818/3177 2840/3737
f 2951/3277 3103/3376 3200/3469
f 2950/3738 3200/3469 3199/3468
f 2950/3738 3199/3468 3156/3467
f 3343/3739 2870/3377 3159/3740
f 3281/3464 2996/3741 3196/3460
f 3044/3172 3196/3460 2905/3742
f 2833/3171 3281/3464 3044/3172
f 3282/3462 2902/3435 3034/3743
f 3084/3592 3034/3743 2829/3346
f 2905/3742 3282/3462 3084/3592
f 3283/3459 2830/3339 3039/3338
f 3197/3461 3039/3338 2902/3435
f 2996/3741 3283/3459 3197/3461
f 2877/3744 3194/3453 2987/3745
f 2987/3745 3151/3144 2862/3746
f 2995/3456 3090/3452 2943/3454
f 3097/3450 2824/3168 2835/3747
f 3338/3502 3119/3748 3335/3749
f 3362/3750 3361/3751 3102/3278
f 2871/3423 3361/3751 3139/3420
f 3362/3750 3102/3278 2950/3738
f 3168/3445 3363/3444 3365/3752
f 2989/3411 3364/3753 3183/3412
f 3318/3754 3168/3445 3365/3752
f 2988/3755 3165/3441 2965/3413
f 2991/3397 3162/3439 2866/3726
f 2825/3639 3034/3743 3057/3434
f 3191/3301 3122/3756 3337/3757
f 3121/3758 3295/3677 3306/3759
f 2826/3227 3033/3706 3100/3426
f 3135/3424 2955/3465 2983/3384
f 2879/3760 3116/3422 2880/3761
f 3349/3259 3166/3762 3346/3645
f 3116/3422 3303/3623 2880/3761
f 2958/3288 3113/3408 2962/3440
f 3189/3763 3342/3613 3320/3764
f 2824/3151 3093/3643 3022/3403
f 2844/3676 3071/3400 3065/3402
f 2832/3658 3172/3256 3048/3399
f 2962/3440 3185/3382 2958/3288
f 3367/3765 3098/3366 3366/3391
f 3187/3766 3099/3393 2948/3326
f 2947/3316 3098/3366 3367/3765
f 2843/3638 3040/3388 3063/3390
f 2870/3377 3180/3386 3158/3385
f 2874/3365 3185/3382 2991/3397
f 2834/3660 3128/3292 3050/3375
f 3188/3354 3086/3767 3296/3768
f 3344/3647 3152/3769 3341/3770
f 2926/3771 3056/3217 2921/3401
f 2916/3772 3096/3214 2919/3389
f 2929/3773 3109/3212 2917/3356
f 3105/3285 3321/3774 3330/3775
f 2846/3652 3072/3362 3053/3364
f 2927/3651 3029/3197 2913/3363
f 2975/3776 3094/3194 2912/3329
f 2974/3777 3089/3191 2910/3374
f 2972/3778 3024/3188 2908/3398
f 2845/3674 3143/3355 3061/3357
f 2862/3409 3188/3354 2987/3779
f 3297/3248 3122/3780 3307/3781
f 2901/3321 3127/3347 3038/3176
f 2899/3405 3042/3345 3036/3173
f 2896/3337 3046/3340 3032/3167
f 2895/3436 3039/3338 3031/3164
f 2823/3640 3045/3666 3014/3335
f 2893/3428 3059/3333 3028/3158
f 2833/3171 3129/3328 3052/3330
f 3369/3782 3187/3766 3368/3325
f 3155/3327 3339/3783 3148/3784
f 3309/3785 3369/3782 3148/3784
f 3159/3740 3320/3764 3343/3739
f 2817/3644 3173/3200 3043/3319
f 3310/3786 3168/3787 3318/3788
f 3167/3789 3304/3790 3317/3791
f 3331/3792 3091/3793 3328/3794
f 3190/3795 3329/3616 3321/3774
f 3165/3441 3164/3304 3315/3796
f 2994/3797 3156/3467 3191/3301
f 3018/3300 2894/3599 2887/3449
f 2988/3798 3193/3297 2995/3456
f 3284/3294 2903/3705 3195/3457
f 3198/3463 3195/3457 2996/3741
f 2974/3777 3284/3294 3198/3463
f 3104/3283 3105/3285 3330/3775
f 2871/3423 3157/3279 3102/3278
f 3101/3276 2900/3589 2922/3471
f 2997/3473 3078/3273 2931/3670
f 3371/3799 3113/3408 3370/3268
f 3203/3800 3114/3270 2963/3437
f 2962/3440 3113/3408 3371/3799
f 3285/3267 2926/3771 3205/3486
f 3208/3492 3205/3486 2999/3718
f 2915/3635 3285/3267 3208/3492
f 3286/3264 2887/3801 3209/3494
f 3212/3500 3209/3494 3000/3709
f 2970/3802 3286/3264 3212/3500
f 3319/3416 3152/3803 3311/3804
f 3287/3258 2898/3805 3213/3505
f 3216/3511 3213/3505 3001/3509
f 2972/3778 3287/3258 3216/3511
f 3288/3255 2929/3773 3217/3513
f 3220/3519 3217/3513 3002/3699
f 2977/3649 3288/3255 3220/3519
f 3326/3806 3087/3807 3086/3808
f 3223/3243 2932/3530 3003/3532
f 3004/3809 3150/3522 3224/3238
f 2976/3544 3226/3237 3005/3541
f 3229/3234 2935/3546 3006/3549
f 3169/3231 2891/3600 2969/3551
f 2970/3802 3023/3228 2890/3553
f 3304/3790 3110/3810 3302/3811
f 3056/3217 2922/3812 2921/3401
f 3096/3214 2920/3813 2919/3389
f 3109/3212 2918/3154 2917/3356
f 3064/3211 2885/3559 2920/3814
f 3289/3205 2889/3542 3230/3560
f 3233/3565 3230/3560 3007/3669
f 2971/3693 3289/3205 3233/3565
f 3290/3202 2907/3642 3234/3567
f 3237/3573 3234/3567 3008/3663
f 2973/3320 3290/3202 3237/3573
f 3029/3197 2914/3815 2913/3363
f 3094/3194 2885/3559 2912/3329
f 3089/3191 2911/3816 2910/3374
f 3024/3188 2909/3817 2908/3398
f 3178/3187 2937/3818 2978/3576
f 3238/3654 3069/3184 2925/3580
f 3009/3648 3291/3182 3238/3654
f 2935/3586 3291/3182 3241/3587
f 3335/3749 3107/3819 3331/3792
f 2901/3321 3037/3178 2900/3589
f 2899/3405 3026/3175 2892/3590
f 3292/3170 2905/3742 3242/3591
f 3245/3597 3242/3591 3010/3641
f 3245/3597 3129/3328 3292/3170
f 2896/3337 3030/3169 2894/3599
f 2895/3436 3025/3166 2891/3600
f 2893/3428 3079/3160 2890/3553
f 3293/3157 2916/3772 3246/3601
f 3249/3608 3246/3601 3011/3604
f 2928/3607 3293/3157 3249/3608
f 3062/3154 2911/3816 2918/3609
f 2892/3590 3112/3820 3077/3149
f 3315/3796 3250/3821 3352/3627
f 3253/3145 2943/3454 3013/3618
f 3111/3142 2909/3817 2914/3620
f 2964/3414 3352/3627 3012/3617
f 2966/3417 3331/3792 2959/3588
f 2924/3822 3302/3811 2923/3554
f 2938/3528 3327/3349 3326/3806
f 2985/3823 3311/3804 2944/3503
f 3203/3800 3370/3268 3114/3270
f 3321/3774 2945/3615 2993/3406
f 2959/3588 3328/3794 2944/3370
f 3317/3791 2924/3822 2967/3429
f 2939/3527 3318/3788 2968/3350
f 3343/3739 2952/3824 2872/3470
f 2992/3353 3369/3782 3309/3785
f 3148/3784 3368/3325 3155/3327
f 2877/3249 3307/3781 2878/3825
f 3330/3775 2993/3406 2956/3322
f 2881/3206 3341/3770 2857/3826
f 3367/3765 3099/3393 3187/3766
f 3320/3764 2864/3612 2952/3824
f 2851/3827 3346/3645 2882/3828
f 3306/3759 2879/3760 2880/3761
f 3365/3752 3192/3446 2994/3797
f 3365/3752 3364/3753 3192/3446
f 3365/3752 3363/3444 3364/3753
f 3363/3444 3183/3412 3364/3753
f 3192/3446 3361/3751 3362/3750
f 2985/3823 3335/3749 2966/3417
f 2998/3482 3360/3731 3317/3734
f 3167/3730 3359/3732 3347/3733
f 3359/3732 3358/3480 3163/3481
f 3359/3732 3360/3731 3358/3480
f 3360/3731 3203/3800 3358/3480
f 2855/3829 3298/3708 2858/3681
f 2852/3830 3340/3313 3339/3696
f 3357/3687 3225/3538 3004/3809
f 3110/3690 3356/3688 3357/3687
f 3134/3395 3355/3685 3225/3538
f 2879/3760 3295/3677 3294/3679
f 2882/3828 3344/3647 2881/3206
f 3012/3617 3312/3407 2945/3615
f 2986/3831 3299/3306 2866/3832
f 2880/3761 3353/3625 2986/3831
f 3115/3833 3323/3614 3251/3624
f 3251/3624 3329/3616 3095/3626
f 3250/3821 3342/3613 3153/3628
f 3166/3762 3314/3369 3161/3646
f 3068/3834 3324/3555 3067/3678
f 3148/3698 3310/3786 3309/3526
f 3136/3835 3328/3504 3091/3707
f 3136/3835 3305/3179 3119/3748
f 3183/3412 3348/3443 2856/3836
f 3336/3431 3068/3834 3121/3758
f 3181/3837 3316/3418 3166/3762
f 3350/3323 3153/3628 3189/3763
f 3161/3646 3311/3371 3152/3769
f 3300/3284 3190/3795 3105/3285
f 3087/3807 3337/3351 3122/3780
f 3313/3324 3189/3763 3159/3740
f 3149/3697 3348/3315 3168/3787
f 3347/3311 3117/3838 3167/3789
f 3107/3819 3298/3310 3091/3793
f 3351/3307 3095/3626 3190/3795
f 3181/3837 3341/3261 3152/3803
f 3086/3808 3297/3248 3296/3247
f 3117/3838 3332/3222 3110/3810
f 3119/3748 3301/3181 3107/3819
f 3164/3304 3322/3148 3250/3821
f 2840/3140 2818/3657 3075/3141
f 2984/3143 2862/3746 3151/3144
f 3345/3146 2878/3825 2946/3147
f 3077/3149 3112/3820 2835/3150
f 2842/3152 2822/3659 3051/3153
f 3142/3155 2845/3674 3060/3156
f 3028/3158 2828/3334 2823/3159
f 2863/3161 2856/3836 2852/3162
f 3031/3164 2830/3339 2826/3165
f 3032/3167 2827/3341 2824/3168
f 3292/3170 3129/3328 2833/3171
f 3036/3173 2829/3346 2825/3174
f 3038/3176 2832/3348 2818/3177
f 3305/3179 2884/3448 2883/3180
f 3291/3182 3146/3839 2848/3183
f 2853/3185 2850/3432 3085/3186
f 3173/3200 2831/3840 3047/3201
f 3125/3203 2819/3684 3081/3204
f 2881/3206 2857/3826 2851/3207
f 2841/3209 2821/3661 3015/3210
f 3334/3220 2860/3312 2859/3221
f 2982/3223 2867/3841 2868/3224
f 3124/3226 2838/3712 2826/3227
f 2837/3229 2825/3639 3082/3230
f 2934/3232 2848/3842 3146/3233
f 3130/3235 2848/3302 2934/3236
f 3224/3238 3150/3522 2865/3239
f 2980/3241 2849/3381 3080/3242
f 2867/3244 2859/3537 2860/3245
f 2941/3250 2940/3523 3088/3251
f 3177/3253 2846/3652 3076/3254
f 3172/3256 2832/3658 3035/3257
f 3349/3259 2851/3827 2857/3260
f 3170/3262 2836/3680 3018/3263
f 3108/3265 2843/3638 3140/3266
f 3370/3268 3113/3408 2876/3269
f 3202/3271 2979/3479 2816/3272
f 2839/3274 2817/3644 3073/3275
f 2951/3277 2950/3738 3102/3278
f 2954/3280 2871/3423 2869/3281
f 3104/3283 2874/3365 3300/3284
f 2957/3286 2876/3269 3106/3287
f 2990/3289 2863/3843 2861/3290
f 3128/3292 2834/3660 3041/3293
f 3137/3295 2879/3844 2949/3296
f 2836/3298 2823/3640 3118/3299
f 3191/3301 3156/3467 2864/3302
f 3164/3304 3165/3441 2877/3249
f 2877/3249 2878/3825 3345/3146
f 2991/3305 2866/3832 3299/3306
f 2883/3180 2884/3845 2855/3308
f 3301/3181 2883/3180 2858/3309
f 2947/3316 2984/3368 3186/3317
f 3043/3319 3173/3200 2973/3320
f 2956/3322 2993/3406 3350/3323
f 3368/3325 3187/3766 2948/3326
f 3129/3328 2975/3776 2912/3329
f 3179/3332 2859/3537 2867/3244
f 2867/3244 2982/3394 2981/3331
f 3014/3335 3045/3666 2906/3336
f 2850/3342 2853/3846 2930/3343
f 3327/3349 2939/3527 2968/3350
f 3154/3352 2947/3316 2992/3353
f 3143/3355 2929/3773 2917/3356
f 3126/3358 2834/3660 2822/3189
f 3174/3359 2833/3171 2821/3192
f 3175/3360 2831/3840 2817/3195
f 3141/3361 2844/3653 2840/3198
f 3072/3362 2927/3651 2913/3363
f 2874/3365 2991/3305 3351/3307
f 2953/3318 2869/3392 3098/3366
f 2870/3367 2953/3318 3186/3317
f 3076/3254 2846/3652 2842/3213
f 3060/3156 2845/3674 2841/3215
f 3140/3266 2843/3638 2839/3218
f 3314/3369 2959/3588 2944/3370
f 3326/3373 3086/3767 3188/3354
f 3188/3354 2992/3353 3326/3373
f 3128/3292 2974/3777 2910/3374
f 2954/3280 2870/3377 2951/3277
f 2870/3377 2872/3470 3103/3376
f 2979/3380 2854/3847 2849/3381
f 2983/3384 2955/3465 3158/3385
f 3040/3388 2916/3772 2919/3389
f 3366/3391 3098/3366 2869/3392
f 2982/3394 2875/3252 3134/3395
f 3172/3256 2972/3778 2908/3398
f 3071/3400 2926/3771 2921/3401
f 3022/3403 3093/3643 2904/3404
f 2993/3406 2945/3615 3312/3407
f 2984/3368 2947/3316 3154/3352
f 3099/3393 2869/3392 2961/3410
f 3183/3412 2856/3836 2863/3161
f 2863/3161 2990/3419 2989/3411
f 3115/3833 3116/3422 3333/3415
f 3116/3422 2965/3413 3333/3415
f 3319/3416 2985/3823 2966/3417
f 2990/3419 2871/3423 3139/3420
f 3137/3421 2988/3755 2965/3413
f 2954/3280 2951/3277 3157/3279
f 2873/3378 2874/3365 3104/3283
f 2875/3425 2876/3269 2957/3286
f 3100/3426 3033/3706 2897/3427
f 2967/3429 2924/3822 3325/3430
f 3307/3433 3122/3756 3191/3301
f 3191/3301 2946/3303 3307/3433
f 3057/3434 3034/3743 2902/3435
f 2868/3246 2860/3245 3163/3481
f 3163/3481 2963/3437 2868/3246
f 3114/3270 2876/3269 2960/3438
f 2861/3163 2852/3162 3155/3327
f 3155/3327 2948/3326 2861/3163
f 3308/3447 2855/3829 2884/3448
f 2887/3449 2894/3599 3030/3169
f 3193/3297 2949/3296 2865/3451
f 3194/3453 2995/3456 2943/3454
f 3182/3455 2988/3798 2995/3456
f 3195/3457 2903/3705 3092/3458
f 3196/3460 2996/3741 3197/3461
f 3174/3359 2974/3777 3198/3463
f 2871/3423 2990/3289 2961/3291
f 2874/3365 2873/3378 3160/3383
f 2873/3378 2957/3286 2958/3288
f 3159/3740 3158/3385 3313/3324
f 3158/3385 2955/3465 3313/3324
f 2952/3466 2864/3302 3156/3467
f 2872/3470 2952/3466 3200/3469
f 2922/3471 2900/3589 3037/3178
f 2997/3473 2931/3670 3144/3474
f 2978/3476 2997/3473 3201/3475
f 3132/3478 2854/3848 2979/3479
f 3358/3480 3203/3800 2963/3437
f 3336/3484 3121/3728 3204/3485
f 3204/3485 2998/3482 3336/3484
f 3162/3439 2962/3440 2998/3482
f 3205/3486 2926/3771 3071/3400
f 3206/3488 2999/3718 3207/3489
f 3058/3491 2915/3635 3208/3492
f 3209/3494 2887/3801 3097/3495
f 3210/3497 3000/3709 3211/3498
f 3124/3226 2970/3802 3212/3500
f 3338/3502 2985/3823 2944/3503
f 3213/3505 2898/3805 3027/3506
f 3273/3508 3214/3704 3001/3509
f 3126/3358 2972/3778 3216/3511
f 3217/3513 2929/3773 3143/3355
f 3218/3515 3002/3699 3219/3516
f 3131/3518 2977/3649 3220/3519
f 2942/3521 2865/3239 3150/3522
f 2940/3523 2941/3250 3221/3524
f 2873/3525 2942/3521 3221/3524
f 3309/3526 3310/3786 2939/3527
f 3222/3529 3003/3532 2932/3530
f 3125/3203 2971/3693 3003/3532
f 2816/3272 2980/3241 3223/3243
f 3294/3535 3067/3691 3224/3238
f 3224/3238 2949/3240 3294/3535
f 3179/3332 3110/3690 3332/3536
f 3226/3237 2934/3236 2820/3539
f 3081/3204 3227/3543 3005/3541
f 3227/3543 3176/3683 2976/3544
f 3228/3545 3006/3549 2935/3546
f 3133/3548 2888/3671 3006/3549
f 2820/3539 2934/3232 3229/3234
f 2969/3551 2891/3600 3025/3166
f 3170/3262 2970/3802 2890/3553
f 2875/3425 2982/3223 2960/3225
f 3325/3430 2924/3822 2923/3554
f 2921/3401 2922/3812 3066/3276
f 2919/3389 2920/3813 3020/3556
f 2917/3356 2918/3154 3070/3557
f 3020/3558 2920/3814 2885/3559
f 3230/3560 2889/3542 3021/3540
f 3231/3562 3007/3669 3232/3563
f 3171/3533 2971/3693 3233/3565
f 3234/3567 2907/3642 3055/3568
f 3235/3570 3008/3663 3236/3571
f 3127/3347 2973/3320 3237/3573
f 2913/3363 2914/3815 3054/3575
f 2912/3329 2885/3559 3015/3210
f 2910/3374 2911/3816 3051/3153
f 2908/3398 2909/3817 3075/3141
f 2978/3576 2937/3818 3147/3577
f 3262/3579 3238/3654 2925/3580
f 3239/3582 3009/3648 3240/3583
f 3260/3585 3083/3650 2935/3586
f 3316/3418 2966/3417 2959/3588
f 3043/3319 2901/3321 2900/3589
f 3022/3403 2899/3405 2892/3590
f 3242/3591 2905/3742 3084/3592
f 3243/3594 3010/3641 3244/3595
f 3175/3360 2975/3776 3245/3597
f 3014/3335 2896/3337 2894/3599
f 3057/3434 2895/3436 2891/3600
f 3100/3426 2893/3428 2890/3553
f 3246/3601 2916/3772 3040/3388
f 3255/3603 3247/3631 3011/3604
f 3254/3606 3074/3634 2928/3607
f 2918/3609 2911/3816 3017/3193
f 3026/3175 3016/3629 2886/3611
f 3322/3148 2946/3147 2864/3612
f 3323/3614 3012/3617 2945/3615
f 3333/3415 2964/3414 3012/3617
f 3013/3618 2943/3454 3090/3452
f 2983/3384 3013/3618 3252/3619
f 2870/3377 2984/3143 3253/3145
f 2914/3620 2909/3817 3049/3190
f 3054/3621 3049/3190 2822/3189
f 3180/3386 3253/3145 3013/3618
f 3135/3424 3252/3619 2942/3622
f 3252/3619 3090/3452 2865/3451
f 3303/3623 3115/3833 3251/3624
f 3353/3625 3251/3624 3095/3626
f 3352/3627 3250/3821 3153/3628
f 2825/3174 2837/3849 3016/3629
f 3070/3610 3017/3193 2821/3192
f 3247/3631 3254/3606 3249/3608
f 2932/3632 3080/3633 3254/3606
f 3080/3633 2849/3655 3074/3634
f 3058/3491 3255/3603 3248/3605
f 2847/3636 3145/3637 3255/3603
f 2932/3632 3247/3631 3255/3603
f 3108/3265 3256/3602 3040/3388
f 2915/3635 3248/3605 3256/3602
f 3248/3605 3011/3604 3246/3601
f 3243/3594 3257/3598 3245/3597
f 2907/3642 3047/3201 3257/3598
f 3047/3201 2831/3840 3175/3360
f 3258/3596 3244/3595 2904/3404
f 3055/3568 3258/3596 3093/3643
f 3055/3568 2907/3642 3243/3594
f 3042/3345 3259/3593 3084/3592
f 2904/3404 3244/3595 3259/3593
f 3010/3641 3242/3591 3259/3593
f 3346/3645 3166/3762 3161/3646
f 3239/3582 3260/3585 3241/3587
f 2977/3649 3131/3518 3260/3585
f 3131/3518 2850/3702 3083/3650
f 3261/3584 3240/3583 2927/3651
f 3177/3253 3261/3584 3072/3362
f 2977/3649 3239/3582 3261/3584
f 3141/3361 3262/3579 3120/3581
f 3240/3583 3262/3579 3141/3361
f 3240/3583 3009/3648 3238/3654
f 3132/3578 3147/3577 2849/3655
f 3048/3399 3075/3141 2818/3657
f 3050/3375 3051/3153 2822/3659
f 3052/3330 3015/3210 2821/3661
f 3053/3364 3054/3575 2842/3662
f 3263/3574 3237/3573 3008/3663
f 3035/3664 3263/3574 3235/3570
f 2832/3348 3127/3347 3263/3574
f 3264/3572 3236/3571 2906/3336
f 3027/3667 3264/3572 3045/3666
f 2898/3665 3235/3570 3264/3572
f 3265/3569 3055/3568 2827/3341
f 3236/3571 3265/3569 3046/3340
f 3008/3663 3234/3567 3265/3569
f 3266/3566 3233/3565 3007/3669
f 3078/3273 3266/3566 3231/3562
f 2816/3272 3171/3533 3266/3566
f 3267/3564 3232/3563 2888/3671
f 3144/3474 3267/3564 3133/3548
f 2931/3670 3231/3562 3267/3564
f 3268/3561 3021/3540 2820/3539
f 3232/3563 3268/3561 3019/3550
f 3007/3669 3230/3560 3268/3561
f 2839/3672 3020/3558 3138/3196
f 3061/3357 3070/3557 2841/3673
f 3063/3390 3020/3556 2839/3675
f 3065/3402 3066/3276 2840/3471
f 3295/3677 3068/3834 3067/3678
f 2836/3680 3170/3262 3079/3160
f 3123/3552 3025/3166 2826/3165
f 3019/3550 3229/3234 3006/3549
f 2815/3387 3133/3548 3228/3545
f 2936/3344 3228/3545 3083/3547
f 2933/3682 2847/3850 3176/3683
f 2819/3684 2933/3682 3227/3543
f 3005/3541 3226/3237 3021/3540
f 2875/3252 3088/3251 3354/3686
f 2940/3523 3004/3809 3355/3685
f 3004/3809 3225/3538 3355/3685
f 2981/3331 3225/3538 3356/3688
f 3324/3692 2923/3851 3004/3809
f 3004/3809 3224/3238 3324/3692
f 3171/3533 3223/3243 3003/3532
f 2819/3684 3125/3203 3222/3529
f 2933/3694 3222/3529 3145/3531
f 3339/3696 3340/3313 3149/3697
f 3269/3520 3220/3519 3002/3699
f 3085/3700 3269/3520 3218/3515
f 2850/3702 3131/3518 3269/3520
f 3270/3517 3219/3516 2928/3607
f 3147/3703 3270/3517 3074/3634
f 2937/3701 3218/3515 3270/3517
f 3271/3514 3143/3355 2845/3674
f 3219/3516 3271/3514 3142/3155
f 3002/3699 3217/3513 3271/3514
f 3214/3704 3272/3512 3216/3511
f 2903/3705 3041/3293 3272/3512
f 2834/3660 3126/3358 3272/3512
f 3273/3508 3215/3510 2897/3427
f 3092/3458 3273/3508 3033/3706
f 3092/3458 2903/3705 3214/3704
f 3274/3507 3027/3506 2828/3334
f 3215/3510 3274/3507 3059/3333
f 3215/3510 3001/3509 3213/3505
f 3308/3447 3136/3835 3091/3707
f 3275/3501 3212/3500 3000/3709
f 3123/3710 3275/3501 3210/3497
f 2838/3712 3124/3226 3275/3501
f 3276/3499 3211/3498 2886/3713
f 3169/3715 3276/3499 3016/3714
f 2969/3711 3210/3497 3276/3499
f 3277/3496 3097/3495 2835/3716
f 3211/3498 3277/3496 3112/3717
f 3000/3709 3209/3494 3277/3496
f 3278/3493 3208/3492 2999/3718
f 3176/3719 3278/3493 3206/3488
f 2847/3636 3058/3491 3278/3493
f 3279/3490 3207/3489 2925/3721
f 3130/3723 3279/3490 3069/3722
f 2976/3720 3206/3488 3279/3490
f 3280/3487 3071/3400 2844/3676
f 3207/3489 3280/3487 3120/3725
f 2999/3718 3205/3486 3280/3487
f 2866/3726 3162/3439 3204/3485
f 3306/3729 2880/3852 2986/3727
f 2986/3727 3204/3485 3306/3729
f 3163/3481 2860/3245 3347/3733
f 2978/3476 3132/3478 3202/3271
f 3178/3477 3201/3475 2930/3735
f 3201/3475 3144/3474 2815/3387
f 3066/3472 3037/3178 2818/3177
f 2950/3738 2951/3277 3200/3469
f 2872/3470 2870/3377 3343/3739
f 2870/3377 3158/3385 3159/3740
f 3281/3464 3198/3463 2996/3741
f 3044/3172 3281/3464 3196/3460
f 2833/3171 3174/3359 3281/3464
f 3282/3462 3197/3461 2902/3435
f 3084/3592 3282/3462 3034/3743
f 2905/3742 3196/3460 3282/3462
f 3283/3459 3092/3458 2830/3339
f 3197/3461 3283/3459 3039/3338
f 2996/3741 3195/3457 3283/3459
f 2877/3744 3182/3455 3194/3453
f 2987/3745 3194/3453 3151/3144
f 2995/3456 3193/3297 3090/3452
f 3097/3450 3030/3169 2824/3168
f 3338/3502 3136/3835 3119/3748
f 2871/3423 3102/3278 3361/3751
f 2950/3738 2994/3797 3362/3750
f 2994/3797 3192/3446 3362/3750
f 2989/3411 3192/3446 3364/3753
f 2988/3755 3182/3442 3165/3441
f 2991/3397 3184/3396 3162/3439
f 2825/3639 2829/3346 3034/3743
f 3337/3757 2968/3853 2994/3797
f 2994/3797 3191/3301 3337/3757
f 3121/3758 3068/3834 3295/3677
f 2826/3227 2830/3339 3033/3706
f 3135/3424 3104/3283 2955/3465
f 2879/3760 3137/3421 3116/3422
f 3349/3259 3181/3837 3166/3762
f 3116/3422 3115/3833 3303/3623
f 2958/3288 3106/3287 3113/3408
f 3189/3763 3153/3628 3342/3613
f 2824/3151 2827/3341 3093/3643
f 2962/3440 3184/3396 3185/3382
f 3187/3766 2992/3353 3367/3765
f 2992/3353 2947/3316 3367/3765
f 2874/3365 3160/3383 3185/3382
f 3296/3768 2877/3854 2987/3779
f 2987/3779 3188/3354 3296/3768
f 3344/3647 3161/3646 3152/3769
f 2926/3771 3140/3266 3056/3217
f 2916/3772 3060/3156 3096/3214
f 2929/3773 3076/3254 3109/3212
f 3105/3285 3190/3795 3321/3774
f 2927/3651 3141/3361 3029/3197
f 2975/3776 3175/3360 3094/3194
f 2974/3777 3174/3359 3089/3191
f 2972/3778 3126/3358 3024/3188
f 2862/3409 3154/3352 3188/3354
f 3297/3248 3087/3807 3122/3780
f 2901/3321 2973/3320 3127/3347
f 2899/3405 2904/3404 3042/3345
f 2896/3337 2906/3336 3046/3340
f 2895/3436 2902/3435 3039/3338
f 2823/3640 2828/3668 3045/3666
f 2893/3428 2897/3427 3059/3333
f 3155/3327 2852/3162 3339/3783
f 3159/3740 3189/3763 3320/3764
f 2817/3644 2831/3840 3173/3200
f 3310/3786 3149/3697 3168/3787
f 3167/3789 3117/3838 3304/3790
f 3331/3792 3107/3819 3091/3793
f 3190/3795 3095/3626 3329/3616
f 2964/3414 2965/3413 3315/3796
f 2965/3413 3165/3441 3315/3796
f 2994/3797 2950/3738 3156/3467
f 3018/3300 3118/3299 2894/3599
f 2988/3798 3137/3295 3193/3297
f 3284/3294 3041/3293 2903/3705
f 3198/3463 3284/3294 3195/3457
f 2974/3777 3128/3292 3284/3294
f 2956/3322 2955/3465 3330/3775
f 2955/3465 3104/3283 3330/3775
f 3101/3276 3073/3275 2900/3589
f 2997/3473 3202/3271 3078/3273
f 3203/3800 2998/3482 3371/3799
f 2998/3482 2962/3440 3371/3799
f 3285/3267 3140/3266 2926/3771
f 3208/3492 3285/3267 3205/3486
f 2915/3635 3108/3265 3285/3267
f 3286/3264 3018/3263 2887/3801
f 3212/3500 3286/3264 3209/3494
f 2970/3802 3170/3262 3286/3264
f 3319/3416 3181/3837 3152/3803
f 3287/3258 3035/3257 2898/3805
f 3216/3511 3287/3258 3213/3505
f 2972/3778 3172/3256 3287/3258
f 3288/3255 3076/3254 2929/3773
f 3220/3519 3288/3255 3217/3513
f 2977/3649 3177/3253 3288/3255
f 3326/3806 3327/3349 3087/3807
f 3223/3243 3080/3242 2932/3530
f 3004/3809 2940/3523 3150/3522
f 2976/3544 3130/3235 3226/3237
f 3229/3234 3146/3233 2935/3546
f 3169/3231 3082/3230 2891/3600
f 2970/3802 3124/3226 3023/3228
f 3304/3790 3117/3838 3110/3810
f 3056/3217 3101/3219 2922/3812
f 3096/3214 3064/3216 2920/3813
f 3109/3212 3062/3152 2918/3154
f 3064/3211 3015/3210 2885/3559
f 3289/3205 3081/3204 2889/3542
f 3233/3565 3289/3205 3230/3560
f 2971/3693 3125/3203 3289/3205
f 3290/3202 3047/3201 2907/3642
f 3237/3573 3290/3202 3234/3567
f 2973/3320 3173/3200 3290/3202
f 3029/3197 3111/3199 2914/3815
f 3094/3194 3138/3196 2885/3559
f 3089/3191 3017/3193 2911/3816
f 3024/3188 3049/3190 2909/3817
f 3178/3187 3085/3186 2937/3818
f 3238/3654 3291/3182 3069/3184
f 3009/3648 3241/3587 3291/3182
f 2935/3586 3146/3839 3291/3182
f 3335/3749 3119/3748 3107/3819
f 2901/3321 3038/3176 3037/3178
f 2899/3405 3036/3173 3026/3175
f 3292/3170 3044/3172 2905/3742
f 3245/3597 3292/3170 3242/3591
f 3245/3597 2975/3776 3129/3328
f 2896/3337 3032/3167 3030/3169
f 2895/3436 3031/3164 3025/3166
f 2893/3428 3028/3158 3079/3160
f 3293/3157 3060/3156 2916/3772
f 3249/3608 3293/3157 3246/3601
f 2928/3607 3142/3155 3293/3157
f 3062/3154 3051/3153 2911/3816
f 2892/3590 2886/3611 3112/3820
f 3315/3796 3164/3304 3250/3821
f 3253/3145 3151/3144 2943/3454
f 3111/3142 3075/3141 2909/3817
f 2964/3414 3315/3796 3352/3627
f 2966/3417 3335/3749 3331/3792
f 2924/3822 3304/3790 3302/3811
f 2938/3528 2939/3527 3327/3349
f 2985/3823 3319/3416 3311/3804
f 3203/3800 3371/3799 3370/3268
f 3321/3774 3329/3616 2945/3615
f 2959/3588 3331/3792 3328/3794
f 3317/3791 3304/3790 2924/3822
f 2939/3527 3310/3786 3318/3788
f 3343/3739 3320/3764 2952/3824
f 3309/3785 2938/3372 2992/3353
f 2992/3353 3187/3766 3369/3782
f 3148/3784 3369/3782 3368/3325
f 2877/3249 3297/3248 3307/3781
f 3330/3775 3321/3774 2993/3406
f 2881/3206 3344/3647 3341/3770
f 3367/3765 3366/3391 3099/3393
f 3320/3764 3342/3613 2864/3612
f 2851/3827 3349/3259 3346/3645
f 3306/3759 3295/3677 2879/3760
f 2994/3797 2968/3853 3318/3754
f 3318/3754 3365/3752 2994/3797
f 3192/3446 3139/3420 3361/3751
f 2985/3823 3338/3502 3335/3749
f 3317/3734 2967/3483 2998/3482
f 2998/3482 3203/3800 3360/3731
f 2855/3829 3308/3447 3298/3708
f 2852/3830 2856/3314 3340/3313
f 3004/3809 2923/3851 3302/3689
f 3302/3689 3357/3687 3004/3809
f 3110/3690 3179/3332 3356/3688
f 3134/3395 3354/3686 3355/3685
f 2882/3828 3346/3645 3344/3647
f 3012/3617 3352/3627 3312/3407
f 2986/3831 3353/3625 3299/3306
f 2880/3761 3303/3623 3353/3625
f 3115/3833 3333/3415 3323/3614
f 3251/3624 3323/3614 3329/3616
f 3250/3821 3322/3148 3342/3613
f 3166/3762 3316/3418 3314/3369
f 3068/3834 3325/3430 3324/3555
f 3148/3698 3149/3697 3310/3786
f 3136/3835 3338/3502 3328/3504
f 3136/3835 3308/3447 3305/3179
f 3183/3412 3363/3444 3348/3443
f 3336/3431 3325/3430 3068/3834
f 3181/3837 3319/3416 3316/3418
f 3350/3323 3312/3407 3153/3628
f 3161/3646 3314/3369 3311/3371
f 3300/3284 3351/3307 3190/3795
f 3087/3807 3327/3349 3337/3351
f 3313/3324 3350/3323 3189/3763
f 3149/3697 3340/3313 3348/3315
f 3347/3311 3334/3220 3117/3838
f 3107/3819 3301/3181 3298/3310
f 3351/3307 3299/3306 3095/3626
f 3181/3837 3349/3259 3341/3261
f 3086/3808 3087/3807 3297/3248
f 3117/3838 3334/3220 3332/3222
f 3119/3748 3305/3179 3301/3181
f 3164/3304 3345/3146 3322/3148
o RightBoot
v -4.25 18.52 2.25
v 0.25 18.52 2.25
v -4.25 18.52 -2.25
v 0.25 18.52 -2.25
v -4.5312 24.24 2.5312
v 0.5312 24.24 2.5312
v -4.5312 24.24 -2.5313
v 0.5312 24.24 -2.5313
v -4.5313 18.52 -2.5313
v -4.5313 18.52 2.5312
v 0.5312 18.52 2.5312
v 0.5312 18.52 -2.5313
v -4.5313 21.64 -2.5313
v 0.5312 21.64 -2.5313
v -3.6875 22.68 -3.6563
v -0.3125 22.68 -3.6563
v -3.6875 24.24 -3.6563
v -0.3125 24.24 -3.6563
v -1.8594 18.52 2.3906
v -2 18.52 2.25
v 0.3906 18.52 -0.1406
v 0.25 18.52 -0
v -4.3906 18.52 0.1406
v -4.25 18.52 -0
v -2 24.24 2.5312
v -4.5312 24.24 -0
v -2.1406 18.52 -2.3906
v -2 18.52 -2.25
v -4.5313 20.08 -2.5313
v -4.5313 18.52 -0
v 0.5312 18.52 -0
v 0.5312 20.08 -2.5313
v 0.5312 21.38 2.5312
v -2 18.52 -2.5313
v -4.1094 22.16 -3.0938
v -2 21.64 -2.5313
v -3.6875 23.46 -3.6563
v -2 22.68 -3.6563
v -4.5312 22.94 -2.5313
v -0.3125 23.46 -3.6563
v -2 24.24 -2.5313
v -2 18.52 2.5312
v 0.5312 24.24 -0
v -4.5313 21.38 2.5312
v -4.5312 22.94 -0
v 0.5312 22.94 -0
v 0.5312 22.94 -2.5313
v 0.1094 22.16 -3.0938
v -2 24.24 -3.6563
v -2 24.24 -0
v -2 22.16 -3.0938
v -4.5313 20.73 -0
v -2 21.38 2.5312
v -2 23.46 -3.6563
v 0.5312 20.73 -0
v -2 20.08 -2.5313
v -0.6641 18.52 2.4609
v -0.875 18.52 2.25
v 0.4609 18.52 -1.3359
v 0.25 18.52 -1.125
v -4.4609 18.52 1.3359
v -4.25 18.52 -1.125
v -0.7344 24.24 2.5312
v -3.125 18.52 -2.25
v -4.5312 24.24 -1.2656
v -3.3359 18.52 -2.4609
v -0.875 18.52 -2.25
v -4.25 18.52 1.125
v -4.5313 20.86 -2.5313
v -4.5313 18.52 1.2656
v -4.3203 18.52 -1.0547
v 0.5312 18.52 -1.2656
v 0.5312 20.86 -2.5313
v -4.5312 24.24 1.2656
v 0.5312 19.95 2.5312
v -0.9453 18.52 -2.3203
v -0.7344 18.52 -2.5313
v -3.125 18.52 2.25
v -0.7344 21.64 -2.5313
v -3.2656 24.24 2.5312
v -1.1562 22.68 -3.6563
v 0.25 18.52 1.125
v 0.3203 18.52 1.0547
v -0.7344 24.24 -2.5313
v -3.0547 18.52 2.3203
v -0.7344 18.52 2.5312
v 0.5312 24.24 -1.2656
v -4.5313 19.95 2.5312
v -4.5313 22.29 -1.2656
v 0.5312 22.29 -1.2656
v -1.1562 24.24 -3.6563
v -4.5313 19.3 -2.5313
v -4.5313 18.52 -1.2656
v 0.5312 18.52 1.2656
v 0.5312 19.3 -2.5313
v 0.5312 22.81 2.5312
v -3.2656 18.52 -2.5313
v -3.2656 21.64 -2.5313
v -2.8438 22.68 -3.6563
v -3.2656 24.24 -2.5313
v -3.2656 18.52 2.5312
v 0.5312 24.24 1.2656
v -4.5312 22.81 2.5312
v -4.5312 23.59 1.2656
v 0.5312 23.59 1.2656
v -2.8438 24.24 -3.6563
v -3.2656 24.24 -0
v -0.7344 24.24 -0
v -2 24.24 1.2656
v -2 24.24 -1.2656
v 0.5312 22.94 -1.2656
v 0.5312 23.59 -1.2656
v -4.5312 22.94 -1.2656
v -4.5312 23.59 -1.2656
v -3.0547 22.16 -3.0938
v -0.9453 22.16 -3.0938
v -4.5313 20.405 -1.2656
v -4.5313 21.055 1.2656
v -4.5313 19.625 -0
v -4.5313 21.835 -0
v -0.7344 21.38 2.5312
v -3.2656 21.38 2.5312
v -2 22.81 2.5312
v -2 19.95 2.5312
v -2.8438 23.46 -3.6563
v -1.1562 23.46 -3.6563
v 0.5312 20.405 -1.2656
v 0.5312 21.055 1.2656
v 0.5312 21.835 -0
v 0.5312 19.625 -0
v -2 19.3 -2.5313
v -2 20.86 -2.5313
v -3.2656 20.08 -2.5313
v -0.7344 20.08 -2.5313
v -0.7344 20.86 -2.5313
v -3.2656 20.86 -2.5313
v -3.2656 19.3 -2.5313
v 0.5312 19.7875 1.2656
v 0.5312 22.3225 1.2656
v 0.5312 21.3475 -1.2656
v -3.2656 19.95 2.5312
v -3.2656 22.81 2.5312
v -0.7344 22.81 2.5312
v -4.5313 22.3225 1.2656
v -4.5313 19.7875 1.2656
v -4.5313 19.4625 -1.2656
v -3.2656 24.24 -1.2656
v -0.7344 24.24 1.2656
v -0.7344 24.24 -1.2656
v -3.2656 24.24 1.2656
v -4.5313 21.3475 -1.2656
v -0.7344 19.95 2.5312
v 0.5312 19.4625 -1.2656
v -0.7344 19.3 -2.5313
vt 0.1667 0.3915
vt 0.2222 0.3962
vt 0.1667 0.3962
vt 0.9167 0.3915
vt 0.9722 0.3962
vt 0.9167 0.3962
vt 0.4167 0.3915
vt 0.4722 0.3962
vt 0.4167 0.3962
vt 0.75 0.3491
vt 0.6875 0.3774
vt 0.6875 0.3491
vt 0.6667 0.3915
vt 0.7222 0.3962
vt 0.6667 0.3962
vt 0.8125 0.3774
vt 0.8125 0.3432
vt 0.5278 0.1509
vt 0.5556 0.1038
vt 0.5556 0.1321
vt 0.7222 0.1038
vt 0.6806 0.1321
vt 0.6806 0.1038
vt 0.0625 0.3255
vt -0 0.3774
vt 0 0.3255
vt 0.5833 0.0377
vt 0.5556 0.0755
vt 0.5278 0.0377
vt 0.4375 0.2748
vt 0.5 0.2642
vt 0.5 0.2925
vt 0.7778 0.1226
vt 0.7778 0.1698
vt 0.75 0.1509
vt 0.7431 0.1509
vt 0.7014 0.1698
vt 0.691 0.1509
vt 0.1875 0.0849
vt 0.25 0.1274
vt 0.1875 0.1274
vt 0.1875 0.3774
vt 0.9375 0.3774
vt 0.4375 0.3774
vt 0.3125 0.3774
vt 0.3611 0.3868
vt 0.3056 0.3821
vt 0.5 0.217
vt 0.4375 0.2406
vt 0.4375 0.217
vt 0.375 0.1698
vt 0.3125 0.1934
vt 0.3125 0.1698
vt 0.8125 0.2406
vt 0.8125 0.217
vt 0.875 0.217
vt 0.8125 0.1934
vt 0.8125 0.1698
vt 0.875 0.1698
vt 0.5 0.1698
vt 0.4375 0.1934
vt 0.4375 0.1698
vt 0.5625 0.3774
vt 0.6111 0.3868
vt 0.5556 0.3821
vt 0.0625 0
vt 0.125 0.0425
vt 0.0625 0.0425
vt 0.75 0.217
vt 0.9375 0.1934
vt 0.9375 0.1698
vt 1 0.1698
vt 0.0625 0.0849
vt 0.125 0.1274
vt 0.0625 0.1274
vt 0.1875 0
vt 0.25 0.0425
vt 0.1875 0.0425
vt 0.8611 0.3868
vt 0.8056 0.3821
vt 0.0625 0.3774
vt 0.1111 0.3868
vt 0.0556 0.3821
vt 0.5868 0.1509
vt 0.6389 0.1698
vt 0.5764 0.1698
vt 0.5972 0.1321
vt 0.6389 0.1509
vt 0.7222 0.1321
vt 0.7778 0.0755
vt 0.7222 0.0755
vt 0.4375 0.3432
vt 0.5 0.3208
vt 0.5 0.3491
vt 0.3125 0.3314
vt 0.375 0.2972
vt 0.375 0.3373
vt 0.3125 0.2394
vt 0.375 0.217
vt 0.375 0.2571
vt 0.6806 0.0755
vt 0.6389 0.0377
vt 0.6944 0.0377
vt 0.0625 0.2217
vt 0 0.2736
vt 0 0.2217
vt 0.1875 0.2217
vt 0.125 0.2736
vt 0.125 0.2217
vt 0.1875 0.3255
vt 0.125 0.3774
vt 0.125 0.3255
vt 0.6389 0.1038
vt 0.5972 0.1038
vt 0.6389 0.0755
vt 0.5972 0.0755
vt 0.5 0.1226
vt 0.5 0.0755
vt 0.8125 0.309
vt 0.75 0.2925
vt 0.8125 0.2748
vt 0.9375 0.2854
vt 0.875 0.2571
vt 0.9375 0.2394
vt 0.875 0.3373
vt 0.9375 0.3314
vt 0.5556 0.3962
vt 0.625 0.3491
vt 0.5625 0.3491
vt 0.625 0.2925
vt 0.5625 0.3208
vt 0.5625 0.2925
vt 0.6875 0.2925
vt 0.75 0.3208
vt 0.6875 0.3208
vt 0.3056 0.3962
vt 0.8056 0.3962
vt 0.0556 0.3962
vt -0 0.3962
vt 0.75 0.3962
vt 0.75 0.3774
vt 0.25 0.3962
vt 0.25 0.3774
vt 0.625 0.3208
vt 0.625 0.2642
vt 0.6875 0.2642
vt 0.5625 0.2642
vt 0.5 0.3774
vt 0.5 0.3962
vt 0.875 0.2972
vt 1 0.3255
vt 1 0.2736
vt 1 0.3774
vt 1 0.2217
vt 0.75 0.2642
vt 0.1875 0.2736
vt 0.25 0.2736
vt 0.25 0.3255
vt 0.1875 0.1698
vt 0.125 0.1698
vt 0.25 0.1698
vt 0.25 0.2217
vt 0 0.1698
vt 0.0625 0.1698
vt 0.0625 0.2736
vt 0.75 0.0377
vt 0.3125 0.2854
vt 0.375 0.3774
vt 0.4375 0.309
vt 0.6389 0.1321
vt 0.5347 0.1509
vt 0.5139 0.1698
vt 0.25 0.0849
vt 0.125 0.0849
vt 0.125 0
vt 0 0.1274
vt 0 0.0849
vt 0 0.0425
vt 0 -0
vt 0.75 0.1698
vt 0.625 0.3774
vt 0.875 0.3774
vt 0.6111 0.3962
vt 0.3611 0.3962
vt 0.8611 0.3962
vt 0.1111 0.3962
vt 0.7639 0.1698
vt 0.25 -0
s 1
f 3456/3855 3372/3856 3449/3857
f 3454/3858 3373/3859 3453/3860
f 3442/3861 3374/3862 3433/3863
f 3466/3864 3448/3865 3525/3866
f 3447/3867 3375/3868 3438/3869
f 3443/3870 3466/3864 3524/3871
f 3406/3872 3408/3873 3386/3874
f 3411/3875 3452/3876 3497/3877
f 3523/3878 3382/3879 3446/3880
f 3471/3881 3388/3882 3378/3883
f 3522/3884 3384/3885 3440/3886
f 3418/3887 3385/3888 3419/3889
f 3419/3890 3450/3891 3487/3892
f 3478/3893 3445/3894 3521/3895
f 3472/3896 3372/3856 3456/3855
f 3465/3897 3373/3859 3454/3858
f 3464/3898 3374/3862 3442/3861
f 3441/3899 3394/3900 3432/3901
f 3448/3865 3375/3868 3447/3867
f 3410/3902 3460/3903 3484/3904
f 3397/3905 3475/3906 3445/3907
f 3461/3908 3482/3909 3417/3910
f 3483/3911 3458/3912 3414/3913
f 3378/3914 3485/3915 3436/3916
f 3468/3917 3398/3918 3437/3919
f 3455/3920 3481/3921 3520/3922
f 3484/3904 3485/3915 3410/3902
f 3482/3909 3418/3923 3483/3911
f 3476/3924 3473/3925 3377/3926
f 3479/3927 3480/3928 3519/3929
f 3471/3930 3436/3931 3518/3932
f 3443/3870 3392/3933 3430/3934
f 3457/3935 3390/3936 3428/3937
f 3486/3938 3407/3939 3469/3940
f 3470/3941 3422/3942 3486/3938
f 3387/3943 3487/3892 3452/3876
f 3418/3887 3419/3889 3411/3875
f 3411/3875 3419/3889 3387/3943
f 3379/3944 3411/3875 3389/3945
f 3517/3946 3400/3947 3463/3948
f 3516/3949 3423/3950 3490/3951
f 3515/3952 3416/3953 3491/3954
f 3462/3955 3412/3956 3455/3957
f 3514/3958 3404/3959 3467/3960
f 3513/3961 3424/3962 3494/3963
f 3512/3964 3413/3965 3495/3966
f 3425/3967 3470/3941 3496/3968
f 3420/3969 3496/3968 3477/3970
f 3389/3945 3497/3877 3462/3955
f 3410/3971 3408/3873 3406/3872
f 3410/3971 3406/3872 3384/3914
f 3378/3972 3408/3873 3410/3971
f 3498/3973 3444/3974 3511/3975
f 3499/3976 3500/3977 3510/3978
f 3465/3897 3501/3979 3509/3980
f 3398/3918 3435/3981 3437/3919
f 3502/3982 3468/3917 3508/3983
f 3503/3984 3504/3985 3507/3986
f 3506/3987 3403/3988 3505/3989
f 3394/3900 3439/3990 3432/3901
f 3392/3933 3431/3991 3430/3934
f 3390/3936 3429/3992 3428/3937
f 3428/3937 3373/3993 3382/3879
f 3430/3934 3375/3994 3383/3995
f 3432/3901 3372/3996 3381/3997
f 3503/3984 3505/3989 3427/3998
f 3407/3999 3506/3987 3503/3984
f 3450/4000 3444/3974 3506/3987
f 3440/3886 3504/3985 3400/3947
f 3469/4001 3440/3886 3384/3885
f 3469/4001 3503/3984 3507/3986
f 3508/3983 3380/4002 3463/3948
f 3400/3947 3508/3983 3463/3948
f 3427/3998 3508/3983 3504/3985
f 3437/3919 3374/4003 3380/4002
f 3509/3980 3426/4004 3499/3976
f 3446/4005 3499/3976 3404/4006
f 3382/4007 3509/3980 3446/4005
f 3510/3978 3417/3910 3476/3924
f 3467/4008 3476/3924 3377/3926
f 3404/4006 3510/3978 3467/4008
f 3511/3975 3385/4009 3461/3908
f 3500/3977 3461/3908 3417/3910
f 3426/4004 3511/3975 3500/3977
f 3462/3955 3425/3967 3420/3969
f 3477/3970 3408/3873 3388/3882
f 3496/3968 3386/3874 3408/3873
f 3493/4010 3495/3966 3424/3962
f 3415/4011 3512/3964 3493/4010
f 3459/4012 3472/3896 3512/3964
f 3451/4013 3494/3963 3396/4014
f 3376/4015 3513/3961 3451/4013
f 3474/4016 3493/4010 3513/3961
f 3514/3958 3377/4017 3434/4018
f 3396/4014 3514/3958 3434/4018
f 3494/3963 3492/4019 3514/3958
f 3389/3945 3455/3957 3379/4020
f 3489/4021 3491/3954 3423/3950
f 3415/4011 3515/3952 3489/4021
f 3474/4016 3475/3906 3515/3952
f 3441/3899 3490/3951 3401/4022
f 3381/3997 3516/3949 3441/3899
f 3459/4012 3489/4021 3516/3949
f 3464/3898 3463/3948 3380/4002
f 3401/4022 3517/3946 3464/3898
f 3490/3951 3488/4023 3517/3946
f 3452/3876 3422/3942 3409/4024
f 3386/3874 3486/3938 3406/4025
f 3406/4025 3469/3940 3384/4026
f 3382/3879 3457/3935 3428/3937
f 3383/3995 3443/3870 3430/3934
f 3518/3932 3397/4027 3478/3893
f 3481/3921 3478/3893 3421/4028
f 3412/4029 3518/3932 3481/3921
f 3519/3929 3396/4014 3434/4018
f 3473/4030 3434/4018 3377/4017
f 3414/4031 3519/3929 3473/4030
f 3414/3913 3476/3924 3417/3910
f 3417/3910 3483/3911 3414/3913
f 3416/3953 3485/3915 3484/3904
f 3520/3922 3421/4028 3479/3927
f 3458/4032 3479/3927 3414/4031
f 3379/4033 3520/3922 3458/4032
f 3380/4002 3468/3917 3437/3919
f 3397/3905 3436/3916 3485/3915
f 3379/4034 3483/3911 3418/3923
f 3418/3923 3461/3908 3385/4009
f 3376/4015 3445/3907 3475/3906
f 3416/3953 3484/3904 3460/3903
f 3405/4035 3447/3867 3398/3918
f 3381/3997 3441/3899 3432/3901
f 3401/4022 3442/3861 3394/3900
f 3402/4036 3454/3858 3392/3933
f 3413/3965 3456/3855 3390/3936
f 3521/3895 3376/4015 3451/4013
f 3480/3928 3451/4013 3396/4014
f 3421/4028 3521/3895 3480/3928
f 3487/3892 3407/3939 3422/3942
f 3488/4023 3440/3886 3400/3947
f 3423/3950 3522/3884 3488/4023
f 3491/3954 3460/3903 3522/3884
f 3412/3956 3477/3970 3471/3881
f 3492/4019 3446/3880 3404/3959
f 3424/3962 3523/3878 3492/4019
f 3495/3966 3457/3935 3523/3878
f 3497/3877 3409/4024 3425/3967
f 3524/3871 3403/3988 3498/3973
f 3501/3979 3498/3973 3426/4004
f 3402/4036 3524/3871 3501/3979
f 3447/3867 3399/4037 3398/3918
f 3502/3982 3448/3865 3405/4035
f 3427/3998 3525/3866 3502/3982
f 3403/3988 3525/3866 3505/3989
f 3442/3861 3395/4038 3394/3900
f 3454/3858 3393/4039 3392/3933
f 3456/3855 3391/4040 3390/3936
f 3466/3864 3383/3995 3448/3865
f 3443/3870 3383/3995 3466/3864
f 3411/3875 3387/3943 3452/3876
f 3523/3878 3457/3935 3382/3879
f 3471/3881 3477/3970 3388/3882
f 3522/3884 3460/3903 3384/3885
f 3419/3890 3385/4041 3450/3891
f 3478/3893 3397/4027 3445/3894
f 3472/3896 3381/3997 3372/3856
f 3465/3897 3382/4007 3373/3859
f 3464/3898 3380/4002 3374/3862
f 3441/3899 3401/4022 3394/3900
f 3448/3865 3383/3995 3375/3868
f 3410/3902 3384/3885 3460/3903
f 3397/3905 3416/3953 3475/3906
f 3378/3914 3410/3902 3485/3915
f 3468/3917 3405/4035 3398/3918
f 3455/3920 3412/4029 3481/3921
f 3479/3927 3421/4028 3480/3928
f 3471/3930 3378/4042 3436/3931
f 3443/3870 3402/4036 3392/3933
f 3457/3935 3413/3965 3390/3936
f 3486/3938 3422/3942 3407/3939
f 3470/3941 3409/4024 3422/3942
f 3387/3943 3419/3890 3487/3892
f 3379/3944 3418/3887 3411/3875
f 3517/3946 3488/4023 3400/3947
f 3516/3949 3489/4021 3423/3950
f 3515/3952 3475/3906 3416/3953
f 3462/3955 3420/3969 3412/3956
f 3514/3958 3492/4019 3404/3959
f 3513/3961 3493/4010 3424/3962
f 3512/3964 3472/3896 3413/3965
f 3425/3967 3409/4024 3470/3941
f 3420/3969 3425/3967 3496/3968
f 3389/3945 3411/3875 3497/3877
f 3378/3972 3388/3882 3408/3873
f 3498/3973 3403/3988 3444/3974
f 3499/3976 3426/4004 3500/3977
f 3465/3897 3402/4036 3501/3979
f 3398/3918 3399/4037 3435/3981
f 3502/3982 3405/4035 3468/3917
f 3503/3984 3427/3998 3504/3985
f 3506/3987 3444/3974 3403/3988
f 3394/3900 3395/4038 3439/3990
f 3392/3933 3393/4039 3431/3991
f 3390/3936 3391/4040 3429/3992
f 3428/3937 3429/3992 3373/3993
f 3430/3934 3431/3991 3375/3994
f 3432/3901 3439/3990 3372/3996
f 3503/3984 3506/3987 3505/3989
f 3407/3999 3450/4000 3506/3987
f 3450/4000 3385/4009 3444/3974
f 3440/3886 3507/3986 3504/3985
f 3469/4001 3507/3986 3440/3886
f 3469/4001 3407/3999 3503/3984
f 3508/3983 3468/3917 3380/4002
f 3400/3947 3504/3985 3508/3983
f 3427/3998 3502/3982 3508/3983
f 3437/3919 3435/3981 3374/4003
f 3509/3980 3501/3979 3426/4004
f 3446/4005 3509/3980 3499/3976
f 3382/4007 3465/3897 3509/3980
f 3510/3978 3500/3977 3417/3910
f 3467/4008 3510/3978 3476/3924
f 3404/4006 3499/3976 3510/3978
f 3511/3975 3444/3974 3385/4009
f 3500/3977 3511/3975 3461/3908
f 3426/4004 3498/3973 3511/3975
f 3462/3955 3497/3877 3425/3967
f 3477/3970 3496/3968 3408/3873
f 3496/3968 3470/3941 3386/3874
f 3493/4010 3512/3964 3495/3966
f 3415/4011 3459/4012 3512/3964
f 3459/4012 3381/3997 3472/3896
f 3451/4013 3513/3961 3494/3963
f 3376/4015 3474/4016 3513/3961
f 3474/4016 3415/4011 3493/4010
f 3514/3958 3467/3960 3377/4017
f 3396/4014 3494/3963 3514/3958
f 3494/3963 3424/3962 3492/4019
f 3389/3945 3462/3955 3455/3957
f 3489/4021 3515/3952 3491/3954
f 3415/4011 3474/4016 3515/3952
f 3474/4016 3376/4015 3475/3906
f 3441/3899 3516/3949 3490/3951
f 3381/3997 3459/4012 3516/3949
f 3459/4012 3415/4011 3489/4021
f 3464/3898 3517/3946 3463/3948
f 3401/4022 3490/3951 3517/3946
f 3490/3951 3423/3950 3488/4023
f 3452/3876 3487/3892 3422/3942
f 3386/3874 3470/3941 3486/3938
f 3406/4025 3486/3938 3469/3940
f 3518/3932 3436/3931 3397/4027
f 3481/3921 3518/3932 3478/3893
f 3412/4029 3471/3930 3518/3932
f 3519/3929 3480/3928 3396/4014
f 3473/4030 3519/3929 3434/4018
f 3414/4031 3479/3927 3519/3929
f 3414/3913 3473/3925 3476/3924
f 3417/3910 3482/3909 3483/3911
f 3416/3953 3397/3905 3485/3915
f 3520/3922 3481/3921 3421/4028
f 3458/4032 3520/3922 3479/3927
f 3379/4033 3455/3920 3520/3922
f 3379/4034 3458/3912 3483/3911
f 3418/3923 3482/3909 3461/3908
f 3405/4035 3448/3865 3447/3867
f 3401/4022 3464/3898 3442/3861
f 3402/4036 3465/3897 3454/3858
f 3413/3965 3472/3896 3456/3855
f 3521/3895 3445/3894 3376/4015
f 3480/3928 3521/3895 3451/4013
f 3421/4028 3478/3893 3521/3895
f 3487/3892 3450/3891 3407/3939
f 3488/4023 3522/3884 3440/3886
f 3423/3950 3491/3954 3522/3884
f 3491/3954 3416/3953 3460/3903
f 3412/3956 3420/3969 3477/3970
f 3492/4019 3523/3878 3446/3880
f 3424/3962 3495/3966 3523/3878
f 3495/3966 3413/3965 3457/3935
f 3497/3877 3452/3876 3409/4024
f 3524/3871 3466/3864 3403/3988
f 3501/3979 3524/3871 3498/3973
f 3402/4036 3443/3870 3524/3871
f 3447/3867 3438/3869 3399/4037
f 3502/3982 3525/3866 3448/3865
f 3427/3998 3505/3989 3525/3866
f 3403/3988 3466/3864 3525/3866
f 3442/3861 3433/3863 3395/4038
f 3454/3858 3453/3860 3393/4039
f 3456/3855 3449/3857 3391/4040
o RightLeg
v 0.5312 14.36 -2.5313
v 0.5312 14.36 2.5312
v -4.5313 11.76 2.5312
v -4.5313 11.76 -2.5313
v 0.5312 17.48 -2.5313
v -4.5313 17.48 -2.5313
v 0.5312 17.48 2.5312
v -4.5313 17.48 2.5312
v -4.25 18.52 2.25
v 0.25 18.52 2.25
v -4.25 18.52 -2.25
v 0.25 18.52 -2.25
v -4.25 17.48 2.25
v 0.25 17.48 2.25
v -4.25 17.48 -2.25
v 0.25 17.48 -2.25
v -4.25 12.28 2.25
v 0.25 14.36 2.25
v -4.25 12.28 -2.25
v 0.25 14.36 -2.25
v -4.25 11.76 2.25
v 0.25 11.76 2.25
v -4.25 11.76 -2.25
v 0.25 11.76 -2.25
v -3.6875 19.04 -2.25
v -0.3125 19.04 -2.25
v -3.6875 16.96 -2.25
v -0.3125 16.96 -2.25
v -3.125 16.96 -2.8125
v -3.125 19.04 -2.8125
v -0.875 19.04 -2.8125
v -0.875 16.96 -2.8125
v -2.5625 17.48 -2.5313
v -2.5625 18.52 -2.5313
v -1.4375 18.52 -2.5313
v -1.4375 17.48 -2.5313
v 0.5312 15.92 2.5312
v 0.5312 17.48 -0
v -2 17.48 2.5312
v 0.5312 15.92 -2.5313
v -2 17.48 -2.5313
v -4.5313 14.62 -2.5313
v -4.5313 17.48 -0
v -4.5313 11.76 -0
v -2 13.06 2.5312
v 0.25 18.52 -0
v -4.25 18.52 -0
v -2 18.52 -2.25
v -2 18.52 2.25
v -1.8594 17.48 -2.3906
v 0.3906 17.48 0.1406
v -2.1406 17.48 2.3906
v -4.3906 17.48 -0.1406
v 0.25 13.06 2.25
v 0.25 14.36 -0
v -4.25 12.28 -0
v 0.25 13.06 -2.25
v -2 13.32 -2.25
v -2 13.32 2.25
v -2 11.76 -2.25
v -4.25 11.76 -0
v -0.875 18 -2.8125
v -2.2813 19.04 -2.5313
v -2 19.04 -2.25
v -0.3125 18 -2.25
v -3.6875 18 -2.25
v -1.7188 16.96 -2.5313
v -2 16.96 -2.25
v -3.125 18 -2.8125
v -2 16.96 -2.8125
v -2.2813 17.22 -2.6719
v -2.2813 18.78 -2.6719
v -2 19.04 -2.8125
v 0.5312 14.36 -0
v -4.5313 14.62 2.5312
v -2 13.06 -2.5313
v 0.25 17.48 -0
v -4.25 17.48 -0
v -2 17.48 -2.25
v -2 17.48 2.25
v 0.25 11.76 -0
v -2 11.76 2.25
v -2 11.76 -0
v 0.25 13.06 -0
v -2 15.27 2.5312
v 0.5312 15.92 -0
v -2 13.06 -0
v -2 15.27 -2.5313
v -4.5313 14.62 -0
v 0.5312 16.7 2.5312
v -3.3359 17.48 2.4609
v 0.5312 17.48 1.2656
v -3.2656 17.48 2.5312
v 0.5312 15.14 -2.5313
v 0.5312 16.7 -2.5313
v -0.7344 17.48 2.5312
v -3.2656 17.48 -2.5313
v -4.5313 16.05 -2.5313
v 0.4609 17.48 1.3359
v -4.5313 17.48 1.2656
v -4.5313 11.76 -1.2656
v -3.125 18.52 -2.25
v -3.2656 12.41 2.5312
v -3.125 18.52 2.25
v 0.25 18.52 -1.125
v -4.4609 17.48 -1.3359
v -4.25 18.52 -1.125
v -0.7344 13.71 2.5312
v -0.875 18.52 -2.25
v 0.25 18.52 1.125
v -0.875 18.52 2.25
v -3.0547 17.48 -2.3203
v 0.3203 17.48 -1.0547
v -0.9453 17.48 2.3203
v -4.3203 17.48 1.0547
v 0.25 14.36 -1.125
v -0.6641 17.48 -2.4609
v -4.25 12.28 -1.125
v -4.5313 13.19 -2.5313
v -0.875 13.84 -2.25
v -0.875 13.84 2.25
v -0.7344 17.48 -2.5313
v -0.875 11.76 -2.25
v 0.25 14.36 1.125
v -4.25 11.76 -1.125
v -4.5313 11.76 1.2656
v 0.5312 17.48 -1.2656
v -1.1563 19.04 -2.25
v -4.5313 17.48 -1.2656
v -4.25 18.52 1.125
v -1.1563 16.96 -2.25
v 0.5312 15.14 2.5312
v 0.5312 14.36 1.2656
v -4.5313 16.05 2.5312
v -3.2656 12.41 -2.5313
v 0.25 17.48 -1.125
v -4.25 17.48 -1.125
v -0.875 17.48 -2.25
v -0.875 17.48 2.25
v 0.25 11.76 -1.125
v -0.875 11.76 2.25
v -4.25 12.28 1.125
v -3.125 12.8 -2.25
v -3.125 12.8 2.25
v -3.125 11.76 -2.25
v -4.25 11.76 1.125
v -2.8438 19.04 -2.25
v -2.8438 16.96 -2.25
v 0.5312 14.36 -1.2656
v -4.5313 13.19 2.5312
v -0.7344 13.71 -2.5313
v 0.25 17.48 1.125
v -4.25 17.48 1.125
v -3.125 17.48 -2.25
v -3.125 17.48 2.25
v 0.25 11.76 1.125
v -3.125 11.76 2.25
v -3.125 11.76 -0
v -0.875 11.76 -0
v -2 11.76 -1.125
v -2 11.76 1.125
v -0.875 13.19 -2.25
v -0.875 12.41 -2.25
v -2 12.54 -2.25
v 0.25 13.06 1.125
v 0.25 13.06 -1.125
v -0.7344 15.595 2.5312
v -3.2656 14.945 2.5312
v -2 16.375 2.5312
v -2 14.165 2.5312
v -0.875 12.41 2.25
v -0.875 13.19 2.25
v -2 12.54 2.25
v 0.5312 16.7 -0
v 0.5312 15.14 -0
v 0.5312 15.92 1.2656
v 0.5312 15.92 -1.2656
v -2 13.06 1.2656
v -2 13.06 -1.2656
v -3.2656 12.41 -0
v -0.7344 13.71 -0
v -2 16.375 -2.5313
v -2 14.165 -2.5313
v -0.7344 15.595 -2.5313
v -3.2656 14.945 -2.5313
v -4.5313 16.05 -0
v -4.5313 13.19 -0
v -4.5313 14.62 -1.2656
v -4.5313 14.62 1.2656
v -4.5313 13.19 1.2656
v -4.5313 13.19 -1.2656
v -4.5313 16.05 -1.2656
v -3.2656 13.6775 -2.5313
v -0.7344 14.6525 -2.5313
v -0.7344 16.5375 -2.5313
v -0.7344 13.71 -1.2656
v -3.2656 12.41 -1.2656
v -3.2656 12.41 1.2656
v 0.5312 15.14 -1.2656
v 0.5312 15.14 1.2656
v 0.5312 16.7 1.2656
v -3.2656 13.6775 2.5312
v -3.2656 16.2125 2.5312
v -0.7344 16.5375 2.5312
v -3.125 11.76 1.125
v -0.875 11.76 -1.125
v -0.875 11.76 1.125
v -3.125 11.76 -1.125
v -0.7344 14.6525 2.5312
v 0.5312 16.7 -1.2656
v -0.7344 13.71 1.2656
v -3.2656 16.2125 -2.5313
v -4.5313 16.05 1.2656
vt 0.25 0.5047
vt 0.3125 0.4528
vt 0.3125 0.5047
vt 0.5625 0.4988
vt 0.5 0.4528
vt 0.5625 0.4528
vt 0.9444 0.6038
vt 0.9722 0.5849
vt 0.9722 0.6226
vt 0.5278 0.9057
vt 0.5 0.8679
vt 0.5278 0.8679
vt 0.8611 0.6226
vt 0.8333 0.6604
vt 0.8333 0.6226
vt 0.3125 0.8302
vt 0.25 0.7877
vt 0.3125 0.7877
vt 0.75 0.4811
vt 0.8125 0.4528
vt 0.8125 0.4811
vt 0.8889 0.6415
vt 0.8889 0.6038
vt 0.5 0.434
vt 0.5556 0.3962
vt 0.5556 0.434
vt 0.6875 0.4481
vt 0.75 0.4528
vt 0.6875 0.4528
vt 0.9375 0.4481
vt 1 0.4528
vt 0.9375 0.4528
vt 0.1875 0.4481
vt 0.25 0.4528
vt 0.1875 0.4528
vt 0.4375 0.4481
vt 0.4375 0.4528
vt 0.25 0.434
vt 0.3056 0.3962
vt 0.3056 0.434
vt 0.75 0.434
vt 0.8056 0.3962
vt 0.8056 0.434
vt 0.6944 0.9292
vt 0.6389 0.9057
vt 0.6944 0.9057
vt 0.0625 0.5554
vt 0 0.566
vt 0 0.5377
vt 0.8194 0.7547
vt 0.8889 0.7925
vt 0.8194 0.7925
vt 1 0.6226
vt 0.8611 0.6604
vt 0.9028 0.5755
vt 0.875 0.566
vt 0.9167 0.566
vt 0.6944 0.7028
vt 0.6389 0.6981
vt 0.6944 0.6792
vt -0 0.434
vt 0.0556 0.3962
vt 0.0556 0.434
vt 0.9306 0.6698
vt 0.9583 0.6792
vt 0.9167 0.6792
vt 0.5833 0.8302
vt 0.5278 0.7925
vt 0.5833 0.7925
vt 0.9444 0.6415
vt 0.9167 0.6604
vt 0.9028 0.6509
vt 0.9028 0.5943
vt 0.8611 0.5849
vt 0.9167 0.5849
vt 0.9583 0.566
vt 0.6389 0.7264
vt 0.5833 0.717
vt 0.1111 0.434
vt 0.1667 0.3962
vt 0.1667 0.434
vt 0.75 0.7075
vt 0.6944 0.7311
vt 0.9722 0.6604
vt 1 0.6604
vt 0.7222 0.434
vt 0.6667 0.434
vt 0.9722 0.434
vt 0.9167 0.434
vt 0.2222 0.434
vt 0.4722 0.434
vt 0.4167 0.434
vt 0.8194 0.8302
vt 0.8889 0.8679
vt 0.8194 0.8679
vt 0.6944 0.7547
vt 0.6389 0.7547
vt 0.0625 0.4387
vt 0.3611 0.434
vt 0.3125 0.4387
vt 0.75 0.8302
vt 0.75 0.8679
vt 0.6111 0.434
vt 0.5625 0.4387
vt 0.6389 0.8679
vt 0.6944 0.8679
vt 0.8611 0.434
vt 0.8125 0.4387
vt 0.875 0.6792
vt 0.6944 0.8302
vt 0.6389 0.7925
vt 0.6944 0.7925
vt 0.5833 0.9057
vt 0.5833 0.8679
vt 0.75 0.7547
vt 0.75 0.7925
vt 0.0625 0.487
vt 0 0.5094
vt 0 0.4811
vt 0.1875 0.4988
vt 0.125 0.533
vt 0.125 0.4929
vt 0.1875 0.5908
vt 0.125 0.6132
vt 0.125 0.5731
vt 0.6389 0.9623
vt 0.6389 0.934
vt 0.6944 0.9575
vt 0.75 0.9528
vt 0.6944 0.9811
vt 0.9167 0.3962
vt 0.4167 0.3962
vt 0.375 0.4528
vt 0.125 0.4528
vt 0.0625 0.4528
vt 0.875 0.4528
vt 0.625 0.4528
vt 0.6667 0.3962
vt 0.875 0.4811
vt 0.9375 0.4811
vt 0.875 0.5377
vt 0.9375 0.5094
vt 0.9375 0.5377
vt 0.75 0.5377
vt 0.8125 0.5094
vt 0.8125 0.5377
vt 0.3125 0.7453
vt 0.25 0.7028
vt 0.3125 0.7028
vt 0.4375 0.7453
vt 0.375 0.7028
vt 0.4375 0.7028
vt 0.4375 0.8302
vt 0.375 0.7877
vt 0.4375 0.7877
vt 0.8333 0.5849
vt 0.5278 0.8302
vt 0.5 0.7925
vt 0.6875 0.487
vt 0.6875 0.5554
vt 0.625 0.533
vt 0.6875 0.5212
vt 0.5625 0.5908
vt 0.5 0.5566
vt 0.5625 0.5448
vt 0.375 0.5047
vt 0.4375 0.5047
vt 0.375 0.6085
vt 0.4375 0.5566
vt 0.4375 0.6085
vt 0.25 0.6085
vt 0.3125 0.5566
vt 0.3125 0.6085
vt 0.375 0.5566
vt 0.3125 0.6604
vt 0.375 0.6604
vt 0.25 0.6604
vt 0.5 0.6085
vt 0.4375 0.6604
vt 0.5 0.6604
vt 0.5 0.5047
vt 0.625 0.5731
vt 0.625 0.6132
vt 0.5625 0.6368
vt 0.75 0.5094
vt 0.75 0.566
vt 0.6875 0.5896
vt 0.625 0.4929
vt 0.5 0.7547
vt 0.5278 0.7547
vt 0.375 0.7453
vt 0.5 0.7877
vt 0.5 0.7453
vt 0.5 0.8302
vt 0.5 0.7028
vt 0.875 0.5094
vt 0.8125 0.566
vt 0.875 0.566
vt 1 0.5094
vt 1 0.5377
vt 0.9375 0.566
vt 1 0.566
vt 1 0.4811
vt 0.7222 0.3962
vt 0 0.4528
vt 0.4722 0.3962
vt 0.9722 0.3962
vt 0.5833 0.9434
vt 0.5278 0.9245
vt 0.1875 0.5448
vt 0.25 0.5566
vt 0.1875 0.6368
vt 0.0625 0.5212
vt 0.6389 0.8302
vt 0.75 0.9057
vt 0.8194 0.9057
vt 0.8889 0.9057
vt 0.375 0.4434
vt 0.125 0.4434
vt 0.875 0.4434
vt 0.625 0.4434
vt 0.2222 0.3962
vt 0.5833 0.7547
vt 0.5278 0.7358
vt 0.1111 0.3962
vt 0.75 0.6604
vt 0.8889 0.8302
vt 0.0625 0.5896
vt 0.8611 0.3962
vt 0.3611 0.3962
vt 0.6111 0.3962
vt 0.25 0.7453
vt 0.375 0.8302
vt 0.5 0.8302
vt 0.5 0.9057
vt 0.25 0.8302
vt 0.5 0.3962
vt 0.25 0.3962
vt 0.75 0.3962
vt 0.8889 0.7547
vt 1 0.5849
vt 0.8333 0.566
vt -0 0.3962
vt 1 0.6792
vt 0.8333 0.6792
vt 0.75 1
s 1
f 3659/4043 3625/4044 3738/4045
f 3737/4046 3531/4047 3622/4048
f 3560/4049 3556/4050 3587/4051
f 3546/4052 3667/4053 3671/4054
f 3594/4055 3552/4056 3591/4057
f 3658/4058 3633/4059 3736/4060
f 3620/4061 3652/4062 3735/4063
f 3560/4049 3558/4064 3559/4065
f 3540/4066 3627/4067 3679/4068
f 3642/4069 3530/4070 3647/4071
f 3624/4072 3532/4073 3617/4074
f 3616/4075 3533/4076 3618/4077
f 3631/4078 3531/4047 3654/4079
f 3538/4080 3655/4081 3678/4082
f 3541/4083 3630/4084 3661/4085
f 3696/4086 3607/4087 3666/4088
f 3734/4089 3527/4090 3657/4091
f 3582/4092 3641/4093 3691/4094
f 3556/4050 3590/4095 3587/4051
f 3558/4064 3554/4096 3594/4055
f 3588/4097 3672/4098 3589/4099
f 3687/4100 3583/4101 3645/4102
f 3539/4103 3636/4104 3664/4105
f 3592/4106 3656/4107 3593/4108
f 3683/4109 3650/4110 3733/4111
f 3561/4112 3595/4113 3596/4114
f 3597/4115 3555/4116 3598/4117
f 3653/4118 3556/4050 3589/4099
f 3556/4050 3598/4117 3588/4097
f 3554/4096 3595/4113 3592/4106
f 3689/4119 3668/4120 3583/4101
f 3605/4121 3629/4122 3680/4123
f 3582/4124 3688/4125 3687/4100
f 3557/4126 3590/4095 3553/4127
f 3560/4049 3598/4117 3556/4050
f 3554/4096 3596/4114 3595/4113
f 3541/4128 3642/4069 3663/4129
f 3539/4130 3624/4072 3677/4131
f 3538/4132 3616/4075 3680/4123
f 3540/4133 3631/4078 3662/4134
f 3609/4135 3649/4136 3690/4137
f 3648/4138 3585/4139 3688/4125
f 3605/4121 3639/4140 3664/4105
f 3603/4141 3640/4142 3678/4082
f 3606/4143 3690/4137 3681/4144
f 3604/4145 3637/4146 3679/4068
f 3666/4088 3686/4147 3732/4148
f 3555/4116 3588/4097 3598/4117
f 3602/4149 3638/4150 3661/4085
f 3673/4151 3554/4096 3593/4108
f 3557/4126 3592/4106 3595/4113
f 3684/4152 3685/4153 3731/4154
f 3558/4064 3596/4114 3554/4096
f 3559/4065 3597/4115 3560/4049
f 3682/4155 3671/4054 3730/4156
f 3549/4157 3691/4094 3665/4158
f 3729/4159 3562/4160 3615/4161
f 3728/4162 3610/4163 3694/4164
f 3727/4165 3570/4166 3695/4167
f 3584/4168 3698/4169 3697/4170
f 3579/4171 3646/4172 3697/4170
f 3698/4169 3682/4155 3607/4087
f 3602/4149 3635/4173 3677/4131
f 3603/4141 3632/4174 3662/4134
f 3640/4142 3568/4175 3625/4044
f 3639/4140 3564/4176 3621/4177
f 3638/4150 3563/4178 3652/4062
f 3637/4146 3566/4179 3622/4048
f 3604/4145 3634/4180 3663/4129
f 3699/4181 3617/4074 3726/4182
f 3700/4183 3701/4184 3725/4185
f 3619/4186 3702/4187 3724/4188
f 3703/4189 3628/4190 3723/4191
f 3704/4192 3705/4193 3722/4194
f 3674/4195 3706/4196 3721/4197
f 3555/4116 3591/4057 3550/4198
f 3586/4199 3643/4200 3650/4110
f 3720/4201 3566/4179 3647/4071
f 3719/4202 3613/4203 3709/4204
f 3718/4205 3567/4206 3710/4207
f 3711/4208 3654/4079 3717/4209
f 3712/4210 3713/4211 3716/4212
f 3675/4213 3714/4214 3715/4215
f 3715/4215 3614/4216 3712/4210
f 3651/4217 3712/4210 3569/4218
f 3528/4219 3715/4215 3651/4217
f 3716/4212 3567/4206 3644/4220
f 3626/4221 3644/4220 3529/4222
f 3569/4218 3716/4212 3626/4221
f 3717/4209 3531/4047 3623/4223
f 3713/4211 3623/4223 3567/4206
f 3614/4216 3717/4209 3713/4211
f 3708/4224 3710/4207 3613/4203
f 3601/4225 3718/4205 3708/4224
f 3660/4226 3644/4220 3718/4205
f 3619/4186 3709/4204 3565/4227
f 3526/4228 3719/4202 3619/4186
f 3676/4229 3708/4224 3719/4202
f 3620/4061 3647/4071 3530/4070
f 3565/4227 3720/4201 3620/4061
f 3709/4204 3707/4230 3720/4201
f 3650/4110 3544/4231 3548/4232
f 3721/4197 3612/4233 3704/4192
f 3676/4234 3704/4192 3601/4235
f 3526/4236 3721/4197 3676/4234
f 3722/4194 3569/4218 3626/4221
f 3660/4237 3626/4221 3529/4222
f 3601/4235 3722/4194 3660/4237
f 3723/4191 3528/4219 3651/4217
f 3705/4193 3651/4217 3569/4218
f 3612/4233 3723/4191 3705/4193
f 3724/4188 3611/4238 3700/4183
f 3674/4239 3700/4183 3599/4240
f 3526/4228 3724/4188 3674/4239
f 3725/4185 3562/4241 3657/4242
f 3658/4243 3657/4242 3527/4244
f 3599/4240 3725/4185 3658/4243
f 3726/4182 3532/4073 3615/4245
f 3701/4184 3615/4245 3562/4241
f 3611/4238 3726/4182 3701/4184
f 3663/4129 3537/4246 3541/4128
f 3540/4066 3622/4048 3531/4047
f 3541/4083 3652/4062 3530/4070
f 3539/4103 3621/4177 3532/4247
f 3538/4080 3625/4044 3533/4076
f 3662/4134 3536/4248 3540/4133
f 3677/4131 3535/4249 3539/4130
f 3669/4250 3682/4155 3698/4169
f 3669/4250 3698/4169 3584/4168
f 3542/4251 3682/4155 3669/4250
f 3584/4168 3697/4170 3646/4172
f 3697/4170 3696/4086 3579/4171
f 3697/4170 3698/4169 3696/4086
f 3698/4169 3607/4087 3696/4086
f 3693/4252 3695/4167 3610/4163
f 3600/4253 3727/4165 3693/4252
f 3675/4213 3628/4254 3727/4165
f 3618/4077 3694/4164 3564/4176
f 3533/4076 3728/4162 3618/4077
f 3659/4043 3693/4252 3728/4162
f 3621/4177 3615/4161 3532/4247
f 3564/4176 3729/4159 3621/4177
f 3694/4164 3692/4255 3729/4159
f 3665/4158 3609/4135 3606/4143
f 3730/4156 3586/4199 3683/4109
f 3686/4147 3683/4109 3608/4256
f 3607/4087 3730/4156 3686/4147
f 3731/4154 3585/4139 3648/4138
f 3665/4158 3648/4138 3549/4157
f 3606/4143 3731/4154 3665/4158
f 3541/4083 3661/4085 3638/4150
f 3732/4148 3608/4256 3684/4152
f 3681/4144 3684/4152 3606/4143
f 3547/4257 3732/4148 3681/4144
f 3540/4066 3679/4068 3637/4146
f 3681/4144 3579/4258 3547/4257
f 3538/4080 3678/4082 3640/4142
f 3539/4103 3664/4105 3639/4140
f 3549/4157 3688/4125 3582/4124
f 3690/4137 3543/4259 3579/4258
f 3662/4134 3578/4260 3603/4141
f 3680/4123 3577/4261 3605/4121
f 3677/4131 3576/4262 3602/4149
f 3663/4129 3575/4263 3604/4145
f 3687/4100 3689/4119 3583/4101
f 3687/4100 3688/4125 3689/4119
f 3688/4125 3585/4139 3689/4119
f 3538/4132 3629/4122 3534/4264
f 3689/4119 3670/4265 3668/4120
f 3585/4139 3670/4265 3689/4119
f 3670/4265 3544/4266 3668/4120
f 3733/4111 3548/4232 3670/4265
f 3685/4153 3670/4265 3585/4139
f 3608/4256 3733/4111 3685/4153
f 3664/4105 3574/4267 3605/4121
f 3582/4124 3645/4102 3545/4268
f 3691/4094 3580/4269 3609/4135
f 3692/4255 3657/4091 3562/4160
f 3610/4163 3734/4089 3692/4255
f 3695/4167 3633/4270 3734/4089
f 3696/4086 3547/4257 3579/4171
f 3661/4085 3571/4271 3602/4149
f 3678/4082 3572/4272 3603/4141
f 3578/4260 3654/4079 3568/4175
f 3577/4261 3618/4077 3564/4176
f 3576/4262 3617/4074 3563/4178
f 3575/4263 3647/4071 3566/4179
f 3679/4068 3573/4273 3604/4145
f 3735/4063 3563/4178 3699/4181
f 3702/4187 3699/4181 3611/4238
f 3565/4227 3735/4063 3702/4187
f 3736/4060 3570/4274 3703/4189
f 3706/4196 3703/4189 3612/4233
f 3599/4275 3736/4060 3706/4196
f 3671/4054 3581/4276 3586/4199
f 3707/4230 3622/4048 3566/4179
f 3613/4203 3737/4046 3707/4230
f 3710/4207 3623/4223 3737/4046
f 3738/4045 3568/4175 3711/4208
f 3714/4214 3711/4208 3614/4216
f 3600/4253 3738/4045 3714/4214
f 3659/4043 3533/4076 3625/4044
f 3737/4046 3623/4223 3531/4047
f 3587/4051 3557/4126 3561/4112
f 3561/4112 3560/4049 3587/4051
f 3546/4052 3542/4277 3667/4053
f 3594/4055 3554/4096 3552/4056
f 3658/4058 3527/4278 3633/4059
f 3620/4061 3530/4070 3652/4062
f 3560/4049 3561/4112 3558/4064
f 3540/4066 3536/4279 3627/4067
f 3538/4080 3534/4280 3655/4081
f 3541/4083 3537/4281 3630/4084
f 3734/4089 3633/4270 3527/4090
f 3582/4092 3545/4282 3641/4093
f 3556/4050 3551/4283 3590/4095
f 3594/4055 3555/4116 3559/4065
f 3559/4065 3558/4064 3594/4055
f 3588/4097 3550/4284 3672/4098
f 3539/4103 3535/4285 3636/4104
f 3592/4106 3553/4286 3656/4107
f 3683/4109 3586/4199 3650/4110
f 3561/4112 3557/4126 3595/4113
f 3551/4244 3556/4050 3653/4118
f 3556/4050 3588/4097 3589/4099
f 3605/4121 3574/4267 3629/4122
f 3557/4126 3587/4051 3590/4095
f 3560/4049 3597/4115 3598/4117
f 3541/4128 3530/4070 3642/4069
f 3539/4130 3532/4073 3624/4072
f 3538/4132 3533/4076 3616/4075
f 3540/4133 3531/4047 3631/4078
f 3609/4135 3580/4269 3649/4136
f 3605/4121 3577/4261 3639/4140
f 3603/4141 3578/4260 3640/4142
f 3606/4143 3609/4135 3690/4137
f 3604/4145 3575/4263 3637/4146
f 3666/4088 3607/4087 3686/4147
f 3555/4116 3550/4284 3588/4097
f 3602/4149 3576/4262 3638/4150
f 3552/4287 3554/4096 3673/4151
f 3554/4096 3592/4106 3593/4108
f 3557/4126 3553/4286 3592/4106
f 3684/4152 3608/4256 3685/4153
f 3558/4064 3561/4112 3596/4114
f 3559/4065 3555/4116 3597/4115
f 3682/4155 3546/4052 3671/4054
f 3549/4157 3582/4092 3691/4094
f 3729/4159 3692/4255 3562/4160
f 3728/4162 3693/4252 3610/4163
f 3727/4165 3628/4254 3570/4166
f 3579/4171 3543/4288 3646/4172
f 3602/4149 3571/4271 3635/4173
f 3603/4141 3572/4272 3632/4174
f 3640/4142 3578/4260 3568/4175
f 3639/4140 3577/4261 3564/4176
f 3638/4150 3576/4262 3563/4178
f 3637/4146 3575/4263 3566/4179
f 3604/4145 3573/4273 3634/4180
f 3699/4181 3563/4178 3617/4074
f 3700/4183 3611/4238 3701/4184
f 3619/4186 3565/4227 3702/4187
f 3703/4189 3570/4274 3628/4190
f 3704/4192 3612/4233 3705/4193
f 3674/4195 3599/4275 3706/4196
f 3555/4116 3594/4055 3591/4057
f 3586/4199 3581/4276 3643/4200
f 3720/4201 3707/4230 3566/4179
f 3719/4202 3708/4224 3613/4203
f 3718/4205 3644/4220 3567/4206
f 3711/4208 3568/4175 3654/4079
f 3712/4210 3614/4216 3713/4211
f 3675/4213 3600/4253 3714/4214
f 3715/4215 3714/4214 3614/4216
f 3651/4217 3715/4215 3712/4210
f 3528/4219 3675/4213 3715/4215
f 3716/4212 3713/4211 3567/4206
f 3626/4221 3716/4212 3644/4220
f 3569/4218 3712/4210 3716/4212
f 3717/4209 3654/4079 3531/4047
f 3713/4211 3717/4209 3623/4223
f 3614/4216 3711/4208 3717/4209
f 3708/4224 3718/4205 3710/4207
f 3601/4225 3660/4226 3718/4205
f 3660/4226 3529/4222 3644/4220
f 3619/4186 3719/4202 3709/4204
f 3526/4228 3676/4229 3719/4202
f 3676/4229 3601/4225 3708/4224
f 3620/4061 3720/4201 3647/4071
f 3565/4227 3709/4204 3720/4201
f 3709/4204 3613/4203 3707/4230
f 3650/4110 3643/4200 3544/4231
f 3721/4197 3706/4196 3612/4233
f 3676/4234 3721/4197 3704/4192
f 3526/4236 3674/4195 3721/4197
f 3722/4194 3705/4193 3569/4218
f 3660/4237 3722/4194 3626/4221
f 3601/4235 3704/4192 3722/4194
f 3723/4191 3628/4190 3528/4219
f 3705/4193 3723/4191 3651/4217
f 3612/4233 3703/4189 3723/4191
f 3724/4188 3702/4187 3611/4238
f 3674/4239 3724/4188 3700/4183
f 3526/4228 3619/4186 3724/4188
f 3725/4185 3701/4184 3562/4241
f 3658/4243 3725/4185 3657/4242
f 3599/4240 3700/4183 3725/4185
f 3726/4182 3617/4074 3532/4073
f 3701/4184 3726/4182 3615/4245
f 3611/4238 3699/4181 3726/4182
f 3663/4129 3634/4180 3537/4246
f 3540/4066 3637/4146 3622/4048
f 3541/4083 3638/4150 3652/4062
f 3539/4103 3639/4140 3621/4177
f 3538/4080 3640/4142 3625/4044
f 3662/4134 3632/4174 3536/4248
f 3677/4131 3635/4173 3535/4249
f 3542/4251 3546/4052 3682/4155
f 3693/4252 3727/4165 3695/4167
f 3600/4253 3675/4213 3727/4165
f 3675/4213 3528/4219 3628/4254
f 3618/4077 3728/4162 3694/4164
f 3533/4076 3659/4043 3728/4162
f 3659/4043 3600/4253 3693/4252
f 3621/4177 3729/4159 3615/4161
f 3564/4176 3694/4164 3729/4159
f 3694/4164 3610/4163 3692/4255
f 3665/4158 3691/4094 3609/4135
f 3730/4156 3671/4054 3586/4199
f 3686/4147 3730/4156 3683/4109
f 3607/4087 3682/4155 3730/4156
f 3731/4154 3685/4153 3585/4139
f 3665/4158 3731/4154 3648/4138
f 3606/4143 3684/4152 3731/4154
f 3732/4148 3686/4147 3608/4256
f 3681/4144 3732/4148 3684/4152
f 3547/4257 3666/4088 3732/4148
f 3681/4144 3690/4137 3579/4258
f 3549/4157 3648/4138 3688/4125
f 3690/4137 3649/4136 3543/4259
f 3662/4134 3631/4078 3578/4260
f 3680/4123 3616/4075 3577/4261
f 3677/4131 3624/4072 3576/4262
f 3663/4129 3642/4069 3575/4263
f 3538/4132 3680/4123 3629/4122
f 3670/4265 3548/4232 3544/4266
f 3733/4111 3650/4110 3548/4232
f 3685/4153 3733/4111 3670/4265
f 3608/4256 3683/4109 3733/4111
f 3664/4105 3636/4104 3574/4267
f 3582/4124 3687/4100 3645/4102
f 3691/4094 3641/4093 3580/4269
f 3692/4255 3734/4089 3657/4091
f 3610/4163 3695/4167 3734/4089
f 3695/4167 3570/4166 3633/4270
f 3696/4086 3666/4088 3547/4257
f 3661/4085 3630/4084 3571/4271
f 3678/4082 3655/4081 3572/4272
f 3578/4260 3631/4078 3654/4079
f 3577/4261 3616/4075 3618/4077
f 3576/4262 3624/4072 3617/4074
f 3575/4263 3642/4069 3647/4071
f 3679/4068 3627/4067 3573/4273
f 3735/4063 3652/4062 3563/4178
f 3702/4187 3735/4063 3699/4181
f 3565/4227 3620/4061 3735/4063
f 3736/4060 3633/4059 3570/4274
f 3706/4196 3736/4060 3703/4189
f 3599/4275 3658/4058 3736/4060
f 3671/4054 3667/4053 3581/4276
f 3707/4230 3737/4046 3622/4048
f 3613/4203 3710/4207 3737/4046
f 3710/4207 3567/4206 3623/4223
f 3738/4045 3625/4044 3568/4175
f 3714/4214 3738/4045 3711/4208
f 3600/4253 3659/4043 3738/4045
