o Chest
v 4.2 -0.3 2.1
v 4.2 -0.3 -2.1
v -4.2 -0.3 -2.1
v -4.2 -0.3 2.1
v 4.2 7.995 -2.1
v -4.2 7.995 -2.1
v 4.2 10.095 -2.1
v -4.2 10.095 -2.1
v 4.2 10.095 -2.625
v 4.2 7.995 -2.625
v -4.2 7.995 -2.625
v -4.2 10.095 -2.625
v 4.2 7.995 2.1
v -4.2 7.995 2.1
v 4.2 10.095 2.1
v -4.2 10.095 2.1
v 4.2 7.995 2.625
v -4.2 7.995 2.625
v 4.2 10.095 2.625
v -4.2 10.095 2.625
v -4.725 7.995 -2.1
v -4.725 10.095 -2.1
v -4.725 7.995 2.1
v -4.725 10.095 2.1
v 4.725 7.995 -2.1
v 4.725 10.095 -2.1
v 4.725 7.995 2.1
v 4.725 10.095 2.1
v -4.2 9.15 2.1
v -4.2 9.15 -2.1
v 4.2 9.15 2.1
v 4.2 9.15 -2.1
v -4.2 22.8 5.25
v 4.2 22.8 5.25
v 5.25 17.55 2.1
v 5.25 17.55 -2.1
v -5.25 17.55 2.1
v -5.25 17.55 -2.1
v -0 9.15 -2.1
v -4.2 15.45 -3.15
v -2.1 15.45 -3.15
v 4.2 15.45 -3.15
v 2.1 15.45 -3.15
v 4.2 12.3 2.1
v 4.2 12.3 -2.1
v -4.2 12.3 -2.1
v -4.2 12.3 2.1
v 3.15 11.25 3.15
v -3.15 11.25 3.15
v 3.15 0.75 3.15
v -3.15 0.75 3.15
v 3.15 0.75 5.25
v -3.15 0.75 5.25
v 3.15 2.85 7.35
v 3.15 11.25 7.35
v -3.15 11.25 7.35
v -3.15 2.85 7.35
v 4.2 4.95 6.3
v 4.2 10.2 6.3
v 4.2 10.2 4.2
v 4.2 4.95 4.2
v 3.15 11.25 6.3
v 3.15 4.95 6.3
v 3.15 11.25 4.2
v 3.15 4.95 4.2
v 3.9375 4.95 5.5125
v 3.4125 4.95 5.5125
v 3.9375 4.95 4.9875
v 3.4125 4.95 4.9875
v 3.4125 3.9 4.9875
v 3.9375 3.9 4.9875
v 3.4125 3.9 5.5125
v 3.9375 3.9 5.5125
v 4.2 3.9 6.3
v 4.2 3.9 4.2
v 3.15 3.9 6.3
v 3.15 3.9 4.2
v 4.2 1.8 4.2
v 3.675 1.8 4.2
v 3.675 1.8 6.3
v 4.2 1.8 6.3
v 3.675 3.9 6.825
v 4.2 3.9 6.825
v 3.675 2.85 6.825
v 4.2 2.85 6.825
v 4.2 3.9 3.675
v 3.675 3.9 3.675
v 4.2 2.85 3.675
v 3.675 2.85 3.675
v -4.2 4.95 6.3
v -4.2 10.2 6.3
v -4.2 10.2 4.2
v -4.2 4.95 4.2
v -3.15 4.95 4.2
v -3.15 11.25 4.2
v -3.15 4.95 6.3
v -3.15 11.25 6.3
v -3.4125 4.95 5.5125
v -3.9375 4.95 5.5125
v -3.4125 4.95 4.9875
v -3.9375 4.95 4.9875
v -3.4125 1.8 4.9875
v -3.4125 1.8 5.5125
v -3.9375 1.8 5.5125
v -3.9375 1.8 4.9875
v -3.15 2.325 4.725
v -3.15 2.325 5.775
v -4.2 2.325 5.775
v -4.2 2.325 4.725
v -3.15 3.9 4.725
v -3.15 3.9 5.775
v -4.2 3.9 5.775
v -4.2 3.9 4.725
v -3.4125 2.5875 5.775
v -3.9375 2.5875 5.775
v -3.4125 3.6375 5.775
v -3.9375 3.6375 5.775
v -3.4125 3.1125 6.825
v -3.9375 3.1125 6.825
v -3.4125 3.6375 6.825
v -3.9375 3.6375 6.825
v -3.4125 3.6375 7.875
v -3.9375 3.6375 7.875
v -3.4125 4.1625 7.875
v -3.9375 4.1625 7.875
v -3.4125 2.5875 4.725
v -3.9375 2.5875 4.725
v -3.4125 3.6375 4.725
v -3.9375 3.6375 4.725
v -3.4125 3.1125 3.675
v -3.9375 3.1125 3.675
v -3.4125 3.6375 3.675
v -3.9375 3.6375 3.675
v -3.4125 3.6375 2.625
v -3.9375 3.6375 2.625
v -3.4125 4.1625 2.625
v -3.9375 4.1625 2.625
v 4.2 0.75 6.3
v -4.2 0.75 6.3
v 4.2 2.2349 6.9151
v -4.2 2.2349 6.9151
v 4.2 2.85 8.4
v -4.2 2.85 8.4
v 4.2 2.2349 9.8849
v -4.2 2.2349 9.8849
v 4.2 0.75 10.5
v -4.2 0.75 10.5
v 4.2 -0.7349 9.8849
v -4.2 -0.7349 9.8849
v 4.2 -1.35 8.4
v -4.2 -1.35 8.4
v 4.2 -0.7349 6.9151
v -4.2 -0.7349 6.9151
v 2.1 10.2 7.35
v -2.1 10.2 7.35
v 2.1 6 7.35
v -2.1 6 7.35
v 2.1 6 9.45
v 2.1 10.2 9.45
v -2.1 10.2 9.45
v -2.1 6 9.45
v 2.9578 11.8995 6.1635
v 3.4125 11.8742 5.9022
v 3.4125 11.8995 6.1635
v 3.4125 8.7641 6.4666
v 3.1852 11.9121 6.2941
v 3.1852 8.7767 6.5973
v 3.1852 11.9374 6.5554
v 3.1852 8.802 6.8585
v 3.4125 11.95 6.6861
v 3.4125 8.8146 6.9892
v 3.6398 11.9374 6.5554
v 3.6398 8.802 6.8585
v 3.6398 11.9121 6.2941
v 3.6398 8.7767 6.5973
v 2.9578 11.95 6.6861
v 3.4125 11.9753 6.9473
v 3.8672 11.95 6.6861
v 3.8672 11.8995 6.1635
v 4.0945 12.932 5.9318
v 3.4125 12.8941 5.5399
v 4.0945 13.0078 6.7157
v 3.4125 13.0456 7.1076
v 2.7305 13.0078 6.7157
v 2.7305 12.932 5.9318
v 4.0945 13.9771 5.8308
v 3.4125 13.9392 5.4388
v 4.0945 14.0529 6.6146
v 3.4125 14.0908 7.0065
v 2.7305 14.0529 6.6146
v 2.7305 13.9771 5.8308
v 2.9578 12.448 7.447
v 3.4125 12.4912 7.1881
v 3.4125 12.448 7.447
v 3.4125 9.3409 6.9284
v 3.1852 12.4264 7.5764
v 3.1852 9.3193 7.0579
v 3.1852 12.3831 7.8354
v 3.1852 9.2761 7.3168
v 3.4125 12.3615 7.9648
v 3.4125 9.2545 7.4462
v 3.6398 12.3831 7.8354
v 3.6398 9.2761 7.3168
v 3.6398 12.4264 7.5764
v 3.6398 9.3193 7.0579
v 2.9578 12.3615 7.9648
v 3.4125 12.3183 8.2237
v 3.8672 12.3615 7.9648
v 3.8672 12.448 7.447
v 4.0945 13.5052 7.4904
v 3.4125 13.5701 7.102
v 4.0945 13.3756 8.2671
v 3.4125 13.3108 8.6555
v 2.7305 13.3756 8.2671
v 2.7305 13.5052 7.4904
v 4.0945 14.5409 7.6632
v 3.4125 14.6057 7.2749
v 4.0945 14.4113 8.44
v 3.4125 14.3465 8.8284
v 2.7305 14.4113 8.44
v 2.7305 14.5409 7.6632
v -0 7.995 2.1
v 4.2 9.045 -2.625
v -0 10.095 -2.625
v -0 10.095 -2.1
v -0 7.995 -2.1
v 4.2 9.15 -0
v 4.725 13.35 2.1
v -0 9.15 2.1
v -4.2 15.975 3.675
v -0 10.095 2.1
v -0 10.095 2.625
v 4.2 9.045 2.625
v -4.2 7.995 -0
v -4.2 10.095 -0
v 4.2 7.995 -0
v 4.2 10.095 -0
v 4.725 9.045 2.1
v 4.725 10.095 -0
v -4.725 9.045 -2.1
v -4.725 10.095 -0
v -4.2 9.045 -2.625
v -4.2 9.045 2.625
v -4.2 9.15 -0
v -4.725 13.35 -2.1
v 4.2 15.975 3.675
v 4.725 20.175 3.675
v -4.725 13.35 2.1
v -4.725 20.175 3.675
v -2.1 9.15 -2.1
v -1.05 12.3 -2.625
v 4.2 12.3 -2.625
v 3.15 15.45 -3.15
v -4.2 12.3 -2.625
v -4.725 16.5 -2.625
v 4.725 13.35 -2.1
v 4.725 16.5 -2.625
v 4.2 6 2.1
v -0 -0.3 2.1
v 4.2 -0.3 0
v -0 -0.3 -2.1
v 4.2 6 -2.1
v -4.2 -0.3 0
v -4.2 6 -2.1
v 3.15 6 3.15
v -0 11.25 3.15
v -0 0.75 3.15
v -3.15 0.75 4.2
v -3.15 1.8 5.25
v -3.15 6 3.15
v -3.15 11.25 5.25
v -0 11.25 7.35
v 3.15 7.05 7.35
v -0 0.75 5.25
v -3.15 1.8 6.3
v 3.15 1.8 5.25
v 3.15 1.8 6.3
v 3.15 0.75 4.2
v 4.2 3.9 5.25
v 4.2 2.85 4.2
v 3.4125 2.85 4.2
v 3.15 4.95 5.25
v 4.2 10.2 5.25
v 3.15 8.1 6.3
v 3.675 7.575 6.3
v 3.675 1.8 5.25
v 3.675 7.575 4.2
v 3.15 8.1 4.2
v 4.2 7.575 6.3
v 3.15 3.9 5.25
v 3.4125 2.85 6.3
v 4.2 2.85 6.3
v -4.2 10.2 5.25
v -4.2 7.575 6.3
v -3.675 7.575 6.3
v -3.15 8.1 6.3
v -4.2 7.575 4.2
v -3.675 7.575 4.2
v -4.2 4.95 5.25
v -3.9375 3.375 4.9875
v -3.4125 3.375 5.5125
v -3.9375 3.375 5.5125
v -3.4125 3.375 4.9875
v -4.2 3.1125 5.775
v -3.15 3.1125 4.725
v -3.15 3.1125 5.775
v 4.2 1.4925 6.6075
v -0 2.2349 6.9151
v 4.2 2.5425 7.6575
v -0 2.85 8.4
v 4.2 2.5425 9.1425
v -0 2.2349 9.8849
v 4.2 1.4925 10.1925
v -0 0.75 10.5
v 4.2 0.0075 10.1925
v -0 -0.7349 9.8849
v 4.2 -1.0425 9.1425
v -4.2 0.4425 9.1425
v -4.2 2.5425 9.1425
v -4.2 0.75 8.4
v 4.2 -1.0425 7.6575
v -0 -0.7349 6.9151
v 4.2 0.0075 6.6075
v -0 0.75 6.3
v 4.2 0.75 6.9151
v 4.2 2.2349 8.4
v -0 10.2 9.45
v 2.1 8.1 9.45
v -0 6 7.35
v -2.1 6 8.4
v -0 10.2 7.35
v 2.1 10.2 8.4
v -2.1 8.1 7.35
v -2.1 10.2 8.4
v 2.1 8.1 7.35
v 2.1 6 8.4
v 3.1852 10.3444 6.4457
v 3.1852 10.3697 6.707
v 3.4125 10.3823 6.8376
v 3.6398 10.3444 6.4457
v 3.4125 10.8944 7.1877
v 3.1852 10.8296 7.5761
v 3.4125 10.808 7.7055
v 3.6398 10.8296 7.5761
v 3.6398 10.8728 7.3172
v -0 7.995 2.625
v -0 7.995 -2.625
v 5.25 17.55 -0
v 0 22.8 5.25
v -4.725 7.995 -0
v 4.725 7.995 -0
v 4.725 9.045 -2.1
v -4.725 9.045 2.1
v -5.25 17.55 -0
v -3.15 15.45 -3.15
v 2.1 9.15 -2.1
v 1.05 12.3 -2.625
v -0 12.3 2.1
v -4.2 6 2.1
v 4.2 12.3 -0
v -0 12.3 -2.1
v -4.2 12.3 -0
v -3.15 7.05 7.35
v 3.15 11.25 5.25
v -0 2.85 7.35
v 4.2 1.8 5.25
v 4.2 4.95 5.25
v 3.15 11.25 5.25
v 4.2 7.575 4.2
v -3.15 8.1 4.2
v -3.15 11.25 5.25
v -3.15 4.95 5.25
v -4.2 3.1125 4.725
v -4.2 1.4925 6.6075
v -4.2 2.5425 7.6575
v -4.2 1.4925 10.1925
v -4.2 0.0075 10.1925
v -4.2 -1.0425 9.1425
v -0 -1.35 8.4
v -4.2 0.4425 7.6575
v -4.2 -0.3 7.35
v -4.2 0.0075 6.6075
v -4.2 -1.0425 7.6575
v -4.2 -0.3 9.45
v 4.2 0.75 9.8849
v 4.2 0.4425 9.1425
v -2.1 8.1 9.45
v -0 6 9.45
v 3.4125 10.3318 6.3151
v 3.6398 10.3697 6.707
v 3.1852 10.8728 7.3172
v 2.1 8.1 8.4
v -3.15 6.525 5.25
v -0 2.5425 7.6575
v -0 1.4925 10.1925
v -2.625 12.3 -2.625
v -2.1 8.1 8.4
v 3.4125 2.85 5.25
v -0 15.975 3.675
v -0 6 -2.1
v -0 -1.0425 7.6575
v -0 9.045 2.625
v -0 8.1 9.45
v 3.15 6.525 5.25
v -0 -0.3 0
v -0 6 3.15
v -4.2 7.575 5.25
v 4.2 6 -0
v 4.725 9.045 -0
v -4.2 6 -0
v -0 0.0075 10.1925
v -0 0.75 4.2
v -4.725 9.045 -0
v -0 6 8.4
v -4.725 13.35 -0
v -0 11.25 5.25
v -0 9.045 -2.625
v -0 1.8 6.3
v -0 10.2 8.4
v -0 6 2.1
v -0 2.5425 9.1425
v 4.725 13.35 -0
v -0 7.05 7.35
v 4.2 0.5962 8.0288
v 2.625 12.3 -2.625
v -0 0.0075 6.6075
v -0 1.4925 6.6075
v 4.2 7.575 5.25
v 4.2 2.85 5.25
v -0 -1.0425 9.1425
v -2.1 7.995 2.1
v -2.1 10.095 -2.625
v -2.1 10.095 -2.1
v -2.1 7.995 -2.1
v 2.1 12.3 2.1
v 4.2 9.15 -1.05
v 1.05 10.2 7.35
v 4.9875 15.45 2.1
v 2.1 9.15 2.1
v -4.2 19.3875 4.4625
v -2.1 10.095 2.1
v 3.1852 11.6064 7.7057
v -2.1 10.095 2.625
v -3.9375 4.1625 5.5125
v -4.2 7.995 1.05
v 2.1 7.995 2.625
v -4.2 10.095 1.05
v 2.1 12.3 -2.1
v 4.2 7.995 1.05
v 4.2 10.095 1.05
v 2.1 0.75 6.3
v 1.05 6 7.35
v 4.725 10.095 1.05
v -4.725 10.095 1.05
v -3.9375 8.8875 6.3
v -3.9375 8.8875 4.2
v -4.2 8.8875 4.2
v -3.15 6.525 6.3
v -4.2 9.15 -1.05
v -4.2 12.3 -1.05
v -4.9875 15.45 -2.1
v 4.2 19.3875 4.4625
v 4.9875 18.8625 2.8875
v -4.9875 15.45 2.1
v -4.9875 18.8625 2.8875
v -1.05 9.15 -2.1
v -3.15 9.15 -2.1
v -1.575 13.875 -2.8875
v 4.2 13.875 -2.8875
v -4.4625 21.4875 4.4625
v -4.2 13.875 -2.8875
v 4.9875 15.45 -2.1
v 4.2 9.15 2.1
v -4.2 1.3387 9.5137
v -2.1 -0.3 2.1
v 4.2 -0.3 -1.05
v -2.1 -0.3 -2.1
v 2.1 2.2349 9.8849
v 4.2 9.15 -2.1
v -4.2 -0.3 1.05
v 3.1852 11.1283 6.3699
v -4.2 9.15 -2.1
v 3.15 3.375 3.15
v -1.575 11.25 3.15
v -1.575 0.75 3.15
v -3.15 2.325 6.3
v -4.2 9.15 1.05
v -3.15 3.375 3.15
v -3.15 11.25 6.3
v 3.15 9.15 -2.1
v -1.575 11.25 7.35
v 3.15 9.15 7.35
v -1.575 0.75 5.25
v 2.1 -0.7349 9.8849
v 3.15 2.325 6.3
v 0.525 10.725 -2.3625
v -3.15 9.15 7.35
v -4.725 7.995 -1.05
v 4.725 7.995 -1.05
v 3.15 6.525 6.3
v 3.4125 6.2625 6.3
v 4.2 6.2625 6.3
v -5.25 17.55 1.05
v 3.6398 11.6496 7.4468
v 3.4125 6.2625 4.2
v 3.15 6.525 4.2
v 4.2 8.8875 6.3
v 3.4125 11.6712 7.3173
v 2.1 7.995 -2.625
v 5.25 17.55 1.05
v 3.15 11.25 4.2
v 2.1 9.15 7.35
v 3.15 9.675 4.2
v 3.1852 11.1535 6.6312
v -4.2 8.8875 6.3
v -3.4125 6.2625 6.3
v -3.15 9.675 6.3
v -4.2 6.2625 4.2
v -3.4125 6.2625 4.2
v -2.1 9.15 7.35
v 3.4125 11.1662 6.7618
v 2.1 -0.7349 6.9151
v -3.9375 2.5875 4.9875
v 3.9375 8.8875 6.3
v -3.4125 2.5875 5.5125
v -3.9375 2.5875 5.5125
v 1.05 10.2 9.45
v -3.4125 2.5875 4.9875
v -4.2 1.8 8.4
v 2.1 7.05 9.45
v 3.6398 11.1283 6.3699
v -4.2 2.85 2.1
v 4.2 10.095 -1.05
v 4.2 12.5625 2.8875
v 4.2 12.3 1.05
v 1.575 2.85 7.35
v -4.2 7.995 -1.05
v 4.2 7.995 -1.05
v 4.4625 21.4875 4.4625
v 3.4125 11.5848 7.8352
v 3.6398 11.6064 7.7057
v -4.2 10.095 -1.05
v -3.9375 4.1625 4.9875
v -3.4125 4.1625 5.5125
v -2.1 2.2349 6.9151
v -2.1 2.85 8.4
v -2.1 2.2349 9.8849
v -3.4125 4.1625 4.9875
v -2.1 0.75 10.5
v 3.9375 8.8875 4.2
v -2.1 -0.7349 9.8849
v 2.1 0.75 10.5
v -4.2 -0.4538 8.7712
v -4.2 -0.3 8.4
v -2.1 -0.7349 6.9151
v -4.2 6.2625 6.3
v -2.1 0.75 6.3
v -4.4625 11.25 2.1
v -1.05 10.2 9.45
v 2.1 2.85 8.4
v 2.1 9.15 9.45
v -1.05 6 7.35
v -2.1 22.8 5.25
v -1.05 10.2 7.35
v -2.1 7.05 7.35
v 2.1 7.05 7.35
v -0.525 10.725 -2.3625
v -4.2 12.5625 2.8875
v -4.2 2.85 -2.1
v 3.1852 9.5606 6.5215
v 2.1 10.095 2.625
v 2.1 10.095 -2.625
v 3.1852 9.5858 6.7828
v 2.1 10.095 -2.1
v 3.4125 9.5985 6.9134
v -3.15 11.25 4.2
v -4.2 10.725 -2.3625
v 3.6398 9.5606 6.5215
v 4.4625 11.25 -2.1
v -4.2 -0.3 -1.05
v 2.1 10.095 2.1
v 4.2 10.725 -2.3625
v 3.15 9.675 6.3
v 4.2 -0.3 1.05
v 3.4125 10.1177 7.0581
v 1.575 11.25 3.15
v 4.2 2.85 -2.1
v -2.1 9.15 2.1
v 1.575 0.75 3.15
v 3.1852 10.0529 7.4464
v 2.1 -0.3 2.1
v 2.1 7.995 2.1
v 1.575 11.25 7.35
v 3.4125 10.0313 7.5759
v 2.1 2.2349 6.9151
v 4.2 9.15 1.05
v -3.15 8.625 3.15
v 3.6398 10.0529 7.4464
v -3.15 1.275 4.2
v 4.2 2.85 2.1
v 4.4625 11.25 2.1
v 3.6398 10.0961 7.1875
v 3.15 8.625 3.15
v 2.1 7.995 -2.1
v 2.1 -0.3 -2.1
v -4.725 10.095 -1.05
v 3.15 1.275 4.2
v 3.15 4.95 7.35
v 1.575 0.75 5.25
v -2.1 7.995 2.625
v -2.1 7.995 -2.625
v 5.25 17.55 -1.05
v 2.1 22.8 5.25
v -4.725 7.995 1.05
v 4.725 7.995 1.05
v -5.25 17.55 -1.05
v 1.05 9.15 -2.1
v 1.575 13.875 -2.8875
v -2.1 12.3 2.1
v -4.2 9.15 2.1
v 4.2 12.3 -1.05
v -2.1 12.3 -2.1
v -4.2 12.3 1.05
v -3.15 4.95 7.35
v 3.15 11.25 6.3
v -1.575 2.85 7.35
v -4.4625 11.25 -2.1
v 4.2 6.2625 4.2
v -3.15 9.675 4.2
v -2.1 -1.35 8.4
v -4.2 -0.4538 8.0288
v 4.2 -0.4538 8.7712
v -2.1 7.05 9.45
v -1.05 6 9.45
v 3.4125 9.5479 6.3908
v 3.6398 9.5858 6.7828
v 4.725 10.095 -1.05
v 3.1852 10.0961 7.1875
v 4.2 8.8875 4.2
v -3.15 6.525 4.2
v 2.1 -1.35 8.4
v -4.2 1.3387 7.2863
v 4.2 1.3387 9.5137
v -2.1 9.15 9.45
v 1.05 6 9.45
v 3.4125 11.1156 6.2393
v 3.6398 11.1535 6.6312
v 3.1852 11.6496 7.4468
v 2.1 7.05 8.4
v 2.1 9.15 8.4
v 4.2 -0.1462 9.5137
v -4.2 0.5962 9.8212
v -4.2 0.5962 6.9788
v -4.2 1.6462 8.0288
v -4.2 1.4925 7.6575
v -3.15 6.2625 4.2
v -3.15 6.7875 6.3
v -3.15 4.1625 5.25
v -3.15 8.8875 5.25
v -3.15 1.275 5.25
v 2.1 2.5425 7.6575
v -2.1 2.5425 7.6575
v 2.1 1.4925 10.1925
v -2.1 1.4925 10.1925
v -1.8375 12.3 -2.625
v -3.4125 12.3 -2.625
v -2.3625 10.725 -2.3625
v -2.8875 13.875 -2.8875
v -2.1 9.15 8.4
v -2.1 7.05 8.4
v -2.1 15.975 3.675
v 2.1 15.975 3.675
v -0 12.5625 2.8875
v -0 19.3875 4.4625
v 2.1 6 -2.1
v -2.1 6 -2.1
v -0 2.85 -2.1
v -0 9.15 -2.1
v -4.2 1.4925 9.1425
v -4.2 1.6462 8.7712
v 2.1 -1.0425 7.6575
v -2.1 -1.0425 7.6575
v 2.1 9.045 2.625
v -2.1 9.045 2.625
v 1.05 8.1 9.45
v -1.05 8.1 9.45
v -0 9.15 9.45
v -0 7.05 9.45
v 3.15 4.1625 5.25
v 3.15 8.8875 5.25
v 3.15 6.2625 4.2
v 3.15 6.7875 6.3
v -0 -0.3 -1.05
v -0 -0.3 1.05
v 2.1 -0.3 0
v -2.1 -0.3 0
v -0 8.625 3.15
v -0 3.375 3.15
v 1.575 6 3.15
v -1.575 6 3.15
v -4.2 8.8875 5.25
v -4.2 6.2625 5.25
v 4.2 6 1.05
v 4.2 6 -1.05
v 4.2 2.85 -0
v 4.2 9.15 -0
v 4.725 9.045 1.05
v 4.725 9.045 -1.05
v -4.2 6 -1.05
v -4.2 6 1.05
v -4.2 2.85 -0
v -4.2 9.15 -0
v 2.1 0.0075 10.1925
v -2.1 0.0075 10.1925
v -1.575 0.75 4.2
v 1.575 0.75 4.2
v -4.725 9.045 -1.05
v -4.725 9.045 1.05
v -1.05 6 8.4
v 1.05 6 8.4
v -4.725 13.35 -1.05
v -4.725 13.35 1.05
v -4.4625 11.25 -0
v -4.9875 15.45 -0
v -0 11.25 4.2
v -0 11.25 6.3
v -1.575 11.25 5.25
v 1.575 11.25 5.25
v 3.15 1.275 5.25
v 2.1 9.045 -2.625
v -2.1 9.045 -2.625
v -1.575 1.8 6.3
v 1.575 1.8 6.3
v 1.05 10.2 8.4
v -1.05 10.2 8.4
v -0 2.85 2.1
v -0 9.15 2.1
v 2.1 6 2.1
v -2.1 6 2.1
v 2.1 2.5425 9.1425
v -2.1 2.5425 9.1425
v 4.725 13.35 1.05
v 4.725 13.35 -1.05
v 4.4625 11.25 -0
v 4.9875 15.45 -0
v 1.575 7.05 7.35
v -1.575 7.05 7.35
v -0 9.15 7.35
v -0 4.95 7.35
v 4.725 14.925 -2.3625
v 4.4625 14.4 -2.625
v -4.4625 14.4 -2.625
v -4.725 14.925 -2.3625
v 4.2 1.4156 8.2144
v 4.2 -0.2231 7.8432
v 2.8875 13.875 -2.8875
v 2.3625 10.725 -2.3625
v 3.4125 12.3 -2.625
v 1.8375 12.3 -2.625
v -4.725 16.7625 2.8875
v -4.4625 14.6625 2.8875
v -4.4625 18.075 3.675
v 4.4625 18.075 3.675
v 4.4625 14.6625 2.8875
v 4.725 16.7625 2.8875
v 2.1 0.0075 6.6075
v -2.1 0.0075 6.6075
v 2.1 1.4925 6.6075
v -2.1 1.4925 6.6075
v 4.2 8.8875 5.25
v 4.2 6.2625 5.25
v 2.1 -1.0425 9.1425
v -2.1 -1.0425 9.1425
v 1.4437 10.725 -2.3625
v 3.2812 10.725 -2.3625
v -1.575 4.95 7.35
v -1.575 9.15 7.35
v 1.575 9.15 7.35
v 4.9875 15.45 -1.05
v 4.4625 11.25 -1.05
v 4.4625 11.25 1.05
v -2.1 9.15 2.1
v 2.1 9.15 2.1
v 2.1 2.85 2.1
v -3.15 3.7688 4.2
v -1.4438 10.725 -2.3625
v -3.15 4.5563 6.3
v 1.05 9.15 9.45
v -3.2813 10.725 -2.3625
v -3.15 9.0188 6.3
v -1.05 9.15 9.45
v 3.15 9.0187 6.3
v 3.15 3.7687 4.2
v -1.05 7.05 9.45
v 2.1 19.3875 4.4625
v -2.1 9.15 -2.1
v -4.9875 15.45 1.05
v -4.4625 11.25 1.05
v 4.2 2.85 1.05
v 1.575 3.375 3.15
v 1.575 8.625 3.15
v -1.575 3.375 3.15
v 4.2 9.15 -1.05
v -4.2 9.15 1.05
v -2.1 12.5625 2.8875
v 2.1 12.5625 2.8875
v 2.1 2.85 -2.1
v 1.575 11.25 6.3
v -2.1 2.85 -2.1
v -3.15 8.7562 4.2
v 2.1 -0.3 -1.05
v -2.1 -0.3 1.05
v -4.2 2.85 1.05
v 3.15 8.7562 4.2
v 2.1 -0.3 1.05
v -1.575 11.25 6.3
v 4.2 2.85 -1.05
v -4.2 2.85 -1.05
v -1.575 11.25 4.2
v -4.4625 11.25 -1.05
v -2.1 19.3875 4.4625
v 2.1 9.15 -2.1
v 1.05 7.05 9.45
v 3.15 4.5562 6.3
v -2.1 -0.3 -1.05
v -1.575 8.625 3.15
v 4.2 9.15 1.05
v -4.2 9.15 -1.05
v -4.9875 15.45 -1.05
v 1.575 11.25 4.2
v -2.1 2.85 2.1
v 4.9875 15.45 1.05
v 1.575 4.95 7.35
v -3.15 7.995 2.1
v -3.15 10.095 -2.625
v -3.15 10.095 -2.1
v -3.15 7.995 -2.1
v 1.05 12.3 2.1
v 5.1187 16.5 2.1
v 3.15 9.15 2.1
v -4.2 21.0938 4.8562
v -3.15 10.095 2.1
v -3.15 10.095 2.625
v 1.05 7.995 2.625
v 1.05 12.3 -2.1
v 1.05 0.75 6.3
v -3.15 7.3125 6.3
v -5.1188 16.5 -2.1
v 4.2 21.0937 4.8562
v 5.1187 18.2062 2.4937
v -5.1188 16.5 2.1
v -5.1188 18.2063 2.4937
v -1.8375 14.6625 -3.0188
v 4.2 14.6625 -3.0188
v -4.5938 20.8313 4.0687
v -4.2 14.6625 -3.0188
v 5.1187 16.5 -2.1
v 4.2 10.725 2.1
v -3.15 -0.3 2.1
v -3.15 -0.3 -2.1
v 1.05 2.2349 9.8849
v 4.2 10.725 -2.1
v -4.2 10.725 -2.1
v 3.15 2.0625 3.15
v -2.3625 11.25 3.15
v -2.3625 0.75 3.15
v -3.15 2.0625 3.15
v -2.3625 11.25 7.35
v 3.15 10.2 7.35
v -2.3625 0.75 5.25
v 1.05 -0.7349 9.8849
v 0.7875 11.5125 -2.4938
v -3.15 8.1 7.35
v 3.15 5.7375 6.3
v 3.15 5.7375 4.2
v 1.05 7.995 -2.625
v 3.15 8.8875 4.2
v -3.15 10.4625 6.3
v 1.05 -0.7349 6.9151
v -4.2 4.425 2.1
v 4.2 14.2687 3.2812
v 0.7875 2.85 7.35
v 4.5937 20.8312 4.0687
v -3.15 2.2349 6.9151
v -3.15 2.85 8.4
v -3.15 2.2349 9.8849
v -3.15 0.75 10.5
v -3.15 -0.7349 9.8849
v 1.05 0.75 10.5
v -3.15 -0.7349 6.9151
v -3.15 0.75 6.3
v -4.5938 12.3 2.1
v 1.05 2.85 8.4
v -1.05 22.8 5.25
v -0.7875 11.5125 -2.4938
v -4.2 14.2688 3.2812
v -4.2 4.425 -2.1
v 1.05 10.095 2.625
v 1.05 10.095 -2.625
v 1.05 10.095 -2.1
v -4.2 11.5125 -2.4938
v 4.5937 12.3 -2.1
v 1.05 10.095 2.1
v 4.2 11.5125 -2.4938
v 3.15 8.8875 6.3
v 0.7875 11.25 3.15
v 4.2 4.425 -2.1
v -1.05 9.15 2.1
v 0.7875 0.75 3.15
v 1.05 -0.3 2.1
v 1.05 7.995 2.1
v 0.7875 11.25 7.35
v 1.05 2.2349 6.9151
v -3.15 7.3125 3.15
v 4.2 4.425 2.1
v 4.5937 12.3 2.1
v 3.15 7.3125 3.15
v 1.05 7.995 -2.1
v 1.05 -0.3 -2.1
v 3.15 6 7.35
v 0.7875 0.75 5.25
v -3.15 7.995 2.625
v -3.15 7.995 -2.625
v 3.15 22.8 5.25
v 1.8375 14.6625 -3.0188
v -3.15 12.3 2.1
v -4.2 10.725 2.1
v -3.15 12.3 -2.1
v -3.15 3.9 7.35
v -2.3625 2.85 7.35
v -4.5938 12.3 -2.1
v -3.15 10.4625 4.2
v -3.15 -1.35 8.4
v -3.15 7.3125 4.2
v 1.05 -1.35 8.4
v -3.15 2.9813 5.25
v -3.15 7.7063 5.25
v 3.15 2.5425 7.6575
v -1.05 2.5425 7.6575
v 3.15 1.4925 10.1925
v -1.05 1.4925 10.1925
v -2.2313 9.9375 -2.2313
v -2.7563 13.0875 -2.7563
v -3.15 15.975 3.675
v 1.05 15.975 3.675
v -0 10.8562 2.4937
v -0 17.6812 4.0687
v 3.15 6 -2.1
v -1.05 6 -2.1
v -0 1.275 -2.1
v -0 7.575 -2.1
v 3.15 -1.0425 7.6575
v -1.05 -1.0425 7.6575
v 3.15 9.045 2.625
v -1.05 9.045 2.625
v 3.15 2.9812 5.25
v 3.15 7.7062 5.25
v 3.15 -0.3 0
v -1.05 -0.3 0
v -0 9.9375 3.15
v -0 4.6875 3.15
v 2.3625 6 3.15
v -0.7875 6 3.15
v 4.2 1.275 -0
v 4.2 7.575 -0
v -4.2 1.275 -0
v -4.2 7.575 -0
v 3.15 0.0075 10.1925
v -1.05 0.0075 10.1925
v -2.3625 0.75 4.2
v 0.7875 0.75 4.2
v -4.3313 10.2 -0
v -4.8563 14.4 -0
v -2.3625 11.25 5.25
v 0.7875 11.25 5.25
v 3.15 9.045 -2.625
v -1.05 9.045 -2.625
v -2.3625 1.8 6.3
v 0.7875 1.8 6.3
v -0 1.275 2.1
v -0 7.575 2.1
v 3.15 6 2.1
v -1.05 6 2.1
v 3.15 2.5425 9.1425
v -1.05 2.5425 9.1425
v 4.3312 10.2 -0
v 4.8562 14.4 -0
v 2.3625 7.05 7.35
v -0.7875 7.05 7.35
v -0 10.2 7.35
v -0 6 7.35
v 4.725 15.7125 -2.4938
v 4.3312 13.35 -2.625
v -4.5938 15.45 -2.625
v -4.725 14.1375 -2.2313
v 3.0187 14.6625 -3.0188
v 2.4937 11.5125 -2.4938
v -4.725 18.4688 3.2812
v -4.3313 15.3187 3.2812
v -4.3313 17.025 3.675
v 4.5937 19.125 3.675
v 4.5937 14.0062 2.4937
v 4.725 15.0562 2.4937
v 3.15 0.0075 6.6075
v -1.05 0.0075 6.6075
v 3.15 1.4925 6.6075
v -1.05 1.4925 6.6075
v 3.15 -1.0425 9.1425
v -1.05 -1.0425 9.1425
v -1.05 7.995 2.1
v -1.05 10.095 -2.625
v -1.05 10.095 -2.1
v -1.05 7.995 -2.1
v 3.15 12.3 2.1
v 4.8562 14.4 2.1
v 1.05 9.15 2.1
v -4.2 17.6813 4.0687
v -1.05 10.095 2.1
v -1.05 10.095 2.625
v 3.15 7.995 2.625
v 3.15 12.3 -2.1
v 3.15 0.75 6.3
v -3.15 5.7375 6.3
v -4.8563 14.4 -2.1
v 4.2 17.6812 4.0687
v 4.8562 19.5187 3.2812
v -4.8563 14.4 2.1
v -4.8563 19.5188 3.2812
v -1.3125 13.0875 -2.7563
v 4.2 13.0875 -2.7563
v -4.3312 22.1438 4.8562
v -4.2 13.0875 -2.7563
v 4.8562 14.4 -2.1
v 4.2 7.575 2.1
v -1.05 -0.3 2.1
v -1.05 -0.3 -2.1
v 3.15 2.2349 9.8849
v 4.2 7.575 -2.1
v -4.2 7.575 -2.1
v 3.15 4.6875 3.15
v -0.7875 11.25 3.15
v -0.7875 0.75 3.15
v -3.15 4.6875 3.15
v -0.7875 11.25 7.35
v 3.15 8.1 7.35
v -0.7875 0.75 5.25
v 3.15 -0.7349 9.8849
v 0.2625 9.9375 -2.2313
v -3.15 10.2 7.35
v 3.15 7.3125 6.3
v 3.15 7.3125 4.2
v 3.15 7.995 -2.625
v 3.15 10.4625 4.2
v -3.15 8.8875 6.3
v 3.15 -0.7349 6.9151
v -4.2 1.275 2.1
v 4.2 10.8562 2.4937
v 2.3625 2.85 7.35
v 4.3312 22.1437 4.8562
v -1.05 2.2349 6.9151
v -1.05 2.85 8.4
v -1.05 2.2349 9.8849
v -1.05 0.75 10.5
v -1.05 -0.7349 9.8849
v 3.15 0.75 10.5
v -1.05 -0.7349 6.9151
v -1.05 0.75 6.3
v -4.3313 10.2 2.1
v 3.15 2.85 8.4
v -3.15 22.8 5.25
v -0.2625 9.9375 -2.2313
v -4.2 10.8563 2.4937
v -4.2 1.275 -2.1
v 3.15 10.095 2.625
v 3.15 10.095 -2.625
v 3.15 10.095 -2.1
v -4.2 9.9375 -2.2313
v 4.3312 10.2 -2.1
v 3.15 10.095 2.1
v 4.2 9.9375 -2.2313
v 3.15 10.4625 6.3
v 2.3625 11.25 3.15
v 4.2 1.275 -2.1
v -3.15 9.15 2.1
v 2.3625 0.75 3.15
v 3.15 -0.3 2.1
v 3.15 7.995 2.1
v 2.3625 11.25 7.35
v 3.15 2.2349 6.9151
v -3.15 9.9375 3.15
v 4.2 1.275 2.1
v 4.3312 10.2 2.1
v 3.15 9.9375 3.15
v 3.15 7.995 -2.1
v 3.15 -0.3 -2.1
v 3.15 3.9 7.35
v 2.3625 0.75 5.25
v -1.05 7.995 2.625
v -1.05 7.995 -2.625
v 1.05 22.8 5.25
v 1.3125 13.0875 -2.7563
v -1.05 12.3 2.1
v -4.2 7.575 2.1
v -1.05 12.3 -2.1
v -3.15 6 7.35
v -0.7875 2.85 7.35
v -4.3313 10.2 -2.1
v -3.15 8.8875 4.2
v -1.05 -1.35 8.4
v -3.15 5.7375 4.2
v 3.15 -1.35 8.4
v -3.15 5.3438 5.25
v -3.15 10.0687 5.25
v 1.05 2.5425 7.6575
v -3.15 2.5425 7.6575
v 1.05 1.4925 10.1925
v -3.15 1.4925 10.1925
v -2.4938 11.5125 -2.4938
v -3.0188 14.6625 -3.0188
v -1.05 15.975 3.675
v 3.15 15.975 3.675
v -0 14.2687 3.2812
v -0 21.0938 4.8562
v 1.05 6 -2.1
v -3.15 6 -2.1
v -0 4.425 -2.1
v -0 10.725 -2.1
v 1.05 -1.0425 7.6575
v -3.15 -1.0425 7.6575
v 1.05 9.045 2.625
v -3.15 9.045 2.625
v 3.15 5.3438 5.25
v 3.15 10.0687 5.25
v 1.05 -0.3 0
v -3.15 -0.3 0
v -0 7.3125 3.15
v -0 2.0625 3.15
v 0.7875 6 3.15
v -2.3625 6 3.15
v 4.2 4.425 -0
v 4.2 10.725 -0
v -4.2 4.425 -0
v -4.2 10.725 -0
v 1.05 0.0075 10.1925
v -3.15 0.0075 10.1925
v -0.7875 0.75 4.2
v 2.3625 0.75 4.2
v -4.5938 12.3 -0
v -5.1188 16.5 -0
v -0.7875 11.25 5.25
v 2.3625 11.25 5.25
v 1.05 9.045 -2.625
v -3.15 9.045 -2.625
v -0.7875 1.8 6.3
v 2.3625 1.8 6.3
v -0 4.425 2.1
v -0 10.725 2.1
v 1.05 6 2.1
v -3.15 6 2.1
v 1.05 2.5425 9.1425
v -3.15 2.5425 9.1425
v 4.5937 12.3 -0
v 5.1187 16.5 -0
v 0.7875 7.05 7.35
v -2.3625 7.05 7.35
v -0 8.1 7.35
v -0 3.9 7.35
v 4.725 14.1375 -2.2313
v 4.5937 15.45 -2.625
v -4.3313 13.35 -2.625
v -4.725 15.7125 -2.4938
v 2.7562 13.0875 -2.7563
v 2.2312 9.9375 -2.2313
v -4.725 15.0563 2.4937
v -4.5938 14.0062 2.4937
v -4.5938 19.125 3.675
v 4.3312 17.025 3.675
v 4.3312 15.3187 3.2812
v 4.725 18.4687 3.2812
v 1.05 0.0075 6.6075
v -3.15 0.0075 6.6075
v 1.05 1.4925 6.6075
v -3.15 1.4925 6.6075
v 1.05 -1.0425 9.1425
v -3.15 -1.0425 9.1425
v 4.8562 17.8125 2.8875
v 4.8562 16.1062 2.4937
v 4.9875 17.1562 2.4937
v 4.5937 17.4187 3.2812
v 4.4625 16.3687 3.2812
v 4.5937 15.7125 2.8875
v 4.3312 20.4375 4.4625
v 4.3312 18.7312 4.0687
v 4.4625 19.7812 4.0687
v -4.4625 19.7812 4.0687
v -4.3313 18.7313 4.0687
v -4.3313 20.4375 4.4625
v -4.5938 17.4188 3.2812
v -4.5938 15.7125 2.8875
v -4.4625 16.3688 3.2812
v -4.9875 17.1562 2.4937
v -4.8563 16.1063 2.4937
v -4.8563 17.8125 2.8875
v 1.6406 11.5125 -2.4938
v 1.2469 9.9375 -2.2313
v 3.3469 11.5125 -2.4938
v 3.2156 9.9375 -2.2313
v 3.8062 13.0875 -2.7563
v 3.15 13.0875 -2.7563
v -0.7875 4.95 7.35
v -2.3625 4.95 7.35
v -1.575 6 7.35
v -1.575 3.9 7.35
v -0.7875 9.15 7.35
v -2.3625 9.15 7.35
v -1.575 10.2 7.35
v -1.575 8.1 7.35
v 2.3625 9.15 7.35
v 0.7875 9.15 7.35
v 1.575 10.2 7.35
v 1.575 8.1 7.35
v 4.8562 14.4 -1.05
v 5.1187 16.5 -1.05
v 4.3312 10.2 -1.05
v 4.5937 12.3 -1.05
v 4.3312 10.2 1.05
v 4.5937 12.3 1.05
v -2.1 7.575 2.1
v -2.1 10.725 2.1
v -1.05 9.15 2.1
v -3.15 9.15 2.1
v 2.1 7.575 2.1
v 2.1 10.725 2.1
v 3.15 9.15 2.1
v 1.05 9.15 2.1
v 2.1 1.275 2.1
v 2.1 4.425 2.1
v 3.15 2.85 2.1
v 1.05 2.85 2.1
v -3.15 13.0875 -2.7563
v -3.8063 13.0875 -2.7563
v -3.15 2.5219 4.2
v -3.15 5.0156 4.2
v -1.2469 9.9375 -2.2313
v -1.6406 11.5125 -2.4938
v -3.15 3.4406 6.3
v -3.15 5.6719 6.3
v -3.2156 9.9375 -2.2313
v -3.3469 11.5125 -2.4938
v -3.15 7.9031 6.3
v -3.15 10.1344 6.3
v 3.15 7.9031 6.3
v 3.15 10.1344 6.3
v 3.15 2.5219 4.2
v 3.15 5.0156 4.2
v 1.05 19.3875 4.4625
v 3.15 19.3875 4.4625
v 2.1 17.6812 4.0687
v 2.1 21.0937 4.8562
v -1.05 9.15 -2.1
v -3.15 9.15 -2.1
v -2.1 7.575 -2.1
v -2.1 10.725 -2.1
v -4.8563 14.4 1.05
v -5.1188 16.5 1.05
v -4.3313 10.2 1.05
v -4.5938 12.3 1.05
v 4.2 1.275 1.05
v 4.2 4.425 1.05
v 1.575 4.6875 3.15
v 1.575 2.0625 3.15
v 2.3625 3.375 3.15
v 0.7875 3.375 3.15
v 1.575 9.9375 3.15
v 1.575 7.3125 3.15
v 2.3625 8.625 3.15
v 0.7875 8.625 3.15
v -1.575 4.6875 3.15
v -1.575 2.0625 3.15
v -0.7875 3.375 3.15
v -2.3625 3.375 3.15
v 4.2 7.575 -1.05
v 4.2 10.725 -1.05
v -4.2 7.575 1.05
v -4.2 10.725 1.05
v -3.15 12.5625 2.8875
v -1.05 12.5625 2.8875
v -2.1 10.8562 2.4937
v -2.1 14.2688 3.2812
v 1.05 12.5625 2.8875
v 3.15 12.5625 2.8875
v 2.1 10.8562 2.4937
v 2.1 14.2687 3.2812
v 3.15 2.85 -2.1
v 1.05 2.85 -2.1
v 2.1 1.275 -2.1
v 2.1 4.425 -2.1
v 0.7875 11.25 6.3
v 2.3625 11.25 6.3
v -1.05 2.85 -2.1
v -3.15 2.85 -2.1
v -2.1 1.275 -2.1
v -2.1 4.425 -2.1
v -3.15 7.5094 4.2
v -3.15 10.0031 4.2
v 3.15 -0.3 -1.05
v 1.05 -0.3 -1.05
v -1.05 -0.3 1.05
v -3.15 -0.3 1.05
v -4.2 1.275 1.05
v -4.2 4.425 1.05
v 3.15 7.5094 4.2
v 3.15 10.0031 4.2
v 3.15 -0.3 1.05
v 1.05 -0.3 1.05
v -2.3625 11.25 6.3
v -0.7875 11.25 6.3
v 4.2 1.275 -1.05
v 4.2 4.425 -1.05
v -4.2 1.275 -1.05
v -4.2 4.425 -1.05
v -2.3625 11.25 4.2
v -0.7875 11.25 4.2
v -4.3313 10.2 -1.05
v -4.5938 12.3 -1.05
v -1.7063 13.0875 -2.7563
v -2.3625 13.0875 -2.7563
v -3.15 19.3875 4.4625
v -1.05 19.3875 4.4625
v -2.1 17.6813 4.0687
v -2.1 21.0938 4.8562
v 3.15 9.15 -2.1
v 1.05 9.15 -2.1
v 2.1 7.575 -2.1
v 2.1 10.725 -2.1
v 3.15 3.4406 6.3
v 3.15 5.6719 6.3
v -1.05 -0.3 -1.05
v -3.15 -0.3 -1.05
v -1.575 9.9375 3.15
v -1.575 7.3125 3.15
v -0.7875 8.625 3.15
v -2.3625 8.625 3.15
v 4.2 7.575 1.05
v 4.2 10.725 1.05
v -4.2 7.575 -1.05
v -4.2 10.725 -1.05
v -4.8563 14.4 -1.05
v -5.1188 16.5 -1.05
v 0.7875 11.25 4.2
v 2.3625 11.25 4.2
v -2.1 1.275 2.1
v -2.1 4.425 2.1
v -1.05 2.85 2.1
v -3.15 2.85 2.1
v 4.8562 14.4 1.05
v 5.1187 16.5 1.05
v 2.3625 4.95 7.35
v 0.7875 4.95 7.35
v 1.575 6 7.35
v 1.575 3.9 7.35
v 2.3625 13.0875 -2.7563
v 1.7062 13.0875 -2.7563
v -4.4625 12.9563 2.4937
v -4.3313 11.9062 2.4937
v -4.3313 13.6125 2.8875
v 4.3312 13.6125 2.8875
v 4.3312 11.9062 2.4937
v 4.4625 12.9562 2.4937
v 0.7875 3.9 7.35
v 0.7875 6 7.35
v 2.3625 6 7.35
v -3.15 4.425 2.1
v -1.05 4.425 2.1
v -1.05 1.275 2.1
v -2.3625 7.3125 3.15
v -0.7875 7.3125 3.15
v -0.7875 9.9375 3.15
v 1.05 10.725 -2.1
v 1.05 7.575 -2.1
v 3.15 7.575 -2.1
v -1.05 21.0938 4.8562
v -1.05 17.6813 4.0687
v -3.15 17.6813 4.0687
v -3.15 4.425 -2.1
v -3.15 1.275 -2.1
v -1.05 1.275 -2.1
v 1.05 4.425 -2.1
v 1.05 1.275 -2.1
v 3.15 1.275 -2.1
v 3.15 14.2687 3.2812
v 3.15 10.8562 2.4937
v 1.05 10.8562 2.4937
v -1.05 14.2687 3.2812
v -1.05 10.8562 2.4937
v -3.15 10.8563 2.4937
v -2.3625 2.0625 3.15
v -0.7875 2.0625 3.15
v -0.7875 4.6875 3.15
v 0.7875 7.3125 3.15
v 2.3625 7.3125 3.15
v 2.3625 9.9375 3.15
v 0.7875 2.0625 3.15
v 2.3625 2.0625 3.15
v 2.3625 4.6875 3.15
v -3.15 10.725 -2.1
v -3.15 7.575 -2.1
v -1.05 7.575 -2.1
v 3.15 21.0937 4.8562
v 3.15 17.6812 4.0687
v 1.05 17.6812 4.0687
v 1.05 4.425 2.1
v 3.15 4.425 2.1
v 3.15 1.275 2.1
v 1.05 10.725 2.1
v 3.15 10.725 2.1
v 3.15 7.575 2.1
v -3.15 10.725 2.1
v -1.05 10.725 2.1
v -1.05 7.575 2.1
v 0.7875 8.1 7.35
v 0.7875 10.2 7.35
v 2.3625 10.2 7.35
v -2.3625 8.1 7.35
v -2.3625 10.2 7.35
v -0.7875 10.2 7.35
v -2.3625 3.9 7.35
v -2.3625 6 7.35
v -0.7875 6 7.35
v -0.7875 3.9 7.35
v -0.7875 8.1 7.35
v 2.3625 8.1 7.35
v -3.15 7.575 2.1
v 1.05 7.575 2.1
v 1.05 1.275 2.1
v 1.05 21.0938 4.8562
v -1.05 10.725 -2.1
v 0.7875 4.6875 3.15
v 0.7875 9.9375 3.15
v -2.3625 4.6875 3.15
v -3.15 14.2688 3.2812
v 1.05 14.2687 3.2812
v 3.15 4.425 -2.1
v -1.05 4.425 -2.1
v -3.15 21.0938 4.8562
v 3.15 10.725 -2.1
v -2.3625 9.9375 3.15
v -3.15 1.275 2.1
v 2.3625 3.9 7.35
v -4.2 21.9469 5.0531
v 4.2 21.9469 5.0531
v 4.2 11.5125 2.1
v 4.2 11.5125 -2.1
v -4.2 11.5125 -2.1
v -4.2 5.2125 2.1
v 4.2 15.1219 3.4781
v -4.2 15.1219 3.4781
v -4.2 5.2125 -2.1
v 4.2 5.2125 -2.1
v 4.2 5.2125 2.1
v -4.2 11.5125 2.1
v -0 10.0031 2.2969
v -0 16.8281 3.8719
v -0 0.4875 -2.1
v -0 6.7875 -2.1
v 4.2 0.4875 -0
v 4.2 6.7875 -0
v -4.2 0.4875 -0
v -4.2 6.7875 -0
v -0 0.4875 2.1
v -0 6.7875 2.1
v -4.725 19.3219 3.4781
v 4.725 14.2031 2.2969
v -4.2 18.5344 4.2656
v 4.2 18.5344 4.2656
v 4.2 8.3625 2.1
v 4.2 8.3625 -2.1
v -4.2 8.3625 -2.1
v -4.2 2.0625 2.1
v 4.2 11.7094 2.6906
v -4.2 11.7094 2.6906
v -4.2 2.0625 -2.1
v 4.2 2.0625 -2.1
v 4.2 2.0625 2.1
v -4.2 8.3625 2.1
v -0 13.4156 3.0844
v -0 20.2406 4.6594
v -0 3.6375 -2.1
v -0 9.9375 -2.1
v 4.2 3.6375 -0
v 4.2 9.9375 -0
v -4.2 3.6375 -0
v -4.2 9.9375 -0
v -0 3.6375 2.1
v -0 9.9375 2.1
v -4.725 15.9094 2.6906
v 4.725 17.6156 3.0844
v 4.9875 16.3031 2.2969
v 4.4625 15.5156 3.0844
v 4.4625 18.9281 3.8719
v -4.4625 20.6344 4.2656
v -4.4625 15.5156 3.0844
v -4.9875 18.0094 2.6906
v -2.1 6.7875 2.1
v -2.1 9.9375 2.1
v 2.1 6.7875 2.1
v 2.1 9.9375 2.1
v 2.1 0.4875 2.1
v 2.1 3.6375 2.1
v 2.1 16.8281 3.8719
v 2.1 20.2406 4.6594
v -2.1 6.7875 -2.1
v -2.1 9.9375 -2.1
v 4.2 0.4875 1.05
v 4.2 3.6375 1.05
v 4.2 6.7875 -1.05
v 4.2 9.9375 -1.05
v -4.2 6.7875 1.05
v -4.2 9.9375 1.05
v -2.1 10.0031 2.2969
v -2.1 13.4156 3.0844
v 2.1 10.0031 2.2969
v 2.1 13.4156 3.0844
v 2.1 0.4875 -2.1
v 2.1 3.6375 -2.1
v -2.1 0.4875 -2.1
v -2.1 3.6375 -2.1
v -4.2 0.4875 1.05
v -4.2 3.6375 1.05
v 4.2 0.4875 -1.05
v 4.2 3.6375 -1.05
v -4.2 0.4875 -1.05
v -4.2 3.6375 -1.05
v -2.1 16.8281 3.8719
v -2.1 20.2406 4.6594
v 2.1 6.7875 -2.1
v 2.1 9.9375 -2.1
v 4.2 6.7875 1.05
v 4.2 9.9375 1.05
v -4.2 6.7875 -1.05
v -4.2 9.9375 -1.05
v -2.1 0.4875 2.1
v -2.1 3.6375 2.1
v -4.4625 13.8094 2.6906
v 4.4625 12.1031 2.2969
v -4.2 20.2406 4.6594
v 4.2 20.2406 4.6594
v 4.2 9.9375 2.1
v 4.2 9.9375 -2.1
v -4.2 9.9375 -2.1
v -4.2 3.6375 2.1
v 4.2 13.4156 3.0844
v -4.2 13.4156 3.0844
v -4.2 3.6375 -2.1
v 4.2 3.6375 -2.1
v 4.2 3.6375 2.1
v -4.2 9.9375 2.1
v -0 11.7094 2.6906
v -0 18.5344 4.2656
v -0 2.0625 -2.1
v -0 8.3625 -2.1
v 4.2 2.0625 -0
v 4.2 8.3625 -0
v -4.2 2.0625 -0
v -4.2 8.3625 -0
v -0 2.0625 2.1
v -0 8.3625 2.1
v -4.725 17.6156 3.0844
v 4.725 15.9094 2.6906
v -4.2 16.8281 3.8719
v 4.2 16.8281 3.8719
v 4.2 6.7875 2.1
v 4.2 6.7875 -2.1
v -4.2 6.7875 -2.1
v -4.2 0.4875 2.1
v 4.2 10.0031 2.2969
v -4.2 10.0031 2.2969
v -4.2 0.4875 -2.1
v 4.2 0.4875 -2.1
v 4.2 0.4875 2.1
v -4.2 6.7875 2.1
v -0 15.1219 3.4781
v -0 21.9469 5.0531
v -0 5.2125 -2.1
v -0 11.5125 -2.1
v 4.2 5.2125 -0
v 4.2 11.5125 -0
v -4.2 5.2125 -0
v -4.2 11.5125 -0
v -0 5.2125 2.1
v -0 11.5125 2.1
v -4.725 14.2031 2.2969
v 4.725 19.3219 3.4781
v 4.9875 18.0094 2.6906
v 4.4625 17.2219 3.4781
v 4.4625 20.6344 4.2656
v -4.4625 18.9281 3.8719
v -4.4625 17.2219 3.4781
v -4.9875 16.3031 2.2969
v -2.1 8.3625 2.1
v -2.1 11.5125 2.1
v 2.1 8.3625 2.1
v 2.1 11.5125 2.1
v 2.1 2.0625 2.1
v 2.1 5.2125 2.1
v 2.1 18.5344 4.2656
v 2.1 21.9469 5.0531
v -2.1 8.3625 -2.1
v -2.1 11.5125 -2.1
v 4.2 2.0625 1.05
v 4.2 5.2125 1.05
v 4.2 8.3625 -1.05
v 4.2 11.5125 -1.05
v -4.2 8.3625 1.05
v -4.2 11.5125 1.05
v -2.1 11.7094 2.6906
v -2.1 15.1219 3.4781
v 2.1 11.7094 2.6906
v 2.1 15.1219 3.4781
v 2.1 2.0625 -2.1
v 2.1 5.2125 -2.1
v -2.1 2.0625 -2.1
v -2.1 5.2125 -2.1
v -4.2 2.0625 1.05
v -4.2 5.2125 1.05
v 4.2 2.0625 -1.05
v 4.2 5.2125 -1.05
v -4.2 2.0625 -1.05
v -4.2 5.2125 -1.05
v -2.1 18.5344 4.2656
v -2.1 21.9469 5.0531
v 2.1 8.3625 -2.1
v 2.1 11.5125 -2.1
v 4.2 8.3625 1.05
v 4.2 11.5125 1.05
v -4.2 8.3625 -1.05
v -4.2 11.5125 -1.05
v -2.1 2.0625 2.1
v -2.1 5.2125 2.1
v -4.4625 12.1031 2.2969
v 4.4625 13.8094 2.6906
v 4.5937 13.1531 2.2969
v 4.3312 12.7594 2.6906
v 4.3312 14.4656 3.0844
v -4.3313 14.4656 3.0844
v -4.3313 12.7594 2.6906
v -4.5938 13.1531 2.2969
v -3.15 3.6375 2.1
v -3.15 5.2125 2.1
v -1.05 3.6375 2.1
v -1.05 5.2125 2.1
v -1.05 0.4875 2.1
v -1.05 2.0625 2.1
v 1.05 9.9375 -2.1
v 1.05 11.5125 -2.1
v 1.05 6.7875 -2.1
v 1.05 8.3625 -2.1
v 3.15 6.7875 -2.1
v 3.15 8.3625 -2.1
v -1.05 20.2406 4.6594
v -1.05 21.9469 5.0531
v -1.05 16.8281 3.8719
v -1.05 18.5344 4.2656
v -3.15 16.8281 3.8719
v -3.15 18.5344 4.2656
v -3.15 3.6375 -2.1
v -3.15 5.2125 -2.1
v -3.15 0.4875 -2.1
v -3.15 2.0625 -2.1
v -1.05 0.4875 -2.1
v -1.05 2.0625 -2.1
v 1.05 3.6375 -2.1
v 1.05 5.2125 -2.1
v 1.05 0.4875 -2.1
v 1.05 2.0625 -2.1
v 3.15 0.4875 -2.1
v 3.15 2.0625 -2.1
v 3.15 13.4156 3.0844
v 3.15 15.1219 3.4781
v 3.15 10.0031 2.2969
v 3.15 11.7094 2.6906
v 1.05 10.0031 2.2969
v 1.05 11.7094 2.6906
v -1.05 13.4156 3.0844
v -1.05 15.1219 3.4781
v -1.05 10.0031 2.2969
v -1.05 11.7094 2.6906
v -3.15 10.0031 2.2969
v -3.15 11.7094 2.6906
v -3.15 9.9375 -2.1
v -3.15 11.5125 -2.1
v -3.15 6.7875 -2.1
v -3.15 8.3625 -2.1
v -1.05 6.7875 -2.1
v -1.05 8.3625 -2.1
v 3.15 20.2406 4.6594
v 3.15 21.9469 5.0531
v 3.15 16.8281 3.8719
v 3.15 18.5344 4.2656
v 1.05 16.8281 3.8719
v 1.05 18.5344 4.2656
v 1.05 3.6375 2.1
v 1.05 5.2125 2.1
v 3.15 3.6375 2.1
v 3.15 5.2125 2.1
v 3.15 0.4875 2.1
v 3.15 2.0625 2.1
v 1.05 9.9375 2.1
v 1.05 11.5125 2.1
v 3.15 9.9375 2.1
v 3.15 11.5125 2.1
v 3.15 6.7875 2.1
v 3.15 8.3625 2.1
v -3.15 9.9375 2.1
v -3.15 11.5125 2.1
v -1.05 9.9375 2.1
v -1.05 11.5125 2.1
v -1.05 6.7875 2.1
v -1.05 8.3625 2.1
v -4.8563 18.6656 3.0844
v -4.8563 16.9594 2.6906
v -5.1188 17.3531 2.2969
v -4.3313 16.1719 3.4781
v -4.5938 16.5656 3.0844
v -4.5938 18.2719 3.4781
v -4.3313 21.2906 4.6594
v -4.3313 19.5844 4.2656
v -4.5938 19.9781 3.8719
v 4.5937 19.9781 3.8719
v 4.3312 19.5844 4.2656
v 4.3312 21.2906 4.6594
v 4.5937 14.8594 2.6906
v 4.5937 16.5656 3.0844
v 4.5937 18.2719 3.4781
v 5.1187 17.3531 2.2969
v 4.8562 16.9594 2.6906
v 4.8562 18.6656 3.0844
v 4.8562 15.2531 2.2969
v 4.3312 16.1719 3.4781
v 4.3312 17.8781 3.8719
v -4.3313 17.8781 3.8719
v -4.5938 14.8594 2.6906
v -4.8563 15.2531 2.2969
v -3.15 6.7875 2.1
v -3.15 8.3625 2.1
v 1.05 6.7875 2.1
v 1.05 8.3625 2.1
v 1.05 0.4875 2.1
v 1.05 2.0625 2.1
v 1.05 20.2406 4.6594
v 1.05 21.9469 5.0531
v -1.05 9.9375 -2.1
v -1.05 11.5125 -2.1
v -3.15 13.4156 3.0844
v -3.15 15.1219 3.4781
v 1.05 13.4156 3.0844
v 1.05 15.1219 3.4781
v 3.15 3.6375 -2.1
v 3.15 5.2125 -2.1
v -1.05 3.6375 -2.1
v -1.05 5.2125 -2.1
v -3.15 20.2406 4.6594
v -3.15 21.9469 5.0531
v 3.15 9.9375 -2.1
v 3.15 11.5125 -2.1
v -3.15 0.4875 2.1
v -3.15 2.0625 2.1
v -4.3313 11.0531 2.2969
v 4.3312 11.0531 2.2969
vt 0.2685 0.3375
vt 0.25 0.325
vt 0.2685 0.325
vt 0.8333 0.5875
vt 0.8148 0.5687
vt 0.8333 0.5687
vt 0.463 0.8
vt 0.4537 0.775
vt 0.463 0.775
vt 0.5185 0.9
vt 0.5 0.875
vt 0.5185 0.875
vt 0.6296 0.8875
vt 0.6111 0.9125
vt 0.6111 0.8875
vt 0.4074 0.85
vt 0.3981 0.825
vt 0.4074 0.825
vt 0.0185 0.7562
vt 0.037 0.725
vt 0.037 0.7562
vt 0.9444 0.6813
vt 0.963 0.7
vt 0.9444 0.7
vt 0.4815 0.8
vt 0.4722 0.775
vt 0.4815 0.775
vt 0.6944 0.8625
vt 0.7037 0.8875
vt 0.6944 0.8875
vt 0.4907 0.875
vt 0.4815 0.85
vt 0.4907 0.85
vt 0.5741 0.85
vt 0.5648 0.8313
vt 0.5741 0.8313
vt 0.6667 0.8688
vt 0.6481 0.8875
vt 0.6481 0.8688
vt 0.1111 0.3375
vt 0.0926 0.325
vt 0.1111 0.325
vt 0.9444 0.6438
vt 0.963 0.6625
vt 0.9444 0.6625
vt 0.0926 0.4
vt 0.0833 0.4
vt 0.0926 0.3875
vt 0.0926 0.3375
vt 0.0833 0.325
vt 0.0093 0.325
vt 0.0093 0.3375
vt 0 0.325
vt 0.3241 0.3375
vt 0.3333 0.3625
vt 0.3241 0.3625
vt 0.0093 0.4
vt 0 0.4
vt 0.0093 0.3875
vt 0.3333 0.325
vt 0.3333 0.3375
vt 0.3241 0.325
vt 0.25 0.3625
vt 0.2407 0.3875
vt 0.2407 0.3625
vt 0.3333 0.4
vt 0.3241 0.4
vt 0.3333 0.3875
vt 0.25 0.3375
vt 0.2407 0.325
vt 0.0833 0.3625
vt 0.0926 0.3625
vt 0.25 0.4
vt 0.2407 0.4
vt 0.25 0.3875
vt 0.0278 0.3375
vt 0.0278 0.325
vt 0.1991 0.3
vt 0.2037 0.3047
vt 0.2037 0.325
vt 0.3519 0.3047
vt 0.3565 0.3
vt 0.3519 0.325
vt 0.0486 0.2313
vt 0.0417 0.2313
vt 0.0509 0.2125
vt 0.9375 0.3531
vt 0.963 0.3531
vt 0.9598 0.3721
vt 0.463 0.25
vt 0.4722 0.25
vt 0.4699 0.2687
vt 0.0833 0.25
vt 0.0926 0.25
vt 0.0856 0.2687
vt 0.6435 0.725
vt 0.6296 0.7
vt 0.6435 0.7
vt 0.1481 0.125
vt 0.1667 0.15
vt 0.1481 0.15
vt 0.8333 0.4562
vt 0.8148 0.475
vt 0.8148 0.4562
vt 0.3056 0.3875
vt 0.3056 0.4
vt 0.4444 0.6813
vt 0.4259 0.7
vt 0.4259 0.6813
vt 0.463 0.3875
vt 0.4815 0.4
vt 0.463 0.4
vt 0.037 0.7
vt 0.0556 0.725
vt 0.6852 0.8625
vt 0.7593 0.225
vt 0.7407 0.2
vt 0.7593 0.2
vt 0.7269 0.725
vt 0.7407 0.75
vt 0.7269 0.75
vt 0.1111 0.3625
vt 0.6111 0.75
vt 0.6111 0.7375
vt 0.6296 0.725
vt 0.6296 0.45
vt 0.6435 0.425
vt 0.6435 0.45
vt 0.4537 0.8
vt 0.4444 0.775
vt 0.5 0.8
vt 0.4907 0.8
vt 0.5 0.775
vt 0.4444 0.125
vt 0.463 0.15
vt 0.4444 0.15
vt 0.6759 0.8375
vt 0.6852 0.825
vt 0.6852 0.8375
vt 0.7963 0.325
vt 0.8148 0.35
vt 0.7963 0.35
vt 0.0556 0.7
vt 0.0741 0.7188
vt 0.0741 0.7375
vt 0.4815 0.875
vt 0.4907 0.9
vt 0.4815 0.9
vt 0.0093 0.3625
vt 0.0278 0.3625
vt 0.6759 0.8625
vt 0.6852 0.8875
vt 0.6759 0.8875
vt 0.0046 0.8187
vt 0 0.8313
vt 0 0.8125
vt 0.6296 0.85
vt 0.6296 0.8688
vt 0.0648 0.3875
vt 0.0648 0.4
vt 0.5185 0.85
vt 0.5 0.825
vt 0.5185 0.825
vt 0.0556 0.85
vt 0.037 0.875
vt 0.037 0.85
vt 0.537 0.85
vt 0.5463 0.8375
vt 0.5463 0.85
vt 0.5463 0.875
vt 0.537 0.875
vt 0.537 0.825
vt 0.5463 0.8
vt 0.5463 0.825
vt 0.7269 0.775
vt 0.7407 0.8
vt 0.7269 0.8
vt 0.8333 0.5312
vt 0.8148 0.55
vt 0.8148 0.5312
vt 0.5 0.85
vt 0.4907 0.8375
vt 0.0556 0.4
vt 0.0741 0.4188
vt 0.0556 0.4188
vt 0.2685 0.3625
vt 0.0694 0.8187
vt 0.0556 0.8187
vt 0.2778 0.4
vt 0.2963 0.4188
vt 0.2778 0.4188
vt 0.0185 0.8187
vt 0.037 0.8187
vt 0.6111 0.8688
vt 0.5648 0.85
vt 0.5556 0.8313
vt 0.4259 0.825
vt 0.4167 0.85
vt 0.4167 0.825
vt 0.5648 0.8625
vt 0.4444 0.5563
vt 0.4583 0.525
vt 0.4583 0.5563
vt 0.0741 0.725
vt 0.0926 0.7
vt 0.0926 0.725
vt 0.6111 0.825
vt 0.6296 0.825
vt 0.5926 0.85
vt 0.5833 0.8313
vt 0.5926 0.8313
vt 0.0185 0.85
vt 0.2222 0.3875
vt 0.2222 0.4
vt 0.6944 0.8375
vt 0.6111 0.7109
vt 0.5926 0.8875
vt 0.5926 0.8688
vt 0.6667 0.8875
vt 0.5556 0.875
vt 0.5556 0.85
vt 0.5463 0.9
vt 0.5556 0.9
vt 0.4074 0.7875
vt 0.3981 0.8
vt 0.3981 0.7875
vt -0 0.3875
vt 0 0.3625
vt 0.6667 0.8625
vt 0.3519 0.3375
vt 0.3519 0.325
vt 0.3936 0.8519
vt 0.4027 0.8731
vt 0.3891 0.8625
vt 0.7037 0.8625
vt 0.3981 0.7688
vt 0.7593 0.325
vt 0.7407 0.3
vt 0.7593 0.3
vt 0.3519 0.3625
vt 0.963 0.6062
vt 0.9444 0.625
vt 0.9444 0.6062
vt 0.9438 0.2738
vt 0.9502 0.2703
vt 0.9502 0.2946
vt 0.2037 0.4
vt 0.2222 0.4188
vt 0.2037 0.4188
vt 0.6759 0.825
vt 0.3333 0
vt 0.3519 0.0203
vt 0.3333 0.0203
vt 0.5185 0.775
vt 0.537 0.8
vt 0.5185 0.8
vt 0.537 0.9
vt 0.5185 0.9125
vt 0.8148 0.25
vt 0.8333 0.225
vt 0.8333 0.25
vt 0.5255 0.2313
vt 0.5278 0.2125
vt 0.5324 0.2313
vt 0.4352 0.7875
vt 0.4259 0.8
vt 0.4259 0.7875
vt 0.4352 0.7688
vt 0.4444 0.7875
vt 0.4074 0.8
vt 0.4167 0.8
vt 0.4259 0.7125
vt 0.4352 0.7312
vt 0.4259 0.7312
vt 0.3889 0.8
vt 0.3889 0.7875
vt 0.3981 0.7125
vt 0.4074 0.7312
vt 0.3981 0.7312
vt 0.4352 0.85
vt 0.4259 0.85
vt 0.4444 0.8
vt 0.4352 0.8
vt 0.4259 0.7688
vt 0.4167 0.7875
vt 0.4167 0.7688
vt 0.406 0.8686
vt 0.3903 0.8564
vt 0.406 0.8564
vt 0.8333 0.5125
vt 0.8148 0.4938
vt 0.8333 0.4938
vt 0.4352 0.825
vt 0.3981 0.8503
vt 0.4444 0.825
vt 0.3889 0.7688
vt 0.7222 0.3
vt 0.7037 0.325
vt 0.7037 0.3
vt 0.3889 0.825
vt 0.4074 0.7688
vt 0.3889 0.7312
vt 0.3914 0.7113
vt 0.3914 0.7012
vt 0.3978 0.7063
vt 0.3981 0.85
vt 0.3889 0.85
vt 0.4074 0.7125
vt 0.4167 0.7312
vt 0.963 0.7188
vt 0.9444 0.7375
vt 0.9444 0.7188
vt 0.537 0.775
vt 0.4907 0.825
vt 0.037 0.7875
vt 0.0556 0.875
vt 0.0278 0.3875
vt 0.4444 0.225
vt 0.4444 0.25
vt 0.0602 0.7562
vt 0.0556 0.7875
vt 0.0556 0.7562
vt -0 0.3375
vt 0.7407 0.825
vt 0.7269 0.825
vt 0.4259 0.3625
vt 0.4074 0.3375
vt 0.4259 0.3375
vt 0.6852 0.45
vt 0.6991 0.425
vt 0.6991 0.45
vt 0.0556 0.55
vt 0.0741 0.5687
vt 0.0556 0.5687
vt 0.6111 0.85
vt 0.2407 0.55
vt 0.2593 0.5687
vt 0.2407 0.5687
vt 0.0648 0.7875
vt 0.0741 0.7937
vt 0.0741 0.8125
vt 0.9502 0.2459
vt 0.9566 0.2667
vt 0.8889 0.5875
vt 0.8704 0.6062
vt 0.8704 0.5875
vt 0.8889 0.6062
vt 0.8704 0.625
vt 0.963 0.2632
vt 0.963 0.2875
vt 0.6852 0.5
vt 0.6991 0.475
vt 0.6991 0.5
vt 0.9757 0.2703
vt 0.9821 0.2738
vt 0.9757 0.2946
vt 0.9693 0.2667
vt 0.9757 0.2459
vt 0.1481 0.775
vt 0.1667 0.75
vt 0.1667 0.775
vt 0 0.7562
vt 0.0139 0.7562
vt 0 0.775
vt 0.5741 0.6141
vt 0.5926 0.6375
vt 0.5741 0.6438
vt 0.0185 0.55
vt 0.037 0.5687
vt 0.0185 0.5687
vt 0.0741 0.775
vt 0.0926 0.75
vt 0.0926 0.775
vt 0.287 0.3875
vt 0.3056 0.3625
vt 0.7963 0.775
vt 0.7963 0.7625
vt 0.8148 0.775
vt 0.9938 0.3047
vt 0.9885 0.3219
vt 0.9757 0.3291
vt 0.7593 0.35
vt 0.7778 0.375
vt 0.7593 0.375
vt 0.1481 0.725
vt 0.1667 0.7
vt 0.1667 0.725
vt 0.5926 0.8125
vt 0.5833 0.7937
vt 0.5926 0.7937
vt 0.7963 0.5547
vt 0.8148 0.525
vt 0.8148 0.5563
vt 0.981 0.3118
vt 0.9693 0.3154
vt 0.7778 0.35
vt 0.1296 0.55
vt 0.1481 0.5687
vt 0.1296 0.5687
vt 0.6296 0.5
vt 0.6435 0.475
vt 0.6435 0.5
vt 0.2037 0.55
vt 0.2222 0.5687
vt 0.2037 0.5687
vt 0.0463 0.3625
vt 0.0648 0.3375
vt 0.0648 0.3625
vt 0.0463 0.3875
vt 0.2593 0.1828
vt 0.2778 0.1625
vt 0.2778 0.1828
vt 0.0185 0.725
vt 0.0185 0.7
vt 0.0185 0.875
vt 0.9074 0.5312
vt 0.8889 0.55
vt 0.8889 0.5312
vt 0.0463 0.4
vt 0.0278 0.4
vt 0.5741 0.775
vt 0.5741 0.7625
vt 0.5926 0.75
vt 0.2685 0.3875
vt 0.3333 0.1828
vt 0.3519 0.1625
vt 0.3519 0.1828
vt 0.0185 0.4
vt 0.037 0.4188
vt 0.0185 0.4188
vt 0.2407 0.4
vt 0.2593 0.4188
vt 0.2407 0.4188
vt 0.0741 0.8313
vt 0.0741 0.85
vt 0.287 0.3625
vt 0.3056 0.3375
vt 0.8148 0.5125
vt 0.4583 0.6813
vt 0.4444 0.65
vt 0.4583 0.65
vt 0.5648 0.8125
vt 0.5556 0.7937
vt 0.5648 0.7937
vt 0.5139 0.5563
vt 0.5 0.525
vt 0.5139 0.525
vt 0.5139 0.6813
vt 0.5 0.65
vt 0.5139 0.65
vt 0.2778 0.55
vt 0.2963 0.5687
vt 0.2778 0.5687
vt 0.9074 0.5125
vt 0.8889 0.5125
vt 0.4074 0.225
vt 0.4259 0.25
vt 0.4074 0.25
vt 0.9385 0.2911
vt 0.9449 0.3118
vt 0.9874 0.2911
vt 0.4074 0.125
vt 0.4259 0.15
vt 0.4074 0.15
vt 0.5926 0.7625
vt 0.1296 0.4
vt 0.1481 0.4188
vt 0.1296 0.4188
vt 0.8333 0.3
vt 0.8519 0.275
vt 0.8519 0.3
vt 0.9375 0.3875
vt 0.9322 0.4047
vt 0.9322 0.3703
vt 0.963 0.5875
vt 0.9444 0.5875
vt 0.9566 0.3154
vt 0.963 0.3362
vt 0.999 0.2875
vt 0.9938 0.2703
vt 0.6713 0.8
vt 0.6852 0.825
vt 0.6713 0.825
vt 0.6713 0.775
vt 0.6852 0.8
vt 0.2593 0.0203
vt 0.2778 0
vt 0.2778 0.0203
vt 0.8148 0.3
vt 0.8333 0.275
vt 0.9269 0.3875
vt 0.5741 0.8125
vt 0.5741 0.7937
vt 0.7963 0.3
vt 0.7778 0.325
vt 0.7778 0.3
vt 0.5741 0.7328
vt 0.4074 0.3875
vt 0.4074 0.3625
vt 0.1481 0.3875
vt 0.1667 0.4
vt 0.1481 0.4
vt 0.9885 0.2531
vt 0.9502 0.3291
vt 0.9269 0.2875
vt 0.6111 0.6047
vt 0.6296 0.625
vt 0.6111 0.6312
vt 0.963 0.3118
vt 0.9375 0.4219
vt 0.9502 0.3459
vt 0.9885 0.3531
vt 0.9938 0.3703
vt 0.9885 0.3875
vt 0.9885 0.4219
vt 0.9821 0.4083
vt 0.8148 0.375
vt 0.7963 0.375
vt 0.5926 0.775
vt 0.1667 0.3625
vt 0.1852 0.3375
vt 0.1852 0.3625
vt 0.0741 0.7562
vt 0.9757 0.3459
vt 0.4167 0.75
vt 0.0185 0.7875
vt 0.963 0.3388
vt 0.7963 0.25
vt 0.7778 0.275
vt 0.7778 0.25
vt 0.7593 0.5516
vt 0.7778 0.525
vt 0.7778 0.5531
vt 0.9821 0.3738
vt 0.4965 0.2687
vt 0.5093 0.25
vt 0.5116 0.2687
vt 0.9757 0.3946
vt 0.8333 0.475
vt 0.3957 0.7012
vt 0.3957 0.7113
vt 0.9322 0.3047
vt 0.7593 0.275
vt 0.7407 0.25
vt 0.7593 0.25
vt 0.7593 0.6578
vt 0.7778 0.6375
vt 0.7778 0.6656
vt 0.3892 0.7063
vt 0.3981 0.8747
vt 0.3903 0.8686
vt 0.5 0.9125
vt 0.5 0.9
vt 0.4444 0.75
vt 0.4352 0.75
vt 0.3981 0.75
vt 0.8519 0.225
vt 0.8519 0.25
vt 0.5266 0.2687
vt 0.537 0.25
vt 0.5417 0.2687
vt 0.7778 0.775
vt 0.7778 0.7625
vt 0.7222 0.275
vt 0.7222 0.25
vt 0.4074 0.75
vt 0.8704 0.7
vt 0.8889 0.7188
vt 0.8704 0.7188
vt 0.999 0.3875
vt 0.9938 0.4047
vt 0.4259 0.75
vt 0.7778 0.75
vt 0.7593 0.75
vt 0.7037 0.275
vt 0.7037 0.25
vt 0.9074 0.4938
vt 0.8889 0.475
vt 0.9074 0.475
vt 0.4074 0.325
vt 0.4259 0.325
vt 0.9322 0.2703
vt 0.7963 0.6734
vt 0.8148 0.65
vt 0.8148 0.6813
vt 0.3889 0.75
vt 0.7593 0.7375
vt 0.9757 0.4291
vt 0.9693 0.4154
vt 0.8889 0.7375
vt 0.8704 0.7375
vt 0.4027 0.8519
vt 0.4072 0.8625
vt 0.3936 0.8731
vt 0.9375 0.3219
vt 0.5 0.2313
vt 0.5046 0.2125
vt 0.5069 0.2313
vt 0.8889 0.4938
vt 0.7222 0.325
vt 0.1667 0.3875
vt 0.1852 0.3875
vt 0.1111 0.3875
vt 0.7407 0.775
vt 0.6713 0.75
vt 0.6852 0.775
vt 0.6713 0.725
vt 0.6852 0.75
vt 0.7407 0.175
vt 0.7593 0.175
vt 0.7963 0.2
vt 0.7778 0.175
vt 0.7963 0.175
vt 0.7963 0.225
vt 0.7778 0.2
vt 0.3889 0.3875
vt 0.4074 0.4
vt 0.3889 0.4
vt 0.3704 0.6813
vt 0.3519 0.7
vt 0.3519 0.6813
vt 0.3519 0.5312
vt 0.3704 0.55
vt 0.3519 0.55
vt 0.4259 0.5312
vt 0.4444 0.55
vt 0.4259 0.55
vt 0.287 0.4
vt 0.2685 0.4
vt 0.8333 0.4375
vt 0.8148 0.4375
vt 0.9074 0.4375
vt 0.8889 0.4562
vt 0.8889 0.4375
vt 0.9074 0.4562
vt 0.1481 0.225
vt 0.1667 0.25
vt 0.1481 0.25
vt 0.1111 0.225
vt 0.1296 0.25
vt 0.1111 0.25
vt 0.1111 0.125
vt 0.1296 0.15
vt 0.1111 0.15
vt 0.6435 0.625
vt 0.6296 0.6
vt 0.6435 0.6
vt 0.6991 0.625
vt 0.6852 0.6
vt 0.6991 0.6
vt 0.6991 0.7
vt 0.6852 0.725
vt 0.6852 0.7
vt 0.0833 0.15
vt 0.0926 0.15
vt 0.0856 0.1688
vt 0.0833 0.175
vt 0.0741 0.175
vt 0.0764 0.1938
vt 0.4722 0.175
vt 0.4815 0.175
vt 0.4792 0.1938
vt 0.4699 0.1688
vt 0.4722 0.15
vt 0.9566 0.3911
vt 0.9534 0.4101
vt 0.0741 0.2313
vt 0.0671 0.2313
vt 0.0741 0.2125
vt 0.059 0.2687
vt 0.0463 0.25
vt 0.0602 0.25
vt 0.0289 0.2687
vt 0.0185 0.25
vt 0.0324 0.25
vt 0.3704 0.2047
vt 0.375 0.2
vt 0.3704 0.225
vt 0.3657 0.2094
vt 0.3519 0.1422
vt 0.3565 0.1375
vt 0.1991 0.1375
vt 0.2037 0.1422
vt 0.2037 0.1625
vt 0.1991 0.1578
vt 0.1806 0.2
vt 0.1852 0.2047
vt 0.1852 0.225
vt 0.0463 0.325
vt 0.0648 0.325
vt 0.0833 0.3875
vt 0.2407 0.3375
vt 0.3241 0.3875
vt 0.8704 0.6438
vt 0.8889 0.6625
vt 0.8704 0.6625
vt 0.8889 0.6438
vt 0.963 0.6438
vt 0.1667 0.325
vt 0.1852 0.325
vt 0.6667 0.85
vt 0.6481 0.85
vt 0.8889 0.6813
vt 0.8704 0.6813
vt 0.8333 0.55
vt 0.9074 0.5687
vt 0.9074 0.55
vt 0.8889 0.5687
vt 0.287 0.325
vt 0.3056 0.325
vt 0.9444 0.5687
vt 0.9259 0.5875
vt 0.9259 0.5687
vt 0.9259 0.55
vt 0.9444 0.55
vt 0.8704 0.5687
vt 0.8519 0.55
vt 0.8704 0.55
vt 0.9259 0.6625
vt 0.9074 0.6813
vt 0.9074 0.6625
vt 0.8519 0.6625
vt 0.8333 0.6813
vt 0.8333 0.6625
vt 0.8519 0.6813
vt 0.8333 0.7
vt 0.5648 0.775
vt 0.5741 0.775
vt 0.2222 0.3375
vt 0.2222 0.325
vt 0.9074 0.625
vt 0.9259 0.6438
vt 0.9074 0.6438
vt 0.8333 0.625
vt 0.8519 0.6438
vt 0.8333 0.6438
vt 0.0833 0.3375
vt 0.1806 0.1187
vt 0.1852 0.1234
vt 0.1852 0.1437
vt 0.1806 0.1391
vt 0.1713 0.15
vt 0.1759 0.1547
vt 0.1759 0.175
vt 0.1944 0.1125
vt 0.1898 0.1078
vt 0.1898 0.0875
vt 0.1944 0.1328
vt 0.1898 0.1281
vt 0.1944 0.1938
vt 0.1898 0.1891
vt 0.1898 0.1688
vt 0.1991 0.0563
vt 0.2037 0.0609
vt 0.2037 0.0813
vt 0.1991 0.0766
vt 0.1944 0.0922
vt 0.3611 0.0922
vt 0.3657 0.0875
vt 0.3611 0.1125
vt 0.3565 0.0969
vt 0.3519 0.0609
vt 0.3565 0.0563
vt 0.3519 0.0813
vt 0.3657 0.1281
vt 0.3704 0.1234
vt 0.3704 0.1437
vt 0.3657 0.1484
vt 0.3565 0.1781
vt 0.3611 0.1734
vt 0.3611 0.1938
vt 0.3796 0.1547
vt 0.3843 0.15
vt 0.3796 0.175
vt 0.375 0.1594
vt 0.375 0.1187
vt 0.044 0.2687
vt 0.0394 0.3063
vt 0.0255 0.2875
vt 0.0417 0.2875
vt 0.022 0.3063
vt 0.0093 0.2875
vt 0.0741 0.2687
vt 0.0741 0.25
vt 0.0741 0.3063
vt 0.0579 0.2875
vt 0.0741 0.2875
vt 0.0567 0.3063
vt 0.0556 0.2313
vt 0.0532 0.1938
vt 0.0741 0.1938
vt 0.9502 0.4291
vt 0.963 0.4362
vt 0.463 0.2
vt 0.4676 0.1875
vt 0.4653 0.2062
vt 0.4722 0.2
vt 0.4722 0.225
vt 0.4769 0.2125
vt 0.4745 0.2313
vt 0.0787 0.2125
vt 0.0833 0.225
vt 0.081 0.2313
vt 0.0903 0.2062
vt 0.0833 0.2
vt 0.088 0.1875
vt 0.0926 0.2
vt 0.6991 0.675
vt 0.6852 0.65
vt 0.6991 0.65
vt 0.7269 0.65
vt 0.713 0.675
vt 0.713 0.65
vt 0.713 0.7
vt 0.7269 0.7
vt 0.6991 0.575
vt 0.6852 0.55
vt 0.6991 0.55
vt 0.7269 0.575
vt 0.713 0.55
vt 0.7269 0.55
vt 0.7269 0.625
vt 0.713 0.6
vt 0.7269 0.6
vt 0.6435 0.575
vt 0.6296 0.55
vt 0.6435 0.55
vt 0.6713 0.575
vt 0.6574 0.55
vt 0.6713 0.55
vt 0.6713 0.625
vt 0.6574 0.6
vt 0.6713 0.6
vt 0.1111 0.175
vt 0.1296 0.2
vt 0.1111 0.2
vt 0.0926 0.175
vt 0.0926 0.125
vt 0.1111 0.275
vt 0.1296 0.3
vt 0.1111 0.3
vt 0.0926 0.275
vt 0.0926 0.3
vt 0.0926 0.225
vt 0.1481 0.275
vt 0.1667 0.3
vt 0.1481 0.3
vt 0.1296 0.275
vt 0.1296 0.225
vt 0.9444 0.475
vt 0.9259 0.4562
vt 0.9444 0.4562
vt 0.9444 0.4375
vt 0.9259 0.4375
vt 0.8704 0.4375
vt 0.8519 0.4562
vt 0.8519 0.4375
vt 0.4074 0.5312
vt 0.3889 0.55
vt 0.3889 0.5312
vt 0.4074 0.4562
vt 0.3889 0.475
vt 0.3889 0.4562
vt 0.4444 0.4562
vt 0.4259 0.475
vt 0.4259 0.4562
vt 0.3333 0.5312
vt 0.3148 0.55
vt 0.3148 0.5312
vt 0.3333 0.4562
vt 0.3148 0.475
vt 0.3148 0.4562
vt 0.3704 0.4562
vt 0.3519 0.475
vt 0.3519 0.4562
vt 0.3148 0.6813
vt 0.3333 0.7
vt 0.3148 0.7
vt 0.3333 0.6062
vt 0.3148 0.625
vt 0.3148 0.6062
vt 0.3519 0.6062
vt 0.3704 0.625
vt 0.3519 0.625
vt 0.3519 0.3875
vt 0.3704 0.4
vt 0.3519 0.4
vt 0.8148 0.225
vt 0.8148 0.2
vt 0.8148 0.175
vt 0.6574 0.75
vt 0.6435 0.75
vt 0.6435 0.775
vt 0.6574 0.775
vt 0.6991 0.75
vt 0.713 0.775
vt 0.6991 0.775
vt 0.1296 0.3625
vt 0.1481 0.3625
vt 0.2037 0.3625
vt 0.2222 0.3625
vt 0.7407 0.275
vt 0.4167 0.7125
vt 0.9444 0.4938
vt 0.9259 0.5125
vt 0.9259 0.4938
vt 0.4884 0.2313
vt 0.4815 0.2313
vt 0.4815 0.2125
vt 0.4815 0.1938
vt 0.5 0.175
vt 0.5023 0.1938
vt 0.8333 0.7188
vt 0.8519 0.7375
vt 0.8333 0.7375
vt 0.3889 0.7125
vt 0.7963 0.7328
vt 0.8148 0.7125
vt 0.8148 0.7438
vt 0.7778 0.7219
vt 0.7963 0.7031
vt 0.7963 0.6438
vt 0.4444 0.7125
vt 0.4352 0.7125
vt 0.463 0.3375
vt 0.4444 0.325
vt 0.463 0.325
vt 0.9259 0.475
vt 0.7222 0.225
vt 0.7037 0.225
vt 0.8519 0.7188
vt 0.7407 0.225
vt 0.5336 0.3063
vt 0.5463 0.2875
vt 0.5509 0.3063
vt 0.5162 0.3063
vt 0.5301 0.2875
vt 0.5231 0.25
vt 0.4444 0.7312
vt 0.9259 0.7
vt 0.9074 0.7188
vt 0.9074 0.7
vt 0.7593 0.7109
vt 0.7778 0.6937
vt 0.7407 0.7
vt 0.7593 0.6844
vt 0.7407 0.65
vt 0.7593 0.6312
vt 0.7778 0.225
vt 0.8704 0.4938
vt 0.8519 0.475
vt 0.8704 0.475
vt 0.4988 0.3063
vt 0.5139 0.2875
vt 0.4815 0.3063
vt 0.4977 0.2875
vt 0.4815 0.2687
vt 0.4954 0.25
vt 0.7593 0.6047
vt 0.7778 0.5813
vt 0.7778 0.6094
vt 0.7407 0.6
vt 0.7593 0.5781
vt 0.7407 0.55
vt 0.7593 0.525
vt 0.8148 0.275
vt 0.2037 0.3375
vt 0 0.7188
vt 0 0.7375
vt 0.5926 0.6094
vt 0.5926 0.5531
vt 0.6111 0.5781
vt 0.5926 0.5813
vt 0.6111 0.5516
vt 0.6296 0.575
vt 0.963 0.2388
vt 0.1296 0.4
vt 0.1111 0.4
vt 0.463 0.3625
vt 0.4444 0.3875
vt 0.4444 0.3625
vt 0.5556 0.7438
vt 0.5556 0.775
vt 0.5556 0.6813
vt 0.5741 0.7031
vt 0.5556 0.7125
vt 0.5741 0.6734
vt 0.5926 0.6937
vt 0.7963 0.275
vt 0.3889 0.3625
vt 0.3704 0.3375
vt 0.3889 0.3375
vt 0.5833 0.775
vt 0.8148 0.325
vt 0.8333 0.325
vt 0.2593 0.0813
vt 0.2778 0.1016
vt 0.2593 0.1016
vt 0.2222 0.1016
vt 0.2407 0.0813
vt 0.2407 0.1016
vt 0.2222 0.0203
vt 0.2407 0
vt 0.2407 0.0203
vt 0.6574 0.8
vt 0.6435 0.8
vt 0.6574 0.825
vt 0.6435 0.825
vt 0.9074 0.6062
vt 0.9074 0.5875
vt 0.8519 0.325
vt 0.1296 0.475
vt 0.1481 0.4938
vt 0.1296 0.4938
vt 0.0926 0.475
vt 0.1111 0.4938
vt 0.0926 0.4938
vt 0.0926 0.4
vt 0.1111 0.4188
vt 0.0926 0.4188
vt 0.4074 0.175
vt 0.4259 0.2
vt 0.4074 0.2
vt 0.3889 0.175
vt 0.3889 0.2
vt 0.3889 0.125
vt 0.3889 0.15
vt 0.4074 0.275
vt 0.4259 0.3
vt 0.4074 0.3
vt 0.3889 0.275
vt 0.3889 0.3
vt 0.3889 0.225
vt 0.3889 0.25
vt 0.9444 0.5125
vt 0.9259 0.5312
vt 0.2778 0.625
vt 0.2963 0.6438
vt 0.2778 0.6438
vt 0.2593 0.625
vt 0.2593 0.6438
vt 0.2593 0.55
vt 0.5278 0.6813
vt 0.5417 0.65
vt 0.5417 0.6813
vt 0.5278 0.7438
vt 0.5417 0.7125
vt 0.5417 0.7438
vt 0.5 0.7438
vt 0.5139 0.7125
vt 0.5139 0.7438
vt 0.5278 0.5563
vt 0.5417 0.525
vt 0.5417 0.5563
vt 0.5278 0.6188
vt 0.5417 0.5875
vt 0.5417 0.6188
vt 0.5139 0.6188
vt 0.5 0.5875
vt 0.5139 0.5875
vt 0.4722 0.6813
vt 0.4861 0.65
vt 0.4861 0.6813
vt 0.4722 0.7438
vt 0.4861 0.7125
vt 0.4861 0.7438
vt 0.4444 0.7438
vt 0.4583 0.7125
vt 0.4583 0.7438
vt 0.8704 0.5125
vt 0.8519 0.5312
vt 0.8519 0.5125
vt 0.0093 0.7875
vt 0.2407 0.475
vt 0.2593 0.4938
vt 0.2407 0.4938
vt 0.2222 0.475
vt 0.2222 0.4938
vt 0.2222 0.4
vt 0.0185 0.475
vt 0.037 0.4938
vt 0.0185 0.4938
vt 0 0.475
vt 0 0.4938
vt 0 0.4188
vt 0.3333 0.2641
vt 0.3519 0.2437
vt 0.3519 0.2641
vt 0.2963 0.2641
vt 0.3148 0.2437
vt 0.3148 0.2641
vt 0.2963 0.1625
vt 0.3148 0.1828
vt 0.2963 0.1828
vt 0.9444 0.5312
vt 0.2593 0.2437
vt 0.2778 0.2641
vt 0.2593 0.2641
vt 0.2222 0.2641
vt 0.2407 0.2437
vt 0.2407 0.2641
vt 0.2222 0.1828
vt 0.2407 0.1625
vt 0.2407 0.1828
vt 0.2037 0.625
vt 0.2222 0.6438
vt 0.2037 0.6438
vt 0.1667 0.625
vt 0.1852 0.6438
vt 0.1667 0.6438
vt 0.1667 0.55
vt 0.1852 0.5687
vt 0.1667 0.5687
vt 0.6574 0.5
vt 0.6713 0.475
vt 0.6713 0.5
vt 0.6574 0.525
vt 0.6713 0.525
vt 0.6296 0.525
vt 0.6435 0.525
vt 0.1296 0.625
vt 0.1481 0.6438
vt 0.1296 0.6438
vt 0.0926 0.625
vt 0.1111 0.6438
vt 0.0926 0.6438
vt 0.0926 0.55
vt 0.1111 0.5687
vt 0.0926 0.5687
vt 0.7407 0.325
vt 0.7407 0.35
vt 0.7963 0.6141
vt 0.8148 0.5875
vt 0.8148 0.6188
vt 0.7963 0.5844
vt 0.7963 0.525
vt 0.1852 0.725
vt 0.2037 0.7
vt 0.2037 0.725
vt 0.1852 0.75
vt 0.2037 0.75
vt 0.1481 0.75
vt 0.7407 0.375
vt 0.1111 0.775
vt 0.1296 0.75
vt 0.1296 0.775
vt 0.1111 0.8
vt 0.1296 0.8
vt 0.0741 0.8
vt 0.0926 0.8
vt 0.0185 0.625
vt 0.037 0.6438
vt 0.0185 0.6438
vt 0 0.625
vt 0 0.6438
vt 0 0.55
vt 0 0.5687
vt 0.5556 0.6188
vt 0.5556 0.65
vt 0.5556 0.5563
vt 0.5741 0.5844
vt 0.5556 0.5875
vt 0.5741 0.5547
vt 0.1852 0.775
vt 0.2037 0.775
vt 0.1852 0.8
vt 0.2037 0.8
vt 0.1481 0.8
vt 0.1667 0.8
vt 0.713 0.5
vt 0.7269 0.475
vt 0.7269 0.5
vt 0.713 0.525
vt 0.7269 0.525
vt 0.6852 0.525
vt 0.6991 0.525
vt 0.8519 0.6062
vt 0.8333 0.6062
vt 0.8519 0.5875
vt 0.2407 0.6438
vt 0.2222 0.625
vt 0.2222 0.55
vt 0.0556 0.6438
vt 0.0741 0.625
vt 0.0741 0.6438
vt 0.037 0.625
vt 0.037 0.55
vt 0.713 0.45
vt 0.7269 0.425
vt 0.7269 0.45
vt 0.713 0.475
vt 0.6852 0.475
vt 0.4444 0.3375
vt 0.6991 0.8
vt 0.713 0.825
vt 0.6991 0.825
vt 0.4444 0.275
vt 0.463 0.3
vt 0.4444 0.3
vt 0.4259 0.275
vt 0.4259 0.225
vt 0.9259 0.7375
vt 0.9074 0.7375
vt 0.4444 0.7688
vt 0.8519 0.4938
vt 0.5139 0.2313
vt 0.5185 0.175
vt 0.5231 0.1938
vt 0.3333 0.1016
vt 0.3519 0.1016
vt 0.2963 0.1016
vt 0.3148 0.0813
vt 0.3148 0.1016
vt 0.2963 0.0203
vt 0.3148 0
vt 0.3148 0.0203
vt 0.2037 0.475
vt 0.2037 0.4938
vt 0.1667 0.475
vt 0.1852 0.4938
vt 0.1667 0.4938
vt 0.1667 0.4
vt 0.1852 0.4188
vt 0.1667 0.4188
vt 0.9375 0.2531
vt 0.9259 0.6062
vt 0.5833 0.8125
vt 0.3704 0.3875
vt 0.3704 0.3625
vt 0.3704 0.325
vt 0.3889 0.325
vt 0.5926 0.7219
vt 0.5926 0.6656
vt 0.6111 0.6844
vt 0.6111 0.6578
vt 0.6296 0.675
vt 0.2037 0.4
vt 0.1852 0.4
vt 0.1111 0.725
vt 0.1296 0.7
vt 0.1296 0.725
vt 0.1111 0.75
vt 0.0741 0.75
vt 0.4722 0.5563
vt 0.4861 0.525
vt 0.4861 0.5563
vt 0.4861 0.6188
vt 0.4722 0.5875
vt 0.4861 0.5875
vt 0.4444 0.6188
vt 0.4583 0.5875
vt 0.4583 0.6188
vt 0.5556 0.8125
vt 0.2778 0.475
vt 0.2963 0.4938
vt 0.2778 0.4938
vt 0.2593 0.475
vt 0.2593 0.4
vt 0 0.7937
vt 0.287 0.3375
vt 0.0556 0.475
vt 0.0741 0.4938
vt 0.0556 0.4938
vt 0.037 0.475
vt 0.037 0.4
vt 0.8704 0.5312
vt 0.713 0.8
vt 0.0463 0.3375
vt 0.4444 0.175
vt 0.4444 0.2
vt 0.4259 0.175
vt 0.4259 0.125
vt 0.6574 0.45
vt 0.6713 0.425
vt 0.6713 0.45
vt 0.6574 0.475
vt 0.6296 0.475
vt 0.1296 0.3375
vt 0.1481 0.3375
vt 0.6991 0.725
vt 0.713 0.75
vt 0.4259 0.3875
vt 0.4444 0.4
vt 0.4259 0.4
vt 0.3889 0.6813
vt 0.4074 0.7
vt 0.3889 0.7
vt 0.4074 0.6062
vt 0.3889 0.625
vt 0.3889 0.6062
vt 0.4444 0.6062
vt 0.4259 0.625
vt 0.4259 0.6062
vt 0.8704 0.4562
vt 0.1481 0.175
vt 0.1667 0.2
vt 0.1481 0.2
vt 0.1296 0.175
vt 0.1296 0.125
vt 0.6435 0.675
vt 0.6296 0.65
vt 0.6435 0.65
vt 0.6713 0.675
vt 0.6574 0.65
vt 0.6713 0.65
vt 0.6574 0.7
vt 0.6713 0.7
vt 0.088 0.2875
vt 0.0903 0.3063
vt 0.4676 0.2875
vt 0.4653 0.3063
vt 0.0301 0.2313
vt 0.0231 0.2313
vt 0.0278 0.2125
vt 0.0324 0.1938
vt 0.3611 0.2547
vt 0.3657 0.25
vt 0.3611 0.275
vt 0.3565 0.2594
vt 0.3519 0.2234
vt 0.3565 0.2188
vt 0.1991 0.2188
vt 0.2037 0.2234
vt 0.2037 0.2437
vt 0.1991 0.2391
vt 0.1898 0.25
vt 0.1944 0.2547
vt 0.1944 0.275
vt 0.1296 0.325
vt 0.1481 0.325
vt 0.9259 0.6813
vt 0.8519 0.5687
vt 0.8889 0.7
vt 0.1667 0.3375
vt 0.1898 0.2094
vt 0.1944 0.2141
vt 0.1944 0.2344
vt 0.1898 0.2297
vt 0.1991 0.2594
vt 0.1991 0.1781
vt 0.2037 0.1828
vt 0.2037 0.2031
vt 0.1991 0.1984
vt 0.3565 0.1984
vt 0.3519 0.2031
vt 0.3611 0.2141
vt 0.3611 0.2344
vt 0.3565 0.2391
vt 0.3657 0.2297
vt 0.037 0.175
vt 0.0556 0.175
vt 0.463 0.325
vt 0.6574 0.675
vt 0.6852 0.675
vt 0.6574 0.625
vt 0.6852 0.625
vt 0.1667 0.225
vt 0.4074 0.625
vt 0.4259 0.5687
vt 0.4074 0.5875
vt 0.4074 0.5687
vt 0.4444 0.5687
vt 0.4259 0.5875
vt 0.3704 0.6062
vt 0.3704 0.5687
vt 0.3889 0.5875
vt 0.3704 0.5875
vt 0.3889 0.5687
vt 0.3704 0.7
vt 0.3889 0.6438
vt 0.3704 0.6625
vt 0.3704 0.6438
vt 0.4074 0.6438
vt 0.3889 0.6625
vt 0.6852 0.425
vt 0.463 0.225
vt 0.037 0.4375
vt 0.0556 0.4562
vt 0.037 0.4562
vt 0.037 0.5125
vt 0.0556 0.5312
vt 0.037 0.5312
vt 0.0556 0.5125
vt 0.0741 0.5312
vt 0.2593 0.4375
vt 0.2778 0.4562
vt 0.2593 0.4562
vt 0.2593 0.5125
vt 0.2778 0.5312
vt 0.2593 0.5312
vt 0.2778 0.5125
vt 0.2963 0.5312
vt 0.4722 0.6188
vt 0.4722 0.65
vt 0.5 0.6188
vt 0.5 0.5563
vt 0.1481 0.7
vt 0.8889 0.625
vt 0.1667 0.4375
vt 0.1852 0.4562
vt 0.1667 0.4562
vt 0.1481 0.4375
vt 0.1481 0.4562
vt 0.1481 0.4
vt 0.1667 0.5125
vt 0.1852 0.5312
vt 0.1667 0.5312
vt 0.1481 0.5125
vt 0.1481 0.5312
vt 0.1481 0.475
vt 0.2037 0.5125
vt 0.2222 0.5312
vt 0.2037 0.5312
vt 0.1852 0.5125
vt 0.1852 0.475
vt 0.2963 0.0609
vt 0.3148 0.0406
vt 0.3148 0.0609
vt 0.2778 0.0406
vt 0.2778 0.0609
vt 0.2963 0
vt 0.2963 0.1422
vt 0.3148 0.1219
vt 0.3148 0.1422
vt 0.2778 0.1219
vt 0.2778 0.1422
vt 0.2778 0.0813
vt 0.3333 0.1422
vt 0.3519 0.1219
vt 0.3333 0.0813
vt 0.4444 0.325
vt 0.4259 0.325
vt 0.4815 0.3625
vt 0.4815 0.3375
vt 0.7407 0.45
vt 0.7407 0.475
vt 0.7407 0.425
vt 0.037 0.5875
vt 0.0556 0.6062
vt 0.037 0.6062
vt 0.037 0.6625
vt 0.0556 0.6813
vt 0.037 0.6813
vt 0.0556 0.6625
vt 0.0741 0.6813
vt 0.2222 0.5875
vt 0.2407 0.6062
vt 0.2222 0.6062
vt 0.2222 0.6625
vt 0.2407 0.6813
vt 0.2222 0.6813
vt 0.2407 0.6625
vt 0.2593 0.6813
vt 0.8148 0.6062
vt 0.8148 0.625
vt 0.7407 0.5
vt 0.7407 0.525
vt 0.2222 0.775
vt 0.2222 0.8
vt 0.2222 0.75
vt 0.5741 0.525
vt 0.5556 0.525
vt 0 0.5875
vt 0.0185 0.6062
vt 0 0.6062
vt 0 0.6625
vt 0.0185 0.6813
vt 0 0.6813
vt 0.0185 0.6625
vt 0.2222 0.725
vt 0.2222 0.7
vt 0.0926 0.5875
vt 0.1111 0.6062
vt 0.0926 0.6062
vt 0.0741 0.5875
vt 0.0741 0.6062
vt 0.0926 0.6813
vt 0.1111 0.6625
vt 0.1111 0.6813
vt 0.0926 0.6625
vt 0.1296 0.6813
vt 0.1481 0.6625
vt 0.1481 0.6813
vt 0.1111 0.625
vt 0.1667 0.5875
vt 0.1852 0.6062
vt 0.1667 0.6062
vt 0.1481 0.5875
vt 0.1481 0.6062
vt 0.1481 0.55
vt 0.1667 0.6625
vt 0.1852 0.6813
vt 0.1667 0.6813
vt 0.1481 0.625
vt 0.2037 0.6625
vt 0.2037 0.6813
vt 0.1852 0.6625
vt 0.1852 0.625
vt 0.2222 0.2031
vt 0.2407 0.2234
vt 0.2222 0.2234
vt 0.2222 0.1625
vt 0.2222 0.3047
vt 0.2407 0.2844
vt 0.2407 0.3047
vt 0.2222 0.2844
vt 0.2037 0.2641
vt 0.2222 0.2437
vt 0.2593 0.3047
vt 0.2778 0.2844
vt 0.2778 0.3047
vt 0.2593 0.2844
vt 0.963 0.5312
vt 0.2963 0.2031
vt 0.3148 0.2234
vt 0.2963 0.2234
vt 0.2778 0.2234
vt 0.2963 0.3047
vt 0.3148 0.2844
vt 0.3148 0.3047
vt 0.2963 0.2844
vt 0.2963 0.2437
vt 0.3333 0.3047
vt 0.3519 0.2844
vt 0.3333 0.2437
vt 0 0.4375
vt 0.0185 0.4562
vt 0 0.4562
vt 0 0.5125
vt 0.0185 0.5312
vt 0 0.5312
vt 0.0185 0.5125
vt 0.2222 0.4375
vt 0.2407 0.4562
vt 0.2222 0.4562
vt 0.2222 0.5125
vt 0.2407 0.5312
vt 0.2407 0.5125
vt 0.4722 0.7125
vt 0.4583 0.775
vt 0.5 0.7125
vt 0.4861 0.775
vt 0.5 0.6813
vt 0.5278 0.5875
vt 0.5278 0.65
vt 0.5278 0.7125
vt 0.5139 0.775
vt 0.5278 0.775
vt 0.5417 0.775
vt 0.2593 0.5875
vt 0.2778 0.6062
vt 0.2593 0.6062
vt 0.2593 0.6625
vt 0.2778 0.6813
vt 0.2963 0.6625
vt 0.2963 0.6813
vt 0.963 0.5125
vt 0.4074 0.325
vt 0.3889 0.325
vt 0.0926 0.4562
vt 0.1111 0.4375
vt 0.1111 0.4562
vt 0.0741 0.4375
vt 0.0741 0.4562
vt 0.0926 0.5125
vt 0.1111 0.5312
vt 0.0926 0.5312
vt 0.0741 0.5125
vt 0.1296 0.5125
vt 0.1296 0.5312
vt 0.1111 0.5125
vt 0.1111 0.475
vt 0.6296 0.8
vt 0.6296 0.775
vt 0.2222 0.0406
vt 0.2407 0.0609
vt 0.2222 0.0609
vt 0.2037 0.0203
vt 0.2222 0
vt 0.2222 0.1422
vt 0.2407 0.1219
vt 0.2407 0.1422
vt 0.2037 0.1219
vt 0.2037 0.1016
vt 0.2222 0.0813
vt 0.2593 0.1219
vt 0.2593 0.1422
vt 0.6111 0.525
vt 0.5926 0.525
vt 0.7407 0.575
vt 0.7407 0.625
vt 0.4815 0.2875
vt 0.4815 0.325
vt 0.5 0.325
vt 0.5185 0.325
vt 0.7407 0.675
vt 0.7407 0.725
vt 0.537 0.325
vt 0.5556 0.325
vt 0.8148 0.7
vt 0.8148 0.7188
vt 0.963 0.4938
vt 0.963 0.475
vt 0.8148 0.7375
vt 0.4815 0.25
vt 0.6296 0.75
vt 0.3333 0.625
vt 0.3333 0.5687
vt 0.3519 0.5875
vt 0.3333 0.5875
vt 0.3519 0.5687
vt 0.2963 0.625
vt 0.2963 0.6062
vt 0.3148 0.5687
vt 0.2963 0.5875
vt 0.3148 0.5875
vt 0.2963 0.7
vt 0.3148 0.6438
vt 0.3333 0.6438
vt 0.3148 0.6625
vt 0.3333 0.475
vt 0.3519 0.4188
vt 0.3333 0.4375
vt 0.3333 0.4188
vt 0.3704 0.4188
vt 0.3519 0.4375
vt 0.2963 0.4562
vt 0.2963 0.475
vt 0.3148 0.4188
vt 0.2963 0.4375
vt 0.3148 0.4375
vt 0.2963 0.55
vt 0.3148 0.4938
vt 0.2963 0.5125
vt 0.3333 0.4938
vt 0.3148 0.5125
vt 0.4074 0.475
vt 0.4259 0.4188
vt 0.4074 0.4375
vt 0.4074 0.4188
vt 0.4444 0.4375
vt 0.4259 0.4375
vt 0.3704 0.475
vt 0.3889 0.4188
vt 0.3704 0.4375
vt 0.3889 0.4375
vt 0.3704 0.5312
vt 0.3889 0.4938
vt 0.3704 0.5125
vt 0.3704 0.4938
vt 0.4074 0.5125
vt 0.3889 0.5125
vt 0.963 0.4562
vt 0.963 0.4375
vt 0.6574 0.575
vt 0.6852 0.575
vt 0.713 0.575
vt 0.7269 0.675
vt 0.713 0.625
vt 0.0556 0.325
vt 0.0741 0.325
vt 0.0185 0.325
vt 0.0046 0.3063
vt 0.037 0.325
vt 0.375 0.0984
vt 0.3796 0.0938
vt 0.3704 0.1031
vt 0.3704 0.0828
vt 0.375 0.0781
vt 0.3796 0.1141
vt 0.3796 0.1344
vt 0.375 0.1391
vt 0.3843 0.1297
vt 0.3843 0.1094
vt 0.3611 0.1328
vt 0.3611 0.1531
vt 0.3565 0.1578
vt 0.3657 0.1688
vt 0.3657 0.1078
vt 0.3565 0.0359
vt 0.3611 0.0312
vt 0.3519 0.0406
vt 0.3565 0.0156
vt 0.3611 0.0516
vt 0.3611 0.0719
vt 0.3565 0.0766
vt 0.3657 0.0672
vt 0.3704 0.0625
vt 0.3657 0.0469
vt 0.1898 0.0469
vt 0.1944 0.0516
vt 0.1944 0.0719
vt 0.1898 0.0672
vt 0.1852 0.0625
vt 0.1944 0.0312
vt 0.1991 0.0969
vt 0.1991 0.0156
vt 0.2037 0.0406
vt 0.1991 0.0359
vt 0.1852 0.1641
vt 0.1852 0.1844
vt 0.1898 0.1484
vt 0.1944 0.1531
vt 0.1944 0.1734
vt 0.1852 0.0828
vt 0.1852 0.1031
vt 0.1713 0.1094
vt 0.1759 0.1141
vt 0.1759 0.1344
vt 0.1713 0.1297
vt 0.1667 0.125
vt 0.1759 0.0938
vt 0.1806 0.1594
vt 0.1806 0.0781
vt 0.1806 0.0984
vt 0.8148 0.6438
vt 0.8148 0.6625
vt 0.963 0.5687
vt 0.963 0.55
vt 0.8519 0.7
vt 0.9259 0.625
vt 0.8519 0.625
vt 0.1806 0.1797
vt 0.1991 0.1172
vt 0.3565 0.1172
vt 0.3704 0.1641
vt 0.3704 0.1844
vt 0.3657 0.1891
vt 0.375 0.1797
vt 0.0139 0.2687
vt 0.463 0.175
vt 0.713 0.725
vt 0.1667 0.275
vt 0.4074 0.55
vt 0.4259 0.4938
vt 0.4074 0.4938
vt 0.4444 0.5125
vt 0.4259 0.5125
vt 0.3333 0.55
vt 0.3519 0.4938
vt 0.3333 0.5125
vt 0.3519 0.5125
vt 0.3333 0.6813
vt 0.3519 0.6438
vt 0.3333 0.6625
vt 0.3519 0.6625
vt 0.6574 0.725
vt 0.1296 0.3875
vt 0.2037 0.3875
vt 0.9259 0.7188
vt 0.2593 0.0609
vt 0.2593 0.0406
vt 0.2593 0
vt 0.1296 0.4375
vt 0.1296 0.4562
vt 0.1111 0.4
vt 0.2778 0.5875
vt 0.5278 0.525
vt 0.2407 0.4375
vt 0.0185 0.4375
vt 0.3333 0.2234
vt 0.3333 0.2031
vt 0.3333 0.1625
vt 0.2593 0.2234
vt 0.2778 0.2031
vt 0.2593 0.2031
vt 0.2593 0.1625
vt 0.2037 0.5875
vt 0.2037 0.6062
vt 0.1852 0.5875
vt 0.1852 0.55
vt 0.1296 0.5875
vt 0.1296 0.6062
vt 0.1111 0.5875
vt 0.1111 0.55
vt 0.1852 0.7
vt 0.0185 0.5875
vt 0.2407 0.5875
vt 0.0556 0.5875
vt 0.713 0.425
vt 0.463 0.275
vt 0.3333 0.0406
vt 0.3333 0.0609
vt 0.2037 0.4375
vt 0.2037 0.4562
vt 0.1852 0.4
vt 0.1111 0.7
vt 0.4722 0.525
vt 0.4444 0.5875
vt 0.2778 0.4375
vt 0.0556 0.4375
vt 0.6574 0.425
vt 0.4074 0.6813
vt 0.4259 0.6625
vt 0.4074 0.6625
vt 0.4444 0.6438
vt 0.4259 0.6438
vt 0.1667 0.175
vt 0.3565 0.2797
vt 0.2037 0.2844
vt 0.1991 0.2797
vt 0.4444 0.625
vt 0.0741 0.475
vt 0.1852 0.4375
vt 0.0556 0.625
vt 0.2407 0.625
vt 0.2407 0.2031
vt 0.2778 0.2437
vt 0.3148 0.2031
vt 0.2407 0.0406
vt 0.4444 0.4938
vt 0.3704 0.4
vt 0.4444 0.4188
vt 0.3333 0.4
vt 0.3148 0.4
vt 0.2963 0.4
vt 0.3519 0.4
vt 0.2222 0.1219
vt 0.0741 0.55
vt 0.0926 0.4375
vt 0.2778 0.7
vt 0.2593 0.7
vt 0.3333 0.2844
vt 0.3148 0.325
vt 0.3333 0.325
vt 0.2778 0.325
vt 0.2963 0.325
vt 0.2593 0.325
vt 0.1296 0.6625
vt 0.0741 0.6625
vt 0.0741 0.7
vt 0.037 0.7
vt 0.0185 0.7
vt 0 0.7
vt 0.2407 0.7
vt 0.0556 0.7
vt 0.3333 0.1219
vt 0.3148 0.1625
vt 0.2963 0.1219
vt 0.2963 0.0406
vt 0.2963 0.0813
vt 0.2778 0.6625
vt 0.4444 0.6625
vt 0.6296 0.9125
vt 0.963 0.6813
vt 0.4722 0.8
vt 0.4444 0.7
vt 0.4815 0.3875
vt 0.6296 0.425
vt 0.463 0.125
vt 0 0.85
vt 0.0741 0.4
vt 0.5741 0.8625
vt 0.4444 0.525
vt 0.5833 0.85
vt 0.6667 0.8375
vt 0.7037 0.8375
vt 0.963 0.625
vt 0.3519 0
vt 0.537 0.9125
vt 0.4444 0.85
vt 0.963 0.7375
vt 0.4444 0.5312
vt 0.4444 0.475
vt 0.2037 0
s 1
f 637/1 7/2 533/3
f 1111/4 317/5 1008/6
f 73/7 68/8 66/9
f 366/10 280/11 429/12
f 109/13 107/14 108/15
f 220/16 215/17 214/18
f 639/19 283/20 770/21
f 1183/22 141/23 884/24
f 70/25 67/26 69/27
f 121/28 116/29 117/30
f 88/31 87/32 86/33
f 105/34 526/35 523/36
f 306/37 106/38 305/39
f 835/40 8/41 836/42
f 1181/43 139/44 891/45
f 6/46 21/47 11/48
f 8/41 12/49 22/50
f 16/51 24/52 20/53
f 28/54 233/55 238/56
f 14/57 18/58 23/59
f 15/60 19/61 28/62
f 352/63 10/64 223/65
f 13/66 27/67 17/68
f 7/2 26/69 9/70
f 240/71 12/49 242/72
f 5/73 10/74 25/75
f 454/76 16/51 447/77
f 1092/78 1576/79 31/80
f 1577/81 1068/82 29/83
f 1172/84 1362/85 756/86
f 140/87 326/88 754/89
f 931/90 254/91 901/92
f 252/93 902/94 904/95
f 1058/96 1096/97 1449/98
f 510/99 839/100 1357/101
f 984/102 144/103 311/104
f 615/105 13/67 449/106
f 1575/107 859/108 1766/109
f 922/110 14/111 834/112
f 371/113 92/114 293/20
f 117/30 119/115 121/28
f 527/116 332/117 734/118
f 930/119 275/120 978/121
f 242/72 835/40 1153/122
f 277/123 495/124 54/125
f 511/126 1082/127 1351/128
f 71/129 69/130 68/8
f 281/131 89/132 79/133
f 616/134 848/135 1349/136
f 135/137 136/138 134/139
f 634/140 330/141 719/142
f 62/143 283/20 368/113
f 59/114 1081/144 583/145
f 89/146 78/147 79/148
f 353/149 454/76 718/150
f 131/151 126/152 127/153
f 505/154 875/155 506/156
f 113/157 305/39 373/158
f 498/159 6/47 537/160
f 279/161 77/162 290/163
f 58/164 282/165 367/166
f 74/167 82/168 83/169
f 85/170 292/171 74/167
f 76/172 84/173 82/174
f 870/175 268/176 970/177
f 968/178 148/179 315/180
f 75/181 87/182 77/162
f 75/181 88/31 86/33
f 460/183 1454/184 1637/185
f 352/63 637/1 708/186
f 516/154 1023/155 458/156
f 519/187 93/164 518/188
f 535/189 1452/190 1635/191
f 299/166 556/192 702/193
f 373/158 108/15 304/194
f 104/195 525/196 526/35
f 182/197 189/198 183/199
f 105/34 103/200 104/195
f 1090/201 865/202 1447/203
f 580/204 860/205 1339/206
f 113/157 111/207 110/208
f 103/209 528/210 525/211
f 372/165 90/212 299/166
f 1052/213 5/74 1094/214
f 132/28 134/139 136/215
f 1336/216 54/125 495/124
f 304/194 107/217 306/218
f 129/219 131/151 127/153
f 84/220 83/169 82/221
f 81/222 84/220 80/223
f 189/198 184/18 183/199
f 168/224 162/225 166/226
f 353/149 18/227 243/228
f 133/229 135/137 131/151
f 116/219 118/151 114/153
f 1074/230 15/60 1079/231
f 218/232 221/233 219/234
f 132/28 129/29 128/30
f 67/26 73/7 66/9
f 125/215 120/235 121/28
f 121/28 123/139 125/215
f 118/151 123/139 119/115
f 130/115 135/137 134/139
f 481/236 168/224 166/226
f 645/237 530/238 823/239
f 954/240 17/68 233/55
f 528/210 105/34 523/36
f 383/241 890/242 1129/243
f 474/244 679/245 318/246
f 1021/247 1453/248 1765/249
f 124/250 123/139 122/137
f 128/30 130/115 132/28
f 1070/251 1450/252 1763/253
f 286/254 291/255 398/256
f 81/257 286/258 366/10
f 118/151 115/152 114/153
f 644/259 334/260 669/261
f 1326/262 468/263 1029/264
f 204/265 208/266 202/267
f 531/268 164/269 174/265
f 176/270 185/17 162/225
f 168/224 177/271 176/270
f 173/272 578/273 636/274
f 178/266 183/199 177/271
f 196/226 193/275 194/276
f 197/277 590/278 638/279
f 182/197 186/280 188/281
f 174/265 163/282 179/283
f 541/284 200/285 540/286
f 187/287 189/288 186/289
f 177/271 184/18 176/270
f 1065/290 313/291 940/292
f 215/17 193/275 192/225
f 172/267 179/283 178/266
f 206/270 213/199 214/18
f 166/226 163/275 164/276
f 178/266 180/293 182/197
f 189/288 188/294 186/289
f 136/215 133/235 132/28
f 211/295 216/280 210/293
f 213/199 220/16 214/18
f 212/197 219/198 213/199
f 181/295 186/280 180/293
f 211/295 209/283 193/282
f 194/269 209/283 204/265
f 504/268 194/269 204/265
f 192/225 214/18 215/17
f 196/226 206/270 192/225
f 648/236 194/276 508/296
f 208/266 213/199 207/271
f 649/297 156/298 566/299
f 521/286 172/267 170/285
f 216/280 212/197 210/293
f 198/224 207/271 206/270
f 504/268 202/267 541/284
f 120/229 122/137 118/151
f 163/275 185/17 181/300
f 521/286 168/224 514/301
f 163/282 180/293 179/283
f 202/267 207/271 200/285
f 635/302 167/277 570/279
f 172/267 177/271 170/285
f 209/283 212/197 208/266
f 173/303 169/304 165/305
f 184/18 191/306 185/17
f 185/17 187/307 181/300
f 199/308 594/309 590/278
f 211/300 221/306 217/307
f 375/310 885/311 1115/312
f 84/173 291/255 80/313
f 89/132 77/162 87/314
f 407/315 515/19 701/21
f 94/316 299/166 93/164
f 23/59 718/150 614/317
f 721/318 931/90 1325/319
f 456/320 297/321 457/322
f 20/323 353/149 243/228
f 970/177 51/324 866/325
f 955/326 232/327 1019/328
f 74/167 290/163 76/172
f 725/329 1041/330 1323/331
f 709/332 1458/333 1629/334
f 113/157 304/194 112/335
f 704/336 1586/337 1627/338
f 285/339 1050/340 500/341
f 679/245 319/342 680/343
f 379/344 1128/345 935/346
f 401/347 879/348 1128/345
f 680/343 529/349 320/350
f 726/351 1150/352 1317/353
f 655/354 642/355 380/356
f 654/357 375/358 655/354
f 694/359 1134/360 1315/361
f 1054/362 455/363 296/364
f 1312/365 404/366 691/367
f 710/368 1588/369 1625/370
f 480/371 1135/372 1309/373
f 297/321 701/21 457/322
f 351/374 707/375 615/105
f 268/376 599/377 51/378
f 382/379 153/380 383/381
f 720/382 329/383 452/384
f 693/385 919/386 1307/387
f 301/388 548/389 544/390
f 1305/391 49/392 1090/393
f 381/394 631/395 380/356
f 645/237 414/396 720/382
f 949/397 1584/398 1761/399
f 625/400 1151/401 1299/402
f 948/403 1459/404 1759/405
f 413/406 606/407 717/408
f 350/409 717/408 498/159
f 524/320 507/322 59/114
f 1757/410 399/411 1582/412
f 368/113 60/413 64/414
f 367/166 65/415 61/212
f 61/212 505/154 628/192
f 969/416 316/417 411/418
f 614/317 234/419 445/420
f 373/158 106/38 109/13
f 278/421 607/422 276/423
f 74/167 76/172 82/168
f 74/167 83/169 85/170
f 25/75 708/186 499/424
f 1755/425 230/426 1457/427
f 75/181 86/33 87/182
f 280/11 88/31 75/181
f 623/428 1589/429 1615/430
f 621/431 1587/432 1613/433
f 90/212 516/154 556/192
f 519/187 1110/434 94/435
f 409/436 453/437 707/375
f 1065/290 315/180 146/438
f 1440/439 270/440 1139/441
f 281/131 290/163 77/162
f 398/256 76/172 290/163
f 302/442 544/443 444/444
f 93/164 702/193 518/188
f 1439/445 266/446 906/447
f 1438/448 406/449 1138/450
f 703/451 1460/452 1611/453
f 1063/454 411/418 314/455
f 722/456 1148/457 1267/458
f 652/459 318/246 384/460
f 380/356 653/461 381/394
f 503/462 1149/463 1265/464
f 381/394 382/379 383/381
f 276/423 729/465 278/421
f 1104/466 1585/467 1753/468
f 670/469 333/470 565/471
f 325/472 323/473 307/474
f 151/475 1129/243 933/476
f 384/460 553/477 151/478
f 139/479 653/461 374/480
f 971/481 267/482 909/483
f 381/394 383/381 151/478
f 921/484 412/485 971/481
f 1751/486 349/487 1583/488
f 633/489 397/490 670/469
f 323/473 138/491 307/474
f 548/389 300/492 543/493
f 954/240 19/61 1074/230
f 794/494 388/495 688/496
f 1254/497 276/423 607/422
f 955/326 346/498 402/499
f 79/133 398/256 281/131
f 1099/500 226/501 1013/502
f 529/349 654/357 320/350
f 374/480 642/355 141/503
f 139/479 382/379 381/394
f 151/478 378/504 384/460
f 147/505 652/459 384/460
f 1252/506 273/507 692/508
f 553/477 554/509 151/478
f 152/510 323/473 325/472
f 140/87 309/511 326/88
f 144/512 313/513 385/514
f 148/515 651/516 385/514
f 554/509 631/395 151/478
f 112/335 306/218 111/209
f 877/362 550/363 288/364
f 719/142 157/517 562/518
f 52/519 729/465 277/123
f 417/520 899/521 1152/522
f 1108/523 370/371 456/320
f 326/88 311/524 144/512
f 442/301 343/525 540/286
f 369/526 550/363 639/19
f 309/511 142/527 311/524
f 791/528 403/529 687/530
f 1251/531 271/532 1113/533
f 385/514 643/534 144/512
f 636/274 339/525 575/309
f 1249/535 396/536 1118/537
f 651/516 386/538 385/514
f 940/292 144/103 1037/539
f 169/304 167/540 165/305
f 165/305 175/541 173/303
f 384/460 378/504 377/542
f 502/188 285/339 501/187
f 685/543 561/544 788/545
f 1247/546 393/547 1112/548
f 325/472 307/474 140/87
f 141/23 1115/312 884/24
f 326/88 309/511 311/524
f 294/526 455/363 515/19
f 201/549 195/305 203/303
f 384/460 377/542 147/505
f 191/550 190/551 189/288
f 366/10 79/552 78/553
f 578/273 389/554 340/555
f 391/556 442/301 648/236
f 669/261 155/557 520/558
f 1245/559 251/560 895/561
f 53/562 660/563 268/376
f 561/544 392/564 650/565
f 573/278 339/525 338/566
f 913/567 394/568 1114/569
f 313/513 146/570 315/571
f 602/273 344/572 598/274
f 269/573 660/563 275/574
f 650/565 335/575 512/576
f 941/577 312/578 1062/579
f 1019/328 231/580 1018/581
f 385/514 315/571 148/515
f 602/273 341/554 345/555
f 199/304 197/540 195/305
f 195/305 205/541 203/303
f 376/582 474/244 318/246
f 1243/583 270/584 1043/585
f 638/279 341/586 585/302
f 275/574 486/587 269/573
f 385/514 313/513 315/571
f 646/296 337/556 481/236
f 317/588 632/589 386/538
f 1114/569 310/590 893/591
f 216/592 217/593 221/233
f 221/233 220/594 219/234
f 378/504 149/595 377/542
f 1240/596 668/597 943/598
f 390/572 531/268 647/284
f 1063/454 395/599 941/577
f 598/274 343/525 594/309
f 573/278 337/556 570/279
f 530/238 336/600 649/297
f 347/601 1152/522 876/602
f 923/603 242/72 1153/122
f 978/121 53/604 870/175
f 979/605 274/606 921/484
f 882/607 418/608 979/605
f 734/118 154/609 437/610
f 735/611 331/612 564/613
f 559/614 419/615 735/611
f 97/414 293/20 91/413
f 844/616 222/617 911/618
f 1470/619 910/620 1748/621
f 1746/622 420/623 1158/624
f 1744/625 359/626 1159/627
f 499/424 236/628 538/629
f 1069/630 311/104 142/631
f 1061/632 421/633 310/634
f 985/635 312/578 421/633
f 742/636 916/637 1227/638
f 743/639 1162/640 1225/641
f 612/642 1163/643 1223/644
f 988/645 1045/646 1432/647
f 989/648 1166/649 1431/650
f 1430/651 365/652 1167/653
f 257/654 857/655 992/656
f 992/656 1169/657 257/654
f 42/658 1169/657 854/659
f 994/660 40/661 856/662
f 994/660 1171/663 255/664
f 848/135 255/664 1171/663
f 643/534 326/88 144/512
f 632/589 424/665 386/538
f 325/472 424/665 755/666
f 1030/667 1208/668 469/669
f 1206/670 425/671 758/672
f 1204/673 357/674 759/675
f 1592/676 1027/677 248/678
f 1175/679 1592/676 248/678
f 1570/680 1000/681 230/426
f 1177/682 1571/683 246/684
f 246/684 1739/685 1177/682
f 1015/686 1473/687 228/688
f 606/407 235/689 542/690
f 240/71 11/48 21/691
f 26/69 223/65 9/692
f 238/56 17/68 27/693
f 1180/694 324/695 846/696
f 879/348 426/697 1180/694
f 890/242 382/698 1181/43
f 899/521 225/699 900/700
f 111/701 305/39 110/702
f 300/492 444/444 543/493
f 427/703 913/567 1182/704
f 324/695 1182/704 846/696
f 139/44 1183/22 891/45
f 770/21 59/114 507/322
f 771/193 289/321 502/188
f 628/192 428/315 771/193
f 429/12 75/181 279/161
f 292/171 279/161 74/167
f 81/257 429/12 292/171
f 1008/6 148/179 1047/705
f 1009/706 316/417 1064/707
f 1009/706 379/344 430/708
f 453/437 237/709 450/710
f 28/54 450/710 15/62
f 1185/711 630/712 773/713
f 1185/711 551/714 888/715
f 1184/716 494/717 871/718
f 61/212 771/193 367/166
f 367/166 502/188 58/164
f 428/315 507/322 289/321
f 557/719 1007/720 1067/721
f 451/722 1006/723 1022/724
f 768/725 1089/726 1006/723
f 543/493 99/727 101/728
f 1075/729 574/80 1076/730
f 1066/731 767/732 1005/733
f 1055/734 766/735 1004/736
f 1004/736 451/722 1022/724
f 22/737 542/690 8/50
f 1186/738 1497/739 765/740
f 765/740 1736/741 1186/738
f 839/742 1498/743 438/744
f 763/745 1734/746 1001/747
f 1595/748 1189/749 763/745
f 764/750 1732/751 1191/752
f 1192/753 1547/754 462/755
f 462/755 1730/756 1192/753
f 1001/747 1500/757 763/745
f 1597/758 1176/759 762/760
f 1196/761 1597/758 762/760
f 1546/762 1197/763 440/764
f 1198/765 1568/766 760/767
f 760/767 1724/768 1198/765
f 999/769 1502/770 761/771
f 1599/772 851/773 464/774
f 1202/775 1599/772 464/774
f 1568/766 1203/776 760/767
f 997/777 759/675 425/671
f 1173/778 774/779 757/780
f 1205/781 496/782 774/779
f 904/783 758/672 252/784
f 1080/785 775/786 582/787
f 1207/788 757/780 775/786
f 1208/668 758/672 1209/789
f 1209/789 1172/84 756/86
f 469/669 996/790 854/791
f 321/792 632/589 150/793
f 386/538 754/89 643/534
f 1024/794 753/795 995/796
f 995/796 752/797 1170/798
f 1170/798 471/799 1032/800
f 469/801 993/802 1030/803
f 1168/804 751/805 750/806
f 750/806 1033/807 1168/804
f 1210/808 991/809 1429/810
f 1428/811 776/812 1212/813
f 930/119 1213/814 1427/815
f 1214/816 990/817 1426/818
f 1215/819 1216/820 1425/821
f 1165/822 1217/823 1424/824
f 1218/825 869/826 1423/827
f 1219/828 1220/829 1422/830
f 1164/831 1221/832 1421/833
f 779/834 987/835 1222/836
f 472/837 1222/836 1033/807
f 36/838 1223/644 857/655
f 780/839 986/840 1224/841
f 579/842 1224/841 1078/843
f 256/844 1225/641 902/94
f 781/845 1092/846 1226/847
f 744/848 1226/847 986/840
f 422/849 1227/638 1162/640
f 886/850 741/851 1161/852
f 885/853 741/851 546/854
f 893/855 740/856 560/857
f 25/75 538/629 5/73
f 1504/858 983/859 1718/860
f 1505/861 1230/862 1716/863
f 1557/864 1231/865 1714/866
f 1506/867 982/868 1712/869
f 1507/870 1234/871 1710/872
f 1495/873 1235/874 1708/875
f 1706/876 591/877 1086/878
f 1509/879 1238/880 1704/881
f 1702/882 736/883 1239/884
f 1020/885 592/886 1087/887
f 160/888 735/611 334/889
f 334/889 564/613 155/890
f 419/615 437/610 331/612
f 1058/96 733/891 1155/892
f 1097/893 733/891 609/894
f 1154/895 493/896 1046/897
f 1099/500 731/898 977/899
f 1052/213 730/900 976/901
f 328/902 649/297 392/564
f 169/308 570/279 167/277
f 203/272 594/309 201/903
f 1117/904 549/905 664/906
f 172/267 531/268 174/265
f 1241/907 668/597 1240/596
f 1032/908 471/909 1241/907
f 856/910 355/911 1119/912
f 938/913 560/914 1069/915
f 164/276 481/236 166/226
f 197/277 585/302 195/916
f 1242/917 488/918 867/919
f 936/920 785/921 1242/917
f 1112/548 656/922 1243/583
f 195/923 602/273 205/924
f 843/925 441/926 842/927
f 1117/904 547/928 886/850
f 332/929 512/576 154/930
f 205/924 598/274 203/272
f 1089/726 661/931 938/913
f 169/308 575/309 573/278
f 159/932 650/565 332/929
f 1244/933 567/934 1071/935
f 942/936 786/937 1244/933
f 1118/537 665/938 1245/559
f 397/490 520/558 333/470
f 648/236 198/224 196/226
f 175/924 635/939 578/273
f 91/413 515/19 455/363
f 545/940 939/941 1060/942
f 1246/943 658/944 936/920
f 929/945 787/946 1246/943
f 1105/947 657/948 1247/546
f 788/545 159/932 527/116
f 687/530 527/116 327/949
f 403/529 788/545 687/530
f 58/164 501/187 63/435
f 1116/950 478/951 861/952
f 1248/953 667/954 942/936
f 1077/955 789/956 1248/953
f 901/957 666/958 1249/535
f 171/903 636/274 575/309
f 1250/959 659/960 937/961
f 873/962 790/963 1250/959
f 1049/964 489/965 1251/531
f 791/528 327/949 559/614
f 644/259 559/614 160/888
f 387/966 791/528 644/259
f 60/413 639/19 550/363
f 442/301 200/285 198/224
f 932/144 629/145 92/114
f 976/901 572/967 1075/729
f 414/396 562/518 329/383
f 1053/968 60/413 513/969
f 380/356 554/509 320/350
f 318/246 554/509 553/477
f 957/970 692/508 404/366
f 1133/971 792/972 690/973
f 1253/974 492/975 792/972
f 375/358 529/349 143/976
f 923/603 434/977 837/978
f 1131/979 610/980 684/981
f 864/982 607/422 50/983
f 1040/984 793/985 483/986
f 1255/987 689/988 793/985
f 686/989 688/496 403/529
f 387/966 794/494 686/989
f 633/489 634/140 794/494
f 1130/990 571/991 898/992
f 548/389 101/728 100/993
f 161/994 670/469 330/995
f 1256/996 1559/997 1701/998
f 1699/999 795/1000 1606/1001
f 1697/1002 613/1003 1607/1004
f 1097/893 716/1005 1147/1006
f 1147/1006 589/1007 1085/1008
f 630/712 953/1009 1109/1010
f 330/995 565/471 157/1011
f 1260/1012 1561/1013 1695/1014
f 1261/1015 1608/1016 1693/1017
f 928/1018 1609/1019 1691/1020
f 797/1021 973/1022 1264/1023
f 464/1024 1264/1023 1027/1025
f 37/1026 1265/464 851/1027
f 798/1028 972/1029 1266/1030
f 558/1031 1266/1030 1068/1032
f 248/1033 1267/458 892/1034
f 887/1035 714/1036 549/905
f 799/1037 1484/1038 1610/1039
f 705/1040 1610/1039 1562/1041
f 408/1042 1611/453 1586/337
f 1270/1043 962/1044 1405/1045
f 1271/1046 1272/1047 1404/1048
f 1137/1049 1273/1050 1403/1051
f 1274/1052 1082/1053 1402/1054
f 1275/1055 1276/1056 1401/1057
f 1400/1058 697/1059 1277/1060
f 518/188 407/315 297/321
f 444/444 98/983 99/727
f 1278/1061 963/1062 1399/1063
f 1279/1064 1280/1065 1398/1066
f 867/1067 1281/1068 1397/1069
f 889/1070 713/1071 552/1072
f 707/375 28/54 238/56
f 934/340 640/341 298/339
f 556/192 295/1073 294/526
f 803/1074 1563/1075 1612/1076
f 479/1077 1612/1076 1477/1078
f 45/1079 1613/433 1453/248
f 804/1080 1565/1081 1614/1082
f 620/1083 1614/1082 1485/1084
f 47/58 1615/430 1461/1085
f 1689/1086 568/1087 1481/1088
f 1687/1089 805/1090 1616/1091
f 1120/1092 1617/1093 1685/1094
f 499/424 409/436 351/374
f 23/59 445/420 14/57
f 1145/1095 551/714 714/1036
f 628/192 287/1073 369/526
f 1290/1096 1558/1097 1683/1098
f 1681/1099 806/1100 1618/1101
f 1679/1102 672/1103 1619/1104
f 289/321 524/320 285/339
f 498/159 240/71 21/691
f 717/408 22/737 240/71
f 1294/1105 1483/1106 1677/1107
f 1295/1108 1620/1109 1675/1110
f 1124/1111 1621/1112 1673/1113
f 808/1114 975/1115 1298/1116
f 593/1117 1298/1116 912/1118
f 55/1119 1299/402 1088/1120
f 1300/1121 1560/1122 1671/1123
f 1301/1124 1622/1125 1669/1126
f 1125/1127 1623/1128 1667/1129
f 158/1130 720/382 336/1131
f 1304/1132 597/1133 914/1134
f 937/961 810/1135 1304/1132
f 1113/533 576/1136 1305/391
f 544/390 100/993 98/519
f 811/1137 1095/1138 1306/1139
f 695/1140 1306/1139 958/1141
f 405/1142 1307/387 1134/360
f 336/1131 452/384 156/1143
f 615/105 238/56 27/693
f 457/322 293/20 92/114
f 812/1144 959/1145 1308/1146
f 475/1147 1308/1146 1035/1148
f 4/1149 1309/373 859/1150
f 813/1151 1564/1152 1624/1153
f 532/1154 1624/1153 1479/1155
f 359/1156 1625/370 1455/1157
f 917/1158 691/367 265/1159
f 1093/1160 814/1161 603/1162
f 1313/1163 690/973 814/1161
f 878/968 91/413 517/969
f 815/1164 958/1141 1314/1165
f 591/1166 1314/1165 1086/1167
f 259/1168 1315/361 910/1169
f 320/350 655/354 380/356
f 141/503 655/354 375/358
f 816/1170 974/1171 1316/1172
f 491/1173 1316/1172 868/1174
f 272/1175 1317/353 1044/1176
f 319/342 529/349 680/343
f 681/1177 1055/734 952/1178
f 641/1179 952/1178 1111/4
f 679/245 320/350 318/246
f 501/187 874/434 63/435
f 1626/1180 705/1040 1562/1041
f 587/1181 1626/1180 1483/1106
f 262/1182 1627/338 1459/404
f 1628/1183 569/1184 1482/1185
f 711/1186 1628/1183 1564/1152
f 410/1187 1629/334 1588/369
f 819/1188 865/1189 1322/1190
f 727/1191 1322/1190 974/1171
f 416/1192 1323/331 1150/352
f 843/925 684/981 443/1193
f 1146/1194 485/1195 1042/1196
f 92/114 456/320 457/322
f 820/1197 1107/1198 1324/1199
f 723/1200 1324/1199 972/1029
f 415/1201 1325/319 1148/457
f 614/317 413/406 350/409
f 701/21 91/413 293/20
f 939/941 546/1202 1061/1203
f 590/278 343/525 342/566
f 389/586 570/279 337/556
f 339/525 514/301 338/566
f 345/555 541/284 344/572
f 339/525 647/284 521/286
f 392/564 566/299 335/575
f 391/556 508/296 341/586
f 345/555 508/1204 504/268
f 1116/950 552/1072 663/1205
f 343/525 541/284 540/286
f 638/279 342/566 391/556
f 636/274 340/555 390/572
f 389/554 531/268 340/555
f 1327/1206 468/263 1326/262
f 943/598 668/597 1327/1206
f 1119/912 41/1207 853/1208
f 387/966 669/261 397/490
f 1665/1209 440/764 1474/1210
f 1663/1211 821/1212 1630/1213
f 1661/1214 563/1215 1631/1216
f 1332/1217 1477/1078 1659/1218
f 1333/1219 1632/1220 1657/1221
f 845/1222 1633/1223 1655/1224
f 145/1225 679/245 474/244
f 682/1226 1066/731 953/1009
f 303/1227 523/36 300/492
f 1130/990 446/1228 683/1229
f 823/239 328/902 685/543
f 403/529 823/239 685/543
f 688/496 645/237 823/239
f 338/566 481/236 337/556
f 898/992 581/1230 903/1231
f 956/1232 495/124 276/423
f 1132/1233 824/1234 689/988
f 1337/1235 608/1236 824/1234
f 876/602 604/1237 918/1238
f 525/211 303/1227 301/388
f 825/1239 1036/1240 1338/1241
f 696/1242 1338/1241 959/1145
f 263/1243 1339/206 1135/372
f 1340/1244 1041/1245 1378/1246
f 1377/1247 826/1248 1342/1249
f 914/1250 1343/1251 1376/1252
f 526/35 301/1253 302/442
f 702/193 294/526 407/315
f 827/1254 1476/1255 1634/1256
f 706/1257 1634/1256 1563/1075
f 360/1258 1635/191 1587/432
f 298/339 518/188 297/321
f 847/1259 295/1073 458/156
f 708/186 239/1260 409/436
f 828/1261 1478/1262 1636/1263
f 712/1264 1636/1263 1565/1081
f 362/1265 1637/185 1589/429
f 1144/1266 494/717 713/1071
f 1046/897 715/1267 1146/1194
f 350/409 537/160 234/419
f 1051/1259 287/1073 506/156
f 718/150 241/1268 413/406
f 524/320 905/523 284/371
f 388/495 719/142 414/396
f 829/1269 1024/794 1348/1270
f 724/1271 1348/1270 973/1022
f 354/1272 1349/136 1149/463
f 830/1273 906/1274 1350/1275
f 728/1276 1350/1275 975/1115
f 364/1277 1351/128 1151/401
f 977/899 432/1278 1011/1279
f 1106/1280 732/1281 1154/895
f 327/949 734/118 419/615
f 1098/1282 431/1283 1010/1284
f 1652/1285 475/1286 1035/1287
f 1543/1288 1354/1289 1650/1290
f 1551/1291 1355/1292 1648/1293
f 351/374 449/106 236/628
f 1160/1294 478/951 740/856
f 832/1295 1015/1296 1356/1297
f 745/1298 1356/1297 987/835
f 348/1299 1357/101 1163/643
f 1358/1300 920/1301 1372/1302
f 1359/1303 1360/1304 1371/1305
f 882/607 1361/1306 1370/1307
f 582/1308 1078/843 1080/1309
f 1107/1198 577/1310 1077/1311
f 1362/85 759/675 1363/1312
f 1363/1312 1101/1313 618/1314
f 756/86 925/1315 996/790
f 1640/1316 892/1317 558/1318
f 1365/1319 1640/1316 558/1318
f 1553/1320 1366/1321 568/1087
f 1367/1322 1552/1323 534/1324
f 534/1324 1643/1325 1367/1322
f 916/1326 1545/1327 601/1328
f 241/1268 447/77 235/689
f 1005/733 557/719 1067/721
f 1011/1279 433/1329 1012/1330
f 523/36 302/442 300/492
f 769/1331 1060/942 1007/720
f 369/526 770/21 428/315
f 1184/716 641/1179 772/1332
f 239/1260 533/3 237/709
f 430/708 935/346 1184/716
f 1007/720 308/1333 427/703
f 224/1334 1012/1330 225/699
f 426/697 1067/721 324/695
f 1002/1335 1641/1336 1369/1337
f 1369/1337 1642/1338 1002/1335
f 228/688 1642/1338 916/1326
f 1367/1322 1641/1336 764/750
f 1643/1325 1369/1337 1367/1322
f 1368/1339 1545/1327 1369/1337
f 1178/1340 1456/1341 881/1342
f 881/1342 1644/1343 1178/1340
f 764/750 1644/1343 1367/1322
f 1645/1344 761/771 1366/1321
f 896/1345 1645/1344 1366/1321
f 1457/427 999/769 896/1345
f 1366/1321 1544/1346 1364/1347
f 1364/1347 1646/1348 1366/1321
f 568/1087 1646/1348 1365/1319
f 1647/1349 248/678 892/1317
f 1364/1347 1647/1349 892/1317
f 1544/1346 1175/679 1364/1347
f 996/790 43/1350 253/1351
f 759/675 1101/1313 1363/1312
f 1362/85 618/1314 756/86
f 30/1352 1107/1198 1077/1311
f 32/41 1080/1309 1078/843
f 1370/1307 833/1353 1359/1303
f 749/1354 1370/1307 1359/1303
f 365/652 1370/1307 1167/653
f 1371/1305 746/1355 1164/831
f 991/809 1164/831 423/1356
f 749/1354 1371/1305 991/809
f 1372/1302 273/507 988/645
f 1360/1304 988/645 746/1355
f 833/1353 1372/1302 1360/1304
f 1163/643 832/1295 745/1298
f 987/835 742/636 422/849
f 1356/1297 228/1357 742/636
f 421/633 861/952 1160/1294
f 1648/1293 831/1358 1543/1288
f 1649/1359 1353/1360 1639/1361
f 1455/1362 1373/1363 1649/1359
f 1494/1364 1354/1289 736/883
f 1590/1365 1374/1366 1156/1367
f 1651/1368 1353/1360 1374/1366
f 1652/1285 259/1369 1470/619
f 1653/1370 980/1371 1566/1372
f 1638/1373 1375/1374 1653/1370
f 346/498 1010/1284 222/617
f 365/652 1154/895 418/608
f 977/899 224/1334 417/520
f 1151/401 830/1273 728/1276
f 975/1115 725/329 416/1192
f 1350/1275 266/1375 725/329
f 1149/463 829/1269 724/1271
f 973/1022 721/318 415/1201
f 1348/1270 245/1376 721/318
f 274/606 1146/1194 412/485
f 411/418 871/718 1144/1266
f 1143/1377 1541/1378 1493/1379
f 967/1380 1540/1381 1469/1382
f 1346/1383 1574/1384 1540/1381
f 1141/1385 1539/1386 1491/1387
f 965/1388 1538/1389 1467/1390
f 1344/1391 1572/1392 1538/1389
f 1341/1393 1343/1251 826/1248
f 1139/441 1341/1393 700/1394
f 1139/441 914/1250 1376/1252
f 1377/1247 697/1059 1136/1395
f 963/1062 1136/1395 406/449
f 700/1394 1377/1247 963/1062
f 960/1396 1041/1245 266/446
f 1342/1249 960/1396 697/1059
f 826/1248 1378/1246 1342/1249
f 1135/372 825/1239 696/1242
f 959/1145 693/385 405/1142
f 1338/1241 261/1397 693/385
f 347/601 918/1238 226/501
f 692/508 920/1301 1337/1235
f 404/366 1337/1235 1132/1233
f 689/988 1336/216 956/1232
f 232/327 903/1231 231/580
f 402/499 844/616 1130/990
f 953/1009 322/1398 401/347
f 1379/1399 1537/1400 1654/1401
f 1127/1402 1654/1401 1489/1403
f 361/1404 1655/1224 1585/467
f 1380/1405 1536/1406 1656/1407
f 951/1408 1656/1407 1465/1409
f 678/1410 1657/1221 1561/1013
f 1381/1411 1573/1412 1658/1413
f 1334/1414 1658/1413 1536/1406
f 822/1415 1659/1218 1632/1220
f 1660/1416 1331/1417 1535/1418
f 1123/1419 1660/1416 1487/1420
f 1583/488 894/1421 1661/1214
f 1662/1422 1330/1423 1534/1424
f 947/1425 1662/1422 1463/1426
f 674/1427 1663/1211 1559/997
f 1664/1428 1017/1429 1570/680
f 1330/1423 1664/1428 1534/1424
f 1630/1213 1328/1430 1665/1209
f 668/597 853/1208 468/263
f 396/536 1327/1206 665/938
f 665/938 1327/1206 1326/262
f 395/599 889/1070 1116/950
f 394/568 1061/1203 310/590
f 1148/457 820/1197 723/1200
f 972/1029 459/1431 244/1432
f 1324/1199 30/1352 459/1431
f 412/485 1042/1196 267/482
f 243/1433 843/925 20/1434
f 1150/352 819/1188 727/1191
f 974/1171 576/1435 271/1436
f 1322/1190 49/1437 576/1435
f 1142/1438 1533/1439 1492/1440
f 966/1441 1532/1442 1468/1443
f 1320/1444 1578/1445 1532/1442
f 907/1446 1531/1447 1555/1448
f 1083/1449 1530/1450 1579/1451
f 1318/1452 1466/1453 1530/1450
f 1111/4 321/1454 150/1133
f 952/1178 152/1455 321/1454
f 1044/1176 816/1170 491/1173
f 868/1174 489/1456 56/1457
f 1316/1172 271/1436 489/1456
f 910/1169 815/1164 591/1166
f 1086/1167 584/1458 1/1459
f 1314/1165 260/1460 584/1458
f 511/1461 1133/971 1313/1163
f 48/1462 1313/1163 1093/1160
f 603/1162 1312/365 917/1158
f 880/1463 1529/1464 1551/1465
f 1056/1466 1528/1467 1575/1468
f 1310/1469 1468/1443 1528/1467
f 859/1150 812/1144 475/1147
f 1035/1148 694/359 259/1168
f 1308/1146 405/1142 694/359
f 1134/360 811/1137 695/1140
f 958/1141 476/1470 260/1460
f 1306/1139 2/1471 476/1470
f 659/960 1305/391 810/1135
f 393/547 1304/1132 656/922
f 656/922 914/1134 270/584
f 1385/1472 1527/1473 1666/1474
f 897/1475 1666/1474 1554/1476
f 1458/333 1125/1127 1667/1129
f 1668/1477 1302/1478 1526/1479
f 1578/1445 1386/1480 1668/1477
f 569/1184 1669/1126 1482/1185
f 1670/1481 950/1482 1464/1483
f 1302/1478 1670/1481 1526/1479
f 809/1484 1671/1123 1622/1125
f 1088/1120 808/1114 593/1117
f 912/1118 726/351 272/1175
f 1298/1116 416/1192 726/351
f 1388/1485 1525/1486 1672/1487
f 1126/1488 1672/1487 1488/1489
f 400/1490 1673/1113 1584/398
f 1389/1491 1524/1492 1674/1493
f 1464/1483 1389/1491 1674/1493
f 677/1494 1675/1110 1560/1122
f 1390/1495 1579/1451 1676/1496
f 1296/1497 1676/1496 1524/1492
f 807/1498 1677/1107 1620/1109
f 1391/1499 1523/1500 1678/1501
f 881/1342 1678/1501 1552/1323
f 1456/1341 1121/1502 1679/1102
f 1680/1503 1292/1504 1522/1505
f 1576/79 1392/1506 1680/1503
f 1480/1507 1291/1508 1681/1099
f 1682/1509 946/1510 1462/1511
f 1522/1505 1393/1512 1682/1509
f 806/1100 1683/1098 1618/1101
f 377/1513 888/715 1145/1095
f 1394/1514 1521/1515 1684/1516
f 1486/1517 1394/1514 1684/1516
f 399/411 1685/1094 1582/412
f 1686/1518 1288/1519 1520/1520
f 1462/1511 1395/1521 1686/1518
f 1558/1097 1287/1522 1687/1089
f 1688/1523 1072/1524 1577/81
f 1288/1519 1688/1523 1520/1520
f 1616/1091 1286/1525 1689/1086
f 927/1526 1519/1527 1557/1528
f 1103/1529 1518/1530 1581/1531
f 1284/1532 1469/1382 1518/1530
f 862/1533 1517/1534 1549/1535
f 1038/1536 1516/1537 1573/1412
f 1282/1538 1467/1390 1516/1537
f 314/455 1144/1266 889/1070
f 1397/1069 802/1539 1279/1064
f 866/1540 1279/1064 485/26
f 51/130 1397/1069 866/1540
f 1398/1066 698/1541 1137/1049
f 1042/1542 1137/1049 267/133
f 485/26 1398/1066 1042/1542
f 961/1543 963/1062 406/449
f 1280/1065 961/1543 698/1541
f 802/1539 1399/1063 1280/1065
f 1275/1055 1277/1060 801/1544
f 1138/450 1275/1055 699/1545
f 1138/450 1136/1395 1400/1058
f 1401/1057 603/1162 917/1158
f 962/1044 917/1158 265/1159
f 699/1545 1401/1057 962/1044
f 1402/1054 48/1462 1093/1160
f 1276/1056 1093/1160 603/1162
f 801/1544 1402/1054 1276/1056
f 1403/1051 800/1546 1271/1046
f 909/1547 1271/1046 589/1548
f 267/133 1403/1051 909/1547
f 1404/1048 483/986 864/982
f 1085/1549 864/982 50/983
f 589/1548 1404/1048 1085/1549
f 1040/984 962/1044 265/1159
f 1272/1047 1040/984 483/986
f 800/1546 1405/1045 1272/1047
f 1140/1550 1515/1551 1490/1552
f 964/1553 1514/1554 1466/1453
f 1514/1554 1091/1555 1580/1556
f 147/1557 1145/1095 887/1035
f 892/1034 798/1028 558/1031
f 1068/1032 487/1558 29/1559
f 1266/1030 244/1432 487/1558
f 851/1027 797/1021 464/1024
f 1027/1025 722/456 248/1033
f 1264/1023 415/1201 722/456
f 1690/1560 1263/1561 1513/1562
f 863/1563 1690/1560 1550/1564
f 1454/184 928/1018 1691/1020
f 1407/1565 1512/1566 1692/1567
f 1039/1568 1692/1567 1574/1384
f 1478/1262 1261/1015 1693/1017
f 1408/1569 1465/1409 1694/1570
f 1262/1571 1694/1570 1512/1566
f 796/1572 1695/1014 1608/1016
f 379/344 953/1009 401/347
f 278/1573 1085/1008 50/208
f 52/1574 1147/1006 278/1573
f 1409/1575 1511/1576 1696/1577
f 1547/754 1409/1575 1696/1577
f 1451/1578 924/1579 1697/1002
f 1698/1580 1258/1581 1510/1582
f 1025/1583 1698/1580 1571/683
f 1475/1584 1257/1585 1699/999
f 1411/1586 1463/1426 1700/1587
f 1510/1582 1411/1586 1700/1587
f 1606/1001 1256/996 1701/998
f 402/499 898/992 232/327
f 691/367 1132/1233 1255/987
f 265/1159 1255/987 1040/984
f 483/986 1254/497 864/982
f 243/1433 922/110 1131/979
f 11/48 837/978 6/46
f 625/1588 869/826 1253/974
f 364/1589 1253/974 1133/971
f 690/973 1252/506 957/970
f 976/901 9/692 223/65
f 497/1590 1251/531 790/963
f 363/1591 1250/959 657/948
f 657/948 937/961 393/547
f 577/1592 1249/535 789/956
f 30/1593 1248/953 467/1594
f 467/1594 942/936 250/1595
f 395/599 861/952 312/578
f 624/1596 1247/546 787/946
f 57/1597 1246/943 486/587
f 486/587 936/920 269/573
f 308/1333 939/941 394/568
f 667/954 1245/559 786/937
f 250/1595 1244/933 466/1598
f 466/1598 1071/935 39/1599
f 140/1600 938/913 309/1601
f 376/1602 886/850 145/1603
f 20/1434 842/927 16/1593
f 658/944 1243/583 785/921
f 269/573 1242/917 599/377
f 599/377 867/919 51/378
f 309/1601 1069/915 142/1604
f 471/909 1119/912 668/597
f 254/1605 1241/907 666/958
f 666/958 1241/907 1240/596
f 147/1557 1117/904 376/1602
f 10/64 976/901 223/65
f 347/601 977/899 417/520
f 418/608 1046/897 274/606
f 277/1606 1097/893 52/1574
f 54/125 1155/892 277/1606
f 17/68 1087/887 13/66
f 1509/879 1239/884 784/1607
f 1605/1608 1412/1609 1237/1610
f 1703/1611 1156/1367 1412/1609
f 1704/881 600/1612 1556/1613
f 1705/1614 915/1615 1460/452
f 1605/1608 1413/1616 1705/1614
f 1706/876 1/1617 1580/1556
f 1707/1618 1091/1555 1484/1038
f 1604/1619 1414/1620 1707/1618
f 1708/875 783/1621 1507/870
f 1709/1622 1233/1623 1603/1624
f 1591/1625 1415/1626 1709/1622
f 1548/1627 1234/871 473/1628
f 1711/1629 858/1630 1452/190
f 1603/1624 1416/1631 1711/1629
f 1572/1392 982/868 258/1632
f 1713/1633 1034/1634 1476/1255
f 1602/1635 1417/1636 1713/1633
f 1714/866 782/1637 1505/861
f 1715/1638 1229/1639 1601/1640
f 1715/1638 927/1641 1418/1642
f 1716/863 737/1643 1495/873
f 1717/1644 1157/1645 1591/1625
f 1601/1640 1419/1646 1717/1644
f 1471/1647 983/859 420/623
f 1719/1648 981/1649 1567/1650
f 1719/1648 1228/1651 1420/1652
f 310/634 1160/1294 893/855
f 319/1653 885/853 143/1654
f 319/1653 886/850 1161/852
f 1162/640 781/845 744/848
f 986/840 596/1330 227/1329
f 1226/847 31/699 596/1330
f 902/94 780/839 579/842
f 1078/843 436/42 32/41
f 1224/841 227/1329 436/42
f 857/655 779/834 472/837
f 1033/807 743/639 256/844
f 1222/836 422/849 743/639
f 1421/833 778/1655 1219/828
f 748/1656 1421/833 1219/828
f 423/1356 1421/833 1166/649
f 1422/830 593/1117 912/1118
f 990/817 912/1118 272/1175
f 748/1656 1422/830 990/817
f 1423/827 55/1119 1088/1120
f 1220/829 1088/1120 593/1117
f 778/1655 1423/827 1220/829
f 1424/824 777/1657 1215/819
f 873/962 1215/819 497/1590
f 363/1591 1424/824 873/962
f 868/1174 1216/820 491/1173
f 1049/964 868/1174 56/1457
f 1049/964 1215/819 1425/821
f 1426/818 272/1175 1044/1176
f 491/1173 1426/818 1044/1176
f 777/1657 1426/818 1216/820
f 1211/1658 1213/814 776/812
f 929/945 1211/1658 624/1596
f 57/1597 1427/815 929/945
f 1165/822 1212/813 747/1659
f 363/1591 1428/811 1165/822
f 1105/947 1211/1658 1428/811
f 1429/810 423/1356 989/648
f 1212/813 989/648 747/1659
f 776/812 1429/810 1212/813
f 256/844 1168/804 1033/807
f 256/844 993/802 1168/804
f 252/93 1030/803 993/802
f 254/91 1170/798 1032/800
f 245/1376 1170/798 254/91
f 245/1376 1024/794 995/796
f 854/791 253/1351 42/658
f 425/671 1209/789 758/672
f 1208/668 756/86 469/669
f 490/1660 1173/778 1207/788
f 32/1661 1207/788 1080/785
f 582/787 1206/670 904/783
f 617/1662 1048/1663 1205/781
f 356/1664 1205/781 1173/778
f 757/780 1204/673 997/777
f 1720/1665 465/1666 1203/776
f 998/1667 1720/1665 1203/776
f 1472/1668 1028/1669 998/1667
f 1203/776 1503/1670 1201/1671
f 1201/1671 1721/1672 1203/776
f 760/767 1721/1672 1202/775
f 1722/1673 37/1026 851/773
f 1201/1671 1722/1673 851/773
f 1503/1670 852/1674 1201/1671
f 1000/681 1598/1675 1200/1676
f 1200/1676 1723/1677 1000/681
f 230/426 1723/1677 999/769
f 1198/765 1598/1675 762/760
f 1724/768 1200/1676 1198/765
f 1199/1678 1502/770 1200/1676
f 1176/759 1472/1668 998/1667
f 998/1667 1725/1679 1176/759
f 762/760 1725/1679 1198/765
f 1726/1680 470/1681 1197/763
f 841/1682 1726/1680 1197/763
f 1450/252 1031/1683 841/1682
f 1197/763 1501/1684 1195/1685
f 1195/1685 1727/1686 1197/763
f 440/764 1727/1686 1196/761
f 1728/1687 249/1688 1176/759
f 1195/1685 1728/1687 1176/759
f 1501/1684 855/1689 1195/1685
f 883/1690 1596/1691 1194/1692
f 1194/1692 1729/1693 883/1690
f 247/1694 1729/1693 1001/747
f 1192/753 1596/1691 539/1695
f 1730/756 1194/1692 1192/753
f 1193/1696 1500/757 1194/1692
f 1059/1697 1451/1578 849/1698
f 849/1698 1731/1699 1059/1697
f 539/1695 1731/1699 1192/753
f 1191/752 1569/1700 765/740
f 1732/751 1003/1701 1191/752
f 1002/1335 1473/687 1003/1701
f 1733/1702 765/740 1189/749
f 1190/1703 1733/1702 1189/749
f 1499/1704 1191/752 1190/1703
f 1001/747 1593/1705 247/1694
f 1734/746 1179/1706 1001/747
f 1189/749 1497/739 1179/1706
f 850/1707 1594/1708 1188/1709
f 1188/1709 1735/1710 850/1707
f 35/1711 1735/1710 839/742
f 1186/738 1594/1708 463/1712
f 1736/741 1188/1709 1186/738
f 1187/1713 1498/743 1188/1709
f 1026/1714 1593/1705 1179/1706
f 1179/1706 1737/1715 1026/1714
f 463/1712 1737/1715 1186/738
f 323/1716 1022/724 138/1717
f 152/1455 1004/736 323/1716
f 322/1398 1005/733 426/697
f 9/692 1076/730 7/70
f 1006/723 140/1600 307/585
f 1022/724 307/585 138/1717
f 1067/721 427/703 324/695
f 430/708 871/718 316/417
f 378/1718 888/715 149/1719
f 151/475 1185/711 378/1718
f 773/713 1109/1010 1009/706
f 773/713 1064/707 551/714
f 772/1332 1047/705 494/717
f 891/45 769/1331 557/719
f 846/696 768/725 451/722
f 1182/704 595/1720 768/725
f 572/967 900/700 574/80
f 555/1721 1181/43 767/732
f 522/1722 1180/694 766/735
f 766/735 846/696 451/722
f 1187/1713 1569/1700 1003/1701
f 1003/1701 1738/1723 1187/1713
f 438/744 1738/1723 1015/686
f 1177/682 1595/748 763/745
f 1739/685 1190/1703 1177/682
f 1178/1340 1499/1704 1190/1703
f 1193/1696 1475/1584 1025/1583
f 1025/1583 1740/1724 1193/1696
f 763/745 1740/1724 1177/682
f 1741/1725 762/760 1000/681
f 1017/1429 1741/1725 1000/681
f 1474/1210 1196/761 1017/1429
f 1199/1678 1496/1726 1174/1727
f 1174/1727 1742/1728 1199/1678
f 761/771 1742/1728 1175/679
f 1743/1729 464/774 1027/677
f 1174/1727 1743/1729 1027/677
f 1496/1726 1202/775 1174/1727
f 774/779 872/1730 1204/673
f 775/786 997/777 1206/670
f 252/784 1208/668 1030/667
f 461/1731 1171/663 753/795
f 753/795 994/660 752/797
f 752/797 856/662 471/799
f 854/659 751/805 469/801
f 750/806 1169/657 992/656
f 992/656 472/837 750/806
f 1430/651 749/1354 1210/808
f 1213/814 1210/808 776/812
f 626/1732 1430/651 1213/814
f 1214/816 1166/649 748/1656
f 1217/823 1214/816 777/1657
f 747/1659 1431/650 1217/823
f 1432/647 492/975 1218/825
f 1221/832 1218/825 778/1655
f 746/1355 1432/647 1221/832
f 1223/644 745/1298 779/834
f 1225/641 744/848 780/839
f 1227/638 601/1733 781/845
f 741/851 1062/579 985/635
f 546/854 985/635 1061/632
f 560/857 984/102 1069/630
f 1744/625 739/1734 1504/858
f 1745/1735 1228/1651 1600/1736
f 1745/1735 1103/1737 1433/1738
f 1746/622 738/1739 1506/867
f 1747/1740 1232/1741 1602/1635
f 1567/1650 1434/1742 1747/1740
f 1748/621 591/877 1508/1743
f 1749/1744 1236/1745 1604/1619
f 1566/1372 1435/1746 1749/1744
f 446/1228 911/618 592/886
f 536/1747 979/605 733/891
f 609/894 979/605 921/484
f 732/1281 870/175 493/896
f 611/1748 1153/122 731/898
f 876/602 730/900 509/1749
f 664/906 1063/454 941/577
f 1240/596 396/536 666/958
f 661/931 893/591 560/914
f 785/921 1043/585 488/918
f 443/1193 1018/581 441/926
f 664/906 1062/579 547/928
f 595/1720 1114/569 661/931
f 786/937 895/561 567/934
f 884/24 662/1750 545/940
f 787/946 1112/548 658/944
f 663/1205 1037/539 478/951
f 789/956 1118/537 667/954
f 790/963 1113/533 659/960
f 730/900 899/521 572/967
f 792/972 1045/646 1252/506
f 611/1748 1013/502 434/977
f 684/981 1098/1282 955/326
f 793/985 956/1232 1254/497
f 683/1229 1074/230 571/991
f 1750/1751 1123/1419 1487/1420
f 1511/1576 1436/1752 1750/1751
f 1607/1004 1100/1753 1751/486
f 609/894 971/481 716/1005
f 716/1005 909/483 589/1007
f 933/476 682/1226 630/712
f 1437/1754 1489/1403 1752/1755
f 1263/1561 1752/1755 1513/1562
f 622/1756 1753/468 1609/1019
f 1265/464 724/1271 797/1021
f 1267/458 723/1200 798/1028
f 549/905 969/416 1063/454
f 1269/1757 1556/1613 1515/1551
f 1438/448 699/1545 1270/1043
f 1273/1050 1270/1043 800/1546
f 698/1541 1438/448 1273/1050
f 1274/1052 906/447 586/1758
f 801/1544 1439/445 1274/1052
f 1277/1060 960/1396 1439/445
f 1440/439 700/1394 1278/1061
f 1281/1068 1278/1061 802/1539
f 488/923 1440/439 1281/1068
f 552/1072 968/178 1065/290
f 1283/1759 1491/1387 1517/1534
f 1285/1760 1493/1379 1519/1527
f 1754/1761 896/1345 1553/1320
f 1521/1515 1441/1762 1754/1761
f 1617/1093 944/1763 1755/425
f 714/1036 1064/707 969/416
f 1756/1764 1122/1765 1486/1517
f 1523/1500 1442/1766 1756/1764
f 1619/1104 945/1767 1757/410
f 1443/1768 1555/1448 1758/1769
f 1297/1770 1758/1769 1525/1486
f 675/1771 1759/405 1621/1112
f 1299/402 728/1276 808/1114
f 1444/1772 1488/1489 1760/1773
f 1303/1774 1760/1773 1527/1473
f 676/1775 1761/399 1623/1128
f 810/1135 1090/393 597/1133
f 1307/387 605/1776 811/1137
f 1309/373 696/1242 812/1144
f 1311/1777 1492/1440 1529/1464
f 814/1161 957/970 1312/365
f 1315/361 695/1140 815/1164
f 1317/353 727/1191 816/1170
f 1128/345 522/1722 681/1177
f 935/346 681/1177 641/1179
f 1319/1778 1490/1552 1531/1447
f 1321/1779 1554/1476 1533/1439
f 1323/331 484/1780 819/1188
f 443/1193 955/326 1019/328
f 715/1267 866/325 485/1195
f 1325/319 627/1781 820/1197
f 662/1750 885/311 546/1202
f 552/1072 940/292 663/1205
f 665/938 1029/264 251/560
f 1445/1782 1546/762 1762/1783
f 1535/1418 1445/1782 1762/1783
f 1631/1216 1070/251 1763/253
f 1446/1784 1549/1535 1764/1785
f 1537/1400 1446/1784 1764/1785
f 448/1786 1765/249 1633/1223
f 1129/243 555/1721 682/1226
f 683/1229 1020/885 954/240
f 571/991 1079/231 581/1230
f 824/1234 1096/97 1336/216
f 509/1749 1094/214 604/1237
f 1339/206 477/1787 825/1239
f 1447/203 484/1788 1340/1244
f 826/1248 1447/203 1340/1244
f 597/1789 1447/203 1343/1251
f 1345/1790 1548/1627 1539/1386
f 1347/1791 1550/1564 1541/1378
f 713/1071 1047/705 968/178
f 493/896 970/177 715/1267
f 1349/136 461/1731 829/1269
f 1351/128 586/1792 830/1273
f 731/898 835/40 432/1278
f 626/1732 978/121 732/1281
f 610/980 834/112 431/1283
f 1766/109 475/1286 1542/1793
f 1638/1373 1448/1794 1352/1795
f 1479/1796 1448/1794 1767/1797
f 740/856 1037/539 984/102
f 1357/101 438/1798 832/1295
f 1449/98 608/1236 1358/1300
f 1361/1306 1358/1300 833/1353
f 536/1747 1449/98 1361/1306
f 904/95 579/842 582/1308
f 627/1781 901/92 577/1310
f 425/671 1362/85 1172/84
f 1768/1799 558/1318 1068/82
f 1072/1524 1768/1799 1068/82
f 1481/1088 1365/1319 1072/1524
f 1368/1339 1480/1507 1057/1800
f 1057/1800 1769/1801 1368/1339
f 601/1328 1769/1801 1092/78
f 767/732 891/45 557/719
f 432/1278 836/42 433/1329
f 1183/22 545/940 769/1331
f 772/1332 1111/4 1008/6
f 532/1802 1767/1797 1355/1292
f 1355/1292 1638/1373 831/1358
f 1352/1795 1766/109 1542/1793
f 1541/1378 482/1803 828/1261
f 1539/1386 473/1628 827/1254
f 1633/1223 1446/1784 1335/1804
f 1537/1400 1332/1217 822/1415
f 1332/1217 1549/1535 479/1077
f 1331/1417 1763/253 1445/1782
f 821/1212 1762/1783 1328/1430
f 1328/1430 1546/762 440/764
f 1533/1439 569/1184 818/1805
f 1531/1447 705/1040 817/1806
f 1529/1464 711/1186 813/1151
f 1623/1128 1444/1772 1303/1774
f 1527/1473 1300/1121 809/1484
f 1760/1773 677/1494 1300/1121
f 1621/1112 1443/1768 1297/1770
f 1525/1486 1294/1105 807/1498
f 1294/1105 1555/1448 587/1181
f 1293/1807 1757/410 1442/1766
f 806/1100 1756/1764 1290/1096
f 1290/1096 1486/1517 673/1808
f 1289/1809 1755/425 1441/1762
f 805/1090 1754/1761 1286/1525
f 1286/1525 1553/1320 568/1087
f 1519/1527 712/1264 804/1080
f 1517/1534 706/1257 803/1074
f 1515/1551 600/1612 799/1037
f 1609/1019 1437/1754 1263/1561
f 1513/1562 1260/1012 796/1572
f 1752/1755 678/1410 1260/1012
f 1607/1004 1436/1752 1259/1810
f 795/1000 1750/1751 1256/996
f 1750/1751 674/1427 1256/996
f 1239/884 1566/1372 1749/1744
f 784/1607 1749/1744 1604/1619
f 1435/1746 1508/1743 1236/1745
f 737/1643 1747/1740 1235/874
f 1235/874 1602/1635 783/1621
f 1434/1742 1506/867 1232/1741
f 1231/865 1485/1811 1745/1735
f 1231/865 1600/1736 782/1637
f 1433/1738 1504/858 1228/1651
f 1230/862 1600/1736 1719/1648
f 1230/862 1567/1650 737/1643
f 1420/1652 1471/1647 981/1649
f 619/617 1717/1644 1102/618
f 1102/618 1591/1625 358/1812
f 1419/1646 1495/873 1157/1645
f 926/1284 1461/1813 1715/1638
f 926/1284 1601/1640 619/617
f 1418/1642 1505/861 1229/1639
f 783/1621 1713/1633 1234/871
f 1234/871 1476/1255 473/1628
f 1034/1634 1712/869 1572/1392
f 435/1814 1711/1629 1014/1815
f 1014/1815 1452/190 44/1816
f 858/1630 1710/872 1548/1627
f 358/1812 1709/1622 838/1817
f 838/1817 1603/1624 435/1814
f 1415/1626 1507/870 1233/1623
f 784/1607 1707/1618 1238/880
f 1238/880 1484/1038 600/1612
f 1414/1620 1580/1556 1091/1555
f 738/1739 1705/1614 982/868
f 982/868 1460/452 258/1632
f 1413/1616 1556/1613 915/1615
f 1158/624 1590/1365 1703/1611
f 738/1739 1703/1611 1605/1608
f 1237/1610 1702/882 1509/879
f 1258/1581 1701/998 1411/1586
f 672/1103 1700/1587 945/1767
f 1700/1587 399/411 945/1767
f 1025/1583 1699/999 1410/1818
f 246/684 1698/1580 1121/1502
f 1121/1502 1510/1582 672/1103
f 849/1698 1697/1002 1409/1575
f 462/755 1696/1577 1257/1585
f 1696/1577 795/1000 1257/1585
f 1262/1571 1695/1014 1408/1569
f 1512/1566 949/397 676/1775
f 1694/1570 400/1490 949/397
f 1478/1262 1407/1565 1039/1568
f 1574/1384 1125/1127 264/1819
f 1692/1567 676/1775 1125/1127
f 863/1563 1691/1020 1406/1820
f 1550/1564 1261/1015 482/1803
f 1690/1560 796/1572 1261/1015
f 1514/1554 1/1617 584/1821
f 1466/1453 584/1821 260/1822
f 1490/1552 799/1037 705/1040
f 1516/1537 408/1042 704/336
f 1573/1412 704/336 262/1182
f 1549/1535 803/1074 479/1077
f 1518/1530 410/1187 710/368
f 1581/1531 710/368 359/1156
f 1557/1528 804/1080 620/1083
f 1288/1519 1689/1086 1396/1823
f 588/1824 1688/1523 1084/1825
f 1688/1523 29/83 1084/1825
f 946/1510 1687/1089 1395/1521
f 229/1826 1686/1518 908/1827
f 908/1827 1520/1520 588/1824
f 1122/1765 1685/1094 1394/1514
f 673/1808 1684/1516 1287/1522
f 1287/1522 1521/1515 805/1090
f 1618/1101 1393/1512 1292/1504
f 439/70 1682/1509 1016/1828
f 1682/1509 229/1826 1016/1828
f 1057/1800 1681/1099 1392/1506
f 31/80 1680/1503 840/730
f 840/730 1522/1505 439/70
f 881/1342 1679/1102 1391/1499
f 1552/1323 1291/1508 534/1324
f 1678/1501 806/1100 1291/1508
f 1620/1109 1390/1495 1296/1497
f 605/1776 1676/1496 1095/1138
f 1676/1496 2/1471 1095/1138
f 1560/1122 1389/1491 950/1482
f 1464/1483 919/386 261/1397
f 1674/1493 605/1776 919/386
f 1584/398 1388/1485 1126/1488
f 1488/1489 1295/1108 677/1494
f 1672/1487 807/1498 1295/1108
f 1622/1125 1387/1829 1302/1478
f 477/1787 1670/1481 1036/1240
f 1670/1481 261/1397 1036/1240
f 1073/1830 1669/1126 1386/1480
f 1578/1445 860/205 3/1831
f 1668/1477 477/1787 860/205
f 1458/333 1385/1472 897/1475
f 569/1184 1666/1474 1301/1124
f 1666/1474 809/1484 1301/1124
f 1528/1467 263/1832 480/1833
f 1575/1468 480/1833 4/1834
f 1551/1465 813/1151 532/1154
f 1530/1450 260/1822 476/1835
f 1579/1451 476/1835 2/1471
f 1555/1448 817/1806 587/1181
f 1532/1442 3/1831 580/1836
f 1468/1443 580/1836 263/1832
f 1492/1440 818/1805 711/1186
f 1330/1423 1665/1209 1384/1837
f 671/1838 1664/1428 944/1763
f 944/1763 1570/680 230/426
f 1559/997 1383/1839 947/1425
f 1463/1426 1120/1092 399/411
f 1120/1092 1534/1424 671/1838
f 1123/1419 1661/1214 1382/1840
f 1487/1420 1329/1841 674/1427
f 1329/1841 1535/1418 821/1212
f 1632/1220 1381/1411 1334/1414
f 1536/1406 948/403 675/1771
f 948/403 1573/1412 262/1182
f 1561/1013 1380/1405 951/1408
f 1465/1409 1124/1111 400/1490
f 1656/1407 675/1771 1124/1111
f 1585/467 1379/1399 1127/1402
f 1489/1403 1333/1219 678/1410
f 1654/1401 822/1415 1333/1219
f 1538/1389 258/1632 703/451
f 1467/1390 703/451 408/1042
f 1491/1387 827/1254 706/1257
f 1540/1381 264/1819 709/332
f 1469/1382 709/332 410/1187
f 1493/1379 828/1261 712/1264
f 831/1358 1653/1370 1354/1289
f 736/883 1653/1370 1566/1372
f 980/1371 1652/1285 1470/619
f 983/859 1639/1361 1651/1368
f 420/623 1651/1368 1590/1365
f 1156/1367 1650/1290 1494/1364
f 1159/627 1455/1362 1649/1359
f 1159/627 1639/1361 739/1734
f 1373/1363 1543/1288 1353/1360
f 880/1789 1648/1293 1373/1363
f 1374/1366 1543/1288 1650/1290
f 1352/1795 1652/1285 1375/1374
f 1589/429 1347/1791 1143/1377
f 1565/1081 1346/1383 967/1380
f 1636/1263 1039/1568 1346/1383
f 1587/432 1345/1790 1141/1385
f 1563/1075 1344/1391 965/1388
f 1634/1256 1034/1634 1344/1391
f 1655/1224 1335/1804 1379/1399
f 1657/1221 1334/1414 1380/1405
f 1659/1218 1038/1536 1381/1411
f 1382/1840 1631/1216 1331/1417
f 1383/1839 1630/1213 1330/1423
f 1665/1209 1017/1429 1384/1837
f 1588/369 1321/1779 1142/1438
f 1564/1152 1320/1444 966/1441
f 1628/1183 1073/1830 1320/1444
f 1459/404 1319/1778 907/1446
f 1483/1106 1318/1452 1083/1449
f 1626/1180 964/1553 1318/1452
f 1455/1157 1311/1777 880/1463
f 1479/1155 1310/1469 1056/1466
f 1624/1153 966/1441 1310/1469
f 1667/1129 1303/1774 1385/1472
f 1386/1480 1622/1125 1302/1478
f 1671/1123 950/1482 1387/1829
f 1673/1113 1297/1770 1388/1485
f 1675/1110 1296/1497 1389/1491
f 1677/1107 1083/1449 1390/1495
f 1391/1499 1619/1104 1293/1807
f 1392/1506 1618/1101 1292/1504
f 1683/1098 946/1510 1393/1512
f 1685/1094 1289/1809 1394/1514
f 1395/1521 1616/1091 1288/1519
f 1396/1823 1481/1088 1072/1524
f 1461/1085 1285/1760 927/1526
f 1485/1084 1284/1532 1103/1529
f 1614/1082 967/1380 1284/1532
f 1453/248 1283/1759 862/1533
f 1477/1078 1282/1538 1038/1536
f 1612/1076 965/1388 1282/1538
f 1586/337 1269/1757 1140/1550
f 1562/1041 1268/1842 964/1553
f 1610/1039 1091/1555 1268/1842
f 1406/1820 1609/1019 1263/1561
f 1693/1017 1262/1571 1407/1565
f 1695/1014 951/1408 1408/1569
f 1697/1002 1259/1810 1409/1575
f 1410/1818 1606/1001 1258/1581
f 1701/998 947/1425 1411/1586
f 1412/1609 1494/1364 1702/882
f 1237/1610 1704/881 1413/1616
f 1236/1745 1706/876 1414/1620
f 1157/1645 1708/875 1415/1626
f 1233/1623 1710/872 1416/1631
f 1232/1741 1712/869 1417/1636
f 1418/1642 1557/864 1714/866
f 1229/1639 1716/863 1419/1646
f 1228/1651 1718/860 1420/1652
f 1103/1737 1744/625 1433/1738
f 981/1649 1746/622 1434/1742
f 980/1371 1748/621 1435/1746
f 1436/1752 1583/488 1123/1419
f 1753/468 1127/1402 1437/1754
f 1611/453 915/1615 1269/1757
f 1613/433 1141/1385 1283/1759
f 1615/430 1143/1377 1285/1760
f 1755/425 896/1345 1441/1762
f 1442/1766 1582/412 1122/1765
f 1759/405 907/1446 1443/1768
f 1761/399 1126/1488 1444/1772
f 1625/370 1142/1438 1311/1777
f 1627/338 1140/1550 1319/1778
f 1629/334 897/1475 1321/1779
f 1445/1782 1450/252 841/1682
f 1765/249 862/1533 1446/1784
f 1635/191 858/1630 1345/1790
f 1637/185 863/1563 1347/1791
f 1056/1843 1766/109 1448/1794
f 637/1 26/69 7/2
f 1111/4 150/1133 317/5
f 73/7 71/129 68/8
f 366/10 78/553 280/11
f 109/13 106/1844 107/14
f 220/16 221/306 215/17
f 639/19 60/413 283/20
f 1183/22 374/1845 141/23
f 70/25 72/1846 67/26
f 121/28 120/235 116/29
f 88/31 89/146 87/32
f 105/34 104/195 526/35
f 306/37 107/219 106/38
f 835/40 12/49 8/41
f 1181/43 382/698 139/44
f 28/54 19/61 233/55
f 352/63 25/75 10/64
f 240/71 22/737 12/49
f 454/76 24/52 16/51
f 1092/78 1057/1800 1576/79
f 1577/81 1072/1524 1068/82
f 754/89 424/665 325/472
f 325/472 140/87 754/89
f 931/90 245/1376 254/91
f 252/93 256/844 902/94
f 1058/96 54/125 1096/97
f 510/99 35/1711 839/100
f 984/102 1037/539 144/103
f 615/105 27/693 13/67
f 1575/107 4/1847 859/108
f 922/110 18/1848 14/111
f 371/113 95/143 92/114
f 117/30 115/152 119/115
f 527/116 159/932 332/117
f 930/119 57/1597 275/120
f 242/72 12/49 835/40
f 277/123 276/423 495/124
f 511/126 48/1849 1082/127
f 71/129 70/282 69/130
f 281/131 77/162 89/132
f 616/134 38/1850 848/135
f 135/137 137/250 136/138
f 634/140 161/994 330/141
f 62/143 59/114 283/20
f 583/145 524/320 59/114
f 59/114 62/1831 1081/144
f 89/146 88/31 78/147
f 353/149 24/52 454/76
f 131/151 130/115 126/152
f 505/154 65/1851 875/155
f 113/157 110/702 305/39
f 498/159 21/691 6/47
f 279/161 75/181 77/162
f 58/164 63/316 282/165
f 85/170 81/257 292/171
f 870/175 53/604 268/176
f 968/178 1047/705 148/179
f 460/183 46/1852 1454/184
f 352/63 26/69 637/1
f 516/154 96/1851 1023/155
f 519/187 94/435 93/164
f 535/189 44/1816 1452/190
f 299/166 90/212 556/192
f 373/158 109/13 108/15
f 104/195 103/221 525/196
f 182/197 188/281 189/198
f 105/34 102/1853 103/200
f 1090/201 49/1854 865/202
f 580/204 3/1831 860/205
f 113/157 112/335 111/207
f 103/209 102/1855 528/210
f 372/165 96/415 90/212
f 1052/213 10/64 5/74
f 132/28 130/115 134/139
f 1336/216 1096/97 54/125
f 304/194 108/15 107/217
f 129/219 133/229 131/151
f 84/220 85/170 83/169
f 81/222 85/170 84/220
f 189/198 190/16 184/18
f 168/224 176/270 162/225
f 353/149 23/59 18/227
f 133/229 137/1856 135/137
f 116/219 120/229 118/151
f 1074/230 19/61 15/60
f 218/232 216/592 221/233
f 132/28 133/235 129/29
f 67/26 72/1846 73/7
f 125/215 124/1857 120/235
f 121/28 119/115 123/139
f 118/151 122/137 123/139
f 130/115 131/151 135/137
f 481/236 514/301 168/224
f 645/237 158/1130 530/238
f 954/240 1020/885 17/68
f 528/210 102/1855 105/34
f 383/241 153/1858 890/242
f 1021/247 45/1079 1453/248
f 124/250 125/138 123/139
f 128/30 126/152 130/115
f 1070/251 33/1859 1450/252
f 286/254 80/313 291/255
f 81/257 80/1860 286/258
f 118/151 119/115 115/152
f 644/259 160/888 334/260
f 204/265 209/283 208/266
f 531/268 646/1204 164/269
f 176/270 184/18 185/17
f 168/224 170/285 177/271
f 173/272 175/924 578/273
f 178/266 182/197 183/199
f 196/226 192/225 193/275
f 197/277 199/308 590/278
f 182/197 180/293 186/280
f 174/265 164/269 163/282
f 541/284 202/267 200/285
f 187/287 191/550 189/288
f 177/271 183/199 184/18
f 1065/290 146/438 313/291
f 215/17 211/300 193/275
f 172/267 174/265 179/283
f 206/270 207/271 213/199
f 166/226 162/225 163/275
f 178/266 179/283 180/293
f 136/215 137/1857 133/235
f 211/295 217/1861 216/280
f 213/199 219/198 220/16
f 212/197 218/281 219/198
f 181/295 187/1861 186/280
f 211/295 210/293 209/283
f 194/269 193/282 209/283
f 504/268 508/1204 194/269
f 192/225 206/270 214/18
f 196/226 198/224 206/270
f 648/236 196/226 194/276
f 208/266 212/197 213/199
f 649/297 336/600 156/298
f 521/286 647/284 172/267
f 216/280 218/281 212/197
f 198/224 200/285 207/271
f 504/268 204/265 202/267
f 120/229 124/1856 122/137
f 163/275 162/225 185/17
f 521/286 170/285 168/224
f 163/282 181/295 180/293
f 202/267 208/266 207/271
f 635/302 165/916 167/277
f 172/267 178/266 177/271
f 209/283 210/293 212/197
f 173/303 171/549 169/304
f 184/18 190/16 191/306
f 185/17 191/306 187/307
f 199/308 201/903 594/309
f 211/300 215/17 221/306
f 375/310 143/1862 885/311
f 84/173 76/172 291/255
f 407/315 294/526 515/19
f 94/316 372/165 299/166
f 23/59 353/149 718/150
f 721/318 245/1376 931/90
f 456/320 298/339 297/321
f 20/323 24/52 353/149
f 970/177 268/176 51/324
f 955/326 402/499 232/327
f 74/167 279/161 290/163
f 725/329 266/1375 1041/330
f 709/332 264/1819 1458/333
f 113/157 373/158 304/194
f 704/336 408/1042 1586/337
f 500/341 501/187 285/339
f 285/339 284/371 1050/340
f 379/344 401/347 1128/345
f 401/347 322/1398 879/348
f 726/351 416/1192 1150/352
f 694/359 405/1142 1134/360
f 517/969 455/363 1054/362
f 455/363 295/1073 296/364
f 1312/365 957/970 404/366
f 710/368 410/1187 1588/369
f 480/371 263/1243 1135/372
f 297/321 407/315 701/21
f 351/374 409/436 707/375
f 268/376 269/573 599/377
f 720/382 414/396 329/383
f 693/385 261/1397 919/386
f 301/388 303/1227 548/389
f 1305/391 576/1136 49/392
f 381/394 151/478 631/395
f 645/237 388/495 414/396
f 949/397 400/1490 1584/398
f 625/400 364/1277 1151/401
f 948/403 262/1182 1459/404
f 413/406 241/1268 606/407
f 350/409 413/406 717/408
f 1757/410 945/1767 399/411
f 368/113 283/20 60/413
f 367/166 282/165 65/415
f 61/212 65/1851 505/154
f 969/416 1064/707 316/417
f 614/317 350/409 234/419
f 373/158 305/39 106/38
f 278/421 50/983 607/422
f 25/75 352/63 708/186
f 1755/425 944/1763 230/426
f 280/11 78/553 88/31
f 623/428 362/1265 1589/429
f 621/431 360/1258 1587/432
f 90/212 96/1851 516/154
f 519/187 640/341 1110/434
f 409/436 239/1260 453/437
f 1065/290 968/178 315/180
f 1440/439 1043/107 270/440
f 281/131 398/256 290/163
f 398/256 291/255 76/172
f 302/442 301/1253 544/443
f 93/164 299/166 702/193
f 1439/445 960/1396 266/446
f 1438/448 961/1543 406/449
f 703/451 258/1632 1460/452
f 1063/454 969/416 411/418
f 722/456 415/1201 1148/457
f 652/459 376/582 318/246
f 380/356 374/480 653/461
f 503/462 354/1272 1149/463
f 276/423 277/123 729/465
f 1104/466 361/1404 1585/467
f 670/469 397/490 333/470
f 151/475 383/241 1129/243
f 384/460 318/246 553/477
f 139/479 381/394 653/461
f 971/481 412/485 267/482
f 921/484 274/606 412/485
f 1751/486 1100/1753 349/487
f 633/489 387/966 397/490
f 548/389 303/1227 300/492
f 954/240 233/55 19/61
f 794/494 634/140 388/495
f 1254/497 956/1232 276/423
f 955/326 1098/1282 346/498
f 79/133 286/254 398/256
f 1099/500 347/601 226/501
f 374/480 380/356 642/355
f 147/505 376/582 652/459
f 1252/506 1045/646 273/507
f 148/515 317/588 651/516
f 112/335 304/194 306/218
f 513/969 550/363 877/362
f 550/363 287/1073 288/364
f 719/142 330/141 157/517
f 52/519 278/421 729/465
f 417/520 224/1334 899/521
f 298/339 456/320 370/371
f 456/320 629/145 1108/523
f 442/301 342/566 343/525
f 369/526 287/1073 550/363
f 791/528 686/989 403/529
f 1251/531 489/965 271/532
f 385/514 386/538 643/534
f 636/274 390/572 339/525
f 1249/535 666/958 396/536
f 651/516 317/588 386/538
f 940/292 313/291 144/103
f 502/188 289/321 285/339
f 685/543 328/902 561/544
f 1247/546 657/948 393/547
f 141/23 375/310 1115/312
f 294/526 295/1073 455/363
f 201/549 199/304 195/305
f 366/10 286/258 79/552
f 578/273 635/939 389/554
f 391/556 342/566 442/301
f 669/261 334/260 155/557
f 1245/559 665/938 251/560
f 53/562 275/574 660/563
f 561/544 328/902 392/564
f 573/278 575/309 339/525
f 913/567 308/1333 394/568
f 602/273 345/555 344/572
f 269/573 268/376 660/563
f 650/565 392/564 335/575
f 941/577 395/599 312/578
f 1019/328 232/327 231/580
f 602/273 585/939 341/554
f 376/582 145/1225 474/244
f 1243/583 656/922 270/584
f 638/279 391/556 341/586
f 275/574 57/1597 486/587
f 646/296 389/586 337/556
f 317/588 150/793 632/589
f 1114/569 394/568 310/590
f 390/572 340/555 531/268
f 1063/454 314/455 395/599
f 598/274 344/572 343/525
f 573/278 338/566 337/556
f 530/238 158/1130 336/600
f 347/601 417/520 1152/522
f 923/603 11/48 242/72
f 978/121 275/120 53/604
f 979/605 418/608 274/606
f 882/607 365/652 418/608
f 734/118 332/117 154/609
f 735/611 419/615 331/612
f 559/614 327/949 419/615
f 97/414 371/113 293/20
f 844/616 346/498 222/617
f 1470/619 259/1369 910/620
f 1746/622 1471/1647 420/623
f 1744/625 1581/1863 359/626
f 499/424 351/374 236/628
f 1069/630 984/102 311/104
f 1061/632 985/635 421/633
f 985/635 1062/579 312/578
f 742/636 228/1357 916/637
f 743/639 422/849 1162/640
f 612/642 348/1299 1163/643
f 988/645 273/507 1045/646
f 989/648 423/1356 1166/649
f 1430/651 1106/1280 365/652
f 257/654 36/838 857/655
f 42/658 257/654 1169/657
f 994/660 255/664 40/661
f 848/135 38/1850 255/664
f 643/534 754/89 326/88
f 632/589 755/666 424/665
f 755/666 321/792 152/510
f 152/510 325/472 755/666
f 1206/670 997/777 425/671
f 1204/673 872/1730 357/674
f 1592/676 1174/1727 1027/677
f 1175/679 1174/1727 1592/676
f 1570/680 1017/1429 1000/681
f 1177/682 1025/1583 1571/683
f 246/684 1178/1340 1739/685
f 1015/686 1003/1701 1473/687
f 606/407 241/1268 235/689
f 240/71 242/72 11/48
f 26/69 352/63 223/65
f 238/56 233/55 17/68
f 1180/694 426/697 324/695
f 879/348 322/1398 426/697
f 890/242 153/1858 382/698
f 899/521 224/1334 225/699
f 111/701 306/37 305/39
f 300/492 302/442 444/444
f 427/703 308/1333 913/567
f 324/695 427/703 1182/704
f 139/44 374/1845 1183/22
f 770/21 283/20 59/114
f 771/193 428/315 289/321
f 628/192 369/526 428/315
f 429/12 280/11 75/181
f 292/171 429/12 279/161
f 81/257 366/10 429/12
f 1008/6 317/5 148/179
f 1009/706 430/708 316/417
f 1009/706 1109/1010 379/344
f 453/437 239/1260 237/709
f 28/54 453/437 450/710
f 1185/711 933/476 630/712
f 1185/711 773/713 551/714
f 1184/716 772/1332 494/717
f 61/212 628/192 771/193
f 367/166 771/193 502/188
f 428/315 770/21 507/322
f 557/719 769/1331 1007/720
f 451/722 768/725 1006/723
f 768/725 595/1720 1089/726
f 543/493 444/444 99/727
f 1075/729 572/967 574/80
f 1066/731 555/1721 767/732
f 1055/734 522/1722 766/735
f 1004/736 766/735 451/722
f 22/737 606/407 542/690
f 1186/738 1179/1706 1497/739
f 765/740 1187/1713 1736/741
f 839/742 1188/1709 1498/743
f 763/745 1189/749 1734/746
f 1595/748 1190/1703 1189/749
f 764/750 1002/1335 1732/751
f 1192/753 849/1698 1547/754
f 462/755 1193/1696 1730/756
f 1001/747 1194/1692 1500/757
f 1597/758 1195/1685 1176/759
f 1196/761 1195/1685 1597/758
f 1546/762 841/1682 1197/763
f 1198/765 998/1667 1568/766
f 760/767 1199/1678 1724/768
f 999/769 1200/1676 1502/770
f 1599/772 1201/1671 851/773
f 1202/775 1201/1671 1599/772
f 1568/766 998/1667 1203/776
f 997/777 1204/673 759/675
f 1173/778 1205/781 774/779
f 1205/781 1048/1663 496/782
f 904/783 1206/670 758/672
f 1080/785 1207/788 775/786
f 1207/788 1173/778 757/780
f 469/669 756/86 996/790
f 321/792 755/666 632/589
f 386/538 424/665 754/89
f 1024/794 461/1731 753/795
f 995/796 753/795 752/797
f 1170/798 752/797 471/799
f 469/801 751/805 993/802
f 1168/804 993/802 751/805
f 750/806 472/837 1033/807
f 1210/808 749/1354 991/809
f 1428/811 1211/1658 776/812
f 930/119 626/1732 1213/814
f 1214/816 748/1656 990/817
f 1215/819 777/1657 1216/820
f 1165/822 747/1659 1217/823
f 1218/825 492/975 869/826
f 1219/828 778/1655 1220/829
f 1164/831 746/1355 1221/832
f 779/834 745/1298 987/835
f 472/837 779/834 1222/836
f 36/838 612/642 1223/644
f 780/839 744/848 986/840
f 579/842 780/839 1224/841
f 256/844 743/639 1225/641
f 781/845 601/1733 1092/846
f 744/848 781/845 1226/847
f 422/849 742/636 1227/638
f 886/850 547/928 741/851
f 885/853 1161/852 741/851
f 893/855 1160/1294 740/856
f 25/75 499/424 538/629
f 1504/858 739/1734 983/859
f 1505/861 782/1637 1230/862
f 1557/864 620/1864 1231/865
f 1506/867 738/1739 982/868
f 1507/870 783/1621 1234/871
f 1495/873 737/1643 1235/874
f 1706/876 1508/1743 591/877
f 1509/879 784/1607 1238/880
f 1702/882 1494/1364 736/883
f 1020/885 446/1228 592/886
f 160/888 559/614 735/611
f 334/889 735/611 564/613
f 419/615 734/118 437/610
f 1058/96 536/1747 733/891
f 1097/893 1155/892 733/891
f 1154/895 732/1281 493/896
f 1099/500 611/1748 731/898
f 1052/213 509/1749 730/900
f 328/902 530/238 649/297
f 169/308 573/278 570/279
f 203/272 598/274 594/309
f 1117/904 887/1035 549/905
f 172/267 647/284 531/268
f 1241/907 471/909 668/597
f 856/910 40/661 355/911
f 938/913 661/931 560/914
f 164/276 646/296 481/236
f 197/277 638/279 585/302
f 1242/917 785/921 488/918
f 936/920 658/944 785/921
f 1112/548 393/547 656/922
f 195/923 585/939 602/273
f 843/925 443/1193 441/926
f 1117/904 664/906 547/928
f 332/929 650/565 512/576
f 205/924 602/273 598/274
f 1089/726 595/1720 661/931
f 169/308 171/903 575/309
f 159/932 561/544 650/565
f 1244/933 786/937 567/934
f 942/936 667/954 786/937
f 1118/537 396/536 665/938
f 397/490 669/261 520/558
f 648/236 442/301 198/224
f 175/924 165/923 635/939
f 545/940 662/1750 939/941
f 1246/943 787/946 658/944
f 929/945 624/1596 787/946
f 1105/947 363/1591 657/948
f 788/545 561/544 159/932
f 687/530 788/545 527/116
f 403/529 685/543 788/545
f 58/164 502/188 501/187
f 1116/950 663/1205 478/951
f 1248/953 789/956 667/954
f 1077/955 577/1592 789/956
f 901/957 254/1605 666/958
f 171/903 173/272 636/274
f 1250/959 790/963 659/960
f 873/962 497/1590 790/963
f 1049/964 56/1457 489/965
f 791/528 687/530 327/949
f 644/259 791/528 559/614
f 387/966 686/989 791/528
f 442/301 540/286 200/285
f 456/320 92/114 629/145
f 92/114 95/1831 932/144
f 976/901 730/900 572/967
f 414/396 719/142 562/518
f 64/1834 60/413 1053/968
f 60/413 550/363 513/969
f 380/356 631/395 554/509
f 318/246 320/350 554/509
f 957/970 1252/506 692/508
f 1133/971 1253/974 792/972
f 1253/974 869/826 492/975
f 375/358 654/357 529/349
f 923/603 611/1748 434/977
f 1131/979 922/110 610/980
f 864/982 1254/497 607/422
f 1040/984 1255/987 793/985
f 1255/987 1132/1233 689/988
f 686/989 794/494 688/496
f 387/966 633/489 794/494
f 633/489 161/994 634/140
f 1130/990 683/1229 571/991
f 548/389 543/493 101/728
f 161/994 633/489 670/469
f 1256/996 674/1427 1559/997
f 1699/999 1257/1585 795/1000
f 1697/1002 924/1579 613/1003
f 1097/893 609/894 716/1005
f 1147/1006 716/1005 589/1007
f 630/712 682/1226 953/1009
f 330/995 670/469 565/471
f 1260/1012 678/1410 1561/1013
f 1261/1015 796/1572 1608/1016
f 928/1018 622/1756 1609/1019
f 797/1021 724/1271 973/1022
f 464/1024 797/1021 1264/1023
f 37/1026 503/462 1265/464
f 798/1028 723/1200 972/1029
f 558/1031 798/1028 1266/1030
f 248/1033 722/456 1267/458
f 887/1035 1145/1095 714/1036
f 799/1037 600/1612 1484/1038
f 705/1040 799/1037 1610/1039
f 408/1042 703/451 1611/453
f 1270/1043 699/1545 962/1044
f 1271/1046 800/1546 1272/1047
f 1137/1049 698/1541 1273/1050
f 1274/1052 586/1758 1082/1053
f 1275/1055 801/1544 1276/1056
f 1400/1058 1136/1395 697/1059
f 518/188 702/193 407/315
f 444/444 544/443 98/983
f 1278/1061 700/1394 963/1062
f 1279/1064 802/1539 1280/1065
f 867/1067 488/923 1281/1068
f 889/1070 1144/1266 713/1071
f 707/375 453/437 28/54
f 519/187 298/339 640/341
f 298/339 370/371 934/340
f 556/192 516/154 295/1073
f 803/1074 706/1257 1563/1075
f 479/1077 803/1074 1612/1076
f 45/1079 621/431 1613/433
f 804/1080 712/1264 1565/1081
f 620/1083 804/1080 1614/1082
f 47/58 623/428 1615/430
f 1689/1086 1286/1525 568/1087
f 1687/1089 1287/1522 805/1090
f 1120/1092 671/1838 1617/1093
f 499/424 708/186 409/436
f 23/59 614/317 445/420
f 1145/1095 888/715 551/714
f 628/192 505/154 287/1073
f 1290/1096 673/1808 1558/1097
f 1681/1099 1291/1508 806/1100
f 1679/1102 1121/1502 672/1103
f 289/321 507/322 524/320
f 498/159 717/408 240/71
f 717/408 606/407 22/737
f 1294/1105 587/1181 1483/1106
f 1295/1108 807/1498 1620/1109
f 1124/1111 675/1771 1621/1112
f 808/1114 728/1276 975/1115
f 593/1117 808/1114 1298/1116
f 55/1119 625/400 1299/402
f 1300/1121 677/1494 1560/1122
f 1301/1124 809/1484 1622/1125
f 1125/1127 676/1775 1623/1128
f 158/1130 645/237 720/382
f 1304/1132 810/1135 597/1133
f 937/961 659/960 810/1135
f 1113/533 271/532 576/1136
f 544/390 548/389 100/993
f 811/1137 605/1776 1095/1138
f 695/1140 811/1137 1306/1139
f 405/1142 693/385 1307/387
f 336/1131 720/382 452/384
f 615/105 707/375 238/56
f 457/322 701/21 293/20
f 812/1144 696/1242 959/1145
f 475/1147 812/1144 1308/1146
f 4/1149 480/371 1309/373
f 813/1151 711/1186 1564/1152
f 532/1154 813/1151 1624/1153
f 359/1156 710/368 1625/370
f 917/1158 1312/365 691/367
f 1093/1160 1313/1163 814/1161
f 1313/1163 1133/971 690/973
f 97/1834 91/413 878/968
f 91/413 455/363 517/969
f 815/1164 695/1140 958/1141
f 591/1166 815/1164 1314/1165
f 259/1168 694/359 1315/361
f 320/350 654/357 655/354
f 141/503 642/355 655/354
f 816/1170 727/1191 974/1171
f 491/1173 816/1170 1316/1172
f 272/1175 726/351 1317/353
f 319/342 143/976 529/349
f 681/1177 522/1722 1055/734
f 641/1179 681/1177 952/1178
f 679/245 680/343 320/350
f 501/187 500/341 874/434
f 1626/1180 817/1806 705/1040
f 587/1181 817/1806 1626/1180
f 262/1182 704/336 1627/338
f 1628/1183 818/1805 569/1184
f 711/1186 818/1805 1628/1183
f 410/1187 709/332 1629/334
f 819/1188 484/1780 865/1189
f 727/1191 819/1188 1322/1190
f 416/1192 725/329 1323/331
f 843/925 1131/979 684/981
f 1146/1194 715/1267 485/1195
f 820/1197 627/1781 1107/1198
f 723/1200 820/1197 1324/1199
f 415/1201 721/318 1325/319
f 614/317 718/150 413/406
f 701/21 515/19 91/413
f 939/941 662/1750 546/1202
f 590/278 594/309 343/525
f 389/586 635/302 570/279
f 339/525 521/286 514/301
f 345/555 504/268 541/284
f 339/525 390/572 647/284
f 392/564 649/297 566/299
f 391/556 648/236 508/296
f 345/555 341/554 508/1204
f 1116/950 889/1070 552/1072
f 343/525 344/572 541/284
f 638/279 590/278 342/566
f 636/274 578/273 340/555
f 389/554 646/1204 531/268
f 1327/1206 668/597 468/263
f 1119/912 355/911 41/1207
f 387/966 644/259 669/261
f 1665/1209 1328/1430 440/764
f 1663/1211 1329/1841 821/1212
f 1661/1214 894/1421 563/1215
f 1332/1217 479/1077 1477/1078
f 1333/1219 822/1415 1632/1220
f 845/1222 448/1786 1633/1223
f 145/1225 319/342 679/245
f 682/1226 555/1721 1066/731
f 303/1227 528/210 523/36
f 1130/990 844/616 446/1228
f 823/239 530/238 328/902
f 403/529 688/496 823/239
f 688/496 388/495 645/237
f 338/566 514/301 481/236
f 898/992 571/991 581/1230
f 956/1232 1336/216 495/124
f 1132/1233 1337/1235 824/1234
f 1337/1235 920/1301 608/1236
f 876/602 509/1749 604/1237
f 525/211 528/210 303/1227
f 825/1239 477/1787 1036/1240
f 696/1242 825/1239 1338/1241
f 263/1243 580/204 1339/206
f 1340/1244 484/1788 1041/1245
f 1377/1247 1341/1393 826/1248
f 914/1250 597/1789 1343/1251
f 526/35 525/196 301/1253
f 702/193 556/192 294/526
f 827/1254 473/1628 1476/1255
f 706/1257 827/1254 1634/1256
f 360/1258 535/189 1635/191
f 298/339 519/187 518/188
f 296/364 295/1073 847/1259
f 295/1073 516/154 458/156
f 708/186 637/1 239/1260
f 828/1261 482/1803 1478/1262
f 712/1264 828/1261 1636/1263
f 362/1265 460/183 1637/185
f 1144/1266 871/718 494/717
f 1046/897 493/896 715/1267
f 350/409 498/159 537/160
f 288/364 287/1073 1051/1259
f 287/1073 505/154 506/156
f 718/150 454/76 241/1268
f 284/371 285/339 524/320
f 524/320 583/145 905/523
f 388/495 634/140 719/142
f 829/1269 461/1731 1024/794
f 724/1271 829/1269 1348/1270
f 354/1272 616/134 1349/136
f 830/1273 586/1792 906/1274
f 728/1276 830/1273 1350/1275
f 364/1277 511/126 1351/128
f 977/899 731/898 432/1278
f 1106/1280 626/1732 732/1281
f 327/949 527/116 734/118
f 1098/1282 610/980 431/1283
f 1652/1285 1542/1793 475/1286
f 1543/1288 831/1358 1354/1289
f 1551/1291 532/1802 1355/1292
f 351/374 615/105 449/106
f 1160/1294 861/952 478/951
f 832/1295 438/1798 1015/1296
f 745/1298 832/1295 1356/1297
f 348/1299 510/99 1357/101
f 1358/1300 608/1236 920/1301
f 1359/1303 833/1353 1360/1304
f 882/607 536/1747 1361/1306
f 582/1308 579/842 1078/843
f 1107/1198 627/1781 577/1310
f 756/86 618/1314 925/1315
f 1640/1316 1364/1347 892/1317
f 1365/1319 1364/1347 1640/1316
f 1553/1320 896/1345 1366/1321
f 1367/1322 881/1342 1552/1323
f 534/1324 1368/1339 1643/1325
f 916/1326 1369/1337 1545/1327
f 241/1268 454/76 447/77
f 1005/733 767/732 557/719
f 1011/1279 432/1278 433/1329
f 523/36 526/35 302/442
f 769/1331 545/940 1060/942
f 369/526 639/19 770/21
f 1184/716 935/346 641/1179
f 239/1260 637/1 533/3
f 430/708 379/344 935/346
f 1007/720 1060/942 308/1333
f 224/1334 1011/1279 1012/1330
f 426/697 1005/733 1067/721
f 1002/1335 764/750 1641/1336
f 1369/1337 916/1326 1642/1338
f 228/688 1002/1335 1642/1338
f 1367/1322 1369/1337 1641/1336
f 1643/1325 1368/1339 1369/1337
f 1368/1339 601/1328 1545/1327
f 1178/1340 246/684 1456/1341
f 881/1342 1367/1322 1644/1343
f 764/750 1178/1340 1644/1343
f 1645/1344 999/769 761/771
f 896/1345 999/769 1645/1344
f 1457/427 230/426 999/769
f 1366/1321 761/771 1544/1346
f 1364/1347 1365/1319 1646/1348
f 568/1087 1366/1321 1646/1348
f 1647/1349 1175/679 248/678
f 1364/1347 1175/679 1647/1349
f 1544/1346 761/771 1175/679
f 996/790 925/1315 43/1350
f 759/675 357/674 1101/1313
f 1362/85 1363/1312 618/1314
f 1370/1307 1361/1306 833/1353
f 749/1354 1167/653 1370/1307
f 365/652 882/607 1370/1307
f 1371/1305 1360/1304 746/1355
f 991/809 1371/1305 1164/831
f 749/1354 1359/1303 1371/1305
f 1372/1302 920/1301 273/507
f 1360/1304 1372/1302 988/645
f 833/1353 1358/1300 1372/1302
f 1163/643 1357/101 832/1295
f 987/835 1356/1297 742/636
f 1356/1297 1015/1296 228/1357
f 421/633 312/578 861/952
f 1648/1293 1355/1292 831/1358
f 1649/1359 1373/1363 1353/1360
f 1455/1362 880/1789 1373/1363
f 1494/1364 1650/1290 1354/1289
f 1590/1365 1651/1368 1374/1366
f 1651/1368 1639/1361 1353/1360
f 1652/1285 1035/1287 259/1369
f 1653/1370 1375/1374 980/1371
f 1638/1373 1352/1795 1375/1374
f 346/498 1098/1282 1010/1284
f 365/652 1106/1280 1154/895
f 977/899 1011/1279 224/1334
f 1151/401 1351/128 830/1273
f 975/1115 1350/1275 725/329
f 1350/1275 906/1274 266/1375
f 1149/463 1349/136 829/1269
f 973/1022 1348/1270 721/318
f 1348/1270 1024/794 245/1376
f 274/606 1046/897 1146/1194
f 411/418 316/417 871/718
f 1143/1377 1347/1791 1541/1378
f 967/1380 1346/1383 1540/1381
f 1346/1383 1039/1568 1574/1384
f 1141/1385 1345/1790 1539/1386
f 965/1388 1344/1391 1538/1389
f 1344/1391 1034/1634 1572/1392
f 1341/1393 1376/1252 1343/1251
f 1139/441 1376/1252 1341/1393
f 1139/441 270/440 914/1250
f 1377/1247 1342/1249 697/1059
f 963/1062 1377/1247 1136/1395
f 700/1394 1341/1393 1377/1247
f 960/1396 1378/1246 1041/1245
f 1342/1249 1378/1246 960/1396
f 826/1248 1340/1244 1378/1246
f 1135/372 1339/206 825/1239
f 959/1145 1338/1241 693/385
f 1338/1241 1036/1240 261/1397
f 347/601 876/602 918/1238
f 692/508 273/507 920/1301
f 404/366 692/508 1337/1235
f 689/988 824/1234 1336/216
f 232/327 898/992 903/1231
f 402/499 346/498 844/616
f 953/1009 1066/731 322/1398
f 1379/1399 1335/1804 1537/1400
f 1127/1402 1379/1399 1654/1401
f 361/1404 845/1222 1655/1224
f 1380/1405 1334/1414 1536/1406
f 951/1408 1380/1405 1656/1407
f 678/1410 1333/1219 1657/1221
f 1381/1411 1038/1536 1573/1412
f 1334/1414 1381/1411 1658/1413
f 822/1415 1332/1217 1659/1218
f 1660/1416 1382/1840 1331/1417
f 1123/1419 1382/1840 1660/1416
f 1583/488 349/487 894/1421
f 1662/1422 1383/1839 1330/1423
f 947/1425 1383/1839 1662/1422
f 674/1427 1329/1841 1663/1211
f 1664/1428 1384/1837 1017/1429
f 1330/1423 1384/1837 1664/1428
f 1630/1213 821/1212 1328/1430
f 668/597 1119/912 853/1208
f 396/536 943/598 1327/1206
f 395/599 314/455 889/1070
f 394/568 939/941 1061/1203
f 1148/457 1325/319 820/1197
f 972/1029 1324/1199 459/1431
f 1324/1199 1107/1198 30/1352
f 412/485 1146/1194 1042/1196
f 243/1433 1131/979 843/925
f 1150/352 1323/331 819/1188
f 974/1171 1322/1190 576/1435
f 1322/1190 865/1189 49/1437
f 1142/1438 1321/1779 1533/1439
f 966/1441 1320/1444 1532/1442
f 1320/1444 1073/1830 1578/1445
f 907/1446 1319/1778 1531/1447
f 1083/1449 1318/1452 1530/1450
f 1318/1452 964/1553 1466/1453
f 1111/4 952/1178 321/1454
f 952/1178 1055/734 152/1455
f 1044/1176 1317/353 816/1170
f 868/1174 1316/1172 489/1456
f 1316/1172 974/1171 271/1436
f 910/1169 1315/361 815/1164
f 1086/1167 1314/1165 584/1458
f 1314/1165 958/1141 260/1460
f 511/1461 364/1589 1133/971
f 48/1462 511/1461 1313/1163
f 603/1162 814/1161 1312/365
f 880/1463 1311/1777 1529/1464
f 1056/1466 1310/1469 1528/1467
f 1310/1469 966/1441 1468/1443
f 859/1150 1309/373 812/1144
f 1035/1148 1308/1146 694/359
f 1308/1146 959/1145 405/1142
f 1134/360 1307/387 811/1137
f 958/1141 1306/1139 476/1470
f 1306/1139 1095/1138 2/1471
f 659/960 1113/533 1305/391
f 393/547 937/961 1304/1132
f 656/922 1304/1132 914/1134
f 1385/1472 1303/1774 1527/1473
f 897/1475 1385/1472 1666/1474
f 1458/333 264/1819 1125/1127
f 1668/1477 1386/1480 1302/1478
f 1578/1445 1073/1830 1386/1480
f 569/1184 1301/1124 1669/1126
f 1670/1481 1387/1829 950/1482
f 1302/1478 1387/1829 1670/1481
f 809/1484 1300/1121 1671/1123
f 1088/1120 1299/402 808/1114
f 912/1118 1298/1116 726/351
f 1298/1116 975/1115 416/1192
f 1388/1485 1297/1770 1525/1486
f 1126/1488 1388/1485 1672/1487
f 400/1490 1124/1111 1673/1113
f 1389/1491 1296/1497 1524/1492
f 1464/1483 950/1482 1389/1491
f 677/1494 1295/1108 1675/1110
f 1390/1495 1083/1449 1579/1451
f 1296/1497 1390/1495 1676/1496
f 807/1498 1294/1105 1677/1107
f 1391/1499 1293/1807 1523/1500
f 881/1342 1391/1499 1678/1501
f 1456/1341 246/684 1121/1502
f 1680/1503 1392/1506 1292/1504
f 1576/79 1057/1800 1392/1506
f 1480/1507 534/1324 1291/1508
f 1682/1509 1393/1512 946/1510
f 1522/1505 1292/1504 1393/1512
f 806/1100 1290/1096 1683/1098
f 377/1513 149/1719 888/715
f 1394/1514 1289/1809 1521/1515
f 1486/1517 1122/1765 1394/1514
f 399/411 1120/1092 1685/1094
f 1686/1518 1395/1521 1288/1519
f 1462/1511 946/1510 1395/1521
f 1558/1097 673/1808 1287/1522
f 1688/1523 1396/1823 1072/1524
f 1288/1519 1396/1823 1688/1523
f 1616/1091 805/1090 1286/1525
f 927/1526 1285/1760 1519/1527
f 1103/1529 1284/1532 1518/1530
f 1284/1532 967/1380 1469/1382
f 862/1533 1283/1759 1517/1534
f 1038/1536 1282/1538 1516/1537
f 1282/1538 965/1388 1467/1390
f 314/455 411/418 1144/1266
f 1397/1069 1281/1068 802/1539
f 866/1540 1397/1069 1279/1064
f 51/130 867/1067 1397/1069
f 1398/1066 1280/1065 698/1541
f 1042/1542 1398/1066 1137/1049
f 485/26 1279/1064 1398/1066
f 961/1543 1399/1063 963/1062
f 1280/1065 1399/1063 961/1543
f 802/1539 1278/1061 1399/1063
f 1275/1055 1400/1058 1277/1060
f 1138/450 1400/1058 1275/1055
f 1138/450 406/449 1136/1395
f 1401/1057 1276/1056 603/1162
f 962/1044 1401/1057 917/1158
f 699/1545 1275/1055 1401/1057
f 1402/1054 1082/1053 48/1462
f 1276/1056 1402/1054 1093/1160
f 801/1544 1274/1052 1402/1054
f 1403/1051 1273/1050 800/1546
f 909/1547 1403/1051 1271/1046
f 267/133 1137/1049 1403/1051
f 1404/1048 1272/1047 483/986
f 1085/1549 1404/1048 864/982
f 589/1548 1271/1046 1404/1048
f 1040/984 1405/1045 962/1044
f 1272/1047 1405/1045 1040/984
f 800/1546 1270/1043 1405/1045
f 1140/1550 1269/1757 1515/1551
f 964/1553 1268/1842 1514/1554
f 1514/1554 1268/1842 1091/1555
f 147/1557 377/1513 1145/1095
f 892/1034 1267/458 798/1028
f 1068/1032 1266/1030 487/1558
f 1266/1030 972/1029 244/1432
f 851/1027 1265/464 797/1021
f 1027/1025 1264/1023 722/456
f 1264/1023 973/1022 415/1201
f 1690/1560 1406/1820 1263/1561
f 863/1563 1406/1820 1690/1560
f 1454/184 46/1852 928/1018
f 1407/1565 1262/1571 1512/1566
f 1039/1568 1407/1565 1692/1567
f 1478/1262 482/1803 1261/1015
f 1408/1569 951/1408 1465/1409
f 1262/1571 1408/1569 1694/1570
f 796/1572 1260/1012 1695/1014
f 379/344 1109/1010 953/1009
f 278/1573 1147/1006 1085/1008
f 52/1574 1097/893 1147/1006
f 1409/1575 1259/1810 1511/1576
f 1547/754 849/1698 1409/1575
f 1451/1578 34/1865 924/1579
f 1698/1580 1410/1818 1258/1581
f 1025/1583 1410/1818 1698/1580
f 1475/1584 462/755 1257/1585
f 1411/1586 947/1425 1463/1426
f 1510/1582 1258/1581 1411/1586
f 1606/1001 795/1000 1256/996
f 402/499 1130/990 898/992
f 691/367 404/366 1132/1233
f 265/1159 691/367 1255/987
f 483/986 793/985 1254/497
f 243/1433 18/1848 922/110
f 11/48 923/603 837/978
f 625/1588 55/1119 869/826
f 364/1589 625/1588 1253/974
f 690/973 792/972 1252/506
f 976/901 1075/729 9/692
f 497/1590 1049/964 1251/531
f 363/1591 873/962 1250/959
f 657/948 1250/959 937/961
f 577/1592 901/957 1249/535
f 30/1593 1077/955 1248/953
f 467/1594 1248/953 942/936
f 395/599 1116/950 861/952
f 624/1596 1105/947 1247/546
f 57/1597 929/945 1246/943
f 486/587 1246/943 936/920
f 308/1333 1060/942 939/941
f 667/954 1118/537 1245/559
f 250/1595 942/936 1244/933
f 466/1598 1244/933 1071/935
f 140/1600 1089/726 938/913
f 376/1602 1117/904 886/850
f 20/1434 843/925 842/927
f 658/944 1112/548 1243/583
f 269/573 936/920 1242/917
f 599/377 1242/917 867/919
f 309/1601 938/913 1069/915
f 471/909 856/910 1119/912
f 254/1605 1032/908 1241/907
f 147/1557 887/1035 1117/904
f 10/64 1052/213 976/901
f 347/601 1099/500 977/899
f 418/608 1154/895 1046/897
f 277/1606 1155/892 1097/893
f 54/125 1058/96 1155/892
f 17/68 1020/885 1087/887
f 1509/879 1702/882 1239/884
f 1605/1608 1703/1611 1412/1609
f 1703/1611 1590/1365 1156/1367
f 1704/881 1238/880 600/1612
f 1705/1614 1413/1616 915/1615
f 1605/1608 1237/1610 1413/1616
f 1706/876 1086/878 1/1617
f 1707/1618 1414/1620 1091/1555
f 1604/1619 1236/1745 1414/1620
f 1708/875 1235/874 783/1621
f 1709/1622 1415/1626 1233/1623
f 1591/1625 1157/1645 1415/1626
f 1548/1627 1710/872 1234/871
f 1711/1629 1416/1631 858/1630
f 1603/1624 1233/1623 1416/1631
f 1572/1392 1712/869 982/868
f 1713/1633 1417/1636 1034/1634
f 1602/1635 1232/1741 1417/1636
f 1714/866 1231/865 782/1637
f 1715/1638 1418/1642 1229/1639
f 1715/1638 1461/1813 927/1641
f 1716/863 1230/862 737/1643
f 1717/1644 1419/1646 1157/1645
f 1601/1640 1229/1639 1419/1646
f 1471/1647 1718/860 983/859
f 1719/1648 1420/1652 981/1649
f 1719/1648 1600/1736 1228/1651
f 310/634 421/633 1160/1294
f 319/1653 1161/852 885/853
f 319/1653 145/1603 886/850
f 1162/640 1227/638 781/845
f 986/840 1226/847 596/1330
f 1226/847 1092/846 31/699
f 902/94 1225/641 780/839
f 1078/843 1224/841 436/42
f 1224/841 986/840 227/1329
f 857/655 1223/644 779/834
f 1033/807 1222/836 743/639
f 1222/836 987/835 422/849
f 1421/833 1221/832 778/1655
f 748/1656 1166/649 1421/833
f 423/1356 1164/831 1421/833
f 1422/830 1220/829 593/1117
f 990/817 1422/830 912/1118
f 748/1656 1219/828 1422/830
f 1423/827 869/826 55/1119
f 1220/829 1423/827 1088/1120
f 778/1655 1218/825 1423/827
f 1424/824 1217/823 777/1657
f 873/962 1424/824 1215/819
f 363/1591 1165/822 1424/824
f 868/1174 1425/821 1216/820
f 1049/964 1425/821 868/1174
f 1049/964 497/1590 1215/819
f 1426/818 990/817 272/1175
f 491/1173 1216/820 1426/818
f 777/1657 1214/816 1426/818
f 1211/1658 1427/815 1213/814
f 929/945 1427/815 1211/1658
f 57/1597 930/119 1427/815
f 1165/822 1428/811 1212/813
f 363/1591 1105/947 1428/811
f 1105/947 624/1596 1211/1658
f 1429/810 991/809 423/1356
f 1212/813 1429/810 989/648
f 776/812 1210/808 1429/810
f 256/844 252/93 993/802
f 245/1376 995/796 1170/798
f 854/791 996/790 253/1351
f 425/671 1172/84 1209/789
f 1208/668 1209/789 756/86
f 490/1660 356/1664 1173/778
f 32/1661 490/1660 1207/788
f 582/787 775/786 1206/670
f 617/1662 39/53 1048/1663
f 356/1664 617/1662 1205/781
f 757/780 774/779 1204/673
f 1720/1665 1028/1669 465/1666
f 998/1667 1028/1669 1720/1665
f 1472/1668 249/1688 1028/1669
f 1203/776 465/1666 1503/1670
f 1201/1671 1202/775 1721/1672
f 760/767 1203/776 1721/1672
f 1722/1673 852/1674 37/1026
f 1201/1671 852/1674 1722/1673
f 1503/1670 465/1666 852/1674
f 1000/681 762/760 1598/1675
f 1200/1676 999/769 1723/1677
f 230/426 1000/681 1723/1677
f 1198/765 1200/1676 1598/1675
f 1724/768 1199/1678 1200/1676
f 1199/1678 761/771 1502/770
f 1176/759 249/1688 1472/1668
f 998/1667 1198/765 1725/1679
f 762/760 1176/759 1725/1679
f 1726/1680 1031/1683 470/1681
f 841/1682 1031/1683 1726/1680
f 1450/252 33/1859 1031/1683
f 1197/763 470/1681 1501/1684
f 1195/1685 1196/761 1727/1686
f 440/764 1197/763 1727/1686
f 1728/1687 855/1689 249/1688
f 1195/1685 855/1689 1728/1687
f 1501/1684 470/1681 855/1689
f 883/1690 539/1695 1596/1691
f 1194/1692 1001/747 1729/1693
f 247/1694 883/1690 1729/1693
f 1192/753 1194/1692 1596/1691
f 1730/756 1193/1696 1194/1692
f 1193/1696 763/745 1500/757
f 1059/1697 34/1865 1451/1578
f 849/1698 1192/753 1731/1699
f 539/1695 1059/1697 1731/1699
f 1191/752 1003/1701 1569/1700
f 1732/751 1002/1335 1003/1701
f 1002/1335 228/688 1473/687
f 1733/1702 1191/752 765/740
f 1190/1703 1191/752 1733/1702
f 1499/1704 764/750 1191/752
f 1001/747 1179/1706 1593/1705
f 1734/746 1189/749 1179/1706
f 1189/749 765/740 1497/739
f 850/1707 463/1712 1594/1708
f 1188/1709 839/742 1735/1710
f 35/1711 850/1707 1735/1710
f 1186/738 1188/1709 1594/1708
f 1736/741 1187/1713 1188/1709
f 1187/1713 438/744 1498/743
f 1026/1714 247/1694 1593/1705
f 1179/1706 1186/738 1737/1715
f 463/1712 1026/1714 1737/1715
f 323/1716 1004/736 1022/724
f 152/1455 1055/734 1004/736
f 322/1398 1066/731 1005/733
f 9/692 1075/729 1076/730
f 1006/723 1089/726 140/1600
f 1022/724 1006/723 307/585
f 1067/721 1007/720 427/703
f 430/708 1184/716 871/718
f 378/1718 1185/711 888/715
f 151/475 933/476 1185/711
f 773/713 630/712 1109/1010
f 773/713 1009/706 1064/707
f 772/1332 1008/6 1047/705
f 891/45 1183/22 769/1331
f 846/696 1182/704 768/725
f 1182/704 913/567 595/1720
f 572/967 899/521 900/700
f 555/1721 890/242 1181/43
f 522/1722 879/348 1180/694
f 766/735 1180/694 846/696
f 1187/1713 765/740 1569/1700
f 1003/1701 1015/686 1738/1723
f 438/744 1187/1713 1738/1723
f 1177/682 1190/1703 1595/748
f 1739/685 1178/1340 1190/1703
f 1178/1340 764/750 1499/1704
f 1193/1696 462/755 1475/1584
f 1025/1583 1177/682 1740/1724
f 763/745 1193/1696 1740/1724
f 1741/1725 1196/761 762/760
f 1017/1429 1196/761 1741/1725
f 1474/1210 440/764 1196/761
f 1199/1678 760/767 1496/1726
f 1174/1727 1175/679 1742/1728
f 761/771 1199/1678 1742/1728
f 1743/1729 1202/775 464/774
f 1174/1727 1202/775 1743/1729
f 1496/1726 760/767 1202/775
f 774/779 496/782 872/1730
f 775/786 757/780 997/777
f 252/784 758/672 1208/668
f 461/1731 848/135 1171/663
f 753/795 1171/663 994/660
f 752/797 994/660 856/662
f 854/659 1169/657 751/805
f 750/806 751/805 1169/657
f 992/656 857/655 472/837
f 1430/651 1167/653 749/1354
f 1213/814 1430/651 1210/808
f 626/1732 1106/1280 1430/651
f 1214/816 1431/650 1166/649
f 1217/823 1431/650 1214/816
f 747/1659 989/648 1431/650
f 1432/647 1045/646 492/975
f 1221/832 1432/647 1218/825
f 746/1355 988/645 1432/647
f 1223/644 1163/643 745/1298
f 1225/641 1162/640 744/848
f 1227/638 916/637 601/1733
f 741/851 547/928 1062/579
f 546/854 741/851 985/635
f 560/857 740/856 984/102
f 1744/625 1159/627 739/1734
f 1745/1735 1433/1738 1228/1651
f 1745/1735 1485/1811 1103/1737
f 1746/622 1158/624 738/1739
f 1747/1740 1434/1742 1232/1741
f 1567/1650 981/1649 1434/1742
f 1748/621 910/620 591/877
f 1749/1744 1435/1746 1236/1745
f 1566/1372 980/1371 1435/1746
f 446/1228 844/616 911/618
f 536/1747 882/607 979/605
f 609/894 733/891 979/605
f 732/1281 978/121 870/175
f 611/1748 923/603 1153/122
f 876/602 1152/522 730/900
f 664/906 549/905 1063/454
f 1240/596 943/598 396/536
f 661/931 1114/569 893/591
f 785/921 1243/583 1043/585
f 443/1193 1019/328 1018/581
f 664/906 941/577 1062/579
f 595/1720 913/567 1114/569
f 786/937 1245/559 895/561
f 884/24 1115/312 662/1750
f 787/946 1247/546 1112/548
f 663/1205 940/292 1037/539
f 789/956 1249/535 1118/537
f 790/963 1251/531 1113/533
f 730/900 1152/522 899/521
f 792/972 492/975 1045/646
f 611/1748 1099/500 1013/502
f 684/981 610/980 1098/1282
f 793/985 689/988 956/1232
f 683/1229 954/240 1074/230
f 1750/1751 1436/1752 1123/1419
f 1511/1576 1259/1810 1436/1752
f 1607/1004 613/1003 1100/1753
f 609/894 921/484 971/481
f 716/1005 971/481 909/483
f 933/476 1129/243 682/1226
f 1437/1754 1127/1402 1489/1403
f 1263/1561 1437/1754 1752/1755
f 622/1756 1104/466 1753/468
f 1265/464 1149/463 724/1271
f 1267/458 1148/457 723/1200
f 549/905 714/1036 969/416
f 1269/1757 915/1615 1556/1613
f 1438/448 1138/450 699/1545
f 1273/1050 1438/448 1270/1043
f 698/1541 961/1543 1438/448
f 1274/1052 1439/445 906/447
f 801/1544 1277/1060 1439/445
f 1277/1060 697/1059 960/1396
f 1440/439 1139/441 700/1394
f 1281/1068 1440/439 1278/1061
f 488/923 1043/107 1440/439
f 552/1072 713/1071 968/178
f 1283/1759 1141/1385 1491/1387
f 1285/1760 1143/1377 1493/1379
f 1754/1761 1441/1762 896/1345
f 1521/1515 1289/1809 1441/1762
f 1617/1093 671/1838 944/1763
f 714/1036 551/714 1064/707
f 1756/1764 1442/1766 1122/1765
f 1523/1500 1293/1807 1442/1766
f 1619/1104 672/1103 945/1767
f 1443/1768 907/1446 1555/1448
f 1297/1770 1443/1768 1758/1769
f 675/1771 948/403 1759/405
f 1299/402 1151/401 728/1276
f 1444/1772 1126/1488 1488/1489
f 1303/1774 1444/1772 1760/1773
f 676/1775 949/397 1761/399
f 810/1135 1305/391 1090/393
f 1307/387 919/386 605/1776
f 1309/373 1135/372 696/1242
f 1311/1777 1142/1438 1492/1440
f 814/1161 690/973 957/970
f 1315/361 1134/360 695/1140
f 1317/353 1150/352 727/1191
f 1128/345 879/348 522/1722
f 935/346 1128/345 681/1177
f 1319/1778 1140/1550 1490/1552
f 1321/1779 897/1475 1554/1476
f 1323/331 1041/330 484/1780
f 443/1193 684/981 955/326
f 715/1267 970/177 866/325
f 1325/319 931/90 627/1781
f 662/1750 1115/312 885/311
f 552/1072 1065/290 940/292
f 665/938 1326/262 1029/264
f 1445/1782 841/1682 1546/762
f 1535/1418 1331/1417 1445/1782
f 1631/1216 563/1215 1070/251
f 1446/1784 862/1533 1549/1535
f 1537/1400 1335/1804 1446/1784
f 448/1786 1021/247 1765/249
f 1129/243 890/242 555/1721
f 683/1229 446/1228 1020/885
f 571/991 1074/230 1079/231
f 824/1234 608/1236 1096/97
f 509/1749 1052/213 1094/214
f 1339/206 860/205 477/1787
f 1447/203 865/202 484/1788
f 826/1248 1343/1251 1447/203
f 597/1789 1090/201 1447/203
f 1345/1790 858/1630 1548/1627
f 1347/1791 863/1563 1550/1564
f 713/1071 494/717 1047/705
f 493/896 870/175 970/177
f 1349/136 848/135 461/1731
f 1351/128 1082/127 586/1792
f 731/898 1153/122 835/40
f 626/1732 930/119 978/121
f 610/980 922/110 834/112
f 1766/109 859/108 475/1286
f 1638/1373 1767/1797 1448/1794
f 1479/1796 1056/1843 1448/1794
f 740/856 478/951 1037/539
f 1357/101 839/100 438/1798
f 1449/98 1096/97 608/1236
f 1361/1306 1449/98 1358/1300
f 536/1747 1058/96 1449/98
f 904/95 902/94 579/842
f 627/1781 931/90 901/92
f 425/671 759/675 1362/85
f 1768/1799 1365/1319 558/1318
f 1072/1524 1365/1319 1768/1799
f 1481/1088 568/1087 1365/1319
f 1368/1339 534/1324 1480/1507
f 1057/1800 1092/78 1769/1801
f 601/1328 1368/1339 1769/1801
f 767/732 1181/43 891/45
f 432/1278 835/40 836/42
f 1183/22 884/24 545/940
f 772/1332 641/1179 1111/4
f 532/1802 1479/1796 1767/1797
f 1355/1292 1767/1797 1638/1373
f 1352/1795 1448/1794 1766/109
f 1541/1378 1550/1564 482/1803
f 1539/1386 1548/1627 473/1628
f 1633/1223 1765/249 1446/1784
f 1537/1400 1764/1785 1332/1217
f 1332/1217 1764/1785 1549/1535
f 1331/1417 1631/1216 1763/253
f 821/1212 1535/1418 1762/1783
f 1328/1430 1762/1783 1546/762
f 1533/1439 1554/1476 569/1184
f 1531/1447 1490/1552 705/1040
f 1529/1464 1492/1440 711/1186
f 1623/1128 1761/399 1444/1772
f 1527/1473 1760/1773 1300/1121
f 1760/1773 1488/1489 677/1494
f 1621/1112 1759/405 1443/1768
f 1525/1486 1758/1769 1294/1105
f 1294/1105 1758/1769 1555/1448
f 1293/1807 1619/1104 1757/410
f 806/1100 1523/1500 1756/1764
f 1290/1096 1756/1764 1486/1517
f 1289/1809 1617/1093 1755/425
f 805/1090 1521/1515 1754/1761
f 1286/1525 1754/1761 1553/1320
f 1519/1527 1493/1379 712/1264
f 1517/1534 1491/1387 706/1257
f 1515/1551 1556/1613 600/1612
f 1609/1019 1753/468 1437/1754
f 1513/1562 1752/1755 1260/1012
f 1752/1755 1489/1403 678/1410
f 1607/1004 1751/486 1436/1752
f 795/1000 1511/1576 1750/1751
f 1750/1751 1487/1420 674/1427
f 1239/884 736/883 1566/1372
f 784/1607 1239/884 1749/1744
f 1435/1746 1748/621 1508/1743
f 737/1643 1567/1650 1747/1740
f 1235/874 1747/1740 1602/1635
f 1434/1742 1746/622 1506/867
f 1231/865 620/1864 1485/1811
f 1231/865 1745/1735 1600/1736
f 1433/1738 1744/625 1504/858
f 1230/862 782/1637 1600/1736
f 1230/862 1719/1648 1567/1650
f 1420/1652 1718/860 1471/1647
f 619/617 1601/1640 1717/1644
f 1102/618 1717/1644 1591/1625
f 1419/1646 1716/863 1495/873
f 926/1284 47/1283 1461/1813
f 926/1284 1715/1638 1601/1640
f 1418/1642 1714/866 1505/861
f 783/1621 1602/1635 1713/1633
f 1234/871 1713/1633 1476/1255
f 1034/1634 1417/1636 1712/869
f 435/1814 1603/1624 1711/1629
f 1014/1815 1711/1629 1452/190
f 858/1630 1416/1631 1710/872
f 358/1812 1591/1625 1709/1622
f 838/1817 1709/1622 1603/1624
f 1415/1626 1708/875 1507/870
f 784/1607 1604/1619 1707/1618
f 1238/880 1707/1618 1484/1038
f 1414/1620 1706/876 1580/1556
f 738/1739 1605/1608 1705/1614
f 982/868 1705/1614 1460/452
f 1413/1616 1704/881 1556/1613
f 1158/624 420/623 1590/1365
f 738/1739 1158/624 1703/1611
f 1237/1610 1412/1609 1702/882
f 1258/1581 1606/1001 1701/998
f 672/1103 1510/1582 1700/1587
f 1700/1587 1463/1426 399/411
f 1025/1583 1475/1584 1699/999
f 246/684 1571/683 1698/1580
f 1121/1502 1698/1580 1510/1582
f 849/1698 1451/1578 1697/1002
f 462/755 1547/754 1696/1577
f 1696/1577 1511/1576 795/1000
f 1262/1571 1608/1016 1695/1014
f 1512/1566 1694/1570 949/397
f 1694/1570 1465/1409 400/1490
f 1478/1262 1693/1017 1407/1565
f 1574/1384 1692/1567 1125/1127
f 1692/1567 1512/1566 676/1775
f 863/1563 1454/184 1691/1020
f 1550/1564 1690/1560 1261/1015
f 1690/1560 1513/1562 796/1572
f 1514/1554 1580/1556 1/1617
f 1466/1453 1514/1554 584/1821
f 1490/1552 1515/1551 799/1037
f 1516/1537 1467/1390 408/1042
f 1573/1412 1516/1537 704/336
f 1549/1535 1517/1534 803/1074
f 1518/1530 1469/1382 410/1187
f 1581/1531 1518/1530 710/368
f 1557/1528 1519/1527 804/1080
f 1288/1519 1616/1091 1689/1086
f 588/1824 1520/1520 1688/1523
f 1688/1523 1577/81 29/83
f 946/1510 1558/1097 1687/1089
f 229/1826 1462/1511 1686/1518
f 908/1827 1686/1518 1520/1520
f 1122/1765 1582/412 1685/1094
f 673/1808 1486/1517 1684/1516
f 1287/1522 1684/1516 1521/1515
f 1618/1101 1683/1098 1393/1512
f 439/70 1522/1505 1682/1509
f 1682/1509 1462/1511 229/1826
f 1057/1800 1480/1507 1681/1099
f 31/80 1576/79 1680/1503
f 840/730 1680/1503 1522/1505
f 881/1342 1456/1341 1679/1102
f 1552/1323 1678/1501 1291/1508
f 1678/1501 1523/1500 806/1100
f 1620/1109 1677/1107 1390/1495
f 605/1776 1524/1492 1676/1496
f 1676/1496 1579/1451 2/1471
f 1560/1122 1675/1110 1389/1491
f 1464/1483 1674/1493 919/386
f 1674/1493 1524/1492 605/1776
f 1584/398 1673/1113 1388/1485
f 1488/1489 1672/1487 1295/1108
f 1672/1487 1525/1486 807/1498
f 1622/1125 1671/1123 1387/1829
f 477/1787 1526/1479 1670/1481
f 1670/1481 1464/1483 261/1397
f 1073/1830 1482/1185 1669/1126
f 1578/1445 1668/1477 860/205
f 1668/1477 1526/1479 477/1787
f 1458/333 1667/1129 1385/1472
f 569/1184 1554/1476 1666/1474
f 1666/1474 1527/1473 809/1484
f 1528/1467 1468/1443 263/1832
f 1575/1468 1528/1467 480/1833
f 1551/1465 1529/1464 813/1151
f 1530/1450 1466/1453 260/1822
f 1579/1451 1530/1450 476/1835
f 1555/1448 1531/1447 817/1806
f 1532/1442 1578/1445 3/1831
f 1468/1443 1532/1442 580/1836
f 1492/1440 1533/1439 818/1805
f 1330/1423 1630/1213 1665/1209
f 671/1838 1534/1424 1664/1428
f 944/1763 1664/1428 1570/680
f 1559/997 1663/1211 1383/1839
f 1463/1426 1662/1422 1120/1092
f 1120/1092 1662/1422 1534/1424
f 1123/1419 1583/488 1661/1214
f 1487/1420 1660/1416 1329/1841
f 1329/1841 1660/1416 1535/1418
f 1632/1220 1659/1218 1381/1411
f 1536/1406 1658/1413 948/403
f 948/403 1658/1413 1573/1412
f 1561/1013 1657/1221 1380/1405
f 1465/1409 1656/1407 1124/1111
f 1656/1407 1536/1406 675/1771
f 1585/467 1655/1224 1379/1399
f 1489/1403 1654/1401 1333/1219
f 1654/1401 1537/1400 822/1415
f 1538/1389 1572/1392 258/1632
f 1467/1390 1538/1389 703/451
f 1491/1387 1539/1386 827/1254
f 1540/1381 1574/1384 264/1819
f 1469/1382 1540/1381 709/332
f 1493/1379 1541/1378 828/1261
f 831/1358 1638/1373 1653/1370
f 736/883 1354/1289 1653/1370
f 980/1371 1375/1374 1652/1285
f 983/859 739/1734 1639/1361
f 420/623 983/859 1651/1368
f 1156/1367 1374/1366 1650/1290
f 1159/627 359/626 1455/1362
f 1159/627 1649/1359 1639/1361
f 1373/1363 1648/1293 1543/1288
f 880/1789 1551/1291 1648/1293
f 1374/1366 1353/1360 1543/1288
f 1352/1795 1542/1793 1652/1285
f 1589/429 1637/185 1347/1791
f 1565/1081 1636/1263 1346/1383
f 1636/1263 1478/1262 1039/1568
f 1587/432 1635/191 1345/1790
f 1563/1075 1634/1256 1344/1391
f 1634/1256 1476/1255 1034/1634
f 1655/1224 1633/1223 1335/1804
f 1657/1221 1632/1220 1334/1414
f 1659/1218 1477/1078 1038/1536
f 1382/1840 1661/1214 1631/1216
f 1383/1839 1663/1211 1630/1213
f 1665/1209 1474/1210 1017/1429
f 1588/369 1629/334 1321/1779
f 1564/1152 1628/1183 1320/1444
f 1628/1183 1482/1185 1073/1830
f 1459/404 1627/338 1319/1778
f 1483/1106 1626/1180 1318/1452
f 1626/1180 1562/1041 964/1553
f 1455/1157 1625/370 1311/1777
f 1479/1155 1624/1153 1310/1469
f 1624/1153 1564/1152 966/1441
f 1667/1129 1623/1128 1303/1774
f 1386/1480 1669/1126 1622/1125
f 1671/1123 1560/1122 950/1482
f 1673/1113 1621/1112 1297/1770
f 1675/1110 1620/1109 1296/1497
f 1677/1107 1483/1106 1083/1449
f 1391/1499 1679/1102 1619/1104
f 1392/1506 1681/1099 1618/1101
f 1683/1098 1558/1097 946/1510
f 1685/1094 1617/1093 1289/1809
f 1395/1521 1687/1089 1616/1091
f 1396/1823 1689/1086 1481/1088
f 1461/1085 1615/430 1285/1760
f 1485/1084 1614/1082 1284/1532
f 1614/1082 1565/1081 967/1380
f 1453/248 1613/433 1283/1759
f 1477/1078 1612/1076 1282/1538
f 1612/1076 1563/1075 965/1388
f 1586/337 1611/453 1269/1757
f 1562/1041 1610/1039 1268/1842
f 1610/1039 1484/1038 1091/1555
f 1406/1820 1691/1020 1609/1019
f 1693/1017 1608/1016 1262/1571
f 1695/1014 1561/1013 951/1408
f 1697/1002 1607/1004 1259/1810
f 1410/1818 1699/999 1606/1001
f 1701/998 1559/997 947/1425
f 1412/1609 1156/1367 1494/1364
f 1237/1610 1509/879 1704/881
f 1236/1745 1508/1743 1706/876
f 1157/1645 1495/873 1708/875
f 1233/1623 1507/870 1710/872
f 1232/1741 1506/867 1712/869
f 1418/1642 927/1641 1557/864
f 1229/1639 1505/861 1716/863
f 1228/1651 1504/858 1718/860
f 1103/1737 1581/1863 1744/625
f 981/1649 1471/1647 1746/622
f 980/1371 1470/619 1748/621
f 1436/1752 1751/486 1583/488
f 1753/468 1585/467 1127/1402
f 1611/453 1460/452 915/1615
f 1613/433 1587/432 1141/1385
f 1615/430 1589/429 1143/1377
f 1755/425 1457/427 896/1345
f 1442/1766 1757/410 1582/412
f 1759/405 1459/404 907/1446
f 1761/399 1584/398 1126/1488
f 1625/370 1588/369 1142/1438
f 1627/338 1586/337 1140/1550
f 1629/334 1458/333 897/1475
f 1445/1782 1763/253 1450/252
f 1765/249 1453/248 862/1533
f 1635/191 1452/190 858/1630
f 1637/185 1454/184 863/1563
f 1056/1843 1575/107 1766/109
o Helmet
v 5.25 -8.2 -4.2
v 5.25 -8.2 4.2
v -4.2 -8.2 5.25
v 4.2 -8.2 5.25
v -4.2 -8.2 -5.25
v 4.2 -8.2 -5.25
v -5.25 -8.2 4.2
v -5.25 -8.2 -4.2
v 5.25 -6.1 -4.2
v 5.25 -6.1 4.2
v -4.2 -6.1 5.25
v 4.2 -6.1 5.25
v -4.2 -6.1 -5.25
v 4.2 -6.1 -5.25
v -5.25 -6.1 4.2
v -5.25 -6.1 -4.2
v 7.35 -5.05 -4.2
v 7.35 -5.05 4.2
v -4.2 -5.05 7.35
v 4.2 -5.05 7.35
v -4.2 -5.05 -7.35
v 4.2 -5.05 -7.35
v -7.35 -5.05 4.2
v -7.35 -5.05 -4.2
v -3.15 -10.3 3.15
v -3.15 -10.3 -3.15
v 3.15 -10.3 -3.15
v 3.15 -10.3 3.15
v 4.725 -8.2 -3.675
v 4.725 -8.2 3.675
v -3.675 -8.2 4.725
v 3.675 -8.2 4.725
v -3.675 -8.2 -4.725
v 3.675 -8.2 -4.725
v -4.725 -8.2 3.675
v -4.725 -8.2 -3.675
v 4.725 0.2 -3.675
v 4.725 0.2 3.675
v -3.675 0.2 4.725
v 3.675 0.2 4.725
v -3.675 0.2 -4.725
v 3.675 0.2 -4.725
v -4.725 0.2 3.675
v -4.725 0.2 -3.675
v -3.675 1.25 3.675
v -3.675 1.25 -3.675
v 3.675 1.25 -3.675
v 3.675 1.25 3.675
v 1.575 -2.95 -4.725
v -1.575 -2.95 -4.725
v 1.575 0.2 -4.725
v -1.575 0.2 -4.725
v 1.575 0.2 -5.775
v 1.575 -1.9 -5.775
v -1.575 -1.9 -5.775
v -1.575 0.2 -5.775
v -2.1 -5.575 -4.725
v -0.736 -4.7875 -4.725
v -0.736 -3.2125 -4.725
v -2.1 -2.425 -4.725
v -3.464 -3.2125 -4.725
v -3.464 -4.7875 -4.725
v 2.1 -5.575 -4.725
v 3.464 -4.7875 -4.725
v 3.464 -3.2125 -4.725
v 2.1 -2.425 -4.725
v 0.736 -3.2125 -4.725
v 0.736 -4.7875 -4.725
v 2.1 -5.575 -5.25
v 3.464 -4.7875 -5.25
v 3.464 -3.2125 -5.25
v 2.1 -2.425 -5.25
v 0.736 -3.2125 -5.25
v 0.736 -4.7875 -5.25
v -2.1 -5.575 -5.25
v -0.736 -4.7875 -5.25
v -0.736 -3.2125 -5.25
v -2.1 -2.425 -5.25
v -3.464 -3.2125 -5.25
v -3.464 -4.7875 -5.25
v 1.575 1.3774 -5.4675
v 1.05 1.7486 -5.0962
v -1.05 1.7486 -5.0962
v -1.575 1.3774 -5.4675
v 1.05 -0.4788 -7.3236
v 1.575 -0.1075 -6.9524
v -1.575 -0.1075 -6.9524
v -1.05 -0.4788 -7.3236
v 1.575 1.3774 -8.4373
v 1.05 1.0062 -8.8085
v 1.05 3.2335 -6.5812
v 1.575 2.8623 -6.9524
v -1.575 2.8623 -6.9524
v -1.05 3.2335 -6.5812
v -1.05 1.0062 -8.8085
v -1.575 1.3774 -8.4373
v 1.05 -0.4788 -4.3538
v 0.525 -0.1075 -3.9825
v -0.525 -0.1075 -3.9825
v -1.05 -0.4788 -4.3538
v 0.525 -1.5925 -5.4675
v 1.05 -1.2212 -5.0962
v -1.05 -1.2212 -5.0962
v -0.525 -1.5925 -5.4675
v 1.05 0.2637 -6.5812
v 0.525 -0.1075 -6.9524
v 0.525 1.3774 -5.4675
v 1.05 1.0062 -5.8387
v -1.05 1.0062 -5.8387
v -0.525 1.3774 -5.4675
v -0.525 -0.1075 -6.9524
v -1.05 0.2637 -6.5812
v 1.4437 -6.625 -5.355
v -1.4438 -6.625 -5.355
v 1.4437 -8.2 -5.355
v -1.4438 -8.2 -5.355
v -0 -8.2 5.25
v -4.2 -7.15 5.25
v -0 -8.2 -5.25
v 4.2 -7.15 -5.25
v 5.25 -8.2 0
v 5.25 -7.15 4.2
v -5.25 -8.2 0
v -5.25 -7.15 -4.2
v 4.2 -7.15 5.25
v -4.2 -7.15 -5.25
v -4.2 -5.575 -6.3
v -4.2 -5.575 6.3
v 4.2 -5.575 -6.3
v -0 -5.05 -7.35
v 5.25 -6.1 0
v 6.3 -5.575 4.2
v 4.2 -5.575 6.3
v -5.25 -6.1 0
v -6.3 -5.575 -4.2
v 6.3 -5.575 -4.2
v -0 -6.1 5.25
v -0 -10.3 -3.15
v -3.15 -10.3 0
v 3.675 -9.25 -4.2
v 4.2 -9.25 3.675
v 3.675 -9.25 4.2
v -4.2 -9.25 -3.675
v -4.2 -9.25 3.675
v -3.675 -9.25 4.2
v -3.675 -9.25 -4.2
v 4.2 -9.25 -3.675
v 4.725 -4 -3.675
v -0 -8.2 -4.725
v 3.675 -4 -4.725
v 4.725 -8.2 0
v 4.725 -4 3.675
v -4.725 -4 -3.675
v 3.675 -4 4.725
v -4.725 -8.2 0
v -0 -8.2 4.725
v -4.725 -4 3.675
v -3.675 1.25 -0
v -0 1.25 -3.675
v -0 0.2 -4.725
v -4.725 0.2 -0
v 4.725 0.2 -0
v -0 0.2 4.725
v -0 -1.9 -5.775
v 1.575 -0.85 -5.775
v -0 0.2 -4.725
v -0 -2.95 -4.725
v -1.575 -1.375 -4.725
v -1.575 -0.85 -5.25
v 1.575 -0.85 -5.25
v -0.525 -0.85 -6.2099
v -0.525 0.6349 -4.725
v -1.05 0.2637 -5.0962
v -0 1.7486 -5.0962
v -1.05 2.4911 -5.8387
v -1.3125 2.3055 -7.5092
v -1.575 2.1199 -7.6948
v -1.575 0.6349 -6.2099
v -1.575 0.6349 -7.6948
v -0 -0.4788 -7.3236
v 1.05 0.2637 -8.0661
v 0.2625 -0.2932 -7.138
v 1.418 -5.1813 -4.725
v 1.418 -2.8188 -4.725
v 3.464 -4 -4.725
v 0.736 -4 -4.725
v 2.782 -2.8188 -4.725
v 2.782 -5.1813 -4.725
v 2.1 -3.2125 -5.25
v 1.418 -2.8188 -5.25
v 2.782 -2.8188 -5.25
v -1.418 -2.8187 -4.725
v -1.418 -5.1813 -4.725
v -2.782 -5.1813 -4.725
v -2.782 -2.8187 -4.725
v -0.736 -4 -4.725
v -3.464 -4 -4.725
v -2.1 -3.2125 -5.25
v -2.782 -2.8187 -5.25
v -1.418 -2.8187 -5.25
v -1.05 0.2637 -8.0661
v 1.575 0.6349 -7.6948
v 1.575 2.1198 -6.2099
v -1.575 2.1198 -6.2099
v 1.575 2.1199 -7.6948
v 1.05 0.2637 -5.0962
v 1.05 -0.4788 -5.8387
v 1.4437 -7.4125 -5.355
v -0 -6.625 -5.355
v -0 -6.1 -5.25
v 5.25 -7.15 -4.2
v -5.25 -7.15 4.2
v -5.775 -5.05 -5.775
v -5.775 -5.05 5.775
v -6.3 -5.575 4.2
v 7.35 -5.05 0
v 5.775 -5.05 5.775
v -7.35 -5.05 0
v 5.775 -5.05 -5.775
v -0 -5.05 7.35
v 3.15 -10.3 0
v -0 -10.3 3.15
v -3.675 -4 -4.725
v -3.675 -4 4.725
v -0 1.25 3.675
v 3.675 1.25 -0
v -1.575 -0.85 -5.775
v -0 0.2 -5.775
v 1.575 -1.375 -4.725
v 0.525 -0.85 -6.2099
v 0.525 0.6349 -4.725
v -1.05 -0.4788 -5.8387
v 1.05 2.4911 -5.8387
v -0 3.2335 -6.5812
v 1.05 2.1198 -7.6948
v 1.3125 1.9342 -7.8805
v -0 1.0062 -8.8085
v -1.05 2.1198 -7.6948
v 1.3125 0.8205 -6.0243
v 1.575 0.6349 -6.2099
v 0.2625 0.8205 -6.0243
v -0 0.6349 -6.2099
v -0 -0.1075 -6.9524
v 1.418 -5.1813 -5.25
v 3.464 -4 -5.25
v 0.736 -4 -5.25
v 2.782 -5.1813 -5.25
v 1.418 -4.3938 -5.25
v -1.418 -5.1813 -5.25
v -2.782 -5.1813 -5.25
v -0.736 -4 -5.25
v -3.464 -4 -5.25
v -2.782 -4.3937 -5.25
v -0 -8.2 -5.355
v -1.4438 -7.4125 -5.355
v 2.441 -4.1969 -5.25
v 4.2 -9.25 0
v 1.575 1.3774 -6.9524
v -1.575 1.3774 -6.9524
v -1.759 -4.1969 -5.25
v 4.725 -4 0
v 6.3 -5.575 0
v -0 -10.3 0
v -0 -4 -4.725
v -0 -5.575 6.3
v -0 -7.15 -5.25
v -6.3 -5.575 0
v -0 -7.4125 -5.355
v -0 -7.15 5.25
v -5.25 -7.15 0
v -0 -4 4.725
v -0 -9.25 -4.2
v -4.2 -9.25 0
v -0 -9.25 4.2
v -4.725 -4 0
v -0 -5.575 -6.3
v 5.25 -7.15 0
v -0 2.1198 -7.6948
v -0 0.2637 -8.0661
v -0 2.4911 -5.8387
v -0 1.25 -0
v -0 -0.85 -5.775
v 2.1 -8.2 5.25
v -1.8375 1.25 -3.675
v 2.1 -8.2 -5.25
v -4.725 -6.1 3.675
v 5.25 -8.2 2.1
v -5.25 -8.2 -2.1
v -1.8375 0.2 4.725
v -4.725 -8.725 3.9375
v -4.725 -8.725 -3.9375
v 3.9375 -8.725 -4.725
v 4.725 -8.725 3.9375
v -2.1 -8.2 -5.25
v 4.725 -8.725 -3.9375
v 2.1 -5.05 -7.35
v 5.25 -6.1 2.1
v -1.575 -2.1625 -4.725
v -5.25 -6.1 -2.1
v -2.1 -8.2 5.25
v 4.725 -6.1 -3.675
v 2.1 -6.1 5.25
v 1.575 -10.3 -3.15
v -3.15 -10.3 -1.575
v 3.4125 -9.775 -3.675
v 3.675 -9.775 3.4125
v 5.25 -8.2 -2.1
v 3.4125 -9.775 3.675
v -3.675 -9.775 -3.4125
v -5.25 -8.2 2.1
v -3.675 -9.775 3.4125
v -3.4125 -9.775 3.675
v -3.4125 -9.775 -3.675
v 3.675 -9.775 -3.4125
v 4.725 -1.9 -3.675
v 4.725 -8.2 -1.8375
v 1.8375 -8.2 -4.725
v -4.725 0.2 1.8375
v 3.675 -1.9 -4.725
v 4.725 -8.2 1.8375
v 0.7875 -1.9 -5.775
v 4.725 -1.9 3.675
v -4.725 -1.9 -3.675
v -4.725 -6.1 -3.675
v 3.675 -6.1 -4.725
v 3.675 -1.9 4.725
v -4.725 -8.2 -1.8375
v -1.8375 0.2 -4.725
v 1.8375 -8.2 4.725
v 4.725 -6.1 3.675
v -4.725 -1.9 3.675
v -3.675 1.25 -1.8375
v 1.8375 1.25 -3.675
v 1.8375 0.2 -4.725
v -4.725 -8.2 1.8375
v -4.725 0.2 -1.8375
v 4.725 0.2 1.8375
v -1.8375 -8.2 4.725
v 1.8375 0.2 4.725
v -0.7875 -1.9 -5.775
v -3.675 1.25 1.8375
v -0.7875 0.2 -4.725
v -0.7875 -2.95 -4.725
v -1.8375 -8.2 -4.725
v -1.575 -0.5875 -4.725
v -3.15 -10.3 1.575
v -3.9375 -8.725 4.725
v 4.725 0.2 -1.8375
v -5.25 -6.1 2.1
v 3.9375 -8.725 4.725
v 0.7875 0.2 -4.725
v 0.7875 -2.95 -4.725
v -2.1 -5.05 -7.35
v -1.575 -10.3 -3.15
v 5.25 -6.1 -2.1
v -2.1 -6.1 5.25
v 3.675 -6.1 4.725
v 2.1 -6.1 -5.25
v -6.5625 -5.05 -4.9875
v -6.5625 -5.05 4.9875
v 7.35 -5.05 2.1
v 4.9875 -5.05 6.5625
v -7.35 -5.05 -2.1
v 4.9875 -5.05 -6.5625
v 2.1 -5.05 7.35
v 3.15 -10.3 1.575
v 1.575 -10.3 3.15
v -3.675 -1.9 -4.725
v -3.675 -1.9 4.725
v 1.8375 1.25 3.675
v 3.675 1.25 1.8375
v -0.7875 0.2 -5.775
v 1.575 -0.5875 -4.725
v -3.9375 -8.725 -4.725
v 1.05 2.6767 -7.138
v -1.05 1.563 -8.2517
v 0.9187 0.3565 -6.4883
v 0.7875 0.2637 -6.5812
v -0.7875 -0.1075 -6.9524
v -2.1 -6.1 -5.25
v -4.9875 -5.05 -6.5625
v -4.9875 -5.05 6.5625
v 7.35 -5.05 -2.1
v 6.5625 -5.05 4.9875
v -7.35 -5.05 2.1
v 6.5625 -5.05 -4.9875
v -2.1 -5.05 7.35
v 3.15 -10.3 -1.575
v -1.575 -10.3 3.15
v -3.675 -6.1 -4.725
v -3.675 -6.1 4.725
v -1.8375 1.25 3.675
v 3.675 1.25 -1.8375
v 0.7875 0.2 -5.775
v 1.575 -2.1625 -4.725
v 1.05 1.563 -8.2517
v -1.05 2.6767 -7.138
v -0.3938 1.2846 -5.5603
v -0.7875 1.0062 -5.8387
v 0.7875 -0.1075 -6.9524
v 4.2 -9.25 1.8375
v 4.2 -9.25 -1.8375
v -0.7875 0.6349 -6.2099
v -0.7875 0.2637 -6.5812
v 0.6562 1.2846 -5.5603
v 4.725 -4 1.8375
v 4.725 -4 -1.8375
v 4.725 -6.1 0
v 4.725 -1.9 0
v 6.3 -5.575 2.1
v 6.3 -5.575 -2.1
v -1.575 -10.3 0
v 1.575 -10.3 0
v -0 -10.3 -1.575
v -0 -10.3 1.575
v 1.8375 -4 -4.725
v -1.8375 -4 -4.725
v -0 -6.1 -4.725
v -0 -1.9 -4.725
v 2.1 -5.575 6.3
v -2.1 -5.575 6.3
v 2.1 -7.15 -5.25
v -2.1 -7.15 -5.25
v -6.3 -5.575 -2.1
v -6.3 -5.575 2.1
v -2.1 -7.15 5.25
v 2.1 -7.15 5.25
v -5.25 -7.15 -2.1
v -5.25 -7.15 2.1
v -0 -6.1 4.725
v -0 -1.9 4.725
v 1.8375 -4 4.725
v -1.8375 -4 4.725
v 1.8375 -9.25 -4.2
v -1.8375 -9.25 -4.2
v -4.9875 -5.3125 6.0375
v -6.0375 -5.3125 4.9875
v -5.25 -5.575 5.25
v -4.2 -9.25 -1.8375
v -4.2 -9.25 1.8375
v 1.8375 -9.25 4.2
v -1.8375 -9.25 4.2
v -4.725 -4 -1.8375
v -4.725 -4 1.8375
v -4.725 -6.1 0
v -4.725 -1.9 0
v 2.1 -5.575 -6.3
v -2.1 -5.575 -6.3
v 5.25 -7.15 2.1
v 5.25 -7.15 -2.1
v 4.9875 -5.3125 -6.0375
v 6.0375 -5.3125 -4.9875
v 5.25 -5.575 -5.25
v -0 2.6767 -7.138
v -0 1.563 -8.2517
v -6.0375 -5.3125 -4.9875
v -4.9875 -5.3125 -6.0375
v -5.25 -5.575 -5.25
v 6.0375 -5.3125 4.9875
v 4.9875 -5.3125 6.0375
v 5.25 -5.575 5.25
v -0 1.25 -1.8375
v -0 1.25 1.8375
v -1.8375 1.25 -0
v 1.8375 1.25 -0
v 0.7875 -0.85 -5.775
v -0.7875 -0.85 -5.775
v 1.8375 1.25 1.8375
v -1.8375 1.25 1.8375
v -1.8375 1.25 -1.8375
v -4.725 -1.9 1.8375
v -4.725 -6.1 1.8375
v -4.725 -6.1 -1.8375
v -1.8375 -1.9 4.725
v 1.8375 -1.9 4.725
v 1.8375 -6.1 4.725
v -1.8375 -1.9 -4.725
v -1.8375 -6.1 -4.725
v 1.8375 -6.1 -4.725
v 4.725 -6.1 -1.8375
v 4.725 -6.1 1.8375
v -1.575 -10.3 -1.575
v 1.575 -10.3 -1.575
v 4.725 -1.9 -1.8375
v 1.575 -10.3 1.575
v 4.725 -1.9 1.8375
v -1.575 -10.3 1.575
v 1.8375 -1.9 -4.725
v -1.8375 -6.1 4.725
v -4.725 -1.9 -1.8375
v 1.8375 1.25 -1.8375
v 3.15 -8.2 5.25
v -0.9188 1.25 -3.675
v 3.15 -8.2 -5.25
v -4.725 -5.05 3.675
v 5.25 -8.2 3.15
v -5.25 -8.2 -3.15
v -0.9188 0.2 4.725
v -1.05 -8.2 -5.25
v 3.15 -5.05 -7.35
v 5.25 -6.1 3.15
v -5.25 -6.1 -3.15
v -1.05 -8.2 5.25
v 4.725 -5.05 -3.675
v 3.15 -6.1 5.25
v 2.3625 -10.3 -3.15
v -3.15 -10.3 -2.3625
v 5.25 -8.2 -1.05
v -5.25 -8.2 1.05
v 4.725 -0.85 -3.675
v 4.725 -8.2 -0.9187
v 2.7562 -8.2 -4.725
v -4.725 0.2 0.9187
v 3.675 -0.85 -4.725
v 4.725 -8.2 2.7563
v 4.725 -0.85 3.675
v -4.725 -0.85 -3.675
v -4.725 -5.05 -3.675
v 3.675 -5.05 -4.725
v 3.675 -0.85 4.725
v -4.725 -8.2 -2.7562
v -0.9188 0.2 -4.725
v 2.7562 -8.2 4.725
v 4.725 -5.05 3.675
v -4.725 -0.85 3.675
v -3.675 1.25 -2.7563
v 2.7562 1.25 -3.675
v 2.7562 0.2 -4.725
v -4.725 -8.2 0.9188
v -4.725 0.2 -2.7563
v 4.725 0.2 2.7563
v -0.9188 -8.2 4.725
v 2.7562 0.2 4.725
v -3.675 1.25 0.9187
v -0.9188 -8.2 -4.725
v -3.15 -10.3 0.7875
v 4.725 0.2 -0.9187
v -5.25 -6.1 1.05
v -1.05 -5.05 -7.35
v -0.7875 -10.3 -3.15
v 5.25 -6.1 -1.05
v -1.05 -6.1 5.25
v 3.675 -5.05 4.725
v 3.15 -6.1 -5.25
v 7.35 -5.05 3.15
v -7.35 -5.05 -3.15
v 3.15 -5.05 7.35
v 3.15 -10.3 2.3625
v 2.3625 -10.3 3.15
v -3.675 -0.85 -4.725
v -3.675 -0.85 4.725
v 2.7562 1.25 3.675
v 3.675 1.25 2.7563
v -1.05 -6.1 -5.25
v 7.35 -5.05 -1.05
v -7.35 -5.05 1.05
v -1.05 -5.05 7.35
v 3.15 -10.3 -0.7875
v -0.7875 -10.3 3.15
v -3.675 -5.05 -4.725
v -3.675 -5.05 4.725
v -0.9188 1.25 3.675
v 3.675 1.25 -0.9187
v 4.2 -9.25 2.7563
v 4.2 -9.25 -0.9187
v 4.725 -4 2.7563
v 4.725 -4 -0.9187
v 4.725 -7.15 0
v 4.725 -2.95 0
v 6.3 -5.575 3.15
v 6.3 -5.575 -1.05
v -2.3625 -10.3 0
v 0.7875 -10.3 0
v -0 -10.3 -2.3625
v -0 -10.3 0.7875
v 2.7562 -4 -4.725
v -0.9188 -4 -4.725
v -0 -7.15 -4.725
v -0 -2.95 -4.725
v 3.15 -5.575 6.3
v -1.05 -5.575 6.3
v 3.15 -7.15 -5.25
v -1.05 -7.15 -5.25
v -6.3 -5.575 -3.15
v -6.3 -5.575 1.05
v -3.15 -7.15 5.25
v 1.05 -7.15 5.25
v -5.25 -7.15 -3.15
v -5.25 -7.15 1.05
v -0 -7.15 4.725
v -0 -2.95 4.725
v 2.7562 -4 4.725
v -0.9188 -4 4.725
v 2.7562 -9.25 -4.2
v -0.9188 -9.25 -4.2
v -4.2 -9.25 -2.7562
v -4.2 -9.25 0.9188
v 2.7562 -9.25 4.2
v -0.9188 -9.25 4.2
v -4.725 -4 -2.7563
v -4.725 -4 0.9187
v -4.725 -7.15 0
v -4.725 -2.95 0
v 3.15 -5.575 -6.3
v -1.05 -5.575 -6.3
v 5.25 -7.15 3.15
v 5.25 -7.15 -1.05
v -0 1.25 -2.7563
v -0 1.25 0.9187
v -2.7563 1.25 -0
v 0.9187 1.25 -0
v 1.05 -8.2 5.25
v -2.7563 1.25 -3.675
v 1.05 -8.2 -5.25
v -4.725 -7.15 3.675
v 5.25 -8.2 1.05
v -5.25 -8.2 -1.05
v -2.7563 0.2 4.725
v -3.15 -8.2 -5.25
v 1.05 -5.05 -7.35
v 5.25 -6.1 1.05
v -5.25 -6.1 -1.05
v -3.15 -8.2 5.25
v 4.725 -7.15 -3.675
v 1.05 -6.1 5.25
v 0.7875 -10.3 -3.15
v -3.15 -10.3 -0.7875
v 5.25 -8.2 -3.15
v -5.25 -8.2 3.15
v 4.725 -2.95 -3.675
v 4.725 -8.2 -2.7562
v 0.9187 -8.2 -4.725
v -4.725 0.2 2.7563
v 3.675 -2.95 -4.725
v 4.725 -8.2 0.9188
v 4.725 -2.95 3.675
v -4.725 -2.95 -3.675
v -4.725 -7.15 -3.675
v 3.675 -7.15 -4.725
v 3.675 -2.95 4.725
v -4.725 -8.2 -0.9187
v -2.7563 0.2 -4.725
v 0.9187 -8.2 4.725
v 4.725 -7.15 3.675
v -4.725 -2.95 3.675
v -3.675 1.25 -0.9187
v 0.9187 1.25 -3.675
v 0.9187 0.2 -4.725
v -4.725 -8.2 2.7563
v -4.725 0.2 -0.9187
v 4.725 0.2 0.9187
v -2.7563 -8.2 4.725
v 0.9187 0.2 4.725
v -3.675 1.25 2.7563
v -2.7563 -8.2 -4.725
v -3.15 -10.3 2.3625
v 4.725 0.2 -2.7563
v -5.25 -6.1 3.15
v -3.15 -5.05 -7.35
v -2.3625 -10.3 -3.15
v 5.25 -6.1 -3.15
v -3.15 -6.1 5.25
v 3.675 -7.15 4.725
v 1.05 -6.1 -5.25
v 7.35 -5.05 1.05
v -7.35 -5.05 -1.05
v 1.05 -5.05 7.35
v 3.15 -10.3 0.7875
v 0.7875 -10.3 3.15
v -3.675 -2.95 -4.725
v -3.675 -2.95 4.725
v 0.9187 1.25 3.675
v 3.675 1.25 0.9187
v -3.15 -6.1 -5.25
v 7.35 -5.05 -3.15
v -7.35 -5.05 3.15
v -3.15 -5.05 7.35
v 3.15 -10.3 -2.3625
v -2.3625 -10.3 3.15
v -3.675 -7.15 -4.725
v -3.675 -7.15 4.725
v -2.7563 1.25 3.675
v 3.675 1.25 -2.7563
v 4.2 -9.25 0.9188
v 4.2 -9.25 -2.7562
v 4.725 -4 0.9187
v 4.725 -4 -2.7563
v 4.725 -5.05 0
v 4.725 -0.85 0
v 6.3 -5.575 1.05
v 6.3 -5.575 -3.15
v -0.7875 -10.3 0
v 2.3625 -10.3 0
v -0 -10.3 -0.7875
v -0 -10.3 2.3625
v 0.9187 -4 -4.725
v -2.7563 -4 -4.725
v -0 -5.05 -4.725
v -0 -0.85 -4.725
v 1.05 -5.575 6.3
v -3.15 -5.575 6.3
v 1.05 -7.15 -5.25
v -3.15 -7.15 -5.25
v -6.3 -5.575 -1.05
v -6.3 -5.575 3.15
v -1.05 -7.15 5.25
v 3.15 -7.15 5.25
v -5.25 -7.15 -1.05
v -5.25 -7.15 3.15
v -0 -5.05 4.725
v -0 -0.85 4.725
v 0.9187 -4 4.725
v -2.7563 -4 4.725
v 0.9187 -9.25 -4.2
v -2.7563 -9.25 -4.2
v -4.2 -9.25 -0.9187
v -4.2 -9.25 2.7563
v 0.9187 -9.25 4.2
v -2.7563 -9.25 4.2
v -4.725 -4 -0.9187
v -4.725 -4 2.7563
v -4.725 -5.05 0
v -4.725 -0.85 0
v 1.05 -5.575 -6.3
v -3.15 -5.575 -6.3
v 5.25 -7.15 1.05
v 5.25 -7.15 -3.15
v -0 1.25 -0.9187
v -0 1.25 2.7563
v -0.9188 1.25 -0
v 2.7562 1.25 -0
v 1.8375 1.25 0.9187
v 1.8375 1.25 2.7563
v 0.9187 1.25 1.8375
v 2.7562 1.25 1.8375
v -1.8375 1.25 0.9187
v -1.8375 1.25 2.7563
v -2.7563 1.25 1.8375
v -0.9188 1.25 1.8375
v -1.8375 1.25 -2.7563
v -1.8375 1.25 -0.9187
v -2.7563 1.25 -1.8375
v -0.9188 1.25 -1.8375
v -4.725 -1.9 0.9187
v -4.725 -1.9 2.7563
v -4.725 -2.95 1.8375
v -4.725 -0.85 1.8375
v -4.725 -6.1 0.9187
v -4.725 -6.1 2.7563
v -4.725 -7.15 1.8375
v -4.725 -5.05 1.8375
v -4.725 -6.1 -2.7562
v -4.725 -6.1 -0.9187
v -4.725 -7.15 -1.8375
v -4.725 -5.05 -1.8375
v -2.625 -9.5125 3.9375
v -2.4938 -10.0375 3.4125
v -1.7063 -9.775 3.675
v -3.0188 -8.4625 4.9875
v -2.8875 -8.9875 4.4625
v -1.9688 -8.725 4.725
v 2.8875 -8.9875 4.4625
v 3.0187 -8.4625 4.9875
v 1.9687 -8.725 4.725
v -3.4125 -10.0375 2.4938
v -3.9375 -9.5125 2.625
v -3.675 -9.775 1.7063
v -3.9375 -9.5125 -2.625
v -3.4125 -10.0375 -2.4937
v -3.675 -9.775 -1.7062
v -4.9875 -8.4625 -3.0187
v -4.4625 -8.9875 -2.8875
v -4.725 -8.725 -1.9687
v -2.4938 -10.0375 -3.4125
v -2.625 -9.5125 -3.9375
v -1.7063 -9.775 -3.675
v 2.625 -9.5125 -3.9375
v 2.4937 -10.0375 -3.4125
v 1.7062 -9.775 -3.675
v 3.0187 -8.4625 -4.9875
v 2.8875 -8.9875 -4.4625
v 1.9687 -8.725 -4.725
v -1.8375 -2.95 4.725
v -1.8375 -0.85 4.725
v -0.9188 -1.9 4.725
v -2.7563 -1.9 4.725
v 1.8375 -2.95 4.725
v 1.8375 -0.85 4.725
v 2.7562 -1.9 4.725
v 0.9187 -1.9 4.725
v 1.8375 -7.15 4.725
v 1.8375 -5.05 4.725
v 2.7562 -6.1 4.725
v 0.9187 -6.1 4.725
v -0.9188 -1.9 -4.725
v -2.7563 -1.9 -4.725
v -1.8375 -2.95 -4.725
v -1.8375 -0.85 -4.725
v -0.9188 -6.1 -4.725
v -2.7563 -6.1 -4.725
v -1.8375 -7.15 -4.725
v -1.8375 -5.05 -4.725
v 2.7562 -6.1 -4.725
v 0.9187 -6.1 -4.725
v 1.8375 -7.15 -4.725
v 1.8375 -5.05 -4.725
v 3.4125 -10.0375 -2.4937
v 3.9375 -9.5125 -2.625
v 3.675 -9.775 -1.7062
v 3.9375 -9.5125 2.625
v 3.4125 -10.0375 2.4938
v 3.675 -9.775 1.7063
v 4.9875 -8.4625 3.0188
v 4.4625 -8.9875 2.8875
v 4.725 -8.725 1.9688
v 4.725 -6.1 -0.9187
v 4.725 -6.1 -2.7562
v 4.725 -7.15 -1.8375
v 4.725 -5.05 -1.8375
v 4.4625 -8.9875 -2.8875
v 4.9875 -8.4625 -3.0187
v 4.725 -8.725 -1.9687
v 4.725 -6.1 2.7563
v 4.725 -6.1 0.9187
v 4.725 -7.15 1.8375
v 4.725 -5.05 1.8375
v -2.3625 -10.3 -1.575
v -0.7875 -10.3 -1.575
v -1.575 -10.3 -2.3625
v -1.575 -10.3 -0.7875
v 0.7875 -10.3 -1.575
v 2.3625 -10.3 -1.575
v 1.575 -10.3 -2.3625
v 1.575 -10.3 -0.7875
v 4.725 -1.9 -0.9187
v 4.725 -1.9 -2.7563
v 4.725 -2.95 -1.8375
v 4.725 -0.85 -1.8375
v 0.7875 -10.3 1.575
v 2.3625 -10.3 1.575
v 1.575 -10.3 0.7875
v 1.575 -10.3 2.3625
v 4.725 -1.9 2.7563
v 4.725 -1.9 0.9187
v 4.725 -2.95 1.8375
v 4.725 -0.85 1.8375
v -2.3625 -10.3 1.575
v -0.7875 -10.3 1.575
v -1.575 -10.3 0.7875
v -1.575 -10.3 2.3625
v 2.7562 -1.9 -4.725
v 0.9187 -1.9 -4.725
v 1.8375 -2.95 -4.725
v 1.8375 -0.85 -4.725
v -1.8375 -7.15 4.725
v -1.8375 -5.05 4.725
v -0.9188 -6.1 4.725
v -2.7563 -6.1 4.725
v -2.8875 -8.9875 -4.4625
v -3.0188 -8.4625 -4.9875
v -1.9688 -8.725 -4.725
v -4.4625 -8.9875 2.8875
v -4.9875 -8.4625 3.0188
v -4.725 -8.725 1.9688
v 2.4937 -10.0375 3.4125
v 2.625 -9.5125 3.9375
v 1.7062 -9.775 3.675
v -4.725 -1.9 -2.7563
v -4.725 -1.9 -0.9187
v -4.725 -2.95 -1.8375
v -4.725 -0.85 -1.8375
v 1.8375 1.25 -2.7563
v 1.8375 1.25 -0.9187
v 0.9187 1.25 -1.8375
v 2.7562 1.25 -1.8375
v 2.7562 1.25 -0.9187
v 0.9187 1.25 -0.9187
v 0.9187 1.25 -2.7563
v -4.725 -0.85 -0.9187
v -4.725 -2.95 -0.9187
v -4.725 -2.95 -2.7563
v -2.7563 -5.05 4.725
v -0.9188 -5.05 4.725
v -0.9188 -7.15 4.725
v 0.9187 -0.85 -4.725
v 0.9187 -2.95 -4.725
v 2.7562 -2.95 -4.725
v -0.7875 -10.3 2.3625
v -0.7875 -10.3 0.7875
v -2.3625 -10.3 0.7875
v 4.725 -0.85 0.9187
v 4.725 -2.95 0.9187
v 4.725 -2.95 2.7563
v 2.3625 -10.3 2.3625
v 2.3625 -10.3 0.7875
v 0.7875 -10.3 0.7875
v 4.725 -0.85 -2.7563
v 4.725 -2.95 -2.7563
v 4.725 -2.95 -0.9187
v 2.3625 -10.3 -0.7875
v 2.3625 -10.3 -2.3625
v 0.7875 -10.3 -2.3625
v -0.7875 -10.3 -0.7875
v -0.7875 -10.3 -2.3625
v -2.3625 -10.3 -2.3625
v 4.725 -5.05 0.9187
v 4.725 -7.15 0.9188
v 4.725 -7.15 2.7563
v 4.725 -5.05 -2.7562
v 4.725 -7.15 -2.7562
v 4.725 -7.15 -0.9187
v 0.9187 -5.05 -4.725
v 0.9187 -7.15 -4.725
v 2.7562 -7.15 -4.725
v -2.7563 -5.05 -4.725
v -2.7563 -7.15 -4.725
v -0.9188 -7.15 -4.725
v -2.7563 -0.85 -4.725
v -2.7563 -2.95 -4.725
v -0.9188 -2.95 -4.725
v 0.9187 -5.05 4.725
v 2.7562 -5.05 4.725
v 2.7562 -7.15 4.725
v 0.9187 -0.85 4.725
v 2.7562 -0.85 4.725
v 2.7562 -2.95 4.725
v -2.7563 -0.85 4.725
v -0.9188 -0.85 4.725
v -0.9188 -2.95 4.725
v -4.725 -5.05 -0.9187
v -4.725 -7.15 -0.9187
v -4.725 -7.15 -2.7562
v -4.725 -5.05 2.7563
v -4.725 -7.15 2.7563
v -4.725 -7.15 0.9188
v -4.725 -0.85 2.7563
v -4.725 -2.95 2.7563
v -4.725 -2.95 0.9187
v -0.9188 1.25 -0.9187
v -2.7563 1.25 -0.9187
v -2.7563 1.25 -2.7563
v -0.9188 1.25 2.7563
v -2.7563 1.25 2.7563
v -2.7563 1.25 0.9187
v 2.7562 1.25 2.7563
v 0.9187 1.25 2.7563
v 0.9187 1.25 0.9187
v 2.7562 1.25 0.9187
v -0.9188 1.25 0.9187
v -0.9188 1.25 -2.7563
v -4.725 -0.85 0.9187
v -4.725 -5.05 0.9187
v -4.725 -5.05 -2.7562
v -2.7563 -2.95 4.725
v 0.9187 -2.95 4.725
v 0.9187 -7.15 4.725
v -0.9188 -0.85 -4.725
v -0.9188 -5.05 -4.725
v 2.7562 -5.05 -4.725
v 4.725 -5.05 -0.9187
v 4.725 -5.05 2.7563
v -2.3625 -10.3 -0.7875
v 0.7875 -10.3 -0.7875
v 4.725 -0.85 -0.9187
v 0.7875 -10.3 2.3625
v 4.725 -0.85 2.7563
v -2.3625 -10.3 2.3625
v 2.7562 -0.85 -4.725
v -2.7563 -7.15 4.725
v -4.725 -0.85 -2.7563
v 2.7562 1.25 -2.7563
vt 0.13 0.3953
vt 0.16 0.4186
vt 0.13 0.4186
vt 0.6 0.5349
vt 0.565 0.5581
vt 0.565 0.5349
vt 0.28 0.1424
vt 0.245 0.1628
vt 0.245 0.1424
vt 0.7 0.4186
vt 0.74 0.4419
vt 0.7 0.4419
vt 0.72 0.0698
vt 0.64 0.0465
vt 0.72 0.0465
vt 0.5 0.4186
vt 0.54 0.4419
vt 0.5 0.4419
vt 0.32 0.3953
vt 0.28 0.4186
vt 0.28 0.3953
vt 0.64 0.0698
vt 0.72 0.093
vt 0.64 0.093
vt 0.65 0.0116
vt 0.64 0
vt 0.68 0
vt 0.46 0.3663
vt 0.5 0.3488
vt 0.5 0.3663
vt 0.56 0.407
vt 0.59 0.3953
vt 0.59 0.407
vt 0.56 0.0465
vt 0.6 0.0698
vt 0.56 0.0698
vt 0.83 0.407
vt 0.86 0.3953
vt 0.86 0.407
vt 0.28 0.0233
vt 0.32 0
vt 0.32 0.0233
vt 0.885 0.5581
vt 0.92 0.5814
vt 0.885 0.5814
vt 0.345 0.1541
vt 0.38 0.1628
vt 0.35 0.1628
vt 0.3 0.1279
vt 0.33 0.1192
vt 0.335 0.1279
vt 0.69 0.1453
vt 0.68 0.1628
vt 0.67 0.1453
vt 0.28 0.5581
vt 0.32 0.5814
vt 0.28 0.5814
vt 0.565 0.7209
vt 0.6 0.7442
vt 0.565 0.7442
vt 0.6 0.5814
vt 0.64 0.5581
vt 0.64 0.5814
vt 0.13 0.4419
vt 0.16 0.4651
vt 0.13 0.4651
vt 0.68 0.407
vt 0.71 0.3953
vt 0.71 0.407
vt 0.6 0.0465
vt 0.28 0.2093
vt 0.32 0.186
vt 0.32 0.2093
vt 0.89 0.3953
vt 0.89 0.407
vt 0.56 0.2326
vt 0.78 0.1628
vt 0.78 0.2326
vt 0.56 0
vt 0.6 0.0233
vt 0.56 0.0233
vt 0.92 0.5581
vt 0.94 0.5349
vt 0.96 0.5581
vt 0.62 0.407
vt 0.65 0.3953
vt 0.65 0.407
vt 0.28 0.186
vt 0.3 0.1628
vt 0.245 0.186
vt 0.28 0.1628
vt 0.3 0.5349
vt 0.32 0.5581
vt 0.6 0.5581
vt 0.62 0.5349
vt 0.245 0.5349
vt 0.245 0.5581
vt 0.04 0.4419
vt 0 0.4477
vt 0 0.4302
vt 0.18 0.4186
vt 0.16 0.4419
vt 0.26 0.3953
vt 0.28 0.3721
vt 0.38 0.3953
vt 0.4 0.4186
vt 0.38 0.4186
vt 0.245 0.2093
vt 0.44 0.3605
vt 0.45 0.3779
vt 0.44 0.3837
vt 0.44 0.4419
vt 0.46 0.4186
vt 0.46 0.4419
vt 0.54 0.4651
vt 0.51 0.4709
vt 0.5 0.4651
vt 0.07 0.3953
vt 0.04 0.3721
vt 0.07 0.3721
vt 0.74 0.407
vt 0.77 0.3953
vt 0.77 0.407
vt 0.885 0.5349
vt 0.35 0.3023
vt 0.32 0.2849
vt 0.35 0.2849
vt 0.77 0.4117
vt 0.8 0.4117
vt 0.815 0.4268
vt 0.8 0.407
vt 0.83 0.3953
vt 0.245 0.5814
vt 0.36 0.4419
vt 0.34 0.4186
vt 0.36 0.4186
vt 0.77 0.4419
vt 0.8075 0.4494
vt 0.22 0.3953
vt 0.26 0.4186
vt 0.22 0.4186
vt 0.2 0.4186
vt 0.2 0.3953
vt 0.4 0.4419
vt 0.34 0.3721
vt 0.34 0.3953
vt 0.64 0.4419
vt 0.66 0.4651
vt 0.64 0.4651
vt 0.56 0.4419
vt 0.54 0.4186
vt 0.56 0.4186
vt 0.38 0.3721
vt 0.6 0.4419
vt 0.6 0.4186
vt 0.96 0.7209
vt 0.92 0.7442
vt 0.92 0.7209
vt 0.77 0.472
vt 0.8 0.472
vt 0.8599 0.4419
vt 0.8449 0.4569
vt 0.47 0.2849
vt 0.44 0.3023
vt 0.44 0.2849
vt 0.83 0.4117
vt 0.8449 0.4268
vt 0.96 0.6279
vt 0.92 0.6512
vt 0.92 0.6279
vt 0.04 0.3953
vt 0.02 0.4186
vt -0 0.3953
vt 0.56 0.3605
vt 0.54 0.3837
vt 0.54 0.3663
vt 0.44 0.3953
vt 0.44 0.4186
vt 0.7551 0.4569
vt 0.7401 0.4419
vt 0.7551 0.4268
vt 0.56 0.4651
vt 0.6 0.4651
vt 0.105 0.5581
vt 0.14 0.5814
vt 0.105 0.5814
vt 0.745 0.5349
vt 0.78 0.5581
vt 0.745 0.5581
vt 0.83 0.472
vt 0.32 0.4186
vt 0.68 0.3953
vt 0.36 0.4651
vt 0.4 0.4651
vt 0.66 0.4186
vt 0.64 0.4186
vt 0.74 0.3953
vt 0.34 0.4651
vt 0.44 0.4651
vt 0.47 0.2326
vt 0.44 0.2151
vt 0.47 0.2151
vt 0.2 0.3721
vt 0.22 0.3721
vt 0.8 0.3953
vt 0.4 0.0233
vt 0.44 0.0465
vt 0.4 0.0465
vt 0.04 0.4186
vt 0.2 0.4477
vt 0.2 0.4651
vt 0.56 0.3837
vt 0.55 0.3895
vt 0.46 0.4651
vt 0.5 0.4767
vt 0.47 0.4767
vt 0.4 0.3953
vt 0.44 0.3721
vt 0.54 0.4012
vt 0.46 0.3837
vt 0.55 0.5058
vt 0.535 0.4913
vt 0.56 0.4767
vt 0.2 0.4128
vt 0.56 0.5233
vt 0.56 0.5
vt 0.54 0.5349
vt 0.525 0.5203
vt 0.53 0.4884
vt 0.47 0.5116
vt 0.47 0.5
vt 0.5 0.5
vt 0.53 0.4767
vt 0.4 0
vt 0.44 0.0233
vt 0.35 0.2326
vt 0.32 0.2151
vt 0.35 0.2151
vt 0.1 0.3721
vt 0.13 0.3721
vt 0.245 0.6512
vt 0.28 0.6744
vt 0.245 0.6744
vt 0.105 0.6512
vt 0.14 0.6744
vt 0.105 0.6744
vt 0.62 0.3953
vt 0.92 0.3953
vt 0.92 0.407
vt 0.555 0.1017
vt 0.52 0.093
vt 0.56 0.093
vt 0.485 0.5203
vt 0.51 0.5058
vt 0.54 0.1366
vt 0.51 0.1279
vt 0.545 0.1279
vt 0.47 0.4884
vt 0.44 0.407
vt 0.46 0.4012
vt 0.44 0.5
vt 0.32 0.1628
vt 0.5 0.5349
vt 0.245 0.2791
vt 0.28 0.3023
vt 0.245 0.3023
vt 0.105 0.2791
vt 0.14 0.3023
vt 0.105 0.3023
vt 0.105 0.186
vt 0.14 0.2093
vt 0.105 0.2093
vt 0.4 0.3721
vt 0.16 0.3953
vt 0 0.4128
vt 0.44 0
vt 0.105 0.5349
vt 0.14 0.5581
vt 0.6 0.093
vt 0.4 0.0698
vt 0.44 0.093
vt 0.4 0.093
vt 0.44 0.0698
vt 0.105 0.1628
vt 0.14 0.186
vt 1 0.2326
vt 1 0.1628
vt 1 0.3023
vt 0.78 0.3023
vt 0.32 0.2791
vt 0.32 0.3023
vt 0.07 0.4419
vt 0.1 0.4651
vt 0.07 0.4651
vt 0.6 0.6512
vt 0.64 0.6744
vt 0.6 0.6744
vt 0.46 0.7209
vt 0.425 0.7442
vt 0.425 0.7209
vt 0.46 0.6279
vt 0.425 0.6512
vt 0.425 0.6279
vt 0.6 0.6279
vt 0.565 0.6512
vt 0.565 0.6279
vt 0.28 0.6512
vt 0.32 0.6744
vt 0.65 0.1105
vt 0.7 0.1279
vt 0.66 0.1279
vt 0.71 0.1105
vt 0.62 0.0233
vt 0.68 0.0233
vt 0.72 0
vt 0.74 0.0233
vt 0.71 0.0116
vt 0.37 0.1279
vt 0.545 0.1279
vt 0.54 0.1366
vt 0.51 0.1279
vt 0.885 0.6512
vt 0.92 0.6744
vt 0.885 0.6744
vt 0.745 0.6512
vt 0.78 0.6744
vt 0.745 0.6744
vt 0.78 0.5814
vt 0.745 0.5814
vt 0.48 0
vt 0.48 0.0233
vt 0.48 0.0465
vt 0.28 0.0465
vt 0.32 0.0465
vt 0.54 0.3488
vt 0.5 0.3837
vt 0.5 0.4012
vt 0.32 0.3721
vt 0.74 0.4651
vt 0.7 0.4651
vt 0.66 0.4419
vt 0.14 0.1424
vt 0.105 0.1424
vt 0.14 0.061
vt 0.105 0.0814
vt 0.105 0.061
vt 0.28 0.061
vt 0.245 0.0814
vt 0.245 0.061
vt 0.46 0.5349
vt 0.425 0.5581
vt 0.425 0.5349
vt 0.1 0.4186
vt 0.1 0.4419
vt 0.07 0.4186
vt 0.39 0.5349
vt 0.355 0.5581
vt 0.355 0.5349
vt 0.21 0.061
vt 0.175 0.0814
vt 0.175 0.061
vt 0.21 0.0203
vt 0.175 0.0407
vt 0.175 0.0203
vt 0.28 0.0203
vt 0.245 0.0407
vt 0.245 0.0203
vt 0.07 0.061
vt 0.035 0.0814
vt 0.035 0.061
vt 0.07 0.0203
vt 0.035 0.0407
vt 0.035 0.0203
vt 0.14 0.0203
vt 0.105 0.0407
vt 0.105 0.0203
vt 0.07 0.1424
vt 0.035 0.1628
vt 0.035 0.1424
vt 0.07 0.1017
vt 0.035 0.1221
vt 0.035 0.1017
vt 0.14 0.1017
vt 0.105 0.1221
vt 0.105 0.1017
vt 0.76 0
vt 0.36 0.0698
vt 0.32 0.0698
vt 0.36 0.093
vt 0.32 0.093
vt 0.48 0.0698
vt 0.48 0.093
vt 0.36 0.0465
vt 0.52 0.0465
vt 0.52 0
vt 0.745 0.6047
vt 0.78 0.6279
vt 0.745 0.6279
vt 0.675 0.6047
vt 0.71 0.6279
vt 0.675 0.6279
vt 0.675 0.5581
vt 0.71 0.5814
vt 0.675 0.5814
vt 0.745 0.6977
vt 0.78 0.7209
vt 0.745 0.7209
vt 0.675 0.6977
vt 0.71 0.7209
vt 0.675 0.7209
vt 0.675 0.6512
vt 0.71 0.6744
vt 0.675 0.6744
vt 0.885 0.6977
vt 0.885 0.7209
vt 0.815 0.6977
vt 0.85 0.7209
vt 0.815 0.7209
vt 0.815 0.6512
vt 0.85 0.6744
vt 0.815 0.6744
vt 0.505 0.1453
vt 0.535 0.1541
vt 0.53 0.1628
vt 0.5 0.1628
vt 0.475 0.1279
vt 0.515 0.1105
vt 0.55 0.1192
vt 0.365 0.1105
vt 0.325 0.1017
vt 0.29 0.1105
vt 0.405 0.1279
vt 0.375 0.1453
vt 0.31 0.1453
vt 0.34 0.1366
vt 0.41 0.1628
vt 0.57 0.1453
vt 0.475 0.1279
vt 0.59 0.1105
vt 0.55 0.1192
vt 0.28 0.6977
vt 0.32 0.7209
vt 0.28 0.7209
vt 0.53 0.6279
vt 0.495 0.6512
vt 0.495 0.6279
vt 0.53 0.5814
vt 0.495 0.6047
vt 0.495 0.5814
vt 0.565 0.5814
vt 0.6 0.6047
vt 0.565 0.6047
vt 0.355 0.6279
vt 0.39 0.6512
vt 0.355 0.6512
vt 0.39 0.5814
vt 0.355 0.6047
vt 0.355 0.5814
vt 0.46 0.5814
vt 0.425 0.6047
vt 0.425 0.5814
vt 0.39 0.7209
vt 0.355 0.7442
vt 0.355 0.7209
vt 0.355 0.6744
vt 0.39 0.6977
vt 0.355 0.6977
vt 0.46 0.6744
vt 0.425 0.6977
vt 0.425 0.6744
vt 0.6 0.6977
vt 0.64 0.7209
vt 0.6 0.7209
vt 0.04 0.4651
vt 0.52 0.0698
vt 0.28 0.3488
vt 0.32 0.3256
vt 0.32 0.3488
vt 0.36 0.0233
vt 0.07 0.186
vt 0.035 0.186
vt 0.035 0.5349
vt 0.07 0.5581
vt 0.035 0.5581
vt 0.52 0.0233
vt 0.36 0
vt 0.105 0.2326
vt 0.14 0.2558
vt 0.105 0.2558
vt 0.035 0.2326
vt 0.07 0.2558
vt 0.035 0.2558
vt 0.07 0.2093
vt 0.035 0.2093
vt 0.105 0.3256
vt 0.14 0.3488
vt 0.105 0.3488
vt 0.035 0.3488
vt 0.07 0.3256
vt 0.07 0.3488
vt 0.035 0.2791
vt 0.07 0.3023
vt 0.035 0.3023
vt 0.245 0.3256
vt 0.245 0.3488
vt 0.175 0.3256
vt 0.21 0.3488
vt 0.175 0.3488
vt 0.175 0.3023
vt 0.21 0.2791
vt 0.21 0.3023
vt 0.44 0.4767
vt 0.105 0.6977
vt 0.14 0.7209
vt 0.105 0.7209
vt 0.035 0.6977
vt 0.07 0.7209
vt 0.035 0.7209
vt 0.035 0.6512
vt 0.07 0.6744
vt 0.035 0.6744
vt 0.405 0.1279
vt 0.245 0.6977
vt 0.245 0.7209
vt 0.175 0.6977
vt 0.21 0.7209
vt 0.175 0.7209
vt 0.175 0.6512
vt 0.21 0.6744
vt 0.175 0.6744
vt 0.16 0.3721
vt 0.35 0.1977
vt 0.32 0.1802
vt 0.35 0.1802
vt 0.41 0.1977
vt 0.38 0.1802
vt 0.41 0.1802
vt 0.41 0.2326
vt 0.38 0.2151
vt 0.41 0.2151
vt 0.44 0.5233
vt 0.47 0.1977
vt 0.44 0.1802
vt 0.47 0.1802
vt 0.53 0.1977
vt 0.5 0.1802
vt 0.53 0.1802
vt 0.53 0.2326
vt 0.5 0.2151
vt 0.53 0.2151
vt 0.675 0.5349
vt 0.71 0.5581
vt 0.105 0.6047
vt 0.14 0.6279
vt 0.105 0.6279
vt 0.035 0.6047
vt 0.07 0.6279
vt 0.035 0.6279
vt 0.07 0.5814
vt 0.035 0.5814
vt 0.96 0.6047
vt 0.92 0.6047
vt 0.47 0.25
vt 0.44 0.2674
vt 0.44 0.25
vt 0.53 0.2674
vt 0.5 0.25
vt 0.53 0.25
vt 0.53 0.2849
vt 0.5 0.3023
vt 0.5 0.2849
vt 0.96 0.6744
vt 0.92 0.6977
vt 0.245 0.6047
vt 0.28 0.6279
vt 0.245 0.6279
vt 0.175 0.6047
vt 0.21 0.6279
vt 0.175 0.6279
vt 0.175 0.5581
vt 0.21 0.5814
vt 0.175 0.5814
vt 0.35 0.2674
vt 0.32 0.25
vt 0.35 0.25
vt 0.41 0.25
vt 0.38 0.2674
vt 0.38 0.25
vt 0.41 0.2849
vt 0.38 0.3023
vt 0.38 0.2849
vt 0.815 0.5349
vt 0.85 0.5581
vt 0.815 0.5581
vt 0.1 0.3953
vt 0.245 0.2326
vt 0.28 0.2558
vt 0.245 0.2558
vt 0.175 0.2326
vt 0.21 0.2558
vt 0.175 0.2558
vt 0.175 0.2093
vt 0.21 0.186
vt 0.21 0.2093
vt 0.175 0.5349
vt 0.21 0.5581
vt 0.175 0.186
vt 0.21 0.1628
vt 0.32 0.2326
vt 0.32 0.2558
vt 0.64 0.6279
vt 0.53 0.7209
vt 0.495 0.7442
vt 0.495 0.7209
vt 0.53 0.6744
vt 0.495 0.6977
vt 0.495 0.6744
vt 0.565 0.6744
vt 0.565 0.6977
vt 0.28 0.6047
vt 0.32 0.6279
vt 0.6 0
vt 0.885 0.6047
vt 0.885 0.6279
vt 0.815 0.6047
vt 0.85 0.6279
vt 0.815 0.6279
vt 0.85 0.5814
vt 0.815 0.5814
vt 0.21 0.1424
vt 0.175 0.1628
vt 0.175 0.1424
vt 0.21 0.1017
vt 0.175 0.1221
vt 0.175 0.1017
vt 0.28 0.1017
vt 0.245 0.1221
vt 0.245 0.1017
vt 0.53 0.5349
vt 0.495 0.5581
vt 0.495 0.5349
vt 0.46 0.5581
vt 0.21 0.1221
vt 0.21 0.0814
vt 0.28 0.0814
vt 0.14 0.1221
vt 0.14 0.0814
vt 0.14 0.1628
vt 0.85 0.6047
vt 0.78 0.6047
vt 0.85 0.6512
vt 0.78 0.6512
vt 0.44 0.1279
vt 0.44 0.1279
vt 0.32 0.6512
vt 0.53 0.6977
vt 0.53 0.6512
vt 0.46 0.6977
vt 0.46 0.6512
vt 0.46 0.7442
vt 0.64 0.6512
vt 0.28 0.2791
vt 0.14 0.5349
vt 0.21 0.2326
vt 0.14 0.2326
vt 0.175 0.2791
vt 0.14 0.2791
vt 0.78 0.5349
vt 0.41 0.2674
vt 0.41 0.3023
vt 0.38 0.2326
vt 0.44 0.2326
vt 0.21 0.6047
vt 0.14 0.6047
vt 0.21 0.6512
vt 0.14 0.6512
vt 0.96 0.6512
vt 0.5 0.2674
vt 0.56 0.2849
vt 0.56 0.2674
vt 0.56 0.3023
vt 0.5 0.2326
vt 0.56 0.25
vt 0.47 0.2674
vt 0.07 0.6047
vt 0 0.5814
vt 0 0.6047
vt 0 0.5581
vt 0.07 0.6512
vt 0 0.6279
vt 0 0.6512
vt 0.64 0.5349
vt 0.5 0.1977
vt 0.56 0.2151
vt 0.56 0.1977
vt 0.56 0.1802
vt 0.56 0.1628
vt 0.44 0.1628
vt 0.47 0.1628
vt 0.28 -0
vt 0.38 0.1977
vt 0.44 0.1977
vt 0.21 0.6977
vt 0.14 0.6977
vt 0.21 0.7442
vt 0.175 0.7442
vt 0.14 0.7442
vt 0.28 0.7442
vt 0.245 0.7442
vt 0.07 0.6977
vt 0 0.6744
vt 0 0.6977
vt 0.07 0.7442
vt 0.035 0.7442
vt 0 0.7209
vt 0 0.7442
vt 0.105 0.7442
vt 0.58 0.1279
vt 0.21 0.3256
vt 0.14 0.3256
vt 0.21 0.3721
vt 0.175 0.3721
vt 0.14 0.3721
vt 0.245 0.3721
vt 0.035 0.3256
vt 0 0.3023
vt 0 0.3256
vt 0 0.2791
vt 0.07 0.3721
vt 0.035 0.3721
vt -0 0.3721
vt 0 0.3488
vt 0.105 0.3721
vt 0.07 0.2326
vt 0 0.2093
vt 0 0.2326
vt -0 0.186
vt 0.07 0.2791
vt 0 0.2558
vt 0 0.5349
vt 0.28 0.0698
vt 0.28 0.093
vt -0 0.1628
vt 0.64 0.7442
vt 0.39 0.6744
vt 0.32 0.6977
vt 0.32 0.7442
vt 0.39 0.6047
vt 0.39 0.5581
vt 0.32 0.6047
vt 0.53 0.6047
vt 0.53 0.5581
vt 0.46 0.6047
vt 0.85 0.6977
vt 0.78 0.6977
vt 0.85 0.7442
vt 0.815 0.7442
vt 0.78 0.7442
vt 0.885 0.7442
vt 0.71 0.6977
vt 0.64 0.6977
vt 0.71 0.7442
vt 0.675 0.7442
vt 0.745 0.7442
vt 0.71 0.6047
vt 0.64 0.6047
vt 0.71 0.6512
vt 0.07 0.1221
vt 0.07 0.0814
vt 0 0.1221
vt 0 0.1017
vt 0 0.0814
vt 0 0.1424
vt 0.07 0.0407
vt 0.105 0
vt 0.07 0
vt 0.14 0
vt 0 0.0407
vt 0 0.0203
vt 0.035 0
vt -0 -0
vt 0 0.061
vt 0.21 0.0407
vt 0.245 0
vt 0.21 0
vt 0.14 0.0407
vt 0.175 0
vt 0.32 0.5349
vt 0.28 0.0407
vt 0.07 0.1628
vt 0.39 0.6279
vt 0.39 0.7442
vt 0.28 0.3256
vt 0.07 0.5349
vt 0.32 0.1977
vt 0.71 0.5349
vt 0.47 0.3023
vt 0.96 0.6977
vt 0.32 0.2674
vt 0.85 0.5349
vt 0.28 0.2326
vt 0.21 0.5349
vt 0.53 0.7442
vt 0.28 0.1221
vt 0.74 0.4186
vt 0.46 0.3488
vt 0.56 0.3953
vt 0.28 0.5349
vt -0 0.4651
vt 0.26 0.3721
vt 0.92 0.5349
vt 0.32 0.3023
vt 0.34 0.4419
vt 0.96 0.7442
vt 0.2 0.4302
vt 0.96 0.5814
vt 0.53 0.3023
s 1
f 2163/1866 1934/1867 2235/1868
f 1814/1869 2387/1870 2451/1871
f 2452/1872 2296/1873 2740/1874
f 2003/1875 1944/1876 2049/1877
f 1894/1878 1779/1879 1781/1880
f 2006/1881 1950/1882 2048/1883
f 1999/1884 1873/1885 1940/1886
f 1887/1887 1776/1888 1772/1889
f 2228/1890 2153/1891 1986/1892
f 2225/1890 2128/1891 1982/1892
f 2166/1893 2003/1894 2223/1895
f 1847/1896 1961/1897 1969/1898
f 2220/1890 2133/1891 1988/1892
f 2270/1899 1891/1900 2375/1901
f 2021/1902 1830/1903 1848/1904
f 1896/1905 2428/1906 2494/1907
f 2299/1908 2286/1909 2739/1910
f 2634/1911 2136/1912 2318/1913
f 1913/1914 2631/1915 2486/1916
f 2151/1891 1983/1892 2205/1890
f 1915/1914 2628/1915 2484/1916
f 2080/1917 1794/1918 2081/1919
f 2078/1919 2082/1917 1795/1918
f 2083/1917 1796/1918 2074/1919
f 2075/1919 2077/1917 1797/1918
f 1807/1920 2289/1921 2285/1922
f 2738/1923 1800/1924 2421/1925
f 2271/1899 1893/1900 2357/1901
f 2320/1926 1812/1927 2294/1928
f 2090/1929 1818/1930 2121/1931
f 1845/1932 1962/1933 2018/1934
f 2355/1901 1780/1935 1887/1900
f 2283/1936 1806/1937 2279/1938
f 1842/1904 1953/1939 1959/1940
f 2024/1941 1978/1942 2037/1943
f 2315/1944 1904/1945 2353/1946
f 1813/1947 1815/1948 1810/1949
f 1846/1950 1965/1951 2020/1952
f 1806/1937 1811/1953 1816/1954
f 2297/1955 1816/1956 1811/1953
f 1807/1920 1817/1957 1809/1958
f 1812/1927 1808/1959 1814/1960
f 2313/1899 1889/1900 2351/1901
f 2322/1961 1807/1920 2300/1962
f 1897/1945 2431/1899 2470/1946
f 1824/1963 2067/1964 1937/1965
f 1939/1966 1823/1967 1934/1867
f 2001/1968 1880/1969 1940/1886
f 1980/1878 1775/1889 1889/1887
f 1975/1970 1867/1971 1866/1972
f 2297/1955 2283/1936 2737/1973
f 1862/1974 1945/1975 1946/1976
f 1948/1977 1864/1978 1970/1979
f 1893/1887 1782/1880 1895/1878
f 1854/1980 1951/1981 1949/1982
f 2141/1983 1821/1984 2111/1985
f 1838/1986 1952/1987 2013/1988
f 2295/1989 1813/1947 2299/1908
f 2448/1990 2425/1991 2736/1992
f 2314/1944 1901/1945 2339/1946
f 1848/1904 1964/1939 1968/1940
f 1842/1993 1959/1994 1958/1995
f 1839/1932 1957/1933 2016/1934
f 1841/1896 1956/1897 1960/1898
f 1843/1996 1955/1997 2015/1902
f 2300/1962 2285/1922 2735/1998
f 1844/1986 1963/1987 2019/1988
f 1840/1950 1954/1951 2014/1952
f 1848/1993 1968/1994 1967/1995
f 1973/1999 1863/2000 1862/2001
f 2022/2002 1967/1995 2029/2003
f 1942/2004 1872/2005 1869/2006
f 1942/2004 1868/2007 1941/2008
f 1946/1971 1948/1977 2028/2009
f 1999/1884 1874/2010 1976/2011
f 1972/2012 1851/2013 1850/2014
f 1971/2015 1859/2016 1858/2017
f 1976/2011 1877/2018 1975/1970
f 2027/2019 1858/2017 1974/2020
f 2449/2021 1805/2022 2407/2023
f 1844/2024 2029/2003 2018/2025
f 2029/2003 1846/2026 2020/2027
f 2734/2028 1991/2029 2464/2030
f 1968/1994 1847/2031 1969/2032
f 2439/2033 1922/2034 2406/2035
f 1825/2036 1938/2037 1821/2038
f 1861/2039 2004/2040 2144/2041
f 1867/1971 1941/2042 1868/2043
f 2019/2044 1849/2045 2021/2046
f 2025/2003 1840/2026 2014/2027
f 1855/2047 2027/2019 2009/2048
f 2306/2049 2458/2050 2733/2051
f 2022/2002 2019/2044 2021/2046
f 2303/2052 1930/2053 2282/2054
f 2022/2002 2021/2046 1848/1993
f 1871/2000 1975/1970 1866/1972
f 1958/1995 1960/2032 1840/2026
f 1838/2024 2025/2003 2016/2025
f 2017/2002 2013/2044 2015/2046
f 1839/2055 2025/2003 2014/2027
f 2017/2002 2015/2046 1842/1993
f 1870/2056 1976/2011 1871/2000
f 1967/1995 1969/2032 1846/2026
f 2014/1952 1833/2057 1839/1932
f 1853/2058 2028/2009 1947/2059
f 1860/2060 1972/2012 1861/2061
f 2016/1934 1832/2062 1838/1986
f 1852/2063 1973/1999 1853/2058
f 2028/2009 1856/2064 1947/2059
f 2342/2065 2463/2066 2732/2067
f 1942/2004 1879/2068 1878/2069
f 2013/1988 1837/2070 1843/1996
f 2339/1946 1779/1935 2270/1899
f 1878/2069 2001/1968 1942/2004
f 1845/2055 2029/2003 2020/2027
f 2340/2071 1900/2072 2310/2073
f 1855/2047 1950/1882 1971/2015
f 1938/2037 1996/2074 1824/1963
f 2164/2075 1818/2076 1823/1967
f 1861/2039 1974/2077 2005/2078
f 1972/2012 1974/2020 1861/2061
f 1857/2079 2012/2080 2148/2081
f 1967/1995 1968/1994 1969/2032
f 2000/2082 1879/2083 1941/2042
f 2005/2078 2165/2084 2004/2040
f 1858/1896 2005/2078 1974/2077
f 1850/2014 2027/2019 1972/2012
f 1945/1975 2166/1893 2007/2085
f 2008/2086 2146/2087 1855/2088
f 2142/2089 1939/1966 1820/2008
f 1850/2090 2008/2086 2009/2091
f 1851/2092 2174/2093 2008/2086
f 2146/2087 2147/2094 1855/2088
f 2168/2095 2172/2096 2011/2097
f 1951/1981 2169/2098 2012/2080
f 2324/2099 2031/2100 2340/2071
f 2341/2101 2396/2102 2731/2103
f 2163/1866 1935/2104 2120/2105
f 1958/1995 1959/1994 1960/2032
f 2015/1902 1836/1903 1842/1904
f 2335/2106 2293/2107 2730/2108
f 1916/1914 2589/1915 2454/1916
f 2013/2044 1843/2045 2015/2046
f 1838/2024 2013/2044 2017/2002
f 2336/2109 2457/2110 2729/2111
f 1960/1898 1834/2112 1840/1950
f 1959/1994 1841/2031 1960/2032
f 2019/1988 1831/2070 1849/1996
f 1968/1940 1829/2113 1847/2114
f 1857/2079 1949/1982 1951/1981
f 2017/2002 1958/1995 2025/2003
f 2582/2115 2056/2116 2265/2117
f 1844/2024 2019/2044 2022/2002
f 2167/2118 2011/2097 2010/2119
f 2579/2120 2170/2121 2333/2122
f 2147/2094 2169/2098 1855/2088
f 2173/2123 2148/2081 2012/2080
f 2174/2093 2010/2119 2008/2086
f 1865/2124 2007/2085 2145/2125
f 2172/2096 1947/2126 2173/2123
f 1796/2127 2576/1911 2447/1913
f 1855/2088 2009/2091 2008/2086
f 1943/2128 2167/2118 2010/2119
f 1973/1999 1946/1971 2028/2009
f 1849/1996 1966/1997 2021/1902
f 1777/1889 1895/1878 1774/1888
f 1856/2064 1970/1979 1857/2079
f 1865/2124 1946/1976 1945/1975
f 2345/2129 2288/2130 2728/2131
f 2346/2132 2467/2133 2727/2134
f 2291/2135 2468/2136 2726/2137
f 1876/2138 1975/1970 1877/2018
f 1778/1880 1889/1887 1783/1879
f 1872/2005 1940/1886 1873/1885
f 1939/1966 1822/2139 1820/2008
f 1938/2037 2114/2140 1821/2038
f 2034/2100 2394/2073 2469/2071
f 1989/2141 2469/2071 2436/2099
f 2446/1944 1897/1945 2470/1946
f 2332/2142 1931/2143 2306/2049
f 2351/1901 1775/2144 2263/2117
f 2352/2145 1888/2146 2268/2147
f 2323/2073 2035/2148 2352/2145
f 2262/2149 1929/2150 2291/2135
f 2020/1952 1827/2057 1845/1932
f 2353/1946 1785/1935 2271/1899
f 2354/2071 1903/2072 2307/2073
f 2325/2099 2036/2100 2354/2071
f 1977/2151 1978/1942 1882/2152
f 1884/2153 2037/1943 1977/2151
f 2023/2154 2024/1941 2037/1943
f 1959/1940 1835/2113 1841/2114
f 2288/2130 1917/2155 2273/2156
f 2355/1901 1772/2144 2392/2117
f 2381/2147 2038/2148 1886/2146
f 2356/2145 1906/2072 2038/2148
f 2018/1934 1826/2062 1844/1986
f 2109/2157 1936/2158 2112/2159
f 1993/2160 2264/2161 2330/2162
f 2357/1901 1777/2144 2266/2117
f 2358/2145 1892/2146 2278/2147
f 2307/2073 2039/2148 2358/2145
f 2359/2163 2412/2164 2725/2165
f 2360/2166 2481/2167 2724/2168
f 2440/2169 2482/2170 2723/2171
f 1921/2172 2312/2173 2293/2107
f 2062/2174 1911/2175 1910/2176
f 1916/2175 2061/2174 2064/2177
f 2143/2177 1912/2176 2060/2174
f 1913/2175 2116/2174 2059/2177
f 2549/2115 2054/2116 2263/2117
f 2546/2120 2203/2121 2363/2122
f 1795/2127 2543/1911 2429/1913
f 1897/2178 2205/1890 2207/2179
f 2129/2180 1984/2181 2206/2182
f 2207/2179 1984/2181 1784/1880
f 2540/2115 2057/2116 2266/2117
f 2537/2120 2208/2121 2365/2122
f 1794/2127 2534/1911 2425/1913
f 2531/1915 2210/2183 2367/1916
f 2392/2117 2528/2115 2069/2116
f 2488/2184 2525/2185 2211/2186
f 2369/2187 2287/2188 2722/2189
f 2370/2190 2491/2191 2721/2192
f 2282/2054 2492/2193 2720/2194
f 2045/2100 2389/2195 2493/2196
f 1979/2072 2493/2196 2433/2197
f 1782/2198 2494/1907 2443/2199
f 2375/1901 1771/2144 2265/2117
f 2376/2145 1890/2146 2277/2147
f 2310/2073 2046/2148 2376/2145
f 1898/2178 2220/1890 2222/2179
f 2221/2182 1988/1892 2155/2180
f 2222/2179 1905/2181 1778/1880
f 1969/1898 1828/2112 1846/1950
f 2223/1895 1860/2200 2144/2041
f 2165/2084 2047/2201 2004/2040
f 2145/2125 2047/2201 2224/2202
f 1904/2178 2225/1890 2227/2179
f 2226/2182 1982/1892 2150/2180
f 2227/2179 1896/2181 1782/1880
f 1901/2178 2228/1890 2230/2179
f 2229/2182 1986/1892 2131/2180
f 2230/2179 1902/2181 1781/1880
f 1780/1879 1981/1878 1887/1887
f 1875/2203 1940/1886 1880/1969
f 2048/1883 1854/1980 1949/1982
f 1970/1979 1949/1982 1857/2079
f 1864/1978 2048/1883 1970/1979
f 1773/1888 1891/1887 1894/1878
f 2049/1877 1852/2204 1943/2205
f 2002/2206 1943/2205 1851/2013
f 1860/2060 2049/1877 2002/2206
f 2377/2207 2262/2149 2719/2208
f 2378/2209 2499/2210 2718/2211
f 2442/2212 2500/2213 2717/2214
f 1994/2215 2422/2216 2441/2217
f 2235/1868 1823/1967 2090/1929
f 2109/2157 2051/2218 1933/2219
f 2141/1983 2051/2218 2236/2220
f 1996/2074 2141/1983 2236/2220
f 1824/1963 2236/2220 2109/2157
f 2051/2218 2090/1929 1933/2219
f 2139/2221 2302/2222 2321/2223
f 2501/2224 2380/2225 2716/2226
f 2502/2227 2503/2228 2715/2229
f 2322/2230 2504/2231 2714/2232
f 2505/2233 2379/2234 2713/2235
f 2506/2236 2507/2237 2712/2238
f 2498/2239 2508/2240 2711/2241
f 2509/2242 2382/2243 2710/2244
f 2510/2245 2511/2246 2709/2247
f 2497/2248 2512/2249 2708/2250
f 1902/2181 2131/2180 1789/2251
f 2230/2179 2229/2182 1902/2181
f 2230/2179 2228/1890 2229/2182
f 2228/1890 1986/1892 2229/2182
f 1896/2181 2150/2180 1790/2251
f 2227/2179 2226/2182 1896/2181
f 2227/2179 2225/1890 2226/2182
f 2225/1890 1982/1892 2226/2182
f 1864/1978 2224/2202 2006/1881
f 1859/2016 2224/2202 2165/2084
f 2047/2201 2144/2041 2004/2040
f 1905/2181 2155/2180 1786/2251
f 2222/2179 2221/2182 1905/2181
f 2222/2179 2220/1890 2221/2182
f 2220/1890 1988/1892 2221/2182
f 2430/2199 2219/2252 2496/2253
f 2496/2253 2076/2254 2397/2255
f 2495/2256 2056/2116 2385/2257
f 2149/2258 2374/2071 2323/2073
f 2127/2259 2373/1946 2313/1899
f 2373/1946 2065/2260 2269/1944
f 2513/2261 2372/2262 2707/2263
f 2514/2264 2515/2265 2706/2266
f 2402/2267 2516/2268 2705/2269
f 2517/2270 2371/2271 2704/2272
f 2518/2273 2519/2274 2703/2275
f 2490/2276 2520/2277 2702/2278
f 2521/2279 2407/2023 2701/2280
f 2522/2281 2523/2282 2700/2283
f 2489/2284 2524/2285 2699/2286
f 2211/2186 2525/2185 2527/2287
f 2526/2288 2448/2289 2158/2290
f 2368/2291 2211/2186 2527/2287
f 2069/2116 2528/2115 2530/2292
f 2529/2293 2488/2184 2211/2186
f 2272/2257 2069/2116 2530/2292
f 2052/2254 2533/2294 2532/2295
f 2119/2296 2261/2255 2532/2295
f 2533/2294 2487/2297 2210/2183
f 2115/1912 2534/1911 2536/2298
f 2080/2299 2486/1916 2535/2300
f 2305/2301 2115/1912 2536/2298
f 2078/2302 2538/2288 2537/2120
f 2276/2289 2073/2290 2538/2288
f 2539/2287 2485/2303 2208/2121
f 2060/2304 2541/2305 2540/2115
f 2365/2122 2208/2121 2541/2305
f 2542/2292 2386/2257 2057/2116
f 1983/1892 2129/2180 2206/2182
f 2207/2179 2206/2182 1984/2181
f 2207/2179 2205/1890 2206/2182
f 2205/1890 1983/1892 2206/2182
f 2123/1912 2543/1911 2545/2298
f 2082/2299 2484/1916 2544/2300
f 2309/2301 2123/1912 2545/2298
f 2074/2302 2547/2288 2546/2120
f 2275/2289 2072/2290 2547/2288
f 2548/2287 2483/2303 2203/2121
f 2061/2304 2550/2305 2549/2115
f 2363/2122 2203/2121 2550/2305
f 2551/2292 2383/2257 2054/2116
f 2059/2177 1772/1889 1776/1888
f 1774/1888 2060/2174 1777/1889
f 2064/2177 1775/1889 1770/1888
f 1773/1888 2062/2174 1771/1889
f 2099/2306 2432/2307 2413/2308
f 2552/2309 2362/2310 2698/2311
f 2553/2312 2554/2313 2697/2314
f 2696/2315 2138/2316 2555/2317
f 2695/2318 2201/2319 2361/2320
f 2557/2321 2558/2322 2694/2323
f 2480/2324 2559/2325 2693/2326
f 2560/2327 2292/2328 2692/2329
f 2691/2330 2245/2331 2562/2332
f 2479/2333 2563/2334 2690/2335
f 2427/2199 2198/2252 2478/2253
f 2478/2253 2079/2254 2398/2255
f 2477/2256 2057/2116 2386/2257
f 2160/2336 2384/2337 2450/2338
f 1824/1963 2112/2159 1819/2339
f 2274/2199 2196/2252 2476/2253
f 2476/2253 2052/2254 2261/2255
f 2272/2257 2195/2340 2069/2116
f 2408/2341 2070/2342 2393/2343
f 2445/1906 2194/2344 2474/1907
f 2474/1907 2118/2258 2427/2199
f 2473/2196 2068/2259 2391/2197
f 2382/2243 2097/2345 2411/2346
f 2443/2199 2192/2252 2472/2253
f 2472/2253 2063/2254 2388/2255
f 2471/2256 2054/2116 2383/2257
f 2452/2347 2117/2348 2426/2349
f 2326/2195 2190/2350 2350/2196
f 2134/2351 2349/1907 2316/1906
f 2189/2344 2274/2199 2349/1907
f 2564/2352 2348/2353 2689/2354
f 2565/2355 2566/2356 2688/2357
f 2411/2346 2567/2358 2687/2359
f 2568/2360 2347/2361 2686/2362
f 2685/2363 2247/2364 2570/2365
f 2466/2366 2571/2367 2684/2368
f 2572/2369 2408/2341 2683/2370
f 2573/2371 2574/2372 2682/2373
f 2681/2374 2185/2375 2575/2376
f 2157/1912 2576/1911 2578/2298
f 2083/2299 2454/1916 2577/2300
f 2327/2301 2157/1912 2578/2298
f 2011/2097 2173/2123 2012/2080
f 1856/2377 2173/2123 1947/2126
f 2012/2080 2147/2094 2011/2097
f 2075/2302 2580/2288 2579/2120
f 2317/2289 2135/2290 2580/2288
f 2581/2287 2453/2303 2170/2121
f 1852/2215 2168/2095 2167/2118
f 2062/2304 2583/2305 2582/2115
f 2333/2122 2170/2121 2583/2305
f 2584/2292 2385/2257 2056/2116
f 2585/2378 2337/2379 2680/2380
f 2586/2381 2587/2382 2679/2383
f 2456/2384 2588/2385 2678/2386
f 2171/2183 2589/1915 2591/2294
f 2064/2296 2397/2255 2590/2295
f 2334/2387 2171/2183 2591/2294
f 2592/2388 2413/2308 2677/2389
f 2593/2390 2594/2391 2676/2392
f 2455/2393 2595/2394 2675/2395
f 1822/2139 2120/2105 1820/2396
f 2596/2397 2276/2398 2674/2399
f 2597/2400 2598/2401 2673/2402
f 2461/2403 2599/2404 2672/2405
f 2444/1906 2180/2344 2460/1907
f 1947/2126 2168/2095 1853/2406
f 2010/2119 2147/2094 2146/2087
f 2460/1907 2124/2258 2430/2199
f 2459/2196 2066/2259 2390/2197
f 2600/2407 2343/2408 2671/2409
f 2601/2410 2602/2411 2670/2412
f 2462/2413 2603/2414 2669/2415
f 2423/2416 2087/2417 2402/2267
f 2604/2418 2338/2419 2668/2420
f 2605/2421 2606/2422 2667/2423
f 2426/2349 2607/2424 2666/2425
f 2286/1909 2137/2426 2092/2427
f 2665/2428 2184/2429 2344/2430
f 2609/2431 2610/2432 2664/2433
f 2663/2434 2136/2435 2611/2436
f 2329/2437 2093/2438 2287/2188
f 2612/2439 2405/2440 2662/2441
f 2613/2442 2614/2443 2661/2444
f 2420/2445 2615/2446 2660/2447
f 2434/2195 2179/2350 2459/2196
f 2616/2448 2305/2449 2659/2450
f 2658/2451 2256/2452 2618/2453
f 2657/2454 2158/2455 2619/2456
f 2415/2457 2105/2458 2419/2459
f 1997/2460 2111/1985 1935/2104
f 2620/2461 2403/2462 2656/2463
f 2621/2464 2622/2465 2655/2466
f 2654/2467 2103/2468 2623/2469
f 2190/2350 2311/2197 2350/2196
f 2442/2470 2106/2471 2420/2445
f 2433/2197 2191/2340 2471/2256
f 2417/2472 2102/2473 2103/2468
f 2435/2195 2193/2350 2473/2196
f 2403/2462 2084/2474 2399/2475
f 2475/2256 2125/2259 2195/2340
f 1933/2219 2121/1931 1936/2158
f 2138/2316 2414/2476 2440/2169
f 2391/2197 2197/2340 2477/2256
f 2624/2477 2301/2478 2653/2479
f 2625/2480 2626/2481 2652/2482
f 2651/2483 2160/2336 2627/2484
f 2091/2485 2409/2486 2405/2440
f 1910/2176 2077/1917 2075/1919
f 1916/2175 2074/1919 1909/2176
f 1915/2175 2078/1919 1912/2176
f 2080/1917 1914/2176 1913/2175
f 2204/2183 2628/1915 2630/2294
f 2143/2296 2388/2255 2629/2295
f 2364/2387 2204/2183 2630/2294
f 2151/1891 1897/2178 1788/2487
f 2209/2183 2631/1915 2633/2294
f 2059/2296 2398/2255 2632/2295
f 2366/2387 2209/2183 2633/2294
f 2210/2183 2636/2298 2635/2300
f 2077/2299 2367/1916 2635/2300
f 2636/2298 2438/2301 2136/1912
f 2637/2488 2406/2035 2650/2489
f 2638/2490 2639/2491 2649/2492
f 2419/2459 2640/2493 2648/2494
f 2217/2344 2308/2099 2374/2071
f 2390/2197 2218/2340 2495/2256
f 1898/2178 2133/1891 2220/1890
f 2007/2085 2223/1895 2047/2201
f 1904/2178 2128/1891 2225/1890
f 1901/2178 2153/1891 2228/1890
f 2641/2495 2416/2496 2647/2497
f 2642/2498 2643/2499 2646/2500
f 2332/2501 2644/2502 2645/2503
f 2161/2504 2267/2505 2331/2506
f 2051/2218 2163/1866 2235/1868
f 2331/2506 1932/2507 1994/2215
f 2645/2503 2260/2508 2642/2498
f 2500/2213 2642/2498 2234/2509
f 1995/2510 2645/2503 2500/2213
f 2646/2500 2231/2511 2497/2248
f 2380/2225 2497/2248 2050/2512
f 2234/2509 2646/2500 2380/2225
f 2647/2497 1928/2513 2377/2207
f 2643/2499 2377/2207 2231/2511
f 2260/2508 2647/2497 2643/2499
f 1900/2072 2495/2256 2046/2148
f 2374/2071 1899/2141 2045/2100
f 2648/2494 2259/2514 2638/2490
f 2492/2193 2638/2490 2215/2515
f 1930/2053 2648/2494 2492/2193
f 2649/2492 2212/2516 2489/2284
f 2372/2262 2489/2284 2044/2517
f 2215/2515 2649/2492 2372/2262
f 2650/2489 1922/2034 2369/2187
f 2639/2491 2369/2187 2212/2516
f 2259/2514 2650/2489 2639/2491
f 2487/2297 2438/2301 2636/2298
f 2487/2297 2636/2298 2210/2183
f 2043/2518 2438/2301 2487/2297
f 2210/2183 2635/2300 2367/1916
f 2635/2300 2634/1911 2077/2299
f 2635/2300 2636/2298 2634/1911
f 2636/2298 2136/1912 2634/1911
f 2366/2387 2633/2294 2278/2147
f 2278/2147 2633/2294 2079/2254
f 2366/2387 1892/2146 2042/2519
f 2079/2254 2632/2295 2398/2255
f 2633/2294 2632/2295 2079/2254
f 2633/2294 2631/1915 2632/2295
f 2631/1915 2059/2296 2632/2295
f 2364/2387 2630/2294 2268/2147
f 2268/2147 2630/2294 2063/2254
f 2364/2387 1888/2146 2041/2519
f 2063/2254 2629/2295 2388/2255
f 2630/2294 2629/2295 2063/2254
f 2630/2294 2628/1915 2629/2295
f 2628/1915 2143/2296 2629/2295
f 2405/2440 1923/2520 1921/2172
f 2625/2480 2627/2484 2258/2521
f 2482/2170 2625/2480 2202/2522
f 2482/2170 2330/2162 2651/2483
f 2652/2482 2199/2523 2479/2333
f 2362/2310 2479/2333 2040/2524
f 2202/2522 2652/2482 2362/2310
f 2653/2479 1925/2525 2359/2163
f 2626/2481 2359/2163 2199/2523
f 2258/2521 2653/2479 2626/2481
f 1903/2072 2477/2256 2039/2148
f 2440/2169 1926/2526 1993/2160
f 2038/2148 2311/2197 2475/2256
f 1919/2527 2399/2475 1917/2155
f 1987/2141 2473/2196 2036/2100
f 1928/2513 2417/2472 1929/2150
f 1979/2072 2471/2256 2035/2148
f 1995/2528 2420/2445 1931/2143
f 2350/2196 1906/2072 2034/2100
f 2654/2467 2257/2529 2621/2464
f 2188/2530 2654/2467 2621/2464
f 2468/2136 2417/2472 2654/2467
f 2655/2466 2185/2375 2465/2531
f 2348/2353 2465/2531 2033/2532
f 2188/2530 2655/2466 2348/2353
f 2656/2463 1919/2527 2345/2129
f 2185/2375 2656/2463 2345/2129
f 2257/2529 2656/2463 2622/2465
f 1927/2533 2419/2459 1930/2053
f 2657/2454 2256/2452 2617/2534
f 2464/2030 2617/2534 2184/2429
f 2464/2030 2328/2535 2657/2454
f 2658/2451 2181/2536 2461/2403
f 2032/2537 2658/2451 2461/2403
f 2344/2430 2617/2534 2658/2451
f 2659/2450 1908/2474 2341/2101
f 2618/2453 2341/2101 2181/2536
f 2256/2452 2659/2450 2618/2453
f 1985/2141 2459/2196 2031/2100
f 2660/2447 2255/2538 2613/2442
f 2458/2050 2613/2442 2178/2539
f 1931/2143 2660/2447 2458/2050
f 2661/2444 2175/2540 2455/2393
f 2338/2419 2455/2393 2030/2541
f 2178/2539 2661/2444 2338/2419
f 2662/2441 1921/2172 2335/2106
f 2614/2443 2335/2106 2175/2540
f 2255/2538 2662/2441 2614/2443
f 1992/2542 2287/2188 1922/2034
f 2663/2434 2254/2543 2609/2431
f 2317/2544 2609/2431 2135/2545
f 1797/2546 2663/2434 2317/2544
f 2664/2433 2182/2547 2462/2413
f 2437/2548 2462/2413 1990/1941
f 2135/2545 2664/2433 2437/2548
f 2342/2065 2344/2430 2032/2537
f 2610/2432 2342/2065 2182/2547
f 2610/2432 2608/2549 2665/2428
f 1810/1949 2286/1909 1813/1947
f 2666/2425 2253/2550 2605/2421
f 2279/2551 2605/2421 2084/2552
f 1806/2553 2666/2425 2279/2551
f 2667/2423 2176/2554 2456/2384
f 2399/2555 2456/2384 1917/2556
f 2084/2552 2667/2423 2399/2555
f 2668/2420 2030/2541 2336/2109
f 2606/2422 2336/2109 2176/2554
f 2253/2550 2668/2420 2606/2422
f 1814/2557 2402/2267 1812/1927
f 2669/2415 2252/2558 2601/2410
f 2327/2559 2601/2410 2157/2560
f 1990/1941 2669/2415 2327/2559
f 2670/2412 2072/2290 2275/2289
f 2447/2561 2275/2289 1796/2562
f 2157/2560 2670/2412 2447/2561
f 2671/2409 1907/2563 2395/2564
f 2602/2411 2395/2564 2072/2290
f 2252/2558 2671/2409 2602/2411
f 2031/2100 2390/2197 1900/2072
f 1905/1905 2430/2199 1778/2198
f 1786/2565 2460/1907 1905/1905
f 2672/2405 2251/2566 2597/2400
f 2463/2066 2597/2400 2183/2567
f 2032/2537 2672/2405 2463/2066
f 2673/2402 2123/1912 2309/2301
f 2343/2408 2309/2301 1907/2563
f 2183/2567 2673/2402 2343/2408
f 2674/2399 1795/2127 2429/1913
f 2598/2401 2429/1913 2123/1912
f 2251/2566 2674/2399 2598/2401
f 2675/2395 2250/2568 2593/2390
f 2457/2110 2593/2390 2177/2569
f 2030/2541 2675/2395 2457/2110
f 2676/2392 2089/2570 2404/2571
f 2337/2379 2404/2571 1920/2572
f 2177/2569 2676/2392 2337/2379
f 2677/2389 1799/2573 2284/2574
f 2594/2391 2284/2574 2089/2570
f 2250/2568 2677/2389 2594/2391
f 2334/2387 2591/2294 2277/2147
f 2277/2147 2591/2294 2076/2254
f 2334/2387 1890/2146 2026/2519
f 2076/2254 2590/2295 2397/2255
f 2591/2294 2590/2295 2076/2254
f 2591/2294 2589/1915 2590/2295
f 2589/1915 2064/2296 2590/2295
f 2678/2386 2249/2575 2586/2381
f 2273/2576 2586/2381 2070/2577
f 1917/2556 2678/2386 2273/2576
f 2679/2383 2085/2578 2400/2579
f 2393/2580 2400/2579 1798/2581
f 2070/2577 2679/2383 2393/2580
f 2680/2380 1920/2572 2280/2582
f 2587/2382 2280/2582 2085/2578
f 2249/2575 2680/2380 2587/2382
f 2584/2292 2453/2303 2385/2257
f 2170/2121 2453/2303 2584/2292
f 2453/2303 1890/2146 2385/2257
f 1910/2583 2583/2305 2062/2304
f 2582/2115 2584/2292 2056/2116
f 2582/2115 2583/2305 2584/2292
f 2583/2305 2170/2121 2584/2292
f 2581/2287 2437/2564 2453/2303
f 2135/2290 2437/2564 2581/2287
f 2437/2564 2026/2519 2453/2303
f 1797/2562 2580/2288 2075/2302
f 2579/2120 2581/2287 2170/2121
f 2579/2120 2580/2288 2581/2287
f 2580/2288 2135/2290 2581/2287
f 2327/2301 2578/2298 2334/2387
f 2334/2387 2578/2298 2171/2183
f 2327/2301 2026/2519 1990/2563
f 2171/2183 2577/2300 2454/1916
f 2578/2298 2577/2300 2171/2183
f 2578/2298 2576/1911 2577/2300
f 2576/1911 2083/2299 2577/2300
f 2573/2371 2575/2376 2248/2584
f 2467/2133 2573/2371 2187/2585
f 2033/2532 2681/2374 2467/2133
f 2682/2373 2086/2586 2401/2587
f 2347/2361 2401/2587 1918/2588
f 2187/2585 2682/2373 2347/2361
f 2281/2589 2408/2341 1803/1969
f 2574/2372 2281/2589 2086/2586
f 2574/2372 2572/2369 2683/2370
f 2569/2590 2571/2367 2247/2364
f 2329/2591 2569/2590 2159/2592
f 1992/2593 2684/2368 2329/2591
f 2685/2363 2113/2594 2424/2595
f 1802/2596 2685/2363 2424/2595
f 2159/2592 2685/2363 2449/2597
f 2686/2362 1918/2588 2304/2598
f 2570/2365 2304/2598 2113/2594
f 2247/2364 2686/2362 2570/2365
f 2687/2359 2246/2599 2565/2355
f 2319/2600 2565/2355 2137/2601
f 1810/2602 2687/2359 2319/2600
f 2466/2366 2566/2356 2186/2603
f 1992/2593 2688/2357 2466/2366
f 2137/2601 2688/2357 2439/2604
f 2346/2132 2348/2353 2033/2532
f 2566/2356 2346/2132 2186/2603
f 2246/2599 2689/2354 2566/2356
f 2349/1907 1781/2198 1902/1905
f 2316/1906 1902/1905 1789/2565
f 2326/2195 2034/2100 1989/2141
f 1816/2605 2426/2349 1806/2553
f 2035/2148 2383/2257 1888/2146
f 1895/2606 2388/2255 1774/2607
f 1782/2198 2472/2253 1895/2606
f 1815/2608 2411/2346 1810/2602
f 2036/2100 2391/2197 1903/2072
f 1984/1905 2427/2199 1784/2198
f 1792/2565 2474/1907 1984/1905
f 1803/1969 2393/2343 1798/2203
f 1886/2146 2475/2256 2272/2257
f 1894/2606 2261/2255 1773/2607
f 1894/2606 2274/2199 2476/2253
f 2450/2338 1804/2609 1800/1924
f 2039/2148 2386/2257 1892/2146
f 1981/2606 2398/2255 1776/2607
f 1784/2198 2478/2253 1981/2606
f 2690/2335 2245/2331 2561/2610
f 2481/2167 2561/2610 2201/2319
f 2040/2524 2690/2335 2481/2167
f 2691/2330 2126/2611 2312/2173
f 2361/2320 2312/2173 1923/2520
f 2361/2320 2561/2610 2691/2330
f 2432/2307 2292/2328 1801/2612
f 2126/2611 2692/2329 2432/2307
f 2245/2331 2692/2329 2562/2332
f 2557/2321 2559/2325 2244/2613
f 2108/2614 2693/2326 2557/2321
f 2422/2216 2480/2324 2693/2326
f 2694/2323 2095/2615 2289/1921
f 2302/2222 2289/1921 1809/1958
f 2108/2614 2694/2323 2302/2222
f 2695/2318 1923/2520 2409/2486
f 2558/2322 2409/2486 2095/2615
f 2244/2613 2695/2318 2558/2322
f 2696/2315 2243/2616 2553/2312
f 2387/1870 2553/2312 2058/2617
f 2387/1870 2320/1926 2696/2315
f 2697/2314 2200/2618 2480/2324
f 2267/2505 2480/2324 1932/2507
f 2058/2617 2697/2314 2267/2505
f 2698/2311 2040/2524 2360/2166
f 2554/2313 2360/2166 2200/2618
f 2243/2616 2698/2311 2554/2313
f 2413/2308 1801/2612 1799/2573
f 2551/2292 2483/2303 2383/2257
f 2203/2121 2483/2303 2551/2292
f 2483/2303 1888/2146 2383/2257
f 1909/2583 2550/2305 2061/2304
f 2549/2115 2551/2292 2054/2116
f 2549/2115 2550/2305 2551/2292
f 2550/2305 2203/2121 2551/2292
f 2548/2287 2395/2564 2483/2303
f 2072/2290 2395/2564 2548/2287
f 2395/2564 2041/2519 2483/2303
f 1796/2562 2547/2288 2074/2302
f 2546/2120 2548/2287 2203/2121
f 2546/2120 2547/2288 2548/2287
f 2547/2288 2072/2290 2548/2287
f 2309/2301 2545/2298 2364/2387
f 2364/2387 2545/2298 2204/2183
f 2309/2301 2041/2519 1907/2563
f 2204/2183 2544/2300 2484/1916
f 2545/2298 2544/2300 2204/2183
f 2545/2298 2543/1911 2544/2300
f 2543/1911 2082/2299 2544/2300
f 2542/2292 2485/2303 2386/2257
f 2208/2121 2485/2303 2542/2292
f 2485/2303 1892/2146 2386/2257
f 1912/2583 2541/2305 2060/2304
f 2540/2115 2542/2292 2057/2116
f 2540/2115 2541/2305 2542/2292
f 2541/2305 2208/2121 2542/2292
f 2539/2287 2396/2564 2485/2303
f 2073/2290 2396/2564 2539/2287
f 2396/2564 2042/2519 2485/2303
f 1795/2562 2538/2288 2078/2302
f 2537/2120 2539/2287 2208/2121
f 2537/2120 2538/2288 2539/2287
f 2538/2288 2073/2290 2539/2287
f 2305/2301 2536/2298 2366/2387
f 2366/2387 2536/2298 2209/2183
f 2305/2301 2042/2519 1908/2563
f 2209/2183 2535/2300 2486/1916
f 2536/2298 2535/2300 2209/2183
f 2536/2298 2534/1911 2535/2300
f 2534/1911 2080/2299 2535/2300
f 2381/2147 2487/2297 2533/2294
f 2381/2147 2533/2294 2052/2254
f 1886/2146 2487/2297 2381/2147
f 2052/2254 2532/2295 2261/2255
f 2532/2295 2531/1915 2119/2296
f 2532/2295 2533/2294 2531/1915
f 2533/2294 2210/2183 2531/1915
f 2272/2257 2530/2292 2368/2291
f 2368/2291 2530/2292 2211/2186
f 1886/2146 2368/2291 2043/2518
f 1914/2583 2529/2293 2116/2304
f 2530/2292 2529/2293 2211/2186
f 2530/2292 2528/2115 2529/2293
f 2528/2115 2116/2304 2529/2293
f 2368/2291 2527/2287 2328/2564
f 2328/2564 2527/2287 2158/2290
f 2043/2518 2328/2564 1991/2563
f 1794/2562 2526/2288 2081/2302
f 2527/2287 2526/2288 2158/2290
f 2527/2287 2525/2185 2526/2288
f 2525/2185 2081/2302 2526/2288
f 2699/2286 2242/2619 2522/2281
f 2491/2191 2522/2281 2214/2620
f 2044/2517 2699/2286 2491/2191
f 2700/2283 2096/2621 2410/2622
f 2371/2271 2410/2622 1924/2623
f 2214/2620 2700/2283 2371/2271
f 2701/2280 1805/2022 2290/2624
f 2523/2282 2290/2624 2096/2621
f 2242/2619 2701/2280 2523/2282
f 2702/2278 2241/2625 2518/2273
f 2264/2161 2518/2273 2055/2626
f 1926/2526 2702/2278 2264/2161
f 2703/2275 2104/2627 2418/2628
f 2384/2337 2418/2628 1804/2609
f 2055/2626 2703/2275 2384/2337
f 2704/2272 1924/2623 2298/2629
f 2519/2274 2298/2629 2104/2627
f 2241/2625 2704/2272 2519/2274
f 2514/2264 2516/2268 2240/2630
f 2294/1928 2514/2264 2100/2631
f 1812/1927 2705/2269 2294/1928
f 2706/2266 2213/2632 2490/2276
f 2414/2476 2490/2276 1926/2526
f 2100/2631 2706/2266 2414/2476
f 2707/2263 2044/2517 2370/2190
f 2515/2265 2370/2190 2213/2632
f 2240/2630 2707/2263 2515/2265
f 1898/1945 2269/1944 1791/2487
f 1783/1935 2373/1946 1898/1945
f 2323/2073 2045/2100 1979/2072
f 2046/2148 2385/2257 1890/2146
f 1980/2606 2397/2255 1770/2607
f 1778/2198 2496/2253 1980/2606
f 2708/2250 2239/2633 2510/2245
f 2499/2210 2510/2245 2233/2634
f 2050/2512 2708/2250 2499/2210
f 2709/2247 2101/2635 2415/2636
f 2379/2234 2415/2636 1927/2637
f 2233/2634 2709/2247 2379/2234
f 2710/2244 1815/2608 2295/2638
f 2511/2246 2295/2638 2101/2635
f 2239/2633 2710/2244 2511/2246
f 2711/2241 2238/2639 2506/2236
f 2331/2640 2506/2236 2161/2641
f 1994/2642 2711/2241 2331/2640
f 2712/2238 2110/2643 2423/2644
f 2451/2645 2423/2644 1814/2646
f 2161/2641 2712/2238 2451/2645
f 2713/2235 1927/2637 2303/2647
f 2507/2237 2303/2647 2110/2643
f 2238/2639 2713/2235 2507/2237
f 2714/2232 2237/2648 2502/2227
f 2321/2649 2502/2227 2139/2650
f 1817/2565 2714/2232 2321/2649
f 2715/2229 2232/2651 2498/2239
f 2441/2652 2498/2239 1994/2642
f 2139/2650 2715/2229 2441/2652
f 2716/2226 2050/2512 2378/2209
f 2503/2228 2378/2209 2232/2651
f 2237/2648 2716/2226 2503/2228
f 1817/2653 2302/2222 1809/1958
f 2441/2217 2108/2614 2139/2221
f 2717/2214 2234/2509 2501/2224
f 2504/2231 2501/2224 2237/2648
f 2140/2654 2717/2214 2504/2231
f 2718/2211 2233/2634 2505/2233
f 2508/2240 2505/2233 2238/2639
f 2232/2651 2718/2211 2508/2240
f 2719/2208 2053/2655 2509/2242
f 2512/2249 2509/2242 2239/2633
f 2231/2511 2719/2208 2512/2249
f 2124/2258 2376/2145 2219/2252
f 2219/2252 2277/2147 2076/2254
f 2218/2340 2265/2117 2056/2116
f 2149/2258 2494/1907 2217/2344
f 2127/2259 2493/2196 2216/2350
f 2216/2350 2389/2195 2065/2260
f 2720/2194 2215/2515 2513/2261
f 2240/2630 2720/2194 2513/2261
f 2087/2417 2720/2194 2516/2268
f 2721/2192 2214/2620 2517/2270
f 2520/2277 2517/2270 2241/2625
f 2213/2632 2721/2192 2520/2277
f 2722/2189 2093/2438 2521/2279
f 2524/2285 2521/2279 2242/2619
f 2212/2516 2722/2189 2524/2285
f 2081/2302 2488/2184 1914/2583
f 2116/2304 2392/2117 1772/2144
f 2531/1915 1911/1914 2119/2296
f 2115/1912 2425/1913 2534/1911
f 2078/2302 2365/2122 1912/2583
f 2060/2304 2266/2117 1777/2144
f 2123/1912 2429/1913 2543/1911
f 2074/2302 2363/2122 1909/2583
f 2061/2304 2263/2117 1775/2144
f 2293/2107 2126/2611 2099/2306
f 2723/2171 2202/2522 2552/2309
f 2243/2616 2723/2171 2552/2309
f 2138/2316 2723/2171 2555/2317
f 2556/2656 2481/2167 2201/2319
f 2559/2325 2556/2656 2244/2613
f 2200/2618 2724/2168 2559/2325
f 2725/2165 2098/2657 2560/2327
f 2563/2334 2560/2327 2245/2331
f 2199/2523 2725/2165 2563/2334
f 2118/2258 2358/2145 2198/2252
f 2198/2252 2278/2147 2079/2254
f 2197/2340 2266/2117 2057/2116
f 2330/2162 2055/2626 2160/2336
f 2071/2258 2356/2145 2196/2252
f 2052/2254 2356/2145 2381/2147
f 2069/2116 2355/1901 2392/2117
f 2094/2658 2273/2156 2070/2342
f 2154/2351 2354/2071 2194/2344
f 2194/2344 2307/2073 2118/2258
f 2193/2350 2271/1899 2068/2259
f 2053/2655 2291/2135 2097/2345
f 2149/2258 2352/2145 2192/2252
f 2192/2252 2268/2147 2063/2254
f 2191/2340 2263/2117 2054/2116
f 2162/2659 2306/2049 2117/2348
f 2446/1944 2190/2350 2156/2260
f 2436/2099 2189/2344 2134/2351
f 2469/2071 2071/2258 2189/2344
f 2564/2352 2468/2136 2188/2530
f 2246/2599 2726/2137 2564/2352
f 2097/2345 2726/2137 2567/2358
f 2727/2134 2187/2585 2568/2360
f 2247/2364 2727/2134 2568/2360
f 2186/2603 2727/2134 2571/2367
f 2728/2131 2094/2658 2572/2369
f 2575/2376 2572/2369 2248/2584
f 2185/2375 2728/2131 2575/2376
f 2157/1912 2447/1913 2576/1911
f 2075/2302 2333/2122 1910/2583
f 2062/2304 2265/2117 1771/2144
f 2729/2111 2177/2569 2585/2378
f 2588/2385 2585/2378 2249/2575
f 2176/2554 2729/2111 2588/2385
f 2171/2183 2454/1916 2589/1915
f 2730/2108 2099/2306 2592/2388
f 2595/2394 2592/2388 2250/2568
f 2175/2540 2730/2108 2595/2394
f 2731/2103 2073/2660 2596/2397
f 2599/2404 2596/2397 2251/2566
f 2181/2536 2731/2103 2599/2404
f 2152/2351 2340/2071 2180/2344
f 2180/2344 2310/2073 2124/2258
f 2179/2350 2270/1899 2066/2259
f 2732/2067 2183/2567 2600/2407
f 2603/2414 2600/2407 2252/2558
f 2182/2547 2732/2067 2603/2414
f 2110/2661 2282/2054 2087/2417
f 2733/2051 2178/2539 2604/2418
f 2607/2424 2604/2418 2253/2550
f 2117/2348 2733/2051 2607/2424
f 2137/2426 2406/2035 2092/2427
f 2608/2549 2464/2030 2184/2429
f 2611/2436 2608/2549 2254/2543
f 2611/2436 2438/2662 2734/2028
f 2159/2663 2407/2023 2093/2438
f 2735/1998 2091/2485 2612/2439
f 2615/2446 2612/2439 2255/2538
f 2106/2471 2735/1998 2615/2446
f 2130/2260 2339/1946 2179/2350
f 2736/1992 2115/2664 2616/2448
f 2256/2452 2736/1992 2616/2448
f 2158/2455 2736/1992 2619/2456
f 2101/2665 2299/1908 2105/2458
f 2737/1973 2088/2666 2620/2461
f 2257/2529 2737/1973 2620/2461
f 2623/2469 2297/1955 2737/1973
f 2470/1946 2125/2259 2190/2350
f 2140/2667 2300/1962 2106/2471
f 2127/2259 2351/1901 2191/2340
f 2102/2473 2297/1955 2103/2468
f 2132/2260 2353/1946 2193/2350
f 2088/2666 2279/1938 2084/2474
f 2195/2340 2431/1899 2355/1901
f 2138/2316 2294/1928 2100/2631
f 2068/2259 2357/1901 2197/2340
f 2738/1923 2107/2668 2624/2477
f 2627/2484 2624/2477 2258/2521
f 2627/2484 2450/2338 2738/1923
f 2285/1922 2095/2615 2091/2485
f 2204/2183 2484/1916 2628/1915
f 2209/2183 2486/1916 2631/1915
f 2634/1911 1797/2127 2077/2299
f 2739/1910 2092/2427 2637/2488
f 2640/2493 2637/2488 2259/2514
f 2105/2458 2739/1910 2640/2493
f 2494/1907 2122/2351 2217/2344
f 2066/2259 2375/1901 2218/2340
f 2740/1874 2102/2473 2641/2495
f 2644/2502 2641/2495 2260/2508
f 2162/2669 2740/1874 2644/2502
f 2451/1871 2058/2617 2161/2504
f 2163/1866 1822/2139 1934/1867
f 1814/1869 1808/1959 2387/1870
f 2452/1872 1816/1956 2296/1873
f 2003/1875 1863/2670 1944/1876
f 1894/1878 1891/1887 1779/1879
f 2006/1881 1859/2016 1950/1882
f 1999/1884 1870/2056 1873/1885
f 1887/1887 1981/1878 1776/1888
f 2166/1893 1863/2671 2003/1894
f 1847/1896 1829/2672 1961/1897
f 2270/1899 1779/1935 1891/1900
f 2021/1902 1966/1997 1830/1903
f 1896/1905 1790/2565 2428/1906
f 2299/1908 1813/1947 2286/1909
f 1913/1914 2059/2296 2631/1915
f 1915/1914 2143/2296 2628/1915
f 1807/1920 1809/1958 2289/1921
f 2738/1923 2450/2338 1800/1924
f 2271/1899 1785/1935 1893/1900
f 2320/1926 1808/1959 1812/1927
f 2090/1929 1823/1967 1818/1930
f 1845/1932 1827/2057 1962/1933
f 2355/1901 2431/1899 1780/1935
f 2283/1936 1811/1953 1806/1937
f 1842/1904 1836/1903 1953/1939
f 2024/1941 1883/2562 1978/1942
f 2315/1944 1793/2487 1904/1945
f 1846/1950 1828/2112 1965/1951
f 2297/1955 2296/1873 1816/1956
f 2313/1899 1783/1935 1889/1900
f 2322/1961 1817/2673 1807/1920
f 1897/1945 1780/1935 2431/1899
f 1937/1965 1938/2037 1824/1963
f 1824/1963 1819/2674 2067/1964
f 2001/1968 1881/2675 1880/1969
f 1980/1878 1770/1888 1775/1889
f 1975/1970 2000/2082 1867/1971
f 2297/1955 1811/1953 2283/1936
f 1862/1974 1863/2671 1945/1975
f 1948/1977 1865/2043 1864/1978
f 1893/1887 1785/1879 1782/1880
f 1854/1980 1855/2088 1951/1981
f 2141/1983 1825/2036 1821/1984
f 1838/1986 1832/2062 1952/1987
f 2295/1989 1815/2676 1813/1947
f 2448/1990 1794/2677 2425/1991
f 2314/1944 1787/2487 1901/1945
f 1848/1904 1830/1903 1964/1939
f 1839/1932 1833/2057 1957/1933
f 1841/1896 1835/2672 1956/1897
f 1843/1996 1837/2070 1955/1997
f 2300/1962 1807/1920 2285/1922
f 1844/1986 1826/2062 1963/1987
f 1840/1950 1834/2112 1954/1951
f 1973/1999 1944/2678 1863/2000
f 2022/2002 1848/1993 1967/1995
f 1942/2004 2001/1968 1872/2005
f 1942/2004 1869/2006 1868/2007
f 1946/1971 1865/2043 1948/1977
f 1999/1884 1875/2203 1874/2010
f 1972/2012 2002/2206 1851/2013
f 1971/2015 1950/1882 1859/2016
f 1976/2011 1874/2010 1877/2018
f 2027/2019 1971/2015 1858/2017
f 2449/2021 1802/2679 1805/2022
f 1844/2024 2022/2002 2029/2003
f 2029/2003 1967/1995 1846/2026
f 2734/2028 2438/2662 1991/2029
f 2439/2033 1992/2542 1922/2034
f 1825/2036 1996/2074 1938/2037
f 2144/2041 1860/2200 1861/2039
f 1861/2039 2005/2078 2004/2040
f 1867/1971 2000/2082 1941/2042
f 2025/2003 1958/1995 1840/2026
f 1855/2047 1971/2015 2027/2019
f 2306/2049 1931/2143 2458/2050
f 2303/2052 1927/2533 1930/2053
f 1871/2000 1976/2011 1975/1970
f 1838/2024 2017/2002 2025/2003
f 1839/2055 2016/2025 2025/2003
f 1870/2056 1999/1884 1976/2011
f 2014/1952 1954/1951 1833/2057
f 1853/2058 1973/1999 2028/2009
f 1860/2060 2002/2206 1972/2012
f 2016/1934 1957/1933 1832/2062
f 1852/2063 1944/2678 1973/1999
f 2028/2009 1948/1977 1856/2064
f 2342/2065 2032/2537 2463/2066
f 1942/2004 1941/2008 1879/2068
f 2013/1988 1952/1987 1837/2070
f 2339/1946 1901/1945 1779/1935
f 1878/2069 1881/2675 2001/1968
f 1845/2055 2018/2025 2029/2003
f 2340/2071 2031/2100 1900/2072
f 1855/2047 1854/1980 1950/1882
f 1939/1966 1998/2680 1823/1967
f 1998/2680 2164/2075 1823/1967
f 1972/2012 2027/2019 1974/2020
f 2148/2081 1856/2377 1857/2079
f 1857/2079 1951/1981 2012/2080
f 2000/2082 1876/2138 1879/2083
f 2005/2078 1859/2016 2165/2084
f 1858/1896 1859/2016 2005/2078
f 1850/2014 2009/2048 2027/2019
f 1945/1975 1863/2671 2166/1893
f 2008/2086 2010/2119 2146/2087
f 2142/2089 1998/2680 1939/1966
f 1850/2090 1851/2092 2008/2086
f 1851/2092 1943/2128 2174/2093
f 1951/1981 1855/2088 2169/2098
f 2324/2099 1985/2141 2031/2100
f 2341/2101 1908/2474 2396/2102
f 2163/1866 1997/2460 1935/2104
f 2015/1902 1955/1997 1836/1903
f 2335/2106 1921/2172 2293/2107
f 1916/1914 2064/2296 2589/1915
f 2336/2109 2030/2541 2457/2110
f 1960/1898 1956/1897 1834/2112
f 2019/1988 1963/1987 1831/2070
f 1968/1940 1964/1939 1829/2113
f 2017/2002 1842/1993 1958/1995
f 2167/2118 2168/2095 2011/2097
f 2174/2093 1943/2128 2010/2119
f 2145/2125 1864/1978 1865/2124
f 1865/2124 1945/1975 2007/2085
f 1796/2127 2083/2299 2576/1911
f 1943/2128 1852/2215 2167/2118
f 1973/1999 1862/2001 1946/1971
f 1849/1996 1831/2070 1966/1997
f 1777/1889 1893/1887 1895/1878
f 1856/2064 1948/1977 1970/1979
f 2345/2129 1919/2527 2288/2130
f 2346/2132 2033/2532 2467/2133
f 2291/2135 1929/2150 2468/2136
f 1876/2138 2000/2082 1975/1970
f 1778/1880 1980/1878 1889/1887
f 1872/2005 2001/1968 1940/1886
f 1939/1966 1934/1867 1822/2139
f 1938/2037 1937/1965 2114/2140
f 2034/2100 1906/2072 2394/2073
f 1989/2141 2034/2100 2469/2071
f 2446/1944 1788/2487 1897/1945
f 2332/2142 1995/2528 1931/2143
f 2351/1901 1889/1900 1775/2144
f 2352/2145 2035/2148 1888/2146
f 2323/2073 1979/2072 2035/2148
f 2262/2149 1928/2513 1929/2150
f 2020/1952 1965/1951 1827/2057
f 2353/1946 1904/1945 1785/1935
f 2354/2071 2036/2100 1903/2072
f 2325/2099 1987/2141 2036/2100
f 1977/2151 2037/1943 1978/1942
f 1884/2153 2023/2154 2037/1943
f 2023/2154 1885/2546 2024/1941
f 1959/1940 1953/1939 1835/2113
f 2288/2130 1919/2527 1917/2155
f 2355/1901 1887/1900 1772/2144
f 2381/2147 2356/2145 2038/2148
f 2356/2145 2394/2073 1906/2072
f 2018/1934 1962/1933 1826/2062
f 2109/2157 1933/2219 1936/2158
f 1993/2160 1926/2526 2264/2161
f 2357/1901 1893/1900 1777/2144
f 2358/2145 2039/2148 1892/2146
f 2307/2073 1903/2072 2039/2148
f 2359/2163 1925/2525 2412/2164
f 2360/2166 2040/2524 2481/2167
f 2440/2169 1993/2160 2482/2170
f 1921/2172 1923/2520 2312/2173
f 2062/2174 2119/2177 1911/2175
f 1916/2175 1909/2176 2061/2174
f 2143/2177 1915/2175 1912/2176
f 1913/2175 1914/2176 2116/2174
f 1795/2127 2082/2299 2543/1911
f 2129/2180 1792/2251 1984/2181
f 1784/1880 1780/1879 2207/2179
f 1780/1879 1897/2178 2207/2179
f 1794/2127 2080/2299 2534/1911
f 2369/2187 1922/2034 2287/2188
f 2370/2190 2044/2517 2491/2191
f 2282/2054 1930/2053 2492/2193
f 2045/2100 1899/2141 2389/2195
f 1979/2072 2045/2100 2493/2196
f 1782/2198 1896/1905 2494/1907
f 2375/1901 1891/1900 1771/2144
f 2376/2145 2046/2148 1890/2146
f 2310/2073 1900/2072 2046/2148
f 1778/1880 1783/1879 2222/2179
f 1783/1879 1898/2178 2222/2179
f 1969/1898 1961/1897 1828/2112
f 2223/1895 2003/1894 1860/2200
f 2165/2084 2224/2202 2047/2201
f 2145/2125 2007/2085 2047/2201
f 1782/1880 1785/1879 2227/2179
f 1785/1879 1904/2178 2227/2179
f 1781/1880 1779/1879 2230/2179
f 1779/1879 1901/2178 2230/2179
f 1780/1879 1784/1880 1981/1878
f 1875/2203 1999/1884 1940/1886
f 2048/1883 1950/1882 1854/1980
f 1970/1979 2048/1883 1949/1982
f 1864/1978 2006/1881 2048/1883
f 1773/1888 1771/1889 1891/1887
f 2049/1877 1944/1876 1852/2204
f 2002/2206 2049/1877 1943/2205
f 1860/2060 2003/1875 2049/1877
f 2377/2207 1928/2513 2262/2149
f 2378/2209 2050/2512 2499/2210
f 2442/2212 1995/2510 2500/2213
f 1994/2215 1932/2507 2422/2216
f 2235/1868 1934/1867 1823/1967
f 2109/2157 2236/2220 2051/2218
f 2141/1983 1997/2460 2051/2218
f 1996/2074 1825/2036 2141/1983
f 1824/1963 1996/2074 2236/2220
f 2051/2218 2235/1868 2090/1929
f 2139/2221 2108/2614 2302/2222
f 2501/2224 2234/2509 2380/2225
f 2502/2227 2237/2648 2503/2228
f 2322/2230 2140/2654 2504/2231
f 2505/2233 2233/2634 2379/2234
f 2506/2236 2238/2639 2507/2237
f 2498/2239 2232/2651 2508/2240
f 2509/2242 2053/2655 2382/2243
f 2510/2245 2239/2633 2511/2246
f 2497/2248 2231/2511 2512/2249
f 1902/2181 2229/2182 2131/2180
f 1896/2181 2226/2182 2150/2180
f 1864/1978 2145/2125 2224/2202
f 1859/2016 2006/1881 2224/2202
f 2047/2201 2223/1895 2144/2041
f 1905/2181 2221/2182 2155/2180
f 2430/2199 2124/2258 2219/2252
f 2496/2253 2219/2252 2076/2254
f 2495/2256 2218/2340 2056/2116
f 2149/2258 2217/2344 2374/2071
f 2127/2259 2216/2350 2373/1946
f 2373/1946 2216/2350 2065/2260
f 2513/2261 2215/2515 2372/2262
f 2514/2264 2240/2630 2515/2265
f 2402/2267 2087/2417 2516/2268
f 2517/2270 2214/2620 2371/2271
f 2518/2273 2241/2625 2519/2274
f 2490/2276 2213/2632 2520/2277
f 2521/2279 2093/2438 2407/2023
f 2522/2281 2242/2619 2523/2282
f 2489/2284 2212/2516 2524/2285
f 2119/2296 1773/2607 2261/2255
f 2080/2299 1913/1914 2486/1916
f 2082/2299 1915/1914 2484/1916
f 2059/2177 2116/2174 1772/1889
f 1774/1888 2143/2177 2060/2174
f 2064/2177 2061/2174 1775/1889
f 1773/1888 2119/2177 2062/2174
f 2099/2306 2126/2611 2432/2307
f 2552/2309 2202/2522 2362/2310
f 2553/2312 2243/2616 2554/2313
f 2696/2315 2320/1926 2138/2316
f 2695/2318 2556/2656 2201/2319
f 2557/2321 2244/2613 2558/2322
f 2480/2324 2200/2618 2559/2325
f 2560/2327 2098/2657 2292/2328
f 2691/2330 2561/2610 2245/2331
f 2479/2333 2199/2523 2563/2334
f 2427/2199 2118/2258 2198/2252
f 2478/2253 2198/2252 2079/2254
f 2477/2256 2197/2340 2057/2116
f 2160/2336 2055/2626 2384/2337
f 1824/1963 2109/2157 2112/2159
f 2274/2199 2071/2258 2196/2252
f 2476/2253 2196/2252 2052/2254
f 2272/2257 2475/2256 2195/2340
f 2408/2341 2094/2658 2070/2342
f 2445/1906 2154/2351 2194/2344
f 2474/1907 2194/2344 2118/2258
f 2473/2196 2193/2350 2068/2259
f 2382/2243 2053/2655 2097/2345
f 2443/2199 2149/2258 2192/2252
f 2472/2253 2192/2252 2063/2254
f 2471/2256 2191/2340 2054/2116
f 2452/2347 2162/2659 2117/2348
f 2326/2195 2156/2260 2190/2350
f 2134/2351 2189/2344 2349/1907
f 2189/2344 2071/2258 2274/2199
f 2564/2352 2188/2530 2348/2353
f 2565/2355 2246/2599 2566/2356
f 2411/2346 2097/2345 2567/2358
f 2568/2360 2187/2585 2347/2361
f 2685/2363 2569/2590 2247/2364
f 2466/2366 2186/2603 2571/2367
f 2572/2369 2094/2658 2408/2341
f 2573/2371 2248/2584 2574/2372
f 2681/2374 2465/2531 2185/2375
f 2083/2299 1916/1914 2454/1916
f 2011/2097 2172/2096 2173/2123
f 1856/2377 2148/2081 2173/2123
f 2012/2080 2169/2098 2147/2094
f 1852/2215 1853/2406 2168/2095
f 2585/2378 2177/2569 2337/2379
f 2586/2381 2249/2575 2587/2382
f 2456/2384 2176/2554 2588/2385
f 2064/2296 1770/2607 2397/2255
f 2592/2388 2099/2306 2413/2308
f 2593/2390 2250/2568 2594/2391
f 2455/2393 2175/2540 2595/2394
f 1822/2139 2163/1866 2120/2105
f 2596/2397 2073/2660 2276/2398
f 2597/2400 2251/2566 2598/2401
f 2461/2403 2181/2536 2599/2404
f 2444/1906 2152/2351 2180/2344
f 1947/2126 2172/2096 2168/2095
f 2010/2119 2011/2097 2147/2094
f 2460/1907 2180/2344 2124/2258
f 2459/2196 2179/2350 2066/2259
f 2600/2407 2183/2567 2343/2408
f 2601/2410 2252/2558 2602/2411
f 2462/2413 2182/2547 2603/2414
f 2423/2416 2110/2661 2087/2417
f 2604/2418 2178/2539 2338/2419
f 2605/2421 2253/2550 2606/2422
f 2426/2349 2117/2348 2607/2424
f 2286/1909 2319/2681 2137/2426
f 2665/2428 2608/2549 2184/2429
f 2609/2431 2254/2543 2610/2432
f 2663/2434 2318/2682 2136/2435
f 2329/2437 2159/2663 2093/2438
f 2612/2439 2091/2485 2405/2440
f 2613/2442 2255/2538 2614/2443
f 2420/2445 2106/2471 2615/2446
f 2434/2195 2130/2260 2179/2350
f 2616/2448 2115/2664 2305/2449
f 2658/2451 2617/2534 2256/2452
f 2657/2454 2328/2535 2158/2455
f 2415/2457 2101/2665 2105/2458
f 1997/2460 2141/1983 2111/1985
f 2620/2461 2088/2666 2403/2462
f 2621/2464 2257/2529 2622/2465
f 2654/2467 2417/2472 2103/2468
f 2190/2350 2125/2259 2311/2197
f 2442/2470 2140/2667 2106/2471
f 2433/2197 2127/2259 2191/2340
f 2417/2472 2416/2496 2102/2473
f 2435/2195 2132/2260 2193/2350
f 2403/2462 2088/2666 2084/2474
f 2475/2256 2311/2197 2125/2259
f 1933/2219 2090/1929 2121/1931
f 2138/2316 2100/2631 2414/2476
f 2391/2197 2068/2259 2197/2340
f 2624/2477 2107/2668 2301/2478
f 2625/2480 2258/2521 2626/2481
f 2651/2483 2330/2162 2160/2336
f 2091/2485 2095/2615 2409/2486
f 1910/2176 1911/2175 2077/1917
f 1916/2175 2083/1917 2074/1919
f 1915/2175 2082/1917 2078/1919
f 2080/1917 2081/1919 1914/2176
f 2143/2296 1774/2607 2388/2255
f 2151/1891 2205/1890 1897/2178
f 2059/2296 1776/2607 2398/2255
f 2077/2299 1911/1914 2367/1916
f 2637/2488 2092/2427 2406/2035
f 2638/2490 2259/2514 2639/2491
f 2419/2459 2105/2458 2640/2493
f 2217/2344 2122/2351 2308/2099
f 2390/2197 2066/2259 2218/2340
f 1898/2178 1791/2487 2133/1891
f 2007/2085 2166/1893 2223/1895
f 1904/2178 1793/2487 2128/1891
f 1901/2178 1787/2487 2153/1891
f 2641/2495 2102/2473 2416/2496
f 2642/2498 2260/2508 2643/2499
f 2332/2501 2162/2669 2644/2502
f 2161/2504 2058/2617 2267/2505
f 2051/2218 1997/2460 2163/1866
f 2331/2506 2267/2505 1932/2507
f 2645/2503 2644/2502 2260/2508
f 2500/2213 2645/2503 2642/2498
f 1995/2510 2332/2501 2645/2503
f 2646/2500 2643/2499 2231/2511
f 2380/2225 2646/2500 2497/2248
f 2234/2509 2642/2498 2646/2500
f 2647/2497 2416/2496 1928/2513
f 2643/2499 2647/2497 2377/2207
f 2260/2508 2641/2495 2647/2497
f 1900/2072 2390/2197 2495/2256
f 2374/2071 2308/2099 1899/2141
f 2648/2494 2640/2493 2259/2514
f 2492/2193 2648/2494 2638/2490
f 1930/2053 2419/2459 2648/2494
f 2649/2492 2639/2491 2212/2516
f 2372/2262 2649/2492 2489/2284
f 2215/2515 2638/2490 2649/2492
f 2650/2489 2406/2035 1922/2034
f 2639/2491 2650/2489 2369/2187
f 2259/2514 2637/2488 2650/2489
f 2043/2518 1991/2563 2438/2301
f 2366/2387 2278/2147 1892/2146
f 2364/2387 2268/2147 1888/2146
f 2405/2440 2409/2486 1923/2520
f 2625/2480 2651/2483 2627/2484
f 2482/2170 2651/2483 2625/2480
f 2482/2170 1993/2160 2330/2162
f 2652/2482 2626/2481 2199/2523
f 2362/2310 2652/2482 2479/2333
f 2202/2522 2625/2480 2652/2482
f 2653/2479 2301/2478 1925/2525
f 2626/2481 2653/2479 2359/2163
f 2258/2521 2624/2477 2653/2479
f 1903/2072 2391/2197 2477/2256
f 2440/2169 2414/2476 1926/2526
f 2038/2148 1906/2072 2311/2197
f 1919/2527 2403/2462 2399/2475
f 1987/2141 2435/2195 2473/2196
f 1928/2513 2416/2496 2417/2472
f 1979/2072 2433/2197 2471/2256
f 1995/2528 2442/2470 2420/2445
f 2350/2196 2311/2197 1906/2072
f 2654/2467 2623/2469 2257/2529
f 2188/2530 2468/2136 2654/2467
f 2468/2136 1929/2150 2417/2472
f 2655/2466 2622/2465 2185/2375
f 2348/2353 2655/2466 2465/2531
f 2188/2530 2621/2464 2655/2466
f 2656/2463 2403/2462 1919/2527
f 2185/2375 2622/2465 2656/2463
f 2257/2529 2620/2461 2656/2463
f 1927/2533 2415/2457 2419/2459
f 2657/2454 2619/2456 2256/2452
f 2464/2030 2657/2454 2617/2534
f 2464/2030 1991/2029 2328/2535
f 2658/2451 2618/2453 2181/2536
f 2032/2537 2344/2430 2658/2451
f 2344/2430 2184/2429 2617/2534
f 2659/2450 2305/2449 1908/2474
f 2618/2453 2659/2450 2341/2101
f 2256/2452 2616/2448 2659/2450
f 1985/2141 2434/2195 2459/2196
f 2660/2447 2615/2446 2255/2538
f 2458/2050 2660/2447 2613/2442
f 1931/2143 2420/2445 2660/2447
f 2661/2444 2614/2443 2175/2540
f 2338/2419 2661/2444 2455/2393
f 2178/2539 2613/2442 2661/2444
f 2662/2441 2405/2440 1921/2172
f 2614/2443 2662/2441 2335/2106
f 2255/2538 2612/2439 2662/2441
f 1992/2542 2329/2437 2287/2188
f 2663/2434 2611/2436 2254/2543
f 2317/2544 2663/2434 2609/2431
f 1797/2546 2318/2682 2663/2434
f 2664/2433 2610/2432 2182/2547
f 2437/2548 2664/2433 2462/2413
f 2135/2545 2609/2431 2664/2433
f 2342/2065 2665/2428 2344/2430
f 2610/2432 2665/2428 2342/2065
f 2610/2432 2254/2543 2608/2549
f 1810/1949 2319/2681 2286/1909
f 2666/2425 2607/2424 2253/2550
f 2279/2551 2666/2425 2605/2421
f 1806/2553 2426/2349 2666/2425
f 2667/2423 2606/2422 2176/2554
f 2399/2555 2667/2423 2456/2384
f 2084/2552 2605/2421 2667/2423
f 2668/2420 2338/2419 2030/2541
f 2606/2422 2668/2420 2336/2109
f 2253/2550 2604/2418 2668/2420
f 1814/2557 2423/2416 2402/2267
f 2669/2415 2603/2414 2252/2558
f 2327/2559 2669/2415 2601/2410
f 1990/1941 2462/2413 2669/2415
f 2670/2412 2602/2411 2072/2290
f 2447/2561 2670/2412 2275/2289
f 2157/2560 2601/2410 2670/2412
f 2671/2409 2343/2408 1907/2563
f 2602/2411 2671/2409 2395/2564
f 2252/2558 2600/2407 2671/2409
f 2031/2100 2459/2196 2390/2197
f 1905/1905 2460/1907 2430/2199
f 1786/2565 2444/1906 2460/1907
f 2672/2405 2599/2404 2251/2566
f 2463/2066 2672/2405 2597/2400
f 2032/2537 2461/2403 2672/2405
f 2673/2402 2598/2401 2123/1912
f 2343/2408 2673/2402 2309/2301
f 2183/2567 2597/2400 2673/2402
f 2674/2399 2276/2398 1795/2127
f 2598/2401 2674/2399 2429/1913
f 2251/2566 2596/2397 2674/2399
f 2675/2395 2595/2394 2250/2568
f 2457/2110 2675/2395 2593/2390
f 2030/2541 2455/2393 2675/2395
f 2676/2392 2594/2391 2089/2570
f 2337/2379 2676/2392 2404/2571
f 2177/2569 2593/2390 2676/2392
f 2677/2389 2413/2308 1799/2573
f 2594/2391 2677/2389 2284/2574
f 2250/2568 2592/2388 2677/2389
f 2334/2387 2277/2147 1890/2146
f 2678/2386 2588/2385 2249/2575
f 2273/2576 2678/2386 2586/2381
f 1917/2556 2456/2384 2678/2386
f 2679/2383 2587/2382 2085/2578
f 2393/2580 2679/2383 2400/2579
f 2070/2577 2586/2381 2679/2383
f 2680/2380 2337/2379 1920/2572
f 2587/2382 2680/2380 2280/2582
f 2249/2575 2585/2378 2680/2380
f 2453/2303 2026/2519 1890/2146
f 1910/2583 2333/2122 2583/2305
f 2437/2564 1990/2563 2026/2519
f 1797/2562 2317/2289 2580/2288
f 2327/2301 2334/2387 2026/2519
f 2573/2371 2681/2374 2575/2376
f 2467/2133 2681/2374 2573/2371
f 2033/2532 2465/2531 2681/2374
f 2682/2373 2574/2372 2086/2586
f 2347/2361 2682/2373 2401/2587
f 2187/2585 2573/2371 2682/2373
f 2281/2589 2683/2370 2408/2341
f 2574/2372 2683/2370 2281/2589
f 2574/2372 2248/2584 2572/2369
f 2569/2590 2684/2368 2571/2367
f 2329/2591 2684/2368 2569/2590
f 1992/2593 2466/2366 2684/2368
f 2685/2363 2570/2365 2113/2594
f 1802/2596 2449/2597 2685/2363
f 2159/2592 2569/2590 2685/2363
f 2686/2362 2347/2361 1918/2588
f 2570/2365 2686/2362 2304/2598
f 2247/2364 2568/2360 2686/2362
f 2687/2359 2567/2358 2246/2599
f 2319/2600 2687/2359 2565/2355
f 1810/2602 2411/2346 2687/2359
f 2466/2366 2688/2357 2566/2356
f 1992/2593 2439/2604 2688/2357
f 2137/2601 2565/2355 2688/2357
f 2346/2132 2689/2354 2348/2353
f 2566/2356 2689/2354 2346/2132
f 2246/2599 2564/2352 2689/2354
f 2349/1907 2274/2199 1781/2198
f 2316/1906 2349/1907 1902/1905
f 2326/2195 2350/2196 2034/2100
f 1816/2605 2452/2347 2426/2349
f 2035/2148 2471/2256 2383/2257
f 1895/2606 2472/2253 2388/2255
f 1782/2198 2443/2199 2472/2253
f 1815/2608 2382/2243 2411/2346
f 2036/2100 2473/2196 2391/2197
f 1984/1905 2474/1907 2427/2199
f 1792/2565 2445/1906 2474/1907
f 1803/1969 2408/2341 2393/2343
f 1886/2146 2038/2148 2475/2256
f 1894/2606 2476/2253 2261/2255
f 1894/2606 1781/2198 2274/2199
f 2450/2338 2384/2337 1804/2609
f 2039/2148 2477/2256 2386/2257
f 1981/2606 2478/2253 2398/2255
f 1784/2198 2427/2199 2478/2253
f 2690/2335 2563/2334 2245/2331
f 2481/2167 2690/2335 2561/2610
f 2040/2524 2479/2333 2690/2335
f 2691/2330 2562/2332 2126/2611
f 2361/2320 2691/2330 2312/2173
f 2361/2320 2201/2319 2561/2610
f 2432/2307 2692/2329 2292/2328
f 2126/2611 2562/2332 2692/2329
f 2245/2331 2560/2327 2692/2329
f 2557/2321 2693/2326 2559/2325
f 2108/2614 2422/2216 2693/2326
f 2422/2216 1932/2507 2480/2324
f 2694/2323 2558/2322 2095/2615
f 2302/2222 2694/2323 2289/1921
f 2108/2614 2557/2321 2694/2323
f 2695/2318 2361/2320 1923/2520
f 2558/2322 2695/2318 2409/2486
f 2244/2613 2556/2656 2695/2318
f 2696/2315 2555/2317 2243/2616
f 2387/1870 2696/2315 2553/2312
f 2387/1870 1808/1959 2320/1926
f 2697/2314 2554/2313 2200/2618
f 2267/2505 2697/2314 2480/2324
f 2058/2617 2553/2312 2697/2314
f 2698/2311 2362/2310 2040/2524
f 2554/2313 2698/2311 2360/2166
f 2243/2616 2552/2309 2698/2311
f 2413/2308 2432/2307 1801/2612
f 2483/2303 2041/2519 1888/2146
f 1909/2583 2363/2122 2550/2305
f 2395/2564 1907/2563 2041/2519
f 1796/2562 2275/2289 2547/2288
f 2309/2301 2364/2387 2041/2519
f 2485/2303 2042/2519 1892/2146
f 1912/2583 2365/2122 2541/2305
f 2396/2564 1908/2563 2042/2519
f 1795/2562 2276/2289 2538/2288
f 2305/2301 2366/2387 2042/2519
f 1886/2146 2043/2518 2487/2297
f 1886/2146 2272/2257 2368/2291
f 1914/2583 2488/2184 2529/2293
f 2043/2518 2368/2291 2328/2564
f 1794/2562 2448/2289 2526/2288
f 2699/2286 2524/2285 2242/2619
f 2491/2191 2699/2286 2522/2281
f 2044/2517 2489/2284 2699/2286
f 2700/2283 2523/2282 2096/2621
f 2371/2271 2700/2283 2410/2622
f 2214/2620 2522/2281 2700/2283
f 2701/2280 2407/2023 1805/2022
f 2523/2282 2701/2280 2290/2624
f 2242/2619 2521/2279 2701/2280
f 2702/2278 2520/2277 2241/2625
f 2264/2161 2702/2278 2518/2273
f 1926/2526 2490/2276 2702/2278
f 2703/2275 2519/2274 2104/2627
f 2384/2337 2703/2275 2418/2628
f 2055/2626 2518/2273 2703/2275
f 2704/2272 2371/2271 1924/2623
f 2519/2274 2704/2272 2298/2629
f 2241/2625 2517/2270 2704/2272
f 2514/2264 2705/2269 2516/2268
f 2294/1928 2705/2269 2514/2264
f 1812/1927 2402/2267 2705/2269
f 2706/2266 2515/2265 2213/2632
f 2414/2476 2706/2266 2490/2276
f 2100/2631 2514/2264 2706/2266
f 2707/2263 2372/2262 2044/2517
f 2515/2265 2707/2263 2370/2190
f 2240/2630 2513/2261 2707/2263
f 1898/1945 2373/1946 2269/1944
f 1783/1935 2313/1899 2373/1946
f 2323/2073 2374/2071 2045/2100
f 2046/2148 2495/2256 2385/2257
f 1980/2606 2496/2253 2397/2255
f 1778/2198 2430/2199 2496/2253
f 2708/2250 2512/2249 2239/2633
f 2499/2210 2708/2250 2510/2245
f 2050/2512 2497/2248 2708/2250
f 2709/2247 2511/2246 2101/2635
f 2379/2234 2709/2247 2415/2636
f 2233/2634 2510/2245 2709/2247
f 2710/2244 2382/2243 1815/2608
f 2511/2246 2710/2244 2295/2638
f 2239/2633 2509/2242 2710/2244
f 2711/2241 2508/2240 2238/2639
f 2331/2640 2711/2241 2506/2236
f 1994/2642 2498/2239 2711/2241
f 2712/2238 2507/2237 2110/2643
f 2451/2645 2712/2238 2423/2644
f 2161/2641 2506/2236 2712/2238
f 2713/2235 2379/2234 1927/2637
f 2507/2237 2713/2235 2303/2647
f 2238/2639 2505/2233 2713/2235
f 2714/2232 2504/2231 2237/2648
f 2321/2649 2714/2232 2502/2227
f 1817/2565 2322/2230 2714/2232
f 2715/2229 2503/2228 2232/2651
f 2441/2652 2715/2229 2498/2239
f 2139/2650 2502/2227 2715/2229
f 2716/2226 2380/2225 2050/2512
f 2503/2228 2716/2226 2378/2209
f 2237/2648 2501/2224 2716/2226
f 1817/2653 2321/2223 2302/2222
f 2441/2217 2422/2216 2108/2614
f 2717/2214 2500/2213 2234/2509
f 2504/2231 2717/2214 2501/2224
f 2140/2654 2442/2212 2717/2214
f 2718/2211 2499/2210 2233/2634
f 2508/2240 2718/2211 2505/2233
f 2232/2651 2378/2209 2718/2211
f 2719/2208 2262/2149 2053/2655
f 2512/2249 2719/2208 2509/2242
f 2231/2511 2377/2207 2719/2208
f 2124/2258 2310/2073 2376/2145
f 2219/2252 2376/2145 2277/2147
f 2218/2340 2375/1901 2265/2117
f 2149/2258 2443/2199 2494/1907
f 2127/2259 2433/2197 2493/2196
f 2216/2350 2493/2196 2389/2195
f 2720/2194 2492/2193 2215/2515
f 2240/2630 2516/2268 2720/2194
f 2087/2417 2282/2054 2720/2194
f 2721/2192 2491/2191 2214/2620
f 2520/2277 2721/2192 2517/2270
f 2213/2632 2370/2190 2721/2192
f 2722/2189 2287/2188 2093/2438
f 2524/2285 2722/2189 2521/2279
f 2212/2516 2369/2187 2722/2189
f 2081/2302 2525/2185 2488/2184
f 2116/2304 2528/2115 2392/2117
f 2531/1915 2367/1916 1911/1914
f 2078/2302 2537/2120 2365/2122
f 2060/2304 2540/2115 2266/2117
f 2074/2302 2546/2120 2363/2122
f 2061/2304 2549/2115 2263/2117
f 2293/2107 2312/2173 2126/2611
f 2723/2171 2482/2170 2202/2522
f 2243/2616 2555/2317 2723/2171
f 2138/2316 2440/2169 2723/2171
f 2556/2656 2724/2168 2481/2167
f 2559/2325 2724/2168 2556/2656
f 2200/2618 2360/2166 2724/2168
f 2725/2165 2412/2164 2098/2657
f 2563/2334 2725/2165 2560/2327
f 2199/2523 2359/2163 2725/2165
f 2118/2258 2307/2073 2358/2145
f 2198/2252 2358/2145 2278/2147
f 2197/2340 2357/1901 2266/2117
f 2330/2162 2264/2161 2055/2626
f 2071/2258 2394/2073 2356/2145
f 2052/2254 2196/2252 2356/2145
f 2069/2116 2195/2340 2355/1901
f 2094/2658 2288/2130 2273/2156
f 2154/2351 2325/2099 2354/2071
f 2194/2344 2354/2071 2307/2073
f 2193/2350 2353/1946 2271/1899
f 2053/2655 2262/2149 2291/2135
f 2149/2258 2323/2073 2352/2145
f 2192/2252 2352/2145 2268/2147
f 2191/2340 2351/1901 2263/2117
f 2162/2659 2332/2142 2306/2049
f 2446/1944 2470/1946 2190/2350
f 2436/2099 2469/2071 2189/2344
f 2469/2071 2394/2073 2071/2258
f 2564/2352 2726/2137 2468/2136
f 2246/2599 2567/2358 2726/2137
f 2097/2345 2291/2135 2726/2137
f 2727/2134 2467/2133 2187/2585
f 2247/2364 2571/2367 2727/2134
f 2186/2603 2346/2132 2727/2134
f 2728/2131 2288/2130 2094/2658
f 2575/2376 2728/2131 2572/2369
f 2185/2375 2345/2129 2728/2131
f 2075/2302 2579/2120 2333/2122
f 2062/2304 2582/2115 2265/2117
f 2729/2111 2457/2110 2177/2569
f 2588/2385 2729/2111 2585/2378
f 2176/2554 2336/2109 2729/2111
f 2730/2108 2293/2107 2099/2306
f 2595/2394 2730/2108 2592/2388
f 2175/2540 2335/2106 2730/2108
f 2731/2103 2396/2102 2073/2660
f 2599/2404 2731/2103 2596/2397
f 2181/2536 2341/2101 2731/2103
f 2152/2351 2324/2099 2340/2071
f 2180/2344 2340/2071 2310/2073
f 2179/2350 2339/1946 2270/1899
f 2732/2067 2463/2066 2183/2567
f 2603/2414 2732/2067 2600/2407
f 2182/2547 2342/2065 2732/2067
f 2110/2661 2303/2052 2282/2054
f 2733/2051 2458/2050 2178/2539
f 2607/2424 2733/2051 2604/2418
f 2117/2348 2306/2049 2733/2051
f 2137/2426 2439/2033 2406/2035
f 2608/2549 2734/2028 2464/2030
f 2611/2436 2734/2028 2608/2549
f 2611/2436 2136/2435 2438/2662
f 2159/2663 2449/2021 2407/2023
f 2735/1998 2285/1922 2091/2485
f 2615/2446 2735/1998 2612/2439
f 2106/2471 2300/1962 2735/1998
f 2130/2260 2314/1944 2339/1946
f 2736/1992 2425/1991 2115/2664
f 2256/2452 2619/2456 2736/1992
f 2158/2455 2448/1990 2736/1992
f 2101/2665 2295/1989 2299/1908
f 2737/1973 2283/1936 2088/2666
f 2257/2529 2623/2469 2737/1973
f 2623/2469 2103/2468 2297/1955
f 2470/1946 2431/1899 2125/2259
f 2140/2667 2322/1961 2300/1962
f 2127/2259 2313/1899 2351/1901
f 2102/2473 2296/1873 2297/1955
f 2132/2260 2315/1944 2353/1946
f 2088/2666 2283/1936 2279/1938
f 2195/2340 2125/2259 2431/1899
f 2138/2316 2320/1926 2294/1928
f 2068/2259 2271/1899 2357/1901
f 2738/1923 2421/1925 2107/2668
f 2627/2484 2738/1923 2624/2477
f 2627/2484 2160/2336 2450/2338
f 2285/1922 2289/1921 2095/2615
f 2634/1911 2318/1913 1797/2127
f 2739/1910 2286/1909 2092/2427
f 2640/2493 2739/1910 2637/2488
f 2105/2458 2299/1908 2739/1910
f 2494/1907 2428/1906 2122/2351
f 2066/2259 2270/1899 2375/1901
f 2740/1874 2296/1873 2102/2473
f 2644/2502 2740/1874 2641/2495
f 2162/2669 2452/1872 2740/1874
f 2451/1871 2387/1870 2058/2617
o LeftArm
v 3.9 -0.3 2.1
v 3.9 -0.3 -2.1
v 8.1 -0.3 -2.1
v 8.1 -0.3 2.1
v 3.9 9.15 2.1
v 8.1 9.15 2.1
v 8.1 9.15 -2.1
v 3.9 9.15 -2.1
v 3.9 4.425 2.1
v 3.9 -0.3 0
v 3.9 4.425 -2.1
v 6 -0.3 -2.1
v 8.1 4.425 2.1
v 6 -0.3 2.1
v 8.1 4.425 -2.1
v 8.1 -0.3 0
v 3.9 9.15 -0
v 6 9.15 -2.1
v 6 9.15 2.1
v 8.1 9.15 -0
v 6 -0.3 0
v 3.9 4.425 -0
v 6 4.425 2.1
v 6 4.425 -2.1
v 8.1 4.425 -0
v 3.9 6.7875 2.1
v 4.95 -0.3 -2.1
v 3.9 -0.3 -1.05
v 3.9 6.7875 -2.1
v 3.9 2.0625 2.1
v 7.05 -0.3 -2.1
v 8.1 6.7875 2.1
v 3.9 -0.3 1.05
v 7.05 -0.3 2.1
v 8.1 6.7875 -2.1
v 3.9 2.0625 -2.1
v 8.1 -0.3 1.05
v 8.1 2.0625 2.1
v 3.9 9.15 -1.05
v 4.95 9.15 -2.1
v 7.05 9.15 2.1
v 8.1 9.15 -1.05
v 4.95 -0.3 2.1
v 8.1 2.0625 -2.1
v 8.1 -0.3 -1.05
v 3.9 9.15 1.05
v 7.05 9.15 -2.1
v 4.95 9.15 2.1
v 8.1 9.15 1.05
v 6 -0.3 1.05
v 6 -0.3 -1.05
v 4.95 -0.3 0
v 7.05 -0.3 0
v 3.9 2.0625 -0
v 3.9 6.7875 -0
v 3.9 4.425 1.05
v 3.9 4.425 -1.05
v 6 2.0625 2.1
v 6 6.7875 2.1
v 7.05 4.425 2.1
v 4.95 4.425 2.1
v 6 2.0625 -2.1
v 6 6.7875 -2.1
v 4.95 4.425 -2.1
v 7.05 4.425 -2.1
v 8.1 2.0625 -0
v 8.1 6.7875 -0
v 8.1 4.425 -1.05
v 8.1 4.425 1.05
v 8.1 6.7875 1.05
v 8.1 6.7875 -1.05
v 8.1 2.0625 -1.05
v 7.05 6.7875 -2.1
v 4.95 6.7875 -2.1
v 4.95 2.0625 -2.1
v 4.95 6.7875 2.1
v 7.05 6.7875 2.1
v 7.05 2.0625 2.1
v 7.05 -0.3 1.05
v 3.9 6.7875 -1.05
v 3.9 2.0625 1.05
v 7.05 -0.3 -1.05
v 4.95 -0.3 -1.05
v 3.9 6.7875 1.05
v 3.9 2.0625 -1.05
v 4.95 2.0625 2.1
v 7.05 2.0625 -2.1
v 4.95 -0.3 1.05
v 8.1 2.0625 1.05
v 3.9 7.9687 2.1
v 3.9 7.9687 -2.1
v 3.9 3.2437 2.1
v 8.1 7.9687 2.1
v 8.1 7.9687 -2.1
v 3.9 3.2437 -2.1
v 8.1 3.2437 2.1
v 8.1 3.2437 -2.1
v 3.9 0.8812 -0
v 3.9 5.6062 -0
v 6 0.8812 2.1
v 6 5.6062 2.1
v 6 0.8812 -2.1
v 6 5.6062 -2.1
v 8.1 0.8812 -0
v 8.1 5.6062 -0
v 3.9 5.6062 2.1
v 3.9 5.6062 -2.1
v 3.9 0.8812 2.1
v 8.1 5.6062 2.1
v 8.1 5.6062 -2.1
v 3.9 0.8812 -2.1
v 8.1 0.8812 2.1
v 8.1 0.8812 -2.1
v 3.9 3.2437 -0
v 3.9 7.9687 -0
v 6 3.2437 2.1
v 6 7.9687 2.1
v 6 3.2437 -2.1
v 6 7.9687 -2.1
v 8.1 3.2437 -0
v 8.1 7.9687 -0
v 8.1 5.6062 1.05
v 8.1 7.9687 1.05
v 8.1 5.6062 -1.05
v 8.1 7.9687 -1.05
v 8.1 0.8812 -1.05
v 8.1 3.2437 -1.05
v 7.05 5.6062 -2.1
v 7.05 7.9687 -2.1
v 4.95 5.6062 -2.1
v 4.95 7.9687 -2.1
v 4.95 0.8812 -2.1
v 4.95 3.2437 -2.1
v 4.95 5.6062 2.1
v 4.95 7.9687 2.1
v 7.05 5.6062 2.1
v 7.05 7.9687 2.1
v 7.05 0.8812 2.1
v 7.05 3.2437 2.1
v 3.9 5.6062 -1.05
v 3.9 7.9687 -1.05
v 3.9 0.8812 1.05
v 3.9 3.2437 1.05
v 3.9 5.6062 1.05
v 3.9 7.9687 1.05
v 3.9 0.8812 -1.05
v 3.9 3.2437 -1.05
v 4.95 0.8812 2.1
v 4.95 3.2437 2.1
v 7.05 0.8812 -2.1
v 7.05 3.2437 -2.1
v 8.1 0.8812 1.05
v 8.1 3.2437 1.05
vt 0.75 0.6058
vt 0.6875 0.6923
vt 0.6875 0.6058
vt 0.375 0.9231
vt 0.3125 1
vt 0.3125 0.9231
vt 0.5 0.6058
vt 0.4375 0.6923
vt 0.4375 0.6058
vt 1 0.6058
vt 0.9375 0.6923
vt 0.9375 0.6058
vt 0.25 0.6058
vt 0.1875 0.6923
vt 0.1875 0.6058
vt 0.125 0.2596
vt 0.0625 0.3462
vt 0.0625 0.2596
vt 0.375 0.7692
vt 0.3125 0.8462
vt 0.3125 0.7692
vt 0.5 0.7692
vt 0.4375 0.8462
vt 0.4375 0.7692
vt 0.125 0.6058
vt 0.0625 0.6923
vt 0.0625 0.6058
vt 0.25 0.2596
vt 0.1875 0.3462
vt 0.1875 0.2596
vt 0.5 0.9231
vt 0.4375 1
vt 0.4375 0.9231
vt 0.875 0.6058
vt 0.8125 0.6923
vt 0.8125 0.6058
vt 0.875 0.2596
vt 0.8125 0.3462
vt 0.8125 0.2596
vt 0.9375 0.2596
vt 1 0.3462
vt 0.9375 0.3462
vt 0.3125 0.6058
vt 0.375 0.6923
vt 0.3125 0.6923
vt 0.3125 0.2596
vt 0.375 0.3462
vt 0.3125 0.3462
vt 0.5 0.2596
vt 0.4375 0.3462
vt 0.4375 0.2596
vt 0.625 0.6058
vt 0.5625 0.6923
vt 0.5625 0.6058
vt 0.625 0.2596
vt 0.5625 0.3462
vt 0.5625 0.2596
vt 0.75 0.2596
vt 0.6875 0.3462
vt 0.6875 0.2596
vt 0.625 0.3462
vt 0.6875 0.0865
vt 0.625 0.1731
vt 0.625 0.0865
vt 0.75 0.0865
vt 0.6875 0.1731
vt 0.5 0.3462
vt 0.5625 0.0865
vt 0.5 0.1731
vt 0.5 0.0865
vt 0.5625 0.1731
vt 0.5 0.6923
vt 0.5625 0.4327
vt 0.5 0.5192
vt 0.5 0.4327
vt 0.625 0.4327
vt 0.5625 0.5192
vt 0.375 0.2596
vt 0.4375 0.0865
vt 0.375 0.1731
vt 0.375 0.0865
vt 0.4375 0.1731
vt 0.25 0.3462
vt 0.25 0.0865
vt 0.3125 0.1731
vt 0.25 0.1731
vt 0.3125 0.0865
vt 0.25 0.6923
vt 0.3125 0.4327
vt 0.25 0.5192
vt 0.25 0.4327
vt 0.375 0.4327
vt 0.3125 0.5192
vt 0.875 0.3462
vt 0.9375 0.0865
vt 0.875 0.1731
vt 0.875 0.0865
vt 1 0.0865
vt 0.9375 0.1731
vt 0.75 0.3462
vt 0.8125 0.0865
vt 0.75 0.1731
vt 0.8125 0.1731
vt 0.75 0.6923
vt 0.75 0.4327
vt 0.8125 0.5192
vt 0.75 0.5192
vt 0.875 0.4327
vt 0.8125 0.4327
vt 0.375 1
vt 0.375 0.8462
vt 0.5 0.8462
vt 0.125 0.3462
vt 0.1875 0.0865
vt 0.125 0.1731
vt 0.125 0.0865
vt 0.1875 0.1731
vt 0 0.6923
vt 0 0.6058
vt 0.0625 0.4327
vt 0 0.5192
vt 0 0.4327
vt 0.125 0.4327
vt 0.0625 0.5192
vt 0.25 0.8462
vt 0.25 0.7692
vt 0 0.3462
vt 0 0.2596
vt 0.0625 0.0865
vt 0 0.1731
vt 0 0.0865
vt 0.0625 0.1731
vt 0.125 0.6923
vt 0.1875 0.4327
vt 0.125 0.5192
vt 0.1875 0.5192
vt 0.875 0.6923
vt 0.9375 0.4327
vt 0.875 0.5192
vt 1 0.5192
vt 0.9375 0.5192
vt 0.375 0.6058
vt 0.4375 0.4327
vt 0.375 0.5192
vt 0.4375 0.5192
vt 0.25 1
vt 0.25 0.9231
vt 0.625 0.6923
vt 0.6875 0.4327
vt 0.625 0.5192
vt 0.6875 0.5192
vt 0.125 0
vt 0.0625 0
vt 0 0
vt 0.25 0
vt 0.1875 0
vt 0.875 0
vt 0.8125 0
vt 0.75 0
vt 0.9375 0
vt 0.3125 0
vt 0.5 0
vt 0.4375 0
vt 0.375 0
vt 0.625 0
vt 0.5625 0
vt 0.6875 0
vt 1 0.2596
vt 1 0.6923
vt 0.5 1
vt 1 0.1731
vt 1 0.4327
vt 1 0
s 1
f 2852/2683 2777/2684 2892/2685
f 2790/2686 2783/2687 2828/2688
f 2853/2689 2771/2690 2890/2691
f 2848/2692 2783/2693 2888/2694
f 2851/2695 2768/2696 2886/2697
f 2839/2698 2796/2699 2884/2700
f 2791/2701 2792/2702 2823/2703
f 2785/2704 2793/2705 2822/2706
f 2838/2707 2773/2708 2882/2709
f 2847/2710 2797/2711 2880/2712
f 2777/2713 2774/2714 2819/2715
f 2840/2716 2774/2717 2878/2718
f 2841/2719 2800/2720 2876/2721
f 2874/2722 2749/2723 2801/2724
f 2872/2725 2752/2726 2767/2727
f 2870/2728 2764/2729 2804/2730
f 2850/2731 2805/2732 2868/2733
f 2844/2734 2785/2735 2866/2736
f 2845/2737 2808/2738 2864/2739
f 2849/2740 2809/2741 2862/2742
f 2862/2742 2765/2743 2845/2737
f 2863/2744 2807/2745 2861/2746
f 2833/2747 2810/2748 2863/2744
f 2864/2739 2755/2749 2850/2731
f 2865/2750 2775/2751 2834/2752
f 2861/2746 2811/2753 2865/2750
f 2866/2736 2743/2754 2853/2689
f 2867/2755 2784/2756 2837/2757
f 2860/2758 2812/2759 2867/2755
f 2868/2733 2764/2729 2843/2760
f 2869/2761 2803/2762 2859/2763
f 2834/2752 2813/2764 2869/2761
f 2870/2728 2751/2765 2847/2710
f 2831/2766 2814/2767 2769/2768
f 2871/2769 2803/2762 2814/2767
f 2851/2695 2767/2727 2742/2770
f 2873/2771 2776/2772 2835/2773
f 2858/2774 2815/2775 2873/2771
f 2874/2722 2763/2776 2841/2719
f 2875/2777 2799/2778 2857/2779
f 2830/2780 2816/2781 2875/2777
f 2849/2740 2800/2720 2753/2782
f 2877/2783 2772/2784 2833/2747
f 2857/2779 2817/2785 2877/2783
f 2878/2718 2744/2786 2852/2683
f 2836/2787 2818/2788 2778/2789
f 2856/2790 2818/2788 2879/2791
f 2819/2715 2754/2792 2790/2686
f 2793/2705 2790/2686 2761/2793
f 2756/2794 2819/2715 2793/2705
f 2880/2712 2762/2795 2839/2698
f 2881/2796 2795/2797 2855/2798
f 2831/2766 2820/2799 2881/2796
f 2882/2709 2741/2800 2848/2801
f 2883/2802 2770/2803 2832/2804
f 2854/2805 2821/2806 2883/2802
f 2822/2706 2761/2793 2791/2701
f 2771/2690 2791/2701 2752/2726
f 2743/2754 2822/2706 2771/2690
f 2823/2703 2750/2807 2768/2808
f 2767/2727 2768/2808 2742/2770
f 2752/2726 2823/2703 2767/2727
f 2884/2700 2749/2809 2846/2810
f 2885/2811 2766/2812 2830/2813
f 2855/2798 2824/2814 2885/2811
f 2886/2697 2750/2815 2838/2707
f 2887/2816 2794/2817 2854/2805
f 2887/2816 2776/2772 2825/2818
f 2888/2694 2754/2819 2840/2716
f 2889/2820 2798/2821 2856/2790
f 2889/2820 2770/2822 2826/2823
f 2842/2824 2771/2690 2752/2726
f 2891/2825 2802/2826 2858/2774
f 2891/2825 2784/2756 2827/2827
f 2828/2688 2741/2828 2773/2829
f 2792/2702 2773/2829 2750/2807
f 2761/2793 2828/2688 2792/2702
f 2892/2685 2756/2830 2844/2734
f 2893/2831 2806/2832 2860/2758
f 2836/2787 2829/2833 2893/2831
f 2753/2782 2893/2831 2809/2741
f 2809/2741 2860/2758 2765/2743
f 2829/2833 2844/2734 2806/2832
f 2755/2749 2891/2825 2805/2732
f 2805/2732 2858/2774 2764/2729
f 2827/2827 2842/2824 2802/2826
f 2749/2723 2889/2820 2801/2724
f 2801/2724 2856/2790 2763/2776
f 2826/2823 2840/2716 2798/2821
f 2751/2765 2887/2816 2797/2711
f 2797/2711 2854/2805 2762/2795
f 2825/2818 2838/2707 2794/2817
f 2757/2834 2885/2811 2786/2835
f 2786/2835 2830/2813 2745/2836
f 2824/2814 2846/2810 2766/2812
f 2762/2795 2883/2802 2796/2699
f 2796/2699 2832/2804 2749/2809
f 2821/2806 2848/2801 2770/2803
f 2748/2837 2881/2796 2779/2838
f 2779/2838 2855/2798 2757/2834
f 2820/2799 2839/2698 2795/2797
f 2763/2776 2879/2791 2800/2720
f 2753/2782 2879/2791 2836/2787
f 2818/2788 2852/2683 2778/2789
f 2759/2839 2877/2783 2781/2840
f 2746/2841 2877/2783 2833/2747
f 2772/2784 2876/2721 2849/2740
f 2788/2842 2830/2780 2875/2777
f 2788/2842 2857/2779 2759/2839
f 2816/2781 2841/2719 2799/2778
f 2804/2730 2858/2774 2873/2771
f 2804/2730 2835/2773 2751/2765
f 2815/2775 2851/2695 2776/2772
f 2780/2843 2859/2763 2871/2769
f 2780/2843 2831/2766 2748/2837
f 2814/2767 2847/2710 2769/2768
f 2747/2844 2869/2761 2787/2845
f 2787/2845 2859/2763 2758/2846
f 2813/2764 2843/2760 2803/2762
f 2765/2743 2867/2755 2808/2738
f 2808/2738 2837/2757 2755/2749
f 2812/2759 2853/2689 2784/2756
f 2760/2847 2865/2750 2782/2848
f 2782/2848 2834/2752 2747/2844
f 2811/2753 2850/2731 2775/2751
f 2746/2841 2863/2744 2789/2849
f 2789/2849 2861/2746 2760/2847
f 2810/2748 2845/2737 2807/2745
f 2772/2784 2862/2742 2810/2748
f 2807/2745 2864/2739 2811/2753
f 2806/2832 2866/2736 2812/2759
f 2775/2751 2868/2733 2813/2764
f 2803/2762 2870/2728 2814/2767
f 2802/2826 2872/2725 2815/2775
f 2816/2781 2846/2850 2874/2722
f 2799/2778 2876/2721 2817/2785
f 2798/2821 2878/2718 2818/2788
f 2769/2768 2880/2712 2820/2799
f 2794/2817 2882/2709 2821/2806
f 2795/2797 2884/2700 2824/2814
f 2776/2772 2886/2697 2825/2818
f 2770/2822 2888/2694 2826/2823
f 2827/2827 2853/2689 2890/2691
f 2829/2833 2852/2683 2892/2685
f 2852/2683 2744/2786 2777/2684
f 2790/2686 2754/2792 2783/2687
f 2853/2689 2743/2754 2771/2690
f 2848/2692 2741/2851 2783/2693
f 2851/2695 2742/2770 2768/2696
f 2839/2698 2762/2795 2796/2699
f 2791/2701 2761/2793 2792/2702
f 2785/2704 2756/2794 2793/2705
f 2838/2707 2750/2815 2773/2708
f 2847/2710 2751/2765 2797/2711
f 2777/2713 2744/2852 2774/2714
f 2840/2716 2754/2819 2774/2717
f 2841/2719 2763/2776 2800/2720
f 2874/2722 2846/2850 2749/2723
f 2872/2725 2842/2824 2752/2726
f 2870/2728 2843/2760 2764/2729
f 2850/2731 2755/2749 2805/2732
f 2844/2734 2756/2830 2785/2735
f 2845/2737 2765/2743 2808/2738
f 2849/2740 2753/2782 2809/2741
f 2862/2742 2809/2741 2765/2743
f 2863/2744 2810/2748 2807/2745
f 2833/2747 2772/2784 2810/2748
f 2864/2739 2808/2738 2755/2749
f 2865/2750 2811/2753 2775/2751
f 2861/2746 2807/2745 2811/2753
f 2866/2736 2785/2735 2743/2754
f 2867/2755 2812/2759 2784/2756
f 2860/2758 2806/2832 2812/2759
f 2868/2733 2805/2732 2764/2729
f 2869/2761 2813/2764 2803/2762
f 2834/2752 2775/2751 2813/2764
f 2870/2728 2804/2730 2751/2765
f 2831/2766 2871/2769 2814/2767
f 2871/2769 2859/2763 2803/2762
f 2851/2695 2872/2725 2767/2727
f 2873/2771 2815/2775 2776/2772
f 2858/2774 2802/2826 2815/2775
f 2874/2722 2801/2724 2763/2776
f 2875/2777 2816/2781 2799/2778
f 2830/2780 2766/2853 2816/2781
f 2849/2740 2876/2721 2800/2720
f 2877/2783 2817/2785 2772/2784
f 2857/2779 2799/2778 2817/2785
f 2878/2718 2774/2717 2744/2786
f 2836/2787 2879/2791 2818/2788
f 2856/2790 2798/2821 2818/2788
f 2819/2715 2774/2714 2754/2792
f 2793/2705 2819/2715 2790/2686
f 2756/2794 2777/2713 2819/2715
f 2880/2712 2797/2711 2762/2795
f 2881/2796 2820/2799 2795/2797
f 2831/2766 2769/2768 2820/2799
f 2882/2709 2773/2708 2741/2800
f 2883/2802 2821/2806 2770/2803
f 2854/2805 2794/2817 2821/2806
f 2822/2706 2793/2705 2761/2793
f 2771/2690 2822/2706 2791/2701
f 2743/2754 2785/2704 2822/2706
f 2823/2703 2792/2702 2750/2807
f 2767/2727 2823/2703 2768/2808
f 2752/2726 2791/2701 2823/2703
f 2884/2700 2796/2699 2749/2809
f 2885/2811 2824/2814 2766/2812
f 2855/2798 2795/2797 2824/2814
f 2886/2697 2768/2696 2750/2815
f 2887/2816 2825/2818 2794/2817
f 2887/2816 2835/2773 2776/2772
f 2888/2694 2783/2693 2754/2819
f 2889/2820 2826/2823 2798/2821
f 2889/2820 2832/2854 2770/2822
f 2842/2824 2890/2691 2771/2690
f 2891/2825 2827/2827 2802/2826
f 2891/2825 2837/2757 2784/2756
f 2828/2688 2783/2687 2741/2828
f 2792/2702 2828/2688 2773/2829
f 2761/2793 2790/2686 2828/2688
f 2892/2685 2777/2684 2756/2830
f 2893/2831 2829/2833 2806/2832
f 2836/2787 2778/2789 2829/2833
f 2753/2782 2836/2787 2893/2831
f 2809/2741 2893/2831 2860/2758
f 2829/2833 2892/2685 2844/2734
f 2755/2749 2837/2757 2891/2825
f 2805/2732 2891/2825 2858/2774
f 2827/2827 2890/2691 2842/2824
f 2749/2723 2832/2854 2889/2820
f 2801/2724 2889/2820 2856/2790
f 2826/2823 2888/2694 2840/2716
f 2751/2765 2835/2773 2887/2816
f 2797/2711 2887/2816 2854/2805
f 2825/2818 2886/2697 2838/2707
f 2757/2834 2855/2798 2885/2811
f 2786/2835 2885/2811 2830/2813
f 2824/2814 2884/2700 2846/2810
f 2762/2795 2854/2805 2883/2802
f 2796/2699 2883/2802 2832/2804
f 2821/2806 2882/2709 2848/2801
f 2748/2837 2831/2766 2881/2796
f 2779/2838 2881/2796 2855/2798
f 2820/2799 2880/2712 2839/2698
f 2763/2776 2856/2790 2879/2791
f 2753/2782 2800/2720 2879/2791
f 2818/2788 2878/2718 2852/2683
f 2759/2839 2857/2779 2877/2783
f 2746/2841 2781/2840 2877/2783
f 2772/2784 2817/2785 2876/2721
f 2788/2842 2745/2855 2830/2780
f 2788/2842 2875/2777 2857/2779
f 2816/2781 2874/2722 2841/2719
f 2804/2730 2764/2729 2858/2774
f 2804/2730 2873/2771 2835/2773
f 2815/2775 2872/2725 2851/2695
f 2780/2843 2758/2846 2859/2763
f 2780/2843 2871/2769 2831/2766
f 2814/2767 2870/2728 2847/2710
f 2747/2844 2834/2752 2869/2761
f 2787/2845 2869/2761 2859/2763
f 2813/2764 2868/2733 2843/2760
f 2765/2743 2860/2758 2867/2755
f 2808/2738 2867/2755 2837/2757
f 2812/2759 2866/2736 2853/2689
f 2760/2847 2861/2746 2865/2750
f 2782/2848 2865/2750 2834/2752
f 2811/2753 2864/2739 2850/2731
f 2746/2841 2833/2747 2863/2744
f 2789/2849 2863/2744 2861/2746
f 2810/2748 2862/2742 2845/2737
f 2772/2784 2849/2740 2862/2742
f 2807/2745 2845/2737 2864/2739
f 2806/2832 2844/2734 2866/2736
f 2775/2751 2850/2731 2868/2733
f 2803/2762 2843/2760 2870/2728
f 2802/2826 2842/2824 2872/2725
f 2816/2781 2766/2853 2846/2850
f 2799/2778 2841/2719 2876/2721
f 2798/2821 2840/2716 2878/2718
f 2769/2768 2847/2710 2880/2712
f 2794/2817 2838/2707 2882/2709
f 2795/2797 2839/2698 2884/2700
f 2776/2772 2851/2695 2886/2697
f 2770/2822 2848/2692 2888/2694
f 2827/2827 2784/2756 2853/2689
f 2829/2833 2778/2789 2852/2683
o LeftBoot
v 4.625 24.3 2.625
v -0.625 24.3 2.625
v 4.625 24.3 -2.625
v -0.625 24.3 -2.625
v 3.575 24.3 -3.675
v 0.425 24.3 -3.675
v 3.575 22.2 -3.675
v 0.425 22.2 -3.675
v 3.575 21.15 -2.625
v 0.425 21.15 -2.625
v 4.625 22.2 -2.625
v -0.625 22.2 -2.625
v -0.1 20.1 -2.1
v 4.1 20.1 -2.1
v -0.1 20.1 2.1
v 4.1 20.1 2.1
v 4.625 20.1 2.625
v -0.625 20.1 2.625
v 4.625 20.1 -2.625
v -0.625 20.1 -2.625
v 4.625 24.3 -0
v 2 24.3 2.625
v 1.475 24.3 -3.15
v 2 24.3 -3.675
v 0.425 23.25 -3.675
v 2 22.2 -3.675
v 4.625 20.1 -0
v 4.3625 20.1 0.2625
v 4.625 21.15 -2.625
v 2 20.1 -2.625
v 2.2625 20.1 -2.3625
v 4.625 23.25 -2.625
v -0.625 23.25 -2.625
v 1.475 20.625 -2.625
v 2 20.1 2.625
v 1.7375 20.1 2.3625
v -0.625 20.1 -0
v -0.3625 20.1 -0.2625
v -0.625 22.2 2.625
v -0.625 23.25 -0
v 2 24.3 -2.625
v -0.625 24.3 -0
v 3.575 23.25 -3.675
v 2 21.15 -2.625
v 4.1 20.1 -0
v 4.625 23.25 -0
v 4.625 22.2 2.625
v 2 20.1 -2.1
v -0.625 21.15 -2.625
v 2 20.1 2.1
v -0.1 20.1 -0
v 2 24.3 -0
v 4.625 21.675 -0
v -0.625 21.675 -0
v 2 23.25 -3.675
v 2 22.2 2.625
v 4.625 24.3 -1.3125
v 4.2312 20.1 -0.9188
v 0.6875 24.3 2.625
v 2.525 24.3 -3.4125
v 1.2125 24.3 -3.675
v 1.2125 22.2 -3.675
v 2.7875 22.2 -3.675
v 4.625 20.1 -1.3125
v 4.4937 20.1 1.4437
v 3.3125 24.3 2.625
v 0.6875 20.1 -2.625
v 3.4437 20.1 -2.4938
v 2.7875 24.3 -3.675
v 0.425 24.3 -2.8875
v 0.425 20.3625 -2.625
v 0.6875 20.1 2.625
v 0.5562 20.1 2.4937
v -0.625 20.1 -1.3125
v -0.4938 20.1 -1.4438
v -0.625 21.15 2.625
v -0.625 22.725 -1.3125
v 4.625 24.3 1.3125
v 4.625 20.1 1.3125
v 0.6875 24.3 -2.625
v -0.625 24.3 -1.3125
v 1.2125 21.15 -2.625
v 4.1 20.1 1.05
v 4.625 22.725 -1.3125
v 4.625 21.15 2.625
v 3.05 20.1 -2.1
v 3.05 20.1 2.1
v -0.1 20.1 1.05
v 3.3125 20.1 -2.625
v 1.0812 20.1 -2.2313
v 2.525 20.8875 -2.625
v 3.3125 20.1 2.625
v 2.9187 20.1 2.2312
v -0.625 20.1 1.3125
v -0.2313 20.1 0.9187
v -0.625 23.25 2.625
v -0.625 23.775 1.3125
v 3.3125 24.3 -2.625
v -0.625 24.3 1.3125
v 2.7875 21.15 -2.625
v 4.1 20.1 -1.05
v 4.625 23.775 1.3125
v 4.625 23.25 2.625
v 0.95 20.1 -2.1
v 0.95 20.1 2.1
v -0.1 20.1 -1.05
v 2 24.3 1.3125
v 2 24.3 -1.3125
v 3.3125 24.3 -0
v 0.6875 24.3 -0
v -0.625 23.775 -1.3125
v -0.625 23.25 -1.3125
v 4.625 23.25 -1.3125
v 4.625 23.775 -1.3125
v 4.625 21.4125 -1.3125
v 4.625 21.9375 1.3125
v 4.625 22.4625 -0
v 4.625 20.8875 -0
v -0.625 21.9375 1.3125
v -0.625 21.4125 -1.3125
v -0.625 22.4625 -0
v -0.625 20.8875 -0
v 1.2125 23.25 -3.675
v 2.7875 23.25 -3.675
v 2 23.25 2.625
v 2 21.15 2.625
v 0.6875 22.2 2.625
v 3.3125 22.2 2.625
v 3.3125 21.15 2.625
v 0.6875 21.15 2.625
v 0.6875 23.25 2.625
v -0.625 22.8563 1.3125
v 4.625 21.0187 1.3125
v 4.625 22.8562 1.3125
v 0.6875 24.3 1.3125
v 3.3125 24.3 -1.3125
v 0.6875 24.3 -1.3125
v 3.3125 24.3 1.3125
v -0.625 21.0188 1.3125
v 3.3125 23.25 2.625
v -0.625 20.4938 -0.6563
v -0.625 21.9375 -0.6563
v 4.625 21.9375 -0.6563
v 4.625 20.4937 -0.6563
vt 0.8125 0.2667
vt 0.75 0.2222
vt 0.8125 0.2222
vt 0.4 0.0333
vt 0.45 0.0444
vt 0.4125 0.0444
vt 0.45 0.0889
vt 0.5 0.0444
vt 0.5 0.0889
vt 0.3375 0.1333
vt 0.3 0.0889
vt 0.3375 0.0889
vt 0.525 0.4222
vt 0.5625 0.4
vt 0.5813 0.4167
vt 0.0625 0.3611
vt 0 0.4
vt 0 0.3556
vt 0.275 0.4222
vt 0.3125 0.4
vt 0.3312 0.4167
vt 0.25 0.1333
vt 0.25 0.0889
vt 0.625 0.3333
vt 0.625 0.3667
vt 0.5625 0.3444
vt 0.45 0.1778
vt 0.45 0.1333
vt 0.5 0.1333
vt 0.45 0.3556
vt 0.4375 0.4
vt 0.4 0.3667
vt 0.3 0.1333
vt 0.3 0.1778
vt 0.775 0.4222
vt 0.8125 0.4
vt 0.8313 0.4167
vt 0.025 0.4222
vt 0.0625 0.4
vt 0.0813 0.4167
vt 0.0625 0.1111
vt 0 0.0556
vt 0.0625 0.0556
vt 0.3375 0.3556
vt 0.35 0.3778
vt 0.3 0.3889
vt 0.4375 0
vt 0.1875 0.2667
vt 0.1875 0.2889
vt 0.125 0.2667
vt 0.175 0.4222
vt 0.1375 0.4111
vt 0.1938 0.4056
vt 0.575 0.4222
vt 0.5625 0.2222
vt 0.625 0.2222
vt 0.5625 0.2444
vt 0.1875 0.2222
vt 0.125 0.1667
vt 0.1875 0.1667
vt 0.325 0.4222
vt 0.1875 0.2444
vt 0.25 0.2667
vt 0.0625 0.2222
vt 0.0625 0.2444
vt 0 0.2222
vt 0.25 0.3556
vt 0.3 0.3556
vt 0.25 0.4
vt 0.5 0.3556
vt 0.5 0.4
vt 0.4125 0.3556
vt 0.825 0.4222
vt 0.075 0.4222
vt 0.125 0.2222
vt 0.1875 0.1111
vt 0.125 0.0556
vt 0.1875 0.0556
vt 0.925 0.4222
vt 0.8875 0.4111
vt 0.9437 0.4056
vt 0 0.1667
vt 0.0625 0.1667
vt 0.425 0.4222
vt 0.3875 0.4111
vt 0.4437 0.4056
vt 0.5625 0.2667
vt 0.625 0.2667
vt 0.5625 0.2889
vt 0.6875 0.2222
vt 0.6875 0.2444
vt 0.675 0.4222
vt 0.6375 0.4111
vt 0.6937 0.4056
vt 0.3125 0
vt 0.35 0.0222
vt 0.3 0.0111
vt 0.4125 0.1778
vt 0.375 0.1333
vt 0.4125 0.1333
vt 0.1875 0.4
vt 0.9375 0.4
vt 0.625 0.3
vt 0.6875 0.3222
vt 0.6875 0.2833
vt 0.6875 0.4
vt 0.6875 0.3611
vt 0.3 0.0444
vt 0.25 0.0444
vt 0.0625 0.2833
vt 0 0.3111
vt 0 0.2667
vt 0.1562 0.3222
vt 0.125 0.3333
vt 0.125 0.3
vt 0.1562 0.3833
vt 0.125 0.4
vt 0.125 0.3667
vt 0.3375 0.0444
vt 0.4125 0.0889
vt 0.375 0.0444
vt 0.375 0.0889
vt 0.875 0.2667
vt 0.9375 0.2222
vt 0.9375 0.2667
vt 0.9375 0.3556
vt 0.875 0.3111
vt 0.9375 0.3111
vt 0.75 0.3556
vt 0.8125 0.3111
vt 0.8125 0.3556
vt 0.875 0.3556
vt 0.875 0.4
vt 0.75 0.4
vt 1 0.3111
vt 1 0.3556
vt 1 0.4
vt 1 0.2222
vt 1 0.2667
vt 0.25 0
vt 0.1875 0.3444
vt 0.25 0.3111
vt 0.0625 0.3222
vt 0.75 0.3111
vt 0.75 0.2667
vt 0.5938 0.3222
vt 0.5 0.3111
vt 0.725 0.4222
vt 0.5 0.2667
vt 0.475 0.4222
vt 0 0.1111
vt 0.125 0.1111
vt 0.975 0.4222
vt 0.125 0
vt 0.1875 0
vt 0.25 0.0556
vt 0.25 0.1111
vt 0.25 0.2222
vt 0.125 0.4222
vt 0.875 0.4222
vt 0.375 0.3556
vt 0.375 0.4222
vt 0.25 0.1667
vt 0.5 0.2222
vt 0.625 0.4222
vt 0.225 0.4222
vt 0.375 0
vt 0.375 0.1778
vt 0 -0
vt 0.0625 0
vt 0.375 0.4
vt 0.5938 0.3833
vt 0.625 0.4
vt 0.875 0.2222
vt 0.3375 0.1778
vt 0.5 0
s 1
f 3033/2856 2894/2857 2959/2858
f 2953/2859 2898/2860 2962/2861
f 2936/2862 2896/2863 2925/2864
f 2955/2865 2918/2866 3016/2867
f 2907/2868 2957/2869 2951/2870
f 3032/2871 2911/2872 2969/2873
f 2906/2874 2960/2875 2983/2876
f 2918/2866 2905/2877 2926/2878
f 2946/2879 3011/2880 3008/2881
f 2902/2882 2900/2883 2904/2884
f 2902/2885 2982/2886 2984/2887
f 2901/2888 2903/2889 2905/2877
f 2909/2890 2985/2891 2986/2892
f 2908/2893 2987/2894 2988/2895
f 3000/2896 2959/2897 3031/2898
f 2955/2865 2903/2889 2901/2888
f 2975/2899 2927/2900 2964/2901
f 2991/2902 2898/2860 2953/2859
f 3005/2903 2970/2904 2933/2905
f 2999/2906 2931/2907 2968/2908
f 2951/2870 2994/2909 2907/2868
f 2950/2910 2914/2911 3007/2912
f 2974/2913 3003/2914 3030/2915
f 2983/2876 2997/2916 2906/2874
f 3004/2917 2926/2918 3005/2903
f 2992/2919 2990/2920 2895/2921
f 2942/2922 2903/2923 2913/2924
f 2902/2885 2922/2925 2912/2926
f 2984/2887 2993/2927 2902/2885
f 2986/2892 2980/2928 2909/2890
f 2988/2895 2981/2929 2908/2893
f 2974/2913 3004/2917 2935/2930
f 3001/2931 3002/2932 3029/2933
f 2998/2934 2929/2935 2966/2936
f 2992/2919 2952/2937 3028/2938
f 2979/2939 2924/2940 2961/2941
f 3006/2942 2939/2943 2977/2944
f 3007/2912 2939/2943 3006/2942
f 2971/2945 2894/2857 2995/2946
f 2976/2947 2921/2948 2958/2949
f 2973/2950 2916/2951 2963/2952
f 2993/2953 2919/2954 2956/2955
f 2931/2907 2967/2956 2968/2908
f 2929/2935 2965/2957 2966/2936
f 2927/2900 2960/2875 2964/2901
f 2939/2943 3010/2958 2977/2944
f 3009/2959 3010/2958 3027/2960
f 2972/2961 3011/2880 3026/2962
f 2899/2963 2926/2878 2897/2964
f 2924/2940 2982/2886 2961/2941
f 3025/2965 2932/2966 2989/2967
f 3035/2968 2947/2969 3014/2970
f 3034/2971 2930/2972 3015/2973
f 2921/2948 2972/2961 2958/2949
f 3016/2867 2899/2963 2954/2974
f 3017/2975 2917/2976 2962/2861
f 2956/2955 2948/2977 3017/2975
f 2904/2884 2936/2862 2925/2864
f 2916/2951 2954/2974 2963/2952
f 3018/2978 2952/2979 3024/2980
f 3023/2981 2949/2982 3020/2983
f 2978/2984 3021/2985 3022/2986
f 3022/2986 2949/2982 3019/2987
f 2985/2891 3019/2987 2928/2988
f 2910/2989 3022/2986 2985/2891
f 3023/2981 2932/2990 2969/2991
f 2911/2992 3023/2981 2969/2991
f 2928/2988 3023/2981 2965/2957
f 3024/2980 2895/2993 2989/2994
f 3020/2983 2989/2994 2932/2990
f 2949/2982 3024/2980 3020/2983
f 2963/2952 2899/2963 2897/2995
f 2936/2862 2956/2955 3017/2975
f 2898/2860 3017/2975 2962/2861
f 2948/2977 2954/2974 2917/2976
f 2910/2989 2958/2949 2972/2961
f 3013/2996 3034/2971 3015/2973
f 3013/2996 3015/2973 2947/2969
f 2942/2922 2967/2956 3013/2996
f 2970/2904 3035/2968 3014/2970
f 2970/2904 3014/2970 2933/2905
f 2905/2997 3013/2996 2970/2904
f 2990/2920 2989/2967 2895/2921
f 2933/2905 3025/2965 2990/2920
f 3014/2970 3012/2998 3025/2965
f 2912/2926 2961/2941 2982/2886
f 3026/2962 2946/2879 3009/2959
f 2978/2984 3009/2959 2940/2999
f 2910/2989 3026/2962 2978/2984
f 3027/2960 2939/2943 2995/2946
f 2996/3000 2995/2946 2894/2857
f 2940/2999 3027/2960 2996/3000
f 2977/2944 3036/3001 3008/2881
f 2946/2879 3036/3001 3010/2958
f 2904/3002 3008/2881 2922/2925
f 2913/2924 2964/2901 2960/2875
f 2911/2992 2966/2936 2965/2957
f 2913/2924 2968/2908 2967/2956
f 2900/2883 2993/2953 2956/2955
f 2897/2995 2973/2950 2963/2952
f 2909/3003 2958/2949 2910/2989
f 2914/2911 2995/2946 2939/2943
f 2925/3004 3007/2912 3006/2942
f 2925/3004 2977/2944 2904/3002
f 2907/3005 2961/2941 2912/2926
f 3028/2938 2915/3006 3000/2896
f 3003/2914 3000/2896 2945/3007
f 2935/2930 3028/2938 3003/2914
f 2908/3008 2966/2936 2911/2992
f 3029/2933 2914/3009 2950/3010
f 2991/3011 2950/3010 2896/2995
f 2934/3012 3029/2933 2991/3011
f 2897/3013 3004/2917 2974/2913
f 2944/3014 2988/2895 2931/2907
f 2943/3015 2986/2892 2929/2935
f 2937/3016 2984/2887 2927/2900
f 2935/2930 2990/2920 2992/2919
f 3004/2917 2933/2905 2935/2930
f 2941/3017 2983/2876 2924/2940
f 3030/2915 2945/3007 3001/2931
f 2973/3018 3001/2931 2934/3012
f 2897/3013 3030/2915 2973/3018
f 2896/3019 3007/2912 2925/3004
f 2938/3020 2951/2870 2921/2948
f 2906/3021 2968/2908 2913/2924
f 2926/2918 2970/2904 3005/2903
f 2934/3022 2953/2859 2916/2951
f 2903/2923 2964/2901 2913/2924
f 2937/3023 2955/2865 2919/2954
f 3031/2898 2894/3024 2971/3025
f 3002/2932 2971/3025 2914/3009
f 2945/3007 3031/2898 3002/2932
f 2988/2895 2930/2972 2931/2907
f 2986/2892 2928/2988 2929/2935
f 2984/2887 2923/3026 2927/2900
f 3008/2881 3037/3027 2957/2869
f 2920/3028 3037/3027 3011/2880
f 2922/2925 2957/2869 2912/2926
f 2983/2876 2923/3026 2924/2940
f 3012/2998 2969/2873 2932/2966
f 2947/2969 3032/2871 3012/2998
f 3015/2973 2987/2894 3032/2871
f 2951/2870 2920/3028 2921/2948
f 2919/2954 3016/2867 2948/2977
f 2953/2859 2917/2976 2916/2951
f 3033/2856 2915/3029 3018/2978
f 2949/2982 3033/2856 3018/2978
f 3021/2985 2996/3000 3033/2856
f 3033/2856 2996/3000 2894/2857
f 2936/2862 2898/2860 2896/2863
f 2955/2865 2901/2888 2918/2866
f 2907/2868 2912/2926 2957/2869
f 3032/2871 2987/2894 2911/2872
f 2906/2874 2913/2924 2960/2875
f 2918/2866 2901/2888 2905/2877
f 2902/2885 2912/2926 2982/2886
f 2909/2890 2910/2989 2985/2891
f 2908/2893 2911/2872 2987/2894
f 3000/2896 2915/3006 2959/2897
f 2955/2865 2975/3030 2903/2889
f 2975/2899 2937/3016 2927/2900
f 2991/2902 2896/3031 2898/2860
f 2999/2906 2944/3014 2931/2907
f 2974/2913 2935/2930 3003/2914
f 2942/2922 2905/2997 2903/2923
f 2902/2885 2904/3002 2922/2925
f 3001/2931 2945/3007 3002/2932
f 2998/2934 2943/3015 2929/2935
f 2992/2919 2895/2921 2952/2937
f 2979/2939 2941/3017 2924/2940
f 3007/2912 2914/2911 2939/2943
f 2976/2947 2938/3020 2921/2948
f 2973/2950 2934/3022 2916/2951
f 2993/2953 2937/3023 2919/2954
f 2931/2907 2930/2972 2967/2956
f 2929/2935 2928/2988 2965/2957
f 2927/2900 2923/3026 2960/2875
f 3009/2959 2946/2879 3010/2958
f 2972/2961 2920/3028 3011/2880
f 2899/2963 2918/2866 2926/2878
f 2924/2940 2923/3026 2982/2886
f 3025/2965 3012/2998 2932/2966
f 3035/2968 3013/2996 2947/2969
f 3034/2971 2967/2956 2930/2972
f 2921/2948 2920/3028 2972/2961
f 3016/2867 2918/2866 2899/2963
f 3017/2975 2948/2977 2917/2976
f 2956/2955 2919/2954 2948/2977
f 2904/2884 2900/2883 2936/2862
f 2916/2951 2917/2976 2954/2974
f 3018/2978 2915/3029 2952/2979
f 3023/2981 3019/2987 2949/2982
f 2978/2984 2940/2999 3021/2985
f 3022/2986 3021/2985 2949/2982
f 2985/2891 3022/2986 3019/2987
f 2910/2989 2978/2984 3022/2986
f 3023/2981 3020/2983 2932/2990
f 2911/2992 2965/2957 3023/2981
f 2928/2988 3019/2987 3023/2981
f 3024/2980 2952/2979 2895/2993
f 3020/2983 3024/2980 2989/2994
f 2949/2982 3018/2978 3024/2980
f 2963/2952 2954/2974 2899/2963
f 2936/2862 2900/2883 2956/2955
f 2898/2860 2936/2862 3017/2975
f 2948/2977 3016/2867 2954/2974
f 3013/2996 2967/2956 3034/2971
f 2942/2922 2913/2924 2967/2956
f 2970/2904 3013/2996 3035/2968
f 2905/2997 2942/2922 3013/2996
f 2990/2920 3025/2965 2989/2967
f 2933/2905 3014/2970 3025/2965
f 3014/2970 2947/2969 3012/2998
f 3026/2962 3011/2880 2946/2879
f 2978/2984 3026/2962 3009/2959
f 2910/2989 2972/2961 3026/2962
f 3027/2960 3010/2958 2939/2943
f 2996/3000 3027/2960 2995/2946
f 2940/2999 3009/2959 3027/2960
f 2977/2944 3010/2958 3036/3001
f 2946/2879 3008/2881 3036/3001
f 2904/3002 2977/2944 3008/2881
f 2900/2883 2902/2882 2993/2953
f 2909/3003 2976/2947 2958/2949
f 2914/2911 2971/2945 2995/2946
f 2925/3004 3006/2942 2977/2944
f 2907/3005 2979/2939 2961/2941
f 3028/2938 2952/2937 2915/3006
f 3003/2914 3028/2938 3000/2896
f 2935/2930 2992/2919 3028/2938
f 2908/3008 2998/2934 2966/2936
f 3029/2933 3002/2932 2914/3009
f 2991/3011 3029/2933 2950/3010
f 2934/3012 3001/2931 3029/2933
f 2897/3013 2926/2918 3004/2917
f 2944/3014 2981/2929 2988/2895
f 2943/3015 2980/2928 2986/2892
f 2937/3016 2993/2927 2984/2887
f 2935/2930 2933/2905 2990/2920
f 3004/2917 3005/2903 2933/2905
f 2941/3017 2997/2916 2983/2876
f 3030/2915 3003/2914 2945/3007
f 2973/3018 3030/2915 3001/2931
f 2897/3013 2974/2913 3030/2915
f 2896/3019 2950/2910 3007/2912
f 2938/3020 2994/2909 2951/2870
f 2906/3021 2999/2906 2968/2908
f 2926/2918 2905/2997 2970/2904
f 2934/3022 2991/2902 2953/2859
f 2903/2923 2975/2899 2964/2901
f 2937/3023 2975/3030 2955/2865
f 3031/2898 2959/2897 2894/3024
f 3002/2932 3031/2898 2971/3025
f 2945/3007 3000/2896 3031/2898
f 2988/2895 2987/2894 2930/2972
f 2986/2892 2985/2891 2928/2988
f 2984/2887 2982/2886 2923/3026
f 3008/2881 3011/2880 3037/3027
f 2920/3028 2957/2869 3037/3027
f 2922/2925 3008/2881 2957/2869
f 2983/2876 2960/2875 2923/3026
f 3012/2998 3032/2871 2969/2873
f 2947/2969 3015/2973 3032/2871
f 3015/2973 2930/2972 2987/2894
f 2951/2870 2957/2869 2920/3028
f 2919/2954 2955/2865 3016/2867
f 2953/2859 2962/2861 2917/2976
f 3033/2856 2959/2858 2915/3029
f 2949/2982 3021/2985 3033/2856
f 3021/2985 2940/2999 2996/3000
o LeftLeg
v 4.1 11.7 2.1
v -0.1 11.7 2.1
v 4.1 11.7 -2.1
v -0.1 11.7 -2.1
v -0.1 20.1 -2.1
v 4.1 20.1 -2.1
v -0.1 20.1 2.1
v 4.1 20.1 2.1
v 2 11.7 2.1
v 4.1 11.7 -0
v -0.1 20.1 -0
v -0.1 15.9 2.1
v 2 20.1 2.1
v 4.1 15.9 2.1
v 2 20.1 -2.1
v -0.1 15.9 -2.1
v 4.1 20.1 -0
v 4.1 15.9 -2.1
v -0.1 11.7 -0
v 2 11.7 -2.1
v 4.1 15.9 -0
v 2 11.7 -0
v 2 15.9 -2.1
v 2 15.9 2.1
v -0.1 15.9 -0
v 0.95 11.7 2.1
v -0.1 13.8 2.1
v 4.1 11.7 -1.05
v -0.1 20.1 1.05
v -0.1 20.1 -1.05
v -0.1 18 2.1
v 3.05 20.1 2.1
v 4.1 11.7 1.05
v 4.1 18 2.1
v 3.05 20.1 -2.1
v 3.05 11.7 2.1
v -0.1 18 -2.1
v 4.1 20.1 1.05
v 0.95 20.1 2.1
v 4.1 18 -2.1
v -0.1 11.7 -1.05
v 0.95 11.7 -2.1
v 4.1 13.8 2.1
v 0.95 20.1 -2.1
v -0.1 13.8 -2.1
v 4.1 20.1 -1.05
v 4.1 13.8 -2.1
v -0.1 11.7 1.05
v 3.05 11.7 -2.1
v 4.1 15.9 -1.05
v 4.1 15.9 1.05
v 4.1 18 -0
v 4.1 13.8 -0
v 3.05 11.7 -0
v 0.95 11.7 -0
v 2 11.7 1.05
v 2 11.7 -1.05
v 0.95 15.9 -2.1
v 3.05 15.9 -2.1
v 2 18 -2.1
v 2 13.8 -2.1
v 3.05 15.9 2.1
v 0.95 15.9 2.1
v 2 18 2.1
v 2 13.8 2.1
v -0.1 15.9 1.05
v -0.1 15.9 -1.05
v -0.1 18 -0
v -0.1 13.8 -0
v -0.1 13.8 -1.05
v -0.1 18 -1.05
v -0.1 18 1.05
v 0.95 13.8 2.1
v 0.95 18 2.1
v 3.05 18 2.1
v 3.05 13.8 -2.1
v 3.05 18 -2.1
v 0.95 18 -2.1
v 4.1 13.8 -1.05
v 0.95 11.7 -1.05
v 4.1 18 1.05
v 4.1 13.8 1.05
v 3.05 11.7 1.05
v 0.95 11.7 1.05
v 3.05 11.7 -1.05
v 4.1 18 -1.05
v 0.95 13.8 -2.1
v 3.05 13.8 2.1
v -0.1 13.8 1.05
v -0.1 14.85 2.1
v -0.1 19.05 2.1
v 4.1 19.05 2.1
v -0.1 19.05 -2.1
v 4.1 19.05 -2.1
v 4.1 14.85 2.1
v -0.1 14.85 -2.1
v 4.1 14.85 -2.1
v 4.1 19.05 -0
v 4.1 14.85 -0
v 2 19.05 -2.1
v 2 14.85 -2.1
v 2 19.05 2.1
v 2 14.85 2.1
v -0.1 19.05 -0
v -0.1 14.85 -0
v -0.1 12.75 2.1
v -0.1 16.95 2.1
v 4.1 16.95 2.1
v -0.1 16.95 -2.1
v 4.1 16.95 -2.1
v 4.1 12.75 2.1
v -0.1 12.75 -2.1
v 4.1 12.75 -2.1
v 4.1 16.95 -0
v 4.1 12.75 -0
v 2 16.95 -2.1
v 2 12.75 -2.1
v 2 16.95 2.1
v 2 12.75 2.1
v -0.1 16.95 -0
v -0.1 12.75 -0
v -0.1 14.85 -1.05
v -0.1 12.75 -1.05
v -0.1 19.05 -1.05
v -0.1 16.95 -1.05
v -0.1 19.05 1.05
v -0.1 16.95 1.05
v 0.95 14.85 2.1
v 0.95 12.75 2.1
v 0.95 19.05 2.1
v 0.95 16.95 2.1
v 3.05 19.05 2.1
v 3.05 16.95 2.1
v 3.05 14.85 -2.1
v 3.05 12.75 -2.1
v 3.05 19.05 -2.1
v 3.05 16.95 -2.1
v 0.95 19.05 -2.1
v 0.95 16.95 -2.1
v 4.1 14.85 -1.05
v 4.1 12.75 -1.05
v 4.1 19.05 1.05
v 4.1 16.95 1.05
v 4.1 14.85 1.05
v 4.1 12.75 1.05
v 4.1 19.05 -1.05
v 4.1 16.95 -1.05
v 0.95 14.85 -2.1
v 0.95 12.75 -2.1
v 3.05 14.85 2.1
v 3.05 12.75 2.1
v -0.1 14.85 1.05
v -0.1 12.75 1.05
vt 0.075 0.7778
vt 0.025 0.7333
vt 0.075 0.7333
vt 0.825 0.7778
vt 0.775 0.7333
vt 0.825 0.7333
vt 0.325 0.7778
vt 0.275 0.7333
vt 0.325 0.7333
vt 0.575 0.6
vt 0.525 0.5556
vt 0.575 0.5556
vt 0.225 0.9111
vt 0.175 0.9556
vt 0.175 0.9111
vt 0.125 0.8222
vt 0.075 0.8667
vt 0.075 0.8222
vt 0.125 0.9111
vt 0.075 0.9556
vt 0.075 0.9111
vt 0.675 0.7778
vt 0.625 0.7333
vt 0.675 0.7333
vt 0.675 0.6
vt 0.625 0.5556
vt 0.675 0.5556
vt 0.175 0.8222
vt 0.225 0.8667
vt 0.175 0.8667
vt 0.575 0.7778
vt 0.525 0.7333
vt 0.575 0.7333
vt 0.325 0.6
vt 0.275 0.5556
vt 0.325 0.5556
vt 0.425 0.6
vt 0.375 0.5556
vt 0.425 0.5556
vt 0.425 0.7778
vt 0.375 0.7333
vt 0.425 0.7333
vt 0.825 0.5556
vt 0.775 0.6
vt 0.775 0.5556
vt 0.925 0.5556
vt 0.875 0.6
vt 0.875 0.5556
vt 0.925 0.7778
vt 0.875 0.7333
vt 0.925 0.7333
vt 0.075 0.6
vt 0.025 0.5556
vt 0.075 0.5556
vt 0.175 0.6
vt 0.125 0.5556
vt 0.175 0.5556
vt 0.175 0.7778
vt 0.125 0.7333
vt 0.175 0.7333
vt 0.175 0.6889
vt 0.125 0.6444
vt 0.175 0.6444
vt 0.225 0.6889
vt 0.225 0.6444
vt 0.225 0.7778
vt 0.225 0.7333
vt 0.175 0.5111
vt 0.125 0.4667
vt 0.175 0.4667
vt 0.225 0.5111
vt 0.225 0.4667
vt 0.225 0.6
vt 0.225 0.5556
vt 0.075 0.5111
vt 0.025 0.4667
vt 0.075 0.4667
vt 0.125 0.5111
vt 0.125 0.6
vt 0.925 0.6889
vt 0.875 0.6444
vt 0.925 0.6444
vt 0.975 0.6444
vt 0.975 0.7333
vt 0.925 0.4667
vt 0.875 0.5111
vt 0.875 0.4667
vt 0.975 0.4667
vt 0.925 0.5111
vt 0.975 0.6
vt 0.975 0.5556
vt 0.825 0.4667
vt 0.775 0.5111
vt 0.775 0.4667
vt 0.825 0.5111
vt 0.825 0.6
vt 0.425 0.6444
vt 0.375 0.6889
vt 0.375 0.6444
vt 0.475 0.6889
vt 0.475 0.6444
vt 0.475 0.7778
vt 0.475 0.7333
vt 0.425 0.5111
vt 0.375 0.4667
vt 0.425 0.4667
vt 0.475 0.5111
vt 0.475 0.4667
vt 0.475 0.6
vt 0.475 0.5556
vt 0.325 0.5111
vt 0.275 0.4667
vt 0.325 0.4667
vt 0.375 0.5111
vt 0.375 0.6
vt 0.575 0.6889
vt 0.525 0.6444
vt 0.575 0.6444
vt 0.625 0.6889
vt 0.625 0.6444
vt 0.625 0.7778
vt 0.125 0.8667
vt 0.125 0.7778
vt 0.225 0.8222
vt 0.675 0.5111
vt 0.625 0.4667
vt 0.675 0.4667
vt 0.725 0.5111
vt 0.725 0.4667
vt 0.725 0.6
vt 0.725 0.5556
vt 0.675 0.6889
vt 0.675 0.6444
vt 0.725 0.6889
vt 0.725 0.6444
vt 0.725 0.7778
vt 0.725 0.7333
vt 0.025 0.9556
vt 0.025 0.9111
vt 0.025 0.8667
vt 0.025 0.8222
vt 0.025 0.7778
vt 0.125 0.9556
vt 0.575 0.5111
vt 0.525 0.4667
vt 0.575 0.4667
vt 0.625 0.5111
vt 0.625 0.6
vt 0.325 0.6889
vt 0.275 0.6444
vt 0.325 0.6444
vt 0.375 0.7778
vt 0.825 0.6444
vt 0.775 0.6889
vt 0.775 0.6444
vt 0.875 0.6889
vt 0.075 0.6889
vt 0.025 0.6444
vt 0.075 0.6444
vt 0.125 0.6889
vt 0.025 0.6
vt 0.825 0.6889
vt 0.275 0.6
vt 0.575 0.4222
vt 0.625 0.4222
vt 0.525 0.4222
vt 0.675 0.4222
vt 0.725 0.4222
vt 0.525 0.6
vt 0.325 0.4222
vt 0.375 0.4222
vt 0.275 0.4222
vt 0.425 0.4222
vt 0.475 0.4222
vt 0.425 0.6889
vt 0.875 0.4222
vt 0.825 0.4222
vt 0.775 0.4222
vt 0.975 0.5111
vt 0.925 0.4222
vt 0.975 0.4222
vt 0.975 0.6889
vt 0.925 0.6
vt 0.075 0.4222
vt 0.125 0.4222
vt 0.025 0.4222
vt 0.175 0.4222
vt 0.225 0.4222
vt 0.025 0.5111
vt 0.275 0.5111
vt 0.525 0.6889
vt 0.525 0.5111
vt 0.275 0.6889
vt 0.025 0.6889
vt 0.775 0.7778
vt 0.275 0.7778
vt 0.225 0.9556
vt 0.525 0.7778
vt 0.875 0.7778
vt 0.975 0.7778
s 1
f 3085/3032 3143/3033 3190/3034
f 3073/3035 3148/3036 3188/3037
f 3079/3038 3149/3039 3186/3040
f 3087/3041 3147/3042 3184/3043
f 3086/3044 3065/3045 3122/3046
f 3092/3047 3093/3048 3121/3049
f 3091/3050 3070/3051 3120/3052
f 3070/3053 3152/3054 3182/3055
f 3088/3056 3151/3057 3180/3058
f 3117/3059 3057/3060 3094/3061
f 3065/3062 3150/3063 3178/3064
f 3095/3065 3146/3066 3176/3067
f 3096/3068 3153/3069 3174/3070
f 3086/3071 3154/3072 3172/3073
f 3170/3074 3051/3075 3145/3076
f 3168/3077 3061/3078 3155/3079
f 3063/3080 3156/3081 3166/3082
f 3103/3083 3144/3084 3164/3085
f 3104/3086 3157/3087 3162/3088
f 3078/3089 3158/3090 3160/3091
f 3107/3092 3142/3093 3159/3094
f 3082/3095 3159/3094 3133/3096
f 3041/3097 3160/3091 3149/3098
f 3108/3099 3141/3100 3161/3101
f 3074/3102 3161/3101 3130/3103
f 3053/3104 3162/3088 3146/3105
f 3109/3106 3128/3107 3163/3108
f 3105/3109 3163/3108 3141/3100
f 3062/3110 3164/3085 3157/3087
f 3110/3111 3140/3112 3165/3113
f 3127/3114 3110/3111 3165/3113
f 3143/3115 3063/3080 3166/3082
f 3167/3116 3101/3117 3139/3118
f 3128/3119 3111/3120 3167/3116
f 3049/3121 3168/3077 3144/3122
f 3169/3123 3071/3124 3129/3125
f 3139/3118 3112/3126 3169/3123
f 3155/3079 3099/3127 3170/3074
f 3171/3128 3098/3129 3138/3130
f 3084/3131 3171/3128 3134/3132
f 3040/3133 3172/3073 3150/3134
f 3114/3135 3137/3136 3173/3137
f 3077/3138 3173/3137 3131/3139
f 3055/3140 3174/3070 3147/3141
f 3115/3142 3130/3143 3175/3144
f 3097/3145 3175/3144 3137/3136
f 3060/3146 3176/3067 3153/3069
f 3116/3147 3134/3148 3177/3149
f 3090/3150 3177/3149 3136/3151
f 3047/3152 3178/3064 3152/3054
f 3092/3047 3094/3061 3059/3153
f 3078/3089 3092/3047 3056/3154
f 3078/3089 3079/3155 3117/3059
f 3118/3156 3135/3157 3179/3158
f 3071/3159 3179/3158 3129/3160
f 3051/3161 3180/3058 3145/3162
f 3119/3163 3136/3151 3181/3164
f 3080/3165 3181/3164 3132/3166
f 3038/3167 3182/3055 3148/3168
f 3120/3052 3038/3169 3073/3170
f 3093/3048 3073/3170 3046/3171
f 3059/3153 3120/3052 3093/3048
f 3121/3049 3046/3171 3063/3172
f 3085/3032 3063/3172 3039/3173
f 3056/3154 3121/3049 3085/3032
f 3091/3050 3065/3045 3047/3174
f 3059/3153 3122/3046 3091/3050
f 3057/3060 3122/3046 3094/3061
f 3123/3175 3131/3176 3183/3177
f 3089/3178 3183/3177 3135/3157
f 3058/3179 3184/3043 3151/3057
f 3124/3180 3133/3181 3185/3182
f 3138/3130 3124/3180 3185/3182
f 3057/3183 3186/3040 3154/3072
f 3187/3184 3080/3185 3132/3186
f 3102/3187 3187/3184 3140/3112
f 3156/3081 3073/3035 3188/3037
f 3126/3188 3127/3189 3189/3190
f 3106/3191 3189/3190 3142/3093
f 3056/3154 3190/3034 3158/3090
f 3158/3090 3126/3188 3106/3191
f 3142/3093 3103/3083 3062/3110
f 3189/3190 3049/3192 3103/3083
f 3156/3081 3125/3193 3102/3187
f 3140/3112 3099/3127 3061/3078
f 3099/3127 3132/3186 3051/3075
f 3098/3129 3186/3040 3124/3180
f 3138/3130 3095/3065 3060/3146
f 3185/3182 3053/3194 3095/3065
f 3151/3057 3123/3175 3089/3178
f 3135/3157 3083/3195 3054/3196
f 3183/3177 3043/3197 3083/3195
f 3148/3168 3119/3163 3080/3165
f 3132/3166 3088/3056 3051/3161
f 3181/3164 3058/3179 3088/3056
f 3145/3162 3118/3156 3071/3159
f 3129/3160 3075/3198 3045/3199
f 3179/3158 3054/3196 3075/3198
f 3152/3054 3116/3147 3090/3150
f 3136/3151 3087/3041 3058/3179
f 3177/3149 3055/3200 3087/3041
f 3153/3069 3115/3142 3097/3145
f 3137/3136 3081/3201 3052/3202
f 3081/3201 3130/3143 3042/3203
f 3147/3141 3114/3135 3077/3138
f 3131/3139 3072/3204 3043/3205
f 3173/3137 3052/3202 3072/3204
f 3150/3134 3113/3206 3084/3131
f 3134/3132 3096/3068 3055/3140
f 3171/3128 3060/3146 3096/3068
f 3101/3117 3170/3074 3112/3126
f 3050/3207 3169/3123 3069/3208
f 3069/3208 3129/3125 3045/3209
f 3068/3210 3168/3077 3111/3120
f 3128/3119 3076/3211 3044/3212
f 3076/3211 3139/3118 3050/3207
f 3064/3213 3166/3082 3110/3111
f 3127/3114 3100/3214 3049/3121
f 3100/3214 3140/3112 3061/3078
f 3157/3087 3109/3106 3105/3109
f 3141/3100 3066/3215 3048/3216
f 3163/3108 3044/3217 3066/3215
f 3146/3105 3108/3099 3074/3102
f 3130/3103 3067/3218 3042/3219
f 3161/3101 3048/3216 3067/3218
f 3149/3098 3107/3092 3082/3095
f 3133/3096 3104/3086 3053/3104
f 3159/3094 3062/3110 3104/3086
f 3160/3091 3106/3191 3107/3092
f 3162/3088 3105/3109 3108/3099
f 3164/3085 3068/3220 3109/3106
f 3166/3082 3102/3187 3110/3111
f 3111/3120 3155/3079 3101/3117
f 3112/3126 3145/3076 3071/3124
f 3172/3073 3098/3129 3113/3206
f 3174/3070 3097/3145 3114/3135
f 3176/3067 3074/3221 3115/3142
f 3178/3064 3084/3222 3116/3147
f 3180/3058 3089/3178 3118/3156
f 3182/3055 3090/3150 3119/3163
f 3184/3043 3077/3223 3123/3175
f 3186/3040 3082/3224 3124/3180
f 3125/3193 3148/3036 3080/3185
f 3190/3034 3064/3225 3126/3188
f 3085/3032 3039/3173 3143/3033
f 3073/3035 3038/3226 3148/3036
f 3079/3038 3041/3227 3149/3039
f 3087/3041 3055/3200 3147/3042
f 3086/3044 3040/3228 3065/3045
f 3092/3047 3059/3153 3093/3048
f 3091/3050 3047/3174 3070/3051
f 3070/3053 3047/3152 3152/3054
f 3088/3056 3058/3179 3151/3057
f 3117/3059 3079/3155 3057/3060
f 3065/3062 3040/3229 3150/3063
f 3095/3065 3053/3194 3146/3066
f 3096/3068 3060/3146 3153/3069
f 3086/3071 3057/3183 3154/3072
f 3170/3074 3099/3127 3051/3075
f 3168/3077 3100/3214 3061/3078
f 3063/3080 3046/3230 3156/3081
f 3103/3083 3049/3192 3144/3084
f 3104/3086 3062/3110 3157/3087
f 3078/3089 3056/3154 3158/3090
f 3107/3092 3106/3191 3142/3093
f 3082/3095 3107/3092 3159/3094
f 3041/3097 3078/3089 3160/3091
f 3108/3099 3105/3109 3141/3100
f 3074/3102 3108/3099 3161/3101
f 3053/3104 3104/3086 3162/3088
f 3109/3106 3068/3220 3128/3107
f 3105/3109 3109/3106 3163/3108
f 3062/3110 3103/3083 3164/3085
f 3110/3111 3102/3187 3140/3112
f 3127/3114 3064/3213 3110/3111
f 3143/3115 3039/3231 3063/3080
f 3167/3116 3111/3120 3101/3117
f 3128/3119 3068/3210 3111/3120
f 3049/3121 3100/3214 3168/3077
f 3169/3123 3112/3126 3071/3124
f 3139/3118 3101/3117 3112/3126
f 3155/3079 3061/3078 3099/3127
f 3171/3128 3113/3206 3098/3129
f 3084/3131 3113/3206 3171/3128
f 3040/3133 3086/3071 3172/3073
f 3114/3135 3097/3145 3137/3136
f 3077/3138 3114/3135 3173/3137
f 3055/3140 3096/3068 3174/3070
f 3115/3142 3074/3221 3130/3143
f 3097/3145 3115/3142 3175/3144
f 3060/3146 3095/3065 3176/3067
f 3116/3147 3084/3222 3134/3148
f 3090/3150 3116/3147 3177/3149
f 3047/3152 3065/3062 3178/3064
f 3092/3047 3117/3059 3094/3061
f 3078/3089 3117/3059 3092/3047
f 3078/3089 3041/3097 3079/3155
f 3118/3156 3089/3178 3135/3157
f 3071/3159 3118/3156 3179/3158
f 3051/3161 3088/3056 3180/3058
f 3119/3163 3090/3150 3136/3151
f 3080/3165 3119/3163 3181/3164
f 3038/3167 3070/3053 3182/3055
f 3120/3052 3070/3051 3038/3169
f 3093/3048 3120/3052 3073/3170
f 3059/3153 3091/3050 3120/3052
f 3121/3049 3093/3048 3046/3171
f 3085/3032 3121/3049 3063/3172
f 3056/3154 3092/3047 3121/3049
f 3091/3050 3122/3046 3065/3045
f 3059/3153 3094/3061 3122/3046
f 3057/3060 3086/3044 3122/3046
f 3123/3175 3077/3223 3131/3176
f 3089/3178 3123/3175 3183/3177
f 3058/3179 3087/3041 3184/3043
f 3124/3180 3082/3224 3133/3181
f 3138/3130 3098/3129 3124/3180
f 3057/3183 3079/3038 3186/3040
f 3187/3184 3125/3193 3080/3185
f 3102/3187 3125/3193 3187/3184
f 3156/3081 3046/3230 3073/3035
f 3126/3188 3064/3225 3127/3189
f 3106/3191 3126/3188 3189/3190
f 3056/3154 3085/3032 3190/3034
f 3158/3090 3190/3034 3126/3188
f 3142/3093 3189/3190 3103/3083
f 3189/3190 3127/3189 3049/3192
f 3156/3081 3188/3037 3125/3193
f 3140/3112 3187/3184 3099/3127
f 3099/3127 3187/3184 3132/3186
f 3098/3129 3154/3072 3186/3040
f 3138/3130 3185/3182 3095/3065
f 3185/3182 3133/3181 3053/3194
f 3151/3057 3184/3043 3123/3175
f 3135/3157 3183/3177 3083/3195
f 3183/3177 3131/3176 3043/3197
f 3148/3168 3182/3055 3119/3163
f 3132/3166 3181/3164 3088/3056
f 3181/3164 3136/3151 3058/3179
f 3145/3162 3180/3058 3118/3156
f 3129/3160 3179/3158 3075/3198
f 3179/3158 3135/3157 3054/3196
f 3152/3054 3178/3064 3116/3147
f 3136/3151 3177/3149 3087/3041
f 3177/3149 3134/3148 3055/3200
f 3153/3069 3176/3067 3115/3142
f 3137/3136 3175/3144 3081/3201
f 3081/3201 3175/3144 3130/3143
f 3147/3141 3174/3070 3114/3135
f 3131/3139 3173/3137 3072/3204
f 3173/3137 3137/3136 3052/3202
f 3150/3134 3172/3073 3113/3206
f 3134/3132 3171/3128 3096/3068
f 3171/3128 3138/3130 3060/3146
f 3101/3117 3155/3079 3170/3074
f 3050/3207 3139/3118 3169/3123
f 3069/3208 3169/3123 3129/3125
f 3068/3210 3144/3122 3168/3077
f 3128/3119 3167/3116 3076/3211
f 3076/3211 3167/3116 3139/3118
f 3064/3213 3143/3115 3166/3082
f 3127/3114 3165/3113 3100/3214
f 3100/3214 3165/3113 3140/3112
f 3157/3087 3164/3085 3109/3106
f 3141/3100 3163/3108 3066/3215
f 3163/3108 3128/3107 3044/3217
f 3146/3105 3162/3088 3108/3099
f 3130/3103 3161/3101 3067/3218
f 3161/3101 3141/3100 3048/3216
f 3149/3098 3160/3091 3107/3092
f 3133/3096 3159/3094 3104/3086
f 3159/3094 3142/3093 3062/3110
f 3160/3091 3158/3090 3106/3191
f 3162/3088 3157/3087 3105/3109
f 3164/3085 3144/3084 3068/3220
f 3166/3082 3156/3081 3102/3187
f 3111/3120 3168/3077 3155/3079
f 3112/3126 3170/3074 3145/3076
f 3172/3073 3154/3072 3098/3129
f 3174/3070 3153/3069 3097/3145
f 3176/3067 3146/3066 3074/3221
f 3178/3064 3150/3063 3084/3222
f 3180/3058 3151/3057 3089/3178
f 3182/3055 3152/3054 3090/3150
f 3184/3043 3147/3042 3077/3223
f 3186/3040 3149/3039 3082/3224
f 3125/3193 3188/3037 3148/3036
f 3190/3034 3143/3033 3064/3225
o RightArm
v -3.9 -0.3 2.1
v -3.9 -0.3 -2.1
v -8.1 -0.3 -2.1
v -8.1 -0.3 2.1
v -3.9 9.15 2.1
v -8.1 9.15 2.1
v -8.1 9.15 -2.1
v -3.9 9.15 -2.1
v -3.9 -0.3 0
v -3.9 4.425 2.1
v -6 -0.3 -2.1
v -3.9 4.425 -2.1
v -6 -0.3 2.1
v -8.1 4.425 2.1
v -8.1 -0.3 0
v -8.1 4.425 -2.1
v -3.9 9.15 -0
v -6 9.15 -2.1
v -6 9.15 2.1
v -8.1 9.15 -0
v -6 -0.3 0
v -6 4.425 2.1
v -3.9 4.425 -0
v -8.1 4.425 -0
v -6 4.425 -2.1
v -3.9 -0.3 -1.05
v -4.95 -0.3 -2.1
v -3.9 6.7875 2.1
v -7.05 -0.3 -2.1
v -3.9 2.0625 2.1
v -3.9 6.7875 -2.1
v -7.05 -0.3 2.1
v -3.9 2.0625 -2.1
v -8.1 6.7875 2.1
v -8.1 -0.3 1.05
v -3.9 -0.3 1.05
v -8.1 6.7875 -2.1
v -4.95 -0.3 2.1
v -3.9 9.15 -1.05
v -4.95 9.15 -2.1
v -7.05 9.15 2.1
v -8.1 9.15 -1.05
v -8.1 2.0625 2.1
v -8.1 -0.3 -1.05
v -8.1 2.0625 -2.1
v -3.9 9.15 1.05
v -7.05 9.15 -2.1
v -4.95 9.15 2.1
v -8.1 9.15 1.05
v -4.95 -0.3 0
v -7.05 -0.3 0
v -6 -0.3 1.05
v -6 -0.3 -1.05
v -7.05 4.425 2.1
v -4.95 4.425 2.1
v -6 2.0625 2.1
v -6 6.7875 2.1
v -3.9 4.425 1.05
v -3.9 4.425 -1.05
v -3.9 2.0625 -0
v -3.9 6.7875 -0
v -8.1 4.425 -1.05
v -8.1 4.425 1.05
v -8.1 2.0625 -0
v -8.1 6.7875 -0
v -4.95 4.425 -2.1
v -7.05 4.425 -2.1
v -6 2.0625 -2.1
v -6 6.7875 -2.1
v -7.05 6.7875 -2.1
v -7.05 2.0625 -2.1
v -4.95 2.0625 -2.1
v -8.1 6.7875 1.05
v -8.1 2.0625 1.05
v -8.1 2.0625 -1.05
v -3.9 6.7875 -1.05
v -3.9 2.0625 -1.05
v -3.9 2.0625 1.05
v -4.95 -0.3 -1.05
v -4.95 6.7875 2.1
v -7.05 -0.3 1.05
v -4.95 2.0625 2.1
v -7.05 -0.3 -1.05
v -7.05 2.0625 2.1
v -7.05 6.7875 2.1
v -4.95 -0.3 1.05
v -3.9 6.7875 1.05
v -8.1 6.7875 -1.05
v -4.95 6.7875 -2.1
v -3.9 7.9688 2.1
v -3.9 3.2438 2.1
v -3.9 7.9688 -2.1
v -3.9 3.2438 -2.1
v -8.1 7.9688 2.1
v -8.1 7.9688 -2.1
v -8.1 3.2438 2.1
v -8.1 3.2438 -2.1
v -6 0.8813 2.1
v -6 5.6063 2.1
v -3.9 0.8813 -0
v -3.9 5.6063 -0
v -8.1 0.8813 -0
v -8.1 5.6063 -0
v -6 0.8813 -2.1
v -6 5.6063 -2.1
v -3.9 5.6063 2.1
v -3.9 0.8813 2.1
v -3.9 5.6063 -2.1
v -3.9 0.8813 -2.1
v -8.1 5.6063 2.1
v -8.1 5.6063 -2.1
v -8.1 0.8813 2.1
v -8.1 0.8813 -2.1
v -6 3.2438 2.1
v -6 7.9688 2.1
v -3.9 3.2438 -0
v -3.9 7.9688 -0
v -8.1 3.2438 -0
v -8.1 7.9688 -0
v -6 3.2438 -2.1
v -6 7.9688 -2.1
v -7.05 5.6063 -2.1
v -7.05 7.9688 -2.1
v -7.05 0.8813 -2.1
v -7.05 3.2438 -2.1
v -4.95 0.8813 -2.1
v -4.95 3.2438 -2.1
v -8.1 5.6063 1.05
v -8.1 7.9688 1.05
v -8.1 0.8813 1.05
v -8.1 3.2438 1.05
v -8.1 0.8813 -1.05
v -8.1 3.2438 -1.05
v -3.9 5.6063 -1.05
v -3.9 7.9688 -1.05
v -3.9 0.8813 -1.05
v -3.9 3.2438 -1.05
v -3.9 0.8813 1.05
v -3.9 3.2438 1.05
v -4.95 5.6063 2.1
v -4.95 7.9688 2.1
v -4.95 0.8813 2.1
v -4.95 3.2438 2.1
v -7.05 0.8813 2.1
v -7.05 3.2438 2.1
v -7.05 5.6063 2.1
v -7.05 7.9688 2.1
v -3.9 5.6063 1.05
v -3.9 7.9688 1.05
v -8.1 5.6063 -1.05
v -8.1 7.9688 -1.05
v -4.95 5.6063 -2.1
v -4.95 7.9688 -2.1
vt 0.3125 0.0865
vt 0.25 0
vt 0.25 0.0865
vt 0.5625 0
vt 0.5 0.0865
vt 0.5625 0.0865
vt 0.0625 0
vt 0 0.0865
vt 0.0625 0.0865
vt 0.3125 0.8462
vt 0.25 0.9231
vt 0.3125 0.9231
vt 0.8125 0.0865
vt 0.75 0
vt 0.75 0.0865
vt 0.8125 0.4327
vt 0.75 0.3462
vt 0.75 0.4327
vt 0.4375 0.6923
vt 0.375 0.7692
vt 0.4375 0.7692
vt 0.9375 0.3462
vt 0.875 0.4327
vt 0.9375 0.4327
vt 0.4375 0.9231
vt 0.375 0.8462
vt 0.375 0.9231
vt 0.9375 0.0865
vt 0.875 0
vt 0.875 0.0865
vt 0.3125 0.6923
vt 0.25 0.7692
vt 0.3125 0.7692
vt 0.0625 0.3462
vt 0 0.4327
vt 0.0625 0.4327
vt 0.1875 0.3462
vt 0.125 0.4327
vt 0.1875 0.4327
vt 0.1875 0
vt 0.125 0.0865
vt 0.1875 0.0865
vt 0.5625 0.3462
vt 0.5 0.4327
vt 0.5625 0.4327
vt 0.6875 0.3462
vt 0.625 0.4327
vt 0.6875 0.4327
vt 0.6875 0
vt 0.625 0.0865
vt 0.6875 0.0865
vt 0.3125 0.4327
vt 0.25 0.3462
vt 0.25 0.4327
vt 0.4375 0.3462
vt 0.375 0.4327
vt 0.4375 0.4327
vt 0.4375 0
vt 0.375 0.0865
vt 0.4375 0.0865
vt 0.4375 0.2596
vt 0.375 0.1731
vt 0.375 0.2596
vt 0.5 0.2596
vt 0.4375 0.1731
vt 0.5 0
vt 0.4375 0.5192
vt 0.375 0.6058
vt 0.4375 0.6058
vt 0.5 0.5192
vt 0.5 0.6058
vt 0.5 0.3462
vt 0.3125 0.5192
vt 0.25 0.6058
vt 0.3125 0.6058
vt 0.375 0.5192
vt 0.375 0.3462
vt 0.6875 0.1731
vt 0.625 0.2596
vt 0.6875 0.2596
vt 0.75 0.1731
vt 0.75 0.2596
vt 0.6875 0.5192
vt 0.625 0.6058
vt 0.6875 0.6058
vt 0.75 0.5192
vt 0.75 0.6058
vt 0.5625 0.5192
vt 0.5625 0.6058
vt 0.625 0.5192
vt 0.625 0.3462
vt 0.1875 0.1731
vt 0.125 0.2596
vt 0.1875 0.2596
vt 0.25 0.1731
vt 0.25 0.2596
vt 0.1875 0.5192
vt 0.125 0.6058
vt 0.1875 0.6058
vt 0.25 0.5192
vt 0.0625 0.6058
vt 0 0.5192
vt 0 0.6058
vt 0.125 0.5192
vt 0.125 0.3462
vt 0.25 0.8462
vt 0.375 0.6923
vt 0.9375 0.2596
vt 0.875 0.1731
vt 0.875 0.2596
vt 1 0.2596
vt 0.9375 0.1731
vt 1 0
vt 1 0.0865
vt 0.375 1
vt 0.4375 1
vt 0.5 0.9231
vt 0.5 1
vt 0.5 0.8462
vt 0.9375 0.5192
vt 0.875 0.6058
vt 0.9375 0.6058
vt 1 0.5192
vt 1 0.6058
vt 1 0.3462
vt 1 0.4327
vt 0.4375 0.8462
vt 0.5 0.7692
vt 0.5 0.6923
vt 0.8125 0.6058
vt 0.8125 0.5192
vt 0.8125 0.3462
vt 0.8125 0.1731
vt 0.8125 0.2596
vt 0.8125 0
vt 0.25 1
vt 0.3125 1
vt 0.0625 0.1731
vt 0 0.2596
vt 0.0625 0.2596
vt 0.125 0.1731
vt 0.125 0
vt 0.5625 0.1731
vt 0.5625 0.2596
vt 0.625 0.1731
vt 0.625 0
vt 0.3125 0.1731
vt 0.3125 0.2596
vt 0.375 0
vt 0.3125 0.3462
vt 0 0.3462
vt 0.875 0.3462
vt 0.875 0.5192
vt 0.8125 0.6923
vt 0.875 0.6923
vt 0.75 0.6923
vt 1 0.6923
vt 0.9375 0.6923
vt 1 0.1731
vt 0.0625 0.5192
vt 0.0625 0.6923
vt 0.125 0.6923
vt 0 0.6923
vt 0.1875 0.6923
vt 0.25 0.6923
vt 0.5625 0.6923
vt 0.625 0.6923
vt 0.6875 0.6923
vt 0.5 0.1731
vt 0 0.1731
vt 0.3125 0
vt 0 0
vt 0.9375 0
s 1
f 3343/3232 3198/3233 3282/3234
f 3232/3235 3285/3236 3341/3237
f 3236/3238 3280/3239 3339/3240
f 3240/3241 3226/3242 3276/3243
f 3337/3244 3196/3245 3284/3246
f 3335/3247 3204/3248 3286/3249
f 3219/3250 3243/3251 3273/3252
f 3245/3253 3304/3254 3333/3255
f 3271/3256 3211/3257 3242/3258
f 3331/3259 3209/3260 3305/3261
f 3217/3262 3216/3263 3269/3264
f 3248/3265 3281/3266 3329/3267
f 3249/3268 3306/3269 3327/3270
f 3229/3271 3307/3272 3325/3273
f 3252/3274 3287/3275 3323/3276
f 3253/3277 3308/3278 3321/3279
f 3239/3280 3309/3281 3319/3282
f 3317/3283 3202/3284 3283/3285
f 3257/3286 3310/3287 3315/3288
f 3237/3289 3311/3290 3313/3291
f 3312/3292 3259/3293 3295/3294
f 3301/3295 3260/3296 3312/3292
f 3197/3297 3313/3291 3285/3236
f 3261/3298 3294/3299 3314/3300
f 3235/3301 3314/3300 3303/3302
f 3206/3303 3315/3288 3287/3275
f 3262/3304 3299/3305 3316/3306
f 3258/3307 3316/3306 3294/3299
f 3215/3308 3317/3283 3310/3287
f 3263/3309 3293/3310 3318/3311
f 3224/3312 3318/3311 3300/3313
f 3196/3245 3319/3282 3284/3246
f 3264/3314 3292/3315 3320/3316
f 3233/3317 3320/3316 3302/3318
f 3286/3249 3253/3277 3321/3279
f 3265/3319 3303/3302 3322/3320
f 3254/3321 3322/3320 3292/3315
f 3214/3322 3323/3276 3308/3278
f 3266/3323 3291/3324 3324/3325
f 3221/3326 3324/3325 3298/3327
f 3198/3233 3325/3273 3282/3234
f 3267/3328 3290/3329 3326/3330
f 3223/3331 3326/3330 3299/3305
f 3202/3284 3327/3270 3283/3285
f 3328/3332 3220/3333 3297/3334
f 3250/3335 3328/3332 3290/3329
f 3213/3336 3329/3267 3306/3269
f 3269/3264 3199/3337 3240/3241
f 3243/3251 3240/3241 3211/3257
f 3201/3338 3269/3264 3243/3251
f 3330/3339 3247/3340 3289/3341
f 3296/3342 3270/3343 3330/3339
f 3195/3344 3331/3259 3280/3345
f 3271/3256 3203/3346 3222/3347
f 3225/3348 3222/3347 3194/3349
f 3205/3350 3271/3256 3225/3348
f 3272/3351 3288/3352 3332/3353
f 3220/3354 3332/3353 3297/3355
f 3200/3356 3333/3255 3281/3357
f 3273/3252 3211/3257 3241/3358
f 3234/3359 3241/3358 3205/3350
f 3193/3360 3273/3252 3234/3359
f 3334/3361 3233/3317 3302/3318
f 3288/3352 3274/3362 3334/3361
f 3304/3254 3244/3363 3335/3247
f 3275/3364 3300/3313 3336/3365
f 3247/3340 3336/3365 3289/3341
f 3305/3261 3231/3366 3337/3244
f 3276/3243 3191/3367 3228/3368
f 3242/3258 3228/3368 3203/3346
f 3211/3257 3276/3243 3242/3258
f 3277/3369 3296/3370 3338/3371
f 3251/3372 3338/3371 3291/3324
f 3207/3373 3339/3240 3307/3272
f 3278/3374 3301/3295 3340/3375
f 3255/3376 3340/3375 3293/3310
f 3210/3377 3341/3237 3309/3281
f 3279/3378 3298/3327 3342/3379
f 3259/3293 3342/3379 3295/3294
f 3208/3380 3343/3232 3311/3290
f 3259/3293 3343/3232 3279/3378
f 3295/3294 3256/3381 3215/3308
f 3342/3379 3202/3284 3256/3381
f 3309/3281 3278/3374 3255/3376
f 3293/3310 3252/3274 3214/3322
f 3340/3375 3206/3303 3252/3274
f 3307/3272 3277/3369 3251/3372
f 3291/3324 3248/3265 3213/3336
f 3338/3371 3200/3382 3248/3265
f 3247/3340 3337/3244 3275/3364
f 3289/3341 3244/3363 3212/3383
f 3336/3365 3204/3248 3244/3363
f 3246/3384 3335/3247 3274/3362
f 3288/3352 3222/3385 3203/3386
f 3222/3385 3302/3318 3194/3387
f 3220/3354 3333/3255 3272/3351
f 3191/3388 3332/3353 3228/3389
f 3332/3353 3203/3386 3228/3389
f 3280/3345 3270/3343 3218/3390
f 3200/3356 3330/3339 3245/3253
f 3245/3253 3289/3341 3212/3383
f 3306/3269 3268/3391 3250/3335
f 3290/3329 3226/3392 3199/3393
f 3328/3332 3191/3394 3226/3392
f 3283/3285 3267/3328 3223/3331
f 3299/3305 3216/3395 3192/3396
f 3326/3330 3199/3393 3216/3395
f 3282/3234 3266/3323 3221/3326
f 3298/3327 3249/3268 3202/3284
f 3324/3325 3213/3336 3249/3268
f 3308/3278 3265/3319 3254/3321
f 3292/3315 3234/3397 3205/3398
f 3322/3320 3193/3360 3234/3397
f 3286/3249 3264/3314 3233/3317
f 3302/3318 3225/3399 3194/3387
f 3320/3316 3205/3398 3225/3399
f 3284/3246 3263/3309 3224/3312
f 3300/3313 3253/3277 3204/3248
f 3318/3311 3214/3322 3253/3277
f 3310/3287 3262/3304 3258/3307
f 3294/3299 3217/3262 3201/3338
f 3316/3306 3192/3396 3217/3262
f 3287/3275 3261/3298 3235/3301
f 3303/3302 3219/3250 3193/3360
f 3314/3300 3201/3338 3219/3250
f 3285/3236 3260/3296 3227/3400
f 3206/3303 3312/3292 3257/3286
f 3312/3292 3215/3308 3257/3286
f 3313/3291 3259/3293 3260/3296
f 3315/3288 3258/3307 3261/3298
f 3317/3283 3223/3331 3262/3304
f 3319/3282 3255/3376 3263/3309
f 3321/3279 3254/3321 3264/3314
f 3265/3319 3287/3275 3235/3301
f 3325/3273 3251/3372 3266/3323
f 3327/3270 3250/3335 3267/3328
f 3268/3391 3281/3266 3220/3333
f 3331/3259 3247/3340 3270/3343
f 3333/3255 3246/3384 3272/3351
f 3335/3247 3233/3317 3274/3362
f 3275/3364 3284/3246 3224/3312
f 3339/3240 3218/3401 3277/3369
f 3341/3237 3227/3400 3278/3374
f 3343/3232 3221/3326 3279/3378
f 3343/3232 3230/3402 3198/3233
f 3232/3235 3197/3297 3285/3236
f 3236/3238 3195/3403 3280/3239
f 3240/3241 3199/3337 3226/3242
f 3337/3244 3231/3366 3196/3245
f 3335/3247 3244/3363 3204/3248
f 3219/3250 3201/3338 3243/3251
f 3245/3253 3212/3383 3304/3254
f 3271/3256 3241/3358 3211/3257
f 3331/3259 3238/3404 3209/3260
f 3217/3262 3192/3396 3216/3263
f 3248/3265 3200/3382 3281/3266
f 3249/3268 3213/3336 3306/3269
f 3229/3271 3207/3373 3307/3272
f 3252/3274 3206/3303 3287/3275
f 3253/3277 3214/3322 3308/3278
f 3239/3280 3210/3377 3309/3281
f 3317/3283 3256/3381 3202/3284
f 3257/3286 3215/3308 3310/3287
f 3237/3289 3208/3380 3311/3290
f 3312/3292 3260/3296 3259/3293
f 3301/3295 3227/3400 3260/3296
f 3197/3297 3237/3289 3313/3291
f 3261/3298 3258/3307 3294/3299
f 3235/3301 3261/3298 3314/3300
f 3206/3303 3257/3286 3315/3288
f 3262/3304 3223/3331 3299/3305
f 3258/3307 3262/3304 3316/3306
f 3215/3308 3256/3381 3317/3283
f 3263/3309 3255/3376 3293/3310
f 3224/3312 3263/3309 3318/3311
f 3196/3245 3239/3280 3319/3282
f 3264/3314 3254/3321 3292/3315
f 3233/3317 3264/3314 3320/3316
f 3286/3249 3204/3248 3253/3277
f 3265/3319 3235/3301 3303/3302
f 3254/3321 3265/3319 3322/3320
f 3214/3322 3252/3274 3323/3276
f 3266/3323 3251/3372 3291/3324
f 3221/3326 3266/3323 3324/3325
f 3198/3233 3229/3271 3325/3273
f 3267/3328 3250/3335 3290/3329
f 3223/3331 3267/3328 3326/3330
f 3202/3284 3249/3268 3327/3270
f 3328/3332 3268/3391 3220/3333
f 3250/3335 3268/3391 3328/3332
f 3213/3336 3248/3265 3329/3267
f 3269/3264 3216/3263 3199/3337
f 3243/3251 3269/3264 3240/3241
f 3201/3338 3217/3262 3269/3264
f 3330/3339 3270/3343 3247/3340
f 3296/3342 3218/3390 3270/3343
f 3195/3344 3238/3404 3331/3259
f 3271/3256 3242/3258 3203/3346
f 3225/3348 3271/3256 3222/3347
f 3205/3350 3241/3358 3271/3256
f 3272/3351 3246/3384 3288/3352
f 3220/3354 3272/3351 3332/3353
f 3200/3356 3245/3253 3333/3255
f 3273/3252 3243/3251 3211/3257
f 3234/3359 3273/3252 3241/3358
f 3193/3360 3219/3250 3273/3252
f 3334/3361 3274/3362 3233/3317
f 3288/3352 3246/3384 3274/3362
f 3304/3254 3212/3383 3244/3363
f 3275/3364 3224/3312 3300/3313
f 3247/3340 3275/3364 3336/3365
f 3305/3261 3209/3260 3231/3366
f 3276/3243 3226/3242 3191/3367
f 3242/3258 3276/3243 3228/3368
f 3211/3257 3240/3241 3276/3243
f 3277/3369 3218/3401 3296/3370
f 3251/3372 3277/3369 3338/3371
f 3207/3373 3236/3238 3339/3240
f 3278/3374 3227/3400 3301/3295
f 3255/3376 3278/3374 3340/3375
f 3210/3377 3232/3235 3341/3237
f 3279/3378 3221/3326 3298/3327
f 3259/3293 3279/3378 3342/3379
f 3208/3380 3230/3402 3343/3232
f 3259/3293 3311/3290 3343/3232
f 3295/3294 3342/3379 3256/3381
f 3342/3379 3298/3327 3202/3284
f 3309/3281 3341/3237 3278/3374
f 3293/3310 3340/3375 3252/3274
f 3340/3375 3301/3295 3206/3303
f 3307/3272 3339/3240 3277/3369
f 3291/3324 3338/3371 3248/3265
f 3338/3371 3296/3370 3200/3382
f 3247/3340 3305/3261 3337/3244
f 3289/3341 3336/3365 3244/3363
f 3336/3365 3300/3313 3204/3248
f 3246/3384 3304/3254 3335/3247
f 3288/3352 3334/3361 3222/3385
f 3222/3385 3334/3361 3302/3318
f 3220/3354 3281/3357 3333/3255
f 3191/3388 3297/3355 3332/3353
f 3332/3353 3288/3352 3203/3386
f 3280/3345 3331/3259 3270/3343
f 3200/3356 3296/3342 3330/3339
f 3245/3253 3330/3339 3289/3341
f 3306/3269 3329/3267 3268/3391
f 3290/3329 3328/3332 3226/3392
f 3328/3332 3297/3334 3191/3394
f 3283/3285 3327/3270 3267/3328
f 3299/3305 3326/3330 3216/3395
f 3326/3330 3290/3329 3199/3393
f 3282/3234 3325/3273 3266/3323
f 3298/3327 3324/3325 3249/3268
f 3324/3325 3291/3324 3213/3336
f 3308/3278 3323/3276 3265/3319
f 3292/3315 3322/3320 3234/3397
f 3322/3320 3303/3302 3193/3360
f 3286/3249 3321/3279 3264/3314
f 3302/3318 3320/3316 3225/3399
f 3320/3316 3292/3315 3205/3398
f 3284/3246 3319/3282 3263/3309
f 3300/3313 3318/3311 3253/3277
f 3318/3311 3293/3310 3214/3322
f 3310/3287 3317/3283 3262/3304
f 3294/3299 3316/3306 3217/3262
f 3316/3306 3299/3305 3192/3396
f 3287/3275 3315/3288 3261/3298
f 3303/3302 3314/3300 3219/3250
f 3314/3300 3294/3299 3201/3338
f 3285/3236 3313/3291 3260/3296
f 3206/3303 3301/3295 3312/3292
f 3312/3292 3295/3294 3215/3308
f 3313/3291 3311/3290 3259/3293
f 3315/3288 3310/3287 3258/3307
f 3317/3283 3283/3285 3223/3331
f 3319/3282 3309/3281 3255/3376
f 3321/3279 3308/3278 3254/3321
f 3265/3319 3323/3276 3287/3275
f 3325/3273 3307/3272 3251/3372
f 3327/3270 3306/3269 3250/3335
f 3268/3391 3329/3267 3281/3266
f 3331/3259 3305/3261 3247/3340
f 3333/3255 3304/3254 3246/3384
f 3335/3247 3286/3249 3233/3317
f 3275/3364 3337/3244 3284/3246
f 3339/3240 3280/3239 3218/3401
f 3341/3237 3285/3236 3227/3400
f 3343/3232 3282/3234 3221/3326
o RightBoot
v -4.625 24.3 2.625
v 0.625 24.3 2.625
v -4.625 24.3 -2.625
v 0.625 24.3 -2.625
v -3.575 24.3 -3.675
v -0.425 24.3 -3.675
v -3.575 22.2 -3.675
v -0.425 22.2 -3.675
v -3.575 21.15 -2.625
v -0.425 21.15 -2.625
v -4.625 22.2 -2.625
v 0.625 22.2 -2.625
v 0.1 20.1 -2.1
v -4.1 20.1 -2.1
v 0.1 20.1 2.1
v -4.1 20.1 2.1
v -4.625 20.1 2.625
v 0.625 20.1 2.625
v -4.625 20.1 -2.625
v 0.625 20.1 -2.625
v -2 24.3 2.625
v -4.625 24.3 -0
v -2.525 24.3 -3.15
v -2 24.3 -2.625
v -2 24.3 -3.675
v -3.575 23.25 -3.675
v -2 22.2 -3.675
v -4.3625 20.1 0.2625
v -4.625 20.1 -0
v -4.625 21.15 -2.625
v -2.2625 20.1 -2.3625
v -2 20.1 -2.625
v -4.625 23.25 -2.625
v 0.625 23.25 -2.625
v -2.525 20.625 -2.625
v -1.7375 20.1 2.3625
v -2 20.1 2.625
v 0.3625 20.1 -0.2625
v 0.625 20.1 -0
v 0.625 22.2 2.625
v 0.625 23.25 -0
v 0.625 24.3 -0
v -0.425 23.25 -3.675
v -2 21.15 -2.625
v -4.1 20.1 -0
v -4.625 22.2 2.625
v -4.625 23.25 -0
v -2 20.1 -2.1
v 0.625 21.15 -2.625
v -2 20.1 2.1
v 0.1 20.1 -0
v -2 24.3 -0
v -2 23.25 -3.675
v -4.625 21.675 -0
v 0.625 21.675 -0
v -2 22.2 2.625
v -0.6875 24.3 2.625
v -4.2313 20.1 -0.9188
v -4.625 24.3 -1.3125
v -1.475 24.3 -3.4125
v -0.6875 24.3 -2.625
v -1.2125 24.3 -3.675
v -1.2125 22.2 -3.675
v -3.3125 24.3 -2.625
v -4.4938 20.1 1.4437
v -4.625 20.1 -1.3125
v -4.625 24.3 1.3125
v -3.4438 20.1 -2.4938
v -0.6875 20.1 -2.625
v -3.575 24.3 -2.8875
v -2.7875 24.3 -3.675
v -3.575 20.3625 -2.625
v -0.5563 20.1 2.4937
v -0.6875 20.1 2.625
v 0.4937 20.1 -1.4438
v 0.625 20.1 -1.3125
v 0.625 21.15 2.625
v -3.3125 24.3 2.625
v 0.625 22.725 -1.3125
v -2.7875 22.2 -3.675
v 0.625 24.3 -1.3125
v -1.2125 21.15 -2.625
v -4.1 20.1 1.05
v -4.625 21.15 2.625
v -4.625 22.725 -1.3125
v -3.05 20.1 -2.1
v -3.05 20.1 2.1
v 0.1 20.1 1.05
v -4.625 20.1 1.3125
v -1.0813 20.1 -2.2313
v -3.3125 20.1 -2.625
v -1.475 20.8875 -2.625
v -2.9188 20.1 2.2312
v -3.3125 20.1 2.625
v 0.2312 20.1 0.9187
v 0.625 20.1 1.3125
v 0.625 23.25 2.625
v 0.625 23.775 1.3125
v 0.625 24.3 1.3125
v -2.7875 21.15 -2.625
v -4.1 20.1 -1.05
v -4.625 23.25 2.625
v -4.625 23.775 1.3125
v -0.95 20.1 -2.1
v -0.95 20.1 2.1
v 0.1 20.1 -1.05
v -3.3125 24.3 -0
v -0.6875 24.3 -0
v -2 24.3 1.3125
v -2 24.3 -1.3125
v 0.625 23.25 -1.3125
v 0.625 23.775 -1.3125
v -4.625 23.25 -1.3125
v -4.625 23.775 -1.3125
v -2.7875 23.25 -3.675
v -1.2125 23.25 -3.675
v -4.625 21.4125 -1.3125
v -4.625 21.9375 1.3125
v -4.625 20.8875 -0
v -4.625 22.4625 -0
v 0.625 21.9375 1.3125
v 0.625 21.4125 -1.3125
v 0.625 20.8875 -0
v 0.625 22.4625 -0
v -0.6875 22.2 2.625
v -3.3125 22.2 2.625
v -2 23.25 2.625
v -2 21.15 2.625
v -3.3125 21.15 2.625
v -3.3125 23.25 2.625
v -0.6875 23.25 2.625
v 0.625 21.0188 1.3125
v -4.625 22.8563 1.3125
v -4.625 21.0188 1.3125
v -3.3125 24.3 -1.3125
v -0.6875 24.3 1.3125
v -0.6875 24.3 -1.3125
v -3.3125 24.3 1.3125
v 0.625 22.8563 1.3125
v -0.6875 21.15 2.625
v 0.625 21.9375 -0.6563
v 0.625 20.4938 -0.6563
v -4.625 20.4938 -0.6563
v -4.625 21.9375 -0.6563
vt 0.9375 0.4
vt 1 0.3556
vt 0.9375 0.3556
vt 0.45 0.0111
vt 0.5 0
vt 0.4375 0
vt 0.3 0.0889
vt 0.25 0.0444
vt 0.25 0.0889
vt 0.5 0.0889
vt 0.45 0.1333
vt 0.5 0.1333
vt 0.6937 0.4056
vt 0.75 0.4
vt 0.6875 0.4
vt 0.0625 0.2444
vt 0 0.2667
vt 0.0625 0.2833
vt 0.4437 0.4056
vt 0.5 0.4
vt 0.4375 0.4
vt 0.625 0.3333
vt 0.5938 0.3222
vt 0.5625 0.3444
vt 0.4125 0.1333
vt 0.45 0.1778
vt 0.45 0.3889
vt 0.3 0.1333
vt 0.25 0.1333
vt 0.3 0.1778
vt 0.9437 0.4056
vt 1 0.4
vt 0.1938 0.4056
vt 0.25 0.4
vt 0.1875 0.4
vt 0.125 0.0556
vt 0.0625 0
vt 0.0625 0.0556
vt 0.4125 0.0889
vt 0.45 0.0889
vt 0.4125 0.3556
vt 0.4 0.3778
vt 0.45 0.0444
vt 0.4125 0.0444
vt 0.125 0.4222
vt 0.0813 0.4167
vt 0.075 0.4222
vt 0.1875 0.2667
vt 0.25 0.2667
vt 0.1875 0.2444
vt 0.725 0.4222
vt 0.675 0.4222
vt 0.25 0.1667
vt 0.1875 0.1111
vt 0.1875 0.1667
vt 0.625 0.2222
vt 0.6875 0.2444
vt 0.6875 0.2222
vt 0.475 0.4222
vt 0.425 0.4222
vt 0.0625 0.2222
vt 0 0.2222
vt 0.1875 0.2222
vt 0.125 0.2222
vt 0.5 0.3556
vt 0.45 0.3556
vt 0.3 0.3556
vt 0.25 0.3556
vt 0.35 0.3667
vt 0.3375 0.3556
vt 0.975 0.4222
vt 0.925 0.4222
vt 0.225 0.4222
vt 0.175 0.4222
vt 0.125 0.1667
vt 0.0625 0.1111
vt 0.0625 0.1667
vt 0.1875 0.2889
vt 0.125 0.2667
vt 0.875 0.4222
vt 0.8313 0.4167
vt 0.825 0.4222
vt 0.25 0.0556
vt 0.1875 0
vt 0.1875 0.0556
vt 0.375 0.4222
vt 0.3312 0.4167
vt 0.325 0.4222
vt 0.5 0.2667
vt 0.5625 0.2889
vt 0.5625 0.2667
vt 0.5625 0.2444
vt 0.5 0.2222
vt 0.5625 0.2222
vt 0.625 0.4222
vt 0.5813 0.4167
vt 0.575 0.4222
vt 0.375 0.0444
vt 0.35 0.0333
vt 0.3375 0.0444
vt 0.3375 0.0889
vt 0.3375 0.1333
vt 0.375 0.0889
vt 0.125 0.4
vt 0.0625 0.4
vt 0.875 0.4
vt 0.8125 0.4
vt 0.375 0.4
vt 0.3125 0.4
vt 0.3375 0.1778
vt 0.375 0.1333
vt 0.625 0.4
vt 0.5938 0.3833
vt 0.5625 0.4
vt 0.6875 0.3611
vt 0.625 0.3667
vt 0.6875 0.2833
vt 0.625 0.2667
vt 0.625 0.3
vt 0.0625 0.3222
vt 0 0.3556
vt 0.0625 0.3611
vt 0.125 0.3667
vt 0.1875 0.3444
vt 0.125 0.3333
vt 0.125 0.3
vt 0.5 0.0444
vt 0.375 0
vt 0.3125 0
vt 0.9375 0.2667
vt 1 0.3111
vt 1 0.2667
vt 0.8125 0.2667
vt 0.875 0.3111
vt 0.875 0.2667
vt 0.875 0.3556
vt 0.8125 0.3556
vt 0.8125 0.3111
vt 0.75 0.3111
vt 0.75 0.3556
vt 0.875 0.2222
vt 0.8125 0.2222
vt 0.75 0.2667
vt 0.75 0.2222
vt 0.9375 0.2222
vt 1 0.2222
vt 0.9375 0.3111
vt 0.3 0.0444
vt 0.25 0
vt 0.525 0.4222
vt 0.1562 0.3222
vt 0.25 0.3111
vt 0.1562 0.3833
vt 0 0.4
vt 0.275 0.4222
vt 0.6875 0.3222
vt 0.775 0.4222
vt 0.025 0.4222
vt 0.125 0
vt 0.125 0.1111
vt 0.25 0.1111
vt 0 0.1111
vt 0 0.1667
vt 0.1375 0.4111
vt 0.8875 0.4111
vt 0.375 0.3556
vt 0.25 0.2222
vt 0.3875 0.4111
vt 0.6375 0.4111
vt 0.4 0.0222
vt 0 -0
vt 0 0.0556
vt 0.375 0.1778
vt 0.5 0.3111
vt 0 0.3111
vt 0.4125 0.1778
s 1
f 3417/3405 3420/3406 3483/3407
f 3413/3408 3346/3409 3407/3410
f 3386/3411 3347/3412 3377/3413
f 3376/3414 3350/3415 3354/3416
f 3408/3417 3360/3418 3432/3419
f 3441/3420 3440/3421 3482/3422
f 3411/3423 3362/3424 3434/3425
f 3397/3426 3487/3427 3460/3428
f 3423/3429 3352/3430 3350/3415
f 3352/3430 3354/3416 3350/3415
f 3434/3425 3362/3424 3415/3431
f 3351/3432 3355/3433 3353/3434
f 3416/3435 3361/3436 3417/3405
f 3418/3437 3363/3438 3419/3439
f 3450/3440 3410/3441 3481/3442
f 3458/3443 3350/3415 3369/3444
f 3443/3445 3378/3446 3415/3431
f 3348/3447 3413/3408 3414/3448
f 3394/3449 3438/3450 3431/3451
f 3454/3452 3377/3453 3455/3454
f 3359/3455 3408/3417 3426/3456
f 3404/3457 3453/3458 3480/3459
f 3365/3460 3446/3461 3410/3462
f 3357/3463 3411/3423 3429/3464
f 3441/3420 3442/3465 3345/3466
f 3455/3454 3424/3467 3385/3468
f 3373/3469 3352/3470 3362/3424
f 3353/3471 3392/3472 3363/3438
f 3435/3473 3425/3474 3353/3471
f 3358/3475 3416/3435 3448/3476
f 3356/3477 3418/3437 3449/3478
f 3451/3479 3452/3480 3479/3481
f 3422/3482 3454/3452 3384/3483
f 3393/3484 3436/3485 3430/3486
f 3407/3487 3402/3488 3478/3489
f 3391/3490 3433/3491 3447/3492
f 3376/3493 3428/3494 3456/3495
f 3456/3495 3457/3496 3376/3493
f 3346/3497 3457/3496 3402/3498
f 3388/3499 3401/3500 3444/3501
f 3368/3502 3403/3503 3405/3504
f 3414/3448 3369/3444 3348/3447
f 3459/3505 3368/3502 3405/3504
f 3406/3506 3396/3507 3459/3505
f 3438/3450 3382/3508 3439/3509
f 3436/3485 3380/3510 3437/3511
f 3375/3512 3435/3473 3412/3513
f 3425/3514 3370/3515 3406/3506
f 3372/3516 3486/3517 3409/3518
f 3477/3519 3397/3426 3462/3520
f 3476/3521 3390/3522 3463/3523
f 3433/3491 3375/3512 3412/3513
f 3464/3524 3420/3525 3475/3526
f 3466/3527 3465/3528 3398/3529
f 3467/3530 3422/3482 3384/3483
f 3401/3500 3372/3516 3409/3518
f 3346/3531 3369/3444 3376/3414
f 3351/3432 3377/3413 3355/3433
f 3403/3503 3367/3532 3404/3533
f 3474/3534 3383/3535 3440/3536
f 3473/3537 3399/3538 3470/3539
f 3437/3511 3471/3540 3472/3541
f 3469/3542 3471/3540 3399/3538
f 3389/3543 3472/3541 3469/3542
f 3360/3418 3472/3541 3427/3544
f 3473/3537 3364/3545 3421/3546
f 3445/3547 3421/3546 3344/3548
f 3445/3547 3469/3542 3473/3537
f 3400/3549 3440/3536 3345/3550
f 3364/3545 3474/3534 3400/3549
f 3470/3539 3468/3551 3474/3534
f 3349/3552 3404/3533 3347/3553
f 3357/3554 3409/3518 3362/3424
f 3422/3482 3484/3555 3465/3528
f 3484/3555 3398/3529 3465/3528
f 3355/3556 3465/3528 3392/3472
f 3465/3528 3485/3557 3419/3439
f 3485/3557 3382/3508 3419/3439
f 3392/3472 3419/3439 3363/3438
f 3475/3526 3361/3558 3439/3509
f 3466/3527 3439/3509 3382/3508
f 3398/3529 3475/3526 3466/3527
f 3356/3559 3412/3513 3363/3438
f 3461/3560 3463/3523 3397/3426
f 3389/3543 3476/3521 3461/3560
f 3445/3547 3446/3461 3476/3521
f 3432/3419 3462/3520 3372/3516
f 3360/3418 3477/3519 3432/3419
f 3427/3544 3461/3560 3477/3519
f 3486/3517 3460/3428 3409/3518
f 3462/3520 3397/3426 3460/3428
f 3409/3518 3373/3469 3362/3424
f 3351/3432 3425/3514 3406/3506
f 3412/3513 3353/3471 3363/3438
f 3359/3561 3437/3511 3360/3418
f 3358/3562 3439/3509 3361/3558
f 3351/3432 3459/3505 3386/3411
f 3386/3411 3405/3504 3349/3552
f 3396/3507 3414/3448 3368/3502
f 3349/3552 3405/3504 3403/3503
f 3357/3554 3444/3501 3401/3500
f 3365/3460 3402/3498 3457/3496
f 3390/3522 3457/3496 3456/3495
f 3390/3522 3456/3495 3428/3494
f 3356/3559 3447/3492 3433/3491
f 3478/3489 3365/3563 3450/3440
f 3453/3458 3450/3440 3395/3564
f 3367/3565 3478/3489 3453/3458
f 3359/3561 3430/3486 3436/3485
f 3377/3453 3422/3482 3355/3556
f 3479/3481 3364/3566 3400/3567
f 3442/3465 3400/3567 3345/3466
f 3385/3468 3479/3481 3442/3465
f 3449/3478 3381/3568 3394/3449
f 3448/3476 3379/3569 3393/3484
f 3387/3570 3435/3473 3378/3446
f 3347/3571 3455/3454 3377/3453
f 3385/3468 3441/3420 3384/3483
f 3429/3464 3374/3572 3391/3490
f 3344/3548 3410/3462 3446/3461
f 3480/3459 3395/3564 3451/3479
f 3424/3467 3451/3479 3385/3468
f 3347/3571 3480/3459 3424/3467
f 3426/3456 3371/3573 3388/3499
f 3384/3483 3455/3454 3385/3468
f 3358/3562 3431/3451 3438/3450
f 3414/3448 3366/3574 3368/3502
f 3352/3470 3415/3431 3362/3424
f 3370/3515 3458/3443 3396/3507
f 3481/3442 3344/3575 3421/3576
f 3452/3480 3421/3576 3364/3566
f 3395/3564 3481/3442 3452/3480
f 3381/3568 3419/3439 3382/3508
f 3379/3569 3417/3405 3380/3510
f 3434/3425 3378/3446 3375/3512
f 3387/3577 3423/3429 3370/3515
f 3487/3427 3428/3494 3460/3428
f 3463/3523 3390/3522 3428/3494
f 3460/3428 3354/3578 3373/3469
f 3374/3572 3434/3425 3375/3512
f 3482/3422 3383/3579 3464/3524
f 3467/3530 3464/3524 3398/3529
f 3384/3483 3482/3422 3467/3530
f 3371/3573 3432/3419 3372/3516
f 3366/3574 3407/3410 3367/3532
f 3468/3551 3420/3406 3383/3535
f 3399/3538 3483/3407 3468/3551
f 3471/3540 3417/3405 3483/3407
f 3417/3405 3361/3436 3420/3406
f 3386/3411 3349/3552 3347/3412
f 3376/3414 3369/3444 3350/3415
f 3441/3420 3345/3466 3440/3421
f 3397/3426 3463/3523 3487/3427
f 3423/3429 3443/3580 3352/3430
f 3450/3440 3365/3563 3410/3441
f 3458/3443 3423/3429 3350/3415
f 3443/3445 3387/3570 3378/3446
f 3348/3447 3346/3409 3413/3408
f 3394/3449 3381/3568 3438/3450
f 3359/3455 3360/3418 3408/3417
f 3404/3457 3367/3565 3453/3458
f 3365/3460 3390/3522 3446/3461
f 3357/3463 3362/3424 3411/3423
f 3373/3469 3354/3578 3352/3470
f 3353/3471 3355/3556 3392/3472
f 3358/3475 3361/3436 3416/3435
f 3356/3477 3363/3438 3418/3437
f 3451/3479 3395/3564 3452/3480
f 3393/3484 3379/3569 3436/3485
f 3407/3487 3346/3553 3402/3488
f 3391/3490 3374/3572 3433/3491
f 3376/3493 3354/3578 3428/3494
f 3346/3497 3376/3493 3457/3496
f 3388/3499 3371/3573 3401/3500
f 3368/3502 3366/3574 3403/3503
f 3414/3448 3458/3443 3369/3444
f 3459/3505 3396/3507 3368/3502
f 3406/3506 3370/3515 3396/3507
f 3438/3450 3381/3568 3382/3508
f 3436/3485 3379/3569 3380/3510
f 3375/3512 3378/3446 3435/3473
f 3425/3514 3387/3577 3370/3515
f 3372/3516 3462/3520 3486/3517
f 3477/3519 3461/3560 3397/3426
f 3476/3521 3446/3461 3390/3522
f 3433/3491 3374/3572 3375/3512
f 3464/3524 3383/3579 3420/3525
f 3401/3500 3371/3573 3372/3516
f 3346/3531 3348/3447 3369/3444
f 3351/3432 3386/3411 3377/3413
f 3403/3503 3366/3574 3367/3532
f 3474/3534 3468/3551 3383/3535
f 3473/3537 3469/3542 3399/3538
f 3437/3511 3380/3510 3471/3540
f 3469/3542 3472/3541 3471/3540
f 3389/3543 3427/3544 3472/3541
f 3360/3418 3437/3511 3472/3541
f 3473/3537 3470/3539 3364/3545
f 3445/3547 3473/3537 3421/3546
f 3445/3547 3389/3543 3469/3542
f 3400/3549 3474/3534 3440/3536
f 3364/3545 3470/3539 3474/3534
f 3470/3539 3399/3538 3468/3551
f 3349/3552 3403/3503 3404/3533
f 3357/3554 3401/3500 3409/3518
f 3422/3482 3467/3530 3484/3555
f 3484/3555 3467/3530 3398/3529
f 3355/3556 3422/3482 3465/3528
f 3465/3528 3466/3527 3485/3557
f 3485/3557 3466/3527 3382/3508
f 3392/3472 3465/3528 3419/3439
f 3475/3526 3420/3525 3361/3558
f 3466/3527 3475/3526 3439/3509
f 3398/3529 3464/3524 3475/3526
f 3356/3559 3433/3491 3412/3513
f 3461/3560 3476/3521 3463/3523
f 3389/3543 3445/3547 3476/3521
f 3445/3547 3344/3548 3446/3461
f 3432/3419 3477/3519 3462/3520
f 3360/3418 3427/3544 3477/3519
f 3427/3544 3389/3543 3461/3560
f 3486/3517 3462/3520 3460/3428
f 3409/3518 3460/3428 3373/3469
f 3351/3432 3353/3434 3425/3514
f 3412/3513 3435/3473 3353/3471
f 3359/3561 3436/3485 3437/3511
f 3358/3562 3438/3450 3439/3509
f 3351/3432 3406/3506 3459/3505
f 3386/3411 3459/3505 3405/3504
f 3396/3507 3458/3443 3414/3448
f 3390/3522 3365/3460 3457/3496
f 3478/3489 3402/3488 3365/3563
f 3453/3458 3478/3489 3450/3440
f 3367/3565 3407/3487 3478/3489
f 3377/3453 3454/3452 3422/3482
f 3479/3481 3452/3480 3364/3566
f 3442/3465 3479/3481 3400/3567
f 3385/3468 3451/3479 3479/3481
f 3449/3478 3418/3437 3381/3568
f 3448/3476 3416/3435 3379/3569
f 3387/3570 3425/3474 3435/3473
f 3347/3571 3424/3467 3455/3454
f 3385/3468 3442/3465 3441/3420
f 3429/3464 3411/3423 3374/3572
f 3480/3459 3453/3458 3395/3564
f 3424/3467 3480/3459 3451/3479
f 3347/3571 3404/3457 3480/3459
f 3426/3456 3408/3417 3371/3573
f 3384/3483 3454/3452 3455/3454
f 3414/3448 3413/3408 3366/3574
f 3352/3470 3443/3445 3415/3431
f 3370/3515 3423/3429 3458/3443
f 3481/3442 3410/3441 3344/3575
f 3452/3480 3481/3442 3421/3576
f 3395/3564 3450/3440 3481/3442
f 3381/3568 3418/3437 3419/3439
f 3379/3569 3416/3435 3417/3405
f 3434/3425 3415/3431 3378/3446
f 3387/3577 3443/3580 3423/3429
f 3487/3427 3463/3523 3428/3494
f 3460/3428 3428/3494 3354/3578
f 3374/3572 3411/3423 3434/3425
f 3482/3422 3440/3421 3383/3579
f 3467/3530 3482/3422 3464/3524
f 3384/3483 3441/3420 3482/3422
f 3371/3573 3408/3417 3432/3419
f 3366/3574 3413/3408 3407/3410
f 3468/3551 3483/3407 3420/3406
f 3399/3538 3471/3540 3483/3407
f 3471/3540 3380/3510 3417/3405
o RightLeg
v -4.1 11.7 2.1
v 0.1 11.7 2.1
v -4.1 11.7 -2.1
v 0.1 11.7 -2.1
v 0.1 20.1 -2.1
v -4.1 20.1 -2.1
v 0.1 20.1 2.1
v -4.1 20.1 2.1
v -4.1 11.7 -0
v -2 11.7 2.1
v 0.1 15.9 2.1
v 0.1 20.1 -0
v -2 20.1 2.1
v 0.1 15.9 -2.1
v -2 20.1 -2.1
v -4.1 15.9 -2.1
v -4.1 20.1 -0
v -2 11.7 -2.1
v 0.1 11.7 -0
v -4.1 15.9 2.1
v -4.1 15.9 -0
v -2 11.7 -0
v -2 15.9 -2.1
v -2 15.9 2.1
v 0.1 15.9 -0
v -4.1 11.7 -1.05
v 0.1 20.1 -1.05
v -0.95 11.7 2.1
v 0.1 18 2.1
v 0.1 13.8 2.1
v 0.1 20.1 1.05
v -3.05 20.1 2.1
v -3.05 11.7 2.1
v 0.1 18 -2.1
v -4.1 11.7 1.05
v -3.05 20.1 -2.1
v -4.1 18 -2.1
v -0.95 20.1 2.1
v -4.1 20.1 1.05
v -0.95 11.7 -2.1
v 0.1 11.7 -1.05
v -4.1 18 2.1
v 0.1 13.8 -2.1
v -0.95 20.1 -2.1
v -4.1 13.8 -2.1
v -4.1 20.1 -1.05
v -3.05 11.7 -2.1
v 0.1 11.7 1.05
v -4.1 13.8 2.1
v -4.1 18 -0
v -4.1 13.8 -0
v -4.1 15.9 -1.05
v -4.1 15.9 1.05
v -2 11.7 1.05
v -2 11.7 -1.05
v -3.05 11.7 -0
v -0.95 11.7 -0
v -2 18 -2.1
v -2 13.8 -2.1
v -0.95 15.9 -2.1
v -3.05 15.9 -2.1
v -0.95 15.9 2.1
v -3.05 15.9 2.1
v -2 18 2.1
v -2 13.8 2.1
v 0.1 18 -0
v 0.1 13.8 -0
v 0.1 15.9 1.05
v 0.1 15.9 -1.05
v 0.1 13.8 -1.05
v 0.1 13.8 1.05
v 0.1 18 1.05
v -3.05 13.8 2.1
v -3.05 18 2.1
v -0.95 18 2.1
v -3.05 13.8 -2.1
v -0.95 13.8 -2.1
v -0.95 18 -2.1
v -4.1 18 1.05
v -0.95 11.7 -1.05
v -4.1 13.8 -1.05
v -4.1 13.8 1.05
v -3.05 11.7 1.05
v -3.05 11.7 -1.05
v -0.95 11.7 1.05
v -4.1 18 -1.05
v -3.05 18 -2.1
v -0.95 13.8 2.1
v 0.1 18 -1.05
v 0.1 19.05 2.1
v 0.1 14.85 2.1
v 0.1 19.05 -2.1
v -4.1 19.05 -2.1
v -4.1 19.05 2.1
v 0.1 14.85 -2.1
v -4.1 14.85 -2.1
v -4.1 14.85 2.1
v -4.1 19.05 -0
v -4.1 14.85 -0
v -2 19.05 -2.1
v -2 14.85 -2.1
v -2 19.05 2.1
v -2 14.85 2.1
v 0.1 19.05 -0
v 0.1 14.85 -0
v 0.1 16.95 2.1
v 0.1 12.75 2.1
v 0.1 16.95 -2.1
v -4.1 16.95 -2.1
v -4.1 16.95 2.1
v 0.1 12.75 -2.1
v -4.1 12.75 -2.1
v -4.1 12.75 2.1
v -4.1 16.95 -0
v -4.1 12.75 -0
v -2 16.95 -2.1
v -2 12.75 -2.1
v -2 16.95 2.1
v -2 12.75 2.1
v 0.1 16.95 -0
v 0.1 12.75 -0
v 0.1 14.85 -1.05
v 0.1 12.75 -1.05
v 0.1 14.85 1.05
v 0.1 12.75 1.05
v 0.1 19.05 1.05
v 0.1 16.95 1.05
v -3.05 14.85 2.1
v -3.05 12.75 2.1
v -3.05 19.05 2.1
v -3.05 16.95 2.1
v -0.95 19.05 2.1
v -0.95 16.95 2.1
v -3.05 14.85 -2.1
v -3.05 12.75 -2.1
v -0.95 14.85 -2.1
v -0.95 12.75 -2.1
v -0.95 19.05 -2.1
v -0.95 16.95 -2.1
v -4.1 19.05 1.05
v -4.1 16.95 1.05
v -4.1 14.85 -1.05
v -4.1 12.75 -1.05
v -4.1 14.85 1.05
v -4.1 12.75 1.05
v -4.1 19.05 -1.05
v -4.1 16.95 -1.05
v -3.05 19.05 -2.1
v -3.05 16.95 -2.1
v -0.95 14.85 2.1
v -0.95 12.75 2.1
v 0.1 19.05 -1.05
v 0.1 16.95 -1.05
vt 0.225 0.4667
vt 0.175 0.4222
vt 0.175 0.4667
vt 0.925 0.7333
vt 0.975 0.7778
vt 0.975 0.7333
vt 0.425 0.4667
vt 0.475 0.4222
vt 0.425 0.4222
vt 0.625 0.4667
vt 0.575 0.4222
vt 0.575 0.4667
vt 0.075 0.7778
vt 0.025 0.8222
vt 0.075 0.8222
vt 0.175 0.8667
vt 0.125 0.9111
vt 0.175 0.9111
vt 0.075 0.8667
vt 0.025 0.9111
vt 0.075 0.9111
vt 0.725 0.6444
vt 0.675 0.6
vt 0.675 0.6444
vt 0.625 0.6444
vt 0.575 0.6
vt 0.575 0.6444
vt 0.175 0.7778
vt 0.125 0.8222
vt 0.175 0.8222
vt 0.725 0.4667
vt 0.675 0.4222
vt 0.675 0.4667
vt 0.325 0.4667
vt 0.375 0.4222
vt 0.325 0.4222
vt 0.325 0.6444
vt 0.375 0.6
vt 0.325 0.6
vt 0.425 0.6444
vt 0.475 0.6
vt 0.425 0.6
vt 0.925 0.6
vt 0.975 0.5556
vt 0.925 0.5556
vt 0.825 0.5556
vt 0.875 0.6
vt 0.875 0.5556
vt 0.825 0.7333
vt 0.875 0.7778
vt 0.875 0.7333
vt 0.125 0.4667
vt 0.075 0.4222
vt 0.075 0.4667
vt 0.125 0.6444
vt 0.075 0.6
vt 0.075 0.6444
vt 0.225 0.6444
vt 0.175 0.6
vt 0.175 0.6444
vt 0.125 0.6
vt 0.175 0.7333
vt 0.125 0.6889
vt 0.125 0.7333
vt 0.225 0.7333
vt 0.175 0.6889
vt 0.025 0.6
vt 0.025 0.6444
vt 0.075 0.7333
vt 0.025 0.6889
vt 0.025 0.7333
vt 0.075 0.6889
vt 0.025 0.4222
vt 0.025 0.4667
vt 0.075 0.5556
vt 0.025 0.5111
vt 0.025 0.5556
vt 0.125 0.5556
vt 0.075 0.5111
vt 0.825 0.6444
vt 0.875 0.6889
vt 0.875 0.6444
vt 0.775 0.6444
vt 0.825 0.6889
vt 0.775 0.7778
vt 0.775 0.7333
vt 0.825 0.4667
vt 0.875 0.5111
vt 0.875 0.4667
vt 0.775 0.5111
vt 0.775 0.4667
vt 0.775 0.5556
vt 0.825 0.6
vt 0.925 0.5111
vt 0.975 0.4667
vt 0.925 0.4667
vt 0.375 0.6444
vt 0.375 0.7333
vt 0.425 0.6889
vt 0.375 0.6889
vt 0.475 0.7333
vt 0.425 0.7333
vt 0.275 0.6
vt 0.275 0.6444
vt 0.275 0.7333
vt 0.325 0.6889
vt 0.275 0.6889
vt 0.325 0.7333
vt 0.275 0.4222
vt 0.275 0.4667
vt 0.325 0.5556
vt 0.275 0.5111
vt 0.275 0.5556
vt 0.375 0.5111
vt 0.325 0.5111
vt 0.625 0.4222
vt 0.675 0.5556
vt 0.625 0.5111
vt 0.625 0.5556
vt 0.725 0.5556
vt 0.675 0.5111
vt 0.125 0.8667
vt 0.225 0.8667
vt 0.225 0.7778
vt 0.225 0.8222
vt 0.525 0.6
vt 0.525 0.6444
vt 0.575 0.7333
vt 0.525 0.6889
vt 0.525 0.7333
vt 0.625 0.7333
vt 0.575 0.6889
vt 0.625 0.6
vt 0.675 0.7333
vt 0.625 0.6889
vt 0.725 0.7333
vt 0.675 0.6889
vt 0.025 0.9556
vt 0.075 0.9556
vt 0.125 0.9556
vt 0.175 0.9556
vt 0.225 0.9111
vt 0.225 0.9556
vt 0.025 0.8667
vt 0.125 0.7778
vt 0.525 0.4222
vt 0.525 0.4667
vt 0.575 0.5556
vt 0.525 0.5111
vt 0.525 0.5556
vt 0.575 0.5111
vt 0.375 0.4667
vt 0.375 0.5556
vt 0.425 0.5111
vt 0.425 0.5556
vt 0.475 0.5111
vt 0.925 0.6889
vt 0.975 0.6444
vt 0.925 0.6444
vt 0.925 0.7778
vt 0.125 0.4222
vt 0.175 0.5556
vt 0.125 0.5111
vt 0.225 0.5556
vt 0.175 0.5111
vt 0.225 0.6
vt 0.975 0.6
vt 0.475 0.5556
vt 0.725 0.7778
vt 0.675 0.7778
vt 0.625 0.7778
vt 0.575 0.7778
vt 0.525 0.7778
vt 0.725 0.6
vt 0.325 0.7778
vt 0.275 0.7778
vt 0.475 0.7778
vt 0.425 0.7778
vt 0.375 0.7778
vt 0.925 0.4222
vt 0.875 0.4222
vt 0.975 0.4222
vt 0.825 0.5111
vt 0.775 0.4222
vt 0.825 0.4222
vt 0.775 0.6889
vt 0.775 0.6
vt 0.025 0.7778
vt 0.225 0.6889
vt 0.975 0.5111
vt 0.475 0.6444
vt 0.725 0.5111
vt 0.725 0.6889
vt 0.975 0.6889
vt 0.225 0.5111
vt 0.225 0.4222
vt 0.475 0.4667
vt 0.725 0.4222
vt 0.825 0.7778
vt 0.475 0.6889
s 1
f 3579/3581 3514/3582 3639/3583
f 3638/3584 3489/3585 3594/3586
f 3635/3587 3493/3588 3523/3589
f 3585/3590 3533/3591 3633/3592
f 3535/3593 3515/3594 3572/3595
f 3542/3596 3543/3597 3571/3598
f 3541/3599 3520/3600 3570/3601
f 3584/3602 3540/3603 3631/3604
f 3586/3605 3539/3606 3629/3607
f 3528/3608 3544/3609 3567/3610
f 3581/3611 3526/3612 3627/3613
f 3625/3614 3502/3615 3531/3616
f 3623/3617 3510/3618 3547/3619
f 3621/3620 3503/3621 3548/3622
f 3549/3623 3593/3624 3620/3625
f 3618/3626 3511/3627 3605/3628
f 3616/3629 3497/3630 3606/3631
f 3591/3632 3518/3633 3613/3634
f 3592/3635 3555/3636 3611/3637
f 3582/3638 3556/3639 3609/3640
f 3609/3640 3512/3641 3592/3635
f 3610/3642 3554/3643 3608/3644
f 3598/3645 3557/3646 3610/3642
f 3611/3637 3498/3647 3578/3648
f 3612/3649 3517/3650 3594/3651
f 3608/3644 3558/3652 3612/3649
f 3613/3634 3494/3653 3577/3654
f 3614/3655 3516/3656 3593/3657
f 3607/3658 3559/3659 3614/3655
f 3615/3660 3552/3661 3590/3662
f 3584/3663 3560/3664 3615/3660
f 3488/3665 3616/3629 3600/3666
f 3617/3667 3551/3668 3589/3669
f 3529/3670 3617/3667 3581/3671
f 3597/3672 3550/3673 3618/3626
f 3562/3674 3577/3675 3619/3676
f 3551/3668 3619/3676 3589/3669
f 3605/3628 3549/3623 3620/3625
f 3588/3677 3548/3622 3510/3618
f 3604/3678 3563/3679 3546/3680
f 3599/3681 3563/3679 3622/3682
f 3623/3617 3501/3683 3582/3684
f 3598/3685 3564/3686 3530/3687
f 3624/3688 3546/3680 3564/3686
f 3625/3614 3492/3689 3579/3690
f 3626/3691 3521/3692 3595/3693
f 3626/3691 3545/3694 3565/3695
f 3627/3613 3504/3696 3585/3590
f 3628/3697 3537/3698 3601/3699
f 3597/3700 3566/3701 3628/3697
f 3567/3610 3509/3702 3542/3596
f 3505/3703 3567/3610 3542/3596
f 3491/3704 3567/3610 3527/3705
f 3629/3607 3503/3706 3583/3707
f 3630/3708 3532/3709 3599/3710
f 3602/3711 3568/3712 3630/3708
f 3631/3604 3508/3713 3586/3605
f 3632/3714 3538/3715 3602/3711
f 3600/3716 3569/3717 3632/3714
f 3570/3601 3488/3718 3522/3719
f 3543/3597 3522/3719 3496/3720
f 3509/3702 3570/3601 3543/3597
f 3571/3598 3496/3720 3513/3721
f 3534/3722 3513/3721 3490/3723
f 3505/3703 3571/3598 3534/3722
f 3572/3595 3497/3724 3541/3599
f 3544/3609 3541/3599 3509/3702
f 3506/3725 3572/3595 3544/3609
f 3633/3592 3493/3726 3580/3727
f 3634/3728 3524/3729 3596/3730
f 3601/3699 3573/3731 3634/3728
f 3587/3732 3523/3589 3502/3615
f 3603/3733 3574/3734 3545/3694
f 3636/3735 3524/3736 3574/3734
f 3575/3737 3578/3738 3637/3739
f 3590/3662 3575/3737 3637/3739
f 3606/3631 3515/3740 3638/3584
f 3639/3583 3499/3741 3591/3632
f 3640/3742 3553/3743 3607/3658
f 3595/3744 3576/3745 3640/3742
f 3501/3746 3640/3742 3556/3639
f 3556/3639 3607/3658 3512/3641
f 3576/3745 3591/3632 3553/3743
f 3552/3661 3638/3584 3575/3737
f 3511/3627 3637/3739 3549/3623
f 3637/3739 3498/3747 3549/3623
f 3548/3622 3596/3748 3636/3735
f 3510/3618 3636/3735 3603/3733
f 3545/3694 3635/3587 3587/3732
f 3508/3713 3634/3728 3539/3606
f 3539/3606 3596/3730 3503/3706
f 3573/3731 3580/3727 3524/3729
f 3488/3749 3632/3714 3522/3750
f 3522/3750 3602/3711 3496/3751
f 3569/3717 3586/3605 3538/3715
f 3496/3751 3630/3708 3513/3752
f 3513/3752 3599/3710 3490/3753
f 3568/3712 3583/3707 3532/3709
f 3507/3754 3628/3697 3540/3603
f 3540/3603 3601/3699 3508/3713
f 3566/3701 3585/3590 3537/3698
f 3547/3619 3603/3733 3626/3691
f 3547/3619 3595/3693 3501/3683
f 3565/3695 3579/3690 3521/3692
f 3527/3755 3604/3678 3624/3688
f 3491/3756 3624/3688 3598/3685
f 3564/3686 3582/3684 3530/3687
f 3490/3757 3622/3682 3534/3758
f 3505/3759 3622/3682 3604/3678
f 3546/3680 3621/3620 3588/3677
f 3605/3628 3562/3674 3551/3668
f 3589/3669 3525/3760 3500/3761
f 3619/3676 3494/3762 3525/3760
f 3529/3670 3618/3626 3561/3763
f 3495/3764 3617/3667 3519/3765
f 3519/3765 3589/3669 3500/3761
f 3600/3666 3560/3664 3536/3766
f 3507/3767 3615/3660 3550/3673
f 3550/3673 3590/3662 3511/3627
f 3512/3641 3614/3655 3555/3636
f 3555/3636 3593/3657 3498/3647
f 3559/3659 3577/3654 3516/3656
f 3506/3725 3612/3649 3535/3593
f 3535/3593 3594/3651 3489/3768
f 3558/3652 3578/3648 3517/3650
f 3491/3704 3610/3642 3528/3608
f 3528/3608 3608/3644 3506/3725
f 3557/3646 3592/3635 3554/3643
f 3530/3769 3609/3640 3557/3646
f 3554/3643 3611/3637 3558/3652
f 3553/3743 3613/3634 3559/3659
f 3560/3664 3606/3631 3552/3661
f 3561/3763 3605/3628 3551/3668
f 3562/3674 3593/3624 3516/3770
f 3563/3679 3583/3771 3621/3620
f 3564/3686 3588/3677 3623/3617
f 3545/3694 3625/3614 3565/3695
f 3529/3772 3627/3613 3566/3701
f 3538/3715 3629/3607 3568/3712
f 3536/3773 3631/3604 3569/3717
f 3537/3698 3633/3592 3573/3731
f 3524/3736 3635/3587 3574/3734
f 3575/3737 3594/3586 3517/3774
f 3521/3775 3639/3583 3576/3745
f 3579/3581 3492/3776 3514/3582
f 3638/3584 3515/3740 3489/3585
f 3635/3587 3580/3777 3493/3588
f 3585/3590 3504/3696 3533/3591
f 3535/3593 3489/3768 3515/3594
f 3542/3596 3509/3702 3543/3597
f 3541/3599 3497/3724 3520/3600
f 3584/3602 3507/3754 3540/3603
f 3586/3605 3508/3713 3539/3606
f 3528/3608 3506/3725 3544/3609
f 3581/3611 3495/3778 3526/3612
f 3625/3614 3587/3732 3502/3615
f 3623/3617 3588/3677 3510/3618
f 3621/3620 3583/3771 3503/3621
f 3549/3623 3498/3747 3593/3624
f 3618/3626 3550/3673 3511/3627
f 3616/3629 3520/3779 3497/3630
f 3591/3632 3499/3741 3518/3633
f 3592/3635 3512/3641 3555/3636
f 3582/3638 3501/3746 3556/3639
f 3609/3640 3556/3639 3512/3641
f 3610/3642 3557/3646 3554/3643
f 3598/3645 3530/3769 3557/3646
f 3611/3637 3555/3636 3498/3647
f 3612/3649 3558/3652 3517/3650
f 3608/3644 3554/3643 3558/3652
f 3613/3634 3518/3633 3494/3653
f 3614/3655 3559/3659 3516/3656
f 3607/3658 3553/3743 3559/3659
f 3615/3660 3560/3664 3552/3661
f 3584/3663 3536/3766 3560/3664
f 3488/3665 3520/3779 3616/3629
f 3617/3667 3561/3763 3551/3668
f 3529/3670 3561/3763 3617/3667
f 3597/3672 3507/3767 3550/3673
f 3562/3674 3516/3770 3577/3675
f 3551/3668 3562/3674 3619/3676
f 3605/3628 3511/3627 3549/3623
f 3588/3677 3621/3620 3548/3622
f 3604/3678 3622/3682 3563/3679
f 3599/3681 3532/3780 3563/3679
f 3623/3617 3547/3619 3501/3683
f 3598/3685 3624/3688 3564/3686
f 3624/3688 3604/3678 3546/3680
f 3625/3614 3531/3616 3492/3689
f 3626/3691 3565/3695 3521/3692
f 3626/3691 3603/3733 3545/3694
f 3627/3613 3526/3612 3504/3696
f 3628/3697 3566/3701 3537/3698
f 3597/3700 3529/3772 3566/3701
f 3567/3610 3544/3609 3509/3702
f 3505/3703 3527/3705 3567/3610
f 3491/3704 3528/3608 3567/3610
f 3629/3607 3539/3606 3503/3706
f 3630/3708 3568/3712 3532/3709
f 3602/3711 3538/3715 3568/3712
f 3631/3604 3540/3603 3508/3713
f 3632/3714 3569/3717 3538/3715
f 3600/3716 3536/3773 3569/3717
f 3570/3601 3520/3600 3488/3718
f 3543/3597 3570/3601 3522/3719
f 3509/3702 3541/3599 3570/3601
f 3571/3598 3543/3597 3496/3720
f 3534/3722 3571/3598 3513/3721
f 3505/3703 3542/3596 3571/3598
f 3572/3595 3515/3594 3497/3724
f 3544/3609 3572/3595 3541/3599
f 3506/3725 3535/3593 3572/3595
f 3633/3592 3533/3591 3493/3726
f 3634/3728 3573/3731 3524/3729
f 3601/3699 3537/3698 3573/3731
f 3587/3732 3635/3587 3523/3589
f 3603/3733 3636/3735 3574/3734
f 3636/3735 3596/3748 3524/3736
f 3575/3737 3517/3774 3578/3738
f 3590/3662 3552/3661 3575/3737
f 3606/3631 3497/3630 3515/3740
f 3639/3583 3514/3582 3499/3741
f 3640/3742 3576/3745 3553/3743
f 3595/3744 3521/3775 3576/3745
f 3501/3746 3595/3744 3640/3742
f 3556/3639 3640/3742 3607/3658
f 3576/3745 3639/3583 3591/3632
f 3552/3661 3606/3631 3638/3584
f 3511/3627 3590/3662 3637/3739
f 3637/3739 3578/3738 3498/3747
f 3548/3622 3503/3621 3596/3748
f 3510/3618 3548/3622 3636/3735
f 3545/3694 3574/3734 3635/3587
f 3508/3713 3601/3699 3634/3728
f 3539/3606 3634/3728 3596/3730
f 3573/3731 3633/3592 3580/3727
f 3488/3749 3600/3716 3632/3714
f 3522/3750 3632/3714 3602/3711
f 3569/3717 3631/3604 3586/3605
f 3496/3751 3602/3711 3630/3708
f 3513/3752 3630/3708 3599/3710
f 3568/3712 3629/3607 3583/3707
f 3507/3754 3597/3700 3628/3697
f 3540/3603 3628/3697 3601/3699
f 3566/3701 3627/3613 3585/3590
f 3547/3619 3510/3618 3603/3733
f 3547/3619 3626/3691 3595/3693
f 3565/3695 3625/3614 3579/3690
f 3527/3755 3505/3759 3604/3678
f 3491/3756 3527/3755 3624/3688
f 3564/3686 3623/3617 3582/3684
f 3490/3757 3599/3681 3622/3682
f 3505/3759 3534/3758 3622/3682
f 3546/3680 3563/3679 3621/3620
f 3605/3628 3620/3625 3562/3674
f 3589/3669 3619/3676 3525/3760
f 3619/3676 3577/3675 3494/3762
f 3529/3670 3597/3672 3618/3626
f 3495/3764 3581/3671 3617/3667
f 3519/3765 3617/3667 3589/3669
f 3600/3666 3616/3629 3560/3664
f 3507/3767 3584/3663 3615/3660
f 3550/3673 3615/3660 3590/3662
f 3512/3641 3607/3658 3614/3655
f 3555/3636 3614/3655 3593/3657
f 3559/3659 3613/3634 3577/3654
f 3506/3725 3608/3644 3612/3649
f 3535/3593 3612/3649 3594/3651
f 3558/3652 3611/3637 3578/3648
f 3491/3704 3598/3645 3610/3642
f 3528/3608 3610/3642 3608/3644
f 3557/3646 3609/3640 3592/3635
f 3530/3769 3582/3638 3609/3640
f 3554/3643 3592/3635 3611/3637
f 3553/3743 3591/3632 3613/3634
f 3560/3664 3616/3629 3606/3631
f 3561/3763 3618/3626 3605/3628
f 3562/3674 3620/3625 3593/3624
f 3563/3679 3532/3780 3583/3771
f 3564/3686 3546/3680 3588/3677
f 3545/3694 3587/3732 3625/3614
f 3529/3772 3581/3611 3627/3613
f 3538/3715 3586/3605 3629/3607
f 3536/3773 3584/3602 3631/3604
f 3537/3698 3585/3590 3633/3592
f 3524/3736 3580/3777 3635/3587
f 3575/3737 3638/3584 3594/3586
f 3521/3775 3579/3581 3639/3583
