o Chest
v 4.2 -0.3 2.1
v 4.2 -0.3 -2.1
v -4.2 -0.3 -2.1
v -1.575 -0.3 -2.1
v -1.575 -0.3 2.1
v -3.675 -0.3 2.1
v -3.675 -0.3 -2.1
v -4.2 -0.3 2.1
v 4.2 7.995 -2.1
v -4.2 7.995 -2.1
v 4.2 10.095 -2.1
v -4.2 10.095 -2.1
v 4.2 10.095 -2.625
v 4.2 7.995 -2.625
v -4.2 7.995 -2.625
v -4.2 10.095 -2.625
v 4.2 7.995 2.1
v -4.2 7.995 2.1
v 4.2 10.095 2.1
v -4.2 10.095 2.1
v 4.2 7.995 2.625
v -4.2 7.995 2.625
v 4.2 10.095 2.625
v -4.2 10.095 2.625
v -4.725 7.995 -2.1
v -4.725 10.095 -2.1
v -4.725 7.995 2.1
v -4.725 10.095 2.1
v 4.725 7.995 -2.1
v 4.725 10.095 -2.1
v 4.725 7.995 2.1
v 4.725 10.095 2.1
v -4.2 9.15 2.1
v -4.2 9.15 -2.1
v 4.2 9.15 2.1
v 4.2 9.15 -2.1
v -4.2 22.8 5.25
v 4.2 22.8 5.25
v 5.25 17.55 2.1
v 5.25 17.55 -2.1
v -5.25 17.55 2.1
v -5.25 17.55 -2.1
v -0 9.15 -2.1
v -4.2 15.45 -3.15
v -2.1 15.45 -3.15
v 4.2 15.45 -3.15
v 2.1 15.45 -3.15
v 4.2 12.3 2.1
v 4.2 12.3 -2.1
v -4.2 12.3 -2.1
v -4.2 12.3 2.1
v 3.675 -0.3 -2.1
v 3.675 -0.3 2.1
v 1.575 -0.3 2.1
v 1.575 -0.3 -2.1
v -1.575 1.8 -2.1
v -1.575 1.8 2.1
v -3.675 1.8 2.1
v -3.675 1.8 -2.1
v 3.675 1.8 -2.1
v 3.675 1.8 2.1
v 1.575 1.8 2.1
v 1.575 1.8 -2.1
v -4.2 1.8 2.1
v -4.2 1.8 -2.1
v 4.2 1.8 -2.1
v 4.2 1.8 2.1
v -1.575 -0.3 -3.15
v -3.675 -0.3 -3.15
v 3.675 -0.3 -3.15
v 1.575 -0.3 -3.15
v -1.575 1.8 -3.15
v -3.675 1.8 -3.15
v 3.675 1.8 -3.15
v 1.575 1.8 -3.15
v -4.2 1.8 -3.15
v 4.2 1.8 -3.15
v -5.25 1.8 2.1
v -5.25 1.8 -2.1
v 5.25 1.8 -2.1
v 5.25 1.8 2.1
v -1.575 -0.3 3.15
v -3.675 -0.3 3.15
v 3.675 -0.3 3.15
v 1.575 -0.3 3.15
v -1.575 1.8 3.15
v -3.675 1.8 3.15
v 3.675 1.8 3.15
v 1.575 1.8 3.15
v -4.2 1.8 3.15
v 4.2 1.8 3.15
v -4.2 6 -3.15
v 4.2 6 -3.15
v -5.25 7.05 2.1
v -5.25 7.05 -2.1
v 5.25 7.05 -2.1
v 5.25 7.05 2.1
v -4.2 6 3.15
v 4.2 6 3.15
v -4.2 7.05 2.1
v -4.2 7.05 -2.1
v 4.2 7.05 -2.1
v 4.2 7.05 2.1
v -1.575 -1.35 -2.1
v -1.575 -1.35 2.1
v -3.675 -1.35 2.1
v -3.675 -1.35 -2.1
v 3.675 -1.35 -2.1
v 3.675 -1.35 2.1
v 1.575 -1.35 2.1
v 1.575 -1.35 -2.1
v 3.15 11.25 3.15
v -3.15 11.25 3.15
v 3.15 0.75 3.15
v -3.15 0.75 3.15
v 3.15 0.75 5.25
v -3.15 0.75 5.25
v 3.15 2.85 7.35
v 3.15 11.25 7.35
v -3.15 11.25 7.35
v -3.15 2.85 7.35
v 4.2 4.95 6.3
v 4.2 10.2 6.3
v 2.625 12.825 4.2
v -2.625 12.825 4.2
v 2.625 14.3099 4.8151
v -2.625 14.3099 4.8151
v 2.625 14.925 6.3
v -2.625 14.925 6.3
v 2.625 14.3099 7.7849
v -2.625 14.3099 7.7849
v 2.625 12.825 8.4
v -2.625 12.825 8.4
v 2.625 11.3401 7.7849
v -2.625 11.3401 7.7849
v 2.625 10.725 6.3
v -2.625 10.725 6.3
v 2.625 11.3401 4.8151
v -2.625 11.3401 4.8151
v 4.2 10.2 4.2
v 4.2 4.95 4.2
v 3.15 11.25 6.3
v 3.15 4.95 6.3
v 3.15 11.25 4.2
v 3.15 4.95 4.2
v 3.9375 4.95 5.5125
v 3.4125 4.95 5.5125
v 3.9375 4.95 4.9875
v 3.4125 4.95 4.9875
v 3.4125 3.9 4.9875
v 3.9375 3.9 4.9875
v 3.4125 3.9 5.5125
v 3.9375 3.9 5.5125
v 4.2 3.9 6.3
v 4.2 3.9 4.2
v 3.15 3.9 6.3
v 3.15 3.9 4.2
v 4.2 1.8 4.2
v 3.675 1.8 4.2
v 3.675 1.8 6.3
v 4.2 1.8 6.3
v 3.675 3.9 6.825
v 4.2 3.9 6.825
v 3.675 2.85 6.825
v 4.2 2.85 6.825
v 4.2 3.9 3.675
v 3.675 3.9 3.675
v 4.2 2.85 3.675
v 3.675 2.85 3.675
v -4.2 4.95 6.3
v -4.2 10.2 6.3
v -4.2 10.2 4.2
v -4.2 4.95 4.2
v -3.15 4.95 4.2
v -3.15 11.25 4.2
v -3.15 4.95 6.3
v -3.15 11.25 6.3
v -3.4125 4.95 5.5125
v -3.9375 4.95 5.5125
v -3.4125 4.95 4.9875
v -3.9375 4.95 4.9875
v -3.4125 1.8 4.9875
v -3.4125 1.8 5.5125
v -3.9375 1.8 5.5125
v -3.9375 1.8 4.9875
v -3.15 2.325 4.725
v -3.15 2.325 5.775
v -4.2 2.325 5.775
v -4.2 2.325 4.725
v -3.15 3.9 4.725
v -3.15 3.9 5.775
v -4.2 3.9 5.775
v -4.2 3.9 4.725
v -3.4125 2.5875 5.775
v -3.9375 2.5875 5.775
v -3.4125 3.6375 5.775
v -3.9375 3.6375 5.775
v -3.4125 3.1125 6.825
v -3.9375 3.1125 6.825
v -3.4125 3.6375 6.825
v -3.9375 3.6375 6.825
v -3.4125 3.6375 7.875
v -3.9375 3.6375 7.875
v -3.4125 4.1625 7.875
v -3.9375 4.1625 7.875
v -3.4125 2.5875 4.725
v -3.9375 2.5875 4.725
v -3.4125 3.6375 4.725
v -3.9375 3.6375 4.725
v -3.4125 3.1125 3.675
v -3.9375 3.1125 3.675
v -3.4125 3.6375 3.675
v -3.9375 3.6375 3.675
v -3.4125 3.6375 2.625
v -3.9375 3.6375 2.625
v -3.4125 4.1625 2.625
v -3.9375 4.1625 2.625
v 4.2 0.75 6.3
v -4.2 0.75 6.3
v 4.2 2.2349 6.9151
v -4.2 2.2349 6.9151
v 4.2 2.85 8.4
v -4.2 2.85 8.4
v 4.2 2.2349 9.8849
v -4.2 2.2349 9.8849
v 4.2 0.75 10.5
v -4.2 0.75 10.5
v 4.2 -0.7349 9.8849
v -4.2 -0.7349 9.8849
v 4.2 -1.35 8.4
v -4.2 -1.35 8.4
v 4.2 -0.7349 6.9151
v -4.2 -0.7349 6.9151
v 2.1 10.2 7.35
v -2.1 10.2 7.35
v 2.1 6 7.35
v -2.1 6 7.35
v 2.1 6 9.45
v 2.1 10.2 9.45
v -2.1 10.2 9.45
v -2.1 6 9.45
v -1.3125 6 8.6625
v -1.8375 6 8.6625
v -1.3125 6 8.1375
v -1.8375 6 8.1375
v -0.2625 6 8.6625
v -0.7875 6 8.6625
v -0.2625 6 8.1375
v -0.7875 6 8.1375
v -1.3125 4.95 8.1375
v -1.3125 4.95 8.6625
v -1.8375 4.95 8.6625
v -1.8375 4.95 8.1375
v -0.2625 4.95 8.1375
v -0.2625 4.95 8.6625
v -0.7875 4.95 8.6625
v -0.7875 4.95 8.1375
v -1.3125 1.8 11.2875
v -1.3125 1.8 11.8125
v -1.8375 1.8 11.8125
v -1.8375 1.8 11.2875
v -0.2625 1.8 11.2875
v -0.2625 1.8 11.8125
v -0.7875 1.8 11.8125
v -0.7875 1.8 11.2875
v -1.3125 -4.5 11.2875
v -1.3125 -4.5 11.8125
v -1.8375 -4.5 11.8125
v -1.8375 -4.5 11.2875
v -0.2625 -0.3 11.2875
v -0.2625 -0.3 11.8125
v -0.7875 -0.3 11.8125
v -0.7875 -0.3 11.2875
v 2.9578 11.8995 6.1635
v 3.4125 11.8742 5.9022
v 3.4125 11.8995 6.1635
v 3.4125 8.7641 6.4666
v 3.1852 11.9121 6.2941
v 3.1852 8.7767 6.5973
v 3.1852 11.9374 6.5554
v 3.1852 8.802 6.8585
v 3.4125 11.95 6.6861
v 3.4125 8.8146 6.9892
v 3.6398 11.9374 6.5554
v 3.6398 8.802 6.8585
v 3.6398 11.9121 6.2941
v 3.6398 8.7767 6.5973
v 2.9578 11.95 6.6861
v 3.4125 11.9753 6.9473
v 3.8672 11.95 6.6861
v 3.8672 11.8995 6.1635
v 4.0945 12.932 5.9318
v 3.4125 12.8941 5.5399
v 4.0945 13.0078 6.7157
v 3.4125 13.0456 7.1076
v 2.7305 13.0078 6.7157
v 2.7305 12.932 5.9318
v 4.0945 13.9771 5.8308
v 3.4125 13.9392 5.4388
v 4.0945 14.0529 6.6146
v 3.4125 14.0908 7.0065
v 2.7305 14.0529 6.6146
v 2.7305 13.9771 5.8308
v 2.9578 12.448 7.447
v 3.4125 12.4912 7.1881
v 3.4125 12.448 7.447
v 3.4125 9.3409 6.9284
v 3.1852 12.4264 7.5764
v 3.1852 9.3193 7.0579
v 3.1852 12.3831 7.8354
v 3.1852 9.2761 7.3168
v 3.4125 12.3615 7.9648
v 3.4125 9.2545 7.4462
v 3.6398 12.3831 7.8354
v 3.6398 9.2761 7.3168
v 3.6398 12.4264 7.5764
v 3.6398 9.3193 7.0579
v 2.9578 12.3615 7.9648
v 3.4125 12.3183 8.2237
v 3.8672 12.3615 7.9648
v 3.8672 12.448 7.447
v 4.0945 13.5052 7.4904
v 3.4125 13.5701 7.102
v 4.0945 13.3756 8.2671
v 3.4125 13.3108 8.6555
v 2.7305 13.3756 8.2671
v 2.7305 13.5052 7.4904
v 4.0945 14.5409 7.6632
v 3.4125 14.6057 7.2749
v 4.0945 14.4113 8.44
v 3.4125 14.3465 8.8284
v 2.7305 14.4113 8.44
v 2.7305 14.5409 7.6632
v -1.575 0.75 -2.1
v -0 1.8 -2.1
v 1.575 0.75 -2.1
v -0 7.995 2.1
v 4.2 9.045 -2.625
v -0 10.095 -2.625
v -0 10.095 -2.1
v -0 7.995 -2.1
v 4.2 9.15 -0
v 4.725 13.35 2.1
v -0 9.15 2.1
v -4.2 15.975 3.675
v -0 10.095 2.1
v -0 10.095 2.625
v 4.2 9.045 2.625
v -4.2 7.995 -0
v -4.2 10.095 -0
v 4.2 7.995 -0
v 4.2 10.095 -0
v 4.725 9.045 2.1
v 4.725 10.095 -0
v -4.725 9.045 -2.1
v -4.725 10.095 -0
v -4.2 9.045 -2.625
v -4.2 9.045 2.625
v 4.725 9.045 -2.1
v -4.2 9.15 -0
v -4.725 13.35 -2.1
v 4.2 15.975 3.675
v 4.725 20.175 3.675
v -4.725 13.35 2.1
v -4.725 20.175 3.675
v -2.1 9.15 -2.1
v -1.05 12.3 -2.625
v 4.2 12.3 -2.625
v 3.15 15.45 -3.15
v -4.2 12.3 -2.625
v -4.725 16.5 -2.625
v 4.725 13.35 -2.1
v 4.725 16.5 -2.625
v -0 -0.3 2.1
v -4.2 6 2.1
v 4.2 -0.3 0
v 4.2 6 2.1
v -0 -0.3 -2.1
v 4.2 6 -2.1
v -4.2 -0.3 0
v -4.2 6 -2.1
v 3.675 0.75 -2.1
v -3.675 0.75 -2.1
v -2.625 1.8 -3.15
v -3.675 0.75 -3.15
v 2.625 1.8 -3.15
v 1.575 0.75 -3.15
v -4.2 1.8 -0
v 4.2 1.8 -0
v -3.675 0.75 2.1
v 1.575 0.75 2.1
v -1.575 0.75 2.1
v -0 1.8 2.1
v 3.675 0.75 2.1
v -5.25 4.425 2.1
v -4.725 6.525 2.625
v -4.2 3.9 -3.15
v 4.2 3.9 3.15
v -5.25 1.8 -0
v -5.25 4.425 -2.1
v 5.25 4.425 -2.1
v 4.725 6.525 -2.625
v 5.25 1.8 -0
v 5.25 4.425 2.1
v -2.8875 3.9 -3.15
v -3.9375 3.9 -3.15
v 3.675 0.75 3.15
v 2.625 -0.3 3.15
v -3.675 0.75 3.15
v -2.625 1.8 3.15
v -3.9375 3.9 3.15
v -4.2 3.9 3.15
v 5.25 7.05 -0
v -5.25 7.05 -0
v -4.725 6.525 -2.625
v -0 6 -3.15
v 4.725 6.525 2.625
v -0 7.05 2.1
v -3.675 -0.3 0
v 3.675 -0.3 0
v -1.575 -0.3 0
v 1.575 -0.3 0
v -1.575 -1.35 0
v -2.625 -1.35 -2.1
v 2.625 -1.35 -2.1
v 1.575 -1.35 0
v -2.625 -0.3 -3.15
v 2.625 -0.3 -3.15
v 2.625 -1.35 2.1
v -2.625 -0.3 3.15
v -0 11.25 3.15
v -3.15 6 3.15
v -0 0.75 3.15
v -3.15 0.75 4.2
v -3.15 1.8 5.25
v -3.15 11.25 5.25
v 3.15 7.05 7.35
v -0 2.85 7.35
v -3.15 1.8 6.3
v 3.15 1.8 5.25
v 3.15 1.8 6.3
v 3.15 0.75 4.2
v 4.2 3.9 5.25
v 4.2 2.85 4.2
v 2.625 13.5675 4.5075
v -0 14.3099 4.8151
v 3.4125 2.85 4.2
v 3.15 4.95 5.25
v 2.625 14.6175 5.5575
v 4.2 10.2 5.25
v -0 14.925 6.3
v 2.625 14.6175 7.0425
v 3.15 8.1 6.3
v 3.675 7.575 6.3
v 2.625 13.5675 8.0925
v -0 12.825 8.4
v 3.675 1.8 5.25
v 2.625 12.0825 8.0925
v -0 11.3401 7.7849
v 3.675 7.575 4.2
v 3.15 8.1 4.2
v 2.625 11.0325 7.0425
v -2.625 13.875 7.35
v -2.625 13.5675 8.0925
v -2.625 14.6175 7.0425
v 4.2 7.575 6.3
v -0 10.725 6.3
v 2.625 11.0325 5.5575
v 3.15 3.9 5.25
v 3.4125 2.85 6.3
v -0 11.3401 4.8151
v 2.625 12.0825 4.5075
v 2.625 12.825 7.7849
v 2.625 11.3401 6.3
v 4.2 2.85 6.3
v -4.2 10.2 5.25
v -4.2 7.575 6.3
v -3.675 7.575 6.3
v -3.15 8.1 6.3
v -4.2 7.575 4.2
v -3.675 7.575 4.2
v -4.2 4.95 5.25
v -3.9375 3.375 4.9875
v -3.4125 3.375 5.5125
v -3.9375 3.375 5.5125
v -3.4125 3.375 4.9875
v -4.2 3.1125 5.775
v -3.15 3.1125 4.725
v -4.2 3.1125 4.725
v 4.2 1.4925 6.6075
v -0 2.2349 6.9151
v 4.2 2.5425 7.6575
v -0 2.85 8.4
v 4.2 2.5425 9.1425
v -0 2.2349 9.8849
v 4.2 1.4925 10.1925
v -0 0.75 10.5
v 4.2 0.0075 10.1925
v -0 -0.7349 9.8849
v 4.2 -1.0425 9.1425
v -4.2 0.4425 9.1425
v -4.2 2.5425 9.1425
v -4.2 0.75 8.4
v -0 -1.35 8.4
v 4.2 -1.0425 7.6575
v 4.2 0.0075 6.6075
v -0 0.75 6.3
v 4.2 0.75 6.9151
v 4.2 2.2349 8.4
v -0 10.2 9.45
v 2.1 8.1 9.45
v -0 6 7.35
v -2.1 6 8.4
v -0 10.2 7.35
v 2.1 10.2 8.4
v -2.1 8.1 7.35
v -2.1 10.2 8.4
v 2.1 8.1 7.35
v 2.1 6 8.4
v -0.7875 3.375 9.7125
v -1.3125 3.375 9.975
v -1.3125 3.375 9.7125
v -0.2625 0.75 11.2875
v -0.7875 0.75 11.8125
v -0.2625 3.375 10.2375
v -1.8375 3.375 9.7125
v -1.3125 3.375 10.2375
v -0.7875 3.375 10.2375
v -0.7875 3.375 9.975
v -0.2625 3.375 9.975
v -0.2625 3.375 9.7125
v -1.8375 3.375 10.2375
v -1.8375 3.375 9.975
v -1.8375 -1.35 11.8125
v -1.3125 -1.35 11.2875
v -0.7875 0.75 11.2875
v -0.2625 0.75 11.8125
v -1.8375 -1.35 11.2875
v -1.3125 -1.35 11.8125
v 3.1852 10.3444 6.4457
v 3.4125 10.3823 6.8376
v 3.6398 10.3697 6.707
v 3.6398 10.3444 6.4457
v 3.4125 10.8944 7.1877
v 3.1852 10.8296 7.5761
v 3.6398 10.8296 7.5761
v 3.6398 10.8728 7.3172
v -1.575 0.75 -3.15
v -0 1.8 -3.15
v -0 7.995 2.625
v -0 7.995 -2.625
v 5.25 17.55 -0
v -0 22.8 5.25
v -4.725 7.995 -0
v 4.725 7.995 -0
v -4.725 9.045 2.1
v -5.25 17.55 -0
v -3.15 15.45 -3.15
v 2.1 9.15 -2.1
v 1.05 12.3 -2.625
v -0 12.3 2.1
v 4.2 12.3 -0
v -0 12.3 -2.1
v -4.2 12.3 -0
v 3.675 0.75 -3.15
v 1.575 0.75 3.15
v -1.575 0.75 3.15
v -0 1.8 3.15
v 4.2 3.9 -3.15
v 2.8875 3.9 -3.15
v 3.9375 3.9 -3.15
v 2.625 1.8 3.15
v -2.8875 3.9 3.15
v 2.8875 3.9 3.15
v 3.9375 3.9 3.15
v -0 6 3.15
v 4.2 7.05 -0
v -4.2 7.05 -0
v -0 7.05 -2.1
v -3.675 -1.35 0
v 3.675 -1.35 0
v -2.625 -1.35 2.1
v 3.15 6 3.15
v -0 0.75 5.25
v -3.15 7.05 7.35
v -0 11.25 7.35
v 3.15 11.25 5.25
v 4.2 1.8 5.25
v -0 12.825 4.2
v -2.625 13.5675 4.5075
v 4.2 4.95 5.25
v -2.625 14.6175 5.5575
v 3.15 11.25 5.25
v -0 14.3099 7.7849
v -2.625 12.0825 8.0925
v 4.2 7.575 4.2
v -2.625 11.0325 7.0425
v -2.625 12.5175 5.5575
v -2.625 11.775 5.25
v -2.625 12.0825 4.5075
v -2.625 11.0325 5.5575
v -2.625 13.1325 7.0425
v 2.625 12.825 4.8151
v 2.625 14.3099 6.3
v -3.15 8.1 4.2
v -3.15 11.25 5.25
v -3.15 4.95 5.25
v -3.15 3.1125 5.775
v -4.2 1.4925 6.6075
v -4.2 2.5425 7.6575
v -4.2 1.4925 10.1925
v -4.2 0.0075 10.1925
v -4.2 -1.0425 9.1425
v -4.2 0.4425 7.6575
v -4.2 -0.3 7.35
v -4.2 0.0075 6.6075
v -4.2 -1.0425 7.6575
v -4.2 -0.3 9.45
v -0 -0.7349 6.9151
v 4.2 0.75 9.8849
v 4.2 0.4425 9.1425
v -2.1 8.1 9.45
v -0 6 9.45
v 3.4125 10.3318 6.3151
v 3.1852 10.3697 6.707
v 3.1852 10.8728 7.3172
v 3.4125 10.808 7.7055
v -3.15 6.525 5.25
v -0 3.9 -3.15
v -0 3.9 3.15
v -0 0.0075 10.1925
v -2.625 12.3 -2.625
v -0 14.6175 7.0425
v 2.625 12.825 6.3
v -0 6 8.4
v -0 -0.3 0
v -0 0.75 4.2
v -2.1 8.1 8.4
v 2.1 8.1 8.4
v -4.725 9.045 -0
v -0 13.5675 8.0925
v -0 13.5675 4.5075
v -0 -1.0425 9.1425
v -2.625 0.75 -3.15
v -0 2.5425 7.6575
v -0 8.1 9.45
v -0 6 3.15
v -0 -1.0425 7.6575
v 3.15 6.525 5.25
v -0 1.8 6.3
v 2.625 0.75 3.15
v -2.625 0.75 3.15
v -4.725 13.35 -0
v -0 9.045 2.625
v -5.25 4.425 -0
v -2.625 -1.35 0
v 2.625 -1.35 0
v -0 11.0325 7.0425
v -0 11.0325 5.5575
v -0 1.4925 10.1925
v -0 7.05 7.35
v -2.625 12.825 6.3
v -0 2.5425 9.1425
v -0 0.0075 6.6075
v -0 12.0825 8.0925
v 5.25 4.425 -0
v -4.2 6 -0
v 4.2 6 -0
v 4.725 9.045 -0
v 3.4125 2.85 5.25
v 4.2 2.85 5.25
v -0 14.6175 5.5575
v 2.625 0.75 -3.15
v -0 10.2 8.4
v -0 15.975 3.675
v -0 6 -2.1
v 4.2 0.5962 8.0288
v 2.625 12.3 -2.625
v -0 9.045 -2.625
v -4.2 7.575 5.25
v -0 12.0825 4.5075
v -0 1.4925 6.6075
v 4.2 7.575 5.25
v -0 6 2.1
v -0 11.25 5.25
v 4.725 13.35 -0
v 0.7875 1.8 -2.1
v -1.8375 4.1625 9.45
v -2.1 7.995 2.1
v -3.9375 4.1625 5.5125
v 4.2 6.2625 6.3
v -2.1 10.095 -2.625
v -2.1 10.095 -2.1
v 3.4125 11.1662 6.7618
v -2.1 7.995 -2.1
v 4.2 9.15 -1.05
v 3.6398 11.6496 7.4468
v 4.9875 15.45 2.1
v 2.1 9.15 2.1
v -4.2 19.3875 4.4625
v -2.1 10.095 2.1
v 1.3125 11.3401 4.8151
v -2.1 10.095 2.625
v -4.2 7.995 1.05
v -4.2 6.2625 6.3
v -4.2 10.095 1.05
v 2.1 2.85 8.4
v 4.2 7.995 1.05
v -0.7875 4.1625 9.45
v 4.2 10.095 1.05
v 3.4125 11.6712 7.3173
v 1.05 6 7.35
v 4.725 10.095 1.05
v -0.7875 1.8 -3.15
v -4.725 10.095 1.05
v 5.25 3.1125 2.1
v -5.25 3.1125 -2.1
v 5.25 1.8 -1.05
v -4.2 9.15 -1.05
v 1.3125 10.725 6.3
v -4.9875 15.45 -2.1
v 4.2 19.3875 4.4625
v 4.9875 18.8625 2.8875
v -4.9875 15.45 2.1
v -4.9875 18.8625 2.8875
v -1.05 9.15 -2.1
v 4.2 10.725 -2.3625
v -1.575 13.875 -2.8875
v 4.2 13.875 -2.8875
v -0.525 10.725 -2.3625
v -4.2 13.875 -2.8875
v 4.9875 15.45 -2.1
v -2.1 -0.3 2.1
v -4.2 9.15 2.1
v 4.2 -0.3 -1.05
v 4.2 9.15 2.1
v -2.1 -0.3 -2.1
v 4.2 9.15 -2.1
v -4.2 -0.3 1.05
v -3.15 6.525 6.3
v -4.2 9.15 -2.1
v -1.8375 0.225 11.8125
v 2.1 9.15 7.35
v 1.575 -1.35 1.05
v -4.2 1.8 -1.05
v -1.3125 4.1625 8.925
v 4.2 1.8 1.05
v -1.3125 0.225 11.2875
v 3.1852 11.1283 6.3699
v 1.05 10.2 9.45
v 2.1 -1.35 8.4
v 0.7875 1.8 2.1
v 3.1852 11.6064 7.7057
v -5.25 5.7375 2.1
v 4.725 10.095 -1.05
v -4.2 4.95 -3.15
v 4.2 10.095 -1.05
v 4.2 4.95 3.15
v -5.25 1.8 -1.05
v -5.25 5.7375 -2.1
v 5.25 5.7375 -2.1
v 5.25 1.8 1.05
v 5.25 5.7375 2.1
v -3.5438 4.95 -3.15
v -4.0688 4.95 -3.15
v 3.675 -0.3 -1.05
v -2.1 7.05 2.1
v -4.0688 4.95 3.15
v -4.2 4.95 3.15
v 5.25 7.05 1.05
v -5.25 7.05 -1.05
v 2.1 6 -3.15
v -3.15 11.25 4.2
v 3.15 4.95 7.35
v 2.1 7.05 2.1
v -3.9375 8.8875 6.3
v -3.675 -0.3 -1.05
v 3.675 -0.3 1.05
v -1.575 -0.3 1.05
v -4.2 8.8875 4.2
v 1.575 -0.3 -1.05
v -1.575 -1.35 1.05
v 2.1 2.2349 9.8849
v 3.6398 11.1535 6.6312
v 1.575 -1.35 -1.05
v -3.8063 2.85 3.15
v -3.15 1.275 4.2
v -4.2 2.85 3.15
v -0.7875 4.1625 8.925
v -1.575 11.25 3.15
v 3.15 9.675 4.2
v -3.15 3.375 3.15
v -1.575 0.75 3.15
v -3.15 2.325 6.3
v 4.2 12.5625 2.8875
v -3.15 11.25 6.3
v -0.2625 4.1625 8.925
v 3.15 9.15 7.35
v -1.575 2.85 7.35
v 3.15 2.325 6.3
v -1.3125 0.225 11.8125
v 1.3125 11.3401 7.7849
v -1.3125 14.3099 4.8151
v 2.1 7.05 9.45
v 1.05 10.2 7.35
v -1.3125 14.925 6.3
v 1.575 -0.3 1.05
v 3.15 6.525 6.3
v 3.4125 6.2625 6.3
v 3.9375 8.8875 6.3
v -1.3125 12.825 8.4
v 1.575 0.75 3.15
v -1.3125 11.3401 7.7849
v 2.1 -0.7349 9.8849
v 3.4125 6.2625 4.2
v 3.15 6.525 4.2
v 1.575 11.25 3.15
v 4.2 8.8875 6.3
v -4.2 1.3387 9.5137
v -1.3125 10.725 6.3
v -3.15 8.625 3.15
v -4.2 1.8 8.4
v 2.1 0.75 6.3
v -1.3125 11.3401 4.8151
v 3.6398 11.1283 6.3699
v 2.1 2.2349 6.9151
v -4.2 8.8875 6.3
v -3.4125 6.2625 6.3
v -3.15 9.675 6.3
v -4.2 6.2625 4.2
v -3.4125 6.2625 4.2
v -3.4125 4.1625 5.5125
v -3.4125 4.1625 4.9875
v -3.9375 2.5875 4.9875
v -3.4125 2.5875 5.5125
v -3.9375 4.1625 4.9875
v -3.9375 2.5875 5.5125
v -3.4125 2.5875 4.9875
v 2.1 0.75 10.5
v -3.9375 8.8875 4.2
v -3.675 -0.3 1.05
v -1.575 -0.3 -1.05
v -4.2 10.095 -1.05
v -4.4625 21.4875 4.4625
v -4.2 9.15 1.05
v -3.8063 2.85 -3.15
v 4.2 7.995 -1.05
v -2.1 6 -3.15
v -4.2 7.995 -1.05
v -4.4625 11.25 2.1
v -4.4625 11.25 -2.1
v 3.6398 11.6064 7.7057
v -2.2313 2.85 -3.15
v -2.1 2.2349 6.9151
v 1.3125 12.825 8.4
v -2.1 2.85 8.4
v -2.1 2.2349 9.8849
v 3.15 9.675 6.3
v -2.1 0.75 10.5
v -2.1 -0.7349 9.8849
v -4.2 -0.4538 8.7712
v -4.2 -0.3 8.4
v -2.1 -1.35 8.4
v 3.9375 8.8875 4.2
v -2.1 0.75 6.3
v -3.15 9.15 -2.1
v -1.05 10.2 9.45
v 2.1 9.15 9.45
v -1.05 6 7.35
v 2.1 7.995 2.625
v -1.05 10.2 7.35
v -1.8375 4.1625 9.3187
v -2.1 7.05 7.35
v 2.1 7.05 7.35
v -0.7875 4.1625 9.3187
v -0.7875 2.5875 10.5
v -1.3125 2.5875 10.6312
v -1.3125 2.5875 10.5
v -1.8375 4.1625 8.925
v -1.3125 4.1625 9.45
v -0.2625 4.1625 9.3187
v -1.3125 4.1625 9.3187
v -0.2625 4.1625 9.45
v -1.8375 0.225 11.2875
v -0.2625 2.5875 11.025
v 1.3125 14.925 6.3
v -1.8375 2.5875 10.5
v -1.3125 2.5875 11.025
v -0.7875 2.5875 11.025
v -0.7875 2.5875 10.6312
v -0.2625 2.5875 10.6312
v -0.2625 2.5875 10.5
v -1.8375 2.5875 11.025
v -1.8375 2.5875 10.6312
v 2.1 7.995 -2.625
v -2.1 9.15 7.35
v 5.25 17.55 1.05
v -1.8375 -2.925 11.8125
v -2.1 22.8 5.25
v -1.3125 -2.925 11.2875
v -1.575 -1.35 -1.05
v 5.25 7.05 -1.05
v -1.8375 -2.925 11.2875
v -1.3125 -2.925 11.8125
v -4.2 12.5625 2.8875
v 3.1852 9.5606 6.5215
v 4.2 -0.3 1.05
v 2.1 10.095 2.1
v 4.2 2.85 -2.1
v 3.4125 9.5985 6.9134
v 4.2 2.85 3.15
v -2.1 9.15 2.1
v 4.2 1.8 -1.05
v 3.6398 9.5858 6.7828
v 3.15 1.275 4.2
v 3.6398 9.5606 6.5215
v -4.2 2.85 2.1
v 2.1 10.095 2.625
v -4.2 2.85 -2.1
v 4.4625 11.25 2.1
v -4.2 10.725 -2.3625
v -0.7875 1.8 2.1
v -5.25 3.1125 2.1
v 5.25 3.1125 -2.1
v -4.2 2.85 -3.15
v 4.2 2.85 2.1
v 2.1 7.995 2.1
v 3.4125 10.1177 7.0581
v -4.2 -0.3 -1.05
v 4.2 9.15 1.05
v 3.1852 10.0529 7.4464
v 2.1 -0.3 2.1
v 1.3125 14.3099 4.8151
v 2.1 10.095 -2.1
v -4.2 1.8 1.05
v 3.6398 10.0529 7.4464
v -4.725 10.095 -1.05
v 4.4625 11.25 -2.1
v 2.1 7.995 -2.1
v 3.6398 10.0961 7.1875
v 2.1 10.095 -2.625
v 2.1 -0.3 -2.1
v -5.25 1.8 1.05
v 1.575 2.85 7.35
v 0.7875 1.8 -3.15
v -2.1 7.995 2.625
v -2.1 7.995 -2.625
v 5.25 17.55 -1.05
v 2.1 22.8 5.25
v -4.725 7.995 1.05
v 4.725 7.995 1.05
v -5.25 17.55 -1.05
v 1.05 9.15 -2.1
v 1.575 13.875 -2.8875
v -2.1 12.3 2.1
v 4.2 12.3 -1.05
v -2.1 12.3 -2.1
v -4.2 12.3 1.05
v 0.7875 1.8 3.15
v 4.2 4.95 -3.15
v 3.5437 4.95 -3.15
v 4.0687 4.95 -3.15
v -3.5438 4.95 3.15
v -0.7875 1.8 -2.1
v 3.5437 4.95 3.15
v 4.0687 4.95 3.15
v 2.1 6 3.15
v 4.2 7.05 1.05
v -4.2 7.05 -1.05
v 2.1 7.05 -2.1
v -3.675 -1.35 -1.05
v 3.675 -1.35 1.05
v 3.15 3.375 3.15
v -1.575 0.75 5.25
v -3.15 4.95 7.35
v -1.575 11.25 7.35
v 3.15 11.25 6.3
v 4.4625 21.4875 4.4625
v -1.3125 12.825 4.2
v -1.3125 14.3099 7.7849
v 4.2 6.2625 4.2
v -5.25 7.05 1.05
v -2.625 11.6212 5.9288
v -2.625 12.2363 7.4137
v -3.15 9.675 4.2
v -4.2 -0.4538 8.0288
v -2.1 -0.7349 6.9151
v 4.2 -0.4538 8.7712
v -2.1 7.05 9.45
v -1.05 6 9.45
v 3.4125 9.5479 6.3908
v 3.1852 9.5858 6.7828
v 3.1852 10.0961 7.1875
v 3.4125 10.0313 7.5759
v -4.725 7.995 -1.05
v 4.725 7.995 -1.05
v -5.25 17.55 1.05
v 3.15 9.15 -2.1
v 0.525 10.725 -2.3625
v 2.1 12.3 2.1
v 4.2 12.3 1.05
v 2.1 12.3 -2.1
v -4.2 12.3 -1.05
v -0.7875 1.8 3.15
v 4.2 2.85 -3.15
v 2.2312 2.85 -3.15
v 3.8062 2.85 -3.15
v -2.2313 2.85 3.15
v 2.2312 2.85 3.15
v 3.8062 2.85 3.15
v -2.1 6 3.15
v 4.2 7.05 -1.05
v -4.2 7.05 1.05
v -2.1 7.05 -2.1
v -3.675 -1.35 1.05
v 3.675 -1.35 -1.05
v 3.15 8.625 3.15
v 1.575 0.75 5.25
v -3.15 9.15 7.35
v 1.575 11.25 7.35
v 3.15 11.25 4.2
v 1.3125 12.825 4.2
v 1.3125 14.3099 7.7849
v 4.2 8.8875 4.2
v -2.625 13.4137 5.1863
v -2.625 14.0288 6.6712
v -3.15 6.525 4.2
v -4.2 1.3387 7.2863
v 2.1 -0.7349 6.9151
v 4.2 1.3387 9.5137
v -2.1 9.15 9.45
v 1.05 6 9.45
v 3.4125 11.1156 6.2393
v 3.1852 11.1535 6.6312
v 3.1852 11.6496 7.4468
v 3.4125 11.5848 7.8352
v 4.2 -0.1462 9.5137
v -4.2 0.5962 9.8212
v -4.2 0.5962 6.9788
v -4.2 1.6462 8.0288
v -4.2 1.4925 7.6575
v -2.625 12.9788 7.7212
v -2.625 12.6712 4.8788
v -3.15 6.2625 4.2
v -3.15 6.7875 6.3
v -3.15 4.1625 5.25
v -3.15 8.8875 5.25
v -3.15 1.275 5.25
v 2.7562 2.85 3.15
v 3.2812 2.85 3.15
v -0 4.95 -3.15
v -0 2.85 -3.15
v 1.4437 3.9 -3.15
v -1.4438 3.9 -3.15
v -3.2813 2.85 3.15
v -2.7563 2.85 3.15
v 3.2812 2.85 -3.15
v 2.7562 2.85 -3.15
v -4.4625 5.2125 2.8875
v -4.9875 5.475 2.3625
v -4.725 4.1625 2.625
v -0 2.85 3.15
v -0 4.95 3.15
v 1.4437 3.9 3.15
v -1.4438 3.9 3.15
v 2.1 0.0075 10.1925
v -2.1 0.0075 10.1925
v -1.8375 12.3 -2.625
v -3.4125 12.3 -2.625
v -2.3625 10.725 -2.3625
v -2.8875 13.875 -2.8875
v 1.3125 14.6175 7.0425
v -1.3125 14.6175 7.0425
v -1.05 6 8.4
v 1.05 6 8.4
v -0 -0.3 -1.05
v -0 -0.3 1.05
v 2.1 -0.3 0
v -2.1 -0.3 0
v -1.575 0.75 4.2
v 1.575 0.75 4.2
v -2.1 9.15 8.4
v -2.1 7.05 8.4
v 2.1 7.05 8.4
v 2.1 9.15 8.4
v -4.725 9.045 -1.05
v -4.725 9.045 1.05
v 1.3125 13.5675 8.0925
v -1.3125 13.5675 8.0925
v 1.3125 13.5675 4.5075
v -1.3125 13.5675 4.5075
v 2.1 -1.0425 9.1425
v -2.1 -1.0425 9.1425
v -4.2 1.4925 9.1425
v -4.2 1.6462 8.7712
v 2.1 2.5425 7.6575
v -2.1 2.5425 7.6575
v 1.05 8.1 9.45
v -1.05 8.1 9.45
v -0 9.15 9.45
v -0 7.05 9.45
v -1.575 6 3.15
v 1.575 6 3.15
v -0 8.625 3.15
v -0 3.375 3.15
v 2.1 -1.0425 7.6575
v -2.1 -1.0425 7.6575
v 3.15 4.1625 5.25
v 3.15 8.8875 5.25
v 3.15 6.2625 4.2
v 3.15 6.7875 6.3
v -1.575 1.8 6.3
v 1.575 1.8 6.3
v -4.725 13.35 -1.05
v -4.725 13.35 1.05
v -4.4625 11.25 -0
v -4.9875 15.45 -0
v 2.1 9.045 2.625
v -2.1 9.045 2.625
v -5.25 4.425 -1.05
v -5.25 4.425 1.05
v -5.25 3.1125 -0
v -5.25 5.7375 -0
v -2.625 -1.35 -1.05
v -2.625 -1.35 1.05
v 2.625 -1.35 -1.05
v 2.625 -1.35 1.05
v 1.3125 11.0325 7.0425
v -1.3125 11.0325 7.0425
v 1.3125 11.0325 5.5575
v -1.3125 11.0325 5.5575
v 2.1 1.4925 10.1925
v -2.1 1.4925 10.1925
v -0 4.95 7.35
v -0 9.15 7.35
v 1.575 7.05 7.35
v -1.575 7.05 7.35
v 3.15 1.275 5.25
v -2.625 13.7212 5.9288
v -2.625 11.9288 6.6712
v 2.1 2.5425 9.1425
v -2.1 2.5425 9.1425
v 2.1 0.0075 6.6075
v -2.1 0.0075 6.6075
v 1.3125 12.0825 8.0925
v -1.3125 12.0825 8.0925
v 5.25 4.425 1.05
v 5.25 4.425 -1.05
v 5.25 3.1125 -0
v 5.25 5.7375 -0
v -4.2 6 -1.05
v -4.2 6 1.05
v -4.2 2.85 -0
v -4.2 9.15 -0
v 4.2 6 1.05
v 4.2 6 -1.05
v 4.2 2.85 -0
v 4.2 9.15 -0
v -2.7563 2.85 -3.15
v -3.2813 2.85 -3.15
v 4.9875 5.475 2.3625
v 4.4625 5.2125 2.8875
v 4.725 4.1625 2.625
v 4.4625 5.2125 -2.8875
v 4.9875 5.475 -2.3625
v 4.725 4.1625 -2.625
v -4.9875 5.475 -2.3625
v -4.4625 5.2125 -2.8875
v -4.725 4.1625 -2.625
v 4.725 9.045 1.05
v 4.725 9.045 -1.05
v 1.3125 14.6175 5.5575
v -1.3125 14.6175 5.5575
v 1.05 10.2 8.4
v -1.05 10.2 8.4
v -2.1 15.975 3.675
v 2.1 15.975 3.675
v -0 12.5625 2.8875
v -0 19.3875 4.4625
v 2.1 6 -2.1
v -2.1 6 -2.1
v -0 2.85 -2.1
v -0 9.15 -2.1
v 4.725 14.925 -2.3625
v 4.4625 14.4 -2.625
v -4.4625 14.4 -2.625
v -4.725 14.925 -2.3625
v 4.2 1.4156 8.2144
v 4.2 -0.2231 7.8432
v 2.8875 13.875 -2.8875
v 2.3625 10.725 -2.3625
v 3.4125 12.3 -2.625
v 1.8375 12.3 -2.625
v -4.725 16.7625 2.8875
v -4.4625 14.6625 2.8875
v -4.4625 18.075 3.675
v 4.4625 18.075 3.675
v 4.4625 14.6625 2.8875
v 4.725 16.7625 2.8875
v 2.1 9.045 -2.625
v -2.1 9.045 -2.625
v -4.2 8.8875 5.25
v -4.2 6.2625 5.25
v 1.3125 12.0825 4.5075
v -1.3125 12.0825 4.5075
v 2.1 1.4925 6.6075
v -2.1 1.4925 6.6075
v 4.2 8.8875 5.25
v 4.2 6.2625 5.25
v -2.1 6 2.1
v 2.1 6 2.1
v -0 2.85 2.1
v -0 9.15 2.1
v -0 11.25 4.2
v -0 11.25 6.3
v -1.575 11.25 5.25
v 1.575 11.25 5.25
v 4.725 13.35 1.05
v 4.725 13.35 -1.05
v 4.4625 11.25 -0
v 4.9875 15.45 -0
v 4.9875 15.45 -1.05
v 4.4625 11.25 -1.05
v 4.4625 11.25 1.05
v 1.575 11.25 6.3
v -1.575 11.25 6.3
v -1.575 11.25 4.2
v 2.1 9.15 2.1
v 2.1 2.85 2.1
v -2.1 2.85 2.1
v 1.4437 10.725 -2.3625
v 3.2812 10.725 -2.3625
v -2.1 9.15 -2.1
v -2.1 2.85 -2.1
v 2.1 2.85 -2.1
v 2.1 19.3875 4.4625
v 2.1 12.5625 2.8875
v -2.1 12.5625 2.8875
v 4.2 9.15 -1.05
v 4.2 2.85 -1.05
v 4.2 2.85 1.05
v -4.2 9.15 1.05
v -4.2 2.85 1.05
v -4.2 2.85 -1.05
v 5.25 5.7375 -1.05
v 5.25 3.1125 -1.05
v 5.25 3.1125 1.05
v -1.575 9.15 7.35
v 1.575 9.15 7.35
v 1.575 4.95 7.35
v -3.15 3.7688 4.2
v 1.7719 4.95 -3.15
v -3.15 9.0188 6.3
v -3.15 4.5563 6.3
v 1.7719 4.95 3.15
v -4.4625 11.25 1.05
v -5.25 5.7375 1.05
v -5.25 3.1125 1.05
v 2.1 -0.3 1.05
v 2.1 -0.3 -1.05
v -1.575 8.625 3.15
v -1.05 7.05 9.45
v -1.05 9.15 9.45
v 3.15 8.7562 4.2
v 1.575 8.625 3.15
v 3.15 3.7687 4.2
v 1.1156 2.85 3.15
v -1.7719 4.95 3.15
v -3.15 8.7562 4.2
v -2.1 -0.3 1.05
v -4.4625 11.25 -1.05
v -1.4438 10.725 -2.3625
v 1.05 9.15 9.45
v -3.2813 10.725 -2.3625
v -1.7719 4.95 -3.15
v 3.15 9.0187 6.3
v -4.9875 15.45 1.05
v 1.1156 2.85 -3.15
v -1.1156 2.85 -3.15
v -5.25 3.1125 -1.05
v 1.575 3.375 3.15
v -1.1156 2.85 3.15
v -2.1 -0.3 -1.05
v 1.05 7.05 9.45
v -1.575 3.375 3.15
v 3.15 4.5562 6.3
v -4.9875 15.45 -1.05
v -5.25 5.7375 -1.05
v -1.575 4.95 7.35
v 5.25 5.7375 1.05
v -4.2 9.15 -1.05
v 4.2 9.15 1.05
v -2.1 19.3875 4.4625
v 2.1 9.15 -2.1
v -2.1 9.15 2.1
v 1.575 11.25 4.2
v 4.9875 15.45 1.05
v -3.15 7.995 2.1
v -3.15 10.095 -2.625
v -3.15 10.095 -2.1
v -3.15 7.995 -2.1
v 5.1187 16.5 2.1
v 3.15 9.15 2.1
v -4.2 21.0938 4.8562
v -3.15 10.095 2.1
v -3.15 10.095 2.625
v 1.05 2.85 8.4
v -5.1188 16.5 -2.1
v 4.2 21.0937 4.8562
v 5.1187 18.2062 2.4937
v -5.1188 16.5 2.1
v -5.1188 18.2063 2.4937
v 4.2 11.5125 -2.4938
v -1.8375 14.6625 -3.0188
v 4.2 14.6625 -3.0188
v -0.7875 11.5125 -2.4938
v -4.2 14.6625 -3.0188
v 5.1187 16.5 -2.1
v -3.15 -0.3 2.1
v -4.2 10.725 2.1
v 4.2 10.725 2.1
v -3.15 -0.3 -2.1
v 4.2 10.725 -2.1
v -3.15 7.3125 6.3
v -4.2 10.725 -2.1
v -1.8375 -0.5625 11.8125
v -1.3125 -0.5625 11.2875
v 1.05 -1.35 8.4
v -1.05 7.05 2.1
v 3.15 6 -3.15
v 3.15 6 7.35
v 3.15 7.05 2.1
v 1.05 2.2349 9.8849
v -2.3625 11.25 3.15
v 3.15 8.8875 4.2
v -3.15 2.0625 3.15
v -2.3625 0.75 3.15
v 4.2 14.2687 3.2812
v 3.15 10.2 7.35
v -2.3625 2.85 7.35
v -1.3125 -0.5625 11.8125
v 3.15 5.7375 6.3
v 0.7875 0.75 3.15
v 1.05 -0.7349 9.8849
v 3.15 5.7375 4.2
v 0.7875 11.25 3.15
v -3.15 7.3125 3.15
v 1.05 0.75 6.3
v 1.05 2.2349 6.9151
v -3.15 10.4625 6.3
v 1.05 0.75 10.5
v -4.5938 20.8313 4.0687
v -1.05 6 -3.15
v -4.5938 12.3 2.1
v -4.5938 12.3 -2.1
v -3.15 2.2349 6.9151
v -3.15 2.85 8.4
v -3.15 2.2349 9.8849
v 3.15 8.8875 6.3
v -3.15 0.75 10.5
v -3.15 -0.7349 9.8849
v -3.15 -1.35 8.4
v -3.15 0.75 6.3
v 1.05 7.995 2.625
v -1.8375 -0.5625 11.2875
v 1.05 7.995 -2.625
v -1.8375 -3.7125 11.8125
v -1.05 22.8 5.25
v -1.3125 -3.7125 11.2875
v -1.8375 -3.7125 11.2875
v -1.3125 -3.7125 11.8125
v -4.2 14.2688 3.2812
v 1.05 10.095 2.1
v 4.2 4.425 -2.1
v -1.05 9.15 2.1
v -4.2 4.425 2.1
v 1.05 10.095 2.625
v -4.2 4.425 -2.1
v 4.5937 12.3 2.1
v -4.2 11.5125 -2.4938
v 4.2 4.425 2.1
v 1.05 7.995 2.1
v 1.05 -0.3 2.1
v 1.05 10.095 -2.1
v 4.5937 12.3 -2.1
v 1.05 7.995 -2.1
v 1.05 10.095 -2.625
v 1.05 -0.3 -2.1
v 0.7875 2.85 7.35
v -3.15 7.995 2.625
v -3.15 7.995 -2.625
v 3.15 22.8 5.25
v 1.8375 14.6625 -3.0188
v -3.15 12.3 2.1
v -3.15 12.3 -2.1
v 3.15 6 3.15
v 3.15 7.05 -2.1
v 3.15 2.0625 3.15
v -2.3625 0.75 5.25
v -3.15 3.9 7.35
v -2.3625 11.25 7.35
v 4.5937 20.8312 4.0687
v -3.15 10.4625 4.2
v -3.15 -0.7349 6.9151
v 0.7875 11.5125 -2.4938
v 1.05 12.3 2.1
v 1.05 12.3 -2.1
v -1.05 6 3.15
v -1.05 7.05 -2.1
v 3.15 7.3125 3.15
v 0.7875 0.75 5.25
v -3.15 8.1 7.35
v 0.7875 11.25 7.35
v -3.15 7.3125 4.2
v 1.05 -0.7349 6.9151
v -3.15 2.9813 5.25
v -3.15 7.7063 5.25
v 3.15 0.0075 10.1925
v -1.05 0.0075 10.1925
v -2.2313 9.9375 -2.2313
v -2.7563 13.0875 -2.7563
v 3.15 -0.3 0
v -1.05 -0.3 0
v -2.3625 0.75 4.2
v 0.7875 0.75 4.2
v 3.15 -1.0425 9.1425
v -1.05 -1.0425 9.1425
v 3.15 2.5425 7.6575
v -1.05 2.5425 7.6575
v -2.3625 6 3.15
v 0.7875 6 3.15
v -0 9.9375 3.15
v -0 4.6875 3.15
v 3.15 -1.0425 7.6575
v -1.05 -1.0425 7.6575
v 3.15 2.9812 5.25
v 3.15 7.7062 5.25
v -2.3625 1.8 6.3
v 0.7875 1.8 6.3
v -4.3313 10.2 -0
v -4.8563 14.4 -0
v 3.15 9.045 2.625
v -1.05 9.045 2.625
v 3.15 1.4925 10.1925
v -1.05 1.4925 10.1925
v -0 3.9 7.35
v -0 8.1 7.35
v 2.3625 7.05 7.35
v -0.7875 7.05 7.35
v 3.15 2.5425 9.1425
v -1.05 2.5425 9.1425
v 3.15 0.0075 6.6075
v -1.05 0.0075 6.6075
v -4.2 1.275 -0
v -4.2 7.575 -0
v 4.2 1.275 -0
v 4.2 7.575 -0
v -3.15 15.975 3.675
v 1.05 15.975 3.675
v -0 10.8562 2.4937
v -0 17.6812 4.0687
v 3.15 6 -2.1
v -1.05 6 -2.1
v -0 1.275 -2.1
v -0 7.575 -2.1
v 4.725 15.7125 -2.4938
v 4.3312 13.35 -2.625
v -4.5938 15.45 -2.625
v -4.725 14.1375 -2.2313
v 3.0187 14.6625 -3.0188
v 2.4937 11.5125 -2.4938
v -4.725 18.4688 3.2812
v -4.3313 15.3187 3.2812
v -4.3313 17.025 3.675
v 4.5937 19.125 3.675
v 4.5937 14.0062 2.4937
v 4.725 15.0562 2.4937
v 3.15 9.045 -2.625
v -1.05 9.045 -2.625
v 3.15 1.4925 6.6075
v -1.05 1.4925 6.6075
v -3.15 6 2.1
v 1.05 6 2.1
v -0 1.275 2.1
v -0 7.575 2.1
v -2.3625 11.25 5.25
v 0.7875 11.25 5.25
v 4.3312 10.2 -0
v 4.8562 14.4 -0
v -1.05 7.995 2.1
v -1.05 10.095 -2.625
v -1.05 10.095 -2.1
v -1.05 7.995 -2.1
v 4.8562 14.4 2.1
v 1.05 9.15 2.1
v -4.2 17.6813 4.0687
v -1.05 10.095 2.1
v -1.05 10.095 2.625
v 3.15 2.85 8.4
v -4.8563 14.4 -2.1
v 4.2 17.6812 4.0687
v 4.8562 19.5187 3.2812
v -4.8563 14.4 2.1
v -4.8563 19.5188 3.2812
v 4.2 9.9375 -2.2313
v -1.3125 13.0875 -2.7563
v 4.2 13.0875 -2.7563
v -0.2625 9.9375 -2.2313
v -4.2 13.0875 -2.7563
v 4.8562 14.4 -2.1
v -1.05 -0.3 2.1
v -4.2 7.575 2.1
v 4.2 7.575 2.1
v -1.05 -0.3 -2.1
v 4.2 7.575 -2.1
v -3.15 5.7375 6.3
v -4.2 7.575 -2.1
v -1.8375 1.0125 11.8125
v -1.3125 1.0125 11.2875
v 3.15 -1.35 8.4
v -3.15 7.05 2.1
v 1.05 6 -3.15
v 3.15 3.9 7.35
v 1.05 7.05 2.1
v 3.15 2.2349 9.8849
v -0.7875 11.25 3.15
v 3.15 10.4625 4.2
v -3.15 4.6875 3.15
v -0.7875 0.75 3.15
v 4.2 10.8562 2.4937
v 3.15 8.1 7.35
v -0.7875 2.85 7.35
v -1.3125 1.0125 11.8125
v 3.15 7.3125 6.3
v 2.3625 0.75 3.15
v 3.15 -0.7349 9.8849
v 3.15 7.3125 4.2
v 2.3625 11.25 3.15
v -3.15 9.9375 3.15
v 3.15 0.75 6.3
v 3.15 2.2349 6.9151
v -3.15 8.8875 6.3
v 3.15 0.75 10.5
v -4.3312 22.1438 4.8562
v -3.15 6 -3.15
v -4.3313 10.2 2.1
v -4.3313 10.2 -2.1
v -1.05 2.2349 6.9151
v -1.05 2.85 8.4
v -1.05 2.2349 9.8849
v 3.15 10.4625 6.3
v -1.05 0.75 10.5
v -1.05 -0.7349 9.8849
v -1.05 -1.35 8.4
v -1.05 0.75 6.3
v 3.15 7.995 2.625
v -1.8375 1.0125 11.2875
v 3.15 7.995 -2.625
v -1.8375 -2.1375 11.8125
v -3.15 22.8 5.25
v -1.3125 -2.1375 11.2875
v -1.8375 -2.1375 11.2875
v -1.3125 -2.1375 11.8125
v -4.2 10.8563 2.4937
v 3.15 10.095 2.1
v 4.2 1.275 -2.1
v -3.15 9.15 2.1
v -4.2 1.275 2.1
v 3.15 10.095 2.625
v -4.2 1.275 -2.1
v 4.3312 10.2 2.1
v -4.2 9.9375 -2.2313
v 4.2 1.275 2.1
v 3.15 7.995 2.1
v 3.15 -0.3 2.1
v 3.15 10.095 -2.1
v 4.3312 10.2 -2.1
v 3.15 7.995 -2.1
v 3.15 10.095 -2.625
v 3.15 -0.3 -2.1
v 2.3625 2.85 7.35
v -1.05 7.995 2.625
v -1.05 7.995 -2.625
v 1.05 22.8 5.25
v 1.3125 13.0875 -2.7563
v -1.05 12.3 2.1
v -1.05 12.3 -2.1
v 1.05 6 3.15
v 1.05 7.05 -2.1
v 3.15 4.6875 3.15
v -0.7875 0.75 5.25
v -3.15 6 7.35
v -0.7875 11.25 7.35
v 4.3312 22.1437 4.8562
v -3.15 8.8875 4.2
v -1.05 -0.7349 6.9151
v 0.2625 9.9375 -2.2313
v 3.15 12.3 2.1
v 3.15 12.3 -2.1
v -3.15 6 3.15
v -3.15 7.05 -2.1
v 3.15 9.9375 3.15
v 2.3625 0.75 5.25
v -3.15 10.2 7.35
v 2.3625 11.25 7.35
v -3.15 5.7375 4.2
v 3.15 -0.7349 6.9151
v -3.15 5.3438 5.25
v -3.15 10.0687 5.25
v 1.05 0.0075 10.1925
v -3.15 0.0075 10.1925
v -2.4938 11.5125 -2.4938
v -3.0188 14.6625 -3.0188
v 1.05 -0.3 0
v -3.15 -0.3 0
v -0.7875 0.75 4.2
v 2.3625 0.75 4.2
v 1.05 -1.0425 9.1425
v -3.15 -1.0425 9.1425
v 1.05 2.5425 7.6575
v -3.15 2.5425 7.6575
v -0.7875 6 3.15
v 2.3625 6 3.15
v -0 7.3125 3.15
v -0 2.0625 3.15
v 1.05 -1.0425 7.6575
v -3.15 -1.0425 7.6575
v 3.15 5.3437 5.25
v 3.15 10.0687 5.25
v -0.7875 1.8 6.3
v 2.3625 1.8 6.3
v -4.5938 12.3 -0
v -5.1188 16.5 -0
v 1.05 9.045 2.625
v -3.15 9.045 2.625
v 1.05 1.4925 10.1925
v -3.15 1.4925 10.1925
v -0 6 7.35
v -0 10.2 7.35
v 0.7875 7.05 7.35
v -2.3625 7.05 7.35
v 1.05 2.5425 9.1425
v -3.15 2.5425 9.1425
v 1.05 0.0075 6.6075
v -3.15 0.0075 6.6075
v -4.2 4.425 -0
v -4.2 10.725 -0
v 4.2 4.425 -0
v 4.2 10.725 -0
v -1.05 15.975 3.675
v 3.15 15.975 3.675
v -0 14.2687 3.2812
v -0 21.0938 4.8562
v 1.05 6 -2.1
v -3.15 6 -2.1
v -0 4.425 -2.1
v -0 10.725 -2.1
v 4.725 14.1375 -2.2313
v 4.5937 15.45 -2.625
v -4.3313 13.35 -2.625
v -4.725 15.7125 -2.4938
v 2.7562 13.0875 -2.7563
v 2.2312 9.9375 -2.2313
v -4.725 15.0563 2.4937
v -4.5938 14.0062 2.4937
v -4.5938 19.125 3.675
v 4.3312 17.025 3.675
v 4.3312 15.3187 3.2812
v 4.725 18.4687 3.2812
v 1.05 9.045 -2.625
v -3.15 9.045 -2.625
v 1.05 1.4925 6.6075
v -3.15 1.4925 6.6075
v -1.05 6 2.1
v 3.15 6 2.1
v -0 4.425 2.1
v -0 10.725 2.1
v -0.7875 11.25 5.25
v 2.3625 11.25 5.25
v 4.5937 12.3 -0
v 5.1187 16.5 -0
v 4.8562 14.4 -1.05
v 5.1187 16.5 -1.05
v 4.3312 10.2 -1.05
v 4.5937 12.3 -1.05
v 4.3312 10.2 1.05
v 4.5937 12.3 1.05
v 0.7875 11.25 6.3
v 2.3625 11.25 6.3
v -2.3625 11.25 6.3
v -0.7875 11.25 6.3
v -2.3625 11.25 4.2
v -0.7875 11.25 4.2
v 1.05 9.15 2.1
v 3.15 9.15 2.1
v 2.1 7.575 2.1
v 2.1 10.725 2.1
v 1.05 2.85 2.1
v 3.15 2.85 2.1
v 2.1 1.275 2.1
v 2.1 4.425 2.1
v -3.15 2.85 2.1
v -1.05 2.85 2.1
v -2.1 1.275 2.1
v -2.1 4.425 2.1
v 4.8562 17.8125 2.8875
v 4.8562 16.1062 2.4937
v 4.9875 17.1562 2.4937
v 4.5937 17.4187 3.2812
v 4.4625 16.3687 3.2812
v 4.5937 15.7125 2.8875
v 4.3312 20.4375 4.4625
v 4.3312 18.7312 4.0687
v 4.4625 19.7812 4.0687
v -4.4625 19.7812 4.0687
v -4.3313 18.7313 4.0687
v -4.3313 20.4375 4.4625
v -4.5938 17.4188 3.2812
v -4.5938 15.7125 2.8875
v -4.4625 16.3688 3.2812
v -4.9875 17.1562 2.4937
v -4.8563 16.1063 2.4937
v -4.8563 17.8125 2.8875
v 1.6406 11.5125 -2.4938
v 1.2469 9.9375 -2.2313
v 3.3469 11.5125 -2.4938
v 3.2156 9.9375 -2.2313
v 3.8062 13.0875 -2.7563
v 3.15 13.0875 -2.7563
v -1.05 9.15 -2.1
v -3.15 9.15 -2.1
v -2.1 7.575 -2.1
v -2.1 10.725 -2.1
v -1.05 2.85 -2.1
v -3.15 2.85 -2.1
v -2.1 1.275 -2.1
v -2.1 4.425 -2.1
v 3.15 2.85 -2.1
v 1.05 2.85 -2.1
v 2.1 1.275 -2.1
v 2.1 4.425 -2.1
v 1.05 19.3875 4.4625
v 3.15 19.3875 4.4625
v 2.1 17.6812 4.0687
v 2.1 21.0937 4.8562
v 1.05 12.5625 2.8875
v 3.15 12.5625 2.8875
v 2.1 10.8562 2.4937
v 2.1 14.2687 3.2812
v -3.15 12.5625 2.8875
v -1.05 12.5625 2.8875
v -2.1 10.8562 2.4937
v -2.1 14.2688 3.2812
v -4.4625 3.5063 -2.8875
v -4.725 2.9813 -2.625
v 4.4625 3.5062 -2.8875
v 4.725 2.9812 -2.625
v 4.4625 3.5062 2.8875
v 4.725 2.9812 2.625
v 4.2 7.575 -1.05
v 4.2 10.725 -1.05
v 4.2 1.275 -1.05
v 4.2 4.425 -1.05
v 4.2 1.275 1.05
v 4.2 4.425 1.05
v -4.2 7.575 1.05
v -4.2 10.725 1.05
v -4.2 1.275 1.05
v -4.2 4.425 1.05
v -4.2 1.275 -1.05
v -4.2 4.425 -1.05
v -1.575 8.1 7.35
v -1.575 10.2 7.35
v -0.7875 9.15 7.35
v -2.3625 9.15 7.35
v 1.575 8.1 7.35
v 1.575 10.2 7.35
v 2.3625 9.15 7.35
v 0.7875 9.15 7.35
v 1.575 3.9 7.35
v 1.575 6 7.35
v 2.3625 4.95 7.35
v 0.7875 4.95 7.35
v -3.15 2.5219 4.2
v -3.15 5.0156 4.2
v 2.6578 4.95 -3.15
v 0.8859 4.95 -3.15
v -3.15 7.9031 6.3
v -3.15 10.1344 6.3
v -3.15 3.4406 6.3
v -3.15 5.6719 6.3
v 2.6578 4.95 3.15
v 0.8859 4.95 3.15
v -4.3313 10.2 1.05
v -4.5938 12.3 1.05
v 3.15 -0.3 1.05
v 1.05 -0.3 1.05
v 3.15 -0.3 -1.05
v 1.05 -0.3 -1.05
v -2.3625 8.625 3.15
v -0.7875 8.625 3.15
v -1.575 9.9375 3.15
v -1.575 7.3125 3.15
v 3.15 7.5094 4.2
v 3.15 10.0031 4.2
v 0.7875 8.625 3.15
v 2.3625 8.625 3.15
v 1.575 9.9375 3.15
v 1.575 7.3125 3.15
v 3.15 2.5219 4.2
v 3.15 5.0156 4.2
v -0.8859 4.95 3.15
v -2.6578 4.95 3.15
v -3.15 7.5094 4.2
v -3.15 10.0031 4.2
v -1.05 -0.3 1.05
v -3.15 -0.3 1.05
v -4.3313 10.2 -1.05
v -4.5938 12.3 -1.05
v -1.2469 9.9375 -2.2313
v -1.6406 11.5125 -2.4938
v -3.15 13.0875 -2.7563
v -3.8063 13.0875 -2.7563
v -3.2156 9.9375 -2.2313
v -3.3469 11.5125 -2.4938
v -0.8859 4.95 -3.15
v -2.6578 4.95 -3.15
v -4.4625 3.5063 2.8875
v -4.725 2.9813 2.625
v 3.15 7.9031 6.3
v 3.15 10.1344 6.3
v -4.8563 14.4 1.05
v -5.1188 16.5 1.05
v 0.7875 3.375 3.15
v 2.3625 3.375 3.15
v 1.575 4.6875 3.15
v 1.575 2.0625 3.15
v -1.7063 13.0875 -2.7563
v -2.3625 13.0875 -2.7563
v -1.05 -0.3 -1.05
v -3.15 -0.3 -1.05
v -2.3625 3.375 3.15
v -0.7875 3.375 3.15
v -1.575 4.6875 3.15
v -1.575 2.0625 3.15
v 3.15 3.4406 6.3
v 3.15 5.6719 6.3
v -4.8563 14.4 -1.05
v -5.1188 16.5 -1.05
v -1.575 3.9 7.35
v -1.575 6 7.35
v -0.7875 4.95 7.35
v -2.3625 4.95 7.35
v -4.2 7.575 -1.05
v -4.2 10.725 -1.05
v 4.2 7.575 1.05
v 4.2 10.725 1.05
v -3.15 19.3875 4.4625
v -1.05 19.3875 4.4625
v -2.1 17.6813 4.0687
v -2.1 21.0938 4.8562
v 3.15 9.15 -2.1
v 1.05 9.15 -2.1
v 2.1 7.575 -2.1
v 2.1 10.725 -2.1
v 2.3625 13.0875 -2.7563
v 1.7062 13.0875 -2.7563
v -4.4625 12.9563 2.4937
v -4.3313 11.9062 2.4937
v -4.3313 13.6125 2.8875
v 4.3312 13.6125 2.8875
v 4.3312 11.9062 2.4937
v 4.4625 12.9562 2.4937
v -3.15 9.15 2.1
v -1.05 9.15 2.1
v -2.1 7.575 2.1
v -2.1 10.725 2.1
v 0.7875 11.25 4.2
v 2.3625 11.25 4.2
v 4.8562 14.4 1.05
v 5.1187 16.5 1.05
v -1.05 10.725 2.1
v -1.05 7.575 2.1
v -3.15 7.575 2.1
v 1.05 10.725 -2.1
v 1.05 7.575 -2.1
v 3.15 7.575 -2.1
v -1.05 21.0938 4.8562
v -1.05 17.6813 4.0687
v -3.15 17.6813 4.0687
v -2.3625 6 7.35
v -0.7875 6 7.35
v -0.7875 3.9 7.35
v -0.7875 2.0625 3.15
v -0.7875 4.6875 3.15
v -2.3625 4.6875 3.15
v 2.3625 2.0625 3.15
v 2.3625 4.6875 3.15
v 0.7875 4.6875 3.15
v 2.3625 7.3125 3.15
v 2.3625 9.9375 3.15
v 0.7875 9.9375 3.15
v -0.7875 7.3125 3.15
v -0.7875 9.9375 3.15
v -2.3625 9.9375 3.15
v 0.7875 6 7.35
v 2.3625 6 7.35
v 2.3625 3.9 7.35
v 0.7875 10.2 7.35
v 2.3625 10.2 7.35
v 2.3625 8.1 7.35
v -2.3625 10.2 7.35
v -0.7875 10.2 7.35
v -0.7875 8.1 7.35
v -1.05 14.2687 3.2812
v -1.05 10.8562 2.4937
v -3.15 10.8563 2.4937
v 3.15 14.2687 3.2812
v 3.15 10.8562 2.4937
v 1.05 10.8562 2.4937
v 3.15 21.0937 4.8562
v 3.15 17.6812 4.0687
v 1.05 17.6812 4.0687
v 1.05 4.425 -2.1
v 1.05 1.275 -2.1
v 3.15 1.275 -2.1
v -3.15 4.425 -2.1
v -3.15 1.275 -2.1
v -1.05 1.275 -2.1
v -3.15 10.725 -2.1
v -3.15 7.575 -2.1
v -1.05 7.575 -2.1
v -1.05 4.425 2.1
v -1.05 1.275 2.1
v -3.15 1.275 2.1
v 3.15 4.425 2.1
v 3.15 1.275 2.1
v 1.05 1.275 2.1
v 3.15 10.725 2.1
v 3.15 7.575 2.1
v 1.05 7.575 2.1
v 1.05 10.725 2.1
v 1.05 4.425 2.1
v -3.15 4.425 2.1
v -1.05 10.725 -2.1
v -1.05 4.425 -2.1
v 3.15 4.425 -2.1
v 1.05 21.0938 4.8562
v 1.05 14.2687 3.2812
v -3.15 14.2688 3.2812
v -2.3625 8.1 7.35
v 0.7875 8.1 7.35
v 0.7875 3.9 7.35
v -2.3625 7.3125 3.15
v 0.7875 7.3125 3.15
v 0.7875 2.0625 3.15
v -2.3625 2.0625 3.15
v -2.3625 3.9 7.35
v -3.15 21.0938 4.8562
v 3.15 10.725 -2.1
v -3.15 10.725 2.1
v -4.2 21.9469 5.0531
v 4.2 21.9469 5.0531
v -4.2 11.5125 2.1
v 4.2 11.5125 2.1
v 4.2 11.5125 -2.1
v -4.2 11.5125 -2.1
v 4.2 15.1219 3.4781
v -4.2 15.1219 3.4781
v 4.2 5.2125 -2.1
v -4.2 5.2125 2.1
v -4.2 5.2125 -2.1
v 4.2 5.2125 2.1
v -4.2 0.4875 -0
v -4.2 6.7875 -0
v 4.2 0.4875 -0
v 4.2 6.7875 -0
v -0 10.0031 2.2969
v -0 16.8281 3.8719
v -0 0.4875 -2.1
v -0 6.7875 -2.1
v -4.725 19.3219 3.4781
v 4.725 14.2031 2.2969
v -0 0.4875 2.1
v -0 6.7875 2.1
v -4.2 18.5344 4.2656
v 4.2 18.5344 4.2656
v -4.2 8.3625 2.1
v 4.2 8.3625 2.1
v 4.2 8.3625 -2.1
v -4.2 8.3625 -2.1
v 4.2 11.7094 2.6906
v -4.2 11.7094 2.6906
v 4.2 2.0625 -2.1
v -4.2 2.0625 2.1
v -4.2 2.0625 -2.1
v 4.2 2.0625 2.1
v -4.2 3.6375 -0
v -4.2 9.9375 -0
v 4.2 3.6375 -0
v 4.2 9.9375 -0
v -0 13.4156 3.0844
v -0 20.2406 4.6594
v -0 3.6375 -2.1
v -0 9.9375 -2.1
v -4.725 15.9094 2.6906
v 4.725 17.6156 3.0844
v -0 3.6375 2.1
v -0 9.9375 2.1
v 2.1 6.7875 2.1
v 2.1 9.9375 2.1
v 2.1 0.4875 2.1
v 2.1 3.6375 2.1
v -2.1 0.4875 2.1
v -2.1 3.6375 2.1
v 4.9875 16.3031 2.2969
v 4.4625 15.5156 3.0844
v 4.4625 18.9281 3.8719
v -4.4625 20.6344 4.2656
v -4.4625 15.5156 3.0844
v -4.9875 18.0094 2.6906
v -2.1 6.7875 -2.1
v -2.1 9.9375 -2.1
v -2.1 0.4875 -2.1
v -2.1 3.6375 -2.1
v 2.1 0.4875 -2.1
v 2.1 3.6375 -2.1
v 2.1 16.8281 3.8719
v 2.1 20.2406 4.6594
v 2.1 10.0031 2.2969
v 2.1 13.4156 3.0844
v -2.1 10.0031 2.2969
v -2.1 13.4156 3.0844
v 4.2 6.7875 -1.05
v 4.2 9.9375 -1.05
v 4.2 0.4875 -1.05
v 4.2 3.6375 -1.05
v 4.2 0.4875 1.05
v 4.2 3.6375 1.05
v -4.2 6.7875 1.05
v -4.2 9.9375 1.05
v -4.2 0.4875 1.05
v -4.2 3.6375 1.05
v -4.2 0.4875 -1.05
v -4.2 3.6375 -1.05
v -4.2 6.7875 -1.05
v -4.2 9.9375 -1.05
v 4.2 6.7875 1.05
v 4.2 9.9375 1.05
v -2.1 16.8281 3.8719
v -2.1 20.2406 4.6594
v 2.1 6.7875 -2.1
v 2.1 9.9375 -2.1
v -4.4625 13.8094 2.6906
v 4.4625 12.1031 2.2969
v -2.1 6.7875 2.1
v -2.1 9.9375 2.1
v -4.2 20.2406 4.6594
v 4.2 20.2406 4.6594
v -4.2 9.9375 2.1
v 4.2 9.9375 2.1
v 4.2 9.9375 -2.1
v -4.2 9.9375 -2.1
v 4.2 13.4156 3.0844
v -4.2 13.4156 3.0844
v 4.2 3.6375 -2.1
v -4.2 3.6375 2.1
v -4.2 3.6375 -2.1
v 4.2 3.6375 2.1
v -4.2 2.0625 -0
v -4.2 8.3625 -0
v 4.2 2.0625 -0
v 4.2 8.3625 -0
v -0 11.7094 2.6906
v -0 18.5344 4.2656
v -0 2.0625 -2.1
v -0 8.3625 -2.1
v -4.725 17.6156 3.0844
v 4.725 15.9094 2.6906
v -0 2.0625 2.1
v -0 8.3625 2.1
v -4.2 16.8281 3.8719
v 4.2 16.8281 3.8719
v -4.2 6.7875 2.1
v 4.2 6.7875 2.1
v 4.2 6.7875 -2.1
v -4.2 6.7875 -2.1
v 4.2 10.0031 2.2969
v -4.2 10.0031 2.2969
v 4.2 0.4875 -2.1
v -4.2 0.4875 2.1
v -4.2 0.4875 -2.1
v 4.2 0.4875 2.1
v -4.2 5.2125 -0
v -4.2 11.5125 -0
v 4.2 5.2125 -0
v 4.2 11.5125 -0
v -0 15.1219 3.4781
v -0 21.9469 5.0531
v -0 5.2125 -2.1
v -0 11.5125 -2.1
v -4.725 14.2031 2.2969
v 4.725 19.3219 3.4781
v -0 5.2125 2.1
v -0 11.5125 2.1
v 2.1 8.3625 2.1
v 2.1 11.5125 2.1
v 2.1 2.0625 2.1
v 2.1 5.2125 2.1
v -2.1 2.0625 2.1
v -2.1 5.2125 2.1
v 4.9875 18.0094 2.6906
v 4.4625 17.2219 3.4781
v 4.4625 20.6344 4.2656
v -4.4625 18.9281 3.8719
v -4.4625 17.2219 3.4781
v -4.9875 16.3031 2.2969
v -2.1 8.3625 -2.1
v -2.1 11.5125 -2.1
v -2.1 2.0625 -2.1
v -2.1 5.2125 -2.1
v 2.1 2.0625 -2.1
v 2.1 5.2125 -2.1
v 2.1 18.5344 4.2656
v 2.1 21.9469 5.0531
v 2.1 11.7094 2.6906
v 2.1 15.1219 3.4781
v -2.1 11.7094 2.6906
v -2.1 15.1219 3.4781
v 4.2 8.3625 -1.05
v 4.2 11.5125 -1.05
v 4.2 2.0625 -1.05
v 4.2 5.2125 -1.05
v 4.2 2.0625 1.05
v 4.2 5.2125 1.05
v -4.2 8.3625 1.05
v -4.2 11.5125 1.05
v -4.2 2.0625 1.05
v -4.2 5.2125 1.05
v -4.2 2.0625 -1.05
v -4.2 5.2125 -1.05
v -4.2 8.3625 -1.05
v -4.2 11.5125 -1.05
v 4.2 8.3625 1.05
v 4.2 11.5125 1.05
v -2.1 18.5344 4.2656
v -2.1 21.9469 5.0531
v 2.1 8.3625 -2.1
v 2.1 11.5125 -2.1
v -4.4625 12.1031 2.2969
v 4.4625 13.8094 2.6906
v -2.1 8.3625 2.1
v -2.1 11.5125 2.1
v -1.05 9.9375 2.1
v -1.05 11.5125 2.1
v -1.05 6.7875 2.1
v -1.05 8.3625 2.1
v -3.15 6.7875 2.1
v -3.15 8.3625 2.1
v 4.5937 13.1531 2.2969
v 4.3312 12.7594 2.6906
v 4.3312 14.4656 3.0844
v -4.3313 14.4656 3.0844
v -4.3313 12.7594 2.6906
v -4.5938 13.1531 2.2969
v 1.05 9.9375 -2.1
v 1.05 11.5125 -2.1
v 1.05 6.7875 -2.1
v 1.05 8.3625 -2.1
v 3.15 6.7875 -2.1
v 3.15 8.3625 -2.1
v -1.05 20.2406 4.6594
v -1.05 21.9469 5.0531
v -1.05 16.8281 3.8719
v -1.05 18.5344 4.2656
v -3.15 16.8281 3.8719
v -3.15 18.5344 4.2656
v -1.05 13.4156 3.0844
v -1.05 15.1219 3.4781
v -1.05 10.0031 2.2969
v -1.05 11.7094 2.6906
v -3.15 10.0031 2.2969
v -3.15 11.7094 2.6906
v 3.15 13.4156 3.0844
v 3.15 15.1219 3.4781
v 3.15 10.0031 2.2969
v 3.15 11.7094 2.6906
v 1.05 10.0031 2.2969
v 1.05 11.7094 2.6906
v 3.15 20.2406 4.6594
v 3.15 21.9469 5.0531
v 3.15 16.8281 3.8719
v 3.15 18.5344 4.2656
v 1.05 16.8281 3.8719
v 1.05 18.5344 4.2656
v 1.05 3.6375 -2.1
v 1.05 5.2125 -2.1
v 1.05 0.4875 -2.1
v 1.05 2.0625 -2.1
v 3.15 0.4875 -2.1
v 3.15 2.0625 -2.1
v -3.15 3.6375 -2.1
v -3.15 5.2125 -2.1
v -3.15 0.4875 -2.1
v -3.15 2.0625 -2.1
v -1.05 0.4875 -2.1
v -1.05 2.0625 -2.1
v -3.15 9.9375 -2.1
v -3.15 11.5125 -2.1
v -3.15 6.7875 -2.1
v -3.15 8.3625 -2.1
v -1.05 6.7875 -2.1
v -1.05 8.3625 -2.1
v -4.8563 18.6656 3.0844
v -4.8563 16.9594 2.6906
v -5.1188 17.3531 2.2969
v -4.3313 16.1719 3.4781
v -4.5938 16.5656 3.0844
v -4.5938 18.2719 3.4781
v -4.3313 21.2906 4.6594
v -4.3313 19.5844 4.2656
v -4.5938 19.9781 3.8719
v 4.5937 19.9781 3.8719
v 4.3312 19.5844 4.2656
v 4.3312 21.2906 4.6594
v 4.5937 14.8594 2.6906
v 4.5937 16.5656 3.0844
v 4.5937 18.2719 3.4781
v 5.1187 17.3531 2.2969
v 4.8562 16.9594 2.6906
v 4.8562 18.6656 3.0844
v -1.05 3.6375 2.1
v -1.05 5.2125 2.1
v -1.05 0.4875 2.1
v -1.05 2.0625 2.1
v -3.15 0.4875 2.1
v -3.15 2.0625 2.1
v 3.15 3.6375 2.1
v 3.15 5.2125 2.1
v 3.15 0.4875 2.1
v 3.15 2.0625 2.1
v 1.05 0.4875 2.1
v 1.05 2.0625 2.1
v 3.15 9.9375 2.1
v 3.15 11.5125 2.1
v 3.15 6.7875 2.1
v 3.15 8.3625 2.1
v 1.05 6.7875 2.1
v 1.05 8.3625 2.1
v 1.05 9.9375 2.1
v 1.05 11.5125 2.1
v 1.05 3.6375 2.1
v 1.05 5.2125 2.1
v -3.15 3.6375 2.1
v -3.15 5.2125 2.1
v 4.8562 15.2531 2.2969
v 4.3312 16.1719 3.4781
v 4.3312 17.8781 3.8719
v -4.3313 17.8781 3.8719
v -4.5938 14.8594 2.6906
v -4.8563 15.2531 2.2969
v -1.05 9.9375 -2.1
v -1.05 11.5125 -2.1
v -1.05 3.6375 -2.1
v -1.05 5.2125 -2.1
v 3.15 3.6375 -2.1
v 3.15 5.2125 -2.1
v 1.05 20.2406 4.6594
v 1.05 21.9469 5.0531
v 1.05 13.4156 3.0844
v 1.05 15.1219 3.4781
v -3.15 13.4156 3.0844
v -3.15 15.1219 3.4781
v -3.15 20.2406 4.6594
v -3.15 21.9469 5.0531
v 3.15 9.9375 -2.1
v 3.15 11.5125 -2.1
v -4.3313 11.0531 2.2969
v 4.3312 11.0531 2.2969
v -3.15 9.9375 2.1
v -3.15 11.5125 2.1
vt 0.1481 0.125
vt 0.1667 0.15
vt 0.1481 0.15
vt 0.7963 0
vt 0.8148 0.025
vt 0.7963 0.025
vt 0.4815 0.8
vt 0.4722 0.775
vt 0.4815 0.775
vt 0.6296 0.45
vt 0.6435 0.425
vt 0.6435 0.45
vt 0.037 0.7
vt 0.0556 0.725
vt 0.037 0.725
vt 0.4259 0.4
vt 0.4444 0.4188
vt 0.4259 0.4188
vt 0.5741 0.425
vt 0.5556 0.4
vt 0.5741 0.4
vt 0.0185 0.7562
vt 0.037 0.7562
vt 0.6759 0.8625
vt 0.6852 0.8875
vt 0.6759 0.8875
vt 0.963 0.6813
vt 0.9444 0.7
vt 0.9444 0.6813
vt 0.6852 0.275
vt 0.7037 0.25
vt 0.7037 0.275
vt 0.2454 0.925
vt 0.2222 0.9062
vt 0.2454 0.9062
vt 0.537 0
vt 0.5556 0.025
vt 0.537 0.025
vt 0.037 0.85
vt 0.0185 0.8187
vt 0.037 0.8187
vt 0.8981 0.2
vt 0.8889 0.175
vt 0.8981 0.175
vt 0.5556 0.875
vt 0.5463 0.85
vt 0.5556 0.85
vt 0.0556 0.85
vt 0.037 0.875
vt 0.6111 0.2
vt 0.6296 0.175
vt 0.6296 0.2
vt 0.3333 0.3625
vt 0.3241 0.3375
vt 0.3333 0.3375
vt 0.0926 0.4
vt 0.0833 0.4
vt 0.0926 0.3875
vt 0.0926 0.325
vt 0.0926 0.3375
vt 0.0833 0.325
vt 0.0093 0.325
vt 0.0093 0.3375
vt 0 0.325
vt 0.4259 0.825
vt 0.4167 0.85
vt 0.4167 0.825
vt 0.0093 0.4
vt 0 0.4
vt 0.0093 0.3875
vt 0.3333 0.325
vt 0.3241 0.325
vt 0.2407 0.3625
vt 0.25 0.3375
vt 0.25 0.3625
vt 0.3333 0.4
vt 0.3241 0.4
vt 0.3333 0.3875
vt 0.25 0.325
vt 0.2407 0.325
vt 0.4074 0.825
vt 0.25 0.4
vt 0.2407 0.4
vt 0.25 0.3875
vt 0.0926 0.3625
vt 0.1111 0.3375
vt 0.1111 0.3625
vt 0.1991 0.3
vt 0.2037 0.3047
vt 0.2037 0.325
vt 0.3519 0.3047
vt 0.3565 0.3
vt 0.3519 0.325
vt 0.0486 0.2313
vt 0.0417 0.2313
vt 0.0509 0.2125
vt 0.9375 0.3531
vt 0.963 0.3531
vt 0.9598 0.3721
vt 0.463 0.25
vt 0.4722 0.25
vt 0.4699 0.2687
vt 0.0833 0.25
vt 0.0926 0.25
vt 0.0856 0.2687
vt 0.2037 0.4
vt 0.2222 0.4188
vt 0.2037 0.4188
vt 0.6667 0.8688
vt 0.6481 0.8875
vt 0.6481 0.8688
vt 0.3333 0
vt 0.3519 0.0203
vt 0.3333 0.0203
vt 0.5741 0.35
vt 0.5556 0.325
vt 0.5741 0.325
vt 0.0185 0.85
vt 0.7593 0.225
vt 0.7407 0.2
vt 0.7593 0.2
vt 0.9074 0.2
vt 0.9074 0.175
vt 0.6667 0.2
vt 0.6481 0.225
vt 0.6481 0.2
vt 0.2454 1
vt 0.2222 0.9812
vt 0.2454 0.9812
vt 0.8704 0.2
vt 0.8611 0.175
vt 0.8704 0.175
vt 0.5741 0.225
vt 0.5556 0.2
vt 0.5741 0.2
vt 0.5185 0.9
vt 0.5 0.875
vt 0.5185 0.875
vt 0.5185 0.775
vt 0.537 0.8
vt 0.5185 0.8
vt 0.9352 0.15
vt 0.9213 0.175
vt 0.9213 0.15
vt 0.2685 0.3375
vt 0.2685 0.3625
vt 0.5185 0.85
vt 0.5 0.825
vt 0.5185 0.825
vt 0.9815 0.15
vt 0.9722 0.175
vt 0.9722 0.15
vt 0.2685 0.325
vt 1 0.175
vt 0.9815 0.175
vt 0.8333 0.175
vt 0.8148 0.175
vt 0.8333 0.15
vt 0.7222 0.175
vt 0.7222 0.15
vt 0.7407 0.175
vt 0.5741 0.175
vt 0.5556 0.175
vt 0.5741 0.15
vt 0.5556 0.0563
vt 0.5648 0.0375
vt 0.5602 0.0625
vt 0.7269 0.0688
vt 0.7222 0.1
vt 0.7222 0.075
vt 0.6944 0.8625
vt 0.6852 0.8375
vt 0.6944 0.8375
vt 0.6852 0.2
vt 0.7037 0.175
vt 0.7037 0.2
vt 0.8148 0.0563
vt 0.8241 0.0375
vt 0.8194 0.0625
vt 0.0278 0.3375
vt 0.0278 0.325
vt 0.6088 0.125
vt 0.5995 0.125
vt 0.5972 0.1
vt 0.6296 0.8688
vt 0.6296 0.8875
vt 0.7037 0.8625
vt 0.9745 0.125
vt 0.9815 0.125
vt 0.7037 0.8875
vt 0.6944 0.8875
vt 0.662 0.15
vt 0.6759 0.175
vt 0.662 0.175
vt 0.5741 0.025
vt 0.7315 0.0375
vt 0.7222 0.025
vt 0.7407 0.025
vt 0.6667 0.375
vt 0.6481 0.35
vt 0.6667 0.35
vt 0.8333 0.025
vt 0.8333 0.05
vt 0.9815 0.025
vt 0.9907 0.0375
vt 0.9815 0.05
vt 0.7037 0.025
vt 0.7222 0.05
vt 0.7037 0.05
vt 0.0648 0.3875
vt 0.0648 0.4
vt 0.2778 0.4
vt 0.2963 0.4188
vt 0.2778 0.4188
vt 0.3519 0.3375
vt 0.3519 0.325
vt 0.0556 0.4
vt 0.0741 0.4188
vt 0.0556 0.4188
vt 0.7963 0.0563
vt 0.1111 0.325
vt 0.5463 0.9
vt 0.5556 0.9
vt 0.3148 0.7937
vt 0.2917 0.8125
vt 0.2917 0.7937
vt 0.6667 0.225
vt 0.6481 0.25
vt 0.5926 0.225
vt 0.5741 0.25
vt 0.6296 0.375
vt 0.6111 0.375
vt 0.6296 0.35
vt 0.7037 0.375
vt 0.6852 0.375
vt 0.7037 0.35
vt 0.6481 0.375
vt 0.5556 0.375
vt 0.5556 0.35
vt 0.5741 0.375
vt 0.5556 0.225
vt 0.5556 0.25
vt 0.6296 0.225
vt 0.6296 0.25
vt 0.6111 0.225
vt 0.7037 0.225
vt 0.6852 0.225
vt 0.8796 0.2
vt 0.8796 0.175
vt 0.963 0.6438
vt 0.9444 0.6625
vt 0.9444 0.6438
vt 0.537 0.15
vt 0.537 0.175
vt 0.6667 0.8875
vt 0.8333 0.4562
vt 0.8148 0.475
vt 0.8148 0.4562
vt 0.3455 0.7221
vt 0.3646 0.7084
vt 0.3582 0.7292
vt 0.6111 0.75
vt 0.6111 0.7375
vt 0.6296 0.725
vt 0.9167 0.325
vt 0.9074 0.3
vt 0.9167 0.3
vt 0.4537 0.8
vt 0.4444 0.775
vt 0.4537 0.775
vt 0.7269 0.7
vt 0.7407 0.725
vt 0.7269 0.725
vt 0.5 0.8
vt 0.4907 0.8
vt 0.5 0.775
vt 0.8426 0.175
vt 0.9259 0.325
vt 0.463 0.8
vt 0.463 0.775
vt 0.6481 0.425
vt 0.6296 0.4
vt 0.6481 0.4
vt 0.5926 0.8688
vt 0.6111 0.85
vt 0.6111 0.8688
vt 0.6111 0.4
vt 0.0741 0.7188
vt 0.0741 0.7375
vt 0.8333 0.4938
vt 0.8148 0.5125
vt 0.8148 0.4938
vt 0.4907 0.9
vt 0.4815 0.875
vt 0.4907 0.875
vt 0.2454 0.8688
vt 0.2222 0.8875
vt 0.2222 0.8688
vt 0.0046 0.8187
vt 0 0.8313
vt 0 0.8125
vt 0.6852 0.8625
vt 0.6759 0.8375
vt 0.3158 0.75
vt 0.3211 0.7328
vt 0.3338 0.7257
vt 0.2454 0.85
vt 0.2222 0.8313
vt 0.2454 0.8313
vt 0.2222 0.3875
vt 0.2222 0.4
vt 0.537 0.9
vt 0.5185 0.9125
vt 0.3981 0.7688
vt 0.4074 0.7875
vt 0.3981 0.7875
vt 0.0556 0.7
vt 0.6481 0.325
vt 0.6667 0.325
vt 0.537 0.85
vt 0.5463 0.8375
vt 0.5463 0.875
vt 0.537 0.875
vt 0.537 0.825
vt 0.5463 0.8
vt 0.5463 0.825
vt 0.5926 0.85
vt 0.5833 0.8313
vt 0.5926 0.8313
vt 0.6852 0.825
vt 0.5 0.85
vt 0.4907 0.8375
vt 0.4907 0.85
vt 0.4815 0.85
vt 0.5741 0.275
vt 0.5926 0.25
vt 0.5926 0.275
vt 0.0694 0.8187
vt 0.0556 0.8187
vt 0.5741 0.85
vt 0.5648 0.8313
vt 0.5741 0.8313
vt 0.463 0.3875
vt 0.4815 0.4
vt 0.463 0.4
vt 0.537 0.0563
vt 0.3519 0.3875
vt 0.3519 0.3625
vt 0.5833 0.85
vt 0.5648 0.8625
vt 0.5648 0.85
vt 0.6111 0.9125
vt 0.6111 0.8875
vt 0.6296 0.325
vt 0.4444 0.125
vt 0.463 0.15
vt 0.4444 0.15
vt 0.5926 0.4
vt 0.6111 0.425
vt 0.5926 0.425
vt 0.6667 0.4
vt 0.6111 0.275
vt 0.6296 0.275
vt 0.3936 0.8519
vt 0.4027 0.8731
vt 0.3891 0.8625
vt 0.6759 0.825
vt 0.6667 0.8625
vt 0.6435 0.75
vt 0.6435 0.725
vt 0.6111 0.7109
vt 0.6296 0.85
vt 0.6111 0.825
vt 0.6296 0.825
vt 0.6852 0.4
vt 0.7037 0.4
vt 0.0833 0.3625
vt 0.8333 0.625
vt 0.8148 0.6062
vt 0.8333 0.6062
vt 0.3981 0.8
vt 0.7037 0.8375
vt 0.4583 0.7438
vt 0.4444 0.7438
vt 0.7593 0.325
vt 0.7407 0.3
vt 0.7593 0.3
vt 0.963 0.7188
vt 0.9444 0.7375
vt 0.9444 0.7188
vt 0.9259 0.2562
vt 0.9167 0.275
vt 0.9167 0.2562
vt 0.4352 0.825
vt 0.4259 0.85
vt 0.5926 0.2
vt 0.9438 0.2738
vt 0.9502 0.2703
vt 0.9502 0.2946
vt 0.8333 0.5687
vt 0.8148 0.5875
vt 0.8148 0.5687
vt 0.3148 0.9437
vt 0.2917 0.9625
vt 0.2917 0.9437
vt 0.3148 0.7562
vt 0.2917 0.775
vt 0.2917 0.7562
vt 0.0093 0.3625
vt 0.0278 0.3625
vt 0.713 0.15
vt 0.713 0.175
vt 0.7963 0.15
vt 0.7963 0.175
vt 0.3056 0.3875
vt 0.3056 0.4
vt 0.8889 0.275
vt 0.8796 0.2562
vt 0.8889 0.2562
vt 0.8542 0.2562
vt 0.8519 0.275
vt 0.8519 0.2562
vt 0.8981 0.325
vt 0.8889 0.3
vt 0.8981 0.3
vt 0.9167 0.2
vt 0.9167 0.175
vt 0.7222 0.325
vt 0.7222 0.3
vt 0.8148 0.25
vt 0.8333 0.225
vt 0.8333 0.25
vt 0.7269 0.775
vt 0.7407 0.8
vt 0.7269 0.8
vt 0.9074 0.3375
vt 0.9074 0.325
vt 0.5833 0.15
vt 0.0741 0.725
vt 0.0926 0.7
vt 0.0926 0.725
vt 0.9259 0.175
vt 0.8611 0.2
vt 0.8519 0.175
vt 0.8704 0.2562
vt 0.8611 0.275
vt 0.8611 0.2562
vt 0.9074 0.2562
vt 0.8981 0.275
vt 0.8981 0.2562
vt 0.8889 0.425
vt 0.8796 0.4062
vt 0.8889 0.4062
vt 0.9144 0.2562
vt 0.8912 0.2562
vt 0.8796 0.275
vt 0.8773 0.2562
vt 0.7963 0.325
vt 0.8148 0.35
vt 0.7963 0.35
vt 0.3519 0.8156
vt 0.3774 0.85
vt 0.3519 0.85
vt 0.8704 0.4375
vt 0.8611 0.425
vt 0.8704 0.425
vt 0.8796 0.425
vt 0.8704 0.4062
vt 0.2454 0.7188
vt 0.2222 0.7375
vt 0.2222 0.7188
vt 0.5926 0.35
vt 0.5926 0.375
vt 0.8611 0.4062
vt 0.3981 0.825
vt 0.4074 0.85
vt 0.3981 0.85
vt 0.5255 0.2313
vt 0.5278 0.2125
vt 0.5324 0.2313
vt 0.4259 0.7875
vt 0.4167 0.8
vt 0.4167 0.7875
vt 0.4352 0.7688
vt 0.4444 0.7875
vt 0.4352 0.7875
vt 0.3889 0.8
vt 0.3889 0.7875
vt 0.4259 0.7125
vt 0.4352 0.7312
vt 0.4259 0.7312
vt 0.4074 0.8
vt 0.3981 0.7125
vt 0.4074 0.7312
vt 0.3981 0.7312
vt 0.4352 0.85
vt 0.4167 0.7312
vt 0.406 0.8686
vt 0.3903 0.8564
vt 0.406 0.8564
vt 0.8333 0.5312
vt 0.8148 0.55
vt 0.8148 0.5312
vt 0.4444 0.825
vt 0.4352 0.8
vt 0.4444 0.8
vt 0.4259 0.8
vt 0.3981 0.8503
vt 0.3889 0.825
vt 0.3889 0.85
vt 0 0.3625
vt -0 0.3875
vt 0.3889 0.7688
vt 0.9271 0.125
vt 0.4167 0.7125
vt 0.5556 0.8313
vt 0.4259 0.7688
vt 0.9861 0.0688
vt 0.9815 0.1
vt 0.9815 0.075
vt 0.4074 0.7125
vt 0.3889 0.7312
vt 0.3914 0.7113
vt 0.3914 0.7012
vt 0.3978 0.7063
vt 0.4074 0.7688
vt 0.8519 0.025
vt 0.8519 0.05
vt 0.537 0.775
vt 0.4907 0.825
vt 0.2917 0.85
vt 0.2685 0.8313
vt 0.2917 0.8313
vt 0.0278 0.3875
vt 0.5139 0.7438
vt 0.5 0.7438
vt 0.5741 0.8125
vt 0.5648 0.7937
vt 0.5741 0.7937
vt 0.9566 0.3154
vt 0.963 0.3118
vt 0.963 0.3362
vt 0.7222 0.25
vt 0.7037 0.275
vt 0.7037 0.25
vt 0.6852 0.35
vt 0.6852 0.325
vt 0.9074 0.6062
vt 0.8889 0.5875
vt 0.9074 0.5875
vt 0.2685 0.8125
vt 0.8333 0.3
vt 0.8519 0.275
vt 0.8519 0.3
vt 0.2685 0.3875
vt 0.287 0.4
vt 0.2685 0.4
vt 0.8796 0.35
vt 0.8704 0.3312
vt 0.8796 0.3312
vt 0.2685 0.7375
vt 0.2454 0.7562
vt 0.2454 0.7375
vt 0.8704 0.7
vt 0.8889 0.7188
vt 0.8704 0.7188
vt 0.537 0.0875
vt 0.5556 0.1187
vt 0.537 0.1187
vt 0.5 0.9125
vt 0.5 0.9
vt 0.6481 0.175
vt 0.9792 0.075
vt 0.9699 0.075
vt 0.8495 0.125
vt 0.8403 0.125
vt 0.838 0.1
vt 0.6227 0.1
vt 0.6285 0.125
vt 0.6678 0.125
vt 0.6481 0.1
vt 0.6736 0.1
vt 0.7407 0.25
vt 0.7222 0.275
vt 0.3519 0.8844
vt 0.3646 0.8916
vt 0.3391 0.8916
vt 0.3263 0.8844
vt 0.7037 0.325
vt 0.7037 0.3
vt 0.8588 0.2188
vt 0.8519 0.2375
vt 0.8519 0.2188
vt 0.8148 0.3
vt 0.8333 0.275
vt 0.2454 0.9437
vt 0.2685 0.9625
vt 0.2454 0.9625
vt 0.9566 0.2667
vt 0.963 0.2632
vt 0.963 0.2875
vt 0 0.7562
vt 0.0139 0.7562
vt 0 0.775
vt 0.4444 0.75
vt 0.4352 0.75
vt 0.3889 0.75
vt 0.4074 0.125
vt 0.4259 0.15
vt 0.4074 0.15
vt 0.6111 0.25
vt 0.6852 0.3
vt 0.6667 0.275
vt 0.6111 0.6047
vt 0.6296 0.625
vt 0.6111 0.6312
vt 0.6991 0.775
vt 0.6852 0.75
vt 0.6991 0.75
vt 0.6111 0.325
vt 0.6296 0.3
vt 0.0833 0.3875
vt 0.6991 0.725
vt 0.1481 0.3875
vt 0.1667 0.4
vt 0.1481 0.4
vt 0.9502 0.3291
vt 0.9375 0.3219
vt 0.9322 0.3047
vt 0.9449 0.3118
vt 0.9322 0.2703
vt 0.5926 0.175
vt 0.9269 0.2875
vt 0.963 0.7
vt 0.5764 0.075
vt 0.5741 0.075
vt 0.5741 0.05
vt 0.8611 0.35
vt 0.8519 0.3312
vt 0.8611 0.3312
vt 0.7153 0.125
vt 0.7222 0.125
vt 0.6875 0.125
vt 0.6991 0.1
vt 0.6968 0.125
vt 0.8727 0.2188
vt 0.8796 0.2375
vt 0.875 0.2375
vt 0.5556 0.8125
vt 0.5556 0.7937
vt 0.9861 0.1094
vt 0.9907 0.0938
vt 0.9653 0.125
vt 0.9769 0.1
vt 0.5856 0.075
vt 0.5926 0.05
vt 0.6013 0.075
vt 0.8681 0.125
vt 0.8588 0.125
vt 0.8565 0.1
vt 0.8356 0.075
vt 0.8333 0.075
vt 0.8981 0.2188
vt 0.8935 0.2375
vt 0.8958 0.2188
vt 0.0463 0.3875
vt 0.0648 0.3625
vt 0.2685 0.775
vt 0.2454 0.775
vt 0.4965 0.2687
vt 0.5093 0.25
vt 0.5116 0.2687
vt 0.5 0.2313
vt 0.5046 0.2125
vt 0.5069 0.2313
vt 0.2917 0.7375
vt 0.8889 0.2375
vt 0.8796 0.2188
vt 0.8889 0.2188
vt 0.7593 0.15
vt 0.7778 0.175
vt 0.7593 0.175
vt 0.2685 0.925
vt 0.7593 0.275
vt 0.7593 0.25
vt 0.0185 0.725
vt 0.0185 0.7
vt 0.5741 0.125
vt 0.5787 0.1
vt 0.581 0.125
vt 0.5266 0.2687
vt 0.537 0.25
vt 0.5417 0.2687
vt 0.9074 0.05
vt 0.9259 0.025
vt 0.9259 0.05
vt 0.4444 0.225
vt 0.4444 0.25
vt 0.6713 0.775
vt 0.6852 0.8
vt 0.6713 0.8
vt 0.6481 0.3
vt 0.6481 0.275
vt 0.7963 0.775
vt 0.7963 0.7625
vt 0.8148 0.775
vt 0.9693 0.3154
vt 0.3889 0.3875
vt 0.4074 0.4
vt 0.3889 0.4
vt 0.0741 0.775
vt 0.0926 0.75
vt 0.0926 0.775
vt 0.4167 0.75
vt 0.4167 0.7688
vt 0.7963 0.5547
vt 0.8148 0.525
vt 0.8148 0.5563
vt 0.9693 0.2667
vt 0.9757 0.2459
vt 0.9757 0.2703
vt 0.6667 0.3
vt 0.7199 0.075
vt 0.7407 0.825
vt 0.7269 0.825
vt 0.6435 0.775
vt 0.6296 0.75
vt 0.9543 0.075
vt 0.9583 0.1
vt 0.7106 0.075
vt 0.9074 0.125
vt 0.8935 0.15
vt 0.8877 0.125
vt 0.6852 0.425
vt 0.7037 0.425
vt 0.0602 0.7562
vt 0.0556 0.7562
vt 0.9074 0.2375
vt 0.8981 0.2375
vt 0.706 0.125
vt 0.5741 0.7328
vt 0.5926 0.75
vt 0.5741 0.7625
vt 0.4259 0.75
vt 0.5139 0.65
vt 0.5 0.6188
vt 0.5139 0.6188
vt 0.3826 0.7328
vt 0.371 0.7363
vt 0.3774 0.7156
vt 0.3879 0.75
vt 0.3826 0.7672
vt 0.3699 0.7743
vt 0.3981 0.75
vt 0.3211 0.7672
vt 0.3327 0.7637
vt 0.3263 0.7844
vt 0.8333 0.5875
vt 0.8889 0.625
vt 0.8889 0.6062
vt 0.5741 0.6141
vt 0.5926 0.6375
vt 0.5741 0.6438
vt 0.2917 0.7188
vt 0.2685 0.7188
vt 0.3211 0.8672
vt 0.3263 0.85
vt 0.3263 0.8156
vt 0.3391 0.8084
vt 0.3774 0.8156
vt 0.3826 0.8328
vt 0.3774 0.8844
vt 0.9259 0.2188
vt 0.9167 0.2375
vt 0.9167 0.2188
vt 0.7176 0.1
vt 0.8889 0.7375
vt 0.8704 0.7375
vt 0.7963 0.25
vt 0.7778 0.275
vt 0.7778 0.25
vt 0.0741 0.8313
vt 0.0741 0.85
vt 0.9074 0.5687
vt 0.8889 0.5687
vt 0.9502 0.2459
vt 0.6111 0.175
vt 0.8889 0.55
vt 0.9074 0.55
vt 0.7963 0.3
vt 0.7778 0.325
vt 0.7778 0.3
vt 0.2917 0.925
vt 0.0741 0.7562
vt 0.0463 0.3625
vt 0.0648 0.3375
vt 0.9757 0.2946
vt 0.9874 0.2911
vt 0.981 0.3118
vt 0.8333 0.55
vt 0.956 0.125
vt 0.9468 0.125
vt 1 0.0563
vt 0.9954 0.0625
vt 0.9385 0.2911
vt 1 0.0875
vt 0.9322 0.4047
vt 0.9269 0.3875
vt 0.9322 0.3703
vt 0.9821 0.2738
vt 0.4583 0.65
vt 0.4444 0.6188
vt 0.4583 0.6188
vt 0.999 0.2875
vt 0.9938 0.2703
vt 0.2222 0.8125
vt 0.2454 0.8125
vt 0.9537 0.15
vt 0.9074 0.5312
vt 0.8889 0.5125
vt 0.9074 0.5125
vt 0.9375 0.3875
vt 0.8889 0.5312
vt 0.8519 0.225
vt 0.8519 0.25
vt 0.1481 0.725
vt 0.1667 0.7
vt 0.1667 0.725
vt 0.1481 0.775
vt 0.1667 0.75
vt 0.1667 0.775
vt 0.8889 0.35
vt 0.8889 0.3312
vt -0 0.3375
vt 0.9885 0.2531
vt 0.9938 0.3047
vt 0.8333 0.5125
vt 0.6852 0.825
vt 0.6713 0.825
vt 0.9375 0.4219
vt 0.9502 0.3459
vt 0.9885 0.3531
vt 0.9938 0.3703
vt 0.9885 0.3875
vt 0.9885 0.4219
vt 0.9821 0.4083
vt 0.0185 0.7875
vt 0.8704 0.2375
vt 0.8611 0.2188
vt 0.8704 0.2188
vt 0.3391 0.7084
vt 0.3519 0.7013
vt 0.0556 0.7875
vt 0.5926 0.325
vt 0.6111 0.3
vt 0.5 0.0875
vt 0.5185 0.1187
vt 0.5 0.1187
vt 0.912 0.2375
vt 0.9074 0.2188
vt 0.9097 0.2188
vt 0.4259 0.3625
vt 0.4074 0.3375
vt 0.4259 0.3375
vt 0.4074 0.3875
vt 0.4074 0.3625
vt 0.5 0.025
vt 0.5185 0.0563
vt 0.5 0.0563
vt 0.5926 0.3
vt 0.5833 0.8125
vt 0.5833 0.7937
vt 0.4074 0.225
vt 0.4259 0.25
vt 0.4074 0.25
vt 0.5926 0.8125
vt 0.5926 0.7937
vt 0.7778 0.35
vt 0.7593 0.35
vt 0.6667 0.425
vt 0.3263 0.7156
vt 0.8918 0.075
vt 0.9074 0.1
vt 0.8819 0.1
vt 0.4074 0.75
vt 0.7778 0.375
vt 0.7593 0.375
vt 0.8148 0.375
vt 0.7963 0.375
vt 0.3519 0.8987
vt 0.9757 0.3459
vt 0.3646 0.7916
vt 0.3519 0.7987
vt 0.3211 0.8328
vt 0.963 0.3388
vt 0.2685 0.7
vt 0.2917 0.7
vt 0.3391 0.7429
vt 0.9821 0.3738
vt 0.3646 0.7571
vt 0.3763 0.7536
vt 0.8449 0.075
vt 0.3957 0.7012
vt 0.3957 0.7113
vt 0.9885 0.3219
vt 0.9757 0.3291
vt 0.3826 0.8672
vt 0.2454 0.7
vt 0.2222 0.7
vt 0.3519 0.8013
vt 0.3646 0.8084
vt 0.3274 0.7464
vt 0.999 0.3875
vt 0.9938 0.4047
vt 0.3892 0.7063
vt 0.3981 0.8747
vt 0.3903 0.8686
vt 0.7593 0.6578
vt 0.7778 0.6375
vt 0.7778 0.6656
vt 0.7593 0.5516
vt 0.7778 0.525
vt 0.7778 0.5531
vt 0.7778 0.75
vt 0.7778 0.7625
vt 0.7593 0.75
vt 0.6638 0.075
vt 0.6481 0.05
vt 0.6667 0.05
vt 0.8333 0.125
vt 0.8565 0.2375
vt 0.3774 0.7844
vt 0.3582 0.7779
vt 0.0648 0.7875
vt 0.9757 0.4291
vt 0.9693 0.4154
vt 0.9757 0.3946
vt 0.9074 0.275
vt 0.3879 0.85
vt 0.3158 0.85
vt 0.4027 0.8519
vt 0.4072 0.8625
vt 0.3936 0.8731
vt 0.8611 0.15
vt 0.7778 0.775
vt 0.7963 0.6734
vt 0.8148 0.65
vt 0.8148 0.6813
vt 0.7593 0.7375
vt 0.8519 0.4062
vt 0.2222 0.85
vt 0.2685 0.8688
vt 0.2685 0.85
vt 0.2917 0.8875
vt 0.2917 0.8688
vt 0.8333 0.475
vt 0.9074 0.4938
vt 0.8889 0.475
vt 0.9074 0.475
vt 0.8889 0.4938
vt 0.0741 0.7937
vt 0.0741 0.8125
vt 0.6296 0.425
vt 0.5926 0.8875
vt 0.9259 0.275
vt 0.6713 0.7
vt 0.6852 0.725
vt 0.6713 0.725
vt 0.6713 0.6
vt 0.6852 0.625
vt 0.6713 0.625
vt 0.7407 0.6
vt 0.7269 0.625
vt 0.7269 0.6
vt 0.5741 0.775
vt 0.5926 0.7625
vt 0.5926 0.775
vt 0.3455 0.7708
vt 0.3519 0.75
vt 0.8333 0.4375
vt 0.8148 0.4375
vt 0.9074 0.4375
vt 0.8889 0.4562
vt 0.8889 0.4375
vt 0.9074 0.4562
vt 0.5 0.15
vt 0.5185 0.175
vt 0.5 0.175
vt 0.8704 0.6438
vt 0.8889 0.6625
vt 0.8704 0.6625
vt 0.8704 0.625
vt 0.8889 0.6438
vt 0.963 0.625
vt 0.9444 0.625
vt 0.6852 0.25
vt 0.2685 0.7937
vt 0.2454 0.7937
vt 0.3148 0.775
vt 0.1852 0.3375
vt 0.1667 0.325
vt 0.1852 0.325
vt 0.7963 0.0875
vt 0.8148 0.1187
vt 0.7963 0.1187
vt 0.7593 0.0875
vt 0.7778 0.1187
vt 0.7593 0.1187
vt 0.7593 0.025
vt 0.7778 0.0563
vt 0.7593 0.0563
vt 0.0556 0.55
vt 0.0741 0.5687
vt 0.0556 0.5687
vt 0.0185 0.55
vt 0.037 0.5687
vt 0.0185 0.5687
vt 0.0185 0.4
vt 0.037 0.4188
vt 0.0185 0.4188
vt 0.4074 0.325
vt 0.4259 0.325
vt 0.2778 0.55
vt 0.2963 0.5687
vt 0.2778 0.5687
vt 0.2407 0.55
vt 0.2593 0.5687
vt 0.2407 0.5687
vt 0.2407 0.4
vt 0.2593 0.4188
vt 0.2407 0.4188
vt 0.0463 0.4
vt 0.0278 0.4
vt 0.6296 0.025
vt 0.6296 0.05
vt 0.6343 0.15
vt 0.6343 0.175
vt 0.6019 0.15
vt 0.5903 0.125
vt 0.0463 0.325
vt 0.0648 0.325
vt 0.8148 0.0875
vt 0.8241 0.0938
vt 0.8287 0.0688
vt 0.7407 0.0875
vt 0.7315 0.0938
vt 0.7361 0.0625
vt 0.7407 0.0563
vt 0.7269 0.1094
vt 0.5556 0.0875
vt 0.5648 0.0938
vt 0.5694 0.0688
vt 0.3056 0.3375
vt 0.287 0.325
vt 0.3056 0.325
vt 0.287 0.3625
vt 0.3056 0.3625
vt 0.287 0.3875
vt 0.9074 0.15
vt 0.8935 0.175
vt 0.2222 0.9625
vt 0.2917 0.9812
vt 0.2917 1
vt 0.2685 0.9812
vt 0.6667 0.175
vt 0.6852 0.175
vt 0.7963 0.2
vt 0.7963 0.225
vt 0.7778 0.2
vt 0.0556 0.875
vt 0.5741 0.3
vt 0.5556 0.275
vt 0.3333 0.1828
vt 0.3519 0.1625
vt 0.3519 0.1828
vt 0.2593 0.1828
vt 0.2778 0.1625
vt 0.2778 0.1828
vt 0.2593 0
vt 0.2778 0.0203
vt 0.2593 0.0203
vt 0.6667 0.85
vt 0.6481 0.85
vt 0.2037 0.5687
vt 0.2222 0.55
vt 0.2222 0.5687
vt 0.1296 0.55
vt 0.1481 0.5687
vt 0.1296 0.5687
vt 0.1296 0.4
vt 0.1481 0.4188
vt 0.1296 0.4188
vt 0.0833 0.15
vt 0.0926 0.15
vt 0.0856 0.1688
vt 0.0833 0.175
vt 0.0741 0.175
vt 0.0764 0.1938
vt 0.4722 0.175
vt 0.4815 0.175
vt 0.4792 0.1938
vt 0.4699 0.1688
vt 0.4722 0.15
vt 0.9566 0.3911
vt 0.9534 0.4101
vt 0.0741 0.2313
vt 0.0671 0.2313
vt 0.0741 0.2125
vt 0.059 0.2687
vt 0.0463 0.25
vt 0.0602 0.25
vt 0.0289 0.2687
vt 0.0185 0.25
vt 0.0324 0.25
vt 0.3704 0.2047
vt 0.375 0.2
vt 0.3704 0.225
vt 0.3657 0.2094
vt 0.3519 0.1422
vt 0.3565 0.1375
vt 0.1991 0.1375
vt 0.2037 0.1422
vt 0.2037 0.1625
vt 0.1991 0.1578
vt 0.1806 0.2
vt 0.1852 0.2047
vt 0.1852 0.225
vt 0.1667 0.3625
vt 0.1852 0.3625
vt 0.1667 0.3875
vt 0.1852 0.3875
vt 0.1111 0.3875
vt 0.2407 0.3875
vt 0.3241 0.3625
vt 0.0185 0.875
vt 0.037 0.7875
vt 0.5 0
vt 0.5185 0.025
vt 0.2454 0.8875
vt 0.2685 0.9062
vt 0.2685 0.8875
vt 0.2917 0.9062
vt 0.7037 0.3
vt 0.8704 0.6813
vt 0.8889 0.7
vt 0.8889 0.6813
vt 0.4259 0.55
vt 0.4444 0.5687
vt 0.4259 0.5687
vt 0.3519 0.55
vt 0.3704 0.5687
vt 0.3519 0.5687
vt 0.3519 0.4188
vt 0.3704 0.4
vt 0.3704 0.4188
vt 0.6852 0.45
vt 0.6991 0.425
vt 0.6991 0.45
vt 0.6852 0.5
vt 0.6991 0.475
vt 0.6991 0.5
vt 0.6296 0.5
vt 0.6435 0.475
vt 0.6435 0.5
vt 0.7593 0
vt 0.7778 0.025
vt 0.1481 0.225
vt 0.1667 0.25
vt 0.1481 0.25
vt 0.1111 0.225
vt 0.1296 0.25
vt 0.1111 0.25
vt 0.1111 0.125
vt 0.1296 0.15
vt 0.1111 0.15
vt 0.1111 0.175
vt 0.1296 0.2
vt 0.1111 0.2
vt 0.0926 0.175
vt 0.0926 0.2
vt 0.0926 0.125
vt 0.1111 0.275
vt 0.1296 0.3
vt 0.1111 0.3
vt 0.0926 0.275
vt 0.0926 0.3
vt 0.0926 0.225
vt 0.1481 0.275
vt 0.1667 0.3
vt 0.1481 0.3
vt 0.1296 0.275
vt 0.1296 0.225
vt 0.7407 -0
vt 0.6574 0.5
vt 0.6713 0.475
vt 0.6713 0.5
vt 0.6574 0.525
vt 0.6713 0.525
vt 0.6296 0.525
vt 0.6435 0.525
vt 0.713 0.5
vt 0.7269 0.475
vt 0.7269 0.5
vt 0.713 0.525
vt 0.7269 0.525
vt 0.6852 0.525
vt 0.6991 0.525
vt 0.713 0.45
vt 0.7269 0.425
vt 0.7269 0.45
vt 0.713 0.475
vt 0.6852 0.475
vt 0.3519 0.4938
vt 0.3704 0.475
vt 0.3704 0.4938
vt 0.3148 0.4938
vt 0.3333 0.475
vt 0.3333 0.4938
vt 0.3148 0.4188
vt 0.3333 0.4
vt 0.3333 0.4188
vt 0.3519 0.625
vt 0.3704 0.6438
vt 0.3519 0.6438
vt 0.3148 0.6438
vt 0.3333 0.625
vt 0.3333 0.6438
vt 0.3148 0.5687
vt 0.3333 0.55
vt 0.3333 0.5687
vt 0.4259 0.625
vt 0.4444 0.6438
vt 0.4259 0.6438
vt 0.3889 0.625
vt 0.4074 0.6438
vt 0.3889 0.6438
vt 0.3889 0.55
vt 0.4074 0.5687
vt 0.3889 0.5687
vt 0.9259 0.6625
vt 0.9074 0.6813
vt 0.9074 0.6625
vt 0.8333 0.6625
vt 0.8519 0.6813
vt 0.8333 0.6813
vt 0.8519 0.7
vt 0.8333 0.7
vt 0.3148 0.925
vt 0.3148 0.9062
vt 0.3148 0.8875
vt 0.4815 0
vt 0.4815 0.025
vt 0.1296 0.3625
vt 0.1481 0.3625
vt 0.2037 0.3625
vt 0.2222 0.3625
vt 0.2037 0.3375
vt 0.2222 0.3375
vt 0.1806 0.1187
vt 0.1852 0.1234
vt 0.1852 0.1437
vt 0.1806 0.1391
vt 0.1713 0.15
vt 0.1759 0.1547
vt 0.1759 0.175
vt 0.1944 0.1125
vt 0.1898 0.1078
vt 0.1898 0.0875
vt 0.1944 0.1328
vt 0.1898 0.1281
vt 0.1944 0.1938
vt 0.1898 0.1891
vt 0.1898 0.1688
vt 0.1991 0.0563
vt 0.2037 0.0609
vt 0.2037 0.0813
vt 0.1991 0.0766
vt 0.1944 0.0922
vt 0.3611 0.0922
vt 0.3657 0.0875
vt 0.3611 0.1125
vt 0.3565 0.0969
vt 0.3519 0.0609
vt 0.3565 0.0563
vt 0.3519 0.0813
vt 0.3657 0.1281
vt 0.3704 0.1234
vt 0.3704 0.1437
vt 0.3657 0.1484
vt 0.3565 0.1781
vt 0.3611 0.1734
vt 0.3611 0.1938
vt 0.3796 0.1547
vt 0.3843 0.15
vt 0.3796 0.175
vt 0.375 0.1594
vt 0.375 0.1187
vt 0.044 0.2687
vt 0.0394 0.3063
vt 0.0255 0.2875
vt 0.0417 0.2875
vt 0.022 0.3063
vt 0.0093 0.2875
vt 0.0741 0.2687
vt 0.0741 0.25
vt 0.0741 0.3063
vt 0.0579 0.2875
vt 0.0741 0.2875
vt 0.0567 0.3063
vt 0.0556 0.2313
vt 0.0532 0.1938
vt 0.0741 0.1938
vt 0.9502 0.4291
vt 0.963 0.4362
vt 0.463 0.2
vt 0.4676 0.1875
vt 0.4653 0.2062
vt 0.4722 0.2
vt 0.4722 0.225
vt 0.4769 0.2125
vt 0.4745 0.2313
vt 0.0787 0.2125
vt 0.0833 0.225
vt 0.081 0.2313
vt 0.0903 0.2062
vt 0.0833 0.2
vt 0.088 0.1875
vt 0.1296 0.475
vt 0.1481 0.4938
vt 0.1296 0.4938
vt 0.0926 0.475
vt 0.1111 0.4938
vt 0.0926 0.4938
vt 0.0926 0.4
vt 0.1111 0.4188
vt 0.0926 0.4188
vt 0.1296 0.625
vt 0.1481 0.6438
vt 0.1296 0.6438
vt 0.0926 0.625
vt 0.1111 0.6438
vt 0.0926 0.6438
vt 0.0926 0.55
vt 0.1111 0.5687
vt 0.0926 0.5687
vt 0.2037 0.6438
vt 0.2222 0.625
vt 0.2222 0.6438
vt 0.1667 0.625
vt 0.1852 0.6438
vt 0.1667 0.6438
vt 0.1667 0.55
vt 0.1852 0.5687
vt 0.1667 0.5687
vt 0.2593 0.0813
vt 0.2778 0.1016
vt 0.2593 0.1016
vt 0.2222 0.1016
vt 0.2407 0.0813
vt 0.2407 0.1016
vt 0.2222 0
vt 0.2407 0.0203
vt 0.2222 0.0203
vt 0.2593 0.2437
vt 0.2778 0.2641
vt 0.2593 0.2641
vt 0.2222 0.2641
vt 0.2407 0.2437
vt 0.2407 0.2641
vt 0.2222 0.1828
vt 0.2407 0.1625
vt 0.2407 0.1828
vt 0.3333 0.2641
vt 0.3519 0.2437
vt 0.3519 0.2641
vt 0.2963 0.2641
vt 0.3148 0.2437
vt 0.3148 0.2641
vt 0.2963 0.1828
vt 0.3148 0.1625
vt 0.3148 0.1828
vt 0.8148 0.225
vt 0.8148 0.2
vt 0.3148 1
vt 0.3148 0.9812
vt 0.3148 0.9625
vt 0.8796 0.15
vt 0.3241 0.3875
vt 0.5648 0.1219
vt 0.5694 0.1094
vt 0.5741 0.1
vt 0.7315 0.1219
vt 0.7407 0.1187
vt 0.8241 0.1219
vt 0.8287 0.1094
vt 0.8333 0.1
vt 0.0833 0.3375
vt 0.6204 0.15
vt 0.6204 0.175
vt 0.6111 0.025
vt 0.6111 0.05
vt 0.2407 0.475
vt 0.2593 0.4938
vt 0.2407 0.4938
vt 0.2222 0.475
vt 0.2222 0.4938
vt 0.2222 0.4
vt 0.2407 0.6438
vt 0.2593 0.625
vt 0.2593 0.6438
vt 0.2778 0.625
vt 0.2963 0.6438
vt 0.2778 0.6438
vt 0.2593 0.55
vt 0.463 0.3375
vt 0.4444 0.325
vt 0.463 0.325
vt 0.0185 0.475
vt 0.037 0.4938
vt 0.0185 0.4938
vt 0 0.475
vt 0 0.4938
vt 0 0.4188
vt 0.0185 0.625
vt 0.037 0.6438
vt 0.0185 0.6438
vt 0 0.625
vt 0 0.6438
vt 0 0.55
vt 0 0.5687
vt 0.0556 0.625
vt 0.0741 0.6438
vt 0.0556 0.6438
vt 0.037 0.55
vt 0.7778 0.0875
vt 0.7778 0.15
vt 0.7407 0.15
vt 0.8148 0.15
vt 0.2222 0.325
vt 0.2222 0.7937
vt 0.2222 0.775
vt 0.9259 0.625
vt 0.9074 0.6438
vt 0.9074 0.625
vt 0.8519 0.625
vt 0.8333 0.6438
vt 0.8519 0.6438
vt 0.4815 0.15
vt 0.9444 0.475
vt 0.9259 0.4562
vt 0.9444 0.4562
vt 0.9444 0.4375
vt 0.9259 0.4375
vt 0.8704 0.4375
vt 0.8519 0.4562
vt 0.8519 0.4375
vt 0.3391 0.7916
vt 0.713 0.6
vt 0.6991 0.625
vt 0.6991 0.6
vt 0.6991 0.55
vt 0.713 0.575
vt 0.6991 0.575
vt 0.7407 0.55
vt 0.7269 0.575
vt 0.7269 0.55
vt 0.6574 0.6
vt 0.6435 0.625
vt 0.6435 0.6
vt 0.6574 0.55
vt 0.6435 0.575
vt 0.6435 0.55
vt 0.6852 0.55
vt 0.6713 0.575
vt 0.6713 0.55
vt 0.6435 0.7
vt 0.6574 0.725
vt 0.6574 0.65
vt 0.6435 0.675
vt 0.6435 0.65
vt 0.6713 0.65
vt 0.6852 0.675
vt 0.6713 0.675
vt 0.9444 0.4938
vt 0.9259 0.5125
vt 0.9259 0.4938
vt 0.9259 0.475
vt 0.8704 0.4938
vt 0.8519 0.475
vt 0.8704 0.475
vt 0.3148 0.8688
vt 0.3148 0.85
vt 0.8611 0.3875
vt 0.8519 0.3688
vt 0.8611 0.3688
vt 0.8704 0.2938
vt 0.8611 0.3125
vt 0.8611 0.2938
vt 0.7963 0.7328
vt 0.8148 0.7125
vt 0.8148 0.7438
vt 0.7778 0.7219
vt 0.7963 0.7031
vt 0.7963 0.6438
vt 0.8426 0.15
vt 0.695 0.075
vt 0.6852 0.05
vt 0.6794 0.075
vt 0.6481 0.075
vt 0.7593 0.6047
vt 0.7778 0.5813
vt 0.7778 0.6094
vt 0.7593 0.5781
vt 0.7593 0.525
vt 0.7593 0.7109
vt 0.7778 0.6937
vt 0.7407 0.7
vt 0.7593 0.6844
vt 0.7407 0.65
vt 0.7593 0.6312
vt 0.3148 0.7
vt 0.7407 0.35
vt 0.7407 0.375
vt 0.8762 0.075
vt 0.8704 0.05
vt 0.8605 0.075
vt 0.8889 0.05
vt 0 0.7188
vt 0 0.7375
vt 0.7407 0.325
vt 0.8889 0.2
vt 0.5833 0.775
vt 0.3889 0.3625
vt 0.3704 0.3375
vt 0.3889 0.3375
vt 0.4074 0.275
vt 0.4259 0.3
vt 0.4074 0.3
vt 0.3889 0.275
vt 0.3889 0.3
vt 0.3889 0.225
vt 0.3889 0.25
vt 0.5741 0.775
vt 0.5185 0.0875
vt 0.4815 0.0563
vt 0.4815 0.0875
vt 0.463 0.3625
vt 0.4444 0.3875
vt 0.4444 0.3625
vt 0.4444 0.3375
vt 0.8611 0.2375
vt 0.5185 0.15
vt 0.4815 0.1187
vt 0.6111 0.35
vt 0.6435 0.8
vt 0.6574 0.825
vt 0.6435 0.825
vt 0.8704 0.5312
vt 0.8519 0.5125
vt 0.8704 0.5125
vt 0.963 0.2388
vt 0.8889 0.3125
vt 0.8796 0.2938
vt 0.8889 0.2938
vt 0.1852 0.775
vt 0.2037 0.75
vt 0.2037 0.775
vt 0.1852 0.8
vt 0.2037 0.8
vt 0.1481 0.8
vt 0.1667 0.8
vt 0.1852 0.725
vt 0.2037 0.7
vt 0.2037 0.725
vt 0.1852 0.75
vt 0.1481 0.75
vt 0.9444 0.5312
vt 0.9259 0.55
vt 0.9259 0.5312
vt 0.9444 0.5125
vt 0.4583 0.5563
vt 0.4444 0.5875
vt 0.4444 0.5563
vt 0.4861 0.5875
vt 0.4722 0.5563
vt 0.4861 0.5563
vt 0.4861 0.6188
vt 0.4722 0.65
vt 0.4722 0.6188
vt 0.8704 0.5687
vt 0.8519 0.55
vt 0.8704 0.55
vt 0.4352 0.7125
vt 0.2685 0.9437
vt 0.7963 0.275
vt 0.8148 0.275
vt 0.9444 0.5687
vt 0.9444 0.55
vt 0.9259 0.5875
vt 0.9259 0.5687
vt 0.0093 0.7875
vt 0.7778 0.225
vt 0.8333 0.7188
vt 0.8519 0.7375
vt 0.8333 0.7375
vt 0.6944 0.15
vt 0.9259 0.2
vt 0.3148 0.7188
vt 0.5556 0.6188
vt 0.5556 0.65
vt 0.5556 0.5563
vt 0.5741 0.5844
vt 0.5556 0.5875
vt 0.5741 0.5547
vt 0.5926 0.5813
vt 0.9444 0.6062
vt 0.9259 0.6062
vt 0.8704 0.6062
vt 0.8519 0.5875
vt 0.8704 0.5875
vt 0.5139 0.5875
vt 0.5 0.5563
vt 0.5139 0.5563
vt 0.5417 0.5875
vt 0.5278 0.5563
vt 0.5417 0.5563
vt 0.5417 0.65
vt 0.5278 0.6188
vt 0.5417 0.6188
vt 0.5556 0.7438
vt 0.5556 0.775
vt 0.5556 0.6813
vt 0.5741 0.7031
vt 0.5556 0.7125
vt 0.5741 0.6734
vt 0.5926 0.6937
vt 0.923 0.075
vt 0.9329 0.1
vt 0.9387 0.075
vt 0.963 0.05
vt 0.6574 0.75
vt 0.6713 0.75
vt 0.6991 0.8
vt 0.713 0.825
vt 0.6991 0.825
vt 0.6667 0.25
vt 0.7963 0.6141
vt 0.8148 0.6188
vt 0.7963 0.5844
vt 0.7963 0.525
vt 0.1111 0.775
vt 0.1296 0.75
vt 0.1296 0.775
vt 0.1111 0.8
vt 0.1296 0.8
vt 0.0741 0.8
vt 0.0926 0.8
vt 0.3704 0.4
vt 0.3519 0.4
vt 0.6574 0.8
vt 0.4444 0.275
vt 0.463 0.3
vt 0.4444 0.3
vt 0.4259 0.275
vt 0.4259 0.225
vt 0.9444 0.025
vt 0.963 0.025
vt 0.5336 0.3063
vt 0.5463 0.2875
vt 0.5509 0.3063
vt 0.5162 0.3063
vt 0.5301 0.2875
vt 0.5231 0.25
vt 0.4444 0.7312
vt 0.7407 0.225
vt 0.2222 0.9437
vt 0.2222 0.925
vt 0.2685 0.7562
vt 0.4884 0.2313
vt 0.4815 0.2313
vt 0.4815 0.2125
vt 0.4815 0.1938
vt 0.5 0.175
vt 0.5023 0.1938
vt 0.4988 0.3063
vt 0.5139 0.2875
vt 0.4815 0.3063
vt 0.4977 0.2875
vt 0.4815 0.2687
vt 0.4954 0.25
vt 0.2222 0.7562
vt 0.6169 0.075
vt 0.6325 0.075
vt 0.9907 0.1219
vt 1 0.1187
vt 0.5648 0.775
vt 0.6759 0.15
vt 0.8519 0.2938
vt 0.9259 0.7
vt 0.9074 0.7188
vt 0.9074 0.7
vt 0.1296 0.4
vt 0.1111 0.4
vt 0.7269 0.75
vt 0.713 0.725
vt 0.713 0.75
vt 0.5926 0.6094
vt 0.5926 0.5531
vt 0.6111 0.5781
vt 0.6111 0.5516
vt 0.6296 0.575
vt 0.4074 0.175
vt 0.4259 0.2
vt 0.4074 0.2
vt 0.3889 0.175
vt 0.3889 0.2
vt 0.3889 0.125
vt 0.3889 0.15
vt 0.3889 0.7125
vt 0.4444 0.7125
vt 0.8148 0.325
vt 0.8333 0.325
vt 0.8519 0.2
vt 0.7222 0.225
vt 0.6481 0.125
vt 0.6481 0.15
vt 0.5556 0.15
vt 0.8519 0.7188
vt 0.8796 0.3125
vt 0.8519 0.325
vt 0.3148 0.8313
vt 0.3148 0.8125
vt 0.9444 0.5875
vt 0.5139 0.6813
vt 0.5 0.7125
vt 0.5 0.6813
vt 0.5417 0.7125
vt 0.5278 0.6813
vt 0.5417 0.6813
vt 0.5417 0.775
vt 0.5278 0.7438
vt 0.5417 0.7438
vt 0.8704 0.025
vt 0.8889 0.025
vt 0.5648 0.8125
vt 0.4444 0.7688
vt 0.8519 0.5312
vt 0.5139 0.2313
vt 0.5185 0.175
vt 0.5231 0.1938
vt 0.8704 0.3688
vt 0.8796 0.3875
vt 0.8796 0.3688
vt 0.8889 0.3875
vt 0.8889 0.3688
vt 0.1111 0.725
vt 0.1296 0.7
vt 0.1296 0.725
vt 0.1111 0.75
vt 0.0741 0.75
vt 0.713 0.8
vt 0.7407 0.275
vt 0.0463 0.3375
vt 0.8519 0.5687
vt 0.9375 0.2531
vt 0.9259 0.2375
vt 0.9259 0.7375
vt 0.9074 0.7375
vt 0.4583 0.7125
vt 0.4444 0.6813
vt 0.4583 0.6813
vt 0.4861 0.6813
vt 0.4722 0.7125
vt 0.4722 0.6813
vt 0.4861 0.7438
vt 0.4722 0.7438
vt 0.8519 0.6062
vt 0.5926 0.7219
vt 0.5926 0.6656
vt 0.6111 0.6844
vt 0.6111 0.6578
vt 0.6296 0.675
vt 0.4444 0.175
vt 0.4444 0.2
vt 0.4259 0.175
vt 0.4259 0.125
vt 0.3704 0.3875
vt 0.3704 0.3625
vt 0.4259 0.3875
vt 0.4444 0.4
vt 0 0.7937
vt 0.2037 0.4
vt 0.1852 0.4
vt 0.8519 0.4938
vt 0.6991 0.7
vt 0.713 0.65
vt 0.6991 0.675
vt 0.6991 0.65
vt 0.7269 0.65
vt 0.7407 0.675
vt 0.7269 0.675
vt 0.8704 0.4562
vt 0.9259 0.6438
vt 0.1481 0.3375
vt 0.1296 0.325
vt 0.1481 0.325
vt 0.0556 0.475
vt 0.0741 0.4938
vt 0.0556 0.4938
vt 0.037 0.475
vt 0.037 0.4
vt 0.3704 0.325
vt 0.3889 0.325
vt 0.2778 0.475
vt 0.2963 0.4938
vt 0.2778 0.4938
vt 0.2593 0.475
vt 0.2593 0.4
vt 0.6852 0.025
vt 0.287 0.3375
vt 0.9074 0.175
vt 0.2685 1
vt 0.5556 0.3
vt 0.3333 0.1016
vt 0.3519 0.1016
vt 0.2963 0.1016
vt 0.3148 0.0813
vt 0.3148 0.1016
vt 0.2963 0
vt 0.3148 0.0203
vt 0.2963 0.0203
vt 0.2037 0.4938
vt 0.1667 0.475
vt 0.1852 0.4938
vt 0.1667 0.4938
vt 0.1667 0.4
vt 0.1852 0.4188
vt 0.1667 0.4188
vt 0.088 0.2875
vt 0.0903 0.3063
vt 0.4676 0.2875
vt 0.4653 0.3063
vt 0.0301 0.2313
vt 0.0231 0.2313
vt 0.0278 0.2125
vt 0.0324 0.1938
vt 0.3611 0.2547
vt 0.3657 0.25
vt 0.3611 0.275
vt 0.3565 0.2594
vt 0.3519 0.2234
vt 0.3565 0.2188
vt 0.1991 0.2188
vt 0.2037 0.2234
vt 0.2037 0.2437
vt 0.1991 0.2391
vt 0.1898 0.25
vt 0.1944 0.2547
vt 0.1944 0.275
vt 0.1296 0.3375
vt 0.5185 0
vt 0.9259 0.6813
vt 0.4259 0.475
vt 0.4444 0.4938
vt 0.4259 0.4938
vt 0.3889 0.475
vt 0.4074 0.4938
vt 0.3889 0.4938
vt 0.3889 0.4188
vt 0.4074 0.4188
vt 0.6574 0.45
vt 0.6713 0.425
vt 0.6713 0.45
vt 0.6574 0.475
vt 0.6296 0.475
vt 0.7778 0
vt 0.1481 0.175
vt 0.1667 0.2
vt 0.1481 0.2
vt 0.1296 0.175
vt 0.1296 0.125
vt 0.1667 0.225
vt 0.6852 0.425
vt 0.3889 0.4562
vt 0.4074 0.4375
vt 0.4074 0.4562
vt 0.3704 0.4375
vt 0.3704 0.4562
vt 0.3889 0.5125
vt 0.4074 0.5312
vt 0.3889 0.5312
vt 0.3704 0.5125
vt 0.3704 0.5312
vt 0.4259 0.5125
vt 0.4444 0.5312
vt 0.4259 0.5312
vt 0.4074 0.5125
vt 0.4074 0.475
vt 0.1667 0.3375
vt 0.1898 0.2094
vt 0.1944 0.2141
vt 0.1944 0.2344
vt 0.1898 0.2297
vt 0.1991 0.2594
vt 0.1991 0.1781
vt 0.2037 0.1828
vt 0.2037 0.2031
vt 0.1991 0.1984
vt 0.3565 0.1984
vt 0.3519 0.2031
vt 0.3611 0.2141
vt 0.3611 0.2344
vt 0.3565 0.2391
vt 0.3657 0.2297
vt 0.037 0.175
vt 0.0556 0.175
vt 0.463 0.325
vt 0.1667 0.4375
vt 0.1852 0.4562
vt 0.1667 0.4562
vt 0.1481 0.4375
vt 0.1481 0.4562
vt 0.1481 0.4
vt 0.1667 0.5125
vt 0.1852 0.5312
vt 0.1667 0.5312
vt 0.1481 0.5125
vt 0.1481 0.5312
vt 0.1481 0.475
vt 0.2037 0.5125
vt 0.2222 0.5312
vt 0.2037 0.5312
vt 0.1852 0.5125
vt 0.1852 0.475
vt 0.2963 0.0609
vt 0.3148 0.0406
vt 0.3148 0.0609
vt 0.2778 0.0406
vt 0.2778 0.0609
vt 0.2963 0.1422
vt 0.3148 0.1219
vt 0.3148 0.1422
vt 0.2778 0.1219
vt 0.2778 0.1422
vt 0.2778 0.0813
vt 0.3333 0.1422
vt 0.3519 0.1219
vt 0.3333 0.0813
vt 0.6667 0.025
vt 0.2593 0.4375
vt 0.2778 0.4562
vt 0.2593 0.4562
vt 0.2593 0.5125
vt 0.2778 0.5312
vt 0.2593 0.5312
vt 0.2778 0.5125
vt 0.2963 0.5312
vt 0.037 0.4375
vt 0.0556 0.4562
vt 0.037 0.4562
vt 0.037 0.5125
vt 0.0556 0.5312
vt 0.037 0.5312
vt 0.0556 0.5125
vt 0.0741 0.5312
vt 0.713 0.675
vt 0.713 0.625
vt 0.6852 0.65
vt 0.6852 0.7
vt 0.463 0.225
vt 0.6296 0.65
vt 0.4861 0.7125
vt 0.4861 0.775
vt 0.4861 0.65
vt 0.5 0.65
vt 0.4444 0.65
vt 0.6852 0.775
vt 0.1481 0.7
vt 0.8704 0.35
vt 0.9074 0.025
vt 0.5278 0.7125
vt 0.5278 0.65
vt 0.5139 0.7125
vt 0.963 0.6062
vt 0.963 0.5875
vt 0.8704 0.275
vt 0.8148 0.7
vt 0.8148 0.7188
vt 0.6111 0.525
vt 0.6296 0.55
vt 0.5926 0.525
vt 0.7407 0.775
vt 0.7407 0.75
vt 0.4815 0.2875
vt 0.4815 0.325
vt 0.5 0.325
vt 0.5185 0.325
vt 0.4815 0.25
vt 0.537 0.325
vt 0.4444 0.325
vt 0.4259 0.325
vt 0.6296 0.775
vt 0.6296 0.8
vt 0.9444 0.05
vt 0.9074 0.075
vt 0.5278 0.5875
vt 0.5278 0.525
vt 0.5417 0.525
vt 0.5556 0.525
vt 0.5 0.525
vt 0.5139 0.525
vt 0.5741 0.525
vt 0.8148 0.7375
vt 0.963 0.5687
vt 0.963 0.55
vt 0.4722 0.5875
vt 0.5 0.5875
vt 0.4722 0.525
vt 0.4861 0.525
vt 0.4583 0.525
vt 0.4444 0.525
vt 0.963 0.5312
vt 0.963 0.5125
vt 0.2222 0.725
vt 0.2222 0.75
vt 0.2222 0.8
vt 0.4815 0.3625
vt 0.4815 0.3375
vt 0.4074 0.325
vt 0.3889 0.325
vt 0.7407 0.575
vt 0.7407 0.625
vt 0.8519 0.35
vt 0.963 0.475
vt 0.963 0.4938
vt 0.6574 0.675
vt 0.6574 0.625
vt 0.6296 0.7
vt 0.6574 0.575
vt 0.6296 0.6
vt 0.713 0.55
vt 0.6852 0.575
vt 0.6852 0.6
vt 0.963 0.4562
vt 0.963 0.4375
vt 0.8148 0.6625
vt 0.8148 0.6438
vt 0.8148 0.625
vt 0.2407 0.3375
vt 0.037 0.5875
vt 0.0556 0.6062
vt 0.037 0.6062
vt 0.037 0.6625
vt 0.0556 0.6813
vt 0.037 0.6813
vt 0.0556 0.6625
vt 0.0741 0.6813
vt 0 0.5875
vt 0.0185 0.6062
vt 0 0.6062
vt 0 0.6813
vt 0.0185 0.6625
vt 0.0185 0.6813
vt 0 0.4375
vt 0.0185 0.4562
vt 0 0.4562
vt 0 0.5125
vt 0.0185 0.5312
vt 0 0.5312
vt 0.0185 0.5125
vt 0.2593 0.5875
vt 0.2778 0.6062
vt 0.2593 0.6062
vt 0.2593 0.6625
vt 0.2778 0.6813
vt 0.2593 0.6813
vt 0.2963 0.6625
vt 0.2963 0.6813
vt 0.2222 0.5875
vt 0.2407 0.6062
vt 0.2222 0.6062
vt 0.2222 0.6625
vt 0.2407 0.6813
vt 0.2222 0.6813
vt 0.2407 0.6625
vt 0.2222 0.4375
vt 0.2407 0.4562
vt 0.2222 0.4562
vt 0.2222 0.5125
vt 0.2407 0.5312
vt 0.2407 0.5125
vt 0.5926 0.025
vt 0.2963 0.2031
vt 0.3148 0.2234
vt 0.2963 0.2234
vt 0.2778 0.2234
vt 0.2963 0.3047
vt 0.3148 0.2844
vt 0.3148 0.3047
vt 0.2778 0.3047
vt 0.2963 0.2844
vt 0.2963 0.2437
vt 0.3333 0.2844
vt 0.3333 0.3047
vt 0.3333 0.2437
vt 0.2222 0.2031
vt 0.2407 0.2234
vt 0.2222 0.2234
vt 0.2222 0.3047
vt 0.2407 0.2844
vt 0.2407 0.3047
vt 0.2222 0.2844
vt 0.2037 0.2641
vt 0.2222 0.2437
vt 0.2593 0.3047
vt 0.2778 0.2844
vt 0.2593 0.2844
vt 0.2222 0.0406
vt 0.2407 0.0609
vt 0.2222 0.0609
vt 0.2037 0.0203
vt 0.2222 0.1422
vt 0.2407 0.1219
vt 0.2407 0.1422
vt 0.2222 0.1219
vt 0.2037 0.1016
vt 0.2593 0.1219
vt 0.2593 0.1422
vt 0.1667 0.5875
vt 0.1852 0.6062
vt 0.1667 0.6062
vt 0.1481 0.6062
vt 0.1481 0.55
vt 0.1667 0.6625
vt 0.1852 0.6813
vt 0.1667 0.6813
vt 0.1481 0.6813
vt 0.1481 0.625
vt 0.2037 0.6813
vt 0.1852 0.6625
vt 0.1852 0.625
vt 0.0926 0.5875
vt 0.1111 0.6062
vt 0.0926 0.6062
vt 0.0741 0.6062
vt 0.0741 0.55
vt 0.0926 0.6813
vt 0.1111 0.6625
vt 0.1111 0.6813
vt 0.0926 0.6625
vt 0.0741 0.625
vt 0.1296 0.6625
vt 0.1296 0.6813
vt 0.1111 0.625
vt 0.0926 0.4375
vt 0.1111 0.4562
vt 0.0926 0.4562
vt 0.0741 0.4375
vt 0.0741 0.4562
vt 0.0926 0.5125
vt 0.1111 0.5312
vt 0.0926 0.5312
vt 0.0741 0.475
vt 0.1296 0.5125
vt 0.1296 0.5312
vt 0.1111 0.5125
vt 0.0556 0.325
vt 0.0741 0.325
vt 0.0185 0.325
vt 0.0046 0.3063
vt 0.037 0.325
vt 0.375 0.0984
vt 0.3796 0.0938
vt 0.3704 0.1031
vt 0.3704 0.0828
vt 0.375 0.0781
vt 0.3796 0.1141
vt 0.3796 0.1344
vt 0.375 0.1391
vt 0.3843 0.1297
vt 0.3843 0.1094
vt 0.3611 0.1328
vt 0.3611 0.1531
vt 0.3565 0.1578
vt 0.3657 0.1688
vt 0.3657 0.1078
vt 0.3565 0.0359
vt 0.3611 0.0312
vt 0.3519 0.0406
vt 0.3565 0.0156
vt 0.3611 0.0516
vt 0.3611 0.0719
vt 0.3565 0.0766
vt 0.3657 0.0672
vt 0.3704 0.0625
vt 0.3657 0.0469
vt 0.1898 0.0469
vt 0.1944 0.0516
vt 0.1944 0.0719
vt 0.1898 0.0672
vt 0.1852 0.0625
vt 0.1944 0.0312
vt 0.1991 0.0969
vt 0.1991 0.0156
vt 0.2037 0.0406
vt 0.1991 0.0359
vt 0.1852 0.1641
vt 0.1852 0.1844
vt 0.1898 0.1484
vt 0.1944 0.1531
vt 0.1944 0.1734
vt 0.1852 0.0828
vt 0.1852 0.1031
vt 0.1713 0.1094
vt 0.1759 0.1141
vt 0.1759 0.1344
vt 0.1713 0.1297
vt 0.1667 0.125
vt 0.1759 0.0938
vt 0.1806 0.1594
vt 0.1806 0.0781
vt 0.1806 0.0984
vt 0.3889 0.5875
vt 0.4074 0.6062
vt 0.3889 0.6062
vt 0.3704 0.5875
vt 0.3704 0.6062
vt 0.3704 0.55
vt 0.3889 0.6625
vt 0.4074 0.6813
vt 0.3889 0.6813
vt 0.3704 0.6625
vt 0.3704 0.6813
vt 0.3704 0.625
vt 0.4259 0.6625
vt 0.4259 0.6813
vt 0.4074 0.6625
vt 0.4074 0.625
vt 0.3148 0.6062
vt 0.3333 0.5875
vt 0.3333 0.6062
vt 0.2963 0.5875
vt 0.2963 0.6062
vt 0.2963 0.55
vt 0.3148 0.6625
vt 0.3333 0.6813
vt 0.3148 0.6813
vt 0.2963 0.625
vt 0.3519 0.6625
vt 0.3519 0.6813
vt 0.3333 0.6625
vt 0.3148 0.4375
vt 0.3333 0.4562
vt 0.3148 0.4562
vt 0.2963 0.4375
vt 0.2963 0.4562
vt 0.2963 0.4
vt 0.3148 0.5125
vt 0.3333 0.5312
vt 0.3148 0.5312
vt 0.2963 0.475
vt 0.3519 0.5312
vt 0.3519 0.5125
vt 0.3519 0.475
vt 0.7407 0.45
vt 0.7407 0.475
vt 0.7407 0.425
vt 0.7407 0.5
vt 0.7407 0.525
vt 0.1667 0.275
vt 0.713 0.425
vt 0.3519 0.4562
vt 0.3519 0.4375
vt 0.3519 0.4
vt 0.3519 0.5875
vt 0.3519 0.6062
vt 0.4259 0.5875
vt 0.4444 0.6062
vt 0.4259 0.6062
vt 0.4074 0.5875
vt 0.4074 0.55
vt 0.8519 0.6625
vt 0.1296 0.3875
vt 0.2037 0.3875
vt 0.1806 0.1797
vt 0.2037 0.1219
vt 0.1991 0.1172
vt 0.3565 0.1172
vt 0.3704 0.1641
vt 0.3704 0.1844
vt 0.3657 0.1891
vt 0.375 0.1797
vt 0.0139 0.2687
vt 0.463 0.175
vt 0.1296 0.4375
vt 0.1296 0.4562
vt 0.1111 0.4375
vt 0.1111 0.4
vt 0.1296 0.5875
vt 0.1296 0.6062
vt 0.1111 0.5875
vt 0.1111 0.55
vt 0.2037 0.5875
vt 0.2037 0.6062
vt 0.1852 0.5875
vt 0.1852 0.55
vt 0.2593 0.0609
vt 0.2593 0.0406
vt 0.2593 0.2234
vt 0.2778 0.2031
vt 0.2593 0.2031
vt 0.2593 0.1625
vt 0.3333 0.2234
vt 0.3333 0.2031
vt 0.3333 0.1625
vt 0.2407 0.4375
vt 0.2407 0.5875
vt 0.2778 0.5875
vt 0.0185 0.4375
vt 0.0185 0.5875
vt 0.0556 0.5875
vt 0.6574 0.7
vt 0.8519 0.3875
vt 0.8704 0.3125
vt 0.1852 0.7
vt 0.4583 0.5875
vt 0.6574 0.775
vt 0.463 0.275
vt 0.8519 0.3125
vt 0.9259 0.7188
vt 0.713 0.775
vt 0.5139 0.775
vt 0.8704 0.3875
vt 0.1111 0.7
vt 0.713 0.7
vt 0.0556 0.4375
vt 0.2778 0.4375
vt 0.3333 0.0609
vt 0.3333 0.0406
vt 0.2037 0.4375
vt 0.2037 0.4562
vt 0.1852 0.4
vt 0.3565 0.2797
vt 0.3519 0.2844
vt 0.2037 0.2844
vt 0.1991 0.2797
vt 0.4259 0.4562
vt 0.4444 0.4375
vt 0.4444 0.4562
vt 0.6574 0.425
vt 0.1667 0.175
vt 0.4259 0.4375
vt 0.4444 0.475
vt 0.1852 0.4375
vt 0.2037 0.475
vt 0.037 0.625
vt 0.2407 0.625
vt 0.3148 0.2031
vt 0.2407 0.2031
vt 0.2778 0.2437
vt 0.2407 0.0406
vt 0.2037 0.625
vt 0.1111 0.475
vt 0.4444 0.625
vt 0.3333 0.4375
vt 0.3333 0.5125
vt 0.2963 0.5125
vt 0.3148 0.55
vt 0.3148 0.475
vt 0.3519 0.7
vt 0.3333 0.7
vt 0.3704 0.7
vt 0.3148 0.7
vt 0.2963 0.7
vt 0.3148 0.5875
vt 0.3148 0.625
vt 0.4259 0.7
vt 0.4074 0.7
vt 0.4444 0.7
vt 0.3889 0.7
vt 0.0741 0.5125
vt 0.0741 0.6625
vt 0.0741 0.7
vt 0.0741 0.5875
vt 0.2037 0.6625
vt 0.1481 0.6625
vt 0.1481 0.5875
vt 0.2222 0.1625
vt 0.2222 0.0813
vt 0.2593 0.325
vt 0.2778 0.325
vt 0.3333 0.325
vt 0.3148 0.325
vt 0.2963 0.325
vt 0.2593 0.7
vt 0.2407 0.7
vt 0.2778 0.7
vt 0.037 0.7
vt 0.0185 0.7
vt 0 0.7
vt 0.0556 0.7
vt 0.3333 0.1219
vt 0.2963 0.1219
vt 0.2963 0.1625
vt 0.2963 0.0406
vt 0.2963 0.0813
vt 0.2037 0.55
vt 0.4444 0.55
vt 0.3889 0.4375
vt 0.4444 0.5125
vt 0 0.6625
vt 0.2778 0.6625
vt 0.4444 0.6625
vt 0.8148 -0
vt 0.4722 0.8
vt 0.5556 0.425
vt 0.5556 0
vt 0.3519 0
vt 0.2222 1
vt 0.9352 0.175
vt 1 0.025
vt 0.0741 0.4
vt 0.963 0.6625
vt 0.9259 0.3
vt 0.4815 0.9
vt 0 0.85
vt 0.537 0.9125
vt 0.4815 0.3875
vt 0.5741 0.8625
vt 0.6296 0.9125
vt 0.463 0.125
vt 0.6667 0.8375
vt 0.4583 0.775
vt 0.963 0.7375
vt 0.8889 0.325
vt 0.8981 0.3375
vt 0.5833 0.175
vt 0.8611 0.4375
vt 0.4444 0.85
vt 0.3148 0.7375
vt 0.8519 0.425
vt 0.6481 0.025
vt 0.2778 0
vt 0.3148 0.4
vt 0.2407 0
vt 1 0.15
vt 0.5278 0.775
vt 0.3148 0
vt 0.2037 0
s 1
f 897/1 1302/2 1881/3
f 968/4 97/5 770/6
f 150/7 147/8 149/9
f 1021/10 1538/11 1879/12
f 606/13 172/14 476/15
f 1394/16 1964/17 2281/18
f 87/19 390/20 409/21
f 1024/22 450/15 1208/23
f 211/24 206/25 207/26
f 609/27 1356/28 1673/29
f 1016/30 52/31 766/32
f 1022/33 472/34 1204/35
f 969/36 95/37 771/38
f 482/39 705/40 1203/41
f 255/42 248/43 246/44
f 164/45 163/46 162/47
f 122/48 448/49 591/39
f 548/50 56/51 334/52
f 348/53 32/54 23/55
f 10/56 25/57 15/58
f 12/59 16/60 26/61
f 20/62 28/63 24/64
f 324/65 331/66 325/67
f 18/68 22/69 27/70
f 19/71 23/55 32/72
f 338/73 30/74 359/75
f 17/76 31/77 21/78
f 11/79 30/74 13/80
f 301/66 296/81 295/67
f 9/82 14/83 29/84
f 357/85 1299/86 1671/87
f 1571/88 2088/89 35/90
f 2089/91 1546/92 33/93
f 1662/94 1866/95 1190/96
f 220/97 509/98 1188/99
f 1355/100 370/101 1380/102
f 368/103 1385/104 1313/105
f 1599/106 1966/107 2277/108
f 608/109 186/110 488/111
f 1560/112 1962/113 2275/114
f 106/115 841/116 1015/117
f 607/49 170/118 482/39
f 750/119 515/120 1174/121
f 256/122 246/44 247/123
f 673/124 71/125 387/126
f 886/127 449/128 1172/129
f 252/130 242/131 243/132
f 69/133 383/134 385/135
f 588/136 444/137 671/138
f 457/139 470/140 670/141
f 86/142 922/143 1004/144
f 359/75 755/145 1171/146
f 443/147 157/148 469/149
f 90/150 58/151 87/152
f 755/145 11/79 757/153
f 78/154 64/155 90/150
f 67/156 81/157 91/158
f 66/159 77/160 80/161
f 65/162 79/163 76/164
f 760/165 415/166 1167/167
f 1164/168 569/169 960/170
f 201/171 203/172 205/173
f 565/174 60/175 382/176
f 763/177 417/178 1161/179
f 715/180 20/62 706/181
f 853/182 1159/183 405/184
f 489/185 186/110 189/186
f 205/173 200/187 201/171
f 90/150 786/188 788/189
f 201/171 196/190 197/191
f 945/192 63/193 687/194
f 101/195 415/166 95/37
f 402/196 102/197 96/198
f 408/199 110/200 429/201
f 417/178 103/202 99/203
f 100/204 396/205 98/206
f 1397/207 93/208 1330/209
f 995/210 10/57 849/211
f 1001/212 1965/213 2145/214
f 1569/215 19/71 1565/216
f 1003/217 1967/218 2143/219
f 770/6 763/177 1290/220
f 1299/86 12/59 1300/221
f 161/222 164/45 160/223
f 595/224 813/225 1146/226
f 428/227 111/228 71/125
f 427/229 107/230 69/133
f 5/231 82/232 105/233
f 53/234 84/235 109/236
f 54/231 110/233 85/237
f 6/238 106/239 83/240
f 7/241 69/133 107/242
f 4/243 104/244 68/245
f 55/243 71/125 111/244
f 52/246 108/31 70/247
f 244/43 253/248 245/249
f 616/250 1363/251 1645/252
f 759/253 65/163 745/254
f 209/255 211/24 207/26
f 253/248 243/132 245/249
f 1450/256 224/257 494/258
f 1026/259 592/260 1139/261
f 441/262 800/263 118/264
f 273/265 524/266 536/267
f 151/268 149/269 148/270
f 1958/271 121/272 1340/273
f 447/274 169/275 159/276
f 91/158 61/277 67/156
f 536/267 270/278 273/265
f 147/8 153/279 146/280
f 89/281 391/282 566/283
f 608/284 192/285 487/286
f 567/287 5/231 392/282
f 123/14 1551/288 858/289
f 1444/290 226/291 496/292
f 158/293 169/294 168/295
f 153/279 148/270 146/280
f 1130/296 138/297 468/298
f 212/171 209/190 208/191
f 815/299 1345/300 816/301
f 210/302 215/303 214/172
f 133/304 464/305 463/306
f 71/125 336/52 387/126
f 720/307 462/308 1128/309
f 1558/310 9/83 1578/311
f 161/312 457/313 588/136
f 749/314 280/315 278/316
f 142/317 450/15 593/13
f 429/201 744/318 1127/319
f 154/320 162/321 163/46
f 165/322 475/323 154/320
f 156/324 164/325 162/326
f 183/327 838/328 835/329
f 202/303 205/330 203/172
f 155/331 167/332 157/148
f 155/331 168/295 166/333
f 168/295 167/334 166/333
f 971/335 424/336 1124/337
f 828/299 1516/300 740/301
f 831/338 173/48 830/339
f 185/340 837/341 834/342
f 1390/343 18/344 1298/345
f 771/38 760/165 1288/346
f 1556/347 348/53 1442/348
f 182/349 834/342 838/328
f 198/24 195/25 194/26
f 185/340 183/350 184/351
f 189/186 187/352 188/353
f 110/200 807/354 744/318
f 952/355 1308/356 1849/357
f 652/358 86/359 410/360
f 651/361 85/237 408/199
f 212/171 214/172 216/173
f 208/191 210/302 212/171
f 901/362 4/244 842/363
f 330/364 333/365 331/366
f 489/185 188/353 487/286
f 214/172 217/367 216/330
f 198/24 203/172 199/302
f 200/368 202/303 198/24
f 1631/369 118/264 1581/370
f 213/368 215/303 211/24
f 1846/371 118/264 800/263
f 193/372 191/373 190/374
f 197/191 199/302 201/171
f 407/375 53/234 394/376
f 355/377 16/60 357/85
f 1607/378 505/379 1434/380
f 280/315 274/381 278/316
f 212/171 217/382 213/187
f 1957/383 115/269 1336/384
f 1032/385 804/386 1284/387
f 610/388 1357/389 1621/390
f 892/391 265/392 876/393
f 322/394 330/395 324/65
f 644/396 69/133 385/135
f 819/397 1094/398 501/399
f 1426/400 230/401 500/402
f 590/403 803/404 1091/405
f 196/255 198/24 194/26
f 464/406 811/407 1089/408
f 556/409 715/180 1087/410
f 74/411 66/159 60/412
f 762/413 67/157 747/414
f 951/415 17/77 708/416
f 258/417 887/418 878/419
f 877/420 258/421 878/422
f 271/423 523/424 537/425
f 257/426 247/123 249/427
f 804/386 519/428 1084/429
f 1031/430 517/431 1082/432
f 1399/433 434/434 1424/435
f 273/436 271/423 272/437
f 73/438 65/162 76/164
f 929/439 1322/440 1841/441
f 248/442 257/426 249/427
f 251/443 244/444 242/131
f 893/445 259/446 888/447
f 889/448 263/449 885/450
f 266/451 1370/452 1369/453
f 265/392 889/448 890/454
f 891/455 262/417 892/419
f 261/456 893/445 894/457
f 990/458 513/459 1074/460
f 604/461 473/462 634/463
f 269/464 267/465 268/466
f 269/467 1367/468 1370/452
f 1072/469 130/470 452/471
f 582/472 82/232 430/473
f 1367/468 267/465 1371/474
f 327/475 332/476 333/477
f 1838/478 728/479 1506/480
f 284/481 289/482 282/483
f 825/484 276/485 286/486
f 289/482 294/65 295/67
f 278/316 275/487 276/488
f 285/489 916/490 914/491
f 326/81 304/381 318/492
f 308/316 305/487 306/488
f 309/493 931/494 993/495
f 294/65 298/496 300/395
f 280/315 289/482 288/492
f 994/497 315/489 936/491
f 299/498 301/499 298/500
f 288/492 297/475 274/381
f 1418/501 228/502 498/503
f 323/504 321/505 305/506
f 286/486 290/507 284/481
f 325/67 318/492 319/482
f 316/486 320/507 314/481
f 291/505 294/65 290/507
f 301/499 300/508 298/500
f 323/509 333/477 329/510
f 294/65 301/66 295/67
f 325/67 332/476 326/81
f 358/511 27/70 22/512
f 323/504 328/496 322/394
f 288/492 295/67 296/81
f 306/485 321/505 316/486
f 697/484 306/485 316/486
f 275/506 292/394 291/505
f 308/316 318/492 304/381
f 1035/314 306/488 711/513
f 320/507 325/67 319/482
f 1282/514 86/142 1004/144
f 283/515 914/491 910/497
f 184/351 835/516 837/341
f 310/315 319/482 318/492
f 697/484 314/481 852/517
f 1059/518 412/519 769/520
f 275/487 297/475 293/509
f 281/521 910/497 992/494
f 305/487 327/475 323/509
f 314/481 319/482 312/483
f 991/522 279/493 906/495
f 286/486 275/506 291/505
f 321/505 324/65 320/507
f 285/523 281/524 277/525
f 296/81 303/477 297/475
f 297/475 299/510 293/509
f 753/526 312/483 310/315
f 293/504 298/496 292/394
f 99/203 1332/527 1396/528
f 164/325 470/140 160/529
f 169/275 157/148 167/530
f 820/531 658/532 1129/533
f 27/70 1087/410 950/534
f 1956/535 433/276 1625/536
f 483/537 690/538 836/539
f 861/540 862/541 231/542
f 1085/543 518/544 743/545
f 109/546 1127/319 972/547
f 1435/548 504/549 1554/550
f 1129/533 459/551 813/225
f 1083/552 516/553 873/554
f 996/555 351/556 847/557
f 538/558 1326/559 1365/560
f 594/561 1088/562 1023/563
f 1349/564 645/565 1620/566
f 1120/567 717/568 1280/569
f 588/136 159/570 158/571
f 193/372 487/286 192/285
f 387/126 63/51 75/572
f 768/573 963/574 98/206
f 1050/575 1010/576 575/577
f 853/182 1054/578 1279/579
f 1278/580 629/581 1053/582
f 868/583 639/584 1085/543
f 474/585 462/586 468/587
f 474/585 468/587 138/588
f 1084/429 236/589 874/590
f 882/591 522/592 746/593
f 989/594 638/595 1083/552
f 1090/596 446/597 933/598
f 1095/599 822/600 503/601
f 1542/602 776/603 479/604
f 83/240 652/358 409/21
f 940/490 544/605 547/606
f 993/495 544/607 928/522
f 997/608 1633/609 1833/610
f 1124/337 104/611 901/362
f 581/612 1126/613 1016/30
f 1830/614 437/615 1111/616
f 1591/617 650/618 1630/619
f 782/620 421/621 779/354
f 25/622 357/85 15/58
f 650/618 1532/623 1630/619
f 1583/624 341/625 1493/626
f 613/627 229/628 612/629
f 618/630 613/627 612/629
f 611/631 819/397 501/399
f 384/632 385/135 73/162
f 618/630 612/629 227/633
f 221/634 1621/390 1356/28
f 765/635 756/636 92/637
f 539/638 1327/639 1341/640
f 77/160 1007/641 1005/642
f 1006/643 570/644 1058/645
f 872/646 526/647 533/648
f 690/538 484/649 832/650
f 1828/651 412/519 1061/652
f 786/188 1055/653 411/654
f 764/655 1545/656 1827/657
f 1009/658 1049/659 574/660
f 966/661 758/662 99/203
f 883/663 530/664 881/665
f 554/666 1086/667 995/210
f 1088/562 456/668 855/669
f 1825/670 632/671 1612/672
f 1822/673 1071/674 1421/675
f 980/676 464/406 1089/408
f 522/677 879/678 746/679
f 718/680 389/681 913/682
f 589/683 1090/596 1022/33
f 1098/684 868/583 1273/685
f 593/13 140/686 144/687
f 925/688 406/689 846/690
f 916/490 624/605 543/606
f 1821/691 367/692 1316/693
f 576/694 1329/695 1408/696
f 1114/697 1355/100 1819/698
f 1411/699 637/700 1425/701
f 426/702 781/363 785/703
f 434/704 787/705 115/706
f 862/541 986/707 231/542
f 1364/708 337/709 1382/710
f 739/711 1615/712 1817/713
f 1034/526 541/714 694/715
f 1815/716 113/717 1539/718
f 1040/719 610/720 1041/721
f 657/722 785/703 1126/613
f 569/169 962/723 960/170
f 1424/435 115/724 1337/725
f 1603/726 441/727 1631/369
f 1813/728 963/574 573/729
f 961/730 93/208 962/723
f 407/375 408/199 84/235
f 1062/731 959/732 1267/733
f 88/734 394/376 61/735
f 810/736 818/737 123/14
f 883/663 528/738 525/739
f 570/644 1057/740 1058/645
f 1810/741 440/742 915/743
f 542/744 825/484 784/517
f 1431/745 1624/746 1955/747
f 141/118 815/299 981/40
f 627/714 852/517 1036/715
f 524/266 271/423 537/425
f 590/748 1025/749 127/750
f 125/751 600/752 599/753
f 1033/513 540/754 749/314
f 595/755 984/756 135/757
f 1434/380 230/401 1520/758
f 626/754 753/526 1035/314
f 1435/548 619/759 648/760
f 1804/761 649/762 1110/763
f 1073/764 594/561 633/765
f 138/588 472/766 603/767
f 126/768 449/769 604/461
f 130/770 455/771 473/462
f 134/772 462/586 474/585
f 88/734 651/361 407/375
f 992/494 540/754 906/495
f 154/320 156/324 162/321
f 154/320 163/46 165/322
f 797/773 520/774 789/775
f 1057/740 571/776 1007/641
f 155/331 166/333 167/332
f 444/137 168/295 155/331
f 1620/566 493/777 1307/778
f 1263/779 646/780 1100/781
f 170/118 828/299 705/40
f 831/338 1606/782 174/783
f 1427/784 504/549 643/785
f 1094/398 502/786 1095/599
f 72/787 644/396 384/632
f 634/463 134/772 474/585
f 603/767 474/585 138/588
f 1427/784 499/788 1553/789
f 548/50 427/229 644/396
f 1262/790 623/791 1101/792
f 979/793 590/403 1091/405
f 537/425 262/417 263/449
f 940/490 546/744 936/491
f 694/715 542/744 784/517
f 618/630 861/540 231/542
f 1595/794 605/711 840/736
f 640/795 937/796 1086/667
f 614/797 1039/798 615/799
f 1426/400 228/502 1536/800
f 1056/801 1008/802 573/729
f 396/205 754/803 1060/804
f 1038/805 501/399 618/630
f 395/806 1061/652 1060/804
f 506/807 218/808 490/809
f 1041/721 1028/810 614/797
f 1430/811 1347/812 1954/813
f 219/814 1039/798 609/815
f 1128/309 134/816 802/817
f 1055/653 410/818 1056/801
f 1419/819 497/820 1552/821
f 508/822 506/807 490/809
f 1419/819 499/788 631/823
f 1082/432 235/824 896/825
f 1076/826 1388/827 1799/828
f 1077/829 1614/830 1797/831
f 535/832 1365/560 1327/833
f 106/115 430/473 83/240
f 24/834 556/409 358/511
f 822/600 1040/719 503/601
f 609/815 1028/810 221/835
f 219/814 616/836 615/799
f 231/542 613/627 618/630
f 227/633 1038/805 618/630
f 1418/501 226/291 1543/837
f 1425/701 433/838 1343/839
f 232/840 506/807 508/822
f 220/97 492/841 509/98
f 224/842 496/843 620/844
f 228/845 1037/846 620/844
f 477/847 776/603 827/22
f 532/848 880/849 688/850
f 463/306 465/851 129/852
f 840/736 480/853 780/737
f 1125/854 423/855 782/620
f 1121/856 1122/857 1258/858
f 529/859 709/860 875/861
f 888/447 258/421 877/420
f 1443/862 347/863 1498/864
f 1443/862 550/865 654/866
f 982/867 1123/868 1257/869
f 1015/117 656/870 1125/854
f 486/871 836/539 833/872
f 409/21 410/360 87/19
f 430/473 567/287 652/358
f 1115/873 1632/874 1795/875
f 1442/348 23/55 1569/215
f 484/876 833/872 832/877
f 533/648 688/850 872/646
f 881/665 531/677 797/679
f 1032/385 635/878 1075/879
f 890/454 876/393 265/392
f 885/450 262/417 891/455
f 894/457 887/418 261/456
f 463/306 464/305 465/851
f 89/281 651/361 572/880
f 464/305 131/881 465/851
f 1335/602 864/603 461/604
f 1793/882 630/883 1064/884
f 931/494 627/714 545/885
f 1075/879 512/886 712/887
f 1074/460 237/888 869/889
f 462/586 136/890 468/587
f 509/98 492/841 494/891
f 599/753 601/892 137/893
f 603/767 445/894 126/768
f 492/841 222/895 494/891
f 1073/764 451/896 806/897
f 463/306 1026/259 602/898
f 620/844 1030/899 224/842
f 598/900 1043/901 599/753
f 965/902 966/661 99/203
f 509/98 494/891 224/842
f 596/847 864/603 1024/22
f 281/524 279/903 277/525
f 277/525 287/904 285/523
f 616/836 233/905 617/906
f 473/462 455/771 458/907
f 886/908 452/471 128/909
f 449/769 128/910 452/911
f 508/822 490/809 220/97
f 133/304 1042/912 595/755
f 496/843 226/913 498/914
f 473/462 458/907 134/772
f 313/915 307/525 315/523
f 615/799 616/836 617/906
f 303/916 302/917 301/499
f 1791/918 628/919 1608/920
f 1789/921 436/922 1609/923
f 435/924 1048/925 439/926
f 1787/927 416/928 1522/929
f 911/930 575/577 1010/576
f 603/767 472/766 445/894
f 880/849 521/931 882/591
f 600/752 139/932 601/892
f 602/898 1042/912 463/306
f 620/844 496/843 498/914
f 599/753 983/933 598/900
f 604/461 449/769 452/911
f 875/861 520/774 529/859
f 691/339 454/934 809/338
f 126/768 634/463 603/767
f 500/935 988/936 621/937
f 264/938 537/425 263/449
f 311/524 309/903 307/525
f 307/525 317/904 315/523
f 615/799 617/906 231/542
f 455/771 132/939 458/907
f 125/751 1043/901 590/748
f 604/461 452/911 130/770
f 620/844 498/914 228/845
f 599/753 600/752 601/892
f 1037/846 621/937 620/844
f 472/766 124/940 445/894
f 328/941 329/942 333/365
f 333/365 332/943 331/366
f 615/799 986/707 614/797
f 1049/659 572/944 1050/575
f 117/945 1048/925 434/704
f 1785/946 432/947 1528/948
f 439/926 794/949 435/924
f 1326/559 539/638 1341/640
f 267/465 1369/950 1371/474
f 720/307 468/298 136/951
f 820/531 659/952 467/953
f 824/954 659/952 1131/955
f 1444/290 224/257 1525/956
f 1445/957 495/958 1550/959
f 1445/957 497/820 660/960
f 454/934 1534/961 808/962
f 86/359 392/282 57/963
f 187/964 487/286 188/353
f 566/283 54/231 85/237
f 262/965 536/267 265/392
f 1953/966 438/967 1389/968
f 1952/969 661/970 1640/971
f 1412/972 1641/973 1951/974
f 536/267 264/938 265/392
f 442/975 915/743 440/742
f 440/742 1138/976 442/975
f 116/977 1138/976 441/262
f 1139/261 127/750 1025/749
f 1140/978 598/900 983/933
f 984/756 662/979 1140/978
f 1499/980 494/258 222/981
f 1549/982 663/983 493/984
f 1451/985 495/958 663/983
f 943/986 388/987 935/988
f 1644/989 507/990 1348/991
f 1415/992 664/993 1644/989
f 233/994 1645/252 1404/995
f 68/245 424/336 427/229
f 108/996 428/227 70/247
f 665/997 802/817 1145/998
f 855/669 665/997 1145/998
f 133/999 1146/226 811/407
f 1387/1000 340/1001 1384/1002
f 1147/1003 716/1004 1247/1005
f 1148/1006 1149/1007 1246/1008
f 902/1009 1150/1010 1245/1011
f 1151/1012 1972/1013 2141/1014
f 1152/1015 2094/1016 2139/1017
f 958/1018 2095/1019 2137/1020
f 1498/864 346/1021 1497/1022
f 1155/1023 1973/1024 2135/1025
f 1156/1026 2096/1027 2133/1028
f 956/1029 2097/1030 2131/1031
f 950/534 349/1032 704/1033
f 1409/1034 416/928 1353/1035
f 408/199 109/546 84/235
f 714/1036 335/572 964/1037
f 412/519 768/573 769/520
f 193/372 488/111 489/185
f 764/655 765/635 92/637
f 1159/183 384/1038 1160/1039
f 1160/1039 846/690 406/689
f 937/796 350/1040 843/1041
f 404/1042 1161/179 1163/1043
f 1162/1044 99/203 758/662
f 716/1004 404/1042 1163/1043
f 70/247 382/176 52/246
f 401/1045 1166/1046 1165/1047
f 402/196 761/1048 1165/1047
f 1756/1049 569/169 1166/1046
f 400/1050 1167/167 1169/1051
f 1168/1052 92/637 756/636
f 717/568 400/1050 1169/1051
f 713/1053 352/1054 710/1055
f 154/320 469/149 156/324
f 669/1056 713/1053 1170/1057
f 555/1058 1170/1057 951/415
f 29/84 1171/146 996/555
f 568/1059 752/1060 959/732
f 670/141 156/324 469/149
f 447/274 469/149 157/148
f 159/276 670/141 447/274
f 671/138 155/331 443/147
f 475/323 443/147 154/320
f 161/312 671/138 475/323
f 385/135 59/163 73/162
f 1172/129 126/1061 933/598
f 1173/1062 446/597 803/404
f 806/1063 672/1064 1173/1062
f 673/124 75/572 386/1065
f 74/1066 673/124 386/1065
f 565/174 428/227 673/124
f 1174/121 234/161 805/682
f 1175/1067 514/681 871/414
f 867/1068 674/1069 1175/1067
f 174/1070 482/39 173/48
f 580/1071 777/1072 971/335
f 2273/1073 345/1074 1969/1075
f 2271/1076 675/1077 2098/1078
f 1584/1079 2099/1080 2269/1081
f 191/1082 488/111 190/1083
f 2267/1084 379/1085 1970/1086
f 1463/1087 2100/1088 2265/1089
f 1587/1090 2101/1091 2263/1092
f 373/1093 1318/1094 1466/1095
f 1466/1095 1659/1096 373/1093
f 46/1097 1659/1096 1315/1098
f 1468/1099 44/1100 1317/1101
f 1468/1099 1661/1102 371/1103
f 1308/356 371/1103 1661/1102
f 1030/899 509/98 224/842
f 988/936 677/1104 621/937
f 508/822 677/1104 1189/1105
f 1507/1106 1728/1107 729/1108
f 1726/1109 678/1110 1192/1111
f 1724/1112 560/1113 1193/1114
f 2102/1115 1503/1116 364/1117
f 1665/1118 2102/1115 364/1117
f 2082/1119 1474/1120 345/1074
f 1667/1121 2083/1122 362/1123
f 362/1123 2257/1124 1667/1121
f 1494/1125 1983/1126 343/1127
f 679/1128 1387/1000 1670/1129
f 551/1130 1670/1129 1366/1131
f 1391/1132 357/85 1671/87
f 14/1133 359/75 29/84
f 21/78 353/1134 348/53
f 68/245 334/52 4/243
f 591/39 145/1135 141/118
f 680/1136 827/22 1202/23
f 480/853 1202/23 780/737
f 173/48 1203/41 830/339
f 1013/1137 414/1138 982/867
f 1204/35 138/297 702/1139
f 824/954 681/1140 471/1141
f 1205/1142 589/683 681/1140
f 972/547 420/1143 778/589
f 1672/1144 491/1145 1349/564
f 1348/991 682/1146 1672/1144
f 1363/251 609/27 1673/29
f 1208/23 123/14 818/737
f 1209/41 466/853 691/339
f 981/40 683/1136 1209/41
f 409/21 6/238 83/240
f 1482/1147 1971/1148 2255/1149
f 1483/1150 2104/1151 2253/1152
f 2251/1153 561/1154 2105/1155
f 177/687 476/15 171/686
f 1214/1156 1526/1157 1693/1158
f 1215/1159 1678/1160 1691/1161
f 977/1162 1679/1163 1689/1164
f 1012/1165 413/1166 902/1009
f 1218/1167 1379/1168 1687/1169
f 1219/1170 1680/1171 1685/1172
f 948/1173 1681/1174 1683/1175
f 1222/1176 1489/1177 1682/1178
f 732/1179 1682/1178 1510/1180
f 40/1181 1683/1175 1318/1094
f 1223/1182 1488/1183 1684/1184
f 938/1185 1684/1184 1577/1186
f 372/1187 1685/1172 1385/104
f 1224/1188 1571/1189 1686/1190
f 1220/1191 1686/1190 1488/1183
f 686/1192 1687/1169 1680/1171
f 102/1193 902/1009 96/198
f 1225/1194 1487/1195 1688/1196
f 1020/1197 1688/1196 1413/1198
f 119/1199 1689/1164 1605/1200
f 1226/1201 1486/1202 1690/1203
f 976/1204 1690/1203 1401/1205
f 586/1206 1691/1161 1593/1207
f 1227/1208 1334/1209 1692/1210
f 1216/1211 1692/1210 1486/1202
f 685/1212 1693/1158 1678/1160
f 2249/1213 1213/1214 2081/1215
f 2247/1216 1228/1217 2106/1218
f 2245/1219 1000/1220 2107/1221
f 1698/1222 2080/1223 2243/1224
f 2241/1225 1229/1226 2108/1227
f 2239/1228 1211/1229 2109/1230
f 1702/1231 1995/1232 2237/1233
f 1703/1234 2110/1235 2235/1236
f 1674/1237 2111/1238 2233/1239
f 141/118 1209/41 591/39
f 591/39 691/339 122/48
f 683/1136 818/737 466/853
f 865/1240 1481/1241 1555/1242
f 1540/1243 1206/1244 1480/1245
f 1480/1245 826/1246 1541/1247
f 109/546 778/589 53/236
f 125/1248 1205/1142 600/1249
f 600/1249 824/954 139/1250
f 681/1140 702/1139 471/1141
f 100/1251 982/867 94/1252
f 830/339 680/1136 480/853
f 780/737 476/15 172/14
f 1202/23 171/686 476/15
f 1583/624 1201/1253 1479/1254
f 1558/310 1200/1255 1478/1256
f 1478/1256 941/1257 1579/1258
f 1706/1259 2007/1260 1199/1261
f 1199/1261 2230/1262 1706/1259
f 1302/1263 2016/1264 698/1265
f 1197/1266 2228/1267 1475/1268
f 2113/1269 1709/1270 1197/1266
f 1198/1271 2226/1272 1711/1273
f 1712/1274 2059/1275 722/1276
f 722/1276 2224/1277 1712/1274
f 1475/1268 2018/1278 1197/1266
f 2115/1279 1666/1280 1196/1281
f 1716/1282 2115/1279 1196/1281
f 2058/1283 1717/1284 700/1285
f 1718/1286 2078/1287 1194/1288
f 1194/1288 2218/1289 1718/1286
f 1473/1290 2020/1291 1195/1292
f 2117/1293 1311/1294 724/1295
f 1722/1296 2117/1293 724/1295
f 2078/1287 1723/1297 1194/1288
f 1471/1298 1193/1114 678/1110
f 1663/1299 1231/1300 1191/1301
f 1725/1302 999/1303 1231/1300
f 1313/1304 1192/1111 368/1305
f 1505/1306 1232/1307 727/1308
f 1727/1309 1191/1301 1232/1307
f 1728/1107 1192/1111 1729/1310
f 1729/1310 1662/94 1190/96
f 729/1108 1470/1311 1315/1312
f 505/1313 988/936 230/1314
f 621/937 1188/99 1030/899
f 1500/1315 1187/1316 1469/1317
f 1469/1317 1186/1318 1660/1319
f 1660/1319 731/1320 1509/1321
f 729/1322 1467/1323 1507/1324
f 1658/1325 1185/1326 1184/1327
f 1184/1327 1510/1180 1658/1325
f 1730/1328 2077/1329 2213/1330
f 1731/1331 2118/1332 2211/1333
f 1395/1334 2119/1335 2209/1336
f 1734/1337 2076/1338 2207/1339
f 1735/1340 2120/1341 2205/1342
f 1655/1343 2121/1344 2203/1345
f 2201/1346 909/1347 1994/1348
f 1739/1349 2122/1350 2199/1351
f 1654/1352 2123/1353 2197/1354
f 1742/1355 2075/1356 2195/1357
f 2193/1358 1236/1359 2124/1360
f 1392/1361 2125/1362 2191/1363
f 1746/1364 2074/1365 2189/1366
f 2187/1367 1237/1368 2126/1369
f 2185/1370 1177/1371 2127/1372
f 2183/1373 905/1374 1993/1375
f 2181/1376 1238/1377 2128/1378
f 2179/1379 1176/1380 2129/1381
f 971/335 7/242 107/230
f 240/1382 1175/1067 517/1383
f 517/1383 871/414 235/157
f 674/1069 805/682 514/681
f 129/1384 1173/1062 592/1385
f 592/1385 803/404 127/1386
f 672/1064 933/598 446/597
f 959/732 62/249 89/1387
f 996/555 669/1056 555/1058
f 951/415 353/1134 31/1388
f 1170/1057 32/54 353/1134
f 32/54 710/1055 19/72
f 1755/1389 1754/1390 925/688
f 1754/1390 397/1391 925/688
f 1755/1389 925/688 76/164
f 397/1391 1168/1052 756/636
f 1169/1051 1168/1052 397/1391
f 1169/1051 1167/167 1168/1052
f 1167/167 415/166 1168/1052
f 1757/1392 1005/642 1756/1049
f 924/1393 1166/1046 401/1045
f 77/160 1005/642 1757/1392
f 401/1045 1165/1047 761/1048
f 1165/1047 1164/168 402/196
f 1165/1047 1166/1046 1164/168
f 1166/1046 569/169 1164/168
f 1759/1394 1758/1395 911/930
f 1758/1395 398/1396 911/930
f 1759/1394 911/930 91/158
f 398/1396 1162/1044 758/662
f 1163/1043 1162/1044 398/1396
f 1163/1043 1161/179 1162/1044
f 1161/179 417/178 1162/1044
f 26/1397 843/1041 12/61
f 73/438 1160/1039 384/1038
f 405/184 1160/1039 406/689
f 406/689 764/655 405/184
f 98/206 769/520 768/573
f 72/1398 964/1037 56/1399
f 1545/656 1014/1400 848/1401
f 27/70 704/1033 18/68
f 1239/1402 2073/1403 2130/1404
f 738/1405 2130/1404 1990/1406
f 49/1407 2131/1031 1966/107
f 2132/1408 1157/1409 2072/1410
f 909/1347 2132/1408 1994/1348
f 379/1085 2133/1028 1970/1086
f 1241/1411 1997/1412 2134/1413
f 1157/1409 2134/1413 2072/1410
f 668/1414 2135/1025 2096/1027
f 1306/1415 701/1416 1305/1417
f 1242/1418 2071/1419 2136/1420
f 734/1421 2136/1420 1988/1422
f 51/69 2137/1020 1964/1423
f 1243/1424 2070/1425 2138/1426
f 917/1427 2138/1426 1995/1428
f 375/1429 2139/1017 1971/1430
f 1244/1431 1996/1432 2140/1433
f 2070/1425 1244/1431 2140/1433
f 667/1434 2141/1014 2094/1016
f 1245/1011 666/1435 1148/1006
f 761/1048 1148/1006 401/1045
f 96/198 1245/1011 761/1048
f 1246/1008 403/1436 718/680
f 924/1393 718/680 80/1437
f 401/1045 1246/1008 924/1393
f 1247/1005 81/1438 762/413
f 1149/1007 762/413 403/1436
f 666/1435 1247/1005 1149/1007
f 1579/1258 934/90 1576/1439
f 811/407 665/997 456/668
f 855/669 458/1440 132/1441
f 1145/998 134/816 458/1440
f 987/1442 1453/1443 1596/1444
f 1029/1445 1452/1446 1607/378
f 1143/1447 1540/1243 1452/1446
f 78/1448 935/988 64/1100
f 1358/1449 1142/1450 1643/1451
f 1357/1452 1142/1450 856/1453
f 1307/1454 1141/1455 707/1456
f 135/757 1140/978 597/1457
f 597/1457 983/933 137/893
f 662/979 1025/749 598/900
f 1772/1458 1449/1459 1914/1460
f 1913/1461 1248/1462 1774/1463
f 1604/1464 1775/1465 1912/1466
f 1776/1467 1448/1468 1911/1469
f 1777/1470 1778/1471 1910/1472
f 1639/1473 1779/1474 1909/1475
f 1908/1476 944/1477 1581/370
f 1781/1478 1782/1479 1907/1480
f 1906/1481 1134/1482 1783/1483
f 809/338 1342/782 143/783
f 1637/1484 859/1485 1133/1486
f 1637/1484 857/1487 1358/1449
f 1636/1488 783/1489 1333/1490
f 139/1250 1131/955 601/1491
f 601/1491 820/531 137/1492
f 467/953 1130/296 720/307
f 904/1493 1561/1494 1563/1495
f 1518/1496 801/1497 1533/1498
f 1784/1499 792/1500 1336/1501
f 1416/1502 1251/1503 1784/1499
f 1608/920 1044/1504 1785/946
f 574/660 1050/575 575/577
f 122/48 809/338 143/783
f 256/122 789/775 875/861
f 251/443 880/849 882/591
f 91/158 1010/576 88/1505
f 1786/1506 772/1507 1330/209
f 1786/1506 570/644 1252/1508
f 629/581 1051/1509 1787/927
f 1788/1510 1047/1511 1417/1512
f 1412/972 1253/1513 1788/1510
f 1604/1464 796/1514 1789/921
f 1790/1515 1046/1516 1416/1502
f 1400/1517 1254/1518 1790/1515
f 1592/1519 1045/1520 1791/918
f 633/765 886/908 451/896
f 140/686 1024/22 864/603
f 575/577 965/902 574/660
f 129/1521 1073/764 806/897
f 635/878 869/889 512/886
f 519/1522 712/887 236/1523
f 311/521 994/497 931/494
f 1255/1524 1064/884 574/660
f 967/1525 1792/1526 1396/528
f 576/694 1793/882 1588/1527
f 1527/1528 140/686 791/1529
f 533/648 887/418 894/457
f 525/739 891/455 530/664
f 529/859 876/393 890/454
f 238/1530 1075/879 519/1522
f 255/42 797/679 254/1531
f 252/130 872/646 688/850
f 832/877 180/1532 178/977
f 1634/1533 918/1534 1377/1535
f 1256/1536 1440/1537 1794/1538
f 850/1539 1794/1538 1546/1540
f 364/1541 1795/875 1354/1542
f 833/872 181/1543 180/1532
f 106/115 1125/854 582/472
f 1257/869 655/1544 1121/856
f 754/1545 1121/856 395/1546
f 94/1252 1257/869 754/1545
f 1635/1547 946/1548 1119/1549
f 1306/1415 1119/1549 703/1550
f 527/1551 877/420 521/931
f 256/122 875/861 709/860
f 1258/858 399/1552 943/986
f 923/1553 943/986 78/1448
f 395/1546 1258/858 923/1553
f 582/472 782/620 105/1554
f 172/14 840/736 780/737
f 252/130 880/849 251/443
f 171/686 827/22 776/603
f 1617/1555 812/1556 1535/1557
f 1610/1558 839/1559 1351/1560
f 610/720 822/600 223/1561
f 748/1562 1557/1563 1519/1564
f 1259/1565 1422/1566 1796/1567
f 932/1568 1796/1567 1575/1569
f 374/1570 1797/831 1383/1571
f 1260/1572 1580/1573 1798/1574
f 1078/1575 1798/1574 1422/1566
f 636/1576 1799/828 1614/830
f 638/595 896/825 516/553
f 1611/1577 860/1578 1067/1579
f 1611/1577 859/1485 1360/1580
f 1055/653 573/729 411/654
f 658/532 802/817 459/551
f 1905/1581 821/1582 1539/1583
f 1801/1584 1802/1585 1904/1586
f 1903/1587 1102/1588 1803/1589
f 221/835 1041/721 610/720
f 1060/804 1059/518 396/205
f 1060/804 1061/652 1059/518
f 1061/652 412/519 1059/518
f 395/806 1060/804 754/803
f 410/818 1008/802 1056/801
f 1618/1590 814/1591 1344/1592
f 1086/667 26/1397 355/377
f 1403/288 985/289 172/14
f 694/715 284/481 282/483
f 317/1593 936/491 315/489
f 979/793 642/1594 589/683
f 1099/1595 1101/792 646/780
f 622/1596 1262/790 1099/1595
f 989/594 990/458 1262/790
f 1619/1597 860/1578 1361/1598
f 1094/398 503/601 501/399
f 1619/1597 863/1599 1093/1600
f 1414/961 1027/962 481/934
f 705/40 478/1601 477/847
f 1263/779 510/1602 867/1068
f 1031/430 867/1068 240/1382
f 622/1596 1263/779 1031/430
f 1428/1603 707/1604 1499/1605
f 1057/740 74/411 386/1606
f 254/1607 789/775 257/426
f 281/521 906/495 279/493
f 465/1608 980/676 1073/764
f 1410/1609 1110/763 583/1610
f 1602/1611 1264/1612 1017/1613
f 1805/1614 1109/1615 1264/1612
f 1627/1616 987/1442 1107/1617
f 1035/314 310/315 308/316
f 1626/1618 751/1619 1328/1620
f 276/488 749/314 278/316
f 1036/715 314/481 312/483
f 981/40 460/1601 596/847
f 1806/1621 1432/1622 1902/1623
f 1807/1624 1808/1625 1901/1626
f 1623/1627 1809/1628 1900/1629
f 284/481 825/484 286/486
f 1398/1630 915/743 114/1631
f 1590/1632 1266/1633 973/1634
f 1811/1635 1108/1636 1266/1633
f 386/1606 1058/645 1057/740
f 256/122 883/663 255/42
f 466/853 810/736 454/934
f 1267/733 89/1387 1009/658
f 1064/884 1009/658 574/660
f 630/883 1267/733 1064/884
f 961/730 571/776 570/644
f 1812/1637 1065/1638 630/883
f 1408/696 1268/1639 1812/1637
f 1600/1640 963/574 1813/728
f 1411/699 1113/1641 1439/1642
f 1616/1643 793/1644 1529/1645
f 93/208 960/170 962/723
f 1126/613 111/228 425/1646
f 503/601 1041/721 614/797
f 1814/1647 821/401 1347/1648
f 1417/1512 1269/1649 1814/1647
f 1609/923 773/1650 1815/716
f 280/315 694/715 282/483
f 1270/1651 1423/1652 1816/1653
f 733/1654 1816/1653 1511/1655
f 8/1656 1817/713 1319/1657
f 1556/347 927/1658 1574/1659
f 614/797 862/541 503/601
f 785/703 55/244 111/228
f 1603/726 1081/1660 1617/1555
f 1271/1661 1547/1662 1818/1663
f 1116/1664 1818/1663 1440/1537
f 653/1665 1819/698 1632/874
f 1600/1640 767/1666 1521/1667
f 1820/1668 730/1669 1508/1670
f 1420/1671 1272/1672 1820/1668
f 1612/672 1068/1673 1821/691
f 287/1593 991/1674 916/490
f 76/164 846/690 73/438
f 1273/685 239/1675 750/119
f 1100/781 750/119 510/1602
f 646/780 1273/685 1100/781
f 1022/33 445/1676 124/1677
f 80/1437 913/682 66/161
f 746/679 253/248 250/1531
f 980/676 641/1678 594/561
f 1823/1679 1071/674 1822/673
f 1509/1680 731/1681 1823/1679
f 1317/1682 558/1683 1613/1684
f 1824/1685 1070/1686 1420/1671
f 1572/1687 1274/1688 1824/1685
f 1380/1689 1069/1690 1825/670
f 1088/562 132/1441 455/1691
f 995/210 355/377 25/622
f 255/42 883/663 881/665
f 398/1396 966/661 575/577
f 572/944 1009/658 89/1387
f 1275/1692 1353/1035 1826/1693
f 1054/578 1275/1692 1826/1693
f 405/184 1827/657 1275/1692
f 87/152 1055/653 786/188
f 1829/1694 788/189 1828/651
f 923/1695 1061/652 395/806
f 90/150 788/189 1829/1694
f 179/1696 832/650 178/1631
f 252/130 879/678 872/646
f 1006/643 386/1606 75/1697
f 1005/642 571/776 569/169
f 801/1497 1519/1698 1533/1498
f 397/1391 765/635 406/689
f 854/1699 1429/1700 1548/1701
f 1391/1132 695/1702 1301/1703
f 1438/1704 799/1705 1340/273
f 105/1554 779/354 5/233
f 1399/433 1112/1706 1438/1704
f 1437/1707 1111/616 649/762
f 1629/1708 1276/1709 1109/1615
f 1831/1710 798/1711 1276/1709
f 1016/30 425/1646 108/996
f 656/870 901/362 423/855
f 1277/1712 1441/1713 1832/1714
f 724/1715 1832/1714 1503/1716
f 41/1717 1833/610 1311/1718
f 309/493 928/522 307/1719
f 307/1720 940/490 317/1593
f 1350/1528 171/686 829/1529
f 502/786 822/600 1095/599
f 1090/596 126/1061 445/1676
f 241/1721 1083/552 513/1722
f 251/443 746/593 250/1723
f 639/584 874/590 518/544
f 239/1675 1085/543 515/1724
f 1006/643 1053/582 570/644
f 75/1697 1278/580 1006/643
f 945/192 1052/1725 1278/580
f 1279/579 629/581 1052/1725
f 714/1036 1052/1725 549/1726
f 72/1398 1279/579 714/1036
f 88/1505 1050/575 572/944
f 411/654 963/574 768/573
f 1280/569 79/1727 759/253
f 1122/857 759/253 399/1552
f 655/1544 1280/569 1122/857
f 1541/1247 1096/1728 1428/1603
f 1023/563 455/1691 130/470
f 884/1729 1518/1496 1557/1563
f 29/84 847/557 9/82
f 513/1722 873/554 237/1730
f 597/1731 813/225 135/1732
f 1627/1616 863/1599 1362/1733
f 972/547 657/722 581/612
f 515/1724 743/545 234/246
f 501/399 862/541 861/540
f 836/539 179/1696 181/1543
f 1899/1734 1105/1735 1433/1736
f 1835/1737 1836/1738 1898/1739
f 1535/1740 1837/1741 1897/1742
f 950/534 640/795 554/666
f 137/1492 1129/533 597/1731
f 1588/1527 775/1743 1524/1744
f 545/885 1036/715 753/526
f 624/607 906/495 540/754
f 625/885 910/497 541/714
f 1059/518 98/206 396/205
f 547/606 852/517 546/744
f 485/1745 835/516 484/649
f 541/714 914/491 542/744
f 1062/731 1004/144 568/1059
f 630/883 1282/514 1062/731
f 1065/1638 1008/802 1282/514
f 626/754 711/513 544/607
f 547/606 711/1746 697/484
f 1610/1558 814/1591 1066/1747
f 627/714 936/491 546/744
f 993/495 545/885 626/754
f 914/491 543/606 542/744
f 624/605 825/484 543/606
f 1839/1748 728/479 1838/478
f 1421/675 1071/674 1839/1748
f 1613/1684 45/1749 1314/1750
f 1559/1751 904/1493 1563/1495
f 633/765 1023/563 1072/469
f 903/1752 1559/1751 1562/1753
f 623/791 1074/460 635/878
f 894/457 532/848 533/648
f 530/664 892/419 531/677
f 890/454 528/738 529/859
f 900/1754 1562/1753 1561/1755
f 528/738 885/450 525/739
f 532/848 888/447 527/1551
f 1283/1756 1514/1757 1840/1758
f 1079/1759 1840/1758 1423/1652
f 380/1760 1841/441 1615/712
f 1591/617 1080/1761 1616/1643
f 622/1596 1082/432 638/595
f 511/1762 1084/429 639/584
f 521/931 878/422 522/592
f 878/419 526/647 522/677
f 555/1058 708/416 351/556
f 403/1436 747/414 389/681
f 1087/410 356/1763 640/795
f 641/1678 811/407 456/668
f 642/1594 803/404 446/597
f 1618/1590 751/1619 1092/1764
f 225/1765 1094/398 819/397
f 531/1766 876/393 520/774
f 1429/1700 856/1767 1549/1768
f 1284/387 511/1762 1098/684
f 646/780 1284/387 1098/684
f 1101/792 1032/385 1284/387
f 1842/1769 1528/1770 1896/1771
f 1895/1772 1285/1773 1844/1774
f 1894/1775 793/8 1845/1776
f 1626/1618 1029/1445 1106/1777
f 1436/1778 800/263 440/742
f 1628/1779 1286/1780 1108/1636
f 1847/1781 774/1782 1286/1780
f 1113/1641 1389/968 1439/1642
f 423/855 842/363 421/621
f 1287/1783 1500/1315 1848/1784
f 1117/1785 1848/1784 1441/1713
f 557/1786 1849/357 1633/609
f 744/318 422/621 426/702
f 838/328 483/537 486/871
f 1634/1533 870/1787 1118/1788
f 1288/346 400/1050 1120/567
f 1123/868 1120/567 655/1544
f 414/1138 1288/346 1123/868
f 1582/1789 689/1790 1490/16
f 834/342 485/1745 483/537
f 481/934 830/339 480/853
f 1324/1791 478/1601 740/301
f 580/1071 1124/337 656/870
f 835/329 486/871 484/876
f 1127/319 426/702 657/722
f 625/885 749/314 540/754
f 1366/1131 939/1792 1386/1793
f 467/953 1128/309 658/532
f 1537/1791 460/1601 816/301
f 471/1141 1130/296 659/952
f 1636/1488 839/1559 1132/1794
f 810/736 1359/794 453/711
f 1893/1795 799/1705 1532/623
f 1851/1796 1852/1797 1892/1798
f 1891/1799 975/1800 1853/1801
f 602/898 1139/261 662/979
f 1642/1802 783/1489 1141/1455
f 399/1552 745/254 388/987
f 1144/1803 1555/1242 1453/1443
f 1146/226 459/551 665/997
f 1491/1804 693/1805 1492/1806
f 1290/220 404/1042 1147/1003
f 1150/1010 1147/1003 666/1435
f 413/1166 1290/220 1150/1010
f 1291/1807 1991/1808 2142/1809
f 1154/1810 2142/1809 2071/1419
f 564/1811 2143/219 2095/1019
f 1377/1535 908/1812 1373/1813
f 1292/1814 1989/1815 2144/1816
f 1158/1817 2144/1816 2073/1403
f 562/1818 2145/214 2097/1030
f 554/666 849/211 349/1032
f 1522/929 970/1819 772/1507
f 549/1726 687/194 335/572
f 788/189 411/654 412/519
f 384/1038 853/182 72/1398
f 356/1763 706/181 350/1040
f 404/1042 763/177 1161/179
f 1164/168 93/208 402/196
f 400/1050 760/165 1167/167
f 354/1820 757/153 352/1054
f 1171/146 354/1820 669/1056
f 1004/144 393/1821 568/1059
f 451/1822 1172/129 672/1064
f 510/1602 1174/121 674/1069
f 1015/117 419/1823 580/1071
f 2177/1824 700/1285 1986/1825
f 2175/1826 1293/1827 2146/1828
f 1368/1829 2147/1830 2173/1831
f 2171/1832 738/1405 1990/1406
f 1863/1833 2148/1834 2169/1835
f 1407/1836 2149/1837 2167/1838
f 727/1839 1577/1186 1505/1840
f 1547/1662 921/1841 1572/1842
f 1866/95 1193/1114 1867/1843
f 1867/1843 1585/1844 954/1845
f 1190/96 1393/1846 1470/1311
f 2150/1847 1354/1848 850/1849
f 1869/1850 2150/1847 850/1849
f 2065/1851 1870/1852 905/1374
f 1871/1853 2064/1854 795/1855
f 795/1855 2161/1856 1871/1853
f 1379/1857 2055/1858 920/1859
f 1479/1254 692/1860 1491/1804
f 1203/41 477/847 680/1136
f 578/1861 771/38 414/1138
f 681/1140 1022/33 1204/35
f 581/612 766/32 420/1143
f 1207/1862 1548/1701 1481/1241
f 596/847 1208/23 683/1136
f 1874/1863 1988/1864 2159/1865
f 1875/1866 2152/1867 2157/1868
f 2155/1869 955/709 2153/1870
f 1296/1871 1346/1872 1878/1873
f 1217/1874 1878/1873 1487/1195
f 587/1875 1879/12 1679/1163
f 577/1876 770/6 413/1166
f 1297/1877 1494/1878 1880/1879
f 1221/1880 1880/1879 1489/1177
f 552/1881 1881/3 1681/1174
f 1681/1174 1297/1877 1221/1880
f 1489/1177 1218/1167 686/1192
f 1880/1879 343/1882 1218/1167
f 1679/1163 1296/1871 1217/1874
f 1487/1195 1214/1156 685/1212
f 1878/1873 431/1883 1214/1156
f 2154/1884 1877/1885 2057/1886
f 1677/1887 2154/1884 2009/1888
f 561/1154 2155/1869 2105/1155
f 1883/1889 2056/1890 2156/1891
f 1485/1892 2156/1891 1985/1893
f 1213/1214 2157/1868 2081/1215
f 1884/1894 2084/1895 2158/1896
f 1876/1897 2158/1896 2056/1890
f 1295/1898 2159/1865 2152/1867
f 1481/1241 491/1145 682/1146
f 1479/1254 339/1899 679/1128
f 1476/1900 2151/1901 1873/1902
f 1873/1902 2160/1903 1476/1900
f 343/1127 2160/1903 1379/1857
f 1871/1853 2151/1901 1198/1271
f 2161/1856 1873/1902 1871/1853
f 1872/1904 2055/1858 1873/1902
f 1668/1905 1968/1906 1338/1907
f 1338/1907 2162/1908 1668/1905
f 1198/1271 2162/1908 1871/1853
f 2163/1909 1195/1292 1870/1852
f 1372/1910 2163/1909 1870/1852
f 1969/1075 1473/1290 1372/1910
f 1870/1852 2054/1911 1868/1912
f 1868/1912 2164/1913 1870/1852
f 905/1374 2164/1913 1869/1850
f 2165/1914 364/1117 1354/1848
f 1868/1912 2165/1914 1354/1848
f 2054/1911 1665/1118 1868/1912
f 1470/1311 47/1915 369/1916
f 1193/1114 1585/1844 1867/1843
f 1866/95 954/1845 1190/96
f 34/1917 1547/1662 1572/1842
f 36/59 1505/1840 1577/1186
f 1885/1918 2053/1919 2166/1920
f 1657/1921 2166/1920 2005/1922
f 563/1923 2167/1838 2101/1091
f 1886/1924 2052/1925 2168/1926
f 1465/1927 2168/1926 1981/1928
f 1183/1929 2169/1835 2077/1329
f 1887/1930 2086/1931 2170/1932
f 1864/1933 2170/1932 2052/1925
f 1294/1934 2171/1832 2148/1834
f 2172/1935 1861/1936 2051/1937
f 1653/1938 2172/1935 2003/1939
f 2099/1080 1368/1829 2173/1831
f 2174/1940 1860/1941 2050/1942
f 1461/1943 2174/1940 1979/1944
f 1179/1945 2175/1826 2075/1356
f 2176/1946 1496/1947 2082/1119
f 1860/1941 2176/1946 2050/1942
f 2146/1828 1858/1948 2177/1824
f 416/928 1589/1949 1522/929
f 1649/1950 2049/1951 2001/1952
f 1457/1953 2048/1954 1977/1955
f 1856/1956 2085/1957 2048/1954
f 347/863 1373/1813 346/1021
f 1647/1958 2047/1959 1999/1960
f 1455/1961 2046/1962 1975/1963
f 1854/1964 2087/1965 2046/1962
f 339/1899 1492/1806 340/1001
f 1453/1443 507/990 664/993
f 663/983 1333/1490 1642/1802
f 1891/1799 1289/1966 1851/1796
f 1641/973 1851/1796 1137/1967
f 1641/973 1592/1519 1891/1799
f 1638/1968 1852/1797 1134/1482
f 661/970 1892/1798 1638/1968
f 1137/1967 1892/1798 1449/1459
f 1446/1969 1532/623 438/967
f 1134/1482 1893/1795 1446/1969
f 1289/1966 1893/1795 1852/1797
f 660/960 1351/1560 1636/1488
f 551/1130 1386/1793 341/625
f 550/865 1490/16 337/709
f 550/865 1634/1533 654/866
f 1633/609 1287/1783 1117/1785
f 1441/1713 1114/697 653/1665
f 1848/1784 361/1970 1114/697
f 650/618 1389/968 438/967
f 1111/616 1331/1971 1847/1781
f 649/762 1847/1781 1628/1779
f 1108/1636 1846/371 1436/1778
f 648/760 1415/992 1626/1618
f 1843/1972 1845/1776 1285/1773
f 1105/1735 1894/1775 1843/1972
f 1625/536 1529/1973 1894/1775
f 1622/1974 1844/1774 1102/1588
f 647/1975 1895/1772 1622/1974
f 1433/1736 1843/1972 1895/1772
f 1430/811 1528/1770 432/1976
f 1844/1774 1430/811 1102/1588
f 1285/1773 1896/1771 1844/1774
f 645/565 1549/1768 493/777
f 643/785 1328/1620 1618/1590
f 584/1977 1616/1643 637/700
f 1615/712 1283/1756 1079/1759
f 1423/1652 1076/826 636/1576
f 1840/1758 378/1978 1076/826
f 1561/1755 538/558 535/832
f 1562/1753 534/1979 538/558
f 534/1979 1563/1495 539/638
f 1071/674 1314/1750 728/479
f 632/671 1839/1748 1068/1673
f 1068/1673 1839/1748 1838/478
f 631/823 1344/1592 1610/1558
f 576/694 1524/1744 418/1980
f 1835/1737 1837/1741 1281/1981
f 973/1634 1897/1742 1835/1737
f 114/1631 1897/1742 1398/1630
f 1898/1739 1103/1982 1623/1627
f 583/1610 1898/1739 1623/1627
f 973/1634 1898/1739 1590/1632
f 1431/745 1433/1736 647/1975
f 1103/1982 1899/1734 1431/745
f 1836/1738 1834/1983 1899/1734
f 617/1984 1362/1733 231/1985
f 1557/1563 260/1986 261/456
f 220/1987 1428/1603 492/1988
f 1311/1718 1277/1712 724/1715
f 1503/1716 1115/873 364/1541
f 1832/1714 653/1665 1115/873
f 977/1989 1339/1990 1831/1710
f 587/1991 1831/1710 1629/1708
f 1109/1615 1830/614 1437/1707
f 117/1992 1438/1704 439/1993
f 439/1993 1340/273 121/272
f 15/58 1301/1703 10/56
f 491/1145 1429/1700 645/565
f 1533/1498 258/421 259/446
f 1829/1694 1061/652 923/1695
f 1826/1693 416/928 1051/1509
f 921/1994 1825/670 1274/1688
f 34/1995 1824/1685 866/1996
f 866/1996 1420/1671 366/1997
f 731/1681 1613/1684 1071/674
f 370/1998 1823/1679 1069/1690
f 1069/1690 1823/1679 1822/673
f 1070/1686 1821/691 1272/1672
f 366/1997 1820/1668 726/1999
f 726/1999 1508/1670 43/116
f 98/206 1521/1667 100/204
f 1632/874 1271/1661 1116/1664
f 1440/1537 719/2000 360/2001
f 1818/1663 34/1917 719/2000
f 116/2002 1617/1555 442/2003
f 21/78 1574/1659 17/76
f 1319/1657 1270/1651 733/1654
f 1511/1655 1077/829 374/1570
f 1816/1653 636/1576 1077/829
f 1047/1511 1815/716 1269/1649
f 628/919 1814/1647 1044/1504
f 1044/1504 1347/1648 432/947
f 637/700 1529/1645 433/838
f 584/1977 1439/1642 650/618
f 1011/2004 1813/728 1268/1639
f 576/694 1812/1637 1063/2005
f 1110/763 1628/1779 1811/1635
f 583/1610 1811/1635 1590/1632
f 973/1634 1810/741 1398/1630
f 1900/1629 1265/2006 1807/1624
f 1017/1613 1900/1629 1807/1624
f 583/1610 1900/1629 1410/1609
f 1901/1626 817/2007 1538/2008
f 112/2009 1901/1626 1538/2008
f 1602/1611 1807/1624 1901/1626
f 1902/1623 431/2010 1346/2011
f 1808/1625 1346/2011 817/2007
f 1265/2006 1902/1623 1808/1625
f 648/760 1328/1620 504/549
f 233/994 1627/1616 617/1984
f 1021/2012 1629/1708 1805/1614
f 112/2009 1805/1614 1602/1611
f 1017/1613 1804/761 1410/1609
f 492/1988 1499/1605 222/2013
f 231/1985 1619/1597 613/2014
f 613/2014 1361/1598 229/2015
f 643/785 1344/1592 499/788
f 1903/1587 1261/2016 1801/1584
f 1624/746 1801/1584 1104/2017
f 647/1975 1903/1587 1624/746
f 1904/1586 790/2018 1526/2019
f 1432/1622 1526/2019 431/2010
f 1104/2017 1904/1586 1432/1622
f 1334/2020 1539/1583 113/2021
f 1802/1585 1334/2020 790/2018
f 1261/2016 1905/1581 1802/1585
f 612/2022 1360/1580 227/2023
f 612/2022 1361/1598 1611/1577
f 1614/830 1260/1572 1078/1575
f 1422/1566 735/2024 376/2025
f 1798/1574 2/909 735/2024
f 1383/1571 1259/1565 932/1568
f 1575/1569 907/1441 1/2026
f 1796/1567 376/2025 907/1441
f 1519/1564 261/456 258/417
f 631/823 1351/1560 497/820
f 442/2003 1535/1557 114/374
f 358/2027 1306/1415 24/2028
f 358/2027 1390/343 1635/1547
f 1354/1542 1256/1536 850/1539
f 1546/1540 845/2029 33/2030
f 1794/1538 360/2001 845/2029
f 654/866 1377/1535 347/863
f 1588/1527 1255/1524 967/1525
f 1396/528 965/902 99/203
f 975/1800 1791/918 1254/1518
f 121/272 1790/1515 794/949
f 794/949 1416/1502 435/924
f 1019/2031 1789/921 1253/1513
f 585/2032 1788/1510 1045/1520
f 1045/1520 1417/1512 628/919
f 961/730 1330/209 93/208
f 1046/1516 1785/946 1251/1503
f 435/924 1784/1499 787/705
f 787/705 1336/1501 115/706
f 260/1986 1533/1498 259/446
f 1563/1495 535/2033 539/638
f 660/960 1333/1490 495/958
f 225/2034 1637/1484 1358/1449
f 611/2035 1360/1580 1637/1484
f 1781/1478 1783/1483 1250/2036
f 1136/2037 1906/1481 1781/1478
f 1640/971 1638/1968 1906/1481
f 1331/1971 1782/1479 774/1782
f 1448/1468 1331/1971 437/615
f 1136/2037 1907/1480 1448/1468
f 1523/2038 1581/370 118/264
f 1782/1479 1523/2038 774/1782
f 1250/2036 1908/1476 1782/1479
f 1909/1475 1249/2039 1777/1470
f 1413/1198 1777/1470 1020/1197
f 586/1206 1909/1475 1413/1198
f 1339/1990 1778/1471 798/1711
f 119/1199 1910/1472 1339/1990
f 1020/1197 1910/1472 1605/1200
f 1531/2040 1448/1468 437/615
f 798/1711 1911/1469 1531/2040
f 1249/2039 1911/1469 1778/1471
f 1773/2041 1775/1465 1248/1462
f 1401/1205 1773/2041 976/1204
f 1401/1205 1604/1464 1912/1466
f 1913/1461 1135/2042 1639/1473
f 1593/1207 1639/1473 586/1206
f 1593/1207 1773/2041 1913/1461
f 1914/1460 661/970 1447/2043
f 1774/1463 1447/2043 1135/2042
f 1248/1462 1914/1460 1774/1463
f 493/984 1642/1802 1307/1454
f 502/2044 1357/1452 223/2045
f 225/2034 1643/1451 502/2044
f 1452/1446 218/2046 506/2047
f 1607/378 506/2047 232/2048
f 1596/1444 664/993 619/759
f 13/2049 1576/1439 11/80
f 1646/2050 2045/2051 1998/2052
f 1454/2053 2044/2054 1974/2055
f 1770/2056 2092/2057 2044/2054
f 1376/2058 2043/2059 2067/2060
f 2091/2061 1768/2062 2042/2063
f 1768/2062 1974/2055 2042/2063
f 1320/2064 2041/2065 2060/2066
f 1512/2067 2040/2068 2084/2069
f 1766/2070 1975/1963 2040/2068
f 24/2028 1305/1417 20/1995
f 1648/2071 2039/2072 2000/2073
f 1456/2074 2038/2075 1976/2076
f 2038/2075 1573/2077 2093/2078
f 1374/2079 2037/2080 2066/2081
f 1566/2082 2036/2083 2090/2084
f 1762/2085 1976/2076 2036/2083
f 1323/2086 2035/2087 2062/2088
f 1515/2089 2034/2090 2086/1931
f 1760/2091 1977/1955 2034/2090
f 92/637 1601/2092 1545/656
f 716/1004 1758/1395 1759/1394
f 1757/1392 1166/1046 924/1393
f 1169/1051 1755/1389 717/568
f 1915/2093 2033/2094 2178/2095
f 2002/2096 1915/2093 2178/2095
f 675/1077 2179/1379 2098/1078
f 2180/2097 1752/2098 2032/2099
f 1978/2100 1916/2101 2180/2097
f 2074/1365 1751/2102 2181/1376
f 1917/2103 2089/91 2182/2104
f 1752/2098 2182/2104 2032/2099
f 2128/1378 1750/2105 2183/1373
f 1918/2106 2031/2107 2184/2108
f 1338/1907 2184/2108 2064/1854
f 362/1123 2185/1370 1968/1906
f 2186/2109 1748/2110 2030/2111
f 2088/89 1919/2112 2186/2109
f 1992/2113 1747/2114 2187/1367
f 2188/2115 1460/2116 1978/2100
f 2030/2111 1920/2117 2188/2115
f 1237/1368 2189/1366 2126/1369
f 1921/2118 2029/2119 2190/2120
f 2059/1275 1921/2118 2190/2120
f 1963/2121 1392/1361 2191/1363
f 2192/2122 1744/2123 2028/2124
f 2083/1122 1922/2125 2192/2122
f 722/1276 2193/1358 1987/2126
f 1923/2127 1979/1944 2194/2128
f 2028/2124 1923/2127 2194/2128
f 2124/1360 1742/1355 2195/1357
f 1924/2129 2027/2130 2196/2131
f 2004/2132 1924/2129 2196/2131
f 676/2133 2197/1354 2100/1088
f 1925/2134 2026/2135 2198/2136
f 1980/2137 1925/2134 2198/2136
f 1182/2138 2199/1351 2076/1338
f 2200/2139 1566/2082 2090/2084
f 1740/2140 2200/2139 2026/2135
f 1235/2141 2201/1346 2122/1350
f 1927/2142 2025/2143 2202/2144
f 2068/2145 1927/2142 2202/2144
f 381/2146 2203/1345 1972/1013
f 2204/2147 1736/2148 2024/2149
f 2092/2057 1928/2150 2204/2147
f 919/2151 2205/1342 1996/1432
f 1929/2152 1980/2137 2206/2153
f 1736/2148 2206/2153 2024/2149
f 1234/2154 2207/1339 2120/1341
f 1930/2155 2023/2156 2208/2157
f 1325/2158 2208/2157 2063/2159
f 1967/218 1395/1334 2209/1336
f 1931/2160 2022/2161 2210/2162
f 2087/1965 1931/2160 2210/2162
f 741/2163 2211/1333 1991/1808
f 1932/2164 1981/1928 2212/2165
f 1732/2166 2212/2165 2022/2161
f 2118/1332 1730/1328 2213/1330
f 372/1187 1658/1325 1510/1180
f 372/1187 1467/1323 1658/1325
f 368/103 1507/1324 1467/1323
f 370/101 1660/1319 1509/1321
f 361/1970 1660/1319 370/101
f 361/1970 1500/1315 1469/1317
f 1315/1312 369/1916 46/1097
f 678/1110 1729/1310 1192/1111
f 1728/1107 1190/96 729/1108
f 998/2167 1663/1299 1727/1309
f 36/2168 1727/1309 1505/1306
f 727/1308 1726/1109 1313/1304
f 953/2169 1597/2170 1725/1302
f 559/2171 1725/1302 1663/1299
f 1191/1301 1724/1112 1471/1298
f 2214/2172 725/2173 1723/1297
f 1472/2174 2214/2172 1723/1297
f 1982/2175 1504/2176 1472/2174
f 1723/1297 2021/2177 1721/2178
f 1721/2178 2215/2179 1723/1297
f 1194/1288 2215/2179 1722/1296
f 2216/2180 41/1717 1311/1294
f 1721/2178 2216/2180 1311/1294
f 2021/2177 1312/2181 1721/2178
f 1474/1120 2116/2182 1720/2183
f 1720/2183 2217/2184 1474/1120
f 345/1074 2217/2184 1473/1290
f 1718/1286 2116/2182 1196/1281
f 2218/1289 1720/2183 1718/1286
f 1719/2185 2020/1291 1720/2183
f 1666/1280 1982/2175 1472/2174
f 1472/2174 2219/2186 1666/1280
f 1196/1281 2219/2186 1718/1286
f 2220/2187 844/2188 1717/1284
f 1304/2189 2220/2187 1717/1284
f 1962/113 1544/2190 1304/2189
f 1717/1284 2019/2191 1715/2192
f 1715/2192 2221/2193 1717/1284
f 700/1285 2221/2193 1716/1282
f 2222/2194 365/2195 1666/1280
f 1715/2192 2222/2194 1666/1280
f 2019/2191 1352/2196 1715/2192
f 1402/2197 2114/2198 1714/2199
f 1714/2199 2223/2200 1402/2197
f 363/2201 2223/2200 1475/1268
f 1712/1274 2114/2198 978/2202
f 2224/1277 1714/2199 1712/1274
f 1713/2203 2018/1278 1714/2199
f 1594/2204 1963/2121 1309/2205
f 1309/2205 2225/2206 1594/2204
f 978/2202 2225/2206 1712/1274
f 1711/1273 2079/2207 1199/1261
f 2226/1272 1477/2208 1711/1273
f 1476/1900 1983/1126 1477/2208
f 2227/2209 1199/1261 1709/1270
f 1710/2210 2227/2209 1709/1270
f 2017/2211 1711/1273 1710/2210
f 1475/1268 2103/2212 363/2201
f 2228/1267 1669/2213 1475/1268
f 1709/1270 2007/1260 1669/2213
f 1310/2214 2112/2215 1708/2216
f 1708/2216 2229/2217 1310/2214
f 39/2218 2229/2217 1302/1263
f 1706/1259 2112/2215 723/2219
f 2230/1262 1708/2216 1706/1259
f 1707/2220 2016/1264 1708/2216
f 1502/2221 2103/2212 1669/2213
f 1669/2213 2231/2222 1502/2221
f 723/2219 2231/2222 1706/1259
f 1478/1256 13/2049 338/73
f 14/1133 1478/1256 338/73
f 1583/624 679/1128 551/1130
f 1480/1245 220/1987 490/948
f 1540/1243 490/948 218/2046
f 1555/1242 682/1146 507/990
f 1933/2223 2015/2224 2232/2225
f 1676/2226 2232/2225 2008/2227
f 684/2228 2233/1239 2104/1151
f 1934/2229 2014/2230 2234/2231
f 1484/2232 2234/2231 1984/2233
f 1212/2234 2235/1236 2080/1223
f 1935/2235 2091/1770 2236/2236
f 1704/2237 2236/2236 2014/2230
f 1230/2238 2237/1233 2110/1235
f 2238/2239 1701/2240 2013/2241
f 1381/2242 2238/2239 2069/2243
f 377/2244 2239/1228 1973/1024
f 1937/2245 2012/2246 2240/2247
f 1573/2077 2240/2247 2093/2078
f 926/2248 2241/1225 1997/1412
f 1938/2249 1984/2233 2242/2250
f 1700/2251 2242/2250 2012/2246
f 2108/1227 1698/1222 2243/1224
f 1939/2252 2011/2253 2244/2254
f 1321/2255 2244/2254 2061/2256
f 48/2257 2245/1219 1965/213
f 1940/2258 2010/2259 2246/2260
f 2085/1957 1940/2258 2246/2260
f 736/2261 2247/1216 1989/1815
f 2248/2262 1485/1892 1985/1893
f 2010/2259 1941/2263 2248/2262
f 2106/1218 1694/2264 2249/1213
f 1678/1160 1227/1208 1216/1211
f 1486/1202 773/2265 436/2266
f 1692/1210 113/2267 773/2265
f 1593/1207 1226/1201 976/1204
f 1401/1205 796/2268 120/2269
f 1690/1203 436/2266 796/2268
f 1605/1200 1225/1194 1020/1197
f 1413/1198 1215/1159 586/1206
f 1688/1196 685/1212 1215/1159
f 1680/1171 1224/1188 1220/1191
f 1488/1183 930/1806 342/1805
f 1686/1190 35/1001 930/1806
f 1385/104 1223/1182 938/1185
f 1577/1186 696/221 36/59
f 1684/1184 342/1805 696/221
f 1318/1094 1222/1176 732/1179
f 1510/1180 1219/1170 372/1187
f 1682/1178 686/1192 1219/1170
f 1683/1175 1221/1880 1222/1176
f 1685/1172 1220/1191 1223/1182
f 1687/1169 920/2270 1224/1188
f 1689/1164 1217/1874 1225/1194
f 1691/1161 1216/1211 1226/1201
f 1693/1158 790/2271 1227/1208
f 2250/2272 1677/1887 2009/1888
f 2011/2253 1942/2273 2250/2272
f 2107/1221 1406/2274 2251/1153
f 1943/2275 2008/2227 2252/2276
f 1701/2240 2252/2276 2013/2241
f 1211/1229 2253/1152 2109/1230
f 1944/2277 2067/2278 2254/2279
f 1705/2280 2254/2279 2015/2224
f 1210/2281 2255/1149 2111/1238
f 865/1240 1673/29 1207/1862
f 1348/991 1206/1244 823/2282
f 1672/1144 826/1246 1206/1244
f 947/2283 1671/87 1201/1253
f 895/2284 1670/1129 1200/1255
f 1200/1255 1387/1000 941/1257
f 1707/2220 2079/2207 1477/2208
f 1477/2208 2256/2285 1707/2220
f 698/1265 2256/2285 1494/1125
f 1667/1121 2113/1269 1197/1266
f 2257/1124 1710/2210 1667/1121
f 1668/1905 2017/2211 1710/2210
f 1713/2203 1987/2126 1501/2286
f 1501/2286 2258/2287 1713/2203
f 1197/1266 2258/2287 1667/1121
f 2259/2288 1196/1281 1474/1120
f 1496/1947 2259/2288 1474/1120
f 1986/1825 1716/1282 1496/1947
f 1719/2185 2006/2289 1664/2290
f 1664/2290 2260/2291 1719/2185
f 1195/1292 2260/2291 1665/1118
f 2261/2292 724/1295 1503/1116
f 1664/2290 2261/2292 1503/1116
f 2006/2289 1722/1296 1664/2290
f 1231/1300 1405/2293 1724/1112
f 1232/1307 1471/1298 1726/1109
f 368/1305 1728/1107 1507/1106
f 721/2294 1661/1102 1187/1316
f 1187/1316 1468/1099 1186/1318
f 1186/1318 1317/1101 731/1320
f 1315/1098 1185/1326 729/1322
f 1184/1327 1659/1096 1466/1095
f 1466/1095 732/1179 1184/1327
f 1945/2295 2005/1922 2262/2296
f 1733/2297 2262/2296 2023/2156
f 957/2298 2263/1092 2119/1335
f 1946/2299 2004/2132 2264/2300
f 1737/2301 2264/2300 2025/2143
f 1181/2302 2265/1089 2121/1344
f 1947/2303 2066/2081 2266/2304
f 1741/2305 2266/2304 2027/2130
f 1180/2306 2267/1084 2123/1353
f 2268/2307 1653/1938 2003/1939
f 2029/2119 1948/2308 2268/2307
f 2125/1362 1584/1079 2269/1081
f 2270/2309 1652/2310 2002/2096
f 2031/2107 1949/2311 2270/2309
f 2127/1372 1459/2312 2271/1076
f 2272/2313 1372/1910 2065/1851
f 2033/2094 1950/2314 2272/2313
f 2129/1381 1458/2315 2273/1073
f 848/1401 1409/1034 1353/1035
f 1761/2316 2001/1952 2035/2087
f 1763/2317 2000/2073 2037/2080
f 1765/2318 2069/2243 2039/2072
f 703/1550 1497/1022 701/1416
f 1767/2319 1999/1960 2041/2065
f 1769/2320 1998/2052 2043/2059
f 1771/2321 2068/2145 2045/2051
f 941/1257 1384/1002 934/90
f 987/1442 1645/252 1144/1803
f 1415/992 1143/1447 1029/1445
f 1143/1447 1348/991 823/2282
f 1142/1450 1550/959 1451/985
f 856/1453 1451/985 1549/982
f 707/1456 1450/256 1499/980
f 1772/1458 1641/973 1137/1967
f 1248/1462 1951/974 1772/1458
f 1019/2031 1951/974 1775/1465
f 1952/969 1136/2037 1776/1467
f 1779/1474 1776/1467 1249/2039
f 1135/2042 1952/969 1779/1474
f 1780/2322 1389/968 944/1477
f 1250/2036 1953/966 1780/2322
f 1783/1483 1446/1969 1953/966
f 1133/1486 1552/821 1445/957
f 1133/1486 1550/959 857/1487
f 1132/1794 1525/956 783/1489
f 1371/474 900/2323 904/1493
f 742/2324 1341/640 801/1497
f 1251/1503 1528/948 792/1500
f 1252/1508 1522/929 772/1507
f 1253/1513 1609/923 1047/1511
f 1254/1518 1608/920 1046/1516
f 1118/1788 1569/215 918/1534
f 1795/875 1116/1664 1256/1536
f 1119/1549 1582/1789 1443/862
f 703/1550 1443/862 1498/864
f 1081/1660 1343/839 812/1556
f 1066/1747 1543/837 839/1559
f 1327/833 884/1729 748/1562
f 1797/831 1078/1575 1259/1565
f 1799/828 942/2325 1260/1572
f 1067/1579 1553/789 1419/819
f 1067/1579 1552/821 859/1485
f 1800/2326 1347/812 821/1582
f 1261/2016 1954/813 1800/2326
f 1102/1588 1954/813 1803/1589
f 1092/1764 1536/800 814/1591
f 1093/1600 1553/789 860/1578
f 863/1599 1427/784 1093/1600
f 1096/1728 1307/778 707/1604
f 1264/1612 1437/1707 1804/761
f 1107/1617 1596/1444 1435/548
f 1106/1777 1520/758 751/1619
f 1955/747 1104/2017 1806/1621
f 1809/1628 1806/1621 1265/2006
f 1809/1628 1431/745 1955/747
f 1266/1633 1436/1778 1810/741
f 1018/2327 1631/369 1113/1641
f 1080/1761 1337/725 793/1644
f 1269/1649 1539/718 821/401
f 1817/713 1079/1759 1270/1651
f 870/1787 1382/710 927/1658
f 1018/2327 1425/701 1081/1660
f 1819/698 851/2328 1271/1661
f 1011/2004 1329/695 767/1666
f 1272/1672 1316/693 730/1669
f 1822/673 632/671 1069/1690
f 1274/1688 1612/672 1070/1686
f 1827/657 848/1401 1275/1692
f 1341/640 748/2329 801/1497
f 1356/28 1097/2330 854/1699
f 947/2283 1493/626 695/1702
f 1112/1706 1532/623 799/1705
f 974/2331 1630/619 1112/1706
f 1276/1709 1531/2040 1830/614
f 1833/610 1117/1785 1277/1712
f 826/1246 1620/566 1096/1728
f 1365/560 742/2324 884/1729
f 1107/1617 1554/550 863/1599
f 1834/1983 1625/536 1105/1735
f 1281/1981 1956/535 1834/1983
f 1837/1741 1343/2332 1956/535
f 967/1525 1332/527 775/1743
f 1066/1747 1536/800 1418/501
f 1068/1673 1506/480 367/692
f 898/2333 1371/474 904/1493
f 1370/452 898/2333 903/1752
f 1369/453 903/1752 900/1754
f 1841/441 737/2334 1283/1756
f 974/2331 1424/435 1080/1761
f 751/1619 1426/400 1092/1764
f 1097/2330 1357/389 856/1767
f 1842/1769 1336/384 792/1720
f 1285/1773 1957/383 1842/1769
f 793/8 1957/383 1845/1776
f 1106/1777 1607/378 1434/380
f 1286/1780 1523/2038 1846/371
f 1631/369 944/1477 1113/1641
f 1849/357 721/2294 1287/1783
f 1118/1788 1556/347 1442/348
f 946/1548 1298/345 689/1790
f 895/2284 1578/311 939/1792
f 1132/1794 1543/837 1444/290
f 1850/2335 1340/273 799/1705
f 1289/1966 1958/271 1850/2335
f 1853/1801 1400/1517 1958/271
f 1141/1455 1525/956 1450/256
f 1645/252 865/1240 1144/1803
f 692/1860 1300/221 693/1805
f 1855/2336 2063/2159 2047/1959
f 918/1534 1565/216 908/1812
f 1857/2337 2061/2256 2049/1951
f 772/1507 1397/207 1330/209
f 2274/2338 1304/2189 2058/1283
f 2051/1937 1959/2339 2274/2338
f 2147/1830 1560/112 2275/114
f 1960/2340 2062/2088 2276/2341
f 2053/1919 1960/2340 2276/2341
f 1002/2342 2277/108 2149/1837
f 1313/105 938/1185 727/1839
f 851/2328 1380/102 921/1841
f 678/1110 1866/95 1662/94
f 2278/2343 850/1849 1546/92
f 1564/2344 2278/2343 1546/92
f 1993/1375 1869/1850 1564/2344
f 1872/1904 1992/2113 1530/2345
f 1530/2345 2279/2346 1872/1904
f 920/1859 2279/2346 1571/88
f 1201/1253 1299/86 692/1860
f 1673/29 854/1699 1207/1862
f 2280/2347 1320/2348 2060/2349
f 1877/1885 2280/2347 2057/1886
f 2153/1870 1394/16 2281/18
f 1879/12 817/2350 1296/1871
f 1881/3 698/2351 1297/1877
f 1877/1885 2281/18 1961/2352
f 2057/1886 1874/1863 1295/1898
f 1874/1863 2060/2349 734/2353
f 2149/1837 1960/2340 1865/2354
f 2053/1919 1862/2355 1294/1934
f 1862/2355 2062/2088 738/1405
f 1861/1936 2275/114 1959/2339
f 1293/1827 2274/2338 1858/1948
f 1858/1948 2058/1283 700/1285
f 2049/1951 736/2261 1292/1814
f 2047/1959 741/2163 1291/1807
f 2045/2051 919/2151 1244/1431
f 2043/2059 1153/2356 1243/1424
f 2041/2065 1154/1810 1242/1418
f 2039/2072 926/2248 1241/1411
f 2037/2080 1157/1409 1240/2357
f 2035/2087 1158/1817 1239/1402
f 1753/2358 2273/1073 1950/2314
f 1238/1377 2272/2313 1750/2105
f 1750/2105 2065/1851 905/1374
f 1749/2359 2271/1076 1949/2311
f 1237/1368 2270/2309 1746/1364
f 2270/2309 1178/2360 1746/1364
f 2125/1362 1948/2308 1745/2361
f 1236/1359 2268/2307 1742/1355
f 2268/2307 1179/1945 1742/1355
f 2123/1353 1947/2303 1741/2305
f 2027/2130 1738/2362 1235/2141
f 2266/2304 909/1347 1738/2362
f 2121/1344 1946/2299 1737/2301
f 2025/2143 1734/1337 1234/2154
f 2264/2300 1182/2138 1734/1337
f 2119/1335 1945/2295 1733/2297
f 2023/2156 1730/1328 1233/2363
f 2262/2296 1183/1929 1730/1328
f 2111/1238 1944/2277 1705/2280
f 2015/2224 1702/1231 1230/2238
f 2254/2279 917/2364 1702/1231
f 2109/1230 1943/2275 1701/2240
f 2013/2241 1698/1222 1229/1226
f 2252/2276 1212/2234 1698/1222
f 1697/2365 2251/1153 1942/2273
f 1228/1217 2250/2272 1694/2264
f 1694/2264 2009/1888 1213/1214
f 2106/1218 1941/2263 1696/2366
f 1211/1229 2248/2262 1483/1150
f 2248/2262 684/2228 1483/1150
f 1513/2367 2247/1216 1940/2258
f 2085/1957 1675/2368 377/2244
f 1675/2368 2010/2259 1211/1229
f 1321/2255 2245/1219 1939/2252
f 2061/2256 1695/2369 736/2261
f 2244/2254 1228/1217 1695/2369
f 2108/1227 1938/2249 1700/2251
f 2012/2246 1383/2370 932/2371
f 2242/2250 374/2372 1383/2370
f 1573/2077 2241/1225 1937/2245
f 2093/2078 1575/2373 1/2374
f 2240/2247 932/2371 1575/2373
f 1973/1024 1936/2375 1381/2242
f 2069/2243 1699/2376 926/2248
f 1699/2376 2013/2241 1229/1226
f 2110/1235 1935/2235 1704/2237
f 2014/2230 1319/2377 733/2378
f 2236/2236 8/2379 1319/2377
f 2080/1223 1934/2229 1484/2232
f 1984/2233 1511/2380 374/2372
f 2234/2231 733/2378 1511/2380
f 2104/1151 1933/2223 1676/2226
f 2008/2227 1703/1234 1212/2234
f 2232/2225 1230/2238 1703/1234
f 1732/2166 2213/1330 1932/2164
f 2022/2161 1463/1087 1181/2302
f 2212/2165 676/2133 1463/1087
f 1991/1808 1931/2160 1517/2381
f 2087/1965 1655/1343 381/2146
f 2210/2162 1181/2302 1655/1343
f 1325/2158 2209/1336 1930/2155
f 2063/2159 1731/1331 741/2163
f 1731/1331 2023/2156 1233/2363
f 2120/1341 1929/2152 1736/2148
f 737/2334 2206/2153 1514/1757
f 2206/2153 378/1978 1514/1757
f 1570/2382 2205/1342 1928/2150
f 3/2383 2204/2147 1322/440
f 2204/2147 737/2334 1322/440
f 1972/1013 1927/2142 1378/2384
f 2068/2145 1735/1340 919/2151
f 2202/2144 1234/2154 1735/1340
f 2122/1350 1926/2385 1740/2140
f 942/2325 2200/2139 1580/1573
f 2200/2139 2/909 1580/1573
f 1464/2386 2199/1351 1925/2134
f 378/1978 2198/2136 1388/827
f 2198/2136 942/2325 1388/827
f 2100/1088 1924/2129 1656/2387
f 2004/2132 1739/1349 1182/2138
f 2196/2131 1235/2141 1739/1349
f 1744/2123 2195/1357 1923/2127
f 1177/1371 2194/2128 1459/2312
f 2194/2128 675/1077 1459/2312
f 1501/2286 2193/1358 1922/2125
f 362/1123 2192/2122 1651/2388
f 1651/2388 2028/2124 1177/1371
f 1309/2205 2191/1363 1921/2118
f 722/1276 2190/2120 1743/2389
f 2190/2120 1236/1359 1743/2389
f 2126/1369 1920/2117 1748/2110
f 699/80 2188/2115 1495/2390
f 2188/2115 344/2391 1495/2390
f 1530/2345 2187/1367 1919/2112
f 35/90 2186/2109 1303/1439
f 1303/1439 2030/2111 699/80
f 1338/1907 2185/1370 1918/2106
f 2064/1854 1747/2114 795/1855
f 2184/2108 1237/1368 1747/2114
f 2128/1378 1917/2103 1752/2098
f 2032/2099 1567/2392 912/2393
f 2182/2104 33/93 1567/2392
f 1460/2116 2181/1376 1916/2101
f 344/2391 2180/2097 1375/2394
f 1375/2394 2032/2099 912/2393
f 1652/2310 2179/1379 1915/2093
f 1178/2360 2178/2095 1751/2102
f 1751/2102 2033/2094 1238/1377
f 2034/2090 668/1414 1156/1026
f 2086/1931 1156/1026 379/1085
f 2062/2088 1239/1402 738/1405
f 2036/2083 376/2395 735/2396
f 2090/2084 735/2396 2/909
f 2066/2081 1240/2357 909/1347
f 2038/2075 1/2374 907/2397
f 1976/2076 907/2397 376/2395
f 2000/2073 1241/1411 1157/1409
f 2040/2068 667/1434 1152/1015
f 2084/2069 1152/1015 375/1429
f 2060/2066 1242/1418 734/1421
f 2042/2063 380/2398 739/2399
f 2091/2061 739/2399 8/2400
f 2067/2060 1243/1424 917/1427
f 2044/2054 3/2383 929/2401
f 1974/2055 929/2401 380/2398
f 1153/2356 2045/2051 1244/1431
f 2046/1962 381/2146 1151/1012
f 1975/1963 1151/1012 667/1434
f 1999/1960 1291/1807 1154/1810
f 2048/1954 377/2244 1155/1023
f 1977/1955 1155/1023 668/1414
f 2001/1952 1292/1814 1158/1817
f 1860/1941 2177/1824 1890/2402
f 1176/1380 2176/1946 1458/2315
f 1458/2315 2082/1119 345/1074
f 2075/1356 1889/2403 1461/1943
f 1979/1944 1650/2404 675/1077
f 1650/2404 2050/1942 1176/1380
f 1653/1938 2173/1831 1888/2405
f 2003/1939 1859/2406 1179/1945
f 1859/2406 2051/1937 1293/1827
f 2148/1834 1887/1930 1864/1933
f 2052/1925 1462/2407 1180/2306
f 2170/1932 379/1085 1462/2407
f 2077/1329 1886/1924 1465/1927
f 1981/1928 1654/1352 676/2133
f 2168/1926 1180/2306 1654/1352
f 2101/1091 1885/1918 1657/1921
f 2005/1922 1863/1833 1183/1929
f 2166/1920 1294/1934 1863/1833
f 1876/1897 2159/1865 1884/1894
f 2056/1890 1482/1147 1210/2281
f 2158/1896 375/2408 1482/1147
f 2081/1215 1883/1889 1485/1892
f 1985/1893 1674/1237 684/2228
f 2156/1891 1210/2281 1674/1237
f 2105/1155 1882/2409 1677/1887
f 1213/1214 2154/1884 1875/1866
f 2154/1884 1295/1898 1875/1866
f 1882/2409 2153/1870 1877/1885
f 2157/1868 1876/1897 1883/1889
f 2159/1865 1512/2410 1884/1894
f 2167/1838 1865/2354 1885/1918
f 2169/1835 1864/1933 1886/1924
f 2171/1832 1515/2089 1887/1930
f 1888/2405 2147/1830 1861/1936
f 1889/2403 2146/1828 1860/1941
f 1890/2402 1986/1825 1496/1947
f 2097/1030 1857/2337 1649/1950
f 2073/1403 1856/1956 1457/1953
f 2144/1816 1513/2367 1856/1956
f 2095/1019 1855/2336 1647/1958
f 2071/1419 1854/1964 1455/1961
f 2142/1809 1517/2381 1854/1964
f 2094/1016 1771/2321 1646/2050
f 1454/2053 2140/1433 1770/2056
f 2140/1433 1570/2382 1770/2056
f 1971/1430 1769/2320 1376/2058
f 1995/1428 1768/2062 1568/2411
f 2138/1426 1454/2053 1768/2062
f 1964/1423 1767/2319 1320/2064
f 1988/1422 1766/2070 1512/2067
f 2136/1420 1455/1961 1766/2070
f 2096/1027 1765/2318 1648/2071
f 2072/1410 1764/2412 1456/2074
f 2134/1413 1573/2077 1764/2412
f 1970/1086 1763/2317 1374/2079
f 1994/1348 1762/2085 1566/2082
f 2132/1408 1456/2074 1762/2085
f 1966/107 1761/2316 1323/2086
f 1990/1406 1760/2091 1515/2089
f 2130/1404 1457/1953 1760/2091
f 2179/1379 1753/2358 1915/2093
f 1916/2101 2128/1378 1752/2098
f 1917/2103 1993/1375 1564/2344
f 1918/2106 2127/1372 1749/2359
f 1919/2112 2126/1369 1748/2110
f 2189/1366 1460/2116 1920/2117
f 2191/1363 1745/2361 1921/2118
f 1922/2125 2124/1360 1744/2123
f 2195/1357 1461/1943 1923/2127
f 2197/1354 1741/2305 1924/2129
f 1925/2134 2122/1350 1740/2140
f 2201/1346 1566/2082 1926/2385
f 2203/1345 1737/2301 1927/2142
f 1928/2150 2120/1341 1736/2148
f 1929/2152 2076/1338 1464/2386
f 2209/1336 1733/2297 1930/2155
f 2211/1333 1732/2166 1931/2160
f 1932/2164 2077/1329 1465/1927
f 2233/1239 1705/2280 1933/2223
f 2235/1236 1704/2237 1934/2229
f 2237/1233 1568/2413 1935/2235
f 1936/2375 2109/1230 1701/2240
f 2241/1225 1700/2251 1937/2245
f 2243/1224 1484/2232 1938/2249
f 2245/1219 1697/2365 1939/2252
f 1940/2258 2106/1218 1696/2366
f 1941/2263 2081/1215 1485/1892
f 1942/2273 2105/1155 1677/1887
f 2253/1152 1676/2226 1943/2275
f 2255/1149 1376/1582 1944/2277
f 1945/2295 2101/1091 1657/1921
f 2265/1089 1656/2387 1946/2299
f 1947/2303 1970/1086 1374/2079
f 1948/2308 2099/1080 1653/1938
f 1949/2311 2098/1078 1652/2310
f 2273/1073 1372/1910 1950/2314
f 2131/1031 1649/1950 1761/2316
f 2133/1028 1648/2071 1763/2317
f 2135/1025 1381/2242 1765/2318
f 2137/1020 1647/1958 1767/2319
f 2139/1017 1646/2050 1769/2320
f 2141/1014 1378/2384 1771/2321
f 2143/219 1325/2158 1855/2336
f 2145/214 1321/2255 1857/2337
f 1959/2339 1962/113 1304/2189
f 2277/108 1323/2086 1960/2340
f 2281/18 1320/2348 1961/2352
f 897/1 39/2218 1302/2
f 968/4 103/2414 97/5
f 150/7 152/2415 147/8
f 1021/10 112/963 1538/11
f 606/13 175/317 172/14
f 1394/16 51/1790 1964/17
f 87/19 58/2416 390/20
f 1024/22 140/686 450/15
f 211/24 210/302 206/25
f 609/27 221/634 1356/28
f 1016/30 108/996 52/31
f 1022/33 124/1677 472/34
f 969/36 101/2417 95/37
f 482/39 170/118 705/40
f 255/42 254/1531 248/43
f 164/45 165/322 163/46
f 122/48 143/1070 448/49
f 548/50 72/787 56/51
f 348/53 353/1134 32/54
f 324/65 330/395 331/66
f 338/73 13/2049 30/74
f 301/66 302/476 296/81
f 357/85 16/60 1299/86
f 1571/88 1530/2345 2088/89
f 2089/91 1564/2344 1546/92
f 1188/99 677/1104 508/822
f 508/822 220/97 1188/99
f 1355/100 361/1970 370/101
f 368/103 372/1187 1385/104
f 1599/106 49/1407 1966/107
f 608/109 187/255 186/110
f 1560/112 37/2418 1962/113
f 106/115 6/239 841/116
f 607/49 176/1135 170/118
f 750/119 239/1675 515/120
f 256/122 255/42 246/44
f 673/124 428/227 71/125
f 886/127 128/2419 449/128
f 252/130 251/443 242/131
f 69/133 7/241 383/134
f 588/136 158/571 444/137
f 457/139 160/529 470/140
f 86/142 57/2420 922/143
f 359/75 30/74 755/145
f 443/147 155/331 157/148
f 90/150 64/155 58/151
f 755/145 30/74 11/79
f 760/165 95/37 415/166
f 201/171 199/302 203/172
f 565/174 74/1066 60/175
f 763/177 97/5 417/178
f 715/180 28/63 20/62
f 489/185 488/111 186/110
f 205/173 204/382 200/187
f 90/150 87/152 786/188
f 201/171 200/187 196/190
f 945/192 75/1697 63/193
f 101/195 92/637 415/166
f 402/196 93/208 102/197
f 408/199 85/237 110/200
f 417/178 97/5 103/202
f 100/204 94/2421 396/205
f 1397/207 102/197 93/208
f 995/210 25/622 10/57
f 1001/212 48/2257 1965/213
f 1569/215 23/55 19/71
f 1003/217 50/2422 1967/218
f 770/6 97/5 763/177
f 1299/86 16/60 12/59
f 161/222 165/322 164/45
f 595/224 135/1732 813/225
f 428/227 425/1646 111/228
f 427/229 424/336 107/230
f 244/43 250/1531 253/248
f 616/250 219/2423 1363/251
f 759/253 79/1727 65/163
f 209/255 213/368 211/24
f 253/248 252/130 243/132
f 1450/256 1525/956 224/257
f 1026/259 129/852 592/260
f 441/262 440/742 800/263
f 273/265 272/437 524/266
f 151/268 150/506 149/269
f 1958/271 1400/1517 121/272
f 447/274 157/148 169/275
f 91/158 88/1505 61/277
f 536/267 523/2424 270/278
f 147/8 152/2415 153/279
f 89/281 62/963 391/282
f 608/284 191/327 192/285
f 567/287 82/232 5/231
f 858/289 810/736 123/14
f 123/14 142/2383 1551/288
f 1444/290 1543/837 226/291
f 158/293 159/2425 169/294
f 153/279 151/268 148/270
f 1130/296 702/1139 138/297
f 212/171 213/187 209/190
f 815/299 145/2426 1345/300
f 210/302 211/24 215/303
f 71/125 55/243 336/52
f 720/307 136/951 462/308
f 1558/310 14/1133 9/83
f 161/312 160/2427 457/313
f 749/314 1034/526 280/315
f 142/317 123/14 450/15
f 429/201 110/200 744/318
f 165/322 161/312 475/323
f 183/327 182/349 838/328
f 202/303 204/367 205/330
f 168/295 169/294 167/334
f 971/335 107/230 424/336
f 828/299 176/2426 1516/300
f 831/338 174/783 173/48
f 185/340 184/351 837/341
f 1390/343 22/2428 18/344
f 771/38 95/37 760/165
f 1556/347 21/78 348/53
f 182/349 185/340 834/342
f 198/24 199/302 195/25
f 185/340 182/2429 183/350
f 189/186 186/2430 187/352
f 110/200 54/233 807/354
f 952/355 42/2431 1308/356
f 652/358 567/287 86/359
f 651/361 566/283 85/237
f 212/171 210/302 214/172
f 208/191 206/25 210/302
f 901/362 104/611 4/244
f 330/364 328/941 333/365
f 489/185 189/186 188/353
f 214/172 215/303 217/367
f 198/24 202/303 203/172
f 200/368 204/2432 202/303
f 1631/369 441/727 118/264
f 213/368 217/2432 215/303
f 1846/371 1523/2038 118/264
f 193/372 192/285 191/373
f 197/191 195/25 199/302
f 407/375 84/235 53/234
f 355/377 26/1397 16/60
f 1607/378 232/2048 505/379
f 280/315 288/492 274/381
f 212/171 216/173 217/382
f 1957/383 1337/2433 115/269
f 1032/385 238/1530 804/386
f 610/388 223/2434 1357/389
f 892/391 262/965 265/392
f 322/394 328/496 330/395
f 644/396 427/229 69/133
f 1426/400 1520/758 230/401
f 590/403 127/1386 803/404
f 196/255 200/368 198/24
f 464/406 133/999 811/407
f 556/409 28/63 715/180
f 74/411 77/160 66/159
f 762/413 81/1438 67/157
f 951/415 31/1388 17/77
f 258/417 261/456 887/418
f 271/423 270/2435 523/424
f 257/426 256/122 247/123
f 804/386 238/1530 519/428
f 1031/430 240/1382 517/431
f 1399/433 117/1992 434/434
f 273/436 270/2436 271/423
f 73/438 59/2437 65/162
f 929/439 3/2383 1322/440
f 248/442 254/1607 257/426
f 251/443 250/1723 244/444
f 893/445 260/1986 259/446
f 889/448 264/938 263/449
f 266/451 269/467 1370/452
f 265/392 264/938 889/448
f 261/456 260/1986 893/445
f 990/458 241/1721 513/459
f 604/461 130/770 473/462
f 269/464 266/2438 267/465
f 269/467 268/466 1367/468
f 1072/469 1023/563 130/470
f 582/472 105/1554 82/232
f 1367/468 268/466 267/465
f 327/475 326/81 332/476
f 284/481 290/507 289/482
f 825/484 1033/1746 276/485
f 289/482 290/507 294/65
f 278/316 274/381 275/487
f 285/489 287/1593 916/490
f 326/81 327/475 304/381
f 308/316 304/381 305/487
f 309/493 311/521 931/494
f 294/65 292/394 298/496
f 280/315 282/483 289/482
f 994/497 313/515 315/489
f 299/498 303/916 301/499
f 288/492 296/81 297/475
f 1418/501 1536/800 228/502
f 323/504 322/394 321/505
f 286/486 291/505 290/507
f 325/67 326/81 318/492
f 316/486 321/505 320/507
f 291/505 292/394 294/65
f 323/509 327/475 333/477
f 294/65 300/395 301/66
f 325/67 331/66 332/476
f 358/511 556/409 27/70
f 323/504 329/2439 328/496
f 288/492 289/482 295/67
f 306/485 305/506 321/505
f 697/484 711/1746 306/485
f 275/506 293/504 292/394
f 308/316 310/315 318/492
f 1035/314 308/316 306/488
f 320/507 324/65 325/67
f 1282/514 1008/802 86/142
f 283/515 285/489 914/491
f 184/351 183/47 835/516
f 310/315 312/483 319/482
f 697/484 316/486 314/481
f 275/487 274/381 297/475
f 281/521 283/515 910/497
f 305/487 304/381 327/475
f 314/481 320/507 319/482
f 991/522 277/1719 279/493
f 286/486 276/485 275/506
f 321/505 322/394 324/65
f 285/523 283/915 281/524
f 296/81 302/476 303/477
f 297/475 303/477 299/510
f 753/526 1036/715 312/483
f 293/504 299/2439 298/496
f 99/203 103/202 1332/527
f 164/325 156/324 470/140
f 820/531 467/953 658/532
f 27/70 556/409 1087/410
f 1956/535 1343/2332 433/276
f 483/537 485/1745 690/538
f 1085/543 639/584 518/544
f 109/546 429/201 1127/319
f 1435/548 648/760 504/549
f 1129/533 658/532 459/551
f 1083/552 638/595 516/553
f 996/555 555/1058 351/556
f 538/558 534/1979 1326/559
f 594/561 641/1678 1088/562
f 1349/564 491/1145 645/565
f 1120/567 400/1050 717/568
f 588/136 457/313 159/570
f 193/372 489/185 487/286
f 387/126 336/52 63/51
f 853/182 405/184 1054/578
f 1278/580 1052/1725 629/581
f 868/583 511/1762 639/584
f 1084/429 519/428 236/589
f 882/591 521/931 522/592
f 989/594 622/1596 638/595
f 1090/596 642/1594 446/597
f 829/1529 776/603 1542/602
f 776/603 478/1601 479/604
f 83/240 430/473 652/358
f 940/490 928/1674 544/605
f 993/495 626/754 544/607
f 997/608 557/1786 1633/609
f 1124/337 424/336 104/611
f 581/612 657/722 1126/613
f 1830/614 1531/2040 437/615
f 1591/617 584/1977 650/618
f 782/620 423/855 421/621
f 25/622 355/377 357/85
f 650/618 438/967 1532/623
f 1583/624 551/1130 341/625
f 611/631 225/1765 819/397
f 384/632 644/396 385/135
f 221/634 610/388 1621/390
f 539/638 535/2033 1327/639
f 77/160 74/411 1007/641
f 872/646 879/678 526/647
f 690/538 485/1745 484/649
f 1828/651 788/189 412/519
f 764/655 92/637 1545/656
f 883/663 525/739 530/664
f 554/666 640/795 1086/667
f 1088/562 641/1678 456/668
f 1825/670 1069/1690 632/671
f 980/676 131/2440 464/406
f 522/677 526/647 879/678
f 718/680 403/1436 389/681
f 589/683 642/1594 1090/596
f 1098/684 511/1762 868/583
f 593/13 450/15 140/686
f 925/688 397/1391 406/689
f 916/490 991/1674 624/605
f 1821/691 1068/1673 367/692
f 576/694 418/1980 1329/695
f 1114/697 361/1970 1355/100
f 1411/699 584/1977 637/700
f 426/702 422/621 781/363
f 434/704 435/924 787/705
f 1364/708 550/865 337/709
f 739/711 380/1760 1615/712
f 1034/526 625/885 541/714
f 1815/716 773/1650 113/717
f 657/722 426/702 785/703
f 569/169 571/776 962/723
f 1424/435 434/434 115/724
f 1603/726 116/2002 441/727
f 1065/1638 1268/1639 573/729
f 1268/1639 1813/728 573/729
f 407/375 651/361 408/199
f 1062/731 568/1059 959/732
f 88/734 407/375 394/376
f 883/663 709/860 528/738
f 570/644 571/776 1057/740
f 1810/741 1436/1778 440/742
f 542/744 543/606 825/484
f 1431/745 647/1975 1624/746
f 141/118 145/2426 815/299
f 627/714 546/744 852/517
f 524/266 272/437 271/423
f 590/748 598/900 1025/749
f 1033/513 624/607 540/754
f 595/755 602/898 984/756
f 1434/380 505/379 230/401
f 626/754 545/885 753/526
f 1435/548 1596/1444 619/759
f 1804/761 1437/1707 649/762
f 1073/764 980/676 594/561
f 88/734 572/880 651/361
f 992/494 625/885 540/754
f 797/773 531/1766 520/774
f 444/137 158/571 168/295
f 1620/566 645/565 493/777
f 1263/779 1099/1595 646/780
f 170/118 176/2426 828/299
f 831/338 1027/962 1606/782
f 1427/784 1554/550 504/549
f 72/787 548/50 644/396
f 634/463 473/462 134/772
f 603/767 634/463 474/585
f 1427/784 643/785 499/788
f 548/50 68/245 427/229
f 1262/790 990/458 623/791
f 979/793 125/1248 590/403
f 537/425 523/424 262/417
f 940/490 547/606 546/744
f 694/715 541/714 542/744
f 618/630 501/399 861/540
f 481/934 840/736 605/711
f 840/736 985/289 1595/794
f 640/795 356/1763 937/796
f 614/797 609/815 1039/798
f 1426/400 500/402 228/502
f 396/205 94/2421 754/803
f 1038/805 611/631 501/399
f 1430/811 432/1976 1347/812
f 219/814 615/799 1039/798
f 1128/309 462/308 134/816
f 1419/819 631/823 497/820
f 1419/819 1553/789 499/788
f 1082/432 517/431 235/824
f 1076/826 378/1978 1388/827
f 1077/829 636/1576 1614/830
f 535/832 538/558 1365/560
f 106/115 582/472 430/473
f 24/834 28/63 556/409
f 609/815 614/797 1028/810
f 227/633 611/631 1038/805
f 1418/501 498/503 226/291
f 1425/701 637/700 433/838
f 228/845 500/935 1037/846
f 477/847 478/1601 776/603
f 532/848 527/1551 880/849
f 840/736 481/934 480/853
f 1125/854 656/870 423/855
f 1121/856 655/1544 1122/857
f 529/859 528/738 709/860
f 888/447 259/446 258/421
f 1443/862 654/866 347/863
f 1443/862 1582/1789 550/865
f 982/867 414/1138 1123/868
f 1015/117 580/1071 656/870
f 486/871 483/537 836/539
f 409/21 652/358 410/360
f 430/473 82/232 567/287
f 1115/873 653/1665 1632/874
f 1442/348 348/53 23/55
f 484/876 486/871 833/872
f 533/648 532/848 688/850
f 881/665 530/664 531/677
f 1032/385 623/791 635/878
f 885/450 263/449 262/417
f 89/281 566/283 651/361
f 791/1529 864/603 1335/602
f 864/603 460/1601 461/604
f 1064/884 1255/1524 1793/882
f 1793/882 1063/2005 630/883
f 931/494 994/497 627/714
f 1075/879 635/878 512/886
f 1074/460 513/459 237/888
f 1073/764 633/765 451/896
f 463/306 129/852 1026/259
f 620/844 621/937 1030/899
f 598/900 590/748 1043/901
f 596/847 460/1601 864/603
f 886/908 1072/469 452/471
f 133/304 463/306 1042/912
f 313/915 311/524 307/525
f 1791/918 1045/1520 628/919
f 1789/921 796/1514 436/922
f 435/924 434/704 1048/925
f 1787/927 1051/1509 416/928
f 911/930 398/1396 575/577
f 880/849 527/1551 521/931
f 602/898 595/755 1042/912
f 599/753 137/893 983/933
f 875/861 789/775 520/774
f 691/339 466/853 454/934
f 126/768 604/461 634/463
f 500/935 230/1314 988/936
f 264/938 524/266 537/425
f 125/751 599/753 1043/901
f 1037/846 500/935 621/937
f 615/799 231/542 986/707
f 117/945 439/926 1048/925
f 1785/946 1044/1504 432/947
f 439/926 121/272 794/949
f 1326/559 534/1979 539/638
f 267/465 266/2441 1369/950
f 720/307 1130/296 468/298
f 820/531 1131/955 659/952
f 824/954 471/1141 659/952
f 1444/290 496/292 224/257
f 1445/957 660/960 495/958
f 1445/957 1552/821 497/820
f 808/962 809/338 454/934
f 454/934 453/711 1534/961
f 86/359 567/287 392/282
f 187/964 608/284 487/286
f 566/283 391/282 54/231
f 262/965 523/2424 536/267
f 1953/966 1446/1969 438/967
f 1952/969 1447/2043 661/970
f 1412/972 585/2032 1641/973
f 536/267 524/266 264/938
f 442/975 114/1631 915/743
f 440/742 441/262 1138/976
f 116/977 442/975 1138/976
f 1139/261 592/260 127/750
f 1140/978 662/979 598/900
f 984/756 602/898 662/979
f 1499/980 1450/256 494/258
f 1549/982 1451/985 663/983
f 1451/985 1550/959 495/958
f 943/986 399/1552 388/987
f 1644/989 664/993 507/990
f 1415/992 619/759 664/993
f 233/994 616/250 1645/252
f 68/245 104/611 424/336
f 108/996 425/1646 428/227
f 665/997 459/551 802/817
f 855/669 456/668 665/997
f 133/999 595/224 1146/226
f 1387/1000 339/1899 340/1001
f 1147/1003 404/1042 716/1004
f 1148/1006 666/1435 1149/1007
f 902/1009 413/1166 1150/1010
f 1151/1012 381/2146 1972/1013
f 1152/1015 667/1434 2094/1016
f 958/1018 564/1811 2095/1019
f 1498/864 347/863 346/1021
f 1155/1023 377/2244 1973/1024
f 1156/1026 668/1414 2096/1027
f 956/1029 562/1818 2097/1030
f 950/534 554/666 349/1032
f 1409/1034 579/2442 416/928
f 408/199 429/201 109/546
f 714/1036 549/1726 335/572
f 412/519 411/654 768/573
f 193/372 190/1083 488/111
f 937/796 356/1763 350/1040
f 1162/1044 417/178 99/203
f 70/247 565/174 382/176
f 402/196 96/198 761/1048
f 1756/1049 1005/642 569/169
f 1168/1052 415/166 92/637
f 713/1053 354/1820 352/1054
f 154/320 443/147 469/149
f 669/1056 354/1820 713/1053
f 555/1058 669/1056 1170/1057
f 29/84 359/75 1171/146
f 568/1059 393/1821 752/1060
f 670/141 470/140 156/324
f 447/274 670/141 469/149
f 159/276 457/139 670/141
f 671/138 444/137 155/331
f 475/323 671/138 443/147
f 161/312 588/136 671/138
f 385/135 383/134 59/163
f 1172/129 449/128 126/1061
f 1173/1062 672/1064 446/597
f 806/1063 451/1822 672/1064
f 673/124 387/126 75/572
f 74/1066 565/174 673/124
f 565/174 70/247 428/227
f 1174/121 515/120 234/161
f 1175/1067 674/1069 514/681
f 867/1068 510/1602 674/1069
f 174/1070 607/49 482/39
f 580/1071 419/1823 777/1072
f 2273/1073 1458/2315 345/1074
f 2271/1076 1459/2312 675/1077
f 1584/1079 553/2443 2099/1080
f 191/1082 608/109 488/111
f 2267/1084 1462/2407 379/1085
f 1463/1087 676/2133 2100/1088
f 1587/1090 563/1923 2101/1091
f 373/1093 40/1181 1318/1094
f 46/1097 373/1093 1659/1096
f 1468/1099 371/1103 44/1100
f 1308/356 42/2431 371/1103
f 1030/899 1188/99 509/98
f 988/936 1189/1105 677/1104
f 1189/1105 505/1313 232/840
f 232/840 508/822 1189/1105
f 1726/1109 1471/1298 678/1110
f 1724/1112 1405/2293 560/1113
f 2102/1115 1664/2290 1503/1116
f 1665/1118 1664/2290 2102/1115
f 2082/1119 1496/1947 1474/1120
f 1667/1121 1501/2286 2083/1122
f 362/1123 1668/1905 2257/1124
f 1494/1125 1477/2208 1983/1126
f 679/1128 339/1899 1387/1000
f 551/1130 679/1128 1670/1129
f 1391/1132 15/58 357/85
f 14/1133 338/73 359/75
f 21/78 31/1388 353/1134
f 68/245 548/50 334/52
f 591/39 448/49 145/1135
f 680/1136 477/847 827/22
f 480/853 680/1136 1202/23
f 173/48 482/39 1203/41
f 1013/1137 578/1861 414/1138
f 1204/35 472/34 138/297
f 824/954 1205/1142 681/1140
f 1205/1142 979/793 589/683
f 972/547 581/612 420/1143
f 1672/1144 682/1146 491/1145
f 1348/991 507/990 682/1146
f 1363/251 219/2423 609/27
f 1208/23 450/15 123/14
f 1209/41 683/1136 466/853
f 981/40 596/847 683/1136
f 409/21 390/20 6/238
f 1482/1147 375/2408 1971/1148
f 1483/1150 684/2228 2104/1151
f 2251/1153 1406/2274 561/1154
f 177/687 606/13 476/15
f 1214/1156 431/1883 1526/1157
f 1215/1159 685/1212 1678/1160
f 977/1162 587/1875 1679/1163
f 1012/1165 577/1876 413/1166
f 1218/1167 343/1882 1379/1168
f 1219/1170 686/1192 1680/1171
f 948/1173 552/1881 1681/1174
f 1222/1176 1221/1880 1489/1177
f 732/1179 1222/1176 1682/1178
f 40/1181 948/1173 1683/1175
f 1223/1182 1220/1191 1488/1183
f 938/1185 1223/1182 1684/1184
f 372/1187 1219/1170 1685/1172
f 1224/1188 920/2270 1571/1189
f 1220/1191 1224/1188 1686/1190
f 686/1192 1218/1167 1687/1169
f 102/1193 1012/1165 902/1009
f 1225/1194 1217/1874 1487/1195
f 1020/1197 1225/1194 1688/1196
f 119/1199 977/1162 1689/1164
f 1226/1201 1216/1211 1486/1202
f 976/1204 1226/1201 1690/1203
f 586/1206 1215/1159 1691/1161
f 1227/1208 790/2271 1334/1209
f 1216/1211 1227/1208 1692/1210
f 685/1212 1214/1156 1693/1158
f 2249/1213 1694/2264 1213/1214
f 2247/1216 1695/2369 1228/1217
f 2245/1219 1598/2444 1000/1220
f 1698/1222 1212/2234 2080/1223
f 2241/1225 1699/2376 1229/1226
f 2239/1228 1675/2368 1211/1229
f 1702/1231 917/2364 1995/1232
f 1703/1234 1230/2238 2110/1235
f 1674/1237 1210/2281 2111/1238
f 141/118 981/40 1209/41
f 591/39 1209/41 691/339
f 683/1136 1208/23 818/737
f 865/1240 1207/1862 1481/1241
f 1540/1243 823/2282 1206/1244
f 1480/1245 1206/1244 826/1246
f 109/546 972/547 778/589
f 125/1248 979/793 1205/1142
f 600/1249 1205/1142 824/954
f 681/1140 1204/35 702/1139
f 100/1251 1013/1137 982/867
f 830/339 1203/41 680/1136
f 780/737 1202/23 476/15
f 1202/23 827/22 171/686
f 1583/624 947/2283 1201/1253
f 1558/310 895/2284 1200/1255
f 1478/1256 1200/1255 941/1257
f 1706/1259 1669/2213 2007/1260
f 1199/1261 1707/2220 2230/1262
f 1302/1263 1708/2216 2016/1264
f 1197/1266 1709/1270 2228/1267
f 2113/1269 1710/2210 1709/1270
f 1198/1271 1476/1900 2226/1272
f 1712/1274 1309/2205 2059/1275
f 722/1276 1713/2203 2224/1277
f 1475/1268 1714/2199 2018/1278
f 2115/1279 1715/2192 1666/1280
f 1716/1282 1715/2192 2115/1279
f 2058/1283 1304/2189 1717/1284
f 1718/1286 1472/2174 2078/1287
f 1194/1288 1719/2185 2218/1289
f 1473/1290 1720/2183 2020/1291
f 2117/1293 1721/2178 1311/1294
f 1722/1296 1721/2178 2117/1293
f 2078/1287 1472/2174 1723/1297
f 1471/1298 1724/1112 1193/1114
f 1663/1299 1725/1302 1231/1300
f 1725/1302 1597/2170 999/1303
f 1313/1304 1726/1109 1192/1111
f 1505/1306 1727/1309 1232/1307
f 1727/1309 1663/1299 1191/1301
f 729/1108 1190/96 1470/1311
f 505/1313 1189/1105 988/936
f 621/937 677/1104 1188/99
f 1500/1315 721/2294 1187/1316
f 1469/1317 1187/1316 1186/1318
f 1660/1319 1186/1318 731/1320
f 729/1322 1185/1326 1467/1323
f 1658/1325 1467/1323 1185/1326
f 1184/1327 732/1179 1510/1180
f 1730/1328 1183/1929 2077/1329
f 1731/1331 1233/2363 2118/1332
f 1395/1334 957/2298 2119/1335
f 1734/1337 1182/2138 2076/1338
f 1735/1340 1234/2154 2120/1341
f 1655/1343 1181/2302 2121/1344
f 2201/1346 1738/2362 909/1347
f 1739/1349 1235/2141 2122/1350
f 1654/1352 1180/2306 2123/1353
f 1742/1355 1179/1945 2075/1356
f 2193/1358 1743/2389 1236/1359
f 1392/1361 949/2445 2125/1362
f 1746/1364 1178/2360 2074/1365
f 2187/1367 1747/2114 1237/1368
f 2185/1370 1651/2388 1177/1371
f 2183/1373 1750/2105 905/1374
f 2181/1376 1751/2102 1238/1377
f 2179/1379 1650/2404 1176/1380
f 971/335 777/1072 7/242
f 240/1382 867/1068 1175/1067
f 517/1383 1175/1067 871/414
f 674/1069 1174/121 805/682
f 129/1384 806/1063 1173/1062
f 592/1385 1173/1062 803/404
f 672/1064 1172/129 933/598
f 959/732 752/1060 62/249
f 996/555 1171/146 669/1056
f 951/415 1170/1057 353/1134
f 1170/1057 713/1053 32/54
f 32/54 713/1053 710/1055
f 1754/1390 1169/1051 397/1391
f 76/164 79/1727 1755/1389
f 79/1727 717/568 1755/1389
f 924/1393 80/1437 1757/1392
f 80/1437 77/160 1757/1392
f 1758/1395 1163/1043 398/1396
f 91/158 81/1438 1759/1394
f 81/1438 716/1004 1759/1394
f 26/1397 937/796 843/1041
f 73/438 846/690 1160/1039
f 405/184 1159/183 1160/1039
f 406/689 765/635 764/655
f 72/1398 714/1036 964/1037
f 1545/656 1601/2092 1014/1400
f 27/70 950/534 704/1033
f 1239/1402 1158/1817 2073/1403
f 738/1405 1239/1402 2130/1404
f 49/1407 956/1029 2131/1031
f 2132/1408 1240/2357 1157/1409
f 909/1347 1240/2357 2132/1408
f 379/1085 1156/1026 2133/1028
f 1241/1411 926/2248 1997/1412
f 1157/1409 1241/1411 2134/1413
f 668/1414 1155/1023 2135/1025
f 1306/1415 703/1550 701/1416
f 1242/1418 1154/1810 2071/1419
f 734/1421 1242/1418 2136/1420
f 51/69 958/1018 2137/1020
f 1243/1424 1153/2356 2070/1425
f 917/1427 1243/1424 2138/1426
f 375/1429 1152/1015 2139/1017
f 1244/1431 919/2151 1996/1432
f 2070/1425 1153/2356 1244/1431
f 667/1434 1151/1012 2141/1014
f 1245/1011 1150/1010 666/1435
f 761/1048 1245/1011 1148/1006
f 96/198 902/1009 1245/1011
f 1246/1008 1149/1007 403/1436
f 924/1393 1246/1008 718/680
f 401/1045 1148/1006 1246/1008
f 1247/1005 716/1004 81/1438
f 1149/1007 1247/1005 762/413
f 666/1435 1147/1003 1247/1005
f 1579/1258 941/1257 934/90
f 811/407 1146/226 665/997
f 855/669 1145/998 458/1440
f 1145/998 802/817 134/816
f 987/1442 1144/1803 1453/1443
f 1029/1445 1143/1447 1452/1446
f 1143/1447 823/2282 1540/1243
f 78/1448 943/986 935/988
f 1358/1449 857/1487 1142/1450
f 1357/1452 1643/1451 1142/1450
f 1307/1454 1642/1802 1141/1455
f 135/757 984/756 1140/978
f 597/1457 1140/978 983/933
f 662/979 1139/261 1025/749
f 1772/1458 1137/1967 1449/1459
f 1913/1461 1773/2041 1248/1462
f 1604/1464 1019/2031 1775/1465
f 1776/1467 1136/2037 1448/1468
f 1777/1470 1249/2039 1778/1471
f 1639/1473 1135/2042 1779/1474
f 1908/1476 1780/2322 944/1477
f 1781/1478 1250/2036 1782/1479
f 1906/1481 1638/1968 1134/1482
f 809/338 808/962 1342/782
f 1637/1484 1360/1580 859/1485
f 1637/1484 1133/1486 857/1487
f 1636/1488 1132/1794 783/1489
f 139/1250 824/954 1131/955
f 601/1491 1131/955 820/531
f 467/953 659/952 1130/296
f 904/1493 900/2323 1561/1494
f 1518/1496 742/2324 801/1497
f 1784/1499 1251/1503 792/1500
f 1416/1502 1046/1516 1251/1503
f 1608/920 628/919 1044/1504
f 574/660 1049/659 1050/575
f 122/48 691/339 809/338
f 256/122 257/426 789/775
f 91/158 911/930 1010/576
f 1786/1506 1252/1508 772/1507
f 961/730 570/644 1786/1506
f 570/644 1053/582 1252/1508
f 1252/1508 1053/582 1787/927
f 1053/582 629/581 1787/927
f 1788/1510 1253/1513 1047/1511
f 1412/972 1019/2031 1253/1513
f 1604/1464 120/2269 796/1514
f 1790/1515 1254/1518 1046/1516
f 1400/1517 975/1800 1254/1518
f 1592/1519 585/2032 1045/1520
f 633/765 1072/469 886/908
f 575/577 966/661 965/902
f 129/1521 465/1608 1073/764
f 635/878 1074/460 869/889
f 519/1522 1075/879 712/887
f 311/521 313/515 994/497
f 574/660 965/902 1792/1526
f 1792/1526 1255/1524 574/660
f 967/1525 1255/1524 1792/1526
f 576/694 1063/2005 1793/882
f 144/2400 140/686 1527/1528
f 140/686 864/603 791/1529
f 533/648 526/647 887/418
f 525/739 885/450 891/455
f 529/859 520/774 876/393
f 238/1530 1032/385 1075/879
f 255/42 881/665 797/679
f 832/877 833/872 180/1532
f 1634/1533 1118/1788 918/1534
f 1256/1536 1116/1664 1440/1537
f 850/1539 1256/1536 1794/1538
f 364/1541 1115/873 1795/875
f 833/872 836/539 181/1543
f 106/115 1015/117 1125/854
f 1257/869 1123/868 655/1544
f 754/1545 1257/869 1121/856
f 94/1252 982/867 1257/869
f 1635/1547 1390/343 946/1548
f 1306/1415 1635/1547 1119/1549
f 527/1551 888/447 877/420
f 1258/858 1122/857 399/1552
f 923/1553 1258/858 943/986
f 395/1546 1121/856 1258/858
f 582/472 1125/854 782/620
f 252/130 688/850 880/849
f 1617/1555 1081/1660 812/1556
f 1610/1558 1066/1747 839/1559
f 610/720 1040/719 822/600
f 748/1562 884/1729 1557/1563
f 1259/1565 1078/1575 1422/1566
f 932/1568 1259/1565 1796/1567
f 374/1570 1077/829 1797/831
f 1260/1572 942/2325 1580/1573
f 1078/1575 1260/1572 1798/1574
f 636/1576 1076/826 1799/828
f 638/595 1082/432 896/825
f 1611/1577 1361/1598 860/1578
f 1611/1577 1067/1579 859/1485
f 1055/653 1056/801 573/729
f 658/532 1128/309 802/817
f 1905/1581 1800/2326 821/1582
f 1801/1584 1261/2016 1802/1585
f 1903/1587 1622/1974 1102/1588
f 221/835 1028/810 1041/721
f 410/818 86/142 1008/802
f 1618/1590 1092/1764 814/1591
f 1086/667 937/796 26/1397
f 840/736 172/14 985/289
f 172/14 175/2383 1403/288
f 694/715 784/517 284/481
f 317/1593 940/490 936/491
f 979/793 1091/405 642/1594
f 1099/1595 1262/790 1101/792
f 622/1596 989/594 1262/790
f 989/594 241/1721 990/458
f 1619/1597 1093/1600 860/1578
f 1094/398 1095/599 503/601
f 1619/1597 1362/1733 863/1599
f 831/338 481/934 1027/962
f 481/934 605/711 1414/961
f 705/40 828/299 478/1601
f 1263/779 1100/781 510/1602
f 1031/430 1263/779 867/1068
f 622/1596 1099/1595 1263/779
f 1428/1603 1096/1728 707/1604
f 1057/740 1007/641 74/411
f 254/1607 797/773 789/775
f 281/521 992/494 906/495
f 465/1608 131/2440 980/676
f 1410/1609 1804/761 1110/763
f 1602/1611 1805/1614 1264/1612
f 1805/1614 1629/1708 1109/1615
f 1627/1616 1404/995 987/1442
f 1035/314 753/526 310/315
f 1626/1618 1106/1777 751/1619
f 276/488 1033/513 749/314
f 1036/715 852/517 314/481
f 981/40 815/299 460/1601
f 1806/1621 1104/2017 1432/1622
f 1807/1624 1265/2006 1808/1625
f 1623/1627 1103/1982 1809/1628
f 284/481 784/517 825/484
f 1398/1630 1810/741 915/743
f 1590/1632 1811/1635 1266/1633
f 1811/1635 1628/1779 1108/1636
f 256/122 709/860 883/663
f 466/853 818/737 810/736
f 1267/733 959/732 89/1387
f 1064/884 1267/733 1009/658
f 630/883 1062/731 1267/733
f 961/730 962/723 571/776
f 630/883 1063/2005 1812/1637
f 1812/1637 1268/1639 1065/1638
f 1408/696 1011/2004 1268/1639
f 1600/1640 98/206 963/574
f 1411/699 1018/2327 1113/1641
f 1616/1643 1080/1761 793/1644
f 1126/613 785/703 111/228
f 503/601 1040/719 1041/721
f 1814/1647 1269/1649 821/401
f 1417/1512 1047/1511 1269/1649
f 1609/923 436/922 773/1650
f 280/315 1034/526 694/715
f 1270/1651 1079/1759 1423/1652
f 733/1654 1270/1651 1816/1653
f 8/1656 739/711 1817/713
f 1556/347 870/1787 927/1658
f 614/797 986/707 862/541
f 785/703 781/363 55/244
f 1603/726 1018/2327 1081/1660
f 1271/1661 851/2328 1547/1662
f 1116/1664 1271/1661 1818/1663
f 653/1665 1114/697 1819/698
f 1600/1640 1011/2004 767/1666
f 1820/1668 1272/1672 730/1669
f 1420/1671 1070/1686 1272/1672
f 1612/672 632/671 1068/1673
f 287/1593 277/1720 991/1674
f 76/164 925/688 846/690
f 1273/685 868/583 239/1675
f 1100/781 1273/685 750/119
f 646/780 1098/684 1273/685
f 1022/33 1090/596 445/1676
f 80/1437 718/680 913/682
f 746/679 879/678 253/248
f 980/676 1089/408 641/1678
f 1823/1679 731/1681 1071/674
f 1317/1682 44/1100 558/1683
f 1824/1685 1274/1688 1070/1686
f 1572/1687 921/1994 1274/1688
f 1380/1689 370/1998 1069/1690
f 1088/562 855/669 132/1441
f 995/210 1086/667 355/377
f 398/1396 758/662 966/661
f 572/944 1049/659 1009/658
f 1275/1692 848/1401 1353/1035
f 1051/1509 629/581 1826/1693
f 629/581 1054/578 1826/1693
f 1275/1692 1054/578 405/184
f 405/184 764/655 1827/657
f 87/152 410/818 1055/653
f 923/1695 78/2446 1829/1694
f 78/2446 90/150 1829/1694
f 179/1696 690/538 832/650
f 252/130 253/248 879/678
f 1006/643 1058/645 386/1606
f 1005/642 1007/641 571/776
f 801/1497 748/2329 1519/1698
f 397/1391 756/636 765/635
f 854/1699 1097/2330 1429/1700
f 1391/1132 947/2283 695/1702
f 1438/1704 1112/1706 799/1705
f 105/1554 782/620 779/354
f 1399/433 974/2331 1112/1706
f 1437/1707 1830/614 1111/616
f 1629/1708 1831/1710 1276/1709
f 1831/1710 1339/1990 798/1711
f 1016/30 1126/613 425/1646
f 656/870 1124/337 901/362
f 1277/1712 1117/1785 1441/1713
f 724/1715 1277/1712 1832/1714
f 41/1717 997/608 1833/610
f 309/493 993/495 928/522
f 307/1720 928/1674 940/490
f 177/2400 171/686 1350/1528
f 171/686 776/603 829/1529
f 502/786 223/1561 822/600
f 1090/596 933/598 126/1061
f 241/1721 989/594 1083/552
f 251/443 882/591 746/593
f 639/584 1084/429 874/590
f 239/1675 868/583 1085/543
f 1006/643 1278/580 1053/582
f 75/1697 945/192 1278/580
f 945/192 549/1726 1052/1725
f 1279/579 1054/578 629/581
f 714/1036 1279/579 1052/1725
f 72/1398 853/182 1279/579
f 88/1505 1010/576 1050/575
f 411/654 573/729 963/574
f 1280/569 717/568 79/1727
f 1122/857 1280/569 759/253
f 655/1544 1120/567 1280/569
f 1541/1247 826/1246 1096/1728
f 1023/563 1088/562 455/1691
f 884/1729 742/2324 1518/1496
f 29/84 996/555 847/557
f 513/1722 1083/552 873/554
f 597/1731 1129/533 813/225
f 1627/1616 1107/1617 863/1599
f 972/547 1127/319 657/722
f 515/1724 1085/543 743/545
f 501/399 503/601 862/541
f 836/539 690/538 179/1696
f 1899/1734 1834/1983 1105/1735
f 1835/1737 1281/1981 1836/1738
f 1535/1740 812/2447 1837/1741
f 950/534 1087/410 640/795
f 137/1492 820/531 1129/533
f 1588/1527 967/1525 775/1743
f 545/885 627/714 1036/715
f 624/607 991/522 906/495
f 625/885 992/494 910/497
f 1059/518 769/520 98/206
f 547/606 697/484 852/517
f 485/1745 837/341 835/516
f 541/714 910/497 914/491
f 1062/731 1282/514 1004/144
f 630/883 1065/1638 1282/514
f 1065/1638 573/729 1008/802
f 626/754 1035/314 711/513
f 547/606 544/605 711/1746
f 1610/1558 1344/1592 814/1591
f 627/714 994/497 936/491
f 993/495 931/494 545/885
f 914/491 916/490 543/606
f 624/605 1033/1746 825/484
f 1839/1748 1071/674 728/479
f 1613/1684 558/1683 45/1749
f 1559/1751 898/2333 904/1493
f 633/765 594/561 1023/563
f 903/1752 898/2333 1559/1751
f 623/791 990/458 1074/460
f 894/457 893/445 532/848
f 530/664 891/455 892/419
f 890/454 889/448 528/738
f 900/1754 903/1752 1562/1753
f 528/738 889/448 885/450
f 532/848 893/445 888/447
f 1283/1756 737/2334 1514/1757
f 1079/1759 1283/1756 1840/1758
f 380/1760 929/439 1841/441
f 1591/617 974/2331 1080/1761
f 622/1596 1031/430 1082/432
f 511/1762 804/386 1084/429
f 521/931 877/420 878/422
f 878/419 887/418 526/647
f 555/1058 951/415 708/416
f 403/1436 762/413 747/414
f 1087/410 715/180 356/1763
f 641/1678 1089/408 811/407
f 642/1594 1091/405 803/404
f 1618/1590 1328/1620 751/1619
f 225/1765 502/786 1094/398
f 531/1766 892/391 876/393
f 1429/1700 1097/2330 856/1767
f 1284/387 804/386 511/1762
f 646/780 1101/792 1284/387
f 1101/792 623/791 1032/385
f 1842/1769 792/1720 1528/1770
f 1895/1772 1843/1972 1285/1773
f 1894/1775 1529/1973 793/8
f 1626/1618 1415/992 1029/1445
f 1436/1778 1846/371 800/263
f 1628/1779 1847/1781 1286/1780
f 1847/1781 1331/1971 774/1782
f 1113/1641 944/1477 1389/968
f 423/855 901/362 842/363
f 1287/1783 721/2294 1500/1315
f 1117/1785 1287/1783 1848/1784
f 557/1786 952/355 1849/357
f 744/318 807/354 422/621
f 838/328 834/342 483/537
f 1634/1533 1364/708 870/1787
f 1288/346 760/165 400/1050
f 1123/868 1288/346 1120/567
f 414/1138 771/38 1288/346
f 1582/1789 946/1548 689/1790
f 834/342 837/341 485/1745
f 481/934 831/338 830/339
f 479/604 478/1601 1324/1791
f 478/1601 828/299 740/301
f 580/1071 971/335 1124/337
f 835/329 838/328 486/871
f 1127/319 744/318 426/702
f 625/885 1034/526 749/314
f 1366/1131 895/2284 939/1792
f 467/953 720/307 1128/309
f 461/604 460/1601 1537/1791
f 460/1601 815/299 816/301
f 471/1141 702/1139 1130/296
f 1636/1488 1351/1560 839/1559
f 453/711 454/934 810/736
f 810/736 858/289 1359/794
f 1893/1795 1850/2335 799/1705
f 1851/1796 1289/1966 1852/1797
f 1891/1799 1592/1519 975/1800
f 602/898 1026/259 1139/261
f 1642/1802 1333/1490 783/1489
f 399/1552 759/253 745/254
f 1144/1803 865/1240 1555/1242
f 1146/226 813/225 459/551
f 1491/1804 692/1860 693/1805
f 1290/220 763/177 404/1042
f 1150/1010 1290/220 1147/1003
f 413/1166 770/6 1290/220
f 1291/1807 741/2163 1991/1808
f 1154/1810 1291/1807 2142/1809
f 564/1811 1003/217 2143/219
f 1377/1535 918/1534 908/1812
f 1292/1814 736/2261 1989/1815
f 1158/1817 1292/1814 2144/1816
f 562/1818 1001/212 2145/214
f 554/666 995/210 849/211
f 1522/929 1589/1949 970/1819
f 549/1726 945/192 687/194
f 788/189 786/188 411/654
f 384/1038 1159/183 853/182
f 356/1763 715/180 706/181
f 1164/168 960/170 93/208
f 354/1820 755/145 757/153
f 1171/146 755/145 354/1820
f 1004/144 922/143 393/1821
f 451/1822 886/127 1172/129
f 510/1602 750/119 1174/121
f 1015/117 841/116 419/1823
f 2177/1824 1858/1948 700/1285
f 2175/1826 1859/2406 1293/1827
f 1368/1829 899/2448 2147/1830
f 2171/1832 1862/2355 738/1405
f 1863/1833 1294/1934 2148/1834
f 1407/1836 1002/2342 2149/1837
f 727/1839 938/1185 1577/1186
f 1547/1662 851/2328 921/1841
f 1190/96 954/1845 1393/1846
f 2150/1847 1868/1912 1354/1848
f 1869/1850 1868/1912 2150/1847
f 2065/1851 1372/1910 1870/1852
f 1871/1853 1338/1907 2064/1854
f 795/1855 1872/1904 2161/1856
f 1379/1857 1873/1902 2055/1858
f 1479/1254 1201/1253 692/1860
f 1203/41 705/40 477/847
f 578/1861 969/36 771/38
f 681/1140 589/683 1022/33
f 581/612 1016/30 766/32
f 1207/1862 854/1699 1548/1701
f 596/847 1024/22 1208/23
f 1874/1863 734/2353 1988/1864
f 1875/1866 1295/1898 2152/1867
f 2155/1869 1586/710 955/709
f 1296/1871 817/2350 1346/1872
f 1217/1874 1296/1871 1878/1873
f 587/1875 1021/10 1879/12
f 577/1876 968/4 770/6
f 1297/1877 698/2351 1494/1878
f 1221/1880 1297/1877 1880/1879
f 552/1881 897/1 1881/3
f 1681/1174 1881/3 1297/1877
f 1489/1177 1880/1879 1218/1167
f 1880/1879 1494/1878 343/1882
f 1679/1163 1879/12 1296/1871
f 1487/1195 1878/1873 1214/1156
f 1878/1873 1346/1872 431/1883
f 2154/1884 1882/2409 1877/1885
f 1677/1887 1882/2409 2154/1884
f 561/1154 1586/710 2155/1869
f 1883/1889 1876/1897 2056/1890
f 1485/1892 1883/1889 2156/1891
f 1213/1214 1875/1866 2157/1868
f 1884/1894 1512/2410 2084/1895
f 1876/1897 1884/1894 2158/1896
f 1295/1898 1874/1863 2159/1865
f 1481/1241 1548/1701 491/1145
f 1479/1254 1491/1804 339/1899
f 1476/1900 1198/1271 2151/1901
f 1873/1902 1379/1857 2160/1903
f 343/1127 1476/1900 2160/1903
f 1871/1853 1873/1902 2151/1901
f 2161/1856 1872/1904 1873/1902
f 1872/1904 920/1859 2055/1858
f 1668/1905 362/1123 1968/1906
f 1338/1907 1871/1853 2162/1908
f 1198/1271 1668/1905 2162/1908
f 2163/1909 1473/1290 1195/1292
f 1372/1910 1473/1290 2163/1909
f 1969/1075 345/1074 1473/1290
f 1870/1852 1195/1292 2054/1911
f 1868/1912 1869/1850 2164/1913
f 905/1374 1870/1852 2164/1913
f 2165/1914 1665/1118 364/1117
f 1868/1912 1665/1118 2165/1914
f 2054/1911 1195/1292 1665/1118
f 1470/1311 1393/1846 47/1915
f 1193/1114 560/1113 1585/1844
f 1866/95 1867/1843 954/1845
f 1885/1918 1865/2354 2053/1919
f 1657/1921 1885/1918 2166/1920
f 563/1923 1407/1836 2167/1838
f 1886/1924 1864/1933 2052/1925
f 1465/1927 1886/1924 2168/1926
f 1183/1929 1863/1833 2169/1835
f 1887/1930 1515/2089 2086/1931
f 1864/1933 1887/1930 2170/1932
f 1294/1934 1862/2355 2171/1832
f 2172/1935 1888/2405 1861/1936
f 1653/1938 1888/2405 2172/1935
f 2099/1080 553/2443 1368/1829
f 2174/1940 1889/2403 1860/1941
f 1461/1943 1889/2403 2174/1940
f 1179/1945 1859/2406 2175/1826
f 2176/1946 1890/2402 1496/1947
f 1860/1941 1890/2402 2176/1946
f 2146/1828 1293/1827 1858/1948
f 416/928 579/2442 1589/1949
f 1649/1950 1857/2337 2049/1951
f 1457/1953 1856/1956 2048/1954
f 1856/1956 1513/2367 2085/1957
f 347/863 1377/1535 1373/1813
f 1647/1958 1855/2336 2047/1959
f 1455/1961 1854/1964 2046/1962
f 1854/1964 1517/2381 2087/1965
f 339/1899 1491/1804 1492/1806
f 1453/1443 1555/1242 507/990
f 663/983 495/958 1333/1490
f 1891/1799 1853/1801 1289/1966
f 1641/973 1891/1799 1851/1796
f 1641/973 585/2032 1592/1519
f 1638/1968 1892/1798 1852/1797
f 661/970 1449/1459 1892/1798
f 1137/1967 1851/1796 1892/1798
f 1446/1969 1893/1795 1532/623
f 1134/1482 1852/1797 1893/1795
f 1289/1966 1850/2335 1893/1795
f 660/960 497/820 1351/1560
f 551/1130 1366/1131 1386/1793
f 550/865 1582/1789 1490/16
f 550/865 1364/708 1634/1533
f 1633/609 1849/357 1287/1783
f 1441/1713 1848/1784 1114/697
f 1848/1784 1500/1315 361/1970
f 650/618 1439/1642 1389/968
f 1111/616 437/615 1331/1971
f 649/762 1111/616 1847/1781
f 1108/1636 1286/1780 1846/371
f 648/760 619/759 1415/992
f 1843/1972 1894/1775 1845/1776
f 1105/1735 1625/536 1894/1775
f 1625/536 433/276 1529/1973
f 1622/1974 1895/1772 1844/1774
f 647/1975 1433/1736 1895/1772
f 1433/1736 1105/1735 1843/1972
f 1430/811 1896/1771 1528/1770
f 1844/1774 1896/1771 1430/811
f 1285/1773 1842/1769 1896/1771
f 645/565 1429/1700 1549/1768
f 643/785 504/549 1328/1620
f 584/1977 1591/617 1616/1643
f 1615/712 1841/441 1283/1756
f 1423/1652 1840/1758 1076/826
f 1840/1758 1514/1757 378/1978
f 1561/1755 1562/1753 538/558
f 1562/1753 1559/1751 534/1979
f 534/1979 1559/1751 1563/1495
f 1071/674 1613/1684 1314/1750
f 632/671 1421/675 1839/1748
f 631/823 499/788 1344/1592
f 576/694 1588/1527 1524/1744
f 1835/1737 1897/1742 1837/1741
f 973/1634 1398/1630 1897/1742
f 114/1631 1535/1740 1897/1742
f 1898/1739 1836/1738 1103/1982
f 583/1610 1590/1632 1898/1739
f 973/1634 1835/1737 1898/1739
f 1431/745 1899/1734 1433/1736
f 1103/1982 1836/1738 1899/1734
f 1836/1738 1281/1981 1834/1983
f 617/1984 1627/1616 1362/1733
f 1557/1563 1518/1496 260/1986
f 220/1987 1541/1247 1428/1603
f 1311/1718 1833/610 1277/1712
f 1503/1716 1832/1714 1115/873
f 1832/1714 1441/1713 653/1665
f 977/1989 119/1199 1339/1990
f 587/1991 977/1989 1831/1710
f 1109/1615 1276/1709 1830/614
f 117/1992 1399/433 1438/1704
f 439/1993 1438/1704 1340/273
f 15/58 1391/1132 1301/1703
f 491/1145 1548/1701 1429/1700
f 1533/1498 1519/1698 258/421
f 1829/1694 1828/651 1061/652
f 1826/1693 1353/1035 416/928
f 921/1994 1380/1689 1825/670
f 34/1995 1572/1687 1824/1685
f 866/1996 1824/1685 1420/1671
f 731/1681 1317/1682 1613/1684
f 370/1998 1509/1680 1823/1679
f 1070/1686 1612/672 1821/691
f 366/1997 1420/1671 1820/1668
f 726/1999 1820/1668 1508/1670
f 98/206 1600/1640 1521/1667
f 1632/874 1819/698 1271/1661
f 1440/1537 1818/1663 719/2000
f 1818/1663 1547/1662 34/1917
f 116/2002 1603/726 1617/1555
f 21/78 1556/347 1574/1659
f 1319/1657 1817/713 1270/1651
f 1511/1655 1816/1653 1077/829
f 1816/1653 1423/1652 636/1576
f 1047/1511 1609/923 1815/716
f 628/919 1417/1512 1814/1647
f 1044/1504 1814/1647 1347/1648
f 637/700 1616/1643 1529/1645
f 584/1977 1411/699 1439/1642
f 1011/2004 1600/1640 1813/728
f 576/694 1408/696 1812/1637
f 1110/763 649/762 1628/1779
f 583/1610 1110/763 1811/1635
f 973/1634 1266/1633 1810/741
f 1900/1629 1809/1628 1265/2006
f 1017/1613 1410/1609 1900/1629
f 583/1610 1623/1627 1900/1629
f 1901/1626 1808/1625 817/2007
f 112/2009 1602/1611 1901/1626
f 1602/1611 1017/1613 1807/1624
f 1902/1623 1432/1622 431/2010
f 1808/1625 1902/1623 1346/2011
f 1265/2006 1806/1621 1902/1623
f 648/760 1626/1618 1328/1620
f 233/994 1404/995 1627/1616
f 1021/2012 587/1991 1629/1708
f 112/2009 1021/2012 1805/1614
f 1017/1613 1264/1612 1804/761
f 492/1988 1428/1603 1499/1605
f 231/1985 1362/1733 1619/1597
f 613/2014 1619/1597 1361/1598
f 643/785 1618/1590 1344/1592
f 1903/1587 1803/1589 1261/2016
f 1624/746 1903/1587 1801/1584
f 647/1975 1622/1974 1903/1587
f 1904/1586 1802/1585 790/2018
f 1432/1622 1904/1586 1526/2019
f 1104/2017 1801/1584 1904/1586
f 1334/2020 1905/1581 1539/1583
f 1802/1585 1905/1581 1334/2020
f 1261/2016 1800/2326 1905/1581
f 612/2022 1611/1577 1360/1580
f 612/2022 229/2015 1361/1598
f 1614/830 1799/828 1260/1572
f 1422/1566 1798/1574 735/2024
f 1798/1574 1580/1573 2/909
f 1383/1571 1797/831 1259/1565
f 1575/1569 1796/1567 907/1441
f 1796/1567 1422/1566 376/2025
f 1519/1564 1557/1563 261/456
f 631/823 1610/1558 1351/1560
f 442/2003 1617/1555 1535/1557
f 358/2027 1635/1547 1306/1415
f 358/2027 22/2428 1390/343
f 1354/1542 1795/875 1256/1536
f 1546/1540 1794/1538 845/2029
f 1794/1538 1440/1537 360/2001
f 654/866 1634/1533 1377/1535
f 1588/1527 1793/882 1255/1524
f 1396/528 1792/1526 965/902
f 975/1800 1592/1519 1791/918
f 121/272 1400/1517 1790/1515
f 794/949 1790/1515 1416/1502
f 1019/2031 1604/1464 1789/921
f 585/2032 1412/972 1788/1510
f 1045/1520 1788/1510 1417/1512
f 961/730 1786/1506 1330/209
f 1046/1516 1608/920 1785/946
f 435/924 1416/1502 1784/1499
f 787/705 1784/1499 1336/1501
f 260/1986 1518/1496 1533/1498
f 1563/1495 1561/1494 535/2033
f 660/960 1636/1488 1333/1490
f 225/2034 611/2035 1637/1484
f 611/2035 227/2023 1360/1580
f 1781/1478 1906/1481 1783/1483
f 1136/2037 1640/971 1906/1481
f 1640/971 661/970 1638/1968
f 1331/1971 1907/1480 1782/1479
f 1448/1468 1907/1480 1331/1971
f 1136/2037 1781/1478 1907/1480
f 1523/2038 1908/1476 1581/370
f 1782/1479 1908/1476 1523/2038
f 1250/2036 1780/2322 1908/1476
f 1909/1475 1779/1474 1249/2039
f 1413/1198 1909/1475 1777/1470
f 586/1206 1639/1473 1909/1475
f 1339/1990 1910/1472 1778/1471
f 119/1199 1605/1200 1910/1472
f 1020/1197 1777/1470 1910/1472
f 1531/2040 1911/1469 1448/1468
f 798/1711 1778/1471 1911/1469
f 1249/2039 1776/1467 1911/1469
f 1773/2041 1912/1466 1775/1465
f 1401/1205 1912/1466 1773/2041
f 1401/1205 120/2269 1604/1464
f 1913/1461 1774/1463 1135/2042
f 1593/1207 1913/1461 1639/1473
f 1593/1207 976/1204 1773/2041
f 1914/1460 1449/1459 661/970
f 1774/1463 1914/1460 1447/2043
f 1248/1462 1772/1458 1914/1460
f 493/984 663/983 1642/1802
f 502/2044 1643/1451 1357/1452
f 225/2034 1358/1449 1643/1451
f 1452/1446 1540/1243 218/2046
f 1607/378 1452/1446 506/2047
f 1596/1444 1453/1443 664/993
f 13/2049 1579/1258 1576/1439
f 1646/2050 1771/2321 2045/2051
f 1454/2053 1770/2056 2044/2054
f 1770/2056 1570/2382 2092/2057
f 1376/2058 1769/2320 2043/2059
f 2091/2061 1568/2411 1768/2062
f 1768/2062 1454/2053 1974/2055
f 1320/2064 1767/2319 2041/2065
f 1512/2067 1766/2070 2040/2068
f 1766/2070 1455/1961 1975/1963
f 24/2028 1306/1415 1305/1417
f 1648/2071 1765/2318 2039/2072
f 1456/2074 1764/2412 2038/2075
f 2038/2075 1764/2412 1573/2077
f 1374/2079 1763/2317 2037/2080
f 1566/2082 1762/2085 2036/2083
f 1762/2085 1456/2074 1976/2076
f 1323/2086 1761/2316 2035/2087
f 1515/2089 1760/2091 2034/2090
f 1760/2091 1457/1953 1977/1955
f 92/637 101/195 1601/2092
f 716/1004 1163/1043 1758/1395
f 1757/1392 1756/1049 1166/1046
f 1169/1051 1754/1390 1755/1389
f 1915/2093 1753/2358 2033/2094
f 2002/2096 1652/2310 1915/2093
f 675/1077 1650/2404 2179/1379
f 2180/2097 1916/2101 1752/2098
f 1978/2100 1460/2116 1916/2101
f 2074/1365 1178/2360 1751/2102
f 1917/2103 1564/2344 2089/91
f 1752/2098 1917/2103 2182/2104
f 2128/1378 1238/1377 1750/2105
f 1918/2106 1749/2359 2031/2107
f 1338/1907 1918/2106 2184/2108
f 362/1123 1651/2388 2185/1370
f 2186/2109 1919/2112 1748/2110
f 2088/89 1530/2345 1919/2112
f 1992/2113 795/1855 1747/2114
f 2188/2115 1920/2117 1460/2116
f 2030/2111 1748/2110 1920/2117
f 1237/1368 1746/1364 2189/1366
f 1921/2118 1745/2361 2029/2119
f 2059/1275 1309/2205 1921/2118
f 1963/2121 38/2449 1392/1361
f 2192/2122 1922/2125 1744/2123
f 2083/1122 1501/2286 1922/2125
f 722/1276 1743/2389 2193/1358
f 1923/2127 1461/1943 1979/1944
f 2028/2124 1744/2123 1923/2127
f 2124/1360 1236/1359 1742/1355
f 1924/2129 1741/2305 2027/2130
f 2004/2132 1656/2387 1924/2129
f 676/2133 1654/1352 2197/1354
f 1925/2134 1740/2140 2026/2135
f 1980/2137 1464/2386 1925/2134
f 1182/2138 1739/1349 2199/1351
f 2200/2139 1926/2385 1566/2082
f 1740/2140 1926/2385 2200/2139
f 1235/2141 1738/2362 2201/1346
f 1927/2142 1737/2301 2025/2143
f 2068/2145 1378/2384 1927/2142
f 381/2146 1655/1343 2203/1345
f 2204/2147 1928/2150 1736/2148
f 2092/2057 1570/2382 1928/2150
f 919/2151 1735/1340 2205/1342
f 1929/2152 1464/2386 1980/2137
f 1736/2148 1929/2152 2206/2153
f 1234/2154 1734/1337 2207/1339
f 1930/2155 1733/2297 2023/2156
f 1325/2158 1930/2155 2208/2157
f 1967/218 50/2422 1395/1334
f 1931/2160 1732/2166 2022/2161
f 2087/1965 1517/2381 1931/2160
f 741/2163 1731/1331 2211/1333
f 1932/2164 1465/1927 1981/1928
f 1732/2166 1932/2164 2212/2165
f 2118/1332 1233/2363 1730/1328
f 372/1187 368/103 1467/1323
f 361/1970 1469/1317 1660/1319
f 1315/1312 1470/1311 369/1916
f 678/1110 1662/94 1729/1310
f 1728/1107 1729/1310 1190/96
f 998/2167 559/2171 1663/1299
f 36/2168 998/2167 1727/1309
f 727/1308 1232/1307 1726/1109
f 953/2169 43/64 1597/2170
f 559/2171 953/2169 1725/1302
f 1191/1301 1231/1300 1724/1112
f 2214/2172 1504/2176 725/2173
f 1472/2174 1504/2176 2214/2172
f 1982/2175 365/2195 1504/2176
f 1723/1297 725/2173 2021/2177
f 1721/2178 1722/1296 2215/2179
f 1194/1288 1723/1297 2215/2179
f 2216/2180 1312/2181 41/1717
f 1721/2178 1312/2181 2216/2180
f 2021/2177 725/2173 1312/2181
f 1474/1120 1196/1281 2116/2182
f 1720/2183 1473/1290 2217/2184
f 345/1074 1474/1120 2217/2184
f 1718/1286 1720/2183 2116/2182
f 2218/1289 1719/2185 1720/2183
f 1719/2185 1195/1292 2020/1291
f 1666/1280 365/2195 1982/2175
f 1472/2174 1718/1286 2219/2186
f 1196/1281 1666/1280 2219/2186
f 2220/2187 1544/2190 844/2188
f 1304/2189 1544/2190 2220/2187
f 1962/113 37/2418 1544/2190
f 1717/1284 844/2188 2019/2191
f 1715/2192 1716/1282 2221/2193
f 700/1285 1717/1284 2221/2193
f 2222/2194 1352/2196 365/2195
f 1715/2192 1352/2196 2222/2194
f 2019/2191 844/2188 1352/2196
f 1402/2197 978/2202 2114/2198
f 1714/2199 1475/1268 2223/2200
f 363/2201 1402/2197 2223/2200
f 1712/1274 1714/2199 2114/2198
f 2224/1277 1713/2203 1714/2199
f 1713/2203 1197/1266 2018/1278
f 1594/2204 38/2449 1963/2121
f 1309/2205 1712/1274 2225/2206
f 978/2202 1594/2204 2225/2206
f 1711/1273 1477/2208 2079/2207
f 2226/1272 1476/1900 1477/2208
f 1476/1900 343/1127 1983/1126
f 2227/2209 1711/1273 1199/1261
f 1710/2210 1711/1273 2227/2209
f 2017/2211 1198/1271 1711/1273
f 1475/1268 1669/2213 2103/2212
f 2228/1267 1709/1270 1669/2213
f 1709/1270 1199/1261 2007/1260
f 1310/2214 723/2219 2112/2215
f 1708/2216 1302/1263 2229/2217
f 39/2218 1310/2214 2229/2217
f 1706/1259 1708/2216 2112/2215
f 2230/1262 1707/2220 1708/2216
f 1707/2220 698/1265 2016/1264
f 1502/2221 363/2201 2103/2212
f 1669/2213 1706/1259 2231/2222
f 723/2219 1502/2221 2231/2222
f 1478/1256 1579/1258 13/2049
f 14/1133 1558/310 1478/1256
f 1583/624 1479/1254 679/1128
f 1480/1245 1541/1247 220/1987
f 1540/1243 1480/1245 490/948
f 1555/1242 1481/1241 682/1146
f 1933/2223 1705/2280 2015/2224
f 1676/2226 1933/2223 2232/2225
f 684/2228 1674/1237 2233/1239
f 1934/2229 1704/2237 2014/2230
f 1484/2232 1934/2229 2234/2231
f 1212/2234 1703/1234 2235/1236
f 1935/2235 1568/2413 2091/1770
f 1704/2237 1935/2235 2236/2236
f 1230/2238 1702/1231 2237/1233
f 2238/2239 1936/2375 1701/2240
f 1381/2242 1936/2375 2238/2239
f 377/2244 1675/2368 2239/1228
f 1937/2245 1700/2251 2012/2246
f 1573/2077 1937/2245 2240/2247
f 926/2248 1699/2376 2241/1225
f 1938/2249 1484/2232 1984/2233
f 1700/2251 1938/2249 2242/2250
f 2108/1227 1229/1226 1698/1222
f 1939/2252 1697/2365 2011/2253
f 1321/2255 1939/2252 2244/2254
f 48/2257 1598/2444 2245/1219
f 1940/2258 1696/2366 2010/2259
f 2085/1957 1513/2367 1940/2258
f 736/2261 1695/2369 2247/1216
f 2248/2262 1941/2263 1485/1892
f 2010/2259 1696/2366 1941/2263
f 2106/1218 1228/1217 1694/2264
f 1678/1160 1693/1158 1227/1208
f 1486/1202 1692/1210 773/2265
f 1692/1210 1334/1209 113/2267
f 1593/1207 1691/1161 1226/1201
f 1401/1205 1690/1203 796/2268
f 1690/1203 1486/1202 436/2266
f 1605/1200 1689/1164 1225/1194
f 1413/1198 1688/1196 1215/1159
f 1688/1196 1487/1195 685/1212
f 1680/1171 1687/1169 1224/1188
f 1488/1183 1686/1190 930/1806
f 1686/1190 1571/1189 35/1001
f 1385/104 1685/1172 1223/1182
f 1577/1186 1684/1184 696/221
f 1684/1184 1488/1183 342/1805
f 1318/1094 1683/1175 1222/1176
f 1510/1180 1682/1178 1219/1170
f 1682/1178 1489/1177 686/1192
f 1683/1175 1681/1174 1221/1880
f 1685/1172 1680/1171 1220/1191
f 1687/1169 1379/1168 920/2270
f 1689/1164 1679/1163 1217/1874
f 1691/1161 1678/1160 1216/1211
f 1693/1158 1526/1157 790/2271
f 2250/2272 1942/2273 1677/1887
f 2011/2253 1697/2365 1942/2273
f 2107/1221 1000/1220 1406/2274
f 1943/2275 1676/2226 2008/2227
f 1701/2240 1943/2275 2252/2276
f 1211/1229 1483/1150 2253/1152
f 1944/2277 1376/1582 2067/2278
f 1705/2280 1944/2277 2254/2279
f 1210/2281 1482/1147 2255/1149
f 865/1240 1363/251 1673/29
f 1348/991 1672/1144 1206/1244
f 1672/1144 1349/564 826/1246
f 947/2283 1391/1132 1671/87
f 895/2284 1366/1131 1670/1129
f 1200/1255 1670/1129 1387/1000
f 1707/2220 1199/1261 2079/2207
f 1477/2208 1494/1125 2256/2285
f 698/1265 1707/2220 2256/2285
f 1667/1121 1710/2210 2113/1269
f 2257/1124 1668/1905 1710/2210
f 1668/1905 1198/1271 2017/2211
f 1713/2203 722/1276 1987/2126
f 1501/2286 1667/1121 2258/2287
f 1197/1266 1713/2203 2258/2287
f 2259/2288 1716/1282 1196/1281
f 1496/1947 1716/1282 2259/2288
f 1986/1825 700/1285 1716/1282
f 1719/2185 1194/1288 2006/2289
f 1664/2290 1665/1118 2260/2291
f 1195/1292 1719/2185 2260/2291
f 2261/2292 1722/1296 724/1295
f 1664/2290 1722/1296 2261/2292
f 2006/2289 1194/1288 1722/1296
f 1231/1300 999/1303 1405/2293
f 1232/1307 1191/1301 1471/1298
f 368/1305 1192/1111 1728/1107
f 721/2294 1308/356 1661/1102
f 1187/1316 1661/1102 1468/1099
f 1186/1318 1468/1099 1317/1101
f 1315/1098 1659/1096 1185/1326
f 1184/1327 1185/1326 1659/1096
f 1466/1095 1318/1094 732/1179
f 1945/2295 1657/1921 2005/1922
f 1733/2297 1945/2295 2262/2296
f 957/2298 1587/1090 2263/1092
f 1946/2299 1656/2387 2004/2132
f 1737/2301 1946/2299 2264/2300
f 1181/2302 1463/1087 2265/1089
f 1947/2303 1374/2079 2066/2081
f 1741/2305 1947/2303 2266/2304
f 1180/2306 1462/2407 2267/1084
f 2268/2307 1948/2308 1653/1938
f 2029/2119 1745/2361 1948/2308
f 2125/1362 949/2445 1584/1079
f 2270/2309 1949/2311 1652/2310
f 2031/2107 1749/2359 1949/2311
f 2127/1372 1177/1371 1459/2312
f 2272/2313 1950/2314 1372/1910
f 2033/2094 1753/2358 1950/2314
f 2129/1381 1176/1380 1458/2315
f 848/1401 1014/1400 1409/1034
f 1761/2316 1649/1950 2001/1952
f 1763/2317 1648/2071 2000/2073
f 1765/2318 1381/2242 2069/2243
f 703/1550 1498/864 1497/1022
f 1767/2319 1647/1958 1999/1960
f 1769/2320 1646/2050 1998/2052
f 1771/2321 1378/2384 2068/2145
f 941/1257 1387/1000 1384/1002
f 987/1442 1404/995 1645/252
f 1415/992 1644/989 1143/1447
f 1143/1447 1644/989 1348/991
f 1142/1450 857/1487 1550/959
f 856/1453 1142/1450 1451/985
f 707/1456 1141/1455 1450/256
f 1772/1458 1951/974 1641/973
f 1248/1462 1775/1465 1951/974
f 1019/2031 1412/972 1951/974
f 1952/969 1640/971 1136/2037
f 1779/1474 1952/969 1776/1467
f 1135/2042 1447/2043 1952/969
f 1780/2322 1953/966 1389/968
f 1250/2036 1783/1483 1953/966
f 1783/1483 1134/1482 1446/1969
f 1133/1486 859/1485 1552/821
f 1133/1486 1445/957 1550/959
f 1132/1794 1444/290 1525/956
f 1371/474 1369/950 900/2323
f 742/2324 1326/559 1341/640
f 1251/1503 1785/946 1528/948
f 1252/1508 1787/927 1522/929
f 1253/1513 1789/921 1609/923
f 1254/1518 1791/918 1608/920
f 1118/1788 1442/348 1569/215
f 1795/875 1632/874 1116/1664
f 1119/1549 946/1548 1582/1789
f 703/1550 1119/1549 1443/862
f 1081/1660 1425/701 1343/839
f 1066/1747 1418/501 1543/837
f 1327/833 1365/560 884/1729
f 1797/831 1614/830 1078/1575
f 1799/828 1388/827 942/2325
f 1067/1579 860/1578 1553/789
f 1067/1579 1419/819 1552/821
f 1800/2326 1954/813 1347/812
f 1261/2016 1803/1589 1954/813
f 1102/1588 1430/811 1954/813
f 1092/1764 1426/400 1536/800
f 1093/1600 1427/784 1553/789
f 863/1599 1554/550 1427/784
f 1096/1728 1620/566 1307/778
f 1264/1612 1109/1615 1437/1707
f 1107/1617 987/1442 1596/1444
f 1106/1777 1434/380 1520/758
f 1955/747 1624/746 1104/2017
f 1809/1628 1955/747 1806/1621
f 1809/1628 1103/1982 1431/745
f 1266/1633 1108/1636 1436/1778
f 1018/2327 1603/726 1631/369
f 1080/1761 1424/435 1337/725
f 1269/1649 1815/716 1539/718
f 1817/713 1615/712 1079/1759
f 870/1787 1364/708 1382/710
f 1018/2327 1411/699 1425/701
f 1819/698 1355/100 851/2328
f 1011/2004 1408/696 1329/695
f 1272/1672 1821/691 1316/693
f 1822/673 1421/675 632/671
f 1274/1688 1825/670 1612/672
f 1827/657 1545/656 848/1401
f 1341/640 1327/639 748/2329
f 1356/28 1621/390 1097/2330
f 947/2283 1583/624 1493/626
f 1112/1706 1630/619 1532/623
f 974/2331 1591/617 1630/619
f 1276/1709 798/1711 1531/2040
f 1833/610 1633/609 1117/1785
f 826/1246 1349/564 1620/566
f 1365/560 1326/559 742/2324
f 1107/1617 1435/548 1554/550
f 1834/1983 1956/535 1625/536
f 1281/1981 1837/1741 1956/535
f 1837/1741 812/2447 1343/2332
f 967/1525 1396/528 1332/527
f 1066/1747 814/1591 1536/800
f 1068/1673 1838/478 1506/480
f 898/2333 1367/468 1371/474
f 1370/452 1367/468 898/2333
f 1369/453 1370/452 903/1752
f 1841/441 1322/440 737/2334
f 974/2331 1399/433 1424/435
f 751/1619 1520/758 1426/400
f 1097/2330 1621/390 1357/389
f 1842/1769 1957/383 1336/384
f 1285/1773 1845/1776 1957/383
f 793/8 1337/2433 1957/383
f 1106/1777 1029/1445 1607/378
f 1286/1780 774/1782 1523/2038
f 1631/369 1581/370 944/1477
f 1849/357 1308/356 721/2294
f 1118/1788 870/1787 1556/347
f 946/1548 1390/343 1298/345
f 895/2284 1558/310 1578/311
f 1132/1794 839/1559 1543/837
f 1850/2335 1958/271 1340/273
f 1289/1966 1853/1801 1958/271
f 1853/1801 975/1800 1400/1517
f 1141/1455 783/1489 1525/956
f 1645/252 1363/251 865/1240
f 692/1860 1299/86 1300/221
f 1855/2336 1325/2158 2063/2159
f 918/1534 1569/215 1565/216
f 1857/2337 1321/2255 2061/2256
f 772/1507 970/1819 1397/207
f 2274/2338 1959/2339 1304/2189
f 2051/1937 1861/1936 1959/2339
f 2147/1830 899/2448 1560/112
f 1960/2340 1323/2086 2062/2088
f 2053/1919 1865/2354 1960/2340
f 1002/2342 1599/106 2277/108
f 1313/105 1385/104 938/1185
f 851/2328 1355/100 1380/102
f 678/1110 1193/1114 1866/95
f 2278/2343 1869/1850 850/1849
f 1564/2344 1869/1850 2278/2343
f 1993/1375 905/1374 1869/1850
f 1872/1904 795/1855 1992/2113
f 1530/2345 1571/88 2279/2346
f 920/1859 1872/1904 2279/2346
f 1201/1253 1671/87 1299/86
f 1673/29 1356/28 854/1699
f 2280/2347 1961/2352 1320/2348
f 1877/1885 1961/2352 2280/2347
f 2153/1870 955/709 1394/16
f 1879/12 1538/11 817/2350
f 1881/3 1302/2 698/2351
f 1877/1885 2153/1870 2281/18
f 2057/1886 2280/2347 1874/1863
f 1874/1863 2280/2347 2060/2349
f 2149/1837 2277/108 1960/2340
f 2053/1919 2276/2341 1862/2355
f 1862/2355 2276/2341 2062/2088
f 1861/1936 2147/1830 2275/114
f 1293/1827 2051/1937 2274/2338
f 1858/1948 2274/2338 2058/1283
f 2049/1951 2061/2256 736/2261
f 2047/1959 2063/2159 741/2163
f 2045/2051 2068/2145 919/2151
f 2043/2059 1998/2052 1153/2356
f 2041/2065 1999/1960 1154/1810
f 2039/2072 2069/2243 926/2248
f 2037/2080 2000/2073 1157/1409
f 2035/2087 2001/1952 1158/1817
f 1753/2358 2129/1381 2273/1073
f 1238/1377 2033/2094 2272/2313
f 1750/2105 2272/2313 2065/1851
f 1749/2359 2127/1372 2271/1076
f 1237/1368 2031/2107 2270/2309
f 2270/2309 2002/2096 1178/2360
f 2125/1362 2269/1081 1948/2308
f 1236/1359 2029/2119 2268/2307
f 2268/2307 2003/1939 1179/1945
f 2123/1353 2267/1084 1947/2303
f 2027/2130 2266/2304 1738/2362
f 2266/2304 2066/2081 909/1347
f 2121/1344 2265/1089 1946/2299
f 2025/2143 2264/2300 1734/1337
f 2264/2300 2004/2132 1182/2138
f 2119/1335 2263/1092 1945/2295
f 2023/2156 2262/2296 1730/1328
f 2262/2296 2005/1922 1183/1929
f 2111/1238 2255/1149 1944/2277
f 2015/2224 2254/2279 1702/1231
f 2254/2279 2067/2278 917/2364
f 2109/1230 2253/1152 1943/2275
f 2013/2241 2252/2276 1698/1222
f 2252/2276 2008/2227 1212/2234
f 1697/2365 2107/1221 2251/1153
f 1228/1217 2011/2253 2250/2272
f 1694/2264 2250/2272 2009/1888
f 2106/1218 2249/1213 1941/2263
f 1211/1229 2010/2259 2248/2262
f 2248/2262 1985/1893 684/2228
f 1513/2367 1989/1815 2247/1216
f 2085/1957 2246/2260 1675/2368
f 1675/2368 2246/2260 2010/2259
f 1321/2255 1965/213 2245/1219
f 2061/2256 2244/2254 1695/2369
f 2244/2254 2011/2253 1228/1217
f 2108/1227 2243/1224 1938/2249
f 2012/2246 2242/2250 1383/2370
f 2242/2250 1984/2233 374/2372
f 1573/2077 1997/1412 2241/1225
f 2093/2078 2240/2247 1575/2373
f 2240/2247 2012/2246 932/2371
f 1973/1024 2239/1228 1936/2375
f 2069/2243 2238/2239 1699/2376
f 1699/2376 2238/2239 2013/2241
f 2110/1235 2237/1233 1935/2235
f 2014/2230 2236/2236 1319/2377
f 2236/2236 2091/1770 8/2379
f 2080/1223 2235/1236 1934/2229
f 1984/2233 2234/2231 1511/2380
f 2234/2231 2014/2230 733/2378
f 2104/1151 2233/1239 1933/2223
f 2008/2227 2232/2225 1703/1234
f 2232/2225 2015/2224 1230/2238
f 1732/2166 2118/1332 2213/1330
f 2022/2161 2212/2165 1463/1087
f 2212/2165 1981/1928 676/2133
f 1991/1808 2211/1333 1931/2160
f 2087/1965 2210/2162 1655/1343
f 2210/2162 2022/2161 1181/2302
f 1325/2158 1967/218 2209/1336
f 2063/2159 2208/2157 1731/1331
f 1731/1331 2208/2157 2023/2156
f 2120/1341 2207/1339 1929/2152
f 737/2334 2024/2149 2206/2153
f 2206/2153 1980/2137 378/1978
f 1570/2382 1996/1432 2205/1342
f 3/2383 2092/2057 2204/2147
f 2204/2147 2024/2149 737/2334
f 1972/1013 2203/1345 1927/2142
f 2068/2145 2202/2144 1735/1340
f 2202/2144 2025/2143 1234/2154
f 2122/1350 2201/1346 1926/2385
f 942/2325 2026/2135 2200/2139
f 2200/2139 2090/2084 2/909
f 1464/2386 2076/1338 2199/1351
f 378/1978 1980/2137 2198/2136
f 2198/2136 2026/2135 942/2325
f 2100/1088 2197/1354 1924/2129
f 2004/2132 2196/2131 1739/1349
f 2196/2131 2027/2130 1235/2141
f 1744/2123 2124/1360 2195/1357
f 1177/1371 2028/2124 2194/2128
f 2194/2128 1979/1944 675/1077
f 1501/2286 1987/2126 2193/1358
f 362/1123 2083/1122 2192/2122
f 1651/2388 2192/2122 2028/2124
f 1309/2205 1963/2121 2191/1363
f 722/1276 2059/1275 2190/2120
f 2190/2120 2029/2119 1236/1359
f 2126/1369 2189/1366 1920/2117
f 699/80 2030/2111 2188/2115
f 2188/2115 1978/2100 344/2391
f 1530/2345 1992/2113 2187/1367
f 35/90 2088/89 2186/2109
f 1303/1439 2186/2109 2030/2111
f 1338/1907 1968/1906 2185/1370
f 2064/1854 2184/2108 1747/2114
f 2184/2108 2031/2107 1237/1368
f 2128/1378 2183/1373 1917/2103
f 2032/2099 2182/2104 1567/2392
f 2182/2104 2089/91 33/93
f 1460/2116 2074/1365 2181/1376
f 344/2391 1978/2100 2180/2097
f 1375/2394 2180/2097 2032/2099
f 1652/2310 2098/1078 2179/1379
f 1178/2360 2002/2096 2178/2095
f 1751/2102 2178/2095 2033/2094
f 2034/2090 1977/1955 668/1414
f 2086/1931 2034/2090 1156/1026
f 2062/2088 2035/2087 1239/1402
f 2036/2083 1976/2076 376/2395
f 2090/2084 2036/2083 735/2396
f 2066/2081 2037/2080 1240/2357
f 2038/2075 2093/2078 1/2374
f 1976/2076 2038/2075 907/2397
f 2000/2073 2039/2072 1241/1411
f 2040/2068 1975/1963 667/1434
f 2084/2069 2040/2068 1152/1015
f 2060/2066 2041/2065 1242/1418
f 2042/2063 1974/2055 380/2398
f 2091/2061 2042/2063 739/2399
f 2067/2060 2043/2059 1243/1424
f 2044/2054 2092/2057 3/2383
f 1974/2055 2044/2054 929/2401
f 1153/2356 1998/2052 2045/2051
f 2046/1962 2087/1965 381/2146
f 1975/1963 2046/1962 1151/1012
f 1999/1960 2047/1959 1291/1807
f 2048/1954 2085/1957 377/2244
f 1977/1955 2048/1954 1155/1023
f 2001/1952 2049/1951 1292/1814
f 1860/1941 2146/1828 2177/1824
f 1176/1380 2050/1942 2176/1946
f 1458/2315 2176/1946 2082/1119
f 2075/1356 2175/1826 1889/2403
f 1979/1944 2174/1940 1650/2404
f 1650/2404 2174/1940 2050/1942
f 1653/1938 2099/1080 2173/1831
f 2003/1939 2172/1935 1859/2406
f 1859/2406 2172/1935 2051/1937
f 2148/1834 2171/1832 1887/1930
f 2052/1925 2170/1932 1462/2407
f 2170/1932 2086/1931 379/1085
f 2077/1329 2169/1835 1886/1924
f 1981/1928 2168/1926 1654/1352
f 2168/1926 2052/1925 1180/2306
f 2101/1091 2167/1838 1885/1918
f 2005/1922 2166/1920 1863/1833
f 2166/1920 2053/1919 1294/1934
f 1876/1897 2152/1867 2159/1865
f 2056/1890 2158/1896 1482/1147
f 2158/1896 2084/1895 375/2408
f 2081/1215 2157/1868 1883/1889
f 1985/1893 2156/1891 1674/1237
f 2156/1891 2056/1890 1210/2281
f 2105/1155 2155/1869 1882/2409
f 1213/1214 2009/1888 2154/1884
f 2154/1884 2057/1886 1295/1898
f 1882/2409 2155/1869 2153/1870
f 2157/1868 2152/1867 1876/1897
f 2159/1865 1988/1864 1512/2410
f 2167/1838 2149/1837 1865/2354
f 2169/1835 2148/1834 1864/1933
f 2171/1832 1990/1406 1515/2089
f 1888/2405 2173/1831 2147/1830
f 1889/2403 2175/1826 2146/1828
f 1890/2402 2177/1824 1986/1825
f 2097/1030 2145/214 1857/2337
f 2073/1403 2144/1816 1856/1956
f 2144/1816 1989/1815 1513/2367
f 2095/1019 2143/219 1855/2336
f 2071/1419 2142/1809 1854/1964
f 2142/1809 1991/1808 1517/2381
f 2094/1016 2141/1014 1771/2321
f 1454/2053 2070/1425 2140/1433
f 2140/1433 1996/1432 1570/2382
f 1971/1430 2139/1017 1769/2320
f 1995/1428 2138/1426 1768/2062
f 2138/1426 2070/1425 1454/2053
f 1964/1423 2137/1020 1767/2319
f 1988/1422 2136/1420 1766/2070
f 2136/1420 2071/1419 1455/1961
f 2096/1027 2135/1025 1765/2318
f 2072/1410 2134/1413 1764/2412
f 2134/1413 1997/1412 1573/2077
f 1970/1086 2133/1028 1763/2317
f 1994/1348 2132/1408 1762/2085
f 2132/1408 2072/1410 1456/2074
f 1966/107 2131/1031 1761/2316
f 1990/1406 2130/1404 1760/2091
f 2130/1404 2073/1403 1457/1953
f 2179/1379 2129/1381 1753/2358
f 1916/2101 2181/1376 2128/1378
f 1917/2103 2183/1373 1993/1375
f 1918/2106 2185/1370 2127/1372
f 1919/2112 2187/1367 2126/1369
f 2189/1366 2074/1365 1460/2116
f 2191/1363 2125/1362 1745/2361
f 1922/2125 2193/1358 2124/1360
f 2195/1357 2075/1356 1461/1943
f 2197/1354 2123/1353 1741/2305
f 1925/2134 2199/1351 2122/1350
f 2201/1346 1994/1348 1566/2082
f 2203/1345 2121/1344 1737/2301
f 1928/2150 2205/1342 2120/1341
f 1929/2152 2207/1339 2076/1338
f 2209/1336 2119/1335 1733/2297
f 2211/1333 2118/1332 1732/2166
f 1932/2164 2213/1330 2077/1329
f 2233/1239 2111/1238 1705/2280
f 2235/1236 2110/1235 1704/2237
f 2237/1233 1995/1232 1568/2413
f 1936/2375 2239/1228 2109/1230
f 2241/1225 2108/1227 1700/2251
f 2243/1224 2080/1223 1484/2232
f 2245/1219 2107/1221 1697/2365
f 1940/2258 2247/1216 2106/1218
f 1941/2263 2249/1213 2081/1215
f 1942/2273 2251/1153 2105/1155
f 2253/1152 2104/1151 1676/2226
f 2255/1149 1971/1148 1376/1582
f 1945/2295 2263/1092 2101/1091
f 2265/1089 2100/1088 1656/2387
f 1947/2303 2267/1084 1970/1086
f 1948/2308 2269/1081 2099/1080
f 1949/2311 2271/1076 2098/1078
f 2273/1073 1969/1075 1372/1910
f 2131/1031 2097/1030 1649/1950
f 2133/1028 2096/1027 1648/2071
f 2135/1025 1973/1024 1381/2242
f 2137/1020 2095/1019 1647/1958
f 2139/1017 2094/1016 1646/2050
f 2141/1014 1972/1013 1378/2384
f 2143/219 1967/218 1325/2158
f 2145/214 1965/213 1321/2255
f 1959/2339 2275/114 1962/113
f 2277/108 1966/107 1323/2086
f 2281/18 1964/17 1320/2348
o Helmet
v 5.25 -8.2 -4.2
v 5.25 -8.2 4.2
v -4.2 -8.2 5.25
v 4.2 -8.2 5.25
v -4.2 -8.2 -5.25
v 4.2 -8.2 -5.25
v -5.25 -8.2 4.2
v -5.25 -8.2 -4.2
v 5.25 -6.1 -4.2
v 5.25 -6.1 4.2
v -4.2 -6.1 5.25
v 4.2 -6.1 5.25
v -4.2 -6.1 -5.25
v 4.2 -6.1 -5.25
v -5.25 -6.1 4.2
v -5.25 -6.1 -4.2
v 7.35 -5.05 -4.2
v 7.35 -5.05 4.2
v -4.2 -5.05 7.35
v 4.2 -5.05 7.35
v -4.2 -5.05 -7.35
v 4.2 -5.05 -7.35
v -7.35 -5.05 4.2
v -7.35 -5.05 -4.2
v -3.15 -10.3 3.15
v -3.15 -10.3 -3.15
v 3.15 -10.3 -3.15
v 3.15 -10.3 3.15
v 4.725 -8.2 -3.675
v 4.725 -8.2 3.675
v -3.675 -8.2 4.725
v 3.675 -8.2 4.725
v -3.675 -8.2 -4.725
v 3.675 -8.2 -4.725
v -4.725 -8.2 3.675
v -4.725 -8.2 -3.675
v 4.725 0.2 -3.675
v 4.725 0.2 3.675
v -3.675 0.2 4.725
v 3.675 0.2 4.725
v -3.675 0.2 -4.725
v 3.675 0.2 -4.725
v -4.725 0.2 3.675
v -4.725 0.2 -3.675
v -3.675 1.25 3.675
v -3.675 1.25 -3.675
v 3.675 1.25 -3.675
v 3.675 1.25 3.675
v 1.575 -2.95 -4.725
v -1.575 -2.95 -4.725
v 1.575 0.2 -4.725
v -1.575 0.2 -4.725
v 1.575 0.2 -5.775
v 1.575 -1.9 -5.775
v -1.575 -1.9 -5.775
v -1.575 0.2 -5.775
v -2.1 -5.575 -4.725
v -0.736 -4.7875 -4.725
v -0.736 -3.2125 -4.725
v -2.1 -2.425 -4.725
v -3.464 -3.2125 -4.725
v -3.464 -4.7875 -4.725
v 2.1 -5.575 -4.725
v 3.464 -4.7875 -4.725
v 3.464 -3.2125 -4.725
v 2.1 -2.425 -4.725
v 0.736 -3.2125 -4.725
v 0.736 -4.7875 -4.725
v 2.1 -5.575 -5.25
v 3.464 -4.7875 -5.25
v 3.464 -3.2125 -5.25
v 2.1 -2.425 -5.25
v 0.736 -3.2125 -5.25
v 0.736 -4.7875 -5.25
v -2.1 -5.575 -5.25
v -0.736 -4.7875 -5.25
v -0.736 -3.2125 -5.25
v -2.1 -2.425 -5.25
v -3.464 -3.2125 -5.25
v -3.464 -4.7875 -5.25
v 0.525 -6.1 -4.2
v 1.05 -6.1 -4.725
v 1.05 -10.3 -4.725
v 0.525 -10.3 -4.2
v 1.05 -6.1 -5.775
v 0.525 -6.1 -6.3
v 0.525 -10.3 -6.3
v 1.05 -10.3 -5.775
v -1.05 -6.1 -4.725
v -0.525 -6.1 -4.2
v -0.525 -10.3 -4.2
v -1.05 -10.3 -4.725
v -0.525 -6.1 -6.3
v -1.05 -6.1 -5.775
v -1.05 -10.3 -5.775
v -0.525 -10.3 -6.3
v 1.05 -8.2 -6.3
v -1.05 -8.2 -6.3
v 1.05 -10.3 -6.3
v -1.05 -10.3 -6.3
v 2.1 -11.35 -7.35
v 2.1 -7.15 -7.35
v -2.1 -7.15 -7.35
v -2.1 -11.35 -7.35
v -4.725 -4.525 2.1
v -4.725 -1.375 2.1
v -4.725 -4.525 -2.1
v -4.725 -1.375 -2.1
v -5.775 -4.525 -2.1
v -5.775 -4.525 2.1
v -5.775 -1.375 2.1
v -5.775 -1.375 -2.1
v -5.775 -4 1.575
v -5.775 -1.9 1.575
v -5.775 -4 -1.575
v -5.775 -1.9 -1.575
v -6.3 -4 -1.575
v -6.3 -4 1.575
v -6.3 -1.9 1.575
v -6.3 -1.9 -1.575
v -7.0875 -5.05 0.2625
v -7.6125 -5.05 0.2625
v -7.0875 -5.05 -0.2625
v -7.6125 -5.05 -0.2625
v -7.0875 -11.35 -0.2625
v -7.0875 -11.35 0.2625
v -7.6125 -11.35 0.2625
v -7.6125 -11.35 -0.2625
v -5.5125 -2.95 -0.2625
v -5.5125 -2.95 0.2625
v -6.0375 -2.95 0.2625
v -6.0375 -2.95 -0.2625
v 1.575 1.3774 -5.4675
v 1.05 1.7486 -5.0962
v -1.05 1.7486 -5.0962
v -1.575 1.3774 -5.4675
v 1.05 -0.4788 -7.3236
v 1.575 -0.1075 -6.9524
v -1.575 -0.1075 -6.9524
v -1.05 -0.4788 -7.3236
v 1.575 1.3774 -8.4373
v 1.05 1.0062 -8.8085
v 1.05 3.2335 -6.5812
v 1.575 2.8623 -6.9524
v -1.575 2.8623 -6.9524
v -1.05 3.2335 -6.5812
v -1.05 1.0062 -8.8085
v -1.575 1.3774 -8.4373
v 1.05 -0.4788 -4.3538
v 0.525 -0.1075 -3.9825
v -0.525 -0.1075 -3.9825
v -1.05 -0.4788 -4.3538
v 0.525 -1.5925 -5.4675
v 1.05 -1.2212 -5.0962
v -1.05 -1.2212 -5.0962
v -0.525 -1.5925 -5.4675
v 1.05 0.2637 -6.5812
v 0.525 -0.1075 -6.9524
v 0.525 1.3774 -5.4675
v 1.05 1.0062 -5.8387
v -1.05 1.0062 -5.8387
v -0.525 1.3774 -5.4675
v -0.525 -0.1075 -6.9524
v -1.05 0.2637 -6.5812
v 5.775 -4.525 -2.1
v 5.775 -4.525 2.1
v 5.775 -1.375 2.1
v 5.775 -1.375 -2.1
v 4.725 -4.525 -2.1
v 4.725 -4.525 2.1
v 4.725 -1.375 2.1
v 4.725 -1.375 -2.1
v 6.825 -1.9 3.15
v 6.825 -4 5.25
v 6.825 -1.9 1.05
v 6.825 -4 1.05
v 5.775 -1.9 0
v 5.775 -4 0
v 5.355 -6.1 -1.4438
v 5.355 -8.2 -1.4437
v 5.355 -6.1 -2.7562
v 5.355 -8.2 -2.7562
v 5.46 -6.1 -0.3937
v 5.46 -8.2 -0.3937
v 5.46 -6.1 -1.7062
v 5.46 -8.2 -1.7062
v 5.565 -6.625 0
v 5.565 -6.1 0
v 5.565 -6.1 -3.15
v 5.565 -6.625 -3.15
v 5.25 -6.1 -4.2
v 5.25 -6.625 -4.2
v 5.25 -6.625 1.05
v 5.25 -6.1 1.05
v -0 -8.2 5.25
v -4.2 -7.15 5.25
v -0 -8.2 -5.25
v 4.2 -7.15 -5.25
v 5.25 -8.2 0
v 5.25 -7.15 4.2
v -5.25 -8.2 0
v -5.25 -7.15 -4.2
v 4.2 -7.15 5.25
v -4.2 -7.15 -5.25
v -4.2 -5.575 -6.3
v -5.775 -5.05 -5.775
v -6.3 -5.575 4.2
v 4.2 -5.575 -6.3
v -0 -5.05 -7.35
v 5.25 -6.1 0
v 6.3 -5.575 4.2
v 4.2 -5.575 6.3
v -5.25 -6.1 0
v -6.3 -5.575 -4.2
v 6.3 -5.575 -4.2
v -0 -6.1 5.25
v -0 -10.3 -3.15
v -3.15 -10.3 0
v 3.675 -9.25 -4.2
v 4.2 -9.25 3.675
v 3.675 -9.25 4.2
v -4.2 -9.25 -3.675
v -4.2 -9.25 3.675
v -3.675 -9.25 4.2
v -3.675 -9.25 -4.2
v 4.2 -9.25 -3.675
v 4.725 -4 -3.675
v -0 -8.2 -4.725
v 3.675 -4 -4.725
v 4.725 -8.2 0
v 4.725 -4 3.675
v -4.725 -4 -3.675
v -4.725 -8.2 0
v 3.675 -4 4.725
v -0 -8.2 4.725
v -4.725 -4 3.675
v -3.675 1.25 -0
v -0 1.25 -3.675
v -0 0.2 -4.725
v -4.725 0.2 -0
v 4.725 0.2 -0
v -0 0.2 4.725
v 1.575 -0.85 -5.775
v -0 0.2 -5.775
v -0 0.2 -4.725
v -0 -1.9 -5.775
v -1.575 -1.375 -4.725
v -1.575 -0.85 -5.25
v 1.575 -0.85 -5.25
v -0.525 -0.85 -6.2099
v -0.525 0.6349 -4.725
v -1.05 0.2637 -5.0962
v -0 1.7486 -5.0962
v -1.05 2.4911 -5.8387
v -0.2625 1.9342 -7.8805
v -1.575 0.6349 -6.2099
v -1.575 0.6349 -7.6948
v 1.05 0.2637 -8.0661
v -0 1.0062 -8.8085
v 0.2625 -0.2932 -7.138
v -0 -0.4788 -7.3236
v 1.418 -5.1813 -4.725
v 1.418 -2.8188 -4.725
v 3.464 -4 -4.725
v 0.736 -4 -4.725
v 2.782 -2.8188 -4.725
v 2.782 -5.1813 -4.725
v -1.418 -2.8188 -4.725
v -1.418 -5.1813 -4.725
v -2.782 -5.1813 -4.725
v -2.782 -2.8187 -4.725
v -0.736 -4 -4.725
v -3.464 -4 -4.725
v 0.525 -8.2 -4.2
v -1.05 -8.2 -5.775
v -0.2625 -10.3 -4.4625
v 1.05 -8.2 -4.725
v 0.525 -8.2 -6.3
v -1.05 -8.2 -4.725
v 0.2625 -6.1 -4.4625
v -0 -8.2 -6.3
v 1.05 -9.25 -6.3
v 2.1 -9.25 -7.35
v -0 -7.15 -7.35
v -1.05 -9.25 -6.3
v -1.575 -10.825 -6.825
v 1.575 -7.675 -6.825
v -0 -10.3 -6.3
v 1.575 -10.825 -6.825
v -1.575 -7.675 -6.825
v -5.775 -2.95 2.1
v -5.775 -4.525 0
v -4.725 -1.375 0
v -4.725 -4.525 0
v -4.725 -2.95 -2.1
v -6.3 -2.95 1.575
v -6.3 -4 0
v -5.775 -2.95 -1.575
v -5.775 -1.9 0
v -5.775 -4 0
v -6.825 -4 -0.2625
v -7.6125 -8.2 0.2625
v -7.0875 -8.2 -0.2625
v -7.6125 -8.2 -0.2625
v -7.0875 -8.2 0.2625
v -6.3 -4 0.2625
v -6.3 -4 -0.2625
v -6.825 -4 0.2625
v 1.575 2.1198 -6.2099
v -1.575 2.1198 -6.2099
v 1.575 2.1199 -7.6948
v -1.05 -0.4788 -5.8387
v 0.525 0.6349 -4.725
v 1.05 -0.4788 -5.8387
v 1.05 0.2637 -5.0962
v 5.775 -4.525 0
v 5.775 -2.95 2.1
v 5.775 -2.95 -2.1
v 4.725 -2.95 2.1
v 5.775 -1.375 0
v 6.825 -1.9 2.1
v 6.825 -2.95 2.1
v 6.825 -2.95 1.05
v 5.355 -7.15 -1.4437
v 5.46 -7.15 -0.3937
v 5.565 -6.1 -1.575
v -0 -6.1 -5.25
v 5.25 -7.15 -4.2
v -5.25 -7.15 4.2
v -4.2 -5.575 6.3
v -5.775 -5.05 5.775
v 7.35 -5.05 0
v 5.775 -5.05 5.775
v -7.35 -5.05 0
v 5.775 -5.05 -5.775
v -0 -5.05 7.35
v 3.15 -10.3 0
v -0 -10.3 3.15
v -3.675 -4 -4.725
v -3.675 -4 4.725
v -0 1.25 3.675
v 3.675 1.25 -0
v -1.575 -0.85 -5.775
v -0 -2.95 -4.725
v 1.575 -1.375 -4.725
v 0.525 -0.85 -6.2099
v 1.05 2.4911 -5.8387
v -0 3.2335 -6.5812
v 0.2625 3.0479 -6.7668
v 0.2625 2.3055 -7.5092
v -0.2625 1.1918 -8.6229
v -1.575 2.1199 -7.6948
v -1.05 0.2637 -8.0661
v 1.3125 0.8205 -6.0243
v 1.575 0.6349 -6.2099
v 0.2625 0.8205 -6.0243
v -0 0.6349 -6.2099
v -0 -0.1075 -6.9524
v 1.418 -5.1813 -5.25
v 1.418 -2.8188 -5.25
v 3.464 -4 -5.25
v 0.736 -4 -5.25
v 2.782 -2.8188 -5.25
v 2.782 -5.1813 -5.25
v -1.418 -2.8188 -5.25
v -1.418 -5.1813 -5.25
v -2.782 -5.1813 -5.25
v -2.782 -2.8187 -5.25
v -0.736 -4 -5.25
v -3.464 -4 -5.25
v -0.525 -8.2 -4.2
v -0 -10.3 -5.775
v 0.2625 -10.3 -6.0375
v -0 -10.3 -4.725
v 1.05 -8.2 -5.775
v -0.525 -8.2 -6.3
v -0 -6.1 -5.775
v -0.2625 -6.1 -6.0375
v -0 -6.1 -4.725
v -0 -11.35 -7.35
v -2.1 -9.25 -7.35
v -5.775 -1.375 0
v -5.775 -2.95 -2.1
v -4.725 -2.95 2.1
v -6.3 -1.9 0
v -6.3 -2.95 -1.575
v -5.775 -2.95 1.575
v 1.575 0.6349 -7.6948
v 4.725 -2.95 -2.1
v 4.725 -1.375 0
v 4.725 -4.525 0
v 6.825 -2.95 4.2
v 6.825 -4 3.15
v 5.775 -2.95 0
v 5.355 -7.15 -2.7562
v 5.46 -7.15 -1.7062
v 5.565 -6.625 -1.575
v 1.575 1.3774 -6.9524
v -1.575 1.3774 -6.9524
v 4.2 -9.25 0
v 6.3 -5.575 0
v -0 0.2637 -8.0661
v -0 2.4911 -5.8387
v -6.3 -2.95 0
v -0 1.25 -0
v -1.575 -9.25 -6.825
v 1.575 -9.25 -6.825
v -0 -10.825 -6.825
v -0 -4 -4.725
v -0 -5.575 6.3
v -0 -10.3 0
v -0 -7.15 -5.25
v 4.725 -4 0
v 5.775 -2.95 0
v -0 -9.25 -7.35
v -4.725 -4 0
v -5.775 -2.95 0
v -0 -7.15 5.25
v -0 -7.675 -6.825
v -4.2 -9.25 0
v -0 -9.25 -4.2
v -0 -9.25 4.2
v -5.25 -7.15 0
v -0 -5.575 -6.3
v -0 -4 4.725
v 5.25 -7.15 0
v -0 -9.25 -6.3
v -6.3 -5.575 0
v -0 -0.85 -5.775
v 2.1 -8.2 5.25
v 0.7875 0.2 -5.775
v 2.1 -8.2 -5.25
v -4.725 -6.1 3.675
v 5.25 -8.2 2.1
v -4.725 -4.525 1.05
v -5.25 -8.2 -2.1
v 4.725 -6.1 -3.675
v 4.725 -8.725 -3.9375
v -4.725 -3.7375 -2.1
v -6.5625 -5.05 -4.9875
v -2.1 -8.2 5.25
v -4.725 -8.2 1.8375
v 2.1 -5.05 -7.35
v 5.25 -6.1 2.1
v -5.775 -1.9 0.7875
v -2.1 -8.2 -5.25
v -5.25 -6.1 -2.1
v -4.725 -1.375 1.05
v 3.675 -6.1 4.725
v 2.1 -6.1 5.25
v 1.575 -10.3 -3.15
v -3.15 -10.3 -1.575
v 3.4125 -9.775 -3.675
v 3.675 -9.775 3.4125
v -4.9875 -5.05 -6.5625
v 3.4125 -9.775 3.675
v -3.675 -9.775 -3.4125
v -3.675 -9.775 3.4125
v -3.4125 -9.775 3.675
v -3.4125 -9.775 -3.675
v 3.675 -9.775 -3.4125
v 0.7875 0.2 -4.725
v 4.725 -1.9 -3.675
v 1.8375 -8.2 -4.725
v 3.675 -1.9 -4.725
v 4.725 -8.2 1.8375
v 4.725 -1.9 3.675
v -4.725 -1.9 -3.675
v 0.3937 1.4702 -8.3445
v -4.725 -8.2 -1.8375
v 3.675 -1.9 4.725
v -4.725 -6.1 -3.675
v 1.8375 -8.2 4.725
v -4.725 -1.9 3.675
v -3.675 1.25 -1.8375
v 1.8375 1.25 -3.675
v 1.8375 0.2 -4.725
v -1.575 -2.1625 -4.725
v -4.725 0.2 -1.8375
v 4.725 0.2 1.8375
v -6.3 -4 -0.7875
v 0.7875 -1.9 -5.775
v 1.8375 0.2 4.725
v -0.7875 0.2 -5.775
v -0.7875 0.2 -4.725
v 1.05 -7.15 -4.725
v 3.675 -6.1 -4.725
v -0.7875 -1.9 -5.775
v -1.575 -0.5875 -4.725
v 0.525 -7.15 -6.3
v -3.9375 -8.725 4.725
v -1.05 -7.15 -4.725
v -0.9188 2.3983 -7.4164
v 5.25 -6.1 -2.1
v -3.15 -10.3 1.575
v -1.8375 1.25 -3.675
v -5.775 -3.7375 2.1
v -7.0875 -6.625 -0.2625
v -7.6125 -6.625 0.2625
v -3.675 1.25 1.8375
v 0.525 -9.25 -4.2
v -1.05 -9.25 -5.775
v 0.525 -7.15 -4.2
v 1.05 -9.25 -4.725
v 0.525 -9.25 -6.3
v -1.8375 -8.2 4.725
v -1.05 -9.25 -4.725
v -3.9375 -8.725 -4.725
v 2.1 -8.2 -7.35
v -1.8375 -8.2 -4.725
v -1.05 -7.15 -7.35
v -5.25 -8.2 2.1
v -5.775 -2.1625 2.1
v -5.775 -4.525 1.05
v -4.725 -1.375 -1.05
v -5.775 -4.525 -1.05
v -4.725 -4.525 -1.05
v -4.725 -2.1625 -2.1
v 4.725 0.2 -1.8375
v 4.725 -8.2 -1.8375
v 2.1 -10.3 -7.35
v -6.3 -4 0.7875
v -4.725 -8.725 3.9375
v -4.725 -8.725 -3.9375
v -5.775 -1.9 -0.7875
v 1.05 -7.15 -7.35
v -5.775 -4 -0.7875
v -7.6125 -9.775 0.2625
v -7.0875 -6.625 0.2625
v -7.0875 -9.775 -0.2625
v -4.725 0.2 1.8375
v -7.6125 -9.775 -0.2625
v -1.8375 0.2 -4.725
v -7.0875 -9.775 0.2625
v -5.775 -4 0.7875
v 5.25 -8.2 -2.1
v -1.575 -10.3 -3.15
v -2.1 -5.05 -7.35
v -5.25 -6.1 2.1
v 3.9375 -8.725 -4.725
v 4.725 -8.725 3.9375
v 3.9375 -8.725 4.725
v -2.1 -6.1 5.25
v 5.775 -4.525 1.05
v 5.775 -2.1625 2.1
v 5.775 -2.1625 -2.1
v -1.8375 0.2 4.725
v 4.725 -6.1 3.675
v 4.725 -2.1625 2.1
v 5.775 -1.375 -1.05
v -7.6125 -6.625 -0.2625
v 5.565 -6.1 -2.3625
v -1.05 -7.15 -5.775
v 2.1 -6.1 -5.25
v -6.5625 -5.05 4.9875
v 7.35 -5.05 2.1
v 4.9875 -5.05 6.5625
v -7.35 -5.05 -2.1
v 4.9875 -5.05 -6.5625
v 2.1 -5.05 7.35
v 3.15 -10.3 1.575
v 1.575 -10.3 3.15
v -3.675 -1.9 -4.725
v -3.675 -1.9 4.725
v 1.8375 1.25 3.675
v 3.675 1.25 1.8375
v -0.7875 -2.95 -4.725
v 1.575 -0.5875 -4.725
v -0.3938 2.7695 -7.0452
v 0.9187 0.3565 -6.4883
v 0.7875 0.2637 -6.5812
v -0.7875 -0.1075 -6.9524
v -0.525 -9.25 -4.2
v 1.05 -9.25 -5.775
v -0.525 -9.25 -6.3
v -1.05 -11.35 -7.35
v -2.1 -10.3 -7.35
v -5.775 -1.375 -1.05
v -5.775 -2.1625 -2.1
v -4.725 -2.1625 2.1
v -6.3 -1.9 -0.7875
v 4.725 -2.1625 -2.1
v 4.725 -1.375 -1.05
v 4.725 -4.525 1.05
v 6.825 -4 2.1
v 5.565 -6.625 -2.3625
v 5.775 -4.525 -1.05
v 5.775 -3.7375 2.1
v 5.775 -3.7375 -2.1
v 4.725 -3.7375 2.1
v 5.775 -1.375 1.05
v 5.565 -6.1 -0.7875
v -2.1 -6.1 -5.25
v -4.9875 -5.05 6.5625
v 7.35 -5.05 -2.1
v 6.5625 -5.05 4.9875
v -7.35 -5.05 2.1
v 6.5625 -5.05 -4.9875
v -2.1 -5.05 7.35
v 3.15 -10.3 -1.575
v -1.575 -10.3 3.15
v -3.675 -6.1 -4.725
v -3.675 -6.1 4.725
v -1.8375 1.25 3.675
v 3.675 1.25 -1.8375
v 0.7875 -2.95 -4.725
v 1.575 -2.1625 -4.725
v 0.9187 1.8414 -7.9733
v -0.3938 1.2846 -5.5603
v -0.7875 1.0062 -5.8387
v 0.7875 -0.1075 -6.9524
v -0.525 -7.15 -4.2
v 1.05 -7.15 -5.775
v -0.525 -7.15 -6.3
v 1.05 -11.35 -7.35
v -2.1 -8.2 -7.35
v -5.775 -1.375 1.05
v -5.775 -3.7375 -2.1
v -4.725 -3.7375 2.1
v -6.3 -1.9 0.7875
v 4.725 -3.7375 -2.1
v 4.725 -1.375 1.05
v 4.725 -4.525 -1.05
v 6.825 -4 4.2
v 5.565 -6.625 -0.7875
v 6.825 -2.95 3.15
v -0.7875 0.6349 -6.2099
v -0.7875 0.2637 -6.5812
v 0.6562 1.2846 -5.5603
v -0.9188 1.6558 -8.1589
v 0.9187 2.5839 -7.2308
v 4.2 -9.25 1.8375
v 4.2 -9.25 -1.8375
v 4.9875 -5.3125 -6.0375
v 6.0375 -5.3125 -4.9875
v 5.25 -5.575 -5.25
v 6.3 -5.575 2.1
v 6.3 -5.575 -2.1
v -6.3 -2.95 0.7875
v -6.3 -2.95 -0.7875
v -0 1.25 -1.8375
v -0 1.25 1.8375
v -1.8375 1.25 -0
v 1.8375 1.25 -0
v -1.575 -10.0375 -6.825
v -1.575 -8.4625 -6.825
v 1.575 -8.4625 -6.825
v 1.575 -10.0375 -6.825
v 0.7875 -10.825 -6.825
v -0.7875 -10.825 -6.825
v 1.8375 -4 -4.725
v -1.8375 -4 -4.725
v -0 -6.1 -4.725
v -0 -1.9 -4.725
v 2.1 -5.575 6.3
v -2.1 -5.575 6.3
v -1.575 -10.3 0
v 1.575 -10.3 0
v -0 -10.3 -1.575
v -0 -10.3 1.575
v 2.1 -7.15 -5.25
v -2.1 -7.15 -5.25
v 4.725 -4 1.8375
v 4.725 -4 -1.8375
v 4.725 -6.1 0
v 4.725 -1.9 0
v 5.775 -2.95 1.05
v 5.775 -2.95 -1.05
v 5.775 -3.7375 0
v 5.775 -2.1625 0
v -0 -8.2 -7.35
v -0 -10.3 -7.35
v 1.05 -9.25 -7.35
v -1.05 -9.25 -7.35
v -4.725 -4 -1.8375
v -4.725 -4 1.8375
v -4.725 -6.1 0
v -4.725 -1.9 0
v -5.775 -3.7375 0
v -5.775 -2.1625 0
v -5.775 -2.95 1.05
v -5.775 -2.95 -1.05
v -2.1 -7.15 5.25
v 2.1 -7.15 5.25
v -0.7875 -7.675 -6.825
v 0.7875 -7.675 -6.825
v -4.2 -9.25 -1.8375
v -4.2 -9.25 1.8375
v 1.8375 -9.25 -4.2
v -1.8375 -9.25 -4.2
v 1.8375 -9.25 4.2
v -1.8375 -9.25 4.2
v -5.25 -7.15 -2.1
v -5.25 -7.15 2.1
v 2.1 -5.575 -6.3
v -2.1 -5.575 -6.3
v 6.0375 -5.3125 4.9875
v 4.9875 -5.3125 6.0375
v 5.25 -5.575 5.25
v -6.0375 -5.3125 -4.9875
v -4.9875 -5.3125 -6.0375
v -5.25 -5.575 -5.25
v -0 -6.1 4.725
v -0 -1.9 4.725
v 1.8375 -4 4.725
v -1.8375 -4 4.725
v -4.9875 -5.3125 6.0375
v -6.0375 -5.3125 4.9875
v -5.25 -5.575 5.25
v 5.25 -7.15 2.1
v 5.25 -7.15 -2.1
v -6.3 -5.575 -2.1
v -6.3 -5.575 2.1
v 0.7875 -0.85 -5.775
v -0.7875 -0.85 -5.775
v -1.8375 -1.9 4.725
v 1.8375 -1.9 4.725
v 1.8375 -6.1 4.725
v -5.775 -2.1625 -1.05
v -5.775 -2.1625 1.05
v -5.775 -3.7375 1.05
v -4.725 -1.9 1.8375
v -4.725 -6.1 1.8375
v -4.725 -6.1 -1.8375
v -1.05 -10.3 -7.35
v 1.05 -10.3 -7.35
v 1.05 -8.2 -7.35
v 5.775 -2.1625 -1.05
v 5.775 -3.7375 -1.05
v 5.775 -3.7375 1.05
v 4.725 -1.9 -1.8375
v 4.725 -6.1 -1.8375
v 4.725 -6.1 1.8375
v 1.575 -10.3 -1.575
v 1.575 -10.3 1.575
v 1.8375 1.25 1.8375
v -1.575 -10.3 -1.575
v -1.8375 1.25 1.8375
v -1.8375 1.25 -1.8375
v 1.8375 -6.1 -4.725
v -1.8375 -1.9 -4.725
v -1.8375 -6.1 -4.725
v 1.8375 1.25 -1.8375
v 1.8375 -1.9 -4.725
v -1.575 -10.3 1.575
v 4.725 -1.9 1.8375
v 5.775 -2.1625 1.05
v -1.05 -8.2 -7.35
v -4.725 -1.9 -1.8375
v -5.775 -3.7375 -1.05
v -1.8375 -6.1 4.725
v 3.15 -8.2 5.25
v 3.15 -8.2 -5.25
v -4.725 -5.05 3.675
v 5.25 -8.2 3.15
v -5.25 -8.2 -3.15
v 4.725 -5.05 -3.675
v -1.05 -8.2 5.25
v -4.725 -8.2 0.9188
v 3.15 -5.05 -7.35
v 5.25 -6.1 3.15
v -1.05 -8.2 -5.25
v -5.25 -6.1 -3.15
v 3.675 -5.05 4.725
v 3.15 -6.1 5.25
v 2.3625 -10.3 -3.15
v -3.15 -10.3 -2.3625
v 4.725 -0.85 -3.675
v 2.7562 -8.2 -4.725
v 3.675 -0.85 -4.725
v 4.725 -8.2 2.7563
v 4.725 -0.85 3.675
v -4.725 -0.85 -3.675
v -4.725 -8.2 -2.7562
v 3.675 -0.85 4.725
v -4.725 -5.05 -3.675
v 2.7562 -8.2 4.725
v -4.725 -0.85 3.675
v -3.675 1.25 -2.7563
v 2.7562 1.25 -3.675
v 2.7562 0.2 -4.725
v -4.725 0.2 -2.7563
v 4.725 0.2 2.7563
v 2.7562 0.2 4.725
v 3.675 -5.05 -4.725
v 5.25 -6.1 -1.05
v -3.15 -10.3 0.7875
v -0.9188 1.25 -3.675
v -7.0875 -7.4125 -0.2625
v -7.6125 -7.4125 0.2625
v -3.675 1.25 0.9187
v -0.9188 -8.2 4.725
v -0.9188 -8.2 -4.725
v -5.25 -8.2 1.05
v 4.725 0.2 -0.9187
v 4.725 -8.2 -0.9187
v -7.6125 -10.5625 0.2625
v -7.0875 -7.4125 0.2625
v -7.0875 -10.5625 -0.2625
v -4.725 0.2 0.9187
v -7.6125 -10.5625 -0.2625
v -0.9188 0.2 -4.725
v -7.0875 -10.5625 0.2625
v 5.25 -8.2 -1.05
v -0.7875 -10.3 -3.15
v -1.05 -5.05 -7.35
v -5.25 -6.1 1.05
v -1.05 -6.1 5.25
v -0.9188 0.2 4.725
v 4.725 -5.05 3.675
v -7.6125 -7.4125 -0.2625
v 3.15 -6.1 -5.25
v 7.35 -5.05 3.15
v -7.35 -5.05 -3.15
v 3.15 -5.05 7.35
v 3.15 -10.3 2.3625
v 2.3625 -10.3 3.15
v -3.675 -0.85 -4.725
v -3.675 -0.85 4.725
v 2.7562 1.25 3.675
v 3.675 1.25 2.7563
v -1.05 -6.1 -5.25
v 7.35 -5.05 -1.05
v -7.35 -5.05 1.05
v -1.05 -5.05 7.35
v 3.15 -10.3 -0.7875
v -0.7875 -10.3 3.15
v -3.675 -5.05 -4.725
v -3.675 -5.05 4.725
v -0.9188 1.25 3.675
v 3.675 1.25 -0.9187
v 4.2 -9.25 2.7563
v 4.2 -9.25 -0.9187
v 6.3 -5.575 3.15
v 6.3 -5.575 -1.05
v -0 1.25 -2.7563
v -0 1.25 0.9187
v -2.7563 1.25 -0
v 0.9187 1.25 -0
v 2.7562 -4 -4.725
v -0.9188 -4 -4.725
v -0 -7.15 -4.725
v -0 -2.95 -4.725
v 3.15 -5.575 6.3
v -1.05 -5.575 6.3
v -2.3625 -10.3 0
v 0.7875 -10.3 0
v -0 -10.3 -2.3625
v -0 -10.3 0.7875
v 3.15 -7.15 -5.25
v -1.05 -7.15 -5.25
v 4.725 -4 2.7563
v 4.725 -4 -0.9187
v 4.725 -7.15 0
v 4.725 -2.95 0
v -4.725 -4 -2.7563
v -4.725 -4 0.9187
v -4.725 -7.15 0
v -4.725 -2.95 0
v -3.15 -7.15 5.25
v 1.05 -7.15 5.25
v -4.2 -9.25 -2.7562
v -4.2 -9.25 0.9188
v 2.7562 -9.25 -4.2
v -0.9188 -9.25 -4.2
v 2.7562 -9.25 4.2
v -0.9188 -9.25 4.2
v -5.25 -7.15 -3.15
v -5.25 -7.15 1.05
v 3.15 -5.575 -6.3
v -1.05 -5.575 -6.3
v -0 -7.15 4.725
v -0 -2.95 4.725
v 2.7562 -4 4.725
v -0.9188 -4 4.725
v 5.25 -7.15 3.15
v 5.25 -7.15 -1.05
v -6.3 -5.575 -3.15
v -6.3 -5.575 1.05
v 1.05 -8.2 5.25
v 1.05 -8.2 -5.25
v -4.725 -7.15 3.675
v 5.25 -8.2 1.05
v -5.25 -8.2 -1.05
v 4.725 -7.15 -3.675
v -3.15 -8.2 5.25
v -4.725 -8.2 2.7563
v 1.05 -5.05 -7.35
v 5.25 -6.1 1.05
v -3.15 -8.2 -5.25
v -5.25 -6.1 -1.05
v 3.675 -7.15 4.725
v 1.05 -6.1 5.25
v 0.7875 -10.3 -3.15
v -3.15 -10.3 -0.7875
v 4.725 -2.95 -3.675
v 0.9187 -8.2 -4.725
v 3.675 -2.95 -4.725
v 4.725 -8.2 0.9188
v 4.725 -2.95 3.675
v -4.725 -2.95 -3.675
v -4.725 -8.2 -0.9187
v 3.675 -2.95 4.725
v -4.725 -7.15 -3.675
v 0.9187 -8.2 4.725
v -4.725 -2.95 3.675
v -3.675 1.25 -0.9187
v 0.9187 1.25 -3.675
v 0.9187 0.2 -4.725
v -4.725 0.2 -0.9187
v 4.725 0.2 0.9187
v 0.9187 0.2 4.725
v 3.675 -7.15 -4.725
v 5.25 -6.1 -3.15
v -3.15 -10.3 2.3625
v -2.7563 1.25 -3.675
v -7.0875 -5.8375 -0.2625
v -7.6125 -5.8375 0.2625
v -3.675 1.25 2.7563
v -2.7563 -8.2 4.725
v -2.7563 -8.2 -4.725
v -5.25 -8.2 3.15
v 4.725 0.2 -2.7563
v 4.725 -8.2 -2.7562
v -7.6125 -8.9875 0.2625
v -7.0875 -5.8375 0.2625
v -7.0875 -8.9875 -0.2625
v -4.725 0.2 2.7563
v -7.6125 -8.9875 -0.2625
v -2.7563 0.2 -4.725
v -7.0875 -8.9875 0.2625
v 5.25 -8.2 -3.15
v -2.3625 -10.3 -3.15
v -3.15 -5.05 -7.35
v -5.25 -6.1 3.15
v -3.15 -6.1 5.25
v -2.7563 0.2 4.725
v 4.725 -7.15 3.675
v -7.6125 -5.8375 -0.2625
v 1.05 -6.1 -5.25
v 7.35 -5.05 1.05
v -7.35 -5.05 -1.05
v 1.05 -5.05 7.35
v 3.15 -10.3 0.7875
v 0.7875 -10.3 3.15
v -3.675 -2.95 -4.725
v -3.675 -2.95 4.725
v 0.9187 1.25 3.675
v 3.675 1.25 0.9187
v -3.15 -6.1 -5.25
v 7.35 -5.05 -3.15
v -7.35 -5.05 3.15
v -3.15 -5.05 7.35
v 3.15 -10.3 -2.3625
v -2.3625 -10.3 3.15
v -3.675 -7.15 -4.725
v -3.675 -7.15 4.725
v -2.7563 1.25 3.675
v 3.675 1.25 -2.7563
v 4.2 -9.25 0.9188
v 4.2 -9.25 -2.7562
v 6.3 -5.575 1.05
v 6.3 -5.575 -3.15
v -0 1.25 -0.9187
v -0 1.25 2.7563
v -0.9188 1.25 -0
v 2.7562 1.25 -0
v 0.9187 -4 -4.725
v -2.7563 -4 -4.725
v -0 -5.05 -4.725
v -0 -0.85 -4.725
v 1.05 -5.575 6.3
v -3.15 -5.575 6.3
v -0.7875 -10.3 0
v 2.3625 -10.3 0
v -0 -10.3 -0.7875
v -0 -10.3 2.3625
v 1.05 -7.15 -5.25
v -3.15 -7.15 -5.25
v 4.725 -4 0.9187
v 4.725 -4 -2.7563
v 4.725 -5.05 0
v 4.725 -0.85 0
v -4.725 -4 -0.9187
v -4.725 -4 2.7563
v -4.725 -5.05 0
v -4.725 -0.85 0
v -1.05 -7.15 5.25
v 3.15 -7.15 5.25
v -4.2 -9.25 -0.9187
v -4.2 -9.25 2.7563
v 0.9187 -9.25 -4.2
v -2.7563 -9.25 -4.2
v 0.9187 -9.25 4.2
v -2.7563 -9.25 4.2
v -5.25 -7.15 -1.05
v -5.25 -7.15 3.15
v 1.05 -5.575 -6.3
v -3.15 -5.575 -6.3
v -0 -5.05 4.725
v -0 -0.85 4.725
v 0.9187 -4 4.725
v -2.7563 -4 4.725
v 5.25 -7.15 1.05
v 5.25 -7.15 -3.15
v -6.3 -5.575 -1.05
v -6.3 -5.575 3.15
v -1.8375 -2.95 4.725
v -1.8375 -0.85 4.725
v -0.9188 -1.9 4.725
v -2.7563 -1.9 4.725
v 1.8375 -2.95 4.725
v 1.8375 -0.85 4.725
v 2.7562 -1.9 4.725
v 0.9187 -1.9 4.725
v 1.8375 -7.15 4.725
v 1.8375 -5.05 4.725
v 2.7562 -6.1 4.725
v 0.9187 -6.1 4.725
v -2.625 -9.5125 3.9375
v -2.4938 -10.0375 3.4125
v -1.7063 -9.775 3.675
v -3.0188 -8.4625 4.9875
v -2.8875 -8.9875 4.4625
v -1.9688 -8.725 4.725
v 2.8875 -8.9875 4.4625
v 3.0187 -8.4625 4.9875
v 1.9687 -8.725 4.725
v -2.4938 -10.0375 -3.4125
v -2.625 -9.5125 -3.9375
v -1.7063 -9.775 -3.675
v 2.625 -9.5125 -3.9375
v 2.4937 -10.0375 -3.4125
v 1.7062 -9.775 -3.675
v 3.0187 -8.4625 -4.9875
v 2.8875 -8.9875 -4.4625
v 1.9687 -8.725 -4.725
v -3.4125 -10.0375 2.4938
v -3.9375 -9.5125 2.625
v -3.675 -9.775 1.7063
v -3.9375 -9.5125 -2.625
v -3.4125 -10.0375 -2.4937
v -3.675 -9.775 -1.7062
v -4.9875 -8.4625 -3.0187
v -4.4625 -8.9875 -2.8875
v -4.725 -8.725 -1.9687
v -4.725 -1.9 0.9187
v -4.725 -1.9 2.7563
v -4.725 -2.95 1.8375
v -4.725 -0.85 1.8375
v -4.725 -6.1 0.9187
v -4.725 -6.1 2.7563
v -4.725 -7.15 1.8375
v -4.725 -5.05 1.8375
v -4.725 -6.1 -2.7562
v -4.725 -6.1 -0.9187
v -4.725 -7.15 -1.8375
v -4.725 -5.05 -1.8375
v 4.725 -1.9 -0.9187
v 4.725 -1.9 -2.7563
v 4.725 -2.95 -1.8375
v 4.725 -0.85 -1.8375
v 4.725 -6.1 -0.9187
v 4.725 -6.1 -2.7562
v 4.725 -7.15 -1.8375
v 4.725 -5.05 -1.8375
v 4.725 -6.1 2.7563
v 4.725 -6.1 0.9187
v 4.725 -7.15 1.8375
v 4.725 -5.05 1.8375
v 0.7875 -10.3 -1.575
v 2.3625 -10.3 -1.575
v 1.575 -10.3 -2.3625
v 1.575 -10.3 -0.7875
v 0.7875 -10.3 1.575
v 2.3625 -10.3 1.575
v 1.575 -10.3 0.7875
v 1.575 -10.3 2.3625
v 1.8375 1.25 0.9187
v 1.8375 1.25 2.7563
v 0.9187 1.25 1.8375
v 2.7562 1.25 1.8375
v 3.9375 -9.5125 2.625
v 3.4125 -10.0375 2.4938
v 3.675 -9.775 1.7063
v 3.4125 -10.0375 -2.4937
v 3.9375 -9.5125 -2.625
v 3.675 -9.775 -1.7062
v -2.3625 -10.3 -1.575
v -0.7875 -10.3 -1.575
v -1.575 -10.3 -2.3625
v -1.575 -10.3 -0.7875
v -1.8375 1.25 0.9187
v -1.8375 1.25 2.7563
v -2.7563 1.25 1.8375
v -0.9188 1.25 1.8375
v -1.8375 1.25 -2.7563
v -1.8375 1.25 -0.9187
v -2.7563 1.25 -1.8375
v -0.9188 1.25 -1.8375
v 4.9875 -8.4625 3.0188
v 4.4625 -8.9875 2.8875
v 4.725 -8.725 1.9688
v 2.7562 -6.1 -4.725
v 0.9187 -6.1 -4.725
v 1.8375 -7.15 -4.725
v 1.8375 -5.05 -4.725
v -0.9188 -1.9 -4.725
v -2.7563 -1.9 -4.725
v -1.8375 -2.95 -4.725
v -1.8375 -0.85 -4.725
v -0.9188 -6.1 -4.725
v -2.7563 -6.1 -4.725
v -1.8375 -7.15 -4.725
v -1.8375 -5.05 -4.725
v 4.4625 -8.9875 -2.8875
v 4.9875 -8.4625 -3.0187
v 4.725 -8.725 -1.9687
v 1.8375 1.25 -2.7563
v 1.8375 1.25 -0.9187
v 0.9187 1.25 -1.8375
v 2.7562 1.25 -1.8375
v 2.7562 -1.9 -4.725
v 0.9187 -1.9 -4.725
v 1.8375 -2.95 -4.725
v 1.8375 -0.85 -4.725
v -2.3625 -10.3 1.575
v -0.7875 -10.3 1.575
v -1.575 -10.3 0.7875
v -1.575 -10.3 2.3625
v 4.725 -1.9 2.7563
v 4.725 -1.9 0.9187
v 4.725 -2.95 1.8375
v 4.725 -0.85 1.8375
v -4.725 -1.9 -2.7563
v -4.725 -1.9 -0.9187
v -4.725 -2.95 -1.8375
v -4.725 -0.85 -1.8375
v -4.4625 -8.9875 2.8875
v -4.9875 -8.4625 3.0188
v -4.725 -8.725 1.9688
v -2.8875 -8.9875 -4.4625
v -3.0188 -8.4625 -4.9875
v -1.9688 -8.725 -4.725
v 2.4937 -10.0375 3.4125
v 2.625 -9.5125 3.9375
v 1.7062 -9.775 3.675
v -1.8375 -7.15 4.725
v -1.8375 -5.05 4.725
v -0.9188 -6.1 4.725
v -2.7563 -6.1 4.725
v -2.7563 -5.05 4.725
v -0.9188 -5.05 4.725
v -0.9188 -7.15 4.725
v -4.725 -0.85 -0.9187
v -4.725 -2.95 -0.9187
v -4.725 -2.95 -2.7563
v 4.725 -0.85 0.9187
v 4.725 -2.95 0.9187
v 4.725 -2.95 2.7563
v -0.7875 -10.3 2.3625
v -0.7875 -10.3 0.7875
v -2.3625 -10.3 0.7875
v 0.9187 -0.85 -4.725
v 0.9187 -2.95 -4.725
v 2.7562 -2.95 -4.725
v 2.7562 1.25 -0.9187
v 0.9187 1.25 -0.9187
v 0.9187 1.25 -2.7563
v -2.7563 -5.05 -4.725
v -2.7563 -7.15 -4.725
v -0.9188 -7.15 -4.725
v -2.7563 -0.85 -4.725
v -2.7563 -2.95 -4.725
v -0.9188 -2.95 -4.725
v 0.9187 -5.05 -4.725
v 0.9187 -7.15 -4.725
v 2.7562 -7.15 -4.725
v -0.9188 1.25 -0.9187
v -2.7563 1.25 -0.9187
v -2.7563 1.25 -2.7563
v -0.9188 1.25 2.7563
v -2.7563 1.25 2.7563
v -2.7563 1.25 0.9187
v -0.7875 -10.3 -0.7875
v -0.7875 -10.3 -2.3625
v -2.3625 -10.3 -2.3625
v 2.7562 1.25 2.7563
v 0.9187 1.25 2.7563
v 0.9187 1.25 0.9187
v 2.3625 -10.3 2.3625
v 2.3625 -10.3 0.7875
v 0.7875 -10.3 0.7875
v 2.3625 -10.3 -0.7875
v 2.3625 -10.3 -2.3625
v 0.7875 -10.3 -2.3625
v 4.725 -5.05 0.9187
v 4.725 -7.15 0.9188
v 4.725 -7.15 2.7563
v 4.725 -5.05 -2.7562
v 4.725 -7.15 -2.7562
v 4.725 -7.15 -0.9187
v 4.725 -0.85 -2.7563
v 4.725 -2.95 -2.7563
v 4.725 -2.95 -0.9187
v -4.725 -5.05 -0.9187
v -4.725 -7.15 -0.9187
v -4.725 -7.15 -2.7562
v -4.725 -5.05 2.7563
v -4.725 -7.15 2.7563
v -4.725 -7.15 0.9188
v -4.725 -0.85 2.7563
v -4.725 -2.95 2.7563
v -4.725 -2.95 0.9187
v 0.9187 -5.05 4.725
v 2.7562 -5.05 4.725
v 2.7562 -7.15 4.725
v 0.9187 -0.85 4.725
v 2.7562 -0.85 4.725
v 2.7562 -2.95 4.725
v -2.7563 -0.85 4.725
v -0.9188 -0.85 4.725
v -0.9188 -2.95 4.725
v -2.7563 -2.95 4.725
v 0.9187 -2.95 4.725
v 0.9187 -7.15 4.725
v -4.725 -0.85 0.9187
v -4.725 -5.05 0.9187
v -4.725 -5.05 -2.7562
v 4.725 -0.85 -0.9187
v 4.725 -5.05 -0.9187
v 4.725 -5.05 2.7563
v 0.7875 -10.3 -0.7875
v 0.7875 -10.3 2.3625
v 2.7562 1.25 0.9187
v -2.3625 -10.3 -0.7875
v -0.9188 1.25 0.9187
v -0.9188 1.25 -2.7563
v 2.7562 -5.05 -4.725
v -0.9188 -0.85 -4.725
v -0.9188 -5.05 -4.725
v 2.7562 1.25 -2.7563
v 2.7562 -0.85 -4.725
v -2.3625 -10.3 2.3625
v 4.725 -0.85 2.7563
v -4.725 -0.85 -2.7563
v -2.7563 -7.15 4.725
vt 0.04 0.4186
vt 0.07 0.3953
vt 0.07 0.4186
vt 0.88 0.0698
vt 0.84 0.0465
vt 0.88 0.0465
vt 0.56 0
vt 0.6 0.0233
vt 0.56 0.0233
vt 0.74 0.407
vt 0.77 0.3953
vt 0.77 0.407
vt 0.64 0.0465
vt 0.72 0.0698
vt 0.64 0.0698
vt 0.84 0.2326
vt 0.88 0.2558
vt 0.84 0.2558
vt 0.56 0.0465
vt 0.6 0.0698
vt 0.56 0.0698
vt 0.32 0.3488
vt 0.28 0.3721
vt 0.28 0.3488
vt 0.65 0.0116
vt 0.64 0
vt 0.68 0
vt 0.82 0.0116
vt 0.86 0.0349
vt 0.82 0.0349
vt 0.245 0.3721
vt 0.245 0.3488
vt 0.56 0.407
vt 0.59 0.3953
vt 0.59 0.407
vt 0.62 0.0233
vt 0.64 0.186
vt 0.6 0.1628
vt 0.64 0.1628
vt 0.32 0.0233
vt 0.28 0
vt 0.32 0
vt 0.345 0.1541
vt 0.38 0.1628
vt 0.35 0.1628
vt 0.3 0.1279
vt 0.33 0.1192
vt 0.335 0.1279
vt 0.8 0.3023
vt 0.78 0.2907
vt 0.81 0.2907
vt 0.69 0.1453
vt 0.68 0.1628
vt 0.67 0.1453
vt 0.9 0.1163
vt 0.88 0.1395
vt 0.88 0.1163
vt 0.28 0.186
vt 0.32 0.2093
vt 0.28 0.2093
vt 0.72 0.093
vt 0.76 0.186
vt 0.8 0.2035
vt 0.76 0.2035
vt 0.76 0.0698
vt 0.78 0.0465
vt 0.78 0.0698
vt 0.9 0.0698
vt 0.94 0.0465
vt 0.94 0.0698
vt 0.28 0.1628
vt 0.245 0.186
vt 0.245 0.1628
vt 0.76 0.2384
vt 0.72 0.2558
vt 0.72 0.2384
vt 0.3 0.1628
vt 0.32 0.186
vt 0.245 0.2093
vt 0.56 0.2035
vt 0.6 0.186
vt 0.6 0.2035
vt 0.86 0.1744
vt 0.82 0.1512
vt 0.86 0.1512
vt 0.76 0.3256
vt 0.8 0.3256
vt 0.04 0.4419
vt 0 0.4477
vt 0 0.4302
vt 0.18 0.4186
vt 0.16 0.4419
vt 0.16 0.4186
vt 0.04 0.3721
vt 0.07 0.3721
vt 0.72 0.314
vt 0.7 0.2907
vt 0.72 0.2907
vt 0.465 0.375
vt 0.46 0.3488
vt 0.485 0.3634
vt 0.32 0.3953
vt 0.28 0.4186
vt 0.28 0.3953
vt 0.56 0.4651
vt 0.54 0.4419
vt 0.56 0.4419
vt 0.46 0.4419
vt 0.44 0.4651
vt 0.44 0.4419
vt 1 0.1163
vt 0.96 0.1395
vt 0.96 0.1163
vt 0.54 0.4651
vt 0.51 0.4709
vt 0.5 0.4651
vt 0.94 0.2326
vt 0.96 0.2616
vt 0.94 0.2616
vt 0.8 0.407
vt 0.83 0.3953
vt 0.83 0.407
vt 0.04 0.4767
vt 0.07 0.4651
vt 0.07 0.4767
vt 0.76 0.2791
vt 0.72 0.2791
vt 0.72 0.186
vt 0.72 0.2035
vt 0.62 0.407
vt 0.65 0.3953
vt 0.65 0.407
vt 0.86 0.407
vt 0.89 0.3953
vt 0.89 0.407
vt 0.35 0.3023
vt 0.32 0.2849
vt 0.35 0.2849
vt 0.84 0.186
vt 0.85 0.1802
vt 0.88 0.186
vt 0.96 0.4302
vt 0.94 0.4128
vt 0.96 0.4128
vt 0.84 0.1163
vt 0.82 0.1395
vt 0.82 0.1163
vt 0.96 0.0465
vt 0.96 0.0698
vt 0.88 0
vt 0.87 0.0058
vt 0.84 0
vt 0.4 0.3953
vt 0.44 0.3721
vt 0.44 0.3953
vt 0.92 0.2616
vt 0.9 0.2907
vt 0.88 0.3023
vt 0.87 0.2907
vt 0.28 0.1424
vt 0.245 0.1424
vt 0.98 0.2326
vt 1 0.2616
vt 0.98 0.2616
vt 0.98 0.4302
vt 0.98 0.4128
vt 0.07 0.4419
vt 0.56 0.314
vt 0.58 0.2907
vt 0.58 0.314
vt 0.34 0.3953
vt 0.32 0.3721
vt 0.34 0.3721
vt 0.7 0.314
vt 0.67 0.3372
vt 0.67 0.314
vt 0.7 0.4186
vt 0.74 0.4419
vt 0.7 0.4419
vt 0.7 0.3488
vt 0.67 0.3488
vt 0.61 0.2907
vt 0.58 0.2791
vt 0.61 0.2791
vt 0.94 0.4419
vt 0.94 0.4302
vt 0.8 0.2093
vt 0.84 0.2093
vt 0.92 0.4302
vt 0.92 0.4128
vt 0.5 0.4419
vt 0.46 0.4186
vt 0.5 0.4186
vt 0.96 0.2326
vt 0.38 0.3721
vt 0.38 0.3953
vt 0.22 0.3953
vt 0.26 0.4186
vt 0.22 0.4186
vt 0.64 0.4419
vt 0.66 0.4651
vt 0.64 0.4651
vt 0.4 0.4186
vt 0.4 0.4419
vt 0.6 0.4419
vt 0.56 0.4186
vt 0.6 0.4186
vt 0.36 0.4419
vt 0.34 0.4186
vt 0.36 0.4186
vt 0.2 0.4186
vt 0.2 0.3953
vt 0.26 0.3953
vt 0.4 0.3721
vt 0.5 0.7674
vt 1 0.5349
vt 1 0.7674
vt 0.8 0.186
vt 0.56 0.186
vt 0.68 0.407
vt 0.71 0.3953
vt 0.71 0.407
vt 0 0.7674
vt 0.5 0.5349
vt 0.92 0.186
vt 0.88 0.2093
vt 0.2 0.4651
vt 0.16 0.4767
vt 0.16 0.4651
vt 0.64 0.2791
vt 0.6 0.2558
vt 0.64 0.2558
vt 0.72 0.1628
vt 0.82 0.0465
vt 0.82 0.0698
vt 0.26 0.3721
vt 0.105 0.2791
vt 0.14 0.3023
vt 0.105 0.3023
vt 0.56 0.3372
vt 0.58 0.3372
vt 0.74 0.3953
vt 0.105 0.2093
vt 0.14 0.186
vt 0.14 0.2093
vt 0.4 0.0233
vt 0.44 0.0465
vt 0.4 0.0465
vt 0.92 0.2093
vt 0.92 0.2326
vt 0.88 0.2326
vt 0.84 0.2326
vt 0.8 0.2384
vt 0.76 0.2209
vt 0.8 0.2209
vt 0.44 0.0233
vt 0.96 0.2093
vt 0.245 0.2791
vt 0.28 0.3023
vt 0.245 0.3023
vt 0.86 0.0116
vt 0.5 1
vt 1 1
vt 0.8 0.3953
vt 0.485 0.5203
vt 0.5 0.5
vt 0.51 0.5058
vt 0.55 0.5058
vt 0.535 0.4913
vt 0.56 0.4767
vt 0.47 0.4884
vt 0.47 0.4767
vt 0.5 0.4767
vt 0.47 0.5
vt 0.44 0.5
vt 0.66 0.4186
vt 0.64 0.4186
vt 0.98 0.2907
vt 0.4 0
vt 0.68 0.0233
vt 0.74 0.0233
vt 0.72 0.0465
vt 0.6 0.0465
vt 0.105 0.1628
vt 0.105 0.186
vt 0.56 0.2384
vt 0.6 0.2209
vt 0.6 0.2384
vt 0.71 0.0116
vt 0.72 0
vt 0.8 0.2791
vt 0.555 0.1017
vt 0.52 0.093
vt 0.56 0.093
vt 0.84 0.3023
vt 0.84 0.2907
vt 0.94 0.1163
vt 0.96 0.093
vt 0.22 0.3721
vt 0.36 0.4651
vt 0.4 0.4651
vt 0.92 0.3953
vt 0.92 0.407
vt 0.02 0.4186
vt 0.2 0.4477
vt 0.14 0.1424
vt 0.105 0.1424
vt 0.68 0.186
vt 0.56 0.5
vt 0.14 0.061
vt 0.105 0.0814
vt 0.105 0.061
vt 0.54 0.3488
vt 0.51 0.3547
vt 0.5 0.3488
vt 0.56 0.3605
vt 0.535 0.3692
vt 0.49 0.4128
vt 0.44 0.407
vt 0.465 0.3983
vt 0.56 0.3837
vt 0.535 0.3924
vt 0.51 0.3779
vt 0.34 0.4651
vt 0.56 0.5233
vt 0.54 0.5349
vt 0.525 0.5203
vt 0.53 0.4884
vt 0.47 0.5116
vt 0.53 0.4767
vt 0.84 0.2791
vt 0.67 0.2907
vt 0.64 0.2907
vt 0.61 0.314
vt 0.84 0.093
vt 0.82 0.093
vt 0.35 0.2326
vt 0.32 0.2151
vt 0.35 0.2151
vt 0.96 0.3605
vt 0.94 0.343
vt 0.96 0.343
vt 0.66 0.4419
vt 0.7 0.4651
vt 0.54 0.4186
vt 0.2 0.3721
vt 0.1 0.4651
vt 0.13 0.4419
vt 0.13 0.4651
vt -0 0.4767
vt 0.04 0.4651
vt 0.87 0.1453
vt 0.9 0.1512
vt 0.84 0.1395
vt 1 0.2907
vt 0.82 0.1744
vt 0.92 0.2907
vt 0.94 0.2907
vt 0.38 0.4186
vt 0.32 0.1628
vt 0.54 0.1366
vt 0.51 0.1279
vt 0.545 0.1279
vt 1 0.4302
vt 1 0.4128
vt 0.85 0.0407
vt 0.6 0.093
vt 0.9 0.0116
vt 0.68 0.2558
vt 0.46 0.4651
vt 0.9 0.1744
vt 0.44 0.4186
vt 0.6 0
vt 0.6 0.4651
vt 0 1
vt 0.78 0.1163
vt 0.86 0.3953
vt 0.81 0.2907
vt 0.28 0.061
vt 0.245 0.0814
vt 0.245 0.061
vt 0.84 0.2907
vt 0.88 0.2791
vt 0.47 0.2849
vt 0.44 0.3023
vt 0.44 0.2849
vt 0.44 0
vt 0.9 0.0349
vt 1 0.3605
vt 0.98 0.343
vt 1 0.343
vt 0.515 0.4041
vt 0.49 0.3895
vt 0.2 0.4128
vt 0.44 0.3837
vt 0.04 0.3953
vt -0 0.3953
vt 0.74 0.4651
vt 0.67 0.2791
vt 0.47 0.2326
vt 0.44 0.2151
vt 0.47 0.2151
vt 0.8 0.2326
vt 0.61 0.3372
vt 0.64 0.3488
vt 0.61 0.3488
vt 0.64 0.314
vt 0.98 0.3605
vt 0.94 0.3605
vt 0.92 0.343
vt 0.4 0.0698
vt 0.44 0.093
vt 0.4 0.093
vt 0.44 0.0698
vt 0.68 0.3953
vt 0.72 0.2209
vt 0.64 0.2209
vt 0.68 0.2384
vt 0.64 0.2384
vt 0.68 0.2035
vt 0.64 0.2035
vt 0.68 0.2791
vt 0.62 0.3953
vt 0.1 0.4767
vt 0.13 0.4767
vt 0.96 0.2907
vt 1 0.0698
vt 0.72 0.3372
vt 0.13 0.3953
vt 0.1 0.3721
vt 0.13 0.3721
vt 0.16 0.3953
vt 0 0.4128
vt 0.88 0.3256
vt 0.88 0.3721
vt 0.84 0.3488
vt 0.88 0.3488
vt 0.8 0.3721
vt 0.76 0.3488
vt 0.8 0.3488
vt 0.56 0.2209
vt 0.28 0.2791
vt 0.32 0.3023
vt 0.14 0.1628
vt 0.94 0.093
vt 0.76 0.093
vt 0.76 0.1163
vt 0.32 0.2558
vt 0.28 0.2558
vt 0.64 0.093
vt 0.9 0.093
vt 0.88 0.093
vt 0.71 0.1105
vt 0.66 0.1279
vt 0.65 0.1105
vt 0.7 0.1279
vt 0.37 0.1279
vt 0.545 0.1279
vt 0.54 0.1366
vt 0.51 0.1279
vt 0.48 0.0233
vt 0.48 0
vt 0.48 0.0465
vt 0.32 0.0465
vt 0.28 0.0233
vt 0.14 0.3488
vt 0.105 0.3721
vt 0.105 0.3488
vt 0.14 0.2558
vt 0.105 0.2558
vt 0.245 0.2558
vt 0.8 0.2558
vt 0.13 0.4186
vt 0.1 0.3953
vt 0.1 0.4419
vt 0.1 0.4186
vt 0.36 0.0233
vt 0.36 0.0465
vt 0.52 0.0465
vt 0.36 0.0698
vt 0.32 0.0698
vt 0.36 0.093
vt 0.32 0.093
vt 0.48 0.0698
vt 0.48 0.093
vt 0.28 0.2326
vt 0.76 0
vt 0.21 0.2558
vt 0.175 0.2791
vt 0.175 0.2558
vt 0.21 0.2093
vt 0.175 0.2326
vt 0.175 0.2093
vt 0.245 0.2326
vt 0.035 0.2558
vt 0.07 0.2791
vt 0.035 0.2791
vt 0.07 0.2093
vt 0.035 0.2326
vt 0.035 0.2093
vt 0.105 0.2326
vt 0.07 0.3488
vt 0.035 0.3721
vt 0.035 0.3488
vt 0.07 0.3023
vt 0.035 0.3256
vt 0.035 0.3023
vt 0.105 0.3256
vt 0.76 0.1628
vt 0.52 0.0233
vt 0.505 0.1453
vt 0.535 0.1541
vt 0.53 0.1628
vt 0.5 0.1628
vt 0.475 0.1279
vt 0.515 0.1105
vt 0.55 0.1192
vt 0.365 0.1105
vt 0.325 0.1017
vt 0.29 0.1105
vt 0.405 0.1279
vt 0.375 0.1453
vt 0.31 0.1453
vt 0.34 0.1366
vt 0.41 0.1628
vt 0.57 0.1453
vt 0.475 0.1279
vt 0.59 0.1105
vt 0.55 0.1192
vt 0.32 0.3256
vt 0.32 0.2326
vt 0.76 0.2558
vt 0.78 0.1395
vt 0.76 0.1395
vt 0.9 0.1395
vt 0.94 0.1395
vt 0.07 0.1628
vt 0.035 0.186
vt 0.035 0.1628
vt 0.68 0.2209
vt 0.07 0.2558
vt 0.245 0.3256
vt 0.175 0.3256
vt 0.21 0.3488
vt 0.175 0.3488
vt 0.21 0.3023
vt 0.175 0.3023
vt 0.28 0.3256
vt 0.56 0.2558
vt 0.84 0.3721
vt 0.84 0.3953
vt 0.76 0.3721
vt 0.92 0.3721
vt 0.92 0.3488
vt 0.88 0.3953
vt 0.92 0.3256
vt 0.92 0.3023
vt 0.84 0.3256
vt 0.16 0.3721
vt 1 0.0465
vt 0.07 0.186
vt 0.6 0.2791
vt 0.94 0.3081
vt 0.92 0.3081
vt 0.98 0.3256
vt 0.96 0.3081
vt 0.98 0.3081
vt 0.58 0.3488
vt 0.47 0.1977
vt 0.44 0.1802
vt 0.47 0.1802
vt 0.53 0.1977
vt 0.5 0.1802
vt 0.53 0.1802
vt 0.53 0.2326
vt 0.5 0.2151
vt 0.53 0.2151
vt 0.7 0.2791
vt 1 0.3256
vt 1 0.3081
vt 0.47 0.25
vt 0.44 0.2674
vt 0.44 0.25
vt 0.53 0.2674
vt 0.5 0.25
vt 0.53 0.25
vt 0.53 0.2849
vt 0.5 0.3023
vt 0.5 0.2849
vt 0.21 0.061
vt 0.175 0.0814
vt 0.175 0.061
vt 0.21 0.0203
vt 0.175 0.0407
vt 0.175 0.0203
vt 0.28 0.0203
vt 0.245 0.0407
vt 0.245 0.0203
vt 0.76 0.3023
vt 0.52 0
vt 1 0.3953
vt 0.98 0.3779
vt 1 0.3779
vt 0.96 0.3256
vt 0.35 0.1977
vt 0.32 0.1802
vt 0.35 0.1802
vt 0.41 0.1977
vt 0.38 0.1802
vt 0.41 0.1802
vt 0.41 0.2326
vt 0.38 0.2151
vt 0.41 0.2151
vt 0.84 0.0698
vt 0.44 0.5233
vt 0.07 0.061
vt 0.035 0.0814
vt 0.035 0.061
vt 0.07 0.0203
vt 0.035 0.0407
vt 0.035 0.0203
vt 0.14 0.0203
vt 0.105 0.0407
vt 0.105 0.0203
vt 0.07 0.1424
vt 0.035 0.1424
vt 0.07 0.1017
vt 0.035 0.1221
vt 0.035 0.1017
vt 0.14 0.1017
vt 0.105 0.1221
vt 0.105 0.1017
vt 0.44 0.4767
vt 0.46 0.5349
vt 0.14 0.2326
vt 0.78 0.093
vt 0.405 0.1279
vt 0.94 0.3779
vt 0.92 0.3953
vt 0.92 0.3779
vt 0.64 0.3372
vt 0.98 0.3953
vt 0.96 0.3779
vt 0.21 0.1424
vt 0.175 0.1628
vt 0.175 0.1424
vt 0.21 0.1017
vt 0.175 0.1221
vt 0.175 0.1017
vt 0.28 0.1017
vt 0.245 0.1221
vt 0.245 0.1017
vt 0.21 0.2326
vt 0.21 0.186
vt 0.175 0.186
vt 0.96 0.3953
vt 0.35 0.2674
vt 0.32 0.25
vt 0.35 0.25
vt 0.41 0.25
vt 0.38 0.2674
vt 0.38 0.25
vt 0.41 0.2849
vt 0.38 0.3023
vt 0.38 0.2849
vt 0.52 0.0698
vt 1 0.093
vt 0.21 0.1628
vt 0.175 0.3721
vt 0.32 0.2791
vt 0.21 0.3256
vt 0.21 0.2791
vt 0.14 0.3256
vt 0.14 0.2791
vt 0.14 0.3721
vt 0.44 0.1279
vt 0.44 0.1279
vt 0.41 0.2674
vt 0.41 0.3023
vt 0.38 0.2326
vt 0.44 0.2326
vt 0.21 0.1221
vt 0.21 0.0814
vt 0.28 0.0814
vt 0.14 0.1221
vt 0.14 0.0814
vt 0.92 0.3605
vt 0.07 0.3256
vt 0 0.3256
vt 0 0.2791
vt 0 0.3023
vt 0.07 0.3721
vt 0 0.3488
vt -0 0.3721
vt 0.07 0.2326
vt 0 0.2093
vt 0 0.2326
vt 0 0.2558
vt 0.28 0.0465
vt 0.21 0.3721
vt -0 0.1628
vt -0 0.186
vt 0.58 0.1279
vt 0.07 0.1221
vt 0.07 0.0814
vt 0 0.1221
vt 0 0.1017
vt 0 0.0814
vt 0 0.1424
vt 0.07 0.0407
vt 0.105 0
vt 0.07 0
vt 0.14 0
vt 0 0.0407
vt 0 0.0203
vt 0.035 0
vt -0 -0
vt 0 0.061
vt 0.38 0.1977
vt 0.44 0.1977
vt 0.44 0.1628
vt 0.47 0.1628
vt 0.56 0.1628
vt 0.21 0.0407
vt 0.245 0
vt 0.21 0
vt 0.14 0.0407
vt 0.175 0
vt 0.5 0.2674
vt 0.56 0.2849
vt 0.56 0.2674
vt 0.56 0.3023
vt 0.5 0.2326
vt 0.56 0.25
vt 0.56 0.2326
vt 0.47 0.2674
vt 0.5 0.1977
vt 0.56 0.2151
vt 0.56 0.1977
vt 0.56 0.1802
vt 0.28 0.0698
vt 0.28 0.093
vt 0.36 0
vt 0.94 0.3256
vt 0.47 0.3023
vt 0.28 0.0407
vt 0.32 0.1977
vt 0.94 0.3953
vt 0.28 0.1221
vt 0.32 0.2674
vt 0.56 0.3953
vt 0.76 0.0465
vt 0.9 0.0465
vt -0 0.4651
vt 0.44 0.3605
vt 0.32 0.4186
vt 1 0.1395
vt 0.32 0.3023
vt 0.92 0.2326
vt 1 0.2326
vt 0.56 0.2907
vt 0.7 0.3372
vt 0.74 0.4186
vt 0.96 0.4419
vt 0.34 0.4419
vt 0 0.5349
vt 0.2 0.4767
vt 0.2 0.4302
vt 0.76 0.3953
vt 0.53 0.3023
s 1
f 2624/2450 2765/2451 2996/2452
f 2771/2453 2374/2454 2367/2455
f 3095/2456 2495/2457 3159/2458
f 2356/2459 2551/2460 2648/2461
f 2291/2462 2484/2463 2481/2464
f 2569/2465 2563/2466 2708/2467
f 3042/2468 2481/2469 3157/2470
f 3173/2471 2311/2472 3219/2473
f 2988/2474 2875/2475 2612/2476
f 2370/2477 2658/2478 2375/2479
f 3238/2473 3201/2480 3528/2481
f 2353/2482 2547/2483 2644/2484
f 2495/2485 2721/2475 2981/2474
f 2898/2486 2387/2487 2729/2488
f 2978/2474 2877/2475 2614/2476
f 3280/2489 2302/2490 3215/2491
f 3044/2468 2483/2469 3149/2470
f 3426/2492 2843/2493 3098/2494
f 2506/2495 3423/2496 3274/2497
f 2504/2495 3420/2496 3272/2497
f 2792/2498 2571/2499 2966/2500
f 2739/2501 2306/2502 2740/2503
f 2738/2503 2741/2501 2307/2502
f 2742/2501 2308/2502 2734/2503
f 2735/2503 2737/2501 2309/2502
f 3217/2468 2477/2469 3141/2470
f 2855/2504 2368/2505 2786/2506
f 2297/2462 2485/2463 2483/2464
f 2320/2507 3059/2508 3100/2509
f 3237/2471 2317/2472 3185/2473
f 2288/2510 2477/2464 2610/2463
f 2448/2511 2830/2512 2826/2513
f 2893/2514 2370/2515 2773/2516
f 2894/2517 2363/2518 2767/2519
f 2326/2520 3218/2521 3239/2522
f 2899/2523 2797/2524 3031/2525
f 2325/2507 2327/2526 2322/2527
f 3063/2521 3054/2509 3527/2528
f 2318/2527 2323/2507 2328/2526
f 2323/2507 3049/2508 3051/2509
f 2319/2507 2329/2526 2321/2527
f 2324/2527 2320/2507 2326/2526
f 2863/2529 2449/2530 2827/2531
f 2655/2532 2376/2533 2653/2534
f 2897/2535 2792/2498 3029/2536
f 2336/2537 2759/2538 2528/2539
f 2530/2540 2335/2541 2524/2542
f 2765/2451 2333/2543 2766/2544
f 2579/2545 2401/2546 2397/2547
f 2774/2548 2427/2549 2850/2550
f 2627/2551 2437/2552 2531/2553
f 2419/2554 2539/2555 2669/2556
f 2634/2557 2420/2558 2538/2559
f 2854/2560 2365/2561 2782/2562
f 2418/2563 2541/2564 2542/2565
f 2412/2566 2582/2567 2589/2568
f 3060/2522 2325/2507 3063/2521
f 2355/2569 2546/2570 2643/2571
f 2471/2572 2833/2573 2867/2574
f 3102/2522 2319/2507 3064/2521
f 2359/2482 2549/2483 2646/2484
f 2797/2524 2388/2575 2798/2576
f 2872/2577 2826/2513 3028/2578
f 2352/2579 2545/2580 2642/2581
f 3064/2521 3053/2509 3526/2528
f 2360/2582 2552/2583 2649/2584
f 2358/2579 2553/2580 2650/2581
f 3093/2468 2479/2469 3131/2470
f 3236/2585 3196/2586 3525/2587
f 2372/2588 2557/2589 2365/2590
f 2409/2591 3078/2592 3082/2593
f 2611/2457 3217/2468 3254/2458
f 2856/2594 2376/2595 2783/2596
f 2767/2519 2362/2597 2784/2598
f 3062/2521 2328/2520 2323/2507
f 3062/2521 3051/2509 3524/2528
f 2362/2599 2561/2600 2371/2601
f 2594/2602 2443/2603 2532/2604
f 2282/2510 2479/2464 2609/2463
f 2896/2498 2570/2499 2930/2500
f 2587/2605 2412/2566 2589/2568
f 2570/2606 2802/2607 2929/2608
f 2858/2498 2567/2499 2926/2500
f 3240/2609 3061/2522 3523/2610
f 2354/2582 2544/2583 2641/2584
f 2410/2611 2587/2612 2588/2613
f 2406/2614 3082/2593 3080/2615
f 2848/2573 2336/2537 2769/2616
f 2350/2459 2543/2460 2640/2461
f 2668/2617 2400/2618 2577/2619
f 2595/2620 2439/2621 2438/2622
f 2667/2623 2762/2624 2921/2625
f 2629/2626 2535/2627 2684/2628
f 2762/2624 2396/2629 2808/2630
f 2901/2631 2395/2632 2726/2633
f 2409/2591 2407/2634 2408/2635
f 2675/2636 2456/2588 2604/2637
f 3078/2592 2407/2638 3084/2639
f 2683/2640 2428/2641 2540/2642
f 3094/2456 2492/2457 3115/2458
f 2915/2474 2840/2475 2616/2476
f 2588/2613 2413/2643 2410/2611
f 2595/2620 2441/2644 2596/2645
f 2507/2495 3397/2496 3242/2497
f 2533/2646 2436/2647 2433/2648
f 2590/2649 2415/2650 2414/2651
f 2633/2652 2538/2559 2680/2653
f 2679/2654 2422/2655 2592/2656
f 2591/2657 2427/2658 2426/2659
f 2533/2646 2432/2660 2532/2661
f 2531/2553 2436/2647 2593/2662
f 2596/2645 2440/2663 2594/2602
f 2677/2664 2464/2665 2606/2666
f 2860/2513 2389/2667 2799/2512
f 2387/2668 2794/2531 2861/2529
f 2357/2669 2550/2670 2647/2671
f 2676/2672 2460/2673 2605/2664
f 2454/2674 2603/2675 2602/2590
f 2351/2669 2548/2670 2645/2671
f 2475/2676 2468/2677 2469/2678
f 2904/2679 2446/2680 2868/2681
f 2903/2682 2448/2511 2872/2577
f 2773/2516 2375/2683 2834/2684
f 2361/2569 2554/2570 2651/2571
f 2591/2657 2633/2652 2680/2653
f 2444/2472 2593/2662 2445/2685
f 3122/2686 3251/2687 3522/2688
f 2394/2689 2577/2619 2399/2690
f 2602/2590 2604/2637 2456/2588
f 2645/2671 2344/2691 2350/2459
f 3521/2692 2520/2693 3252/2694
f 3116/2695 2491/2696 3067/2697
f 2907/2698 2674/2699 2603/2675
f 2603/2675 2866/2700 2457/2701
f 2720/2702 2664/2703 2576/2704
f 2691/2705 3174/2697 3253/2695
f 2673/2706 2905/2643 2674/2699
f 3121/2707 3066/2708 3520/2709
f 2371/2601 2660/2710 2370/2477
f 2467/2711 2606/2666 2465/2712
f 2640/2461 2349/2713 2355/2569
f 2890/2714 2638/2715 2637/2716
f 2635/2717 2851/2718 2419/2719
f 2909/2720 2853/2721 2639/2722
f 2908/2723 2537/2724 2909/2720
f 2424/2725 2590/2649 2425/2726
f 2404/2727 2582/2567 2588/2613
f 3104/2728 2682/2705 3116/2695
f 2917/2729 2496/2730 2290/2731
f 3115/2458 2291/2732 3042/2468
f 3069/2733 2520/2693 3083/2734
f 2900/2735 2572/2736 2778/2737
f 2916/2738 2616/2476 2879/2739
f 2930/2500 2570/2499 2380/2740
f 3382/2741 2715/2742 3036/2743
f 2931/2608 2661/2744 2689/2745
f 2785/2746 2555/2747 2782/2562
f 2442/2748 2593/2662 2533/2646
f 2417/2749 2680/2653 2537/2750
f 2641/2584 2347/2751 2353/2752
f 2603/2675 2457/2701 2604/2637
f 2529/2753 2624/2450 2336/2537
f 2888/2754 2330/2676 2335/2541
f 3117/2755 3069/2733 3519/2756
f 2864/2488 2601/2757 2831/2486
f 2419/2719 2636/2758 2635/2717
f 3118/2759 3247/2760 3518/2761
f 2424/2762 2630/2763 2629/2764
f 2425/2765 2912/2766 2630/2763
f 2534/2673 2890/2714 2637/2716
f 2428/2641 2632/2767 2540/2642
f 2429/2768 2911/2769 2632/2767
f 2592/2770 2889/2771 2631/2772
f 2416/2773 2591/2657 2417/2749
f 2414/2774 2635/2717 2636/2758
f 2415/2775 2910/2776 2635/2717
f 2851/2718 2852/2777 2419/2719
f 2891/2778 2908/2723 2638/2715
f 2541/2564 2892/2779 2639/2722
f 2927/2608 2687/2745 2566/2780
f 2609/2463 2295/2462 2290/2731
f 2401/2546 2921/2625 2862/2781
f 2666/2782 2920/2783 2901/2631
f 2834/2684 2657/2784 2556/2785
f 3127/2786 3176/2787 3517/2788
f 2585/2789 3071/2790 3092/2791
f 2628/2792 2534/2793 2415/2650
f 2435/2658 2627/2551 2595/2620
f 2683/2640 2423/2794 2539/2555
f 2418/2563 2683/2640 2539/2555
f 2542/2565 2634/2557 2683/2640
f 2533/2646 2443/2795 2442/2748
f 2625/2796 2763/2797 2887/2798
f 2473/2799 2470/2800 2471/2572
f 2653/2534 2654/2801 2369/2802
f 2368/2505 2654/2801 2377/2803
f 2588/2613 2402/2804 2404/2727
f 2655/2532 2557/2589 2373/2805
f 2402/2806 2589/2568 2403/2807
f 2596/2645 2431/2652 2430/2808
f 2308/2809 3367/2492 3235/2494
f 2435/2658 2596/2645 2430/2808
f 3364/2810 2913/2811 3113/2812
f 2489/2485 2915/2474 2917/2729
f 2407/2813 3080/2615 3084/2814
f 2658/2478 2659/2815 2375/2479
f 2374/2454 2659/2815 2367/2455
f 3131/2470 2287/2816 3034/2743
f 2660/2710 2561/2600 2363/2817
f 2865/2576 2597/2818 2825/2524
f 2602/2590 2603/2675 2604/2637
f 2421/2819 2639/2722 2853/2721
f 2365/2590 2655/2532 2364/2820
f 2377/2803 2653/2534 2376/2533
f 2852/2777 2892/2779 2419/2719
f 2931/2608 2689/2745 2569/2780
f 2431/2652 2532/2604 2432/2821
f 2300/2822 3254/2458 3234/2456
f 2419/2554 2679/2654 2636/2823
f 2463/2824 2605/2664 2461/2711
f 2927/2608 2662/2744 2687/2745
f 2788/2825 2556/2785 2783/2596
f 2651/2571 2342/2826 2360/2582
f 2928/2827 2564/2744 2790/2498
f 3230/2828 3248/2829 3516/2830
f 2926/2500 2567/2499 2381/2740
f 2563/2780 2688/2831 2928/2827
f 2380/2832 2570/2606 2929/2608
f 3515/2833 2619/2834 3258/2835
f 2636/2823 2590/2649 2414/2651
f 2590/2649 2592/2656 2425/2726
f 2617/2836 3253/2695 3224/2728
f 2367/2455 2658/2478 2366/2837
f 2586/2838 3070/2839 3079/2840
f 2912/2766 2631/2772 2630/2763
f 2910/2776 2637/2716 2635/2717
f 2632/2767 2750/2841 2423/2794
f 2911/2769 2536/2842 2632/2767
f 2427/2549 2629/2764 2630/2763
f 2849/2843 2530/2540 2332/2661
f 2633/2844 2774/2548 2536/2842
f 2423/2794 2540/2642 2632/2767
f 2337/2845 2529/2753 2333/2846
f 2630/2763 2850/2550 2427/2549
f 2684/2628 2416/2847 2534/2793
f 2680/2653 2420/2558 2537/2750
f 2647/2671 2338/2691 2356/2459
f 2424/2725 2684/2628 2628/2792
f 2862/2781 2580/2679 2806/2848
f 2454/2674 2907/2698 2603/2675
f 3128/2849 3257/2850 3514/2851
f 2459/2852 2604/2637 2457/2701
f 2803/2853 2581/2854 2816/2855
f 2685/2856 2803/2853 2920/2783
f 2584/2857 3092/2791 3070/2839
f 2583/2858 3079/2859 3071/2790
f 2660/2710 2366/2837 2658/2478
f 3132/2860 2478/2861 3043/2862
f 3132/2860 2608/2696 2693/2863
f 2650/2581 2339/2864 2357/2669
f 2649/2584 2341/2751 2359/2752
f 3133/2707 3091/2708 3513/2709
f 3134/2686 3263/2687 3512/2688
f 3076/2734 3264/2694 3511/2692
f 2642/2581 2345/2864 2351/2669
f 2948/2865 2869/2523 3011/2525
f 2949/2866 2950/2867 3010/2868
f 2831/2486 2951/2869 3009/2870
f 2795/2681 2575/2871 2716/2679
f 2646/2484 2340/2872 2358/2579
f 3112/2733 2522/2693 3076/2734
f 2678/2873 2873/2798 2906/2874
f 2643/2571 2348/2826 2354/2582
f 3072/2733 2521/2693 3081/2734
f 2589/2568 2405/2875 2403/2807
f 2421/2819 2542/2565 2541/2564
f 2893/2876 2555/2747 2784/2598
f 2428/2641 2538/2559 2429/2821
f 2669/2556 2423/2794 2422/2655
f 2439/2621 2531/2553 2444/2472
f 2750/2841 2631/2772 2889/2771
f 2396/2877 2667/2623 2579/2545
f 2712/2878 2526/2879 2743/2880
f 2530/2540 2334/2881 2332/2661
f 2529/2753 2770/2882 2333/2846
f 3008/2883 2565/2744 2807/2607
f 3007/2884 2696/2885 2954/2886
f 3006/2887 2662/2888 2955/2889
f 2364/2820 2653/2534 2369/2802
f 2870/2737 2670/2890 2599/2736
f 2510/2891 3038/2892 3066/2708
f 3137/2707 3057/2708 3510/2709
f 3138/2686 3267/2687 3509/2688
f 3081/2734 3268/2694 3508/2692
f 2960/2867 2795/2681 3002/2868
f 2961/2869 2962/2866 3001/2870
f 2860/2513 2963/2865 3000/2578
f 2622/2893 3193/2734 3229/2733
f 2855/2504 2558/2894 2785/2746
f 2652/2895 2788/2825 2854/2896
f 2869/2523 2600/2704 2871/2702
f 2610/2463 2292/2462 2296/2731
f 3227/2897 2513/2891 3182/2898
f 2621/2891 3035/2892 3110/2708
f 2483/2464 2286/2510 2289/2899
f 2771/2453 2656/2900 2559/2901
f 3141/2470 2284/2816 3167/2743
f 3142/2860 2476/2861 3161/2862
f 3174/2697 2699/2863 3142/2860
f 2823/2902 2501/2903 2822/2904
f 2507/2905 2821/2904 2719/2902
f 2805/2904 2506/2905 2503/2903
f 2804/2902 2505/2903 2772/2904
f 2966/2500 2571/2499 2379/2740
f 2967/2608 2700/2745 2562/2780
f 2967/2608 2565/2744 2700/2745
f 3325/2741 2717/2742 3037/2743
f 3322/2810 2968/2811 3143/2812
f 2306/2809 3319/2492 3196/2494
f 3316/2741 2713/2742 3034/2743
f 3313/2810 2970/2811 3145/2812
f 2307/2809 3310/2492 3214/2494
f 3307/2496 2972/2906 3147/2497
f 3167/2743 3304/2741 2722/2742
f 3276/2907 3301/2908 2973/2909
f 3149/2470 2289/2816 3037/2743
f 3150/2860 2482/2861 3075/2862
f 3088/2697 2704/2863 3150/2860
f 3279/2910 2490/2836 3169/2911
f 2608/2696 3279/2910 3221/2912
f 3231/2913 2486/2914 3280/2489
f 2492/2485 2978/2474 2980/2729
f 2979/2738 2614/2476 2838/2739
f 2980/2729 2493/2730 2293/2731
f 2859/2577 2574/2502 2796/2682
f 2486/2730 2983/2729 2982/2738
f 2982/2738 2487/2476 2736/2739
f 2297/2462 2495/2485 2983/2729
f 2644/2484 2346/2872 2352/2579
f 3153/2915 3186/2916 3507/2917
f 3154/2918 3283/2686 3506/2919
f 3505/2920 2621/2891 3284/2707
f 2611/2485 2988/2474 2990/2729
f 2989/2738 2612/2476 2836/2739
f 2990/2729 2488/2730 2296/2731
f 3184/2897 2512/2891 3181/2898
f 3157/2470 2283/2816 3036/2743
f 3158/2860 2480/2861 3085/2862
f 3067/2697 2707/2863 3158/2860
f 2708/2467 2378/2832 2562/2780
f 2379/2740 2708/2467 2562/2780
f 2566/2921 2569/2465 2708/2467
f 2481/2464 2285/2510 2283/2899
f 2648/2461 2343/2713 2361/2569
f 3159/2458 2297/2732 3044/2468
f 3160/2695 2494/2696 3088/2697
f 3105/2728 2709/2705 3160/2695
f 2786/2506 2657/2784 2559/2901
f 2995/2922 2525/2923 2712/2878
f 2527/2924 2995/2922 2763/2797
f 2336/2537 2996/2452 2769/2616
f 2769/2616 2710/2925 2527/2924
f 2335/2541 2995/2922 2524/2542
f 2524/2542 2712/2878 2334/2881
f 2368/2505 2856/2594 2786/2506
f 3233/2491 2994/2926 3288/2489
f 3288/2489 2820/2927 3216/2913
f 3287/2910 2728/2928 3172/2912
f 3195/2913 2992/2929 3286/2930
f 3286/2930 2817/2931 3213/2932
f 3285/2933 2715/2742 3164/2934
f 3056/2508 2748/2935 3053/2509
f 2488/2730 2836/2739 2304/2936
f 2990/2729 2989/2738 2488/2730
f 2990/2729 2988/2474 2989/2738
f 2988/2474 2612/2476 2989/2738
f 3289/2937 3156/2938 3504/2939
f 3290/2940 3291/2941 3503/2942
f 3502/2528 2845/2935 3292/2943
f 3501/2944 2986/2945 3155/2946
f 3294/2947 3295/2948 3500/2949
f 3282/2694 3296/2950 3499/2692
f 3297/2951 3058/2952 3498/2953
f 3298/2954 3299/2955 3497/2956
f 3281/2687 3300/2957 3496/2688
f 2486/2730 2736/2739 2302/2936
f 2982/2738 2981/2474 2487/2476
f 2982/2738 2983/2729 2981/2474
f 2983/2729 2495/2485 2981/2474
f 2393/2511 2796/2682 2389/2958
f 2493/2730 2838/2739 2301/2936
f 2980/2729 2979/2738 2493/2730
f 2980/2729 2978/2474 2979/2738
f 2978/2474 2614/2476 2979/2738
f 2874/2927 3152/2695 3103/2697
f 2835/2928 3151/2458 3093/2468
f 2976/2959 3041/2456 3151/2458
f 3216/2913 2975/2929 3278/2930
f 3278/2930 2793/2931 3203/2932
f 3277/2933 2717/2742 3165/2934
f 2973/2909 3301/2908 3303/2960
f 3302/2961 3236/2962 2882/2963
f 3148/2964 2973/2909 3303/2960
f 2722/2742 3304/2741 3306/2965
f 3305/2966 3276/2907 2973/2909
f 3039/2934 2722/2742 3306/2965
f 2711/2931 3309/2967 3308/2968
f 2823/2969 3033/2932 3308/2968
f 3309/2967 3275/2970 2972/2906
f 2818/2493 3310/2492 3312/2971
f 2741/2972 3274/2497 3311/2973
f 3086/2974 2818/2493 3312/2971
f 2734/2975 3314/2961 3313/2810
f 3047/2962 2732/2963 3314/2961
f 3315/2960 3273/2976 2970/2811
f 2821/2977 3317/2978 3316/2741
f 3145/2812 2970/2811 3317/2978
f 3318/2965 3162/2934 2713/2742
f 2776/2493 3319/2492 3321/2971
f 2739/2972 3272/2497 3320/2973
f 3068/2974 2776/2493 3321/2971
f 2738/2975 3323/2961 3322/2810
f 3048/2962 2733/2963 3323/2961
f 3324/2960 3271/2976 2968/2811
f 2805/2977 3326/2978 3325/2741
f 3143/2812 2968/2811 3326/2978
f 3327/2965 3165/2934 2717/2742
f 2568/2606 2807/2607 2967/2608
f 2804/2902 2284/2899 2288/2510
f 2286/2510 2805/2904 2289/2899
f 2719/2902 2287/2899 2282/2510
f 2285/2510 2822/2904 2283/2899
f 3046/2913 2965/2929 3270/2930
f 3270/2930 2711/2931 3033/2932
f 3269/2933 2722/2742 3039/2934
f 2367/2455 2894/2517 2771/2453
f 3238/2473 2714/2979 3163/2471
f 3054/2509 2844/2980 2749/2935
f 2869/2523 2451/2921 2447/2981
f 2854/2896 2373/2982 2372/2983
f 2369/2984 2785/2746 2364/2985
f 2846/2986 3065/2987 3101/2988
f 3000/2578 2698/2989 2961/2869
f 2859/2577 2961/2869 2663/2757
f 2393/2511 3000/2578 2859/2577
f 3001/2870 2572/2736 2794/2531
f 2898/2486 2794/2531 2392/2530
f 2663/2757 3001/2870 2898/2486
f 3002/2868 2391/2680 2778/2737
f 2572/2736 3002/2868 2778/2737
f 2698/2989 3002/2868 2962/2866
f 3328/2950 3140/2918 3495/2919
f 3329/2948 3330/2990 3494/2944
f 3209/2987 3331/2947 3493/2949
f 3332/2957 3139/2915 3492/2917
f 3333/2955 3334/2951 3491/2953
f 3266/2946 3335/2954 3490/2956
f 3336/2991 3185/2473 3489/2481
f 3337/2992 3338/2993 3488/2994
f 3265/2938 3339/2995 3487/2996
f 2768/2997 3166/2471 3194/2473
f 2450/2998 2870/2737 2446/2680
f 2953/2999 2955/2889 2696/2885
f 2661/3000 3006/2887 2953/2999
f 2857/2713 2858/3001 3006/2887
f 2802/3002 2954/2886 2564/3003
f 2382/2751 3007/2884 2802/3002
f 2661/3000 3007/2884 2896/3004
f 2790/3005 2807/2607 2383/3006
f 2564/3003 3008/2883 2790/3005
f 2954/2886 2952/3007 3008/2883
f 2334/2881 2743/2880 2332/3008
f 2423/2794 2889/2771 2422/2482
f 2893/2876 2362/2597 2371/3009
f 3200/2988 2812/3010 3209/2987
f 2906/2874 2469/2678 2468/2677
f 3240/2988 2800/3010 3204/2987
f 2391/2680 2716/2679 2386/3011
f 3009/2870 2695/2989 2949/2866
f 2827/2531 2949/2866 2599/2736
f 2449/2530 3009/2870 2827/2531
f 3010/2868 2597/2818 2868/2681
f 2870/2737 2868/2681 2446/2680
f 2599/2736 3010/2868 2870/2737
f 3011/2525 2447/2981 2825/2524
f 2950/2867 2825/2524 2597/2818
f 2695/2989 3011/2525 2950/2867
f 3340/2950 3136/2918 3486/2919
f 3341/2948 3342/2990 3485/2944
f 3204/2987 3343/2947 3484/2949
f 3344/2957 3135/2915 3483/2917
f 3345/2955 3346/2951 3482/2953
f 3262/2946 3347/2954 3481/2956
f 3348/2991 3219/2473 3480/2481
f 3349/2992 3350/2993 3479/2994
f 3261/2938 3351/2995 3478/2996
f 3260/2930 2874/2927 2943/2929
f 3260/2930 2727/2931 3171/2932
f 3199/3012 2810/3005 3207/3013
f 2779/3014 3220/3015 3198/3016
f 2920/2783 2399/2690 2577/2619
f 2399/2690 2816/2855 2394/3017
f 3352/3018 3129/3019 3477/3020
f 3353/3021 3354/3022 3476/3023
f 3256/3024 3355/3025 3475/3026
f 2401/2546 2806/2848 2397/3027
f 2810/3028 3198/3016 3207/3029
f 3096/2491 2936/2926 3125/2489
f 3474/3030 2941/3031 3130/3032
f 3357/3033 3358/3034 3473/3035
f 3472/3036 2843/3037 3359/3038
f 3360/3039 3120/3040 3471/3041
f 3361/3042 3362/3043 3470/3044
f 3102/3045 3363/3046 3469/3047
f 2568/2499 2790/2498 2383/3048
f 2373/2982 2783/2596 2376/2595
f 2571/2606 2897/2607 2927/2608
f 2880/3049 3126/2910 3106/2911
f 2639/2722 2852/2777 2638/2715
f 2451/2575 2825/2524 2447/2981
f 3259/2933 2713/2742 3162/2934
f 2815/3050 3208/3051 3212/3052
f 2917/2729 2916/2738 2496/2730
f 2917/2729 2915/2474 2916/2738
f 2915/2474 2616/2476 2916/2738
f 2735/2975 3365/2961 3364/2810
f 3097/2962 2842/2963 3365/2961
f 3366/2960 3241/2976 2913/2811
f 2881/2493 3367/2492 3369/2971
f 2742/2972 3242/2497 3368/2973
f 3107/2974 2881/2493 3369/2971
f 2887/2798 2335/2541 2330/2678
f 2832/3053 3199/3012 3220/3015
f 3370/3054 3048/3055 3468/3056
f 3371/3057 3372/3058 3467/3059
f 3255/3060 3373/3061 3466/3062
f 2375/2683 2895/3063 2834/2684
f 2901/2631 2577/2619 2400/2618
f 2862/2781 2685/2856 2666/2782
f 2537/2724 2891/2778 2417/3064
f 2637/2716 2852/2777 2851/2718
f 3374/3065 3119/3066 3465/3067
f 3375/3068 3376/3069 3464/3070
f 3246/3071 3377/3072 3463/3073
f 2453/2487 2831/2486 2449/2530
f 3378/3074 3197/2988 3462/3075
f 3379/3076 3380/3077 3461/3078
f 3245/3079 3381/3080 3460/3081
f 2364/2985 2782/2562 2365/2561
f 2567/2606 2857/2607 2931/2608
f 2822/2977 3383/2978 3382/2741
f 3113/2812 2913/2811 3383/2978
f 3384/2965 3164/2934 2715/2742
f 2496/2730 2879/2739 2298/2936
f 2900/2735 2391/2680 2386/2998
f 3197/2988 2814/3010 3211/2987
f 3243/2910 2725/2928 3170/2912
f 3232/2491 2919/2926 3244/2489
f 2638/2715 2909/2720 2639/2722
f 2420/3082 2909/2720 2537/2724
f 2416/3083 2891/2778 2890/2714
f 3385/2991 3194/2473 3459/2481
f 3386/2992 3387/2993 3458/2994
f 3249/2938 3388/2995 3457/2996
f 2936/2926 3046/2913 3125/2489
f 2390/2981 2720/2702 2388/2921
f 3244/2489 2775/2927 3195/2913
f 3456/2919 2935/3084 3124/2918
f 3390/2948 3391/2990 3455/2944
f 3454/2949 2814/3010 3392/2947
f 3393/2957 3123/2915 3453/2917
f 3394/2955 3395/2951 3452/2953
f 3250/2946 3396/2954 3451/2956
f 2560/3085 2834/2684 2556/2785
f 2671/2502 2872/2577 2601/2757
f 2672/2871 2868/2681 2597/2818
f 2665/2890 2794/2531 2572/2736
f 2576/2704 2860/2513 2799/2512
f 2914/2906 3397/2496 3399/2967
f 2719/2969 3213/2932 3398/2968
f 3114/3086 2914/2906 3399/2967
f 2489/2485 2840/2475 2915/2474
f 3222/2911 2918/2959 3243/2910
f 3206/3087 2815/3088 3212/3089
f 2666/2782 2726/2633 2580/2679
f 2578/3090 2808/2630 2581/2854
f 2921/2625 2578/3090 2685/2856
f 2625/2796 2769/2616 2527/2924
f 2811/3091 3210/3092 3208/3051
f 3400/3093 3189/3094 3450/3095
f 3401/3096 3402/3097 3449/3098
f 3112/3099 3403/3100 3448/3101
f 2662/2744 2926/2500 2687/2745
f 2929/2608 2564/2744 2688/2831
f 2661/2744 2930/2500 2689/2745
f 3447/2920 2746/2935 3179/2898
f 3446/2939 3025/3102 3406/2937
f 3445/2942 2758/3103 3407/2940
f 3189/3094 2758/3103 3190/3104
f 2558/2894 2784/2598 2555/2747
f 2657/2784 2783/2596 2556/2785
f 2937/2959 3089/2912 3126/2910
f 2813/3105 3206/3087 3210/3092
f 3408/3106 3068/3107 3444/3108
f 3443/3109 3026/3110 3410/3111
f 3442/3112 2882/3113 3411/3114
f 3259/2933 2835/2928 2942/3115
f 3412/2943 3181/2898 3441/2920
f 3413/2941 3414/2937 3440/2939
f 3439/2942 2761/3103 3415/2940
f 3028/2578 2598/2703 2948/2865
f 2951/2869 2948/2865 2695/2989
f 2601/2757 3028/2578 2951/2869
f 2573/2818 2798/2576 2575/2871
f 3230/3094 2761/3103 3192/3104
f 2867/2574 2607/2796 2678/2873
f 3188/3094 2760/3103 3191/3104
f 2652/3116 2782/2562 2555/2747
f 2536/2842 2850/2550 2631/2772
f 2525/2923 2766/2544 2526/2879
f 2952/3007 2792/2498 2565/2744
f 2696/2885 3029/2536 2952/3007
f 2955/2889 2897/2535 3029/2536
f 2599/2736 2863/2529 2827/2531
f 2746/2935 3177/2897 3179/2898
f 3416/2943 3182/2898 3438/2920
f 3417/2941 3418/2937 3437/2939
f 3191/3104 3419/2940 3436/2942
f 3031/2525 2573/2818 2960/2867
f 2963/2865 2960/2867 2698/2989
f 2664/2703 3031/2525 2963/2865
f 2885/3117 3090/3104 3111/3094
f 2656/2900 2767/2519 2558/2894
f 2652/2895 2773/2516 2560/3085
f 2598/2703 2830/2512 2600/2704
f 3109/2892 2753/2997 3057/2708
f 2845/2935 3187/2897 3228/2898
f 2656/2900 2786/2506 2559/2901
f 3089/2912 2964/3115 3269/2933
f 2502/2905 2735/2503 2501/2903
f 2742/2501 2500/2903 2507/2905
f 2503/2903 2741/2501 2738/2503
f 2739/2501 2505/2903 2504/2905
f 2565/2744 2966/2500 2700/2745
f 2969/2906 3420/2496 3422/2967
f 2804/2969 3203/2932 3421/2968
f 3144/3086 2969/2906 3422/2967
f 2971/2906 3423/2496 3425/2967
f 2789/2969 3171/2932 3424/2968
f 3146/3086 2971/2906 3425/2967
f 2972/2906 3428/2971 3427/2973
f 2737/2972 3147/2497 3427/2973
f 3428/2971 3226/2974 2843/2493
f 3172/2912 2974/3115 3277/2933
f 2977/2926 3087/2728 3152/2695
f 2492/2485 2877/2475 2978/2474
f 2663/2757 2729/2488 2574/2502
f 2487/2476 2981/2474 2721/2475
f 3429/2993 3073/3118 3435/2994
f 3430/2995 3431/2992 3434/2996
f 3110/2708 3432/2991 3433/2709
f 2611/2485 2875/2475 2988/2474
f 3045/2892 2829/2997 3091/2708
f 3170/2912 2991/3115 3285/2933
f 3223/2911 2993/2959 3287/2910
f 2559/2901 2895/3063 2771/2453
f 2996/2452 2525/2923 2710/2925
f 2615/2836 3287/2910 2709/2705
f 2491/2696 3285/2933 2707/2863
f 2515/3119 3091/2708 2512/2891
f 3433/2709 3032/3120 3430/2995
f 3284/2707 3430/2995 2987/3121
f 3284/2707 3110/2708 3433/2709
f 3434/2996 2984/3122 3281/2687
f 3156/2938 3281/2687 2706/3123
f 2987/3121 3434/2996 3156/2938
f 3435/2994 2516/3124 3153/2915
f 3431/2992 3153/2915 2984/3122
f 3032/3120 3435/2994 3431/2992
f 3152/2695 2490/2836 2705/2705
f 2494/2696 3277/2933 2704/2863
f 3275/2970 3226/2974 3428/2971
f 3275/2970 3428/2971 2972/2906
f 2703/3125 3226/2974 3275/2970
f 2972/2906 3427/2973 3147/2497
f 3427/2973 3426/2492 2737/2972
f 3427/2973 3428/2971 3426/2492
f 3428/2971 2843/2493 3426/2492
f 3146/3086 3425/2967 3043/2862
f 3043/2862 3425/2967 2727/2931
f 3146/3086 2478/2861 2702/3126
f 2727/2931 3424/2968 3171/2932
f 3425/2967 3424/2968 2727/2931
f 3425/2967 3423/2496 3424/2968
f 3423/2496 2789/2969 3424/2968
f 3144/3086 3422/2967 3075/2862
f 3075/2862 3422/2967 2793/2931
f 3144/3086 2482/2861 2701/3126
f 2793/2931 3421/2968 3203/2932
f 3422/2967 3421/2968 2793/2931
f 3422/2967 3420/2496 3421/2968
f 3420/2496 2804/2969 3421/2968
f 2699/2863 3089/2912 3269/2933
f 2621/2891 3187/2897 2517/3119
f 2620/3119 3057/2708 2513/2891
f 2622/2893 3090/3104 2523/2693
f 3436/2942 3030/3102 3417/2941
f 3268/2694 3417/2941 2959/3084
f 3268/2694 3191/3104 3436/2942
f 3437/2939 2956/3121 3265/2938
f 3140/2918 3265/2938 2697/3123
f 2959/3084 3437/2939 3140/2918
f 3438/2920 2513/2891 3137/2707
f 3418/2937 3137/2707 2956/3121
f 3030/3102 3438/2920 3418/2937
f 3179/2898 2508/3119 2510/2891
f 2518/2893 3191/3104 2521/2693
f 2623/2893 3192/3104 2522/2693
f 3439/2942 3027/3102 3413/2941
f 3264/2694 3413/2941 2947/3084
f 2522/2693 3439/2942 3264/2694
f 3261/2938 3414/2937 2944/3121
f 3136/2918 3261/2938 2694/3123
f 2947/3084 3440/2939 3136/2918
f 3441/2920 2512/2891 3133/2707
f 3414/2937 3133/2707 2944/3121
f 3027/3102 3441/2920 3414/2937
f 2693/2863 3221/2912 3259/2933
f 3442/3112 3026/3110 3409/3127
f 3258/2835 3409/3127 2941/3031
f 3258/2835 3108/3128 3442/3112
f 3443/3109 2938/3129 3255/3060
f 2692/3130 3443/3109 3255/3060
f 3130/3032 3409/3127 3443/3109
f 3444/3108 2499/2980 3127/2786
f 3410/3111 3127/2786 2938/3129
f 3026/3110 3444/3108 3410/3111
f 3210/3092 2583/2858 2585/2789
f 3126/2910 2497/2696 2691/2705
f 2519/2893 3190/3104 2520/2693
f 3405/2941 3407/2940 3025/3102
f 2935/3084 3445/2942 3405/2941
f 3252/2694 3190/3104 3445/2942
f 3446/2939 2932/3121 3249/2938
f 3124/2918 3249/2938 2690/3123
f 2935/3084 3446/2939 3124/2918
f 3447/2920 2510/2891 3121/2707
f 3406/2937 3121/2707 2932/3121
f 3406/2937 3404/2943 3447/2920
f 3448/3101 3024/3131 3401/3096
f 3248/2829 3401/3096 2925/3132
f 2623/3133 3448/3101 3248/2829
f 3449/3098 2922/3134 3245/3079
f 3120/3040 3245/3079 2686/3135
f 2925/3132 3449/3098 3120/3040
f 3450/3095 2519/2893 3117/2755
f 3402/3097 3117/2755 2922/3134
f 3024/3131 3450/3095 3402/3097
f 3208/3051 2585/2789 2584/2857
f 2583/2858 3212/3089 2586/3136
f 2613/2836 3243/2910 2682/2705
f 3114/3086 3399/2967 3085/2862
f 3085/2862 3399/2967 2817/2931
f 3114/3086 2480/2861 2681/3126
f 2817/2931 3398/2968 3213/2932
f 3399/2967 3398/2968 2817/2931
f 3399/2967 3397/2496 3398/2968
f 3397/2496 2719/2969 3398/2968
f 3451/2956 3023/3137 3394/2955
f 2883/3138 3451/2956 3394/2955
f 2620/3139 3451/2956 3109/3140
f 3452/2953 2791/3141 3202/2952
f 3237/3142 3202/2952 2314/3143
f 2883/3138 3452/2953 3237/3142
f 3453/2917 2509/3124 3074/2916
f 3395/2951 3074/2916 2791/3141
f 3023/3137 3453/2917 3395/2951
f 3390/2948 3392/2947 3022/3144
f 3099/3145 3390/2948 2844/3146
f 3099/3145 3211/2987 3454/2949
f 3455/2944 2933/2945 3250/2946
f 2620/3139 3455/2944 3250/2946
f 2844/3146 3455/2944 3227/3147
f 3456/2919 2690/3123 3122/2686
f 3391/2990 3122/2686 2933/2945
f 3022/3144 3456/2919 3391/2990
f 2496/2914 3195/2913 2290/3148
f 2493/2914 3046/2913 2293/3148
f 3457/2996 3021/3120 3386/2992
f 3251/2687 3386/2992 2934/3122
f 2690/3123 3457/2996 3251/2687
f 3458/2994 2745/3149 3178/3118
f 3123/2915 3178/3118 2509/3124
f 2934/3122 3458/2994 3123/2915
f 3459/2481 2315/2472 3050/2480
f 3387/2993 3050/2480 2745/3149
f 3021/3120 3459/2481 3387/2993
f 2298/2490 3244/2489 2496/2914
f 2682/2705 3170/2912 2491/2696
f 2327/3150 3211/2987 2322/3151
f 3384/2965 3241/2976 3164/2934
f 2913/2811 3241/2976 3384/2965
f 3241/2976 2480/2861 3164/2934
f 2501/3152 3383/2978 2822/2977
f 3382/2741 3384/2965 2715/2742
f 3382/2741 3383/2978 3384/2965
f 3383/2978 2913/2811 3384/2965
f 3460/3081 3020/3153 3379/3076
f 3247/2760 3379/3076 2924/3154
f 2686/3135 3460/3081 3247/2760
f 3461/3078 2756/3155 3188/3156
f 3119/3066 3188/3156 2518/3157
f 2924/3154 3461/3078 3119/3066
f 3462/3075 2327/3150 3060/3158
f 3380/3077 3060/3158 2756/3155
f 3020/3153 3462/3075 3380/3077
f 3463/3073 3019/3159 3375/3068
f 3111/3160 3375/3068 2885/3161
f 2622/3162 3463/3073 3111/3160
f 3464/3070 2781/3163 3200/3164
f 3239/3165 3200/3164 2326/3166
f 2885/3161 3464/3070 3239/3165
f 3465/3067 2518/3157 3072/3167
f 3376/3069 3072/3167 2781/3163
f 3019/3159 3465/3067 3376/3069
f 3466/3062 3018/3168 3371/3057
f 3257/2850 3371/3057 2940/3169
f 2692/3130 3466/3062 3257/2850
f 3467/3059 2818/2493 3086/2974
f 3129/3019 3086/2974 2498/3170
f 2940/3169 3467/3059 3129/3019
f 3468/3056 2307/2809 3214/2494
f 3372/3058 3214/2494 2818/2493
f 3018/3168 3468/3056 3372/3058
f 3220/3015 2403/2807 2405/2875
f 3107/2974 3369/2971 3114/3086
f 3114/3086 3369/2971 2914/2906
f 3107/2974 2681/3126 2618/3170
f 2914/2906 3368/2973 3242/2497
f 3369/2971 3368/2973 2914/2906
f 3369/2971 3367/2492 3368/2973
f 3367/2492 2742/2972 3368/2973
f 3366/2960 3225/3171 3241/2976
f 2842/2963 3225/3171 3366/2960
f 3225/3171 2681/3126 3241/2976
f 2309/3172 3365/2961 2735/2975
f 3364/2810 3366/2960 2913/2811
f 3364/2810 3365/2961 3366/2960
f 3365/2961 2842/2963 3366/2960
f 3212/3052 2584/2857 2586/2838
f 2693/2863 3162/2934 2478/2861
f 3106/2911 2691/2705 2617/2836
f 3469/3047 3017/3173 3361/3042
f 3101/3174 3361/3042 2846/3175
f 2329/2490 3469/3047 3101/3174
f 3470/3044 2923/3176 3246/3071
f 3229/3177 3246/3071 2622/3162
f 2846/3175 3470/3044 3229/3177
f 3471/3041 2686/3135 3118/2759
f 3362/3043 3118/2759 2923/3176
f 3017/3173 3471/3041 3362/3043
f 3472/3036 3016/3178 3357/3033
f 3097/3179 3357/3033 2842/3180
f 2309/3181 3472/3036 3097/3179
f 3473/3035 2939/3182 3256/3024
f 3225/3183 3256/3024 2618/3184
f 2842/3180 3473/3035 3225/3183
f 3128/2849 3130/3032 2692/3130
f 3358/3034 3128/2849 2939/3182
f 3358/3034 3356/3185 3474/3030
f 3096/2491 2493/2914 2301/2490
f 3207/3029 2404/2727 2402/2804
f 3475/3026 3015/3186 3353/3021
f 3107/3187 3353/3021 2881/3188
f 2618/3184 3475/3026 3107/3187
f 3476/3023 2732/2963 3047/2962
f 3235/3189 3047/2962 2308/3172
f 2881/3188 3476/3023 3235/3189
f 3477/3020 2498/3170 3175/3171
f 3354/3022 3175/3171 2732/2963
f 3015/3186 3477/3020 3354/3022
f 3198/3016 2405/2875 2404/2727
f 3199/3012 2402/2806 2403/2807
f 2485/3190 3171/2932 2286/3191
f 2485/3190 3231/2913 3260/2930
f 3478/2996 3014/3120 3349/2992
f 3263/2687 3349/2992 2946/3122
f 2694/3123 3478/2996 3263/2687
f 3479/2994 2747/3149 3180/3118
f 3135/2915 3180/3118 2511/3124
f 2946/3122 3479/2994 3135/2915
f 3480/2481 2311/2472 3052/2480
f 3350/2993 3052/2480 2747/3149
f 3014/3120 3480/2481 3350/2993
f 3481/2956 3013/3137 3345/2955
f 3038/3140 3345/2955 2718/3138
f 2508/3139 3481/2956 3038/3140
f 3482/2953 2801/3141 3205/2952
f 3166/3142 3205/2952 2310/3143
f 2718/3138 3482/2953 3166/3142
f 3483/2917 2511/3124 3077/2916
f 3346/2951 3077/2916 2801/3141
f 3013/3137 3483/2917 3346/2951
f 3484/2949 3012/3144 3341/2948
f 2744/3146 3484/2949 3341/2948
f 2318/3151 3484/2949 3049/3145
f 3485/2944 2945/2945 3262/2946
f 3177/3147 3262/2946 2508/3139
f 2744/3146 3485/2944 3177/3147
f 3486/2919 2694/3123 3134/2686
f 3342/2990 3134/2686 2945/2945
f 3012/3144 3486/2919 3342/2990
f 2328/3150 3204/2987 2318/3151
f 2326/3150 3209/2987 2324/3151
f 3194/2473 2310/2621 2315/2472
f 3487/2996 3005/3120 3337/2992
f 3267/2687 3337/2992 2958/3122
f 2697/3123 3487/2996 3267/2687
f 3488/2994 2751/3149 3183/3118
f 3139/2915 3183/3118 2514/3124
f 2958/3122 3488/2994 3139/2915
f 3489/2481 2317/2472 3055/2480
f 3338/2993 3055/2480 2751/3149
f 3005/3120 3489/2481 3338/2993
f 3490/2956 3004/3137 3333/2955
f 3035/3140 3333/2955 2714/3138
f 2517/3139 3490/2956 3035/3140
f 3491/2953 2723/3141 3168/2952
f 3163/3142 3168/2952 2316/3143
f 2714/3138 3491/2953 3163/3142
f 3492/2917 2514/3124 3040/2916
f 3334/2951 3040/2916 2723/3141
f 3004/3137 3492/2917 3334/2951
f 3493/2949 3003/3144 3329/2948
f 3059/3145 3329/2948 2755/3146
f 3059/3145 3209/2987 3493/2949
f 3494/2944 2957/2945 3266/2946
f 3187/3147 3266/2946 2517/3139
f 2755/3146 3494/2944 3187/3147
f 3495/2919 2697/3123 3138/2686
f 3330/2990 3138/2686 2957/2945
f 3003/3144 3495/2919 3330/2990
f 3101/2988 2321/3151 2329/3150
f 2322/2527 3054/2509 2325/2507
f 2312/2472 3163/2471 2316/2621
f 2699/2863 3039/2934 2476/2861
f 2285/3191 3270/2930 3033/2932
f 2484/3190 3046/2913 3270/2930
f 3327/2965 3271/2976 3165/2934
f 2968/2811 3271/2976 3327/2965
f 3271/2976 2482/2861 3165/2934
f 2503/3152 3326/2978 2805/2977
f 3325/2741 3327/2965 2717/2742
f 3325/2741 3326/2978 3327/2965
f 3326/2978 2968/2811 3327/2965
f 3324/2960 3176/3171 3271/2976
f 2733/2963 3176/3171 3324/2960
f 3176/3171 2701/3126 3271/2976
f 2307/3172 3323/2961 2738/2975
f 3322/2810 3324/2960 2968/2811
f 3322/2810 3323/2961 3324/2960
f 3323/2961 2733/2963 3324/2960
f 3068/2974 3321/2971 3144/3086
f 3144/3086 3321/2971 2969/2906
f 3068/2974 2701/3126 2499/3170
f 2969/2906 3320/2973 3272/2497
f 3321/2971 3320/2973 2969/2906
f 3321/2971 3319/2492 3320/2973
f 3319/2492 2739/2972 3320/2973
f 3318/2965 3273/2976 3162/2934
f 2970/2811 3273/2976 3318/2965
f 3273/2976 2478/2861 3162/2934
f 2500/3152 3317/2978 2821/2977
f 3316/2741 3318/2965 2713/2742
f 3316/2741 3317/2978 3318/2965
f 3317/2978 2970/2811 3318/2965
f 3315/2960 3175/3171 3273/2976
f 2732/2963 3175/3171 3315/2960
f 3175/3171 2702/3126 3273/2976
f 2308/3172 3314/2961 2734/2975
f 3313/2810 3315/2960 2970/2811
f 3313/2810 3314/2961 3315/2960
f 3314/2961 2732/2963 3315/2960
f 3086/2974 3312/2971 3146/3086
f 3146/3086 3312/2971 2971/2906
f 3086/2974 2702/3126 2498/3170
f 2971/2906 3311/2973 3274/2497
f 3312/2971 3311/2973 2971/2906
f 3312/2971 3310/2492 3311/2973
f 3310/2492 2741/2972 3311/2973
f 3161/2862 3275/2970 3309/2967
f 3161/2862 3309/2967 2711/2931
f 2476/2861 3275/2970 3161/2862
f 2711/2931 3308/2968 3033/2932
f 3308/2968 3307/2496 2823/2969
f 3308/2968 3309/2967 3307/2496
f 3309/2967 2972/2906 3307/2496
f 3039/2934 3306/2965 3148/2964
f 3148/2964 3306/2965 2973/2909
f 2476/2861 3148/2964 2703/3125
f 2505/3152 3305/2966 2772/2977
f 3306/2965 3305/2966 2973/2909
f 3306/2965 3304/2741 3305/2966
f 3304/2741 2772/2977 3305/2966
f 3148/2964 3303/2960 3108/3171
f 3108/3171 3303/2960 2882/2963
f 2703/3125 3108/3171 2619/3170
f 2306/3172 3302/2961 2740/2975
f 3303/2960 3302/2961 2882/2963
f 3303/2960 3301/2908 3302/2961
f 3301/2908 2740/2975 3302/2961
f 2704/2863 3165/2934 2482/2861
f 2610/3190 3203/2932 2288/3191
f 2296/3148 3278/2930 2610/3190
f 3151/2458 2303/2822 2489/2457
f 3093/2468 2489/2457 2295/2732
f 3103/2697 2705/2705 2608/2696
f 3496/2688 2999/3137 3298/2954
f 3283/2686 3298/2954 2986/2945
f 2706/3123 3496/2688 3283/2686
f 3497/2956 2730/3138 3045/3140
f 3155/2946 3045/3140 2515/3139
f 3155/2946 3298/2954 3497/2956
f 3498/2953 2313/3143 3173/3142
f 3299/2955 3173/3142 2730/3138
f 2999/3137 3498/2953 3299/2955
f 3294/2947 3296/2950 2998/3144
f 2764/3010 3499/2692 3294/2947
f 3193/2734 3282/2694 3499/2692
f 3056/3145 3295/2948 2752/3146
f 2321/3151 3500/2949 3056/3145
f 3065/2987 3294/2947 3500/2949
f 3501/2944 2515/3139 3184/3147
f 3295/2948 3184/3147 2752/3146
f 3295/2948 3293/2990 3501/2944
f 3290/2940 3292/2943 2997/3102
f 2828/3103 3502/2528 3290/2940
f 3218/2521 3100/2509 3502/2528
f 3503/2942 2985/3084 3282/2694
f 2523/2693 3503/2942 3282/2694
f 3090/3104 3290/2940 3503/2942
f 3504/2939 2706/3123 3154/2918
f 3291/2941 3154/2918 2985/3084
f 2997/3102 3504/2939 3291/2941
f 2321/2527 3053/2509 2319/2507
f 2707/2863 3164/2934 2480/2861
f 2609/3190 3213/2932 2282/3191
f 2290/3148 3286/2930 2609/3190
f 2709/2705 3172/2912 2494/2696
f 2488/2914 3216/2913 2296/3148
f 2304/2490 3288/2489 2488/2914
f 2878/3192 3160/2695 2994/2926
f 2994/2926 3088/2697 2820/2927
f 2993/2959 3044/2468 2728/2928
f 2775/2927 3158/2860 2992/2929
f 2992/2929 3085/2862 2817/2931
f 2991/3115 3036/2743 2715/2742
f 2752/2980 3181/2898 2748/2935
f 3505/2920 2987/3121 3289/2937
f 3292/2943 3289/2937 2997/3102
f 3292/2943 3228/2898 3505/2920
f 3293/2990 3283/2686 2986/2945
f 2998/3144 3506/2919 3293/2990
f 2985/3084 3506/2919 3296/2950
f 3507/2917 2754/3141 3297/2951
f 3300/2957 3297/2951 2999/3137
f 2984/3122 3507/2917 3300/2957
f 3231/2913 2977/2926 2874/2927
f 3221/2912 2976/2959 2835/2928
f 3279/2910 2724/3049 2976/2959
f 2820/2927 3150/2860 2975/2929
f 2975/2929 3075/2862 2793/2931
f 2974/3115 3037/2743 2717/2742
f 2740/2975 3276/2907 2505/3152
f 2772/2977 3167/2743 2284/2816
f 3307/2496 2502/2495 2823/2969
f 2818/2493 3214/2494 3310/2492
f 2734/2975 3145/2812 2500/3152
f 2821/2977 3034/2743 2287/2816
f 2776/2493 3196/2494 3319/2492
f 2738/2975 3143/2812 2503/3152
f 2805/2977 3037/2743 2289/2816
f 2731/2927 3142/2860 2965/2929
f 2965/2929 3161/2862 2711/2931
f 2964/3115 3167/2743 2722/2742
f 3110/2708 2714/2979 2884/2997
f 2749/2935 3227/2897 3182/2898
f 3229/2733 2764/3010 2846/2986
f 3328/2950 3268/2694 2959/3084
f 3331/2947 3328/2950 3003/3144
f 3331/2947 3081/2734 3508/2692
f 3509/2688 2958/3122 3332/2957
f 3335/2954 3332/2957 3004/3137
f 2957/2945 3509/2688 3335/2954
f 3510/2709 2753/2997 3336/2991
f 3339/2995 3336/2991 3005/3120
f 2956/3121 3510/2709 3339/2995
f 2768/2997 3038/2892 2718/2979
f 2781/2986 3081/2734 2812/3010
f 2886/2986 3076/2734 2800/3010
f 3511/2692 2947/3084 3340/2950
f 3343/2947 3340/2950 3012/3144
f 2800/3010 3511/2692 3343/2947
f 3512/2688 2946/3122 3344/2957
f 3347/2954 3344/2957 3013/3137
f 2945/2945 3512/2688 3347/2954
f 3513/2709 2829/2997 3348/2991
f 3351/2995 3348/2991 3014/3120
f 2944/3121 3513/2709 3351/2995
f 2943/2929 3103/2697 3132/2860
f 2943/2929 3043/2862 2727/2931
f 2780/3193 3079/2859 2810/3005
f 3070/2839 2832/3053 2779/3014
f 3514/2851 2940/3169 3352/3018
f 3355/3025 3352/3018 3015/3186
f 2939/3182 3514/2851 3355/3025
f 3079/2840 2779/3014 2810/3028
f 2841/3192 3253/2695 2936/2926
f 3356/3185 3258/2835 2941/3031
f 3359/3038 3356/3185 3016/3178
f 3359/3038 3226/3194 3515/2833
f 3516/2830 2925/3132 3360/3039
f 3363/3046 3360/3039 3017/3173
f 2847/3195 3516/2830 3363/3046
f 2880/3049 3254/2458 2937/2959
f 2942/3115 3034/2743 2713/2742
f 3084/2814 2811/3091 2815/3050
f 2735/2975 3113/2812 2501/3152
f 2881/2493 3235/2494 3367/2492
f 3092/2791 2780/3193 2832/3053
f 3517/2788 2733/3196 3370/3054
f 3373/3061 3370/3054 3018/3168
f 2938/3129 3517/2788 3373/3061
f 3518/2761 2924/3154 3374/3065
f 3377/3072 3374/3065 3019/3159
f 2923/3176 3518/2761 3377/3072
f 3519/2756 2777/2986 3378/3074
f 3381/3080 3378/3074 3020/3153
f 2922/3134 3519/2756 3381/3080
f 2822/2977 3036/2743 2283/2816
f 2777/2986 3083/2734 2814/3010
f 2918/2959 3042/2468 2725/2928
f 2876/3192 3116/2695 2919/2926
f 3385/2991 3066/2708 2768/2997
f 3388/2995 3385/2991 3021/3120
f 3388/2995 3121/2707 3520/2709
f 3253/2695 2731/2927 2936/2926
f 2919/2926 3067/2697 2775/2927
f 3521/2692 2935/3084 3389/2950
f 3022/3144 3521/2692 3389/2950
f 3392/2947 3083/2734 3521/2692
f 3522/2688 2934/3122 3393/2957
f 3396/2954 3393/2957 3023/3137
f 2933/2945 3522/2688 3396/2954
f 2914/2906 3242/2497 3397/2496
f 2837/3049 3115/2458 2918/2959
f 2809/3197 3084/2639 2815/3088
f 3080/2615 2813/3105 2811/3091
f 3523/2610 2757/3117 3400/3093
f 3403/3100 3400/3093 3024/3131
f 2886/3198 3523/2610 3403/3100
f 3404/2943 3051/2509 2746/2935
f 3025/3102 3524/2528 3404/2943
f 3407/2940 3062/2521 3524/2528
f 2758/3103 3061/2522 3062/2521
f 3254/2458 2824/2928 2937/2959
f 3082/2593 2809/3197 2813/3105
f 3525/2587 2776/3199 3408/3106
f 3026/3110 3525/2587 3408/3106
f 2882/3113 3525/2587 3411/3114
f 2942/3115 3093/2468 3131/2470
f 3526/2528 2748/2935 3412/2943
f 3415/2940 3412/2943 3027/3102
f 2761/3103 3526/2528 3415/2940
f 2847/3117 3064/2521 2761/3103
f 2756/3117 3063/2521 2760/3103
f 3051/2509 2744/2980 2746/2935
f 3527/2528 2749/2935 3416/2943
f 3419/2940 3416/2943 3030/3102
f 2760/3103 3527/2528 3419/2940
f 3239/2522 2828/3103 2885/3117
f 2753/2997 3237/2471 3185/2473
f 2845/2935 3059/2508 2755/2980
f 2824/2928 3141/2470 2964/3115
f 2969/2906 3272/2497 3420/2496
f 2971/2906 3274/2497 3423/2496
f 3426/2492 2309/2809 2737/2972
f 2728/2928 3149/2470 2974/3115
f 3280/2489 2819/3192 2977/2926
f 3528/2481 2787/3149 3429/2993
f 3432/2991 3429/2993 3032/3120
f 2884/2997 3528/2481 3432/2991
f 2730/2979 3219/2473 2829/2997
f 2725/2928 3157/2470 2991/3115
f 2839/3049 3159/2458 2993/2959
f 2624/2450 2337/2845 2765/2451
f 2771/2453 2895/3063 2374/2454
f 3095/2456 2305/2822 2495/2457
f 2356/2459 2338/2691 2551/2460
f 2291/2462 2293/2731 2484/2463
f 2569/2465 2380/2700 2563/2466
f 3042/2468 2291/2732 2481/2469
f 3173/2471 2313/2621 2311/2472
f 2370/2477 2660/2710 2658/2478
f 3238/2473 2312/2472 3201/2480
f 2353/2482 2347/3200 2547/2483
f 2495/2485 2305/2822 2721/2475
f 2898/2486 2392/2530 2387/2487
f 3280/2489 2486/2914 2302/2490
f 3044/2468 2297/2732 2483/2469
f 2506/2495 2789/2969 3423/2496
f 2504/2495 2804/2969 3420/2496
f 2792/2498 2384/3048 2571/2499
f 3217/2468 2292/2732 2477/2469
f 2855/2504 2369/2984 2368/2505
f 2297/2462 2294/2731 2485/2463
f 2320/2507 2324/2527 3059/2508
f 3237/2471 2314/2621 2317/2472
f 2288/2510 2284/2899 2477/2464
f 2448/2511 2452/2667 2830/2512
f 2893/2514 2371/3201 2370/2515
f 2894/2517 2366/3202 2363/2518
f 2326/2520 2320/2507 3218/2521
f 2899/2523 2390/2981 2797/2524
f 3063/2521 2325/2507 3054/2509
f 2323/2507 2318/2527 3049/2508
f 2863/2529 2453/2668 2449/2530
f 2655/2532 2373/2805 2376/2533
f 2897/2535 2384/3048 2792/2498
f 2528/2539 2529/2753 2336/2537
f 2336/2537 2331/3203 2759/2538
f 2765/2451 2337/2845 2333/2543
f 2579/2545 2667/2623 2401/2546
f 2774/2548 2426/3204 2427/2549
f 2627/2551 2434/3205 2437/2552
f 2419/2554 2418/2563 2539/2555
f 2634/2557 2421/2819 2420/2558
f 2854/2560 2372/3206 2365/2561
f 2418/2563 2419/2719 2541/2564
f 2412/2566 2413/2643 2582/2567
f 3060/2522 2327/2520 2325/2507
f 2355/2569 2349/2713 2546/2570
f 2471/2572 2470/2800 2833/2573
f 3102/2522 2329/2520 2319/2507
f 2359/2482 2341/3200 2549/2483
f 2797/2524 2390/2981 2388/2575
f 2872/2577 2448/2511 2826/2513
f 2352/2579 2346/2872 2545/2580
f 3064/2521 2319/2507 3053/2509
f 2360/2582 2342/2826 2552/2583
f 2358/2579 2340/2872 2553/2580
f 3093/2468 2295/2732 2479/2469
f 3236/2585 2306/3207 3196/2586
f 2372/2588 2373/2805 2557/2589
f 2409/2591 2408/2635 3078/2592
f 2611/2457 2292/2732 3217/2468
f 2856/2594 2377/2803 2376/2595
f 2767/2519 2363/2518 2362/2597
f 3062/2521 3061/2522 2328/2520
f 3062/2521 2323/2507 3051/2509
f 2362/2599 2363/2817 2561/2600
f 2594/2602 2440/2663 2443/2603
f 2282/2510 2287/2899 2479/2464
f 2896/2498 2382/3048 2570/2499
f 2587/2605 2411/3208 2412/2566
f 2570/2606 2382/3006 2802/2607
f 2858/2498 2385/3048 2567/2499
f 3240/2609 2328/2520 3061/2522
f 2354/2582 2348/2826 2544/2583
f 2410/2611 2411/3209 2587/2612
f 2406/2614 2409/2591 3082/2593
f 2848/2573 2331/2800 2336/2537
f 2350/2459 2344/2691 2543/2460
f 2668/2617 2395/3210 2400/2618
f 2595/2620 2627/2551 2439/2621
f 2667/2623 2398/3211 2762/2624
f 2629/2626 2427/3212 2535/2627
f 2762/2624 2398/3211 2396/2629
f 2901/2631 2400/2618 2395/2632
f 2409/2591 2406/3213 2407/2634
f 2675/2636 2458/2667 2456/2588
f 3078/2592 2408/2635 2407/2638
f 2683/2640 2634/2557 2428/2641
f 3094/2456 2299/2822 2492/2457
f 2588/2613 2582/2567 2413/2643
f 2595/2620 2438/2622 2441/2644
f 2507/2495 2719/2969 3397/2496
f 2533/2646 2593/2662 2436/2647
f 2590/2649 2628/2792 2415/2650
f 2633/2652 2429/2821 2538/2559
f 2679/2654 2669/2556 2422/2655
f 2591/2657 2535/3214 2427/2658
f 2533/2646 2433/2648 2432/2660
f 2531/2553 2437/2552 2436/2647
f 2596/2645 2441/2644 2440/2663
f 2677/2664 2466/2673 2464/2665
f 2860/2513 2393/2511 2389/2667
f 2387/2668 2392/2530 2794/2531
f 2357/2669 2339/2864 2550/2670
f 2676/2672 2462/3215 2460/2673
f 2351/2669 2345/2864 2548/2670
f 2475/2676 2474/3216 2468/2677
f 2904/2679 2450/3011 2446/2680
f 2903/2682 2452/2958 2448/2511
f 2773/2516 2370/2515 2375/2683
f 2361/2569 2343/2713 2554/2570
f 2591/2657 2426/2659 2633/2652
f 2444/2472 2531/2553 2593/2662
f 3122/2686 2690/3123 3251/2687
f 2394/2689 2668/2617 2577/2619
f 2645/2671 2548/2670 2344/2691
f 3521/2692 3083/2734 2520/2693
f 3116/2695 2682/2705 2491/2696
f 2907/2698 2673/2706 2674/2699
f 2603/2675 2674/2699 2866/2700
f 2720/2702 2899/2523 2664/2703
f 2691/2705 2497/2696 3174/2697
f 2673/2706 2455/3209 2905/2643
f 3121/2707 2510/2891 3066/2708
f 2371/2601 2561/2600 2660/2710
f 2467/2711 2677/2664 2606/2666
f 2640/2461 2543/2460 2349/2713
f 2890/2714 2891/2778 2638/2715
f 2635/2717 2637/2716 2851/2718
f 2424/2725 2628/2792 2590/2649
f 2404/2727 2405/2875 2582/2567
f 3104/2728 2613/2836 2682/2705
f 2290/2731 2295/2462 2917/2729
f 2295/2462 2489/2485 2917/2729
f 3115/2458 2492/2457 2291/2732
f 3069/2733 2519/2893 2520/2693
f 2900/2735 2665/2890 2572/2736
f 2380/2740 2569/2780 2930/2500
f 2569/2780 2689/2745 2930/2500
f 2931/2608 2857/2607 2661/2744
f 2785/2746 2558/2894 2555/2747
f 2442/2748 2445/2685 2593/2662
f 2417/2749 2591/2657 2680/2653
f 2641/2584 2544/2583 2347/2751
f 2530/2540 2626/3217 2335/2541
f 2626/3217 2888/2754 2335/2541
f 3117/2755 2519/2893 3069/2733
f 2864/2488 2671/2502 2601/2757
f 3118/2759 2686/3135 3247/2760
f 2424/2762 2425/2765 2630/2763
f 2425/2765 2592/2770 2912/2766
f 2534/2673 2416/3083 2890/2714
f 2428/2641 2429/2768 2632/2767
f 2429/2768 2633/2844 2911/2769
f 2592/2770 2422/2482 2889/2771
f 2416/2773 2535/3214 2591/2657
f 2414/2774 2415/2775 2635/2717
f 2415/2775 2534/2673 2910/2776
f 2541/2564 2419/2719 2892/2779
f 2566/2780 2379/2832 2927/2608
f 2379/2832 2571/2606 2927/2608
f 2609/2463 2479/2464 2295/2462
f 2401/2546 2667/2623 2921/2625
f 2666/2782 2685/2856 2920/2783
f 2834/2684 2895/3063 2657/2784
f 3127/2786 2499/2980 3176/2787
f 2585/2789 2583/2858 3071/2790
f 2628/2792 2684/2628 2534/2793
f 2435/2658 2434/3205 2627/2551
f 2683/2640 2540/2642 2423/2794
f 2418/2563 2542/2565 2683/2640
f 2542/2565 2421/2819 2634/2557
f 2533/2646 2532/2661 2443/2795
f 2625/2796 2527/2924 2763/2797
f 2473/2799 2472/3203 2470/2800
f 2368/2505 2369/2802 2654/2801
f 2588/2613 2587/2612 2402/2804
f 2402/2806 2587/2605 2589/2568
f 2596/2645 2594/2602 2431/2652
f 2308/2809 2742/2972 3367/2492
f 2435/2658 2595/2620 2596/2645
f 2407/2813 2406/2614 3080/2615
f 2374/2454 2375/2479 2659/2815
f 3131/2470 2479/2469 2287/2816
f 2865/2576 2672/2871 2597/2818
f 2853/2721 2420/3082 2421/2819
f 2421/2819 2541/2564 2639/2722
f 2365/2590 2557/2589 2655/2532
f 2377/2803 2654/2801 2653/2534
f 2569/2780 2381/2832 2931/2608
f 2381/2832 2567/2606 2931/2608
f 2431/2652 2594/2602 2532/2604
f 2300/2822 2611/2457 3254/2458
f 2419/2554 2669/2556 2679/2654
f 2463/2824 2676/2672 2605/2664
f 2927/2608 2897/2607 2662/2744
f 2788/2825 2560/3085 2556/2785
f 2651/2571 2554/2570 2342/2826
f 2928/2827 2688/2831 2564/2744
f 3230/2828 2623/3133 3248/2829
f 2381/2740 2566/2780 2926/2500
f 2566/2780 2687/2745 2926/2500
f 2568/2499 2378/2740 2928/2827
f 2378/2740 2563/2780 2928/2827
f 2688/2831 2563/2780 2929/2608
f 2563/2780 2380/2832 2929/2608
f 3515/2833 3226/3194 2619/2834
f 2636/2823 2679/2654 2590/2649
f 2590/2649 2679/2654 2592/2656
f 2617/2836 2691/2705 3253/2695
f 2367/2455 2659/2815 2658/2478
f 2586/2838 2584/2857 3070/2839
f 2912/2766 2592/2770 2631/2772
f 2910/2776 2534/2673 2637/2716
f 2632/2767 2536/2842 2750/2841
f 2911/2769 2633/2844 2536/2842
f 2849/2843 2626/3217 2530/2540
f 2633/2844 2426/3204 2774/2548
f 2337/2845 2624/2450 2529/2753
f 2630/2763 2631/2772 2850/2550
f 2684/2628 2535/2627 2416/2847
f 2680/2653 2538/2559 2420/2558
f 2647/2671 2550/2670 2338/2691
f 2424/2725 2629/2626 2684/2628
f 2862/2781 2666/2782 2580/2679
f 2454/2674 2673/2706 2907/2698
f 3128/2849 2692/3130 3257/2850
f 2459/2852 2675/2636 2604/2637
f 2803/2853 2578/3090 2581/2854
f 2685/2856 2578/3090 2803/2853
f 2584/2857 2585/2789 3092/2791
f 2583/2858 2586/3136 3079/2859
f 2660/2710 2363/2817 2366/2837
f 3132/2860 2693/2863 2478/2861
f 3132/2860 3103/2697 2608/2696
f 2650/2581 2553/2580 2339/2864
f 2649/2584 2552/2583 2341/2751
f 3133/2707 2512/2891 3091/2708
f 3134/2686 2694/3123 3263/2687
f 3076/2734 2522/2693 3264/2694
f 2642/2581 2545/2580 2345/2864
f 2948/2865 2598/2703 2869/2523
f 2949/2866 2695/2989 2950/2867
f 2831/2486 2601/2757 2951/2869
f 2795/2681 2573/2818 2575/2871
f 2646/2484 2549/2483 2340/2872
f 3112/2733 2623/2893 2522/2693
f 2678/2873 2607/2796 2873/2798
f 2643/2571 2546/2570 2348/2826
f 3072/2733 2518/2893 2521/2693
f 2589/2568 2582/2567 2405/2875
f 2893/2876 2652/3116 2555/2747
f 2428/2641 2634/2557 2538/2559
f 2669/2556 2539/2555 2423/2794
f 2439/2621 2627/2551 2531/2553
f 2750/2841 2536/2842 2631/2772
f 2396/2877 2398/3211 2667/2623
f 2712/2878 2525/2923 2526/2879
f 2530/2540 2524/2542 2334/2881
f 2529/2753 2528/2539 2770/2882
f 3008/2883 2952/3007 2565/2744
f 3007/2884 2953/2999 2696/2885
f 3006/2887 2858/3001 2662/2888
f 2364/2820 2655/2532 2653/2534
f 2870/2737 2902/2735 2670/2890
f 2510/2891 2508/3119 3038/2892
f 3137/2707 2513/2891 3057/2708
f 3138/2686 2697/3123 3267/2687
f 3081/2734 2521/2693 3268/2694
f 2960/2867 2573/2818 2795/2681
f 2961/2869 2698/2989 2962/2866
f 2860/2513 2664/2703 2963/2865
f 2622/2893 2523/2693 3193/2734
f 2855/2504 2656/2900 2558/2894
f 2652/2895 2560/3085 2788/2825
f 2869/2523 2598/2703 2600/2704
f 2610/2463 2477/2464 2292/2462
f 3227/2897 2620/3119 2513/2891
f 2621/2891 2517/3119 3035/2892
f 2483/2464 2485/2463 2286/2510
f 2771/2453 2894/2517 2656/2900
f 3141/2470 2477/2469 2284/2816
f 3142/2860 2699/2863 2476/2861
f 3174/2697 2497/2696 2699/2863
f 2823/2902 2502/2905 2501/2903
f 2507/2905 2500/2903 2821/2904
f 2805/2904 2789/2902 2506/2905
f 2804/2902 2504/2905 2505/2903
f 2379/2740 2562/2780 2966/2500
f 2562/2780 2700/2745 2966/2500
f 2562/2780 2378/2832 2967/2608
f 2378/2832 2568/2606 2967/2608
f 2967/2608 2807/2607 2565/2744
f 2306/2809 2739/2972 3319/2492
f 2307/2809 2741/2972 3310/2492
f 3149/2470 2483/2469 2289/2816
f 3150/2860 2704/2863 2482/2861
f 3088/2697 2494/2696 2704/2863
f 3279/2910 2705/2705 2490/2836
f 2608/2696 2705/2705 3279/2910
f 3231/2913 2294/3148 2486/2914
f 2293/2731 2291/2462 2980/2729
f 2291/2462 2492/2485 2980/2729
f 2859/2577 2663/2757 2574/2502
f 2486/2730 2294/2731 2983/2729
f 2294/2731 2297/2462 2983/2729
f 2644/2484 2547/2483 2346/2872
f 3153/2915 2516/3124 3186/2916
f 3154/2918 2706/3123 3283/2686
f 3505/2920 3228/2898 2621/2891
f 2296/2731 2292/2462 2990/2729
f 2292/2462 2611/2485 2990/2729
f 3184/2897 2515/3119 2512/2891
f 3157/2470 2481/2469 2283/2816
f 3158/2860 2707/2863 2480/2861
f 3067/2697 2491/2696 2707/2863
f 2708/2467 2563/2466 2378/2832
f 2379/2740 2566/2921 2708/2467
f 2566/2921 2381/2852 2569/2465
f 2481/2464 2484/2463 2285/2510
f 2648/2461 2551/2460 2343/2713
f 3159/2458 2495/2457 2297/2732
f 3160/2695 2709/2705 2494/2696
f 3105/2728 2615/2836 2709/2705
f 2786/2506 2856/2594 2657/2784
f 2995/2922 2710/2925 2525/2923
f 2527/2924 2710/2925 2995/2922
f 2336/2537 2624/2450 2996/2452
f 2769/2616 2996/2452 2710/2925
f 2335/2541 2763/2797 2995/2922
f 2524/2542 2995/2922 2712/2878
f 2368/2505 2377/2803 2856/2594
f 3233/2491 2878/3192 2994/2926
f 3288/2489 2994/2926 2820/2927
f 3287/2910 2993/2959 2728/2928
f 3195/2913 2775/2927 2992/2929
f 3286/2930 2992/2929 2817/2931
f 3285/2933 2991/3115 2715/2742
f 3056/2508 2752/2980 2748/2935
f 2488/2730 2989/2738 2836/2739
f 3289/2937 2987/3121 3156/2938
f 3290/2940 2997/3102 3291/2941
f 3502/2528 3100/2509 2845/2935
f 3501/2944 3293/2990 2986/2945
f 3294/2947 2998/3144 3295/2948
f 3282/2694 2985/3084 3296/2950
f 3297/2951 2754/3141 3058/2952
f 3298/2954 2999/3137 3299/2955
f 3281/2687 2984/3122 3300/2957
f 2486/2730 2982/2738 2736/2739
f 2393/2511 2859/2577 2796/2682
f 2493/2730 2979/2738 2838/2739
f 2874/2927 2977/2926 3152/2695
f 2835/2928 2976/2959 3151/2458
f 2976/2959 2724/3049 3041/2456
f 3216/2913 2820/2927 2975/2929
f 3278/2930 2975/2929 2793/2931
f 3277/2933 2974/3115 2717/2742
f 2823/2969 2285/3191 3033/2932
f 2741/2972 2506/2495 3274/2497
f 2739/2972 2504/2495 3272/2497
f 2568/2606 2383/3006 2807/2607
f 2804/2902 2772/2904 2284/2899
f 2286/2510 2789/2902 2805/2904
f 2719/2902 2821/2904 2287/2899
f 2285/2510 2823/2902 2822/2904
f 3046/2913 2731/2927 2965/2929
f 3270/2930 2965/2929 2711/2931
f 3269/2933 2964/3115 2722/2742
f 2367/2455 2366/3202 2894/2517
f 3238/2473 2884/2997 2714/2979
f 3054/2509 3099/2508 2844/2980
f 2869/2523 2871/2702 2451/2921
f 2854/2896 2788/2825 2373/2982
f 2369/2984 2855/2504 2785/2746
f 2846/2986 2764/3010 3065/2987
f 3000/2578 2963/2865 2698/2989
f 2859/2577 3000/2578 2961/2869
f 2393/2511 2860/2513 3000/2578
f 3001/2870 2962/2866 2572/2736
f 2898/2486 3001/2870 2794/2531
f 2663/2757 2961/2869 3001/2870
f 3002/2868 2795/2681 2391/2680
f 2572/2736 2962/2866 3002/2868
f 2698/2989 2960/2867 3002/2868
f 3328/2950 2959/3084 3140/2918
f 3329/2948 3003/3144 3330/2990
f 3209/2987 2812/3010 3331/2947
f 3332/2957 2958/3122 3139/2915
f 3333/2955 3004/3137 3334/2951
f 3266/2946 2957/2945 3335/2954
f 3336/2991 2753/2997 3185/2473
f 3337/2992 3005/3120 3338/2993
f 3265/2938 2956/3121 3339/2995
f 2768/2997 2718/2979 3166/2471
f 2450/2998 2902/2735 2870/2737
f 2953/2999 3006/2887 2955/2889
f 2661/3000 2857/2713 3006/2887
f 2857/2713 2385/3218 2858/3001
f 2802/3002 3007/2884 2954/2886
f 2382/2751 2896/3004 3007/2884
f 2661/3000 2953/2999 3007/2884
f 2790/3005 3008/2883 2807/2607
f 2564/3003 2954/2886 3008/2883
f 2954/2886 2696/2885 2952/3007
f 2334/2881 2712/2878 2743/2880
f 2423/2794 2750/2841 2889/2771
f 2893/2876 2784/2598 2362/2597
f 3200/2988 2781/2986 2812/3010
f 2906/2874 2873/2798 2469/2678
f 3240/2988 2886/2986 2800/3010
f 2391/2680 2795/2681 2716/2679
f 3009/2870 2951/2869 2695/2989
f 2827/2531 3009/2870 2949/2866
f 2449/2530 2831/2486 3009/2870
f 3010/2868 2950/2867 2597/2818
f 2870/2737 3010/2868 2868/2681
f 2599/2736 2949/2866 3010/2868
f 3011/2525 2869/2523 2447/2981
f 2950/2867 3011/2525 2825/2524
f 2695/2989 2948/2865 3011/2525
f 3340/2950 2947/3084 3136/2918
f 3341/2948 3012/3144 3342/2990
f 3204/2987 2800/3010 3343/2947
f 3344/2957 2946/3122 3135/2915
f 3345/2955 3013/3137 3346/2951
f 3262/2946 2945/2945 3347/2954
f 3348/2991 2829/2997 3219/2473
f 3349/2992 3014/3120 3350/2993
f 3261/2938 2944/3121 3351/2995
f 3260/2930 3231/2913 2874/2927
f 3260/2930 2943/2929 2727/2931
f 3199/3012 2780/3193 2810/3005
f 2779/3014 2832/3053 3220/3015
f 2920/2783 2803/2853 2399/2690
f 2399/2690 2803/2853 2816/2855
f 3352/3018 2940/3169 3129/3019
f 3353/3021 3015/3186 3354/3022
f 3256/3024 2939/3182 3355/3025
f 2401/2546 2862/2781 2806/2848
f 2810/3028 2779/3014 3198/3016
f 3096/2491 2841/3192 2936/2926
f 3474/3030 3356/3185 2941/3031
f 3357/3033 3016/3178 3358/3034
f 3472/3036 3098/3219 2843/3037
f 3360/3039 2925/3132 3120/3040
f 3361/3042 3017/3173 3362/3043
f 3102/3045 2847/3195 3363/3046
f 2568/2499 2928/2827 2790/2498
f 2373/2982 2788/2825 2783/2596
f 2571/2606 2384/3006 2897/2607
f 2880/3049 2937/2959 3126/2910
f 2639/2722 2892/2779 2852/2777
f 2451/2575 2865/2576 2825/2524
f 3259/2933 2942/3115 2713/2742
f 2815/3050 2811/3091 3208/3051
f 2742/2972 2507/2495 3242/2497
f 2887/2798 2763/2797 2335/2541
f 2832/3053 2780/3193 3199/3012
f 3370/3054 2733/3196 3048/3055
f 3371/3057 3018/3168 3372/3058
f 3255/3060 2938/3129 3373/3061
f 2375/2683 2374/2454 2895/3063
f 2901/2631 2920/2783 2577/2619
f 2862/2781 2921/2625 2685/2856
f 2537/2724 2908/2723 2891/2778
f 2637/2716 2638/2715 2852/2777
f 3374/3065 2924/3154 3119/3066
f 3375/3068 3019/3159 3376/3069
f 3246/3071 2923/3176 3377/3072
f 2453/2487 2864/2488 2831/2486
f 3378/3074 2777/2986 3197/2988
f 3379/3076 3020/3153 3380/3077
f 3245/3079 2922/3134 3381/3080
f 2364/2985 2785/2746 2782/2562
f 2567/2606 2385/3006 2857/2607
f 2496/2730 2916/2738 2879/2739
f 2900/2735 2778/2737 2391/2680
f 3197/2988 2777/2986 2814/3010
f 3243/2910 2918/2959 2725/2928
f 3232/2491 2876/3192 2919/2926
f 2638/2715 2908/2723 2909/2720
f 2420/3082 2853/2721 2909/2720
f 2416/3083 2417/3064 2891/2778
f 3385/2991 2768/2997 3194/2473
f 3386/2992 3021/3120 3387/2993
f 3249/2938 2932/3121 3388/2995
f 2936/2926 2731/2927 3046/2913
f 2390/2981 2899/2523 2720/2702
f 3244/2489 2919/2926 2775/2927
f 3456/2919 3389/2950 2935/3084
f 3390/2948 3022/3144 3391/2990
f 3454/2949 3211/2987 2814/3010
f 3393/2957 2934/3122 3123/2915
f 3394/2955 3023/3137 3395/2951
f 3250/2946 2933/2945 3396/2954
f 2560/3085 2773/2516 2834/2684
f 2671/2502 2903/2682 2872/2577
f 2672/2871 2904/2679 2868/2681
f 2665/2890 2861/2529 2794/2531
f 2576/2704 2664/2703 2860/2513
f 2719/2969 2282/3191 3213/2932
f 2489/2485 2303/2822 2840/2475
f 3222/2911 2837/3049 2918/2959
f 3206/3087 2809/3197 2815/3088
f 2666/2782 2901/2631 2726/2633
f 2578/3090 2762/2624 2808/2630
f 2921/2625 2762/2624 2578/3090
f 2625/2796 2848/2573 2769/2616
f 2811/3091 2813/3105 3210/3092
f 3400/3093 2757/3117 3189/3094
f 3401/3096 3024/3131 3402/3097
f 3112/3099 2886/3198 3403/3100
f 2662/2744 2858/2498 2926/2500
f 2929/2608 2802/2607 2564/2744
f 2661/2744 2896/2498 2930/2500
f 3447/2920 3404/2943 2746/2935
f 3446/2939 3405/2941 3025/3102
f 3445/2942 3190/3104 2758/3103
f 3189/3094 2757/3117 2758/3103
f 2558/2894 2767/2519 2784/2598
f 2657/2784 2856/2594 2783/2596
f 2937/2959 2824/2928 3089/2912
f 2813/3105 2809/3197 3206/3087
f 3408/3106 2776/3199 3068/3107
f 3443/3109 3409/3127 3026/3110
f 3442/3112 3108/3128 2882/3113
f 3259/2933 3221/2912 2835/2928
f 3412/2943 2748/2935 3181/2898
f 3413/2941 3027/3102 3414/2937
f 3439/2942 3192/3104 2761/3103
f 3028/2578 2826/2513 2598/2703
f 2951/2869 3028/2578 2948/2865
f 2601/2757 2872/2577 3028/2578
f 2573/2818 2797/2524 2798/2576
f 3230/3094 2847/3117 2761/3103
f 2867/2574 2833/2573 2607/2796
f 3188/3094 2756/3117 2760/3103
f 2652/3116 2854/2560 2782/2562
f 2536/2842 2774/2548 2850/2550
f 2525/2923 2765/2451 2766/2544
f 2952/3007 3029/2536 2792/2498
f 2696/2885 2955/2889 3029/2536
f 2955/2889 2662/2888 2897/2535
f 2599/2736 2670/2890 2863/2529
f 2746/2935 2744/2980 3177/2897
f 3416/2943 2749/2935 3182/2898
f 3417/2941 3030/3102 3418/2937
f 3191/3104 2760/3103 3419/2940
f 3031/2525 2797/2524 2573/2818
f 2963/2865 3031/2525 2960/2867
f 2664/2703 2899/2523 3031/2525
f 2885/3117 2828/3103 3090/3104
f 2656/2900 2894/2517 2767/2519
f 2652/2895 2893/2514 2773/2516
f 2598/2703 2826/2513 2830/2512
f 3109/2892 2883/2979 2753/2997
f 2845/2935 2755/2980 3187/2897
f 2656/2900 2855/2504 2786/2506
f 3089/2912 2824/2928 2964/3115
f 2502/2905 2737/2501 2735/2503
f 2742/2501 2734/2503 2500/2903
f 2503/2903 2506/2905 2741/2501
f 2739/2501 2740/2503 2505/2903
f 2565/2744 2792/2498 2966/2500
f 2804/2969 2288/3191 3203/2932
f 2789/2969 2286/3191 3171/2932
f 2737/2972 2502/2495 3147/2497
f 3172/2912 2728/2928 2974/3115
f 2977/2926 2819/3192 3087/2728
f 2492/2485 2299/2822 2877/2475
f 2663/2757 2898/2486 2729/2488
f 3429/2993 2787/3149 3073/3118
f 3430/2995 3032/3120 3431/2992
f 3110/2708 2884/2997 3432/2991
f 2611/2485 2300/2822 2875/2475
f 3045/2892 2730/2979 2829/2997
f 3170/2912 2725/2928 2991/3115
f 3223/2911 2839/3049 2993/2959
f 2559/2901 2657/2784 2895/3063
f 2996/2452 2765/2451 2525/2923
f 2615/2836 3223/2911 3287/2910
f 2491/2696 3170/2912 3285/2933
f 2515/3119 3045/2892 3091/2708
f 3433/2709 3432/2991 3032/3120
f 3284/2707 3433/2709 3430/2995
f 3284/2707 2621/2891 3110/2708
f 3434/2996 3431/2992 2984/3122
f 3156/2938 3434/2996 3281/2687
f 2987/3121 3430/2995 3434/2996
f 3435/2994 3073/3118 2516/3124
f 3431/2992 3435/2994 3153/2915
f 3032/3120 3429/2993 3435/2994
f 3152/2695 3087/2728 2490/2836
f 2494/2696 3172/2912 3277/2933
f 2703/3125 2619/3170 3226/2974
f 3146/3086 3043/2862 2478/2861
f 3144/3086 3075/2862 2482/2861
f 2699/2863 2497/2696 3089/2912
f 2621/2891 3228/2898 3187/2897
f 2620/3119 3109/2892 3057/2708
f 2622/2893 3111/3094 3090/3104
f 3436/2942 3419/2940 3030/3102
f 3268/2694 3436/2942 3417/2941
f 3268/2694 2521/2693 3191/3104
f 3437/2939 3418/2937 2956/3121
f 3140/2918 3437/2939 3265/2938
f 2959/3084 3417/2941 3437/2939
f 3438/2920 3182/2898 2513/2891
f 3418/2937 3438/2920 3137/2707
f 3030/3102 3416/2943 3438/2920
f 3179/2898 3177/2897 2508/3119
f 2518/2893 3188/3094 3191/3104
f 2623/2893 3230/3094 3192/3104
f 3439/2942 3415/2940 3027/3102
f 3264/2694 3439/2942 3413/2941
f 2522/2693 3192/3104 3439/2942
f 3261/2938 3440/2939 3414/2937
f 3136/2918 3440/2939 3261/2938
f 2947/3084 3413/2941 3440/2939
f 3441/2920 3181/2898 2512/2891
f 3414/2937 3441/2920 3133/2707
f 3027/3102 3412/2943 3441/2920
f 2693/2863 2608/2696 3221/2912
f 3442/3112 3411/3114 3026/3110
f 3258/2835 3442/3112 3409/3127
f 3258/2835 2619/2834 3108/3128
f 3443/3109 3410/3111 2938/3129
f 2692/3130 3130/3032 3443/3109
f 3130/3032 2941/3031 3409/3127
f 3444/3108 3068/3107 2499/2980
f 3410/3111 3444/3108 3127/2786
f 3026/3110 3408/3106 3444/3108
f 3210/3092 3206/3087 2583/2858
f 3126/2910 3089/2912 2497/2696
f 2519/2893 3189/3094 3190/3104
f 3405/2941 3445/2942 3407/2940
f 2935/3084 3252/2694 3445/2942
f 3252/2694 2520/2693 3190/3104
f 3446/2939 3406/2937 2932/3121
f 3124/2918 3446/2939 3249/2938
f 2935/3084 3405/2941 3446/2939
f 3447/2920 3179/2898 2510/2891
f 3406/2937 3447/2920 3121/2707
f 3406/2937 3025/3102 3404/2943
f 3448/3101 3403/3100 3024/3131
f 3248/2829 3448/3101 3401/3096
f 2623/3133 3112/3099 3448/3101
f 3449/3098 3402/3097 2922/3134
f 3120/3040 3449/3098 3245/3079
f 2925/3132 3401/3096 3449/3098
f 3450/3095 3189/3094 2519/2893
f 3402/3097 3450/3095 3117/2755
f 3024/3131 3400/3093 3450/3095
f 3208/3051 3210/3092 2585/2789
f 2583/2858 3206/3087 3212/3089
f 2613/2836 3222/2911 3243/2910
f 3114/3086 3085/2862 2480/2861
f 3451/2956 3396/2954 3023/3137
f 2883/3138 3109/3140 3451/2956
f 2620/3139 3250/2946 3451/2956
f 3452/2953 3395/2951 2791/3141
f 3237/3142 3452/2953 3202/2952
f 2883/3138 3394/2955 3452/2953
f 3453/2917 3123/2915 2509/3124
f 3395/2951 3453/2917 3074/2916
f 3023/3137 3393/2957 3453/2917
f 3390/2948 3454/2949 3392/2947
f 3099/3145 3454/2949 3390/2948
f 3099/3145 2322/3151 3211/2987
f 3455/2944 3391/2990 2933/2945
f 2620/3139 3227/3147 3455/2944
f 2844/3146 3390/2948 3455/2944
f 3456/2919 3124/2918 2690/3123
f 3391/2990 3456/2919 3122/2686
f 3022/3144 3389/2950 3456/2919
f 2496/2914 3244/2489 3195/2913
f 2493/2914 3125/2489 3046/2913
f 3457/2996 3388/2995 3021/3120
f 3251/2687 3457/2996 3386/2992
f 2690/3123 3249/2938 3457/2996
f 3458/2994 3387/2993 2745/3149
f 3123/2915 3458/2994 3178/3118
f 2934/3122 3386/2992 3458/2994
f 3459/2481 3194/2473 2315/2472
f 3387/2993 3459/2481 3050/2480
f 3021/3120 3385/2991 3459/2481
f 2298/2490 3232/2491 3244/2489
f 2682/2705 3243/2910 3170/2912
f 2327/3150 3197/2988 3211/2987
f 3241/2976 2681/3126 2480/2861
f 2501/3152 3113/2812 3383/2978
f 3460/3081 3381/3080 3020/3153
f 3247/2760 3460/3081 3379/3076
f 2686/3135 3245/3079 3460/3081
f 3461/3078 3380/3077 2756/3155
f 3119/3066 3461/3078 3188/3156
f 2924/3154 3379/3076 3461/3078
f 3462/3075 3197/2988 2327/3150
f 3380/3077 3462/3075 3060/3158
f 3020/3153 3378/3074 3462/3075
f 3463/3073 3377/3072 3019/3159
f 3111/3160 3463/3073 3375/3068
f 2622/3162 3246/3071 3463/3073
f 3464/3070 3376/3069 2781/3163
f 3239/3165 3464/3070 3200/3164
f 2885/3161 3375/3068 3464/3070
f 3465/3067 3119/3066 2518/3157
f 3376/3069 3465/3067 3072/3167
f 3019/3159 3374/3065 3465/3067
f 3466/3062 3373/3061 3018/3168
f 3257/2850 3466/3062 3371/3057
f 2692/3130 3255/3060 3466/3062
f 3467/3059 3372/3058 2818/2493
f 3129/3019 3467/3059 3086/2974
f 2940/3169 3371/3057 3467/3059
f 3468/3056 3048/3055 2307/2809
f 3372/3058 3468/3056 3214/2494
f 3018/3168 3370/3054 3468/3056
f 3220/3015 3199/3012 2403/2807
f 3107/2974 3114/3086 2681/3126
f 3225/3171 2618/3170 2681/3126
f 2309/3172 3097/2962 3365/2961
f 3212/3052 3208/3051 2584/2857
f 2693/2863 3259/2933 3162/2934
f 3106/2911 3126/2910 2691/2705
f 3469/3047 3363/3046 3017/3173
f 3101/3174 3469/3047 3361/3042
f 2329/2490 3102/3045 3469/3047
f 3470/3044 3362/3043 2923/3176
f 3229/3177 3470/3044 3246/3071
f 2846/3175 3361/3042 3470/3044
f 3471/3041 3120/3040 2686/3135
f 3362/3043 3471/3041 3118/2759
f 3017/3173 3360/3039 3471/3041
f 3472/3036 3359/3038 3016/3178
f 3097/3179 3472/3036 3357/3033
f 2309/3181 3098/3219 3472/3036
f 3473/3035 3358/3034 2939/3182
f 3225/3183 3473/3035 3256/3024
f 2842/3180 3357/3033 3473/3035
f 3128/2849 3474/3030 3130/3032
f 3358/3034 3474/3030 3128/2849
f 3358/3034 3016/3178 3356/3185
f 3096/2491 3125/2489 2493/2914
f 3207/3029 3198/3016 2404/2727
f 3475/3026 3355/3025 3015/3186
f 3107/3187 3475/3026 3353/3021
f 2618/3184 3256/3024 3475/3026
f 3476/3023 3354/3022 2732/2963
f 3235/3189 3476/3023 3047/2962
f 2881/3188 3353/3021 3476/3023
f 3477/3020 3129/3019 2498/3170
f 3354/3022 3477/3020 3175/3171
f 3015/3186 3352/3018 3477/3020
f 3198/3016 3220/3015 2405/2875
f 3199/3012 3207/3013 2402/2806
f 2485/3190 3260/2930 3171/2932
f 2485/3190 2294/3148 3231/2913
f 3478/2996 3351/2995 3014/3120
f 3263/2687 3478/2996 3349/2992
f 2694/3123 3261/2938 3478/2996
f 3479/2994 3350/2993 2747/3149
f 3135/2915 3479/2994 3180/3118
f 2946/3122 3349/2992 3479/2994
f 3480/2481 3219/2473 2311/2472
f 3350/2993 3480/2481 3052/2480
f 3014/3120 3348/2991 3480/2481
f 3481/2956 3347/2954 3013/3137
f 3038/3140 3481/2956 3345/2955
f 2508/3139 3262/2946 3481/2956
f 3482/2953 3346/2951 2801/3141
f 3166/3142 3482/2953 3205/2952
f 2718/3138 3345/2955 3482/2953
f 3483/2917 3135/2915 2511/3124
f 3346/2951 3483/2917 3077/2916
f 3013/3137 3344/2957 3483/2917
f 3484/2949 3343/2947 3012/3144
f 2744/3146 3049/3145 3484/2949
f 2318/3151 3204/2987 3484/2949
f 3485/2944 3342/2990 2945/2945
f 3177/3147 3485/2944 3262/2946
f 2744/3146 3341/2948 3485/2944
f 3486/2919 3136/2918 2694/3123
f 3342/2990 3486/2919 3134/2686
f 3012/3144 3340/2950 3486/2919
f 2328/3150 3240/2988 3204/2987
f 2326/3150 3200/2988 3209/2987
f 3194/2473 3166/2471 2310/2621
f 3487/2996 3339/2995 3005/3120
f 3267/2687 3487/2996 3337/2992
f 2697/3123 3265/2938 3487/2996
f 3488/2994 3338/2993 2751/3149
f 3139/2915 3488/2994 3183/3118
f 2958/3122 3337/2992 3488/2994
f 3489/2481 3185/2473 2317/2472
f 3338/2993 3489/2481 3055/2480
f 3005/3120 3336/2991 3489/2481
f 3490/2956 3335/2954 3004/3137
f 3035/3140 3490/2956 3333/2955
f 2517/3139 3266/2946 3490/2956
f 3491/2953 3334/2951 2723/3141
f 3163/3142 3491/2953 3168/2952
f 2714/3138 3333/2955 3491/2953
f 3492/2917 3139/2915 2514/3124
f 3334/2951 3492/2917 3040/2916
f 3004/3137 3332/2957 3492/2917
f 3493/2949 3331/2947 3003/3144
f 3059/3145 3493/2949 3329/2948
f 3059/3145 2324/3151 3209/2987
f 3494/2944 3330/2990 2957/2945
f 3187/3147 3494/2944 3266/2946
f 2755/3146 3329/2948 3494/2944
f 3495/2919 3140/2918 2697/3123
f 3330/2990 3495/2919 3138/2686
f 3003/3144 3328/2950 3495/2919
f 3101/2988 3065/2987 2321/3151
f 2322/2527 3099/2508 3054/2509
f 2312/2472 3238/2473 3163/2471
f 2699/2863 3269/2933 3039/2934
f 2285/3191 2484/3190 3270/2930
f 2484/3190 2293/3148 3046/2913
f 3271/2976 2701/3126 2482/2861
f 2503/3152 3143/2812 3326/2978
f 3176/3171 2499/3170 2701/3126
f 2307/3172 3048/2962 3323/2961
f 3068/2974 3144/3086 2701/3126
f 3273/2976 2702/3126 2478/2861
f 2500/3152 3145/2812 3317/2978
f 3175/3171 2498/3170 2702/3126
f 2308/3172 3047/2962 3314/2961
f 3086/2974 3146/3086 2702/3126
f 2476/2861 2703/3125 3275/2970
f 2476/2861 3039/2934 3148/2964
f 2505/3152 3276/2907 3305/2966
f 2703/3125 3148/2964 3108/3171
f 2306/3172 3236/2962 3302/2961
f 2704/2863 3277/2933 3165/2934
f 2610/3190 3278/2930 3203/2932
f 2296/3148 3216/2913 3278/2930
f 3151/2458 3041/2456 2303/2822
f 3093/2468 3151/2458 2489/2457
f 3103/2697 3152/2695 2705/2705
f 3496/2688 3300/2957 2999/3137
f 3283/2686 3496/2688 3298/2954
f 2706/3123 3281/2687 3496/2688
f 3497/2956 3299/2955 2730/3138
f 3155/2946 3497/2956 3045/3140
f 3155/2946 2986/2945 3298/2954
f 3498/2953 3058/2952 2313/3143
f 3299/2955 3498/2953 3173/3142
f 2999/3137 3297/2951 3498/2953
f 3294/2947 3499/2692 3296/2950
f 2764/3010 3193/2734 3499/2692
f 3193/2734 2523/2693 3282/2694
f 3056/3145 3500/2949 3295/2948
f 2321/3151 3065/2987 3500/2949
f 3065/2987 2764/3010 3294/2947
f 3501/2944 3155/2946 2515/3139
f 3295/2948 3501/2944 3184/3147
f 3295/2948 2998/3144 3293/2990
f 3290/2940 3502/2528 3292/2943
f 2828/3103 3218/2521 3502/2528
f 3218/2521 2320/2507 3100/2509
f 3503/2942 3291/2941 2985/3084
f 2523/2693 3090/3104 3503/2942
f 3090/3104 2828/3103 3290/2940
f 3504/2939 3156/2938 2706/3123
f 3291/2941 3504/2939 3154/2918
f 2997/3102 3289/2937 3504/2939
f 2321/2527 3056/2508 3053/2509
f 2707/2863 3285/2933 3164/2934
f 2609/3190 3286/2930 3213/2932
f 2290/3148 3195/2913 3286/2930
f 2709/2705 3287/2910 3172/2912
f 2488/2914 3288/2489 3216/2913
f 2304/2490 3233/2491 3288/2489
f 2878/3192 3105/2728 3160/2695
f 2994/2926 3160/2695 3088/2697
f 2993/2959 3159/2458 3044/2468
f 2775/2927 3067/2697 3158/2860
f 2992/2929 3158/2860 3085/2862
f 2991/3115 3157/2470 3036/2743
f 2752/2980 3184/2897 3181/2898
f 3505/2920 3284/2707 2987/3121
f 3292/2943 3505/2920 3289/2937
f 3292/2943 2845/2935 3228/2898
f 3293/2990 3506/2919 3283/2686
f 2998/3144 3296/2950 3506/2919
f 2985/3084 3154/2918 3506/2919
f 3507/2917 3186/2916 2754/3141
f 3300/2957 3507/2917 3297/2951
f 2984/3122 3153/2915 3507/2917
f 3231/2913 3280/2489 2977/2926
f 3221/2912 3279/2910 2976/2959
f 3279/2910 3169/2911 2724/3049
f 2820/2927 3088/2697 3150/2860
f 2975/2929 3150/2860 3075/2862
f 2974/3115 3149/2470 3037/2743
f 2740/2975 3301/2908 3276/2907
f 2772/2977 3304/2741 3167/2743
f 3307/2496 3147/2497 2502/2495
f 2734/2975 3313/2810 3145/2812
f 2821/2977 3316/2741 3034/2743
f 2738/2975 3322/2810 3143/2812
f 2805/2977 3325/2741 3037/2743
f 2731/2927 3174/2697 3142/2860
f 2965/2929 3142/2860 3161/2862
f 2964/3115 3141/2470 3167/2743
f 3110/2708 3035/2892 2714/2979
f 2749/2935 2844/2980 3227/2897
f 3229/2733 3193/2734 2764/3010
f 3328/2950 3508/2692 3268/2694
f 3331/2947 3508/2692 3328/2950
f 3331/2947 2812/3010 3081/2734
f 3509/2688 3267/2687 2958/3122
f 3335/2954 3509/2688 3332/2957
f 2957/2945 3138/2686 3509/2688
f 3510/2709 3057/2708 2753/2997
f 3339/2995 3510/2709 3336/2991
f 2956/3121 3137/2707 3510/2709
f 2768/2997 3066/2708 3038/2892
f 2781/2986 3072/2733 3081/2734
f 2886/2986 3112/2733 3076/2734
f 3511/2692 3264/2694 2947/3084
f 3343/2947 3511/2692 3340/2950
f 2800/3010 3076/2734 3511/2692
f 3512/2688 3263/2687 2946/3122
f 3347/2954 3512/2688 3344/2957
f 2945/2945 3134/2686 3512/2688
f 3513/2709 3091/2708 2829/2997
f 3351/2995 3513/2709 3348/2991
f 2944/3121 3133/2707 3513/2709
f 2943/2929 2874/2927 3103/2697
f 2943/2929 3132/2860 3043/2862
f 2780/3193 3071/2790 3079/2859
f 3070/2839 3092/2791 2832/3053
f 3514/2851 3257/2850 2940/3169
f 3355/3025 3514/2851 3352/3018
f 2939/3182 3128/2849 3514/2851
f 3079/2840 3070/2839 2779/3014
f 2841/3192 3224/2728 3253/2695
f 3356/3185 3515/2833 3258/2835
f 3359/3038 3515/2833 3356/3185
f 3359/3038 2843/3037 3226/3194
f 3516/2830 3248/2829 2925/3132
f 3363/3046 3516/2830 3360/3039
f 2847/3195 3230/2828 3516/2830
f 2880/3049 3234/2456 3254/2458
f 2942/3115 3131/2470 3034/2743
f 3084/2814 3080/2615 2811/3091
f 2735/2975 3364/2810 3113/2812
f 3092/2791 3071/2790 2780/3193
f 3517/2788 3176/2787 2733/3196
f 3373/3061 3517/2788 3370/3054
f 2938/3129 3127/2786 3517/2788
f 3518/2761 3247/2760 2924/3154
f 3377/3072 3518/2761 3374/3065
f 2923/3176 3118/2759 3518/2761
f 3519/2756 3069/2733 2777/2986
f 3381/3080 3519/2756 3378/3074
f 2922/3134 3117/2755 3519/2756
f 2822/2977 3382/2741 3036/2743
f 2777/2986 3069/2733 3083/2734
f 2918/2959 3115/2458 3042/2468
f 2876/3192 3104/2728 3116/2695
f 3385/2991 3520/2709 3066/2708
f 3388/2995 3520/2709 3385/2991
f 3388/2995 2932/3121 3121/2707
f 3253/2695 3174/2697 2731/2927
f 2919/2926 3116/2695 3067/2697
f 3521/2692 3252/2694 2935/3084
f 3022/3144 3392/2947 3521/2692
f 3392/2947 2814/3010 3083/2734
f 3522/2688 3251/2687 2934/3122
f 3396/2954 3522/2688 3393/2957
f 2933/2945 3122/2686 3522/2688
f 2837/3049 3094/2456 3115/2458
f 2809/3197 3078/2592 3084/2639
f 3080/2615 3082/2593 2813/3105
f 3523/2610 3061/2522 2757/3117
f 3403/3100 3523/2610 3400/3093
f 2886/3198 3240/2609 3523/2610
f 3404/2943 3524/2528 3051/2509
f 3025/3102 3407/2940 3524/2528
f 3407/2940 2758/3103 3062/2521
f 2758/3103 2757/3117 3061/2522
f 3254/2458 3217/2468 2824/2928
f 3082/2593 3078/2592 2809/3197
f 3525/2587 3196/2586 2776/3199
f 3026/3110 3411/3114 3525/2587
f 2882/3113 3236/2585 3525/2587
f 2942/3115 2835/2928 3093/2468
f 3526/2528 3053/2509 2748/2935
f 3415/2940 3526/2528 3412/2943
f 2761/3103 3064/2521 3526/2528
f 2847/3117 3102/2522 3064/2521
f 2756/3117 3060/2522 3063/2521
f 3051/2509 3049/2508 2744/2980
f 3527/2528 3054/2509 2749/2935
f 3419/2940 3527/2528 3416/2943
f 2760/3103 3063/2521 3527/2528
f 3239/2522 3218/2521 2828/3103
f 2753/2997 2883/2979 3237/2471
f 2845/2935 3100/2509 3059/2508
f 2824/2928 3217/2468 3141/2470
f 3426/2492 3098/2494 2309/2809
f 2728/2928 3044/2468 3149/2470
f 3280/2489 3215/2491 2819/3192
f 3528/2481 3201/2480 2787/3149
f 3432/2991 3528/2481 3429/2993
f 2884/2997 3238/2473 3528/2481
f 2730/2979 3173/2471 3219/2473
f 2725/2928 3042/2468 3157/2470
f 2839/3049 3095/2456 3159/2458
o LeftArm
v 8.1 3.9 2.1
v 8.1 3.9 -2.1
v 3.9 3.9 -2.1
v 3.9 3.9 2.1
v 3.375 3.9 -2.625
v 3.375 3.9 2.625
v 8.625 3.9 -2.625
v 8.625 3.9 2.625
v 3.375 -0.3 -2.625
v 3.375 -0.3 2.625
v 8.625 -0.3 -2.625
v 8.625 -0.3 2.625
v 4.95 -2.4 -2.625
v 4.95 -2.4 2.625
v 8.1 6 2.1
v 3.9 6 2.1
v 3.9 6 -2.1
v 8.1 6 -2.1
v 8.625 6 -2.625
v 8.625 6 2.625
v 3.375 6 -2.625
v 3.375 6 2.625
v 8.625 10.2 -2.625
v 8.625 10.2 2.625
v 3.375 10.2 -2.625
v 3.375 10.2 2.625
v 3.9 10.2 2.1
v 3.9 10.2 -2.1
v 8.1 10.2 -2.1
v 8.1 10.2 2.1
v 3.9 11.25 -2.1
v 3.9 11.25 2.1
v 8.1 11.25 -2.1
v 8.1 11.25 2.1
v 3.375 11.25 -2.625
v 3.375 11.25 2.625
v 8.625 11.25 -2.625
v 8.625 11.25 2.625
v 3.375 13.35 -2.625
v 3.375 13.35 2.625
v 8.1 13.35 -2.625
v 8.1 13.35 2.625
v 9.15 1.275 1.575
v 9.15 2.325 1.575
v 9.15 1.275 -0.525
v 9.15 2.325 -0.525
v 8.625 0.225 1.575
v 8.625 3.375 1.575
v 8.625 0.225 -0.525
v 8.625 3.375 -0.525
v 8.7562 1.275 3.15
v 8.7562 2.325 2.1
v 8.7562 1.275 -1.05
v 8.7562 2.325 -1.05
v 9.0187 1.275 -1.05
v 9.0187 1.275 3.15
v 9.0187 2.325 2.1
v 9.0187 2.325 -1.05
v 8.625 1.0125 -1.05
v 8.625 2.5875 -1.05
v 9.15 1.0125 -1.05
v 9.15 2.5875 -1.05
v 8.625 2.5875 -1.575
v 8.625 1.0125 -1.575
v 9.15 2.5875 -1.575
v 9.15 1.0125 -1.575
v 9.15 2.0625 -1.575
v 8.625 2.0625 -1.575
v 9.15 1.5375 -1.575
v 8.625 1.5375 -1.575
v 9.15 1.5375 -2.625
v 9.15 2.0625 -2.625
v 8.625 2.0625 -2.625
v 8.625 1.5375 -2.625
v 8.625 -2.4 0.525
v 5.475 -2.4 0.525
v 8.625 -2.4 -0.525
v 5.475 -2.4 -0.525
v 7.575 -0.3 -0.525
v 7.575 -0.3 0.525
v 5.475 -0.3 0.525
v 5.475 -0.3 -0.525
v 8.1 6 -0
v 8.3625 6 0.2625
v 3.6375 3.9 -0.2625
v 3.375 3.9 -0
v 6 3.9 2.625
v 6.2625 3.9 2.3625
v 8.625 3.9 -0
v 8.3625 3.9 -0.2625
v 8.1 3.9 -0
v 8.1 4.95 2.1
v 6.2625 3.9 -2.3625
v 6 3.9 -2.1
v 4.1625 -1.35 -2.625
v 6 -0.3 -2.625
v 6.7875 -1.35 -2.625
v 3.375 1.8 -2.625
v 3.375 1.8 2.625
v 8.625 1.8 2.625
v 8.625 1.8 -2.625
v 6 -0.3 2.625
v 4.1625 -1.35 2.625
v 6.7875 -1.35 2.625
v 3.375 -0.3 0
v 8.625 -0.3 0
v 8.1 4.95 -2.1
v 6 6 -2.1
v 6 3.9 2.1
v 3.9 4.95 2.1
v 3.9 3.9 -0
v 3.9 4.95 -2.1
v 3.375 6 -0
v 3.375 8.1 -2.625
v 3.9 6 -0
v 3.6375 6 -0.2625
v 6.2625 6 2.3625
v 6 6 2.625
v 6.2625 6 -2.3625
v 6.2625 10.2 -2.3625
v 6 10.2 -2.1
v 6 6 -2.625
v 8.625 8.1 -2.625
v 3.375 8.1 2.625
v 8.625 6 -0
v 8.625 8.1 2.625
v 6 10.2 2.1
v 8.625 10.2 -0
v 8.3625 10.2 -0.2625
v 6 10.2 2.625
v 6.2625 10.2 2.3625
v 3.6375 10.2 -0.2625
v 3.375 10.2 -0
v 8.1 11.25 -0
v 8.3625 11.25 0.2625
v 8.1 10.2 -0
v 3.9 10.2 -0
v 6 11.25 -2.625
v 8.3625 12.3 -2.625
v 6 11.25 -2.1
v 6.2625 11.25 -2.3625
v 3.9 11.25 -0
v 3.6375 11.25 -0.2625
v 6.2625 11.25 2.3625
v 6 11.25 2.625
v 3.375 13.35 -0
v 5.7375 13.35 -2.625
v 3.375 11.25 -0
v 3.375 12.3 -2.625
v 3.375 12.3 2.625
v 5.7375 13.35 2.625
v 8.625 11.25 -0
v 8.3625 12.3 2.625
v 9.15 1.275 0.525
v 9.15 2.325 0.525
v 8.7562 1.8 0.525
v 8.7562 1.275 1.05
v 9.0187 1.275 1.05
v 9.0187 1.8 0.525
v 8.7562 2.325 0.525
v 8.625 1.8 -1.05
v 9.15 1.8 -1.575
v 9.15 1.8 -1.05
v 7.05 -2.4 0.525
v 7.05 -2.4 -0.525
v 8.1 -1.35 -0.525
v 5.475 -1.35 0.525
v 6.525 -0.3 0.525
v 5.475 -1.35 -0.525
v 8.1 -1.35 0.525
v 6 3.9 -2.625
v 4.95 -2.4 0
v 6 6 2.1
v 6 10.2 -2.625
v 6 11.25 2.1
v 8.1 13.35 -0
v 8.625 3.375 0.525
v 8.625 0.225 0.525
v 9.0187 2.325 0.525
v 8.625 1.8 -1.575
v 6.525 -0.3 -0.525
v 6.7875 -1.35 0.525
v 8.1 4.95 -0
v 5.7375 13.35 -0
v 6.7875 -1.35 0
v 5.8687 12.3 2.625
v 3.375 12.3 -0
v 8.3625 12.3 -0
v 6 8.1 2.625
v 5.8687 12.3 -2.625
v 8.625 1.8 -0
v 3.375 1.8 -0
v 6.7875 -1.35 -0.525
v 3.9 4.95 -0
v 4.1625 -1.35 0
v 6 8.1 -2.625
v 6 4.95 2.1
v 6 4.95 -2.1
v 6 1.8 -2.625
v 3.375 8.1 -0
v 8.625 8.1 -0
v 6 1.8 2.625
v 8.1 6 -1.05
v 8.4937 6 1.4438
v 3.5062 3.9 -1.4438
v 3.375 3.9 1.3125
v 7.3125 3.9 2.625
v 7.4437 3.9 2.4937
v 8.625 3.9 1.3125
v 8.4937 3.9 -1.4438
v 8.1 3.9 -1.05
v 7.05 3.9 2.1
v 7.4437 3.9 -2.4937
v 4.95 3.9 -2.1
v 7.3125 -0.3 -2.625
v 5.8687 -1.875 -2.625
v 3.375 0.75 -2.625
v 7.05 3.9 -2.1
v 4.95 10.2 -2.1
v 3.375 0.75 2.625
v 5.0812 3.9 -2.2313
v 8.625 0.75 2.625
v 8.625 0.75 -2.625
v 7.3125 -0.3 2.625
v 5.8687 -1.875 2.625
v 3.375 -0.3 1.3125
v 5.0812 6 -2.2313
v 3.7687 6 0.9187
v 8.625 -0.3 1.3125
v 7.05 6 -2.1
v 4.95 3.9 2.1
v 4.6875 -0.3 -2.625
v 3.9 3.9 1.05
v 3.375 6 1.3125
v 4.6875 -0.3 2.625
v 3.375 9.15 -2.625
v 3.9 6 -1.05
v 3.5062 6 -1.4438
v 7.4437 6 2.4937
v 4.6875 6 2.625
v 7.4437 6 -2.4938
v 5.0812 10.2 -2.2313
v 7.05 10.2 -2.1
v 4.6875 6 -2.625
v 7.7062 -0.825 -2.625
v 8.625 9.15 -2.625
v 3.375 2.85 -2.625
v 3.375 9.15 2.625
v 8.625 6 1.3125
v 7.4437 10.2 -2.4938
v 8.625 9.15 2.625
v 7.05 10.2 2.1
v 8.625 10.2 1.3125
v 8.2312 10.2 0.9187
v 4.6875 10.2 2.625
v 5.0812 10.2 2.2312
v 3.7687 10.2 0.9187
v 3.375 10.2 1.3125
v 8.1 11.25 1.05
v 8.4937 11.25 1.4437
v 8.1 10.2 1.05
v 4.95 6 -2.1
v 8.1 3.9 1.05
v 3.9 10.2 -1.05
v 7.3125 11.25 -2.625
v 3.7687 3.9 0.9187
v 7.05 11.25 -2.1
v 7.4437 11.25 -2.4938
v 3.9 11.25 1.05
v 3.5062 11.25 -1.4438
v 7.4437 11.25 2.4937
v 7.3125 11.25 2.625
v 3.375 13.35 1.3125
v 7.3125 6 -2.625
v 6.9187 13.35 -2.625
v 3.375 11.25 1.3125
v 7.7062 -0.825 2.625
v 3.375 3.9 -1.3125
v 6.9187 13.35 2.625
v 8.625 11.25 1.3125
v 8.625 2.85 2.625
v 3.375 2.85 2.625
v 8.625 2.85 -2.625
v 3.375 -0.3 -1.3125
v 8.7562 1.5375 -0.2625
v 8.7562 1.275 0
v 9.0187 1.275 2.1
v 9.0187 2.0625 1.3125
v 4.6875 3.9 2.625
v 8.7562 2.325 -0.2625
v 5.0812 6 2.2312
v 3.9 6 1.05
v 5.0812 3.9 2.2313
v 8.625 3.9 -1.3125
v 7.3125 6 2.625
v 8.625 7.05 -2.625
v 3.9 3.9 -1.05
v 8.2312 3.9 0.9187
v 3.375 6 -1.3125
v 8.625 -0.3 -1.3125
v 6.2625 -2.4 0.525
v 3.375 7.05 -2.625
v 6.2625 -2.4 -0.525
v 8.2312 6 -0.9187
v 8.1 6 1.05
v 3.375 7.05 2.625
v 8.625 6 -1.3125
v 7.3125 3.9 -2.625
v 4.95 -2.4 1.3125
v 4.95 6 2.1
v 4.6875 10.2 -2.625
v 7.05 11.25 2.1
v 8.1 13.35 1.3125
v 9.0187 2.325 -0.2625
v 8.625 7.05 2.625
v 4.95 10.2 2.1
v 8.625 10.2 -1.3125
v 8.4937 10.2 -1.4438
v 7.3125 10.2 2.625
v 7.4437 10.2 2.4937
v 3.5062 10.2 -1.4438
v 3.375 10.2 -1.3125
v 8.1 11.25 -1.05
v 8.2312 11.25 -0.9188
v 8.1 10.2 -1.05
v 3.9 10.2 1.05
v 4.6875 11.25 -2.625
v 4.95 11.25 -2.1
v 5.0812 11.25 -2.2313
v 3.9 11.25 -1.05
v 3.7687 11.25 0.9187
v 5.0812 11.25 2.2312
v 4.6875 11.25 2.625
v 3.375 13.35 -1.3125
v 4.5562 13.35 -2.625
v 3.375 11.25 -1.3125
v 4.5562 13.35 2.625
v 8.625 11.25 -1.3125
v 8.7562 2.0625 1.3125
v 8.7562 1.275 2.1
v 9.0187 1.275 -0
v 9.0187 1.5375 -0.2625
v 8.7562 2.325 1.3125
v 7.8375 -2.4 0.525
v 7.8375 -2.4 -0.525
v 4.6875 3.9 -2.625
v 4.95 -2.4 -1.3125
v 7.05 6 2.1
v 7.3125 10.2 -2.625
v 4.95 11.25 2.1
v 8.1 13.35 -1.3125
v 9.0187 2.325 1.3125
v 8.1 4.95 1.05
v 8.1 4.95 -1.05
v 5.7375 13.35 -1.3125
v 5.7375 13.35 1.3125
v 4.5562 13.35 -0
v 6.9187 13.35 -0
v 7.7062 -0.825 0
v 5.8687 -1.875 0
v 6.7875 -1.35 1.3125
v 6.7875 -1.35 -1.3125
v 4.6219 12.3 2.625
v 7.1156 12.3 2.625
v 3.375 12.3 -1.3125
v 3.375 12.3 1.3125
v 8.3625 12.3 1.3125
v 8.3625 12.3 -1.3125
v 4.6875 8.1 2.625
v 7.3125 8.1 2.625
v 6 7.05 2.625
v 6 9.15 2.625
v 7.1156 12.3 -2.625
v 4.6219 12.3 -2.625
v 8.625 1.8 -1.3125
v 8.625 1.8 1.3125
v 8.625 2.85 -0
v 8.625 0.75 -0
v 3.375 1.8 1.3125
v 3.375 1.8 -1.3125
v 3.375 2.85 -0
v 3.375 0.75 -0
v 3.9 4.95 -1.05
v 3.9 4.95 1.05
v 4.1625 -1.35 1.3125
v 4.1625 -1.35 -1.3125
v 7.3125 8.1 -2.625
v 4.6875 8.1 -2.625
v 6 7.05 -2.625
v 6 9.15 -2.625
v 4.95 4.95 2.1
v 7.05 4.95 2.1
v 7.05 4.95 -2.1
v 4.95 4.95 -2.1
v 6 0.75 -2.625
v 6 2.85 -2.625
v 4.6875 1.8 -2.625
v 7.3125 1.8 -2.625
v 5.0812 -0.825 2.625
v 5.475 -1.35 2.625
v 3.375 8.1 -1.3125
v 3.375 8.1 1.3125
v 3.375 7.05 -0
v 3.375 9.15 -0
v 8.625 8.1 1.3125
v 8.625 8.1 -1.3125
v 8.625 7.05 -0
v 8.625 9.15 -0
v 7.3125 1.8 2.625
v 4.6875 1.8 2.625
v 6 2.85 2.625
v 6 0.75 2.625
v 5.475 -1.35 -2.625
v 5.0812 -0.825 -2.625
v 4.6875 0.75 2.625
v 4.6875 2.85 2.625
v 7.3125 2.85 2.625
v 8.625 9.15 -1.3125
v 8.625 7.05 -1.3125
v 8.625 7.05 1.3125
v 3.375 9.15 1.3125
v 3.375 7.05 1.3125
v 3.375 7.05 -1.3125
v 7.3125 2.85 -2.625
v 4.6875 2.85 -2.625
v 4.6875 0.75 -2.625
v 4.6875 9.15 -2.625
v 4.6875 7.05 -2.625
v 7.3125 7.05 -2.625
v 3.375 0.75 -1.3125
v 3.375 2.85 -1.3125
v 3.375 2.85 1.3125
v 8.625 0.75 1.3125
v 8.625 2.85 1.3125
v 8.625 2.85 -1.3125
v 7.3125 9.15 2.625
v 7.3125 7.05 2.625
v 4.6875 7.05 2.625
v 6.9187 13.35 1.3125
v 4.5562 13.35 1.3125
v 7.7062 -0.825 1.3125
v 4.5562 13.35 -1.3125
v 5.8687 -1.875 -1.3125
v 5.8687 -1.875 1.3125
v 6.9187 13.35 -1.3125
v 7.7062 -0.825 -1.3125
v 4.6875 9.15 2.625
v 8.625 0.75 -1.3125
v 3.375 0.75 1.3125
v 7.3125 9.15 -2.625
v 7.3125 0.75 -2.625
v 3.375 9.15 -1.3125
v 8.625 9.15 1.3125
v 7.3125 0.75 2.625
vt 0.6937 0.4526
vt 0.725 0.4655
vt 0.675 0.4655
vt 0.1938 0.5474
vt 0.25 0.5517
vt 0.1875 0.5517
vt 0.975 0.5345
vt 0.9375 0.5517
vt 0.9187 0.5388
vt 0.725 0.5345
vt 0.6875 0.5517
vt 0.6687 0.5388
vt 0.675 0.2586
vt 0.725 0.2931
vt 0.675 0.2931
vt 0.3312 0.5388
vt 0.275 0.5345
vt 0.325 0.5345
vt 0.3125 0.6897
vt 0.375 0.6897
vt 0.3312 0.7069
vt 0.8125 0.6897
vt 0.75 0.6552
vt 0.8125 0.6552
vt 0.6875 0.3103
vt 0.75 0.3448
vt 0.6875 0.3448
vt 0.925 0.2586
vt 0.975 0.2931
vt 0.925 0.2931
vt 0.1875 0.3103
vt 0.25 0.3448
vt 0.1875 0.3448
vt 0.9375 0.6897
vt 0.9187 0.7069
vt 0.875 0.6897
vt 0.35 0.8276
vt 0.375 0.8448
vt 0.35 0.8448
vt 0.55 0.9138
vt 0.575 0.9483
vt 0.55 0.9483
vt 0.5 0.6552
vt 0.4375 0.6897
vt 0.4375 0.6552
vt 0.275 0.5
vt 0.325 0.4655
vt 0.325 0.5
vt 0.35 0.7759
vt 0.375 0.8103
vt 0.35 0.8103
vt 0.3 0.7586
vt 0.35 0.7931
vt 0.3 0.7931
vt 0.1938 0.4526
vt 0.225 0.4655
vt 0.175 0.4655
vt 0.8063 0.4526
vt 0.75 0.4483
vt 0.8125 0.4483
vt 0.4437 0.4526
vt 0.475 0.4655
vt 0.425 0.4655
vt 0.3312 0.2974
vt 0.275 0.2931
vt 0.325 0.2931
vt 0.925 0.4655
vt 0.975 0.5
vt 0.925 0.5
vt 0.4375 0.3103
vt 0.5 0.3448
vt 0.4375 0.3448
vt 0.0625 0.7586
vt 0 0.7241
vt 0.0625 0.7241
vt 0.425 0.2586
vt 0.475 0.2931
vt 0.425 0.2931
vt 0.6687 0.2974
vt 0.9375 0.3103
vt 0.9187 0.2974
vt 0.1938 0.306
vt 0.25 0.3103
vt 0.6937 0.2457
vt 0.725 0.2586
vt 0.225 0.5
vt 0.175 0.5
vt 0.4 0.7759
vt 0.375 0.7586
vt 0.4 0.7586
vt 0.45 0.8276
vt 0.475 0.8448
vt 0.45 0.8448
vt 0.2 0.8707
vt 0.25 0.8966
vt 0.2 0.9138
vt 0.4437 0.2457
vt 0.475 0.2586
vt 0.1938 0.2457
vt 0.225 0.2586
vt 0.175 0.2586
vt 0.8063 0.2457
vt 0.75 0.2414
vt 0.8125 0.2414
vt 0.0625 0.6897
vt 0 0.6552
vt 0.0625 0.6552
vt 0.5625 0.6897
vt 0.5625 0.6552
vt 0.4281 0.2069
vt 0.475 0.1724
vt 0.4875 0.2069
vt 0.3 0.8276
vt 1 0.3448
vt 0.9375 0.3448
vt 0.6875 0.1724
vt 0.75 0.2069
vt 0.6875 0.2069
vt 0.1875 0.1724
vt 0.25 0.2069
vt 0.1875 0.2069
vt 0.5375 0.8362
vt 0.55 0.8103
vt 0.55 0.8448
vt 0.625 0.9138
vt 0.575 0.9138
vt 0.6125 0.8879
vt 0.8219 0.2069
vt 0.775 0.1724
vt 0.8313 0.1724
vt 0.5 0.7198
vt 0.5625 0.7198
vt 0.15 0.9052
vt 0.1 0.931
vt 0.1 0.9052
vt 0.65 0.9483
vt 0.65 0.9138
vt 0.4125 0.8621
vt 0.45 0.8621
vt 0.625 0.8362
vt 0.65 0.8103
vt 0.65 0.8362
vt 0.475 0.1293
vt 0.4188 0.1724
vt 0.4188 0.1293
vt 0.425 0.8103
vt 0.4 0.8103
vt 0.4125 0.8103
vt 0.4125 0.8276
vt 0.225 0.2931
vt 0.175 0.2931
vt 0.3 0.8621
vt 0.25 0.8276
vt 0.725 0.5
vt 0.675 0.5
vt 0.375 0.7759
vt 0.05 0.8707
vt 0 0.8966
vt 0 0.8621
vt 0.15 0.9655
vt 0.15 0.931
vt 0.4125 0.8448
vt 0.1 0.7586
vt 0.15 0.7931
vt 0.1 0.7931
vt 0.6875 0.4483
vt 0.225 0.5345
vt 0.175 0.5345
vt 0.925 0.5345
vt 0.675 0.5345
vt 0.35 0.8621
vt 0.3125 0.5517
vt 0.875 0.4655
vt 0.9187 0.4612
vt 0.9406 0.2069
vt 0.8875 0.1724
vt 0.9437 0.1724
vt 0.3312 0.4612
vt 0.375 0.4483
vt 0.3875 0.4569
vt 0.05 0.8276
vt 0 0.8276
vt 0.625 0.7802
vt 0.6875 0.75
vt 0.6875 0.7802
vt 0.375 0.8621
vt 0.0813 0.4612
vt 0.125 0.4483
vt 0.1375 0.4569
vt 0.4375 0.5517
vt 0.3875 0.5431
vt 0.4437 0.5474
vt 0.575 0.5
vt 0.625 0.5345
vt 0.575 0.5345
vt 0.375 0.8276
vt 0.1875 0.4483
vt 0.25 0.4483
vt 0.775 0.4655
vt 0.825 0.4655
vt 0.4375 0.4483
vt 0.5 0.4483
vt 0.3125 0.3103
vt 0.6125 0.5431
vt 0.5563 0.5474
vt 0.825 0.5345
vt 0.8625 0.5431
vt 0.8063 0.5474
vt 0.5 0.7802
vt 0.5625 0.75
vt 0.5625 0.7802
vt 0.3875 0.3017
vt 0.4437 0.306
vt 0.6875 0.2414
vt 0.575 0.4655
vt 0.625 0.5
vt 0.575 0.2931
vt 0.6125 0.3017
vt 0.5563 0.306
vt 0.3625 0.1293
vt 0.3063 0.1724
vt 0.3063 0.1293
vt 0.875 0.2586
vt 0.9187 0.2543
vt 0.4375 0.2414
vt 0.5 0.2414
vt 0.1875 0.2414
vt 0.25 0.2414
vt 0.775 0.2586
vt 0.825 0.2586
vt 0.9375 0.2414
vt 0.8812 0.2069
vt 0.1 0.8534
vt 0.0813 0.2543
vt 0.125 0.2414
vt 0.1375 0.25
vt 0.5813 0.4612
vt 0.625 0.4483
vt 0.6375 0.4569
vt 0.125 0.5345
vt 0.0813 0.5388
vt 0.075 0.5345
vt 0.15 0.8276
vt 0.1 0.8276
vt 0.05 0.9138
vt 0.5 0.8103
vt 0.5 0.8362
vt 0.625 0.8879
vt 0.3312 0.2543
vt 0.375 0.2414
vt 0.3875 0.25
vt 0.15 0.8534
vt 0.1 0.8793
vt 0.65 0.8621
vt 0.65 0.8879
vt 0.5813 0.2543
vt 0.625 0.2414
vt 0.6375 0.25
vt 0.125 0.2931
vt 0.0813 0.2974
vt 0.075 0.2931
vt 0.625 0.7198
vt 0.6875 0.6897
vt 0.6875 0.7198
vt 0.7625 0.2069
vt 0.825 0.2931
vt 0.8625 0.3017
vt 0.8063 0.306
vt 0.3625 0.0431
vt 0.3063 0.0862
vt 0.3063 0.0431
vt 0.075 0.2586
vt 0.475 0.0431
vt 0.4188 0.0862
vt 0.4188 0.0431
vt 0.5 0.8621
vt 0.5125 0.8879
vt 0.5 0.8879
vt 0.6 0.8621
vt 0.5875 0.8362
vt 0.575 0.8448
vt 0.55 0.8793
vt 0.15 1
vt 0.1 0.9655
vt 0.0625 0.2069
vt 0.0625 0.2414
vt 0.0625 0.1724
vt 0.125 0.2069
vt 0.5625 0.2069
vt 0.5625 0.2414
vt 0.5625 0.1724
vt 0.625 0.2069
vt 0.9375 0.4138
vt 1 0.3793
vt 1 0.4138
vt 0.8125 0.3793
vt 0.875 0.4138
vt 0.8125 0.4138
vt 0.8125 0.3448
vt 0.875 0.3103
vt 0.875 0.3448
vt 0.25 0.7931
vt 0.3125 0.2414
vt 0.3688 0.2069
vt 0.3094 0.2069
vt 0.3625 0.1724
vt 0.5625 0.6207
vt 0.5 0.5862
vt 0.5625 0.5862
vt 0.6875 0.6207
vt 0.625 0.5862
vt 0.6875 0.5862
vt 0.625 0.6552
vt 0.6875 0.6552
vt 0.0625 0.6207
vt 0 0.5862
vt 0.0625 0.5862
vt 0.1875 0.6207
vt 0.125 0.5862
vt 0.1875 0.5862
vt 0.1875 0.6897
vt 0.125 0.6552
vt 0.1875 0.6552
vt 0.875 0.2414
vt 0.125 0.2586
vt 0.375 0.2586
vt 0.325 0.2586
vt 0.15 0.8793
vt 0.2 0.8276
vt 0.25 0.8621
vt 0.075 0.5
vt 0.075 0.4655
vt 0.125 0.5
vt 0.625 0.2586
vt 0.575 0.2586
vt 0.125 0.3103
vt 0.0625 0.3103
vt 0.8125 0.3103
vt 0.5625 0.3103
vt 0.375 0.2931
vt -0 0.6897
vt 0.1875 0.7241
vt 0.125 0.6897
vt 0.1875 0.7586
vt 0.125 0.7241
vt 0.4375 0.4138
vt 0.5 0.3793
vt 0.5 0.4138
vt 0.3125 0.3793
vt 0.375 0.4138
vt 0.3125 0.4138
vt 0.375 0.3448
vt 0.3125 0.3448
vt 0.875 0.5
vt 0.875 0.5345
vt 0.825 0.5
vt 0.375 0.4655
vt 0.875 0.4483
vt 0.9375 0.4483
vt 0.125 0.4655
vt 0.25 0.7586
vt 0.375 0.5
vt 0.425 0.5
vt 0.425 0.5345
vt 0.375 0.6552
vt 0.3125 0.6552
vt 0.3125 0.5862
vt 0.375 0.6207
vt 0.3125 0.6207
vt 0.4375 0.6207
vt 0.4375 0.5862
vt 0.575 0.8793
vt 0.7937 0.7069
vt 0.75 0.6897
vt 0.9625 0.7241
vt 0.9 0.7241
vt 0.8812 0.7414
vt 0.8375 0.7241
vt 0.1875 0.3793
vt 0.25 0.4138
vt 0.1875 0.4138
vt 0.0625 0.3793
vt 0.125 0.4138
vt 0.0625 0.4138
vt 0.125 0.3448
vt 0.0625 0.3448
vt 0.875 0.2931
vt 0.6875 0.3793
vt 0.75 0.4138
vt 0.6875 0.4138
vt 0.5625 0.3793
vt 0.625 0.4138
vt 0.5625 0.4138
vt 0.625 0.3448
vt 0.5625 0.3448
vt 0.8125 0.6207
vt 0.75 0.5862
vt 0.8125 0.5862
vt 0.9375 0.5862
vt 0.875 0.6207
vt 0.875 0.5862
vt 0.875 0.6552
vt 0.9375 0.6552
vt 0.35 0.7241
vt 0.4125 0.7241
vt 0.3688 0.7414
vt 0.5 0.6897
vt 0.4562 0.7069
vt 0.625 0.2931
vt 0.5625 0.5517
vt 0.8125 0.5517
vt 0.125 0.5517
vt 0.0625 0.5517
vt 0.625 0.4655
vt 0.525 0.4655
vt 0.025 0.5345
vt -0 0.5517
vt 0.75 0.5517
vt 0.5 0.5517
vt 0.525 0.2586
vt 0.525 0.2931
vt 0.475 0.5345
vt 0.2875 0.7241
vt 0.325 0.7586
vt 0.9375 0.6207
vt 1 0.6552
vt 1 0.6207
vt 0.875 0.5517
vt 1 0.5517
vt 1 0.5862
vt 0.625 0.3793
vt 0.5 0.3103
vt 0.5625 0.4483
vt 0.775 0.2931
vt 0.125 0.3793
vt 0 0.3448
vt 0 0.3793
vt -0 0.3103
vt 0.0625 0.4483
vt 0 0.4138
vt 0 0.4483
vt 0.925 0.7586
vt 0.375 0.5862
vt 0.375 0.5517
vt 0.25 0.5862
vt 0.25 0.6207
vt 0.25 0.6552
vt 0.25 0.6897
vt 0.375 0.5345
vt 0.475 0.5
vt 0.025 0.4655
vt 0.975 0.4655
vt 1 0.4483
vt 0.275 0.4655
vt 0.775 0.5
vt 0.775 0.5345
vt 0.375 0.3793
vt 0.25 0.3793
vt 0.3125 0.4483
vt 0.25 0.7241
vt 0.75 0.3103
vt 0.025 0.2931
vt 0.025 0.5
vt 0.275 0.2586
vt 0.025 0.2586
vt 0.975 0.2586
vt 1 0.2414
vt 0.125 0.6207
vt 0.625 0.6207
vt 0.75 0.6207
vt 0.625 0.5517
vt 0.875 0.3793
vt 0.75 0.3793
vt 0.5 0.1724
vt 0.5 0.2069
vt -0 0.1724
vt 0 0.2069
vt -0 0.2414
vt 0.5 0.9138
vt 0.575 0.8103
vt 0.625 0.8103
vt 0.3625 0.0862
vt 0.4188 0
vt 0.3625 0
vt 0.475 0
vt 0.25 0.0862
vt 0.25 0.0431
vt 0.3063 0
vt 0.25 -0
vt 0.75 0.7198
vt 0.75 0.75
vt 0.625 0.75
vt 0.625 0.8621
vt 0.525 0.8621
vt 1 0.2069
vt 0.8625 0.25
vt 0.25 0.1724
vt 0.25 0.1293
vt 0.525 0.5
vt 0.1375 0.3017
vt 0.5625 0.8103
vt 0.525 0.5345
vt 0.375 0.3103
vt 0.8625 0.4569
vt 0.75 0.7802
vt 0.6875 0.8103
vt 0.75 0.8103
vt 1 0.1724
vt 0.1375 0.5431
vt 0.475 0.0862
vt 0.625 0.6897
vt 0.5 0.75
vt 0.125 0.1724
vt 0.625 0.1724
vt 0.9375 0.3793
vt 0.5 0.6207
vt 0 0.6207
vt 0.625 0.3103
vt 0.125 0.7586
vt 0.4375 0.3793
vt 1 0.6897
vt 0.35 0.7586
vt -0 0.7586
vt 1 0.3103
vt 0.475 0.8276
vt 0.75 0.1724
vt 0.625 0.9483
vt 0.425 0.7759
vt 0.45 0.8103
vt 0.15 0.7586
vt 0.1 1
s 1
f 3732/3220 3543/3221 3833/3222
f 3733/3223 3533/3224 3806/3225
f 3532/3226 3817/3227 3821/3228
f 3529/3229 3737/3230 3826/3231
f 3787/3232 3558/3233 3789/3234
f 3749/3235 3531/3236 3742/3237
f 3760/3238 3624/3239 3942/3240
f 3752/3241 3750/3242 3982/3243
f 3781/3244 3779/3245 3981/3246
f 3878/3247 3555/3248 3844/3249
f 3850/3250 3764/3251 3980/3252
f 3763/3253 3927/3254 3630/3255
f 3592/3256 3589/3257 3587/3258
f 3868/3259 3584/3260 3579/3261
f 3751/3262 3743/3263 3979/3264
f 3640/3265 3790/3266 3922/3267
f 3602/3268 3597/3269 3598/3270
f 3705/3271 3572/3272 3683/3273
f 3766/3274 3545/3275 3765/3276
f 3767/3277 3548/3278 3823/3279
f 3769/3280 3546/3281 3758/3282
f 3770/3283 3556/3284 3747/3285
f 3838/3286 3638/3287 3919/3288
f 3877/3289 3774/3290 3978/3291
f 3837/3292 3631/3293 3913/3294
f 3795/3295 3557/3296 3771/3297
f 3558/3233 3781/3244 3782/3298
f 3555/3248 3783/3299 3784/3300
f 3849/3301 3553/3302 3850/3250
f 3788/3303 3562/3304 3787/3232
f 3765/3276 3640/3305 3911/3306
f 3600/3307 3602/3308 3601/3309
f 3593/3310 3588/3311 3590/3312
f 3721/3313 3607/3314 3694/3315
f 3796/3316 3561/3317 3795/3295
f 3798/3318 3559/3319 3858/3320
f 3799/3321 3566/3322 3800/3323
f 3754/3324 3748/3325 3977/3326
f 3828/3327 3751/3262 3976/3328
f 3901/3329 3569/3330 3667/3331
f 3683/3273 3571/3256 3682/3332
f 3783/3299 3776/3333 3975/3334
f 3841/3335 3681/3336 3895/3337
f 3862/3338 3677/3339 3893/3340
f 3813/3341 3581/3342 3814/3343
f 3585/3344 3815/3345 3816/3346
f 3892/3347 3570/3348 3807/3349
f 3773/3350 3828/3327 3974/3351
f 3873/3352 3603/3353 3872/3354
f 3579/3355 3585/3344 3580/3356
f 3689/3357 3590/3312 3588/3358
f 3842/3359 3582/3360 3818/3361
f 3879/3362 3803/3363 3973/3364
f 3600/3307 3596/3365 3595/3366
f 3708/3367 3593/3310 3690/3368
f 3858/3320 3556/3369 3792/3370
f 3706/3371 3573/3372 3682/3332
f 3833/3222 3620/3373 3881/3374
f 3599/3375 3595/3366 3597/3269
f 3710/3376 3608/3377 3696/3378
f 3694/3379 3603/3353 3605/3380
f 3690/3368 3590/3312 3691/3381
f 3609/3382 3697/3383 3695/3384
f 3732/3220 3777/3385 3548/3278
f 3531/3386 3733/3223 3825/3387
f 3821/3228 3759/3388 3532/3226
f 3826/3231 3791/3389 3529/3229
f 3575/3390 3682/3332 3571/3256
f 3874/3391 3531/3236 3749/3235
f 3701/3392 3819/3393 3838/3286
f 3891/3394 3679/3395 3865/3396
f 3755/3397 3650/3398 3647/3399
f 3695/3400 3696/3378 3609/3401
f 3888/3402 3889/3403 3972/3404
f 3587/3405 3691/3381 3689/3357
f 3756/3406 3641/3407 3644/3408
f 3836/3409 3621/3410 3741/3411
f 3882/3412 3619/3413 3739/3414
f 3594/3415 3691/3381 3589/3257
f 3766/3274 3827/3416 3549/3417
f 3543/3418 3767/3277 3876/3419
f 3769/3280 3802/3420 3547/3421
f 3839/3422 3556/3284 3770/3283
f 3739/3414 3618/3423 3738/3424
f 3740/3425 3616/3426 3736/3427
f 3744/3428 3890/3429 3971/3430
f 3877/3289 3648/3431 3778/3432
f 3782/3298 3789/3234 3558/3233
f 3784/3300 3844/3249 3555/3248
f 3556/3369 3849/3301 3792/3370
f 3788/3303 3808/3433 3566/3322
f 3731/3434 3711/3435 3882/3412
f 3853/3436 3657/3437 3846/3438
f 3883/3439 3863/3440 3970/3441
f 3703/3442 3860/3443 3878/3247
f 3796/3316 3793/3444 3565/3445
f 3798/3318 3864/3446 3563/3447
f 3562/3448 3799/3321 3840/3449
f 3861/3450 3714/3451 3891/3394
f 3829/3452 3710/3376 3695/3400
f 3859/3453 3676/3454 3671/3455
f 3832/3456 3653/3457 3612/3458
f 3639/3459 3794/3460 3761/3461
f 3695/3384 3606/3462 3604/3463
f 3872/3354 3698/3464 3710/3376
f 3582/3465 3813/3341 3818/3466
f 3816/3346 3880/3467 3585/3344
f 3857/3468 3666/3469 3669/3470
f 3831/3471 3692/3472 3829/3452
f 3880/3467 3688/3473 3871/3474
f 3852/3475 3680/3476 3663/3477
f 3665/3478 3785/3479 3854/3480
f 3887/3481 3757/3482 3969/3483
f 3800/3323 3681/3484 3892/3347
f 3592/3269 3690/3368 3594/3415
f 3780/3485 3659/3486 3848/3487
f 3884/3488 3885/3489 3968/3490
f 3881/3374 3529/3229 3791/3389
f 3797/3491 3665/3478 3854/3480
f 3841/3492 3886/3493 3967/3494
f 3688/3495 3867/3496 3871/3497
f 3842/3359 3687/3498 3870/3499
f 3687/3498 3869/3500 3870/3499
f 3867/3496 3685/3501 3868/3259
f 3607/3502 3698/3503 3694/3379
f 3893/3340 3563/3447 3864/3446
f 3894/3504 3676/3454 3804/3505
f 3801/3506 3715/3507 3894/3504
f 3895/3337 3566/3322 3808/3433
f 3896/3508 3680/3476 3866/3509
f 3879/3510 3716/3511 3896/3508
f 3966/3512 3652/3513 3834/3514
f 3898/3515 3899/3516 3965/3517
f 3964/3518 3658/3519 3900/3520
f 3574/3521 3682/3332 3573/3372
f 3793/3444 3667/3331 3565/3445
f 3855/3522 3718/3523 3666/3469
f 3902/3524 3675/3525 3718/3523
f 3903/3526 3811/3527 3963/3528
f 3904/3529 3905/3530 3962/3531
f 3757/3482 3906/3532 3961/3533
f 3907/3534 3810/3535 3960/3536
f 3908/3537 3909/3538 3959/3539
f 3812/3540 3910/3541 3958/3542
f 3860/3443 3673/3543 3861/3450
f 3859/3453 3670/3544 3797/3491
f 3857/3468 3668/3545 3856/3546
f 3694/3315 3605/3380 3873/3352
f 3721/3313 3693/3547 3831/3471
f 3697/3548 3709/3549 3721/3313
f 3911/3306 3531/3386 3825/3387
f 3912/3550 3639/3459 3761/3461
f 3820/3551 3722/3552 3912/3550
f 3852/3475 3662/3553 3851/3554
f 3785/3479 3661/3555 3786/3556
f 3659/3486 3847/3557 3848/3487
f 3657/3437 3845/3558 3846/3438
f 3747/3285 3668/3545 3649/3559
f 3913/3294 3538/3560 3754/3324
f 3914/3561 3633/3562 3812/3540
f 3875/3563 3723/3564 3914/3561
f 3957/3565 3651/3566 3824/3567
f 3916/3568 3917/3569 3956/3570
f 3839/3422 3918/3571 3955/3572
f 3919/3288 3532/3226 3759/3388
f 3740/3425 3725/3573 3637/3574
f 3876/3419 3725/3573 3920/3575
f 3648/3431 3771/3297 3778/3432
f 3755/3397 3636/3576 3790/3266
f 3819/3393 3646/3577 3768/3578
f 3756/3406 3643/3579 3820/3551
f 3578/3580 3683/3273 3574/3521
f 3726/3581 3758/3282 3921/3582
f 3746/3583 3726/3581 3921/3582
f 3531/3236 3922/3267 3742/3237
f 3923/3584 3760/3238 3954/3585
f 3953/3586 3727/3587 3925/3588
f 3811/3527 3926/3589 3952/3590
f 3814/3343 3686/3591 3685/3501
f 3752/3241 3805/3592 3540/3593
f 3927/3254 3631/3594 3928/3595
f 3928/3595 3753/3596 3632/3597
f 3929/3598 3830/3599 3951/3600
f 3930/3601 3931/3602 3950/3603
f 3786/3556 3932/3604 3949/3605
f 3840/3449 3655/3606 3780/3485
f 3933/3607 3843/3608 3948/3609
f 3934/3610 3935/3611 3947/3612
f 3845/3558 3936/3613 3946/3614
f 3937/3615 3809/3616 3945/3617
f 3944/3618 3730/3619 3939/3620
f 3763/3253 3940/3621 3943/3622
f 3941/3623 3625/3624 3744/3625
f 3624/3239 3941/3623 3942/3240
f 3743/3263 3539/3626 3773/3627
f 3621/3410 3746/3583 3741/3411
f 3851/3554 3664/3628 3853/3436
f 3618/3423 3822/3629 3738/3424
f 3616/3426 3735/3630 3736/3427
f 3794/3460 3614/3631 3734/3632
f 3832/3456 3611/3633 3731/3434
f 3546/3634 3832/3456 3731/3434
f 3532/3635 3734/3632 3534/3636
f 3536/3637 3736/3427 3735/3630
f 3535/3638 3738/3424 3822/3629
f 3561/3639 3853/3436 3557/3640
f 3741/3411 3530/3641 3535/3638
f 3743/3263 3625/3624 3624/3239
f 3623/3642 3942/3240 3941/3623
f 3941/3623 3541/3643 3623/3642
f 3943/3622 3730/3619 3938/3644
f 3748/3645 3938/3644 3627/3646
f 3748/3645 3763/3253 3943/3622
f 3817/3227 3939/3620 3615/3647
f 3534/3648 3944/3618 3817/3227
f 3810/3649 3938/3644 3944/3618
f 3735/3630 3809/3616 3536/3637
f 3615/3647 3945/3617 3735/3630
f 3730/3619 3945/3617 3939/3620
f 3946/3614 3729/3650 3934/3610
f 3774/3290 3934/3610 3651/3566
f 3551/3651 3946/3614 3774/3290
f 3947/3612 3653/3457 3835/3652
f 3824/3567 3835/3652 3547/3421
f 3651/3566 3947/3612 3824/3567
f 3948/3609 3548/3278 3777/3385
f 3935/3611 3777/3385 3653/3457
f 3729/3650 3948/3609 3935/3611
f 3558/3653 3840/3449 3780/3485
f 3949/3605 3728/3654 3930/3601
f 3776/3655 3930/3601 3652/3656
f 3554/3657 3949/3605 3776/3655
f 3950/3603 3641/3407 3762/3658
f 3834/3659 3762/3658 3550/3660
f 3652/3656 3950/3603 3834/3659
f 3951/3600 3549/3417 3827/3416
f 3931/3602 3827/3416 3641/3407
f 3728/3654 3951/3600 3931/3602
f 3542/3661 3928/3595 3631/3594
f 3630/3255 3928/3595 3632/3597
f 3632/3597 3752/3241 3630/3255
f 3581/3342 3869/3500 3814/3343
f 3924/3662 3926/3589 3727/3587
f 3836/3409 3924/3662 3699/3663
f 3836/3409 3811/3527 3952/3590
f 3775/3664 3925/3588 3626/3665
f 3533/3224 3953/3586 3775/3664
f 3699/3663 3953/3586 3874/3391
f 3745/3666 3760/3238 3537/3667
f 3626/3665 3954/3585 3745/3666
f 3925/3588 3923/3584 3954/3585
f 3622/3668 3922/3267 3726/3581
f 3530/3641 3921/3582 3635/3669
f 3921/3582 3546/3281 3635/3669
f 3544/3670 3756/3406 3820/3551
f 3544/3671 3768/3578 3550/3672
f 3545/3673 3755/3397 3790/3266
f 3778/3432 3557/3296 3551/3651
f 3543/3418 3920/3575 3620/3674
f 3529/3675 3920/3575 3740/3425
f 3725/3573 3759/3388 3637/3574
f 3955/3572 3724/3676 3916/3568
f 3764/3251 3916/3568 3642/3677
f 3553/3302 3955/3572 3764/3251
f 3956/3570 3650/3398 3772/3678
f 3549/3417 3956/3570 3772/3678
f 3642/3677 3956/3570 3830/3599
f 3957/3565 3547/3421 3802/3420
f 3917/3569 3802/3420 3650/3398
f 3724/3676 3957/3565 3917/3569
f 3541/3580 3914/3561 3623/3679
f 3623/3679 3812/3540 3537/3667
f 3723/3564 3754/3324 3633/3562
f 3556/3284 3856/3546 3747/3285
f 3551/3651 3846/3438 3845/3558
f 3552/3680 3848/3487 3847/3557
f 3555/3681 3786/3556 3554/3657
f 3561/3639 3852/3475 3851/3554
f 3544/3670 3912/3550 3638/3682
f 3638/3682 3761/3461 3532/3635
f 3722/3552 3825/3387 3639/3459
f 3559/3683 3857/3468 3856/3546
f 3560/3684 3859/3453 3797/3491
f 3560/3685 3861/3450 3564/3686
f 3958/3542 3720/3687 3908/3537
f 3745/3666 3908/3537 3626/3665
f 3537/3667 3958/3542 3745/3666
f 3959/3539 3614/3631 3806/3225
f 3775/3664 3806/3225 3533/3224
f 3626/3665 3959/3539 3775/3664
f 3960/3536 3534/3636 3734/3632
f 3909/3538 3734/3632 3614/3631
f 3720/3687 3960/3536 3909/3538
f 3961/3533 3719/3688 3904/3529
f 3750/3242 3904/3529 3628/3689
f 3540/3593 3961/3533 3750/3242
f 3962/3531 3617/3690 3737/3230
f 3809/3616 3737/3230 3536/3637
f 3628/3689 3962/3531 3809/3616
f 3963/3528 3535/3638 3822/3629
f 3905/3530 3822/3629 3617/3690
f 3719/3688 3963/3528 3905/3530
f 3677/3339 3863/3440 3902/3524
f 3563/3447 3902/3524 3855/3522
f 3666/3469 3901/3329 3793/3444
f 3898/3515 3900/3520 3717/3691
f 3779/3245 3898/3515 3654/3692
f 3779/3245 3847/3557 3964/3518
f 3965/3517 3646/3577 3823/3279
f 3843/3608 3823/3279 3548/3278
f 3654/3692 3965/3517 3843/3608
f 3966/3512 3550/3672 3768/3578
f 3899/3516 3768/3578 3646/3577
f 3717/3691 3966/3512 3899/3516
f 3569/3693 3896/3508 3667/3694
f 3667/3694 3866/3509 3565/3445
f 3716/3511 3808/3433 3680/3476
f 3568/3695 3894/3504 3678/3696
f 3678/3696 3804/3505 3564/3697
f 3715/3507 3864/3446 3676/3454
f 3580/3698 3868/3259 3579/3261
f 3583/3699 3870/3499 3869/3500
f 3586/3700 3870/3499 3583/3699
f 3580/3698 3871/3497 3867/3496
f 3967/3494 3712/3701 3884/3488
f 3807/3702 3884/3488 3679/3703
f 3570/3704 3967/3494 3807/3702
f 3560/3684 3854/3480 3555/3681
f 3711/3435 3791/3389 3619/3413
f 3968/3490 3674/3705 3801/3706
f 3865/3707 3801/3706 3568/3708
f 3679/3703 3968/3490 3865/3707
f 3558/3653 3848/3487 3552/3680
f 3673/3543 3892/3347 3714/3451
f 3969/3483 3540/3593 3805/3709
f 3889/3403 3805/3709 3632/3710
f 3713/3711 3969/3483 3889/3403
f 3555/3681 3854/3480 3785/3479
f 3561/3639 3866/3509 3852/3475
f 3585/3344 3871/3474 3580/3356
f 3606/3462 3829/3452 3604/3463
f 3559/3683 3855/3522 3857/3468
f 3707/3712 3816/3346 3687/3498
f 3818/3466 3684/3713 3688/3495
f 3532/3635 3761/3461 3794/3460
f 3546/3634 3835/3652 3832/3456
f 3560/3684 3804/3505 3859/3453
f 3564/3686 3891/3394 3678/3714
f 3840/3449 3672/3715 3703/3442
f 3671/3455 3864/3446 3798/3318
f 3669/3470 3793/3444 3796/3316
f 3560/3685 3878/3247 3860/3443
f 3970/3441 3567/3716 3862/3717
f 3885/3489 3862/3717 3674/3705
f 3712/3701 3970/3441 3885/3489
f 3557/3640 3846/3438 3551/3651
f 3546/3634 3882/3412 3635/3718
f 3663/3477 3808/3433 3788/3303
f 3792/3370 3660/3719 3665/3478
f 3655/3606 3784/3300 3659/3486
f 3664/3628 3782/3298 3657/3437
f 3551/3651 3877/3289 3778/3432
f 3971/3430 3713/3711 3888/3402
f 3875/3720 3888/3402 3700/3700
f 3541/3465 3971/3430 3875/3720
f 3529/3675 3736/3427 3536/3637
f 3530/3721 3738/3424 3535/3638
f 3702/3722 3770/3283 3648/3431
f 3647/3399 3802/3420 3769/3280
f 3876/3419 3645/3723 3701/3392
f 3644/3408 3827/3416 3766/3274
f 3635/3718 3739/3414 3530/3721
f 3535/3638 3836/3409 3741/3411
f 3544/3670 3762/3658 3756/3406
f 3972/3404 3632/3710 3753/3724
f 3837/3725 3753/3724 3542/3726
f 3700/3700 3972/3404 3837/3725
f 3545/3673 3772/3678 3755/3397
f 3678/3714 3865/3396 3568/3727
f 3544/3671 3838/3286 3819/3393
f 3699/3663 3749/3235 3621/3410
f 3619/3413 3826/3231 3618/3423
f 3637/3574 3821/3228 3616/3426
f 3825/3387 3613/3728 3639/3459
f 3612/3458 3777/3385 3732/3220
f 3611/3633 3881/3374 3711/3435
f 3670/3544 3792/3370 3665/3478
f 3973/3364 3675/3525 3883/3439
f 3886/3493 3883/3439 3712/3701
f 3704/3729 3973/3364 3886/3493
f 3707/3712 3818/3361 3688/3473
f 3693/3547 3872/3354 3692/3472
f 3974/3351 3634/3730 3887/3481
f 3890/3429 3887/3481 3713/3711
f 3625/3731 3974/3351 3890/3429
f 3714/3451 3807/3349 3679/3395
f 3816/3346 3686/3591 3687/3498
f 3684/3713 3814/3343 3685/3501
f 3674/3732 3893/3340 3715/3507
f 3704/3733 3895/3337 3716/3511
f 3975/3334 3652/3513 3897/3734
f 3717/3691 3975/3334 3897/3734
f 3658/3519 3975/3334 3900/3520
f 3718/3523 3803/3363 3901/3329
f 3976/3328 3629/3735 3903/3526
f 3906/3532 3903/3526 3719/3688
f 3906/3532 3828/3327 3976/3328
f 3977/3326 3627/3736 3907/3534
f 3910/3541 3907/3534 3720/3687
f 3910/3541 3754/3324 3977/3326
f 3672/3715 3800/3323 3673/3543
f 3671/3455 3858/3320 3670/3544
f 3669/3470 3795/3295 3668/3545
f 3643/3579 3911/3306 3722/3552
f 3663/3477 3787/3232 3662/3553
f 3660/3719 3850/3250 3661/3555
f 3784/3300 3658/3519 3659/3486
f 3782/3298 3656/3737 3657/3437
f 3668/3545 3771/3297 3649/3559
f 3700/3738 3913/3294 3723/3564
f 3915/3739 3774/3290 3651/3566
f 3918/3571 3915/3739 3724/3676
f 3702/3722 3978/3291 3918/3571
f 3701/3392 3919/3288 3725/3573
f 3770/3283 3649/3559 3648/3431
f 3647/3399 3758/3282 3636/3576
f 3645/3723 3823/3279 3646/3577
f 3644/3408 3765/3276 3643/3579
f 3922/3267 3636/3576 3726/3581
f 3979/3264 3624/3239 3923/3584
f 3926/3589 3923/3584 3727/3587
f 3629/3735 3979/3264 3926/3589
f 3685/3501 3815/3345 3868/3259
f 3631/3594 3763/3253 3538/3740
f 3980/3252 3642/3677 3929/3598
f 3932/3604 3929/3598 3728/3654
f 3661/3555 3980/3252 3932/3604
f 3703/3442 3844/3249 3655/3606
f 3981/3246 3654/3692 3933/3607
f 3936/3613 3933/3607 3729/3650
f 3656/3737 3981/3246 3936/3613
f 3982/3243 3628/3689 3937/3615
f 3940/3621 3937/3615 3730/3619
f 3940/3621 3752/3241 3982/3243
f 3760/3238 3623/3642 3537/3667
f 3749/3235 3622/3668 3621/3410
f 3662/3553 3789/3234 3664/3628
f 3826/3231 3617/3690 3618/3423
f 3821/3228 3615/3647 3616/3426
f 3613/3728 3806/3225 3614/3631
f 3612/3458 3833/3222 3611/3633
f 3732/3220 3548/3278 3543/3221
f 3532/3226 3534/3648 3817/3227
f 3529/3229 3536/3637 3737/3230
f 3787/3232 3562/3304 3558/3233
f 3752/3241 3540/3593 3750/3242
f 3781/3244 3552/3680 3779/3245
f 3878/3247 3560/3685 3555/3248
f 3850/3250 3553/3302 3764/3251
f 3592/3256 3594/3415 3589/3257
f 3868/3259 3815/3345 3584/3260
f 3751/3262 3539/3626 3743/3263
f 3640/3265 3545/3673 3790/3266
f 3602/3268 3599/3375 3597/3269
f 3705/3271 3576/3741 3572/3272
f 3766/3274 3549/3417 3545/3275
f 3769/3280 3547/3421 3546/3281
f 3838/3286 3544/3671 3638/3287
f 3877/3289 3551/3651 3774/3290
f 3837/3292 3542/3742 3631/3293
f 3795/3295 3561/3317 3557/3296
f 3558/3233 3552/3680 3781/3244
f 3555/3248 3554/3743 3783/3299
f 3788/3303 3566/3322 3562/3304
f 3765/3276 3545/3275 3640/3305
f 3600/3307 3599/3375 3602/3308
f 3593/3310 3591/3744 3588/3311
f 3721/3313 3709/3549 3607/3314
f 3796/3316 3565/3445 3561/3317
f 3798/3318 3563/3447 3559/3319
f 3754/3324 3538/3560 3748/3325
f 3828/3327 3539/3626 3751/3262
f 3901/3329 3803/3363 3569/3330
f 3683/3273 3572/3272 3571/3256
f 3783/3299 3554/3743 3776/3333
f 3841/3335 3570/3745 3681/3336
f 3862/3338 3567/3716 3677/3339
f 3585/3344 3584/3260 3815/3345
f 3892/3347 3681/3484 3570/3348
f 3773/3350 3539/3626 3828/3327
f 3873/3352 3605/3380 3603/3353
f 3579/3355 3584/3746 3585/3344
f 3689/3357 3691/3381 3590/3312
f 3842/3359 3586/3700 3582/3360
f 3879/3362 3569/3330 3803/3363
f 3600/3307 3601/3747 3596/3365
f 3708/3367 3591/3748 3593/3310
f 3858/3320 3559/3319 3556/3369
f 3706/3371 3577/3549 3573/3372
f 3833/3222 3543/3221 3620/3373
f 3599/3375 3600/3307 3595/3366
f 3710/3376 3698/3464 3608/3377
f 3694/3379 3698/3503 3603/3353
f 3690/3368 3593/3310 3590/3312
f 3609/3382 3610/3749 3697/3383
f 3531/3386 3533/3224 3733/3223
f 3575/3390 3706/3371 3682/3332
f 3874/3391 3533/3224 3531/3236
f 3701/3392 3645/3723 3819/3393
f 3891/3394 3714/3451 3679/3395
f 3755/3397 3772/3678 3650/3398
f 3695/3400 3710/3376 3696/3378
f 3888/3402 3713/3711 3889/3403
f 3587/3405 3589/3257 3691/3381
f 3756/3406 3762/3658 3641/3407
f 3836/3409 3699/3663 3621/3410
f 3882/3412 3711/3435 3619/3413
f 3594/3415 3690/3368 3691/3381
f 3543/3418 3548/3278 3767/3277
f 3839/3422 3553/3302 3556/3284
f 3739/3414 3619/3413 3618/3423
f 3740/3425 3637/3574 3616/3426
f 3744/3428 3625/3731 3890/3429
f 3877/3289 3702/3722 3648/3431
f 3556/3369 3553/3302 3849/3301
f 3731/3434 3611/3633 3711/3435
f 3853/3436 3664/3628 3657/3437
f 3883/3439 3675/3525 3863/3440
f 3703/3442 3672/3715 3860/3443
f 3562/3448 3566/3322 3799/3321
f 3861/3450 3673/3543 3714/3451
f 3695/3400 3604/3463 3829/3452
f 3829/3452 3692/3472 3710/3376
f 3859/3453 3804/3505 3676/3454
f 3832/3456 3835/3652 3653/3457
f 3639/3459 3613/3728 3794/3460
f 3695/3384 3697/3383 3606/3462
f 3710/3376 3692/3472 3872/3354
f 3872/3354 3603/3353 3698/3464
f 3582/3465 3581/3342 3813/3341
f 3857/3468 3855/3522 3666/3469
f 3831/3471 3693/3547 3692/3472
f 3880/3467 3707/3712 3688/3473
f 3852/3475 3866/3509 3680/3476
f 3665/3478 3660/3719 3785/3479
f 3887/3481 3634/3730 3757/3482
f 3800/3323 3566/3322 3681/3484
f 3592/3269 3708/3367 3690/3368
f 3780/3485 3655/3606 3659/3486
f 3884/3488 3712/3701 3885/3489
f 3881/3374 3620/3373 3529/3229
f 3797/3491 3670/3544 3665/3478
f 3841/3492 3704/3729 3886/3493
f 3688/3495 3684/3713 3867/3496
f 3842/3359 3707/3712 3687/3498
f 3687/3498 3686/3591 3869/3500
f 3867/3496 3684/3713 3685/3501
f 3607/3502 3608/3750 3698/3503
f 3893/3340 3677/3339 3563/3447
f 3894/3504 3715/3507 3676/3454
f 3801/3506 3674/3732 3715/3507
f 3895/3337 3681/3336 3566/3322
f 3896/3508 3716/3511 3680/3476
f 3879/3510 3704/3733 3716/3511
f 3966/3512 3897/3734 3652/3513
f 3898/3515 3717/3691 3899/3516
f 3964/3518 3847/3557 3658/3519
f 3574/3521 3683/3273 3682/3332
f 3793/3444 3901/3329 3667/3331
f 3855/3522 3902/3524 3718/3523
f 3902/3524 3863/3440 3675/3525
f 3903/3526 3629/3735 3811/3527
f 3904/3529 3719/3688 3905/3530
f 3757/3482 3634/3730 3906/3532
f 3907/3534 3627/3736 3810/3535
f 3908/3537 3720/3687 3909/3538
f 3812/3540 3633/3562 3910/3541
f 3860/3443 3672/3715 3673/3543
f 3859/3453 3671/3455 3670/3544
f 3857/3468 3669/3470 3668/3545
f 3873/3352 3693/3547 3721/3313
f 3721/3313 3694/3315 3873/3352
f 3831/3471 3606/3462 3697/3548
f 3697/3548 3721/3313 3831/3471
f 3697/3548 3610/3372 3709/3549
f 3911/3306 3640/3305 3531/3386
f 3912/3550 3722/3552 3639/3459
f 3820/3551 3643/3579 3722/3552
f 3852/3475 3663/3477 3662/3553
f 3785/3479 3660/3719 3661/3555
f 3659/3486 3658/3519 3847/3557
f 3657/3437 3656/3737 3845/3558
f 3747/3285 3856/3546 3668/3545
f 3913/3294 3631/3293 3538/3560
f 3914/3561 3723/3564 3633/3562
f 3875/3563 3700/3738 3723/3564
f 3957/3565 3915/3739 3651/3566
f 3916/3568 3724/3676 3917/3569
f 3839/3422 3702/3722 3918/3571
f 3919/3288 3638/3287 3532/3226
f 3740/3425 3920/3575 3725/3573
f 3876/3419 3701/3392 3725/3573
f 3648/3431 3649/3559 3771/3297
f 3755/3397 3647/3399 3636/3576
f 3819/3393 3645/3723 3646/3577
f 3756/3406 3644/3408 3643/3579
f 3578/3580 3705/3271 3683/3273
f 3726/3581 3636/3576 3758/3282
f 3746/3583 3622/3668 3726/3581
f 3531/3236 3640/3265 3922/3267
f 3923/3584 3624/3239 3760/3238
f 3953/3586 3924/3662 3727/3587
f 3811/3527 3629/3735 3926/3589
f 3814/3343 3869/3500 3686/3591
f 3929/3598 3642/3677 3830/3599
f 3930/3601 3728/3654 3931/3602
f 3786/3556 3661/3555 3932/3604
f 3840/3449 3703/3442 3655/3606
f 3933/3607 3654/3692 3843/3608
f 3934/3610 3729/3650 3935/3611
f 3845/3558 3656/3737 3936/3613
f 3937/3615 3628/3689 3809/3616
f 3944/3618 3938/3644 3730/3619
f 3763/3253 3630/3255 3940/3621
f 3624/3239 3625/3624 3941/3623
f 3621/3410 3622/3668 3746/3583
f 3851/3554 3662/3553 3664/3628
f 3618/3423 3617/3690 3822/3629
f 3616/3426 3615/3647 3735/3630
f 3794/3460 3613/3728 3614/3631
f 3832/3456 3612/3458 3611/3633
f 3532/3635 3794/3460 3734/3632
f 3561/3639 3851/3554 3853/3436
f 3741/3411 3746/3583 3530/3641
f 3743/3263 3773/3627 3625/3624
f 3941/3623 3744/3625 3541/3643
f 3943/3622 3940/3621 3730/3619
f 3748/3645 3943/3622 3938/3644
f 3748/3645 3538/3740 3763/3253
f 3817/3227 3944/3618 3939/3620
f 3534/3648 3810/3649 3944/3618
f 3810/3649 3627/3646 3938/3644
f 3735/3630 3945/3617 3809/3616
f 3615/3647 3939/3620 3945/3617
f 3730/3619 3937/3615 3945/3617
f 3946/3614 3936/3613 3729/3650
f 3774/3290 3946/3614 3934/3610
f 3551/3651 3845/3558 3946/3614
f 3947/3612 3935/3611 3653/3457
f 3824/3567 3947/3612 3835/3652
f 3651/3566 3934/3610 3947/3612
f 3948/3609 3843/3608 3548/3278
f 3935/3611 3948/3609 3777/3385
f 3729/3650 3933/3607 3948/3609
f 3558/3653 3562/3448 3840/3449
f 3949/3605 3932/3604 3728/3654
f 3776/3655 3949/3605 3930/3601
f 3554/3657 3786/3556 3949/3605
f 3950/3603 3931/3602 3641/3407
f 3834/3659 3950/3603 3762/3658
f 3652/3656 3930/3601 3950/3603
f 3951/3600 3830/3599 3549/3417
f 3931/3602 3951/3600 3827/3416
f 3728/3654 3929/3598 3951/3600
f 3542/3661 3753/3596 3928/3595
f 3630/3255 3927/3254 3928/3595
f 3632/3597 3805/3592 3752/3241
f 3581/3342 3583/3699 3869/3500
f 3924/3662 3952/3590 3926/3589
f 3836/3409 3952/3590 3924/3662
f 3836/3409 3535/3638 3811/3527
f 3775/3664 3953/3586 3925/3588
f 3533/3224 3874/3391 3953/3586
f 3699/3663 3924/3662 3953/3586
f 3745/3666 3954/3585 3760/3238
f 3626/3665 3925/3588 3954/3585
f 3925/3588 3727/3587 3923/3584
f 3622/3668 3742/3237 3922/3267
f 3530/3641 3746/3583 3921/3582
f 3921/3582 3758/3282 3546/3281
f 3544/3671 3819/3393 3768/3578
f 3778/3432 3771/3297 3557/3296
f 3543/3418 3876/3419 3920/3575
f 3529/3675 3620/3674 3920/3575
f 3725/3573 3919/3288 3759/3388
f 3955/3572 3918/3571 3724/3676
f 3764/3251 3955/3572 3916/3568
f 3553/3302 3839/3422 3955/3572
f 3956/3570 3917/3569 3650/3398
f 3549/3417 3830/3599 3956/3570
f 3642/3677 3916/3568 3956/3570
f 3957/3565 3824/3567 3547/3421
f 3917/3569 3957/3565 3802/3420
f 3724/3676 3915/3739 3957/3565
f 3541/3580 3875/3563 3914/3561
f 3623/3679 3914/3561 3812/3540
f 3723/3564 3913/3294 3754/3324
f 3556/3284 3559/3683 3856/3546
f 3555/3681 3785/3479 3786/3556
f 3544/3670 3820/3551 3912/3550
f 3638/3682 3912/3550 3761/3461
f 3722/3552 3911/3306 3825/3387
f 3560/3685 3860/3443 3861/3450
f 3958/3542 3910/3541 3720/3687
f 3745/3666 3958/3542 3908/3537
f 3537/3667 3812/3540 3958/3542
f 3959/3539 3909/3538 3614/3631
f 3775/3664 3959/3539 3806/3225
f 3626/3665 3908/3537 3959/3539
f 3960/3536 3810/3535 3534/3636
f 3909/3538 3960/3536 3734/3632
f 3720/3687 3907/3534 3960/3536
f 3961/3533 3906/3532 3719/3688
f 3750/3242 3961/3533 3904/3529
f 3540/3593 3757/3482 3961/3533
f 3962/3531 3905/3530 3617/3690
f 3809/3616 3962/3531 3737/3230
f 3628/3689 3904/3529 3962/3531
f 3963/3528 3811/3527 3535/3638
f 3905/3530 3963/3528 3822/3629
f 3719/3688 3903/3526 3963/3528
f 3677/3339 3567/3716 3863/3440
f 3563/3447 3677/3339 3902/3524
f 3666/3469 3718/3523 3901/3329
f 3898/3515 3964/3518 3900/3520
f 3779/3245 3964/3518 3898/3515
f 3779/3245 3552/3680 3847/3557
f 3965/3517 3899/3516 3646/3577
f 3843/3608 3965/3517 3823/3279
f 3654/3692 3898/3515 3965/3517
f 3966/3512 3834/3514 3550/3672
f 3899/3516 3966/3512 3768/3578
f 3717/3691 3897/3734 3966/3512
f 3569/3693 3879/3510 3896/3508
f 3667/3694 3896/3508 3866/3509
f 3716/3511 3895/3337 3808/3433
f 3568/3695 3801/3506 3894/3504
f 3678/3696 3894/3504 3804/3505
f 3715/3507 3893/3340 3864/3446
f 3580/3698 3867/3496 3868/3259
f 3586/3700 3842/3359 3870/3499
f 3967/3494 3886/3493 3712/3701
f 3807/3702 3967/3494 3884/3488
f 3570/3704 3841/3492 3967/3494
f 3560/3684 3797/3491 3854/3480
f 3711/3435 3881/3374 3791/3389
f 3968/3490 3885/3489 3674/3705
f 3865/3707 3968/3490 3801/3706
f 3679/3703 3884/3488 3968/3490
f 3558/3653 3780/3485 3848/3487
f 3673/3543 3800/3323 3892/3347
f 3969/3483 3757/3482 3540/3593
f 3889/3403 3969/3483 3805/3709
f 3713/3711 3887/3481 3969/3483
f 3561/3639 3565/3445 3866/3509
f 3585/3344 3880/3467 3871/3474
f 3606/3462 3831/3471 3829/3452
f 3559/3683 3563/3447 3855/3522
f 3707/3712 3880/3467 3816/3346
f 3818/3466 3813/3341 3684/3713
f 3546/3634 3547/3421 3835/3652
f 3560/3684 3564/3697 3804/3505
f 3564/3686 3861/3450 3891/3394
f 3840/3449 3799/3321 3672/3715
f 3671/3455 3676/3454 3864/3446
f 3669/3470 3666/3469 3793/3444
f 3970/3441 3863/3440 3567/3716
f 3885/3489 3970/3441 3862/3717
f 3712/3701 3883/3439 3970/3441
f 3557/3640 3853/3436 3846/3438
f 3546/3634 3731/3434 3882/3412
f 3663/3477 3680/3476 3808/3433
f 3792/3370 3849/3301 3660/3719
f 3655/3606 3844/3249 3784/3300
f 3664/3628 3789/3234 3782/3298
f 3971/3430 3890/3429 3713/3711
f 3875/3720 3971/3430 3888/3402
f 3541/3465 3744/3428 3971/3430
f 3529/3675 3740/3425 3736/3427
f 3530/3721 3739/3414 3738/3424
f 3702/3722 3839/3422 3770/3283
f 3647/3399 3650/3398 3802/3420
f 3876/3419 3767/3277 3645/3723
f 3644/3408 3641/3407 3827/3416
f 3635/3718 3882/3412 3739/3414
f 3544/3670 3550/3660 3762/3658
f 3972/3404 3889/3403 3632/3710
f 3837/3725 3972/3404 3753/3724
f 3700/3700 3888/3402 3972/3404
f 3545/3673 3549/3417 3772/3678
f 3678/3714 3891/3394 3865/3396
f 3699/3663 3874/3391 3749/3235
f 3619/3413 3791/3389 3826/3231
f 3637/3574 3759/3388 3821/3228
f 3825/3387 3733/3223 3613/3728
f 3612/3458 3653/3457 3777/3385
f 3611/3633 3833/3222 3881/3374
f 3670/3544 3858/3320 3792/3370
f 3973/3364 3803/3363 3675/3525
f 3886/3493 3973/3364 3883/3439
f 3704/3729 3879/3362 3973/3364
f 3707/3712 3842/3359 3818/3361
f 3693/3547 3873/3352 3872/3354
f 3974/3351 3828/3327 3634/3730
f 3890/3429 3974/3351 3887/3481
f 3625/3731 3773/3350 3974/3351
f 3714/3451 3892/3347 3807/3349
f 3816/3346 3815/3345 3686/3591
f 3684/3713 3813/3341 3814/3343
f 3674/3732 3862/3338 3893/3340
f 3704/3733 3841/3335 3895/3337
f 3975/3334 3776/3333 3652/3513
f 3717/3691 3900/3520 3975/3334
f 3658/3519 3783/3299 3975/3334
f 3718/3523 3675/3525 3803/3363
f 3976/3328 3751/3262 3629/3735
f 3906/3532 3976/3328 3903/3526
f 3906/3532 3634/3730 3828/3327
f 3977/3326 3748/3325 3627/3736
f 3910/3541 3977/3326 3907/3534
f 3910/3541 3633/3562 3754/3324
f 3672/3715 3799/3321 3800/3323
f 3671/3455 3798/3318 3858/3320
f 3669/3470 3796/3316 3795/3295
f 3643/3579 3765/3276 3911/3306
f 3663/3477 3788/3303 3787/3232
f 3660/3719 3849/3301 3850/3250
f 3784/3300 3783/3299 3658/3519
f 3782/3298 3781/3244 3656/3737
f 3668/3545 3795/3295 3771/3297
f 3700/3738 3837/3292 3913/3294
f 3915/3739 3978/3291 3774/3290
f 3918/3571 3978/3291 3915/3739
f 3702/3722 3877/3289 3978/3291
f 3701/3392 3838/3286 3919/3288
f 3770/3283 3747/3285 3649/3559
f 3647/3399 3769/3280 3758/3282
f 3645/3723 3767/3277 3823/3279
f 3644/3408 3766/3274 3765/3276
f 3922/3267 3790/3266 3636/3576
f 3979/3264 3743/3263 3624/3239
f 3926/3589 3979/3264 3923/3584
f 3629/3735 3751/3262 3979/3264
f 3685/3501 3686/3591 3815/3345
f 3631/3594 3927/3254 3763/3253
f 3980/3252 3764/3251 3642/3677
f 3932/3604 3980/3252 3929/3598
f 3661/3555 3850/3250 3980/3252
f 3703/3442 3878/3247 3844/3249
f 3981/3246 3779/3245 3654/3692
f 3936/3613 3981/3246 3933/3607
f 3656/3737 3781/3244 3981/3246
f 3982/3243 3750/3242 3628/3689
f 3940/3621 3982/3243 3937/3615
f 3940/3621 3630/3255 3752/3241
f 3760/3238 3942/3240 3623/3642
f 3749/3235 3742/3237 3622/3668
f 3662/3553 3787/3232 3789/3234
f 3826/3231 3737/3230 3617/3690
f 3821/3228 3817/3227 3615/3647
f 3613/3728 3733/3223 3806/3225
f 3612/3458 3732/3220 3833/3222
o LeftBoot
v 4.625 24.3 2.625
v -0.625 24.3 2.625
v 4.625 24.3 -2.625
v -0.625 24.3 -2.625
v 3.575 24.3 -3.675
v 0.425 24.3 -3.675
v 3.575 22.2 -3.675
v 0.425 22.2 -3.675
v 3.575 21.15 -2.625
v 0.425 21.15 -2.625
v 4.625 22.2 -2.625
v -0.625 22.2 -2.625
v -0.1 20.1 -2.1
v 4.1 20.1 -2.1
v -0.1 20.1 2.1
v 4.1 20.1 2.1
v 4.625 20.1 2.625
v -0.625 20.1 2.625
v 4.625 20.1 -2.625
v -0.625 20.1 -2.625
v 4.625 24.3 -0
v 2 24.3 2.625
v 2 24.3 -2.625
v 2.525 24.3 -3.15
v 2 24.3 -3.675
v 0.425 23.25 -3.675
v 2 22.2 -3.675
v 4.625 20.1 -0
v 4.3625 20.1 0.2625
v 4.625 21.15 -2.625
v 2 20.1 -2.625
v 2.2625 20.1 -2.3625
v 4.625 23.25 -2.625
v -0.625 23.25 -2.625
v 2.525 20.625 -2.625
v 2 21.15 -2.625
v 2 20.1 2.625
v 1.7375 20.1 2.3625
v -0.625 20.1 -0
v -0.3625 20.1 -0.2625
v -0.625 22.2 2.625
v -0.625 23.25 -0
v 4.625 22.2 2.625
v -0.625 24.3 -0
v 3.575 23.25 -3.675
v 4.1 20.1 -0
v 4.625 23.25 -0
v 2 20.1 -2.1
v -0.625 21.15 -2.625
v 2 20.1 2.1
v -0.1 20.1 -0
v 2 24.3 -0
v 2 23.25 -3.675
v 4.625 21.675 -0
v -0.625 21.675 -0
v 2 22.2 2.625
v 4.625 24.3 -1.3125
v 4.625 20.1 1.3125
v 0.6875 24.3 2.625
v 0.6875 24.3 -2.625
v 1.475 24.3 -3.4125
v 1.2125 24.3 -3.675
v 2.7875 24.3 -3.675
v 1.2125 22.2 -3.675
v 3.575 24.3 -2.8875
v 4.625 20.1 -1.3125
v 4.4937 20.1 1.4437
v 3.3125 24.3 2.625
v 0.6875 20.1 -2.625
v 3.4437 20.1 -2.4938
v 3.3125 24.3 -2.625
v 3.575 20.3625 -2.625
v 1.2125 21.15 -2.625
v 0.6875 20.1 2.625
v 0.5562 20.1 2.4937
v -0.625 20.1 -1.3125
v -0.4938 20.1 -1.4438
v -0.625 21.15 2.625
v -0.625 22.725 -1.3125
v 4.625 24.3 1.3125
v 2.7875 22.2 -3.675
v 4.625 21.15 2.625
v -0.625 24.3 -1.3125
v 4.1 20.1 1.05
v 4.625 22.725 -1.3125
v 3.05 20.1 -2.1
v 3.05 20.1 2.1
v -0.1 20.1 1.05
v 4.2312 20.1 -0.9188
v 3.3125 20.1 -2.625
v 1.0812 20.1 -2.2313
v 1.475 20.8875 -2.625
v 2.7875 21.15 -2.625
v 3.3125 20.1 2.625
v 2.9187 20.1 2.2312
v -0.625 20.1 1.3125
v -0.2313 20.1 0.9187
v -0.625 23.25 2.625
v -0.625 23.775 1.3125
v 4.625 23.25 2.625
v -0.625 24.3 1.3125
v 4.1 20.1 -1.05
v 4.625 23.775 1.3125
v 0.95 20.1 -2.1
v 0.95 20.1 2.1
v -0.1 20.1 -1.05
v 2 24.3 1.3125
v 2 24.3 -1.3125
v 3.3125 24.3 -0
v 0.6875 24.3 -0
v -0.625 23.775 -1.3125
v -0.625 23.25 -1.3125
v 4.625 23.25 -1.3125
v 4.625 23.775 -1.3125
v 1.2125 23.25 -3.675
v 2.7875 23.25 -3.675
v 4.625 21.4125 -1.3125
v 4.625 21.9375 1.3125
v 4.625 22.4625 -0
v 4.625 20.8875 -0
v -0.625 21.9375 1.3125
v -0.625 21.4125 -1.3125
v -0.625 22.4625 -0
v -0.625 20.8875 -0
v 3.3125 22.2 2.625
v 0.6875 22.2 2.625
v 2 23.25 2.625
v 2 21.15 2.625
v 0.6875 21.15 2.625
v 0.6875 23.25 2.625
v 3.3125 23.25 2.625
v -0.625 22.8563 1.3125
v 4.625 21.0187 1.3125
v 4.625 22.8562 1.3125
v 0.6875 24.3 1.3125
v 3.3125 24.3 -1.3125
v 0.6875 24.3 -1.3125
v 3.3125 24.3 1.3125
v -0.625 21.0188 1.3125
v 3.3125 21.15 2.625
v -0.625 20.4938 -0.6563
v -0.625 21.9375 -0.6563
v 4.625 21.9375 -0.6563
v 4.625 20.4937 -0.6563
vt 0.8125 0.4
vt 0.75 0.3556
vt 0.8125 0.3556
vt 0.3 0.0444
vt 0.3125 0
vt 0.35 0.0333
vt 0.3375 0.1333
vt 0.3 0.1778
vt 0.3 0.1333
vt 0.45 0.0889
vt 0.5 0.0444
vt 0.5 0.0889
vt 0.525 0.4222
vt 0.5625 0.4
vt 0.5813 0.4167
vt 0.0625 0.3611
vt 0 0.4
vt 0 0.3556
vt 0.275 0.4222
vt 0.3125 0.4
vt 0.3312 0.4167
vt 0.625 0.3333
vt 0.625 0.3667
vt 0.5625 0.3444
vt 0.3 0.0889
vt 0.3375 0.0889
vt 0.45 0.1778
vt 0.45 0.1333
vt 0.5 0.1333
vt 0.45 0.3556
vt 0.45 0.3889
vt 0.4125 0.3556
vt 0.25 0.1333
vt 0.775 0.4222
vt 0.8313 0.4167
vt 0.025 0.4222
vt 0.0625 0.4
vt 0.0813 0.4167
vt 0.0625 0.1111
vt 0 0.0556
vt 0.0625 0.0556
vt 0.25 0.0889
vt 0.35 0.3667
vt 0.375 0.4
vt 0.3375 0.0444
vt 0.1875 0.2667
vt 0.1875 0.2889
vt 0.125 0.2667
vt 0.1875 0.2444
vt 0.25 0.2667
vt 0.575 0.4222
vt 0.5625 0.2222
vt 0.625 0.2222
vt 0.5625 0.2444
vt 0.1875 0.2222
vt 0.125 0.1667
vt 0.1875 0.1667
vt 0.325 0.4222
vt 0.0625 0.2222
vt 0.0625 0.2444
vt 0 0.2222
vt 0.175 0.4222
vt 0.1375 0.4111
vt 0.1938 0.4056
vt 0.25 0.3556
vt 0.3 0.3556
vt 0.25 0.4
vt 0.5 0.3556
vt 0.5 0.4
vt 0.4375 0.4
vt 0.825 0.4222
vt 0.075 0.4222
vt 0.125 0.2222
vt 0.1875 0.1111
vt 0.125 0.0556
vt 0.1875 0.0556
vt 0.925 0.4222
vt 0.8875 0.4111
vt 0.9437 0.4056
vt 0 0.1667
vt 0.0625 0.1667
vt 0.425 0.4222
vt 0.3875 0.4111
vt 0.4437 0.4056
vt 0.5625 0.2667
vt 0.625 0.2667
vt 0.5625 0.2889
vt 0.6875 0.2222
vt 0.75 0.2222
vt 0.6875 0.2444
vt 0.675 0.4222
vt 0.6375 0.4111
vt 0.6937 0.4056
vt 0.4125 0.0444
vt 0.4 0.0222
vt 0.45 0.0111
vt 0.25 0.0444
vt 0.1875 0.4
vt 0.9375 0.4
vt 0.375 0.3556
vt 0.3375 0.3556
vt 0.4125 0.0889
vt 0.375 0.0444
vt 0.4125 0.1333
vt 0.375 0.0889
vt 0.625 0.3
vt 0.6875 0.3222
vt 0.6875 0.2833
vt 0.6875 0.4
vt 0.6875 0.3611
vt 0.0625 0.2833
vt 0 0.3111
vt 0 0.2667
vt 0.1562 0.3222
vt 0.125 0.3333
vt 0.125 0.3
vt 0.1562 0.3833
vt 0.125 0.4
vt 0.125 0.3667
vt 0.4125 0.1778
vt 0.375 0.1333
vt 0.4375 0
vt 0.8125 0.3111
vt 0.75 0.2667
vt 0.8125 0.2667
vt 0.9375 0.3111
vt 0.875 0.2667
vt 0.9375 0.2667
vt 0.875 0.3556
vt 0.9375 0.3556
vt 0.875 0.3111
vt 1 0.3556
vt 1 0.3111
vt 1 0.4
vt 0.9375 0.2222
vt 0.875 0.2222
vt 1 0.2222
vt 1 0.2667
vt 0.8125 0.2222
vt 0.5 0
vt 0.75 0.4
vt 0.1875 0.3444
vt 0.25 0.3111
vt 0.0625 0.3222
vt 0.75 0.3111
vt 0.5938 0.3222
vt 0.5 0.3111
vt 0.45 0.0444
vt 0.725 0.4222
vt 0.5 0.2667
vt 0.475 0.4222
vt 0 0.1111
vt 0.125 0.1111
vt 0.975 0.4222
vt 0.125 0
vt 0.1875 0
vt 0.25 0.0556
vt 0.25 0
vt 0.25 0.1111
vt 0.25 0.2222
vt 0.125 0.4222
vt 0.875 0.4222
vt 0.4 0.3778
vt 0.225 0.4222
vt 0.375 0.4222
vt 0.25 0.1667
vt 0.5 0.2222
vt 0.625 0.4222
vt 0 -0
vt 0.0625 0
vt 0.875 0.4
vt 0.5938 0.3833
vt 0.625 0.4
vt 0.375 0.1778
vt 0.375 0
vt 0.3375 0.1778
s 1
f 4076/3751 4064/3752 4122/3753
f 3988/3754 4042/3755 4043/3756
f 4046/3757 3992/3758 3990/3759
f 4027/3760 3985/3761 4015/3762
f 3996/3763 4048/3764 4071/3765
f 4121/3766 4000/3767 4060/3768
f 3995/3769 4051/3770 4073/3771
f 4036/3772 4102/3773 4099/3774
f 4046/3757 4008/3775 4097/3776
f 3991/3777 3989/3778 3993/3779
f 3991/3780 4054/3781 4075/3782
f 3990/3759 3992/3758 3994/3783
f 3998/3784 4076/3751 4077/3785
f 3997/3786 4078/3787 4079/3788
f 4089/3789 4050/3790 4120/3791
f 4008/3775 3994/3783 4016/3792
f 4074/3793 4013/3794 4051/3770
f 4043/3756 4044/3795 3988/3754
f 4094/3796 4061/3797 4024/3798
f 4093/3799 4016/3800 4094/3796
f 4071/3765 4084/3801 3996/3763
f 4039/3802 4003/3803 4096/3804
f 4065/3805 4092/3806 4119/3807
f 4073/3771 4086/3808 3995/3769
f 4083/3809 4081/3810 3984/3811
f 4088/3812 4022/3813 4059/3814
f 4031/3815 3992/3816 4002/3817
f 3991/3780 4012/3818 4001/3819
f 4072/3820 4054/3781 4001/3819
f 4077/3785 4069/3821 3998/3784
f 4079/3788 4070/3822 3997/3786
f 4065/3805 4093/3799 4026/3823
f 4090/3824 4091/3825 4118/3826
f 4087/3827 4020/3828 4057/3829
f 4083/3809 4041/3830 4117/3831
f 4068/3832 4014/3833 4052/3834
f 4095/3835 4029/3836 4067/3837
f 4096/3804 4029/3836 4095/3835
f 4062/3838 3983/3839 4085/3840
f 4066/3841 4011/3842 4049/3843
f 4045/3844 4006/3845 4047/3846
f 4008/3775 3986/3847 3988/3754
f 4022/3813 4058/3848 4059/3814
f 4020/3828 4056/3849 4057/3829
f 4018/3850 4074/3793 4055/3851
f 4097/3776 3988/3754 4044/3795
f 4098/3852 4007/3853 4045/3844
f 4063/3854 4035/3855 4098/3852
f 4029/3836 4101/3856 4067/3837
f 4100/3857 4101/3856 4116/3858
f 4040/3859 4102/3773 4115/3860
f 4014/3833 4072/3820 4052/3834
f 4114/3861 4023/3862 4080/3863
f 4124/3864 4037/3865 4105/3866
f 4123/3867 4021/3868 4106/3869
f 4011/3842 4040/3859 4049/3843
f 3993/3779 4027/3760 4015/3762
f 4075/3870 4009/3871 4063/3854
f 4006/3845 4053/3872 4047/3846
f 4107/3873 4082/3874 4113/3875
f 4108/3876 4109/3877 4112/3878
f 4056/3849 4110/3879 4111/3880
f 4111/3880 4038/3881 4108/3876
f 4060/3882 4108/3876 4023/3883
f 4000/3884 4111/3880 4060/3882
f 4041/3885 4109/3877 4004/3886
f 3984/3887 4112/3878 4041/3885
f 4080/3888 4108/3876 4112/3878
f 4113/3875 3983/3839 4050/3889
f 4109/3877 4050/3889 4004/3886
f 4038/3881 4113/3875 4109/3877
f 3985/3890 4047/3846 4053/3872
f 3991/3777 4063/3854 3989/3778
f 3999/3891 4049/3843 4040/3859
f 4104/3892 4123/3867 4106/3869
f 4104/3892 4106/3869 4037/3865
f 4031/3815 4058/3848 4104/3892
f 4061/3797 4124/3864 4105/3866
f 4061/3797 4105/3866 4024/3798
f 3994/3893 4104/3892 4061/3797
f 4081/3810 4080/3863 3984/3811
f 4024/3798 4114/3861 4081/3810
f 4105/3866 4103/3894 4114/3861
f 4001/3819 4052/3834 4072/3820
f 4115/3860 4036/3772 4100/3857
f 4064/3752 4100/3857 4025/3895
f 3999/3891 4115/3860 4064/3752
f 4116/3858 4029/3836 4085/3840
f 4082/3874 4085/3840 3983/3839
f 4025/3895 4116/3858 4082/3874
f 4067/3837 4125/3896 4099/3774
f 4036/3772 4125/3896 4101/3856
f 3993/3897 4099/3774 4012/3818
f 3989/3778 4098/3852 4027/3760
f 4027/3760 4045/3844 3987/3898
f 4035/3855 4044/3795 4007/3853
f 3992/3816 4055/3851 4074/3793
f 4000/3884 4057/3829 4056/3849
f 4002/3817 4059/3814 4058/3848
f 3987/3898 4047/3846 3985/3890
f 3998/3899 4049/3843 3999/3891
f 4003/3803 4085/3840 4029/3836
f 4015/3900 4096/3804 4095/3835
f 4015/3900 4067/3837 3993/3897
f 3996/3901 4052/3834 4001/3819
f 4117/3831 4004/3902 4089/3789
f 4092/3806 4089/3789 4034/3903
f 4026/3823 4117/3831 4092/3806
f 3997/3904 4057/3829 4000/3884
f 4118/3826 4003/3905 4039/3906
f 4053/3907 4039/3906 3985/3908
f 4005/3909 4118/3826 4053/3907
f 3986/3910 4093/3799 4065/3805
f 4033/3911 4079/3788 4022/3813
f 4032/3912 4077/3785 4020/3828
f 4017/3913 4072/3820 4013/3794
f 3995/3914 4059/3814 4002/3817
f 4026/3823 4081/3810 4083/3809
f 4030/3915 4073/3771 4014/3833
f 4119/3807 4034/3903 4090/3824
f 4042/3916 4090/3824 4005/3909
f 3986/3910 4119/3807 4042/3916
f 3985/3917 4096/3804 4015/3900
f 4028/3918 4071/3765 4011/3842
f 4093/3799 4024/3798 4026/3823
f 4016/3800 4061/3797 4094/3796
f 4007/3853 4043/3756 4006/3845
f 3992/3816 4051/3770 4002/3817
f 4120/3791 3983/3919 4062/3920
f 4091/3825 4062/3920 4003/3905
f 4034/3903 4120/3791 4091/3825
f 4079/3788 4021/3868 4022/3813
f 4077/3785 4019/3921 4020/3828
f 4075/3782 4017/3913 4018/3850
f 4009/3871 4097/3776 4035/3855
f 4099/3774 4126/3922 4048/3764
f 4010/3923 4126/3922 4102/3773
f 4012/3818 4048/3764 4001/3819
f 4073/3771 4013/3794 4014/3833
f 4103/3894 4060/3768 4023/3862
f 4037/3865 4121/3766 4103/3894
f 4106/3869 4078/3787 4121/3766
f 4071/3765 4010/3923 4011/3842
f 4018/3924 4046/3757 4009/3871
f 4043/3756 4005/3925 4006/3845
f 4107/3873 4064/3752 4025/3895
f 4110/3879 4107/3873 4038/3881
f 4019/3921 4122/3753 4110/3879
f 4076/3751 3999/3891 4064/3752
f 3988/3754 3986/3908 4042/3755
f 4046/3757 4055/3926 3992/3758
f 4027/3760 3987/3898 3985/3761
f 3996/3763 4001/3819 4048/3764
f 4121/3766 4078/3787 4000/3767
f 3995/3769 4002/3817 4051/3770
f 4046/3757 3990/3759 4008/3775
f 3991/3780 4001/3819 4054/3781
f 3998/3784 3999/3891 4076/3751
f 3997/3786 4000/3767 4078/3787
f 4089/3789 4004/3902 4050/3790
f 4008/3775 3990/3759 3994/3783
f 4074/3793 4017/3913 4013/3794
f 4065/3805 4026/3823 4092/3806
f 4088/3812 4033/3911 4022/3813
f 4031/3815 3994/3893 3992/3816
f 3991/3780 3993/3897 4012/3818
f 4090/3824 4034/3903 4091/3825
f 4087/3827 4032/3912 4020/3828
f 4083/3809 3984/3811 4041/3830
f 4068/3832 4030/3915 4014/3833
f 4096/3804 4003/3803 4029/3836
f 4066/3841 4028/3918 4011/3842
f 4045/3844 4007/3853 4006/3845
f 4008/3775 4016/3792 3986/3847
f 4022/3813 4021/3868 4058/3848
f 4020/3828 4019/3921 4056/3849
f 4018/3850 4017/3913 4074/3793
f 4097/3776 4008/3775 3988/3754
f 4098/3852 4035/3855 4007/3853
f 4063/3854 4009/3871 4035/3855
f 4100/3857 4036/3772 4101/3856
f 4040/3859 4010/3923 4102/3773
f 4014/3833 4013/3794 4072/3820
f 4114/3861 4103/3894 4023/3862
f 4124/3864 4104/3892 4037/3865
f 4123/3867 4058/3848 4021/3868
f 4011/3842 4010/3923 4040/3859
f 3993/3779 3989/3778 4027/3760
f 4075/3870 4018/3924 4009/3871
f 4006/3845 4005/3925 4053/3872
f 4107/3873 4025/3895 4082/3874
f 4108/3876 4038/3881 4109/3877
f 4056/3849 4019/3921 4110/3879
f 4111/3880 4110/3879 4038/3881
f 4060/3882 4111/3880 4108/3876
f 4000/3884 4056/3849 4111/3880
f 4041/3885 4112/3878 4109/3877
f 3984/3887 4080/3888 4112/3878
f 4080/3888 4023/3883 4108/3876
f 4113/3875 4082/3874 3983/3839
f 4109/3877 4113/3875 4050/3889
f 4038/3881 4107/3873 4113/3875
f 3991/3777 4075/3870 4063/3854
f 4104/3892 4058/3848 4123/3867
f 4031/3815 4002/3817 4058/3848
f 4061/3797 4104/3892 4124/3864
f 3994/3893 4031/3815 4104/3892
f 4081/3810 4114/3861 4080/3863
f 4024/3798 4105/3866 4114/3861
f 4105/3866 4037/3865 4103/3894
f 4115/3860 4102/3773 4036/3772
f 4064/3752 4115/3860 4100/3857
f 3999/3891 4040/3859 4115/3860
f 4116/3858 4101/3856 4029/3836
f 4082/3874 4116/3858 4085/3840
f 4025/3895 4100/3857 4116/3858
f 4067/3837 4101/3856 4125/3896
f 4036/3772 4099/3774 4125/3896
f 3993/3897 4067/3837 4099/3774
f 3989/3778 4063/3854 4098/3852
f 4027/3760 4098/3852 4045/3844
f 4035/3855 4097/3776 4044/3795
f 3987/3898 4045/3844 4047/3846
f 3998/3899 4066/3841 4049/3843
f 4003/3803 4062/3838 4085/3840
f 4015/3900 4095/3835 4067/3837
f 3996/3901 4068/3832 4052/3834
f 4117/3831 4041/3830 4004/3902
f 4092/3806 4117/3831 4089/3789
f 4026/3823 4083/3809 4117/3831
f 3997/3904 4087/3827 4057/3829
f 4118/3826 4091/3825 4003/3905
f 4053/3907 4118/3826 4039/3906
f 4005/3909 4090/3824 4118/3826
f 3986/3910 4016/3800 4093/3799
f 4033/3911 4070/3822 4079/3788
f 4032/3912 4069/3821 4077/3785
f 4017/3913 4054/3781 4072/3820
f 3995/3914 4088/3812 4059/3814
f 4026/3823 4024/3798 4081/3810
f 4030/3915 4086/3808 4073/3771
f 4119/3807 4092/3806 4034/3903
f 4042/3916 4119/3807 4090/3824
f 3986/3910 4065/3805 4119/3807
f 3985/3917 4039/3802 4096/3804
f 4028/3918 4084/3801 4071/3765
f 4093/3799 4094/3796 4024/3798
f 4016/3800 3994/3893 4061/3797
f 4007/3853 4044/3795 4043/3756
f 3992/3816 4074/3793 4051/3770
f 4120/3791 4050/3790 3983/3919
f 4091/3825 4120/3791 4062/3920
f 4034/3903 4089/3789 4120/3791
f 4079/3788 4078/3787 4021/3868
f 4077/3785 4076/3751 4019/3921
f 4075/3782 4054/3781 4017/3913
f 4009/3871 4046/3757 4097/3776
f 4099/3774 4102/3773 4126/3922
f 4010/3923 4048/3764 4126/3922
f 4012/3818 4099/3774 4048/3764
f 4073/3771 4051/3770 4013/3794
f 4103/3894 4121/3766 4060/3768
f 4037/3865 4106/3869 4121/3766
f 4106/3869 4021/3868 4078/3787
f 4071/3765 4048/3764 4010/3923
f 4018/3924 4055/3926 4046/3757
f 4043/3756 4042/3755 4005/3925
f 4107/3873 4122/3753 4064/3752
f 4110/3879 4122/3753 4107/3873
f 4019/3921 4076/3751 4122/3753
o LeftLeg
v 4.1 11.7 2.1
v -0.1 11.7 2.1
v 4.1 11.7 -2.1
v -0.1 11.7 -2.1
v -0.1 20.1 -2.1
v 4.1 20.1 -2.1
v -0.1 20.1 2.1
v 4.1 20.1 2.1
v 4.1 19.05 2.1
v -0.1 19.05 2.1
v 4.1 19.05 -2.1
v -0.1 19.05 -2.1
v 4.625 19.05 2.625
v -0.625 19.05 2.625
v 4.625 19.05 -2.625
v -0.625 19.05 -2.625
v 4.625 15.9 2.625
v -0.625 15.9 2.625
v 4.625 15.9 -2.625
v -0.625 15.9 -2.625
v 4.1 15.9 2.1
v -0.1 15.9 2.1
v 4.1 15.9 -2.1
v -0.1 15.9 -2.1
v 2 11.7 2.1
v 4.1 11.7 -0
v 4.1 20.1 -0
v 2 20.1 -2.1
v -0.1 20.1 -0
v 2 19.05 2.1
v 2.2625 19.05 2.3625
v -0.1 19.05 -0
v -0.3625 19.05 0.2625
v 2 19.05 -2.1
v 1.7375 19.05 -2.3625
v 4.1 19.05 -0
v 4.3625 19.05 -0.2625
v 4.625 17.475 2.625
v 2 15.9 2.625
v 4.625 19.05 -0
v 4.625 17.475 -2.625
v 2 19.05 -2.625
v -0.625 17.475 -2.625
v -0.625 19.05 -0
v -0.625 17.475 2.625
v 4.625 15.9 -0
v 4.3625 15.9 0.2625
v 2 15.9 -2.625
v 2.2625 15.9 -2.3625
v -0.625 15.9 -0
v -0.3625 15.9 -0.2625
v 1.7375 15.9 2.3625
v -0.1 13.8 2.1
v 4.1 13.8 2.1
v 2 11.7 -2.1
v 4.1 13.8 -2.1
v -0.1 11.7 -0
v -0.1 13.8 -2.1
v 2 20.1 2.1
v 2 19.05 2.625
v 4.1 15.9 -0
v 2 15.9 -2.1
v -0.1 15.9 -0
v 2 15.9 2.1
v -0.1 13.8 -0
v 4.1 13.8 -0
v 4.625 17.475 -0
v 2 13.8 -2.1
v 2 11.7 -0
v -0.625 17.475 -0
v 2 17.475 -2.625
v 2 17.475 2.625
v 2 13.8 2.1
v 0.95 11.7 2.1
v -0.2313 19.05 -0.9188
v 4.1 11.7 -1.05
v -0.1 19.05 1.05
v 4.1 20.1 1.05
v 3.05 11.7 2.1
v 3.05 20.1 -2.1
v -0.1 20.1 -1.05
v -0.1 20.1 1.05
v 0.95 19.05 2.1
v 3.4437 19.05 2.4937
v -0.1 19.05 -1.05
v -0.4938 19.05 1.4437
v 0.95 19.05 -2.1
v 0.5562 19.05 -2.4938
v 4.1 19.05 -1.05
v 4.4937 19.05 -1.4438
v 4.625 16.6875 2.625
v 0.95 20.1 -2.1
v 0.6875 15.9 2.625
v 4.625 19.05 -1.3125
v 2.9187 19.05 -2.2313
v 4.625 16.6875 -2.625
v 0.6875 19.05 -2.625
v 4.1 20.1 -1.05
v -0.625 16.6875 -2.625
v -0.625 19.05 -1.3125
v 3.05 19.05 -2.1
v -0.625 16.6875 2.625
v 4.625 15.9 -1.3125
v 4.2312 15.9 -0.9188
v 0.6875 15.9 -2.625
v 1.0812 15.9 -2.2313
v -0.625 15.9 -1.3125
v -0.2313 15.9 0.9187
v 2.9187 15.9 2.2312
v 1.0812 19.05 2.2312
v -0.1 14.85 2.1
v 4.1 19.05 1.05
v 4.1 14.85 2.1
v 0.95 11.7 -2.1
v 3.05 19.05 2.1
v 4.1 14.85 -2.1
v -0.1 11.7 -1.05
v 4.2312 19.05 0.9187
v -0.1 14.85 -2.1
v 4.1 11.7 1.05
v 3.05 20.1 2.1
v 0.6875 19.05 2.625
v 4.1 15.9 -1.05
v 0.95 15.9 -2.1
v -0.1 15.9 -1.05
v 0.95 15.9 2.1
v 4.625 18.2625 2.625
v 3.3125 15.9 2.625
v 4.625 19.05 1.3125
v 4.625 18.2625 -2.625
v 3.3125 19.05 -2.625
v -0.625 18.2625 -2.625
v -0.625 19.05 1.3125
v -0.625 18.2625 2.625
v 4.625 15.9 1.3125
v 4.4937 15.9 1.4437
v 3.3125 15.9 -2.625
v 3.4437 15.9 -2.4938
v -0.625 15.9 1.3125
v -0.4938 15.9 -1.4438
v 0.5562 15.9 2.4937
v -0.1 12.75 2.1
v 4.1 12.75 2.1
v 3.05 11.7 -2.1
v 4.1 12.75 -2.1
v -0.1 11.7 1.05
v -0.1 12.75 -2.1
v 0.95 20.1 2.1
v 3.3125 19.05 2.625
v 4.1 15.9 1.05
v 3.05 15.9 -2.1
v -0.1 15.9 1.05
v 3.05 15.9 2.1
v -0.1 13.8 -1.05
v -0.1 13.8 1.05
v -0.1 12.75 -0
v -0.1 14.85 -0
v 4.1 13.8 1.05
v 4.1 13.8 -1.05
v 4.1 12.75 -0
v 4.1 14.85 -0
v 4.625 17.475 -1.3125
v 4.625 17.475 1.3125
v 4.625 18.2625 -0
v 4.625 16.6875 -0
v 3.05 13.8 -2.1
v 0.95 13.8 -2.1
v 2 12.75 -2.1
v 2 14.85 -2.1
v 3.05 11.7 -0
v 0.95 11.7 -0
v 2 11.7 1.05
v 2 11.7 -1.05
v -0.625 17.475 1.3125
v -0.625 17.475 -1.3125
v -0.625 18.2625 -0
v -0.625 16.6875 -0
v 0.6875 17.475 -2.625
v 3.3125 17.475 -2.625
v 2 18.2625 -2.625
v 2 16.6875 -2.625
v 2 16.6875 2.625
v 2 18.2625 2.625
v 3.3125 17.475 2.625
v 0.6875 17.475 2.625
v 0.95 13.8 2.1
v 3.05 13.8 2.1
v 2 12.75 2.1
v 2 14.85 2.1
v 3.05 14.85 2.1
v 3.05 12.75 2.1
v 0.95 12.75 2.1
v 0.6875 18.2625 2.625
v 3.3125 18.2625 2.625
v 3.3125 16.6875 2.625
v 3.3125 16.6875 -2.625
v 3.3125 18.2625 -2.625
v 0.6875 18.2625 -2.625
v -0.625 16.6875 -1.3125
v -0.625 18.2625 -1.3125
v -0.625 18.2625 1.3125
v 0.95 11.7 -1.05
v 0.95 11.7 1.05
v 3.05 11.7 1.05
v 0.95 14.85 -2.1
v 0.95 12.75 -2.1
v 3.05 12.75 -2.1
v 4.625 16.6875 1.3125
v 4.625 18.2625 1.3125
v 4.625 18.2625 -1.3125
v 4.1 14.85 -1.05
v -0.1 14.85 -1.05
v -0.1 14.85 1.05
v 4.1 12.75 -1.05
v 4.1 12.75 1.05
v -0.1 12.75 1.05
v 4.1 14.85 1.05
v 4.625 16.6875 -1.3125
v 3.05 14.85 -2.1
v 3.05 11.7 -1.05
v -0.625 16.6875 1.3125
v 0.6875 16.6875 -2.625
v 0.6875 16.6875 2.625
v -0.1 12.75 -1.05
v 0.95 14.85 2.1
vt 0.525 0.4667
vt 0.575 0.4222
vt 0.575 0.4667
vt 0.925 0.6444
vt 0.975 0.6889
vt 0.925 0.6889
vt 0.175 0.7333
vt 0.225 0.7778
vt 0.175 0.7778
vt 1 0.5889
vt 0.9375 0.6222
vt 0.9375 0.5889
vt 0.8063 0.4833
vt 0.775 0.4667
vt 0.825 0.4667
vt 0.0563 0.4833
vt 0.025 0.4667
vt 0.075 0.4667
vt 0.3063 0.4833
vt 0.275 0.4667
vt 0.325 0.4667
vt 0.5563 0.4833
vt 0.3125 0.6222
vt 0.25 0.5889
vt 0.3125 0.5889
vt 0.0625 0.6222
vt 0 0.5889
vt 0.0625 0.5889
vt 0.825 0.4222
vt 0.225 0.9556
vt 0.175 1
vt 0.175 0.9556
vt 0.525 0.6444
vt 0.5625 0.6222
vt 0.5813 0.6389
vt 0.275 0.6444
vt 0.3312 0.6389
vt 0.025 0.6444
vt 0.0813 0.6389
vt 0.775 0.6444
vt 0.8125 0.6222
vt 0.8313 0.6389
vt 0.425 0.6889
vt 0.475 0.6444
vt 0.475 0.6889
vt 0.5 0.5889
vt 0.5625 0.5889
vt 0.075 0.4222
vt 0.675 0.6444
vt 0.725 0.6889
vt 0.675 0.6889
vt 0.325 0.4222
vt 0.1688 0.4722
vt 0.125 0.4889
vt 0.1125 0.4778
vt 0.4188 0.4722
vt 0.375 0.4889
vt 0.3625 0.4778
vt 0.075 0.7333
vt 0.125 0.7778
vt 0.075 0.7778
vt 0.425 0.6444
vt 0.3875 0.6333
vt 0.4437 0.6278
vt 0.8125 0.4889
vt 0.75 0.4889
vt 0.0625 0.4889
vt 0 0.4889
vt 0.3125 0.4889
vt 0.25 0.4889
vt 0.5625 0.4889
vt 0.5 0.4889
vt 0.175 0.6444
vt 0.1375 0.6333
vt 0.1938 0.6278
vt 0.425 0.4667
vt 0.375 0.4222
vt 0.425 0.4222
vt 0.8875 0.6333
vt 0.9437 0.6278
vt 0.9187 0.4722
vt 0.875 0.4889
vt 0.8625 0.4778
vt 0.575 0.6444
vt 0.325 0.6444
vt 0.075 0.6444
vt 0.825 0.6444
vt 0.6687 0.4722
vt 0.625 0.4889
vt 0.6125 0.4778
vt 0.675 0.7333
vt 0.725 0.7778
vt 0.675 0.7778
vt 0.6375 0.6333
vt 0.6937 0.6278
vt 0.575 0.7333
vt 0.625 0.7778
vt 0.575 0.7778
vt 0.125 0.6889
vt 0.075 0.6889
vt 0.225 0.6889
vt 0.175 0.6889
vt 0.625 0.6889
vt 0.575 0.6889
vt 0.125 0.4667
vt 0.175 0.4222
vt 0.175 0.4667
vt 0.5625 0.5556
vt 0.5 0.5222
vt 0.5625 0.5222
vt 0.6875 0.5556
vt 0.625 0.5222
vt 0.6875 0.5222
vt 0.6875 0.6222
vt 0.625 0.5889
vt 0.6875 0.5889
vt 0.425 0.7333
vt 0.475 0.7778
vt 0.425 0.7778
vt 0.325 0.7333
vt 0.375 0.7778
vt 0.325 0.7778
vt 0.375 0.6889
vt 0.325 0.6889
vt 0.1875 0.6222
vt 0.4375 0.6222
vt 0.125 0.9556
vt 0.075 1
vt 0.075 0.9556
vt 0.125 0.8667
vt 0.075 0.9111
vt 0.075 0.8667
vt 0.175 0.8667
vt 0.225 0.9111
vt 0.175 0.9111
vt 0.875 0.4667
vt 0.925 0.4222
vt 0.925 0.4667
vt 0.0625 0.5556
vt 0 0.5222
vt 0.0625 0.5222
vt 0.1875 0.5556
vt 0.125 0.5222
vt 0.1875 0.5222
vt 0.125 0.5889
vt 0.1875 0.5889
vt 0.3125 0.5556
vt 0.25 0.5222
vt 0.3125 0.5222
vt 0.4375 0.5556
vt 0.375 0.5222
vt 0.4375 0.5222
vt 0.375 0.5889
vt 0.4375 0.5889
vt 0.625 0.4667
vt 0.675 0.4667
vt 0.375 0.4667
vt 0.875 0.5889
vt 0.8125 0.5889
vt 0.875 0.5222
vt 0.8125 0.5556
vt 0.8125 0.5222
vt 1 0.5222
vt 0.9375 0.5556
vt 0.9375 0.5222
vt 0.925 0.7333
vt 0.975 0.7778
vt 0.925 0.7778
vt 0.825 0.7778
vt 0.875 0.7333
vt 0.875 0.7778
vt 0.875 0.6889
vt 0.825 0.6889
vt 0.675 0.4222
vt 0.725 0.4222
vt 0.725 0.4667
vt 0.825 0.7333
vt 0.775 0.7333
vt 0.775 0.6889
vt 0.825 0.8222
vt 0.875 0.8222
vt 0.775 0.7778
vt 0.775 0.8222
vt 0.925 0.8222
vt 0.975 0.8222
vt 0.875 0.5556
vt 0.9375 0.4889
vt 1 0.4889
vt 0.75 0.5556
vt 0.75 0.5222
vt 0.75 0.6222
vt 0.75 0.5889
vt 0.975 0.4667
vt 0.225 0.4667
vt 0.475 0.4667
vt 0.375 0.5556
vt 0.5 0.5556
vt 0.5 0.6222
vt 0.4375 0.4889
vt 0.125 0.5556
vt 0.25 0.5556
vt 0.25 0.6222
vt 0.1875 0.4889
vt 0.975 0.4222
vt 0.125 0.9111
vt 0.175 0.8222
vt 0.125 0.8222
vt 0.225 0.8667
vt 0.025 0.9111
vt 0.025 0.8667
vt 0.075 0.8222
vt 0.025 0.8222
vt 0.025 1
vt 0.025 0.9556
vt 1 0.6222
vt 0.375 0.7333
vt 0.275 0.6889
vt 0.275 0.7333
vt 0.375 0.8222
vt 0.325 0.8222
vt 0.275 0.7778
vt 0.275 0.8222
vt 0.475 0.8222
vt 0.425 0.8222
vt 0.625 0.5556
vt 0.6875 0.4889
vt 0.225 0.4222
vt 0.625 0.7333
vt 0.525 0.6889
vt 0.525 0.7333
vt 0.225 0.7333
vt 0.125 0.7333
vt 0.125 0.6444
vt 0.025 0.6889
vt 0.025 0.7333
vt 0.625 0.8222
vt 0.575 0.8222
vt 0.525 0.7778
vt 0.525 0.8222
vt 0.725 0.6444
vt 0.725 0.8222
vt 0.675 0.8222
vt 0.875 0.6444
vt 0.375 0.6444
vt 0.625 0.6444
vt 0.975 0.6444
vt 0.475 0.4222
vt 0.225 0.6444
vt 0.025 0.7778
vt 0.725 0.7333
vt 0.125 0.4222
vt 0.625 0.6222
vt 0.475 0.7333
vt 0.875 0.6222
vt 0.125 0.6222
vt 0.375 0.6222
vt 0.125 1
vt 0.875 0.4222
vt 0 0.5556
vt 1 0.5556
vt 0.225 0.8222
vt 0.975 0.7333
vt 0.625 0.4222
vt 0.525 0.4222
vt 0 0.6222
vt 0.775 0.4222
vt 0.225 1
vt 0.025 0.4222
vt 0.275 0.4222
s 1
f 4137/3927 4224/3928 4215/3929
f 4252/3930 4237/3931 4351/3932
f 4280/3933 4273/3934 4350/3935
f 4228/3936 4219/3937 4349/3938
f 4210/3939 4135/3940 4241/3941
f 4212/3942 4136/3943 4203/3944
f 4214/3945 4138/3946 4213/3947
f 4216/3948 4137/3927 4215/3929
f 4231/3949 4225/3950 4348/3951
f 4265/3952 4228/3953 4347/3954
f 4135/3940 4247/3955 4241/3941
f 4270/3956 4202/3957 4346/3958
f 4149/3959 4229/3960 4230/3961
f 4150/3962 4231/3949 4232/3963
f 4148/3964 4265/3952 4234/3965
f 4147/3966 4254/3967 4235/3968
f 4345/3969 4149/3970 4242/3971
f 4229/3960 4222/3972 4344/3973
f 4136/3943 4208/3974 4203/3944
f 4276/3975 4239/3976 4343/3977
f 4138/3946 4218/3978 4213/3947
f 4201/3979 4170/3980 4159/3981
f 4221/3982 4168/3983 4161/3984
f 4281/3985 4282/3986 4342/3987
f 4277/3988 4175/3989 4264/3990
f 4210/3939 4275/3991 4139/3992
f 4212/3942 4259/3993 4140/3994
f 4214/3945 4223/3995 4142/3996
f 4216/3948 4220/3997 4141/3998
f 4251/3999 4177/4000 4266/4001
f 4227/4002 4154/4003 4206/4004
f 4252/3930 4178/4005 4267/4006
f 4236/4007 4186/4008 4157/4009
f 4230/3961 4249/4010 4149/3959
f 4232/3963 4250/4011 4150/3962
f 4234/3965 4278/4012 4148/3964
f 4235/3968 4279/4013 4147/3966
f 4244/4014 4166/4015 4163/4016
f 4284/4017 4269/4018 4341/4019
f 4276/3975 4173/4020 4262/4021
f 4285/4022 4286/4023 4340/4024
f 4278/4012 4283/4025 4339/4026
f 4251/3999 4245/4027 4338/4028
f 4249/4010 4287/4029 4337/4030
f 4158/4031 4207/4032 4211/4033
f 4288/4034 4256/4035 4336/4036
f 4289/4037 4290/4038 4335/4039
f 4261/4040 4291/4041 4334/4042
f 4292/4043 4271/4044 4333/4045
f 4293/4046 4294/4047 4332/4048
f 4250/4011 4295/4049 4331/4050
f 4178/4005 4219/3937 4267/4006
f 4177/4000 4233/4051 4266/4001
f 4175/3989 4263/4052 4264/3990
f 4173/4020 4261/4040 4262/4021
f 4296/4053 4246/4054 4330/4055
f 4297/4056 4298/4057 4329/4058
f 4328/4059 4181/4060 4299/4061
f 4156/4062 4274/4063 4209/4064
f 4300/4065 4260/4066 4327/4067
f 4301/4068 4302/4069 4326/4070
f 4233/4051 4303/4071 4325/4072
f 4304/4073 4258/4074 4324/4075
f 4305/4076 4306/4077 4323/4078
f 4263/4052 4307/4079 4322/4080
f 4244/4014 4162/4081 4238/4082
f 4221/3982 4160/4083 4227/4002
f 4201/3979 4158/4031 4211/4033
f 4236/4007 4156/4062 4209/4064
f 4308/4084 4254/3967 4321/4085
f 4309/4086 4310/4087 4320/4088
f 4260/4089 4311/4090 4319/4091
f 4312/4092 4268/4093 4318/4094
f 4317/4095 4199/4096 4314/4097
f 4279/4013 4315/4098 4316/4099
f 4162/4081 4204/4100 4238/4082
f 4238/4082 4134/4101 4135/4102
f 4316/4099 4199/4096 4313/4103
f 4180/4104 4316/4099 4313/4103
f 4147/3966 4316/4099 4239/4105
f 4205/4106 4314/4097 4151/4107
f 4269/4108 4205/4106 4127/4109
f 4180/4104 4317/4095 4269/4108
f 4200/4110 4268/4093 4128/4111
f 4151/4107 4318/4094 4200/4110
f 4314/4097 4312/4092 4318/4094
f 4319/4091 4198/4112 4309/4086
f 4248/4113 4309/4086 4186/4008
f 4140/4114 4319/4091 4248/4113
f 4320/4088 4164/4115 4253/4116
f 4275/3991 4253/4116 4139/3992
f 4186/4008 4320/4088 4275/3991
f 4321/4085 4143/4117 4217/4118
f 4310/4087 4217/4118 4164/4115
f 4198/4112 4321/4085 4310/4087
f 4136/4119 4236/4007 4209/4064
f 4138/4120 4201/3979 4211/4033
f 4137/4121 4221/3982 4227/4002
f 4135/4102 4244/4014 4238/4082
f 4322/4080 4197/4122 4305/4076
f 4222/3972 4305/4076 4167/4123
f 4145/4124 4322/4080 4222/3972
f 4323/4078 4168/3983 4257/4125
f 4256/4035 4257/4125 4141/3998
f 4167/4123 4323/4078 4256/4035
f 4324/4075 4142/3996 4223/3995
f 4306/4077 4223/3995 4168/3983
f 4197/4122 4324/4075 4306/4077
f 4325/4072 4196/4126 4301/4068
f 4225/3950 4301/4068 4169/4127
f 4146/4128 4325/4072 4225/3950
f 4326/4070 4170/3980 4226/4129
f 4258/4074 4226/4129 4142/3996
f 4169/4127 4326/4070 4258/4074
f 4327/4067 4140/3994 4259/3993
f 4302/4069 4259/3993 4170/3980
f 4196/4126 4327/4067 4302/4069
f 4209/4064 4133/4130 4136/4119
f 4297/4056 4299/4061 4195/4131
f 4243/4132 4297/4056 4183/4133
f 4243/4132 4240/4134 4328/4059
f 4329/4058 4151/4135 4200/4136
f 4272/4137 4200/4136 4128/4138
f 4183/4133 4329/4058 4272/4137
f 4330/4055 4127/4139 4205/4140
f 4298/4057 4205/4140 4151/4135
f 4195/4131 4330/4055 4298/4057
f 4143/4117 4262/4021 4261/4040
f 4145/4124 4264/3990 4263/4052
f 4146/4128 4266/4001 4233/4051
f 4144/4141 4267/4006 4219/3937
f 4331/4050 4194/4142 4293/4046
f 4245/4143 4293/4046 4184/4144
f 4150/3962 4331/4050 4245/4143
f 4332/4048 4181/4145 4240/4146
f 4273/4147 4240/4146 4130/4148
f 4273/4147 4293/4046 4332/4048
f 4333/4045 4129/4149 4270/4150
f 4294/4047 4270/4150 4181/4145
f 4194/4142 4333/4045 4294/4047
f 4334/4042 4193/4151 4289/4037
f 4217/4118 4289/4037 4164/4115
f 4143/4117 4334/4042 4217/4118
f 4335/4039 4166/4015 4255/4152
f 4253/4116 4255/4152 4139/3992
f 4164/4115 4335/4039 4253/4116
f 4336/4036 4141/3998 4220/3997
f 4290/4038 4220/3997 4166/4015
f 4193/4151 4336/4036 4290/4038
f 4211/4033 4131/4153 4138/4120
f 4337/4030 4192/4154 4285/4022
f 4242/4155 4285/4022 4182/4156
f 4149/3959 4337/4030 4242/4155
f 4338/4028 4184/4157 4280/3933
f 4283/4025 4280/3933 4191/4158
f 4189/4159 4338/4028 4283/4025
f 4339/4026 4191/4158 4281/3985
f 4237/4160 4281/3985 4179/4161
f 4148/3964 4339/4026 4237/4160
f 4340/4024 4152/4162 4202/4163
f 4271/4164 4202/4163 4129/4165
f 4182/4156 4340/4024 4271/4164
f 4147/4166 4262/4021 4143/4117
f 4341/4019 4127/4167 4246/4168
f 4286/4023 4246/4168 4152/4162
f 4192/4154 4341/4019 4286/4023
f 4135/4102 4255/4152 4244/4014
f 4190/4169 4235/3968 4178/4005
f 4189/4159 4234/3965 4177/4000
f 4188/4170 4232/3963 4175/3989
f 4187/4171 4230/3961 4173/4020
f 4136/4119 4248/4113 4236/4007
f 4148/4172 4267/4006 4144/4141
f 4227/4002 4132/4173 4137/4121
f 4150/4174 4266/4001 4146/4128
f 4163/4016 4220/3997 4216/3948
f 4161/3984 4223/3995 4214/3945
f 4159/3981 4259/3993 4212/3942
f 4157/4009 4275/3991 4210/3939
f 4149/3970 4264/3990 4145/4124
f 4342/3987 4183/4133 4272/4137
f 4268/4175 4272/4137 4128/4138
f 4179/4161 4342/3987 4268/4175
f 4137/4121 4257/4125 4221/3982
f 4138/4120 4226/4129 4201/3979
f 4160/4083 4218/3978 4154/4003
f 4343/3977 4180/4176 4284/4017
f 4287/4029 4284/4017 4192/4154
f 4187/4171 4343/3977 4287/4029
f 4203/3944 4155/4177 4158/4031
f 4344/3973 4167/4123 4288/4034
f 4291/4041 4288/4034 4193/4151
f 4172/4178 4344/3973 4291/4041
f 4345/3969 4182/4179 4292/4043
f 4295/4049 4292/4043 4194/4142
f 4295/4049 4277/3988 4345/3969
f 4235/3968 4165/4180 4178/4005
f 4234/3965 4176/4181 4177/4000
f 4232/3963 4174/4182 4175/3989
f 4230/3961 4172/4178 4173/4020
f 4296/4053 4202/3957 4152/4183
f 4195/4131 4346/3958 4296/4053
f 4181/4060 4346/3958 4299/4061
f 4241/3941 4185/4184 4156/4062
f 4347/3954 4171/4185 4300/4065
f 4303/4071 4300/4065 4196/4126
f 4176/4181 4347/3954 4303/4071
f 4348/3951 4169/4127 4304/4073
f 4197/4122 4348/3951 4304/4073
f 4307/4079 4231/3949 4348/3951
f 4163/4016 4215/3929 4162/4081
f 4161/3984 4213/3947 4160/4083
f 4159/3981 4203/3944 4158/4031
f 4157/4009 4241/3941 4156/4062
f 4308/4084 4219/3937 4165/4180
f 4198/4112 4349/3938 4308/4084
f 4171/4186 4349/3938 4311/4090
f 4350/3935 4130/4187 4243/4132
f 4282/3986 4243/4132 4183/4133
f 4191/4158 4350/3935 4282/3986
f 4351/3932 4179/4188 4312/4092
f 4315/4098 4312/4092 4199/4096
f 4190/4169 4351/3932 4315/4098
f 4215/3929 4153/4189 4162/4081
f 4137/3927 4132/4190 4224/3928
f 4252/3930 4148/4172 4237/3931
f 4280/3933 4184/4157 4273/3934
f 4228/3936 4144/4141 4219/3937
f 4210/3939 4139/3992 4135/3940
f 4212/3942 4140/3994 4136/3943
f 4214/3945 4142/3996 4138/3946
f 4216/3948 4141/3998 4137/3927
f 4231/3949 4146/4128 4225/3950
f 4265/3952 4144/4191 4228/3953
f 4135/3940 4134/4192 4247/3955
f 4270/3956 4129/4193 4202/3957
f 4149/3959 4145/4124 4229/3960
f 4150/3962 4146/4128 4231/3949
f 4148/3964 4144/4191 4265/3952
f 4147/3966 4143/4117 4254/3967
f 4345/3969 4277/3988 4149/3970
f 4229/3960 4145/4124 4222/3972
f 4136/3943 4133/4194 4208/3974
f 4276/3975 4147/4166 4239/3976
f 4138/3946 4131/4195 4218/3978
f 4201/3979 4226/4129 4170/3980
f 4221/3982 4257/4125 4168/3983
f 4281/3985 4191/4158 4282/3986
f 4277/3988 4188/4170 4175/3989
f 4251/3999 4189/4159 4177/4000
f 4227/4002 4160/4083 4154/4003
f 4252/3930 4190/4169 4178/4005
f 4236/4007 4248/4113 4186/4008
f 4244/4014 4255/4152 4166/4015
f 4284/4017 4180/4176 4269/4018
f 4276/3975 4187/4171 4173/4020
f 4285/4022 4192/4154 4286/4023
f 4278/4012 4189/4159 4283/4025
f 4251/3999 4150/4174 4245/4027
f 4249/4010 4187/4171 4287/4029
f 4158/4031 4155/4177 4207/4032
f 4288/4034 4167/4123 4256/4035
f 4289/4037 4193/4151 4290/4038
f 4261/4040 4172/4178 4291/4041
f 4292/4043 4182/4179 4271/4044
f 4293/4046 4194/4142 4294/4047
f 4250/4011 4188/4170 4295/4049
f 4178/4005 4165/4180 4219/3937
f 4177/4000 4176/4181 4233/4051
f 4175/3989 4174/4182 4263/4052
f 4173/4020 4172/4178 4261/4040
f 4296/4053 4152/4183 4246/4054
f 4297/4056 4195/4131 4298/4057
f 4328/4059 4240/4134 4181/4060
f 4156/4062 4185/4184 4274/4063
f 4300/4065 4171/4185 4260/4066
f 4301/4068 4196/4126 4302/4069
f 4233/4051 4176/4181 4303/4071
f 4304/4073 4169/4127 4258/4074
f 4305/4076 4197/4122 4306/4077
f 4263/4052 4174/4182 4307/4079
f 4244/4014 4163/4016 4162/4081
f 4221/3982 4161/3984 4160/4083
f 4201/3979 4159/3981 4158/4031
f 4236/4007 4157/4009 4156/4062
f 4308/4084 4165/4180 4254/3967
f 4309/4086 4198/4112 4310/4087
f 4260/4089 4171/4186 4311/4090
f 4312/4092 4179/4188 4268/4093
f 4317/4095 4313/4103 4199/4096
f 4279/4013 4190/4169 4315/4098
f 4162/4081 4153/4189 4204/4100
f 4238/4082 4204/4100 4134/4101
f 4316/4099 4315/4098 4199/4096
f 4180/4104 4239/4105 4316/4099
f 4147/3966 4279/4013 4316/4099
f 4205/4106 4317/4095 4314/4097
f 4269/4108 4317/4095 4205/4106
f 4180/4104 4313/4103 4317/4095
f 4200/4110 4318/4094 4268/4093
f 4151/4107 4314/4097 4318/4094
f 4314/4097 4199/4096 4312/4092
f 4319/4091 4311/4090 4198/4112
f 4248/4113 4319/4091 4309/4086
f 4140/4114 4260/4089 4319/4091
f 4320/4088 4310/4087 4164/4115
f 4275/3991 4320/4088 4253/4116
f 4186/4008 4309/4086 4320/4088
f 4321/4085 4254/3967 4143/4117
f 4310/4087 4321/4085 4217/4118
f 4198/4112 4308/4084 4321/4085
f 4322/4080 4307/4079 4197/4122
f 4222/3972 4322/4080 4305/4076
f 4145/4124 4263/4052 4322/4080
f 4323/4078 4306/4077 4168/3983
f 4256/4035 4323/4078 4257/4125
f 4167/4123 4305/4076 4323/4078
f 4324/4075 4258/4074 4142/3996
f 4306/4077 4324/4075 4223/3995
f 4197/4122 4304/4073 4324/4075
f 4325/4072 4303/4071 4196/4126
f 4225/3950 4325/4072 4301/4068
f 4146/4128 4233/4051 4325/4072
f 4326/4070 4302/4069 4170/3980
f 4258/4074 4326/4070 4226/4129
f 4169/4127 4301/4068 4326/4070
f 4327/4067 4260/4066 4140/3994
f 4302/4069 4327/4067 4259/3993
f 4196/4126 4300/4065 4327/4067
f 4209/4064 4274/4063 4133/4130
f 4297/4056 4328/4059 4299/4061
f 4243/4132 4328/4059 4297/4056
f 4243/4132 4130/4187 4240/4134
f 4329/4058 4298/4057 4151/4135
f 4272/4137 4329/4058 4200/4136
f 4183/4133 4297/4056 4329/4058
f 4330/4055 4246/4054 4127/4139
f 4298/4057 4330/4055 4205/4140
f 4195/4131 4296/4053 4330/4055
f 4331/4050 4295/4049 4194/4142
f 4245/4143 4331/4050 4293/4046
f 4150/3962 4250/4011 4331/4050
f 4332/4048 4294/4047 4181/4145
f 4273/4147 4332/4048 4240/4146
f 4273/4147 4184/4144 4293/4046
f 4333/4045 4271/4044 4129/4149
f 4294/4047 4333/4045 4270/4150
f 4194/4142 4292/4043 4333/4045
f 4334/4042 4291/4041 4193/4151
f 4217/4118 4334/4042 4289/4037
f 4143/4117 4261/4040 4334/4042
f 4335/4039 4290/4038 4166/4015
f 4253/4116 4335/4039 4255/4152
f 4164/4115 4289/4037 4335/4039
f 4336/4036 4256/4035 4141/3998
f 4290/4038 4336/4036 4220/3997
f 4193/4151 4288/4034 4336/4036
f 4211/4033 4207/4032 4131/4153
f 4337/4030 4287/4029 4192/4154
f 4242/4155 4337/4030 4285/4022
f 4149/3959 4249/4010 4337/4030
f 4338/4028 4245/4027 4184/4157
f 4283/4025 4338/4028 4280/3933
f 4189/4159 4251/3999 4338/4028
f 4339/4026 4283/4025 4191/4158
f 4237/4160 4339/4026 4281/3985
f 4148/3964 4278/4012 4339/4026
f 4340/4024 4286/4023 4152/4162
f 4271/4164 4340/4024 4202/4163
f 4182/4156 4285/4022 4340/4024
f 4147/4166 4276/3975 4262/4021
f 4341/4019 4269/4018 4127/4167
f 4286/4023 4341/4019 4246/4168
f 4192/4154 4284/4017 4341/4019
f 4135/4102 4139/3992 4255/4152
f 4190/4169 4279/4013 4235/3968
f 4189/4159 4278/4012 4234/3965
f 4188/4170 4250/4011 4232/3963
f 4187/4171 4249/4010 4230/3961
f 4136/4119 4140/4114 4248/4113
f 4148/4172 4252/3930 4267/4006
f 4227/4002 4206/4004 4132/4173
f 4150/4174 4251/3999 4266/4001
f 4163/4016 4166/4015 4220/3997
f 4161/3984 4168/3983 4223/3995
f 4159/3981 4170/3980 4259/3993
f 4157/4009 4186/4008 4275/3991
f 4149/3970 4277/3988 4264/3990
f 4342/3987 4282/3986 4183/4133
f 4268/4175 4342/3987 4272/4137
f 4179/4161 4281/3985 4342/3987
f 4137/4121 4141/3998 4257/4125
f 4138/4120 4142/3996 4226/4129
f 4160/4083 4213/3947 4218/3978
f 4343/3977 4239/3976 4180/4176
f 4287/4029 4343/3977 4284/4017
f 4187/4171 4276/3975 4343/3977
f 4203/3944 4208/3974 4155/4177
f 4344/3973 4222/3972 4167/4123
f 4291/4041 4344/3973 4288/4034
f 4172/4178 4229/3960 4344/3973
f 4345/3969 4242/3971 4182/4179
f 4295/4049 4345/3969 4292/4043
f 4295/4049 4188/4170 4277/3988
f 4235/3968 4254/3967 4165/4180
f 4234/3965 4265/3952 4176/4181
f 4232/3963 4231/3949 4174/4182
f 4230/3961 4229/3960 4172/4178
f 4296/4053 4346/3958 4202/3957
f 4195/4131 4299/4061 4346/3958
f 4181/4060 4270/3956 4346/3958
f 4241/3941 4247/3955 4185/4184
f 4347/3954 4228/3953 4171/4185
f 4303/4071 4347/3954 4300/4065
f 4176/4181 4265/3952 4347/3954
f 4348/3951 4225/3950 4169/4127
f 4197/4122 4307/4079 4348/3951
f 4307/4079 4174/4182 4231/3949
f 4163/4016 4216/3948 4215/3929
f 4161/3984 4214/3945 4213/3947
f 4159/3981 4212/3942 4203/3944
f 4157/4009 4210/3939 4241/3941
f 4308/4084 4349/3938 4219/3937
f 4198/4112 4311/4090 4349/3938
f 4171/4186 4228/3936 4349/3938
f 4350/3935 4273/3934 4130/4187
f 4282/3986 4350/3935 4243/4132
f 4191/4158 4280/3933 4350/3935
f 4351/3932 4237/3931 4179/4188
f 4315/4098 4351/3932 4312/4092
f 4190/4169 4252/3930 4351/3932
f 4215/3929 4224/3928 4153/4189
o Light
v 2.1 -5.575 -5.25
v 3.464 -4.7875 -5.25
v 3.464 -3.2125 -5.25
v 2.1 -2.425 -5.25
v 0.736 -3.2125 -5.25
v 0.736 -4.7875 -5.25
v -2.1 -5.575 -5.25
v -0.736 -4.7875 -5.25
v -0.736 -3.2125 -5.25
v -2.1 -2.425 -5.25
v -3.464 -3.2125 -5.25
v -3.464 -4.7875 -5.25
v 1.575 -10.825 -7.35
v 1.575 -7.675 -7.35
v -1.575 -7.675 -7.35
v -1.575 -10.825 -7.35
v 1.05 -10.3 -7.875
v 1.05 -8.2 -7.875
v -1.05 -8.2 -7.875
v -1.05 -10.3 -7.875
v 2.782 -4.3938 -5.25
v 1.418 -4.3938 -5.25
v -2.1 -3.2125 -5.25
v -2.782 -2.8187 -5.25
v -1.418 -2.8188 -5.25
v -0 -10.825 -7.35
v 1.05 -9.25 -7.875
v -0 -8.2 -7.875
v 1.575 -9.25 -7.35
v -0 -7.675 -7.35
v -1.575 -9.25 -7.35
v 3.464 -4 -5.25
v 2.782 -5.1813 -5.25
v 1.418 -5.1813 -5.25
v 0.736 -4 -5.25
v 1.418 -2.8188 -5.25
v 2.782 -2.8188 -5.25
v -0.736 -4 -5.25
v -1.418 -5.1813 -5.25
v -2.782 -4.3937 -5.25
v -2.782 -5.1813 -5.25
v -3.464 -4 -5.25
v -0 -10.3 -7.875
v -1.05 -9.25 -7.875
v -0 -9.25 -7.875
v 2.1 -3.6063 -5.25
v -1.759 -4.1969 -5.25
v 0.7875 -10.825 -7.35
v -0.7875 -10.825 -7.35
v 1.575 -8.4625 -7.35
v -0.7875 -7.675 -7.35
v -1.575 -10.0375 -7.35
v 1.575 -10.0375 -7.35
v 0.7875 -7.675 -7.35
v -1.575 -8.4625 -7.35
vt 0.77 0.4419
vt 0.815 0.4268
vt 0.8075 0.4494
vt 0.77 0.4117
vt 0.8 0.4117
vt 0.34 0.314
vt 0.32 0.3023
vt 0.35 0.3023
vt 0.8075 0.4343
vt 0.8599 0.4419
vt 0.815 0.4569
vt 0.38 0.3372
vt 0.42 0.314
vt 0.42 0.3372
vt 0.34 0.3605
vt 0.32 0.3721
vt 0.32 0.3547
vt 0.44 0.3023
vt 0.44 0.3198
vt 0.8449 0.4569
vt 0.77 0.472
vt 0.7551 0.4569
vt 0.38 0.3605
vt 0.38 0.3721
vt 0.35 0.3721
vt 0.42 0.3605
vt 0.44 0.3721
vt 0.41 0.3721
vt 0.7401 0.4419
vt 0.7551 0.4268
vt 0.34 0.3372
vt 0.38 0.314
vt 0.8 0.472
vt 0.83 0.472
vt 0.44 0.3372
vt 0.44 0.3547
vt 0.32 0.3372
vt 0.32 0.3198
vt 0.83 0.4117
vt 0.38 0.3023
vt 0.41 0.3023
vt 0.8449 0.4268
s 1
f 4391/4196 4374/4197 4398/4198
f 4362/4199 4375/4200 4374/4197
f 4370/4201 4366/4202 4402/4203
f 4397/4204 4354/4205 4372/4206
f 4396/4207 4369/4208 4378/4209
f 4371/4210 4367/4211 4403/4212
f 4369/4208 4365/4213 4401/4214
f 4354/4205 4383/4215 4372/4206
f 4352/4216 4385/4217 4373/4196
f 4394/4218 4377/4219 4400/4220
f 4368/4221 4364/4222 4399/4223
f 4392/4217 4363/4224 4393/4225
f 4358/4216 4392/4217 4391/4196
f 4391/4196 4392/4217 4393/4225
f 4373/4196 4386/4225 4356/4199
f 4394/4218 4378/4209 4368/4221
f 4391/4196 4393/4225 4362/4199
f 4394/4218 4395/4226 4396/4207
f 4396/4207 4370/4201 4379/4227
f 4373/4196 4385/4217 4386/4225
f 4385/4217 4357/4224 4386/4225
f 4372/4206 4384/4228 4352/4216
f 4372/4206 4383/4215 4384/4228
f 4383/4215 4353/4229 4384/4228
f 4378/4209 4380/4230 4404/4231
f 4395/4226 4382/4232 4406/4233
f 4373/4196 4372/4206 4352/4216
f 4356/4199 4397/4204 4373/4196
f 4355/4234 4397/4204 4387/4200
f 4379/4227 4381/4235 4405/4236
f 4374/4197 4376/4237 4360/4205
f 4374/4197 4375/4200 4376/4237
f 4375/4200 4361/4234 4376/4237
f 4398/4198 4360/4205 4389/4215
f 4359/4229 4398/4198 4389/4215
f 4358/4216 4398/4198 4390/4228
f 4391/4196 4362/4199 4374/4197
f 4402/4203 4381/4235 4379/4227
f 4379/4227 4370/4201 4402/4203
f 4397/4204 4388/4237 4354/4205
f 4396/4207 4379/4227 4369/4208
f 4403/4212 4382/4232 4395/4226
f 4395/4226 4371/4210 4403/4212
f 4401/4214 4380/4230 4378/4209
f 4378/4209 4369/4208 4401/4214
f 4400/4220 4367/4211 4371/4210
f 4371/4210 4394/4218 4400/4220
f 4399/4223 4377/4219 4394/4218
f 4394/4218 4368/4221 4399/4223
f 4394/4218 4396/4207 4378/4209
f 4394/4218 4371/4210 4395/4226
f 4396/4207 4395/4226 4370/4201
f 4404/4231 4364/4222 4368/4221
f 4368/4221 4378/4209 4404/4231
f 4406/4233 4366/4202 4370/4201
f 4370/4201 4395/4226 4406/4233
f 4373/4196 4397/4204 4372/4206
f 4356/4199 4387/4200 4397/4204
f 4355/4234 4388/4237 4397/4204
f 4405/4236 4365/4213 4369/4208
f 4369/4208 4379/4227 4405/4236
f 4398/4198 4374/4197 4360/4205
f 4359/4229 4390/4228 4398/4198
f 4358/4216 4391/4196 4398/4198
o RightArm
v -8.625 1.275 0.525
v -8.625 2.325 0.525
v -8.625 1.275 -0.525
v -8.625 2.325 -0.525
v -9.15 1.275 -0.525
v -9.15 1.275 0.525
v -9.15 2.325 0.525
v -9.15 2.325 -0.525
v -9.15 1.8 -1.05
v -9.15 1.0575 -0.7425
v -9.15 0.75 -0
v -9.15 1.0575 0.7425
v -9.15 1.8 1.05
v -9.15 2.5425 0.7425
v -9.15 2.85 -0
v -9.15 2.5425 -0.7425
v -9.4125 1.0575 -0.7425
v -9.4125 1.8 -1.05
v -9.4125 0.75 -0
v -9.4125 1.0575 0.7425
v -9.4125 1.8 1.05
v -9.4125 2.5425 0.7425
v -9.4125 2.85 -0
v -9.4125 2.5425 -0.7425
v -8.625 1.5375 0.525
v -8.625 2.0625 0.525
v -8.625 1.5375 2.625
v -8.625 2.0625 2.625
v -8.8875 1.5375 0.525
v -8.8875 2.0625 0.525
v -8.8875 1.5375 2.625
v -8.8875 2.0625 2.625
v -8.8875 0.75 0.525
v -8.8875 2.85 0.525
v -8.8875 0.75 -0.525
v -8.8875 2.85 -0.525
v -8.625 0.225 0.525
v -8.625 0.225 -0.525
v -8.625 3.375 0.525
v -8.625 3.375 -0.525
v -8.1 3.9 2.1
v -8.1 3.9 -2.1
v -3.9 3.9 -2.1
v -3.9 3.9 2.1
v -3.375 3.9 -2.625
v -3.375 3.9 2.625
v -8.625 3.9 -2.625
v -8.625 3.9 2.625
v -3.375 -0.3 -2.625
v -3.375 -0.3 2.625
v -8.625 -0.3 -2.625
v -8.625 -0.3 2.625
v -4.95 -2.4 -2.625
v -4.95 -2.4 2.625
v -8.1 6 2.1
v -3.9 6 2.1
v -3.9 6 -2.1
v -8.1 6 -2.1
v -8.625 6 -2.625
v -8.625 6 2.625
v -3.375 6 -2.625
v -3.375 6 2.625
v -8.625 10.2 -2.625
v -8.625 10.2 2.625
v -3.375 10.2 -2.625
v -3.375 10.2 2.625
v -3.9 10.2 2.1
v -3.9 10.2 -2.1
v -8.1 10.2 -2.1
v -8.1 10.2 2.1
v -3.9 11.25 -2.1
v -3.9 11.25 2.1
v -8.1 11.25 -2.1
v -8.1 11.25 2.1
v -3.375 11.25 -2.625
v -3.375 11.25 2.625
v -8.625 11.25 -2.625
v -8.625 11.25 2.625
v -3.375 13.35 -2.625
v -3.375 13.35 2.625
v -8.1 13.35 -2.625
v -8.1 13.35 2.625
v -8.625 -2.4 0.525
v -5.475 -2.4 0.525
v -8.625 -2.4 -0.525
v -5.475 -2.4 -0.525
v -7.575 -0.3 -0.525
v -7.575 -0.3 0.525
v -5.475 -0.3 0.525
v -5.475 -0.3 -0.525
v -8.8875 2.0625 1.575
v -8.625 2.0625 1.575
v -8.8875 1.8 0.525
v -8.625 1.5375 1.575
v -8.3625 6 0.2625
v -8.1 6 -0
v -3.375 3.9 -0
v -3.6375 3.9 -0.2625
v -6.2625 3.9 2.3625
v -6 3.9 2.625
v -8.625 3.9 -0
v -8.3625 3.9 0.2625
v -8.1 4.95 2.1
v -8.1 3.9 -0
v -5.7375 3.9 -2.3625
v -6 3.9 -2.625
v -6 -0.3 -2.625
v -4.1625 -1.35 -2.625
v -6.7875 -1.35 -2.625
v -3.375 1.8 -2.625
v -3.375 1.8 2.625
v -8.625 1.8 2.625
v -8.625 1.8 -2.625
v -4.1625 -1.35 2.625
v -6 -0.3 2.625
v -6.7875 -1.35 2.625
v -3.375 -0.3 0
v -8.625 -0.3 0
v -8.1 4.95 -2.1
v -6 3.9 -2.1
v -6 3.9 2.1
v -3.9 4.95 -2.1
v -3.9 3.9 -0
v -3.375 8.1 -2.625
v -3.375 6 -0
v -3.6375 6 -0.2625
v -3.9 6 -0
v -6 6 2.1
v -6.2625 6 2.3625
v -6.2625 6 -2.3625
v -6 6 -2.1
v -5.7375 10.2 -2.3625
v -6 10.2 -2.625
v -6 6 -2.625
v -6 6 2.625
v -8.625 8.1 2.625
v -8.625 6 -0
v -6 10.2 2.1
v -8.625 10.2 -0
v -8.3625 10.2 0.2625
v -6 10.2 2.625
v -5.7375 10.2 2.3625
v -3.375 10.2 -0
v -3.6375 10.2 -0.2625
v -8.3625 11.25 0.2625
v -8.1 11.25 -0
v -8.1 10.2 -0
v -6 10.2 -2.1
v -3.9 10.2 -0
v -8.3625 12.3 -2.625
v -6 11.25 -2.625
v -6.2625 11.25 -2.3625
v -6 11.25 -2.1
v -3.6375 11.25 -0.2625
v -3.9 11.25 -0
v -6 11.25 2.1
v -6.2625 11.25 2.3625
v -5.7375 13.35 -2.625
v -3.375 13.35 -0
v -3.375 12.3 -2.625
v -3.375 11.25 -0
v -6 11.25 2.625
v -8.3625 12.3 2.625
v -8.625 11.25 -0
v -7.05 -2.4 0.525
v -8.1 -1.35 -0.525
v -7.05 -2.4 -0.525
v -8.1 -1.35 0.525
v -5.475 -1.35 -0.525
v -8.8875 1.5375 1.575
v -8.8875 1.8 -0.525
v -4.95 -2.4 0
v -3.9 4.95 2.1
v -3.375 8.1 2.625
v -8.625 8.1 -2.625
v -8.1 13.35 -0
v -5.7375 13.35 2.625
v -3.375 12.3 2.625
v -6.525 -0.3 -0.525
v -5.475 -1.35 0.525
v -6.525 -0.3 0.525
v -6.7875 -1.35 -0.525
v -4.1625 -1.35 0
v -3.375 8.1 -0
v -5.8688 12.3 -2.625
v -8.625 8.1 -0
v -6.7875 -1.35 0.525
v -6 4.95 2.1
v -6 1.8 -2.625
v -6 8.1 2.625
v -6 4.95 -2.1
v -8.1 4.95 -0
v -6 8.1 -2.625
v -6 1.8 2.625
v -5.8688 12.3 2.625
v -5.7375 13.35 -0
v -3.375 12.3 -0
v -8.625 1.8 -0
v -3.375 1.8 -0
v -8.3625 12.3 -0
v -3.9 4.95 -0
v -6.7875 -1.35 0
v -7.05 6 2.1
v -8.1 6 1.05
v -3.375 3.9 -1.3125
v -4.95 6 -2.1
v -3.9 3.9 -1.05
v -8.625 3.9 -1.3125
v -4.6875 3.9 2.625
v -5.0813 3.9 2.2313
v -7.3125 10.2 -2.625
v -4.95 10.2 2.1
v -3.7688 3.9 0.9187
v -3.375 -0.3 -1.3125
v -3.375 2.85 2.625
v -8.625 2.85 -2.625
v -3.7688 6 0.9187
v -5.0813 6 2.2312
v -4.5563 10.2 -2.4938
v -7.05 3.9 -2.1
v -7.3125 6 2.625
v -8.2313 6 -0.9187
v -8.4938 6 1.4438
v -8.1 6 -1.05
v -3.375 3.9 1.3125
v -3.5063 3.9 -1.4438
v -7.4438 3.9 2.4937
v -7.3125 3.9 2.625
v -8.625 3.9 1.3125
v -8.4938 3.9 1.4438
v -8.1 3.9 -1.05
v -4.5563 3.9 -2.4937
v -7.3125 3.9 -2.625
v -7.3125 -0.3 -2.625
v -5.8688 -1.875 -2.625
v -3.375 0.75 -2.625
v -4.6875 -0.3 -2.625
v -3.375 0.75 2.625
v -3.375 2.85 -2.625
v -8.625 0.75 2.625
v -4.6875 3.9 -2.625
v -8.625 0.75 -2.625
v -8.625 2.85 2.625
v -7.3125 -0.3 2.625
v -5.8688 -1.875 2.625
v -4.6875 -0.3 2.625
v -3.375 -0.3 1.3125
v -8.625 -0.3 1.3125
v -3.9 6 1.05
v -8.2313 3.9 -0.9187
v -4.95 3.9 -2.1
v -4.95 3.9 2.1
v -5.0813 6 -2.2313
v -3.9 3.9 1.05
v -3.375 9.15 -2.625
v -8.625 7.05 2.625
v -3.375 6 1.3125
v -3.5063 6 -1.4438
v -3.9 6 -1.05
v -4.95 6 2.1
v -7.4438 6 2.4937
v -7.4438 6 -2.4938
v -7.05 6 -2.1
v -6.9188 10.2 -2.2313
v -4.6875 10.2 -2.625
v -4.6875 6 -2.625
v -7.7063 -0.825 -2.625
v -4.6875 6 2.625
v -8.625 9.15 2.625
v -3.375 7.05 -2.625
v -8.625 6 1.3125
v -8.1 3.9 1.05
v -7.05 10.2 2.1
v -8.625 10.2 1.3125
v -8.2313 10.2 -0.9188
v -4.6875 10.2 2.625
v -6.9188 10.2 2.2312
v -3.375 10.2 1.3125
v -3.7688 10.2 0.9187
v -8.4938 11.25 1.4437
v -8.1 11.25 1.05
v -7.3125 6 -2.625
v -8.1 10.2 1.05
v -7.05 10.2 -2.1
v -6.9188 3.9 -2.2313
v -3.9 10.2 -1.05
v -7.3125 11.25 -2.625
v -7.4438 11.25 -2.4938
v -7.05 11.25 -2.1
v -3.5063 11.25 -1.4438
v -3.9 11.25 1.05
v -7.05 11.25 2.1
v -7.4438 11.25 2.4937
v -6.9188 13.35 -2.625
v -7.05 3.9 2.1
v -3.375 13.35 1.3125
v -3.375 6 -1.3125
v -3.375 11.25 1.3125
v -7.3125 11.25 2.625
v -8.625 6 -1.3125
v -8.625 11.25 1.3125
v -7.7063 -0.825 2.625
v -6.2625 -2.4 0.525
v -6.2625 -2.4 -0.525
v -8.625 -0.3 -1.3125
v -8.625 10.2 -1.3125
v -4.95 -2.4 1.3125
v -3.375 9.15 2.625
v -8.625 9.15 -2.625
v -8.1 13.35 1.3125
v -6.9188 13.35 2.625
v -8.4938 10.2 1.4437
v -7.3125 10.2 2.625
v -4.5563 10.2 2.4937
v -3.375 10.2 -1.3125
v -3.5063 10.2 -1.4438
v -8.2313 11.25 -0.9188
v -8.1 11.25 -1.05
v -8.1 10.2 -1.05
v -4.95 10.2 -2.1
v -3.9 10.2 1.05
v -4.6875 11.25 -2.625
v -5.0813 11.25 -2.2313
v -4.95 11.25 -2.1
v -3.7688 11.25 0.9187
v -3.9 11.25 -1.05
v -4.95 11.25 2.1
v -5.0813 11.25 2.2312
v -4.5563 13.35 -2.625
v -3.375 13.35 -1.3125
v -3.375 11.25 -1.3125
v -4.6875 11.25 2.625
v -8.625 11.25 -1.3125
v -7.8375 -2.4 0.525
v -7.8375 -2.4 -0.525
v -4.95 -2.4 -1.3125
v -3.375 7.05 2.625
v -8.625 7.05 -2.625
v -8.1 13.35 -1.3125
v -4.5563 13.35 2.625
v -4.1625 -1.35 1.3125
v -4.1625 -1.35 -1.3125
v -3.375 7.05 -0
v -3.375 9.15 -0
v -3.375 8.1 -1.3125
v -3.375 8.1 1.3125
v -7.1156 12.3 -2.625
v -4.6219 12.3 -2.625
v -8.625 7.05 -0
v -8.625 9.15 -0
v -8.625 8.1 1.3125
v -8.625 8.1 -1.3125
v -7.05 4.95 2.1
v -4.95 4.95 2.1
v -6 2.85 -2.625
v -6 0.75 -2.625
v -4.6875 1.8 -2.625
v -7.3125 1.8 -2.625
v -7.3125 8.1 2.625
v -4.6875 8.1 2.625
v -6 7.05 2.625
v -6 9.15 2.625
v -7.05 4.95 -2.1
v -4.95 4.95 -2.1
v -8.1 4.95 1.05
v -8.1 4.95 -1.05
v -5.475 -1.35 2.625
v -5.0813 -0.825 2.625
v -4.6875 8.1 -2.625
v -7.3125 8.1 -2.625
v -6 7.05 -2.625
v -6 9.15 -2.625
v -6 2.85 2.625
v -6 0.75 2.625
v -7.3125 1.8 2.625
v -4.6875 1.8 2.625
v -5.0813 -0.825 -2.625
v -5.475 -1.35 -2.625
v -7.1156 12.3 2.625
v -4.6219 12.3 2.625
v -4.5563 13.35 -0
v -6.9188 13.35 -0
v -5.7375 13.35 -1.3125
v -5.7375 13.35 1.3125
v -3.375 12.3 -1.3125
v -3.375 12.3 1.3125
v -8.625 2.85 -0
v -8.625 0.75 -0
v -8.625 1.8 -1.3125
v -8.625 1.8 1.3125
v -3.375 2.85 -0
v -3.375 0.75 -0
v -3.375 1.8 1.3125
v -3.375 1.8 -1.3125
v -8.3625 12.3 1.3125
v -8.3625 12.3 -1.3125
v -3.9 4.95 -1.05
v -3.9 4.95 1.05
v -6.7875 -1.35 1.3125
v -6.7875 -1.35 -1.3125
v -7.7063 -0.825 0
v -5.8688 -1.875 0
v -5.8688 -1.875 -1.3125
v -7.7063 -0.825 -1.3125
v -7.7063 -0.825 1.3125
v -3.375 0.75 -1.3125
v -3.375 0.75 1.3125
v -3.375 2.85 1.3125
v -8.625 0.75 1.3125
v -8.625 0.75 -1.3125
v -8.625 2.85 -1.3125
v -6.9188 13.35 1.3125
v -6.9188 13.35 -1.3125
v -4.5563 13.35 -1.3125
v -4.6875 0.75 2.625
v -7.3125 0.75 2.625
v -7.3125 2.85 2.625
v -7.3125 9.15 -2.625
v -7.3125 7.05 -2.625
v -4.6875 7.05 -2.625
v -4.6875 9.15 2.625
v -4.6875 7.05 2.625
v -7.3125 7.05 2.625
v -7.3125 0.75 -2.625
v -4.6875 0.75 -2.625
v -8.625 9.15 -1.3125
v -8.625 7.05 1.3125
v -3.375 9.15 1.3125
v -3.375 9.15 -1.3125
v -8.625 9.15 1.3125
v -3.375 7.05 -1.3125
v -4.6875 2.85 -2.625
v -3.375 7.05 1.3125
v -8.625 7.05 -1.3125
v -7.3125 2.85 -2.625
v -7.3125 9.15 2.625
v -4.6875 9.15 -2.625
v -4.6875 2.85 2.625
v -4.5563 13.35 1.3125
v -8.625 2.85 1.3125
v -3.375 2.85 -1.3125
v -5.8688 -1.875 1.3125
vt 0.6875 0.8103
vt 0.75 0.7802
vt 0.6875 0.7802
vt 0.75 0.8966
vt 0.775 0.8793
vt 0.775 0.8966
vt 0.725 0.8103
vt 0.7 0.8448
vt 0.7 0.8103
vt 0.025 0.5
vt 0.075 0.5345
vt 0.075 0.5
vt 0.7 0.8621
vt 0.65 0.8966
vt 0.65 0.8621
vt 0.525 0.0681
vt 0.525 0.0009
vt 0.5737 0.0345
vt 0.575 0.0345
vt 0.6 0.0172
vt 0.6 0.0345
vt 0.575 0.1034
vt 0.6 0.1207
vt 0.575 0.1207
vt 0.75 0.8448
vt 0.775 0.8448
vt 0.5 0.2069
vt 0.5625 0.2414
vt 0.5625 0.2069
vt 0.725 0.9138
vt 0.7 0.8793
vt 0.725 0.8793
vt 0.15 0.8276
vt 0.1 0.8534
vt 0.15 0.8534
vt 0.25 0.5862
vt 0.1875 0.5517
vt 0.1875 0.5862
vt 0.75 0.5862
vt 0.6875 0.5517
vt 0.6875 0.5862
vt 0 0.2069
vt 0.0625 0.2414
vt 0.0625 0.2069
vt 0.65 0.8103
vt 0.7 0.8276
vt 0.65 0.8276
vt 0.7 0.9483
vt 0.725 0.9483
vt 0.025 0.2586
vt 0.075 0.2931
vt 0.075 0.2586
vt 0.3063 0
vt 0.25 0.0431
vt 0.3063 0.0431
vt 0.525 0.2586
vt 0.575 0.2931
vt 0.575 0.2586
vt 0.8219 0.2069
vt 0.775 0.1724
vt 0.7625 0.2069
vt 0.5813 0.4612
vt 0.525 0.4655
vt 0.575 0.4655
vt 0.025 0.5345
vt 0.0625 0.5517
vt 0.0813 0.5388
vt 0.8063 0.5474
vt 0.75 0.5517
vt 0.8125 0.5517
vt 0.525 0.5345
vt 0.5625 0.5517
vt 0.5813 0.5388
vt 0.6 0.069
vt 0.575 0.0862
vt 0.575 0.069
vt 0.3063 0.5474
vt 0.25 0.5517
vt 0.3125 0.5517
vt 0.3125 0.6897
vt 0.3312 0.7069
vt 0.375 0.6897
vt 1 0.5862
vt 0.9375 0.5517
vt 0.9375 0.5862
vt 0.3125 0.3103
vt 0.25 0.3448
vt 0.3125 0.3448
vt 0.325 0.2586
vt 0.275 0.2931
vt 0.325 0.2931
vt 0.575 0.0517
vt 0.9375 0.6897
vt 0.875 0.6897
vt 0.9187 0.7069
vt 0.525 0.5
vt 0.575 0.5345
vt 0.575 0.5
vt 0.575 0.1379
vt 0.65 0.0681
vt 0.65 0.0009
vt 0.6987 0.0345
vt 0.325 0.5
vt 0.275 0.5345
vt 0.325 0.5345
vt 0.7 0.9138
vt 0.7 0.8966
vt 0.8 0.8103
vt 0.8 0.8448
vt 0.0813 0.4612
vt 0.025 0.4655
vt 0.075 0.4655
vt 0.8063 0.4526
vt 0.775 0.4655
vt 0.825 0.4655
vt 0.3312 0.4612
vt 0.275 0.4655
vt 0.325 0.4655
vt 0.3063 0.306
vt 0.25 0.3103
vt 0.8125 0.3448
vt 0.75 0.3103
vt 0.75 0.3448
vt 0.4375 0.5862
vt 0.5 0.5517
vt 0.4375 0.5517
vt 0.725 0.8448
vt 0.775 0.5
vt 0.825 0.5
vt 0.525 0.2931
vt 0.5625 0.3103
vt 0.5813 0.2974
vt 0.775 0.2931
vt 0.8125 0.3103
vt 0.8313 0.2974
vt 0.025 0.2931
vt 0.0625 0.3103
vt 0.0813 0.2974
vt 0.5813 0.2543
vt 0.6 0.0517
vt 0.775 0.2586
vt 0.825 0.2931
vt 0.825 0.2586
vt 0.1 0.7931
vt 0.15 0.7931
vt 0.05 0.8707
vt 0 0.8966
vt 0.05 0.9138
vt 0.3312 0.2543
vt 0.275 0.2586
vt 0.0813 0.2543
vt 0.8063 0.2457
vt 0.725 0.8448
vt 0.5 0.4138
vt 0.5625 0.4483
vt 0.5625 0.4138
vt 0.3094 0.2069
vt 0.25 0.2414
vt 0.3125 0.2414
vt 0 0.4138
vt 0.0625 0.4483
vt 0.0625 0.4138
vt 0.25 0.7241
vt 0.1875 0.6897
vt 0.1875 0.7241
vt 0.15 1
vt 0.1 0.9655
vt 0.1 1
vt 0.2 0.8276
vt 0.6 -0
vt 0.575 0.0172
vt 0.575 -0
vt 0.6 0.0862
vt 0.05 0.8276
vt 0 0.8621
vt 0.925 0.2931
vt 0.8875 0.3017
vt 0.9437 0.306
vt 0.675 0.2931
vt 0.6375 0.3017
vt 0.6937 0.306
vt 0.6375 0.25
vt 0.675 0.2586
vt 0.6937 0.2457
vt 0.9187 0.2543
vt 0.875 0.2586
vt 0.925 0.2586
vt 0.6156 0.0582
vt 0.6013 0.0345
vt 0.6156 0.0107
vt 0.6844 0.0107
vt 0.6844 0.0582
vt 0.1875 0.4483
vt 0.1375 0.4569
vt 0.1938 0.4526
vt 0.5594 0.0582
vt 0.4906 0.0582
vt 0.4763 0.0345
vt 0.4906 0.0107
vt 0.5594 0.0107
vt 0.9187 0.4612
vt 0.875 0.4483
vt 0.8625 0.4569
vt 0.4375 0.4483
vt 0.3875 0.4569
vt 0.4437 0.4526
vt 0.9375 0.3103
vt 0.3125 0.5862
vt 0.375 0.5517
vt 0.375 0.2931
vt 0.4188 0.2974
vt 0.425 0.2931
vt 0.4188 0.1724
vt 0.3688 0.2069
vt 0.4281 0.2069
vt 0.125 0.7586
vt 0.0625 0.7241
vt 0.0625 0.7586
vt 0.125 0.4138
vt 0.1875 0.4138
vt 0.1 0.931
vt 0.1 0.9052
vt 0.1 0.7586
vt 0.15 0.7586
vt 0.1375 0.3017
vt 0.1875 0.3103
vt 0.1938 0.306
vt 0.625 0.3448
vt 0.6875 0.3793
vt 0.6875 0.3448
vt 0.75 0.8103
vt 0.825 0.5345
vt 0.775 0.5345
vt 0.175 0.2931
vt 0.125 0.3448
vt 0.1875 0.3793
vt 0.1875 0.3448
vt 0.2 0.8707
vt 0.15 0.8793
vt 0.15 0.9052
vt 0.125 0.7241
vt 0.0625 0.6897
vt 0.6875 0.4483
vt 0.6375 0.4569
vt 0.6937 0.4526
vt 0.25 0.7586
vt 0.1875 0.7586
vt 0 0.3448
vt 0.0625 0.3793
vt 0.0625 0.3448
vt 0.1 0.8793
vt 0.375 0.5345
vt 0.4188 0.5388
vt 0.425 0.5345
vt 0.675 0.5345
vt 0.6375 0.5431
vt 0.6937 0.5474
vt 0.925 0.5345
vt 0.875 0.5
vt 0.875 0.5345
vt 0.8125 0.4483
vt 0.75 0.4483
vt 0.3125 0.4483
vt 0.25 0.8621
vt 0.25 0.8966
vt 0.2 0.9138
vt 0.1375 0.25
vt 0.175 0.2586
vt 0.1938 0.2457
vt 0.9187 0.5388
vt 0.6875 0.3103
vt 0.175 0.5345
vt 0.1375 0.5431
vt 0.1938 0.5474
vt 0.625 0.4138
vt 0.6875 0.4138
vt 0.4375 0.2414
vt 0.3875 0.25
vt 0.4437 0.2457
vt 0.8125 0.2414
vt 0.75 0.2414
vt 0.5 0.3448
vt 0.5625 0.3793
vt 0.5625 0.3448
vt 0.425 0.2586
vt 0.6875 0.2414
vt 0.925 0.5
vt 0.875 0.4655
vt 0.375 0.2414
vt 0.875 0.2414
vt 0.8625 0.25
vt 0.1875 0.2414
vt 0.3063 0.1724
vt 0.25 0.2069
vt 0.3125 0.6552
vt 0.375 0.6207
vt 0.3125 0.6207
vt 0.15 0.9655
vt 0.5 0.6552
vt 0.4375 0.6207
vt 0.4375 0.6552
vt 0.8125 0.3793
vt 0.75 0.4138
vt 0.8125 0.4138
vt 0.9375 0.3793
vt 0.875 0.4138
vt 0.9375 0.4138
vt 0.875 0.3448
vt 0.9375 0.3448
vt 0.375 0.3103
vt 0.4375 0.3103
vt 0.425 0.4655
vt 0.925 0.4655
vt 0.175 0.4655
vt 0.8 0.8793
vt 0.425 0.5
vt 0.375 0.5
vt 0.275 0.5
vt 0.625 0.5
vt 0.675 0.5
vt 0.625 0.4655
vt 0.675 0.4655
vt 0.9 0.7241
vt 0.8375 0.7241
vt 0.8812 0.7414
vt 0.8125 0.6897
vt 0.75 0.6897
vt 0.7937 0.7069
vt 0.3125 0.4138
vt 0.25 0.3793
vt 0.25 0.4138
vt 0.4375 0.3793
vt 0.375 0.4138
vt 0.4375 0.4138
vt 0.375 0.3448
vt 0.4375 0.3448
vt 0.875 0.5862
vt 0.8125 0.5862
vt 0.875 0.6552
vt 0.8125 0.6207
vt 0.8125 0.6552
vt 1 0.6552
vt 0.9375 0.6207
vt 0.9375 0.6552
vt 0.4375 0.6897
vt 0.4562 0.7069
vt 0.5 0.6897
vt 0.2875 0.7241
vt 0.35 0.7241
vt 0.3688 0.7414
vt 0.4125 0.7241
vt 0.875 0.5517
vt 0.9375 0.2414
vt 0.8812 0.2069
vt 0.9406 0.2069
vt 0.8875 0.1724
vt 0.625 0.2586
vt 0.3063 0.0862
vt 0.25 0.1293
vt 0.3063 0.1293
vt 0.4188 0.0862
vt 0.3625 0.1293
vt 0.4188 0.1293
vt 0.4188 0
vt 0.3625 0.0431
vt 0.4188 0.0431
vt 0.125 0.2586
vt 0.125 0.2069
vt 0.1875 0.2069
vt 0.125 0.1724
vt 0.1875 0.1724
vt -0 0.1724
vt 0.0625 0.1724
vt 0.625 0.5862
vt 0.5625 0.5862
vt 0.625 0.6552
vt 0.5625 0.6207
vt 0.5625 0.6552
vt 0.75 0.6552
vt 0.6875 0.6207
vt 0.6875 0.6552
vt 0.125 0.5862
vt 0.0625 0.5862
vt 0.125 0.6552
vt 0.0625 0.6207
vt 0.0625 0.6552
vt 0.25 0.6552
vt 0.1875 0.6207
vt 0.1875 0.6552
vt 0.625 0.2069
vt 0.6875 0.2069
vt 0.625 0.1724
vt 0.6875 0.1724
vt 0.5 0.1724
vt 0.5625 0.1724
vt 0.775 0.8103
vt 0.125 0.5
vt 0.175 0.5
vt 0.125 0.4655
vt 0.6875 0.75
vt 0.75 0.7198
vt 0.6875 0.7198
vt 0.5625 0.75
vt 0.625 0.7198
vt 0.5625 0.7198
vt 0.5625 0.8103
vt 0.625 0.7802
vt 0.5625 0.7802
vt 0.625 0.75
vt 0.5 0.7802
vt 0.5 0.75
vt 0.5 0.8103
vt 0.625 0.6897
vt 0.5625 0.6897
vt 0.5 0.7198
vt 0.6875 0.6897
vt 0.225 0.5
vt 0.225 0.4655
vt 0.225 0.5345
vt 0.75 0.2069
vt 0.75 0.1724
vt 0.15 0.931
vt 0.125 0.6207
vt 0.125 0.6897
vt 0.25 0.6897
vt 0 0.6207
vt 0 0.6552
vt -0 0.6897
vt -0 0.5517
vt 0 0.5862
vt 0.625 0.6207
vt 0.5 0.6207
vt 0.5 0.5862
vt 0.25 0.1724
vt 0.225 0.2931
vt 0.225 0.2586
vt 0.3625 0.0862
vt 0.475 0.0431
vt 0.475 0.0862
vt 0.475 0
vt 0.3625 0.1724
vt 0.475 0.1293
vt 0.475 0.1724
vt 0.725 0.2931
vt 0.725 0.2586
vt 1 0.2069
vt 0.9437 0.1724
vt 1 0.2414
vt 0.725 0.4655
vt 0.975 0.5345
vt 1 0.5517
vt 0.475 0.5345
vt 0.325 0.7586
vt 0.875 0.6207
vt 1 0.6897
vt 0.75 0.6207
vt 0.375 0.3793
vt 0.5 0.3793
vt 0.5 0.3103
vt 0.375 0.4483
vt 0.5 0.4483
vt 0.25 0.4483
vt 0.475 0.2586
vt 0.475 0.2931
vt 0.9625 0.7241
vt 0.925 0.7586
vt 0.725 0.5
vt 0.725 0.5345
vt 0.375 0.4655
vt 0.475 0.4655
vt 0.475 0.5
vt 0.975 0.4655
vt 0.875 0.3793
vt 1 0.3448
vt 1 0.3793
vt 0.9375 0.4483
vt 1 0.4138
vt 1 0.4483
vt 0.375 0.6552
vt 0.25 0.6207
vt 0.975 0.2586
vt 0.4875 0.2069
vt 0.5 0.2414
vt 0.975 0.5
vt 0.625 0.3793
vt 0.625 0.3103
vt 0.125 0.2414
vt 0.75 0.3793
vt 0.625 0.2414
vt 0.125 0.2931
vt 0.875 0.2931
vt 0.625 0.2931
vt 0.3625 0.3017
vt 0.125 0.4483
vt 0.975 0.2931
vt 0.125 0.3793
vt 0.125 0.3103
vt -0 0.3103
vt 0 0.7241
vt 0.3625 0.5431
vt 0.625 0.5345
vt 0.8625 0.5431
vt 0.125 0.5345
vt 0.625 0.4483
vt -0 0.7586
vt 0.375 0.5862
vt 1 0.3103
vt 0 0.3793
vt 0.375 0.2586
vt 0.875 0.3103
vt 0.3125 0.3793
vt 1 0.6207
vt 0.625 0.5517
vt 0.125 0.5517
vt 0.8313 0.1724
vt 0.25 0.0862
vt 0.3625 0
vt 0.75 0.75
vt 0.625 0.8103
vt 0.75 0.8793
vt 0.6 0.1034
vt 0.1 0.8276
vt -0 0.2414
vt 0.25 -0
vt 0.6 0.1379
vt 0.65 0.9138
vt 0 0.4483
vt 0 0.8276
vt 0.25 0.8276
vt 1 0.1724
s 1
f 4713/4238 4651/4239 4848/4240
f 4434/4241 4437/4242 4433/4243
f 4410/4244 4411/4245 4414/4246
f 4579/4247 4660/4248 4804/4249
f 4577/4250 4439/4251 4499/4252
f 4425/4253 4429/4254 4424/4255
f 4419/4256 4428/4257 4427/4258
f 4415/4259 4430/4260 4422/4261
f 4437/4242 4497/4262 4576/4263
f 4556/4264 4739/4265 4802/4266
f 4408/4267 4412/4268 4407/4269
f 4492/4270 4709/4271 4710/4272
f 4645/4273 4611/4274 4847/4275
f 4649/4276 4635/4277 4846/4278
f 4584/4279 4704/4280 4792/4281
f 4445/4282 4442/4283 4440/4284
f 4414/4285 4408/4267 4410/4286
f 4478/4287 4727/4288 4697/4289
f 4746/4290 4702/4291 4845/4292
f 4479/4293 4725/4294 4724/4295
f 4785/4296 4488/4297 4569/4298
f 4628/4299 4464/4300 4630/4301
f 4450/4302 4631/4303 4619/4304
f 4633/4305 4454/4306 4634/4307
f 4448/4308 4614/4309 4656/4310
f 4425/4311 4416/4312 4417/4313
f 4638/4314 4451/4315 4647/4316
f 4643/4317 4783/4318 4513/4319
f 4621/4320 4615/4321 4844/4322
f 4671/4323 4661/4324 4843/4325
f 4730/4326 4474/4327 4726/4328
f 4427/4258 4418/4329 4419/4256
f 4652/4330 4521/4331 4774/4332
f 4525/4333 4637/4334 4772/4335
f 4430/4260 4421/4336 4422/4261
f 4417/4337 4421/4338 4419/4339
f 4770/4340 4449/4341 4657/4342
f 4444/4343 4439/4251 4441/4344
f 4576/4263 4431/4345 4500/4346
f 4623/4347 4462/4348 4655/4349
f 4667/4350 4461/4351 4609/4352
f 4659/4353 4463/4354 4612/4355
f 4625/4356 4471/4357 4671/4323
f 4842/4358 4470/4359 4675/4360
f 4841/4361 4453/4362 4639/4363
f 4412/4268 4409/4364 4407/4269
f 4609/4352 4509/4365 4759/4366
f 4475/4367 4712/4368 4681/4369
f 4476/4370 4719/4371 4683/4372
f 4473/4373 4684/4374 4685/4375
f 4723/4376 4479/4293 4724/4295
f 4426/4377 4417/4313 4418/4329
f 4480/4378 4679/4379 4698/4380
f 4586/4381 4492/4270 4575/4382
f 4593/4383 4494/4384 4574/4385
f 4729/4386 4477/4387 4730/4326
f 4731/4388 4478/4287 4697/4289
f 4699/4389 4480/4378 4698/4380
f 4497/4262 4434/4269 4498/4390
f 4744/4391 4706/4392 4840/4393
f 4754/4394 4481/4395 4728/4396
f 4743/4397 4663/4398 4839/4399
f 4514/4400 4620/4401 4748/4402
f 4493/4403 4574/4404 4494/4405
f 4575/4406 4492/4270 4710/4272
f 4429/4407 4420/4408 4421/4409
f 4423/4410 4415/4259 4416/4312
f 4586/4411 4587/4412 4593/4383
f 4618/4413 4548/4414 4720/4415
f 4689/4416 4546/4417 4718/4418
f 4551/4419 4687/4420 4686/4421
f 4734/4422 4562/4423 4733/4424
f 4417/4337 4416/4425 4415/4426
f 4415/4426 4422/4427 4421/4338
f 4421/4338 4420/4428 4419/4339
f 4419/4339 4418/4429 4417/4337
f 4703/4430 4532/4431 4664/4432
f 4424/4255 4423/4433 4425/4253
f 4425/4253 4426/4434 4427/4435
f 4427/4435 4428/4436 4429/4254
f 4429/4254 4430/4437 4424/4255
f 4624/4438 4541/4439 4535/4440
f 4688/4441 4536/4442 4668/4443
f 4548/4414 4682/4444 4720/4415
f 4838/4445 4512/4446 4647/4316
f 4554/4447 4670/4448 4690/4449
f 4700/4450 4591/4451 4753/4452
f 4578/4453 4747/4454 4713/4455
f 4749/4456 4703/4430 4837/4457
f 4574/4385 4489/4458 4740/4459
f 4495/4460 4575/4382 4496/4461
f 4550/4462 4721/4463 4722/4464
f 4756/4465 4757/4466 4836/4467
f 4436/4468 4498/4390 4432/4244
f 4701/4469 4509/4365 4447/4470
f 4692/4471 4550/4462 4722/4464
f 4706/4392 4464/4300 4628/4299
f 4619/4304 4660/4248 4450/4302
f 4447/4470 4633/4305 4701/4469
f 4656/4310 4637/4334 4448/4308
f 4750/4472 4751/4473 4835/4474
f 4449/4341 4638/4314 4657/4342
f 4588/4475 4573/4476 4741/4477
f 4589/4478 4653/4479 4747/4454
f 4677/4480 4501/4481 4629/4482
f 4459/4483 4748/4402 4742/4484
f 4714/4485 4752/4486 4834/4487
f 4593/4383 4571/4488 4709/4271
f 4526/4489 4691/4490 4626/4491
f 4678/4492 4508/4493 4636/4494
f 4562/4423 4618/4413 4733/4424
f 4658/4495 4594/4496 4527/4497
f 4663/4398 4462/4348 4623/4347
f 4667/4350 4627/4498 4466/4499
f 4672/4500 4463/4354 4659/4353
f 4474/4327 4625/4356 4726/4328
f 4585/4501 4575/4406 4588/4475
f 4493/4502 4588/4475 4572/4503
f 4560/4504 4732/4505 4696/4506
f 4527/4497 4616/4507 4658/4495
f 4681/4369 4725/4294 4475/4367
f 4683/4372 4679/4379 4476/4370
f 4685/4375 4727/4288 4473/4373
f 4739/4265 4479/4293 4723/4376
f 4546/4417 4680/4508 4718/4418
f 4613/4509 4504/4510 4632/4511
f 4755/4512 4677/4480 4833/4513
f 4693/4514 4558/4515 4694/4516
f 4728/4396 4477/4387 4729/4386
f 4704/4280 4478/4287 4731/4388
f 4699/4389 4705/4517 4484/4518
f 4715/4519 4758/4520 4832/4521
f 4558/4515 4695/4522 4694/4516
f 4707/4523 4551/4419 4686/4421
f 4760/4524 4534/4525 4594/4496
f 4753/4452 4557/4526 4693/4514
f 4734/4422 4568/4527 4563/4528
f 4737/4529 4560/4504 4696/4506
f 4735/4530 4566/4531 4754/4394
f 4831/4532 4595/4533 4763/4534
f 4572/4535 4489/4458 4574/4404
f 4648/4536 4764/4537 4830/4538
f 4765/4539 4662/4540 4829/4541
f 4766/4542 4767/4543 4828/4544
f 4682/4444 4768/4545 4827/4546
f 4670/4448 4539/4547 4617/4548
f 4536/4442 4669/4549 4668/4443
f 4624/4438 4534/4525 4666/4550
f 4532/4431 4665/4551 4664/4432
f 4437/4242 4500/4346 4433/4552
f 4769/4553 4526/4489 4626/4491
f 4669/4549 4597/4554 4769/4553
f 4612/4355 4528/4555 4770/4340
f 4598/4556 4678/4492 4771/4557
f 4502/4558 4771/4557 4610/4559
f 4464/4300 4772/4335 4630/4301
f 4773/4560 4522/4561 4651/4562
f 4521/4331 4773/4560 4774/4332
f 4650/4563 4458/4564 4708/4565
f 4695/4522 4554/4447 4690/4449
f 4826/4566 4530/4567 4676/4568
f 4776/4569 4777/4570 4825/4571
f 4617/4548 4778/4572 4824/4573
f 4779/4574 4634/4307 4823/4575
f 4780/4576 4781/4577 4822/4578
f 4644/4579 4782/4580 4821/4581
f 4640/4582 4673/4583 4457/4584
f 4783/4318 4514/4585 4784/4586
f 4784/4586 4641/4587 4515/4588
f 4691/4490 4512/4446 4639/4363
f 4508/4493 4635/4277 4636/4494
f 4616/4507 4506/4589 4615/4321
f 4504/4510 4611/4274 4632/4511
f 4501/4481 4610/4559 4629/4482
f 4705/4517 4569/4298 4484/4518
f 4738/4590 4601/4591 4568/4527
f 4786/4592 4583/4593 4601/4591
f 4552/4594 4689/4416 4687/4420
f 4787/4595 4736/4596 4820/4597
f 4788/4598 4789/4599 4819/4600
f 4717/4601 4790/4602 4818/4603
f 4561/4604 4692/4471 4732/4505
f 4603/4605 4737/4529 4791/4606
f 4565/4607 4791/4606 4736/4608
f 4486/4609 4792/4281 4702/4610
f 4793/4611 4614/4309 4817/4612
f 4794/4613 4795/4614 4816/4615
f 4646/4616 4796/4617 4815/4618
f 4797/4619 4631/4303 4814/4620
f 4798/4621 4799/4622 4813/4623
f 4642/4624 4800/4625 4812/4626
f 4573/4476 4740/4459 4741/4477
f 4606/4627 4707/4523 4801/4628
f 4582/4629 4801/4628 4716/4630
f 4487/4631 4802/4266 4745/4632
f 4576/4263 4436/4468 4435/4633
f 4442/4283 4499/4252 4440/4284
f 4607/4634 4613/4509 4803/4635
f 4533/4636 4803/4635 4665/4551
f 4462/4348 4804/4249 4655/4349
f 4805/4637 4708/4638 4811/4639
f 4806/4640 4807/4641 4810/4642
f 4742/4643 4808/4644 4809/4645
f 4809/4645 4608/4646 4806/4640
f 4641/4647 4806/4640 4515/4648
f 4459/4649 4809/4645 4641/4647
f 4810/4642 4524/4650 4711/4651
f 4673/4652 4711/4651 4457/4584
f 4515/4648 4810/4642 4673/4652
f 4811/4639 4458/4564 4654/4653
f 4807/4641 4654/4653 4524/4650
f 4608/4646 4811/4639 4807/4641
f 4655/4349 4607/4634 4533/4636
f 4665/4551 4528/4654 4463/4655
f 4803/4635 4449/4656 4528/4654
f 4745/4632 4606/4627 4582/4629
f 4716/4630 4569/4657 4488/4658
f 4801/4628 4484/4518 4569/4657
f 4741/4477 4489/4458 4491/4659
f 4798/4621 4800/4625 4605/4660
f 4620/4401 4798/4621 4523/4661
f 4455/4662 4812/4626 4620/4401
f 4813/4623 4517/4663 4644/4664
f 4653/4479 4644/4664 4456/4665
f 4523/4661 4813/4623 4653/4479
f 4814/4620 4452/4666 4621/4667
f 4799/4622 4621/4667 4517/4663
f 4605/4660 4814/4620 4799/4622
f 4794/4613 4796/4617 4604/4668
f 4654/4653 4794/4613 4524/4650
f 4458/4564 4815/4618 4654/4653
f 4816/4615 4519/4669 4648/4536
f 4711/4651 4648/4536 4457/4584
f 4524/4650 4816/4615 4711/4651
f 4817/4612 4453/4362 4622/4670
f 4795/4614 4622/4670 4519/4669
f 4604/4668 4817/4612 4795/4614
f 4702/4610 4603/4605 4565/4607
f 4736/4608 4566/4531 4485/4671
f 4791/4606 4481/4395 4566/4531
f 4732/4505 4474/4672 4477/4673
f 4818/4603 4602/4674 4788/4598
f 4716/4675 4788/4598 4582/4676
f 4488/4677 4818/4603 4716/4675
f 4819/4600 4564/4678 4700/4450
f 4745/4679 4700/4450 4487/4680
f 4582/4676 4819/4600 4745/4679
f 4820/4597 4485/4671 4735/4530
f 4789/4599 4735/4530 4564/4678
f 4602/4674 4820/4597 4789/4599
f 4687/4420 4476/4681 4480/4682
f 4584/4683 4746/4684 4786/4592
f 4482/4685 4786/4592 4738/4590
f 4568/4527 4785/4296 4705/4517
f 4629/4482 4461/4686 4466/4499
f 4451/4315 4632/4511 4611/4274
f 4450/4687 4615/4321 4452/4688
f 4454/4306 4636/4494 4635/4277
f 4448/4689 4639/4363 4453/4362
f 4459/4690 4784/4586 4514/4585
f 4513/4319 4784/4586 4515/4588
f 4515/4588 4640/4582 4513/4319
f 4821/4581 4600/4691 4780/4576
f 4652/4330 4780/4576 4521/4331
f 4456/4692 4821/4581 4652/4330
f 4822/4578 4518/4693 4646/4616
f 4650/4563 4646/4616 4458/4564
f 4521/4331 4822/4578 4650/4563
f 4823/4575 4454/4306 4649/4276
f 4781/4577 4649/4276 4518/4693
f 4600/4691 4823/4575 4781/4577
f 4824/4573 4599/4694 4776/4569
f 4581/4695 4824/4573 4776/4569
f 4469/4696 4824/4573 4715/4519
f 4825/4571 4540/4697 4688/4441
f 4744/4391 4688/4441 4465/4698
f 4581/4695 4825/4571 4744/4391
f 4826/4566 4467/4699 4672/4500
f 4777/4570 4672/4500 4540/4697
f 4599/4694 4826/4566 4777/4570
f 4479/4700 4690/4449 4475/4701
f 4650/4563 4522/4561 4521/4331
f 4520/4702 4774/4332 4773/4560
f 4773/4560 4460/4703 4520/4702
f 4630/4301 4598/4556 4502/4558
f 4610/4559 4509/4704 4461/4686
f 4771/4557 4447/4705 4509/4704
f 4537/4706 4770/4340 4597/4554
f 4464/4707 4769/4553 4525/4708
f 4525/4708 4626/4491 4448/4689
f 4664/4432 4463/4655 4467/4699
f 4462/4709 4624/4438 4666/4550
f 4668/4443 4464/4707 4465/4698
f 4475/4701 4617/4548 4469/4696
f 4766/4542 4768/4545 4596/4710
f 4714/4711 4766/4542 4580/4712
f 4714/4711 4682/4444 4827/4546
f 4828/4544 4541/4439 4674/4713
f 4743/4714 4674/4713 4468/4715
f 4580/4712 4828/4544 4743/4714
f 4829/4541 4466/4499 4627/4498
f 4767/4543 4627/4498 4541/4439
f 4596/4710 4829/4541 4767/4543
f 4830/4538 4595/4533 4762/4716
f 4640/4582 4762/4716 4513/4319
f 4457/4584 4830/4538 4640/4582
f 4642/4624 4763/4534 4516/4717
f 4455/4662 4831/4532 4642/4624
f 4513/4319 4831/4532 4643/4317
f 4564/4678 4754/4394 4591/4451
f 4481/4395 4737/4529 4696/4506
f 4478/4718 4738/4590 4734/4422
f 4556/4719 4693/4514 4483/4720
f 4579/4721 4666/4550 4760/4524
f 4484/4518 4707/4523 4686/4421
f 4694/4516 4479/4700 4483/4720
f 4832/4521 4592/4722 4756/4465
f 4712/4368 4756/4465 4545/4723
f 4469/4696 4832/4521 4712/4368
f 4563/4528 4705/4517 4699/4389
f 4567/4724 4731/4388 4560/4504
f 4557/4526 4729/4386 4558/4515
f 4483/4720 4693/4514 4694/4516
f 4833/4513 4466/4499 4662/4540
f 4757/4466 4662/4540 4542/4725
f 4592/4722 4833/4513 4757/4466
f 4449/4656 4632/4511 4451/4315
f 4470/4359 4718/4418 4680/4508
f 4570/4726 4723/4376 4551/4419
f 4555/4727 4685/4375 4550/4462
f 4544/4728 4683/4372 4548/4414
f 4553/4729 4681/4369 4546/4417
f 4450/4687 4658/4495 4616/4507
f 4696/4506 4477/4673 4481/4395
f 4726/4328 4538/4730 4554/4447
f 4540/4697 4659/4353 4536/4442
f 4535/4440 4627/4498 4667/4350
f 4531/4731 4623/4347 4532/4431
f 4450/4687 4760/4524 4658/4495
f 4733/4424 4473/4732 4478/4718
f 4447/4705 4636/4494 4454/4306
f 4448/4689 4626/4491 4691/4490
f 4834/4487 4590/4733 4750/4472
f 4684/4374 4750/4472 4549/4734
f 4472/4735 4834/4487 4684/4374
f 4742/4484 4589/4478 4578/4453
f 4466/4499 4677/4480 4629/4482
f 4747/4454 4456/4665 4520/4736
f 4657/4342 4511/4737 4526/4489
f 4835/4474 4530/4567 4661/4324
f 4721/4463 4661/4324 4471/4357
f 4549/4734 4835/4474 4721/4463
f 4510/4738 4656/4310 4508/4493
f 4701/4469 4505/4739 4527/4497
f 4529/4740 4619/4304 4504/4510
f 4543/4741 4628/4299 4501/4481
f 4474/4672 4722/4464 4471/4357
f 4527/4497 4759/4366 4701/4469
f 4836/4467 4542/4725 4675/4360
f 4680/4508 4675/4360 4470/4359
f 4545/4723 4836/4467 4680/4508
f 4471/4357 4722/4464 4721/4463
f 4837/4457 4467/4699 4676/4568
f 4751/4473 4676/4568 4530/4567
f 4590/4733 4837/4457 4751/4473
f 4713/4455 4520/4736 4460/4742
f 4487/4680 4753/4452 4556/4719
f 4475/4701 4690/4449 4670/4448
f 4645/4273 4647/4316 4451/4315
f 4516/4717 4838/4445 4645/4273
f 4763/4534 4761/4743 4838/4445
f 4472/4744 4720/4415 4682/4444
f 4465/4698 4688/4441 4668/4443
f 4462/4709 4674/4713 4624/4438
f 4467/4699 4703/4430 4664/4432
f 4478/4718 4734/4422 4733/4424
f 4686/4421 4480/4682 4484/4518
f 4476/4681 4718/4418 4470/4359
f 4473/4732 4720/4415 4472/4744
f 4748/4402 4523/4661 4589/4478
f 4839/4399 4531/4731 4749/4456
f 4752/4486 4749/4456 4590/4733
f 4580/4745 4839/4399 4752/4486
f 4591/4451 4728/4396 4557/4526
f 4840/4393 4543/4741 4755/4512
f 4758/4520 4755/4512 4592/4722
f 4581/4695 4840/4393 4758/4520
f 4563/4528 4698/4380 4562/4423
f 4731/4388 4561/4604 4560/4504
f 4729/4386 4559/4746 4558/4515
f 4698/4380 4544/4728 4562/4423
f 4723/4376 4552/4594 4551/4419
f 4685/4375 4549/4734 4550/4462
f 4683/4372 4547/4747 4548/4414
f 4681/4369 4545/4723 4546/4417
f 4594/4496 4609/4352 4759/4366
f 4761/4743 4639/4363 4512/4446
f 4595/4533 4841/4361 4761/4743
f 4764/4537 4622/4670 4841/4361
f 4842/4358 4542/4725 4765/4539
f 4596/4710 4842/4358 4765/4539
f 4547/4747 4842/4358 4768/4545
f 4538/4730 4671/4323 4539/4547
f 4659/4353 4537/4706 4536/4442
f 4535/4440 4609/4352 4534/4525
f 4623/4347 4533/4636 4532/4431
f 4597/4554 4657/4342 4526/4489
f 4772/4335 4510/4738 4598/4556
f 4652/4330 4520/4702 4456/4692
f 4559/4746 4726/4328 4554/4447
f 4843/4325 4530/4567 4775/4748
f 4778/4572 4775/4748 4599/4694
f 4778/4572 4671/4323 4843/4325
f 4844/4322 4506/4589 4779/4574
f 4782/4580 4779/4574 4600/4691
f 4517/4749 4844/4322 4782/4580
f 4514/4585 4643/4317 4455/4662
f 4511/4737 4647/4316 4512/4446
f 4656/4310 4507/4750 4508/4493
f 4505/4739 4634/4307 4506/4589
f 4619/4304 4503/4751 4504/4510
f 4628/4299 4502/4558 4501/4481
f 4601/4591 4717/4752 4785/4296
f 4724/4295 4553/4729 4552/4594
f 4845/4292 4565/4753 4787/4595
f 4790/4602 4787/4595 4602/4674
f 4583/4754 4845/4292 4790/4602
f 4697/4289 4555/4727 4561/4604
f 4792/4281 4567/4724 4603/4605
f 4846/4278 4507/4750 4793/4611
f 4796/4617 4793/4611 4604/4668
f 4518/4693 4846/4278 4796/4617
f 4847/4275 4503/4751 4797/4619
f 4800/4625 4797/4619 4605/4660
f 4516/4717 4847/4275 4800/4625
f 4710/4272 4571/4488 4573/4476
f 4802/4266 4570/4726 4606/4627
f 4804/4249 4529/4740 4607/4634
f 4848/4240 4522/4755 4805/4637
f 4808/4644 4805/4637 4608/4646
f 4578/4756 4848/4240 4808/4644
f 4713/4238 4460/4468 4651/4239
f 4434/4241 4438/4757 4437/4242
f 4410/4244 4409/4364 4411/4245
f 4579/4247 4450/4302 4660/4248
f 4577/4250 4441/4344 4439/4251
f 4425/4253 4427/4435 4429/4254
f 4419/4256 4420/4408 4428/4257
f 4415/4259 4424/4758 4430/4260
f 4437/4242 4438/4757 4497/4262
f 4556/4264 4483/4720 4739/4265
f 4408/4267 4413/4343 4412/4268
f 4492/4270 4490/4759 4709/4271
f 4645/4273 4451/4315 4611/4274
f 4649/4276 4454/4306 4635/4277
f 4584/4279 4482/4760 4704/4280
f 4445/4282 4446/4246 4442/4283
f 4414/4285 4413/4343 4408/4267
f 4478/4287 4473/4373 4727/4288
f 4746/4290 4486/4761 4702/4291
f 4479/4293 4475/4367 4725/4294
f 4785/4296 4717/4752 4488/4297
f 4450/4302 4452/4666 4631/4303
f 4448/4308 4453/4362 4614/4309
f 4425/4311 4423/4410 4416/4312
f 4621/4320 4452/4688 4615/4321
f 4671/4323 4471/4357 4661/4324
f 4730/4326 4477/4387 4474/4327
f 4427/4258 4426/4377 4418/4329
f 4525/4333 4448/4308 4637/4334
f 4430/4260 4429/4762 4421/4336
f 4417/4337 4415/4426 4421/4338
f 4770/4340 4528/4555 4449/4341
f 4444/4343 4443/4763 4439/4251
f 4576/4263 4435/4633 4431/4345
f 4667/4350 4466/4499 4461/4351
f 4842/4358 4719/4371 4470/4359
f 4841/4361 4622/4670 4453/4362
f 4412/4268 4411/4245 4409/4364
f 4609/4352 4461/4351 4509/4365
f 4475/4367 4469/4696 4712/4368
f 4476/4370 4470/4359 4719/4371
f 4473/4373 4472/4735 4684/4374
f 4426/4377 4425/4311 4417/4313
f 4480/4378 4476/4370 4679/4379
f 4586/4381 4490/4759 4492/4270
f 4593/4383 4587/4412 4494/4384
f 4699/4389 4484/4518 4480/4378
f 4497/4262 4438/4757 4434/4269
f 4744/4391 4465/4698 4706/4392
f 4754/4394 4566/4531 4481/4395
f 4743/4397 4468/4764 4663/4398
f 4514/4400 4455/4662 4620/4401
f 4493/4403 4572/4535 4574/4404
f 4573/4476 4588/4475 4710/4272
f 4588/4475 4575/4406 4710/4272
f 4429/4407 4428/4257 4420/4408
f 4423/4410 4424/4758 4415/4259
f 4586/4411 4495/4765 4587/4412
f 4618/4413 4544/4728 4548/4414
f 4689/4416 4553/4729 4546/4417
f 4551/4419 4552/4594 4687/4420
f 4734/4422 4563/4528 4562/4423
f 4703/4430 4531/4731 4532/4431
f 4624/4438 4674/4713 4541/4439
f 4688/4441 4540/4697 4536/4442
f 4548/4414 4547/4747 4682/4444
f 4838/4445 4761/4743 4512/4446
f 4554/4447 4538/4730 4670/4448
f 4700/4450 4564/4678 4591/4451
f 4578/4453 4589/4478 4747/4454
f 4749/4456 4531/4731 4703/4430
f 4740/4459 4571/4488 4593/4383
f 4593/4383 4574/4385 4740/4459
f 4495/4460 4586/4381 4575/4382
f 4550/4462 4549/4734 4721/4463
f 4756/4465 4592/4722 4757/4466
f 4436/4468 4497/4262 4498/4390
f 4701/4469 4759/4366 4509/4365
f 4692/4471 4555/4727 4550/4462
f 4706/4392 4465/4698 4464/4300
f 4447/4470 4454/4306 4633/4305
f 4750/4472 4590/4733 4751/4473
f 4449/4341 4451/4315 4638/4314
f 4491/4659 4572/4503 4741/4477
f 4572/4503 4588/4475 4741/4477
f 4589/4478 4523/4661 4653/4479
f 4677/4480 4543/4741 4501/4481
f 4459/4483 4514/4400 4748/4402
f 4714/4485 4580/4745 4752/4486
f 4709/4271 4490/4759 4586/4411
f 4586/4411 4593/4383 4709/4271
f 4526/4489 4511/4737 4691/4490
f 4678/4492 4510/4738 4508/4493
f 4562/4423 4544/4728 4618/4413
f 4658/4495 4760/4524 4594/4496
f 4663/4398 4468/4764 4462/4348
f 4672/4500 4467/4699 4463/4354
f 4474/4327 4471/4357 4625/4356
f 4585/4501 4496/4766 4575/4406
f 4493/4502 4585/4501 4588/4475
f 4560/4504 4561/4604 4732/4505
f 4527/4497 4505/4739 4616/4507
f 4739/4265 4483/4720 4479/4293
f 4546/4417 4545/4723 4680/4508
f 4613/4509 4529/4740 4504/4510
f 4755/4512 4543/4741 4677/4480
f 4693/4514 4557/4526 4558/4515
f 4728/4396 4481/4395 4477/4387
f 4704/4280 4482/4760 4478/4287
f 4715/4519 4581/4695 4758/4520
f 4558/4515 4559/4746 4695/4522
f 4707/4523 4570/4726 4551/4419
f 4760/4524 4666/4550 4534/4525
f 4753/4452 4591/4451 4557/4526
f 4734/4422 4738/4590 4568/4527
f 4737/4529 4567/4724 4560/4504
f 4735/4530 4485/4671 4566/4531
f 4831/4532 4762/4716 4595/4533
f 4572/4535 4491/4659 4489/4458
f 4648/4536 4519/4669 4764/4537
f 4765/4539 4542/4725 4662/4540
f 4766/4542 4596/4710 4767/4543
f 4682/4444 4547/4747 4768/4545
f 4670/4448 4538/4730 4539/4547
f 4536/4442 4537/4706 4669/4549
f 4624/4438 4535/4440 4534/4525
f 4532/4431 4533/4636 4665/4551
f 4437/4242 4576/4263 4500/4346
f 4769/4553 4597/4554 4526/4489
f 4669/4549 4537/4706 4597/4554
f 4612/4355 4463/4354 4528/4555
f 4598/4556 4510/4738 4678/4492
f 4502/4558 4598/4556 4771/4557
f 4464/4300 4525/4333 4772/4335
f 4521/4331 4522/4561 4773/4560
f 4695/4522 4559/4746 4554/4447
f 4826/4566 4775/4748 4530/4567
f 4776/4569 4599/4694 4777/4570
f 4617/4548 4539/4547 4778/4572
f 4779/4574 4506/4589 4634/4307
f 4780/4576 4600/4691 4781/4577
f 4644/4579 4517/4749 4782/4580
f 4691/4490 4511/4737 4512/4446
f 4508/4493 4507/4750 4635/4277
f 4616/4507 4505/4739 4506/4589
f 4504/4510 4503/4751 4611/4274
f 4501/4481 4502/4558 4610/4559
f 4705/4517 4785/4296 4569/4298
f 4738/4590 4786/4592 4601/4591
f 4786/4592 4746/4684 4583/4593
f 4552/4594 4553/4729 4689/4416
f 4787/4595 4565/4753 4736/4596
f 4788/4598 4602/4674 4789/4599
f 4717/4601 4583/4754 4790/4602
f 4561/4604 4555/4727 4692/4471
f 4603/4605 4567/4724 4737/4529
f 4565/4607 4603/4605 4791/4606
f 4486/4609 4584/4279 4792/4281
f 4793/4611 4507/4750 4614/4309
f 4794/4613 4604/4668 4795/4614
f 4646/4616 4518/4693 4796/4617
f 4797/4619 4503/4751 4631/4303
f 4798/4621 4605/4660 4799/4622
f 4642/4624 4516/4717 4800/4625
f 4573/4476 4571/4488 4740/4459
f 4606/4627 4570/4726 4707/4523
f 4582/4629 4606/4627 4801/4628
f 4487/4631 4556/4264 4802/4266
f 4576/4263 4497/4262 4436/4468
f 4442/4283 4577/4250 4499/4252
f 4607/4634 4529/4740 4613/4509
f 4533/4636 4607/4634 4803/4635
f 4462/4348 4579/4247 4804/4249
f 4805/4637 4522/4755 4708/4638
f 4806/4640 4608/4646 4807/4641
f 4742/4643 4578/4756 4808/4644
f 4809/4645 4808/4644 4608/4646
f 4641/4647 4809/4645 4806/4640
f 4459/4649 4742/4643 4809/4645
f 4810/4642 4807/4641 4524/4650
f 4673/4652 4810/4642 4711/4651
f 4515/4648 4806/4640 4810/4642
f 4811/4639 4708/4638 4458/4564
f 4807/4641 4811/4639 4654/4653
f 4608/4646 4805/4637 4811/4639
f 4655/4349 4804/4249 4607/4634
f 4665/4551 4803/4635 4528/4654
f 4803/4635 4613/4509 4449/4656
f 4745/4632 4802/4266 4606/4627
f 4716/4630 4801/4628 4569/4657
f 4801/4628 4707/4523 4484/4518
f 4741/4477 4740/4459 4489/4458
f 4798/4621 4812/4626 4800/4625
f 4620/4401 4812/4626 4798/4621
f 4455/4662 4642/4624 4812/4626
f 4813/4623 4799/4622 4517/4663
f 4653/4479 4813/4623 4644/4664
f 4523/4661 4798/4621 4813/4623
f 4814/4620 4631/4303 4452/4666
f 4799/4622 4814/4620 4621/4667
f 4605/4660 4797/4619 4814/4620
f 4794/4613 4815/4618 4796/4617
f 4654/4653 4815/4618 4794/4613
f 4458/4564 4646/4616 4815/4618
f 4816/4615 4795/4614 4519/4669
f 4711/4651 4816/4615 4648/4536
f 4524/4650 4794/4613 4816/4615
f 4817/4612 4614/4309 4453/4362
f 4795/4614 4817/4612 4622/4670
f 4604/4668 4793/4611 4817/4612
f 4702/4610 4792/4281 4603/4605
f 4736/4608 4791/4606 4566/4531
f 4791/4606 4737/4529 4481/4395
f 4732/4505 4692/4471 4474/4672
f 4818/4603 4790/4602 4602/4674
f 4716/4675 4818/4603 4788/4598
f 4488/4677 4717/4601 4818/4603
f 4819/4600 4789/4599 4564/4678
f 4745/4679 4819/4600 4700/4450
f 4582/4676 4788/4598 4819/4600
f 4820/4597 4736/4596 4485/4671
f 4789/4599 4820/4597 4735/4530
f 4602/4674 4787/4595 4820/4597
f 4687/4420 4689/4416 4476/4681
f 4584/4683 4486/4767 4746/4684
f 4482/4685 4584/4683 4786/4592
f 4568/4527 4601/4591 4785/4296
f 4629/4482 4610/4559 4461/4686
f 4450/4687 4616/4507 4615/4321
f 4448/4689 4691/4490 4639/4363
f 4459/4690 4641/4587 4784/4586
f 4513/4319 4783/4318 4784/4586
f 4515/4588 4673/4583 4640/4582
f 4821/4581 4782/4580 4600/4691
f 4652/4330 4821/4581 4780/4576
f 4456/4692 4644/4579 4821/4581
f 4822/4578 4781/4577 4518/4693
f 4650/4563 4822/4578 4646/4616
f 4521/4331 4780/4576 4822/4578
f 4823/4575 4634/4307 4454/4306
f 4781/4577 4823/4575 4649/4276
f 4600/4691 4779/4574 4823/4575
f 4824/4573 4778/4572 4599/4694
f 4581/4695 4715/4519 4824/4573
f 4469/4696 4617/4548 4824/4573
f 4825/4571 4777/4570 4540/4697
f 4744/4391 4825/4571 4688/4441
f 4581/4695 4776/4569 4825/4571
f 4826/4566 4676/4568 4467/4699
f 4777/4570 4826/4566 4672/4500
f 4599/4694 4775/4748 4826/4566
f 4479/4700 4695/4522 4690/4449
f 4650/4563 4708/4565 4522/4561
f 4773/4560 4651/4562 4460/4703
f 4630/4301 4772/4335 4598/4556
f 4610/4559 4771/4557 4509/4704
f 4771/4557 4678/4492 4447/4705
f 4537/4706 4612/4355 4770/4340
f 4464/4707 4669/4549 4769/4553
f 4525/4708 4769/4553 4626/4491
f 4664/4432 4665/4551 4463/4655
f 4668/4443 4669/4549 4464/4707
f 4475/4701 4670/4448 4617/4548
f 4766/4542 4827/4546 4768/4545
f 4714/4711 4827/4546 4766/4542
f 4714/4711 4472/4744 4682/4444
f 4828/4544 4767/4543 4541/4439
f 4743/4714 4828/4544 4674/4713
f 4580/4712 4766/4542 4828/4544
f 4829/4541 4662/4540 4466/4499
f 4767/4543 4829/4541 4627/4498
f 4596/4710 4765/4539 4829/4541
f 4830/4538 4764/4537 4595/4533
f 4640/4582 4830/4538 4762/4716
f 4457/4584 4648/4536 4830/4538
f 4642/4624 4831/4532 4763/4534
f 4455/4662 4643/4317 4831/4532
f 4513/4319 4762/4716 4831/4532
f 4564/4678 4735/4530 4754/4394
f 4478/4718 4482/4685 4738/4590
f 4556/4719 4753/4452 4693/4514
f 4579/4721 4462/4709 4666/4550
f 4694/4516 4695/4522 4479/4700
f 4832/4521 4758/4520 4592/4722
f 4712/4368 4832/4521 4756/4465
f 4469/4696 4715/4519 4832/4521
f 4563/4528 4568/4527 4705/4517
f 4567/4724 4704/4280 4731/4388
f 4557/4526 4728/4396 4729/4386
f 4833/4513 4677/4480 4466/4499
f 4757/4466 4833/4513 4662/4540
f 4592/4722 4755/4512 4833/4513
f 4449/4656 4613/4509 4632/4511
f 4570/4726 4739/4265 4723/4376
f 4555/4727 4727/4288 4685/4375
f 4544/4728 4679/4379 4683/4372
f 4553/4729 4725/4294 4681/4369
f 4696/4506 4732/4505 4477/4673
f 4726/4328 4625/4356 4538/4730
f 4540/4697 4672/4500 4659/4353
f 4535/4440 4541/4439 4627/4498
f 4531/4731 4663/4398 4623/4347
f 4450/4687 4579/4721 4760/4524
f 4733/4424 4618/4413 4473/4732
f 4447/4705 4678/4492 4636/4494
f 4834/4487 4752/4486 4590/4733
f 4684/4374 4834/4487 4750/4472
f 4472/4735 4714/4485 4834/4487
f 4742/4484 4748/4402 4589/4478
f 4747/4454 4653/4479 4456/4665
f 4657/4342 4638/4314 4511/4737
f 4835/4474 4751/4473 4530/4567
f 4721/4463 4835/4474 4661/4324
f 4549/4734 4750/4472 4835/4474
f 4510/4738 4637/4334 4656/4310
f 4701/4469 4633/4305 4505/4739
f 4529/4740 4660/4248 4619/4304
f 4543/4741 4706/4392 4628/4299
f 4474/4672 4692/4471 4722/4464
f 4527/4497 4594/4496 4759/4366
f 4836/4467 4757/4466 4542/4725
f 4680/4508 4836/4467 4675/4360
f 4545/4723 4756/4465 4836/4467
f 4837/4457 4703/4430 4467/4699
f 4751/4473 4837/4457 4676/4568
f 4590/4733 4749/4456 4837/4457
f 4713/4455 4747/4454 4520/4736
f 4487/4680 4700/4450 4753/4452
f 4645/4273 4838/4445 4647/4316
f 4516/4717 4763/4534 4838/4445
f 4763/4534 4595/4533 4761/4743
f 4462/4709 4468/4715 4674/4713
f 4686/4421 4687/4420 4480/4682
f 4476/4681 4689/4416 4718/4418
f 4473/4732 4618/4413 4720/4415
f 4748/4402 4620/4401 4523/4661
f 4839/4399 4663/4398 4531/4731
f 4752/4486 4839/4399 4749/4456
f 4580/4745 4743/4397 4839/4399
f 4591/4451 4754/4394 4728/4396
f 4840/4393 4706/4392 4543/4741
f 4758/4520 4840/4393 4755/4512
f 4581/4695 4744/4391 4840/4393
f 4563/4528 4699/4389 4698/4380
f 4731/4388 4697/4289 4561/4604
f 4729/4386 4730/4326 4559/4746
f 4698/4380 4679/4379 4544/4728
f 4723/4376 4724/4295 4552/4594
f 4685/4375 4684/4374 4549/4734
f 4683/4372 4719/4371 4547/4747
f 4681/4369 4712/4368 4545/4723
f 4594/4496 4534/4525 4609/4352
f 4761/4743 4841/4361 4639/4363
f 4595/4533 4764/4537 4841/4361
f 4764/4537 4519/4669 4622/4670
f 4842/4358 4675/4360 4542/4725
f 4596/4710 4768/4545 4842/4358
f 4547/4747 4719/4371 4842/4358
f 4538/4730 4625/4356 4671/4323
f 4659/4353 4612/4355 4537/4706
f 4535/4440 4667/4350 4609/4352
f 4623/4347 4655/4349 4533/4636
f 4597/4554 4770/4340 4657/4342
f 4772/4335 4637/4334 4510/4738
f 4652/4330 4774/4332 4520/4702
f 4559/4746 4730/4326 4726/4328
f 4843/4325 4661/4324 4530/4567
f 4778/4572 4843/4325 4775/4748
f 4778/4572 4539/4547 4671/4323
f 4844/4322 4615/4321 4506/4589
f 4782/4580 4844/4322 4779/4574
f 4517/4749 4621/4320 4844/4322
f 4514/4585 4783/4318 4643/4317
f 4511/4737 4638/4314 4647/4316
f 4656/4310 4614/4309 4507/4750
f 4505/4739 4633/4305 4634/4307
f 4619/4304 4631/4303 4503/4751
f 4628/4299 4630/4301 4502/4558
f 4601/4591 4583/4593 4717/4752
f 4724/4295 4725/4294 4553/4729
f 4845/4292 4702/4291 4565/4753
f 4790/4602 4845/4292 4787/4595
f 4583/4754 4746/4290 4845/4292
f 4697/4289 4727/4288 4555/4727
f 4792/4281 4704/4280 4567/4724
f 4846/4278 4635/4277 4507/4750
f 4796/4617 4846/4278 4793/4611
f 4518/4693 4649/4276 4846/4278
f 4847/4275 4611/4274 4503/4751
f 4800/4625 4847/4275 4797/4619
f 4516/4717 4645/4273 4847/4275
f 4710/4272 4709/4271 4571/4488
f 4802/4266 4739/4265 4570/4726
f 4804/4249 4660/4248 4529/4740
f 4848/4240 4651/4239 4522/4755
f 4808/4644 4848/4240 4805/4637
f 4578/4756 4713/4238 4848/4240
o RightBoot
v -4.625 24.3 2.625
v 0.625 24.3 2.625
v -4.625 24.3 -2.625
v 0.625 24.3 -2.625
v -3.575 24.3 -3.675
v -0.425 24.3 -3.675
v -3.575 22.2 -3.675
v -0.425 22.2 -3.675
v -3.575 21.15 -2.625
v -0.425 21.15 -2.625
v -4.625 22.2 -2.625
v 0.625 22.2 -2.625
v 0.1 20.1 -2.1
v -4.1 20.1 -2.1
v 0.1 20.1 2.1
v -4.1 20.1 2.1
v -4.625 20.1 2.625
v 0.625 20.1 2.625
v -4.625 20.1 -2.625
v 0.625 20.1 -2.625
v -2 24.3 2.625
v -4.625 24.3 -0
v -2.525 24.3 -3.15
v -2 24.3 -2.625
v -0.425 23.25 -3.675
v -2 24.3 -3.675
v -2 22.2 -3.675
v -4.3625 20.1 0.2625
v -4.625 20.1 -0
v -4.625 21.15 -0
v -4.625 21.15 -2.625
v -2.2625 20.1 -2.3625
v -2 20.1 -2.625
v -4.625 23.25 -2.625
v 0.625 23.25 -2.625
v -1.475 20.625 -2.625
v -2 21.15 -2.625
v -1.7375 20.1 2.3625
v -2 20.1 2.625
v 0.3625 20.1 -0.2625
v 0.625 20.1 -0
v 0.625 22.2 2.625
v 0.625 21.15 -0
v 0.625 24.3 -0
v -3.575 23.25 -3.675
v -4.1 20.1 -0
v -4.625 22.2 2.625
v -2 20.1 -2.1
v 0.625 21.15 -2.625
v -2 20.1 2.1
v 0.1 20.1 -0
v 0.625 22.725 -0
v -2 23.25 -3.675
v -2 24.3 -0
v -4.625 22.725 -0
v -2 22.2 2.625
v -0.6875 24.3 2.625
v -2.7875 22.2 -3.675
v -4.625 24.3 -1.3125
v -1.475 24.3 -3.4125
v -0.6875 24.3 -2.625
v -1.2125 24.3 -3.675
v -3.575 24.3 -2.8875
v -1.2125 22.2 -3.675
v -4.4938 20.1 1.4437
v -4.625 20.1 -1.3125
v -4.625 20.625 1.3125
v -3.4438 20.1 -2.4938
v -0.6875 20.1 -2.625
v -4.2313 20.1 -0.9188
v -3.3125 24.3 -2.625
v -0.425 20.3625 -2.625
v -1.2125 21.15 -2.625
v -0.5563 20.1 2.4937
v -0.6875 20.1 2.625
v 0.4937 20.1 -1.4438
v 0.625 20.1 -1.3125
v 0.625 21.15 2.625
v 0.625 20.625 1.3125
v -3.3125 24.3 2.625
v -2.7875 24.3 -3.675
v 0.625 24.3 -1.3125
v -4.1 20.1 1.05
v -4.625 21.15 2.625
v -4.625 24.3 1.3125
v -3.05 20.1 -2.1
v -3.05 20.1 2.1
v 0.1 20.1 1.05
v -4.625 20.1 1.3125
v -4.625 21.675 -1.3125
v -1.0813 20.1 -2.2313
v -3.3125 20.1 -2.625
v -2.525 20.8875 -2.625
v -2.7875 21.15 -2.625
v -2.9188 20.1 2.2312
v -3.3125 20.1 2.625
v 0.2312 20.1 0.9187
v 0.625 20.1 1.3125
v 0.625 23.25 2.625
v 0.625 21.675 -1.3125
v 0.625 24.3 1.3125
v -4.1 20.1 -1.05
v -4.625 23.25 2.625
v -0.95 20.1 -2.1
v -0.95 20.1 2.1
v 0.1 20.1 -1.05
v 0.625 20.625 -1.3125
v 0.625 21.15 -1.3125
v 0.625 22.4625 1.3125
v 0.625 22.9875 -1.3125
v 0.625 21.9375 -0
v 0.625 23.5125 -0
v -1.2125 23.25 -3.675
v -2.7875 23.25 -3.675
v -3.3125 24.3 -0
v -0.6875 24.3 -0
v -2 24.3 1.3125
v -2 24.3 -1.3125
v -4.625 21.15 -1.3125
v -4.625 20.625 -1.3125
v -4.625 21.9375 -0
v -4.625 23.5125 -0
v -4.625 22.4625 1.3125
v -4.625 22.9875 -1.3125
v -0.6875 22.2 2.625
v -3.3125 22.2 2.625
v -2 23.25 2.625
v -2 21.15 2.625
v -3.3125 21.15 2.625
v -3.3125 23.25 2.625
v -0.6875 23.25 2.625
v -4.625 23.3813 1.3125
v -4.625 21.5438 1.3125
v -0.6875 24.3 -1.3125
v -0.6875 24.3 1.3125
v -3.3125 24.3 1.3125
v 0.625 21.5438 1.3125
v 0.625 23.3813 1.3125
v -3.3125 24.3 -1.3125
v -0.6875 21.15 2.625
v -4.625 23.9062 -0.6563
v 0.625 23.9062 -0.6563
v 0.625 22.4625 -0.6563
v -4.625 22.4625 -0.6563
vt 0.9375 0.4
vt 1 0.3556
vt 0.9375 0.3556
vt 0.45 0.0111
vt 0.5 0
vt 0.4375 0
vt 0.3 0.0889
vt 0.25 0.0444
vt 0.25 0.0889
vt 0.625 0.3222
vt 0.5625 0.3333
vt 0.625 0.3556
vt 0.6937 0.4056
vt 0.75 0.4
vt 0.6875 0.4
vt 0.5625 0.3556
vt 0.4437 0.4056
vt 0.5 0.4
vt 0.4375 0.4
vt 0.25 0.0556
vt 0.1875 0
vt 0.1875 0.0556
vt 0.4125 0.1778
vt 0.45 0.1333
vt 0.4125 0.1333
vt 0.45 0.1778
vt 0.5 0.1333
vt 0.3 0.3556
vt 0.3 0.3889
vt 0.3375 0.3556
vt 0.3 0.1333
vt 0.25 0.1333
vt 0.3 0.1778
vt 0.9437 0.4056
vt 1 0.4
vt 0.1938 0.4056
vt 0.25 0.4
vt 0.1875 0.4
vt 0.45 0.0889
vt 0.5 0.0444
vt 0.45 0.0444
vt 0.4125 0.0444
vt 0.4125 0.0889
vt 0.375 0.4222
vt 0.3312 0.4167
vt 0.325 0.4222
vt 0.875 0.4222
vt 0.8313 0.4167
vt 0.825 0.4222
vt 0.1875 0.3556
vt 0.1875 0.3333
vt 0.125 0.3556
vt 0.725 0.4222
vt 0.675 0.4222
vt 0.0625 0.2611
vt 0 0.2222
vt 0 0.2667
vt 0.1875 0.3778
vt 0.25 0.3556
vt 0.475 0.4222
vt 0.425 0.4222
vt 0.0625 0.3389
vt 0 0.3111
vt 0 0.3556
vt 0.125 0.4222
vt 0.0813 0.4167
vt 0.075 0.4222
vt 0.5 0.3556
vt 0.45 0.3556
vt 0.3125 0.4
vt 0.975 0.4222
vt 0.925 0.4222
vt 0.225 0.4222
vt 0.175 0.4222
vt 0.125 0.4
vt 0.0625 0.4
vt 0.0625 0.3778
vt 0 0.4
vt 0.4 0.3667
vt 0.375 0.4
vt 0.5 0.0889
vt 0.1562 0.3
vt 0.125 0.2889
vt 0.125 0.3222
vt 0.1562 0.2389
vt 0.125 0.2222
vt 0.125 0.2556
vt 0.625 0.4222
vt 0.5813 0.4167
vt 0.575 0.4222
vt 0.375 0.0444
vt 0.35 0.0333
vt 0.3375 0.0444
vt 0.375 0.0889
vt 0.3375 0.0889
vt 0.3375 0.1333
vt 0.875 0.4
vt 0.8125 0.4
vt 0.375 0.3556
vt 0.4125 0.3556
vt 0.375 0.1778
vt 0.3375 0.1778
vt 0.125 0.0556
vt 0.0625 0
vt 0.0625 0.0556
vt 0.125 0.1667
vt 0.0625 0.1111
vt 0.0625 0.1667
vt 0.25 0.1667
vt 0.1875 0.1111
vt 0.1875 0.1667
vt 0.6875 0.3778
vt 0.5625 0.3778
vt 0.5625 0.4
vt 0.625 0.4
vt 0.6875 0.3389
vt 0.6875 0.2611
vt 0.625 0.2889
vt 0.6875 0.3
vt 0.625 0.2556
vt 0.5625 0.2778
vt 0.375 0
vt 0.3125 0
vt 0.9375 0.2667
vt 1 0.3111
vt 1 0.2667
vt 0.8125 0.2667
vt 0.875 0.3111
vt 0.875 0.2667
vt 0.875 0.3556
vt 0.8125 0.3556
vt 0.8125 0.3111
vt 0.75 0.3111
vt 0.75 0.3556
vt 0.875 0.2222
vt 0.8125 0.2222
vt 0.75 0.2667
vt 0.75 0.2222
vt 0.9375 0.2222
vt 1 0.2222
vt 0.9375 0.3111
vt 0.3 0.0444
vt 0.25 0
vt 0.5938 0.2389
vt 0.625 0.2222
vt 0.5625 0.2222
vt 0.5 0.2667
vt 0.6875 0.2222
vt 0.525 0.4222
vt 0.275 0.4222
vt 0.125 0.1111
vt 0.1875 0.2222
vt 0.25 0.2222
vt 0 0.1111
vt 0 0.1667
vt 0.0625 0.2222
vt 0 -0
vt 0 0.0556
vt 0.775 0.4222
vt 0.025 0.4222
vt 0.375 0.1333
vt 0.1875 0.2778
vt 0.25 0.2667
vt 0.25 0.3111
vt 0.1375 0.4111
vt 0.8875 0.4111
vt 0.35 0.3778
vt 0.0625 0.3
vt 0.3875 0.4111
vt 0.6375 0.4111
vt 0.4 0.0222
vt 0.125 0
vt 0.25 0.1111
vt 0.5 0.3111
vt 0.5938 0.3
vt 0.5 0.2222
s 1
f 4923/4768 4926/4769 4988/4770
f 4911/4771 4851/4772 4919/4773
f 4873/4774 4852/4775 4883/4776
f 4969/4777 4938/4778 4878/4779
f 4913/4780 4865/4781 4937/4782
f 4938/4778 4967/4783 4878/4779
f 4916/4784 4867/4785 4940/4786
f 4919/4787 4907/4788 4987/4789
f 4942/4790 4855/4791 4906/4792
f 4857/4793 4859/4794 4855/4791
f 4858/4795 4920/4796 4921/4797
f 4856/4798 4860/4799 4858/4800
f 4922/4801 4866/4802 4923/4768
f 4924/4803 4868/4804 4925/4805
f 4893/4806 4851/4807 4853/4808
f 4893/4806 4929/4809 4962/4810
f 4896/4811 4939/4812 4952/4813
f 4853/4808 4911/4771 4929/4809
f 4898/4814 4943/4815 4935/4816
f 4956/4817 4948/4818 4891/4819
f 4864/4820 4913/4780 4931/4821
f 4986/4822 4850/4823 4947/4824
f 4955/4825 4897/4826 4956/4817
f 4862/4827 4916/4784 4934/4828
f 4985/4829 4890/4830 4926/4831
f 4899/4832 4945/4833 4936/4834
f 4879/4835 4857/4836 4867/4785
f 4858/4795 4897/4826 4868/4804
f 4917/4837 4920/4796 4868/4804
f 4863/4838 4922/4801 4953/4839
f 4861/4840 4924/4803 4954/4841
f 4925/4805 4955/4825 4889/4842
f 4946/4843 4927/4844 4866/4845
f 4941/4846 4881/4847 4940/4786
f 4855/4791 4882/4848 4893/4806
f 4991/4849 4900/4850 4959/4851
f 4990/4852 4892/4853 4960/4854
f 4894/4855 4918/4856 4950/4857
f 4874/4858 4908/4859 4910/4860
f 4901/4861 4910/4860 4961/4862
f 4912/4863 4901/4861 4961/4862
f 4906/4792 4893/4806 4962/4810
f 4945/4833 4889/4842 4946/4843
f 4943/4815 4887/4864 4944/4865
f 4885/4866 4941/4846 4942/4867
f 4885/4868 4912/4863 4921/4869
f 4963/4870 4933/4871 4984/4872
f 4964/4873 4965/4874 4983/4875
f 4909/4876 4966/4877 4982/4878
f 4939/4812 4881/4847 4917/4837
f 4915/4879 4937/4782 4865/4781
f 4967/4783 4879/4835 4968/4880
f 4968/4880 4914/4881 4877/4882
f 4918/4856 4877/4882 4914/4881
f 4981/4883 4878/4779 4915/4879
f 4980/4884 4903/4885 4971/4886
f 4970/4887 4972/4888 4903/4885
f 4856/4798 4883/4776 4860/4799
f 4908/4859 4872/4889 4909/4890
f 4979/4891 4890/4892 4947/4893
f 4978/4894 4904/4895 4975/4896
f 4944/4865 4976/4897 4977/4898
f 4974/4899 4976/4897 4904/4895
f 4895/4900 4977/4898 4974/4899
f 4865/4781 4977/4898 4932/4901
f 4978/4894 4869/4902 4928/4903
f 4951/4904 4928/4903 4849/4905
f 4951/4904 4974/4899 4978/4894
f 4905/4906 4947/4893 4850/4907
f 4869/4902 4979/4891 4905/4906
f 4975/4896 4973/4908 4979/4891
f 4854/4909 4909/4890 4852/4910
f 4989/4911 4972/4888 4970/4887
f 4870/4912 4989/4911 4970/4887
f 4907/4913 4882/4914 4972/4888
f 4951/4904 4971/4886 4895/4900
f 4849/4905 4980/4884 4951/4904
f 4933/4915 4970/4887 4980/4884
f 4932/4901 4915/4879 4865/4781
f 4895/4900 4981/4883 4932/4901
f 4971/4886 4969/4777 4981/4883
f 4862/4916 4914/4881 4867/4785
f 4867/4785 4968/4880 4879/4835
f 4878/4779 4968/4880 4877/4882
f 4877/4882 4915/4879 4878/4779
f 4861/4917 4917/4837 4868/4804
f 4982/4878 4902/4918 4964/4873
f 4930/4919 4964/4873 4892/4853
f 4852/4920 4982/4878 4930/4919
f 4983/4875 4869/4921 4905/4922
f 4949/4923 4905/4922 4850/4823
f 4892/4853 4983/4875 4949/4923
f 4984/4872 4849/4924 4928/4925
f 4965/4874 4928/4925 4869/4921
f 4902/4918 4984/4872 4965/4874
f 4921/4869 4856/4798 4858/4800
f 4857/4836 4942/4867 4941/4846
f 4864/4926 4944/4865 4865/4781
f 4863/4927 4946/4843 4866/4845
f 4875/4928 4962/4810 4901/4861
f 4856/4798 4961/4862 4873/4774
f 4873/4774 4910/4860 4854/4909
f 4854/4909 4910/4860 4908/4859
f 4862/4916 4950/4857 4918/4856
f 4958/4929 4990/4852 4960/4854
f 4958/4929 4960/4854 4900/4850
f 4883/4930 4930/4919 4958/4929
f 4948/4818 4991/4849 4959/4851
f 4948/4818 4959/4851 4891/4819
f 4860/4931 4958/4929 4948/4818
f 4857/4836 4940/4786 4867/4785
f 4889/4842 4927/4844 4946/4843
f 4868/4804 4955/4825 4925/4805
f 4954/4841 4888/4932 4899/4832
f 4953/4839 4886/4933 4898/4814
f 4884/4934 4917/4837 4881/4847
f 4863/4927 4936/4834 4945/4833
f 4927/4844 4926/4831 4866/4845
f 4891/4819 4985/4829 4927/4844
f 4959/4851 4957/4935 4985/4829
f 4934/4828 4880/4936 4896/4811
f 4955/4825 4891/4819 4889/4842
f 4957/4935 4947/4824 4890/4830
f 4900/4850 4986/4822 4957/4935
f 4960/4854 4949/4923 4986/4822
f 4931/4821 4876/4937 4894/4855
f 4897/4826 4948/4818 4956/4817
f 4864/4926 4935/4816 4943/4815
f 4929/4809 4871/4938 4874/4858
f 4861/4917 4952/4813 4939/4812
f 4901/4861 4929/4809 4874/4858
f 4888/4932 4925/4805 4889/4842
f 4886/4933 4923/4768 4887/4864
f 4921/4797 4884/4934 4885/4866
f 4885/4868 4906/4792 4875/4928
f 4987/4789 4870/4939 4963/4870
f 4966/4877 4963/4870 4902/4918
f 4872/4940 4987/4789 4966/4877
f 4880/4936 4940/4786 4881/4847
f 4879/4835 4938/4778 4859/4941
f 4876/4937 4937/4782 4877/4882
f 4992/4942 4938/4778 4969/4777
f 4903/4885 4992/4942 4969/4777
f 4972/4888 4859/4941 4938/4778
f 4871/4938 4919/4773 4872/4889
f 4973/4908 4926/4769 4890/4892
f 4904/4895 4988/4770 4973/4908
f 4976/4897 4923/4768 4988/4770
f 4923/4768 4866/4802 4926/4769
f 4873/4774 4854/4909 4852/4775
f 4919/4787 4851/4910 4907/4788
f 4942/4790 4857/4793 4855/4791
f 4858/4795 4868/4804 4920/4796
f 4893/4806 4882/4848 4851/4807
f 4893/4806 4853/4808 4929/4809
f 4896/4811 4880/4936 4939/4812
f 4853/4808 4851/4772 4911/4771
f 4898/4814 4886/4933 4943/4815
f 4864/4820 4865/4781 4913/4780
f 4986/4822 4949/4923 4850/4823
f 4862/4827 4867/4785 4916/4784
f 4985/4829 4957/4935 4890/4830
f 4899/4832 4888/4932 4945/4833
f 4879/4835 4859/4941 4857/4836
f 4858/4795 4860/4931 4897/4826
f 4863/4838 4866/4802 4922/4801
f 4861/4840 4868/4804 4924/4803
f 4941/4846 4884/4934 4881/4847
f 4855/4791 4859/4794 4882/4848
f 4991/4849 4958/4929 4900/4850
f 4990/4852 4930/4919 4892/4853
f 4894/4855 4876/4937 4918/4856
f 4874/4858 4871/4938 4908/4859
f 4901/4861 4874/4858 4910/4860
f 4912/4863 4875/4928 4901/4861
f 4906/4792 4855/4791 4893/4806
f 4945/4833 4888/4932 4889/4842
f 4943/4815 4886/4933 4887/4864
f 4885/4866 4884/4934 4941/4846
f 4885/4868 4875/4928 4912/4863
f 4963/4870 4870/4939 4933/4871
f 4964/4873 4902/4918 4965/4874
f 4909/4876 4872/4940 4966/4877
f 4939/4812 4880/4936 4881/4847
f 4918/4856 4876/4937 4877/4882
f 4981/4883 4969/4777 4878/4779
f 4980/4884 4970/4887 4903/4885
f 4856/4798 4873/4774 4883/4776
f 4908/4859 4871/4938 4872/4889
f 4979/4891 4973/4908 4890/4892
f 4978/4894 4974/4899 4904/4895
f 4944/4865 4887/4864 4976/4897
f 4974/4899 4977/4898 4976/4897
f 4895/4900 4932/4901 4977/4898
f 4865/4781 4944/4865 4977/4898
f 4978/4894 4975/4896 4869/4902
f 4951/4904 4978/4894 4928/4903
f 4951/4904 4895/4900 4974/4899
f 4905/4906 4979/4891 4947/4893
f 4869/4902 4975/4896 4979/4891
f 4975/4896 4904/4895 4973/4908
f 4854/4909 4908/4859 4909/4890
f 4989/4911 4907/4913 4972/4888
f 4870/4912 4907/4913 4989/4911
f 4907/4913 4851/4943 4882/4914
f 4951/4904 4980/4884 4971/4886
f 4849/4905 4933/4915 4980/4884
f 4933/4915 4870/4912 4970/4887
f 4932/4901 4981/4883 4915/4879
f 4895/4900 4971/4886 4981/4883
f 4971/4886 4903/4885 4969/4777
f 4862/4916 4918/4856 4914/4881
f 4867/4785 4914/4881 4968/4880
f 4878/4779 4967/4783 4968/4880
f 4877/4882 4937/4782 4915/4879
f 4861/4917 4939/4812 4917/4837
f 4982/4878 4966/4877 4902/4918
f 4930/4919 4982/4878 4964/4873
f 4852/4920 4909/4876 4982/4878
f 4983/4875 4965/4874 4869/4921
f 4949/4923 4983/4875 4905/4922
f 4892/4853 4964/4873 4983/4875
f 4984/4872 4933/4871 4849/4924
f 4965/4874 4984/4872 4928/4925
f 4902/4918 4963/4870 4984/4872
f 4921/4869 4912/4863 4856/4798
f 4864/4926 4943/4815 4944/4865
f 4863/4927 4945/4833 4946/4843
f 4875/4928 4906/4792 4962/4810
f 4856/4798 4912/4863 4961/4862
f 4873/4774 4961/4862 4910/4860
f 4958/4929 4930/4919 4990/4852
f 4883/4930 4852/4920 4930/4919
f 4948/4818 4958/4929 4991/4849
f 4860/4931 4883/4930 4958/4929
f 4857/4836 4941/4846 4940/4786
f 4889/4842 4891/4819 4927/4844
f 4868/4804 4897/4826 4955/4825
f 4954/4841 4924/4803 4888/4932
f 4953/4839 4922/4801 4886/4933
f 4884/4934 4920/4796 4917/4837
f 4927/4844 4985/4829 4926/4831
f 4891/4819 4959/4851 4985/4829
f 4959/4851 4900/4850 4957/4935
f 4934/4828 4916/4784 4880/4936
f 4955/4825 4956/4817 4891/4819
f 4957/4935 4986/4822 4947/4824
f 4900/4850 4960/4854 4986/4822
f 4960/4854 4892/4853 4949/4923
f 4931/4821 4913/4780 4876/4937
f 4897/4826 4860/4931 4948/4818
f 4929/4809 4911/4771 4871/4938
f 4901/4861 4962/4810 4929/4809
f 4888/4932 4924/4803 4925/4805
f 4886/4933 4922/4801 4923/4768
f 4921/4797 4920/4796 4884/4934
f 4885/4868 4942/4790 4906/4792
f 4987/4789 4907/4788 4870/4939
f 4966/4877 4987/4789 4963/4870
f 4872/4940 4919/4787 4987/4789
f 4880/4936 4916/4784 4940/4786
f 4879/4835 4967/4783 4938/4778
f 4876/4937 4913/4780 4937/4782
f 4992/4942 4972/4888 4938/4778
f 4903/4885 4972/4888 4992/4942
f 4972/4888 4882/4914 4859/4941
f 4871/4938 4911/4771 4919/4773
f 4973/4908 4988/4770 4926/4769
f 4904/4895 4976/4897 4988/4770
f 4976/4897 4887/4864 4923/4768
o RightLeg
v -4.1 11.7 2.1
v 0.1 11.7 2.1
v -4.1 11.7 -2.1
v 0.1 11.7 -2.1
v 0.1 20.1 -2.1
v -4.1 20.1 -2.1
v 0.1 20.1 2.1
v -4.1 20.1 2.1
v -4.1 19.05 2.1
v 0.1 19.05 2.1
v -4.1 19.05 -2.1
v 0.1 19.05 -2.1
v -4.625 19.05 2.625
v 0.625 19.05 2.625
v -4.625 19.05 -2.625
v 0.625 19.05 -2.625
v -4.625 15.9 2.625
v 0.625 15.9 2.625
v -4.625 15.9 -2.625
v 0.625 15.9 -2.625
v -4.1 15.9 2.1
v 0.1 15.9 2.1
v -4.1 15.9 -2.1
v 0.1 15.9 -2.1
v -4.1 11.7 -0
v -2 11.7 2.1
v -4.1 20.1 -0
v -2 20.1 -2.1
v 0.1 20.1 -0
v -2.2625 19.05 2.3625
v -2 19.05 2.1
v 0.3625 19.05 0.2625
v 0.1 19.05 -0
v -1.7375 19.05 -2.3625
v -2 19.05 -2.1
v -4.3625 19.05 -0.2625
v -4.1 19.05 -0
v -4.625 17.475 2.625
v -2 19.05 2.625
v -4.625 17.475 -2.625
v -4.625 19.05 -0
v 0.625 17.475 -2.625
v -2 19.05 -2.625
v 0.625 17.475 2.625
v 0.625 19.05 -0
v -4.3625 15.9 0.2625
v -4.625 15.9 -0
v -2.2625 15.9 -2.3625
v -2 15.9 -2.625
v 0.3625 15.9 -0.2625
v 0.625 15.9 -0
v -2 15.9 2.625
v -2.2625 15.9 2.3625
v -4.1 13.8 2.1
v -4.1 13.8 -2.1
v -2 11.7 -2.1
v 0.1 13.8 -2.1
v 0.1 11.7 -0
v -2 20.1 2.1
v -4.1 15.9 -0
v -2 15.9 -2.1
v 0.1 15.9 -0
v -2 15.9 2.1
v 0.1 13.8 2.1
v 0.1 13.8 -0
v 0.625 17.475 -0
v -2 17.475 -2.625
v -2 13.8 -2.1
v -2 17.475 2.625
v -4.1 13.8 -0
v -2 13.8 2.1
v -2 11.7 -0
v -4.625 17.475 -0
v -4.1 11.7 -1.05
v -2.9188 19.05 -2.2313
v -0.95 11.7 2.1
v -4.1 20.1 1.05
v -3.05 19.05 -2.1
v -3.05 20.1 -2.1
v -4.1 11.7 1.05
v 0.1 20.1 1.05
v -3.05 19.05 2.1
v -3.4438 19.05 2.4937
v -0.95 19.05 2.1
v 0.4937 19.05 1.4437
v 0.1 19.05 -1.05
v -0.5563 19.05 -2.4938
v -0.95 19.05 -2.1
v -4.4938 19.05 -1.4438
v -4.1 19.05 -1.05
v -4.625 16.6875 2.625
v -4.1 20.1 -1.05
v -0.6875 19.05 2.625
v -4.625 16.6875 -2.625
v 0.1 19.05 1.05
v -4.625 19.05 -1.3125
v 0.625 16.6875 -2.625
v -0.95 20.1 -2.1
v -0.6875 19.05 -2.625
v 0.625 16.6875 2.625
v -4.2313 19.05 0.9187
v 0.625 19.05 -1.3125
v -4.2313 15.9 -0.9188
v -4.625 15.9 -1.3125
v -1.0813 15.9 -2.2313
v -0.6875 15.9 -2.625
v 0.2312 15.9 0.9187
v 0.625 15.9 -1.3125
v -0.6875 15.9 2.625
v -1.0813 15.9 2.2312
v -1.0813 19.05 2.2312
v -4.1 14.85 2.1
v 0.2312 19.05 -0.9188
v -4.1 14.85 -2.1
v 0.1 20.1 -1.05
v -0.95 11.7 -2.1
v 0.1 14.85 -2.1
v -4.1 19.05 1.05
v 0.1 11.7 -1.05
v -3.05 20.1 2.1
v -3.05 11.7 2.1
v -4.1 15.9 -1.05
v -0.95 15.9 -2.1
v 0.1 15.9 -1.05
v -0.95 15.9 2.1
v 0.1 14.85 2.1
v -4.625 18.2625 2.625
v -3.3125 19.05 2.625
v -4.625 18.2625 -2.625
v -4.625 19.05 1.3125
v 0.625 18.2625 -2.625
v -3.3125 19.05 -2.625
v 0.625 18.2625 2.625
v 0.625 19.05 1.3125
v -4.4938 15.9 1.4437
v -4.625 15.9 1.3125
v -3.4438 15.9 -2.4938
v -3.3125 15.9 -2.625
v 0.4937 15.9 -1.4438
v 0.625 15.9 1.3125
v -3.3125 15.9 2.625
v -3.4438 15.9 2.4937
v -4.1 12.75 2.1
v -4.1 12.75 -2.1
v -3.05 11.7 -2.1
v 0.1 12.75 -2.1
v 0.1 11.7 1.05
v -0.95 20.1 2.1
v -4.1 15.9 1.05
v -3.05 15.9 -2.1
v 0.1 15.9 1.05
v -3.05 15.9 2.1
v 0.1 12.75 2.1
v 0.1 12.75 -0
v 0.1 14.85 -0
v 0.1 13.8 -1.05
v 0.1 13.8 1.05
v 0.625 18.2625 -0
v 0.625 16.6875 -0
v 0.625 17.475 1.3125
v 0.625 17.475 -1.3125
v -2 18.2625 -2.625
v -2 16.6875 -2.625
v -0.6875 17.475 -2.625
v -3.3125 17.475 -2.625
v -2 12.75 -2.1
v -2 14.85 -2.1
v -3.05 13.8 -2.1
v -0.95 13.8 -2.1
v -2 18.2625 2.625
v -2 16.6875 2.625
v -3.3125 17.475 2.625
v -0.6875 17.475 2.625
v -4.1 12.75 -0
v -4.1 14.85 -0
v -4.1 13.8 1.05
v -4.1 13.8 -1.05
v -3.05 13.8 2.1
v -0.95 13.8 2.1
v -2 12.75 2.1
v -2 14.85 2.1
v -2 11.7 1.05
v -2 11.7 -1.05
v -3.05 11.7 -0
v -0.95 11.7 -0
v -4.625 18.2625 -0
v -4.625 16.6875 -0
v -4.625 17.475 -1.3125
v -4.625 17.475 1.3125
v -4.625 16.6875 1.3125
v -4.625 16.6875 -1.3125
v -4.625 18.2625 -1.3125
v -0.95 11.7 -1.05
v -3.05 11.7 -1.05
v -3.05 11.7 1.05
v -0.95 14.85 2.1
v -0.95 12.75 2.1
v -3.05 12.75 2.1
v -4.1 14.85 -1.05
v -4.1 14.85 1.05
v -4.1 12.75 1.05
v -0.6875 16.6875 2.625
v -3.3125 16.6875 2.625
v -3.3125 18.2625 2.625
v -0.95 14.85 -2.1
v -3.05 14.85 -2.1
v -3.05 12.75 -2.1
v -3.3125 16.6875 -2.625
v -0.6875 16.6875 -2.625
v -0.6875 18.2625 -2.625
v 0.625 16.6875 -1.3125
v 0.1 12.75 1.05
v 0.1 14.85 1.05
v 0.625 16.6875 1.3125
v 0.625 18.2625 1.3125
v 0.1 14.85 -1.05
v 0.625 18.2625 -1.3125
v -3.3125 18.2625 -2.625
v -0.95 12.75 -2.1
v -0.6875 18.2625 2.625
v -4.1 12.75 -1.05
v -3.05 14.85 2.1
v 0.1 12.75 -1.05
v -0.95 11.7 1.05
v -4.625 18.2625 1.3125
vt 0.75 0.5222
vt 0.6875 0.4889
vt 0.6875 0.5222
vt 0.075 0.8222
vt 0.025 0.8667
vt 0.075 0.8667
vt 0.125 0.7778
vt 0.175 0.8222
vt 0.175 0.7778
vt 0.825 0.6444
vt 0.775 0.6889
vt 0.825 0.6889
vt 0.9187 0.4722
vt 0.975 0.4667
vt 0.925 0.4667
vt 0.1688 0.4722
vt 0.225 0.4667
vt 0.175 0.4667
vt 0.4188 0.4722
vt 0.475 0.4667
vt 0.425 0.4667
vt 0.6687 0.4722
vt 0.725 0.4667
vt 0.675 0.4667
vt 0.975 0.4222
vt 0.925 0.4222
vt 0.525 0.7778
vt 0.575 0.8222
vt 0.575 0.7778
vt 1 0.5222
vt 0.9375 0.4889
vt 0.9375 0.5222
vt 0.725 0.4222
vt 0.675 0.4222
vt 0.6937 0.6278
vt 0.75 0.6222
vt 0.6875 0.6222
vt 0.4437 0.6278
vt 0.5 0.6222
vt 0.4375 0.6222
vt 0.1938 0.6278
vt 0.25 0.6222
vt 0.1875 0.6222
vt 0.975 0.6444
vt 0.9375 0.6222
vt 0.9187 0.6389
vt 0.325 0.7778
vt 0.275 0.8222
vt 0.325 0.8222
vt 0.225 0.4222
vt 0.175 0.4222
vt 0.5 0.5222
vt 0.4375 0.4889
vt 0.4375 0.5222
vt 0.25 0.5222
vt 0.1875 0.4889
vt 0.1875 0.5222
vt 0.425 0.4222
vt 0.475 0.4222
vt 0.8125 0.4889
vt 0.8625 0.4778
vt 0.8063 0.4833
vt 0.325 0.4667
vt 0.375 0.4222
vt 0.325 0.4222
vt 0.125 0.6889
vt 0.175 0.7333
vt 0.175 0.6889
vt 0.5625 0.4889
vt 0.6125 0.4778
vt 0.5563 0.4833
vt 0.8625 0.6333
vt 0.8063 0.6278
vt 0.0625 0.4889
vt 0.1125 0.4778
vt 0.0563 0.4833
vt 0.125 0.6444
vt 0.0813 0.6389
vt 0.075 0.6444
vt 0.125 0.5222
vt 0.0625 0.5222
vt 0.725 0.6444
vt 0.675 0.6444
vt 0.475 0.6444
vt 0.425 0.6444
vt 0.225 0.6444
vt 0.175 0.6444
vt 0.925 0.6444
vt 0.625 0.6444
vt 0.5813 0.6389
vt 0.575 0.6444
vt 0.3125 0.4889
vt 0.3625 0.4778
vt 0.3063 0.4833
vt 0.375 0.6444
vt 0.3312 0.6389
vt 0.325 0.6444
vt 0.125 0.5889
vt 0.0625 0.5556
vt 0.0625 0.5889
vt 0.025 0.6889
vt 0.075 0.7333
vt 0.075 0.6889
vt 0.025 0.7778
vt 0.075 0.7778
vt 0.25 0.5889
vt 0.1875 0.5556
vt 0.1875 0.5889
vt 0.375 0.5222
vt 0.3125 0.5222
vt 0.375 0.5889
vt 0.3125 0.5556
vt 0.3125 0.5889
vt 0.4375 0.5889
vt 0.5 0.5556
vt 0.4375 0.5556
vt 0.075 0.4667
vt 0.125 0.4222
vt 0.075 0.4222
vt 0.375 0.7778
vt 0.425 0.8222
vt 0.425 0.7778
vt 0.375 0.6889
vt 0.425 0.7333
vt 0.425 0.6889
vt 0.325 0.6889
vt 0.275 0.7333
vt 0.325 0.7333
vt 0.8125 0.6222
vt 0.125 0.6222
vt 0.0625 0.6222
vt 0.375 0.6222
vt 0.3125 0.6222
vt 0.625 0.6222
vt 0.5625 0.6222
vt 0.575 0.4667
vt 0.625 0.4222
vt 0.575 0.4222
vt 0.875 0.5222
vt 0.8125 0.5222
vt 0.8125 0.5889
vt 0.875 0.5556
vt 0.8125 0.5556
vt 1 0.5889
vt 0.9375 0.5556
vt 0.9375 0.5889
vt 0.625 0.7778
vt 0.675 0.8222
vt 0.675 0.7778
vt 0.625 0.6889
vt 0.675 0.7333
vt 0.675 0.6889
vt 0.525 0.6889
vt 0.575 0.7333
vt 0.575 0.6889
vt 0.825 0.4222
vt 0.875 0.4667
vt 0.875 0.4222
vt 0.825 0.4667
vt 0.825 0.7778
vt 0.775 0.7333
vt 0.775 0.7778
vt 0.925 0.7333
vt 0.875 0.7778
vt 0.925 0.7778
vt 0.925 0.6889
vt 0.875 0.6444
vt 0.875 0.6889
vt 0.075 0.9111
vt 0.025 0.9556
vt 0.075 0.9556
vt 0.175 0.9111
vt 0.125 0.9556
vt 0.175 0.9556
vt 0.125 0.8667
vt 0.175 0.8667
vt 0.625 0.5222
vt 0.5625 0.5222
vt 0.625 0.5889
vt 0.5625 0.5556
vt 0.5625 0.5889
vt 0.75 0.5889
vt 0.6875 0.5556
vt 0.6875 0.5889
vt 0.625 0.5556
vt 0.5 0.5889
vt 0.5 0.4889
vt 0.125 0.9111
vt 0.225 0.9111
vt 0.225 0.8222
vt 0.225 0.8667
vt 0.125 1
vt 0.175 1
vt 0.225 0.9556
vt 0.225 1
vt 0.025 1
vt 0.075 1
vt 0.875 0.7333
vt 0.975 0.6889
vt 0.975 0.7333
vt 0.875 0.8222
vt 0.925 0.8222
vt 0.975 0.8222
vt 0.975 0.7778
vt 0.775 0.8222
vt 0.825 0.8222
vt 0.775 0.4667
vt 0.75 0.4889
vt 0.025 0.4667
vt 0 0.4889
vt 0.275 0.4667
vt 0.25 0.4889
vt 0.525 0.4667
vt 0.775 0.4222
vt 0.625 0.7333
vt 0.525 0.6444
vt 0.725 0.7333
vt 0.725 0.6889
vt 0.725 0.8222
vt 0.725 0.7778
vt 0.875 0.5889
vt 0.875 0.6222
vt 1 0.6222
vt 0.75 0.5556
vt 0.525 0.4222
vt 0.275 0.6444
vt 0.025 0.6444
vt 0 0.6222
vt 0.375 0.7333
vt 0.275 0.6889
vt 0.475 0.6889
vt 0.475 0.7333
vt 0.475 0.8222
vt 0.475 0.7778
vt 0.025 0.4222
vt 0.375 0.5556
vt 0.25 0.5556
vt 0.125 0.5556
vt 0.125 0.8222
vt 0.125 0.7333
vt 0.025 0.7333
vt 0 0.5556
vt 0 0.5889
vt 0.1375 0.6333
vt 0.3875 0.6333
vt 0.6375 0.6333
vt 0 0.5222
vt 0.775 0.6444
vt 0.625 0.4889
vt 0.375 0.4889
vt 0.125 0.4889
vt 0.875 0.4889
vt 0.225 0.7333
vt 0.225 0.6889
vt 0.275 0.4222
vt 0.375 0.4667
vt 0.125 0.4667
vt 0.375 0.8222
vt 0.275 0.7778
vt 0.625 0.4667
vt 1 0.5556
vt 0.625 0.8222
vt 0.525 0.7333
vt 0.825 0.7333
vt 0.225 0.7778
vt 0.025 0.9111
vt 0.025 0.8222
vt 0.525 0.8222
vt 1 0.4889
s 1
f 5119/4944 5122/4945 5217/4946
f 5139/4947 5068/4948 5216/4949
f 5146/4950 5111/4951 5215/4952
f 5144/4953 5104/4954 5214/4955
f 5103/4956 5002/4957 5076/4958
f 5105/4959 5004/4960 5078/4961
f 5067/4962 5003/4963 5070/4964
f 5093/4965 5001/4966 5110/4967
f 5076/4958 4999/4968 5140/4969
f 5136/4970 5066/4971 5213/4972
f 5125/4973 5085/4974 5212/4975
f 5110/4967 5000/4976 5069/4977
f 5127/4978 5009/4979 5128/4980
f 5129/4981 5011/4982 5130/4983
f 5131/4984 5012/4985 5100/4986
f 5014/4987 5101/4988 5102/4989
f 5211/4990 4996/4991 5108/4992
f 5078/4961 4997/4993 5107/4994
f 5121/4995 5124/4996 5210/4997
f 5123/4998 5094/4999 5209/5000
f 5071/5001 5003/4963 4998/5002
f 5120/5003 5022/5004 5075/5005
f 5080/5006 5020/5007 5090/5008
f 5147/5009 5148/5010 5208/5011
f 5088/5012 5028/5013 5081/5014
f 5085/4974 5002/4957 5103/4956
f 5094/4999 5004/4960 5105/4959
f 5124/4996 5003/4963 5067/4962
f 5122/4945 5001/4966 5093/4965
f 5144/4953 5045/5015 5134/5016
f 5126/5017 5024/5018 5077/5019
f 5054/5020 5099/5021 5143/5022
f 5150/5023 5126/5017 5207/5024
f 5013/5025 5127/4978 5141/5026
f 5015/5027 5129/4981 5142/5028
f 5016/5029 5131/4984 5116/5030
f 5102/4989 5117/5031 5014/4987
f 5052/5032 5095/5033 5114/5034
f 5091/5035 5026/5036 5079/5037
f 5053/5038 5097/5039 5115/5040
f 5151/5041 5152/5042 5206/5043
f 5118/5044 5149/5045 5205/5046
f 5145/5047 5139/4947 5204/5048
f 5089/5049 5153/5050 5203/5051
f 5154/5052 5091/5035 5202/5053
f 5155/5054 5156/5055 5201/5056
f 5200/5057 5032/5058 5157/5059
f 5087/5060 5021/5061 5073/5062
f 5158/5063 5137/5064 5199/5065
f 5159/5066 5160/5067 5198/5068
f 5197/5069 5049/5070 5161/5071
f 5045/5015 5133/5072 5134/5016
f 5099/5021 5043/5073 5132/5074
f 5097/5039 5041/5075 5098/5076
f 5095/5033 5039/5077 5096/5078
f 5082/5079 5019/5080 5084/5081
f 5162/5082 5120/5003 5196/5083
f 5195/5084 5061/5085 5164/5086
f 5092/5087 5165/5088 5194/5089
f 5166/5090 5072/5091 5193/5092
f 5167/5093 5168/5094 5192/5095
f 5106/5096 5169/5097 5191/5098
f 5112/5099 5023/5100 5051/5101
f 5028/5013 5082/5079 5081/5014
f 5026/5036 5080/5006 5079/5037
f 5024/5018 5087/5060 5077/5019
f 5022/5004 5074/5102 5075/5005
f 5190/5103 5046/5104 5135/5105
f 5171/5106 5172/5107 5189/5108
f 5188/5109 5055/5110 5173/5111
f 5174/5112 5113/5113 5187/5114
f 5175/5115 5176/5116 5186/5117
f 5111/4951 5177/5118 5185/5119
f 5178/5120 5088/5012 5184/5121
f 5179/5122 5180/5123 5183/5124
f 5083/5125 5181/5126 5182/5127
f 5182/5127 5065/5128 5179/5122
f 5128/4980 5179/5122 5039/5077
f 5009/4979 5182/5127 5128/4980
f 5183/5124 5032/5058 5086/5129
f 5096/5078 5086/5129 5011/4982
f 5039/5077 5183/5124 5096/5078
f 5184/5121 5007/5130 5121/4995
f 5180/5123 5121/4995 5032/5058
f 5065/5128 5184/5121 5180/5123
f 5185/5119 5064/5131 5175/5115
f 5048/5132 5185/5119 5175/5115
f 4996/5133 5185/5119 5108/5134
f 5186/5117 5017/5135 5066/5136
f 5137/5137 5066/5136 4995/5138
f 5048/5132 5186/5117 5137/5137
f 5187/5114 4993/5139 5072/5140
f 5176/5116 5072/5140 5017/5135
f 5064/5131 5187/5114 5176/5116
f 5171/5106 5173/5111 5063/5141
f 5118/5142 5171/5106 5056/5143
f 5118/5142 5117/5031 5188/5109
f 5189/5108 5018/5144 5068/5145
f 4994/5146 5189/5108 5068/5145
f 5056/5143 5189/5108 5145/5147
f 5190/5103 4993/5148 5113/5149
f 5172/5107 5113/5149 5018/5144
f 5063/5141 5190/5103 5172/5107
f 5075/5005 5001/5150 5005/5151
f 5077/5019 5002/5152 5006/5153
f 5079/5037 5004/5154 5008/5155
f 5081/5014 5003/5156 5007/5130
f 5001/5150 5112/5099 5000/5157
f 5191/5098 5062/5158 5167/5093
f 5114/5034 5167/5093 5052/5032
f 5015/5159 5191/5098 5114/5034
f 5192/5095 5046/5160 5104/5161
f 5141/5026 5104/5161 5013/5025
f 5052/5032 5192/5095 5141/5026
f 5193/5092 4993/5162 5135/5163
f 5168/5094 5135/5163 5046/5160
f 5062/5158 5193/5092 5168/5094
f 5194/5089 5061/5085 5163/5164
f 5101/4988 5163/5164 5044/5165
f 5010/5166 5194/5089 5101/4988
f 5195/5084 5030/5167 5083/5125
f 5133/5072 5083/5125 5009/4979
f 5133/5072 5163/5164 5195/5084
f 5196/5083 5005/5151 5119/4944
f 5164/5086 5119/4944 5030/5167
f 5061/5085 5196/5083 5164/5086
f 5003/5156 5084/5081 4998/5168
f 5015/5159 5096/5078 5011/4982
f 5016/5169 5098/5076 5012/4985
f 5014/5170 5132/5074 5010/5171
f 5009/4979 5134/5016 5133/5072
f 5159/5066 5161/5071 5060/5172
f 5053/5038 5197/5069 5159/5066
f 5115/5040 5109/5173 5197/5069
f 5106/5174 5160/5067 5047/5175
f 5142/5028 5106/5174 5015/5027
f 5142/5028 5159/5066 5198/5068
f 5199/5065 4995/5176 5136/5177
f 5160/5067 5136/5177 5047/5175
f 5060/5172 5199/5065 5160/5067
f 5002/5152 5073/5062 4999/5178
f 5200/5057 5059/5179 5155/5054
f 5130/4983 5155/5054 5041/5075
f 5130/4983 5086/5129 5200/5057
f 5201/5056 5034/5180 5089/5049
f 5012/4985 5201/5056 5089/5049
f 5041/5075 5201/5056 5098/5076
f 5202/5053 5008/5155 5123/4998
f 5034/5180 5202/5053 5123/4998
f 5059/5179 5202/5053 5156/5055
f 5203/5051 5058/5181 5151/5041
f 5100/4986 5151/5041 5043/5073
f 5012/4985 5203/5051 5100/4986
f 5204/5048 5050/5182 5146/4950
f 5149/5045 5146/4950 5057/5183
f 5056/5184 5204/5048 5149/5045
f 5205/5046 5057/5183 5147/5009
f 5143/5022 5147/5009 5054/5020
f 5014/5170 5205/5046 5143/5022
f 5206/5043 5036/5185 5092/5186
f 5132/5074 5092/5186 5010/5171
f 5043/5073 5206/5043 5132/5074
f 5016/5169 5115/5040 5097/5039
f 5008/5155 5091/5035 5079/5037
f 5015/5159 5114/5034 5095/5033
f 5055/5110 5102/4989 5045/5015
f 5116/5030 5042/5187 5054/5020
f 5142/5028 5040/5188 5053/5038
f 5141/5026 5038/5189 5052/5032
f 5207/5024 5006/5153 5125/5190
f 5152/5042 5125/5190 5036/5185
f 5058/5181 5207/5024 5152/5042
f 5014/5170 5143/5022 5099/5021
f 5006/5153 5126/5017 5077/5019
f 5013/5191 5134/5016 5009/4979
f 5033/5192 5093/4965 5028/5013
f 5035/5193 5067/4962 5026/5036
f 5037/5194 5105/4959 5024/5018
f 5031/5195 5103/4956 5022/5004
f 5007/5130 5088/5012 5081/5014
f 5208/5011 5049/5196 5109/5197
f 5116/5030 5109/5197 5016/5029
f 5054/5020 5208/5011 5116/5030
f 5004/5154 5090/5008 4997/5198
f 5005/5151 5120/5003 5075/5005
f 5027/5199 5071/5001 5020/5007
f 5209/5000 5037/5194 5150/5023
f 5153/5050 5150/5023 5058/5181
f 5034/5180 5209/5000 5153/5050
f 5154/5052 5124/4996 5035/5193
f 5157/5059 5154/5052 5059/5179
f 5157/5059 5121/4995 5210/4997
f 5025/5200 5107/4994 5021/5061
f 5211/4990 5048/5201 5158/5063
f 5060/5172 5211/4990 5158/5063
f 5161/5071 5138/5202 5211/4990
f 5102/4989 5044/5165 5045/5015
f 5042/5187 5100/4986 5043/5073
f 5040/5188 5130/4983 5041/5075
f 5038/5189 5128/4980 5039/5077
f 5029/5203 5069/4977 5019/5080
f 5212/4975 5031/5195 5162/5082
f 5061/5085 5212/4975 5162/5082
f 5036/5204 5212/4975 5165/5088
f 5213/4972 5017/5205 5166/5090
f 5169/5097 5166/5090 5062/5158
f 5047/5206 5213/4972 5169/5097
f 5051/5101 5076/4958 5140/4969
f 5093/4965 5029/5203 5028/5013
f 5067/4962 5027/5199 5026/5036
f 5105/4959 5025/5200 5024/5018
f 5103/4956 5023/5100 5022/5004
f 5170/5207 5104/4954 5046/5104
f 5063/5141 5214/4955 5170/5207
f 5173/5111 5144/4953 5214/4955
f 5215/4952 4996/5133 5138/5208
f 5148/5010 5138/5208 5049/5196
f 5057/5183 5215/4952 5148/5010
f 5216/4949 5018/5209 5174/5112
f 5177/5118 5174/5112 5064/5131
f 5050/5182 5216/4949 5177/5118
f 5217/4946 5033/5192 5178/5120
f 5181/5126 5178/5120 5065/5128
f 5030/5167 5217/4946 5181/5126
f 5119/4944 5005/5151 5122/4945
f 5139/4947 4994/5210 5068/4948
f 5146/4950 5050/5182 5111/4951
f 5144/4953 5013/5191 5104/4954
f 5076/4958 5002/4957 4999/4968
f 5136/4970 4995/5211 5066/4971
f 5125/4973 5006/5212 5085/4974
f 5110/4967 5001/4966 5000/4976
f 5014/4987 5010/5166 5101/4988
f 5211/4990 5138/5202 4996/4991
f 5078/4961 5004/4960 4997/4993
f 5121/4995 5007/5130 5124/4996
f 5123/4998 5008/5155 5094/4999
f 5071/5001 5070/4964 5003/4963
f 5120/5003 5031/5195 5022/5004
f 5080/5006 5027/5199 5020/5007
f 5147/5009 5057/5183 5148/5010
f 5088/5012 5033/5192 5028/5013
f 5085/4974 5006/5212 5002/4957
f 5094/4999 5008/5155 5004/4960
f 5124/4996 5007/5130 5003/4963
f 5122/4945 5005/5151 5001/4966
f 5144/4953 5055/5110 5045/5015
f 5126/5017 5037/5194 5024/5018
f 5054/5020 5042/5187 5099/5021
f 5150/5023 5037/5194 5126/5017
f 5013/5025 5009/4979 5127/4978
f 5015/5027 5011/4982 5129/4981
f 5016/5029 5012/4985 5131/4984
f 5052/5032 5038/5189 5095/5033
f 5091/5035 5035/5193 5026/5036
f 5053/5038 5040/5188 5097/5039
f 5151/5041 5058/5181 5152/5042
f 5118/5044 5056/5184 5149/5045
f 5145/5047 4994/5210 5139/4947
f 5089/5049 5034/5180 5153/5050
f 5154/5052 5035/5193 5091/5035
f 5155/5054 5059/5179 5156/5055
f 5200/5057 5086/5129 5032/5058
f 5087/5060 5025/5200 5021/5061
f 5158/5063 5048/5201 5137/5064
f 5159/5066 5060/5172 5160/5067
f 5197/5069 5109/5173 5049/5070
f 5045/5015 5044/5165 5133/5072
f 5099/5021 5042/5187 5043/5073
f 5097/5039 5040/5188 5041/5075
f 5095/5033 5038/5189 5039/5077
f 5082/5079 5029/5203 5019/5080
f 5162/5082 5031/5195 5120/5003
f 5195/5084 5163/5164 5061/5085
f 5092/5087 5036/5204 5165/5088
f 5166/5090 5017/5205 5072/5091
f 5167/5093 5062/5158 5168/5094
f 5106/5096 5047/5206 5169/5097
f 5112/5099 5074/5102 5023/5100
f 5028/5013 5029/5203 5082/5079
f 5026/5036 5027/5199 5080/5006
f 5024/5018 5025/5200 5087/5060
f 5022/5004 5023/5100 5074/5102
f 5190/5103 5170/5207 5046/5104
f 5171/5106 5063/5141 5172/5107
f 5188/5109 5117/5031 5055/5110
f 5174/5112 5018/5209 5113/5113
f 5175/5115 5064/5131 5176/5116
f 5111/4951 5050/5182 5177/5118
f 5178/5120 5033/5192 5088/5012
f 5179/5122 5065/5128 5180/5123
f 5083/5125 5030/5167 5181/5126
f 5182/5127 5181/5126 5065/5128
f 5128/4980 5182/5127 5179/5122
f 5009/4979 5083/5125 5182/5127
f 5183/5124 5180/5123 5032/5058
f 5096/5078 5183/5124 5086/5129
f 5039/5077 5179/5122 5183/5124
f 5184/5121 5088/5012 5007/5130
f 5180/5123 5184/5121 5121/4995
f 5065/5128 5178/5120 5184/5121
f 5185/5119 5177/5118 5064/5131
f 5048/5132 5108/5134 5185/5119
f 4996/5133 5111/4951 5185/5119
f 5186/5117 5176/5116 5017/5135
f 5137/5137 5186/5117 5066/5136
f 5048/5132 5175/5115 5186/5117
f 5187/5114 5113/5113 4993/5139
f 5176/5116 5187/5114 5072/5140
f 5064/5131 5174/5112 5187/5114
f 5171/5106 5188/5109 5173/5111
f 5118/5142 5188/5109 5171/5106
f 5118/5142 5014/4987 5117/5031
f 5189/5108 5172/5107 5018/5144
f 4994/5146 5145/5147 5189/5108
f 5056/5143 5171/5106 5189/5108
f 5190/5103 5135/5105 4993/5148
f 5172/5107 5190/5103 5113/5149
f 5063/5141 5170/5207 5190/5103
f 5075/5005 5074/5102 5001/5150
f 5077/5019 5087/5060 5002/5152
f 5079/5037 5080/5006 5004/5154
f 5081/5014 5082/5079 5003/5156
f 5001/5150 5074/5102 5112/5099
f 5191/5098 5169/5097 5062/5158
f 5114/5034 5191/5098 5167/5093
f 5015/5159 5106/5096 5191/5098
f 5192/5095 5168/5094 5046/5160
f 5141/5026 5192/5095 5104/5161
f 5052/5032 5167/5093 5192/5095
f 5193/5092 5072/5091 4993/5162
f 5168/5094 5193/5092 5135/5163
f 5062/5158 5166/5090 5193/5092
f 5194/5089 5165/5088 5061/5085
f 5101/4988 5194/5089 5163/5164
f 5010/5166 5092/5087 5194/5089
f 5195/5084 5164/5086 5030/5167
f 5133/5072 5195/5084 5083/5125
f 5133/5072 5044/5165 5163/5164
f 5196/5083 5120/5003 5005/5151
f 5164/5086 5196/5083 5119/4944
f 5061/5085 5162/5082 5196/5083
f 5003/5156 5082/5079 5084/5081
f 5015/5159 5095/5033 5096/5078
f 5016/5169 5097/5039 5098/5076
f 5014/5170 5099/5021 5132/5074
f 5159/5066 5197/5069 5161/5071
f 5053/5038 5115/5040 5197/5069
f 5115/5040 5016/5169 5109/5173
f 5106/5174 5198/5068 5160/5067
f 5142/5028 5198/5068 5106/5174
f 5142/5028 5053/5038 5159/5066
f 5199/5065 5137/5064 4995/5176
f 5160/5067 5199/5065 5136/5177
f 5060/5172 5158/5063 5199/5065
f 5002/5152 5087/5060 5073/5062
f 5200/5057 5157/5059 5059/5179
f 5130/4983 5200/5057 5155/5054
f 5130/4983 5011/4982 5086/5129
f 5201/5056 5156/5055 5034/5180
f 5012/4985 5098/5076 5201/5056
f 5041/5075 5155/5054 5201/5056
f 5202/5053 5091/5035 5008/5155
f 5034/5180 5156/5055 5202/5053
f 5059/5179 5154/5052 5202/5053
f 5203/5051 5153/5050 5058/5181
f 5100/4986 5203/5051 5151/5041
f 5012/4985 5089/5049 5203/5051
f 5204/5048 5139/4947 5050/5182
f 5149/5045 5204/5048 5146/4950
f 5056/5184 5145/5047 5204/5048
f 5205/5046 5149/5045 5057/5183
f 5143/5022 5205/5046 5147/5009
f 5014/5170 5118/5044 5205/5046
f 5206/5043 5152/5042 5036/5185
f 5132/5074 5206/5043 5092/5186
f 5043/5073 5151/5041 5206/5043
f 5055/5110 5117/5031 5102/4989
f 5116/5030 5131/4984 5042/5187
f 5142/5028 5129/4981 5040/5188
f 5141/5026 5127/4978 5038/5189
f 5207/5024 5126/5017 5006/5153
f 5152/5042 5207/5024 5125/5190
f 5058/5181 5150/5023 5207/5024
f 5013/5191 5144/4953 5134/5016
f 5033/5192 5122/4945 5093/4965
f 5035/5193 5124/4996 5067/4962
f 5037/5194 5094/4999 5105/4959
f 5031/5195 5085/4974 5103/4956
f 5208/5011 5148/5010 5049/5196
f 5116/5030 5208/5011 5109/5197
f 5054/5020 5147/5009 5208/5011
f 5004/5154 5080/5006 5090/5008
f 5027/5199 5070/4964 5071/5001
f 5209/5000 5094/4999 5037/5194
f 5153/5050 5209/5000 5150/5023
f 5034/5180 5123/4998 5209/5000
f 5154/5052 5210/4997 5124/4996
f 5157/5059 5210/4997 5154/5052
f 5157/5059 5032/5058 5121/4995
f 5025/5200 5078/4961 5107/4994
f 5211/4990 5108/4992 5048/5201
f 5060/5172 5161/5071 5211/4990
f 5161/5071 5049/5070 5138/5202
f 5102/4989 5101/4988 5044/5165
f 5042/5187 5131/4984 5100/4986
f 5040/5188 5129/4981 5130/4983
f 5038/5189 5127/4978 5128/4980
f 5029/5203 5110/4967 5069/4977
f 5212/4975 5085/4974 5031/5195
f 5061/5085 5165/5088 5212/4975
f 5036/5204 5125/4973 5212/4975
f 5213/4972 5066/4971 5017/5205
f 5169/5097 5213/4972 5166/5090
f 5047/5206 5136/4970 5213/4972
f 5051/5101 5023/5100 5076/4958
f 5093/4965 5110/4967 5029/5203
f 5067/4962 5070/4964 5027/5199
f 5105/4959 5078/4961 5025/5200
f 5103/4956 5076/4958 5023/5100
f 5170/5207 5214/4955 5104/4954
f 5063/5141 5173/5111 5214/4955
f 5173/5111 5055/5110 5144/4953
f 5215/4952 5111/4951 4996/5133
f 5148/5010 5215/4952 5138/5208
f 5057/5183 5146/4950 5215/4952
f 5216/4949 5068/4948 5018/5209
f 5177/5118 5216/4949 5174/5112
f 5050/5182 5139/4947 5216/4949
f 5217/4946 5122/4945 5033/5192
f 5181/5126 5217/4946 5178/5120
f 5030/5167 5119/4944 5217/4946
