o Cylinder.001
v 0 2.125 -0.7232
v 0 2.25 -0.7232
v 0.2612 2.125 -0.6743
v 0.2612 2.25 -0.6743
v 0.4872 2.125 -0.5344
v 0.4872 2.25 -0.5344
v 0.6474 2.125 -0.3223
v 0.6474 2.25 -0.3223
v 0.7201 2.125 -0.0667
v 0.7201 2.25 -0.0667
v 0.6956 2.125 0.1979
v 0.6956 2.25 0.1979
v 0.5771 2.125 0.4358
v 0.5771 2.25 0.4358
v 0.3807 2.125 0.6149
v 0.3807 2.25 0.6149
v 0.1329 2.125 0.7109
v 0.1329 2.25 0.7109
v -0.1329 2.125 0.7109
v -0.1329 2.25 0.7109
v -0.3807 2.125 0.6149
v -0.3807 2.25 0.6149
v -0.5771 2.125 0.4358
v -0.5771 2.25 0.4358
v -0.6956 2.125 0.1979
v -0.6956 2.25 0.1979
v -0.7201 2.125 -0.0667
v -0.7201 2.25 -0.0667
v -0.6474 2.125 -0.3223
v -0.6474 2.25 -0.3223
v -0.4872 2.125 -0.5344
v -0.4872 2.25 -0.5344
v -0.2612 2.125 -0.6743
v -0.2612 2.25 -0.6743
v 0 2.125 -0.8503
v 0.3072 2.125 -0.7929
v 0.3072 2.25 -0.7929
v 0 2.25 -0.8503
v 0.5729 2.125 -0.6284
v 0.5729 2.25 -0.6284
v 0.7612 2.125 -0.379
v 0.7612 2.25 -0.379
v 0.8467 2.125 -0.0785
v 0.8467 2.25 -0.0785
v 0.8179 2.125 0.2327
v 0.8179 2.25 0.2327
v 0.6786 2.125 0.5124
v 0.6786 2.25 0.5124
v 0.4476 2.125 0.723
v 0.4476 2.25 0.723
v 0.1562 2.125 0.8359
v 0.1562 2.25 0.8359
v -0.1562 2.125 0.8359
v -0.1562 2.25 0.8359
v -0.4476 2.125 0.723
v -0.4476 2.25 0.723
v -0.6786 2.125 0.5124
v -0.6786 2.25 0.5124
v -0.8179 2.125 0.2327
v -0.8179 2.25 0.2327
v -0.8467 2.125 -0.0785
v -0.8467 2.25 -0.0785
v -0.7612 2.125 -0.379
v -0.7612 2.25 -0.379
v -0.5729 2.125 -0.6284
v -0.5729 2.25 -0.6284
v -0.3072 2.125 -0.7929
v -0.3072 2.25 -0.7929
v 0 2.75 -0.7232
v 0 2.875 -0.7232
v 0.2612 2.75 -0.6743
v 0.2612 2.875 -0.6743
v 0.4872 2.75 -0.5344
v 0.4872 2.875 -0.5344
v 0.6474 2.75 -0.3223
v 0.6474 2.875 -0.3223
v 0.7201 2.75 -0.0667
v 0.7201 2.875 -0.0667
v 0.6956 2.75 0.1979
v 0.6956 2.875 0.1979
v 0.5771 2.75 0.4358
v 0.5771 2.875 0.4358
v 0.3807 2.75 0.6149
v 0.3807 2.875 0.6149
v 0.1329 2.75 0.7109
v 0.1329 2.875 0.7109
v -0.1329 2.75 0.7109
v -0.1329 2.875 0.7109
v -0.3807 2.75 0.6149
v -0.3807 2.875 0.6149
v -0.5771 2.75 0.4358
v -0.5771 2.875 0.4358
v -0.6956 2.75 0.1979
v -0.6956 2.875 0.1979
v -0.7201 2.75 -0.0667
v -0.7201 2.875 -0.0667
v -0.6474 2.75 -0.3223
v -0.6474 2.875 -0.3223
v -0.4872 2.75 -0.5344
v -0.4872 2.875 -0.5344
v -0.2612 2.75 -0.6743
v -0.2612 2.875 -0.6743
v 0 2.75 -0.8503
v 0.3072 2.75 -0.7929
v 0.3072 2.875 -0.7929
v 0 2.875 -0.8503
v 0.5729 2.75 -0.6284
v 0.5729 2.875 -0.6284
v 0.7612 2.75 -0.379
v 0.7612 2.875 -0.379
v 0.8467 2.75 -0.0785
v 0.8467 2.875 -0.0785
v 0.8179 2.75 0.2327
v 0.8179 2.875 0.2327
v 0.6786 2.75 0.5124
v 0.6786 2.875 0.5124
v 0.4476 2.75 0.723
v 0.4476 2.875 0.723
v 0.1562 2.75 0.8359
v 0.1562 2.875 0.8359
v -0.1562 2.75 0.8359
v -0.1562 2.875 0.8359
v -0.4476 2.75 0.723
v -0.4476 2.875 0.723
v -0.6786 2.75 0.5124
v -0.6786 2.875 0.5124
v -0.8179 2.75 0.2327
v -0.8179 2.875 0.2327
v -0.8467 2.75 -0.0785
v -0.8467 2.875 -0.0785
v -0.7612 2.75 -0.379
v -0.7612 2.875 -0.379
v -0.5729 2.75 -0.6284
v -0.5729 2.875 -0.6284
v -0.3072 2.75 -0.7929
v -0.3072 2.875 -0.7929
v 0 3.125 -0.7232
v 0 3.25 -0.7232
v 0.2612 3.125 -0.6743
v 0.2612 3.25 -0.6743
v 0.4872 3.125 -0.5344
v 0.4872 3.25 -0.5344
v 0.6474 3.125 -0.3223
v 0.6474 3.25 -0.3223
v 0.7201 3.125 -0.0667
v 0.7201 3.25 -0.0667
v 0.6956 3.125 0.1979
v 0.6956 3.25 0.1979
v 0.5771 3.125 0.4358
v 0.5771 3.25 0.4358
v 0.3807 3.125 0.6149
v 0.3807 3.25 0.6149
v 0.1329 3.125 0.7109
v 0.1329 3.25 0.7109
v -0.1329 3.125 0.7109
v -0.1329 3.25 0.7109
v -0.3807 3.125 0.6149
v -0.3807 3.25 0.6149
v -0.5771 3.125 0.4358
v -0.5771 3.25 0.4358
v -0.6956 3.125 0.1979
v -0.6956 3.25 0.1979
v -0.7201 3.125 -0.0667
v -0.7201 3.25 -0.0667
v -0.6474 3.125 -0.3223
v -0.6474 3.25 -0.3223
v -0.4872 3.125 -0.5344
v -0.4872 3.25 -0.5344
v -0.2612 3.125 -0.6743
v -0.2612 3.25 -0.6743
v 0 3.125 -0.8503
v 0.3072 3.125 -0.7929
v 0.3072 3.25 -0.7929
v 0 3.25 -0.8503
v 0.5729 3.125 -0.6284
v 0.5729 3.25 -0.6284
v 0.7612 3.125 -0.379
v 0.7612 3.25 -0.379
v 0.8467 3.125 -0.0785
v 0.8467 3.25 -0.0785
v 0.8179 3.125 0.2327
v 0.8179 3.25 0.2327
v 0.6786 3.125 0.5124
v 0.6786 3.25 0.5124
v 0.4476 3.125 0.723
v 0.4476 3.25 0.723
v 0.1562 3.125 0.8359
v 0.1562 3.25 0.8359
v -0.1562 3.125 0.8359
v -0.1562 3.25 0.8359
v -0.4476 3.125 0.723
v -0.4476 3.25 0.723
v -0.6786 3.125 0.5124
v -0.6786 3.25 0.5124
v -0.8179 3.125 0.2327
v -0.8179 3.25 0.2327
v -0.8467 3.125 -0.0785
v -0.8467 3.25 -0.0785
v -0.7612 3.125 -0.379
v -0.7612 3.25 -0.379
v -0.5729 3.125 -0.6284
v -0.5729 3.25 -0.6284
v -0.3072 3.125 -0.7929
v -0.3072 3.25 -0.7929
v 0 3.75 -0.7232
v 0 3.875 -0.7232
v 0.2612 3.75 -0.6743
v 0.2612 3.875 -0.6743
v 0.4872 3.75 -0.5344
v 0.4872 3.875 -0.5344
v 0.6474 3.75 -0.3223
v 0.6474 3.875 -0.3223
v 0.7201 3.75 -0.0667
v 0.7201 3.875 -0.0667
v 0.6956 3.75 0.1979
v 0.6956 3.875 0.1979
v 0.5771 3.75 0.4358
v 0.5771 3.875 0.4358
v 0.3807 3.75 0.6149
v 0.3807 3.875 0.6149
v 0.1329 3.75 0.7109
v 0.1329 3.875 0.7109
v -0.1329 3.75 0.7109
v -0.1329 3.875 0.7109
v -0.3807 3.75 0.6149
v -0.3807 3.875 0.6149
v -0.5771 3.75 0.4358
v -0.5771 3.875 0.4358
v -0.6956 3.75 0.1979
v -0.6956 3.875 0.1979
v -0.7201 3.75 -0.0667
v -0.7201 3.875 -0.0667
v -0.6474 3.75 -0.3223
v -0.6474 3.875 -0.3223
v -0.4872 3.75 -0.5344
v -0.4872 3.875 -0.5344
v -0.2612 3.75 -0.6743
v -0.2612 3.875 -0.6743
v 0 3.75 -0.8503
v 0.3072 3.75 -0.7929
v 0.3072 3.875 -0.7929
v 0 3.875 -0.8503
v 0.5729 3.75 -0.6284
v 0.5729 3.875 -0.6284
v 0.7612 3.75 -0.379
v 0.7612 3.875 -0.379
v 0.8467 3.75 -0.0785
v 0.8467 3.875 -0.0785
v 0.8179 3.75 0.2327
v 0.8179 3.875 0.2327
v 0.6786 3.75 0.5124
v 0.6786 3.875 0.5124
v 0.4476 3.75 0.723
v 0.4476 3.875 0.723
v 0.1562 3.75 0.8359
v 0.1562 3.875 0.8359
v -0.1562 3.75 0.8359
v -0.1562 3.875 0.8359
v -0.4476 3.75 0.723
v -0.4476 3.875 0.723
v -0.6786 3.75 0.5124
v -0.6786 3.875 0.5124
v -0.8179 3.75 0.2327
v -0.8179 3.875 0.2327
v -0.8467 3.75 -0.0785
v -0.8467 3.875 -0.0785
v -0.7612 3.75 -0.379
v -0.7612 3.875 -0.379
v -0.5729 3.75 -0.6284
v -0.5729 3.875 -0.6284
v -0.3072 3.75 -0.7929
v -0.3072 3.875 -0.7929
v 0 4.125 -0.7232
v 0 4.25 -0.7232
v 0.2612 4.125 -0.6743
v 0.2612 4.25 -0.6743
v 0.4872 4.125 -0.5344
v 0.4872 4.25 -0.5344
v 0.6474 4.125 -0.3223
v 0.6474 4.25 -0.3223
v 0.7201 4.125 -0.0667
v 0.7201 4.25 -0.0667
v 0.6956 4.125 0.1979
v 0.6956 4.25 0.1979
v 0.5771 4.125 0.4358
v 0.5771 4.25 0.4358
v 0.3807 4.125 0.6149
v 0.3807 4.25 0.6149
v 0.1329 4.125 0.7109
v 0.1329 4.25 0.7109
v -0.1329 4.125 0.7109
v -0.1329 4.25 0.7109
v -0.3807 4.125 0.6149
v -0.3807 4.25 0.6149
v -0.5771 4.125 0.4358
v -0.5771 4.25 0.4358
v -0.6956 4.125 0.1979
v -0.6956 4.25 0.1979
v -0.7201 4.125 -0.0667
v -0.7201 4.25 -0.0667
v -0.6474 4.125 -0.3223
v -0.6474 4.25 -0.3223
v -0.4872 4.125 -0.5344
v -0.4872 4.25 -0.5344
v -0.2612 4.125 -0.6743
v -0.2612 4.25 -0.6743
v 0 4.125 -0.8503
v 0.3072 4.125 -0.7929
v 0.3072 4.25 -0.7929
v 0 4.25 -0.8503
v 0.5729 4.125 -0.6284
v 0.5729 4.25 -0.6284
v 0.7612 4.125 -0.379
v 0.7612 4.25 -0.379
v 0.8467 4.125 -0.0785
v 0.8467 4.25 -0.0785
v 0.8179 4.125 0.2327
v 0.8179 4.25 0.2327
v 0.6786 4.125 0.5124
v 0.6786 4.25 0.5124
v 0.4476 4.125 0.723
v 0.4476 4.25 0.723
v 0.1562 4.125 0.8359
v 0.1562 4.25 0.8359
v -0.1562 4.125 0.8359
v -0.1562 4.25 0.8359
v -0.4476 4.125 0.723
v -0.4476 4.25 0.723
v -0.6786 4.125 0.5124
v -0.6786 4.25 0.5124
v -0.8179 4.125 0.2327
v -0.8179 4.25 0.2327
v -0.8467 4.125 -0.0785
v -0.8467 4.25 -0.0785
v -0.7612 4.125 -0.379
v -0.7612 4.25 -0.379
v -0.5729 4.125 -0.6284
v -0.5729 4.25 -0.6284
v -0.3072 4.125 -0.7929
v -0.3072 4.25 -0.7929
v 0 4.75 -0.7232
v 0 4.875 -0.7232
v 0.2612 4.75 -0.6743
v 0.2612 4.875 -0.6743
v 0.4872 4.75 -0.5344
v 0.4872 4.875 -0.5344
v 0.6474 4.75 -0.3223
v 0.6474 4.875 -0.3223
v 0.7201 4.75 -0.0667
v 0.7201 4.875 -0.0667
v 0.6956 4.75 0.1979
v 0.6956 4.875 0.1979
v 0.5771 4.75 0.4358
v 0.5771 4.875 0.4358
v 0.3807 4.75 0.6149
v 0.3807 4.875 0.6149
v 0.1329 4.75 0.7109
v 0.1329 4.875 0.7109
v -0.1329 4.75 0.7109
v -0.1329 4.875 0.7109
v -0.3807 4.75 0.6149
v -0.3807 4.875 0.6149
v -0.5771 4.75 0.4358
v -0.5771 4.875 0.4358
v -0.6956 4.75 0.1979
v -0.6956 4.875 0.1979
v -0.7201 4.75 -0.0667
v -0.7201 4.875 -0.0667
v -0.6474 4.75 -0.3223
v -0.6474 4.875 -0.3223
v -0.4872 4.75 -0.5344
v -0.4872 4.875 -0.5344
v -0.2612 4.75 -0.6743
v -0.2612 4.875 -0.6743
v 0 4.75 -0.8503
v 0.3072 4.75 -0.7929
v 0.3072 4.875 -0.7929
v 0 4.875 -0.8503
v 0.5729 4.75 -0.6284
v 0.5729 4.875 -0.6284
v 0.7612 4.75 -0.379
v 0.7612 4.875 -0.379
v 0.8467 4.75 -0.0785
v 0.8467 4.875 -0.0785
v 0.8179 4.75 0.2327
v 0.8179 4.875 0.2327
v 0.6786 4.75 0.5124
v 0.6786 4.875 0.5124
v 0.4476 4.75 0.723
v 0.4476 4.875 0.723
v 0.1562 4.75 0.8359
v 0.1562 4.875 0.8359
v -0.1562 4.75 0.8359
v -0.1562 4.875 0.8359
v -0.4476 4.75 0.723
v -0.4476 4.875 0.723
v -0.6786 4.75 0.5124
v -0.6786 4.875 0.5124
v -0.8179 4.75 0.2327
v -0.8179 4.875 0.2327
v -0.8467 4.75 -0.0785
v -0.8467 4.875 -0.0785
v -0.7612 4.75 -0.379
v -0.7612 4.875 -0.379
v -0.5729 4.75 -0.6284
v -0.5729 4.875 -0.6284
v -0.3072 4.75 -0.7929
v -0.3072 4.875 -0.7929
v 0 5.125 -0.7232
v 0 5.25 -0.7232
v 0.2612 5.125 -0.6743
v 0.2612 5.25 -0.6743
v 0.4872 5.125 -0.5344
v 0.4872 5.25 -0.5344
v 0.6474 5.125 -0.3223
v 0.6474 5.25 -0.3223
v 0.7201 5.125 -0.0667
v 0.7201 5.25 -0.0667
v 0.6956 5.125 0.1979
v 0.6956 5.25 0.1979
v 0.5771 5.125 0.4358
v 0.5771 5.25 0.4358
v 0.3807 5.125 0.6149
v 0.3807 5.25 0.6149
v 0.1329 5.125 0.7109
v 0.1329 5.25 0.7109
v -0.1329 5.125 0.7109
v -0.1329 5.25 0.7109
v -0.3807 5.125 0.6149
v -0.3807 5.25 0.6149
v -0.5771 5.125 0.4358
v -0.5771 5.25 0.4358
v -0.6956 5.125 0.1979
v -0.6956 5.25 0.1979
v -0.7201 5.125 -0.0667
v -0.7201 5.25 -0.0667
v -0.6474 5.125 -0.3223
v -0.6474 5.25 -0.3223
v -0.4872 5.125 -0.5344
v -0.4872 5.25 -0.5344
v -0.2612 5.125 -0.6743
v -0.2612 5.25 -0.6743
v 0 5.125 -0.8503
v 0.3072 5.125 -0.7929
v 0.3072 5.25 -0.7929
v 0 5.25 -0.8503
v 0.5729 5.125 -0.6284
v 0.5729 5.25 -0.6284
v 0.7612 5.125 -0.379
v 0.7612 5.25 -0.379
v 0.8467 5.125 -0.0785
v 0.8467 5.25 -0.0785
v 0.8179 5.125 0.2327
v 0.8179 5.25 0.2327
v 0.6786 5.125 0.5124
v 0.6786 5.25 0.5124
v 0.4476 5.125 0.723
v 0.4476 5.25 0.723
v 0.1562 5.125 0.8359
v 0.1562 5.25 0.8359
v -0.1562 5.125 0.8359
v -0.1562 5.25 0.8359
v -0.4476 5.125 0.723
v -0.4476 5.25 0.723
v -0.6786 5.125 0.5124
v -0.6786 5.25 0.5124
v -0.8179 5.125 0.2327
v -0.8179 5.25 0.2327
v -0.8467 5.125 -0.0785
v -0.8467 5.25 -0.0785
v -0.7612 5.125 -0.379
v -0.7612 5.25 -0.379
v -0.5729 5.125 -0.6284
v -0.5729 5.25 -0.6284
v -0.3072 5.125 -0.7929
v -0.3072 5.25 -0.7929
v 0 5.75 -0.7232
v 0 5.875 -0.7232
v 0.2612 5.75 -0.6743
v 0.2612 5.875 -0.6743
v 0.4872 5.75 -0.5344
v 0.4872 5.875 -0.5344
v 0.6474 5.75 -0.3223
v 0.6474 5.875 -0.3223
v 0.7201 5.75 -0.0667
v 0.7201 5.875 -0.0667
v 0.6956 5.75 0.1979
v 0.6956 5.875 0.1979
v 0.5771 5.75 0.4358
v 0.5771 5.875 0.4358
v 0.3807 5.75 0.6149
v 0.3807 5.875 0.6149
v 0.1329 5.75 0.7109
v 0.1329 5.875 0.7109
v -0.1329 5.75 0.7109
v -0.1329 5.875 0.7109
v -0.3807 5.75 0.6149
v -0.3807 5.875 0.6149
v -0.5771 5.75 0.4358
v -0.5771 5.875 0.4358
v -0.6956 5.75 0.1979
v -0.6956 5.875 0.1979
v -0.7201 5.75 -0.0667
v -0.7201 5.875 -0.0667
v -0.6474 5.75 -0.3223
v -0.6474 5.875 -0.3223
v -0.4872 5.75 -0.5344
v -0.4872 5.875 -0.5344
v -0.2612 5.75 -0.6743
v -0.2612 5.875 -0.6743
v 0 5.75 -0.8503
v 0.3072 5.75 -0.7929
v 0.3072 5.875 -0.7929
v 0 5.875 -0.8503
v 0.5729 5.75 -0.6284
v 0.5729 5.875 -0.6284
v 0.7612 5.75 -0.379
v 0.7612 5.875 -0.379
v 0.8467 5.75 -0.0785
v 0.8467 5.875 -0.0785
v 0.8179 5.75 0.2327
v 0.8179 5.875 0.2327
v 0.6786 5.75 0.5124
v 0.6786 5.875 0.5124
v 0.4476 5.75 0.723
v 0.4476 5.875 0.723
v 0.1562 5.75 0.8359
v 0.1562 5.875 0.8359
v -0.1562 5.75 0.8359
v -0.1562 5.875 0.8359
v -0.4476 5.75 0.723
v -0.4476 5.875 0.723
v -0.6786 5.75 0.5124
v -0.6786 5.875 0.5124
v -0.8179 5.75 0.2327
v -0.8179 5.875 0.2327
v -0.8467 5.75 -0.0785
v -0.8467 5.875 -0.0785
v -0.7612 5.75 -0.379
v -0.7612 5.875 -0.379
v -0.5729 5.75 -0.6284
v -0.5729 5.875 -0.6284
v -0.3072 5.75 -0.7929
v -0.3072 5.875 -0.7929
v 0 6.125 -0.7232
v 0 6.25 -0.7232
v 0.2612 6.125 -0.6743
v 0.2612 6.25 -0.6743
v 0.4872 6.125 -0.5344
v 0.4872 6.25 -0.5344
v 0.6474 6.125 -0.3223
v 0.6474 6.25 -0.3223
v 0.7201 6.125 -0.0667
v 0.7201 6.25 -0.0667
v 0.6956 6.125 0.1979
v 0.6956 6.25 0.1979
v 0.5771 6.125 0.4358
v 0.5771 6.25 0.4358
v 0.3807 6.125 0.6149
v 0.3807 6.25 0.6149
v 0.1329 6.125 0.7109
v 0.1329 6.25 0.7109
v -0.1329 6.125 0.7109
v -0.1329 6.25 0.7109
v -0.3807 6.125 0.6149
v -0.3807 6.25 0.6149
v -0.5771 6.125 0.4358
v -0.5771 6.25 0.4358
v -0.6956 6.125 0.1979
v -0.6956 6.25 0.1979
v -0.7201 6.125 -0.0667
v -0.7201 6.25 -0.0667
v -0.6474 6.125 -0.3223
v -0.6474 6.25 -0.3223
v -0.4872 6.125 -0.5344
v -0.4872 6.25 -0.5344
v -0.2612 6.125 -0.6743
v -0.2612 6.25 -0.6743
v 0 6.125 -0.8503
v 0.3072 6.125 -0.7929
v 0.3072 6.25 -0.7929
v 0 6.25 -0.8503
v 0.5729 6.125 -0.6284
v 0.5729 6.25 -0.6284
v 0.7612 6.125 -0.379
v 0.7612 6.25 -0.379
v 0.8467 6.125 -0.0785
v 0.8467 6.25 -0.0785
v 0.8179 6.125 0.2327
v 0.8179 6.25 0.2327
v 0.6786 6.125 0.5124
v 0.6786 6.25 0.5124
v 0.4476 6.125 0.723
v 0.4476 6.25 0.723
v 0.1562 6.125 0.8359
v 0.1562 6.25 0.8359
v -0.1562 6.125 0.8359
v -0.1562 6.25 0.8359
v -0.4476 6.125 0.723
v -0.4476 6.25 0.723
v -0.6786 6.125 0.5124
v -0.6786 6.25 0.5124
v -0.8179 6.125 0.2327
v -0.8179 6.25 0.2327
v -0.8467 6.125 -0.0785
v -0.8467 6.25 -0.0785
v -0.7612 6.125 -0.379
v -0.7612 6.25 -0.379
v -0.5729 6.125 -0.6284
v -0.5729 6.25 -0.6284
v -0.3072 6.125 -0.7929
v -0.3072 6.25 -0.7929
v 0 6.75 -0.7232
v 0 6.875 -0.7232
v 0.2612 6.75 -0.6743
v 0.2612 6.875 -0.6743
v 0.4872 6.75 -0.5344
v 0.4872 6.875 -0.5344
v 0.6474 6.75 -0.3223
v 0.6474 6.875 -0.3223
v 0.7201 6.75 -0.0667
v 0.7201 6.875 -0.0667
v 0.6956 6.75 0.1979
v 0.6956 6.875 0.1979
v 0.5771 6.75 0.4358
v 0.5771 6.875 0.4358
v 0.3807 6.75 0.6149
v 0.3807 6.875 0.6149
v 0.1329 6.75 0.7109
v 0.1329 6.875 0.7109
v -0.1329 6.75 0.7109
v -0.1329 6.875 0.7109
v -0.3807 6.75 0.6149
v -0.3807 6.875 0.6149
v -0.5771 6.75 0.4358
v -0.5771 6.875 0.4358
v -0.6956 6.75 0.1979
v -0.6956 6.875 0.1979
v -0.7201 6.75 -0.0667
v -0.7201 6.875 -0.0667
v -0.6474 6.75 -0.3223
v -0.6474 6.875 -0.3223
v -0.4872 6.75 -0.5344
v -0.4872 6.875 -0.5344
v -0.2612 6.75 -0.6743
v -0.2612 6.875 -0.6743
v 0 6.75 -0.8503
v 0.3072 6.75 -0.7929
v 0.3072 6.875 -0.7929
v 0 6.875 -0.8503
v 0.5729 6.75 -0.6284
v 0.5729 6.875 -0.6284
v 0.7612 6.75 -0.379
v 0.7612 6.875 -0.379
v 0.8467 6.75 -0.0785
v 0.8467 6.875 -0.0785
v 0.8179 6.75 0.2327
v 0.8179 6.875 0.2327
v 0.6786 6.75 0.5124
v 0.6786 6.875 0.5124
v 0.4476 6.75 0.723
v 0.4476 6.875 0.723
v 0.1562 6.75 0.8359
v 0.1562 6.875 0.8359
v -0.1562 6.75 0.8359
v -0.1562 6.875 0.8359
v -0.4476 6.75 0.723
v -0.4476 6.875 0.723
v -0.6786 6.75 0.5124
v -0.6786 6.875 0.5124
v -0.8179 6.75 0.2327
v -0.8179 6.875 0.2327
v -0.8467 6.75 -0.0785
v -0.8467 6.875 -0.0785
v -0.7612 6.75 -0.379
v -0.7612 6.875 -0.379
v -0.5729 6.75 -0.6284
v -0.5729 6.875 -0.6284
v -0.3072 6.75 -0.7929
v -0.3072 6.875 -0.7929
v 0 7 -0.49
v 0 7.125 -0.49
v 0.3465 7 -0.3465
v 0.3465 7.125 -0.3465
v 0.49 7 -0
v 0.49 7.125 -0
v 0.3465 7 0.3465
v 0.3465 7.125 0.3465
v 0 7 0.49
v 0 7.125 0.49
v -0.3465 7 0.3465
v -0.3465 7.125 0.3465
v -0.49 7 -0
v -0.49 7.125 -0
v -0.3465 7 -0.3465
v -0.3465 7.125 -0.3465
v 0 2 -0.7372
v 0 2.0625 -0.8009
v 0 3 -0.7372
v 0 2.9375 -0.8009
v 0.2821 2 -0.6811
v 0.3065 2.0625 -0.7399
v 0.2821 3 -0.6811
v 0.3065 2.9375 -0.7399
v 0.5213 2 -0.5213
v 0.5663 2.0625 -0.5663
v 0.5213 3 -0.5213
v 0.5663 2.9375 -0.5663
v 0.6811 2 -0.2821
v 0.7399 2.0625 -0.3065
v 0.6811 3 -0.2821
v 0.7399 2.9375 -0.3065
v 0.7372 2 -0
v 0.8009 2.0625 -0
v 0.7372 3 -0
v 0.8009 2.9375 -0
v 0.6811 2 0.2821
v 0.7399 2.0625 0.3065
v 0.6811 3 0.2821
v 0.7399 2.9375 0.3065
v 0.5213 2 0.5213
v 0.5663 2.0625 0.5663
v 0.5213 3 0.5213
v 0.5663 2.9375 0.5663
v 0.2821 2 0.6811
v 0.3065 2.0625 0.7399
v 0.2821 3 0.6811
v 0.3065 2.9375 0.7399
v 0 2 0.7372
v 0 2.0625 0.8009
v 0 3 0.7372
v 0 2.9375 0.8009
v -0.2821 2 0.6811
v -0.3065 2.0625 0.7399
v -0.2821 3 0.6811
v -0.3065 2.9375 0.7399
v -0.5213 2 0.5213
v -0.5663 2.0625 0.5663
v -0.5213 3 0.5213
v -0.5663 2.9375 0.5663
v -0.6811 2 0.2821
v -0.7399 2.0625 0.3065
v -0.6811 3 0.2821
v -0.7399 2.9375 0.3065
v -0.7372 2 -0
v -0.8009 2.0625 -0
v -0.7372 3 -0
v -0.8009 2.9375 -0
v -0.6811 2 -0.2821
v -0.7399 2.0625 -0.3065
v -0.6811 3 -0.2821
v -0.7399 2.9375 -0.3065
v -0.5213 2 -0.5213
v -0.5663 2.0625 -0.5663
v -0.5213 3 -0.5213
v -0.5663 2.9375 -0.5663
v -0.2821 2 -0.6811
v -0.3065 2.0625 -0.7399
v -0.2821 3 -0.6811
v -0.3065 2.9375 -0.7399
v 0 3 -0.7372
v 0 3.0625 -0.8009
v 0 4 -0.7372
v 0 3.9375 -0.8009
v 0.2821 3 -0.6811
v 0.3065 3.0625 -0.7399
v 0.2821 4 -0.6811
v 0.3065 3.9375 -0.7399
v 0.5213 3 -0.5213
v 0.5663 3.0625 -0.5663
v 0.5213 4 -0.5213
v 0.5663 3.9375 -0.5663
v 0.6811 3 -0.2821
v 0.7399 3.0625 -0.3065
v 0.6811 4 -0.2821
v 0.7399 3.9375 -0.3065
v 0.7372 3 -0
v 0.8009 3.0625 -0
v 0.7372 4 -0
v 0.8009 3.9375 -0
v 0.6811 3 0.2821
v 0.7399 3.0625 0.3065
v 0.6811 4 0.2821
v 0.7399 3.9375 0.3065
v 0.5213 3 0.5213
v 0.5663 3.0625 0.5663
v 0.5213 4 0.5213
v 0.5663 3.9375 0.5663
v 0.2821 3 0.6811
v 0.3065 3.0625 0.7399
v 0.2821 4 0.6811
v 0.3065 3.9375 0.7399
v 0 3 0.7372
v 0 3.0625 0.8009
v 0 4 0.7372
v 0 3.9375 0.8009
v -0.2821 3 0.6811
v -0.3065 3.0625 0.7399
v -0.2821 4 0.6811
v -0.3065 3.9375 0.7399
v -0.5213 3 0.5213
v -0.5663 3.0625 0.5663
v -0.5213 4 0.5213
v -0.5663 3.9375 0.5663
v -0.6811 3 0.2821
v -0.7399 3.0625 0.3065
v -0.6811 4 0.2821
v -0.7399 3.9375 0.3065
v -0.7372 3 -0
v -0.8009 3.0625 -0
v -0.7372 4 -0
v -0.8009 3.9375 -0
v -0.6811 3 -0.2821
v -0.7399 3.0625 -0.3065
v -0.6811 4 -0.2821
v -0.7399 3.9375 -0.3065
v -0.5213 3 -0.5213
v -0.5663 3.0625 -0.5663
v -0.5213 4 -0.5213
v -0.5663 3.9375 -0.5663
v -0.2821 3 -0.6811
v -0.3065 3.0625 -0.7399
v -0.2821 4 -0.6811
v -0.3065 3.9375 -0.7399
v 0 4 -0.7372
v 0 4.0625 -0.8009
v 0 5 -0.7372
v 0 4.9375 -0.8009
v 0.2821 4 -0.6811
v 0.3065 4.0625 -0.7399
v 0.2821 5 -0.6811
v 0.3065 4.9375 -0.7399
v 0.5213 4 -0.5213
v 0.5663 4.0625 -0.5663
v 0.5213 5 -0.5213
v 0.5663 4.9375 -0.5663
v 0.6811 4 -0.2821
v 0.7399 4.0625 -0.3065
v 0.6811 5 -0.2821
v 0.7399 4.9375 -0.3065
v 0.7372 4 -0
v 0.8009 4.0625 -0
v 0.7372 5 -0
v 0.8009 4.9375 -0
v 0.6811 4 0.2821
v 0.7399 4.0625 0.3065
v 0.6811 5 0.2821
v 0.7399 4.9375 0.3065
v 0.5213 4 0.5213
v 0.5663 4.0625 0.5663
v 0.5213 5 0.5213
v 0.5663 4.9375 0.5663
v 0.2821 4 0.6811
v 0.3065 4.0625 0.7399
v 0.2821 5 0.6811
v 0.3065 4.9375 0.7399
v 0 4 0.7372
v 0 4.0625 0.8009
v 0 5 0.7372
v 0 4.9375 0.8009
v -0.2821 4 0.6811
v -0.3065 4.0625 0.7399
v -0.2821 5 0.6811
v -0.3065 4.9375 0.7399
v -0.5213 4 0.5213
v -0.5663 4.0625 0.5663
v -0.5213 5 0.5213
v -0.5663 4.9375 0.5663
v -0.6811 4 0.2821
v -0.7399 4.0625 0.3065
v -0.6811 5 0.2821
v -0.7399 4.9375 0.3065
v -0.7372 4 -0
v -0.8009 4.0625 -0
v -0.7372 5 -0
v -0.8009 4.9375 -0
v -0.6811 4 -0.2821
v -0.7399 4.0625 -0.3065
v -0.6811 5 -0.2821
v -0.7399 4.9375 -0.3065
v -0.5213 4 -0.5213
v -0.5663 4.0625 -0.5663
v -0.5213 5 -0.5213
v -0.5663 4.9375 -0.5663
v -0.2821 4 -0.6811
v -0.3065 4.0625 -0.7399
v -0.2821 5 -0.6811
v -0.3065 4.9375 -0.7399
v 0 5 -0.7372
v 0 5.0625 -0.8009
v 0 6 -0.7372
v 0 5.9375 -0.8009
v 0.2821 5 -0.6811
v 0.3065 5.0625 -0.7399
v 0.2821 6 -0.6811
v 0.3065 5.9375 -0.7399
v 0.5213 5 -0.5213
v 0.5663 5.0625 -0.5663
v 0.5213 6 -0.5213
v 0.5663 5.9375 -0.5663
v 0.6811 5 -0.2821
v 0.7399 5.0625 -0.3065
v 0.6811 6 -0.2821
v 0.7399 5.9375 -0.3065
v 0.7372 5 -0
v 0.8009 5.0625 -0
v 0.7372 6 -0
v 0.8009 5.9375 -0
v 0.6811 5 0.2821
v 0.7399 5.0625 0.3065
v 0.6811 6 0.2821
v 0.7399 5.9375 0.3065
v 0.5213 5 0.5213
v 0.5663 5.0625 0.5663
v 0.5213 6 0.5213
v 0.5663 5.9375 0.5663
v 0.2821 5 0.6811
v 0.3065 5.0625 0.7399
v 0.2821 6 0.6811
v 0.3065 5.9375 0.7399
v 0 5 0.7372
v 0 5.0625 0.8009
v 0 6 0.7372
v 0 5.9375 0.8009
v -0.2821 5 0.6811
v -0.3065 5.0625 0.7399
v -0.2821 6 0.6811
v -0.3065 5.9375 0.7399
v -0.5213 5 0.5213
v -0.5663 5.0625 0.5663
v -0.5213 6 0.5213
v -0.5663 5.9375 0.5663
v -0.6811 5 0.2821
v -0.7399 5.0625 0.3065
v -0.6811 6 0.2821
v -0.7399 5.9375 0.3065
v -0.7372 5 -0
v -0.8009 5.0625 -0
v -0.7372 6 -0
v -0.8009 5.9375 -0
v -0.6811 5 -0.2821
v -0.7399 5.0625 -0.3065
v -0.6811 6 -0.2821
v -0.7399 5.9375 -0.3065
v -0.5213 5 -0.5213
v -0.5663 5.0625 -0.5663
v -0.5213 6 -0.5213
v -0.5663 5.9375 -0.5663
v -0.2821 5 -0.6811
v -0.3065 5.0625 -0.7399
v -0.2821 6 -0.6811
v -0.3065 5.9375 -0.7399
v 0 6 -0.7372
v 0 6.0625 -0.8009
v 0 7 -0.7372
v 0 6.9375 -0.8009
v 0.2821 6 -0.6811
v 0.3065 6.0625 -0.7399
v 0.2821 7 -0.6811
v 0.3065 6.9375 -0.7399
v 0.5213 6 -0.5213
v 0.5663 6.0625 -0.5663
v 0.5213 7 -0.5213
v 0.5663 6.9375 -0.5663
v 0.6811 6 -0.2821
v 0.7399 6.0625 -0.3065
v 0.6811 7 -0.2821
v 0.7399 6.9375 -0.3065
v 0.7372 6 -0
v 0.8009 6.0625 -0
v 0.7372 7 -0
v 0.8009 6.9375 -0
v 0.6811 6 0.2821
v 0.7399 6.0625 0.3065
v 0.6811 7 0.2821
v 0.7399 6.9375 0.3065
v 0.5213 6 0.5213
v 0.5663 6.0625 0.5663
v 0.5213 7 0.5213
v 0.5663 6.9375 0.5663
v 0.2821 6 0.6811
v 0.3065 6.0625 0.7399
v 0.2821 7 0.6811
v 0.3065 6.9375 0.7399
v 0 6 0.7372
v 0 6.0625 0.8009
v 0 7 0.7372
v 0 6.9375 0.8009
v -0.2821 6 0.6811
v -0.3065 6.0625 0.7399
v -0.2821 7 0.6811
v -0.3065 6.9375 0.7399
v -0.5213 6 0.5213
v -0.5663 6.0625 0.5663
v -0.5213 7 0.5213
v -0.5663 6.9375 0.5663
v -0.6811 6 0.2821
v -0.7399 6.0625 0.3065
v -0.6811 7 0.2821
v -0.7399 6.9375 0.3065
v -0.7372 6 -0
v -0.8009 6.0625 -0
v -0.7372 7 -0
v -0.8009 6.9375 -0
v -0.6811 6 -0.2821
v -0.7399 6.0625 -0.3065
v -0.6811 7 -0.2821
v -0.7399 6.9375 -0.3065
v -0.5213 6 -0.5213
v -0.5663 6.0625 -0.5663
v -0.5213 7 -0.5213
v -0.5663 6.9375 -0.5663
v -0.2821 6 -0.6811
v -0.3065 6.0625 -0.7399
v -0.2821 7 -0.6811
v -0.3065 6.9375 -0.7399
v 0 1 -1
v 0 2 -1
v 0 1 1
v 0 1.875 1
v -1 1 -0
v -1 2 -0
v 1 1 -0
v 1 1.875 -0
v 0 2 -0
v -0.75 1 1
v -1 1 0.75
v -1 2 0.75
v -0.625 1.875 1
v -1 1 -0.75
v -0.75 1 -1
v -0.625 1.875 -1
v -1 2 -0.75
v 1 1 0.75
v 0.75 1 1
v 0.625 1.875 1
v 1 1.875 0.625
v 0.75 1 -1
v 1 1 -0.75
v 1 1.875 -0.625
v 0.625 1.875 -1
v -1 1 1
v 1 1 1
v 1 1 -1
v -1 1 -1
v -0.75 2 1
v -0.625 1.125 1
v 0.75 2 1
v 0 1.125 1
v 0.625 1.125 1
v 0 2 1
v 0 1.875 0.875
v 0 1.125 0.875
v -0.625 1.125 0.875
v 0.625 1.125 0.875
v -0.625 1.875 0.875
v 0.625 1.875 0.875
v -0.75 2 -1
v 1 2 -0.75
v -0.625 1.125 -1
v 0.75 2 -1
v 1 1.125 -0.625
v 0.625 1.125 -1
v 1 2 0.75
v 1 1.125 0.625
v 0 1.125 -1
v 0 1.875 -1
v 1 1.125 -0
v 1 2 -0
v 0.875 1.875 -0
v 0.875 1.125 -0
v 0.875 1.125 0.625
v 0.875 1.125 -0.625
v 0.875 1.875 -0.625
v 0.875 1.875 0.625
v 0 1.875 -0.875
v 0 1.125 -0.875
v -0.625 1.125 -0.875
v 0.625 1.125 -0.875
v -0.625 1.875 -0.875
v 0.625 1.875 -0.875
v -1 0 1
v -1 1 1
v -1 -0 -1
v -1 1 -1
v 1 0 1
v 1 1 1
v 1 -0 -1
v 1 1 -1
v 0 -0 -1
v 0 1 -1
v 0 0 1
v 0 1 1
v -1 0 0
v -1 1 -0
v 1 0 0
v 1 1 -0
v 0 0 0
v -1 0.25 -0.25
v -1 0.75 -0.25
v -1 0.75 -0.75
v -1 0.25 -0.75
v 0.25 0.25 -1
v 0.25 0.75 -1
v 0.75 0.75 -1
v 0.75 0.25 -1
v 1 0.25 0.25
v 1 0.75 0.25
v 1 0.75 0.75
v 1 0.25 0.75
v -0.25 0.25 1
v -0.25 0.75 1
v -0.75 0.75 1
v -0.75 0.25 1
v 0.75 0.25 1
v 0.75 0.75 1
v 0.25 0.75 1
v 0.25 0.25 1
v -0.75 0.25 -1
v -0.75 0.75 -1
v -0.25 0.75 -1
v -0.25 0.25 -1
v 1 0.25 -0.75
v 1 0.75 -0.75
v 1 0.75 -0.25
v 1 0.25 -0.25
v -1 0.25 0.75
v -1 0.75 0.75
v -1 0.75 0.25
v -1 0.25 0.25
v -0.9375 0.25 -0.25
v -0.9375 0.75 -0.25
v -0.9375 0.75 -0.75
v -0.9375 0.25 -0.75
v 0.25 0.25 -0.9375
v 0.25 0.75 -0.9375
v 0.75 0.75 -0.9375
v 0.75 0.25 -0.9375
v 0.9375 0.25 0.25
v 0.9375 0.75 0.25
v 0.9375 0.75 0.75
v 0.9375 0.25 0.75
v -0.25 0.25 0.9375
v -0.25 0.75 0.9375
v -0.75 0.75 0.9375
v -0.75 0.25 0.9375
v 0.75 0.25 0.9375
v 0.75 0.75 0.9375
v 0.25 0.75 0.9375
v 0.25 0.25 0.9375
v -0.75 0.25 -0.9375
v -0.75 0.75 -0.9375
v -0.25 0.75 -0.9375
v -0.25 0.25 -0.9375
v 0.9375 0.25 -0.75
v 0.9375 0.75 -0.75
v 0.9375 0.75 -0.25
v 0.9375 0.25 -0.25
v -0.9375 0.25 0.75
v -0.9375 0.75 0.75
v -0.9375 0.75 0.25
v -0.9375 0.25 0.25
v -0.9375 0.3125 -0.3125
v -0.9375 0.6875 -0.3125
v -0.9375 0.6875 -0.6875
v -0.9375 0.3125 -0.6875
v 0.3125 0.3125 -0.9375
v 0.3125 0.6875 -0.9375
v 0.6875 0.6875 -0.9375
v 0.6875 0.3125 -0.9375
v 0.9375 0.3125 0.3125
v 0.9375 0.6875 0.3125
v 0.9375 0.6875 0.6875
v 0.9375 0.3125 0.6875
v -0.3125 0.3125 0.9375
v -0.3125 0.6875 0.9375
v -0.6875 0.6875 0.9375
v -0.6875 0.3125 0.9375
v 0.6875 0.3125 0.9375
v 0.6875 0.6875 0.9375
v 0.3125 0.6875 0.9375
v 0.3125 0.3125 0.9375
v -0.6875 0.3125 -0.9375
v -0.6875 0.6875 -0.9375
v -0.3125 0.6875 -0.9375
v -0.3125 0.3125 -0.9375
v 0.9375 0.3125 -0.6875
v 0.9375 0.6875 -0.6875
v 0.9375 0.6875 -0.3125
v 0.9375 0.3125 -0.3125
v -0.9375 0.3125 0.6875
v -0.9375 0.6875 0.6875
v -0.9375 0.6875 0.3125
v -0.9375 0.3125 0.3125
v -1 0.3125 -0.3125
v -1 0.6875 -0.3125
v -1 0.6875 -0.6875
v -1 0.3125 -0.6875
v 0.3125 0.3125 -1
v 0.3125 0.6875 -1
v 0.6875 0.6875 -1
v 0.6875 0.3125 -1
v 1 0.3125 0.3125
v 1 0.6875 0.3125
v 1 0.6875 0.6875
v 1 0.3125 0.6875
v -0.3125 0.3125 1
v -0.3125 0.6875 1
v -0.6875 0.6875 1
v -0.6875 0.3125 1
v 0.6875 0.3125 1
v 0.6875 0.6875 1
v 0.3125 0.6875 1
v 0.3125 0.3125 1
v -0.6875 0.3125 -1
v -0.6875 0.6875 -1
v -0.3125 0.6875 -1
v -0.3125 0.3125 -1
v 1 0.3125 -0.6875
v 1 0.6875 -0.6875
v 1 0.6875 -0.3125
v 1 0.3125 -0.3125
v -1 0.3125 0.6875
v -1 0.6875 0.6875
v -1 0.6875 0.3125
v -1 0.3125 0.3125
v -0.3942 2 0.875
v -0.3942 5.4375 0.875
v -0.3702 2 0.8173
v -0.3702 5.4375 0.8173
v -0.3125 2 0.7933
v -0.2548 2 0.8173
v -0.2548 5.4375 0.8173
v -0.2308 2 0.875
v -0.2308 5.4375 0.875
v -0.2548 2 0.9327
v -0.2548 5.4375 0.9327
v -0.3125 2 0.9567
v -0.3125 5.4375 0.9567
v -0.3702 2 0.9327
v -0.3702 5.4375 0.9327
v -0.3702 5.4544 0.8103
v -0.3942 5.4952 0.8511
v -0.2548 5.4544 0.8103
v -0.2308 5.4952 0.8511
v -0.2548 5.5361 0.8919
v -0.3125 5.553 0.9088
v -0.3702 5.5361 0.8919
v -0.3702 5.4614 0.7933
v -0.3942 5.5192 0.7933
v -0.3125 5.4375 0.7933
v -0.2548 5.4614 0.7933
v -0.2308 5.5192 0.7933
v -0.2548 5.5769 0.7933
v -0.3125 5.6008 0.7933
v -0.3702 5.5769 0.7933
v -0.3702 5.4614 0.6683
v -0.3942 5.5192 0.6683
v -0.3125 5.4375 0.6683
v -0.2548 5.4614 0.6683
v -0.2308 5.5192 0.6683
v -0.2548 5.5769 0.6683
v -0.3125 5.6008 0.6683
v -0.3702 5.5769 0.6683
v 0.3942 2 0.875
v 0.3942 5.4375 0.875
v 0.3702 2 0.8173
v 0.3702 5.4375 0.8173
v 0.3125 2 0.7933
v 0.2548 2 0.8173
v 0.2548 5.4375 0.8173
v 0.2308 2 0.875
v 0.2308 5.4375 0.875
v 0.2548 2 0.9327
v 0.2548 5.4375 0.9327
v 0.3125 2 0.9567
v 0.3125 5.4375 0.9567
v 0.3702 2 0.9327
v 0.3702 5.4375 0.9327
v 0.3702 5.4544 0.8103
v 0.3942 5.4952 0.8511
v 0.2548 5.4544 0.8103
v 0.2308 5.4952 0.8511
v 0.2548 5.5361 0.8919
v 0.3125 5.553 0.9088
v 0.3702 5.5361 0.8919
v 0.3702 5.4614 0.7933
v 0.3942 5.5192 0.7933
v 0.3125 5.4375 0.7933
v 0.2548 5.4614 0.7933
v 0.2308 5.5192 0.7933
v 0.2548 5.5769 0.7933
v 0.3125 5.6008 0.7933
v 0.3702 5.5769 0.7933
v 0.3702 5.4614 0.6683
v 0.3942 5.5192 0.6683
v 0.3125 5.4375 0.6683
v 0.2548 5.4614 0.6683
v 0.2308 5.5192 0.6683
v 0.2548 5.5769 0.6683
v 0.3125 5.6008 0.6683
v 0.3702 5.5769 0.6683
v 0 7.125 -0.1633
v 0 7.25 -0.1633
v 0.1155 7.125 -0.1155
v 0.1155 7.25 -0.1155
v 0.1633 7.125 -0
v 0.1633 7.25 -0
v 0.1155 7.125 0.1155
v 0.1155 7.25 0.1155
v 0 7.125 0.1633
v 0 7.25 0.1633
v -0.1155 7.125 0.1155
v -0.1155 7.25 0.1155
v -0.1633 7.125 -0
v -0.1155 7.125 -0.1155
v -0.1155 7.25 -0.1155
v 0.0338 7.4471 -0.1155
v -0.0478 7.3655 -0.1633
v 0.0677 7.481 -0
v 0.0338 7.4471 0.1155
v -0.0478 7.3655 0.1633
v -0.1295 7.2838 0.1155
v -0.1633 7.25 -0
v -0.1295 7.2838 -0.1155
v -0.1633 7.5288 -0.1155
v -0.1633 7.4133 -0.1633
v -0.1633 7.5766 -0
v -0.1633 7.5288 0.1155
v -0.1633 7.4133 0.1633
v -0.1633 7.2978 0.1155
v -0.1633 7.2978 -0.1155
v -1.0383 7.5288 -0.1155
v -1.0383 7.4133 -0.1633
v -1.0383 7.5766 -0
v -1.0383 7.5288 0.1155
v -1.0383 7.4133 0.1633
v -1.0383 7.2978 0.1155
v -1.0383 7.2978 -0.1155
v -1.2355 7.4471 -0.1155
v -1.1538 7.3655 -0.1633
v -1.2693 7.481 -0
v -1.2355 7.4471 0.1155
v -1.1538 7.3655 0.1633
v -1.0721 7.2838 0.1155
v -1.0383 7.25 -0
v -1.0721 7.2838 -0.1155
v -1.3171 7.25 -0.1155
v -1.2016 7.25 -0.1633
v -1.365 7.25 -0
v -1.3171 7.25 0.1155
v -1.2016 7.25 0.1633
v -1.0862 7.25 0.1155
v -1.0862 7.25 -0.1155
v -1.3171 1.75 -0.1155
v -1.2016 1.75 -0.1633
v -1.365 1.75 -0
v -1.3171 1.75 0.1155
v -1.2016 1.75 0.1633
v -1.0862 1.75 0.1155
v -1.0862 1.75 -0.1155
v -1.2355 1.5529 -0.1155
v -1.1538 1.6345 -0.1633
v -1.2693 1.519 -0
v -1.2355 1.5529 0.1155
v -1.1538 1.6345 0.1633
v -1.0721 1.7162 0.1155
v -1.0721 1.7162 -0.1155
v -1.0383 1.4712 -0.1155
v -1.0383 1.5867 -0.1633
v -1.0383 1.4234 -0
v -1.0383 1.4712 0.1155
v -1.0383 1.5867 0.1633
v -1.0383 1.7022 0.1155
v -1.0383 1.75 -0
v -1.0383 1.7022 -0.1155
v -0.9758 1.4712 -0.1155
v -0.9758 1.5867 -0.1633
v -0.9758 1.4234 -0
v -0.9758 1.4712 0.1155
v -0.9758 1.5867 0.1633
v -0.9758 1.7022 0.1155
v -0.9758 1.75 -0
v -0.9758 1.7022 -0.1155
v 0.875 2 0.3942
v 0.875 3.4375 0.3942
v 0.8173 2 0.3702
v 0.8173 3.4375 0.3702
v 0.7933 2 0.3125
v 0.8173 2 0.2548
v 0.8173 3.4375 0.2548
v 0.875 2 0.2308
v 0.875 3.4375 0.2308
v 0.9327 2 0.2548
v 0.9327 3.4375 0.2548
v 0.9567 2 0.3125
v 0.9567 3.4375 0.3125
v 0.9327 2 0.3702
v 0.9327 3.4375 0.3702
v 0.8103 3.4544 0.3702
v 0.8511 3.4952 0.3942
v 0.8103 3.4544 0.2548
v 0.8511 3.4952 0.2308
v 0.8919 3.5361 0.2548
v 0.9088 3.553 0.3125
v 0.8919 3.5361 0.3702
v 0.7933 3.4614 0.3702
v 0.7933 3.5192 0.3942
v 0.7933 3.4375 0.3125
v 0.7933 3.4614 0.2548
v 0.7933 3.5192 0.2308
v 0.7933 3.5769 0.2548
v 0.7933 3.6008 0.3125
v 0.7933 3.5769 0.3702
v 0.6683 3.4614 0.3702
v 0.6683 3.5192 0.3942
v 0.6683 3.4375 0.3125
v 0.6683 3.4614 0.2548
v 0.6683 3.5192 0.2308
v 0.6683 3.5769 0.2548
v 0.6683 3.6008 0.3125
v 0.6683 3.5769 0.3702
v 0.875 2 -0.3942
v 0.875 3.4375 -0.3942
v 0.8173 2 -0.3702
v 0.8173 3.4375 -0.3702
v 0.7933 2 -0.3125
v 0.8173 2 -0.2548
v 0.8173 3.4375 -0.2548
v 0.875 2 -0.2308
v 0.875 3.4375 -0.2308
v 0.9327 2 -0.2548
v 0.9327 3.4375 -0.2548
v 0.9567 2 -0.3125
v 0.9567 3.4375 -0.3125
v 0.9327 2 -0.3702
v 0.9327 3.4375 -0.3702
v 0.8103 3.4544 -0.3702
v 0.8511 3.4952 -0.3942
v 0.8103 3.4544 -0.2548
v 0.8511 3.4952 -0.2308
v 0.8919 3.5361 -0.2548
v 0.9088 3.553 -0.3125
v 0.8919 3.5361 -0.3702
v 0.7933 3.4614 -0.3702
v 0.7933 3.5192 -0.3942
v 0.7933 3.4375 -0.3125
v 0.7933 3.4614 -0.2548
v 0.7933 3.5192 -0.2308
v 0.7933 3.5769 -0.2548
v 0.7933 3.6008 -0.3125
v 0.7933 3.5769 -0.3702
v 0.6683 3.4614 -0.3702
v 0.6683 3.5192 -0.3942
v 0.6683 3.4375 -0.3125
v 0.6683 3.4614 -0.2548
v 0.6683 3.5192 -0.2308
v 0.6683 3.5769 -0.2548
v 0.6683 3.6008 -0.3125
v 0.6683 3.5769 -0.3702
v 0.3942 2 -0.875
v 0.3942 4.4375 -0.875
v 0.3702 2 -0.8173
v 0.3702 4.4375 -0.8173
v 0.3125 2 -0.7933
v 0.2548 2 -0.8173
v 0.2548 4.4375 -0.8173
v 0.2308 2 -0.875
v 0.2308 4.4375 -0.875
v 0.2548 2 -0.9327
v 0.2548 4.4375 -0.9327
v 0.3125 2 -0.9567
v 0.3125 4.4375 -0.9567
v 0.3702 2 -0.9327
v 0.3702 4.4375 -0.9327
v 0.3702 4.4544 -0.8103
v 0.3942 4.4952 -0.8511
v 0.2548 4.4544 -0.8103
v 0.2308 4.4952 -0.8511
v 0.2548 4.5361 -0.8919
v 0.3125 4.553 -0.9088
v 0.3702 4.5361 -0.8919
v 0.3702 4.4614 -0.7933
v 0.3942 4.5192 -0.7933
v 0.3125 4.4375 -0.7933
v 0.2548 4.4614 -0.7933
v 0.2308 4.5192 -0.7933
v 0.2548 4.5769 -0.7933
v 0.3125 4.6008 -0.7933
v 0.3702 4.5769 -0.7933
v 0.3702 4.4614 -0.6683
v 0.3942 4.5192 -0.6683
v 0.3125 4.4375 -0.6683
v 0.2548 4.4614 -0.6683
v 0.2308 4.5192 -0.6683
v 0.2548 4.5769 -0.6683
v 0.3125 4.6008 -0.6683
v 0.3702 4.5769 -0.6683
v -0.3942 2 -0.875
v -0.3942 4.4375 -0.875
v -0.3702 2 -0.8173
v -0.3702 4.4375 -0.8173
v -0.3125 2 -0.7933
v -0.2548 2 -0.8173
v -0.2548 4.4375 -0.8173
v -0.2308 2 -0.875
v -0.2308 4.4375 -0.875
v -0.2548 2 -0.9327
v -0.2548 4.4375 -0.9327
v -0.3125 2 -0.9567
v -0.3125 4.4375 -0.9567
v -0.3702 2 -0.9327
v -0.3702 4.4375 -0.9327
v -0.3702 4.4544 -0.8103
v -0.3942 4.4952 -0.8511
v -0.2548 4.4544 -0.8103
v -0.2308 4.4952 -0.8511
v -0.2548 4.5361 -0.8919
v -0.3125 4.553 -0.9088
v -0.3702 4.5361 -0.8919
v -0.3702 4.4614 -0.7933
v -0.3942 4.5192 -0.7933
v -0.3125 4.4375 -0.7933
v -0.2548 4.4614 -0.7933
v -0.2308 4.5192 -0.7933
v -0.2548 4.5769 -0.7933
v -0.3125 4.6008 -0.7933
v -0.3702 4.5769 -0.7933
v -0.3702 4.4614 -0.6683
v -0.3942 4.5192 -0.6683
v -0.3125 4.4375 -0.6683
v -0.2548 4.4614 -0.6683
v -0.2308 4.5192 -0.6683
v -0.2548 4.5769 -0.6683
v -0.3125 4.6008 -0.6683
v -0.3702 4.5769 -0.6683
v -0.6298 2 -0.7452
v -0.6298 6.4375 -0.7452
v -0.6058 2 -0.6875
v -0.6058 6.4375 -0.6875
v -0.6298 2 -0.6298
v -0.6875 2 -0.6058
v -0.6875 6.4375 -0.6058
v -0.7452 2 -0.6298
v -0.7452 6.4375 -0.6298
v -0.7692 2 -0.6875
v -0.7692 6.4375 -0.6875
v -0.7452 2 -0.7452
v -0.7452 6.4375 -0.7452
v -0.6875 2 -0.7692
v -0.6875 6.4375 -0.7692
v -0.6009 6.4544 -0.6825
v -0.6128 6.4952 -0.7283
v -0.6825 6.4544 -0.6009
v -0.7283 6.4952 -0.6128
v -0.7403 6.5361 -0.6586
v -0.7114 6.553 -0.7114
v -0.6586 6.5361 -0.7403
v -0.5889 6.4614 -0.6706
v -0.572 6.5192 -0.6875
v -0.6298 6.4375 -0.6298
v -0.6706 6.4614 -0.5889
v -0.6875 6.5192 -0.572
v -0.6706 6.5769 -0.5889
v -0.6298 6.6008 -0.6298
v -0.5889 6.5769 -0.6706
v -0.5005 6.4614 -0.5822
v -0.4836 6.5192 -0.5991
v -0.5414 6.4375 -0.5414
v -0.5822 6.4614 -0.5005
v -0.5991 6.5192 -0.4836
v -0.5822 6.5769 -0.5005
v -0.5414 6.6008 -0.5414
v -0.5005 6.5769 -0.5822
v 0.7452 2 -0.6298
v 0.7452 6.4375 -0.6298
v 0.6875 2 -0.6058
v 0.6875 6.4375 -0.6058
v 0.6298 2 -0.6298
v 0.6058 2 -0.6875
v 0.6058 6.4375 -0.6875
v 0.6298 2 -0.7452
v 0.6298 6.4375 -0.7452
v 0.6875 2 -0.7692
v 0.6875 6.4375 -0.7692
v 0.7452 2 -0.7452
v 0.7452 6.4375 -0.7452
v 0.7692 2 -0.6875
v 0.7692 6.4375 -0.6875
v 0.6825 6.4544 -0.6009
v 0.7283 6.4952 -0.6128
v 0.6009 6.4544 -0.6825
v 0.6128 6.4952 -0.7283
v 0.6586 6.5361 -0.7403
v 0.7114 6.553 -0.7114
v 0.7403 6.5361 -0.6586
v 0.6706 6.4614 -0.5889
v 0.6875 6.5192 -0.572
v 0.6298 6.4375 -0.6298
v 0.5889 6.4614 -0.6706
v 0.572 6.5192 -0.6875
v 0.5889 6.5769 -0.6706
v 0.6298 6.6008 -0.6298
v 0.6706 6.5769 -0.5889
v 0.5822 6.4614 -0.5005
v 0.5991 6.5192 -0.4836
v 0.5414 6.4375 -0.5414
v 0.5005 6.4614 -0.5822
v 0.4836 6.5192 -0.5991
v 0.5005 6.5769 -0.5822
v 0.5414 6.6008 -0.5414
v 0.5822 6.5769 -0.5005
v 0.6298 2 0.7452
v 0.6298 6.4375 0.7452
v 0.6058 2 0.6875
v 0.6058 6.4375 0.6875
v 0.6298 2 0.6298
v 0.6875 2 0.6058
v 0.6875 6.4375 0.6058
v 0.7452 2 0.6298
v 0.7452 6.4375 0.6298
v 0.7692 2 0.6875
v 0.7692 6.4375 0.6875
v 0.7452 2 0.7452
v 0.7452 6.4375 0.7452
v 0.6875 2 0.7692
v 0.6875 6.4375 0.7692
v 0.6009 6.4544 0.6825
v 0.6128 6.4952 0.7283
v 0.6825 6.4544 0.6009
v 0.7283 6.4952 0.6128
v 0.7403 6.5361 0.6586
v 0.7114 6.553 0.7114
v 0.6586 6.5361 0.7403
v 0.5889 6.4614 0.6706
v 0.572 6.5192 0.6875
v 0.6298 6.4375 0.6298
v 0.6706 6.4614 0.5889
v 0.6875 6.5192 0.572
v 0.6706 6.5769 0.5889
v 0.6298 6.6008 0.6298
v 0.5889 6.5769 0.6706
v 0.5005 6.4614 0.5822
v 0.4836 6.5192 0.5991
v 0.5414 6.4375 0.5414
v 0.5822 6.4614 0.5005
v 0.5991 6.5192 0.4836
v 0.5822 6.5769 0.5005
v 0.5414 6.6008 0.5414
v 0.5005 6.5769 0.5822
v -0.7452 2 0.6298
v -0.7452 6.4375 0.6298
v -0.6875 2 0.6058
v -0.6875 6.4375 0.6058
v -0.6298 2 0.6298
v -0.6058 2 0.6875
v -0.6058 6.4375 0.6875
v -0.6298 2 0.7452
v -0.6298 6.4375 0.7452
v -0.6875 2 0.7692
v -0.6875 6.4375 0.7692
v -0.7452 2 0.7452
v -0.7452 6.4375 0.7452
v -0.7692 2 0.6875
v -0.7692 6.4375 0.6875
v -0.6825 6.4544 0.6009
v -0.7283 6.4952 0.6128
v -0.6009 6.4544 0.6825
v -0.6128 6.4952 0.7283
v -0.6586 6.5361 0.7403
v -0.7114 6.553 0.7114
v -0.7403 6.5361 0.6586
v -0.6706 6.4614 0.5889
v -0.6875 6.5192 0.572
v -0.6298 6.4375 0.6298
v -0.5889 6.4614 0.6706
v -0.572 6.5192 0.6875
v -0.5889 6.5769 0.6706
v -0.6298 6.6008 0.6298
v -0.6706 6.5769 0.5889
v -0.5822 6.4614 0.5005
v -0.5991 6.5192 0.4836
v -0.5414 6.4375 0.5414
v -0.5005 6.4614 0.5822
v -0.4836 6.5192 0.5991
v -0.5005 6.5769 0.5822
v -0.5414 6.6008 0.5414
v -0.5822 6.5769 0.5005
v -0.875 2 -0.3942
v -0.875 2.4375 -0.3942
v -0.8173 2 -0.3702
v -0.8173 2.4375 -0.3702
v -0.7933 2 -0.3125
v -0.8173 2 -0.2548
v -0.8173 2.4375 -0.2548
v -0.875 2 -0.2308
v -0.875 2.4375 -0.2308
v -0.9327 2 -0.2548
v -0.9327 2.4375 -0.2548
v -0.9567 2 -0.3125
v -0.9567 2.4375 -0.3125
v -0.9327 2 -0.3702
v -0.9327 2.4375 -0.3702
v -0.8103 2.4544 -0.3702
v -0.8511 2.4952 -0.3942
v -0.8103 2.4544 -0.2548
v -0.8511 2.4952 -0.2308
v -0.8919 2.5361 -0.2548
v -0.9088 2.553 -0.3125
v -0.8919 2.5361 -0.3702
v -0.7933 2.4614 -0.3702
v -0.7933 2.5192 -0.3942
v -0.7933 2.4375 -0.3125
v -0.7933 2.4614 -0.2548
v -0.7933 2.5192 -0.2308
v -0.7933 2.5769 -0.2548
v -0.7933 2.6008 -0.3125
v -0.7933 2.5769 -0.3702
v -0.6683 2.4614 -0.3702
v -0.6683 2.5192 -0.3942
v -0.6683 2.4375 -0.3125
v -0.6683 2.4614 -0.2548
v -0.6683 2.5192 -0.2308
v -0.6683 2.5769 -0.2548
v -0.6683 2.6008 -0.3125
v -0.6683 2.5769 -0.3702
v -0.875 2 0.3942
v -0.875 2.4375 0.3942
v -0.8173 2 0.3702
v -0.8173 2.4375 0.3702
v -0.7933 2 0.3125
v -0.8173 2 0.2548
v -0.8173 2.4375 0.2548
v -0.875 2 0.2308
v -0.875 2.4375 0.2308
v -0.9327 2 0.2548
v -0.9327 2.4375 0.2548
v -0.9567 2 0.3125
v -0.9567 2.4375 0.3125
v -0.9327 2 0.3702
v -0.9327 2.4375 0.3702
v -0.8103 2.4544 0.3702
v -0.8511 2.4952 0.3942
v -0.8103 2.4544 0.2548
v -0.8511 2.4952 0.2308
v -0.8919 2.5361 0.2548
v -0.9088 2.553 0.3125
v -0.8919 2.5361 0.3702
v -0.7933 2.4614 0.3702
v -0.7933 2.5192 0.3942
v -0.7933 2.4375 0.3125
v -0.7933 2.4614 0.2548
v -0.7933 2.5192 0.2308
v -0.7933 2.5769 0.2548
v -0.7933 2.6008 0.3125
v -0.7933 2.5769 0.3702
v -0.6683 2.4614 0.3702
v -0.6683 2.5192 0.3942
v -0.6683 2.4375 0.3125
v -0.6683 2.4614 0.2548
v -0.6683 2.5192 0.2308
v -0.6683 2.5769 0.2548
v -0.6683 2.6008 0.3125
v -0.6683 2.5769 0.3702
v 0.3942 3.7188 0.875
v -1.0862 4.5 0.1155
v 0.3125 3.2188 -0.7933
v -0.6298 4.2188 -0.7452
v 0.6875 4.2188 -0.6058
v 0.6298 4.2188 0.6298
v -0.2308 3.7188 0.875
v 0.2548 3.7188 0.9327
v -1.0862 4.5 -0.1155
v -1.0383 4.5 -0
v 0.2548 3.2188 -0.8173
v 0.3702 3.2188 -0.9327
v -0.2308 3.2188 -0.875
v -0.7692 4.2188 -0.6875
v 0.7452 4.2188 -0.7452
v 0.6875 4.2188 0.6058
v 0.6875 4.2188 0.7692
v -0.6298 4.2188 0.7452
v -0.3942 3.7188 0.875
v 0.3702 3.7188 0.8173
v -0.3942 3.2188 -0.875
v -0.6058 4.2188 -0.6875
v 0.6298 4.2188 -0.6298
v -0.7452 4.2188 0.6298
v -0.2548 3.7188 0.9327
v 0.3125 3.7188 0.9567
v -1.3171 4.5 -0.1155
v 0.2308 3.2188 -0.875
v -0.2548 3.2188 -0.9327
v -0.7452 4.2188 -0.7452
v 0.6058 4.2188 -0.6875
v 0.7692 4.2188 -0.6875
v 0.7452 4.2188 0.6298
v -0.6875 4.2188 0.7692
v -0.3702 3.7188 0.8173
v 0.3125 3.7188 0.7933
v -1.2016 4.5 -0.1633
v 0.3942 3.2188 -0.875
v -0.3702 3.2188 -0.8173
v -0.6298 4.2188 -0.6298
v 0.6298 4.2188 0.7452
v -0.6875 4.2188 0.6058
v -0.3125 3.7188 0.9567
v 0.2548 3.7188 0.8173
v 0.3702 3.7188 0.9327
v -1.365 4.5 -0
v 0.2548 3.2188 -0.9327
v -0.3125 3.2188 -0.9567
v -0.6875 4.2188 -0.6058
v -0.6875 4.2188 -0.7692
v 0.6298 4.2188 -0.7452
v 0.7692 4.2188 0.6875
v -0.7452 4.2188 0.7452
v -0.3125 3.7188 0.7933
v -1.3171 4.5 0.1155
v 0.3702 3.2188 -0.8173
v -0.3125 3.2188 -0.7933
v 0.7452 4.2188 -0.6298
v 0.6058 4.2188 0.6875
v -0.6298 4.2188 0.6298
v -0.2548 3.7188 0.8173
v -0.3702 3.7188 0.9327
v 0.2308 3.7188 0.875
v -1.2016 4.5 0.1633
v 0.3125 3.2188 -0.9567
v -0.2548 3.2188 -0.8173
v -0.3702 3.2188 -0.9327
v -0.7452 4.2188 -0.6298
v 0.6875 4.2188 -0.7692
v 0.7452 4.2188 0.7452
v -0.6058 4.2188 0.6875
v -0.7692 4.2188 0.6875
v 0.3942 4.5781 0.875
v 0.6058 3.1094 -0.6875
v -1.3171 5.875 0.1155
v -1.0862 3.125 0.1155
v 0.7452 3.1094 0.7452
v -0.6298 5.3281 -0.7452
v -0.6875 3.1094 0.7692
v -1.365 5.875 -0
v 0.6875 5.3281 -0.6058
v -0.3702 2.8594 0.8173
v -0.2308 2.8594 0.875
v 0.6298 5.3281 0.6298
v -0.6058 3.1094 0.6875
v -0.6298 3.1094 -0.7452
v -0.2308 4.5781 0.875
v 0.2548 4.5781 0.9327
v 0.7452 3.1094 -0.7452
v -0.6298 3.1094 -0.6298
v -1.0862 3.125 -0.1155
v -1.0383 3.125 -0
v 0.3702 2.8594 0.8173
v -0.7692 5.3281 -0.6875
v -1.2016 5.875 -0.1633
v 0.7452 5.3281 -0.7452
v 0.6875 5.3281 0.6058
v 0.6875 5.3281 0.7692
v -0.6298 5.3281 0.7452
v 0.6875 3.1094 -0.6058
v -0.3942 2.8594 0.875
v -0.3702 2.8594 0.9327
v -0.3942 4.5781 0.875
v -0.3125 2.8594 0.9567
v 0.3702 4.5781 0.8173
v -0.3125 2.8594 0.7933
v 0.6875 3.1094 -0.7692
v 0.6875 3.1094 0.6058
v 0.6298 3.1094 0.7452
v -0.6058 5.3281 -0.6875
v 0.6298 3.1094 -0.7452
v 0.3702 2.8594 0.9327
v 0.6298 5.3281 -0.6298
v -0.7452 3.1094 -0.6298
v -0.7452 5.3281 0.6298
v -0.7692 3.1094 0.6875
v -1.0862 5.875 0.1155
v -0.2548 4.5781 0.9327
v 0.6875 3.1094 0.7692
v -0.7452 3.1094 -0.7452
v 0.3125 4.5781 0.9567
v -1.3171 3.125 -0.1155
v 0.7452 3.1094 -0.6298
v -0.7452 3.1094 0.6298
v 0.7692 3.1094 -0.6875
v -0.7452 5.3281 -0.7452
v 0.6058 5.3281 -0.6875
v 0.7692 5.3281 -0.6875
v 0.7452 5.3281 0.6298
v -1.0862 5.875 -0.1155
v -0.6875 5.3281 0.7692
v 0.7452 3.1094 0.6298
v 0.6298 3.1094 0.6298
v -0.3702 4.5781 0.8173
v 0.3125 4.5781 0.7933
v -0.6298 3.1094 0.6298
v -1.2016 3.125 -0.1633
v 0.2548 2.8594 0.8173
v 0.3125 2.8594 0.9567
v -0.6298 5.3281 -0.6298
v 0.6298 5.3281 0.7452
v -0.6875 5.3281 0.6058
v 0.3942 2.8594 0.875
v -0.3125 4.5781 0.9567
v 0.2548 4.5781 0.8173
v 0.3702 4.5781 0.9327
v -1.365 3.125 -0
v -0.7692 3.1094 -0.6875
v -0.6875 5.3281 -0.6058
v -0.6875 5.3281 -0.7692
v 0.6298 5.3281 -0.7452
v 0.2548 2.8594 0.9327
v 0.7692 5.3281 0.6875
v -0.7452 5.3281 0.7452
v 0.3125 2.8594 0.7933
v 0.2308 2.8594 0.875
v -0.3125 4.5781 0.7933
v -0.6058 3.1094 -0.6875
v -0.7452 3.1094 0.7452
v -1.3171 3.125 0.1155
v -0.6875 3.1094 -0.6058
v -0.6875 3.1094 0.6058
v 0.7692 3.1094 0.6875
v 0.7452 5.3281 -0.6298
v 0.6058 5.3281 0.6875
v -1.3171 5.875 -0.1155
v -1.0383 5.875 -0
v -0.6298 5.3281 0.6298
v -0.6298 3.1094 0.7452
v -0.2548 4.5781 0.8173
v -0.3702 4.5781 0.9327
v 0.2308 4.5781 0.875
v 0.6058 3.1094 0.6875
v -1.2016 3.125 0.1633
v -0.6875 3.1094 -0.7692
v -1.2016 5.875 0.1633
v -0.2548 2.8594 0.9327
v -0.2548 2.8594 0.8173
v -0.7452 5.3281 -0.6298
v 0.6875 5.3281 -0.7692
v 0.7452 5.3281 0.7452
v -0.6058 5.3281 0.6875
v -0.7692 5.3281 0.6875
v 0.6298 3.1094 -0.6298
vt 0.702 0.9314
vt 0.6897 0.951
vt 0.6897 0.9314
vt 0.6897 0.402
vt 0.702 0.4216
vt 0.6897 0.4216
vt 0.6773 0.9216
vt 0.6897 0.902
vt 0.6897 0.9216
vt 0.6773 0.4216
vt 0.665 0.6569
vt 0.6773 0.6373
vt 0.6773 0.6569
vt 0.665 0.2647
vt 0.6773 0.2843
vt 0.665 0.2843
vt 0.6527 0.3235
vt 0.665 0.3039
vt 0.665 0.3235
vt 0.6527 0.9216
vt 0.665 0.902
vt 0.665 0.9216
vt 0.6527 0.3627
vt 0.6404 0.3824
vt 0.6404 0.3627
vt 0.6404 0.902
vt 0.6404 0.9216
vt 0.6404 0.8235
vt 0.6281 0.8039
vt 0.6404 0.8039
vt 0.5542 0.3235
vt 0.5665 0.3039
vt 0.5665 0.3235
vt 0.6281 0.3824
vt 0.6158 0.3627
vt 0.6281 0.3627
vt 0.5665 0.2353
vt 0.5788 0.2549
vt 0.5665 0.2549
vt 0.5911 0.2353
vt 0.5911 0.2549
vt 0.6034 0.5686
vt 0.6158 0.5882
vt 0.6034 0.5882
vt 0.6034 0.951
vt 0.5911 0.9314
vt 0.6034 0.9314
vt 0.5665 0.549
vt 0.5542 0.5294
vt 0.5665 0.5294
vt 0.6034 0.402
vt 0.6158 0.4216
vt 0.6034 0.4216
vt 0.5788 0.5882
vt 0.5911 0.5686
vt 0.5911 0.5882
vt 0.6281 0.2843
vt 0.6158 0.2647
vt 0.6281 0.2647
vt 0.6281 0.402
vt 0.6281 0.4216
vt 0.6404 0.8627
vt 0.6281 0.8824
vt 0.6281 0.8627
vt 0.6404 0.5294
vt 0.6281 0.549
vt 0.6281 0.5294
vt 0.5542 0.951
vt 0.5419 0.9314
vt 0.5542 0.9314
vt 0.5542 0.8824
vt 0.5419 0.8627
vt 0.5542 0.8627
vt 0.7512 0.8235
vt 0.7389 0.8039
vt 0.7512 0.8039
vt 0.7512 0.4216
vt 0.7389 0.402
vt 0.7512 0.402
vt 0.7266 0.3235
vt 0.7389 0.3039
vt 0.7389 0.3235
vt 0.7266 0.7647
vt 0.7389 0.7843
vt 0.7266 0.7843
vt 0.7266 0.3824
vt 0.7143 0.3627
vt 0.7266 0.3627
vt 0.7143 0.3235
vt 0.7266 0.3039
vt 0.702 0.3824
vt 0.702 0.3627
vt 0.702 0.3235
vt 0.7143 0.3039
vt 0.702 0.9216
vt 0.6897 0.6373
vt 0.702 0.6569
vt 0.6897 0.6569
vt 0.5911 0.7353
vt 0.6034 0.7549
vt 0.5911 0.7549
vt 0.6773 0.5882
vt 0.6897 0.5686
vt 0.6897 0.5882
vt 0.665 0.8627
vt 0.6773 0.8824
vt 0.665 0.8824
vt 0.665 0.4902
vt 0.6773 0.4706
vt 0.6773 0.4902
vt 0.6527 0.4314
vt 0.665 0.451
vt 0.6527 0.451
vt 0.6527 0.8627
vt 0.6527 0.8824
vt 0.6527 0.598
vt 0.6404 0.6176
vt 0.6404 0.598
vt 0.6527 0.8235
vt 0.5665 0.7157
vt 0.5542 0.6961
vt 0.5665 0.6961
vt 0.5665 0.2843
vt 0.5542 0.2647
vt 0.5665 0.2647
vt 0.5788 0.3627
vt 0.5665 0.3824
vt 0.5665 0.3627
vt 0.5665 0.6373
vt 0.5788 0.6569
vt 0.5665 0.6569
vt 0.5911 0.6373
vt 0.5911 0.6569
vt 0.6034 0.4706
vt 0.6158 0.4902
vt 0.6034 0.4902
vt 0.5911 0.402
vt 0.5911 0.4216
vt 0.6034 0.6176
vt 0.5911 0.598
vt 0.6034 0.598
vt 0.5911 0.451
vt 0.5788 0.4314
vt 0.5911 0.4314
vt 0.5788 0.9902
vt 0.5911 0.9706
vt 0.5911 0.9902
vt 0.5788 0.598
vt 0.5665 0.6176
vt 0.5665 0.598
vt 0.6158 0.3235
vt 0.6281 0.3039
vt 0.6281 0.3235
vt 0.6404 0.9902
vt 0.6281 0.9706
vt 0.6404 0.9706
vt 0.6404 0.5882
vt 0.6281 0.5686
vt 0.6404 0.5686
vt 0.5542 0.451
vt 0.5419 0.4314
vt 0.5542 0.4314
vt 0.5419 0.4902
vt 0.5542 0.4706
vt 0.5542 0.4902
vt 0.7512 0.7549
vt 0.7389 0.7353
vt 0.7512 0.7353
vt 0.7512 0.6569
vt 0.7389 0.6373
vt 0.7512 0.6373
vt 0.7266 0.4314
vt 0.7389 0.451
vt 0.7266 0.451
vt 0.7266 0.8627
vt 0.7389 0.8824
vt 0.7266 0.8824
vt 0.7143 0.5882
vt 0.7266 0.5686
vt 0.7266 0.5882
vt 0.7143 0.4902
vt 0.7266 0.4706
vt 0.7266 0.4902
vt 0.7143 0.4314
vt 0.702 0.451
vt 0.702 0.4314
vt 0.7143 0.6373
vt 0.7143 0.6569
vt 0.702 0.1961
vt 0.6897 0.2157
vt 0.6897 0.1961
vt 0.6897 0.7353
vt 0.702 0.7549
vt 0.6897 0.7549
vt 0.6897 0.6961
vt 0.6773 0.7157
vt 0.6773 0.6961
vt 0.6897 0.2647
vt 0.6773 0.2647
vt 0.6773 0.902
vt 0.665 0.2549
vt 0.6773 0.2353
vt 0.6773 0.2549
vt 0.6527 0.2549
vt 0.665 0.2353
vt 0.6527 0.2647
vt 0.6527 0.2843
vt 0.6527 0.9902
vt 0.6527 0.5882
vt 0.5665 0.451
vt 0.5665 0.4314
vt 0.6404 0.7647
vt 0.6281 0.7843
vt 0.6281 0.7647
vt 0.6158 0.5294
vt 0.6281 0.5882
vt 0.5788 0.4216
vt 0.5911 0.6176
vt 0.5911 0.3039
vt 0.6034 0.3235
vt 0.5911 0.3235
vt 0.5911 0.8039
vt 0.6034 0.8235
vt 0.5911 0.8235
vt 0.5911 0.549
vt 0.5788 0.5294
vt 0.5911 0.5294
vt 0.5911 0.7843
vt 0.5788 0.7647
vt 0.5911 0.7647
vt 0.6158 0.6569
vt 0.6281 0.6373
vt 0.6281 0.6569
vt 0.6404 0.9314
vt 0.6281 0.951
vt 0.6281 0.9314
vt 0.6404 0.6961
vt 0.6281 0.7157
vt 0.6281 0.6961
vt 0.5419 0.3235
vt 0.5542 0.3039
vt 0.5419 0.5882
vt 0.5542 0.5686
vt 0.5542 0.5882
vt 0.7512 0.1961
vt 0.7389 0.2157
vt 0.7389 0.1961
vt 0.665 0.4314
vt 0.6773 0.451
vt 0.7266 0.6569
vt 0.7389 0.6569
vt 0.9187 0.951
vt 0.9163 0.9363
vt 0.9187 0.9314
vt 0.7266 0.549
vt 0.7143 0.5294
vt 0.7266 0.5294
vt 0.7143 0.7549
vt 0.7266 0.7353
vt 0.7266 0.7549
vt 0.7143 0.598
vt 0.702 0.6176
vt 0.702 0.598
vt 0.7143 0.902
vt 0.7143 0.9216
vt 0.6897 0.2353
vt 0.702 0.2549
vt 0.6897 0.2549
vt 0.6897 0.3824
vt 0.6897 0.3627
vt 0.6897 0.8627
vt 0.6773 0.8627
vt 0.6897 0.4314
vt 0.6773 0.4314
vt 0.665 0.7549
vt 0.6773 0.7353
vt 0.6773 0.7549
vt 0.665 0.3627
vt 0.6773 0.3824
vt 0.665 0.3824
vt 0.665 0.6176
vt 0.6527 0.6176
vt 0.6527 0.6569
vt 0.665 0.6373
vt 0.6527 0.5294
vt 0.6404 0.549
vt 0.6404 0.2843
vt 0.6404 0.2647
vt 0.6404 0.3235
vt 0.6404 0.3039
vt 0.5788 0.3235
vt 0.6281 0.451
vt 0.6158 0.4314
vt 0.6281 0.4314
vt 0.6158 0.7647
vt 0.6034 0.7843
vt 0.6034 0.7647
vt 0.6034 0.8039
vt 0.6158 0.8235
vt 0.5911 0.902
vt 0.6034 0.9216
vt 0.5911 0.9216
vt 0.6034 0.2157
vt 0.5911 0.1961
vt 0.6034 0.1961
vt 0.7512 0.8627
vt 0.7389 0.8627
vt 0.5788 0.8235
vt 0.6158 0.2549
vt 0.6281 0.2353
vt 0.6281 0.2549
vt 0.5542 0.6569
vt 0.6404 0.4216
vt 0.6404 0.402
vt 0.5542 0.6176
vt 0.5419 0.598
vt 0.5542 0.598
vt 0.5419 0.8235
vt 0.5542 0.8039
vt 0.5542 0.8235
vt 0.7512 0.2549
vt 0.7389 0.2353
vt 0.7512 0.2353
vt 0.7512 0.3235
vt 0.7512 0.3039
vt 0.7266 0.598
vt 0.7389 0.6176
vt 0.7266 0.6176
vt 0.7266 0.8235
vt 0.7389 0.8235
vt 0.7266 0.2843
vt 0.7143 0.2647
vt 0.7266 0.2647
vt 0.7266 0.6373
vt 0.7143 0.9314
vt 0.702 0.951
vt 0.702 0.549
vt 0.702 0.5294
vt 0.6897 0.3039
vt 0.6897 0.3235
vt 0.6897 0.451
vt 0.6773 0.3235
vt 0.665 0.8235
vt 0.6773 0.8039
vt 0.6773 0.8235
vt 0.665 0.9902
vt 0.6773 0.9706
vt 0.6773 0.9902
vt 0.6527 0.4216
vt 0.665 0.402
vt 0.665 0.4216
vt 0.665 0.549
vt 0.6527 0.549
vt 0.6404 0.2353
vt 0.6404 0.2549
vt 0.6404 0.8824
vt 0.5542 0.7549
vt 0.5665 0.7353
vt 0.5665 0.7549
vt 0.5542 0.9902
vt 0.5665 0.9706
vt 0.5665 0.9902
vt 0.5665 0.7843
vt 0.5665 0.7647
vt 0.5665 0.5686
vt 0.5665 0.5882
vt 0.6158 0.1961
vt 0.5911 0.2157
vt 0.5788 0.1961
vt 0.6034 0.451
vt 0.6034 0.4314
vt 0.5911 0.8824
vt 0.5788 0.8627
vt 0.5911 0.8627
vt 0.5788 0.9216
vt 0.6158 0.7549
vt 0.6281 0.7353
vt 0.6281 0.7549
vt 0.6404 0.7549
vt 0.6404 0.7353
vt 0.5542 0.9216
vt 0.5665 0.902
vt 0.5665 0.9216
vt 0.5419 0.9902
vt 0.5542 0.9706
vt 0.5419 0.9216
vt 0.5542 0.902
vt 0.7512 0.7647
vt 0.7389 0.7647
vt 0.7512 0.4314
vt 0.7389 0.4314
vt 0.7389 0.3824
vt 0.7266 0.9314
vt 0.7389 0.951
vt 0.7266 0.951
vt 0.702 0.7647
vt 0.6897 0.7843
vt 0.6897 0.7647
vt 0.7143 0.4216
vt 0.7266 0.402
vt 0.7266 0.4216
vt 0.7143 0.7647
vt 0.702 0.7843
vt 0.7143 0.402
vt 0.7143 0.7353
vt 0.6897 0.8039
vt 0.702 0.8235
vt 0.6897 0.8235
vt 0.6773 0.3627
vt 0.665 0.6961
vt 0.665 0.7157
vt 0.665 0.5882
vt 0.6773 0.5686
vt 0.6527 0.7647
vt 0.665 0.7843
vt 0.6527 0.7843
vt 0.665 0.8039
vt 0.6527 0.9314
vt 0.6404 0.951
vt 0.6404 0.1961
vt 0.6281 0.2157
vt 0.6281 0.1961
vt 0.5665 0.2157
vt 0.5542 0.1961
vt 0.5665 0.1961
vt 0.5788 0.2647
vt 0.6158 0.6961
vt 0.6034 0.7157
vt 0.6034 0.6961
vt 0.5911 0.2843
vt 0.5911 0.2647
vt 0.6034 0.6569
vt 0.5911 0.6961
vt 0.5911 0.3824
vt 0.5911 0.3627
vt 0.5788 0.4902
vt 0.5911 0.4706
vt 0.5911 0.4902
vt 0.5665 0.8039
vt 0.5665 0.8235
vt 0.6404 0.6569
vt 0.6404 0.6373
vt 0.5542 0.7843
vt 0.5419 0.7647
vt 0.5542 0.7647
vt 0.5542 0.2843
vt 0.5419 0.2647
vt 0.7512 0.5882
vt 0.7389 0.5686
vt 0.7512 0.5686
vt 0.7512 0.9314
vt 0.7389 0.9314
vt 0.7266 0.1961
vt 0.7266 0.2157
vt 0.7389 0.4706
vt 0.7389 0.4902
vt 0.7143 0.8235
vt 0.7266 0.8039
vt 0.702 0.2843
vt 0.702 0.2647
vt 0.702 0.9902
vt 0.7143 0.9706
vt 0.7143 0.9902
vt 0.702 0.8627
vt 0.6897 0.8824
vt 0.6897 0.2843
vt 0.6897 0.4706
vt 0.6897 0.4902
vt 0.665 0.7647
vt 0.6773 0.7843
vt 0.6773 0.402
vt 0.5788 0.6961
vt 0.665 0.5686
vt 0.6527 0.7549
vt 0.6404 0.451
vt 0.6404 0.4314
vt 0.6158 0.8627
vt 0.6158 0.9216
vt 0.6281 0.902
vt 0.6281 0.9216
vt 0.6158 0.9314
vt 0.6034 0.6373
vt 0.6034 0.549
vt 0.6034 0.5294
vt 0.6034 0.3039
vt 0.6034 0.3824
vt 0.6034 0.3627
vt 0.5665 0.8824
vt 0.5665 0.8627
vt 0.5665 0.402
vt 0.5665 0.4216
vt 0.6281 0.6176
vt 0.6281 0.598
vt 0.6404 0.4902
vt 0.6281 0.4706
vt 0.6404 0.4706
vt 0.5542 0.3824
vt 0.5419 0.3627
vt 0.5542 0.3627
vt 0.5419 0.2549
vt 0.5542 0.2353
vt 0.5542 0.2549
vt 0.7512 0.9216
vt 0.7389 0.902
vt 0.7512 0.902
vt 0.7512 0.598
vt 0.7389 0.598
vt 0.7389 0.7549
vt 0.7266 0.9902
vt 0.7389 0.9706
vt 0.7389 0.9902
vt 0.7143 0.8627
vt 0.7266 0.902
vt 0.7266 0.9216
vt 0.702 0.8824
vt 0.702 0.5882
vt 0.7143 0.5686
vt 0.6897 0.549
vt 0.6897 0.5294
vt 0.6897 0.9706
vt 0.6897 0.9902
vt 0.6773 0.2157
vt 0.6773 0.1961
vt 0.665 0.9314
vt 0.6773 0.951
vt 0.665 0.951
vt 0.665 0.1961
vt 0.665 0.2157
vt 0.6527 0.951
vt 0.665 0.9706
vt 0.6527 0.4902
vt 0.6281 0.4902
vt 0.6034 0.2843
vt 0.6034 0.2647
vt 0.6034 0.9706
vt 0.6158 0.9902
vt 0.6034 0.9902
vt 0.6034 0.8824
vt 0.6034 0.8627
vt 0.5911 0.951
vt 0.5788 0.9314
vt 0.7389 0.549
vt 0.5542 0.2157
vt 0.5419 0.1961
vt 0.5542 0.549
vt 0.5419 0.5294
vt 0.7512 0.6961
vt 0.7389 0.7157
vt 0.7389 0.6961
vt 0.7512 0.9902
vt 0.7512 0.9706
vt 0.7389 0.2843
vt 0.7389 0.9216
vt 0.7266 0.9706
vt 0.7143 0.1961
vt 0.702 0.2157
vt 0.702 0.4902
vt 0.7143 0.4706
vt 0.6897 0.6176
vt 0.6897 0.598
vt 0.6773 0.6176
vt 0.6773 0.598
vt 0.665 0.598
vt 0.6527 0.1961
vt 0.6404 0.2157
vt 0.665 0.4706
vt 0.665 0.7353
vt 0.6773 0.549
vt 0.6773 0.5294
vt 0.5665 0.951
vt 0.5665 0.9314
vt 0.5911 0.7157
vt 0.6034 0.2549
vt 0.6034 0.902
vt 0.5788 0.7549
vt 0.6158 0.598
vt 0.5419 0.4216
vt 0.5542 0.402
vt 0.5542 0.4216
vt 0.7266 0.7157
vt 0.7143 0.6961
vt 0.7266 0.6961
vt 0.7512 0.3627
vt 0.7389 0.3627
vt 0.7512 0.2647
vt 0.7389 0.2647
vt 0.7266 0.2549
vt 0.7389 0.2549
vt 0.7143 0.2353
vt 0.7143 0.2549
vt 0.702 0.6961
vt 0.6897 0.7157
vt 0.6773 0.7647
vt 0.6773 0.9314
vt 0.665 0.5294
vt 0.6773 0.3039
vt 0.6527 0.2157
vt 0.6527 0.6961
vt 0.6527 0.7157
vt 0.6404 0.7157
vt 0.6404 0.7843
vt 0.5665 0.4706
vt 0.5665 0.4902
vt 0.5542 0.7157
vt 0.5419 0.6961
vt 0.6034 0.7353
vt 0.6034 0.2353
vt 0.6281 0.8235
vt 0.6281 0.9902
vt 0.5419 0.7549
vt 0.5542 0.7353
vt 0.5419 0.6569
vt 0.5542 0.6373
vt 0.7512 0.5294
vt 0.7389 0.5294
vt 0.7512 0.4902
vt 0.7512 0.4706
vt 0.7389 0.4216
vt 0.7389 0.5882
vt 0.7266 0.2353
vt 0.702 0.7157
vt 0.7143 0.8039
vt 0.0616 0.0098
vt 0.0271 0.0294
vt 0.0271 0.0098
vt 0.9483 0.4093
vt 0.9507 0.2353
vt 0.9507 0.4093
vt 0.8867 0.3824
vt 0.8842 0.3627
vt 0.8842 0.3824
vt 0.8916 0.527
vt 0.8941 0.3922
vt 0.8941 0.527
vt 0.4901 0.8137
vt 0.5025 0.6765
vt 0.5025 0.8137
vt 0.768 0.6137
vt 0.7812 0.5918
vt 0.7812 0.7409
vt 0.7512 0.7157
vt 0.6158 0.9706
vt 0.8036 0.7924
vt 0.812 0.8733
vt 0.8036 0.9542
vt 0.133 0.7843
vt 0.133 0.6667
vt 0.1724 0.6667
vt 0.202 0.8235
vt 0.1724 0.8235
vt 0.202 0.5098
vt 0.2118 0.549
vt 0.2833 0.7157
vt 0.303 0.7059
vt 0.303 0.7157
vt 0.3325 0.7353
vt 0.335 0.7941
vt 0.3325 0.7941
vt 0.8202 0.5784
vt 0.8153 0.5196
vt 0.8202 0.5196
vt 0.1429 0.5098
vt 0.133 0.549
vt 0.83 0.4804
vt 0.8325 0.2549
vt 0.83 0.2549
vt 0.3547 0.3137
vt 0.367 0.1765
vt 0.367 0.3137
vt 0.2291 0.3137
vt 0.2537 0.1961
vt 0.2537 0.3137
vt 0.8892 0.3235
vt 0.8916 0.2549
vt 0.8916 0.3235
vt 0.2192 0.7157
vt 0.2389 0.7059
vt 0.2389 0.7157
vt 0.702 0.9706
vt 0.7143 0.951
vt 0.1305 0.3137
vt 0.1355 0.1961
vt 0.1355 0.3137
vt 0.8916 0.9902
vt 0.8892 0.9706
vt 0.8916 0.9706
vt 0.3177 0.6078
vt 0.3325 0.598
vt 0.3325 0.6078
vt 0.1059 0.7843
vt 0.0961 0.8235
vt 0.0961 0.7843
vt 0.0936 0.7843
vt 0.0837 0.8235
vt 0.0837 0.7843
vt 0.1305 0.7843
vt 0.1207 0.8235
vt 0.1207 0.7843
vt 0.1182 0.7843
vt 0.1084 0.8235
vt 0.1084 0.7843
vt 0.0813 0.4804
vt 0.0764 0.3431
vt 0.0813 0.3627
vt 0.1305 0.3627
vt 0.1355 0.5
vt 0.1305 0.4804
vt 0.1059 0.3431
vt 0.1059 0.3627
vt 0.1059 0.5
vt 0.0764 0.5
vt 0.1355 0.3431
vt 0.1059 0.4804
vt 0.5788 0.3039
vt 0.3177 0.0098
vt 0.3202 0.0294
vt 0.3177 0.0294
vt 0.2291 0.1961
vt 0.2241 0.3137
vt 0.2241 0.1961
vt 0.8793 0.9314
vt 0.8818 0.7966
vt 0.8793 0.7966
vt 0.298 0.3431
vt 0.2833 0.5
vt 0.2833 0.3431
vt 0.2783 0.3627
vt 0.2783 0.4804
vt 0.2044 0.3627
vt 0.2094 0.5
vt 0.2044 0.4804
vt 0.2291 0.4804
vt 0.2241 0.3431
vt 0.2291 0.3627
vt 0.1552 0.4804
vt 0.1502 0.3431
vt 0.1552 0.3627
vt 0.2537 0.3431
vt 0.2537 0.5
vt 0.2537 0.4804
vt 0.1798 0.3431
vt 0.1798 0.3627
vt 0.1798 0.5
vt 0.1502 0.5
vt 0.2094 0.3431
vt 0.1798 0.4804
vt 0.2537 0.3627
vt 0.2241 0.5
vt 0.2512 0.5882
vt 0.2709 0.5784
vt 0.2709 0.5882
vt 0.8719 0.3824
vt 0.8695 0.3627
vt 0.8695 0.3824
vt 0.2783 0.3137
vt 0.2833 0.1961
vt 0.2833 0.3137
vt 0.2365 0.7941
vt 0.2217 0.8039
vt 0.2217 0.7941
vt 0.3424 0.4804
vt 0.3547 0.3431
vt 0.3547 0.4804
vt 0.6158 0.8039
vt 0.1059 0.3137
vt 0.1305 0.3333
vt 0.1059 0.3333
vt 0.2365 0.6078
vt 0.2217 0.6667
vt 0.2217 0.6078
vt 0.1305 0.1961
vt 0.1059 0.1765
vt 0.1305 0.1765
vt 0.0074 0.0294
vt 0.0025 0.0098
vt 0.0074 0.0098
vt 0.83 0.9902
vt 0.8325 0.9706
vt 0.83 0.9706
vt 0.2833 0.5882
vt 0.303 0.5784
vt 0.303 0.5882
vt 0.1773 0.3137
vt 0.202 0.3333
vt 0.1773 0.3333
vt 0.9286 0.7574
vt 0.931 0.5833
vt 0.931 0.7574
vt 0.0025 0.9902
vt 0.032 0.951
vt 0.0419 0.9902
vt 0.0025 0.8333
vt 0.0123 0.951
vt 0.0419 0.8333
vt 0.0123 0.8725
vt 0.2094 0.951
vt 0.1897 0.8725
vt 0.1995 0.8333
vt 0.2389 0.9902
vt 0.2685 0.951
vt 0.2783 0.9902
vt 0.2389 0.8333
vt 0.2488 0.951
vt 0.2783 0.8333
vt 0.2488 0.8725
vt 0.1305 0.951
vt 0.1108 0.8725
vt 0.1207 0.8333
vt 0.1601 0.9902
vt 0.1897 0.951
vt 0.1995 0.9902
vt 0.1601 0.8333
vt 0.17 0.951
vt 0.17 0.8725
vt 0.0517 0.951
vt 0.032 0.8725
vt 0.0813 0.9902
vt 0.1108 0.951
vt 0.1207 0.9902
vt 0.0813 0.8333
vt 0.0911 0.951
vt 0.0911 0.8725
vt 0.1502 0.8725
vt 0.1502 0.951
vt 0.8547 0.9314
vt 0.8571 0.7402
vt 0.8571 0.9314
vt 0.1305 0.8725
vt 0.3177 0.9902
vt 0.3079 0.8725
vt 0.3177 0.8333
vt 0.3079 0.951
vt 0.8251 0.7402
vt 0.8276 0.549
vt 0.8251 0.549
vt 0.2882 0.8725
vt 0.2291 0.8725
vt 0.2291 0.951
vt 0.9113 0.7574
vt 0.9138 0.5833
vt 0.9138 0.7574
vt 0.2094 0.8725
vt 0.0714 0.8725
vt 0.0714 0.951
vt 0.8966 0.7966
vt 0.899 0.6618
vt 0.899 0.7966
vt 0.0517 0.8725
vt 0.2857 0.6078
vt 0.3005 0.598
vt 0.3005 0.6078
vt 0.0025 0.8235
vt 0.0419 0.6667
vt 0.0419 0.8235
vt 0.0813 0.3137
vt 0.0813 0.3333
vt 0.5788 0.902
vt 0.5788 0.951
vt 0.5788 0.9706
vt 0.8202 0.8725
vt 0.8153 0.8137
vt 0.8202 0.8137
vt 0.5788 0.6176
vt 0.5788 0.6373
vt 0.6527 0.402
vt 0.8793 0.9902
vt 0.8818 0.9706
vt 0.8793 0.9706
vt 0.8325 0.4804
vt 0.835 0.2549
vt 0.8202 0.9902
vt 0.8153 0.9314
vt 0.8202 0.9314
vt 0.0616 0.1275
vt 0.0271 0.1471
vt 0.0271 0.1275
vt 0.1059 0.1961
vt 0.0813 0.1765
vt 0.8621 0.4804
vt 0.8645 0.2549
vt 0.8645 0.4804
vt 0.2414 0.598
vt 0.2438 0.6765
vt 0.2414 0.6765
vt 0.2537 0.6667
vt 0.2512 0.6078
vt 0.2537 0.6078
vt 0.1527 0.3137
vt 0.1773 0.1961
vt 0.2414 0.7255
vt 0.2438 0.8039
vt 0.2414 0.8039
vt 0.3325 0.6667
vt 0.3177 0.6765
vt 0.3177 0.6667
vt 0.9138 0.4093
vt 0.9163 0.2353
vt 0.9163 0.4093
vt 0.2783 0.3333
vt 0.2537 0.3333
vt 0.2857 0.7353
vt 0.3005 0.7255
vt 0.3005 0.7353
vt 0.0025 0.5
vt 0.032 0.3431
vt 0.032 0.5
vt 0.2709 0.6863
vt 0.2512 0.6961
vt 0.2512 0.6863
vt 0.367 0.3431
vt 0.367 0.4804
vt 0.8498 0.9902
vt 0.8473 0.9706
vt 0.8498 0.9706
vt 0.0025 0.6667
vt 0.0419 0.5098
vt 0.2808 0.7255
vt 0.2833 0.7941
vt 0.2808 0.8039
vt 0.2857 0.7255
vt 0.3054 0.8039
vt 0.303 0.7353
vt 0.3054 0.7255
vt 0.2833 0.8137
vt 0.3005 0.8039
vt 0.303 0.8137
vt 0.2512 0.8137
vt 0.2685 0.8039
vt 0.2709 0.8137
vt 0.2488 0.8039
vt 0.2512 0.7353
vt 0.2512 0.7941
vt 0.2709 0.7157
vt 0.2537 0.7255
vt 0.2512 0.7157
vt 0.2734 0.8039
vt 0.2709 0.7353
vt 0.2734 0.7255
vt 0.2734 0.6765
vt 0.2709 0.6078
vt 0.2734 0.598
vt 0.2537 0.6765
vt 0.2685 0.6765
vt 0.2488 0.598
vt 0.2512 0.6667
vt 0.2488 0.6765
vt 0.2537 0.598
vt 0.3374 0.6765
vt 0.335 0.6078
vt 0.3374 0.598
vt 0.335 0.6863
vt 0.3325 0.6765
vt 0.3128 0.598
vt 0.3153 0.6667
vt 0.3128 0.6765
vt 0.335 0.5882
vt 0.3177 0.598
vt 0.3153 0.5882
vt 0.2217 0.7255
vt 0.2389 0.7353
vt 0.2192 0.8137
vt 0.2365 0.8039
vt 0.2389 0.8137
vt 0.2167 0.8039
vt 0.2192 0.7353
vt 0.2192 0.7941
vt 0.2167 0.598
vt 0.2192 0.6667
vt 0.2167 0.6765
vt 0.2389 0.5882
vt 0.2217 0.598
vt 0.2192 0.5882
vt 0.2389 0.6078
vt 0.2389 0.6863
vt 0.2217 0.6765
vt 0.2365 0.6765
vt 0.3374 0.8039
vt 0.335 0.7353
vt 0.3374 0.7255
vt 0.3153 0.8137
vt 0.3325 0.8039
vt 0.335 0.8137
vt 0.3128 0.7255
vt 0.3153 0.7941
vt 0.3128 0.8039
vt 0.3153 0.7157
vt 0.3325 0.7255
vt 0.3177 0.7255
vt 0.2833 0.6863
vt 0.3005 0.6765
vt 0.303 0.6863
vt 0.2808 0.598
vt 0.2833 0.6667
vt 0.2808 0.6765
vt 0.2857 0.598
vt 0.3054 0.598
vt 0.303 0.6667
vt 0.303 0.6078
vt 0.702 0.8039
vt 0.7143 0.7843
vt 0.8793 0.3824
vt 0.8768 0.3627
vt 0.8768 0.3824
vt 0.2857 0.7941
vt 0.8818 0.3627
vt 0.8793 0.3627
vt 0.8153 0.7549
vt 0.8202 0.7549
vt 0.2833 0.6961
vt 0.4039 0.4804
vt 0.4163 0.3431
vt 0.4163 0.4804
vt 0.8571 0.5392
vt 0.8547 0.5196
vt 0.8571 0.5196
vt 0.9039 0.527
vt 0.9064 0.3922
vt 0.9064 0.527
vt 0.3153 0.8235
vt 0.2685 0.7941
vt 0.2537 0.8039
vt 0.2537 0.7941
vt 0.7512 0.451
vt 0.8473 0.9902
vt 0.8448 0.9706
vt 0.4655 0.4804
vt 0.4778 0.3431
vt 0.4778 0.4804
vt 0.2143 0.598
vt 0.2537 0.7353
vt 0.2217 0.7353
vt 0.2365 0.7255
vt 0.2365 0.7353
vt 0.702 0.6373
vt 0.7143 0.6176
vt 0.3005 0.6667
vt 0.2857 0.6765
vt 0.2857 0.6667
vt 0.303 0.7941
vt 0.3005 0.7941
vt 0.2783 0.598
vt 0.335 0.6667
vt 0.2463 0.7255
vt 0.2488 0.7255
vt 0.8744 0.3824
vt 0.8744 0.3627
vt 0.2389 0.6667
vt 0.2365 0.6667
vt 0.8941 0.3235
vt 0.8966 0.2549
vt 0.8966 0.3235
vt 0.867 0.3235
vt 0.8695 0.2549
vt 0.867 0.2549
vt 0.702 0.3039
vt 0.7143 0.2843
vt 0.2463 0.598
vt 0.6527 0.4706
vt 0.8719 0.3235
vt 0.8744 0.2549
vt 0.8719 0.2549
vt 0.2685 0.7353
vt 0.2709 0.7941
vt 0.5271 0.3137
vt 0.5394 0.1765
vt 0.5394 0.3137
vt 0.6158 0.3824
vt 0.6158 0.402
vt 0.2685 0.6078
vt 0.2709 0.6667
vt 0.2685 0.6667
vt 0.7143 0.3824
vt 0.6527 0.5686
vt 0.6527 0.7353
vt 0.9064 0.6618
vt 0.9089 0.527
vt 0.9089 0.6618
vt 0.9409 0.5833
vt 0.9434 0.4093
vt 0.9434 0.5833
vt 0.5419 0.8039
vt 0.702 0.402
vt 0.6158 0.7843
vt 0.5419 0.6176
vt 0.9212 0.5833
vt 0.9236 0.4093
vt 0.9236 0.5833
vt 0.8695 0.7966
vt 0.8719 0.6618
vt 0.8695 0.6618
vt 0.7143 0.549
vt 0.5788 0.402
vt 0.2438 0.0882
vt 0.1897 0.1078
vt 0.1897 0.0882
vt 0.936 0.5833
vt 0.9384 0.4093
vt 0.9384 0.5833
vt 0.5788 0.2843
vt 0.5788 0.4706
vt 0.5788 0.7843
vt 0.6527 0.9706
vt 0.5788 0.451
vt 0.6158 0.3039
vt 0.9828 0.5833
vt 0.9852 0.4093
vt 0.9852 0.5833
vt 0.8818 0.6618
vt 0.8793 0.6618
vt 0.5419 0.2353
vt 0.5788 0.2353
vt 0.702 0.2353
vt 0.9286 0.9314
vt 0.931 0.9314
vt 0.2438 0.0294
vt 0.1897 0.049
vt 0.1897 0.0294
vt 0.6158 0.951
vt 0.7512 0.2157
vt 0.9951 0.5833
vt 0.9975 0.4093
vt 0.9975 0.5833
vt 0.9926 0.5833
vt 0.9951 0.4093
vt 0.7512 0.951
vt 0.5788 0.3824
vt 0.5419 0.4706
vt 0.6527 0.8039
vt 0.9015 0.6618
vt 0.9039 0.6618
vt 0.9163 0.5833
vt 0.6158 0.2353
vt 0.6158 0.451
vt 0.5788 0.8039
vt 0.5788 0.8824
vt 0.8744 0.7966
vt 0.8768 0.6618
vt 0.8744 0.6618
vt 0.9803 0.5833
vt 0.9828 0.4093
vt 0.6158 0.6373
vt 0.6158 0.5686
vt 0.9335 0.5833
vt 0.936 0.4093
vt 0.9286 0.5833
vt 0.931 0.4093
vt 0.5419 0.2843
vt 0.6158 0.549
vt 0.702 0.5686
vt 0.8916 0.6618
vt 0.8941 0.6618
vt 0.8966 0.527
vt 0.8966 0.6618
vt 0.7512 0.6176
vt 0.6527 0.902
vt 0.5788 0.5686
vt 0.702 0.902
vt 0.7143 0.8824
vt 0.9877 0.4093
vt 0.9877 0.5833
vt 0.8966 0.9314
vt 0.899 0.9314
vt 0.6158 0.902
vt 0.9187 0.4093
vt 0.9187 0.5833
vt 0.9261 0.4093
vt 0.9261 0.5833
vt 0.6527 0.2353
vt 0.5788 0.2157
vt 0.6527 0.3039
vt 0.7143 0.451
vt 0.9212 0.4093
vt 0.2438 0.1471
vt 0.1897 0.1667
vt 0.1897 0.1471
vt 0.6527 0.3824
vt 0.6158 0.2843
vt 0.8719 0.7966
vt 0.9606 0.5833
vt 0.9631 0.4093
vt 0.9631 0.5833
vt 0.9113 0.5833
vt 0.6158 0.2157
vt 0.5419 0.902
vt 0.5419 0.8824
vt 0.702 0.4706
vt 0.2438 0.0686
vt 0.1897 0.0686
vt 0.9409 0.4093
vt 0.6158 0.7157
vt 0.6527 0.6373
vt 0.5419 0.3824
vt 0.9507 0.5833
vt 0.9532 0.4093
vt 0.9532 0.5833
vt 0.8768 0.7966
vt 0.5788 0.7157
vt 0.5419 0.5686
vt 0.9901 0.5833
vt 0.9926 0.4093
vt 0.9655 0.5833
vt 0.968 0.4093
vt 0.968 0.5833
vt 0.702 0.7353
vt 0.6158 0.4706
vt 0.2438 0.1078
vt 0.1897 0.1275
vt 0.9483 0.5833
vt 0.9458 0.4093
vt 0.9458 0.5833
vt 0.9286 0.4093
vt 0.5788 0.549
vt 0.9704 0.5833
vt 0.9729 0.4093
vt 0.9729 0.5833
vt 0.9754 0.4093
vt 0.9754 0.5833
vt 0.5419 0.7843
vt 0.5419 0.9706
vt 0.5419 0.951
vt 0.7143 0.2157
vt 0.5419 0.549
vt 0.867 0.7966
vt 0.867 0.6618
vt 0.7512 0.8824
vt 0.8892 0.6618
vt 0.2438 0.1275
vt 0.6158 0.8824
vt 0.9163 0.9461
vt 0.8842 0.6618
vt 0.7512 0.7843
vt 0.9655 0.4093
vt 0.9015 0.527
vt 0.2438 0.0098
vt 0.1897 0.0098
vt 0.9901 0.4093
vt 0.9581 0.5833
vt 0.9606 0.4093
vt 0.9557 0.5833
vt 0.9581 0.4093
vt 0.6158 0.7353
vt 0.5419 0.2157
vt 0.5419 0.451
vt 0.9778 0.5833
vt 0.9803 0.4093
vt 0.9113 0.9314
vt 0.9138 0.9314
vt 0.8842 0.7966
vt 0.8867 0.6618
vt 0.2438 0.049
vt 0.5419 0.3039
vt 0.899 0.527
vt 0.9704 0.4093
vt 0.2512 0.7059
vt 0.2709 0.7059
vt 0.6158 0.6176
vt 0.8448 0.7402
vt 0.8448 0.549
vt 0.8473 0.549
vt 0.3424 0.5
vt 0.3547 0.5
vt 0.3547 0.5098
vt 0.8399 0.9314
vt 0.8424 0.9314
vt 0.8424 0.7402
vt 0.7944 0.6137
vt 0.7999 0.6664
vt 0.7944 0.7191
vt 0.768 0.7191
vt 0.7625 0.6664
vt 0.5271 0.9804
vt 0.5271 0.8431
vt 0.5394 0.8431
vt 0.7942 0.979
vt 0.7832 0.9877
vt 0.7722 0.979
vt 0.7629 0.9542
vt 0.7567 0.9171
vt 0.7629 0.7924
vt 0.7545 0.8733
vt 0.7567 0.8295
vt 0.7722 0.7676
vt 0.7832 0.7589
vt 0.7942 0.7676
vt 0.8098 0.8295
vt 0.8098 0.9171
vt 0.298 0.0098
vt 0.1429 0.8235
vt 0.2118 0.6667
vt 0.2118 0.7843
vt 0.1724 0.5098
vt 0.2709 0.8235
vt 0.2512 0.8235
vt 0.8522 0.9902
vt 0.3793 0.6765
vt 0.3793 0.6667
vt 0.3916 0.6667
vt 0.4901 0.6471
vt 0.4901 0.5098
vt 0.5025 0.5098
vt 0.4655 0.3235
vt 0.4532 0.3235
vt 0.4532 0.3137
vt 0.3793 0.3431
vt 0.4409 0.4804
vt 0.4409 0.3431
vt 0.4532 0.3431
vt 0.2783 0.8039
vt 0.2783 0.7255
vt 0.3793 0.1765
vt 0.3793 0.4804
vt 0.3916 0.3431
vt 0.3547 0.3333
vt 0.8695 0.3554
vt 0.8719 0.3578
vt 0.8719 0.348
vt 0.8596 0.7402
vt 0.8596 0.549
vt 0.8621 0.549
vt 0.9015 0.3431
vt 0.9015 0.3627
vt 0.899 0.3627
vt 0.4039 0.4902
vt 0.3916 0.4902
vt 0.3079 0.598
vt 0.3079 0.6765
vt 0.9458 0.951
vt 0.9434 0.951
vt 0.9434 0.9314
vt 0.367 0.9804
vt 0.367 0.8431
vt 0.3793 0.8431
vt 0.4655 0.6569
vt 0.4532 0.6569
vt 0.4532 0.6471
vt 0.3793 0.8137
vt 0.3916 0.6765
vt 0.4163 0.9902
vt 0.4039 0.9902
vt 0.4039 0.9804
vt 0.8818 0.9314
vt 0.8842 0.9314
vt 0.0074 0.0882
vt 0.0172 0.0882
vt 0.0172 0.1078
vt 0.5025 0.4804
vt 0.5025 0.3431
vt 0.5148 0.3431
vt 0.5025 0.3137
vt 0.5025 0.1765
vt 0.5148 0.1765
vt 0.3424 0.3333
vt 0.3005 0.1275
vt 0.298 0.1078
vt 0.3079 0.1078
vt 0.4039 0.6471
vt 0.4039 0.6569
vt 0.3916 0.6569
vt 0.4655 0.5
vt 0.4778 0.5
vt 0.4778 0.5098
vt 0.0813 0.1961
vt 0.0764 0.3137
vt 0.2685 0.8725
vt 0.2882 0.951
vt 0.4039 0.3137
vt 0.4039 0.1765
vt 0.4163 0.1765
vt 0.8941 0.3382
vt 0.8916 0.3358
vt 0.8916 0.3309
vt 0.4901 0.3333
vt 0.5025 0.3333
vt 0.5025 0.6471
vt 0.5148 0.5098
vt 0.8251 0.5123
vt 0.8276 0.5147
vt 0.8276 0.5049
vt 0.8399 0.5392
vt 0.8399 0.5196
vt 0.8374 0.5196
vt 0.5148 0.3137
vt 0.5271 0.1765
vt 0.3079 0.0686
vt 0.298 0.0686
vt 0.3005 0.049
vt 0.367 0.6569
vt 0.3547 0.6569
vt 0.3547 0.6471
vt 0.83 0.9314
vt 0.8325 0.9314
vt 0.8325 0.7402
vt 0.0616 0.0882
vt 0.0616 0.1078
vt 0.0271 0.1078
vt 0.8325 0.951
vt 0.83 0.951
vt 0.5025 0.9804
vt 0.5025 0.9902
vt 0.4901 0.9902
vt 0.8227 0.4804
vt 0.8251 0.4804
vt 0.8251 0.2549
vt 0.9606 0.2353
vt 0.9631 0.2353
vt 0.4286 0.8137
vt 0.4286 0.8235
vt 0.4163 0.8235
vt 0.367 0.6471
vt 0.367 0.5098
vt 0.3793 0.5098
vt 0.9335 0.4093
vt 0.9335 0.2353
vt 0.936 0.2353
vt 0.8522 0.7402
vt 0.8522 0.549
vt 0.8547 0.549
vt 0.5025 0.6569
vt 0.4901 0.6569
vt 0.0148 0.1275
vt 0.0099 0.1275
vt 0.3424 0.1667
vt 0.3547 0.1667
vt 0.3547 0.1765
vt 0.8498 0.4804
vt 0.8498 0.2549
vt 0.8522 0.2549
vt 0.3042 0.0294
vt 0.3054 0.049
vt 0.4532 0.5098
vt 0.4655 0.5098
vt 0.4778 0.8431
vt 0.4778 0.8333
vt 0.4901 0.8333
vt 0.5025 0.5
vt 0.5148 0.5
vt 0.2833 0.7353
vt 0.2857 0.8039
vt 0.2685 0.7255
vt 0.2685 0.598
vt 0.3153 0.6863
vt 0.3153 0.6078
vt 0.2389 0.7941
vt 0.2167 0.7255
vt 0.2192 0.6078
vt 0.2365 0.598
vt 0.2192 0.6863
vt 0.3177 0.8039
vt 0.3153 0.7353
vt 0.335 0.7157
vt 0.2833 0.6078
vt 0.3054 0.6765
vt 0.0099 0.049
vt 0.0148 0.049
vt 0.0172 0.0686
vt 0.367 0.8333
vt 0.8522 0.4804
vt 0.8547 0.4807
vt 0.8547 0.5
vt 0.3424 0.6569
vt 0.2143 0.8039
vt 0.2143 0.7255
vt 0.0074 0.049
vt 0.0025 0.049
vt 0.0025 0.0294
vt 0.0197 0.049
vt 0.0246 0.049
vt 0.835 0.9314
vt 0.835 0.951
vt 0.8374 0.9461
vt 0.4039 0.1667
vt 0.4163 0.1667
vt 0.298 0.049
vt 0.3177 0.1078
vt 0.3079 0.0882
vt 0.5394 0.6471
vt 0.5394 0.6569
vt 0.5271 0.6569
vt 0.8571 0.4804
vt 0.8571 0.5
vt 0.4778 0.4902
vt 0.4655 0.4902
vt 0.9852 0.2353
vt 0.9877 0.2353
vt 0.3916 0.8137
vt 0.4039 0.6765
vt 0.9655 0.2353
vt 0.968 0.2353
vt 0.4409 0.8137
vt 0.4409 0.6765
vt 0.4532 0.6765
vt 0.298 0.1275
vt 0.298 0.1471
vt 0.8941 0.3824
vt 0.8916 0.3824
vt 0.8916 0.3627
vt 0.9828 0.9559
vt 0.9828 0.9657
vt 0.9803 0.9632
vt 0.0714 0.0686
vt 0.0739 0.049
vt 0.0788 0.049
vt 0.4163 0.3333
vt 0.4286 0.3333
vt 0.4286 0.3431
vt 0.9089 0.3922
vt 0.9236 0.2353
vt 0.9261 0.2353
vt 0.3424 0.8137
vt 0.3424 0.6765
vt 0.3547 0.6765
vt 0.5025 0.4902
vt 0.4901 0.4902
vt 0.8251 0.9902
vt 0.8251 0.9706
vt 0.8227 0.9706
vt 0.9064 0.9902
vt 0.9039 0.9902
vt 0.9039 0.9706
vt 0.8571 0.9902
vt 0.8547 0.9902
vt 0.8547 0.9706
vt 0.0197 0.1275
vt 0.0246 0.1275
vt 0.0234 0.1471
vt 0.4409 0.3333
vt 0.4532 0.3333
vt 0.4655 0.3333
vt 0.899 0.3235
vt 0.899 0.2549
vt 0.9015 0.2549
vt 0.3547 0.8137
vt 0.3547 0.8235
vt 0.3424 0.8235
vt 0.367 0.6765
vt 0.5148 0.3333
vt 0.5271 0.3333
vt 0.5271 0.3431
vt 0.9039 0.3235
vt 0.9064 0.2549
vt 0.9064 0.3235
vt 0.3177 0.7941
vt 0.3177 0.7353
vt 0.8842 0.3235
vt 0.8867 0.2549
vt 0.8842 0.2549
vt 0.8276 0.9902
vt 0.8596 0.2549
vt 0.8596 0.4804
vt 0.3793 0.9804
vt 0.3916 0.8431
vt 0.3916 0.9804
vt 0.1527 0.3333
vt 0.7512 0.3824
vt 0.2192 0.8235
vt 0.8276 0.9314
vt 0.83 0.7402
vt 0.8276 0.7402
vt 0.8202 0.6373
vt 0.8153 0.5784
vt 0.8374 0.7402
vt 0.835 0.7402
vt 0.4286 0.9804
vt 0.4409 0.8431
vt 0.4409 0.9804
vt 0.9015 0.3235
vt 0.9039 0.2549
vt 0.8424 0.5392
vt 0.0616 0.3431
vt 0.0616 0.5
vt 0.8966 0.3824
vt 0.8941 0.3627
vt 0.8966 0.3627
vt 0.3202 0.049
vt 0.3177 0.0686
vt 0.3177 0.049
vt 0.2759 0.6765
vt 0.4039 0.8137
vt 0.4163 0.6765
vt 0.4163 0.8137
vt 0.7512 0.2843
vt 0.0616 0.049
vt 0.0271 0.0686
vt 0.0271 0.049
vt 0.8719 0.9314
vt 0.8276 0.4804
vt 0.8276 0.2549
vt 0.3103 0.7255
vt 0.3399 0.8039
vt 0.8941 0.9902
vt 0.8941 0.9706
vt 0.9901 0.2353
vt 0.4163 0.5098
vt 0.4163 0.6471
vt 0.4901 0.9804
vt 0.5025 0.8431
vt 0.9015 0.3824
vt 0.9089 0.3824
vt 0.9064 0.3627
vt 0.9089 0.3627
vt 0.7512 0.549
vt 0.9015 0.3922
vt 0.8744 0.9314
vt 0.9778 0.4093
vt 0.9803 0.2353
vt 0.8695 0.9314
vt 0.9212 0.2353
vt 0.9286 0.2353
vt 0.4778 0.6471
vt 0.5148 0.6471
vt 0.8498 0.7402
vt 0.3793 0.6471
vt 0.5394 0.9804
vt 0.5788 0.7353
vt 0.8645 0.9902
vt 0.8621 0.9706
vt 0.8645 0.9706
vt 0.8966 0.3922
vt 0.5148 0.4804
vt 0.5271 0.4804
vt 0.9039 0.3922
vt 0.5419 0.6373
vt 0.2192 0.6961
vt 0.8768 0.9314
vt 0.3153 0.6961
vt 0.9532 0.2353
vt 0.0074 0.1667
vt 0.0025 0.1471
vt 0.0074 0.1471
vt 0.367 0.8137
vt 0.4409 0.6471
vt 0.9409 0.2353
vt 0.3202 0.0882
vt 0.3177 0.0882
vt 0.5394 0.3431
vt 0.5394 0.4804
vt 0.8448 0.4804
vt 0.8473 0.2549
vt 0.8473 0.4804
vt 0.1527 0.1961
vt 0.1478 0.3137
vt 0.1478 0.1961
vt 0.8867 0.7966
vt 0.9828 0.2353
vt 0.8744 0.3235
vt 0.8768 0.2549
vt 0.8374 0.9314
vt 0.8399 0.7402
vt 0.3103 0.598
vt 0.9064 0.3824
vt 0.9039 0.3627
vt 0.835 0.5392
vt 0.835 0.5196
vt 0.4163 0.3137
vt 0.3424 0.3137
vt 0.8227 0.2549
vt 0.4286 0.3137
vt 0.4409 0.1765
vt 0.4409 0.3137
vt 0.3793 0.3137
vt 0.8522 0.9706
vt 0.3916 0.3137
vt 0.3916 0.3235
vt 0.4655 0.3431
vt 0.4655 0.8235
vt 0.4532 0.8137
vt 0.4655 0.8137
vt 0.3424 0.1765
vt 0.4409 0.6569
vt 0.4286 0.6471
vt 0.4409 0.6667
vt 0.4532 0.6667
vt 0.3424 0.6471
vt 0.4655 0.6471
vt 0.4039 0.5098
vt 0.4163 0.5
vt 0.4163 0.9804
vt 0.3916 0.3333
vt 0.4039 0.3431
vt 0.3916 0.4804
vt 0.4901 0.3431
vt 0.4778 0.9804
vt 0.3793 0.8333
vt 0.367 0.4902
vt 0.367 0.3333
vt 0.4409 0.8235
vt 0.5271 0.6471
vt 0.5148 0.4902
vt 0.3793 0.3235
vt 0.3916 0.1667
vt 0.3916 0.1765
vt 0.4901 0.4804
vt 0.8227 0.9902
vt 0.3547 0.9804
vt 0.5148 0.6765
vt 0.5148 0.8137
vt 0.4532 0.4804
vt 0.4532 0.9804
vt 0.4655 0.8431
vt 0.4655 0.9804
vt 0.5271 0.8137
vt 0.5394 0.6765
vt 0.5394 0.8137
vt 0.2389 0.5784
vt 0.4655 0.3137
vt 0.4778 0.1765
vt 0.4778 0.3137
vt 0.4532 0.1765
vt 0.3916 0.8333
vt 0.4039 0.8431
vt 0.4901 0.8431
vt 0.4655 0.9902
vt 0.4286 0.5098
vt 0.4286 0.5
vt 0.3424 0.3431
vt 0.3424 0.3235
vt 0.4286 0.6667
vt 0.4409 0.3235
vt 0.4286 0.8431
vt 0.4163 0.8333
vt 0.4286 0.8333
vt 0.4163 0.3235
vt 0.3916 0.5
vt 0.3916 0.5098
vt 0.3916 0.6471
vt 0.4778 0.6765
vt 0.4901 0.6667
vt 0.4901 0.6765
vt 0.367 0.5
vt 0.5271 0.4902
vt 0.367 0.3235
vt 0.4409 0.5
vt 0.4409 0.5098
vt 0.4409 0.4902
vt 0.5394 0.5098
vt 0.5271 0.5
vt 0.5394 0.5
vt 0.5271 0.6667
vt 0.5271 0.6765
vt 0.5271 0.5098
vt 0.5148 0.9902
vt 0.5148 0.9804
vt 0.5025 0.8235
vt 0.4901 0.5
vt 0.3793 0.6569
vt 0.3202 0.1275
vt 0.3177 0.1275
vt 0.4655 0.6765
vt 0.8892 0.3627
vt 0.9458 0.2353
vt 0.4532 0.8431
vt 0.8842 0.9902
vt 0.8818 0.9902
vt 0.5025 0.6667
vt 0.4655 0.6667
vt 0.4163 0.6667
vt 0.4655 0.8333
vt 0.3424 0.5098
vt 0.4409 0.9902
vt 0.4286 0.1765
vt 0.4409 0.1667
vt 0.4286 0.4804
vt 0.4286 0.6765
vt 0.4532 0.9902
vt 0.4039 0.3235
vt 0.4901 0.8235
vt 0.4778 0.8137
vt 0.4901 0.1667
vt 0.4901 0.1765
vt 0.5025 0.8333
vt 0.5148 0.8431
vt 0.5148 0.6569
vt 0.3547 0.6667
vt 0.367 0.8235
vt 0.3424 0.6667
vt 0.9015 0.9314
vt 0.899 0.951
vt 0.5271 0.9902
vt 0.5148 0.6667
vt 0.5148 0.8235
vt 0.3793 0.9902
vt 0.3916 0.8235
vt 0.3793 0.8235
vt 0.835 0.4804
vt 0.8374 0.2549
vt 0.8153 0.8725
vt 0.4655 0.1667
vt 0.4655 0.1765
vt 0.4163 0.6569
vt 0.4286 0.9902
vt 0.4409 0.8333
vt 0.4532 0.8333
vt 0.4163 0.4902
vt 0.4163 0.8431
vt 0.5025 0.1667
vt 0.3547 0.8333
vt 0.367 0.1667
vt 0.3424 0.8333
vt 0.3547 0.8431
vt 0.3424 0.8431
vt 0.3424 0.4902
vt 0.5271 0.8333
vt 0.5271 0.3235
vt 0.5148 0.8333
vt 0.5148 0.3235
vt 0.3793 0.1667
vt 0.3916 0.9902
vt 0.8202 0.6961
vt 0.8153 0.6373
vt 0.0764 0.1961
vt 0.8473 0.7402
vt 0.8374 0.5392
vt 0.4901 0.3235
vt 0.4901 0.3137
vt 0.3424 0.9902
vt 0.3424 0.9804
vt 0.5025 0.3235
vt 0.367 0.9902
vt 0.3547 0.4902
vt 0.5271 0.8235
vt 0.5271 0.1667
vt 0.5148 0.1667
vt 0.867 0.9314
vt 0.9064 0.9387
vt 0.9089 0.9412
vt 0.9064 0.9436
vt 0.3399 0.6765
vt 0.8621 0.4877
vt 0.8596 0.4951
vt 0.8596 0.4853
vt 0.8892 0.9412
vt 0.8916 0.9387
vt 0.8916 0.9436
vt 0.8374 0.9363
vt 0.8818 0.9461
vt 0.8818 0.9363
vt 0.8621 0.9387
vt 0.8596 0.9461
vt 0.8596 0.9363
vt 0.8867 0.9902
vt 0.8842 0.9706
vt 0.8719 0.9559
vt 0.8744 0.9706
vt 0.8744 0.951
vt 0.9064 0.9583
vt 0.9089 0.9608
vt 0.9064 0.9632
vt 0.8596 0.9559
vt 0.8621 0.9632
vt 0.8596 0.9657
vt 0.8966 0.3431
vt 0.8941 0.3284
vt 0.8522 0.951
vt 0.8547 0.951
vt 0.8498 0.9559
vt 0.8473 0.9632
vt 0.8473 0.9583
vt 0.8892 0.9608
vt 0.8916 0.9583
vt 0.8916 0.9632
vt 0.9089 0.2549
vt 0.9089 0.3235
vt 0.9015 0.9902
vt 0.9015 0.9706
vt 0.5419 0.402
vt 0.899 0.9706
vt 0.2783 0.1961
vt 0.8842 0.9387
vt 0.8842 0.9436
vt 0.8867 0.9412
vt 0.8719 0.3627
vt 0.9064 0.3309
vt 0.9039 0.3382
vt 0.9039 0.3284
vt 0.8522 0.9314
vt 0.8547 0.9316
vt 0.867 0.9412
vt 0.8695 0.9436
vt 0.8695 0.9387
vt 0.8571 0.951
vt 0.8498 0.9461
vt 0.8498 0.9363
vt 0.8473 0.9387
vt 0.5419 0.7353
vt 0.8941 0.9559
vt 0.8966 0.9706
vt 0.8941 0.9657
vt 0.8842 0.9583
vt 0.8842 0.9632
vt 0.8867 0.9608
vt 0.9039 0.9559
vt 0.8498 0.9657
vt 0.9163 0.9559
vt 0.9187 0.9706
vt 0.9163 0.9657
vt 0.867 0.9608
vt 0.8695 0.9632
vt 0.8695 0.9583
vt 0.8892 0.527
vt 0.8916 0.3922
vt 0.8966 0.9902
vt 0.8744 0.9902
vt 0.8768 0.9706
vt 0.0025 0.1275
vt 0.0074 0.1275
vt 0.0616 0.0294
vt 0.202 0.3137
vt 0.2069 0.1961
vt 0.2069 0.3137
vt 0.9434 0.2353
vt 0.8498 0.5392
vt 0.8473 0.5196
vt 0.8498 0.5196
vt 0.8522 0.5
vt 0.8498 0.4853
vt 0.202 0.1961
vt 0.9212 0.9706
vt 0.9212 0.951
vt 0.0111 0.1471
vt 0.0135 0.1471
vt 0.314 0.1471
vt 0.3103 0.1275
vt 0.3153 0.1275
vt 0.0074 0.0686
vt 0.0123 0.1667
vt 0.8941 0.9461
vt 0.8941 0.9363
vt 0.0111 0.0294
vt 0.0123 0.0098
vt 0.0135 0.0294
vt 0.0616 0.0686
vt 0.0714 0.0882
vt 0.8768 0.3235
vt 0.8793 0.2549
vt 0.0209 0.0294
vt 0.0222 0.0098
vt 0.0234 0.0294
vt 0.0271 0.0882
vt 0.9852 0.951
vt 0.9828 0.9363
vt 0.9852 0.9314
vt 0.0222 0.1667
vt 0.0209 0.1471
vt 0.0739 0.1275
vt 0.0776 0.1471
vt 0.0751 0.1471
vt 0.0813 0.0882
vt 0.2291 0.3333
vt 0.8498 0.549
vt 0.8621 0.7402
vt 0.8645 0.549
vt 0.8645 0.7402
vt 0.8768 0.9902
vt 0.8695 0.9902
vt 0.867 0.9706
vt 0.867 0.9902
vt 0.0751 0.0294
vt 0.0764 0.0098
vt 0.0776 0.0294
vt 0.069 0.1275
vt 0.064 0.1275
vt 0.0677 0.1471
vt 0.0653 0.1471
vt 0.0665 0.1667
vt 0.8596 0.5049
vt 0.0714 0.1078
vt 0.0653 0.0294
vt 0.0665 0.0098
vt 0.0677 0.0294
vt 0.298 0.0294
vt 0.8571 0.9706
vt 0.9803 0.9583
vt 0.0764 0.1667
vt 0.0813 0.0686
vt 0.3103 0.049
vt 0.314 0.0294
vt 0.3153 0.049
vt 0.9064 0.9706
vt 0.2438 0.1667
vt 0.9187 0.9902
vt 0.8621 0.5123
vt 0.8621 0.5074
vt 0.3128 0.0098
vt 0.3116 0.0294
vt 0.3128 0.1667
vt 0.3116 0.1471
vt 0.0074 0.1078
vt 0.1527 0.1765
vt 0.1773 0.1765
vt 0.298 0.0882
vt 0.3017 0.0294
vt 0.303 0.0098
vt 0.8547 0.4804
vt 0.3042 0.1471
vt 0.303 0.1667
vt 0.3017 0.1471
vt 0.8153 0.6961
vt 0.8547 0.7402
vt 0.8645 0.4902
vt 0.8621 0.4926
vt 0.0616 0.1471
vt 0.0271 0.1667
vt 0.899 0.3431
vt 0.9483 0.9559
vt 0.9507 0.9632
vt 0.9483 0.9657
vt 0.9458 0.9314
vt 0.8448 0.4902
vt 0.8473 0.4877
vt 0.8473 0.4926
vt 0.9409 0.951
vt 0.9384 0.9363
vt 0.9409 0.9314
vt 0.3054 0.1275
vt 0.83 0.5196
vt 0.83 0.5
vt 0.8645 0.5098
vt 0.8695 0.3505
vt 0.8744 0.3431
vt 0.9236 0.951
vt 0.8251 0.5074
vt 0.8448 0.5098
vt 0.8473 0.5074
vt 0.8473 0.5123
vt 0.8276 0.5392
vt 0.8251 0.5196
vt 0.8251 0.5392
vt 0.0025 0.0882
vt 0.8522 0.5392
vt 0.8522 0.5196
vt 0.7143 0.7157
vt 0.9557 0.4093
vt 0.9581 0.2353
vt 0.2833 0.8235
vt 0.8399 0.4877
vt 0.8399 0.4926
vt 0.8424 0.4902
vt 0.202 0.1765
vt 0.8473 0.5392
vt 0.8448 0.5196
vt 0.8768 0.3431
vt 0.8769 0.3238
vt 0.899 0.9316
vt 0.8227 0.4902
vt 0.8251 0.4926
vt 0.8251 0.4877
vt 0.8719 0.3284
vt 0.8719 0.3382
vt 0.8276 0.4853
vt 0.8276 0.9461
vt 0.8251 0.9387
vt 0.8251 0.9436
vt 0.8399 0.5074
vt 0.8399 0.5123
vt 0.8424 0.5098
vt 0.9852 0.9706
vt 0.064 0.049
vt 0.069 0.049
vt 0.8227 0.5098
vt 0.2291 0.1765
vt 0.2537 0.1765
vt 0.9384 0.2353
vt 0.8399 0.4804
vt 0.8424 0.2549
vt 0.8399 0.2549
vt 0.0025 0.0686
vt 0.867 0.3627
vt 0.867 0.3824
vt 0.9483 0.2353
vt 0.8621 0.2549
vt 0.8645 0.9412
vt 0.8621 0.9436
vt 0.8227 0.5196
vt 0.8227 0.5392
vt 0.8719 0.9461
vt 0.8325 0.5
vt 0.8325 0.4807
vt 0.8448 0.9412
vt 0.8473 0.9436
vt 0.8276 0.9363
vt 0.9631 0.951
vt 0.9606 0.9363
vt 0.9631 0.9314
vt 0.8399 0.9387
vt 0.3202 0.1471
vt 0.3177 0.1667
vt 0.3177 0.1471
vt 0.8276 0.9559
vt 0.8276 0.9657
vt 0.8621 0.9583
vt 0.8645 0.9608
vt 0.9409 0.9706
vt 0.9384 0.9559
vt 0.835 0.9706
vt 0.8374 0.9559
vt 0.8966 0.951
vt 0.8251 0.9632
vt 0.8251 0.9583
vt 0.8448 0.9608
vt 0.8793 0.3235
vt 0.8818 0.2549
vt 0.8325 0.5196
vt 0.8325 0.5392
vt 0.83 0.5392
vt 0.0813 0.5098
vt 0.0813 0.6667
vt 0.9975 0.2353
vt 0.8596 0.5196
vt 0.8374 0.4804
vt 0.8399 0.9436
vt 0.8424 0.9412
vt 0.8793 0.951
vt 0.8768 0.951
vt 0.9039 0.9461
vt 0.9039 0.9363
vt 0.8227 0.9412
vt 0.8719 0.9363
vt 0.9015 0.951
vt 0.8695 0.3309
vt 0.8695 0.3358
vt 0.2759 0.8039
vt 0.8399 0.9583
vt 0.8399 0.9632
vt 0.8424 0.9608
vt 0.8818 0.9559
vt 0.8818 0.9657
vt 0.8227 0.9608
vt 0.835 0.9902
vt 0.8325 0.9902
vt 0.8941 0.2549
vt 0.8276 0.5196
vt 0.9187 0.2353
vt 0.8399 0.9902
vt 0.8374 0.9706
vt 0.8374 0.9902
vt 0.9951 0.9387
vt 0.9975 0.9412
vt 0.9951 0.9436
vt 0.9926 0.2353
vt 0.9901 0.951
vt 0.9877 0.9706
vt 0.9877 0.951
vt 0.9138 0.9387
vt 0.9877 0.9314
vt 0.9901 0.9314
vt 0.9778 0.9412
vt 0.9803 0.9387
vt 0.9803 0.9436
vt 0.9926 0.9363
vt 0.9261 0.9559
vt 0.9236 0.9706
vt 0.9384 0.9902
vt 0.936 0.9706
vt 0.9384 0.9706
vt 0.8374 0.4853
vt 0.8374 0.4951
vt 0.9951 0.9583
vt 0.9975 0.9608
vt 0.9951 0.9632
vt 0.9926 0.9559
vt 0.9901 0.9706
vt 0.9606 0.9461
vt 0.9581 0.9387
vt 0.9778 0.9608
vt 0.968 0.9706
vt 0.9655 0.9902
vt 0.9655 0.9706
vt 0.9434 0.9902
vt 0.9409 0.9902
vt 0.9631 0.9706
vt 0.9606 0.9902
vt 0.9606 0.9706
vt 0.9631 0.9902
vt 0.9951 0.9706
vt 0.9926 0.9902
vt 0.9926 0.9706
vt 0.9803 0.9706
vt 0.9828 0.9902
vt 0.9803 0.9902
vt 0.9212 0.9902
vt 0.8276 0.9706
vt 0.335 0.5784
vt 0.9089 0.9902
vt 0.9089 0.9706
vt 0.9729 0.9387
vt 0.9754 0.9412
vt 0.9729 0.9436
vt 0.8424 0.9902
vt 0.8399 0.9706
vt 0.9951 0.2353
vt 0.9877 0.9316
vt 0.9286 0.9387
vt 0.9261 0.9461
vt 0.9261 0.9363
vt 0.9212 0.9316
vt 0.9557 0.9412
vt 0.9581 0.9436
vt 0.8941 0.348
vt 0.8941 0.3578
vt 0.9704 0.9461
vt 0.9704 0.9363
vt 0.9163 0.9902
vt 0.9138 0.9706
vt 0.9163 0.9706
vt 0.9926 0.9461
vt 0.9729 0.9583
vt 0.9754 0.9608
vt 0.9729 0.9632
vt 0.9704 0.9559
vt 0.9704 0.9657
vt 0.9828 0.9461
vt 0.9655 0.951
vt 0.9286 0.9632
vt 0.9286 0.9583
vt 0.9557 0.9608
vt 0.9581 0.9583
vt 0.9581 0.9632
vt 0.9975 0.9902
vt 0.9951 0.9902
vt 0.9507 0.9706
vt 0.9532 0.9902
vt 0.9507 0.9902
vt 0.9901 0.9902
vt 0.9581 0.9706
vt 0.9557 0.9902
vt 0.9557 0.9706
vt 0.9729 0.9706
vt 0.9704 0.9902
vt 0.9704 0.9706
vt 0.9261 0.9902
vt 0.9236 0.9902
vt 0.9335 0.9902
vt 0.9335 0.9706
vt 0.8227 0.9314
vt 0.8227 0.7402
vt 0.8571 0.2549
vt 0.9729 0.2353
vt 0.9507 0.9387
vt 0.9532 0.9412
vt 0.9507 0.9436
vt 0.8719 0.9706
vt 0.8719 0.9902
vt 0.9434 0.9706
vt 0.9434 0.9316
vt 0.9335 0.9412
vt 0.936 0.9387
vt 0.936 0.9436
vt 0.8842 0.3554
vt 0.8818 0.348
vt 0.8818 0.3578
vt 0.9483 0.9363
vt 0.9483 0.9461
vt 0.9286 0.9706
vt 0.9261 0.9706
vt 0.8276 0.4951
vt 0.9507 0.9583
vt 0.9532 0.9608
vt 0.9606 0.9559
vt 0.9458 0.9706
vt 0.8793 0.3431
vt 0.936 0.9632
vt 0.936 0.9583
vt 0.9335 0.9608
vt 0.9778 0.9902
vt 0.9778 0.9706
vt 0.9877 0.9902
vt 0.9483 0.9902
vt 0.9483 0.9706
vt 0.968 0.9902
vt 0.9754 0.2353
vt 0.8621 0.9902
vt 0.8596 0.9706
vt 0.8547 0.2549
vt 0.931 0.9412
vt 0.9286 0.9436
vt 0.968 0.951
vt 0.9655 0.9314
vt 0.968 0.9314
vt 0.9236 0.9314
vt 0.9212 0.9314
vt 0.9113 0.9412
vt 0.9138 0.9436
vt 0.0788 0.1275
vt 0.8374 0.9657
vt 0.931 0.9608
vt 0.9138 0.9583
vt 0.9138 0.9632
vt 0.9113 0.9608
vt 0.9754 0.9902
vt 0.9754 0.9706
vt 0.9113 0.9706
vt 0.9138 0.9902
vt 0.9113 0.9902
vt 0.9828 0.9706
vt 0.9458 0.9902
vt 0.931 0.9706
vt 0.9286 0.9902
vt 0.9704 0.2353
vt 0.8251 0.9314
vt 0.9113 0.4093
vt 0.9138 0.2353
vt 0.8571 0.549
vt 0.9089 0.3333
vt 0.9064 0.3358
vt 0.335 0.7059
vt 0.8498 0.4951
vt 0.8892 0.3333
vt 0.9384 0.9461
vt 0.8818 0.3284
vt 0.8818 0.3382
vt 0.8842 0.3309
vt 0.8645 0.5196
vt 0.8621 0.5392
vt 0.8621 0.5196
vt 0.9064 0.3505
vt 0.9089 0.3529
vt 0.9064 0.3554
vt 0.8498 0.5049
vt 0.8498 0.5147
vt 0.8374 0.5049
vt 0.8374 0.5147
vt 0.8892 0.3529
vt 0.8916 0.3505
vt 0.8916 0.3554
vt 0.899 0.3922
vt 0.0025 0.1078
vt 0.931 0.2353
vt 0.8695 0.9706
vt 0.8842 0.3358
vt 0.8867 0.3333
vt 0.9655 0.9316
vt 0.867 0.3333
vt 0.835 0.5
vt 0.8695 0.3235
vt 0.8842 0.3505
vt 0.8867 0.3529
vt 0.9039 0.348
vt 0.867 0.3529
vt 0.8818 0.3235
vt 0.0813 0.8235
vt 0.2783 0.1765
vt 0.3079 0.8039
vt 0.5394 0.3235
vt 0.5394 0.8333
vt 0.5394 0.3333
vt 0.0813 0.1078
vt 0.4039 0.5
vt 0.4532 0.8235
vt 0.3793 0.4902
vt 0.3793 0.3333
vt 0.9039 0.3824
vt 0.9778 0.2353
vt 0.4286 0.6569
vt 0.4039 0.8333
vt 0.4778 0.3333
vt 0.8892 0.3922
vt 0.4039 0.6667
vt 0.9039 0.9657
vt 0.4532 0.5
vt 0.8448 0.2549
vt 0.4778 0.6569
vt 0.3202 0.0686
vt 0.8867 0.9706
vt 0.4778 0.1667
vt 0.899 0.9902
vt 0.899 0.3824
vt 0.2389 0.8235
vt 0.8596 0.5147
vt 0.3793 0.5
vt 0.367 0.6667
vt 0.3103 0.6765
vt 0.4532 0.1667
vt 0.3202 0.1078
vt 0.5394 0.8235
vt 0.4778 0.8235
vt 0.5394 0.1667
vt 0.3547 0.9902
vt 0.335 0.8235
vt 0.2783 0.6765
vt 0.2833 0.5784
vt 0.8818 0.3824
vt 0.8153 0.9902
vt 0.2192 0.7059
vt 0.8867 0.3627
vt 0.3103 0.8039
vt 0.4532 0.4902
vt 0.8325 0.9316
vt 0.4039 0.8235
vt 0.4778 0.3235
vt 0.2463 0.8039
vt 0.0025 0.5098
vt 0.8719 0.9657
vt 0.5419 0.7157
vt 0.2512 0.5784
vt 0.3202 0.0098
vt 0.2463 0.6765
vt 0.0025 0.3431
vt 0.8892 0.2549
vt 0.8547 0.5392
vt 0.4286 0.1667
vt 0.298 0.5
vt 0.2143 0.6765
vt 0.2438 0.598
vt 0.5394 0.9902
vt 0.4286 0.4902
vt 0.4039 0.3333
vt 0.0616 0.1667
vt 0.4778 0.6667
vt 0.8448 0.9902
vt 0.303 0.6961
vt 0.8892 0.9902
vt 0.2833 0.7059
vt 0.2438 0.7255
vt 0.2709 0.6961
vt 0.298 0.1667
vt 0.335 0.6961
vt 0.1355 0.1078
vt 0.1355 0.0882
vt 0.9704 0.7574
vt 0.9704 0.9314
vt 0.9384 0.9314
vt 0.9409 0.7574
vt 0.936 0.7574
vt 0.9384 0.7574
vt 0.9163 0.9314
vt 0.9187 0.7574
vt 0.9803 0.7574
vt 0.9828 0.7574
vt 0.9828 0.9314
vt 0.9852 0.7574
vt 0.1355 0.049
vt 0.1355 0.0294
vt 0.0025 0.1667
vt 0.9236 0.7574
vt 0.9261 0.7574
vt 0.8695 0.527
vt 0.8719 0.3922
vt 0.8695 0.3922
vt 0.9729 0.9314
vt 0.9754 0.7574
vt 0.9754 0.9314
vt 0.9951 0.7574
vt 0.9975 0.7574
vt 0.9951 0.9314
vt 0.9975 0.9314
vt 0.8621 0.9314
vt 0.8645 0.9314
vt 0.1355 0.1471
vt 0.0813 0.1667
vt 0.0813 0.1471
vt 0.5394 0.6667
vt 0.8892 0.9314
vt 0.8916 0.7966
vt 0.8916 0.9314
vt 0.0813 0.1275
vt 0.9507 0.9314
vt 0.9532 0.7574
vt 0.9532 0.9314
vt 0.8941 0.7966
vt 0.8941 0.9314
vt 0.8498 0.9314
vt 0.9655 0.7574
vt 0.8325 0.549
vt 0.83 0.549
vt 0.2759 0.598
vt 0.9015 0.7966
vt 0.9212 0.7574
vt 0.8768 0.527
vt 0.8744 0.527
vt 0.867 0.527
vt 0.867 0.3922
vt 0.9803 0.9314
vt 0.9729 0.7574
vt 0.936 0.9314
vt 0.8842 0.527
vt 0.8867 0.3922
vt 0.8842 0.3922
vt 0.8793 0.527
vt 0.9778 0.9314
vt 0.9606 0.9314
vt 0.9631 0.7574
vt 0.8818 0.3922
vt 0.8793 0.3922
vt 0.9877 0.7574
vt 0.9064 0.9314
vt 0.9089 0.7966
vt 0.9089 0.9314
vt 0.8867 0.9314
vt 0.2389 0.6961
vt 0.9926 0.7574
vt 0.8818 0.527
vt 0.9039 0.7966
vt 0.9039 0.9314
vt 0.8596 0.9314
vt 0.9778 0.7574
vt 0.8374 0.549
vt 0.835 0.549
vt 0.968 0.7574
vt 0.9507 0.7574
vt 0.4286 0.3235
vt 0.8867 0.527
vt 0.8768 0.3922
vt 0.8744 0.3922
vt 0.9606 0.7574
vt 0.8892 0.3824
vt 0.8719 0.527
vt 0.9901 0.7574
vt 0.3547 0.3235
vt 0.5394 0.4902
vt 0.3399 0.598
vt 0.9458 0.7574
vt 0.9483 0.7574
vt 0.9163 0.7574
vt 0.0813 0.049
vt 0.0813 0.0294
vt 0.1355 0.1667
vt 0.9926 0.9314
vt 0.8399 0.549
vt 0.4778 0.9902
vt 0.9483 0.9314
vt 0.9335 0.7574
vt 0.9335 0.9314
vt 0.1355 0.1275
vt 0.9261 0.9314
vt 0.8473 0.9314
vt 0.2192 0.5784
vt 0.8424 0.5196
vt 0.8892 0.7966
vt 0.9064 0.7966
vt 0.1355 0.0686
vt 0.8867 0.3235
vt 0.9434 0.7574
vt 0.3399 0.7255
vt 0.9581 0.7574
vt 0.8227 0.549
vt 0.9581 0.9314
vt 0.8448 0.9314
vt 0.8424 0.549
vt 0.1355 0.0098
vt 0.0813 0.0098
vt 0.9557 0.9314
vt 0.9557 0.2353
vt 0.9557 0.7574
vt 0.303 0.8235
vt 0.8448 0.5392
vt 0.8424 0.4804
vt 0.899 0.3238
vt 0.3202 0.1667
vt 0.9384 0.9657
vt 0.8596 0.5392
vt 0.8769 0.9316
vt 0.2759 0.7255
vt 0.9261 0.9657
vt 0.936 0.9902
vt 0.9926 0.9657
vt 0.3153 0.5784
vt 0.8424 0.9706
vt 0.9975 0.9706
vt 0.9532 0.9706
vt 0.9581 0.9902
vt 0.9729 0.9902
vt 0.9606 0.9657
vt 0.9852 0.9902
vt 0.8596 0.9902
vt 0.931 0.9902
vt 0.9113 0.2353
vt 0.3153 0.7059
vt 0.8645 0.5392
vt 0.9039 0.3578
vt 0.3079 0.7255
s 1
f 613/1 648/2 615/3
f 173/4 138/5 140/6
f 550/7 581/8 548/9
f 142/10 173/4 140/6
f 348/11 380/12 346/13
f 75/14 107/15 109/16
f 78/17 110/18 76/19
f 554/20 586/21 552/22
f 145/23 181/24 147/25
f 590/26 554/20 556/27
f 488/28 524/29 522/30
f 94/31 126/32 92/33
f 183/34 151/35 149/36
f 58/37 22/38 24/39
f 22/38 54/40 20/41
f 324/42 288/43 290/44
f 663/45 631/46 629/47
f 329/48 297/49 295/50
f 188/51 152/52 154/53
f 294/54 326/55 292/56
f 115/57 83/58 81/59
f 152/52 184/60 150/61
f 555/62 591/63 557/64
f 283/65 319/66 285/67
f 671/68 639/69 637/70
f 603/71 571/72 569/73
f 504/74 540/75 538/76
f 164/77 200/78 198/79
f 100/80 132/81 98/82
f 507/83 539/84 541/85
f 201/86 169/87 167/88
f 102/89 134/90 100/80
f 169/87 171/91 137/92
f 70/93 136/94 102/89
f 581/8 546/95 548/9
f 377/96 342/97 344/98
f 462/99 426/100 428/101
f 278/102 309/103 276/104
f 551/105 583/106 585/107
f 212/108 244/109 210/110
f 213/111 245/112 247/113
f 553/114 585/107 587/115
f 349/116 385/117 351/118
f 522/30 486/119 488/28
f 465/120 433/121 431/122
f 125/123 93/124 91/125
f 157/126 193/127 159/128
f 398/129 362/130 364/131
f 362/130 394/132 360/133
f 256/134 220/135 222/136
f 190/137 154/53 156/138
f 391/139 359/140 357/141
f 257/142 225/143 223/144
f 634/145 666/146 632/147
f 361/148 397/149 363/150
f 84/151 116/152 82/153
f 624/154 660/155 658/156
f 284/157 320/158 318/159
f 263/160 231/161 229/162
f 232/163 264/164 230/165
f 436/166 472/167 470/168
f 368/169 404/170 402/171
f 235/172 267/173 269/174
f 575/175 607/176 609/177
f 306/178 338/179 304/180
f 238/181 270/182 236/183
f 237/184 239/185 205/186
f 342/97 408/187 374/188
f 1/189 36/190 3/191
f 445/192 410/193 412/194
f 411/195 447/196 413/197
f 71/198 107/15 73/199
f 552/22 584/200 550/7
f 8/201 40/202 6/203
f 10/204 42/205 8/201
f 77/206 109/16 111/207
f 658/156 622/208 624/154
f 318/159 282/209 284/157
f 261/210 229/162 227/211
f 487/212 523/213 489/214
f 319/66 287/215 285/67
f 288/43 320/158 286/216
f 158/217 190/137 156/138
f 393/218 361/148 359/140
f 122/219 86/220 88/221
f 530/222 494/223 496/224
f 325/225 293/226 291/227
f 529/228 497/229 495/230
f 293/226 329/48 295/50
f 356/231 388/232 354/233
f 623/234 659/235 625/236
f 419/237 455/238 421/239
f 96/240 128/241 94/31
f 300/242 332/243 298/244
f 27/245 63/246 29/247
f 211/248 243/249 245/112
f 372/250 404/170 370/251
f 1672/252 1652/253 1665/254
f 337/255 305/256 303/257
f 442/258 474/259 440/260
f 373/261 375/262 341/263
f 546/95 612/264 578/265
f 37/266 2/267 4/268
f 137/92 172/269 139/270
f 547/271 583/106 549/272
f 207/273 243/249 209/274
f 416/275 448/276 414/277
f 143/278 175/279 177/280
f 349/116 381/281 383/282
f 350/283 382/284 348/11
f 281/285 317/286 283/65
f 77/206 113/287 79/288
f 80/289 116/152 114/290
f 147/25 183/34 149/36
f 126/32 90/291 92/33
f 251/292 219/293 217/294
f 491/295 527/296 493/297
f 528/298 492/299 494/223
f 598/300 562/301 564/302
f 51/303 19/304 17/305
f 571/306 607/176 573/307
f 498/308 530/222 496/224
f 16/309 48/310 14/311
f 523/213 491/295 489/214
f 366/312 398/129 364/131
f 148/313 184/60 182/314
f 399/315 367/316 365/317
f 504/318 536/319 502/320
f 28/321 64/322 62/323
f 96/324 132/81 130/325
f 371/326 403/327 405/328
f 508/329 540/75 506/330
f 133/331 101/332 99/333
f 374/188 406/334 372/250
f 645/335 647/336 613/1
f 305/256 307/337 273/338
f 105/339 70/93 72/340
f 205/186 240/341 207/273
f 74/342 105/339 72/340
f 414/277 445/192 412/194
f 484/343 516/344 482/345
f 620/346 652/347 618/348
f 146/349 178/350 144/351
f 281/285 313/352 315/353
f 46/354 10/204 12/355
f 553/114 589/356 555/62
f 434/357 466/358 432/359
f 638/360 670/361 636/362
f 497/229 533/363 499/364
f 330/365 294/54 296/366
f 15/367 51/303 17/305
f 53/368 21/369 19/304
f 326/55 290/44 292/56
f 255/370 223/144 221/371
f 597/372 565/373 563/374
f 566/375 598/300 564/302
f 670/361 634/145 636/362
f 424/376 456/377 422/378
f 420/379 456/377 454/380
f 570/381 602/382 568/383
f 640/384 672/385 638/360
f 572/386 604/387 570/381
f 503/388 539/84 505/389
f 231/390 267/173 233/391
f 167/88 199/392 201/86
f 643/393 675/394 677/395
f 477/396 512/397 479/398
f 170/399 202/400 168/401
f 509/402 511/403 477/396
f 138/5 204/404 170/399
f 410/193 476/405 442/258
f 513/406 478/407 480/408
f 139/270 175/279 141/409
f 482/345 513/406 480/408
f 415/410 447/196 449/411
f 280/412 312/413 278/102
f 485/414 517/415 519/416
f 486/119 518/417 484/343
f 621/418 657/419 623/234
f 114/290 78/17 80/289
f 11/420 47/421 13/422
f 57/423 25/424 23/425
f 225/143 261/210 227/211
f 89/426 125/123 91/125
f 423/427 459/428 425/429
f 121/430 89/426 87/431
f 394/132 358/432 360/133
f 459/428 427/433 425/429
f 189/434 157/126 155/435
f 226/436 258/437 224/438
f 47/421 15/367 13/422
f 534/439 498/308 500/440
f 352/441 388/232 386/442
f 397/149 365/317 363/150
f 535/443 503/444 501/445
f 127/446 95/447 93/124
f 300/448 336/449 334/450
f 639/451 675/394 641/452
f 31/453 63/246 65/454
f 236/183 268/455 234/456
f 541/85 509/402 507/83
f 510/457 542/458 508/329
f 101/332 103/459 69/460
f 614/461 680/462 646/463
f 545/464 580/465 547/271
f 69/460 104/466 71/198
f 346/13 377/96 344/98
f 210/110 241/467 208/468
f 483/469 515/470 517/415
f 144/351 176/471 142/10
f 429/472 465/120 431/122
f 282/209 314/473 280/412
f 454/380 418/474 420/379
f 213/111 249/475 215/476
f 79/288 115/57 81/59
f 215/476 251/292 217/294
f 591/63 559/477 557/64
f 560/478 592/479 558/480
f 627/481 663/45 629/47
f 392/482 356/231 358/432
f 323/483 291/227 289/484
f 258/437 222/136 224/438
f 120/485 84/151 86/220
f 151/35 187/486 153/487
f 565/373 601/488 567/489
f 194/490 158/217 160/491
f 351/118 387/492 353/493
f 216/494 252/495 250/496
f 195/497 163/498 161/499
f 28/500 60/501 26/502
f 572/503 608/504 606/505
f 367/506 403/327 369/507
f 440/260 472/167 438/508
f 644/509 676/510 642/511
f 609/177 577/512 575/175
f 578/265 610/513 576/514
f 577/512 579/515 545/464
f 274/516 340/517 306/178
f 273/338 308/518 275/519
f 649/520 614/461 616/521
f 3/191 39/522 5/523
f 6/203 37/266 4/268
f 619/524 651/525 653/526
f 7/527 39/522 41/528
f 621/418 653/526 655/529
f 622/208 654/530 620/346
f 386/442 350/283 352/441
f 250/496 214/531 216/494
f 601/488 569/73 567/489
f 533/363 501/445 499/364
f 220/135 252/495 218/532
f 659/235 627/481 625/236
f 83/58 119/533 85/534
f 664/535 628/536 630/537
f 666/146 630/537 632/147
f 595/538 563/374 561/539
f 665/540 633/541 631/46
f 90/291 122/219 88/221
f 455/238 423/427 421/239
f 21/369 57/423 23/425
f 12/355 48/310 46/354
f 303/257 335/542 337/255
f 59/543 27/544 25/424
f 331/545 299/546 297/49
f 435/547 471/548 437/549
f 640/550 676/510 674/551
f 99/333 131/552 133/331
f 576/514 608/504 574/553
f 677/395 645/335 643/393
f 646/463 678/554 644/509
f 33/555 35/556 1/189
f 206/557 272/558 238/181
f 309/103 274/516 276/104
f 341/263 376/559 343/560
f 618/348 649/520 616/521
f 343/560 379/561 345/562
f 347/563 379/561 381/281
f 9/564 45/565 11/420
f 214/531 246/566 212/108
f 418/474 450/567 416/275
f 275/519 311/568 277/569
f 182/314 146/349 148/313
f 669/570 637/70 635/571
f 193/127 161/499 159/128
f 633/541 669/570 635/571
f 602/382 566/375 568/383
f 219/293 255/370 221/371
f 461/572 429/472 427/433
f 54/40 18/573 20/41
f 119/533 87/431 85/534
f 596/574 560/478 562/301
f 430/575 462/99 428/101
f 387/492 355/576 353/493
f 466/358 430/575 432/359
f 298/244 330/365 296/366
f 556/27 592/479 590/26
f 164/577 196/578 162/579
f 473/580 441/581 439/582
f 163/583 199/392 165/584
f 95/585 131/552 97/586
f 439/582 471/548 473/580
f 32/587 64/322 30/588
f 269/174 237/184 235/172
f 405/328 373/261 371/326
f 559/477 595/538 561/539
f 2/267 68/589 34/590
f 409/591 444/592 411/195
f 241/467 206/557 208/468
f 479/398 515/470 481/593
f 615/3 651/525 617/594
f 279/595 311/568 313/352
f 76/19 108/596 74/342
f 9/564 41/528 43/597
f 417/598 449/411 451/599
f 417/598 453/600 419/237
f 485/414 521/601 487/212
f 26/502 58/37 24/39
f 230/165 262/602 228/603
f 262/602 226/436 228/603
f 467/604 435/605 433/121
f 287/215 323/483 289/484
f 460/606 424/376 426/100
f 527/296 495/230 493/297
f 187/486 155/435 153/487
f 52/607 16/309 18/573
f 355/576 391/139 357/141
f 492/299 524/29 490/608
f 628/536 660/155 626/609
f 162/579 194/490 160/491
f 502/320 534/439 500/440
f 436/610 468/611 434/357
f 368/612 400/613 366/312
f 299/614 335/542 301/615
f 232/616 268/455 266/617
f 168/401 200/78 166/618
f 304/180 336/449 302/619
f 34/590 66/620 32/587
f 65/454 33/555 31/453
f 441/581 443/621 409/591
f 478/407 544/622 510/457
f 1346/623 1332/624 1324/625
f 332/243 329/48 330/365
f 1896/626 1618/627 1872/628
f 1759/629 1752/630 1760/631
f 1846/632 1227/633 1865/634
f 892/635 950/636 952/637
f 688/638 686/639 694/640
f 472/167 469/641 470/168
f 662/642 659/235 660/155
f 979/643 971/644 963/645
f 1033/646 1022/647 1025/648
f 1061/649 1018/650 1025/648
f 1025/648 1048/651 1064/652
f 1132/653 1101/654 1133/655
f 1219/656 1188/657 1220/658
f 696/659 693/660 694/661
f 1046/662 1025/648 1028/663
f 1437/664 1434/665 1436/666
f 744/667 738/668 740/669
f 1081/670 1077/671 1076/672
f 1713/673 1691/674 1692/675
f 1147/676 1116/677 1148/678
f 650/679 679/680 680/462
f 1057/681 1050/682 1036/683
f 1257/684 1251/685 1249/686
f 1210/687 1175/688 1207/689
f 1026/690 1027/691 1042/692
f 1034/693 1035/694 1043/695
f 1038/696 1039/697 1044/698
f 1030/699 1031/700 1045/701
f 1029/702 1026/703 1047/704
f 1050/705 1048/706 1036/707
f 1047/704 1019/708 1049/709
f 1029/702 1051/710 1046/711
f 1050/705 1019/708 1035/712
f 1036/707 1051/710 1020/713
f 124/714 121/430 122/219
f 1375/715 1384/716 1376/717
f 1079/718 1041/719 1063/720
f 448/276 444/592 445/192
f 1275/721 1936/722 1852/723
f 1030/724 1058/725 1031/726
f 1060/727 1058/725 1032/728
f 1062/729 1059/730 1040/731
f 1041/732 1038/733 1063/734
f 1037/735 1034/736 1065/737
f 1060/727 1017/738 1031/726
f 1032/728 1018/739 1067/740
f 1065/737 1023/741 1068/742
f 1037/735 1069/743 1064/744
f 1062/729 1023/741 1039/745
f 1040/731 1069/743 1024/746
f 1063/734 1017/738 1066/747
f 1041/732 1018/739 1061/748
f 1142/749 1107/750 1139/751
f 1758/752 1749/753 1757/754
f 1080/755 1060/756 1032/757
f 1213/758 1182/759 1214/760
f 812/761 806/762 808/763
f 526/764 523/213 524/29
f 108/596 104/466 105/339
f 1038/733 1059/730 1039/745
f 1052/765 1036/766 1020/767
f 1217/768 1215/769 1216/770
f 196/578 193/127 194/490
f 1055/771 1049/772 1050/773
f 1317/774 1315/775 1324/776
f 1536/777 1527/778 1528/779
f 1161/780 1130/781 1162/782
f 1070/783 1040/784 1024/785
f 1946/786 1824/787 1932/788
f 1085/789 1100/790 1095/791
f 1084/792 1101/793 1085/789
f 1094/794 1102/795 1084/792
f 1125/796 1107/797 1096/798
f 1089/799 1104/800 1091/801
f 1088/802 1105/803 1089/799
f 1090/804 1106/805 1088/802
f 1117/806 1111/807 1092/808
f 1087/809 1108/810 1097/811
f 1086/812 1109/813 1087/809
f 1096/798 1110/814 1086/812
f 1129/815 1099/816 1094/794
f 1083/817 1112/818 1093/819
f 1082/820 1113/821 1083/817
f 1092/808 1114/822 1082/820
f 1087/809 1115/823 1086/812
f 1093/819 1116/824 1087/809
f 1473/825 1811/826 1471/827
f 1086/812 1118/828 1092/808
f 1085/829 1119/830 1084/831
f 1091/801 1120/832 1085/829
f 1803/833 1499/834 1501/835
f 1084/831 1122/836 1090/804
f 1089/799 1123/837 1088/802
f 1097/811 1124/838 1089/799
f 1932/839 1806/840 1906/841
f 1088/802 1126/842 1096/798
f 1083/817 1127/843 1082/820
f 1095/791 1128/844 1083/817
f 1935/845 1807/846 1908/847
f 1082/820 1130/848 1094/794
f 1225/849 1194/850 1226/851
f 1086/852 1098/853 1096/854
f 1056/855 1020/767 1029/856
f 600/857 597/372 598/300
f 670/361 667/858 668/859
f 690/860 687/861 688/862
f 398/129 395/863 396/864
f 176/471 172/269 173/4
f 180/865 177/280 178/350
f 1300/866 1291/867 1292/868
f 1052/765 1055/771 1057/681
f 1435/869 1432/870 1434/665
f 694/871 691/872 692/873
f 1337/874 1331/875 1330/876
f 1053/877 1047/878 1049/772
f 380/12 376/559 377/96
f 1391/879 1389/880 1409/881
f 1153/882 1122/883 1154/884
f 1205/885 1174/886 1206/887
f 1075/888 1071/889 1070/783
f 1148/890 1117/891 1149/892
f 1208/893 1177/894 1209/895
f 110/18 107/15 108/596
f 1926/896 1651/897 1888/898
f 1076/672 1032/899 1067/900
f 1196/901 1165/902 1197/903
f 116/152 113/287 114/290
f 1033/904 1021/905 1022/906
f 1140/907 1109/908 1141/909
f 808/763 802/910 804/911
f 1492/912 1483/913 1484/914
f 1092/915 1094/916 1098/853
f 1132/917 1163/918 1131/919
f 1132/653 1165/902 1164/920
f 1134/921 1165/922 1133/923
f 1131/924 1166/925 1134/926
f 1136/927 1167/928 1135/929
f 1136/930 1169/931 1168/932
f 1138/933 1169/934 1137/935
f 1135/936 1170/937 1138/938
f 1140/939 1171/940 1139/941
f 1140/907 1173/942 1172/943
f 1142/944 1173/945 1141/946
f 1139/751 1174/947 1142/749
f 1144/948 1175/949 1143/950
f 1144/951 1177/894 1176/952
f 1146/953 1177/954 1145/955
f 1143/956 1178/957 1146/958
f 1148/678 1179/959 1147/676
f 1149/892 1180/960 1148/890
f 1150/961 1181/962 1149/963
f 1150/964 1179/965 1182/966
f 1152/967 1183/968 1151/969
f 1153/970 1184/971 1152/972
f 1154/884 1185/973 1153/882
f 1154/974 1183/975 1186/976
f 1156/977 1187/978 1155/979
f 1157/980 1188/981 1156/982
f 1158/983 1189/984 1157/985
f 1158/986 1187/987 1190/988
f 1160/989 1191/990 1159/991
f 1161/992 1192/993 1160/994
f 1162/782 1193/995 1161/780
f 1162/996 1191/997 1194/998
f 514/999 543/1000 544/622
f 1762/1001 1755/1002 1763/1003
f 1197/903 1195/1004 1196/901
f 1762/1001 1753/1005 1754/1006
f 688/862 685/1007 686/1008
f 1209/895 1207/689 1208/893
f 1159/991 1128/1009 1160/989
f 792/1010 786/1011 788/1012
f 1420/1013 1413/1014 1412/1015
f 1847/1016 1232/1017 1942/1018
f 1156/982 1125/1019 1157/980
f 60/501 57/423 58/37
f 1199/1020 1168/1021 1200/1022
f 268/455 265/1023 266/617
f 1491/1024 1485/1025 1483/913
f 772/1026 766/1027 768/1028
f 1151/969 1120/1029 1152/967
f 1201/1030 1199/1020 1200/1022
f 1211/1031 1180/1032 1212/1033
f 244/109 240/341 241/467
f 378/1034 407/1035 408/187
f 1223/1036 1192/1037 1224/1038
f 1213/758 1211/1031 1212/1033
f 1197/903 1166/1039 1198/1040
f 660/155 657/419 658/156
f 1160/994 1129/1041 1161/992
f 1207/689 1176/1042 1208/893
f 1136/930 1105/1043 1137/1044
f 1764/1045 1755/1002 1756/1046
f 1217/768 1186/1047 1218/1048
f 1690/1049 1702/1050 1703/1051
f 1751/1052 1729/1053 1731/1054
f 106/1055 135/1056 136/94
f 1141/946 1110/1057 1142/944
f 248/1058 245/112 246/566
f 1728/1059 1740/1060 1727/1061
f 1202/1062 1167/1063 1199/1020
f 752/1064 746/1065 748/1066
f 188/51 185/1067 186/1068
f 1203/1069 1172/1070 1204/1071
f 139/270 172/269 175/279
f 477/396 511/403 512/397
f 201/86 203/1072 169/87
f 283/65 317/286 319/66
f 1/189 35/556 36/190
f 318/159 316/1073 282/209
f 677/395 679/680 645/335
f 418/474 452/1074 450/567
f 436/166 438/508 472/167
f 125/123 127/446 93/124
f 1825/1075 1870/1076 1818/1077
f 1781/1078 1841/1079 1834/1080
f 7/527 5/523 39/522
f 665/540 667/858 633/541
f 504/318 538/1081 536/319
f 598/300 596/574 562/301
f 188/51 186/1068 152/52
f 173/4 174/1082 138/5
f 491/295 525/1083 527/296
f 399/315 401/1084 367/316
f 351/118 385/117 387/492
f 595/538 597/372 563/374
f 1817/1085 1843/1086 1798/1087
f 1869/1088 1765/1089 1784/1090
f 483/469 481/593 515/470
f 69/460 103/459 104/466
f 337/255 339/1091 305/256
f 158/217 192/1092 190/137
f 1911/1093 1819/1094 1810/1095
f 1823/1096 1873/1097 1805/1098
f 89/426 123/1099 125/123
f 226/436 260/1100 258/437
f 497/229 531/1101 533/363
f 670/361 668/859 634/145
f 231/390 265/1023 267/173
f 621/418 655/529 657/419
f 152/52 186/1068 184/60
f 212/108 246/566 244/109
f 658/156 656/1102 622/208
f 306/178 340/517 338/179
f 341/263 375/262 376/559
f 576/514 610/513 608/504
f 257/142 259/1103 225/143
f 84/151 118/1104 116/152
f 1768/1105 1939/1106 1814/1107
f 1852/723 1827/1108 1772/1109
f 194/490 192/1092 158/217
f 28/500 62/1110 60/501
f 205/186 239/185 240/341
f 349/116 347/563 381/281
f 75/14 73/199 107/15
f 58/37 56/1111 22/38
f 37/266 38/1112 2/267
f 374/188 408/187 406/334
f 622/208 656/1102 654/530
f 572/503 574/553 608/504
f 1657/1113 1932/788 1675/1114
f 1855/1115 1801/1116 1773/1117
f 454/380 452/1074 418/474
f 627/481 661/1118 663/45
f 529/228 531/1101 497/229
f 27/245 61/1119 63/246
f 1813/1120 1854/1121 1804/1122
f 1832/1123 1925/1124 1813/1120
f 639/451 673/1125 675/394
f 189/434 191/1126 157/126
f 553/114 587/115 589/356
f 566/375 600/857 598/300
f 482/345 516/344 513/406
f 643/393 641/452 675/394
f 164/77 166/618 200/78
f 555/62 589/356 591/63
f 235/172 233/391 267/173
f 261/210 263/160 229/162
f 275/519 308/518 311/568
f 618/348 652/347 649/520
f 232/163 266/1127 264/164
f 522/30 520/1128 486/119
f 1789/1129 1847/1016 1771/1130
f 1806/840 1888/898 1788/1131
f 619/524 617/594 651/525
f 666/146 664/535 630/537
f 16/309 50/1132 48/310
f 251/292 253/1133 219/293
f 22/38 56/1111 54/40
f 348/11 382/284 380/12
f 147/25 181/24 183/34
f 498/308 532/1134 530/222
f 565/373 599/1135 601/488
f 250/496 248/1058 214/531
f 1910/1136 1790/1137 1809/1138
f 1786/1139 1850/1140 1768/1105
f 392/482 390/1141 356/231
f 614/461 650/679 680/462
f 442/258 476/405 474/259
f 288/43 322/1142 320/158
f 1770/1143 1937/1144 1823/1096
f 1835/1145 1900/1146 1824/787
f 225/143 259/1103 261/210
f 127/446 129/1147 95/447
f 638/360 672/385 670/361
f 420/379 422/378 456/377
f 170/399 204/404 202/400
f 415/410 413/197 447/196
f 377/96 378/1034 342/97
f 462/99 460/606 426/100
f 319/66 321/1148 287/215
f 575/175 573/307 607/176
f 309/103 310/1149 274/516
f 640/550 642/511 676/510
f 398/129 396/864 362/130
f 634/145 668/859 666/146
f 1799/1150 1865/634 1783/1151
f 1783/1151 1866/1152 1826/1153
f 367/506 401/1154 403/327
f 440/260 474/259 472/167
f 414/277 448/276 445/192
f 143/278 141/409 175/279
f 554/20 588/1155 586/21
f 294/54 328/1156 326/55
f 546/95 582/1157 612/264
f 305/256 339/1091 307/337
f 90/291 124/714 122/219
f 609/177 611/1158 577/512
f 1814/1107 1884/1159 1794/1160
f 1241/1161 1908/847 1239/1162
f 282/209 316/1073 314/473
f 560/478 594/1163 592/479
f 393/218 395/863 361/148
f 211/248 209/274 243/249
f 1788/1131 1880/1164 1836/1165
f 1798/1087 1933/1166 1782/1167
f 31/453 29/247 63/246
f 459/428 461/572 427/433
f 46/354 44/1168 10/204
f 53/368 55/1169 21/369
f 114/290 112/1170 78/17
f 509/402 543/1000 511/403
f 213/111 211/248 245/112
f 551/105 549/272 583/106
f 411/195 444/592 447/196
f 237/184 271/1171 239/185
f 343/560 376/559 379/561
f 347/563 345/562 379/561
f 157/126 191/1126 193/127
f 349/116 383/282 385/117
f 1836/1165 1923/1172 1817/1085
f 1840/1173 1774/1174 1766/1175
f 6/203 40/202 37/266
f 664/535 662/642 628/536
f 28/321 30/588 64/322
f 528/298 526/764 492/299
f 590/26 588/1155 554/20
f 145/23 179/1176 181/24
f 80/289 82/153 116/152
f 148/313 150/61 184/60
f 151/35 185/1067 187/486
f 83/58 117/1177 119/533
f 613/1 647/336 648/2
f 1837/1178 1809/1138 1765/1089
f 215/476 249/475 251/292
f 101/332 135/1056 103/459
f 419/237 453/600 455/238
f 122/219 120/485 86/220
f 1822/1179 1889/1180 1796/1181
f 1824/1182 1926/896 1806/840
f 57/423 59/543 25/424
f 300/448 302/619 336/449
f 15/367 49/1183 51/303
f 570/381 604/387 602/382
f 572/386 606/1184 604/387
f 486/119 520/1128 518/417
f 100/80 134/90 132/81
f 603/71 605/1185 571/72
f 10/204 44/1168 42/205
f 342/97 378/1034 408/187
f 206/557 242/1186 272/558
f 435/547 469/641 471/548
f 391/139 393/218 359/140
f 624/154 626/609 660/155
f 1886/1187 1810/1095 1791/1188
f 1805/1098 1883/1189 1781/1078
f 455/238 457/1190 423/427
f 386/442 384/1191 350/283
f 508/329 542/458 540/75
f 137/92 171/91 172/269
f 183/34 185/1067 151/35
f 94/31 128/241 126/32
f 126/32 124/714 90/291
f 105/339 106/1055 70/93
f 621/418 619/524 653/526
f 195/497 197/1192 163/498
f 1780/1193 1897/1194 1770/1195
f 1885/1196 1772/1109 1790/1137
f 429/472 463/1197 465/120
f 213/111 247/113 249/475
f 530/222 528/298 494/223
f 300/242 334/1198 332/243
f 1778/1199 1878/1200 1832/1123
f 1779/1201 1871/1202 1833/1203
f 352/441 354/233 388/232
f 394/132 392/482 358/432
f 434/357 468/611 466/358
f 597/372 599/1135 565/373
f 410/193 446/1204 476/405
f 167/88 165/584 199/392
f 504/74 506/330 540/75
f 278/102 312/413 309/103
f 8/201 42/205 40/202
f 487/212 521/601 523/213
f 303/257 301/615 335/542
f 9/564 43/597 45/565
f 256/134 254/1205 220/135
f 362/130 396/864 394/132
f 1924/1206 1828/1207 1819/1094
f 1797/1208 1872/628 1780/1193
f 649/520 650/679 614/461
f 659/235 661/1118 627/481
f 371/326 369/507 403/327
f 547/271 580/465 583/106
f 488/28 490/608 524/29
f 115/57 117/1177 83/58
f 350/283 384/1191 382/284
f 523/213 525/1083 491/295
f 12/355 14/311 48/310
f 601/488 603/71 569/73
f 1834/1080 1927/1209 1816/1210
f 1782/1167 1849/1211 1835/1145
f 323/483 325/225 291/227
f 346/13 380/12 377/96
f 356/231 390/1141 388/232
f 325/225 327/1212 293/226
f 1815/1213 1838/1214 1795/1215
f 1795/1215 1948/1216 1787/1217
f 541/85 543/1000 509/402
f 535/443 537/1218 503/444
f 146/349 180/865 178/350
f 640/384 674/1219 672/385
f 11/420 45/565 47/421
f 485/414 483/469 517/415
f 102/89 136/94 134/90
f 671/68 673/1220 639/69
f 552/22 586/21 584/200
f 445/192 446/1204 410/193
f 33/555 67/1221 35/556
f 331/545 333/1222 299/546
f 284/157 286/216 320/158
f 361/148 395/863 397/149
f 1771/1130 1942/1018 1825/1075
f 1899/1223 1784/1090 1800/1224
f 644/509 678/554 676/510
f 577/512 611/1158 579/515
f 74/342 108/596 105/339
f 416/275 450/567 448/276
f 663/45 665/540 631/46
f 142/10 176/471 173/4
f 571/306 605/1225 607/176
f 645/335 679/680 647/336
f 3/191 36/190 39/522
f 216/494 218/532 252/495
f 1818/1226 1846/632 1799/1150
f 1938/1227 1766/1175 1828/1207
f 144/351 178/350 176/471
f 591/63 593/1228 559/477
f 623/234 657/419 659/235
f 1672/252 1667/1229 1652/253
f 1816/1210 1896/626 1797/1208
f 1936/722 1808/1230 1827/1108
f 534/439 532/1134 498/308
f 121/430 123/1099 89/426
f 330/365 328/1156 294/54
f 326/55 324/42 290/44
f 138/5 174/1082 204/404
f 503/388 537/1231 539/84
f 581/8 582/1157 546/95
f 507/83 505/389 539/84
f 77/206 75/14 109/16
f 368/169 370/251 404/170
f 99/333 97/586 131/552
f 214/531 248/1058 246/566
f 553/114 551/105 585/107
f 465/120 467/604 433/121
f 1796/1181 1853/1232 1779/1201
f 1807/846 1941/1233 1789/1129
f 273/338 307/337 308/518
f 220/135 254/1205 252/495
f 484/343 518/417 516/344
f 281/285 315/353 317/286
f 550/7 584/200 581/8
f 78/17 112/1170 110/18
f 77/206 111/207 113/287
f 366/312 400/613 398/129
f 21/369 55/1169 57/423
f 533/363 535/443 501/445
f 1856/1234 1773/1117 1774/1235
f 1794/1160 1912/1236 1778/1199
f 545/464 579/515 580/465
f 510/457 544/622 542/458
f 373/261 407/1035 375/262
f 293/226 327/1212 329/48
f 1769/1237 1887/1238 1822/1179
f 1787/1239 1864/1240 1769/1237
f 236/183 270/182 268/455
f 397/149 399/315 365/317
f 620/346 654/530 652/347
f 424/376 458/1241 456/377
f 513/406 514/999 478/407
f 280/412 314/473 312/413
f 169/87 203/1072 171/91
f 70/93 106/1055 136/94
f 71/198 104/466 107/15
f 238/181 272/558 270/182
f 646/463 680/462 678/554
f 59/543 61/1242 27/544
f 190/137 188/51 154/53
f 263/160 265/1243 231/161
f 1804/1244 1922/1245 1786/1139
f 1675/1246 1906/841 1654/1247
f 578/265 612/264 610/513
f 258/437 256/134 222/136
f 96/324 98/82 132/81
f 207/273 240/341 243/249
f 329/48 331/545 297/49
f 324/42 322/1142 288/43
f 51/303 53/368 19/304
f 133/331 135/1056 101/332
f 274/516 310/1149 340/517
f 120/485 118/1104 84/151
f 1909/1248 1800/1249 1808/1230
f 1901/1250 1791/1188 1801/1116
f 210/110 244/109 241/467
f 79/288 113/287 115/57
f 96/240 130/1251 128/241
f 372/250 406/334 404/170
f 1826/1153 1868/1252 1807/846
f 1833/1203 1875/1253 1815/1213
f 47/421 49/1183 15/367
f 423/427 457/1190 459/428
f 281/285 279/595 313/352
f 255/370 257/142 223/144
f 309/103 308/518 307/337
f 1137/935 1105/1254 1106/1255
f 390/1141 389/1256 387/492
f 1767/1257 1465/1258 1463/1259
f 873/1260 869/1261 870/1262
f 1505/1263 1523/1264 1821/1265
f 686/639 684/1266 694/640
f 684/1266 682/1267 694/640
f 682/1267 696/1268 694/640
f 694/640 692/1269 690/1270
f 690/1270 688/638 694/640
f 1008/1271 1006/1272 1002/1273
f 1081/670 1076/672 1067/900
f 963/645 959/1274 955/1275
f 955/1275 1015/1276 1011/1277
f 1011/1277 1007/1278 995/1279
f 1007/1278 1003/1280 995/1279
f 1003/1280 999/1281 995/1279
f 995/1279 991/1282 987/1283
f 987/1283 983/1284 979/643
f 979/643 975/1285 971/644
f 971/644 967/1286 963/645
f 1375/1287 1855/1115 1856/1234
f 955/1275 1011/1277 995/1279
f 1214/760 1182/966 1179/965
f 987/1283 979/643 963/645
f 1025/648 1018/650 1058/1288
f 1058/1288 1033/646 1025/648
f 1069/1289 1059/1290 1025/648
f 1059/1290 1061/649 1025/648
f 1064/652 1069/1289 1025/648
f 1025/648 1051/1291 1048/651
f 1135/929 1103/1292 1104/1293
f 1498/1294 1492/912 1484/914
f 466/358 465/120 463/1197
f 1051/1291 1025/648 1046/662
f 1025/648 1022/647 1028/663
f 445/192 444/592 443/621
f 926/1295 925/1296 921/1297
f 828/1298 826/1299 886/1300
f 707/1301 711/1302 712/1303
f 804/911 802/910 798/1304
f 780/1305 778/1306 774/1307
f 1131/919 1099/1308 1100/1309
f 740/669 738/668 734/1310
f 800/1311 798/1304 794/1312
f 1029/702 1046/711 1026/703
f 1050/705 1035/712 1048/706
f 1047/704 1026/703 1019/708
f 1029/702 1020/713 1051/710
f 1050/705 1049/709 1019/708
f 1036/707 1048/706 1051/710
f 802/910 806/762 805/1313
f 1749/1314 1750/1315 1743/1316
f 1792/1317 1468/1318 1466/1319
f 1708/1320 1716/1321 1717/1322
f 792/1010 791/1323 795/1324
f 1162/996 1130/1325 1127/1326
f 1060/727 1031/726 1058/725
f 1062/729 1039/745 1059/730
f 1041/732 1061/748 1038/733
f 1037/735 1064/744 1034/736
f 1060/727 1066/747 1017/738
f 1032/728 1058/725 1018/739
f 1065/737 1034/736 1023/741
f 1037/735 1024/746 1069/743
f 1062/729 1068/742 1023/741
f 1040/731 1059/730 1069/743
f 1063/734 1038/733 1017/738
f 1041/732 1067/740 1018/739
f 272/558 271/1171 269/174
f 1632/1327 1633/1328 1625/1329
f 996/1330 994/1331 990/1332
f 835/1333 839/1334 840/1335
f 928/1336 926/1295 922/1337
f 582/1157 579/515 611/1158
f 979/1338 983/1339 984/1340
f 1273/1341 1271/1342 1909/1248
f 1308/1343 1320/1344 1321/1345
f 824/1346 822/1347 818/1348
f 760/1349 758/1350 754/1351
f 809/1352 805/1313 806/762
f 1370/1353 1369/1354 1362/1355
f 856/1356 855/1357 859/1358
f 833/1359 829/1360 830/1361
f 1054/1362 1056/855 1029/1363
f 1095/791 1100/790 1099/816
f 1085/789 1101/793 1100/790
f 1084/792 1102/795 1101/793
f 1094/794 1099/816 1102/795
f 1091/801 1104/800 1103/1364
f 1089/799 1105/803 1104/800
f 1088/802 1106/805 1105/803
f 1090/804 1103/1364 1106/805
f 1097/811 1108/810 1107/797
f 1087/809 1109/813 1108/810
f 1086/812 1110/814 1109/813
f 1096/798 1107/797 1110/814
f 1093/819 1112/818 1111/807
f 1083/817 1113/821 1112/818
f 1082/820 1114/822 1113/821
f 1092/808 1111/807 1114/822
f 1087/809 1116/824 1115/823
f 1093/819 1117/806 1116/824
f 1092/808 1118/828 1117/806
f 1086/812 1115/823 1118/828
f 1085/829 1120/832 1119/830
f 1091/801 1121/1365 1120/832
f 1090/804 1122/836 1121/1365
f 1084/831 1119/830 1122/836
f 1089/799 1124/838 1123/837
f 1097/811 1125/796 1124/838
f 1096/798 1126/842 1125/796
f 1088/802 1123/837 1126/842
f 1083/817 1128/844 1127/843
f 1095/791 1129/815 1128/844
f 1094/794 1130/848 1129/815
f 1082/820 1127/843 1130/848
f 728/1366 726/1367 722/1368
f 1705/1369 1704/1370 1692/1371
f 761/1372 821/1373 822/1347
f 888/1374 886/1300 882/1375
f 1445/1376 1446/1377 1439/1378
f 1456/1379 1448/1380 1449/1381
f 324/42 323/483 321/1148
f 534/439 533/363 531/1101
f 756/1382 754/1351 750/1383
f 1365/1384 1372/1385 1373/1386
f 867/1387 871/1388 872/1389
f 1513/1390 1511/1391 1812/1392
f 1335/1393 1336/1394 1329/1395
f 1527/778 1519/1396 1520/1397
f 1016/1398 1015/1399 955/1400
f 542/458 541/85 539/84
f 1447/1401 1426/1402 1425/1403
f 1887/1238 1575/1404 1588/1405
f 912/1406 911/1407 915/1408
f 868/1409 866/1410 862/1411
f 1897/1412 1617/1413 1615/1414
f 610/513 609/177 607/176
f 1776/1415 1474/1416 1472/1417
f 530/222 529/228 527/296
f 888/1374 887/1418 827/1419
f 1321/1345 1322/1420 1312/1421
f 745/1422 741/1423 742/1424
f 1386/1425 1385/1426 1398/1427
f 1367/1428 1366/1429 1373/1386
f 840/1335 838/1430 834/1431
f 958/1432 957/1433 953/1434
f 886/1300 885/1435 881/1436
f 1132/917 1164/1437 1163/918
f 1132/653 1133/655 1165/902
f 1134/921 1166/1039 1165/922
f 1131/924 1163/1438 1166/925
f 1136/927 1168/1021 1167/928
f 1136/930 1137/1044 1169/931
f 1138/933 1170/1439 1169/934
f 1135/936 1167/1063 1170/937
f 1140/939 1172/1070 1171/940
f 1140/907 1141/909 1173/942
f 1142/944 1174/886 1173/945
f 1139/751 1171/1440 1174/947
f 1144/948 1176/1042 1175/949
f 1144/951 1145/1441 1177/894
f 1146/953 1178/1442 1177/954
f 1143/956 1175/688 1178/957
f 1148/678 1180/1032 1179/959
f 1149/892 1181/1443 1180/960
f 1150/961 1182/759 1181/962
f 1150/964 1147/1444 1179/965
f 1152/967 1184/1445 1183/968
f 1153/970 1185/1446 1184/971
f 1154/884 1186/1047 1185/973
f 1154/974 1151/1447 1183/975
f 1156/977 1188/657 1187/978
f 1157/980 1189/1448 1188/981
f 1158/983 1190/1449 1189/984
f 1158/986 1155/1450 1187/987
f 1160/989 1192/1037 1191/990
f 1161/992 1193/1451 1192/993
f 1162/782 1194/850 1193/995
f 1162/996 1159/1452 1191/997
f 1304/1453 1319/1454 1318/1455
f 990/1332 994/1331 993/1456
f 1399/1457 1397/1458 1405/1459
f 872/1389 871/1388 875/1460
f 1150/964 1118/1461 1115/1462
f 1304/1463 1303/1464 1316/1465
f 1318/1455 1319/1466 1327/1467
f 1509/1468 1518/1469 1517/1470
f 726/1367 725/1471 721/1472
f 1356/1473 1355/1385 1886/1187
f 1355/1474 1362/1355 1364/1475
f 876/1476 875/1477 879/1478
f 1395/1479 1404/1480 1405/1459
f 768/1028 767/1481 771/1482
f 1939/1106 1550/1483 1548/1484
f 924/1485 922/1337 918/1486
f 1853/1232 1586/1487 1584/1488
f 908/1489 906/1490 902/1491
f 1359/1492 1360/1493 1840/1173
f 1720/1494 1719/1495 1711/1496
f 1553/1497 1560/1498 1559/1499
f 995/1279 987/1283 963/645
f 1340/1500 1341/1501 1349/1502
f 785/1503 781/1504 782/1505
f 264/164 263/160 261/210
f 1942/1018 1232/1017 1231/1506
f 1843/1086 1660/1507 1658/1508
f 940/1509 938/1510 934/1511
f 824/1346 823/1512 763/1513
f 1529/1514 1521/1515 1523/1516
f 1260/1517 1261/1518 1253/1519
f 1496/1520 1497/1521 1489/1522
f 1322/1523 1330/1524 1331/1525
f 777/1526 773/1527 774/1307
f 266/1127 265/1243 263/160
f 774/1307 773/1527 769/1528
f 1701/1529 1700/1530 1698/1531
f 936/1532 935/1533 939/1534
f 936/1532 934/1511 930/1535
f 817/1536 813/1537 814/1538
f 1697/1539 1694/1540 1695/1541
f 1221/1542 1190/1449 1222/1543
f 58/37 55/1169 56/1111
f 1733/1544 1731/1545 1732/1546
f 37/266 35/556 38/1112
f 184/60 181/24 182/314
f 1530/1547 1521/1515 1529/1514
f 1226/851 1191/997 1223/1036
f 1220/658 1189/1448 1221/1542
f 48/310 45/565 46/354
f 241/467 239/185 242/1186
f 40/202 36/190 37/266
f 1212/1033 1181/1443 1213/758
f 1214/760 1179/965 1211/1031
f 42/205 39/522 40/202
f 204/404 201/86 202/400
f 1395/1479 1392/1548 1393/1549
f 992/1550 986/1551 988/1552
f 1075/888 1024/785 1037/1553
f 1204/1071 1173/942 1205/885
f 200/78 197/1554 198/79
f 462/99 459/428 460/606
f 1149/963 1118/1555 1150/961
f 1056/855 1053/877 1052/765
f 1500/1556 1831/1557 1785/1558
f 202/400 199/392 200/78
f 1195/1004 1164/1437 1196/901
f 682/1559 695/1560 696/659
f 1509/1468 1777/1561 1793/1562
f 122/219 119/533 120/485
f 1034/736 1048/706 1035/712
f 976/1563 970/1564 972/1565
f 408/187 405/328 406/334
f 1699/1566 1696/1567 1697/1539
f 1455/1568 1448/1380 1456/1379
f 1022/906 1027/1569 1028/1570
f 194/490 191/1126 192/1092
f 1726/1571 1712/1572 1718/1573
f 173/4 171/91 174/1082
f 1222/1543 1187/987 1219/656
f 1378/1574 1369/1575 1370/1576
f 1139/941 1108/1577 1140/939
f 920/1578 914/1579 916/1580
f 592/479 589/356 590/26
f 522/30 519/416 520/1128
f 132/81 129/1581 130/325
f 1334/1582 1326/1583 1327/1584
f 128/241 125/123 126/32
f 178/350 175/279 176/471
f 340/517 337/255 338/179
f 1811/826 1468/1318 1792/1317
f 130/1251 127/446 128/241
f 1266/1585 1910/1136 1837/1178
f 1424/1586 1436/666 1423/1587
f 120/485 117/1177 118/1104
f 105/339 103/459 106/1055
f 1157/985 1126/1588 1158/983
f 246/566 243/249 244/109
f 328/1156 325/225 326/55
f 338/179 335/542 336/449
f 1155/979 1124/1589 1156/977
f 1258/1590 1249/686 1250/1591
f 1884/1159 1546/1592 1912/1236
f 856/1356 850/1593 852/1594
f 260/1100 257/142 258/437
f 956/1595 1014/1596 1016/1398
f 680/462 677/395 678/554
f 54/40 51/303 52/607
f 386/442 383/282 384/1191
f 1724/1597 1717/1322 1716/1321
f 330/365 327/1212 328/1156
f 1721/1598 1714/1599 1713/1600
f 458/1241 455/238 456/377
f 336/449 333/1601 334/450
f 654/530 651/525 652/347
f 1868/1252 1236/1602 1941/1233
f 270/182 267/173 268/455
f 64/322 61/1119 62/323
f 513/406 511/403 514/999
f 1279/1603 1885/1196 1910/1136
f 262/602 259/1103 260/1100
f 536/319 533/363 534/439
f 314/473 311/568 312/413
f 476/405 473/580 474/259
f 404/170 401/1154 402/171
f 266/1127 263/160 264/164
f 1854/1604 1539/1605 1922/1245
f 1268/1606 1837/1178 1869/1088
f 320/158 317/286 318/159
f 1880/1164 1662/1607 1923/1172
f 1933/1166 1656/1608 1849/1211
f 186/1068 183/34 184/60
f 264/164 261/210 262/602
f 474/259 471/548 472/167
f 38/1112 67/1221 68/589
f 832/1609 826/1299 828/1298
f 528/298 525/1083 526/764
f 888/1374 882/1375 884/1610
f 1802/1611 1474/1416 1776/1415
f 1513/1390 1812/1392 1831/1557
f 272/558 269/174 270/182
f 868/1409 862/1411 864/1612
f 606/1184 603/71 604/387
f 1008/1271 1002/1273 1004/1613
f 466/358 463/1197 464/1614
f 1493/1615 1486/1616 1485/1617
f 445/192 443/621 446/1204
f 1386/1425 1398/1427 1399/1457
f 872/1389 866/1410 868/1409
f 1865/634 1240/1618 1866/1152
f 406/334 403/327 404/170
f 520/1128 517/415 518/417
f 820/1619 814/1538 816/1620
f 1941/1233 1234/1621 1847/1016
f 390/1141 387/492 388/232
f 1150/964 1115/1462 1147/1444
f 450/567 447/196 448/276
f 612/264 609/177 610/513
f 532/1134 529/228 530/222
f 402/1622 399/315 400/613
f 1154/974 1119/1623 1151/1447
f 598/300 595/538 596/574
f 1717/1322 1726/1571 1718/1573
f 377/96 375/262 378/1034
f 1939/1106 1548/1484 1884/1159
f 518/417 515/470 516/344
f 464/1614 461/572 462/99
f 250/496 247/113 248/1058
f 1277/1624 1852/723 1885/1196
f 1144/951 1113/1625 1145/1441
f 456/377 453/600 454/380
f 1872/628 1617/1626 1897/1194
f 396/864 393/218 394/132
f 1324/1627 1313/1628 1314/1629
f 136/94 133/331 134/90
f 932/1630 926/1295 928/1336
f 844/1631 838/1430 840/1335
f 1873/1097 1626/1632 1883/1189
f 602/382 599/1135 600/857
f 1198/1040 1163/1438 1195/1004
f 581/8 579/515 582/1157
f 392/482 389/1256 390/1141
f 326/55 323/483 324/42
f 1369/1575 1379/1633 1371/1634
f 816/1620 810/1635 812/1636
f 256/134 253/1133 254/1205
f 674/1219 671/68 672/385
f 596/574 593/1228 594/1163
f 1200/1022 1169/931 1201/1030
f 1206/887 1171/1440 1203/1069
f 586/21 583/106 584/200
f 544/622 541/85 542/458
f 608/504 605/1225 606/505
f 538/1081 535/443 536/319
f 1409/1637 1387/1638 1388/1639
f 1137/935 1106/1255 1138/933
f 1923/1172 1660/1507 1843/1086
f 1072/1640 1037/1641 1065/1642
f 1889/1180 1586/1487 1853/1232
f 1388/1639 1385/1426 1386/1425
f 1271/1342 1899/1643 1909/1248
f 1922/1245 1537/1644 1850/1140
f 588/1155 585/107 586/21
f 118/1104 115/57 116/152
f 1741/1645 1738/1646 1740/1060
f 666/146 663/45 664/535
f 1507/1647 1830/1648 1777/1561
f 1145/955 1114/1649 1146/953
f 1358/1354 1938/1227 1924/1206
f 1215/769 1184/1445 1216/770
f 1850/1140 1550/1483 1939/1106
f 678/554 675/394 676/510
f 649/520 647/336 650/679
f 1722/1650 1715/1651 1714/1599
f 756/1382 750/1383 752/1064
f 1458/1652 1449/1381 1450/1653
f 936/1532 930/1535 932/1630
f 728/1366 722/1368 724/1654
f 748/1655 742/1424 744/667
f 1447/1401 1425/1403 1427/1656
f 804/911 798/1304 800/1311
f 720/1657 714/1658 716/1659
f 740/669 734/1310 736/1660
f 1489/1522 1498/1294 1490/1661
f 732/1662 726/1367 728/1366
f 760/1349 754/1351 756/1382
f 888/1374 827/1419 828/1298
f 731/1663 736/1660 732/1662
f 769/1528 766/1027 770/1664
f 768/1028 771/1482 772/1026
f 912/1406 915/1408 916/1580
f 899/1665 904/1666 900/1667
f 745/1422 742/1424 746/1668
f 843/1669 848/1670 844/1631
f 902/1491 905/1671 901/1672
f 872/1389 875/1460 876/1673
f 785/1503 782/1505 786/1011
f 835/1333 840/1335 836/1674
f 854/1675 849/1676 850/1593
f 979/1338 984/1340 980/1677
f 793/1678 790/1679 794/1312
f 792/1010 795/1324 796/1680
f 761/1372 822/1347 762/1681
f 955/1400 960/1682 956/1595
f 990/1332 993/1456 989/1683
f 800/1311 803/1684 804/911
f 802/910 805/1313 801/1685
f 867/1387 872/1389 868/1409
f 777/1526 774/1307 778/1306
f 907/1686 912/1406 908/1489
f 813/1537 810/1635 814/1538
f 876/1476 879/1478 880/1687
f 817/1536 814/1538 818/1348
f 816/1620 819/1688 820/1619
f 822/1347 817/1536 818/1348
f 735/1689 740/669 736/1660
f 734/1310 729/1690 730/1691
f 824/1346 763/1513 764/1692
f 1529/1514 1523/1516 1531/1693
f 1000/1694 994/1331 996/1330
f 952/637 946/1695 948/1696
f 776/1697 770/1664 772/1026
f 1720/1494 1711/1496 1712/1572
f 800/1311 794/1312 796/1680
f 968/1698 962/1699 964/1700
f 534/439 531/1101 532/1134
f 944/1701 938/1702 940/1703
f 1152/972 1121/1704 1153/970
f 708/1705 702/1706 704/1707
f 542/458 539/84 540/75
f 716/1659 710/1708 712/1303
f 768/1028 762/1681 764/1692
f 530/222 527/296 528/298
f 1216/770 1185/1446 1217/768
f 985/1709 982/1710 986/1551
f 958/1432 953/1434 954/1711
f 833/1359 830/1361 834/1431
f 960/1682 963/1712 964/1700
f 846/1713 849/1676 845/1714
f 707/1301 712/1303 708/1705
f 809/1352 806/762 810/1715
f 744/667 747/1716 748/1655
f 906/1490 909/1717 905/1671
f 715/1718 720/1657 716/1659
f 974/1719 977/1720 973/1721
f 720/1657 723/1722 724/1654
f 726/1367 721/1472 722/1368
f 915/1408 920/1578 916/1580
f 857/1723 854/1675 858/1724
f 856/1356 859/1358 860/1725
f 886/1300 881/1436 882/1375
f 894/1726 889/1727 890/1728
f 930/1535 925/1296 926/1295
f 865/1729 862/1411 866/1410
f 812/1636 815/1730 816/1620
f 739/1731 744/667 740/669
f 841/1732 838/1430 842/1733
f 776/1697 779/1734 780/1305
f 874/1735 877/1736 873/1737
f 941/1738 938/1702 942/1739
f 881/1436 878/1740 882/1375
f 1008/1271 1011/1741 1012/1742
f 824/1346 819/1688 823/1512
f 948/1696 951/1743 952/637
f 825/1744 886/1300 826/1299
f 864/1612 859/1358 863/1745
f 1372/1474 1381/1746 1373/1747
f 904/1666 898/1748 900/1667
f 1224/1038 1193/1451 1225/849
f 454/380 451/599 452/1074
f 1719/1495 1713/1749 1711/1496
f 258/437 255/370 256/134
f 876/1673 870/1262 872/1389
f 1841/1079 1622/1750 1927/1209
f 242/1186 271/1171 272/558
f 880/1687 874/1735 876/1476
f 972/1565 966/1751 968/1698
f 309/103 307/337 310/1149
f 860/1725 854/1675 856/1356
f 394/132 391/139 392/482
f 312/413 308/518 309/103
f 1298/1752 1291/867 1299/1753
f 798/1304 793/1678 794/1312
f 950/636 889/1727 949/1754
f 897/1755 894/1726 898/1748
f 918/1486 913/1756 914/1579
f 704/1707 707/1301 708/1705
f 966/1751 961/1757 962/1699
f 873/1260 870/1262 874/1758
f 971/1759 976/1563 972/1565
f 718/1760 713/1761 714/1658
f 779/1734 784/1762 780/1305
f 910/1763 913/1756 909/1717
f 964/1700 967/1764 968/1698
f 869/1261 866/1410 870/1262
f 724/1654 727/1765 728/1366
f 921/1297 918/1486 922/1337
f 891/1766 896/1767 892/635
f 732/1662 727/1765 731/1663
f 702/1706 697/1768 698/1769
f 1013/1770 1010/1771 1014/1596
f 883/1772 888/1374 884/1610
f 933/1773 930/1535 934/1511
f 931/1774 936/1532 932/1630
f 937/1775 934/1511 938/1510
f 840/1335 843/1669 844/1631
f 1237/1776 1247/1777 1239/1162
f 1004/1613 1007/1778 1008/1271
f 945/1779 942/1739 946/1695
f 944/1701 947/1780 948/1696
f 991/1781 996/1330 992/1550
f 949/1754 946/1695 950/636
f 830/1361 825/1744 826/1299
f 928/1336 923/1782 927/1783
f 1336/1394 1330/876 1329/1395
f 66/620 63/246 64/322
f 1355/1385 1911/1093 1886/1187
f 1433/1784 1430/1785 1432/870
f 692/873 689/1786 690/860
f 928/1336 922/1337 924/1485
f 916/1580 910/1763 912/1406
f 134/90 131/552 132/81
f 1209/895 1178/1442 1210/687
f 724/1654 718/1760 720/1657
f 1016/1398 1010/1771 1012/1742
f 796/1680 790/1679 792/1010
f 960/1682 954/1711 956/1595
f 896/1767 890/1728 892/635
f 948/1696 942/1739 944/1701
f 382/284 379/561 380/12
f 862/1411 857/1723 858/1724
f 990/1332 985/1709 986/1551
f 961/1757 958/1432 962/1699
f 705/1787 702/1706 706/1788
f 848/1670 851/1789 852/1594
f 975/1790 980/1677 976/1563
f 966/1751 969/1791 965/1792
f 974/1719 969/1791 970/1564
f 795/1324 800/1311 796/1680
f 712/1303 715/1718 716/1659
f 838/1430 833/1359 834/1431
f 902/1491 897/1755 898/1748
f 787/1793 792/1010 788/1012
f 982/1710 977/1720 978/1794
f 766/1027 761/1372 762/1681
f 1014/1596 953/1434 1013/1770
f 827/1419 832/1609 828/1298
f 952/637 891/1766 892/635
f 757/1795 754/1351 758/1350
f 801/1685 798/1304 802/910
f 994/1331 997/1796 993/1456
f 742/1424 737/1797 738/668
f 1001/1798 998/1799 1002/1800
f 808/763 811/1801 812/761
f 1005/1802 1002/1273 1006/1272
f 748/1066 751/1803 752/1064
f 1009/1804 1006/1272 1010/1771
f 752/1064 755/1805 756/1382
f 755/1805 760/1349 756/1382
f 738/668 733/1806 734/1310
f 763/1513 768/1028 764/1692
f 992/1550 987/1807 991/1781
f 912/1406 906/1490 908/1489
f 788/1012 782/1505 784/1762
f 924/1485 918/1486 920/1578
f 1304/1463 1316/1465 1317/774
f 908/1489 902/1491 904/1666
f 610/513 607/176 608/504
f 684/1808 681/1809 682/1559
f 840/1335 834/1431 836/1674
f 1942/1018 1231/1506 1870/1076
f 824/1346 818/1348 820/1619
f 996/1330 990/1332 992/1550
f 1054/1362 1029/1363 1047/1810
f 988/1552 982/1710 984/1340
f 1767/1257 1463/1259 1820/1811
f 1456/1379 1449/1381 1457/1812
f 940/1509 934/1511 936/1532
f 699/1813 704/1707 700/1814
f 920/1578 923/1782 924/1485
f 790/1679 785/1503 786/1011
f 832/1609 835/1333 836/1674
f 771/1482 776/1697 772/1026
f 784/1762 787/1793 788/1012
f 904/1666 907/1686 908/1489
f 1000/1694 1003/1815 1004/1816
f 968/1698 971/1759 972/1565
f 713/1761 710/1708 714/1658
f 774/1307 769/1528 770/1664
f 721/1472 718/1760 722/1368
f 851/1789 856/1356 852/1594
f 896/1767 899/1665 900/1667
f 759/1817 700/1814 760/1349
f 729/1690 726/1367 730/1691
f 926/1295 921/1297 922/1337
f 1016/1398 955/1400 956/1595
f 710/1708 705/1787 706/1788
f 1012/1742 1015/1399 1016/1398
f 995/1818 1000/1694 996/1330
f 804/911 807/1819 808/763
f 846/1713 841/1732 842/1733
f 782/1505 777/1526 778/1306
f 940/1703 943/1820 944/1701
f 749/1821 746/1065 750/1383
f 936/1532 939/1534 940/1509
f 753/1822 750/1383 754/1351
f 927/1783 932/1630 928/1336
f 863/1745 868/1409 864/1612
f 984/1340 987/1807 988/1552
f 697/1768 758/1350 698/1769
f 900/1667 894/1726 896/1767
f 764/1692 822/1347 824/1346
f 1289/1823 1869/1088 1899/1223
f 1221/1542 1219/656 1220/658
f 582/1157 611/1158 612/264
f 584/200 580/465 581/8
f 1233/1824 1251/1825 1244/1826
f 1143/950 1112/1827 1144/948
f 468/611 465/120 466/358
f 1527/778 1520/1397 1528/779
f 1519/1396 1509/1468 1511/1391
f 1391/1828 1403/1829 1393/1830
f 1519/1396 1513/1390 1520/1397
f 1251/1831 1230/1832 1242/1833
f 1509/1468 1517/1470 1507/1834
f 1275/721 1283/1835 1273/1836
f 1467/1837 1479/1838 1469/1839
f 1297/1840 1290/1841 1298/1752
f 1281/1842 1294/1843 1286/1844
f 1244/1845 1251/1846 1252/1847
f 1479/1848 1486/1849 1487/1850
f 1710/1851 1690/1852 1703/1051
f 1489/1522 1482/1853 1481/1854
f 1477/1855 1483/1856 1476/1857
f 1251/1858 1242/1859 1249/1860
f 1028/1570 1026/703 1046/711
f 1012/1742 1006/1272 1008/1271
f 1695/1541 1693/1861 1713/1862
f 524/29 521/601 522/30
f 254/1205 251/292 252/495
f 1426/1402 1423/1587 1425/1403
f 1253/1519 1262/1863 1254/1864
f 198/1865 195/497 196/578
f 964/1700 958/1432 960/1682
f 1262/1863 1255/1866 1254/1864
f 126/32 123/1099 124/714
f 1076/672 1078/1867 1080/755
f 452/1074 449/411 450/567
f 1271/1868 1282/1869 1289/1870
f 324/42 321/1148 322/1142
f 1764/1045 1750/1871 1758/752
f 1527/778 1518/1469 1519/1396
f 1471/827 1481/1854 1473/825
f 1695/1872 1707/1873 1697/1874
f 1481/1854 1475/1875 1473/1876
f 1289/1877 1280/1878 1268/1879
f 1471/827 1479/1838 1480/1880
f 1475/1875 1477/1881 1462/1882
f 1477/1881 1464/1883 1462/1882
f 470/1884 467/604 468/611
f 1243/1885 1256/1886 1250/1887
f 1282/1888 1290/1889 1289/1890
f 1252/1847 1245/1891 1244/1845
f 1477/1855 1490/1661 1484/1892
f 145/23 177/280 179/1176
f 1667/1893 1680/1894 1674/1895
f 1289/1896 1287/1897 1280/1898
f 190/137 187/486 188/51
f 1870/1899 1229/1900 1846/632
f 316/1073 313/352 314/473
f 836/1674 830/1361 832/1609
f 1264/1901 1250/1591 1256/1886
f 1302/1902 1293/1903 1294/1843
f 1314/1629 1311/1904 1312/1905
f 1339/1906 1327/1584 1332/624
f 1074/1907 1062/1908 1040/1909
f 1384/716 1370/1576 1376/717
f 1883/1189 1624/1910 1841/1079
f 1416/1911 1407/1912 1408/1913
f 590/26 587/115 588/1155
f 1406/1914 1386/1915 1399/1457
f 1070/783 1073/1916 1074/1907
f 182/314 179/1176 180/865
f 1679/1917 1672/252 1671/1918
f 1314/1919 1322/1420 1323/1920
f 1361/1921 1363/1922 1356/1923
f 1318/1455 1308/1343 1306/1924
f 1324/1925 1314/1919 1323/1920
f 1241/1161 1243/1926 1228/1927
f 1317/1928 1324/1929 1325/1930
f 1333/1931 1342/1932 1335/1393
f 1739/1933 1736/1934 1738/1646
f 1325/1935 1324/1936 1332/1937
f 1325/1935 1327/1467 1319/1466
f 1320/1344 1326/1583 1328/1938
f 1321/1345 1330/1524 1322/1523
f 1558/1939 1538/1940 1551/1941
f 1324/1942 1323/1943 1331/1525
f 1344/1944 1353/1945 1345/1946
f 1340/1500 1350/1947 1342/1932
f 676/510 673/1125 674/551
f 1081/670 1067/900 1041/1948
f 1820/1811 1461/1949 1802/1611
f 1004/1816 998/1799 1000/1694
f 1775/1950 1465/1951 1767/1952
f 1300/866 1293/1903 1301/1953
f 1295/1954 1289/1955 1297/1956
f 1347/1957 1346/1958 1354/1959
f 1336/1394 1344/1960 1337/1961
f 1337/1961 1345/1962 1338/1963
f 1346/1964 1338/1963 1345/1962
f 1403/1965 1412/1015 1404/1480
f 1336/1394 1342/1932 1343/1966
f 1339/1967 1346/1968 1347/1969
f 1322/1523 1331/1525 1323/1943
f 1361/1970 1901/1250 1855/1115
f 1354/1959 1341/1501 1347/1957
f 1364/1475 1358/1575 1357/1634
f 1479/1848 1488/1971 1480/1880
f 1553/1497 1559/1499 1552/1972
f 1346/1973 1345/1946 1353/1945
f 1340/1500 1349/1502 1348/1974
f 1350/1947 1343/1966 1342/1932
f 1366/1975 1360/1976 1359/1977
f 1260/1517 1253/1519 1252/1978
f 1360/1493 1856/1979 1840/1173
f 1356/1473 1886/1187 1901/1250
f 1701/1529 1698/1531 1699/1566
f 995/1279 963/645 955/1275
f 1359/1492 1840/1173 1938/1227
f 1679/1917 1688/1980 1680/1894
f 1410/1981 1403/1965 1402/1982
f 1375/1983 1360/1976 1367/1984
f 1304/1453 1318/1455 1306/1924
f 1399/1457 1405/1459 1406/1914
f 1361/1921 1375/1985 1368/1986
f 1321/1345 1312/1421 1310/1987
f 1355/1474 1364/1475 1357/1634
f 1359/1977 1365/1384 1366/1975
f 1071/889 1065/1988 1068/1989
f 1362/1355 1371/1990 1364/1475
f 1365/1384 1373/1386 1366/1429
f 1367/1428 1373/1386 1374/1991
f 1375/1992 1367/1428 1374/1991
f 1318/1455 1327/1467 1326/1583
f 1395/1479 1405/1459 1397/1993
f 1368/1994 1375/1995 1376/1996
f 686/1008 683/1997 684/1808
f 1776/1415 1472/1417 1829/1998
f 1887/1238 1588/1405 1889/1180
f 1897/1412 1615/1414 1937/1144
f 1853/1232 1584/1488 1871/1202
f 1843/1086 1658/1508 1933/1166
f 1379/1633 1372/1474 1371/1634
f 780/1305 774/1307 776/1697
f 1162/996 1127/1326 1159/1452
f 1131/919 1100/1309 1132/917
f 1273/1341 1909/1248 1936/722
f 828/1298 886/1300 888/1374
f 1792/1317 1466/1319 1775/1950
f 1391/1828 1409/1999 1402/2000
f 1338/2001 1324/2002 1331/875
f 400/613 397/149 398/129
f 1708/1320 1717/1322 1709/2003
f 1308/1343 1321/1345 1310/1987
f 1631/2004 1638/2005 1639/2006
f 1632/1327 1625/1329 1623/2007
f 1409/2008 1388/2009 1400/2010
f 1634/2011 1614/2012 1627/2013
f 1370/1353 1362/1355 1363/2014
f 1705/1369 1692/1371 1690/1852
f 1135/929 1104/1293 1136/927
f 1439/1378 1452/2015 1444/2016
f 1402/1982 1409/2017 1410/1981
f 1749/1314 1743/1316 1742/2018
f 1743/1316 1756/1046 1748/2019
f 1670/2020 1679/1917 1671/1918
f 1445/1376 1439/1378 1438/2021
f 1409/2022 1400/2023 1407/2024
f 594/1163 591/63 592/479
f 1454/2025 1445/2026 1453/2027
f 1496/1520 1489/1522 1488/1971
f 1498/1294 1484/914 1490/1661
f 1310/1987 1307/2028 1308/1343
f 1413/1014 1422/2029 1414/2030
f 1505/1263 1821/1265 1830/1648
f 1335/1393 1329/1395 1328/1938
f 736/1660 730/1691 732/1662
f 652/347 648/2 649/520
f 446/1204 475/2031 476/405
f 1948/2032 1577/2033 1864/1240
f 1134/926 1099/2034 1131/924
f 1429/2035 1440/2036 1447/2037
f 1073/1916 1068/1989 1062/2038
f 1415/2039 1409/2040 1407/1912
f 1404/1480 1413/1014 1405/1459
f 1741/1645 1747/2041 1739/2042
f 1243/1885 1249/1860 1242/1859
f 1247/1777 1241/1161 1239/2043
f 1447/2044 1438/2045 1426/2046
f 1748/2019 1728/2047 1743/2048
f 1438/2045 1424/2049 1426/2046
f 1515/2050 1502/2051 1514/2052
f 1306/1924 1303/1464 1304/1463
f 1393/1830 1404/1480 1395/1479
f 1440/2053 1448/2054 1447/2055
f 1553/1497 1566/2056 1560/1498
f 1334/2057 1347/1969 1341/2058
f 1406/1914 1413/1014 1414/2030
f 1333/1931 1341/2058 1340/1500
f 1447/2059 1445/1376 1438/2021
f 174/1082 203/1072 204/404
f 1077/671 1063/2060 1066/2061
f 1225/849 1223/1036 1224/1038
f 334/1198 331/545 332/243
f 1937/1144 1613/2062 1873/1097
f 1429/2063 1427/2064 1428/2065
f 712/1303 706/1788 708/1705
f 1422/2029 1408/1913 1414/2030
f 1255/1866 1264/1901 1256/1886
f 1308/1343 1305/2066 1306/1924
f 1757/754 1751/2067 1759/2068
f 1927/1209 1620/2069 1896/626
f 1393/1549 1390/2070 1391/879
f 1467/1837 1485/2071 1478/2072
f 668/859 665/540 666/146
f 1453/2027 1447/2073 1455/2074
f 1480/1880 1489/1522 1481/1854
f 1703/1051 1709/2003 1710/1851
f 1281/2075 1268/1879 1280/1878
f 1437/664 1443/2076 1435/2077
f 1485/2078 1464/1883 1476/2079
f 1515/2050 1513/1390 1500/2080
f 1596/2081 1576/2082 1589/2083
f 1517/1470 1505/2084 1507/1834
f 1382/2085 1375/2086 1374/2087
f 1528/779 1515/2088 1522/2089
f 1478/2090 1485/2091 1486/1849
f 1642/2092 1629/2093 1634/2011
f 1526/2094 1517/2095 1518/1469
f 1255/1866 1248/2096 1247/1777
f 1521/2097 1515/2088 1514/2098
f 1485/2099 1476/1857 1483/1856
f 604/387 601/488 602/382
f 1737/2100 1734/2101 1736/1934
f 980/1677 974/1719 976/1563
f 310/1149 339/1091 340/517
f 516/344 512/397 513/406
f 1458/1652 1451/2102 1459/2103
f 1460/2104 1451/2102 1452/2015
f 1098/853 1084/2105 1090/2106
f 1925/1124 1541/2107 1854/1121
f 1411/2108 1420/1013 1412/1015
f 540/75 537/1231 538/76
f 192/1092 189/434 190/137
f 1431/2109 1428/2065 1430/1785
f 1505/2084 1516/2110 1523/2111
f 50/1132 47/421 48/310
f 112/1170 109/16 110/18
f 1293/1903 1284/2112 1285/2113
f 1285/2113 1279/1603 1286/1844
f 1233/1824 1245/2114 1235/2115
f 1285/2113 1275/721 1277/1624
f 1523/2116 1514/2052 1502/2051
f 1281/2075 1279/1603 1266/2117
f 1245/1891 1254/1864 1246/2118
f 1743/2048 1730/2119 1742/2120
f 1138/938 1103/2121 1135/936
f 1317/1928 1319/1454 1304/1453
f 1516/2122 1524/2123 1523/2124
f 1290/1889 1283/2125 1291/2126
f 1292/868 1283/2125 1284/2112
f 1246/2118 1255/1866 1247/1777
f 1287/1897 1281/1842 1280/1898
f 1523/2127 1521/2097 1514/2098
f 672/385 669/570 670/361
f 1715/1651 1724/1597 1716/1321
f 1534/2128 1527/778 1535/2129
f 56/1111 53/368 54/40
f 1692/675 1689/2130 1690/1049
f 1460/2104 1446/2131 1454/2025
f 1888/898 1664/2132 1880/1164
f 658/156 655/529 656/1102
f 1532/2133 1525/2134 1533/2135
f 1534/2128 1525/2134 1526/2094
f 114/290 111/207 112/1170
f 68/589 65/454 66/620
f 384/1191 381/281 382/284
f 1543/2136 1561/2137 1554/2138
f 460/606 457/1190 458/1241
f 1912/1236 1544/2139 1878/1200
f 1556/2140 1565/2141 1557/2142
f 1371/1990 1365/1384 1364/1475
f 1667/1229 1654/2143 1652/253
f 1556/2140 1549/2144 1547/2145
f 1561/2146 1540/2147 1552/2148
f 1368/1994 1370/1353 1363/2014
f 1545/2149 1556/2140 1547/2145
f 1669/2150 1678/2151 1670/2020
f 1644/2152 1635/2153 1636/2154
f 1440/2036 1431/2155 1441/2156
f 1554/2157 1561/2158 1562/2159
f 1562/2159 1555/2160 1554/2157
f 1555/2160 1564/2161 1556/2140
f 1293/1903 1286/1844 1294/1843
f 1591/2162 1578/2163 1576/2082
f 1561/2164 1552/1972 1559/1499
f 1602/2165 1611/2166 1603/2167
f 1642/2092 1649/2168 1650/2169
f 1604/2170 1606/2171 1598/2172
f 1604/2170 1611/2166 1612/2173
f 1562/2174 1571/2175 1563/2176
f 1559/2177 1568/2178 1567/2179
f 1678/2151 1687/2180 1679/1917
f 1536/777 1522/2181 1530/1547
f 318/159 315/353 316/1073
f 1146/958 1111/2182 1143/956
f 1259/2183 1252/1978 1251/2184
f 848/1670 842/1733 844/1631
f 1357/1990 1924/1206 1911/1093
f 1581/2185 1599/2186 1592/2187
f 1531/2188 1524/2189 1532/2133
f 1878/1200 1542/2190 1925/1124
f 1549/2191 1558/1939 1551/1941
f 1565/2141 1558/1939 1557/2142
f 1657/2192 1669/2193 1659/2194
f 1663/2195 1672/252 1665/254
f 1599/2196 1578/2163 1590/2197
f 1237/1776 1245/2114 1246/2118
f 1705/2198 1718/1573 1712/2199
f 1581/2185 1593/2200 1583/2201
f 1682/2202 1673/2203 1674/2204
f 1543/2136 1555/2205 1545/2149
f 1592/2206 1599/2207 1600/2208
f 1593/2209 1600/2208 1601/2210
f 1553/2211 1540/2147 1538/1940
f 1603/2167 1596/2081 1595/2212
f 1676/2213 1669/2150 1668/2214
f 1599/2215 1590/2216 1597/2217
f 1562/2174 1569/2218 1570/2219
f 1638/2220 1645/2221 1646/2222
f 1564/2161 1571/2175 1572/2223
f 1597/2224 1607/2225 1599/2226
f 1600/2227 1609/2228 1601/2229
f 1678/2151 1685/2230 1686/2231
f 1635/2153 1645/2232 1637/2233
f 1523/2234 1803/833 1821/2235
f 1864/1240 1575/1404 1887/1238
f 984/1340 978/1794 980/1677
f 1397/1993 1394/2236 1395/1479
f 1875/1253 1580/2237 1838/1214
f 322/1142 319/66 320/158
f 1619/2238 1637/2239 1630/2240
f 1302/1902 1288/2241 1296/2242
f 1511/1391 1793/1562 1812/1392
f 1632/1327 1641/2243 1633/1328
f 1625/2244 1634/2011 1627/2013
f 1356/1923 1362/1355 1355/1474
f 1320/1344 1329/1395 1321/1345
f 1637/2245 1616/2246 1628/2247
f 1752/2248 1745/2249 1753/2250
f 1621/2251 1632/1327 1623/2007
f 1619/2238 1631/2252 1621/2251
f 1676/2253 1685/2230 1677/2254
f 1439/2255 1437/664 1424/2049
f 1630/2256 1637/2257 1638/2005
f 1591/2258 1597/2217 1590/2216
f 1631/2004 1640/2259 1632/1327
f 1755/1002 1746/2260 1747/2041
f 1629/2093 1635/2261 1628/2262
f 1637/2263 1628/2262 1635/2261
f 1640/2259 1649/2168 1641/2243
f 1559/2177 1569/2264 1561/2265
f 1642/2092 1644/2152 1636/2154
f 1573/2266 1566/2056 1565/2141
f 1638/2220 1647/2267 1639/2268
f 1602/2165 1609/2228 1610/2269
f 1564/2161 1573/2266 1565/2141
f 1838/1214 1579/2270 1948/1216
f 1494/2271 1487/2272 1486/1616
f 1487/2272 1496/1520 1488/1971
f 1381/1746 1374/2087 1373/1747
f 388/232 385/117 386/442
f 1399/1457 1396/2273 1397/1993
f 1657/2192 1675/2274 1668/2275
f 864/1612 858/1724 860/1725
f 700/1814 758/1350 760/1349
f 1444/2016 1451/2102 1443/2076
f 1594/2276 1587/2277 1585/2278
f 1659/2194 1670/2020 1661/2279
f 1670/2020 1663/2280 1661/2279
f 1675/2281 1654/2143 1666/2282
f 1583/2201 1594/2276 1585/2278
f 1343/1966 1352/2283 1344/1944
f 1524/2123 1517/2095 1525/2284
f 1606/2171 1597/2224 1598/2172
f 1593/2209 1602/2165 1594/2276
f 1668/2214 1675/2285 1676/2213
f 1121/1365 1103/1364 1090/804
f 1604/2170 1591/2258 1596/2081
f 1641/2243 1634/2011 1633/1328
f 1666/2286 1674/1895 1673/2287
f 1675/2288 1666/2286 1673/2287
f 1607/2289 1600/2227 1599/2290
f 1675/2291 1681/2292 1683/2293
f 1566/2056 1568/2178 1560/2294
f 1680/1894 1682/2202 1674/2204
f 880/1687 883/1772 884/1610
f 1640/2259 1647/2267 1648/2295
f 1675/2296 1684/2297 1676/2253
f 1871/1202 1582/2298 1875/1253
f 1502/2299 1785/1558 1803/833
f 1900/2300 1653/2301 1926/896
f 1829/1998 1470/2302 1811/826
f 46/354 43/597 44/1168
f 1333/1931 1328/1938 1326/1583
f 1695/1872 1713/2303 1706/2304
f 1158/986 1123/2305 1155/1450
f 62/1110 59/543 60/501
f 1755/1002 1748/2019 1756/1046
f 1594/2276 1603/2167 1595/2212
f 1401/2306 1388/2009 1386/1915
f 1747/2041 1737/2100 1739/1933
f 1713/2307 1692/1371 1704/1370
f 1616/2246 1629/2308 1628/2247
f 1746/2260 1735/2309 1737/2100
f 1745/2310 1733/2311 1735/2309
f 1409/2312 1418/2313 1410/2314
f 1754/1006 1745/2249 1746/2260
f 1706/2315 1713/2316 1714/2317
f 1401/2318 1407/2024 1400/2023
f 1401/2318 1414/2030 1408/2319
f 1710/1851 1717/1322 1718/1573
f 1448/2054 1441/2320 1449/2321
f 1713/2322 1704/2323 1711/2324
f 1866/1152 1238/2325 1868/1252
f 1312/1905 1309/2326 1310/1987
f 1201/1030 1170/1439 1202/1062
f 1205/885 1203/1069 1204/1071
f 1849/1211 1655/2327 1900/1146
f 656/1102 653/526 654/530
f 884/1610 878/1740 880/1687
f 852/1594 846/1713 848/1670
f 1418/2313 1411/2108 1410/2314
f 52/607 49/1183 50/1132
f 1703/1051 1700/1530 1701/1529
f 784/1762 778/1306 780/1305
f 1296/2242 1287/2328 1295/1954
f 1733/2311 1744/2329 1751/2330
f 664/535 661/1118 662/642
f 704/1707 698/1769 700/1814
f 1587/2331 1596/2081 1589/2083
f 1443/2076 1433/1784 1435/869
f 1243/1926 1230/1832 1228/1927
f 1699/1566 1709/2003 1701/1529
f 1751/2332 1742/2120 1730/2119
f 1442/2333 1431/2155 1433/1784
f 1697/1874 1708/1320 1699/1566
f 1283/1835 1271/1868 1273/1836
f 1730/2334 1727/1061 1729/1053
f 1450/1653 1441/2320 1442/2333
f 1744/2335 1752/2248 1751/2336
f 1714/2317 1707/2337 1706/2315
f 1707/2337 1716/1321 1708/1320
f 1451/2102 1442/2333 1443/2076
f 1705/2198 1711/2324 1704/2323
f 1751/2338 1749/1314 1742/2018
f 1735/2339 1732/1546 1734/2101
f 44/1168 41/528 42/205
f 252/495 249/475 250/496
f 1096/854 1090/2106 1088/2340
f 1078/1867 1066/2061 1060/2341
f 1218/1048 1183/975 1215/769
f 1133/923 1102/2342 1134/921
f 1336/1394 1343/1966 1344/1960
f 907/1686 911/1407 912/1406
f 748/1066 747/2343 751/1803
f 735/1689 739/1731 740/669
f 1337/1961 1344/1960 1345/1962
f 1268/1606 1266/1585 1837/1178
f 1477/1855 1484/1892 1483/1856
f 816/1620 815/1730 819/1688
f 1361/1970 1356/1473 1901/1250
f 320/158 319/66 317/286
f 1005/1802 1001/2344 1002/1273
f 813/1537 809/2345 810/1635
f 1350/1947 1351/2346 1343/1966
f 474/259 473/580 471/548
f 1009/1804 1005/1802 1006/1272
f 682/1559 681/1809 695/1560
f 118/1104 117/1177 115/57
f 763/1513 767/1481 768/1028
f 854/1675 853/2347 849/1676
f 686/1008 685/1007 683/1997
f 536/319 535/443 533/363
f 524/29 523/213 521/601
f 899/1665 903/2348 904/1666
f 1743/1316 1750/1315 1756/1046
f 476/405 475/2031 473/580
f 742/1424 741/1423 737/1797
f 800/1311 799/2349 803/1684
f 1820/1811 1463/1259 1461/1949
f 1279/1603 1277/1624 1885/1196
f 1001/1798 997/1796 998/1799
f 1489/1522 1497/1521 1498/1294
f 1679/1917 1680/1894 1672/252
f 462/99 461/572 459/428
f 1336/1394 1335/1393 1342/1932
f 590/26 589/356 587/115
f 968/1698 966/1751 962/1699
f 801/1685 797/2350 798/1304
f 1722/1650 1723/2351 1715/1651
f 1406/1914 1401/2306 1386/1915
f 1854/1604 1541/2352 1539/1605
f 198/1865 197/1192 195/497
f 1458/1652 1457/1812 1449/1381
f 1318/1455 1320/1344 1308/1343
f 64/322 63/246 61/1119
f 757/1795 753/1822 754/1351
f 732/1662 730/1691 726/1367
f 1739/1933 1737/2100 1736/1934
f 262/602 261/210 259/1103
f 994/1331 998/1799 997/1796
f 1195/1004 1163/918 1164/1437
f 1873/1097 1613/2062 1626/1632
f 808/763 807/1819 811/1801
f 776/1697 774/1307 770/1664
f 1314/1629 1313/1628 1311/1904
f 404/170 403/327 401/1154
f 992/1550 988/1552 987/1807
f 843/1669 847/2353 848/1670
f 1339/1906 1334/1582 1327/1584
f 832/1609 830/1361 826/1299
f 982/1710 981/2354 977/1720
f 731/1663 735/1689 736/1660
f 1384/716 1378/1574 1370/1576
f 654/530 653/526 651/525
f 1014/1596 954/1711 953/1434
f 769/1528 765/2355 766/1027
f 1870/1899 1231/2356 1229/1900
f 1204/1071 1172/943 1173/942
f 1354/1959 1349/1502 1341/1501
f 1475/1875 1482/1853 1477/1881
f 921/1297 917/2357 918/1486
f 902/1491 901/1672 897/1755
f 1071/889 1072/1640 1065/1988
f 1252/1847 1253/2358 1245/1891
f 1721/1598 1722/1650 1714/1599
f 1527/778 1526/2094 1518/1469
f 608/504 607/176 605/1225
f 316/1073 315/353 313/352
f 38/1112 35/556 67/1221
f 838/1430 837/2359 833/1359
f 1409/1637 1389/2360 1387/1638
f 1883/1189 1626/1632 1624/1910
f 330/365 329/48 327/1212
f 787/1793 791/1323 792/1010
f 202/400 201/86 199/392
f 392/482 391/139 389/1256
f 827/1419 831/2361 832/1609
f 708/1705 706/1788 702/1706
f 1320/1344 1318/1455 1326/1583
f 458/1241 457/1190 455/238
f 1471/827 1469/1839 1479/1838
f 1889/1180 1588/1405 1586/1487
f 964/1700 962/1699 958/1432
f 1868/1252 1238/2325 1236/1602
f 966/1751 970/1564 969/1791
f 1741/1645 1739/1933 1738/1646
f 452/1074 451/599 449/411
f 680/462 679/680 677/395
f 795/1324 799/2349 800/1311
f 581/8 580/465 579/515
f 1012/1742 1010/1771 1006/1272
f 200/78 199/392 197/1554
f 1479/1848 1487/1850 1488/1971
f 1467/1837 1478/2072 1479/1838
f 400/613 399/315 397/149
f 848/1670 847/2353 851/1789
f 1369/1575 1377/2362 1379/1633
f 1297/1840 1289/2363 1290/1841
f 386/442 385/117 383/282
f 1243/1885 1248/2096 1256/1886
f 456/377 455/238 453/600
f 1695/1541 1694/1540 1693/1861
f 260/1100 259/1103 257/142
f 705/1787 701/2364 702/1706
f 1277/1624 1275/721 1852/723
f 1262/1863 1263/2365 1255/1866
f 606/1184 605/1185 603/71
f 975/1790 979/1338 980/1677
f 1500/1556 1513/1390 1831/1557
f 674/1219 673/1220 671/68
f 712/1303 711/1302 715/1718
f 1216/770 1184/971 1185/1446
f 1289/1823 1268/1606 1869/1088
f 856/1356 854/1675 850/1593
f 952/637 951/1743 891/1766
f 396/864 395/863 393/218
f 1221/1542 1222/1543 1219/656
f 956/1595 954/1711 1014/1596
f 912/1406 910/1763 906/1490
f 256/134 255/370 253/1133
f 1519/1396 1518/1469 1509/1468
f 1724/1597 1725/2366 1717/1322
f 382/284 381/281 379/561
f 666/146 665/540 663/45
f 697/1768 757/1795 758/1350
f 1149/963 1117/2367 1118/1555
f 1410/1981 1411/2368 1403/1965
f 927/1783 931/1774 932/1630
f 586/21 585/107 583/106
f 796/1680 794/1312 790/1679
f 450/567 449/411 447/196
f 863/1745 867/1387 868/1409
f 270/182 269/174 267/173
f 836/1674 834/1431 830/1361
f 598/300 597/372 595/538
f 764/1692 762/1681 822/1347
f 528/298 527/296 525/1083
f 1016/1398 1014/1596 1010/1771
f 1717/1322 1725/2366 1726/1571
f 1275/721 1284/2112 1283/1835
f 518/417 517/415 515/470
f 960/1682 958/1432 954/1711
f 1056/855 1054/1362 1053/877
f 464/1614 463/1197 461/572
f 862/1411 861/2369 857/1723
f 930/1535 929/2370 925/1296
f 1764/1045 1756/1046 1750/1871
f 678/554 677/395 675/394
f 916/1580 914/1579 910/1763
f 186/1068 185/1067 183/34
f 676/510 675/394 673/1125
f 1266/1585 1279/1603 1910/1136
f 1209/895 1177/954 1178/1442
f 612/264 611/1158 609/177
f 1670/2020 1678/2151 1679/1917
f 120/485 119/533 117/1177
f 724/1654 722/1368 718/1760
f 1145/955 1113/2371 1114/1649
f 710/1708 709/2372 705/1787
f 1075/888 1070/783 1024/785
f 1379/1633 1380/2373 1372/1474
f 1034/736 1064/744 1048/706
f 1012/1742 1011/1741 1015/1399
f 990/1332 989/1683 985/1709
f 940/1703 939/2374 943/1820
f 1336/1394 1337/874 1330/876
f 851/1789 855/1357 856/1356
f 1355/1385 1357/1990 1911/1093
f 896/1767 895/2375 899/1665
f 830/1361 829/1360 825/1744
f 729/1690 725/1471 726/1367
f 949/1754 945/1779 946/1695
f 749/1821 745/2376 746/1065
f 928/1336 924/1485 923/1782
f 1000/1694 999/2377 1003/1815
f 1433/1784 1431/2109 1430/1785
f 968/1698 967/1764 971/1759
f 1156/982 1124/2378 1125/1019
f 1160/994 1128/2379 1129/1041
f 1080/755 1078/1867 1060/756
f 1161/780 1129/2380 1130/781
f 1052/765 1053/877 1055/771
f 1225/849 1193/995 1194/850
f 1770/1143 1897/1412 1937/1144
f 1798/1087 1843/1086 1933/1166
f 1852/723 1936/722 1827/1108
f 1814/1107 1939/1106 1884/1159
f 1803/833 1785/1558 1499/834
f 670/361 669/570 667/858
f 1079/718 1081/670 1041/719
f 526/764 525/1083 523/213
f 244/109 243/249 240/341
f 1728/1059 1741/1645 1740/1060
f 1762/1001 1761/2381 1753/1005
f 660/155 659/235 657/419
f 694/871 693/2382 691/872
f 1926/896 1653/2301 1651/897
f 744/667 742/1424 738/668
f 1147/676 1115/2383 1116/677
f 1786/1139 1922/1245 1850/1140
f 1840/1173 1856/1979 1774/1174
f 1759/629 1751/2384 1752/630
f 472/167 471/548 469/641
f 1778/1199 1912/1236 1878/1200
f 1797/1208 1896/626 1872/628
f 1391/879 1390/2070 1389/880
f 1076/672 1080/755 1032/899
f 688/862 687/861 685/1007
f 268/455 267/173 265/1023
f 1157/985 1125/2385 1126/1588
f 832/1609 831/2361 835/1333
f 1344/1944 1352/2283 1353/1945
f 771/1482 775/2386 776/1697
f 1237/1776 1246/2118 1247/1777
f 1519/1396 1511/2387 1513/1390
f 945/1779 941/1738 942/1739
f 1391/1828 1402/2000 1403/1829
f 991/1781 995/1818 996/1330
f 684/1808 683/1997 681/1809
f 692/873 691/872 689/1786
f 900/1667 898/1748 894/1726
f 961/1757 957/1433 958/1432
f 920/1578 919/2388 923/1782
f 788/1012 786/1011 782/1505
f 699/1813 703/2389 704/1707
f 772/1026 770/1664 766/1027
f 1136/930 1104/2390 1105/1043
f 1758/752 1750/1871 1749/753
f 1536/777 1535/2129 1527/778
f 1117/806 1093/819 1111/807
f 1086/852 1092/915 1098/853
f 1910/1136 1885/1196 1790/1137
f 1837/1178 1910/1136 1809/1138
f 1825/1075 1942/1018 1870/1076
f 1241/1161 1935/845 1908/847
f 1473/825 1829/1998 1811/826
f 690/860 689/1786 687/861
f 448/276 447/196 444/592
f 1217/768 1218/1048 1215/769
f 1211/1031 1179/959 1180/1032
f 248/1058 247/113 245/112
f 1092/915 1082/2391 1094/916
f 188/51 187/486 185/1067
f 1205/885 1173/945 1174/886
f 110/18 109/16 107/15
f 1437/664 1435/869 1434/665
f 650/679 647/336 679/680
f 1806/840 1926/896 1888/898
f 1822/1179 1887/1238 1889/1180
f 1896/626 1620/2069 1618/627
f 696/659 695/1560 693/660
f 1885/1196 1852/723 1772/1109
f 1924/1206 1938/1227 1828/1207
f 380/12 379/561 376/559
f 1053/877 1054/1362 1047/878
f 1197/903 1198/1040 1195/1004
f 1199/1020 1167/928 1168/1021
f 1922/1245 1539/1605 1537/1644
f 755/1805 759/1817 760/1349
f 753/1822 749/1821 750/1383
f 1281/1842 1288/2392 1294/1843
f 446/1204 443/621 475/2031
f 766/1027 765/2355 761/1372
f 964/1700 963/1712 967/1764
f 1695/1872 1706/2304 1707/1873
f 1364/1475 1365/1384 1358/1575
f 470/1884 469/2393 467/604
f 910/1763 914/1579 913/1756
f 1477/1881 1476/2079 1464/1883
f 869/1261 865/1729 866/1410
f 974/1719 973/1721 969/1791
f 891/1766 895/2375 896/1767
f 1076/672 1077/671 1078/1867
f 514/999 511/403 543/1000
f 1217/768 1185/973 1186/1047
f 1142/749 1110/2394 1107/750
f 1055/771 1053/877 1049/772
f 1070/783 1074/1907 1040/784
f 600/857 599/1135 597/372
f 1789/1129 1941/1233 1847/1016
f 1799/1150 1846/632 1865/634
f 1657/1113 1946/786 1932/788
f 1788/1131 1888/898 1880/1164
f 1125/796 1097/811 1107/797
f 176/471 175/279 172/269
f 1375/715 1383/2395 1384/716
f 108/596 107/15 104/466
f 1201/1030 1202/1062 1199/1020
f 1141/946 1109/2396 1110/1057
f 1202/1062 1170/937 1167/1063
f 60/501 59/543 57/423
f 1208/893 1176/952 1177/894
f 1033/904 1030/2397 1021/905
f 124/714 123/1099 121/430
f 1713/673 1693/2398 1691/674
f 1832/1123 1878/1200 1925/1124
f 1783/1151 1865/634 1866/1152
f 332/243 331/545 329/48
f 892/635 890/1728 950/636
f 1780/1193 1872/628 1897/1194
f 1782/1167 1933/1166 1849/1211
f 1492/912 1491/1024 1483/913
f 116/152 115/57 113/287
f 1762/1001 1754/1006 1755/1002
f 1847/1016 1234/1621 1232/1017
f 1413/1014 1421/2399 1422/2029
f 752/1064 751/1803 755/1805
f 883/1772 887/1418 888/1374
f 1667/1893 1672/252 1680/1894
f 971/1759 975/1790 976/1563
f 1361/1921 1368/1986 1363/1922
f 718/1760 717/2400 713/1761
f 1314/1919 1312/1421 1322/1420
f 1679/1917 1687/2180 1688/1980
f 66/620 65/454 63/246
f 950/636 890/1728 889/1727
f 944/1701 943/1820 947/1780
f 918/1486 917/2357 913/1756
f 1558/1939 1553/2211 1538/1940
f 704/1707 703/2389 707/1301
f 1321/1345 1329/1395 1330/1524
f 752/1064 750/1383 746/1065
f 106/1055 103/459 135/1056
f 1030/724 1033/2401 1058/725
f 1213/758 1181/962 1182/759
f 180/865 179/1176 177/280
f 1935/845 1826/1153 1807/846
f 1768/1105 1850/1140 1939/1106
f 1911/1093 1924/1206 1819/1094
f 1203/1069 1171/940 1172/1070
f 1836/1165 1880/1164 1923/1172
f 1946/786 1835/1145 1824/787
f 1300/866 1299/1753 1291/867
f 196/578 195/497 193/127
f 1052/765 1057/681 1036/766
f 1151/969 1119/2402 1120/1029
f 1213/758 1214/760 1211/1031
f 1690/1049 1689/2130 1702/1050
f 1420/1013 1421/2399 1413/1014
f 1153/882 1121/2403 1122/883
f 1075/888 1072/1640 1071/889
f 1210/687 1178/957 1175/688
f 1081/670 1079/718 1077/671
f 1813/1120 1925/1124 1854/1121
f 1824/1182 1900/2300 1926/896
f 1219/656 1187/978 1188/657
f 662/642 661/1118 659/235
f 1805/1098 1873/1097 1883/1189
f 1834/1080 1841/1079 1927/1209
f 1196/901 1164/920 1165/902
f 1337/874 1338/2001 1331/875
f 1764/1045 1763/1003 1755/1002
f 792/1010 790/1679 786/1011
f 190/137 189/434 187/486
f 1004/1613 1003/2404 1007/1778
f 779/1734 783/2405 784/1762
f 182/314 181/24 179/1176
f 933/1773 929/2370 930/1535
f 896/1767 894/1726 890/1728
f 860/1725 858/1724 854/1675
f 738/668 737/1797 733/1806
f 242/1186 239/185 271/1171
f 790/1679 789/2406 785/1503
f 880/1687 878/1740 874/1735
f 1338/2001 1346/2407 1324/2002
f 394/132 393/218 391/139
f 798/1304 797/2350 793/1678
f 258/437 257/142 255/370
f 897/1755 893/2408 894/1726
f 1207/689 1175/949 1176/1042
f 1197/903 1165/922 1166/1039
f 1275/721 1273/1341 1936/722
f 1317/774 1316/1465 1315/775
f 1056/855 1052/765 1020/767
f 398/129 397/149 395/863
f 1823/1096 1937/1144 1873/1097
f 1817/1085 1923/1172 1843/1086
f 1869/1088 1837/1178 1765/1089
f 1835/1145 1849/1211 1900/1146
f 1129/815 1095/791 1099/816
f 1932/839 1824/1182 1806/840
f 1038/733 1061/748 1059/730
f 812/761 810/1715 806/762
f 1491/1024 1493/2409 1485/1025
f 378/1034 375/262 407/1035
f 1751/1052 1730/2334 1729/1053
f 1159/991 1127/2410 1128/1009
f 1435/869 1433/1784 1432/870
f 808/763 806/762 802/910
f 1257/684 1259/2411 1251/685
f 1057/681 1055/771 1050/682
f 1855/1115 1901/1250 1801/1116
f 1781/1078 1883/1189 1841/1079
f 1132/653 1100/2412 1101/654
f 1846/632 1229/1900 1227/633
f 1886/1187 1911/1093 1810/1095
f 1779/1201 1853/1232 1871/1202
f 1148/890 1116/2413 1117/891
f 1140/907 1108/2414 1109/908
f 1223/1036 1191/990 1192/1037
f 1209/895 1210/687 1207/689
f 966/1751 965/1792 961/1757
f 246/566 245/112 243/249
f 1841/1079 1624/1910 1622/1750
f 1360/1493 1375/2415 1856/1979
f 250/496 249/475 247/113
f 544/622 543/1000 541/85
f 736/1660 734/1310 730/1691
f 1144/951 1112/2416 1113/1625
f 193/127 195/497 161/499
f 1346/623 1339/1906 1332/624
f 1810/1095 1839/2417 1844/2418
f 304/180 338/179 336/449
f 1585/2278 1915/2419 1583/2420
f 1614/2421 1862/2422 1627/2013
f 1929/2423 1805/1098 1905/2424
f 702/1706 701/2364 697/1768
f 1652/2425 1947/2426 1665/254
f 1874/2427 1768/1105 1842/2428
f 1538/2429 1914/2430 1551/1941
f 219/293 253/1133 255/370
f 1773/1117 1859/2431 1894/2432
f 720/1657 718/1760 714/1658
f 312/413 311/568 308/518
f 340/517 339/1091 337/255
f 1324/1627 1315/2433 1313/1628
f 1074/1907 1073/1916 1062/1908
f 864/1612 860/1725 859/1358
f 1811/826 1470/2302 1468/1318
f 1325/1935 1332/1937 1327/1467
f 876/1673 874/1758 870/1262
f 130/1251 129/1147 127/446
f 1004/1816 1002/1800 998/1799
f 793/1678 789/2406 790/1679
f 816/1620 814/1538 810/1635
f 538/1081 537/1218 535/443
f 952/637 950/636 946/1695
f 54/40 52/607 18/573
f 232/616 234/456 268/455
f 1895/2434 1782/1167 1863/2435
f 441/581 475/2031 443/621
f 1857/2436 1265/2437 1267/2438
f 1581/2439 1877/2440 1599/2441
f 1913/2442 1804/1122 1904/2443
f 126/32 125/123 123/1099
f 1543/2444 1904/2443 1561/2445
f 1467/2446 1767/1952 1485/2447
f 1881/2448 1346/2449 1353/2450
f 182/314 180/865 146/349
f 1842/2428 1814/1107 1914/2430
f 1241/1161 1248/2096 1243/1926
f 328/1156 327/1212 325/225
f 1362/1355 1369/1354 1371/1990
f 732/1662 728/1366 727/1765
f 1372/1474 1380/2373 1381/1746
f 338/179 337/255 335/542
f 824/1346 820/1619 819/1688
f 454/380 453/600 451/599
f 584/200 583/106 580/465
f 941/1738 937/2451 938/1702
f 1258/1590 1257/684 1249/686
f 1008/1271 1007/1778 1011/1741
f 984/1340 983/1339 987/1807
f 1251/2452 1898/2453 1230/2454
f 1634/2011 1629/2308 1614/2012
f 1070/783 1071/889 1073/1916
f 241/467 242/1186 206/557
f 1839/2417 1352/2455 1351/2346
f 1619/2456 1848/2457 1637/2458
f 467/604 469/2393 435/605
f 1230/2454 1867/2459 1228/2460
f 262/602 260/1100 226/436
f 1224/1038 1192/993 1193/1451
f 1462/2461 1776/1415 1475/1875
f 479/398 512/397 515/470
f 1589/2083 1860/2462 1587/2277
f 1831/1557 1510/2463 1512/2464
f 1663/2280 1895/2434 1661/2279
f 26/502 60/501 58/37
f 1358/1354 1359/1492 1938/1227
f 1310/1987 1309/2326 1307/2028
f 1139/941 1107/2465 1108/1577
f 972/1565 970/1564 966/1751
f 468/611 467/604 465/120
f 948/1696 947/1780 951/1743
f 1333/1931 1340/1500 1342/1932
f 1908/847 1789/1129 1882/2466
f 1947/2426 1817/1085 1918/2467
f 1809/1138 1903/2468 1876/2469
f 230/165 264/164 262/602
f 1863/2435 1835/1145 1946/786
f 992/1550 990/1332 986/1551
f 1919/2470 1267/2438 1269/2471
f 417/598 451/599 453/600
f 1540/2472 1842/2428 1538/2429
f 1583/2420 1891/2473 1581/2439
f 1616/2474 1905/2424 1614/2421
f 485/414 519/416 521/601
f 1902/2475 1269/2476 1270/2477
f 1013/1770 1009/1804 1010/1771
f 1212/1033 1180/960 1181/1443
f 204/404 203/1072 201/86
f 592/479 591/63 589/356
f 42/205 41/528 39/522
f 1395/1479 1394/2236 1392/1548
f 40/202 39/522 36/190
f 1790/1137 1916/2478 1903/2468
f 1561/2479 1874/2427 1540/2472
f 9/564 7/527 41/528
f 1576/2480 1892/2481 1589/2083
f 417/598 415/410 449/411
f 1916/2478 1272/2482 1274/2483
f 1439/1378 1446/1377 1452/2015
f 527/296 529/228 495/230
f 1228/2460 1935/845 1241/1161
f 1914/2430 1794/1160 1890/2484
f 1233/2485 1921/2486 1251/2487
f 460/606 458/1241 424/376
f 1923/1172 1662/1607 1660/1507
f 402/1622 401/1084 399/315
f 1253/1519 1261/1518 1262/1863
f 874/1735 878/1740 877/1736
f 132/81 131/552 129/1581
f 1271/1342 1289/2488 1899/1643
f 1154/974 1122/2489 1119/1623
f 1340/1500 1348/1974 1350/1947
f 894/1726 893/2408 889/1727
f 748/1655 746/1668 742/1424
f 1775/1950 1466/1319 1465/1951
f 588/1155 587/115 585/107
f 820/1619 818/1348 814/1538
f 1215/769 1183/968 1184/1445
f 54/40 53/368 51/303
f 163/583 197/1554 199/392
f 287/215 321/1148 323/483
f 1943/2490 1813/1120 1913/2442
f 76/19 110/18 108/596
f 1772/1109 1920/2491 1916/2478
f 1237/1776 1851/2492 1235/2493
f 1469/2494 1775/1950 1467/2446
f 594/1163 593/1228 591/63
f 1904/2495 1786/1139 1874/2427
f 1793/1562 1506/2496 1508/2497
f 1587/2277 1944/2498 1585/2278
f 559/477 593/1228 595/538
f 1861/2499 1770/1195 1848/2457
f 1264/1901 1258/1590 1250/1591
f 173/4 172/269 171/91
f 715/1718 719/2500 720/1657
f 846/1713 845/1714 841/1732
f 881/1436 877/1736 878/1740
f 1222/1543 1190/988 1187/987
f 720/1657 719/2500 723/1722
f 825/1744 885/1435 886/1300
f 759/1817 699/1813 700/1814
f 865/1729 861/2369 862/1411
f 596/574 595/538 593/1228
f 145/23 143/278 177/280
f 1802/1611 1461/1949 1474/1416
f 1493/1615 1494/2271 1486/1616
f 1302/1902 1301/1953 1293/1903
f 2/267 38/1112 68/589
f 502/320 536/319 534/439
f 1808/1230 1919/2501 1902/2475
f 34/590 68/589 66/620
f 1876/2469 1276/2502 1278/2503
f 1475/1875 1829/1998 1473/825
f 1928/2504 1796/1181 1892/2481
f 1719/1495 1721/2505 1713/1749
f 1898/2453 1783/1151 1867/2459
f 1905/2424 1781/1078 1862/2422
f 1784/1090 1907/2506 1857/2436
f 95/585 129/1581 131/552
f 1890/2484 1778/1199 1858/2507
f 602/382 601/488 599/1135
f 744/667 743/2508 747/1716
f 721/1472 717/2400 718/1760
f 1416/1911 1415/2039 1407/1912
f 1726/1571 1720/1494 1712/1572
f 812/1636 811/2509 815/1730
f 995/1818 999/2377 1000/1694
f 1378/1574 1377/2362 1369/1575
f 1298/1752 1290/1841 1291/867
f 1143/950 1111/2510 1112/1827
f 520/1128 519/416 517/415
f 844/1631 842/1733 838/1430
f 1300/866 1292/868 1293/1903
f 532/1134 531/1101 529/228
f 1198/1040 1166/925 1163/1438
f 602/382 600/857 566/375
f 299/614 333/1601 335/542
f 1917/2511 1797/1208 1893/2512
f 65/454 67/1221 33/555
f 1549/2144 1858/2507 1547/2145
f 1920/2491 1270/2477 1272/2482
f 1879/2513 1836/1165 1947/2426
f 1334/1582 1333/1931 1326/1583
f 1894/2432 1349/2514 1354/2515
f 1766/1175 1931/2516 1881/2448
f 1547/2145 1943/2490 1545/2517
f 633/541 667/858 669/570
f 1777/1561 1504/2518 1506/2496
f 377/96 376/559 375/262
f 904/1666 903/2348 907/1686
f 931/1774 935/1533 936/1532
f 326/55 325/225 323/483
f 985/1709 981/2354 982/1710
f 804/911 803/1684 807/1819
f 906/1490 910/1763 909/1717
f 960/1682 959/2519 963/1712
f 1022/906 1021/905 1027/1569
f 974/1719 978/1794 977/1720
f 1507/1647 1505/1263 1830/1648
f 513/406 512/397 511/403
f 1200/1022 1168/932 1169/931
f 1028/1570 1027/1569 1026/703
f 314/473 313/352 311/568
f 669/570 671/68 637/70
f 478/407 514/999 544/622
f 1858/2507 1832/1123 1943/2490
f 168/401 202/400 200/78
f 1625/1329 1917/2511 1623/2007
f 1623/2007 1893/2512 1621/2520
f 1848/2521 1823/1096 1929/2423
f 944/1701 942/1739 938/1702
f 1637/2522 1929/2423 1616/2474
f 1819/1094 1940/2523 1839/2417
f 1661/2279 1863/2435 1659/2524
f 461/572 463/1197 429/472
f 1464/2525 1802/1611 1462/2461
f 105/339 104/466 103/459
f 857/1723 853/2347 854/1675
f 1699/1566 1698/1531 1696/1567
f 1880/1164 1664/2132 1662/1607
f 1489/1522 1490/1661 1482/1853
f 739/1731 743/2508 744/667
f 408/187 407/1035 405/328
f 134/90 133/331 131/552
f 1152/972 1120/2526 1121/1704
f 1455/1568 1447/2527 1448/1380
f 254/1205 253/1133 251/292
f 1509/1468 1507/1647 1777/1561
f 336/449 335/542 333/1601
f 1872/628 1618/627 1617/1626
f 122/219 121/430 119/533
f 596/574 594/1163 560/478
f 187/486 189/434 155/435
f 1921/2528 1799/1150 1898/2453
f 52/607 50/1132 16/309
f 1882/2466 1771/1130 1851/2492
f 1867/2459 1826/1153 1935/845
f 1934/2529 1818/1077 1921/2486
f 1816/1210 1927/1209 1896/626
f 1892/2481 1779/1201 1860/2462
f 1930/2530 1350/1947 1348/1974
f 1918/2467 1798/1087 1895/2434
f 119/533 121/430 87/431
f 1235/2493 1934/2529 1233/2485
f 1221/1542 1189/984 1190/1449
f 1733/1544 1751/2531 1731/1545
f 1794/1160 1884/1159 1912/1236
f 1530/1547 1522/2181 1521/1515
f 1936/722 1909/1248 1808/1230
f 1796/1181 1889/1180 1853/1232
f 1826/1153 1866/1152 1868/1252
f 841/1732 837/2359 838/1430
f 1477/1855 1482/1853 1490/1661
f 716/1659 714/1658 710/1708
f 136/94 135/1056 133/331
f 1479/1848 1478/2090 1486/1849
f 522/30 521/601 519/416
f 1933/1166 1658/1508 1656/1608
f 1426/1402 1424/1586 1423/1587
f 355/576 389/1256 391/139
f 430/575 464/1614 462/99
f 1352/2455 1881/2448 1353/2450
f 298/244 332/243 330/365
f 1627/2013 1945/2532 1625/1329
f 1907/2506 1278/2503 1265/2437
f 1654/1247 1879/2513 1652/2425
f 1795/1215 1838/1214 1948/1216
f 1800/1224 1857/2436 1919/2470
f 1915/2419 1795/1215 1891/2473
f 1791/1188 1844/2418 1930/2530
f 492/299 526/764 524/29
f 1812/1392 1508/2497 1510/2463
f 1226/851 1194/998 1191/997
f 184/60 183/34 181/24
f 1769/1237 1864/1240 1887/1238
f 1220/658 1188/981 1189/1448
f 1771/1130 1847/1016 1942/1018
f 1856/1234 1855/1115 1773/1117
f 1697/1539 1696/1567 1694/1540
f 194/490 193/127 191/1126
f 776/1697 775/2386 779/1734
f 948/1696 946/1695 942/1739
f 1941/1233 1236/1602 1234/1621
f 932/1630 930/1535 926/1295
f 1471/827 1480/1880 1481/1854
f 1155/979 1123/2533 1124/1589
f 1206/887 1174/947 1171/1440
f 269/174 271/1171 237/184
f 279/595 277/569 311/568
f 1545/2517 1913/2442 1543/2444
f 615/3 648/2 651/525
f 1851/2492 1825/1075 1934/2529
f 1906/841 1788/1131 1879/2513
f 1551/1941 1890/2484 1549/2144
f 1818/1226 1870/1899 1846/632
f 1828/1207 1881/2448 1940/2523
f 1845/2534 1822/1179 1928/2504
f 1801/1116 1930/2530 1859/2431
f 32/587 66/620 64/322
f 1821/2235 1501/835 1503/2535
f 1375/1287 1361/1970 1855/1115
f 58/37 57/423 55/1169
f 1804/1244 1854/1604 1922/1245
f 37/266 36/190 35/556
f 1938/1227 1840/1173 1766/1175
f 1787/1239 1948/2032 1864/1240
f 1833/1203 1871/1202 1875/1253
f 768/1028 766/1027 762/1681
f 128/241 127/446 125/123
f 937/1775 933/1773 934/1511
f 1072/1640 1075/888 1037/1641
f 1388/1639 1387/1638 1385/1426
f 1850/1140 1537/1644 1550/1483
f 1481/1854 1482/1853 1475/1875
f 976/1563 974/1719 970/1564
f 409/591 443/621 444/592
f 387/492 389/1256 355/576
f 1578/2536 1928/2504 1576/2480
f 466/358 464/1614 430/575
f 1859/2431 1348/1974 1349/2514
f 1844/2418 1351/2346 1350/1947
f 1862/2422 1834/1080 1945/2532
f 1899/1223 1869/1088 1784/1090
f 1485/2537 1820/1811 1464/2525
f 1944/2498 1815/1213 1915/2419
f 1945/2532 1816/1210 1917/2511
f 405/328 407/1035 373/261
f 1891/2473 1787/1217 1877/2440
f 48/310 47/421 45/565
f 241/467 240/341 239/185
f 1807/846 1868/1252 1941/1233
f 1909/1248 1899/1643 1800/1249
f 1815/1213 1875/1253 1838/1214
f 1675/1246 1932/839 1906/841
f 1901/1250 1886/1187 1791/1188
f 1710/1851 1705/1369 1690/1852
f 846/1713 850/1593 849/1676
f 178/350 177/280 175/279
f 1295/1954 1287/2328 1289/1955
f 1403/1965 1411/2368 1412/1015
f 920/1578 918/1486 914/1579
f 872/1389 870/1262 866/1410
f 1366/1975 1367/1984 1360/1976
f 164/577 198/1865 196/578
f 628/536 662/642 660/155
f 1827/1108 1902/2475 1920/2491
f 368/612 402/1622 400/613
f 1903/2468 1274/2483 1276/2502
f 1239/1162 1882/2466 1237/1776
f 1830/1648 1503/2538 1504/2518
f 782/1505 781/1504 777/1526
f 1931/2539 1354/2515 1346/2540
f 1785/1558 1512/2464 1499/834
f 1599/2541 1845/2534 1578/2536
f 473/580 475/2031 441/581
f 1765/1089 1876/2469 1907/2506
f 652/347 651/525 648/2
f 1884/1159 1548/1484 1546/1592
f 915/1408 919/2388 920/1578
f 1359/1977 1358/1575 1365/1384
f 840/1335 839/1334 843/1669
f 649/520 648/2 647/336
f 724/1654 723/1722 727/1765
f 1948/2032 1579/2542 1577/2033
f 1454/2025 1446/2131 1445/2026
f 822/1347 821/1373 817/1536
f 1865/634 1227/633 1240/1618
f 784/1762 783/2405 787/1793
f 904/1666 902/1491 898/1748
f 1424/1586 1437/664 1436/666
f 713/1761 709/2372 710/1708
f 556/27 558/480 592/479
f 436/610 470/1884 468/611
f 1877/2543 1769/1237 1845/2534
f 162/579 196/578 194/490
f 1665/254 1918/2467 1663/2280
f 1659/2524 1946/786 1657/1113
f 1860/2462 1833/1203 1944/2498
f 1134/926 1102/2544 1099/2034
f 1893/2512 1780/1193 1861/2499
f 1471/827 1792/1317 1469/2494
f 1621/2520 1861/2499 1619/2456
f 439/582 437/549 471/548
f 1774/1235 1894/2432 1931/2539
f 406/334 405/328 403/327
f 734/1310 733/1806 729/1690
f 902/1491 906/1490 905/1671
f 988/1552 986/1551 982/1710
f 1631/2004 1630/2256 1638/2005
f 1000/1694 998/1799 994/1331
f 955/1400 959/2519 960/1682
f 1760/631 1753/1005 1761/2381
f 1073/1916 1071/889 1068/1989
f 1415/2039 1417/2545 1409/2040
f 1404/1480 1412/1015 1413/1014
f 1741/1645 1748/2019 1747/2041
f 1243/1885 1250/1887 1249/1860
f 1247/1777 1248/2096 1241/1161
f 1748/2019 1741/1645 1728/2047
f 1438/2045 1439/2255 1424/2049
f 1515/2050 1500/2080 1502/2051
f 1306/1924 1305/2066 1303/1464
f 1393/1830 1403/1829 1404/1480
f 1553/1497 1558/1939 1566/2056
f 1334/2057 1339/1967 1347/1969
f 1406/1914 1405/1459 1413/1014
f 1333/1931 1334/2057 1341/2058
f 174/1082 171/91 203/1072
f 1077/671 1079/718 1063/2060
f 1225/849 1226/851 1223/1036
f 334/1198 333/1222 331/545
f 1937/1144 1615/1414 1613/2062
f 1429/2063 1447/2546 1427/2064
f 712/1303 710/1708 706/1788
f 1422/2029 1416/1911 1408/1913
f 1255/1866 1263/2365 1264/1901
f 1308/1343 1307/2028 1305/2066
f 1757/754 1749/753 1751/2067
f 1927/1209 1622/1750 1620/2069
f 1393/1549 1392/1548 1390/2070
f 668/859 667/858 665/540
f 1453/2027 1445/2026 1447/2073
f 1480/1880 1488/1971 1489/1522
f 1703/1051 1701/2547 1709/2003
f 1281/2075 1266/2117 1268/1879
f 1437/664 1444/2016 1443/2076
f 1515/2050 1520/1397 1513/1390
f 1596/2081 1591/2162 1576/2082
f 1517/1470 1516/2110 1505/2084
f 1382/2085 1383/2548 1375/2086
f 1528/779 1520/1397 1515/2088
f 1642/2092 1636/2549 1629/2093
f 1526/2094 1525/2284 1517/2095
f 1255/1866 1256/1886 1248/2096
f 1521/2097 1522/2089 1515/2088
f 604/387 603/71 601/488
f 1737/2100 1735/2339 1734/2101
f 980/1677 978/1794 974/1719
f 310/1149 307/337 339/1091
f 516/344 515/470 512/397
f 1458/1652 1450/1653 1451/2102
f 1460/2104 1459/2103 1451/2102
f 1098/853 1094/916 1084/2105
f 1925/1124 1542/2190 1541/2107
f 1411/2108 1419/2550 1420/1013
f 540/75 539/84 537/1231
f 192/1092 191/1126 189/434
f 1431/2109 1429/2063 1428/2065
f 50/1132 49/1183 47/421
f 112/1170 111/207 109/16
f 1293/1903 1292/868 1284/2112
f 1285/2113 1277/2551 1279/1603
f 1233/1824 1244/1826 1245/2114
f 1285/2113 1284/2112 1275/721
f 1281/2075 1286/1844 1279/1603
f 1245/1891 1253/2358 1254/1864
f 1743/2048 1728/2047 1730/2119
f 1138/938 1106/2552 1103/2121
f 1317/1928 1325/1930 1319/1454
f 1290/1889 1282/1888 1283/2125
f 1292/868 1291/2126 1283/2125
f 1246/2118 1254/1864 1255/1866
f 1287/1897 1288/2392 1281/1842
f 672/385 671/68 669/570
f 1715/1651 1723/2351 1724/1597
f 1534/2128 1526/2094 1527/778
f 56/1111 55/1169 53/368
f 1692/675 1691/674 1689/2130
f 1460/2104 1452/2015 1446/2131
f 1888/898 1651/897 1664/2132
f 658/156 657/419 655/529
f 1532/2133 1524/2189 1525/2134
f 1534/2128 1533/2135 1525/2134
f 114/290 113/287 111/207
f 68/589 67/1221 65/454
f 384/1191 383/282 381/281
f 460/606 459/428 457/1190
f 1912/1236 1546/1592 1544/2139
f 1556/2140 1564/2161 1565/2141
f 1371/1990 1372/1385 1365/1384
f 1667/1229 1666/2282 1654/2143
f 1556/2140 1557/2142 1549/2144
f 1368/1994 1376/1996 1370/1353
f 1545/2149 1555/2205 1556/2140
f 1669/2150 1677/2553 1678/2151
f 1644/2152 1643/2554 1635/2153
f 1440/2036 1429/2035 1431/2155
f 1562/2159 1563/2555 1555/2160
f 1555/2160 1563/2555 1564/2161
f 1293/1903 1285/2113 1286/1844
f 1591/2162 1590/2197 1578/2163
f 1602/2165 1610/2269 1611/2166
f 1642/2092 1641/2243 1649/2168
f 1604/2170 1612/2173 1606/2171
f 1604/2170 1603/2167 1611/2166
f 1562/2174 1570/2219 1571/2175
f 1559/2177 1560/2294 1568/2178
f 1678/2151 1686/2231 1687/2180
f 1536/777 1528/779 1522/2181
f 318/159 317/286 315/353
f 1146/958 1114/2556 1111/2182
f 1259/2183 1260/1517 1252/1978
f 848/1670 846/1713 842/1733
f 1357/1990 1358/1354 1924/1206
f 1531/2188 1523/2557 1524/2189
f 1878/1200 1544/2139 1542/2190
f 1549/2191 1557/2142 1558/1939
f 1565/2141 1566/2056 1558/1939
f 1657/2192 1668/2275 1669/2193
f 1663/2195 1671/1918 1672/252
f 1237/1776 1235/2115 1245/2114
f 1705/2198 1710/1851 1718/1573
f 1581/2185 1592/2187 1593/2200
f 1682/2202 1681/2292 1673/2203
f 1543/2136 1554/2138 1555/2205
f 1593/2209 1592/2206 1600/2208
f 1553/2211 1552/2148 1540/2147
f 1603/2167 1604/2170 1596/2081
f 1676/2213 1677/2553 1669/2150
f 1562/2174 1561/2558 1569/2218
f 1638/2220 1637/2559 1645/2221
f 1564/2161 1563/2176 1571/2175
f 1597/2224 1605/2560 1607/2225
f 1600/2227 1608/2561 1609/2228
f 1678/2151 1677/2254 1685/2230
f 1635/2153 1643/2554 1645/2232
f 1523/2234 1502/2299 1803/833
f 1864/1240 1577/2033 1575/1404
f 984/1340 982/1710 978/1794
f 1397/1993 1396/2273 1394/2236
f 1875/1253 1582/2298 1580/2237
f 322/1142 321/1148 319/66
f 1302/1902 1294/1843 1288/2241
f 1511/1391 1509/1468 1793/1562
f 1632/1327 1640/2259 1641/2243
f 1625/2244 1633/1328 1634/2011
f 1356/1923 1363/1922 1362/1355
f 1320/1344 1328/1938 1329/1395
f 1752/2248 1744/2335 1745/2249
f 1621/2251 1631/2252 1632/1327
f 1619/2238 1630/2240 1631/2252
f 1676/2253 1684/2297 1685/2230
f 1439/2255 1444/2016 1437/664
f 1591/2258 1598/2562 1597/2217
f 1631/2004 1639/2006 1640/2259
f 1755/1002 1754/1006 1746/2260
f 1629/2093 1636/2549 1635/2261
f 1640/2259 1648/2295 1649/2168
f 1559/2177 1567/2179 1569/2264
f 1642/2092 1650/2169 1644/2152
f 1573/2266 1574/2563 1566/2056
f 1638/2220 1646/2222 1647/2267
f 1602/2165 1601/2229 1609/2228
f 1564/2161 1572/2223 1573/2266
f 1838/1214 1580/2237 1579/2270
f 1494/2271 1495/2564 1487/2272
f 1487/2272 1495/2564 1496/1520
f 1381/1746 1382/2085 1374/2087
f 388/232 387/492 385/117
f 1399/1457 1398/1427 1396/2273
f 864/1612 862/1411 858/1724
f 700/1814 698/1769 758/1350
f 1444/2016 1452/2015 1451/2102
f 1594/2276 1595/2212 1587/2277
f 1659/2194 1669/2193 1670/2020
f 1670/2020 1671/1918 1663/2280
f 1583/2201 1593/2200 1594/2276
f 1343/1966 1351/2346 1352/2283
f 1524/2123 1516/2122 1517/2095
f 1606/2171 1605/2560 1597/2224
f 1593/2209 1601/2210 1602/2165
f 1121/1365 1091/801 1103/1364
f 1604/2170 1598/2562 1591/2258
f 1641/2243 1642/2092 1634/2011
f 1666/2286 1667/1893 1674/1895
f 1607/2289 1608/2561 1600/2227
f 1675/2291 1673/2203 1681/2292
f 1566/2056 1574/2563 1568/2178
f 1680/1894 1688/1980 1682/2202
f 880/1687 879/1478 883/1772
f 1640/2259 1639/2268 1647/2267
f 1675/2296 1683/2565 1684/2297
f 1871/1202 1584/1488 1582/2298
f 1502/2299 1500/1556 1785/1558
f 1900/2300 1655/2566 1653/2301
f 1829/1998 1472/1417 1470/2302
f 46/354 45/565 43/597
f 1333/1931 1335/1393 1328/1938
f 1158/986 1126/2567 1123/2305
f 62/1110 61/1242 59/543
f 1755/1002 1747/2041 1748/2019
f 1594/2276 1602/2165 1603/2167
f 1401/2306 1400/2010 1388/2009
f 1747/2041 1746/2260 1737/2100
f 1616/2246 1614/2012 1629/2308
f 1746/2260 1745/2310 1735/2309
f 1745/2310 1744/2329 1733/2311
f 1409/2312 1417/2568 1418/2313
f 1754/1006 1753/2250 1745/2249
f 1401/2318 1408/2319 1407/2024
f 1401/2318 1406/1914 1414/2030
f 1710/1851 1709/2003 1717/1322
f 1448/2054 1440/2053 1441/2320
f 1866/1152 1240/1618 1238/2325
f 1312/1905 1311/1904 1309/2326
f 1201/1030 1169/934 1170/1439
f 1205/885 1206/887 1203/1069
f 1849/1211 1656/1608 1655/2327
f 656/1102 655/529 653/526
f 884/1610 882/1375 878/1740
f 852/1594 850/1593 846/1713
f 1418/2313 1419/2550 1411/2108
f 52/607 51/303 49/1183
f 1703/1051 1702/1050 1700/1530
f 784/1762 782/1505 778/1306
f 1296/2242 1288/2241 1287/2328
f 664/535 663/45 661/1118
f 704/1707 702/1706 698/1769
f 1587/2331 1595/2212 1596/2081
f 1443/2076 1442/2333 1433/1784
f 1243/1926 1242/1833 1230/1832
f 1699/1566 1708/1320 1709/2003
f 1442/2333 1441/2156 1431/2155
f 1697/1874 1707/1873 1708/1320
f 1283/1835 1282/1869 1271/1868
f 1730/2334 1728/1059 1727/1061
f 1450/1653 1449/2321 1441/2320
f 1714/2317 1715/2569 1707/2337
f 1707/2337 1715/2569 1716/1321
f 1451/2102 1450/1653 1442/2333
f 1705/2198 1712/2199 1711/2324
f 1735/2339 1733/1544 1732/1546
f 44/1168 43/597 41/528
f 252/495 251/292 249/475
f 1096/854 1098/853 1090/2106
f 1078/1867 1077/671 1066/2061
f 1218/1048 1186/976 1183/975
f 1133/923 1101/2570 1102/2342
f 1810/1095 1819/1094 1839/2417
f 1585/2278 1944/2498 1915/2419
f 1614/2421 1905/2424 1862/2422
f 1929/2423 1823/1096 1805/1098
f 1652/2425 1879/2513 1947/2426
f 1874/2427 1786/1139 1768/1105
f 1538/2429 1842/2428 1914/2430
f 1773/1117 1801/1116 1859/2431
f 1895/2434 1798/1087 1782/1167
f 1857/2436 1907/2506 1265/2437
f 1581/2439 1891/2473 1877/2440
f 1913/2442 1813/1120 1804/1122
f 1543/2444 1913/2442 1904/2443
f 1467/2446 1775/1950 1767/1952
f 1881/2448 1931/2516 1346/2449
f 1842/2428 1768/1105 1814/1107
f 1251/2452 1921/2528 1898/2453
f 1839/2417 1940/2523 1352/2455
f 1619/2456 1861/2499 1848/2457
f 1230/2454 1898/2453 1867/2459
f 1462/2461 1802/1611 1776/1415
f 1589/2083 1892/2481 1860/2462
f 1831/1557 1812/1392 1510/2463
f 1663/2280 1918/2467 1895/2434
f 1908/847 1807/846 1789/1129
f 1947/2426 1836/1165 1817/1085
f 1809/1138 1790/1137 1903/2468
f 1863/2435 1782/1167 1835/1145
f 1919/2470 1857/2436 1267/2438
f 1540/2472 1874/2427 1842/2428
f 1583/2420 1915/2419 1891/2473
f 1616/2474 1929/2423 1905/2424
f 1902/2475 1919/2501 1269/2476
f 1790/1137 1772/1109 1916/2478
f 1561/2479 1904/2495 1874/2427
f 1576/2480 1928/2504 1892/2481
f 1916/2478 1920/2491 1272/2482
f 1228/2460 1867/2459 1935/845
f 1914/2430 1814/1107 1794/1160
f 1233/2485 1934/2529 1921/2486
f 1943/2490 1832/1123 1813/1120
f 1772/1109 1827/1108 1920/2491
f 1237/1776 1882/2466 1851/2492
f 1469/2494 1792/1317 1775/1950
f 1904/2495 1804/1244 1786/1139
f 1793/1562 1777/1561 1506/2496
f 1587/2277 1860/2462 1944/2498
f 1861/2499 1780/1193 1770/1195
f 1808/1230 1800/1249 1919/2501
f 1876/2469 1903/2468 1276/2502
f 1475/1875 1776/1415 1829/1998
f 1928/2504 1822/1179 1796/1181
f 1898/2453 1799/1150 1783/1151
f 1905/2424 1805/1098 1781/1078
f 1784/1090 1765/1089 1907/2506
f 1890/2484 1794/1160 1778/1199
f 1917/2511 1816/1210 1797/1208
f 1549/2144 1890/2484 1858/2507
f 1920/2491 1902/2475 1270/2477
f 1879/2513 1788/1131 1836/1165
f 1894/2432 1859/2431 1349/2514
f 1766/1175 1774/1174 1931/2516
f 1547/2145 1858/2507 1943/2490
f 1777/1561 1830/1648 1504/2518
f 1858/2507 1778/1199 1832/1123
f 1625/1329 1945/2532 1917/2511
f 1623/2007 1917/2511 1893/2512
f 1848/2521 1770/1143 1823/1096
f 1637/2522 1848/2521 1929/2423
f 1819/1094 1828/1207 1940/2523
f 1661/2279 1895/2434 1863/2435
f 1464/2525 1820/1811 1802/1611
f 1921/2528 1818/1226 1799/1150
f 1882/2466 1789/1129 1771/1130
f 1867/2459 1783/1151 1826/1153
f 1934/2529 1825/1075 1818/1077
f 1892/2481 1796/1181 1779/1201
f 1930/2530 1844/2418 1350/1947
f 1918/2467 1817/1085 1798/1087
f 1235/2493 1851/2492 1934/2529
f 1352/2455 1940/2523 1881/2448
f 1627/2013 1862/2422 1945/2532
f 1907/2506 1876/2469 1278/2503
f 1654/1247 1906/841 1879/2513
f 1800/1224 1784/1090 1857/2436
f 1915/2419 1815/1213 1795/1215
f 1791/1188 1810/1095 1844/2418
f 1812/1392 1793/1562 1508/2497
f 1545/2517 1943/2490 1913/2442
f 1851/2492 1771/1130 1825/1075
f 1906/841 1806/840 1788/1131
f 1551/1941 1914/2430 1890/2484
f 1828/1207 1766/1175 1881/2448
f 1845/2534 1769/1237 1822/1179
f 1801/1116 1791/1188 1930/2530
f 1821/2235 1803/833 1501/835
f 1578/2536 1845/2534 1928/2504
f 1859/2431 1930/2530 1348/1974
f 1844/2418 1839/2417 1351/2346
f 1862/2422 1781/1078 1834/1080
f 1485/2537 1767/1257 1820/1811
f 1944/2498 1833/1203 1815/1213
f 1945/2532 1834/1080 1816/1210
f 1891/2473 1795/1215 1787/1217
f 1827/1108 1808/1230 1902/2475
f 1903/2468 1916/2478 1274/2483
f 1239/1162 1908/847 1882/2466
f 1830/1648 1821/1265 1503/2538
f 1931/2539 1894/2432 1354/2515
f 1785/1558 1831/1557 1512/2464
f 1599/2541 1877/2543 1845/2534
f 1765/1089 1809/1138 1876/2469
f 1877/2543 1787/1239 1769/1237
f 1665/254 1947/2426 1918/2467
f 1659/2524 1863/2435 1946/786
f 1860/2462 1779/1201 1833/1203
f 1893/2512 1797/1208 1780/1193
f 1471/827 1811/826 1792/1317
f 1621/2520 1893/2512 1861/2499
f 1774/1235 1773/1117 1894/2432
f 1760/631 1752/630 1753/1005
