o Launch
v 4.5 -0 -4.5
v 4.5 10.8787 -4.5
v 4.5 -0 -6.5
v 4.5 12.8787 -6.5
v 6.5 -0 -4.5
v 6.5 10.8787 -4.5
v 6.5 -0 -6.5
v 6.5 12.8787 -6.5
v 4.5 2 -4.5
v 4.5 2 -6.5
v 6.5 2 -4.5
v 6.5 2 -6.5
v 5.5 2 -4.5
v 5.5 10.8787 -4.5
v 5.5 2 -6.5
v 5.5 12.8787 -6.5
v 4.5 2 -5.5
v 4.5 11.8787 -5.5
v 6.5 2 -5.5
v 6.5 11.8787 -5.5
v 4.5 -0 -4.5
v 4.5 10.8787 -4.5
v 4.5 -0 -6.5
v 4.5 12.8787 -6.5
v 6.5 -0 -4.5
v 6.5 10.8787 -4.5
v 6.5 -0 -6.5
v 6.5 12.8787 -6.5
v 5.5 2 -4.5
v 5.5 10.8787 -4.5
v 5.5 2 -6.5
v 5.5 12.8787 -6.5
v 4.5 2 -5.5
v 4.5 11.8787 -5.5
v 6.5 2 -5.5
v 6.5 11.8787 -5.5
v -4.5 -0 -4.5
v -4.5 10.8787 -4.5
v -4.5 -0 -6.5
v -4.5 12.8787 -6.5
v -6.5 -0 -4.5
v -6.5 10.8787 -4.5
v -6.5 -0 -6.5
v -6.5 12.8787 -6.5
v -4.5 2 -4.5
v -4.5 2 -6.5
v -6.5 2 -4.5
v -6.5 2 -6.5
v -5.5 2 -4.5
v -5.5 10.8787 -4.5
v -5.5 2 -6.5
v -5.5 12.8787 -6.5
v -4.5 2 -5.5
v -4.5 11.8787 -5.5
v -6.5 2 -5.5
v -6.5 11.8787 -5.5
v -4.5 -0 -4.5
v -4.5 10.8787 -4.5
v -4.5 -0 -6.5
v -4.5 12.8787 -6.5
v -6.5 -0 -4.5
v -6.5 10.8787 -4.5
v -6.5 -0 -6.5
v -6.5 12.8787 -6.5
v -5.5 2 -4.5
v -5.5 10.8787 -4.5
v -5.5 2 -6.5
v -5.5 12.8787 -6.5
v -4.5 2 -5.5
v -4.5 11.8787 -5.5
v -6.5 2 -5.5
v -6.5 11.8787 -5.5
v -2.5 1.8787 4.5
v -2.5 6.8787 -0.5
v 2.5 1.8787 4.5
v 2.5 6.8787 -0.5
v -2.25 0.25 -0.5
v -2.5 0.125 4.375
v 2.25 0.25 -0.5
v 2.5 0.25 4.25
v -2.25 6.6287 -0.5
v 2.25 6.6287 -0.5
v 2.5 0.25 -0.25
v -2.5 0.125 -0.375
v -2.25 6.6287 -0.25
v 2.25 6.6287 -0.25
v 2.25 0.25 -0.25
v -2.25 0.25 -0.25
v -2.5 0.875 -0.375
v -2.5 0.875 4.375
v -2.5 1.25 -0.25
v -2.5 -0 -0.5
v -2.5 0 4.5
v -2.5 1.25 4.25
v -2.375 0.875 -0.375
v -2.375 0.125 -0.375
v -2.375 0.125 4.375
v -2.375 0.875 4.375
v -2.5 6.2751 -0.25
v -2.5 1.7751 4.25
v -2.5 1 4.5
v -2.5 1 -0.5
v -2.25 1.7751 4.25
v -2.25 6.2751 -0.25
v -2.25 1.25 4.25
v -2.25 1.25 -0.25
v 2.5 6.2751 -0.25
v 2.5 1.7751 4.25
v 2.5 0 4.5
v 2.5 -0 -0.5
v 2.25 6.2751 -0.25
v 2.25 1.7751 4.25
v 2.25 0.25 4.25
v 2.25 0.25 -0.25
v 0.003 4.7848 1.5938
v 0.003 3.1211 -0.985
v 1.878 5.1401 1.2386
v 1.5545 3.415 -1.279
v 3.2506 6.1107 0.268
v 2.6903 4.2181 -2.0821
v 3.753 7.4365 -1.0578
v 3.106 5.3152 -3.1791
v 3.2506 8.7623 -2.3836
v 2.6903 6.4122 -4.2762
v 1.878 9.7329 -3.3542
v 1.5545 7.2153 -5.0793
v 0.003 10.0882 -3.7095
v 0.003 7.5093 -5.3733
v -1.872 9.7329 -3.3542
v -1.5484 7.2153 -5.0793
v -3.2446 8.7623 -2.3836
v -2.6842 6.4122 -4.2762
v -3.747 7.4365 -1.0578
v -3.0999 5.3152 -3.1791
v -3.2446 6.1107 0.268
v -2.6842 4.2181 -2.0821
v -1.872 5.1401 1.2386
v -1.5484 3.415 -1.279
v 1.878 3.0188 -0.8827
v 0.003 2.6635 -0.5275
v 3.2506 3.9894 -1.8533
v 3.753 5.3152 -3.1791
v 3.2506 6.641 -4.505
v 1.878 7.6116 -5.4755
v 0.003 7.9668 -5.8308
v -1.872 7.6116 -5.4755
v -3.2446 6.641 -4.505
v -3.747 5.3152 -3.1791
v -3.2446 3.9894 -1.8533
v -1.872 3.0188 -0.8827
v 0.9075 4.2075 -2.0714
v 0.003 4.0361 -1.9001
v 1.5696 4.6757 -2.5396
v 1.8119 5.3152 -3.1791
v 1.5696 5.9547 -3.8187
v 0.9075 6.4229 -4.2868
v 0.003 6.5942 -4.4582
v -0.9014 6.4229 -4.2868
v -1.5635 5.9547 -3.8187
v -1.8058 5.3152 -3.1791
v -1.5635 4.6757 -2.5396
v -0.9014 4.2075 -2.0714
v 1.5545 3.5034 -1.1906
v 0.003 3.2094 -0.8966
v 2.6903 4.3065 -1.9937
v 3.106 5.4036 -3.0908
v 2.6903 6.5006 -4.1878
v 1.5545 7.3037 -4.9909
v 0.003 7.5977 -5.2849
v -1.5484 7.3037 -4.9909
v -2.6842 6.5006 -4.1878
v -3.0999 5.4036 -3.0908
v -2.6842 4.3065 -1.9937
v -1.5484 3.5034 -1.1906
v 0 15.0407 -8.3085
v 0 16.8085 -6.5407
v 2.7176 14.7877 -8.0555
v 2.7176 16.5555 -6.2878
v 5.25 14.046 -7.3138
v 5.25 15.8138 -5.546
v 7.5 12.7967 -6.0644
v 7.5 14.5644 -4.2967
v 10.5 7.6161 -0.8839
v 10.5 9.3839 0.8839
v 10.1422 5.6945 1.0377
v 10.1422 7.4623 2.8055
v 9.0933 3.9038 2.8284
v 9.0933 5.6716 4.5962
v 7.4246 2.3661 4.3661
v 7.4246 4.1339 6.1339
v 5.25 1.1862 5.546
v 5.25 2.954 7.3138
v 2.7176 0.4445 6.2877
v 2.7176 2.2123 8.0555
v 0 0.1915 6.5407
v 0 1.9593 8.3085
v -2.7176 0.4445 6.2877
v -2.7176 2.2123 8.0555
v -5.25 1.1862 5.546
v -5.25 2.954 7.3138
v -7.4246 2.3661 4.3661
v -7.4246 4.1339 6.1339
v -9.0933 3.9038 2.8284
v -9.0933 5.6716 4.5962
v -10.1422 5.6945 1.0377
v -10.1422 7.4623 2.8055
v -10.5 7.6161 -0.8839
v -10.5 9.3839 0.8839
v -10.1422 9.5378 -2.8055
v -10.1422 11.3055 -1.0378
v -9.0933 11.3284 -4.5962
v -9.0933 13.0962 -2.8284
v -7.4246 12.8661 -6.1339
v -7.4246 14.6339 -4.3661
v -5.25 14.046 -7.3138
v -5.25 15.8138 -5.546
v -2.7176 14.7877 -8.0555
v -2.7176 16.5555 -6.2878
v 0 13.4497 -2.8284
v 1.4235 13.3172 -2.6959
v 2.75 12.9287 -2.3074
v 3.8891 12.3107 -1.6893
v 4.7631 11.5052 -0.8839
v 5.3126 10.5672 0.0541
v 5.5 9.5607 1.0607
v 5.3126 8.5541 2.0672
v 4.7631 7.6161 3.0052
v 3.8891 6.8107 3.8107
v 2.75 6.1926 4.4287
v 1.4235 5.8041 4.8172
v 0 5.6716 4.9497
v -1.4235 5.8041 4.8172
v -2.75 6.1926 4.4287
v -3.8891 6.8107 3.8107
v -4.7631 7.6161 3.0052
v -5.3126 8.5541 2.0672
v -5.5 9.5607 1.0607
v -5.3126 10.5672 0.0541
v -4.7631 11.5052 -0.8839
v -3.8891 12.3107 -1.6893
v -2.75 12.9287 -2.3074
v -1.4235 13.3172 -2.6959
v 1.1647 13.3413 -1.3058
v 0 13.4497 -1.4142
v 2.25 13.0234 -0.9879
v 3.182 12.5178 -0.4822
v 3.8971 11.8588 0.1768
v 4.3467 11.0913 0.9442
v 4.5 10.2678 1.7678
v 4.3467 9.4442 2.5913
v 3.8971 8.6768 3.3588
v 3.182 8.0178 4.0178
v 2.25 7.5121 4.5234
v 1.1647 7.1942 4.8413
v 0 7.0858 4.9497
v -1.1647 7.1942 4.8413
v -2.25 7.5121 4.5234
v -3.182 8.0178 4.0178
v -3.8971 8.6768 3.3588
v -4.3467 9.4442 2.5913
v -4.5 10.2678 1.7678
v -4.3467 11.0913 0.9442
v -3.8971 11.8588 0.1768
v -3.182 12.5178 -0.4822
v -2.25 13.0234 -0.9879
v -1.1647 13.3413 -1.3058
v 0.003 7.4365 -1.0578
v 0.0029 9.5579 1.0634
v 7.5 12.6199 -6.2412
v 7.5 14.7412 -4.1199
v 9.0933 11.1517 -4.773
v 9.0933 13.273 -2.6517
v 10.1422 9.361 -2.9823
v 10.1422 11.4823 -0.861
v 10.5 7.4393 -1.0607
v 10.5 9.5607 1.0607
v 0 14.9523 -8.2201
v 0 16.7201 -6.4524
v 2.6852 16.4701 -6.2024
v 2.6852 14.7024 -7.9701
v 5.1875 15.7372 -5.4695
v 5.1875 13.9695 -7.2372
v 10.0215 7.4851 2.7826
v 10.0215 5.7174 1.0149
v 8.985 5.7158 4.552
v 8.985 3.948 2.7842
v 7.3362 4.1964 6.0714
v 7.3362 2.4286 4.3036
v 5.1875 3.0305 7.2372
v 5.1875 1.2628 5.4695
v 2.6852 2.2976 7.9701
v 2.6852 0.5299 6.2024
v 0 2.0477 8.2201
v 0 0.2799 6.4523
v -2.6852 2.2976 7.9701
v -2.6852 0.5299 6.2024
v -5.1875 3.0305 7.2372
v -5.1875 1.2628 5.4695
v -7.3362 4.1964 6.0714
v -7.3362 2.4286 4.3036
v -8.985 5.7158 4.552
v -8.985 3.948 2.7842
v -10.0215 7.4851 2.7826
v -10.0215 5.7174 1.0149
v -10.375 9.3839 0.8839
v -10.375 7.6161 -0.8839
v -10.0215 11.2826 -1.0149
v -10.0215 9.5149 -2.7826
v -8.985 13.052 -2.7842
v -8.985 11.2842 -4.552
v -7.3362 14.5714 -4.3036
v -7.3362 12.8036 -6.0714
v -5.1875 15.7372 -5.4695
v -5.1875 13.9695 -7.2372
v -2.6852 16.4701 -6.2024
v -2.6852 14.7024 -7.9701
v 10.2067 9.4406 0.9406
v 9.8589 7.5727 2.8086
v -10.2067 9.4406 0.9406
v 0 16.6575 -6.2762
v 2.6416 16.4116 -6.0303
v 5.1031 15.6907 -5.3094
v 7.2169 14.5438 -4.1625
v 8.8388 13.0491 -2.6678
v 9.8584 11.3085 -0.9272
v 0 7.5593 -0.9406
v 8.8388 5.8322 4.5491
v 7.2169 4.3375 6.0438
v 5.1031 3.1906 7.1907
v 2.6416 2.4697 7.9116
v 0 2.2238 8.1575
v -2.6416 2.4697 7.9116
v -5.1031 3.1906 7.1907
v -7.2169 4.3375 6.0438
v -8.8388 5.8322 4.5491
v -9.8584 7.5728 2.8085
v -9.8584 11.3085 -0.9272
v -8.8388 13.0491 -2.6678
v -7.2169 14.5438 -4.1625
v -5.1031 15.6907 -5.3094
v -2.6416 16.4116 -6.0303
v 7.5 14.7412 -4.1199
v 7.5 16.9853 -6.364
v 7.5 12.6199 -6.2412
v 7.5 14.864 -8.4853
v 10.5 9.5607 1.0607
v 10.5 16.9853 -6.364
v 10.5 7.4393 -1.0607
v 10.5 14.864 -8.4853
v 7.6239 14.6212 -4.2399
v 7.6768 16.8603 -6.489
v 7.6239 12.7399 -6.1212
v 7.6768 14.989 -8.3603
v 10.3232 16.8603 -6.489
v 10.3232 14.989 -8.3603
v 2.7176 16.7323 -6.111
v 0 16.9853 -6.364
v 5.25 15.9906 -5.3693
v 10.1422 7.639 2.9823
v 9.0933 5.8484 4.773
v 7.4246 4.3107 6.3107
v 5.25 3.1307 7.4906
v 2.7176 2.389 8.2323
v 0 2.136 8.4853
v -2.7176 2.389 8.2323
v -5.25 3.1307 7.4906
v -7.4246 4.3107 6.3107
v -9.0933 5.8484 4.773
v -10.1422 7.639 2.9823
v -10.5 9.5607 1.0607
v -10.1422 11.4823 -0.861
v -9.0933 13.273 -2.6517
v -7.4246 14.8107 -4.1893
v -5.25 15.9906 -5.3693
v -2.7176 16.7323 -6.111
v 0 14.864 -8.4853
v 2.7176 14.611 -8.2323
v 5.25 13.8692 -7.4906
v 10.1422 5.5177 0.861
v 9.0933 3.727 2.6517
v 7.4246 2.1893 4.1893
v 5.25 1.0094 5.3693
v 2.7176 0.2677 6.111
v 0 0.0147 6.364
v -2.7176 0.2677 6.111
v -5.25 1.0094 5.3693
v -7.4246 2.1893 4.1893
v -9.0933 3.727 2.6517
v -10.1422 5.5177 0.861
v -10.5 7.4393 -1.0607
v -10.1422 9.361 -2.9823
v -9.0933 11.1517 -4.773
v -7.4246 12.6893 -6.3107
v -5.25 13.8692 -7.4906
v -2.7176 14.611 -8.2323
v 0 14.7762 -8.1575
v 2.6416 14.5303 -7.9116
v 5.1031 13.8094 -7.1907
v 7.2169 12.6625 -6.0438
v 8.8388 11.1678 -4.5491
v 10.2062 7.5594 -0.9407
v 9.8584 5.6915 0.9272
v 8.8388 3.9509 2.6678
v 7.2169 2.4562 4.1625
v 5.1031 1.3093 5.3094
v 2.6416 0.5884 6.0303
v 0 0.3425 6.2762
v -2.6416 0.5884 6.0303
v -5.1031 1.3093 5.3094
v -7.2169 2.4562 4.1625
v -8.8388 3.9509 2.6678
v -9.8584 5.6915 0.9272
v -9.8584 9.4272 -2.8085
v -8.8388 11.1678 -4.5491
v -7.2169 12.6625 -6.0438
v -5.1031 13.8094 -7.1907
v -2.6416 14.5303 -7.9116
v 9.8558 9.4267 -2.808
v -10.2034 7.5594 -0.9407
v 2.25 1 3.5
v 2.25 2 3.5
v 2.25 1 0.5
v 2.25 2 0.5
v 2.375 1 3.5
v 2.375 2 3.5
v 2.375 1 0.5
v 2.375 2 0.5
v -2.5 0.3125 0.1875
v -2.5 0.6875 0.1875
v -2.5 0.3125 -0.1875
v -2.5 0.6875 -0.1875
v -2.4375 0.3125 0.1875
v -2.4375 0.6875 0.1875
v -2.4375 0.3125 -0.1875
v -2.4375 0.6875 -0.1875
v 0.1875 1 -0.25
v 0.1875 1.75 -0.25
v 0.1875 1 -0.375
v 0.1875 1.75 -0.375
v 0.9375 1 -0.25
v 0.9375 1.75 -0.25
v 0.9375 1 -0.375
v 0.9375 1.75 -0.375
v 1.75 1.375 -0.25
v 1.75 2.375 -0.25
v 1.75 1.375 -0.375
v 1.75 2.375 -0.375
v 2.25 1.375 -0.25
v 2.25 2.375 -0.25
v 2.25 1.375 -0.375
v 2.25 2.375 -0.375
v -1.25 0.4268 6.3665
v -1.25 1.5603 7.5
v 1.25 0.4268 6.3665
v 1.25 1.5603 7.5
v -0.5 0 8.5
v -0.5 1 8.5
v 0.5 0 8.5
v 0.5 1 8.5
v 0.5 1 8
v 0.5 0 8
v -0.5 1 8
v -0.5 0 8
v 0.375 0.875 8.5
v 0.375 0.125 8.5
v -0.375 0.875 8.5
v -0.375 0.125 8.5
v 0.1875 0.6875 8
v 0.1875 0.3125 8
v -0.1875 0.6875 8
v -0.1875 0.3125 8
v -1 1.375 -0.4375
v -1 1.2812 -0.4124
v -0.0625 1.2812 -0.4124
v -1 1.2126 -0.3438
v -1 1.1875 -0.25
v -1 1.5625 -0.25
v -0.0625 1.5625 -0.25
v -1 1.5374 -0.3438
v -1 1.4688 -0.4124
v -0.0625 1.4688 -0.4124
v -0.9999 1.1875 -0.2497
v -0.9999 1.5625 -0.2497
v -0.9997 1.1875 -0.2494
v -0.9997 1.5625 -0.2494
v -0.9993 1.1875 -0.2493
v -0.9993 1.5625 -0.2493
v -0.0624 1.1875 -0.2495
v -0.0625 1.375 -0.4367
v -0.0625 1.2126 -0.343
v -0.0625 1.5374 -0.343
v -1.0944 1.4003 -0.4375
v -1.1412 1.3191 -0.4124
v -1.1756 1.2597 -0.3438
v -1.1881 1.2379 -0.25
v -1.0006 1.5627 -0.25
v -1.0132 1.5409 -0.3438
v -1.0475 1.4815 -0.4124
v -1.188 1.2379 -0.2497
v -1.0005 1.5626 -0.2497
v -1.1878 1.2377 -0.2494
v -1.0003 1.5625 -0.2494
v -1.1875 1.2376 -0.2493
v -1 1.5623 -0.2493
v -1.1634 1.4694 -0.4375
v -1.2446 1.4225 -0.4124
v -1.3041 1.3882 -0.3438
v -1.3258 1.3756 -0.25
v -1.0011 1.5631 -0.25
v -1.0228 1.5506 -0.3438
v -1.0822 1.5163 -0.4124
v -1.3258 1.3756 -0.2497
v -1.001 1.5631 -0.2497
v -1.3256 1.3753 -0.2494
v -1.0009 1.5628 -0.2494
v -1.3255 1.3751 -0.2493
v -1.0007 1.5626 -0.2493
v -1.1887 1.5638 -0.4375
v -1.2825 1.5638 -0.4124
v -1.3511 1.5638 -0.3438
v -1.3762 1.5638 -0.25
v -1.0012 1.5638 -0.25
v -1.0263 1.5638 -0.3438
v -1.095 1.5638 -0.4124
v -1.3762 1.5637 -0.2497
v -1.0012 1.5637 -0.2497
v -1.3762 1.5634 -0.2494
v -1.0012 1.5634 -0.2494
v -1.3762 1.5631 -0.2493
v -1.0012 1.5631 -0.2493
v -1.1887 2 -0.4375
v -1.2825 2 -0.4124
v -1.3511 2 -0.3438
v -1.3762 2 -0.25
v -1.0012 2 -0.25
v -1.0263 2 -0.3438
v -1.095 2 -0.4124
v -1.3762 1.9999 -0.2497
v -1.0012 1.9999 -0.2497
v -1.3762 1.9997 -0.2494
v -1.0012 1.9997 -0.2494
v -1.3762 1.9993 -0.2493
v -1.0012 1.9993 -0.2493
v -1.3762 1.9998 -0.2494
v -1.0012 1.9998 -0.2494
v -1.3755 1.9989 -0.2497
v -1.235 2.2425 -0.4124
v -1.2007 2.302 -0.3438
v -1.1881 2.3237 -0.25
v -1.3762 1.9989 -0.2492
v -1.0012 1.9989 -0.2492
v -1.3762 1.9993 -0.249
v -1.0012 1.9993 -0.249
v -1.3756 1.999 -0.25
v -1.363 2.0207 -0.3438
v -1.3287 2.0801 -0.4124
v -1.2819 2.1613 -0.4375
v -1.3762 1.9984 -0.2492
v -1.0012 1.9984 -0.2492
v -1.3762 1.9986 -0.2488
v -1.0012 1.9986 -0.2488
v -1.3762 1.9983 -0.2489
v -1.0012 1.9983 -0.2489
v -1.3762 1.9981 -0.2492
v -1.0012 1.9981 -0.2492
v -1.3762 1.998 -0.2495
v -1.0012 1.998 -0.2495
v 0.0185 1.2812 -0.3898
v -0.0627 1.5625 -0.2492
v 0.0185 1.4688 -0.3898
v -0.0629 1.1875 -0.2488
v 0.0306 1.375 -0.4109
v -0.0162 1.2126 -0.3297
v -0.0162 1.5374 -0.3297
v 0.0773 1.2812 -0.3298
v -0.0633 1.5625 -0.2486
v 0.0773 1.4688 -0.3298
v -0.0637 1.1875 -0.2483
v 0.0984 1.375 -0.3419
v 0.0172 1.2126 -0.2951
v 0.0172 1.5374 -0.2951
v 0.0982 1.2812 -0.2484
v -0.0641 1.5625 -0.2484
v 0.0982 1.4688 -0.2484
v -0.0646 1.1875 -0.2483
v 0.1226 1.375 -0.2484
v 0.0288 1.2126 -0.2484
v 0.0288 1.5374 -0.2484
v -1.2137 2.0931 -0.4375
v -1.2949 2.0463 -0.4124
v -1.3543 2.012 -0.3438
v -1.376 1.9994 -0.25
v -1.0513 2.1869 -0.25
v -1.073 2.1743 -0.3438
v -1.1325 2.14 -0.4124
v -1.376 1.9993 -0.2497
v -1.0512 2.1868 -0.2497
v -1.3759 1.9991 -0.2494
v -1.0511 2.1866 -0.2494
v -1.3757 1.9988 -0.2493
v -1.051 2.1863 -0.2493
v -1.3759 1.9992 -0.2494
v -1.0512 2.1867 -0.2494
v -1.375 2.1863 -0.4375
v -1.375 2.0925 -0.4124
v -1.375 2.0239 -0.3438
v -1.375 1.9988 -0.25
v -1.3755 1.9984 -0.2492
v -1.0507 2.1859 -0.2492
v -1.3757 1.9988 -0.249
v -1.0509 2.1863 -0.249
v -1.375 2.3738 -0.25
v -1.375 2.3487 -0.3438
v -1.375 2.28 -0.4124
v -1.3749 1.9988 -0.2497
v -1.3752 1.998 -0.2492
v -1.0505 2.1855 -0.2492
v -1.3754 1.9982 -0.2488
v -1.0506 2.1857 -0.2488
v -1.3752 1.9979 -0.2489
v -1.0504 2.1854 -0.2489
v -1.3751 1.9977 -0.2492
v -1.0503 2.1852 -0.2492
v -1.375 1.9977 -0.2495
v -1.0503 2.1852 -0.2495
v -1.188 2.3237 -0.2497
v -1.3753 1.9988 -0.2494
v -1.1878 2.3235 -0.2494
v -1.375 1.9986 -0.2493
v -1.1875 2.3234 -0.2493
v -1.3754 1.9988 -0.2494
v -1.1879 2.3236 -0.2494
v -1.3746 1.9984 -0.2492
v -1.1871 2.3232 -0.2492
v -1.375 1.9986 -0.249
v -1.1875 2.3234 -0.249
v -1.3742 1.9981 -0.2492
v -1.1867 2.3229 -0.2492
v -1.3744 1.9983 -0.2488
v -1.1869 2.323 -0.2488
v -1.3741 1.9981 -0.2489
v -1.1866 2.3229 -0.2489
v -1.3739 1.998 -0.2492
v -1.1864 2.3228 -0.2492
v -1.3739 1.998 -0.2495
v -1.1864 2.3227 -0.2495
v -1.3749 2.3738 -0.2497
v -1.3747 1.9988 -0.2494
v -1.3747 2.3738 -0.2494
v -1.3743 1.9988 -0.2493
v -1.3743 2.3738 -0.2493
v -1.3748 1.9988 -0.2494
v -1.3748 2.3738 -0.2494
v -1.3739 1.9988 -0.2492
v -1.3739 2.3738 -0.2492
v -1.3743 1.9988 -0.249
v -1.3743 2.3738 -0.249
v -1.3734 1.9988 -0.2492
v -1.3734 2.3738 -0.2492
v -1.3736 1.9988 -0.2488
v -1.3736 2.3738 -0.2488
v -1.3733 1.9988 -0.2489
v -1.3733 2.3738 -0.2489
v -1.3731 1.9988 -0.2492
v -1.3731 2.3738 -0.2492
v -1.373 1.9988 -0.2495
v -1.373 2.3738 -0.2495
v -1.8125 2.1863 -0.4375
v -1.8125 2.0925 -0.4124
v -1.8125 2.0239 -0.3438
v -1.8125 1.9988 -0.25
v -1.8125 2.3738 -0.25
v -1.8125 2.3487 -0.3438
v -1.8125 2.28 -0.4124
v -1.8124 1.9988 -0.2497
v -1.8124 2.3738 -0.2497
v -1.8122 1.9988 -0.2494
v -1.8122 2.3738 -0.2494
v -1.8118 1.9988 -0.2493
v -1.8118 2.3738 -0.2493
v -1.8123 1.9988 -0.2494
v -1.8123 2.3738 -0.2494
v -2.1383 2.1868 -0.2497
v -1.8947 2.3275 -0.4124
v -1.8353 2.3618 -0.3438
v -1.8135 2.3744 -0.25
v -1.8114 1.9988 -0.2492
v -1.8114 2.3738 -0.2492
v -1.8118 1.9988 -0.249
v -1.8118 2.3738 -0.249
v -2.1383 2.1869 -0.25
v -2.1166 2.1995 -0.3438
v -2.0571 2.2338 -0.4124
v -1.9759 2.2806 -0.4375
v -1.8109 1.9988 -0.2492
v -1.8109 2.3738 -0.2492
v -1.8111 1.9988 -0.2488
v -1.8111 2.3738 -0.2488
v -1.8108 1.9988 -0.2489
v -1.8108 2.3738 -0.2489
v -1.8106 1.9988 -0.2492
v -1.8106 2.3738 -0.2492
v -1.8105 1.9988 -0.2495
v -1.8105 2.3738 -0.2495
v -1.9069 2.2116 -0.4375
v -1.9537 2.1304 -0.4124
v -1.988 2.0709 -0.3438
v -2.0006 2.0492 -0.25
v -1.8131 2.374 -0.25
v -1.8257 2.3522 -0.3438
v -1.86 2.2928 -0.4124
v -2.0005 2.0491 -0.2497
v -1.813 2.3739 -0.2497
v -2.0003 2.049 -0.2494
v -1.8128 2.3738 -0.2494
v -2 2.0489 -0.2493
v -1.8125 2.3736 -0.2493
v -2.0004 2.0491 -0.2494
v -1.8129 2.3738 -0.2494
v -2.0012 2.375 -0.4375
v -2.095 2.375 -0.4124
v -2.1636 2.375 -0.3438
v -2.1887 2.375 -0.25
v -1.9996 2.0486 -0.2492
v -1.8121 2.3734 -0.2492
v -2 2.0488 -0.249
v -1.8125 2.3736 -0.249
v -1.8137 2.375 -0.25
v -1.8388 2.375 -0.3438
v -1.9075 2.375 -0.4124
v -2.1887 2.3749 -0.2497
v -1.9992 2.0484 -0.2492
v -1.8117 2.3731 -0.2492
v -1.9994 2.0485 -0.2488
v -1.8119 2.3733 -0.2488
v -1.9991 2.0484 -0.2489
v -1.8116 2.3731 -0.2489
v -1.9989 2.0482 -0.2492
v -1.8114 2.373 -0.2492
v -1.9989 2.0482 -0.2495
v -1.8114 2.373 -0.2495
v -1.8135 2.3743 -0.2497
v -2.1381 2.1866 -0.2494
v -1.8134 2.3741 -0.2494
v -2.138 2.1863 -0.2493
v -1.8132 2.3738 -0.2493
v -2.1382 2.1867 -0.2494
v -1.8134 2.3742 -0.2494
v -2.1377 2.1859 -0.2492
v -1.813 2.3734 -0.2492
v -2.1379 2.1863 -0.249
v -1.8132 2.3738 -0.249
v -2.1375 2.1855 -0.2492
v -1.8127 2.373 -0.2492
v -2.1376 2.1857 -0.2488
v -1.8129 2.3732 -0.2488
v -2.1375 2.1854 -0.2489
v -1.8127 2.3729 -0.2489
v -2.1373 2.1852 -0.2492
v -1.8126 2.3727 -0.2492
v -2.1373 2.1852 -0.2495
v -1.8125 2.3727 -0.2495
v -1.8137 2.3749 -0.2497
v -2.1887 2.3747 -0.2494
v -1.8137 2.3747 -0.2494
v -2.1887 2.3743 -0.2493
v -1.8137 2.3743 -0.2493
v -2.1887 2.3748 -0.2494
v -1.8137 2.3748 -0.2494
v -2.1887 2.3739 -0.2492
v -1.8137 2.3739 -0.2492
v -2.1887 2.3743 -0.249
v -1.8137 2.3743 -0.249
v -2.1887 2.3734 -0.2492
v -1.8137 2.3734 -0.2492
v -2.1887 2.3736 -0.2488
v -1.8137 2.3736 -0.2488
v -2.1887 2.3733 -0.2489
v -1.8137 2.3733 -0.2489
v -2.1887 2.3731 -0.2492
v -1.8137 2.3731 -0.2492
v -2.1887 2.373 -0.2495
v -1.8137 2.373 -0.2495
v -2.0012 3.875 -0.4375
v -2.095 3.875 -0.4124
v -2.1636 3.875 -0.3438
v -2.1887 3.875 -0.25
v -1.8137 3.875 -0.25
v -1.8388 3.875 -0.3438
v -1.9075 3.875 -0.4124
v -2.1887 3.3749 -0.2497
v -1.8137 3.3749 -0.2497
v -2.1887 3.3747 -0.2494
v -1.8137 3.3747 -0.2494
v -2.1887 3.3743 -0.2493
v -1.8137 3.3743 -0.2493
v -2.1887 3.3748 -0.2494
v -1.8137 3.3748 -0.2494
v -2.1887 3.3745 -0.2491
v -1.8137 3.3745 -0.2491
v -2.1887 3.3742 -0.2491
v -1.8137 3.3742 -0.2491
v -2.1887 3.3739 -0.2492
v -1.8137 3.3739 -0.2492
v -2.1887 3.3743 -0.249
v -1.8137 3.3743 -0.249
v -2.1887 3.374 -0.2489
v -1.8137 3.374 -0.2489
v -2.1887 3.3736 -0.249
v -1.8137 3.3736 -0.249
v -2.1887 3.3734 -0.2492
v -1.8137 3.3734 -0.2492
v -2.1887 3.3736 -0.2488
v -1.8137 3.3736 -0.2488
v -2.1887 3.3733 -0.2489
v -1.8137 3.3733 -0.2489
v -2.1887 3.3731 -0.2492
v -1.8137 3.3731 -0.2492
v -2.1887 3.873 -0.2495
v -1.8137 3.873 -0.2495
v 0.25 2 -0.5
v 0.25 3.5 -0.5
v 0.375 2 -0.4665
v 0.375 3.5 -0.4665
v 0.4665 2 -0.375
v 0.4665 3.5 -0.375
v 0.5 2 -0.25
v 0.5 3.5 -0.25
v 0 2 -0.25
v 0 3.5 -0.25
v 0.0335 2 -0.375
v 0.0335 3.5 -0.375
v 0.125 2 -0.4665
v 0.125 3.5 -0.4665
v 0.25 1.8751 -0.4661
v 0.375 1.8919 -0.4371
v 0.4665 1.9376 -0.3578
v 0.5 2.0001 -0.2496
v 0 2.0001 -0.2496
v 0.0335 1.9376 -0.3578
v 0.125 1.8919 -0.4371
v 0.25 1.7839 -0.3742
v 0.375 1.813 -0.3575
v 0.4665 1.8922 -0.3117
v 0.5 2.0005 -0.2492
v 0 2.0005 -0.2492
v 0.0335 1.8922 -0.3117
v 0.125 1.813 -0.3575
v 0.25 1.7509 -0.2491
v 0.375 1.7844 -0.2491
v 0.4665 1.8759 -0.2491
v 0.5 2.0009 -0.2491
v 0 2.0009 -0.2491
v 0.0335 1.8759 -0.2491
v 0.125 1.7844 -0.2491
v 0.75 2 -0.5
v 0.75 3.5 -0.5
v 0.875 2 -0.4665
v 0.875 3.5 -0.4665
v 0.9665 2 -0.375
v 0.9665 3.5 -0.375
v 1 2 -0.25
v 1 3.5 -0.25
v 0.5 2 -0.25
v 0.5 3.5 -0.25
v 0.5335 2 -0.375
v 0.5335 3.5 -0.375
v 0.625 2 -0.4665
v 0.625 3.5 -0.4665
v 0.75 1.8751 -0.4661
v 0.875 1.8919 -0.4371
v 0.9665 1.9376 -0.3578
v 1 2.0001 -0.2496
v 0.5 2.0001 -0.2496
v 0.5335 1.9376 -0.3578
v 0.625 1.8919 -0.4371
v 0.75 1.7839 -0.3742
v 0.875 1.813 -0.3575
v 0.9665 1.8922 -0.3117
v 1 2.0005 -0.2492
v 0.5 2.0005 -0.2492
v 0.5335 1.8922 -0.3117
v 0.625 1.813 -0.3575
v 0.75 1.7509 -0.2491
v 0.875 1.7844 -0.2491
v 0.9665 1.8759 -0.2491
v 1 2.0009 -0.2491
v 0.5 2.0009 -0.2491
v 0.5335 1.8759 -0.2491
v 0.625 1.7844 -0.2491
v -0.75 2 -0.5
v -0.75 3.5 -0.5
v -0.625 2 -0.4665
v -0.625 3.5 -0.4665
v -0.5335 2 -0.375
v -0.5335 3.5 -0.375
v -0.5 2 -0.25
v -0.5 3.5 -0.25
v -1 2 -0.25
v -1 3.5 -0.25
v -0.9665 2 -0.375
v -0.9665 3.5 -0.375
v -0.875 2 -0.4665
v -0.875 3.5 -0.4665
v -0.75 1.8751 -0.4661
v -0.625 1.8919 -0.4371
v -0.5335 1.9376 -0.3578
v -0.5 2.0001 -0.2496
v -1 2.0001 -0.2496
v -0.9665 1.9376 -0.3578
v -0.875 1.8919 -0.4371
v -0.75 1.7839 -0.3742
v -0.625 1.813 -0.3575
v -0.5335 1.8922 -0.3117
v -0.5 2.0005 -0.2492
v -1 2.0005 -0.2492
v -0.9665 1.8922 -0.3117
v -0.875 1.813 -0.3575
v -0.75 1.7509 -0.2491
v -0.625 1.7844 -0.2491
v -0.5335 1.8759 -0.2491
v -0.5 2.0009 -0.2491
v -1 2.0009 -0.2491
v -0.9665 1.8759 -0.2491
v -0.875 1.7844 -0.2491
v -0.25 2 -0.5
v -0.25 3.5 -0.5
v -0.125 2 -0.4665
v -0.125 3.5 -0.4665
v -0.0335 2 -0.375
v -0.0335 3.5 -0.375
v 0 2 -0.25
v 0 3.5 -0.25
v -0.5 2 -0.25
v -0.5 3.5 -0.25
v -0.4665 2 -0.375
v -0.4665 3.5 -0.375
v -0.375 2 -0.4665
v -0.375 3.5 -0.4665
v -0.25 1.8751 -0.4661
v -0.125 1.8919 -0.4371
v -0.0335 1.9376 -0.3578
v 0 2.0001 -0.2496
v -0.5 2.0001 -0.2496
v -0.4665 1.9376 -0.3578
v -0.375 1.8919 -0.4371
v -0.25 1.7839 -0.3742
v -0.125 1.813 -0.3575
v -0.0335 1.8922 -0.3117
v 0 2.0005 -0.2492
v -0.5 2.0005 -0.2492
v -0.4665 1.8922 -0.3117
v -0.375 1.813 -0.3575
v -0.25 1.7509 -0.2491
v -0.125 1.7844 -0.2491
v -0.0335 1.8759 -0.2491
v 0 2.0009 -0.2491
v -0.5 2.0009 -0.2491
v -0.4665 1.8759 -0.2491
v -0.375 1.7844 -0.2491
v 2.125 0.375 -0.375
v 2.1875 0.375 -0.3583
v 2.1875 1.375 -0.3583
v 2.2333 0.375 -0.3125
v 2.25 0.375 -0.25
v 2 0.375 -0.25
v 2 1.375 -0.25
v 2.0167 0.375 -0.3125
v 2.0625 0.375 -0.3583
v 2.0625 1.375 -0.3583
v 2.125 0.3126 -0.358
v 2.1875 0.3209 -0.3435
v 2.2333 0.3438 -0.3039
v 2.25 0.3751 -0.2498
v 2 0.3751 -0.2498
v 2.0167 0.3438 -0.3039
v 2.0625 0.3209 -0.3435
v 2.125 0.267 -0.3121
v 2.1875 0.2815 -0.3037
v 2.2333 0.3211 -0.2809
v 2.25 0.3752 -0.2496
v 2 0.3752 -0.2496
v 2.0167 0.3211 -0.2809
v 2.0625 0.2815 -0.3037
v 2.125 0.2504 -0.2496
v 2.1875 0.2672 -0.2496
v 2.2333 0.3129 -0.2496
v 2.25 0.3754 -0.2496
v 2 0.3754 -0.2496
v 2.0167 0.3129 -0.2496
v 2.0625 0.2672 -0.2496
v 2.25 1.3751 -0.2497
v 2.125 1.375 -0.3745
v 2.2333 1.375 -0.312
v 2.0167 1.375 -0.312
v 1.875 0.375 -0.375
v 1.9375 0.375 -0.3583
v 1.9375 1.375 -0.3583
v 1.9833 0.375 -0.3125
v 2 0.375 -0.25
v 1.75 0.375 -0.25
v 1.75 1.375 -0.25
v 1.7667 0.375 -0.3125
v 1.8125 0.375 -0.3583
v 1.8125 1.375 -0.3583
v 1.875 0.3126 -0.358
v 1.9375 0.3209 -0.3435
v 1.9833 0.3438 -0.3039
v 2 0.3751 -0.2498
v 1.75 0.3751 -0.2498
v 1.7667 0.3438 -0.3039
v 1.8125 0.3209 -0.3435
v 1.875 0.267 -0.3121
v 1.9375 0.2815 -0.3037
v 1.9833 0.3211 -0.2809
v 2 0.3752 -0.2496
v 1.75 0.3752 -0.2496
v 1.7667 0.3211 -0.2809
v 1.8125 0.2815 -0.3037
v 1.875 0.2504 -0.2496
v 1.9375 0.2672 -0.2496
v 1.9833 0.3129 -0.2496
v 2 0.3754 -0.2496
v 1.75 0.3754 -0.2496
v 1.7667 0.3129 -0.2496
v 1.8125 0.2672 -0.2496
v 2 1.3751 -0.2497
v 1.875 1.375 -0.3745
v 1.9833 1.375 -0.312
v 1.7667 1.375 -0.312
v 1.625 0.5 -0.375
v 1.6875 0.5 -0.3583
v 1.6875 3.875 -0.3583
v 1.7333 0.5 -0.3125
v 1.75 0.5 -0.25
v 1.5 0.5 -0.25
v 1.5 3.875 -0.25
v 1.5167 0.5 -0.3125
v 1.5625 0.5 -0.3583
v 1.5625 3.875 -0.3583
v 1.75 0.5001 -0.2498
v 1.5 0.5001 -0.2498
v 1.75 0.5002 -0.2496
v 1.5 0.5002 -0.2496
v 1.75 0.5004 -0.2496
v 1.5 0.5004 -0.2496
v 1.75 3.8751 -0.2497
v 1.625 3.875 -0.3745
v 1.7333 3.875 -0.312
v 1.5167 3.875 -0.312
v 1.6081 0.4371 -0.375
v 1.6623 0.4058 -0.3583
v 1.7019 0.383 -0.3125
v 1.7164 0.3746 -0.25
v 1.4999 0.4996 -0.25
v 1.5144 0.4912 -0.3125
v 1.554 0.4683 -0.3583
v 1.7164 0.3746 -0.2498
v 1.4999 0.4996 -0.2498
v 1.7165 0.3748 -0.2496
v 1.5 0.4998 -0.2496
v 1.7166 0.375 -0.2496
v 1.5001 0.5 -0.2496
v 1.5621 0.391 -0.375
v 1.5933 0.3369 -0.3583
v 1.6162 0.2973 -0.3125
v 1.6246 0.2828 -0.25
v 1.4996 0.4993 -0.25
v 1.5079 0.4848 -0.3125
v 1.5308 0.4452 -0.3583
v 1.6246 0.2828 -0.2498
v 1.4996 0.4993 -0.2498
v 1.6248 0.2829 -0.2496
v 1.4998 0.4994 -0.2496
v 1.625 0.283 -0.2496
v 1.5 0.4995 -0.2496
v 1.4992 0.3742 -0.375
v 1.4992 0.3117 -0.3583
v 1.4992 0.2659 -0.3125
v 1.4992 0.2492 -0.25
v 1.4992 0.4992 -0.25
v 1.4992 0.4824 -0.3125
v 1.4992 0.4367 -0.3583
v 1.4992 0.2492 -0.2498
v 1.4992 0.4992 -0.2498
v 1.4994 0.2492 -0.2496
v 1.4994 0.4992 -0.2496
v 1.4996 0.2492 -0.2496
v 1.4996 0.4992 -0.2496
v -1.0008 0.3742 -0.375
v -1.0008 0.3117 -0.3583
v -1.0008 0.2659 -0.3125
v -1.0008 0.2492 -0.25
v -1.0008 0.4992 -0.25
v -1.0008 0.4824 -0.3125
v -1.0008 0.4367 -0.3583
v -1.0008 0.2492 -0.2498
v -1.0008 0.4992 -0.2498
v -1.0006 0.2492 -0.2496
v -1.0006 0.4992 -0.2496
v -1.0004 0.2492 -0.2496
v -1.0004 0.4992 -0.2496
v -1.0632 0.3742 -0.3578
v -1.0548 0.3117 -0.3433
v -1.0319 0.2659 -0.3037
v -1.0007 0.2492 -0.2496
v -1.0007 0.4992 -0.2496
v -1.0319 0.4824 -0.3037
v -1.0548 0.4367 -0.3433
v -1.0005 0.2492 -0.2494
v -1.0005 0.4992 -0.2494
v -1.0003 0.2492 -0.2494
v -1.0003 0.4992 -0.2494
v -1.0001 0.2492 -0.2494
v -1.0001 0.4992 -0.2494
v -1.1086 0.3742 -0.3118
v -1.0941 0.3117 -0.3034
v -1.0545 0.2659 -0.2806
v -1.0004 0.2492 -0.2493
v -1.0004 0.4992 -0.2493
v -1.0545 0.4824 -0.2806
v -1.0941 0.4367 -0.3034
v -1.0001 0.2492 -0.2492
v -1.0001 0.4992 -0.2492
v -0.9999 0.2492 -0.2493
v -0.9999 0.4992 -0.2493
v -0.9998 0.2492 -0.2495
v -0.9998 0.4992 -0.2495
v -1.1249 0.3742 -0.2492
v -1.1082 0.3117 -0.2492
v -1.0624 0.2659 -0.2492
v -0.9999 0.2492 -0.2492
v -0.9999 0.4992 -0.2492
v -1.0624 0.4824 -0.2492
v -1.1082 0.4367 -0.2492
v -0.9997 0.2492 -0.2493
v -0.9997 0.4992 -0.2493
v -0.9996 0.2492 -0.2495
v -0.9996 0.4992 -0.2495
v -0.9995 0.2492 -0.2497
v -0.9995 0.4992 -0.2497
v 1.25 1 -0.5
v 1.375 1 -0.4665
v 1.375 2.25 -0.4665
v 1.4665 1 -0.375
v 1.5 1 -0.25
v 1 1 -0.25
v 1 2.25 -0.25
v 1.0335 1 -0.375
v 1.125 1 -0.4665
v 1.125 2.25 -0.4665
v 1.5 1.0001 -0.2496
v 1 1.0001 -0.2496
v 1.5 1.0005 -0.2492
v 1 1.0005 -0.2492
v 1.5 1.0009 -0.2491
v 1 1.0009 -0.2491
v 1.5 2.2501 -0.2494
v 1.25 2.25 -0.499
v 1.4665 2.25 -0.374
v 1.0335 2.25 -0.374
v 1.2163 0.8742 -0.5
v 1.3245 0.8117 -0.4665
v 1.4038 0.7659 -0.375
v 1.4328 0.7492 -0.25
v 0.9998 0.9992 -0.25
v 1.0288 0.9824 -0.375
v 1.108 0.9367 -0.4665
v 1.4328 0.7493 -0.2496
v 0.9998 0.9993 -0.2496
v 1.433 0.7496 -0.2492
v 1 0.9996 -0.2492
v 1.4332 0.75 -0.2491
v 1.0002 1 -0.2491
v 1.1241 0.7821 -0.5
v 1.1866 0.6738 -0.4665
v 1.2324 0.5946 -0.375
v 1.2491 0.5656 -0.25
v 0.9991 0.9986 -0.25
v 1.0159 0.9696 -0.375
v 1.0616 0.8903 -0.4665
v 1.2493 0.5656 -0.2496
v 0.9993 0.9987 -0.2496
v 1.2495 0.5658 -0.2492
v 0.9995 0.9988 -0.2492
v 1.2499 0.566 -0.2491
v 0.9999 0.999 -0.2491
v 0.9983 0.7484 -0.5
v 0.9983 0.6234 -0.4665
v 0.9983 0.5319 -0.375
v 0.9983 0.4984 -0.25
v 0.9983 0.9984 -0.25
v 0.9983 0.9649 -0.375
v 0.9983 0.8734 -0.4665
v 0.9984 0.4984 -0.2496
v 0.9984 0.9984 -0.2496
v 0.9988 0.4984 -0.2492
v 0.9988 0.9984 -0.2492
v 0.9992 0.4984 -0.2491
v 0.9992 0.9984 -0.2491
v -2.25 0.7484 -0.5
v -2.25 0.6234 -0.4665
v -2.25 0.5319 -0.375
v -2.25 0.4984 -0.25
v -2.25 0.9984 -0.25
v -2.25 0.9649 -0.375
v -2.25 0.8734 -0.4665
v -2.2499 0.4984 -0.2496
v -2.2499 0.9984 -0.2496
v -2.2495 0.4984 -0.2492
v -2.2495 0.9984 -0.2492
v -2.2491 0.4984 -0.2491
v -2.2491 0.9984 -0.2491
v -2.2497 0.4984 -0.2492
v -2.2497 0.9984 -0.2492
v -2.2494 0.4984 -0.2489
v -2.2494 0.9984 -0.2489
v -2.2489 0.4984 -0.2487
v -2.2489 0.9984 -0.2487
v -2.2485 0.4984 -0.2489
v -2.2485 0.9984 -0.2489
v -2.249 0.4984 -0.2486
v -2.249 0.9984 -0.2486
v -2.2486 0.4984 -0.2485
v -2.2486 0.9984 -0.2485
v -2.2482 0.4984 -0.2486
v -2.2482 0.9984 -0.2486
v -2.2478 0.4984 -0.249
v -2.2478 0.9984 -0.249
v -2.2482 0.4984 -0.2485
v -2.2482 0.9984 -0.2485
v -2.2478 0.4984 -0.2486
v -2.2478 0.9984 -0.2486
v -2.2474 0.4984 -0.2489
v -2.2474 0.9984 -0.2489
v -2.2473 0.4984 -0.2493
v -2.2473 0.9984 -0.2493
v 1.375 2.358 -0.4364
v 1 2.2497 -0.2489
v 1.125 2.358 -0.4364
v 1.5 2.2495 -0.2483
v 1.25 2.3742 -0.4645
v 1.4665 2.3117 -0.3563
v 1.0335 2.3117 -0.3563
v 1.375 2.4364 -0.3564
v 1 2.2489 -0.2481
v 1.125 2.4364 -0.3564
v 1.5 2.2484 -0.2477
v 1.25 2.4645 -0.3726
v 1.4665 2.3563 -0.3101
v 1.0335 2.3563 -0.3101
v 1.375 2.4643 -0.2478
v 1 2.2478 -0.2478
v 1.125 2.4643 -0.2478
v 1.5 2.2472 -0.2477
v 1.25 2.4968 -0.2478
v 1.4665 2.3718 -0.2478
v 1.0335 2.3718 -0.2478
v -2.125 0.375 -0.375
v -2.125 0.3125 -0.3583
v -1.375 0.3125 -0.3583
v -2.125 0.2667 -0.3125
v -2.125 0.25 -0.25
v -2.125 0.5 -0.25
v -1.375 0.5 -0.25
v -2.125 0.4833 -0.3125
v -2.125 0.4375 -0.3583
v -1.375 0.4375 -0.3583
v -2.1874 0.375 -0.358
v -2.1791 0.3125 -0.3435
v -2.1562 0.2667 -0.3039
v -2.1249 0.25 -0.2498
v -2.1249 0.5 -0.2498
v -2.1562 0.4833 -0.3039
v -2.1791 0.4375 -0.3435
v -2.233 0.375 -0.3121
v -2.2185 0.3125 -0.3037
v -2.1789 0.2667 -0.2809
v -2.1248 0.25 -0.2496
v -2.1248 0.5 -0.2496
v -2.1789 0.4833 -0.2809
v -2.2185 0.4375 -0.3037
v -2.2496 0.375 -0.2496
v -2.2328 0.3125 -0.2496
v -2.1871 0.2667 -0.2496
v -2.1246 0.25 -0.2496
v -2.1246 0.5 -0.2496
v -2.1871 0.4833 -0.2496
v -2.2328 0.4375 -0.2496
v -1.2496 0.375 -0.2499
v -1.2663 0.3125 -0.2499
v -1.3121 0.2667 -0.2499
v -1.3121 0.4833 -0.2499
v -1.2663 0.4375 -0.2499
v -1.2665 0.375 -0.3124
v -1.281 0.3125 -0.304
v -1.3207 0.2667 -0.2811
v -1.3207 0.4833 -0.2811
v -1.281 0.4375 -0.304
v -1.3124 0.375 -0.358
v -1.3208 0.3125 -0.3434
v -1.3437 0.2667 -0.3038
v -1.3749 0.25 -0.2497
v -1.3437 0.4833 -0.3038
v -1.3208 0.4375 -0.3434
v -1.375 0.375 -0.3745
v -1.375 0.2667 -0.312
v -1.375 0.4833 -0.312
v -1.5 1.625 -0.375
v -2.25 1.625 -0.375
v -1.5 1.6875 -0.3583
v -2.25 1.6875 -0.3583
v -1.5 1.7333 -0.3125
v -2.25 1.7333 -0.3125
v -1.5 1.75 -0.25
v -2.25 1.75 -0.25
v -1.5 1.5 -0.25
v -2.25 1.5 -0.25
v -1.5 1.5167 -0.3125
v -2.25 1.5167 -0.3125
v -1.5 1.5625 -0.3583
v -2.25 1.5625 -0.3583
v -1.4376 1.625 -0.358
v -1.4459 1.6875 -0.3435
v -1.4688 1.7333 -0.3039
v -1.5001 1.75 -0.2498
v -1.5001 1.5 -0.2498
v -1.4688 1.5167 -0.3039
v -1.4459 1.5625 -0.3435
v -1.392 1.625 -0.3121
v -1.4065 1.6875 -0.3037
v -1.4461 1.7333 -0.2809
v -1.5002 1.75 -0.2496
v -1.5002 1.5 -0.2496
v -1.4461 1.5167 -0.2809
v -1.4065 1.5625 -0.3037
v -1.3754 1.625 -0.2496
v -1.3922 1.6875 -0.2496
v -1.4379 1.7333 -0.2496
v -1.5004 1.75 -0.2496
v -1.5004 1.5 -0.2496
v -1.4379 1.5167 -0.2496
v -1.3922 1.5625 -0.2496
v -1.5 1.875 -0.375
v -2.25 1.875 -0.375
v -1.5 1.9375 -0.3583
v -2.25 1.9375 -0.3583
v -1.5 1.9833 -0.3125
v -2.25 1.9833 -0.3125
v -1.5 2 -0.25
v -2.25 2 -0.25
v -1.5 1.75 -0.25
v -2.25 1.75 -0.25
v -1.5 1.7667 -0.3125
v -2.25 1.7667 -0.3125
v -1.5 1.8125 -0.3583
v -2.25 1.8125 -0.3583
v -1.4376 1.875 -0.358
v -1.4459 1.9375 -0.3435
v -1.4688 1.9833 -0.3039
v -1.5001 2 -0.2498
v -1.5001 1.75 -0.2498
v -1.4688 1.7667 -0.3039
v -1.4459 1.8125 -0.3435
v -1.392 1.875 -0.3121
v -1.4065 1.9375 -0.3037
v -1.4461 1.9833 -0.2809
v -1.5002 2 -0.2496
v -1.5002 1.75 -0.2496
v -1.4461 1.7667 -0.2809
v -1.4065 1.8125 -0.3037
v -1.3754 1.875 -0.2496
v -1.3922 1.9375 -0.2496
v -1.4379 1.9833 -0.2496
v -1.5004 2 -0.2496
v -1.5004 1.75 -0.2496
v -1.4379 1.7667 -0.2496
v -1.3922 1.8125 -0.2496
v -1.5 1.125 -0.375
v -2.25 1.125 -0.375
v -1.5 1.1875 -0.3583
v -2.25 1.1875 -0.3583
v -1.5 1.2333 -0.3125
v -2.25 1.2333 -0.3125
v -1.5 1.25 -0.25
v -2.25 1.25 -0.25
v -1.5 1 -0.25
v -2.25 1 -0.25
v -1.5 1.0167 -0.3125
v -2.25 1.0167 -0.3125
v -1.5 1.0625 -0.3583
v -2.25 1.0625 -0.3583
v -1.4376 1.125 -0.358
v -1.4459 1.1875 -0.3435
v -1.4688 1.2333 -0.3039
v -1.5001 1.25 -0.2498
v -1.5001 1 -0.2498
v -1.4688 1.0167 -0.3039
v -1.4459 1.0625 -0.3435
v -1.392 1.125 -0.3121
v -1.4065 1.1875 -0.3037
v -1.4461 1.2333 -0.2809
v -1.5002 1.25 -0.2496
v -1.5002 1 -0.2496
v -1.4461 1.0167 -0.2809
v -1.4065 1.0625 -0.3037
v -1.3754 1.125 -0.2496
v -1.3922 1.1875 -0.2496
v -1.4379 1.2333 -0.2496
v -1.5004 1.25 -0.2496
v -1.5004 1 -0.2496
v -1.4379 1.0167 -0.2496
v -1.3922 1.0625 -0.2496
v -1.5 1.375 -0.375
v -2.25 1.375 -0.375
v -1.5 1.4375 -0.3583
v -2.25 1.4375 -0.3583
v -1.5 1.4833 -0.3125
v -2.25 1.4833 -0.3125
v -1.5 1.5 -0.25
v -2.25 1.5 -0.25
v -1.5 1.25 -0.25
v -2.25 1.25 -0.25
v -1.5 1.2667 -0.3125
v -2.25 1.2667 -0.3125
v -1.5 1.3125 -0.3583
v -2.25 1.3125 -0.3583
v -1.4376 1.375 -0.358
v -1.4459 1.4375 -0.3435
v -1.4688 1.4833 -0.3039
v -1.5001 1.5 -0.2498
v -1.5001 1.25 -0.2498
v -1.4688 1.2667 -0.3039
v -1.4459 1.3125 -0.3435
v -1.392 1.375 -0.3121
v -1.4065 1.4375 -0.3037
v -1.4461 1.4833 -0.2809
v -1.5002 1.5 -0.2496
v -1.5002 1.25 -0.2496
v -1.4461 1.2667 -0.2809
v -1.4065 1.3125 -0.3037
v -1.3754 1.375 -0.2496
v -1.3922 1.4375 -0.2496
v -1.4379 1.4833 -0.2496
v -1.5004 1.5 -0.2496
v -1.5004 1.25 -0.2496
v -1.4379 1.2667 -0.2496
v -1.3922 1.3125 -0.2496
v 0 8.1464 -1.7678
v 0 10.2678 0.3536
v 0.5 8.0517 -1.673
v 0.5 10.173 0.4483
v 0.866 7.7929 -1.4142
v 0.866 9.9142 0.7071
v 1 7.4393 -1.0607
v 1 9.5607 1.0607
v 0.866 7.0858 -0.7071
v 0.866 9.2071 1.4142
v 0.5 6.827 -0.4483
v 0.5 8.9483 1.673
v 0 6.7322 -0.3536
v 0 8.8536 1.7678
v -0.5 6.827 -0.4483
v -0.5 8.9483 1.673
v -0.866 7.0858 -0.7071
v -0.866 9.2071 1.4142
v -1 7.4393 -1.0607
v -1 9.5607 1.0607
v -0.866 7.7929 -1.4142
v -0.866 9.9142 0.7071
v -0.5 8.0517 -1.673
v -0.5 10.173 0.4483
v -1.497 4.6854 -1.2376
v 1.503 4.6854 -1.2376
v -1.497 7.2567 -3.8089
v 1.503 7.2567 -3.8089
v -2.5 0.3125 1.1875
v -2.5 0.6875 1.1875
v -2.5 0.3125 0.8125
v -2.5 0.6875 0.8125
v -2.4375 0.3125 1.1875
v -2.4375 0.6875 1.1875
v -2.4375 0.3125 0.8125
v -2.4375 0.6875 0.8125
v -2.5 0.3125 2.1875
v -2.5 0.6875 2.1875
v -2.5 0.3125 1.8125
v -2.5 0.6875 1.8125
v -2.4375 0.3125 2.1875
v -2.4375 0.6875 2.1875
v -2.4375 0.3125 1.8125
v -2.4375 0.6875 1.8125
v -2.5 0.3125 3.1875
v -2.5 0.6875 3.1875
v -2.5 0.3125 2.8125
v -2.5 0.6875 2.8125
v -2.4375 0.3125 3.1875
v -2.4375 0.6875 3.1875
v -2.4375 0.3125 2.8125
v -2.4375 0.6875 2.8125
v -2.5 0.3125 4.1875
v -2.5 0.6875 4.1875
v -2.5 0.3125 3.8125
v -2.5 0.6875 3.8125
v -2.4375 0.3125 4.1875
v -2.4375 0.6875 4.1875
v -2.4375 0.3125 3.8125
v -2.4375 0.6875 3.8125
v 4.5 5.4393 -4.5
v 4.5 -0 -5.5
v 5.5 -0 -4.5
v 4.5 6.9393 -5.5
v 5.5 2 -5.5
v 6.5 5.4393 -4.5
v 5.5 2 -5.5
v 4.5 6.9393 -5.5
v -6.5 5.4393 -4.5
v -4.5 5.4393 -4.5
v -4.5 -0 -5.5
v -5.5 -0 -4.5
v -5.5 2 -5.5
v -5.5 6.4393 -4.5
v 0 6.6287 -0.5
v -2.5 0.875 2
v -2.5 4.0769 2.125
v -2.5 4.3787 2
v 3.753 6.3758 -2.1185
v 3.5018 8.0994 -1.7207
v -2.5583 9.2476 -2.8689
v -1.872 4.0794 0.1779
v 0.7863 5.6349 -3.4989
v -0.7727 7.4507 -5.1379
v -6.2619 3.6135 6.6543
v 3.9838 14.4169 -7.6847
v 9.6177 4.7991 1.9331
v 6.3373 3.7207 6.9006
v 1.3588 0.318 6.4142
v -3.9838 0.6386 5.7401
v -8.2589 3.135 3.5973
v -10.3211 8.5998 2.0215
v -9.6177 10.4331 -3.7009
v 5.1875 14.8534 -6.3534
v 5.1875 2.1466 6.3534
v -5.1875 14.8534 -6.3534
v 2.6416 15.471 -6.971
v 10.0323 6.6254 -0.0067
v 5.1031 2.25 6.25
v -6.16 1.8828 4.7359
v -9.8584 10.3679 -1.8679
v -9.3486 12.1788 -1.7975
v 9 14.864 -8.4853
v 8.9116 14.9265 -8.4228
v 9 14.989 -8.3603
v 10.031 8.493 -1.8743
v 10.3211 12.1125 -5.7338
v 10.3211 8.4002 -2.0215
v 3.9838 14.2401 -7.8614
v 10.3211 8.4002 -2.0215
v -6.3373 13.2793 -6.9006
v 2.375 2 2
v -1.8388 3.125 -0.3438
v -2.095 3.125 -0.4124
v 0.4665 2.75 -0.375
v 0.125 2.75 -0.4665
v 0.2492 0.4992 -0.25
v 0.2496 0.4992 -0.2496
v -0.6258 0.9649 -0.375
v 0 9.2071 -0.7071
v 0.866 8.1464 0.3536
v -1.497 5.9711 -2.5232
v 0.003 4.6854 -1.2376
v 4.5 2 -5.5
v 5.5 2 -4.5
v 6.5 -0 -5.5
v -6.5 -0 -5.5
v -5.5 2 -5.5
v -5.5 6.4393 -4.5
v 0 1.8787 4.5
v -2.25 1.25 2
v 2.25 0.25 2
v -0.9345 7.7892 -5.6532
v -1.872 8.6722 -4.4149
v 1.5696 5.3152 -3.1791
v -3.9364 16.1037 -5.8359
v 5.1316 8.5884 2.0329
v -3.7566 6.9044 3.717
v -3.0736 8.0944 3.9411
v 4.1986 9.4723 2.5633
v -3.375 8.8899 3.1456
v 3.375 8.8899 3.1456
v 3.9364 2.6641 7.6037
v -5.1875 2.1466 6.3534
v -10.375 8.5 -0
v -10.1982 10.3333 -0.0655
v 3.8723 16.0511 -5.6698
v 2.5516 2.7072 7.6741
v 3.8723 2.8302 7.5511
v -0.5 2.75 -0.25
v -0.866 8.1464 0.3536
v 4.5 5.4393 -5.5
v 5.5 2 -6.5
v 6.5 5.4393 -5.5
v 6.5 11.8787 -5.5
v -6.5 5.4393 -5.5
v -6.5 11.8787 -5.5
v -5.5 6.4393 -5.5
v -5.5 11.8787 -5.5
v -4.5 5.4393 -5.5
v -5.5 6.4393 -5.5
v -2.375 3.5643 -0.5
v -2.5 3.9393 -0.5
v 2.375 3.3143 -0.5
v -2.5 0.9375 1.9375
v 2.8981 5.8637 -3.7277
v -2.5583 7.1263 -4.9903
v -2.1163 6.8138 -4.6778
v 3.9364 0.8963 5.8359
v -8.2589 4.9027 5.365
v 3.9838 16.1847 -5.9169
v 9.6177 6.5669 3.7009
v 3.9838 2.7599 7.8614
v 1.3588 2.0858 8.182
v -10.3211 10.5215 0.0998
v -6.2619 1.8457 4.8865
v -10.1982 8.5655 -1.8333
v -3.9364 14.3359 -7.6037
v -9.6177 12.2009 -1.9331
v 5.1031 14.75 -6.25
v 6.16 15.1172 -4.7359
v 2.6416 1.529 6.971
v -8.0279 3.2036 3.4151
v -8.8388 12.1084 -3.6084
v 10.5 8.5 -0
v 10.3211 14.2338 -3.6125
v 10.5 13.273 -2.6517
v 10.3211 10.5215 0.0998
v 10.3211 10.5215 0.0998
v -6.3373 1.5994 4.7793
v -3.9838 14.2401 -7.8614
v 9.3486 4.8212 1.7975
v -1.9075 3.125 -0.4124
v -2.1636 3.125 -0.3438
v 0.875 2.75 -0.4665
v 0.5335 2.75 -0.375
v -0.0335 2.75 -0.375
v 1.7333 2.1875 -0.3122
v 0.2492 0.4824 -0.3125
v -0.6258 0.8734 -0.4665
v 4.5 11.8787 -5.5
v 5.5 10.8787 -4.5
v 5.5 11.8787 -5.5
v 5.5 11.8787 -5.5
v -4.5 11.8787 -5.5
v -5.5 10.8787 -4.5
v -5.5 11.8787 -5.5
v 0 6.8787 -0.5
v -2.1163 6.9022 -4.5894
v 6.971 14.3699 -3.9886
v 1.3208 2.3467 8.0346
v -6.971 14.3699 -3.9886
v -8.0279 13.7964 -3.4151
v 10.3232 15.9246 -7.4246
v -0.375 2.75 -0.4665
v 1.503 5.9711 -2.5232
v 4.5 6.4393 -6.5
v 5.5 -0 -6.5
v 6.5 2 -5.5
v 6.5 6.4393 -6.5
v -6.5 6.4393 -6.5
v -5.5 7.4393 -6.5
v -4.5 6.4393 -6.5
v -5.5 -0 -6.5
v 2.5 3.2626 -0.25
v -2.5 1.25 2
v -2.5 3.7626 -0.25
v -2.5 3.6376 -0.375
v -2.5 1.125 2.125
v -2.5 4.0251 2
v 2.5 4.0251 2
v 2.5 4.0769 2.125
v 2.5 3.1376 -0.375
v 2.5 1.0643 4.375
v 2.5 0.9393 4.5
v 0.9405 4.9625 1.4162
v 3.2506 7.7017 -3.4443
v 2.5643 9.2476 -2.8689
v -3.2446 7.7017 -3.4443
v -3.4958 8.0994 -1.7207
v -0.9345 4.9625 1.4162
v 2.5643 3.5041 -1.368
v -3.4958 5.9781 -3.8421
v -2.8921 5.9521 -3.6393
v -9.6177 4.7991 1.9331
v 6.375 13.4213 -6.6891
v 9.5032 6.6004 3.6673
v 0 7.6161 3.0052
v -2.3816 10.5329 0.0884
v 10.3211 6.4785 -0.0998
v -1.3588 0.318 6.4142
v -9.6177 12.3776 -1.7563
v 10.0215 6.6012 1.8988
v 2.6852 1.4137 7.0863
v -7.3362 3.3125 5.1875
v -10.0215 10.3988 -1.8988
v 8.0279 3.2036 3.4151
v 0 1.2831 7.2169
v -1.3208 2.3467 8.0346
v -9.3486 4.8212 1.7975
v -7.2169 13.6031 -5.1031
v 10.2647 11.2742 -4.6505
v 8.0279 13.7964 -3.4151
v 10.5 15.9246 -7.4246
v 7.2169 13.6031 -5.1031
v 9.581 13.0784 -6.4547
v 10.0895 12.2078 -5.5841
v 1.3588 2.2625 8.3588
v 1.3603 11.0237 -4.6451
v 0.0015 11.1502 -4.7716
v 2.6265 10.6529 -4.2742
v 3.7515 10.0282 -3.6495
v 4.5482 9.2941 -2.9154
v 5.0726 8.3987 -2.0201
v 5.2515 7.4379 -1.0592
v 5.0726 6.4771 -0.0984
v 4.5482 5.5818 0.7969
v 9.6177 4.6224 1.7563
v 3.7138 4.8129 1.5658
v 2.6265 4.223 2.1557
v 1.3603 3.8521 2.5266
v 0.0015 3.7256 2.6531
v -1.3573 3.8521 2.5266
v -2.6235 4.223 2.1557
v -3.7108 4.8129 1.5658
v -4.5451 5.5818 0.7969
v -8.2589 2.9582 3.4205
v -5.0696 6.4771 -0.0984
v -5.2485 7.4379 -1.0592
v -5.0696 8.3987 -2.0201
v -4.5451 9.2941 -2.9154
v -3.7108 10.0629 -3.6842
v -2.6235 10.6529 -4.2742
v -1.3573 11.0237 -4.6451
v -2.1887 3.125 -0.25
v -0.75 2.75 -0.5
v -1 2.75 -0.25
v 0.2492 0.4367 -0.3583
v -0.6257 0.4984 -0.2496
v -0.6256 0.4984 -0.2494
v 0.5 7.8876 0.6124
v -1 8.5 -0
v 6.5 6.9393 -5.5
v 6.5 6.9393 -5.5
v -5.5 7.4393 -6.5
v 2.5 4.3787 2
v 0.003 3.7242 0.5332
v 0.9405 2.8412 -0.7051
v 0.7863 6.2745 -4.1384
v 2.1224 3.905 -1.5921
v 0.7788 3.3564 -1.0436
v -8.1606 4.9561 5.3117
v 8.2589 3.135 3.5973
v 1.375 13.1892 -2.5679
v 3.7566 6.9044 3.717
v -5.1316 8.5884 2.0329
v -1.375 13.1892 -2.5679
v 2.3816 12.4775 -1.8562
v 2.3816 6.6438 3.9775
v -4.7631 9.5607 1.0607
v -2.3816 12.4775 -1.8562
v -4.1986 9.4723 2.5633
v 3.0736 8.0944 3.9411
v -8.2589 12.0973 -5.365
v 1.3426 2.1726 8.0951
v -9.5032 12.1673 -1.8996
v -2.6852 15.5863 -7.0863
v -2.5516 2.7072 7.6741
v -6.16 15.1172 -4.7359
v -4.4194 4.028 6.3533
v 0.5 2.75 -0.25
v 1.75 2.1875 -0.2498
v 0.5 9.1124 -0.6124
v 0.003 7.2567 -3.8089
v 0 -0 -0.5
v -2.5 0 2
v 0.125 6.7537 -0.5
v -2.5 0.0625 2.0625
v 2.5 3.4393 -0.5
v 2.1224 6.8138 -4.6778
v 0.7788 3.268 -1.132
v -0.9345 2.8412 -0.7051
v -0.7727 3.3564 -1.0436
v -2.8921 5.8637 -3.7277
v -2.8921 4.855 -2.5422
v -9.6177 6.5669 3.7009
v 6.375 15.1891 -4.9213
v 8.2589 4.9027 5.365
v -8.1606 3.1883 3.5439
v 8.2589 2.9582 3.4205
v -1.3588 2.2625 8.3588
v -8.2589 13.865 -3.5973
v 9.5032 4.8327 1.8996
v 1.3426 0.4049 6.3274
v -9.5032 10.3996 -3.6673
v -1.3588 2.0858 8.182
v 1.3208 14.6533 -8.0346
v 6.16 1.8828 4.7359
v -2.6416 1.529 6.971
v -10.0309 6.6254 -0.0067
v -5.1031 14.75 -6.25
v -3.8723 16.0511 -5.6698
v -1.3208 14.6533 -8.0346
v 10.5 11.1517 -4.773
v 8.2314 13.8351 -3.4538
v 9.581 14.9547 -4.5784
v 9.3486 12.1788 -1.7975
v 0.0015 13.2716 -2.6503
v 1.3603 13.1451 -2.5238
v 1.3588 16.8588 -6.2375
v 2.6265 12.7742 -2.1529
v 3.9838 16.3614 -5.7401
v 3.7515 12.1495 -1.5282
v 4.5481 11.4154 -0.7941
v 5.0726 10.5201 0.1012
v 5.2515 9.5593 1.062
v 5.0726 8.5985 2.0229
v 10.3211 8.5998 2.0215
v 4.5481 7.7031 2.9182
v 3.7138 6.9343 3.687
v 2.6265 6.3443 4.277
v 1.3603 5.9735 4.6479
v 0.0015 5.847 4.7744
v -1.3573 5.9735 4.6479
v -2.6235 6.3443 4.277
v -3.7109 6.9343 3.687
v -4.5452 7.7031 2.9182
v -5.0697 8.5985 2.0229
v -5.2485 9.5593 1.062
v -5.0697 10.5201 0.1012
v -4.5452 11.4154 -0.7941
v -3.7109 12.1843 -1.563
v -8.2589 14.0418 -3.4205
v -2.6235 12.7742 -2.1529
v -1.3573 13.1451 -2.5238
v -9.6177 4.6224 1.7563
v 2.25 1 2
v -1.25 0.9935 6.9333
v -0.875 0.2134 7.1833
v 0 0.4268 6.3665
v 0.9665 2.75 -0.375
v 0.2492 0.2492 -0.2498
v 0.2493 0.2492 -0.2497
v -0.6258 0.7484 -0.5
v -0.6256 0.9984 -0.2494
v -0.6257 0.9984 -0.2496
v 5.5 12.8787 -6.5
v -5.5 12.8787 -6.5
v -3.4958 4.6523 -2.5162
v -0.7727 3.268 -1.132
v 1.125 13.2366 -1.2011
v -1.125 13.2366 -1.2011
v -3.8723 2.8302 7.5511
v 8.8388 9.4406 0.9406
v 0.625 2.75 -0.4665
v 0 2.75 -0.25
v 1.5 2.1875 -0.25
v 6.5 -0 -5.5
v 6.5 5.4393 -4.5
v 5.5 2 -5.5
v 5.5 6.4393 -4.5
v 4.5 -0 -5.5
v 4.5 5.4393 -4.5
v 5.5 -0 -4.5
v -4.5 -0 -5.5
v -4.5 5.4393 -4.5
v -5.5 -0 -4.5
v -5.5 2 -5.5
v -4.5 6.9393 -5.5
v -6.5 -0 -5.5
v -6.5 5.4393 -4.5
v -4.5 6.9393 -5.5
v -5.5 2 -5.5
v -2.25 3.4393 -0.5
v 0 0.5 4.5
v 0 0.25 -0.5
v 1.878 4.0794 0.1779
v 2.5643 5.6254 0.7533
v 0.9405 9.9105 -3.5318
v -3.747 6.3758 -2.1185
v -3.4958 6.7736 -0.3949
v 3.5018 4.6523 -2.5162
v -0.7802 5.6349 -3.4989
v 2.8981 4.855 -2.5422
v -1.3426 14.8274 -8.0951
v 6.3373 1.7762 4.9561
v 6.3438 13.3831 -6.6508
v -6.3373 13.4561 -6.7238
v -1.125 8.8899 3.1456
v 2.25 10.2678 1.7678
v -3.9838 2.7599 7.8614
v -10.3211 6.6553 0.0769
v -1.3588 16.8588 -6.2375
v 0 15.8362 -7.3362
v 1.3426 14.8274 -8.0951
v 8.985 4.8319 3.6681
v 0 1.1638 7.3362
v -8.985 4.8319 3.6681
v -8.985 12.1681 -3.6681
v -3.9838 0.8153 5.9169
v 3.8723 14.1698 -7.5511
v 10.2064 8.5 -0
v 3.8723 0.9489 5.6698
v -5.1031 2.25 6.25
v -2.6416 15.471 -6.971
v 10.4116 15.8621 -7.4871
v 10.2649 13.1505 -2.7742
v 10.0326 10.3746 0.0067
v 10.0908 14.0844 -3.7081
v -6.3373 15.4006 -4.7793
v 6.375 13.2446 -6.8659
v 8.2966 11.8858 -5.5071
v 6.3373 1.5994 4.7793
v -10.3211 6.4785 -0.0998
v -9.3486 10.2975 -3.6788
v -10.0309 8.4933 -1.8746
v -0.875 0.7801 7.75
v -0.375 1.2801 7.75
v 0 1.5603 7.5
v 0.25 2.75 -0.5
v 0 2.75 -0.25
v -0.625 2.75 -0.4665
v -0.9665 2.75 -0.375
v 0.2492 0.3742 -0.375
v 0.2493 0.4992 -0.2497
v 0.2492 0.4992 -0.2498
v -0.6254 0.4984 -0.2492
v -0.6252 0.4984 -0.2492
v -0.6258 0.6234 -0.4665
v 0.866 8.8536 -0.3536
v 0 7.7929 0.7071
v -0.866 8.8536 -0.3536
v 5.5 2 -5.5
v 5.5 6.4393 -4.5
v -5.5 2 -4.5
v -4.5 2 -5.5
v -2.25 3.4393 -0.25
v 2.5 0 2
v 0 0 4.5
v 0 6.6287 -0.25
v -2.5 1 2
v 1.878 8.6722 -4.4149
v -2.5583 3.5041 -1.368
v -0.7802 6.2745 -4.1384
v -2.1163 3.905 -1.5921
v -9.5032 6.6004 3.6673
v 8.1606 4.9561 5.3117
v 3.7566 12.217 -1.5956
v 1.375 5.9321 4.6892
v -5.1316 10.5329 0.0884
v -4.1986 11.0633 0.9723
v 1.125 7.2989 4.7366
v 3.0736 12.4411 -0.4056
v 0 13.0234 -0.9879
v -3.375 11.6456 0.3899
v 0 7.5121 4.5234
v 3.375 11.6456 0.3899
v 7.5 13.6805 -5.1805
v -1.3426 2.1726 8.0951
v -8.1606 13.8117 -3.5439
v 9.5228 11.2449 -0.8636
v 9.5228 7.6364 2.7449
v 10.0328 8.5067 1.8746
v -6.971 4.5114 5.8699
v -6.16 3.7641 6.6172
v 2.25 2 2
v 6.5 5.4393 -5.5
v 5.5 6.4393 -5.5
v 4.5 5.4393 -5.5
v 5.5 6.4393 -5.5
v 5.5 11.8787 -5.5
v -4.5 5.4393 -5.5
v -5.5 2 -6.5
v -6.5 5.4393 -5.5
v 2.25 3.4393 -0.25
v -2.5 0.125 2
v 0.7788 7.3623 -5.2263
v -2.8921 4.7666 -2.6306
v 2.1224 3.8166 -1.6805
v 2.8981 5.9521 -3.6393
v 6.3373 3.5439 6.7238
v 6.3438 15.1508 -4.8831
v -6.3373 15.2238 -4.9561
v 8.1606 3.1883 3.5439
v 3.9838 0.6386 5.7401
v -10.3211 8.4002 -2.0215
v -1.3426 0.4049 6.3274
v -9.5032 4.8327 1.8996
v -8.1606 12.0439 -5.3117
v -10.3211 8.4231 1.8447
v -3.9838 2.5831 7.6847
v 1.3426 16.5951 -6.3274
v 9.8587 6.6321 1.8679
v 9.3489 6.7025 3.6788
v 1.3208 0.4654 6.1533
v -7.2169 3.3969 5.1031
v -8.0279 11.9151 -5.2964
v 7.5 15.8632 -5.2419
v 7.5 13.6805 -5.1805
v 9 15.8632 -5.2419
v 7.6503 15.7407 -5.3644
v 8.9736 15.7407 -5.3644
v 6.375 15.3659 -4.7446
v 8.2966 14.0071 -3.3858
v -6.3373 3.7207 6.9006
v -3.9838 16.3614 -5.7401
v 0 11.1678 -4.5491
v 1.3208 11.0448 -4.4261
v 2.5516 10.6843 -4.0656
v 3.6084 10.1109 -3.4922
v 6.16 13.2359 -6.6172
v 4.4194 9.3636 -2.7449
v 5.1031 7.5593 -0.9406
v 4.9292 6.6254 -0.0067
v 4.4194 5.7551 0.8636
v 3.6084 5.0078 1.6109
v 2.5516 4.4343 2.1844
v 1.3208 4.0739 2.5448
v 0 3.9509 2.6678
v -1.3208 4.0739 2.5448
v -2.5516 4.4343 2.1844
v -3.6084 5.0078 1.6109
v -4.4194 5.7551 0.8636
v -4.9292 6.6254 -0.0067
v -4.9292 8.4933 -1.8746
v -4.4194 9.3636 -2.7449
v -3.6084 10.1109 -3.4922
v -2.5516 10.6843 -4.0656
v -1.3208 11.0448 -4.4261
v 4.9279 8.493 -1.8743
v -5.1017 7.5593 -0.9406
v 0.875 0.2134 7.1833
v 1.25 0.9935 6.9333
v -2.1887 3.123 -0.2495
v -0.25 2.75 -0.5
v -0.5 2.75 -0.25
v 1.5167 2.1875 -0.3122
v 0.2494 0.2492 -0.2496
v 0.2495 0.2492 -0.2496
v 0.2492 0.3117 -0.3583
v -0.6258 0.5319 -0.375
v -0.6254 0.9984 -0.2492
v -0.6252 0.9984 -0.2492
v 6.5 11.8787 -5.5
v 5.5 11.8787 -5.5
v 4.5 11.8787 -5.5
v 5.5 10.8787 -4.5
v -4.5 11.8787 -5.5
v -5.5 10.8787 -4.5
v -5.5 11.8787 -5.5
v -6.5 11.8787 -5.5
v -5.5 11.8787 -5.5
v 3.5018 5.9781 -3.8421
v -1.3426 16.5951 -6.3274
v -8.0279 5.0849 5.2964
v 7.6239 13.6805 -5.1805
v 1 2.75 -0.25
v 5.5 -0 -6.5
v 4.5 6.4393 -6.5
v 5.5 7.4393 -6.5
v -5.5 -0 -6.5
v -4.5 6.4393 -6.5
v -6.5 2 -5.5
v 2.25 3.4393 -0.5
v -0.125 0.125 -0.5
v 0 0.25 -0.25
v -2.25 1.5126 2
v -2.25 4.0251 2
v 2.25 4.0251 2
v 2.25 3.2626 -0.25
v 3.2506 5.05 -0.7927
v 3.5018 6.7736 -0.3949
v 0.003 9.0275 -4.7701
v -0.9345 9.9105 -3.5318
v -3.2446 5.05 -0.7927
v -2.5583 5.6254 0.7533
v -3.9838 14.4169 -7.6847
v -6.3373 1.7762 4.9561
v 1.3588 14.9142 -8.182
v -8.2589 5.0795 5.5418
v -1.3588 14.9142 -8.182
v 2.6852 15.5863 -7.0863
v 10.2607 6.6667 0.0655
v 7.3362 3.3125 5.1875
v -2.6852 1.4137 7.0863
v -10.0215 6.6012 1.8988
v -10.3211 8.5769 -1.8447
v 10.3211 6.6553 0.0769
v 0 5.8322 4.5491
v 8.8388 4.8916 3.6084
v -8.8388 4.8916 3.6084
v -10.205 8.5 -0
v -10.0326 10.3746 0.0067
v -6.16 13.2359 -6.6172
v 9 16.9853 -6.364
v 7.6768 15.9246 -7.4246
v 8.0279 11.9151 -5.2964
v 7.5 15.9246 -7.4246
v 7.5884 15.9871 -7.3621
v 8.9116 16.9228 -6.4265
v 9 16.8603 -6.489
v 8.2966 11.8858 -5.5071
v 9.7966 13.0078 -6.6291
v 9.6177 10.2563 -3.8776
v 9.6177 6.7437 3.8776
v 1.3588 0.1412 6.2375
v -9.6177 10.2563 -3.8776
v -1.3208 0.4654 6.1533
v -1.8137 3.123 -0.2495
v 0.375 2.75 -0.4665
v 0.0335 2.75 -0.375
v -0.5335 2.75 -0.375
v -0.875 2.75 -0.4665
v 1.625 2.1875 -0.3747
v 1.5625 2.1875 -0.3583
v 0.2492 0.2659 -0.3125
v 0.2494 0.4992 -0.2496
v 0.2495 0.4992 -0.2496
v -0.6258 0.4984 -0.25
v 1 8.5 -0
v -0.5 7.8876 0.6124
v 6.5 6.4393 -6.5
v 5.5 7.4393 -6.5
v -6.5 6.9393 -5.5
v -6.5 6.4393 -6.5
v -6.5 6.9393 -5.5
v -2.375 0.875 2
v 2.5643 7.1263 -4.9903
v 2.1224 6.9022 -4.5894
v -1.5635 5.3152 -3.1791
v 3.9838 0.8153 5.9169
v 6.2619 3.6135 6.6543
v 3.9364 16.1037 -5.8359
v -6.2619 15.1543 -4.8865
v 5.1316 10.5329 0.0884
v -1.375 5.9321 4.6892
v -3.7566 12.217 -1.5956
v 4.7631 9.5607 1.0607
v -2.3816 6.6438 3.9775
v -3.0736 12.4411 -0.4056
v -1.125 7.2989 4.7366
v 4.1986 11.0633 0.9723
v 10.5 8.5 -0
v -3.9364 2.6641 7.6037
v -10.1982 8.4345 1.8333
v -7.3362 13.6875 -5.1875
v 6.971 4.5114 5.8699
v 8.0279 5.0849 5.2964
v -9.5228 7.6364 2.7449
v -9.3486 6.7025 3.6788
v -10.0326 8.5067 1.8746
v -9.5228 11.2449 -0.8636
v 4.4194 4.028 6.3533
v -8.8388 9.4406 0.9406
v -0.6249 0.4984 -0.2491
v -0.5 9.1124 -0.6124
v -2.375 0.125 2
v -2.25 3.7626 -0.25
v 2.5 0.25 2
v 2.5 0.125 1.875
v 2.25 1.0126 2
v 2.5 1.0126 4.25
v -0.7727 7.3623 -5.2263
v -2.1163 3.8166 -1.6805
v -1.3588 16.682 -6.4142
v -3.9838 16.1847 -5.9169
v 1.3588 16.682 -6.4142
v 10.3211 8.4231 1.8447
v 8.2589 5.0795 5.5418
v -6.3373 3.5439 6.7238
v -9.6177 6.7437 3.8776
v -8.2589 11.9205 -5.5418
v 3.9364 14.3359 -7.6037
v 6.2619 1.8457 4.8865
v -3.9364 0.8963 5.8359
v -10.1982 6.6667 0.0655
v -6.2619 13.3865 -6.6543
v 3.9838 2.5831 7.6847
v -10.3211 10.3447 -0.0769
v 10.2607 8.4345 1.8333
v -4.4194 11.2449 -0.8636
v 0 15.7169 -7.2169
v 7.2169 3.3969 5.1031
v -3.8723 0.9489 5.6698
v -9.8584 6.6321 1.8679
v 9 13.7419 -7.3632
v 7.5 13.7419 -7.3632
v 8.2314 11.9538 -5.3351
v 7.6503 13.8644 -7.2407
v 8.9736 13.8644 -7.2407
v 9.3473 10.2972 -3.6786
v 9.7966 15.1291 -4.5078
v 8.2966 14.0071 -3.3858
v 9.6177 12.3776 -1.7563
v 1.3588 14.7375 -8.3588
v -1.3588 0.1412 6.2375
v -1.3588 14.7375 -8.3588
v -3.8723 14.1698 -7.5511
v 2.375 1 2
v -1.8137 3.125 -0.25
v -2.0012 3.125 -0.4375
v 0.75 2.75 -0.5
v 0.5 2.75 -0.25
v -0.125 2.75 -0.4665
v -0.4665 2.75 -0.375
v 1.6875 2.1875 -0.3583
v 0.2492 0.2492 -0.25
v -0.6258 0.9984 -0.25
v -0.6249 0.9984 -0.2491
v 5.5 12.8787 -6.5
v -5.5 12.8787 -6.5
v 2.25 1.0126 4.25
v 0.9405 7.7892 -5.6532
v 2.8981 4.7666 -2.6306
v 0.7863 4.3559 -2.2199
v -0.7802 4.3559 -2.2199
v 0.7788 7.4507 -5.1379
v 2.5516 16.1741 -5.7928
v 1.3208 16.5346 -6.1533
v 6.16 3.7641 6.6172
v -2.5516 16.1741 -5.7928
v -1.3208 16.5346 -6.1533
v 4.4194 14.8533 -4.472
v -4.4194 14.8533 -4.472
v 0.2496 0.2492 -0.2496
v -6.16 14.1766 -5.6766
v -5.5 5.4393 -4.5
v -1.3426 15.7112 -7.2112
v 5.5 6.4393 -6.5
v 5.5 -0 -5.5
v 5.5 5.4393 -4.5
v 7.6503 14.8026 -6.3026
v 5.5 2 -5.5
v 5.5 6.9393 -5.5
v 5.5 6.9393 -5.5
v 5.5 6.4393 -6.5
v 5.5 5.4393 -4.5
v 10.0326 7.566 0.934
v -5.5 6.9393 -5.5
v -5.5 2 -5.5
v 0 3.4393 -0.25
v -5.5 5.4393 -4.5
v -5.5 6.4393 -6.5
v -10.0317 7.5661 0.9339
v 9.5032 5.7166 2.7834
v 6.3438 14.267 -5.767
v 1.3208 15.5939 -7.0939
v 0.9405 3.9018 0.3555
v -1.3208 1.4061 7.0939
v -2.5583 8.187 -3.9296
v -10.0317 9.4339 -0.9339
v -3.4958 7.0388 -2.7814
v 8.0279 4.1442 4.3558
v 3.8723 1.8895 6.6105
v 6.2619 2.7296 5.7704
v -6.2619 14.2704 -5.7704
v -8.1606 4.0722 4.4278
v 10.2648 12.2123 -3.7123
v 9.3488 5.7618 2.7382
v 1.3426 1.2888 7.2112
v -0.5625 10.9567 1.0788
v 1.3426 15.7112 -7.2112
v -3.4958 5.7129 -1.4556
v -6.2619 2.7296 5.7704
v -10.1982 9.4494 -0.9494
v 10.2607 7.5506 0.9494
v -8.1606 12.9278 -4.4278
v 2.5643 8.187 -3.9296
v 8.1606 4.0722 4.4278
v 1.3208 1.4061 7.0939
v 3.9364 1.7802 6.7198
v -8.0279 12.8558 -4.3558
v -1.3426 1.2888 7.2112
v 2.5643 4.5647 -0.3074
v -9.5032 11.2834 -2.7834
v -3.8723 15.1105 -6.6105
v 6.16 14.1766 -5.6766
v -3.9364 1.7802 6.7198
v -3.9364 15.2198 -6.7198
v 7.5 14.8026 -6.3026
v -8.0279 4.1442 4.3558
v -1.3208 15.5939 -7.0939
v 3.5018 7.0388 -2.7814
v 0.003 4.9954 -2.8594
v 2.2097 10.3428 0.0385
v -0.9345 8.8499 -4.5925
v -3.8723 1.8895 6.6105
v 1.1908 10.0468 0.5745
v 3.8723 15.1105 -6.6105
v 6.16 2.8234 5.6766
v 3.5018 5.7129 -1.4556
v -10.1982 7.5506 0.9494
v 0.9405 8.8499 -4.5925
v -9.3486 5.7618 2.7382
v -9.3486 11.2382 -2.7382
v -6.16 2.8234 5.6766
v -2.5583 4.5647 -0.3074
v -0.9345 3.9018 0.3555
v -5.5 6.4393 -6.5
v 3.9364 15.2198 -6.7198
v -9.5032 5.7166 2.7834
v 0 0 2
v 10.5 12.2123 -3.7123
v -5.5 -0 -5.5
v -5.5 6.9393 -5.5
v 0.003 5.9711 -2.5232
v 4.5 8.159 -4.5
v 8.25 13.1809 -6.8022
v 4.5 9.409 -5.5
v 6.5 8.159 -4.5
v 4.5 9.409 -5.5
v -6.5 8.159 -4.5
v -4.5 8.159 -4.5
v -1.1908 6.1577 4.4636
v -5.5 8.659 -4.5
v 4.7631 10.5329 0.0884
v -2.5334 9.0782 1.5431
v 1.125 6.6287 -0.5
v -2.5 0.875 3.1875
v -2.5 5.176 0.9375
v -2.5 5.6287 0.75
v 3.753 5.8455 -2.6488
v -6.5 3.2197 -6.5
v 0.3947 6.1146 -3.9786
v 10.2317 12.858 -2.2367
v 2.5377 9.0782 1.5431
v 0.6816 11.3515 -0.7302
v -2.2711 10.4867 0.1347
v -0.6772 11.3515 -0.7302
v 2.25 4.7688 -0.25
v 1.8583 8.2461 2.3752
v 0 9.3636 -2.7449
v 9.75 14.864 -8.4853
v 10.4106 13.4882 -7.1095
v 2.375 2 1.25
v 3.9375 9.5788 2.4567
v -2.2097 3.1259 7.2554
v 3.5724 7.13 3.4913
v -5.5 8.659 -5
v 2.5516 7.5593 -0.9406
v 2.25 2 2.75
v 9.8647 8.5385 1.8428
v 10.2317 10.7367 -4.358
v -4.5 3.2197 -6.5
v 7.0939 4.4245 5.9568
v 2.2756 8.3653 -1.9866
v 9.6908 7.6046 2.7767
v -3.4855 15.5137 -5.1324
v -9.5228 9.4407 0.9406
v -2.271 6.5091 -0.1305
v -1.25 0.75 4.5
v 8.2987 15.181 -4.8022
v 0.1862 0.8734 -0.4665
v 1.75 1.3438 -0.2499
v 4.5 2.7197 -4.5
v -1.4379 0.9649 -0.375
v 0.866 8.3232 -0.8839
v 7.5 13.1809 -6.8022
v 6.6291 4.9301 5.4512
v -1.125 0.25 -0.5
v 0 9.7374 -0.1768
v 0.866 8.6768 0.8839
v -2.25 2.9001 3.125
v -1.497 6.6139 -3.1661
v 0.753 4.6854 -1.2376
v -5.5 8.659 -4.5
v 1.25 1.8787 4.5
v -2.25 1.25 0.875
v 2.25 0.25 0.875
v -3.9375 9.5788 2.4567
v 2.8125 8.201 3.8345
v 1.2758 2.4655 7.9158
v -0.866 8.6768 0.8839
v 4.5 2.7197 -6
v -8.8388 7.6364 2.7449
v -2.25 5.0188 -0.25
v 6.5 2.7197 -6
v -6.5 2.7197 -6
v -5.5 4.2197 -6
v -4.5 2.7197 -6
v -5.5 4.2197 -6
v -2.3125 1.9072 -0.5
v -2.5 2.4697 -0.5
v 2.4375 1.6572 -0.5
v -2.5 0.9688 0.7188
v 2.3125 4.9715 -0.5
v 1.2758 5.9968 0.6219
v -1.2758 9.1218 -2.5031
v -9.1808 10.3428 0.0385
v 1.3147 11.1661 -0.5447
v 0.0022 7.7024 2.9189
v 0.1862 0.7484 -0.5
v 0.1862 0.5319 -0.375
v -2.2097 6.6572 -0.0385
v 6.5 3.2197 -6.5
v 2.2755 8.6305 1.9908
v -0.5 7.3573 0.082
v -6.5 4.4697 -5.5
v 10.4106 15.6095 -4.9882
v 10.5 15.1291 -4.5078
v -2.5 5.409 -0.5
v -2.5 1.25 0.875
v 6.5 8.159 -5
v 3.753 6.9062 -1.5882
v -0.866 7.6161 -0.1768
v -9.1808 8.5385 1.8428
v -1.125 6.6287 -0.5
v 6.5 2.7197 -4.5
v 10.2064 13.5984 -6.9722
v 1.8584 6.1247 0.254
v 1.8773 8.7323 -2.3537
v 0 7.2626 0.1768
v 1.7333 3.0312 -0.3121
v -1.4379 0.8734 -0.4665
v -2.5 2.9778 3.3125
v 4.5 4.4697 -5.5
v 2.5 5.1501 0.875
v 0.5 7.3573 0.082
v 7.9049 5.1718 5.2095
v 2.3816 7.6161 3.0052
v -1.8539 8.7497 -2.371
v 2.25 11.6456 0.3899
v 4.5 3.2197 -6.5
v 1.25 6.8787 -0.5
v 7.9049 13.7095 -3.3282
v -6.037 15.0303 -4.649
v 1.503 6.6139 -3.1661
v 4.5 9.659 -6.5
v 6.5 9.659 -6.5
v -6.5 9.659 -6.5
v -5.5 10.159 -6.5
v -4.5 9.659 -6.5
v 2.5 4.7688 -0.25
v -2.5 1.25 3.125
v -2.5 5.0188 -0.25
v -2.5 2.3188 -0.4375
v -2.5 1.0625 3.3125
v -2.5 2.9001 3.125
v 9.4449 14.201 -3.5797
v 2.5 2.9001 3.125
v 2.5 5.176 0.9375
v 2.5 1.5688 -0.4375
v 9.6906 11.2767 -0.8954
v 1.3147 7.9511 2.6702
v -0.6772 7.7657 2.8556
v -2.3816 7.6161 3.0052
v -3.5724 9.0745 1.5468
v -2.6228 9.5586 1.0627
v 0.1862 0.4984 -0.25
v -7.0939 14.4568 -4.0755
v 10.2355 9.4168 -2.7956
v 9.2099 12.1231 -5.5019
v 9.9726 10.8173 -4.1961
v 2.039 12.8174 -6.4387
v 0.0008 13.0071 -6.6284
v 3.9383 12.2611 -5.8824
v 5.6258 11.324 -4.9454
v 6.8207 10.2229 -3.8442
v 7.6074 8.8799 -2.5012
v 7.8758 7.4386 -1.06
v 7.6074 5.9974 0.3813
v 6.8207 4.6544 1.7243
v 5.5692 3.5011 2.8775
v 3.9383 2.6162 3.7625
v 2.039 2.0599 4.3188
v 0.0008 1.8702 4.5085
v -2.0374 2.0599 4.3188
v -3.9367 2.6162 3.7625
v -5.5677 3.5011 2.8775
v -6.8192 4.6544 1.7243
v -7.6059 5.9974 0.3813
v -7.8742 7.4386 -1.06
v -7.6059 8.8799 -2.5012
v -6.8192 10.2229 -3.8442
v -5.5677 11.3761 -4.9975
v -3.9367 12.2611 -5.8824
v -2.0374 12.8174 -6.4387
v 2.2097 6.6572 -0.0385
v 4.5 3.2197 -6.5
v -2.5 2.5063 -0.25
v 1.503 5.3282 -1.8804
v 2.5 5.159 -0.5
v 3.4855 15.5137 -5.1324
v -2.5966 2.5884 7.7929
v -1.8539 6.1247 0.254
v -6.6291 12.147 -1.7657
v -2.25 5.034 -0.25
v -5.5 4.7197 -6.5
v -1.25 0 4.5
v -2.2097 4.9301 5.4512
v 1.5 1.3438 -0.25
v -1.497 5.3282 -1.8804
v -1.2758 2.4655 7.9158
v 0 8.6768 -1.2374
v -1.4378 0.4984 -0.2496
v -1.4376 0.4984 -0.2493
v -5.5 4.2197 -4.5
v -2.5 0.875 0.8125
v -2.5 1.1875 0.9375
v -2.5 5.1501 0.875
v 2.25 5.034 -0.25
v -0.866 8.3232 -0.8839
v -1.125 6.6287 -0.25
v -5.6952 14.6116 -4.2303
v -5.6952 4.2697 6.1116
v -3.747 6.9062 -1.5882
v 9.1808 8.5385 1.8428
v 0.003 4.2545 1.0635
v 0.5 8.418 1.1427
v -1 9.0303 0.5303
v 6.5 9.409 -5.5
v 6.5 9.409 -5.5
v -5.5 10.159 -6.5
v 2.5 5.6287 0.75
v 0.003 3.1939 0.0028
v 3.5724 11.9913 -1.37
v 1.1908 6.1577 4.4636
v -4.7631 10.5329 0.0884
v -3.5724 11.9913 -1.37
v -3.8273 2.9489 7.4324
v -6.6291 4.9301 5.4512
v 1.75 3.0313 -0.2498
v 0.5 9.6427 -0.082
v 0.753 7.2567 -3.8089
v 1.25 -0 -0.5
v -2.5 0 3.25
v -1.0625 6.6912 -0.5
v -2.5 0.0312 3.2812
v 1.6875 1.3438 -0.3583
v 2.5 1.7197 -0.5
v -2.5 0.9062 3.1562
v -1.8042 6.2836 0.3351
v 1.8042 6.2836 0.3351
v 10.5 11.4168 -0.7955
v 0.1864 0.9984 -0.2495
v -0.6604 9.3021 -2.6834
v 2.4639 8.0262 -1.4075
v 0.1868 0.9984 -0.2492
v 2.2755 10.4867 0.1347
v 10.5 13.0078 -6.6291
v 9.9521 15.9075 -5.5337
v 0.0007 15.1284 -4.5071
v 2.0389 14.9387 -4.3174
v 3.9382 14.3824 -3.7611
v 5.6257 13.4454 -2.8241
v 6.8207 12.3442 -1.7229
v 7.6074 11.0012 -0.3799
v 7.8757 9.56 1.0614
v 7.6074 8.1187 2.5026
v 6.8207 6.7757 3.8456
v 5.5692 5.6225 4.9989
v 3.9382 4.7375 5.8838
v 2.0389 4.1812 6.4401
v 0.0007 3.9915 6.6298
v -2.0375 4.1812 6.4401
v -3.9368 4.7375 5.8838
v -5.5677 5.6225 4.9989
v -6.8192 6.7757 3.8456
v -7.6059 8.1187 2.5026
v -7.8743 9.56 1.0614
v -7.6059 11.0012 -0.3799
v -6.8192 12.3442 -1.7229
v -5.5677 13.4975 -2.8761
v -3.9368 14.3824 -3.7611
v -2.0375 14.9387 -4.3174
v 2.25 1 1.25
v 3.4855 3.3676 7.0137
v 0.6604 5.8166 0.8021
v 2.5 2.9778 3.3125
v -7.9049 13.7095 -3.3282
v 2.25 0.25 3.125
v -5.5 8.659 -5
v 2.375 1 2.75
v 2.375 2 2.75
v 1.125 7.5121 4.5234
v -1.25 -0 -0.5
v 1.3125 6.8162 -0.5
v 2.5378 6.9568 -0.5781
v 0.0023 9.2934 -2.9147
v 10.2358 11.2956 -0.9168
v -1.1908 11.9913 -1.37
v -2.5 0.125 3.1875
v 0.1867 0.4984 -0.2492
v -4.5 4.4697 -5.5
v 5.5 4.2197 -4.5
v 6.5 2.7197 -4.5
v 4.5 4.4697 -5.5
v -1.1908 12.9636 -2.3423
v -1.4379 0.7484 -0.5
v 2.25 1.3938 3.125
v -1.4376 0.9984 -0.2493
v -1.4378 0.9984 -0.2496
v -2.5 4.9563 -0.3125
v -6.5 8.159 -5
v 2.5 1.7563 -0.25
v -2.271 8.3653 -1.9866
v 5.5 4.7197 -6.5
v 8.8388 7.6364 2.7449
v 1.5 3.0312 -0.25
v 6.5 8.159 -4.5
v 5.5 8.659 -4.5
v 4.5 8.159 -4.5
v -4.5 8.159 -4.5
v -4.5 9.409 -5.5
v -6.5 8.159 -4.5
v -4.5 9.409 -5.5
v -2.25 5.034 -0.5
v 1.25 0.25 4.5
v 1.125 0.25 -0.5
v -2.375 0.875 0.8125
v -3.747 5.8455 -2.6488
v -1.1718 5.1553 -3.0193
v 10.5 9.0303 0.5303
v 1.8772 10.8537 -0.2324
v -2.8125 9.5788 2.4567
v 2.25 8.8899 3.1456
v 2.25 1 2.75
v -2.5334 10.039 0.5823
v 2.25 1.8447 -0.5
v 5.5 4.7197 -6.5
v 2.6272 9.5586 1.0627
v -2.2711 8.6305 1.9908
v 1.2758 9.1218 -2.5031
v 10.2941 15.0054 -4.6316
v 10.207 15.4723 -5.0985
v 2.5966 2.5884 7.7929
v 7.5 15.3022 -4.6809
v 0.5 8.582 -1.1427
v -0.747 4.6854 -1.2376
v 8.8388 11.2449 -0.8636
v 2.5 4.7063 -0.3125
v -1.25 1.8787 4.5
v -6.5 3.2197 -6.5
v 8.25 14.864 -8.4853
v 6.037 15.0303 -4.649
v 7.0939 14.4568 -4.0755
v -2.6227 7.4372 -1.0585
v 0.6817 9.2301 -2.8514
v 0.6817 5.6443 0.7344
v 1.3148 5.8297 0.5489
v 6.5 4.4697 -5.5
v -9.6906 11.2767 -0.8954
v -4.5 2.7197 -4.5
v -1.4375 0.4984 -0.2492
v -1.4371 0.4984 -0.2492
v -1.4379 0.6234 -0.4665
v 0.1864 0.4984 -0.2496
v 4.5 2.7197 -4.5
v -9.6906 7.6046 2.7767
v 5.5 4.2197 -4.5
v -1.3102 9.0447 -2.666
v 0.866 9.3839 0.1768
v 0 8.3232 1.2374
v -0.866 9.3839 0.1768
v 4.7613 15.272 -4.8907
v -2.5966 16.2929 -5.9116
v 5.5 8.659 -4.5
v -2.25 1.8447 -0.25
v 2.5 0 0.75
v 1.25 0 4.5
v 1.125 6.6287 -0.25
v -2.5 1 0.75
v -1.125 13.0234 -0.9879
v -2.8125 12.3345 -0.299
v -1.125 7.5121 4.5234
v 3.9375 10.9567 1.0788
v 9.1808 12.147 -1.7657
v 9.1808 6.7343 3.647
v -7.9049 5.1718 5.2095
v 2.25 2 1.25
v 6.5 2.7197 -6
v 5.5 4.2197 -6
v 4.5 2.7197 -6
v 5.5 4.2197 -6
v -4.5 2.7197 -6
v -7.0939 4.4245 5.9568
v -6.5 2.7197 -6
v 2.25 1.8447 -0.25
v -4.7613 3.6093 6.772
v -2.5 0.125 0.8125
v 5.6952 4.2697 6.1116
v 4.4194 5.8322 4.5491
v -1.8042 8.8351 -2.2164
v -1.854 8.2461 2.3752
v -1.3103 11.1661 -0.5447
v 0.1867 0.9984 -0.2492
v 1.125 0.25 -0.25
v -2.25 1.6438 3.125
v -1.3103 7.9511 2.6702
v 1.5625 1.3438 -0.3583
v 7.5 16.4243 -5.8029
v 7.5 13.1502 -5.7109
v 9.75 16.4243 -5.8029
v 7.6636 16.3005 -5.9267
v 9.6484 16.3005 -5.9267
v 0 12.972 -6.3533
v 1.9812 12.7876 -6.1689
v 3.8273 12.2468 -5.6281
v 5.4127 11.3867 -4.768
v 6.6291 10.2657 -3.647
v 7.6547 7.5593 -0.9406
v 7.3938 6.1584 0.4603
v 6.6291 4.853 1.7657
v 5.4127 3.732 2.8867
v 3.8273 2.8718 3.7469
v 1.9812 2.3311 4.2876
v 0 2.1467 4.472
v -1.9812 2.3311 4.2876
v -3.8273 2.8718 3.7469
v -5.4127 3.732 2.8867
v -6.6291 4.853 1.7657
v -7.3938 6.1584 0.4603
v -7.3938 8.9602 -2.3415
v -6.6291 10.2657 -3.647
v -5.4127 11.3867 -4.768
v -3.8273 12.2468 -5.6281
v -1.9812 12.7876 -6.1689
v 7.3918 8.9599 -2.3412
v -7.6526 7.5593 -0.9406
v -2.5 3.1287 3.25
v 2.8125 12.3345 -0.299
v -4.7631 8.5884 2.0329
v 1.125 13.0234 -0.9879
v -2.5 0.0938 0.8438
v 4.7613 3.6093 6.772
v 9.1808 10.3428 0.0385
v 6.5 3.2197 -6.5
v -6.6291 10.3428 0.0385
v 2.2097 4.9301 5.4512
v 9.9746 12.6965 -2.3177
v 0 4.028 6.3533
v -4.7613 15.272 -4.8907
v -2.5333 6.9568 -0.5781
v -1.3102 5.8297 0.5489
v 7.6371 15.181 -4.8022
v 1.5167 3.0312 -0.3121
v 3.8273 2.9489 7.4324
v -3.4855 3.3676 7.0137
v -6.5 2.7197 -4.5
v 0.1862 0.9649 -0.375
v 9.5228 9.4407 0.9406
v -1.4379 0.5319 -0.375
v -1.4375 0.9984 -0.2492
v -1.4371 0.9984 -0.2492
v 4.5 8.159 -5
v 2.2097 15.7554 -5.3741
v -1.2758 16.4158 -6.0345
v -2.2097 15.7554 -5.3741
v 2.5 3.1287 3.25
v -4.5 3.2197 -6.5
v 1.2758 16.4158 -6.0345
v 4.5 9.659 -6.5
v 5.5 10.159 -6.5
v -4.5 9.659 -6.5
v 2.25 5.034 -0.5
v -1.3125 0.0625 -0.5
v -1.125 0.25 -0.25
v 0.1862 0.9984 -0.25
v -2.25 1.3813 0.875
v -2.25 5.1501 0.875
v 2.25 2.9001 3.125
v 2.25 1.7563 -0.25
v 0.0022 11.4147 -0.7934
v 0.1864 0.9984 -0.2496
v 0.003 9.5578 -4.2398
v 1.0625 0.1875 -0.5
v 9.4449 12.0797 -5.7011
v 1.5167 1.3438 -0.3124
v -6.5 4.4697 -5.5
v 9.2099 14.0019 -3.6231
v -4.4194 5.8322 4.5491
v 1.8042 8.8351 -2.2164
v 1.625 1.3438 -0.3749
v 9.75 16.9853 -6.364
v 10.1483 13.9359 -7.5572
v 0.1871 0.9984 -0.2491
v -4.4194 13.0491 -2.6678
v 5.6952 14.6116 -4.2303
v 1.1908 12.9636 -2.3423
v -5.5 4.2197 -4.5
v 2.2097 8.4614 -1.8427
v 2.4646 7.0924 -0.4737
v -3.9375 10.9567 1.0788
v 4.5 8.159 -5
v 1.1779 5.1553 -3.0193
v -2.25 1.25 3.125
v -2.4375 5.2215 -0.5
v 6.5 8.159 -5
v 9.9521 14.0337 -7.4075
v 2.5378 7.9176 -1.5389
v 2.2756 6.5091 -0.1305
v 1.3148 9.0447 -2.666
v 7.6371 13.3022 -6.681
v 10.294 13.1316 -6.5054
v -2.25 1.8447 -0.5
v 1.625 3.0312 -0.3746
v 1.5625 3.0312 -0.3583
v 1.7333 1.3438 -0.3124
v 8.2987 13.3022 -6.681
v 5.5 8.659 -5
v -0.747 7.2567 -3.8089
v -1.4379 0.4984 -0.25
v -4.5 8.159 -5
v -6.037 3.851 6.5303
v 0.1864 0.4984 -0.2495
v 0.1862 0.6234 -0.4665
v -0.6771 9.2301 -2.8514
v 0.5625 8.201 3.8345
v -2.5333 7.9176 -1.5389
v 0.1868 0.4984 -0.2492
v 1 9.0303 0.5303
v -0.5 8.418 1.1427
v 6.5 9.659 -6.5
v 5.5 10.159 -6.5
v -6.5 9.409 -5.5
v -6.5 9.659 -6.5
v -6.5 9.409 -5.5
v -2.375 0.875 3.1875
v 4.7631 8.5884 2.0329
v -3.5724 7.13 3.4913
v 6.037 3.851 6.5303
v -9.1808 6.7343 3.647
v -9.1808 12.147 -1.7657
v 2.2097 3.1259 7.2554
v -8.8388 11.2449 -0.8636
v -1.437 0.4984 -0.2491
v -0.5 9.6427 -0.082
v -2.2097 13.9512 -3.5699
v -2.375 0.125 3.1875
v -2.25 2.5063 -0.25
v 2.5 0.25 0.875
v 2.5 0.0625 0.6875
v 2.25 0.6313 0.875
v 0 5.7551 0.8636
v 10.5 9.2955 -2.9168
v 0.6816 7.7657 2.8556
v -1.854 10.8711 -0.2498
v -1.2758 5.9968 0.6219
v -2.4646 8.0263 -1.4076
v -2.4646 7.0924 -0.4737
v -2.2097 8.4614 -1.8427
v -2.5509 7.5593 -0.9406
v -0.6604 5.8166 0.8021
v 8.25 16.9853 -6.364
v 2.5377 10.039 0.5823
v -6.6291 8.5385 1.8428
v 0.6604 9.3021 -2.6834
v 9.75 14.3029 -7.9243
v 7.5 14.3029 -7.9243
v 7.6636 14.4267 -7.8005
v 9.6484 14.4267 -7.8005
v 10.1483 16.0572 -5.4359
v 2.375 1 1.25
v -0.5 8.582 -1.1427
v -2.8125 8.201 3.8345
v -4.5 8.159 -5
v -1.25 6.8787 -0.5
v -6.5 2.7197 -4.5
v -5.5 4.7197 -6.5
v 0.866 7.6161 -0.1768
v -2.375 0.125 0.8125
v 2.5 0.25 3.125
v 0.0023 5.5811 0.7976
v -0.6771 5.6443 0.7344
v 0.1871 0.4984 -0.2491
v 2.6273 7.4372 -1.0585
v 6.5 4.4697 -5.5
v 2.5 0 3.25
v 1.6875 3.0312 -0.3583
v -2.5 0 0.75
v -6.5 8.159 -5
v 2.5 0.1875 3.0625
v -4.5 4.4697 -5.5
v -4.5 2.7197 -4.5
v -1.4379 0.9984 -0.25
v -1.437 0.9984 -0.2491
v 9.8647 10.3428 0.0385
v 5.5 8.659 -5
v 8.25 15.3022 -4.6809
v -2.5 1 3.25
v -0.3886 6.1146 -3.9786
v 2.25 5.1501 0.875
v -9.8647 8.5385 1.8428
v -9.8647 10.3428 0.0385
v 2.5966 16.2929 -5.9116
v 3.8273 15.9324 -5.5511
v -3.8273 15.9324 -5.5511
v 6.6291 13.9512 -3.5699
v -6.6291 13.9512 -3.5699
v 2.8125 10.9567 1.0788
v 2.8125 9.5788 2.4567
v 3.375 10.2678 1.7678
v -0.5625 8.201 3.8345
v -2.25 8.8899 3.1456
v -1.6875 8.201 3.8345
v 3.6361 11.7522 0.2834
v 3.6361 8.7834 3.2522
v 0 7.2989 4.7366
v -3.6361 8.7834 3.2522
v -3.6361 11.7522 0.2834
v 0 13.2366 -1.2011
v -2.3816 11.5052 -0.8839
v -3.5724 10.0468 0.5745
v -3.5724 11.0191 -0.3977
v -1.1908 7.13 3.4913
v 1.1908 7.13 3.4913
v 0 6.6438 3.9775
v -2.5658 12.7031 -2.0818
v -5.1316 9.5607 1.0607
v -2.5658 6.4182 4.2031
v 2.5658 6.4182 4.2031
v 5.1316 9.5607 1.0607
v 2.5658 12.7031 -2.0818
v 1.1779 5.7948 -3.6588
v -1.1718 5.7948 -3.6588
v 2.25 1.0126 3.125
v 2.25 0.6313 3.125
v -5.5 9.159 -5.5
v -5.5 9.659 -6
v -6.5 8.659 -5.5
v -6.5 9.159 -6
v -4.5 8.659 -5.5
v -4.5 9.159 -6
v -5.5 4.2197 -5.5
v -5.5 4.2197 -5
v -6.5 2.7197 -5.5
v -6.5 2.7197 -5
v -4.5 8.659 -5.5
v -4.5 9.159 -6
v 5.5 4.2197 -5.5
v 5.5 4.2197 -5
v 6.5 2.7197 -5.5
v 6.5 2.7197 -5
v 4.5 8.659 -5.5
v 4.5 9.159 -6
v 5.5 9.159 -5.5
v 5.5 9.659 -6
v 6.5 8.659 -5.5
v 6.5 9.159 -6
v 4.5 8.659 -5.5
v 4.5 9.159 -6
v -5.5 2.7197 -4.5
v -5.5 8.159 -4.5
v 5.5 3.2197 -6.5
v 5.5 9.659 -6.5
v 5.5 2.7197 -4.5
v 5.5 8.159 -4.5
v 7.6636 15.3636 -6.8636
v 7.6371 14.2416 -5.7416
v 5.5 4.4697 -5.5
v 5.5 9.409 -5.5
v 5.5 4.4697 -5.5
v 5.5 9.409 -5.5
v 5.5 3.2197 -6.5
v 5.5 9.659 -6.5
v 0 0.2134 7.1833
v 5.5 2.7197 -4.5
v 5.5 8.159 -4.5
v -5.5 4.4697 -5.5
v -5.5 9.409 -5.5
v 1.125 3.4393 -0.25
v -1.125 3.4393 -0.25
v 0 1.8447 -0.25
v 0 5.034 -0.25
v -5.5 2.7197 -4.5
v -5.5 8.159 -4.5
v -5.5 3.2197 -6.5
v -5.5 9.659 -6.5
v -7.5663 8.0263 -1.4076
v -7.4801 8.4933 -1.8746
v -7.4801 6.6254 -0.0067
v -7.5663 7.0924 -0.4737
v 7.4794 8.493 -1.8743
v 7.567 8.0262 -1.4075
v 6.8834 9.8304 -3.2117
v 7.1376 9.3951 -2.7764
v -1.3208 12.8491 -6.2304
v -0.6604 12.9105 -6.2918
v -3.2119 12.4271 -5.8084
v -2.5966 12.6073 -5.9886
v -4.8842 11.6734 -5.0547
v -4.3558 11.9601 -5.3414
v -6.2236 10.6393 -4.0206
v -5.8182 11.013 -4.3943
v -7.1389 9.3954 -2.7767
v -6.884 9.8305 -3.2118
v -6.884 5.2882 1.3305
v -7.1389 5.7233 0.8954
v -5.8182 4.1057 2.513
v -6.2236 4.4793 2.1394
v -4.3558 3.1586 3.4601
v -4.8842 3.4453 3.1734
v -2.5966 2.5114 4.1073
v -3.2119 2.6916 3.9271
v -0.6604 2.2082 4.4105
v -1.3208 2.2696 4.3491
v 1.3208 2.2696 4.3491
v 0.6604 2.2082 4.4105
v 3.2119 2.6916 3.9271
v 2.5966 2.5114 4.1073
v 4.8842 3.4453 3.1734
v 4.3558 3.1586 3.4601
v 6.2236 4.4793 2.1394
v 5.8182 4.1057 2.513
v 7.1389 5.7233 0.8954
v 6.884 5.2882 1.3305
v 7.5677 7.0924 -0.4737
v 7.4808 6.6254 -0.0067
v 5.8182 11.013 -4.3943
v 6.2236 10.6393 -4.0206
v 4.3558 11.9601 -5.3414
v 4.8842 11.6734 -5.0547
v 2.5966 12.6073 -5.9886
v 3.2119 12.4271 -5.8084
v 0.6604 12.9105 -6.2918
v 1.3208 12.8491 -6.2304
v -0.6786 12.9438 -6.5652
v -1.358 12.8806 -6.5019
v -2.6705 12.6319 -6.2532
v -3.3036 12.4465 -6.0678
v -4.4804 11.9661 -5.5874
v -5.024 11.6711 -5.2924
v -5.9849 10.9917 -4.613
v -6.402 10.6073 -4.2286
v -7.0814 9.7752 -3.3965
v -7.3437 9.3275 -2.9488
v -7.6954 8.3994 -2.0208
v -7.7848 7.919 -1.5404
v -7.7848 6.9582 -0.5795
v -7.6954 6.4778 -0.0991
v -7.3437 5.5497 0.8289
v -7.0814 5.1021 1.2766
v -6.402 4.27 2.1087
v -5.9849 3.8856 2.4931
v -5.024 3.2062 3.1725
v -4.4804 2.9112 3.4675
v -3.3036 2.4308 3.9479
v -2.6705 2.2453 4.1333
v -1.358 1.9967 4.382
v -0.6786 1.9334 4.4453
v 0.6802 1.9334 4.4453
v 1.3596 1.9967 4.382
v 2.6721 2.2453 4.1333
v 3.3052 2.4308 3.9479
v 4.4819 2.9112 3.4675
v 5.0256 3.2062 3.1725
v 5.9864 3.8856 2.4931
v 6.4035 4.27 2.1087
v 7.0829 5.1021 1.2766
v 7.3452 5.5497 0.8289
v 7.6969 6.4778 -0.0991
v 7.7863 6.9582 -0.5795
v 7.7863 7.919 -1.5404
v 7.6969 8.3994 -2.0208
v 7.3452 9.3275 -2.9488
v 7.0829 9.7752 -3.3965
v 6.4224 10.5899 -4.2112
v 6.0241 10.957 -4.5783
v 5.0633 11.6364 -5.2577
v 4.5008 11.9487 -5.57
v 3.3052 12.4465 -6.0678
v 2.6721 12.6319 -6.2532
v 1.3596 12.8806 -6.5019
v 0.6802 12.9438 -6.5652
v -1.3581 15.0019 -4.3806
v -0.6787 15.0652 -4.4439
v -3.3037 14.5678 -3.9465
v -2.6706 14.7533 -4.1319
v -5.0241 13.7924 -3.1711
v -4.4804 14.0874 -3.4661
v -6.4021 12.7286 -2.1073
v -5.9849 13.113 -2.4917
v -7.3437 11.4489 -0.8275
v -7.0815 11.8965 -1.2752
v -7.7848 10.0404 0.5809
v -7.6954 10.5208 0.1005
v -7.6954 8.5992 2.0222
v -7.7848 9.0796 1.5418
v -7.0815 7.2234 3.3979
v -7.3437 7.6711 2.9502
v -5.9849 6.0069 4.6144
v -6.4021 6.3913 4.23
v -4.4804 5.0325 5.5888
v -5.0241 5.3275 5.2938
v -2.6706 4.3667 6.2546
v -3.3037 4.5521 6.0692
v -0.6787 4.0548 6.5666
v -1.3581 4.118 6.5033
v 1.3595 4.118 6.5033
v 0.6801 4.0548 6.5666
v 3.3051 4.5521 6.0692
v 2.672 4.3667 6.2546
v 5.0255 5.3275 5.2938
v 4.4819 5.0325 5.5888
v 6.4035 6.3913 4.23
v 5.9864 6.0069 4.6144
v 7.3452 7.6711 2.9502
v 7.0829 7.2234 3.3979
v 7.7863 9.0796 1.5418
v 7.6968 8.5992 2.0222
v 7.6968 10.5208 0.1005
v 7.7863 10.0404 0.5809
v 7.0829 11.8965 -1.2752
v 7.3452 11.4489 -0.8275
v 6.024 13.0783 -2.457
v 6.4224 12.7113 -2.0899
v 4.5007 14.0701 -3.4487
v 5.0632 13.7577 -3.1364
v 2.672 14.7533 -4.1319
v 3.3051 14.5678 -3.9465
v 0.6801 15.0652 -4.4439
v 1.3595 15.0019 -4.3806
v 10.3211 10.2563 -3.8776
v 10.4106 9.7759 -3.3972
v 9.9694 11.1844 -4.8057
v 9.7072 11.6321 -5.2534
v 9.0466 12.4468 -6.0681
v 8.6483 12.8138 -6.4352
v 10.4106 11.8972 -1.2759
v 10.3211 12.3776 -1.7563
v 9.7072 13.7534 -3.1321
v 9.9694 13.3057 -2.6844
v 9.0466 14.5681 -3.9468
v 8.6483 14.9352 -4.3138
v 9.7197 13.1316 -2.7528
v 9.4648 13.5667 -3.1879
v 10.1487 11.7625 -1.3837
v 10.0617 12.2295 -1.8507
v 8.9062 14.3949 -4.0161
v 8.6025 14.7879 -4.4091
v 8.3252 16.3005 -5.9267
v 8.9868 16.3005 -5.9267
v 9.4642 11.6878 -5.0666
v 9.7184 11.2525 -4.6313
v 10.0602 10.3504 -3.7292
v 10.1479 9.8836 -3.2624
v 8.6025 12.9091 -6.2879
v 8.9062 12.5161 -5.8949
v 8.3252 14.4267 -7.8005
v 8.9868 14.4267 -7.8005
v 9 16.4243 -5.8029
v 8.25 16.4243 -5.8029
v 8.25 15.8632 -5.2419
v 9 14.3029 -7.9243
v 8.25 13.7419 -7.3632
v 8.25 14.3029 -7.9243
v -3.4958 7.5691 -2.2511
v 10.2356 10.3562 -1.8562
v 10.294 14.0685 -5.5685
v -0.8438 9.9233 2.1122
v -0.2812 11.9901 0.0455
v 0.8438 10.6122 1.4233
v -1.9688 11.3011 0.7344
v -3.4958 6.2433 -0.9252
v -3.4958 5.1826 -1.9859
v 7.5 14.2416 -5.7416
v 7.5 15.3636 -6.8636
v 3.5018 7.5691 -2.2511
v 1.25 0.7197 4.5
v 1.25 1.409 4.5
v 1.1049 8.0875 2.2938
v 3.3146 12.598 -2.2167
v -1.1049 10.7938 -0.4125
v 5.5243 9.8917 0.4896
v 0.5954 8.8315 1.7899
v 1.7862 11.2621 -0.6408
v -0.5954 10.2899 0.3315
v 2.977 9.8037 0.8176
v 3.5018 6.2433 -0.9252
v 3.5018 5.1826 -1.9859
v -5.5 3.2197 -6.5
v -5.5 9.659 -6.5
v 2.25 3.6438 0.875
v 2.25 2.5188 2
v 2.25 2.1376 0.875
v -2.25 3.8938 0.875
v -2.25 2.6376 0.875
v -2.25 2.7688 2
v -1.25 0 2
v 1.25 0 2
v 0 0 0.75
v 0 0 3.25
v 10.5 10.3562 -1.8562
v 10.5 14.0685 -5.5685
v -5.5 4.4697 -5.5
v -5.5 9.409 -5.5
v -5.5 4.2197 -5
v -5.5 4.2197 -5.5
v -6.5 2.7197 -5
v -6.5 2.7197 -5.5
v -4.5 2.7197 -5
v -4.5 2.7197 -5.5
v -5.5 9.659 -6
v -5.5 9.159 -5.5
v 0.003 5.3282 -1.8804
v 0.003 6.6139 -3.1661
v -0.747 5.9711 -2.5232
v 0.753 5.9711 -2.5232
v -6.5 9.159 -6
v -6.5 8.659 -5.5
v -4.5 2.7197 -5
v -4.5 2.7197 -5.5
v 5.5 9.659 -6
v 5.5 9.159 -5.5
v 6.5 9.159 -6
v 6.5 8.659 -5.5
v 4.5 2.7197 -5
v 4.5 2.7197 -5.5
v 5.5 4.2197 -5
v 5.5 4.2197 -5.5
v 6.5 2.7197 -5
v 6.5 2.7197 -5.5
v 4.5 2.7197 -5
v 4.5 2.7197 -5.5
v 0.753 6.6139 -3.1661
v -0.747 6.6139 -3.1661
v -0.747 5.3282 -1.8804
v 1.25 0 3.25
v 1.25 0 0.75
v -1.25 0 0.75
v 3.2747 10.8975 -0.2762
v 0.2977 11.6267 -1.0054
v -1.4885 8.953 1.6683
v 6.0767 11.9215 -1.5402
v -1.125 1.8447 -0.25
v 1.125 1.8447 -0.25
v -1.125 5.034 -0.25
v 0.7031 9.4066 2.6289
v -1.5469 12.1623 -0.1268
v 0.9844 11.8178 0.2177
v 0.5524 13.2746 -2.8933
v -2.7621 8.313 2.0683
v 1.125 5.034 -0.25
v -2.3906 10.44 1.5955
v 4.9718 7.862 2.5193
v 2.6793 8.7099 1.9114
v -1.25 0 3.25
v 0.753 5.3282 -1.8804
v 4.5 9.5188 -4.5
v 4.5 10.6438 -5.5
v 6.5 9.5188 -4.5
v 4.5 10.6438 -5.5
v -6.5 9.5188 -4.5
v -4.5 9.5188 -4.5
v -5.5 9.7688 -4.5
v -3.8015 8.8383 1.783
v -2.5 5.7256 0.3438
v -2.5 6.2537 0.125
v -6.5 4.8295 -6.5
v 10.2764 13.5459 -2.9246
v 3.8051 8.8383 1.783
v 1.0209 12.2483 -1.627
v -3.4082 10.951 -0.3297
v -1.0173 12.2483 -1.627
v 2.25 4.0157 -0.25
v 2.786 7.5902 3.0311
v 0 10.2657 -3.647
v 10.4553 14.1761 -7.7974
v -3.3146 3.5769 6.8044
v -5.5 7.5492 -5.25
v 3.8273 7.5593 -0.9406
v 10.2764 11.4246 -5.0459
v -4.5 4.8295 -6.5
v 3.4119 8.8297 -2.451
v -9.5228 8.5385 1.8428
v -3.4081 6.0454 0.3332
v 4.5 4.0795 -4.5
v 5.5243 4.479 5.9023
v -2.25 3.4626 2.5625
v -5.5 9.7688 -4.5
v 4.5 1.3598 -6.25
v -8.8388 8.5385 1.8428
v 6.5 1.3598 -6.25
v -6.5 1.3598 -6.25
v -5.5 3.1098 -6.25
v -4.5 1.3598 -6.25
v -5.5 3.1098 -6.25
v -2.2812 1.0786 -0.5
v 2.4688 0.8286 -0.5
v 2.3438 4.1429 -0.5
v 1.9137 5.2156 1.4031
v -1.9137 9.9031 -3.2844
v 1.9706 11.9701 -1.3488
v 0.0018 6.7747 3.8466
v -3.3146 6.2062 0.4125
v 6.5 4.8295 -6.5
v 3.4118 8.1668 2.4545
v -6.5 5.7045 -5.5
v 10.4553 16.2974 -5.6761
v 10.5 16.0572 -5.4359
v 6.5 6.7992 -5.25
v 6.5 4.0795 -4.5
v 10.1479 12.9031 -6.2782
v 2.7861 5.4688 0.9099
v 2.8144 9.3803 -3.0016
v -2.5 3.5273 2.7188
v 4.5 5.7045 -5.5
v 2.5 4.5876 1.4375
v 1.1908 7.6161 3.0052
v -2.7823 9.4063 -3.0276
v 2.25 10.9567 1.0788
v 4.5 4.8295 -6.5
v 4.5 11.2688 -6.5
v 6.5 11.2688 -6.5
v -6.5 11.2688 -6.5
v -5.5 11.5188 -6.5
v -4.5 11.2688 -6.5
v 2.5 5.522 -0.25
v -2.5 2.3376 3.6875
v 2.5 2.3376 3.6875
v 2.5 5.7256 0.3438
v 2.5 0.7844 -0.4688
v 1.9706 7.1477 3.4736
v -1.0173 6.8696 3.7518
v -3.5724 7.6161 3.0052
v -4.1677 8.3453 2.276
v -3.9357 9.5589 1.0624
v 10.2208 8.488 -1.8681
v 9.9142 10.122 -3.502
v 2.3783 13.7142 -7.3355
v 0.0004 13.9355 -7.5568
v 4.5941 13.0652 -6.6865
v 6.5629 11.972 -5.5933
v 7.957 10.6873 -4.3086
v 8.8748 9.1204 -2.7417
v 9.1879 7.439 -1.0603
v 8.8748 5.7576 0.6211
v 7.957 4.1907 2.188
v 6.4969 2.8452 3.5334
v 4.5941 1.8128 4.5659
v 2.3783 1.1638 5.2149
v 0.0004 0.9424 5.4362
v -2.3775 1.1638 5.2149
v -4.5934 1.8128 4.5659
v -6.4962 2.8452 3.5334
v -7.9562 4.1907 2.188
v -8.8741 5.7576 0.6211
v -9.1871 7.439 -1.0603
v -8.8741 9.1204 -2.7417
v -7.9562 10.6873 -4.3086
v -6.4962 12.0327 -5.6541
v -4.5934 13.0652 -6.6865
v -2.3775 13.7142 -7.3355
v 3.3146 6.2062 0.4125
v 4.5 4.8295 -6.5
v 2.5 4.2992 -0.5
v -2.7823 5.4688 0.9099
v -7.734 10.7938 -0.4125
v -2.25 4.2367 -0.25
v -5.5 6.0795 -6.5
v -3.3146 4.479 5.9023
v -5.5 5.3295 -4.5
v -2.5 4.5876 1.4375
v 2.25 4.2367 -0.25
v 6.5 10.6438 -5.5
v 6.5 10.6438 -5.5
v -5.5 11.5188 -6.5
v 2.5 6.2537 0.125
v -7.734 5.3812 5.0001
v 2.5 0.8598 -0.5
v -2.7063 5.6457 0.973
v 2.7063 5.6457 0.973
v 10.5 12.3449 -1.7236
v -0.9906 10.1735 -3.5548
v 3.6959 8.2596 -1.6409
v 3.4118 10.951 -0.3297
v 10.5 13.9359 -7.5572
v 0.0004 16.0569 -5.4355
v 2.3783 15.8355 -5.2142
v 4.5941 15.1865 -4.5652
v 6.5629 14.0933 -3.472
v 7.957 12.8086 -2.1873
v 8.8748 11.2417 -0.6204
v 9.1879 9.5603 1.061
v 8.8748 7.8789 2.7424
v 7.957 6.312 4.3093
v 6.4969 4.9666 5.6548
v 4.5941 3.9341 6.6872
v 2.3783 3.2851 7.3362
v 0.0004 3.0638 7.5575
v -2.3775 3.2851 7.3362
v -4.5934 3.9341 6.6872
v -6.4962 4.9666 5.6548
v -7.9562 6.312 4.3093
v -8.8741 7.8789 2.7424
v -9.1871 9.5603 1.061
v -8.8741 11.2417 -0.6204
v -7.9562 12.8086 -2.1873
v -6.4962 14.1541 -3.5327
v -4.5934 15.1865 -4.5652
v -2.3775 15.8355 -5.2142
v 0.9906 4.9452 1.6735
v 2.5 3.5273 2.7188
v -5.5 7.5492 -5.25
v 3.8052 6.717 -0.3383
v 0.0019 10.2218 -3.8431
v 10.2504 12.223 -1.8455
v -1.7862 11.2621 -0.6408
v -4.5 5.7045 -5.5
v 5.5 5.3295 -4.5
v 6.5 4.0795 -4.5
v 4.5 5.7045 -5.5
v -6.5 6.7992 -5.25
v 2.5 2.5094 -0.25
v -3.4081 8.8297 -2.451
v 5.5 6.0795 -6.5
v 8.8388 6.7343 3.647
v 6.5 9.5188 -4.5
v 5.5 9.7688 -4.5
v 4.5 9.5188 -4.5
v -4.5 9.5188 -4.5
v -4.5 10.6438 -5.5
v -6.5 9.5188 -4.5
v -4.5 10.6438 -5.5
v -2.25 5.8313 -0.5
v 2.8143 11.5016 -0.8803
v -3.6562 9.9233 2.1122
v 2.25 8.201 3.8345
v -3.8015 10.2795 0.3418
v 2.25 2.642 -0.5
v 5.5 6.0795 -6.5
v 3.9393 9.5589 1.0624
v -3.4082 8.1668 2.4545
v 1.9137 9.9031 -3.2844
v 10.3087 15.9328 -5.5603
v 10.2651 16.1663 -5.7937
v 8.8388 10.3428 0.0385
v 2.5 3.922 -0.3438
v -6.5 4.8295 -6.5
v -3.9356 7.4376 -1.0589
v 1.021 10.1269 -3.7482
v 1.021 4.7482 1.6305
v 1.9707 5.0263 1.3523
v 6.5 5.7045 -5.5
v -4.5 4.0795 -4.5
v 4.5 4.0795 -4.5
v 5.5 5.3295 -4.5
v -1.9668 9.8488 -3.4701
v 3.6564 15.723 -5.3417
v 5.5 9.7688 -4.5
v -2.25 1.0473 -0.25
v 6.5 1.3598 -6.25
v 5.5 3.1098 -6.25
v 4.5 1.3598 -6.25
v 5.5 3.1098 -6.25
v -4.5 1.3598 -6.25
v -6.5 1.3598 -6.25
v 2.25 1.0473 -0.25
v -3.6564 3.1583 7.223
v 2.2097 5.8322 4.5491
v -2.7063 9.473 -2.8543
v -2.7824 7.5902 3.0311
v -1.9669 11.9701 -1.3488
v -1.9669 7.1477 3.4736
v 0 13.8741 -7.2554
v 2.3114 13.6589 -7.0403
v 4.4652 13.0281 -6.4094
v 6.3148 12.0246 -5.4059
v 7.734 10.7167 -4.098
v 8.9304 7.5593 -0.9406
v 8.6261 5.925 0.6937
v 7.734 4.402 2.2167
v 6.3148 3.0941 3.5246
v 4.4652 2.0906 4.5281
v 2.3114 1.4597 5.159
v 0 1.2446 5.3741
v -2.3114 1.4597 5.159
v -4.4652 2.0906 4.5281
v -6.3148 3.0941 3.5246
v -7.734 4.402 2.2167
v -8.6261 5.925 0.6937
v -8.6261 9.1937 -2.575
v -7.734 10.7167 -4.098
v -6.3148 12.0246 -5.4059
v -4.4652 13.0281 -6.4094
v -2.3114 13.6589 -7.0403
v 8.6238 9.1933 -2.5746
v -8.928 7.5593 -0.9406
v -2.5 3.7537 2.625
v 5.8661 4.0604 6.3209
v 6.5 4.8295 -6.5
v -7.734 9.8917 0.4896
v 3.3146 4.479 5.9023
v 10.0327 13.3904 -3.0129
v 2.2097 4.028 6.3533
v -5.8661 14.8209 -4.4396
v -3.8014 6.717 -0.3383
v -1.9668 5.0263 1.3523
v -6.5 4.0795 -4.5
v 9.5228 10.3428 0.0385
v 4.5 6.7992 -5.25
v 3.3146 15.3044 -4.9231
v -3.3146 15.3044 -4.9231
v 2.5 3.7537 2.625
v -4.5 4.8295 -6.5
v 4.5 11.2688 -6.5
v 5.5 11.5188 -6.5
v -4.5 11.2688 -6.5
v 2.25 5.8313 -0.5
v -2.25 5.7126 0.3125
v 2.25 2.3376 3.6875
v 2.25 1.0031 -0.25
v 0.0018 12.3432 -1.7218
v -6.5 5.7045 -5.5
v -6.6291 5.8322 4.5491
v 2.7063 9.473 -2.8543
v -4.4194 13.9512 -3.5699
v -5.5 5.3295 -4.5
v 3.3146 8.9125 -2.2938
v 3.6969 6.8589 -0.2402
v 4.5 6.7992 -5.25
v -2.4062 4.3929 -0.5
v 6.5 6.7992 -5.25
v 3.8052 8.1582 -1.7795
v 3.4119 6.0454 0.3332
v 1.9707 9.8488 -3.4701
v 10.2793 12.2029 -5.5779
v -2.25 2.642 -0.5
v 5.5 7.5492 -5.25
v -4.5 6.7992 -5.25
v -1.0172 10.1269 -3.7482
v -0.2812 8.5455 3.4901
v -3.8014 8.1582 -1.7795
v 6.5 11.2688 -6.5
v 5.5 11.5188 -6.5
v -6.5 10.6438 -5.5
v -6.5 11.2688 -6.5
v -6.5 10.6438 -5.5
v 1.1049 2.6748 7.7065
v -8.8388 12.147 -1.7657
v -3.3146 12.598 -2.2167
v 0 4.853 1.7657
v 10.5 10.2236 -3.8449
v 1.0209 6.8696 3.7518
v -2.7824 11.5277 -0.9064
v -1.9137 5.2156 1.4031
v -3.6969 8.2598 -1.6411
v -3.6969 6.8589 -0.2402
v -3.3146 8.9125 -2.2938
v -3.8263 7.5593 -0.9406
v -0.9906 4.9452 1.6735
v 3.8051 10.2795 0.3418
v -7.734 7.1854 3.1959
v 0.9906 10.1735 -3.5548
v -4.5 6.7992 -5.25
v -6.5 4.0795 -4.5
v -5.5 6.0795 -6.5
v 0.0019 4.6533 1.7253
v -1.0172 4.7482 1.6305
v 3.9394 7.4376 -1.0589
v 6.5 5.7045 -5.5
v -6.5 6.7992 -5.25
v -4.5 5.7045 -5.5
v -4.5 4.0795 -4.5
v 5.5 7.5492 -5.25
v 2.25 4.5876 1.4375
v 7.734 13.5001 -3.1188
v -7.734 13.5001 -3.1188
v 3.375 9.5788 2.4567
v -2.5312 8.5455 3.4901
v -4.1677 10.2899 0.3315
v 1.1908 6.6438 3.9775
v -5.5 10.5188 -5.5
v -5.5 8.5492 -6.25
v -6.5 10.2688 -5.5
v -6.5 7.7992 -6.25
v -4.5 10.2688 -5.5
v -4.5 10.5188 -5.75
v -5.5 3.1098 -5.5
v -5.5 3.1098 -5.25
v -6.5 1.3598 -5.5
v -6.5 1.3598 -5.25
v -4.5 10.2688 -5.5
v -4.5 7.7992 -6.25
v 5.5 3.1098 -5.5
v 5.5 3.1098 -5.25
v 6.5 1.3598 -5.5
v 6.5 1.3598 -5.25
v 4.5 10.2688 -5.5
v 4.5 7.7992 -6.25
v 5.5 10.5188 -5.5
v 5.5 8.5492 -6.25
v 6.5 10.2688 -5.5
v 6.5 7.7992 -6.25
v 4.5 10.2688 -5.5
v 4.5 10.5188 -5.75
v -5.5 1.3598 -4.5
v -5.5 6.7992 -4.5
v 5.5 1.6098 -6.5
v 5.5 8.0492 -6.5
v 5.5 1.3598 -4.5
v 5.5 6.7992 -4.5
v 5.5 3.2348 -5.5
v 5.5 8.1742 -5.5
v 5.5 3.2348 -5.5
v 5.5 8.1742 -5.5
v 5.5 1.6098 -6.5
v 5.5 8.0492 -6.5
v 5.5 1.3598 -4.5
v 5.5 6.7992 -4.5
v -5.5 3.2348 -5.5
v -5.5 8.1742 -5.5
v 0 1.0473 -0.25
v 0 4.2367 -0.25
v -5.5 1.3598 -4.5
v -5.5 6.7992 -4.5
v -5.5 1.6098 -6.5
v -5.5 8.0492 -6.5
v -8.7986 8.2598 -1.6411
v -6.2047 8.4933 -1.8746
v -8.7555 6.6254 -0.0067
v -6.334 7.3259 -0.7072
v 8.7552 8.493 -1.8743
v 6.3351 7.7928 -1.1741
v 8.1153 10.0638 -3.4451
v 6.0327 8.9441 -2.3254
v -1.3208 13.7512 -7.1325
v -0.3302 12.0392 -5.4205
v -3.5421 13.2985 -6.6798
v -1.9587 11.8261 -5.2074
v -5.5221 12.4547 -5.836
v -3.4537 11.3222 -4.7035
v -7.1258 11.2772 -4.6585
v -4.7133 10.5619 -3.9433
v -8.2438 9.8464 -3.2277
v -5.6517 9.597 -2.9783
v -8.1163 5.0547 1.564
v -6.0341 6.1744 0.4443
v -6.923 3.6546 2.9641
v -5.3215 5.1172 1.5015
v -5.2579 2.5207 4.098
v -4.2463 4.2265 2.3922
v -3.2344 1.7301 4.8886
v -2.8817 3.563 3.0557
v -0.9906 1.3368 5.2819
v -1.3208 3.1717 3.447
v 1.3208 1.3675 5.2512
v 0.3302 3.0795 3.5392
v 3.5421 1.8202 4.7985
v 1.9587 3.2926 3.3261
v 5.5221 2.664 3.9547
v 3.4537 3.7965 2.8222
v 7.1258 3.8415 2.7772
v 4.7133 4.5567 2.062
v 8.2438 5.2722 1.3465
v 5.6517 5.5216 1.0971
v 8.8 6.8589 -0.2402
v 6.205 6.6254 -0.0067
v 6.923 11.4641 -4.8454
v 5.3215 10.0015 -3.3828
v 5.2579 12.598 -5.9793
v 4.2463 10.8921 -4.2734
v 3.2344 13.3886 -6.7699
v 2.8818 11.5557 -4.937
v 0.9906 13.7819 -7.1632
v 1.3208 11.9469 -5.3282
v -1.0187 13.8407 -7.462
v -1.3577 11.9522 -5.5735
v -3.3272 13.436 -7.0573
v -2.9636 11.5497 -5.171
v -5.4089 12.6227 -6.244
v -4.3674 10.867 -4.4883
v -7.1219 11.4561 -5.0774
v -5.4736 9.9507 -3.572
v -8.3496 10.0158 -3.6371
v -6.2066 8.8631 -2.4845
v -9.0082 8.3998 -2.0211
v -6.5166 7.6785 -1.2998
v -9.053 6.7184 -0.3397
v -6.3825 6.4775 -0.0988
v -8.4807 5.0861 1.2926
v -5.8133 5.3419 1.0368
v -7.3305 3.6141 2.7646
v -4.8478 4.3492 2.0294
v -5.6807 2.4028 3.9759
v -3.5519 3.5671 2.8116
v -3.6437 1.5347 4.844
v -2.0139 3.0487 3.33
v -1.3584 1.0689 5.3097
v -0.3386 2.8295 3.5492
v 1.0195 1.0373 5.3414
v 1.3599 2.9244 3.4543
v 3.3279 1.442 4.9367
v 2.9658 3.3269 3.0518
v 5.4096 2.2553 4.1234
v 4.3697 4.0095 2.3691
v 7.1227 3.4219 2.9568
v 5.4759 4.9259 1.4528
v 8.3503 4.8622 1.5165
v 6.2089 6.0134 0.3653
v 9.009 6.4782 -0.0995
v 6.5189 7.1981 -0.8194
v 9.0537 8.1596 -1.7809
v 6.3848 8.3991 -2.0204
v 8.4815 9.7919 -3.4132
v 5.8156 9.5346 -3.156
v 7.3595 11.2378 -4.8592
v 4.8878 10.4926 -4.1139
v 5.7191 12.4405 -6.0618
v 3.5636 11.3008 -4.9221
v 3.6445 13.3433 -6.9646
v 2.0162 11.8278 -5.4492
v 1.3592 13.809 -7.4304
v 0.3408 12.047 -5.6684
v -1.3584 15.9304 -5.309
v -0.3386 14.1684 -3.5471
v -3.6437 15.4646 -4.8433
v -2.014 13.9492 -3.3279
v -5.6807 14.5965 -3.9752
v -3.552 13.4308 -2.8095
v -7.3305 13.3852 -2.7639
v -4.8479 12.6487 -2.0273
v -8.4807 11.9132 -1.2919
v -5.8133 11.656 -1.0347
v -9.053 10.2809 0.3404
v -6.3825 10.5204 0.1009
v -9.0082 8.5995 2.0218
v -6.5167 9.3194 1.3019
v -8.3496 6.9835 3.6378
v -6.2067 8.1348 2.4866
v -7.1219 5.5432 5.0781
v -5.4736 7.0472 3.5741
v -5.4089 4.3766 6.2447
v -4.3675 6.1309 4.4904
v -3.3272 3.5633 7.058
v -2.9636 5.4482 5.1731
v -1.0187 3.1586 7.4627
v -1.3577 5.0457 5.5756
v 1.3592 3.1903 7.4311
v 0.3408 4.9509 5.6705
v 3.6445 3.656 6.9653
v 2.0161 5.1701 5.4513
v 5.6814 4.5241 6.0972
v 3.5542 5.6884 4.9329
v 7.3312 5.7354 4.8859
v 4.8501 6.4706 4.1507
v 8.4814 7.2074 3.4139
v 5.8155 7.4633 3.1581
v 9.0537 8.8397 1.7816
v 6.3847 8.5988 2.0225
v 9.009 10.5211 0.1002
v 6.5189 9.7998 0.8215
v 8.3503 12.1371 -1.5158
v 6.2089 10.9845 -0.3632
v 7.1603 13.5427 -2.9214
v 5.4852 12.0633 -1.442
v 5.4379 14.718 -4.0967
v 4.4073 12.9536 -2.3323
v 3.3279 15.5573 -4.936
v 2.9658 13.671 -3.0497
v 1.0195 15.962 -5.3407
v 1.3599 14.0735 -3.4522
v 10.3211 9.3282 -2.9496
v 10.4553 10.4638 -4.0851
v 9.7519 12.3199 -5.9413
v 10.3658 11.2094 -0.588
v 10.3211 13.3057 -2.6844
v 9.6625 13.0655 -2.4442
v 9.5229 14.2607 -3.8832
v 10.0907 11.0686 -0.6885
v 10.0471 11.302 -0.922
v 9.5226 12.3831 -5.7607
v 10.0749 11.2791 -4.6567
v 10.2063 10.5789 -3.9564
v 10.221 9.4281 -0.9281
v 10.2794 13.1404 -4.6404
v 0.5524 6.9598 3.4215
v 2.7621 11.4704 -1.0891
v -2.7621 11.0193 -0.638
v 3.867 10.1172 0.2641
v 0.2977 8.2238 2.3975
v 1.4885 10.6545 -0.0331
v -1.4885 10.4114 0.2099
v 2.0839 9.9253 0.6961
v -5.5 1.6098 -6.5
v -5.5 8.0492 -6.5
v 2.25 1.7657 2
v 2.25 1.5751 1.4375
v -2.25 2.0751 1.4375
v 10.5 9.4281 -0.9281
v 10.5 13.1404 -4.6404
v -5.5 3.2348 -5.5
v -5.5 8.1742 -5.5
v -5.5 5.3295 -4.75
v -5.5 5.3295 -5.5
v -6.5 4.0795 -4.75
v -6.5 4.0795 -5.5
v -4.5 1.3598 -5.25
v -4.5 4.0795 -5.5
v -5.5 10.7688 -5.75
v -5.5 7.7992 -5.5
v -6.5 10.5188 -5.75
v -6.5 7.0492 -5.5
v -4.5 4.0795 -4.75
v -4.5 4.0795 -5.5
v 5.5 10.7688 -5.75
v 5.5 7.7992 -5.5
v 6.5 10.5188 -5.75
v 6.5 7.0492 -5.5
v 4.5 4.0795 -4.75
v 4.5 4.0795 -5.5
v 5.5 5.3295 -4.75
v 5.5 5.3295 -5.5
v 6.5 4.0795 -4.75
v 6.5 4.0795 -5.5
v 4.5 1.3598 -5.25
v 4.5 4.0795 -5.5
v 4.5 6.7992 -4.5
v 4.5 8.1742 -5.5
v 6.5 6.7992 -4.5
v 4.5 8.1742 -5.5
v -6.5 6.7992 -4.5
v -4.5 6.7992 -4.5
v -5.5 7.5492 -4.5
v -1.2652 9.318 1.3033
v -2.5 4.6265 1.5312
v -2.5 5.0037 1.375
v -6.5 1.6098 -6.5
v 10.1869 12.1702 -1.5488
v 1.2703 9.318 1.3033
v 0.3422 10.4547 0.1666
v -1.1341 10.0223 0.599
v -0.3372 10.4547 0.1666
v 2.25 5.522 -0.25
v 0.9306 8.902 1.7193
v 0 8.4614 -1.8427
v 10.3658 12.8003 -6.4217
v -1.1049 2.6748 7.7065
v -5.5 9.7688 -4.75
v 1.2758 7.5593 -0.9406
v 10.1869 10.0488 -3.6702
v -4.5 1.6098 -6.5
v 1.1393 7.9009 -1.5222
v -9.5228 10.3428 0.0385
v -1.134 6.9728 -0.5941
v 4.5 1.3598 -4.5
v 7.734 5.3812 5.0001
v -2.25 2.3376 3.6875
v -5.5 7.5492 -4.5
v 4.5 4.0795 -5.75
v -8.8388 6.7343 3.647
v 6.5 4.0795 -5.75
v -6.5 4.0795 -5.75
v -5.5 5.3295 -5.75
v -4.5 4.0795 -5.75
v -5.5 5.3295 -5.75
v -2.3438 2.7358 -0.5
v 2.4062 2.4858 -0.5
v 2.2812 5.8001 -0.5
v 0.6379 6.7781 -0.1594
v -0.6379 8.3406 -1.7219
v 0.6588 10.362 0.2593
v 0.0025 8.6302 1.9912
v -1.1049 7.1083 -0.4896
v 6.5 1.6098 -6.5
v 1.1392 9.0942 1.5271
v -6.5 3.2348 -5.5
v 10.3658 14.9217 -4.3003
v 10.5 14.201 -3.5797
v 6.5 9.5188 -4.75
v 6.5 1.3598 -4.5
v 10.2648 14.2937 -7.6662
v 0.9307 6.7806 -0.4019
v 0.9402 8.0844 -1.7057
v -2.5 2.4282 3.9062
v 4.5 3.2348 -5.5
v 2.5 5.7126 0.3125
v 3.5724 7.6161 3.0052
v -0.9254 8.0931 -1.7144
v 2.25 12.3345 -0.299
v 4.5 1.6098 -6.5
v 4.5 8.0492 -6.5
v 6.5 8.0492 -6.5
v -6.5 8.0492 -6.5
v -5.5 8.7992 -6.5
v -4.5 8.0492 -6.5
v 2.5 4.0157 -0.25
v -2.5 3.4626 2.5625
v 2.5 3.4626 2.5625
v 2.5 4.6265 1.5312
v 2.5 2.3532 -0.4062
v 0.6588 8.7545 1.8668
v -0.3372 8.6618 1.9595
v -1.1908 7.6161 3.0052
v -2.977 9.8037 0.8176
v -1.31 9.5582 1.0631
v 10.2501 10.3455 -3.723
v 10.0311 11.5126 -4.8901
v 1.6996 11.9205 -5.5419
v 0.0011 12.0787 -5.7
v 3.2824 11.457 -5.0783
v 4.6886 10.6761 -4.2974
v 5.6844 9.7585 -3.3798
v 6.34 8.6393 -2.2606
v 6.5636 7.4383 -1.0596
v 6.34 6.2373 0.1414
v 5.6844 5.1181 1.2606
v 4.6415 4.157 2.2217
v 3.2824 3.4196 2.9591
v 1.6996 2.956 3.4227
v 0.0011 2.7979 3.5808
v -1.6974 2.956 3.4227
v -3.2801 3.4196 2.9591
v -4.6392 4.157 2.2217
v -5.6822 5.1181 1.2606
v -6.3377 6.2373 0.1414
v -6.5614 7.4383 -1.0596
v -6.3377 8.6393 -2.2606
v -5.6822 9.7585 -3.3798
v -4.6392 10.7195 -4.3408
v -3.2801 11.457 -5.0783
v -1.6974 11.9205 -5.5419
v 1.1049 7.1083 -0.4896
v 4.5 1.6098 -6.5
v 2.5 6.0188 -0.5
v -0.9254 6.7806 -0.4019
v -5.5243 13.5001 -3.1189
v -2.25 5.8313 -0.25
v -5.5 3.3598 -6.5
v -1.1049 5.3812 5.0001
v -5.5 3.1098 -4.5
v -2.5 5.7126 0.3125
v 2.25 5.8313 -0.25
v 6.5 8.1742 -5.5
v 6.5 8.1742 -5.5
v -5.5 8.7992 -6.5
v 2.5 5.0037 1.375
v -5.5243 4.479 5.9023
v 2.5 2.5795 -0.5
v -0.9021 6.9214 -0.3027
v 0.9021 6.9214 -0.3027
v 10.5 10.4887 0.1326
v -0.3302 8.4307 -1.812
v 1.232 7.7927 -1.1741
v 1.1392 10.0223 0.599
v 10.5 12.0797 -5.7011
v 0.0011 14.2 -3.5787
v 1.6996 14.0419 -3.4206
v 3.2823 13.5783 -2.957
v 4.6886 12.7975 -2.1761
v 5.6844 11.8798 -1.2585
v 6.34 10.7606 -0.1393
v 6.5636 9.5596 1.0617
v 6.34 8.3586 2.2627
v 5.6844 7.2394 3.3819
v 4.6415 6.2784 4.3429
v 3.2823 5.5409 5.0804
v 1.6996 5.0774 5.544
v 0.0011 4.9192 5.7021
v -1.6974 5.0774 5.544
v -3.2802 5.5409 5.0804
v -4.6393 6.2784 4.3429
v -5.6822 7.2394 3.3819
v -6.3378 8.3586 2.2627
v -6.5614 9.5596 1.0617
v -6.3378 10.7606 -0.1393
v -5.6822 11.8798 -1.2585
v -4.6393 12.8409 -2.2196
v -3.2802 13.5783 -2.957
v -1.6974 14.0419 -3.4206
v 0.3302 6.688 -0.0693
v 2.5 2.4282 3.9062
v -5.5 9.7688 -4.75
v 1.2704 7.1967 -0.818
v 0.0027 8.3649 -1.9863
v 10.2212 10.3681 0.0119
v -0.5954 12.7205 -2.0992
v -4.5 3.2348 -5.5
v 5.5 3.1098 -4.5
v 6.5 1.3598 -4.5
v 4.5 3.2348 -5.5
v -6.5 9.5188 -4.75
v 2.5 1.0031 -0.25
v -1.134 7.9009 -1.5222
v 5.5 3.3598 -6.5
v 8.8388 8.5385 1.8428
v 6.5 6.7992 -4.5
v 5.5 7.5492 -4.5
v 4.5 6.7992 -4.5
v -4.5 6.7992 -4.5
v -4.5 8.1742 -5.5
v -6.5 6.7992 -4.5
v -4.5 8.1742 -5.5
v -2.25 4.2367 -0.5
v 0.94 10.2058 0.4155
v -1.9688 9.2344 2.8011
v 2.25 9.5788 2.4567
v -1.2652 9.7984 0.8229
v 2.25 1.0473 -0.5
v 5.5 3.3598 -6.5
v 1.315 9.5582 1.0631
v -1.1341 9.0942 1.5271
v 0.6379 8.3406 -1.7219
v 10.2795 14.0779 -3.7029
v 10.1489 14.7784 -4.4033
v 8.8388 12.147 -1.7657
v 2.5 5.4907 -0.2812
v -6.5 1.6098 -6.5
v -1.3098 7.4369 -1.0582
v 0.3424 8.3333 -1.9546
v 0.3424 6.5404 -0.1617
v 0.6589 6.6331 -0.2544
v 6.5 3.2348 -5.5
v -4.5 1.3598 -4.5
v 4.5 1.3598 -4.5
v 5.5 3.1098 -4.5
v -0.6536 8.2406 -1.8619
v 5.8661 14.8209 -4.4396
v 5.5 7.5492 -4.5
v -2.25 2.642 -0.25
v 6.5 4.0795 -5.75
v 5.5 5.3295 -5.75
v 4.5 4.0795 -5.75
v 5.5 5.3295 -5.75
v -4.5 4.0795 -5.75
v -6.5 4.0795 -5.75
v 2.25 2.642 -0.25
v -5.8661 4.0604 6.3209
v 6.6291 5.8322 4.5491
v -0.9021 8.1972 -1.5785
v -0.9255 8.902 1.7193
v -0.6537 10.362 0.2593
v -0.6537 8.7545 1.8668
v 0 12.0699 -5.4512
v 1.651 11.9162 -5.2975
v 3.1894 11.4656 -4.8469
v 4.5106 10.7488 -4.1301
v 5.5243 9.8146 -3.1959
v 6.3789 7.5593 -0.9406
v 6.1615 6.3919 0.2268
v 5.5243 5.3041 1.3146
v 4.5106 4.3699 2.2488
v 3.1894 3.6531 2.9656
v 1.651 3.2025 3.4162
v 0 3.0488 3.5699
v -1.651 3.2025 3.4162
v -3.1894 3.6531 2.9656
v -4.5106 4.3699 2.2488
v -5.5243 5.3041 1.3146
v -6.1615 6.3919 0.2268
v -6.1615 8.7268 -2.1081
v -5.5243 9.8146 -3.1959
v -4.5106 10.7488 -4.1301
v -3.1894 11.4656 -4.8469
v -1.651 11.9162 -5.2975
v 6.1599 8.7264 -2.1077
v -6.3771 7.5593 -0.9406
v -2.5 2.5037 3.875
v 3.6564 3.1583 7.223
v 6.5 1.6098 -6.5
v -5.5243 10.7938 -0.4125
v 1.1049 5.3812 5.0001
v 9.9165 12.0025 -1.6224
v -2.2097 4.028 6.3533
v -3.6564 15.723 -5.3417
v -1.2651 7.1967 -0.818
v -0.6536 6.6331 -0.2544
v -6.5 1.3598 -4.5
v 9.5228 8.5385 1.8428
v 4.5 9.5188 -4.75
v 1.1049 16.2065 -5.8252
v -1.1049 16.2065 -5.8252
v 2.5 2.5037 3.875
v -4.5 1.6098 -6.5
v 4.5 8.0492 -6.5
v 5.5 8.7992 -6.5
v -4.5 8.0492 -6.5
v 2.25 4.2367 -0.5
v -2.25 4.5876 1.4375
v 2.25 3.4626 2.5625
v 2.25 2.5094 -0.25
v 0.0025 10.4863 0.135
v -6.5 3.2348 -5.5
v -2.2097 5.8322 4.5491
v 0.9021 8.1972 -1.5785
v -4.4194 12.147 -1.7657
v -5.5 3.1098 -4.5
v 1.1049 8.0104 -1.3917
v 1.2323 7.3258 -0.7071
v 4.5 9.5188 -4.75
v -2.4688 6.0501 -0.5
v 6.5 9.5188 -4.75
v 1.2704 7.6771 -1.2984
v 1.1393 6.9728 -0.5941
v 0.6589 8.2406 -1.8619
v 10.3086 14.0603 -7.4328
v -2.25 1.0473 -0.5
v 5.5 9.7688 -4.75
v -4.5 9.5188 -4.75
v -0.337 8.3333 -1.9546
v 1.4062 7.8566 4.179
v -1.2651 7.6771 -1.2984
v 6.5 8.0492 -6.5
v 5.5 8.7992 -6.5
v -6.5 8.1742 -5.5
v -6.5 8.0492 -6.5
v -6.5 8.1742 -5.5
v 3.3146 3.5769 6.8044
v -8.8388 10.3428 0.0385
v -1.1049 15.3044 -4.9231
v 0 6.6572 -0.0385
v 10.5 8.3674 -1.9887
v 0.3422 8.6618 1.9595
v -0.9255 10.2145 0.4068
v -0.6379 6.7781 -0.1594
v -1.2323 7.7928 -1.1741
v -1.2323 7.3258 -0.7071
v -1.1049 8.0104 -1.3917
v -1.2754 7.5593 -0.9406
v -0.3302 6.688 -0.0693
v 1.2703 9.7984 0.8229
v -5.5243 9.8917 0.4896
v 0.3302 8.4307 -1.812
v -4.5 9.5188 -4.75
v -6.5 1.3598 -4.5
v -5.5 3.3598 -6.5
v 0.0027 6.5088 -0.1301
v -0.337 6.5404 -0.1617
v 1.3152 7.4369 -1.0582
v 6.5 3.2348 -5.5
v -6.5 9.5188 -4.75
v -4.5 3.2348 -5.5
v -4.5 1.3598 -4.5
v 5.5 9.7688 -4.75
v 2.25 5.7126 0.3125
v 5.5243 14.4023 -4.021
v -5.5243 14.4023 -4.021
v 3.375 10.9567 1.0788
v -0.8438 7.8566 4.179
v -2.977 11.7483 -1.127
v -1.1908 6.6438 3.9775
v -5.5 7.7992 -5.5
v -5.5 10.7688 -5.75
v -6.5 7.0492 -5.5
v -6.5 10.5188 -5.75
v -4.5 7.0492 -5.5
v -4.5 7.7992 -6.25
v -5.5 5.3295 -5.5
v -5.5 5.3295 -4.75
v -6.5 4.0795 -5.5
v -6.5 4.0795 -4.75
v -4.5 7.0492 -5.5
v -4.5 10.5188 -5.75
v 5.5 5.3295 -5.5
v 5.5 5.3295 -4.75
v 6.5 4.0795 -5.5
v 6.5 4.0795 -4.75
v 4.5 7.0492 -5.5
v 4.5 10.5188 -5.75
v 5.5 7.7992 -5.5
v 5.5 10.7688 -5.75
v 6.5 7.0492 -5.5
v 6.5 10.5188 -5.75
v 4.5 7.0492 -5.5
v 4.5 7.7992 -6.25
v -5.5 4.0795 -4.5
v -5.5 9.5188 -4.5
v 5.5 4.8295 -6.5
v 5.5 11.2688 -6.5
v 5.5 4.0795 -4.5
v 5.5 9.5188 -4.5
v 5.5 5.7045 -5.5
v 5.5 10.6438 -5.5
v 5.5 5.7045 -5.5
v 5.5 10.6438 -5.5
v 5.5 4.8295 -6.5
v 5.5 11.2688 -6.5
v 5.5 4.0795 -4.5
v 5.5 9.5188 -4.5
v -5.5 5.7045 -5.5
v -5.5 10.6438 -5.5
v 0 2.642 -0.25
v 0 5.8313 -0.25
v -5.5 4.0795 -4.5
v -5.5 9.5188 -4.5
v -5.5 4.8295 -6.5
v -5.5 11.2688 -6.5
v -6.334 7.7928 -1.1741
v -8.7555 8.4933 -1.8746
v -6.2047 6.6254 -0.0067
v -8.7986 6.8589 -0.2402
v 6.2037 8.493 -1.8743
v 8.799 8.2596 -1.6409
v 5.6514 9.597 -2.9783
v 8.2424 9.8462 -3.2275
v -1.3208 11.9469 -5.3282
v -0.9906 13.7819 -7.1632
v -2.8817 11.5557 -4.937
v -3.2344 13.3886 -6.7699
v -4.2463 10.8921 -4.2734
v -5.2579 12.598 -5.9793
v -5.3215 10.0015 -3.3828
v -6.923 11.4641 -4.8454
v -6.0341 8.9443 -2.3256
v -8.1163 10.064 -3.4453
v -5.6517 5.5216 1.0971
v -8.2438 5.2722 1.3465
v -4.7133 4.5567 2.062
v -7.1258 3.8415 2.7772
v -3.4537 3.7965 2.8222
v -5.5221 2.664 3.9547
v -1.9587 3.2926 3.3261
v -3.5421 1.8202 4.7985
v -0.3302 3.0795 3.5392
v -1.3208 1.3675 5.2512
v 1.3208 3.1717 3.447
v 0.9906 1.3368 5.2819
v 2.8818 3.563 3.0557
v 3.2344 1.7301 4.8886
v 4.2463 4.2265 2.3922
v 5.2579 2.5207 4.098
v 5.3215 5.1172 1.5015
v 6.923 3.6546 2.9641
v 6.0341 6.1744 0.4443
v 8.1163 5.0547 1.564
v 6.3354 7.3259 -0.7072
v 8.7566 6.6254 -0.0067
v 4.7133 10.5619 -3.9433
v 7.1258 11.2772 -4.6585
v 3.4537 11.3222 -4.7035
v 5.5221 12.4547 -5.836
v 1.9587 11.8261 -5.2074
v 3.5421 13.2985 -6.6798
v 0.3302 12.0392 -5.4205
v 1.3208 13.7512 -7.1325
v -0.3386 12.047 -5.6684
v -1.3584 13.809 -7.4304
v -2.0139 11.8278 -5.4492
v -3.6437 13.3433 -6.9646
v -3.5519 11.3095 -4.9308
v -5.6807 12.4752 -6.0965
v -4.8478 10.5273 -4.1486
v -7.3305 11.2639 -4.8852
v -5.8133 9.5346 -3.156
v -8.4807 9.7919 -3.4132
v -6.3825 8.3991 -2.0204
v -9.053 8.1596 -1.7809
v -6.5166 7.1981 -0.8194
v -9.0082 6.4782 -0.0995
v -6.2066 6.0134 0.3653
v -8.3496 4.8622 1.5165
v -5.4736 4.9259 1.4528
v -7.1219 3.4219 2.9568
v -4.3674 4.0095 2.3691
v -5.4089 2.2553 4.1234
v -2.9636 3.3269 3.0518
v -3.3272 1.442 4.9367
v -1.3577 2.9244 3.4543
v -1.0187 1.0373 5.3414
v 0.3408 2.8295 3.5492
v 1.3592 1.0689 5.3097
v 2.0162 3.0487 3.33
v 3.6445 1.5347 4.844
v 3.5542 3.5671 2.8116
v 5.6814 2.4028 3.9759
v 4.8501 4.3492 2.0294
v 7.3312 3.6141 2.7646
v 5.8156 5.3419 1.0368
v 8.4815 5.0861 1.2926
v 6.3848 6.4775 -0.0988
v 9.0537 6.7184 -0.3397
v 6.5189 7.6785 -1.2998
v 9.009 8.3998 -2.0211
v 6.2089 8.8631 -2.4845
v 8.3503 10.0158 -3.6371
v 5.4853 9.942 -3.5633
v 7.1604 11.4214 -5.0427
v 4.4074 10.8323 -4.4536
v 5.4379 12.5966 -6.218
v 2.9658 11.5497 -5.171
v 3.3279 13.436 -7.0573
v 1.3599 11.9522 -5.5735
v 1.0195 13.8407 -7.462
v -1.3577 14.0735 -3.4522
v -1.0187 15.962 -5.3407
v -2.9636 13.671 -3.0497
v -3.3272 15.5573 -4.936
v -4.3675 12.9884 -2.367
v -5.4089 14.744 -4.1227
v -5.4736 12.072 -1.4507
v -7.1219 13.5774 -2.9561
v -6.2067 10.9845 -0.3632
v -8.3496 12.1371 -1.5158
v -6.5167 9.7998 0.8215
v -9.0082 10.5211 0.1002
v -6.3825 8.5988 2.0225
v -9.053 8.8397 1.7816
v -5.8133 7.4633 3.1581
v -8.4807 7.2074 3.4139
v -4.8479 6.4706 4.1507
v -7.3305 5.7354 4.8859
v -3.552 5.6884 4.9329
v -5.6807 4.5241 6.0972
v -2.014 5.1701 5.4513
v -3.6437 3.656 6.9653
v -0.3386 4.9509 5.6705
v -1.3584 3.1903 7.4311
v 1.3599 5.0457 5.5756
v 1.0195 3.1586 7.4627
v 2.9658 5.4482 5.1731
v 3.3279 3.5633 7.058
v 4.3697 6.1309 4.4904
v 5.4096 4.3766 6.2447
v 5.4758 7.0472 3.5741
v 7.1226 5.5432 5.0781
v 6.2089 8.1348 2.4866
v 8.3503 6.9835 3.6378
v 6.5189 9.3194 1.3019
v 9.009 8.5995 2.0218
v 6.3847 10.5204 0.1009
v 9.0537 10.2809 0.3404
v 5.8155 11.656 -1.0347
v 8.4814 11.9132 -1.2919
v 4.8877 12.6139 -1.9926
v 7.3595 13.3592 -2.7379
v 3.5636 13.4221 -2.8008
v 5.7191 14.5618 -3.9405
v 2.0161 13.9492 -3.3279
v 3.6445 15.4646 -4.8433
v 0.3408 14.1684 -3.5471
v 1.3592 15.9304 -5.309
v 10.3211 11.1844 -4.8057
v 10.3658 9.088 -2.7094
v 9.6625 10.9442 -4.5655
v 10.4553 12.5851 -1.9638
v 10.3211 11.4496 -0.8282
v 9.7519 14.4413 -3.8199
v 9.4067 12.8728 -2.4927
v 10.2068 12.4565 -2.0789
v 10.0763 13.1569 -2.7794
v 9.4057 10.9925 -4.3726
v 10.0456 9.4217 -2.8018
v 10.0894 9.1883 -2.5684
v 10.2502 11.2842 -2.7842
v 10.3086 14.9965 -6.4965
v 1.6573 9.2151 1.1662
v 3.867 13.7257 -3.3444
v 0.5524 10.5683 -0.187
v 7.1816 9.6662 0.7151
v 0.8931 9.4391 1.1822
v 2.0839 11.8698 -1.2485
v 0.2977 10.1683 0.453
v 3.8701 9.6822 0.9391
v -5.5 4.8295 -6.5
v -5.5 11.2688 -6.5
v 2.25 3.272 2
v 2.25 2.7001 0.3125
v -2.25 3.2001 0.3125
v 10.5 11.2842 -2.7842
v 10.5 14.9965 -6.4965
v -5.5 5.7045 -5.5
v -5.5 10.6438 -5.5
v -5.5 3.1098 -5.25
v -5.5 3.1098 -5.5
v -6.5 1.3598 -5.25
v -6.5 1.3598 -5.5
v -4.5 4.0795 -4.75
v -4.5 1.3598 -5.5
v -5.5 8.5492 -6.25
v -5.5 10.5188 -5.5
v -6.5 7.7992 -6.25
v -6.5 10.2688 -5.5
v -4.5 1.3598 -5.25
v -4.5 1.3598 -5.5
v 5.5 8.5492 -6.25
v 5.5 10.5188 -5.5
v 6.5 7.7992 -6.25
v 6.5 10.2688 -5.5
v 4.5 1.3598 -5.25
v 4.5 1.3598 -5.5
v 5.5 3.1098 -5.25
v 5.5 3.1098 -5.5
v 6.5 1.3598 -5.25
v 6.5 1.3598 -5.5
v 4.5 4.0795 -4.75
v 4.5 1.3598 -5.5
v 10.5 13.5381 -6.0988
v -2.25 2.2063 2.5625
v -2.25 3.3313 1.4375
v -2.25 4.4563 0.3125
v 2.25 1.3844 0.875
v 2.25 1.1938 0.3125
v 2.25 2.8907 0.875
v 2.25 3.0813 1.4375
v 2.25 4.397 0.875
v 2.25 4.2063 0.3125
v 3.1258 10.3506 0.2707
v 3.4235 11.4444 -0.8231
v 2.5304 11.0798 -0.4585
v 4.0189 10.7152 -0.0939
v -0.1488 10.9583 -0.337
v 0.7442 12.2952 -1.6739
v -0.4465 11.809 -1.1877
v 1.0419 11.4444 -0.8231
v -1.935 8.2846 2.3368
v -1.0419 9.6214 0.9999
v -2.5304 9.0138 1.6076
v -0.4465 8.8922 1.7291
v -2.2097 14.8533 -4.472
v -3.3146 13.5001 -3.1189
v -3.3146 14.4023 -4.021
v -4.5903 3.8187 6.5626
v -6.8001 4.7208 5.6605
v -9.1808 9.4406 0.9406
v -9.1808 11.2449 -0.8636
v -2.3806 15.9648 -5.5835
v -1.1049 3.5769 6.8044
v 1.1049 3.5769 6.8044
v 0 3.1259 7.2554
v -1.1049 4.479 5.9023
v 0 4.9301 5.4512
v 1.1049 4.479 5.9023
v -5.5243 5.3812 5.0001
v -3.3146 5.3812 5.0001
v -4.4194 4.9301 5.4512
v 5.8005 10.9066 -0.5253
v 6.3529 12.9363 -2.555
v 4.6956 12.2597 -1.8784
v 7.4578 11.5832 -1.2019
v 2.8125 11.6456 0.3899
v -1.7862 12.2344 -1.6131
v 2.8125 10.2678 1.7678
v -1.4062 8.5455 3.4901
v -4.5903 15.0626 -4.6814
v -5.5243 12.598 -2.2167
v -5.5243 11.6959 -1.3146
v -6.6291 11.2449 -0.8636
v -6.6291 13.0491 -2.6678
v -7.734 11.6959 -1.3146
v -7.734 12.598 -2.2167
v -9.8647 9.4406 0.9406
v -4.9322 15.4813 -5.1
v 9.1808 7.6364 2.7449
v -1.125 1.0473 -0.25
v -1.125 2.642 -0.25
v 4.9322 15.4813 -5.1
v 9.8647 9.4406 0.9406
v -2.3816 7.13 3.4913
v -2.977 10.776 -0.1547
v 4.5903 3.8187 6.5626
v 0 6.1577 4.4636
v 9.1808 9.4406 0.9406
v 6.8001 14.1605 -3.7792
v 0.2812 7.8566 4.179
v 3.9375 10.2678 1.7678
v 4.5903 15.0626 -4.6814
v 2.3806 2.9165 7.4648
v 0 7.13 3.4913
v 1.125 1.0473 -0.25
v 1.125 2.642 -0.25
v -1.125 4.2367 -0.25
v -1.125 5.8313 -0.25
v 4.9322 3.4 6.9813
v -4.1677 11.2621 -0.6408
v -1.9688 7.8566 4.179
v 0.6328 8.8038 3.2317
v 0.7734 10.0094 2.0261
v 1.4766 9.1483 2.8873
v -0.0703 9.665 2.3706
v -6.6291 9.4406 0.9406
v -7.734 8.0875 2.2938
v -7.734 8.9896 1.3917
v 3.3146 5.3812 5.0001
v 5.5243 5.3812 5.0001
v 4.4194 4.9301 5.4512
v -6.8001 14.1605 -3.7792
v -9.1808 7.6364 2.7449
v -2.3806 2.9165 7.4648
v 6.8001 4.7208 5.6605
v 9.1808 11.2449 -0.8636
v 2.3806 15.9648 -5.5835
v 2.8125 8.8899 3.1456
v -3.0938 9.2344 2.8011
v -4.1677 9.3176 1.3037
v 2.3816 7.13 3.4913
v 0.9141 11.215 0.8205
v 1.0547 12.4206 -0.3851
v -0.2762 12.0342 -1.6529
v 1.3811 14.515 -4.1337
v -0.8286 13.6129 -3.2316
v 1.9335 12.9363 -2.555
v -3.5908 7.0726 3.3087
v -1.9335 9.5534 0.8279
v -4.6956 8.4258 1.9555
v -0.8286 8.2002 2.181
v -4.9322 3.4 6.9813
v 1.125 4.2367 -0.25
v 1.125 5.8313 -0.25
v -1.6172 10.1817 1.8539
v -3.1641 10.6983 1.3372
v 7.5 13.7112 -6.2719
v 4.6956 6.8471 3.5342
v 5.2481 8.8768 1.5045
v 3.0384 7.9747 2.4066
v 6.9053 7.7492 2.6321
v 2.5304 8.163 2.4583
v 2.8281 9.2568 1.3645
v 1.6373 8.7707 1.8506
v 3.7212 8.6492 1.9722
v 2.25 2.147 3.125
v 2.25 1.9563 2.5625
v -2.25 1.9438 0.3125
v 10.5 10.2236 -0.1326
v 10.5 9.6932 -0.6629
v 1.8606 9.348 1.2733
v 1.4141 8.1934 2.4279
v 7.0435 8.7077 1.6736
v 3.4527 9.046 1.3353
v 2.624 6.9035 3.4778
v -0.1381 9.3843 0.997
v -3.7289 9.7226 0.6587
v -5.6624 7.129 3.2523
v 2.624 14.1203 -3.7391
v 0.1381 14.9097 -4.5284
v -1.7954 12.3161 -1.9348
v 1.4414 8.5024 3.5331
v 7.5959 12.5417 -2.1604
v 5.11 13.331 -2.9497
v 4.2813 11.1885 -0.8072
v -0.0744 9.5303 1.091
v -2.0095 9.7126 0.9087
v -3.0514 8.3149 2.3064
v -0.9675 11.1102 -0.4889
v 2.3071 10.5025 0.1188
v 0.6698 10.8064 -0.1851
v -0.8187 8.2542 2.3671
v 7.3197 10.6247 -0.2434
v 1.243 11.7523 -1.371
v -1.5192 7.0162 3.3651
v 6.7672 6.7907 3.5906
v -6.5 5.6344 -6.5
v -4.5 5.6344 -6.5
v 6.5 5.6344 -6.5
v 4.5 5.6344 -6.5
v 4.5 12.0738 -6.5
v 6.5 12.0738 -6.5
v -6.5 12.0738 -6.5
v -4.5 12.0738 -6.5
v 4.5 5.6344 -6.5
v -8.2864 10.1172 0.2641
v -6.5 5.6344 -6.5
v 1.1049 5.8322 4.5491
v 6.5 5.6344 -6.5
v 3.3146 4.028 6.3533
v -4.5 5.6344 -6.5
v 4.5 12.0738 -6.5
v -4.5 12.0738 -6.5
v -7.734 5.8322 4.5491
v 6.5 12.0738 -6.5
v -6.5 12.0738 -6.5
v -3.867 11.9215 -1.5402
v -8.2864 6.5088 3.8725
v -6.5 11.0738 -5.5
v -4.5 11.0738 -5.5
v -4.5 11.0738 -5.5
v 4.5 11.0738 -5.5
v 6.5 11.0738 -5.5
v 4.5 11.0738 -5.5
v 5.5 0.8049 -6.5
v 5.5 7.2443 -6.5
v 5.5 0.8049 -6.5
v 5.5 7.2443 -6.5
v -5.5 0.8049 -6.5
v -5.5 7.2443 -6.5
v 0.2762 6.396 3.9853
v 2.4859 10.9066 -0.5253
v -3.5908 11.1321 -0.7508
v 3.0384 10.23 0.1513
v -5.5 0.8049 -6.5
v -5.5 7.2443 -6.5
v -6.5 6.2443 -5.5
v 6.5 6.2443 -5.5
v -6.5 2.4148 -6.5
v -4.5 2.4148 -6.5
v 6.5 2.4148 -6.5
v 4.5 2.4148 -6.5
v 4.5 8.8541 -6.5
v 6.5 8.8541 -6.5
v -6.5 8.8541 -6.5
v -4.5 8.8541 -6.5
v 4.5 2.4148 -6.5
v -6.0767 12.8236 -2.4423
v -6.5 2.4148 -6.5
v 5.5243 5.8322 4.5491
v 6.5 2.4148 -6.5
v -1.1049 4.028 6.3533
v -4.5 2.4148 -6.5
v 4.5 8.8541 -6.5
v -4.5 8.8541 -6.5
v -3.3146 5.8322 4.5491
v 6.5 8.8541 -6.5
v -6.5 8.8541 -6.5
v -1.6573 14.6278 -4.2465
v -6.0767 9.2151 1.1662
v -6.5 7.8541 -5.5
v -4.5 7.8541 -5.5
v -4.5 7.8541 -5.5
v 4.5 7.8541 -5.5
v 6.5 7.8541 -5.5
v 4.5 7.8541 -5.5
v 5.5 4.0246 -6.5
v 5.5 10.4639 -6.5
v 5.5 4.0246 -6.5
v 5.5 10.4639 -6.5
v -5.5 4.0246 -6.5
v -5.5 10.4639 -6.5
v 1.3811 8.6513 1.73
v 3.5908 13.1619 -2.7806
v -0.2762 10.6811 -0.2998
v 6.3529 9.7789 0.6024
v -5.5 4.0246 -6.5
v -5.5 10.4639 -6.5
v -6.5 9.4639 -5.5
v 6.5 9.4639 -5.5
v -3.867 13.7257 -3.3444
v 1.1049 3.1259 7.2554
v 1.1049 4.9301 5.4512
v -3.3146 4.9301 5.4512
v -6.0767 11.0193 -0.638
v -8.2864 11.9215 -1.5402
v -8.2864 8.313 2.0683
v 5.5243 4.9301 5.4512
v -0.6905 11.414 -1.0327
v 0.9667 13.8948 -3.5135
v -4.0051 6.4524 3.9289
v -2.3478 8.9332 1.4481
v -5.6624 8.4822 1.8991
v -1.7954 8.2566 2.1247
v 2.0716 8.0311 2.3502
v 5.9386 7.8056 2.5757
v -6.5 4.0246 -6.5
v -4.5 4.0246 -6.5
v 6.5 4.0246 -6.5
v 4.5 4.0246 -6.5
v 4.5 10.4639 -6.5
v 6.5 10.4639 -6.5
v -6.5 10.4639 -6.5
v -4.5 10.4639 -6.5
v 4.5 4.0246 -6.5
v -7.1816 11.4704 -1.0891
v -6.5 4.0246 -6.5
v 3.3146 5.8322 4.5491
v 6.5 4.0246 -6.5
v 1.1049 4.028 6.3533
v -4.5 4.0246 -6.5
v 4.5 10.4639 -6.5
v -4.5 10.4639 -6.5
v -5.5243 5.8322 4.5491
v 6.5 10.4639 -6.5
v -6.5 10.4639 -6.5
v -2.7621 13.2746 -2.8933
v -7.1816 7.862 2.5193
v -6.5 9.4639 -5.5
v -4.5 9.4639 -5.5
v -4.5 9.4639 -5.5
v 4.5 9.4639 -5.5
v 6.5 9.4639 -5.5
v 4.5 9.4639 -5.5
v 5.5 2.4148 -6.5
v 5.5 8.8541 -6.5
v 5.5 2.4148 -6.5
v 5.5 8.8541 -6.5
v -5.5 2.4148 -6.5
v -5.5 8.8541 -6.5
v 0.8286 7.5237 2.8576
v 3.0384 12.0342 -1.6529
v -1.9335 10.9066 -0.5253
v 4.6956 10.0045 0.3768
v -5.5 2.4148 -6.5
v -5.5 8.8541 -6.5
v -6.5 7.8541 -5.5
v 6.5 7.8541 -5.5
v -6.5 0.8049 -6.5
v -4.5 0.8049 -6.5
v 6.5 0.8049 -6.5
v 4.5 0.8049 -6.5
v 4.5 7.2443 -6.5
v 6.5 7.2443 -6.5
v -6.5 7.2443 -6.5
v -4.5 7.2443 -6.5
v 4.5 0.8049 -6.5
v -4.9718 14.1767 -3.7954
v -6.5 0.8049 -6.5
v 7.734 5.8322 4.5491
v 6.5 0.8049 -6.5
v -3.3146 4.028 6.3533
v -4.5 0.8049 -6.5
v 4.5 7.2443 -6.5
v -4.5 7.2443 -6.5
v -1.1049 5.8322 4.5491
v 6.5 7.2443 -6.5
v -6.5 7.2443 -6.5
v -0.5524 15.981 -5.5997
v -4.9718 10.5683 -0.187
v -6.5 6.2443 -5.5
v -4.5 6.2443 -5.5
v -4.5 6.2443 -5.5
v 4.5 6.2443 -5.5
v 6.5 6.2443 -5.5
v 4.5 6.2443 -5.5
v 5.5 5.6344 -6.5
v 5.5 12.0738 -6.5
v 5.5 5.6344 -6.5
v 5.5 12.0738 -6.5
v -5.5 5.6344 -6.5
v -5.5 12.0738 -6.5
v 1.9335 9.7789 0.6024
v 4.1432 14.2895 -3.9082
v 1.3811 10.4555 -0.0742
v 8.0102 9.5534 0.8279
v -5.5 5.6344 -6.5
v -5.5 12.0738 -6.5
v -6.5 11.0738 -5.5
v 6.5 11.0738 -5.5
v -2.7621 15.0788 -4.6975
v -1.1049 3.1259 7.2554
v -1.1049 4.9301 5.4512
v -5.5243 4.9301 5.4512
v -4.9718 12.3725 -1.9912
v -7.1816 13.2746 -2.8933
v -7.1816 9.6662 0.7151
v 3.3146 4.9301 5.4512
v 0.1381 12.6544 -2.2731
v 1.7954 15.1352 -4.7539
v -3.1765 7.6928 2.6885
v -1.5192 10.1736 0.2077
v -3.7289 8.3694 2.0119
v 0.1381 8.1439 2.2374
v 4.0051 7.9183 2.463
v 7.8721 7.6928 2.6885
v 6.1458 8.7923 1.589
v 7.9411 8.6231 1.7582
v 3.2455 8.5103 1.8709
v 3.6598 9.5816 0.7997
v 2.555 9.1305 1.2507
v 4.3504 8.9614 1.4199
v 2.4169 6.3678 4.0135
v 2.8312 7.4391 2.9422
v 1.5882 6.9317 3.4496
v 3.6598 6.8753 3.506
v -0.4834 8.7923 1.589
v 0.2072 9.9763 0.405
v -1.0358 9.4688 0.9125
v 0.7596 9.2997 1.0816
v -4.2123 9.0742 1.3071
v -3.2455 10.371 0.0103
v -4.6266 9.8071 0.5742
v -2.8312 9.638 0.7433
v -6.1458 6.4806 3.9007
v -5.179 7.7774 2.6039
v -6.6982 7.1572 3.2241
v -4.6266 7.1008 3.2805
v 2.2788 13.5283 -3.147
v 2.9693 14.7124 -4.3311
v -0.3453 14.2613 -3.88
v 0.6215 15.5581 -5.1768
v -2.2788 11.6677 -1.2864
v -1.312 12.9645 -2.5832
v -2.555 12.4571 -2.0758
v -1.0358 12.1752 -1.7939
v 4.4194 4.479 5.9023
v 4.4194 5.3812 5.0001
v 2.2097 5.3812 5.0001
v -8.2864 9.2151 1.1662
v -7.1816 8.7641 1.6172
v -6.0767 10.1172 0.2641
v 1.5117 9.7941 2.2414
v -8.2864 12.8236 -2.4423
v -7.1816 12.3725 -1.9912
v -6.0767 13.7257 -3.3444
v -7.1816 10.5683 -0.187
v -6.0767 11.9215 -1.5402
v -4.9718 13.2746 -2.8933
v 4.9028 12.7954 -2.4141
v 5.3171 13.8666 -3.4853
v 4.0742 10.6529 -0.2716
v 4.4885 11.7241 -1.3428
v 3.5217 11.3294 -0.9481
v 5.0409 11.0475 -0.6662
v -4.4194 4.479 5.9023
v -4.4194 5.3812 5.0001
v -6.6291 5.3812 5.0001
v 2.2097 4.479 5.9023
v 0 4.479 5.9023
v -2.2097 4.479 5.9023
v 0 2.6748 7.7065
v 0 3.5769 6.8044
v -2.2097 3.5769 6.8044
v -3.867 14.6278 -4.2465
v -2.7621 14.1767 -3.7954
v -1.6573 15.5299 -5.1486
v 10.5 14.2673 -6.2977
v 10.5 13.737 -6.828
v 10.5 14.4662 -7.0269
v 10.5 12.8089 -5.8999
v 10.5 13.3393 -5.3696
v 10.5 12.6101 -5.1707
v -3.867 12.8236 -2.4423
v 2.2097 3.5769 6.8044
v 0 5.3812 5.0001
v -2.2097 5.3812 5.0001
v 6.5601 10.7656 -0.3843
v 8.0793 10.4837 -0.1024
v -4.9718 11.4704 -1.0891
v -8.2864 11.0193 -0.638
v -0.1758 9.1052 2.9303
v -8.2864 7.4109 2.9704
v 6.6291 5.3812 5.0001
v 0.8977 11.1603 -0.779
v 1.5882 12.3443 -1.963
v 0.4834 11.8933 -1.512
v 2.0025 11.6114 -1.2301
v -1.8644 6.4242 3.9571
v -1.1739 7.6082 2.7731
v -2.555 7.0444 3.3369
v -0.4834 6.988 3.3933
v 5.7314 6.8189 3.5624
v 7.803 6.7625 3.6188
v -0.1726 7.566 2.8153
v -2.1752 7.6505 2.7308
v -2.9348 6.4383 3.943
v 0.1036 11.2872 -0.9059
v 3.28 10.7797 -0.3984
v -3.0729 11.7946 -1.4133
v -4.1777 7.7351 2.6462
v -6.1803 7.8197 2.5616
v -7.2161 6.4947 3.8866
v -2.3823 10.2723 0.109
v -4.1087 10.4696 -0.0883
v -5.1445 9.1446 1.2367
v 1.0703 9.8776 0.5037
v -0.656 10.0749 0.3064
v -1.4156 8.8627 1.5186
v 1.8299 7.4814 2.8999
v 1.3465 6.3819 3.9994
v 2.7967 9.6803 0.701
v 2.3133 8.5808 1.8005
v 0.4488 8.7218 1.6595
v -3.28 9.0037 1.3776
v -5.0754 6.4665 3.9148
v -1.4846 11.5409 -1.1596
v 1.6918 11.0334 -0.6521
v -0.7941 6.4101 3.9712
v 2.3133 12.1893 -1.808
v 0.8632 12.4994 -2.1181
v 3.7634 11.8792 -1.4979
v -0.587 12.8095 -2.4282
v -2.0371 13.1196 -2.7383
v 3.8325 7.3968 2.9845
v 4.523 9.4829 0.8984
v 4.1777 8.4399 1.9414
v 3.4872 6.3537 4.0276
v 4.8683 10.526 -0.1447
vt 0.0391 0.8086
vt 0.0625 0.7656
vt 0.0625 0.8086
vt 0.4797 0.9521
vt 0.0391 0.7227
vt 0.0312 0.7656
vt 0.0312 0.7227
vt 0.6094 0.9727
vt 0.6211 0.9609
vt 0.6211 0.9727
vt 0.375 0.9688
vt 0.3984 0.9375
vt 0.3984 0.9688
vt 0.4814 0.948
vt 0.0391 0.7617
vt 0.0312 0.7969
vt 0.0312 0.7617
vt 0.4777 0.9502
vt 0.0234 0.7227
vt 0.2603 1
vt 0.2246 0.9922
vt 0.2603 0.9922
vt 0.0625 0.7715
vt 0.0625 0.7461
vt 0.4838 0.9387
vt 0.0625 0.7852
vt 0.478 0.9461
vt 0.3301 0.9961
vt 0.3672 1
vt 0.3301 1
vt 0.6621 0.5635
vt 0.7324 0.4785
vt 0.7324 0.5635
vt 0.4814 0.9503
vt 0.4833 0.9464
vt 0.4805 0.959
vt 0.4688 0.957
vt 0.4805 0.957
vt 0.2502 1
vt 0.2502 0.9922
vt 0.0312 0.9688
vt 0.0625 0.9297
vt 0.0312 0.9297
vt 0.4797 0.9484
vt 0.2578 1
vt 0.2451 0.999
vt 0.2715 0.998
vt 0.4041 1
vt 0.4297 0.9922
vt 0.4297 1
vt 0.0312 0.5938
vt 0 0.625
vt 0.0312 0.625
vt 0.2109 0.7461
vt 0.2148 0.7031
vt 0.2148 0.7461
vt 0.2266 0.9922
vt 0.252 0.9922
vt 0.2559 0.998
vt 0.2617 0.9922
vt 0.041 0.582
vt 0.082 0.5938
vt 0.041 0.5938
vt 0.0625 0.8828
vt 0.1016 0.8438
vt 0.1016 0.8828
vt 0.4817 0.9404
vt 0.2461 0.9961
vt 0.2188 1
vt 0.2227 0.9961
vt 0.2554 0.999
vt 0.2207 0.9961
vt 0.2583 0.9961
vt 0.2422 1
vt 0.2266 1
vt 0.4707 0.9688
vt 0.4707 0.957
vt 0.4124 0.999
vt 0.4375 1
vt 0.4102 1
vt 0.2422 0.9922
vt 0.2227 0.9922
vt 0.2612 0.998
vt 0.2671 0.9922
vt 0.2188 0.9297
vt 0.2402 0.9121
vt 0.2578 0.9297
vt 0.2539 0.7891
vt 0.2539 0.7461
vt 0.2188 0.9961
vt 0.2439 0.999
vt 0.2473 0.9922
vt 0.2539 0.9961
vt 0.2812 1
vt 0.25 1
vt 0.2832 0.9121
vt 0.2773 0.8945
vt 0.3008 0.8945
vt 0.2148 0.7891
vt 0.0312 1
vt 0.0625 0.9746
vt 0.0312 0.9746
vt 0.4219 0.8018
vt 0.4219 0.7773
vt 0.4531 0.7773
vt 0.4844 0.8262
vt 0.4531 0.875
vt 0.4531 0.8262
vt 0.3516 0.5
vt 0.3125 0.4609
vt 0.3516 0.4609
vt 0.2031 0.7461
vt 0.2109 0.7031
vt 0.3906 0.5
vt 0.3125 0.5
vt 0.4219 0.8262
vt 0.4531 0.8018
vt 0.4688 0.9688
vt 0.4785 0.8945
vt 0.4531 0.8945
vt 0.4277 0.8945
vt -0.9393 0.0647
vt -0.9442 0.0842
vt -0.9512 0.0671
vt 0.5224 0.7441
vt 0.5198 0.7401
vt 0.5224 0.7401
vt 0.4531 0.8984
vt 0.4785 0.8984
vt 0.3047 0.7461
vt 0.2969 0.7891
vt 0.2969 0.7461
vt 0.4277 0.8984
vt 0.4688 0.9375
vt 0.4375 0.9375
vt 0.2109 0.7891
vt 0.293 0.7031
vt 0.2969 0.7031
vt 0.2949 0.7461
vt 0.293 0.7891
vt 0.293 0.7461
vt 0.2129 0.7461
vt 0.5636 0.6177
vt 0.5641 0.6197
vt 0.5628 0.6192
vt 0.5918 0.8975
vt 0.5996 0.9258
vt 0.5747 0.9326
vt 0.4609 0.7227
vt 0.5059 0.7637
vt 0.4609 0.7695
vt 0.2578 0.9849
vt 0.2578 0.9692
vt 0.2969 0.9775
vt 0.5059 0.7285
vt 0.3047 0.7891
vt 0.2031 0.7031
vt 0.3906 0.4609
vt 0.4023 0.5
vt 0.3047 0.7031
vt 0.2031 0.7891
vt 0.5171 0.7521
vt 0.5144 0.7561
vt 0.5144 0.7521
vt 0.5304 0.7441
vt 0.5304 0.7401
vt 0.5331 0.7401
vt 0.5547 0.5703
vt 0.5796 0.5938
vt 0.5547 0.5938
vt 0.252 1
vt 0.5185 0.7425
vt 0.5198 0.7403
vt 0.5205 0.7419
vt 0.5278 0.7441
vt 0.0391 0.4609
vt 0 0.4219
vt 0.0391 0.4219
vt 0.5384 0.7521
vt 0.5358 0.7561
vt 0.5358 0.7521
vt 0.3125 0.4219
vt 0.3516 0.4219
vt 0.4219 0.875
vt 0.4844 0.7773
vt 0.5547 0.5
vt 0.5796 0.5
vt 0.5796 0.5234
vt 0.6543 0.5938
vt 0.6294 0.5938
vt 0.6543 0.5703
vt 0.1983 0.4749
vt 0.2057 0.4572
vt 0.2088 0.4583
vt 0.3906 0.4219
vt 0.2517 0.4737
vt 0.2548 0.4727
vt 0.2652 0.4893
vt 0.1855 0.5938
vt 0.1279 0.6016
vt 0.124 0.5977
vt 0.1934 0.6016
vt 0.1606 0.6016
vt 0.1318 0.5977
vt 0.0703 0.5938
vt 0.1279 0.5938
vt 0.2407 0.4805
vt 0.2646 0.5
vt 0.2407 0.5
vt 0.2241 0.4717
vt 0.2646 0.4609
vt 0.1172 0.4219
vt 0.1562 0.4219
vt 0.127 0.4233
vt 0.166 0.4292
vt 0.1548 0.4385
vt 0.1367 0.4307
vt 0.2886 0.4219
vt 0.2886 0.4414
vt 0.2646 0.4219
vt 0.2407 0.4414
vt 0.2241 0.4507
vt 0.1172 0.5
vt 0.127 0.4988
vt 0.1562 0.5
vt 0.1909 0.4692
vt 0.2021 0.4783
vt 0.1729 0.477
vt 0.6045 0.5469
vt 0.6128 0.5112
vt 0.6294 0.5234
vt 0.5298 0.5337
vt 0.5408 0.5239
vt 0.5713 0.5225
vt 0.5322 0.5059
vt 0.5305 0.5
vt 0.5627 0.5044
vt 0.563 0.5356
vt 0.5298 0.5601
vt 0.5408 0.5698
vt 0.5103 0.5684
vt 0.5305 0.5938
vt 0.5322 0.5879
vt 0.5627 0.5894
vt 0.4678 0.7676
vt 0.5085 0.73
vt 0.5085 0.7622
vt 0.4678 0.6699
vt 0.5085 0.6323
vt 0.5085 0.6646
vt 0.4678 0.7246
vt 0.4678 0.627
vt 0.427 0.6812
vt 0.4678 0.7188
vt 0.427 0.7134
vt 0.4678 0.6758
vt 0.5508 0.4805
vt 0.5879 0.4463
vt 0.5879 0.4756
vt 0.5508 0.4414
vt 0.4863 0.9688
vt 0.5234 0.9922
vt 0.4863 0.9922
vt 0.251 0.9922
vt 0.2754 1
vt 0.251 1
vt 0.4648 0.9688
vt 0.4648 0.9375
vt 0 0.6191
vt 0.0312 0.6191
vt 0.375 0.9414
vt 0.3984 0.9414
vt 0.2627 1
vt 0.2627 0.9922
vt 0.0312 0.9375
vt 0.0625 0.8945
vt 0.0312 0.8945
vt 0.168 0.6406
vt 0.2031 0.666
vt 0.168 0.666
vt 0.4777 0.9443
vt 0.6309 0.9512
vt 0.627 0.9551
vt 0.6035 0.9551
vt 0.584 0.9968
vt 0.5898 0.9961
vt 0.5938 0.9727
vt 0.5938 0.9961
vt 0.4811 0.9444
vt 0.5996 0.9824
vt 0.6035 0.9785
vt 0.627 0.9785
vt 0.6309 0.9824
vt 0.5996 0.9512
vt 0 0.6953
vt 0.0312 0.6562
vt 0.0312 0.6953
vt 0.6094 0.9609
vt 0.561 0.621
vt 0.5611 0.6212
vt 0.5595 0.6219
vt 0.2539 0.7031
vt 0.5472 0.6184
vt 0.5475 0.6181
vt 0.5485 0.6194
vt 0.523 0.7427
vt 0.5233 0.7423
vt 0.5248 0.7435
vt 0.5236 0.7418
vt 0.5217 0.7411
vt 0.5178 0.7406
vt 0.518 0.741
vt 0.5162 0.7418
vt 0.516 0.7413
vt 0 0
vt 0 0.6367
vt 0.0312 0.6367
vt 0.5625 0.9961
vt 0.5664 0.9727
vt 0.5664 0.9961
vt 0.5664 0.9688
vt 0.5898 0.9727
vt 0.4043 0.9922
vt 0.4043 1
vt 0.6309 0.998
vt 0.5898 1
vt 0.5996 0.998
vt 0.2507 1
vt 0.2507 0.9922
vt 0.0625 0.625
vt 0.5625 0.9727
vt 0.5586 0.9883
vt 0.5586 0.9727
vt 0.5234 0.9883
vt 0.5273 0.9727
vt 0.5273 0.9883
vt 0.4813 0.9499
vt 0.482 0.9479
vt 0.2886 0.4609
vt 0.3467 0.9922
vt 0.3867 1
vt 0.3467 1
vt 0.4805 0.9688
vt 0.4785 0.957
vt 0.4688 0.9668
vt 0.4805 0.9668
vt 0.5273 0.9688
vt 0.5586 0.9688
vt 0.2422 0.9961
vt 0.5118 0.7521
vt 0.5091 0.7561
vt 0.5091 0.7521
vt 0.5251 0.7401
vt 0.5251 0.7441
vt 0.5198 0.7521
vt 0.5171 0.7561
vt 0.5411 0.7441
vt 0.5384 0.7401
vt 0.5411 0.7401
vt 0.5278 0.7401
vt 0.5144 0.7441
vt 0.5118 0.7401
vt 0.5144 0.7401
vt 0.5358 0.7401
vt 0.5358 0.7441
vt 0.5068 0.9282
vt 0.5249 0.9463
vt 0.5 0.9531
vt 0.5527 0.9004
vt 0.5137 0.9033
vt 0.5205 0.8784
vt 0.5531 0.6141
vt 0.5537 0.6154
vt 0.5524 0.6149
vt 0.2578 0.9453
vt 0.2969 0.9297
vt 0.3535 1
vt 0.3281 0.9922
vt 0.3535 0.9922
vt 0.4453 0.9414
vt 0.4453 0.9375
vt 0.4844 0.8018
vt 0.2188 0.9609
vt 0.5586 0.9922
vt 0.3359 0.9702
vt 0.3359 0.9297
vt 0.5593 0.6075
vt 0.5594 0.6089
vt 0.5585 0.6083
vt 0.0312 0.791
vt 0.0625 0.7969
vt 0.4844 0.875
vt 0.4531 0.8506
vt 0 0.7715
vt 0 0.7969
vt 0.4033 0.9932
vt 0.375 1
vt 0.4395 0.4561
vt 0.4395 0.4658
vt 0.4023 0.4609
vt 0.2578 0.9922
vt 0.2188 0.9922
vt 0.2461 1
vt 0.4023 0.4219
vt 0.2563 1
vt 0.2168 1
vt 0.4336 0.9922
vt 0.4089 0.9922
vt 0.2656 1
vt 0.2188 0.7891
vt 0.2305 0.8242
vt 0.2188 0.8242
vt 0.4055 0.9922
vt 0.2773 0.9922
vt 0.252 0.9922
vt 0.2539 0.8945
vt 0.2422 0.8945
vt 0.2422 0.8594
vt 0.5172 0.7469
vt 0.5178 0.7495
vt 0.5163 0.7494
vt 0.5278 0.7521
vt 0.5304 0.7481
vt 0.5304 0.7521
vt 0.6045 0.5
vt 0.6294 0.5
vt 0.6294 0.5469
vt -0.9152 0.0983
vt -0.9174 0.093
vt -0.8978 0.0849
vt 0.2422 0.9297
vt 0.2305 0.8945
vt -0.8956 0.0902
vt -0.9778 0.0843
vt -0.9744 0.0798
vt -0.9575 0.0928
vt -0.8415 0.0279
vt -0.8472 0.0271
vt -0.8444 0.006
vt 0.5542 0.9541
vt 0.5791 0.9473
vt 0.5498 0.9395
vt 0.5293 0.9609
vt -0.8529 0.0264
vt -0.85 0.0482
vt -0.8934 0.0954
vt -0.8759 0.082
vt -0.8556 0.0475
vt -0.9709 0.0753
vt -0.9913 0.0668
vt 0.5586 0.8535
vt 0.5557 0.8613
vt 0.5273 0.8535
vt 0.5996 0.8965
vt 0.584 0.8691
vt 0.584 0.9531
vt 0.4844 0.9258
vt 0.4922 0.9248
vt 0.5 0.8691
vt 0.5059 0.875
vt 0.4844 0.8965
vt 0.3672 0.5059
vt 0.3655 0.5
vt 0.3977 0.5044
vt 0.4907 0.5171
vt 0.5017 0.5073
vt 0.5713 0.5713
vt 0.5464 0.5479
vt 0.5215 0.5693
vt 0.5464 0.5459
vt 0.4907 0.5767
vt 0.5017 0.5864
vt 0.4712 0.585
vt 0.3301 0.9941
vt 0.2969 1
vt 0.293 0.9961
vt 0.333 0.9922
vt 0.3118 0.9951
vt 0.3088 0.9922
vt 0.3462 0.9941
vt 0.3125 1
vt 0.3037 0.9961
vt 0.2188 0.8594
vt 0.2227 0.8945
vt 0.2188 0.8945
vt 0.3325 0.9971
vt 0.2959 1
vt 0.2939 0.998
vt 0.3445 0.9951
vt 0.3281 1
vt 0.3193 0.9961
vt 0.335 0.9922
vt 0.3103 0.9922
vt 0.4395 0.4951
vt 0.4219 0.9414
vt 0.4395 0.4268
vt 0.4121 0.9688
vt 0.4492 0.9922
vt 0.4121 0.9922
vt 0.0625 0.5938
vt 0.0625 0.6191
vt 0.0312 0.8223
vt 0.0625 0.8223
vt -0.8415 0.0056
vt -0.8473 -0.0158
vt -0.8473 0.0493
vt -0.8741 0.0843
vt -0.8584 0.0686
vt -0.9149 0.1012
vt -0.9586 0.0954
vt -0.9371 0.1012
vt -0.9936 0.0686
vt -1.0104 0.0279
vt -1.0075 0.0275
vt -1.0047 0.0493
vt -1.0047 -0.0158
vt -1.002 -0.0147
vt -1.0104 0.0056
vt -0.9778 -0.0508
vt -0.9761 -0.0485
vt -0.9936 -0.0351
vt -0.9371 -0.0677
vt -0.9367 -0.0648
vt -0.9586 -0.0619
vt -0.8934 -0.0619
vt -0.8945 -0.0593
vt -0.9149 -0.0677
vt -0.8584 -0.0351
vt -0.8607 -0.0333
vt -0.8741 -0.0508
vt -0.8501 0.0053
vt -0.8781 0.0768
vt -0.954 0.0882
vt -1.0019 0.0282
vt -0.9739 -0.0432
vt -0.898 -0.0547
vt -0.9753 -0.0327
vt 0.511 0.7491
vt 0.5112 0.7491
vt 0.5115 0.7511
vt 0.5115 0.7451
vt 0.5117 0.7452
vt 0.511 0.7471
vt 0.514 0.7418
vt 0.5142 0.7421
vt 0.5125 0.7433
vt 0.5178 0.7403
vt 0.5158 0.7408
vt 0.5218 0.7408
vt 0.5251 0.7433
vt 0.5266 0.7471
vt 0.5264 0.7471
vt 0.5261 0.7451
vt 0.5261 0.7511
vt 0.5258 0.751
vt 0.5266 0.7491
vt 0.5236 0.7544
vt 0.5234 0.7542
vt 0.5251 0.7529
vt 0.5198 0.7559
vt 0.5198 0.7557
vt 0.5218 0.7554
vt 0.5158 0.7554
vt 0.5159 0.7552
vt 0.5178 0.7559
vt 0.5125 0.7529
vt 0.5127 0.7528
vt 0.514 0.7544
vt 0.5118 0.7492
vt 0.5144 0.7426
vt 0.5214 0.7415
vt 0.5258 0.747
vt 0.5232 0.7537
vt 0.5162 0.7547
vt 0.499 0.8999
vt 0.5234 0.7527
vt 0.1562 0.4951
vt 0.166 0.4939
vt 0.1953 0.4951
vt 0.6294 0.5703
vt 0.6128 0.5825
vt 0.2886 0.4805
vt 0.2886 0.5
vt 0.2314 0.4795
vt 0.563 0.5581
vt 0.272 0.4326
vt 0.2734 0.4219
vt 0.2832 0.4233
vt 0.272 0.4897
vt 0.6045 0.5234
vt 0.6238 0.5015
vt 0.6543 0.5
vt 0.4084 0.5059
vt 0.0684 0.4963
vt 0.0391 0.4951
vt 0.0781 0.4951
vt 0.1836 0.4824
vt 0.2075 0.4629
vt 0.2734 0.5
vt 0.2832 0.4988
vt 0.1909 0.4541
vt 0.2314 0.4434
vt 0.2192 0.4416
vt 0.4102 0.5117
vt 0.4407 0.5103
vt 0.4797 0.5269
vt 0.5103 0.5254
vt 0.2075 0.46
vt 0.1562 0.4277
vt 0.2539 0.4248
vt 0.1953 0.4277
vt 0.0625 0.6016
vt 0.5796 0.5703
vt 0.1953 0.4609
vt 0.1953 0.5
vt 0.2021 0.4448
vt 0.1729 0.4463
vt 0.2539 0.4976
vt 0.1548 0.4849
vt 0.1367 0.4927
vt 0.6543 0.5469
vt 0.6543 0.5234
vt 0 0.5
vt 0.0391 0.5
vt 0.5384 0.7441
vt 0.5358 0.7481
vt 0.5167 0.7444
vt 0.5145 0.7448
vt 0 0.8223
vt 0.335 1
vt 0.2988 0.9922
vt 0.5627 0.5981
vt 0.5625 0.5983
vt 0.5612 0.5973
vt 0.5674 0.6029
vt 0.5672 0.603
vt 0.5666 0.6014
vt 0.5692 0.6094
vt 0.5689 0.6093
vt 0.5692 0.6077
vt 0.5674 0.6159
vt 0.5672 0.6157
vt 0.5683 0.6144
vt 0.5627 0.6206
vt 0.5626 0.6204
vt 0.5562 0.6223
vt 0.5562 0.6221
vt 0.5579 0.6223
vt 0.5497 0.6206
vt 0.5498 0.6204
vt 0.5512 0.6215
vt 0.545 0.6159
vt 0.5452 0.6158
vt 0.5458 0.6173
vt 0.5432 0.6094
vt 0.5434 0.6094
vt 0.5432 0.6111
vt 0.545 0.6029
vt 0.5451 0.603
vt 0.5441 0.6044
vt 0.5497 0.5981
vt 0.5498 0.5983
vt 0.5482 0.599
vt 0.5562 0.5964
vt 0.5562 0.5966
vt 0.5545 0.5964
vt 0.5622 0.5986
vt 0.5685 0.6092
vt 0.5625 0.62
vt 0.5502 0.6202
vt 0.5438 0.6096
vt 0.5498 0.5988
vt 0.5443 0.6102
vt 0.3455 0.7407
vt 0.3455 0.7515
vt 0.3455 0.7085
vt 0.4219 0.8506
vt 0.1953 0.4219
vt 0.5223 0.7497
vt 0.5231 0.7482
vt 0.5238 0.7498
vt 0.3455 0.7837
vt 0.0952 0.6016
vt 0.2407 0.4219
vt 0.2168 0.4219
vt 0.5547 0.5469
vt 0.3047 0.6484
vt 0.3455 0.6108
vt 0.3455 0.6431
vt 0.0625 0.6367
vt 0.512 0.7472
vt 0.5115 0.7472
vt 0.0078 0.8945
vt 0 0.8945
vt 0 0.9375
vt 0.0312 0.9258
vt 0.0078 0.9023
vt 0.0625 0.6562
vt 0.0625 0.6953
vt 0.5687 0.6127
vt 0.5685 0.6127
vt 0.5687 0.611
vt 0.0391 0.9336
vt 0.5666 0.6173
vt 0.5664 0.6172
vt 0.0312 0.6914
vt 0.0234 0.6914
vt 0.5245 0.7439
vt 0.5236 0.7443
vt 0.0312 0.8086
vt 0.0625 1
vt 0.5123 0.7453
vt 0 0.8086
vt 0.0312 0.8516
vt 0.0625 0.8125
vt 0.0625 0.8516
vt 0.3027 0.9922
vt 0.3242 0.9961
vt 0.2979 0.9971
vt 0.5641 0.599
vt 0.564 0.5992
vt -0.9542 -0.0514
vt -0.9564 -0.0567
vt 0.6238 0.5923
vt 0.5933 0.5908
vt 0.4084 0.5879
vt 0.3977 0.5894
vt 0.3672 0.5879
vt 0.4102 0.582
vt 0.4407 0.5835
vt -0.9878 0.0623
vt 0.3655 0.5938
vt -0.9345 -0.0595
vt -0.9359 -0.049
vt 0.3455 0.686
vt 0.3455 0.6538
vt 0.5437 0.6077
vt 0.5434 0.6077
vt 0.5437 0.606
vt 0.5595 0.6217
vt 0.5594 0.6213
vt 0.5662 0.6171
vt 0.5654 0.6185
vt 0.5579 0.5964
vt 0.5579 0.5966
vt 0.0391 0.9258
vt 0.0312 0.9434
vt 0.0312 0.918
vt 0.4219 0.9375
vt 0.3047 0.6055
vt 0.0078 0.7617
vt 0 0.7617
vt 0.0977 0.6406
vt 0.1328 0.666
vt 0.0977 0.666
vt 0.168 0.7422
vt 0.2031 0.7676
vt 0.168 0.7676
vt -0.9653 0.0331
vt -0.9752 0.0371
vt -0.9822 0.0201
vt 0.5462 0.6017
vt 0.546 0.6015
vt 0.547 0.6002
vt 0.5561 0.6212
vt 0.556 0.6208
vt 0.5577 0.6206
vt 0.0234 0.9258
vt 0.5545 0.6219
vt 0.5545 0.6221
vt 0.5528 0.6219
vt 0 0.7656
vt 0 0.7227
vt 0.0234 0.6367
vt 0.5253 0.751
vt 0.5256 0.749
vt 0.5692 0.6111
vt 0.5689 0.611
vt 0.5441 0.6144
vt 0.5443 0.6143
vt 0.5545 0.6223
vt 0.5514 0.5977
vt 0.5513 0.5975
vt 0.5528 0.5968
vt 0.5652 0.6025
vt 0.5655 0.6022
vt 0.5665 0.6035
vt 0.5482 0.6197
vt 0.5484 0.6196
vt 0.5196 0.7552
vt 0.5197 0.7542
vt 0.5214 0.7544
vt 0.5131 0.7523
vt 0.5146 0.7535
vt 0.524 0.7478
vt 0.5224 0.7466
vt 0.547 0.6185
vt 0.5662 0.6038
vt 0.5512 0.5973
vt 0.5143 0.754
vt -1.0048 0.0064
vt -0.9991 0.0071
vt 0 0.9746
vt 0 1
vt 0.5667 0.6137
vt 0.5671 0.6139
vt 0.5664 0.6154
vt 0.5432 0.6077
vt -0.8811 -0.0418
vt -0.8776 -0.0463
vt 0.0625 0.9375
vt -0.9779 0.0582
vt 0.0625 0.7227
vt 0.5901 0.6597
vt 0.6309 0.6973
vt 0.5901 0.6919
vt 0.5437 0.6127
vt 0.5439 0.6126
vt 0.5445 0.6142
vt 0.5529 0.6217
vt 0.5472 0.6003
vt 0.5577 0.621
vt 0.5652 0.6184
vt -0.9204 -0.0255
vt -0.919 -0.036
vt -0.9008 -0.0336
vt 0.5687 0.606
vt 0.5685 0.6061
vt 0.5679 0.6045
vt 0.5595 0.5968
vt 0.5595 0.5971
vt 0.5578 0.5968
vt 0 0.9023
vt -0.9724 0.016
vt 0.5654 0.6002
vt 0.5652 0.6004
vt 0.5639 0.5993
vt 0.5261 0.7491
vt 0.5612 0.6215
vt 0.5681 0.6125
vt 0.5529 0.597
vt 0.5216 0.7549
vt 0.5649 0.6006
vt 0.0078 0.7227
vt -0.8642 -0.0288
vt 0.5901 0.7026
vt 0.5439 0.606
vt 0.0977 0.7422
vt 0.1328 0.7676
vt 0.0977 0.7676
vt 0.5458 0.6014
vt 0.566 0.6152
vt 0.553 0.5975
vt 0.5443 0.6062
vt 0.5463 0.6035
vt 0.5468 0.6042
vt 0.5457 0.605
vt 0.5522 0.6042
vt 0.5517 0.6035
vt 0.5528 0.6027
vt 0.5547 0.5981
vt 0.5546 0.5977
vt 0.5563 0.5975
vt 0.5171 0.7481
vt 0.5144 0.7481
vt 0.5901 0.7349
vt 0.6309 0.6543
vt 0.6309 0.7402
vt 0.2407 0.4609
vt 0.2666 0.9922
vt 0.3066 1
vt 0.2666 1
vt 0.3047 0.6914
vt 0.5411 0.7521
vt 0.5384 0.7481
vt 0.5411 0.7481
vt 0.3315 1
vt 0.2959 0.9922
vt 0.3315 0.9922
vt 0.5251 0.7521
vt 0.5224 0.7481
vt 0.5251 0.7481
vt 0 0.9688
vt 0 0.9297
vt 0 0.8516
vt 0.0312 0.8125
vt 0.0625 0.957
vt 0.5234 0.7462
vt 0.5183 0.752
vt 0.5181 0.753
vt 0.5165 0.7528
vt 0.0078 0.6367
vt 0 0.5938
vt -0.9021 -0.0231
vt 0.5166 0.7518
vt 0.5673 0.6122
vt 0.5657 0.6131
vt 0.5665 0.6116
vt 0.5521 0.6156
vt 0.5534 0.6162
vt 0.5331 0.7481
vt 0.5564 0.6201
vt 0.5563 0.5979
vt 0.3359 0.9922
vt 0 0.6562
vt 0.5681 0.6044
vt 0.2559 0.9961
vt 0.293 1
vt 0.2559 1
vt 0.0078 0.8398
vt 0.3506 0.9951
vt 0.5683 0.6044
vt -0.9963 -0.014
vt 0.5459 0.6034
vt 0.5453 0.6049
vt 0.5459 0.6152
vt 0.5462 0.615
vt 0.5472 0.6163
vt 0.5469 0.6165
vt 0.5533 0.6033
vt 0.5118 0.7481
vt 0.5091 0.7441
vt 0.5118 0.7441
vt 0.0625 0.7734
vt 0.0312 0.7734
vt 0 0.8125
vt 0 0.7734
vt 0.5198 0.7441
vt 0.5171 0.7401
vt 0.3027 1
vt 0.4844 0.8506
vt 0.5278 0.7481
vt 0.0312 0.7715
vt 0.3474 1
vt 0.3232 0.9922
vt 0.3474 0.9922
vt 0.2444 0.4561
vt 0.2382 0.4581
vt 0.6045 0.5938
vt 0.6045 0.5703
vt 0.5331 0.7521
vt 0.5224 0.7521
vt 0.5198 0.7481
vt -0.9573 0.016
vt -0.8968 0.0159
vt -0.9091 0.0297
vt -0.9119 0.0159
vt -0.8915 0.0549
vt -0.9006 0.0711
vt -0.9034 0.0573
vt 0.3535 0.8418
vt 0.3477 0.8242
vt 0.3711 0.8242
vt 0.3125 0.8594
vt 0.2891 0.8594
vt 0.3066 0.8418
vt 0.2598 0.8418
vt 0.2539 0.8242
vt 0.2773 0.8242
vt 0.3008 1
vt 0.2969 0.9922
vt 0.332 0.9922
vt 0.3213 0.9922
vt 0.3459 0.9922
vt 0.3184 0.9121
vt 0.2793 0.9121
vt 0.2266 0.8594
vt 0.248 0.8418
vt 0.2656 0.8594
vt 0.3076 0.9922
vt 0.3481 0.9922
vt 0.2959 0.9961
vt 0.3335 0.9961
vt 0.1406 0.8828
vt 0.1797 0.8438
vt 0.1797 0.8828
vt 0.1406 0.9609
vt 0.1797 0.9219
vt 0.1797 0.9609
vt 0.0625 0.9609
vt 0.1016 0.9219
vt 0.1016 0.9609
vt 0.041 0.5469
vt 0.041 0.5
vt 0.2461 0.5
vt 0.2256 0.5117
vt 0.2051 0.5
vt 0.2051 0.5938
vt 0.1641 0.5469
vt 0.2051 0.5469
vt 0.3015 0.9922
vt 0.3271 1
vt 0.3015 1
vt 0.3359 1
vt 0.3528 1
vt 0.3271 0.9922
vt 0.3528 0.9922
vt 0.0391 0.6367
vt 0.8027 0.5635
vt 0.873 0.4785
vt 0.873 0.5635
vt 0.8027 0.7334
vt 0.873 0.6484
vt 0.873 0.7334
vt 0.6621 0.7334
vt 0.7324 0.6484
vt 0.7324 0.7334
vt 0.0625 0.9492
vt 0.0547 0.7227
vt 0.0547 0.8945
vt 0.4219 0.9688
vt 0.4453 0.9688
vt 0.0312 0.6797
vt 0.0469 0.6797
vt 0.0625 0.6797
vt 0.0156 0.8516
vt 0.0234 0.8086
vt 0.0156 0.6797
vt 0.0156 0.8672
vt 0 0.832
vt 0.0234 0.832
vt 0.0312 0.7266
vt 0.0156 0.7266
vt 0 0.6914
vt 0.0469 0.8516
vt 0.3672 0.9922
vt 0.0312 0.8418
vt 0.0312 0.8164
vt 0.0312 0.8672
vt 0.0547 0.8398
vt 0.0469 0.8828
vt 0.0625 0.873
vt 0.0625 0.8477
vt 0.0312 0.8398
vt 0.0547 0.8633
vt 0.0312 0.8828
vt 0.0469 0.8984
vt 0.0625 0.8711
vt 0.8027 0.6484
vt 0.7324 0.8184
vt 0.8027 0.8184
vt 0.6621 0.8184
vt 0.9434 0.6484
vt 0.9434 0.7334
vt 0.873 0.8184
vt 0.9434 0.8184
vt 0.9434 0.4785
vt 0.9434 0.5635
vt 0.3784 0.9922
vt 0.4041 0.9922
vt 0 0.8906
vt 0 0.7344
vt 0.0312 0.7344
vt 0.377 0.9941
vt 0.2759 1
vt 0.3789 0.9922
vt 0.2871 0.5938
vt 0.2461 0.5469
vt 0.2871 0.5469
vt 0.2666 0.5352
vt 0.2461 0.5234
vt 0.123 0.5
vt 0.082 0.5469
vt 0.082 0.5
vt 0.1406 0.9219
vt 0.1016 1
vt 0.1406 1
vt 0.2188 0.9219
vt 0.2188 0.9609
vt 0.1797 1
vt 0.2188 0.8438
vt 0.2188 0.8828
vt 0.3711 0.9961
vt 0.2615 0.9932
vt 0.2734 1
vt 0.3887 0.9922
vt 0.2871 0.8418
vt 0.3047 0.8594
vt 0.2695 0.8242
vt 0.252 0.8066
vt 0.2832 0.877
vt 0.2617 0.8945
vt 0.2441 0.877
vt 0.3574 0.9121
vt 0.375 0.9297
vt 0.3398 0.8945
vt 0.3223 0.877
vt 0.3948 0.9932
vt 0.3706 0.9922
vt 0.3953 0.9922
vt 0.2949 0.8066
vt 0.2891 0.7891
vt 0.3125 0.7891
vt 0.248 0.8066
vt 0.2422 0.7891
vt 0.2656 0.7891
vt 0.3008 0.8242
vt 0.3887 0.8066
vt 0.3828 0.7891
vt 0.4062 0.7891
vt 0.3242 0.8242
vt 0.3418 0.8066
vt 0.3359 0.7891
vt 0.3594 0.7891
vt 0 0.8984
vt 0.0312 0.873
vt 0 0.873
vt 0.0312 0.6699
vt 0 0.6699
vt 0.0625 0.6699
vt -0.8933 0.0419
vt -0.9063 0.0435
vt -0.8803 0.0402
vt -0.8676 0.0499
vt -0.8795 0.0524
vt -0.8788 0.0646
vt -0.9004 -0.0101
vt -0.9148 0.0021
vt -0.9176 -0.0117
vt -0.8831 -0.0085
vt -0.8662 0.0045
vt -0.8824 0.0037
vt -0.8817 0.0159
vt -0.8669 0.0272
vt -0.881 0.028
vt -0.9693 -0.0165
vt -0.9794 -0.001
vt -0.9865 -0.0181
vt -0.9348 -0.0133
vt -0.9471 0.0006
vt -0.952 -0.0149
vt -0.927 0.0159
vt -0.9372 0.0314
vt -0.9422 0.016
vt 0.5198 0.7561
vt 0.5224 0.7561
vt 0.5331 0.7561
vt 0.5085 0.7134
vt 0.5493 0.6865
vt 0.5493 0.708
vt 0.5085 0.7241
vt 0.5085 0.6704
vt 0.5085 0.6812
vt 0.5493 0.7295
vt 0.3958 1
vt 0.3716 0.9922
vt 0.3958 0.9922
vt 0.5493 0.665
vt 0 0.9238
vt 0.0312 0.8984
vt 0.0312 0.9238
vt 0.3711 1
vt 0.3711 0.9922
vt 0.5278 0.7561
vt 0.0312 0.7207
vt 0.0625 0.7207
vt 0.2773 1
vt 0.4766 0.4902
vt 0.5137 0.4756
vt 0.5137 0.4854
vt 0.4766 0.4512
vt 0.5137 0.4365
vt 0.5137 0.4463
vt 0.3862 0.7354
vt 0.427 0.7192
vt 0.427 0.73
vt 0.5091 0.7401
vt 0.427 0.7622
vt 0.3862 0.6807
vt 0.427 0.6646
vt 0.427 0.6753
vt 0.427 0.6323
vt 0.3862 0.6592
vt 0.3862 0.6377
vt 0.3862 0.7568
vt 0.3862 0.7139
vt 0.0156 0.8828
vt 0.427 0.7729
vt 0.0625 0.8984
vt 0 0.7207
vt 0.3862 0.6162
vt 0.427 0.6216
vt 0.5573 0.5992
vt 0.5578 0.5999
vt 0.5567 0.6007
vt 0.5562 0.6001
vt 0.5541 0.5996
vt 0.5546 0.6003
vt 0.5535 0.6012
vt 0.5455 0.6155
vt 0.5465 0.6168
vt 0.5478 0.6178
vt 0.5442 0.6124
vt 0.5452 0.6137
vt 0.5449 0.6139
vt 0.5455 0.6032
vt 0.5449 0.6047
vt 0.5447 0.6064
vt 0.5476 0.6005
vt 0.547 0.602
vt 0.5466 0.6018
vt 0.3828 1
vt 0.375 0.9922
vt 0.375 0.9629
vt 0.3862 0.7783
vt 0.4766 0.4707
vt 0.5596 0.5975
vt 0.5579 0.5977
vt 0.5579 0.5973
vt 0.5508 0.6186
vt 0.5511 0.6179
vt 0.5524 0.6184
vt 0.5521 0.6192
vt 0.5528 0.6212
vt 0.5531 0.6205
vt 0.5544 0.621
vt 0.5504 0.6158
vt 0.5501 0.6166
vt 0.5488 0.6161
vt 0.5517 0.6164
vt 0.5514 0.6171
vt 0.5557 0.618
vt 0.5554 0.6188
vt 0.5541 0.6182
vt 0.5468 0.6135
vt 0.5471 0.6127
vt 0.5485 0.6132
vt 0.5481 0.614
vt 0.5491 0.6153
vt 0.5618 0.6093
vt 0.5621 0.6107
vt 0.5612 0.6101
vt 0.5651 0.6082
vt 0.5637 0.607
vt 0.5643 0.6062
vt 0.5665 0.6094
vt 0.5673 0.6079
vt 0.5132 0.7514
vt 0.5149 0.7516
vt 0.5148 0.7526
vt 0.0312 0.8906
vt -0.8656 -0.0182
vt -0.8839 -0.0207
vt -0.8825 -0.0312
vt 0.5163 0.7538
vt 0.518 0.754
vt 0.5198 0.7532
vt 0.5249 0.7474
vt 0.5243 0.7458
vt 0.5227 0.7446
vt 0.0625 0.9238
vt 0.5251 0.7561
vt 0.0625 0.8906
vt 0.0625 0.7344
vt 0.5411 0.7561
vt 0.2168 0.4609
vt 0 0.6797
vt 0.2168 0.5
vt 0.5562 0.5971
vt 0.5546 0.5973
vt 0.553 0.5979
vt 0.553 0.6005
vt 0.5523 0.602
vt 0.5518 0.6014
vt 0.549 0.6046
vt 0.5485 0.604
vt 0.5496 0.6031
vt 0.5508 0.6001
vt 0.5513 0.6007
vt 0.5502 0.6016
vt 0.5497 0.6009
vt 0.5481 0.6012
vt 0.5445 0.6045
vt 0.5545 0.5968
vt 0.5648 0.6182
vt 0.5654 0.6167
vt 0.5658 0.6169
vt 0.0977 0.793
vt 0.1328 0.8184
vt 0.0977 0.8184
vt 0.0625 0.793
vt 0.0625 0.8184
vt 0.0625 0.7422
vt 0.0625 0.7676
vt 0.5669 0.6032
vt 0.5659 0.6019
vt 0.5662 0.6017
vt 0.5668 0.6156
vt 0.5675 0.614
vt 0.5679 0.6142
vt -0.9893 0.0031
vt -0.8994 -0.0442
vt -0.9176 -0.0466
vt -0.9373 -0.0384
vt 0.5562 0.6217
vt 0.5578 0.6215
vt 0.5593 0.6208
vt -0.9921 0.0242
vt -0.985 0.0412
vt -0.9948 0.0453
vt 0.5677 0.6124
vt 0.5682 0.6064
vt 0.5672 0.6051
vt 0.5675 0.6048
vt 0.5244 0.7513
vt 0.5247 0.7494
vt 0.5179 0.755
vt 0.5645 0.6009
vt 0.5545 0.6215
vt -0.9681 0.0542
vt 0.168 0.793
vt 0.2031 0.8184
vt 0.168 0.8184
vt 0.1328 0.793
vt 0.1328 0.7422
vt 0.0977 0.6914
vt 0.1328 0.7168
vt 0.0977 0.7168
vt 0.0625 0.6914
vt 0.0625 0.7168
vt 0.0625 0.6406
vt 0.0625 0.666
vt 0.375 0.9375
vt 0.5578 0.6219
vt -0.9163 -0.0571
vt 0.448 0.5938
vt 0.4282 0.5908
vt 0.4587 0.5923
vt 0.491 0.5879
vt 0.1436 0.4478
vt 0.1143 0.4492
vt 0.4497 0.5879
vt 0.5252 0.7455
vt 0.5228 0.7512
vt 0.5212 0.751
vt 0.5193 0.7495
vt 0.5208 0.7496
vt 0.5203 0.7482
vt 0.2734 0.4609
vt 0.2344 0.4219
vt 0.5483 0.6061
vt 0.5488 0.6068
vt 0.5477 0.6076
vt 0.5472 0.607
vt 0.5451 0.6065
vt 0.5456 0.6072
vt 0.5445 0.6081
vt 0.5573 0.6178
vt 0.5576 0.617
vt 0.5589 0.6176
vt 0.5586 0.6183
vt 0.5593 0.6204
vt 0.5596 0.6196
vt 0.5609 0.6202
vt 0.5531 0.5984
vt 0.5515 0.5986
vt 0.5514 0.5981
vt 0.5441 0.6079
vt 0.5482 0.6176
vt 0.5492 0.6189
vt 0.5488 0.6191
vt 0.561 0.6206
vt 0.5679 0.6107
vt 0.5683 0.6109
vt 0.5642 0.6012
vt 0.5632 0.5999
vt 0.5635 0.5996
vt 0.4766 0.4316
vt 0.5146 0.7471
vt 0.0781 0.5
vt 0.1172 0.4609
vt 0.5215 0.5244
vt 0.1836 0.4404
vt 0.1504 0.459
vt 0.1074 0.4915
vt 0.1143 0.4746
vt 0.2246 0.4963
vt 0.1504 0.4648
vt 0.2344 0.5
vt 0.1172 0.4277
vt 0.1074 0.4321
vt 0.0781 0.4277
vt 0.0977 0.4248
vt 0.0684 0.4263
vt 0.4712 0.5088
vt 0.491 0.5059
vt 0.1172 0.4951
vt 0.4587 0.5015
vt 0.4497 0.5059
vt 0.4282 0.5029
vt 0.5933 0.5029
vt 0.2246 0.4263
vt 0.1436 0.4758
vt 0.52 0.7523
vt 0.5217 0.7525
vt 0.5215 0.7535
vt 0.5218 0.745
vt 0.5211 0.7434
vt 0.522 0.7431
vt -0.9387 -0.0279
vt -0.957 -0.0303
vt -0.9556 -0.0408
vt -0.9583 0.0501
vt -0.9611 0.0712
vt 0.4688 0.9414
vt 0.3354 1
vt 0.2856 0.9922
vt 0.261 0.9922
vt 0.3696 0.9941
vt 0.3594 1
vt 0.2847 0.9922
vt 0.2605 0.9922
vt 0.4492 0.5654
vt 0.4883 0.5488
vt 0.4797 0.5669
vt 0.4492 0.5283
vt 0.448 0.5
vt 0.5304 0.7561
vt 0.5148 0.7493
vt 0.5133 0.7493
vt 0.2656 0.9297
vt 0.3813 0.9922
vt 0.3621 0.9971
vt 0.3572 0.9922
vt 0.2942 0.9971
vt 0.269 0.998
vt 0.3843 0.9922
vt 0.3596 0.9922
vt 0.0625 0.6992
vt 0.0469 0.7266
vt 0.0547 0.6914
vt 0.0312 0.8926
vt 0.0547 0.6367
vt 0.5559 0.6051
vt 0.5558 0.6066
vt 0.5549 0.606
vt 0.5591 0.6011
vt 0.5595 0.6032
vt 0.5581 0.602
vt 0.5617 0.6036
vt 0.5623 0.6057
vt 0.5609 0.6045
vt 0.5481 0.6119
vt 0.552 0.6085
vt 0.5521 0.6099
vt 0.551 0.6093
vt 0.5562 0.6108
vt 0.5566 0.6122
vt 0.5554 0.6116
vt 0.5091 0.7481
vt 0.3066 0.9922
vt 0.2988 1
vt 0.2991 1
vt 0.2749 0.9922
vt 0.2991 0.9922
vt 0.3789 1
vt 0.5462 0.6171
vt 0.168 0.6914
vt 0.2031 0.7168
vt 0.168 0.7168
vt 0.1328 0.6914
vt 0.1328 0.6406
vt 0.4492 0.9688
vt 0.6621 0.4658
vt 0.625 0.4512
vt 0.6621 0.4561
vt 0.625 0.4707
vt 0.3455 0.6919
vt 0.3862 0.708
vt 0.3455 0.7026
vt 0.3862 0.6865
vt 0.5493 0.7568
vt 0.5901 0.7407
vt 0.5901 0.7515
vt 0.5493 0.6592
vt 0.5901 0.6431
vt 0.5901 0.6538
vt 0.5493 0.7354
vt 0.5493 0.6377
vt 0.613 0.5938
vt 0.613 0.5
vt 0.4883 0.5449
vt 0.0781 0.4219
vt 0.5194 0.7453
vt 0.5189 0.7439
vt 0.2773 0.9922
vt 0.5796 0.5469
vt 0.5569 0.6157
vt 0.5563 0.6165
vt 0.5594 0.6125
vt 0.5599 0.6139
vt 0.5588 0.6133
vt 0.5643 0.6162
vt 0.565 0.6146
vt -0.9453 0.0484
vt -0.9193 0.0452
vt -0.9273 0.0622
vt -0.9323 0.0468
vt -0.9154 0.0598
vt -0.9224 0.0776
vt 0.3184 0.877
vt 0.3359 0.8594
vt 0.2715 0.877
vt 0.3555 1
vt 0.272 0.9922
vt 0.2966 0.9922
vt 0.1406 0.8438
vt 0.0625 0.9219
vt 0.041 0.5586
vt 0 0.5703
vt 0 0.5469
vt 0.123 0.5938
vt 0.123 0.5469
vt 0.3784 1
vt 0.2759 0.9922
vt 0.8027 0.4785
vt 0.6621 0.6484
vt 0.0625 0.6445
vt 0.1641 0.5938
vt 0.3369 0.9961
vt 0.0312 0.8477
vt -0.9232 0.0306
vt -0.9513 0.0322
vt 0.563 0.6135
vt 0.5632 0.6156
vt 0.5621 0.615
vt 0.5648 0.6125
vt 0.5639 0.6119
vt 0.5583 0.6119
vt 0.5577 0.6127
vt 0.5597 0.6103
vt 0.56 0.6117
vt 0.559 0.6111
vt 0.5606 0.6109
vt 0.561 0.6123
vt 0.5557 0.6152
vt 0.555 0.616
vt 0.557 0.6135
vt 0.5575 0.6149
vt 0.5563 0.6143
vt 0.5582 0.6141
vt 0.5587 0.6155
vt 0.5198 0.7468
vt 0.1562 0.4609
vt 0.0391 0.4277
vt 0.6309 0.7461
vt 0.6309 0.6484
vt 0.3047 0.6973
vt 0.6992 0.4609
vt 0.0312 0.7461
vt 0.2031 0.7422
vt 0.3232 1
vt 0.5541 0.6096
vt 0.5543 0.611
vt 0.5532 0.6105
vt 0.5558 0.608
vt 0.556 0.6094
vt 0.555 0.6088
vt 0.5578 0.6092
vt 0.558 0.6106
vt 0.557 0.61
vt 0.5499 0.6073
vt 0.5499 0.6088
vt 0.5488 0.6082
vt 0.552 0.6056
vt 0.552 0.6071
vt 0.551 0.6065
vt 0.5539 0.6068
vt 0.554 0.6082
vt 0.553 0.6077
vt 0.5456 0.6108
vt 0.5458 0.6122
vt 0.5445 0.6116
vt 0.5477 0.6091
vt 0.5479 0.6105
vt 0.5467 0.6099
vt 0.5501 0.6102
vt 0.5503 0.6116
vt 0.5491 0.611
vt 0.5604 0.6024
vt 0.5634 0.602
vt 0.5613 0.6016
vt 0.5623 0.6007
vt 0.5645 0.6033
vt 0.5625 0.6028
vt 0.5601 0.5981
vt 0.5601 0.6003
vt 0.5589 0.599
vt 0.5612 0.5994
vt 0.5542 0.6039
vt 0.554 0.6054
vt 0.5531 0.6048
vt 0.5553 0.6031
vt 0.5571 0.6028
vt 0.5561 0.6037
vt 0.5569 0.6043
vt 0.5586 0.6041
vt 0.5577 0.6049
vt 0.4893 0.5
vt 0.2363 0.9922
vt 0.4199 0.9922
vt 0.0781 0.4902
vt 0.0781 0.4336
vt 0.0312 0.9492
vt 0.5567 0.6193
vt 0.557 0.6185
vt 0.5583 0.6191
vt 0.558 0.6198
vt 0.5599 0.6189
vt 0.5547 0.6167
vt 0.556 0.6172
vt 0.5473 0.6048
vt 0.5478 0.6055
vt 0.5467 0.6063
vt 0.5462 0.6057
vt 0.5461 0.6078
vt 0.5506 0.6044
vt 0.5511 0.605
vt 0.55 0.6059
vt 0.5495 0.6053
vt 0.5196 0.7509
vt 0.0625 0.8281
vt 0.0625 0.9688
vt 0.4893 0.5938
vt 0.168 0.8438
vt 0.1328 0.8438
vt 0.2031 0.8438
vt 0.0977 0.8438
vt 0.0625 0.8438
vt 0.5503 0.5994
vt 0.5492 0.6003
vt 0.5487 0.5996
vt 0.5486 0.6018
vt 0.5536 0.599
vt 0.5525 0.5999
vt 0.552 0.5992
vt 0.5491 0.6024
vt 0.548 0.6033
vt 0.5507 0.6022
vt 0.5512 0.6029
vt 0.5501 0.6037
vt 0 0.7461
vt 0.5661 0.6066
vt 0.563 0.6049
vt 0.5656 0.6046
vt 0.5637 0.6041
vt 0.5649 0.6054
vt 0.561 0.6087
vt 0.5603 0.6095
vt 0.5617 0.6079
vt 0.5631 0.6077
vt 0.5625 0.6085
vt 0.5633 0.6092
vt 0.5465 0.6142
vt 0.5478 0.6148
vt 0.5475 0.6155
vt 0.5494 0.6145
vt 0.5455 0.6129
vt 0.5537 0.619
vt 0.555 0.6195
vt 0.5527 0.6177
vt 0.5531 0.6169
vt 0.5544 0.6175
vt 0.5485 0.6168
vt 0.5498 0.6173
vt 0.5505 0.6194
vt 0.5518 0.6199
vt 0.5515 0.6207
vt 0.5534 0.6197
vt 0.5495 0.6181
vt 0 0.9492
vt 0.5568 0.5986
vt 0.5557 0.5994
vt 0.5552 0.5988
vt 0.5551 0.6009
vt 0.5584 0.5984
vt 0 0.8477
vt 0 0.6445
vt 0.4199 1
vt 0.0312 0.6445
vt -0.9309 0.0013
vt -0.9633 -0.0002
vt -0.8986 0.0029
vt -0.895 0.0289
vt 0.1641 0.5
vt 0.2871 0.5
vt 0.2871 0.5234
vt 0.2666 0.5117
vt 0.3281 0.5469
vt 0.3281 0.5938
vt 0.2246 1
vt 0 0.8672
vt 0 0.7266
vt 0.0625 0.9141
vt 0.2461 0.5938
vt 0.2051 0.5234
vt 0.2256 0.5352
vt 0.2866 0.9941
vt 0.3716 1
vt 0.5556 0.6016
vt 0.5545 0.6025
vt 0.554 0.6018
vt 0.5547 0.6203
vt 0.5498 0.6138
vt 0.5511 0.6143
vt 0.5508 0.6151
vt 0.5657 0.611
vt 0.5649 0.6104
vt 0.5475 0.6027
vt 0.2031 0.793
vt 0.4067 0.5938
vt 0.5217 0.7482
vt 0.2344 0.4609
vt 0.5466 0.6085
vt 0.5455 0.6094
vt 0.545 0.6087
vt 0.5602 0.6181
vt 0.5615 0.6187
vt 0.5612 0.6194
vt 0.0781 0.4609
vt 0.0977 0.4976
vt 0.4067 0.5
vt 0.3872 0.998
vt 0.5576 0.6063
vt 0.5576 0.6078
vt 0.5567 0.6072
vt 0.5585 0.6055
vt 0.5601 0.6053
vt 0.5593 0.6061
vt 0.5601 0.6067
vt 0.5616 0.6065
vt 0.5609 0.6073
vt 0.5506 0.613
vt 0.5524 0.6113
vt 0.5527 0.6127
vt 0.5515 0.6121
vt 0.5547 0.6124
vt 0.5551 0.6138
vt 0.5539 0.6132
vt 0.2749 1
vt 0.2031 0.6914
vt 0.5718 0.5938
vt 0.5718 0.5
vt 0.5612 0.6166
vt 0.5624 0.6171
vt 0.561 0.6145
vt 0.5599 0.616
vt 0.5535 0.6119
vt 0.5558 0.613
vt 0.5512 0.6107
vt 0.5494 0.6124
vt 0.5519 0.6135
vt 0.5608 0.6059
vt 0.5593 0.6047
vt 0.5567 0.6057
vt 0.5584 0.6069
vt 0.563 0.6113
vt 0.5641 0.6098
vt 0.5623 0.6071
vt 0.5601 0.6081
vt 0.5578 0.6034
vt 0.5563 0.6022
vt 0.555 0.6045
vt 0.5489 0.6096
vt 0.5469 0.6113
vt 0.553 0.6062
vt 0.5549 0.6074
vt 0.5509 0.6079
vt 0.5568 0.6086
vt 0.5587 0.6098
vt 0.5531 0.6091
vt 0.5552 0.6102
vt 0.5593 0.6147
vt 0.5544 0.6146
vt 0.5616 0.6115
vt 0.562 0.6129
vt 0.5573 0.6114
vt 0.564 0.6141
vt 0.5604 0.6131
vt 0.5582 0.6162
vt 0.5627 0.6099
vt 0.3672 0.9961
vt 0.6621 0.4785
vt 0.4688 0.959
vt 0 0.4609
vt 0.5384 0.7561
vt 0.1922 0.4728
vt 0.5234 0.9688
vt 0.2754 0.9922
vt 0.2031 0.6406
vt 0.5898 0.9688
vt 0.5664 1
vt 0.5625 0.9883
vt 0.5234 0.9727
vt 0.3867 0.9922
vt 0.4785 0.9688
vt 0.5118 0.7561
vt 0.5273 0.9922
vt 0.2344 0.7891
vt 0.3242 0.5
vt 0.3242 0.5938
vt 0.4062 1
vt 0.3281 0.5
s 1
f 3519/1 1509/2 3816/3
f 2209/4 790/4 1641/4
f 4019/5 1975/6 3813/7
f 470/8 469/9 468/10
f 425/11 2581/12 2582/13
f 1427/14 1424/14 1425/14
f 4020/15 1976/16 3811/17
f 1563/18 823/18 2118/18
f 4021/19 1977/6 3809/7
f 2511/20 81/21 2415/22
f 1602/6 4551/23 3489/24
f 1390/25 1387/25 1388/25
f 1978/16 3414/26 4022/15
f 1744/27 903/27 2121/27
f 4023/19 1980/6 3803/7
f 789/4 2208/4 1561/4
f 1604/6 4549/23 3437/24
f 2826/28 90/29 2327/30
f 2489/31 2373/32 3246/33
f 1351/34 1348/34 1349/34
f 1606/16 3555/26 3852/15
f 1863/35 866/35 1644/35
f 3528/1 1518/2 3821/3
f 435/36 430/37 431/38
f 4024/5 1982/6 3795/7
f 3449/39 77/21 4095/40
f 3854/15 1609/16 3793/17
f 2058/41 3420/42 4360/43
f 1207/44 2364/44 2422/44
f 2409/45 4089/46 2795/47
f 3507/48 86/49 82/50
f 1575/51 2069/52 2312/53
f 1772/54 310/55 1997/56
f 3287/46 79/57 3997/58
f 2585/59 82/57 2326/60
f 2764/59 77/57 2368/60
f 1419/14 1416/14 1417/14
f 1928/18 833/18 1564/18
f 4511/61 2542/62 3940/63
f 2497/64 2534/65 3245/66
f 1425/14 1422/14 1423/14
f 1091/67 1932/67 2048/67
f 89/68 92/69 84/70
f 2536/71 78/72 2590/73
f 78/68 101/69 90/70
f 2393/71 89/72 2506/73
f 103/57 94/74 100/75
f 1508/36 1503/37 1504/38
f 1930/27 891/27 1744/27
f 432/76 430/37 434/77
f 3873/78 73/79 4056/80
f 94/81 73/69 100/82
f 2444/83 91/57 2488/84
f 2445/59 94/57 2442/60
f 106/85 4510/86 2838/87
f 2094/88 1996/56 2309/89
f 96/90 89/74 84/69
f 1779/18 825/18 1563/18
f 3970/91 108/82 3318/92
f 2840/59 83/57 2839/60
f 3320/78 110/79 3368/80
f 1682/93 75/94 1683/95
f 3509/96 4508/97 2769/98
f 2308/89 282/99 2181/56
f 2219/100 4555/101 4720/102
f 786/4 1562/4 1642/4
f 2516/103 115/104 1689/105
f 1530/106 2084/107 2305/108
f 1973/109 1912/110 2304/111
f 1638/112 199/113 2086/54
f 2303/111 338/114 1550/109
f 2302/111 335/115 2099/110
f 2221/107 2081/116 2301/108
f 1593/88 2184/56 2300/89
f 1921/112 189/113 1894/54
f 3177/117 121/104 2080/105
f 1493/118 1496/38 1495/37
f 2228/109 2191/110 2298/111
f 1595/109 1545/110 2297/111
f 2061/107 122/119 1614/120
f 1951/107 136/119 2172/120
f 1756/107 116/119 1789/120
f 116/121 1790/107 1858/120
f 132/121 1615/107 1616/120
f 1581/107 128/119 2171/120
f 4504/122 3876/123 2428/124
f 1857/107 134/119 1986/120
f 122/121 1890/107 2222/120
f 134/121 1691/107 1792/120
f 2221/107 126/119 1985/120
f 522/4 539/4 526/4
f 2136/107 124/119 1788/120
f 2405/125 1465/126 1463/127
f 2172/128 174/119 138/129
f 1818/130 178/131 2175/132
f 2013/130 202/131 2178/132
f 122/133 1988/120 1614/128
f 524/4 536/4 523/4
f 2225/120 128/129 1985/128
f 536/4 522/4 523/4
f 2295/111 332/115 1807/110
f 1582/116 2082/105 2294/108
f 2121/27 901/27 1931/27
f 1791/128 174/129 162/134
f 2225/128 168/129 156/134
f 155/135 167/133 1988/128
f 160/135 172/133 1692/128
f 1758/128 163/129 151/134
f 1793/128 172/129 160/134
f 1892/128 165/129 153/134
f 1953/128 173/129 161/134
f 120/121 1690/107 1987/120
f 1532/128 169/129 157/134
f 2137/128 167/129 155/134
f 1657/128 170/129 158/134
f 1894/54 290/99 191/136
f 1908/54 298/99 199/136
f 1800/132 309/137 212/138
f 2087/54 280/99 177/136
f 1693/54 304/99 205/136
f 1535/54 286/99 187/136
f 1795/139 182/140 1990/141
f 1619/132 279/137 178/138
f 1900/54 306/99 207/136
f 1622/132 291/137 194/138
f 1694/142 282/55 1895/56
f 2187/132 305/137 208/138
f 1699/54 294/55 1995/56
f 1620/132 285/140 1695/141
f 1534/54 282/99 179/136
f 2089/54 316/55 1893/56
f 2178/132 299/140 1533/141
f 2174/132 313/137 216/138
f 2085/54 316/99 217/136
f 1991/132 311/137 214/138
f 1989/132 287/137 190/138
f 1541/54 310/99 211/136
f 4826/143 327/144 4692/145
f 2224/146 161/147 2620/148
f 220/149 245/150 221/151
f 2616/152 3167/153 1883/154
f 244/155 220/151 219/149
f 242/149 244/150 219/151
f 250/155 227/151 226/149
f 234/149 259/150 235/151
f 241/151 264/155 265/150
f 221/149 246/150 222/151
f 227/149 252/150 228/151
f 230/149 255/150 231/151
f 248/155 225/151 224/149
f 232/151 255/155 256/150
f 252/155 229/151 228/149
f 247/155 224/151 223/149
f 233/151 256/155 257/150
f 235/149 260/150 236/151
f 238/151 261/155 262/150
f 229/149 254/150 230/151
f 237/151 260/155 261/150
f 246/155 223/151 222/149
f 225/149 250/150 226/151
f 238/149 263/150 239/151
f 233/149 258/150 234/151
f 265/155 242/151 241/149
f 2114/112 193/113 1537/54
f 218/138 1901/130 2173/132
f 196/138 1799/130 1804/132
f 2174/132 375/156 218/131
f 1987/128 165/119 120/129
f 128/133 1532/120 2171/128
f 1726/112 185/113 1535/54
f 1900/54 389/157 205/113
f 1693/54 388/157 203/113
f 1713/158 350/159 323/114
f 123/104 1528/105 3166/117
f 1618/132 367/160 2088/130
f 189/136 1798/112 1761/54
f 1999/132 365/160 1899/130
f 199/136 1538/112 1908/54
f 1692/120 134/129 1792/128
f 2204/112 195/113 1699/54
f 2096/54 379/161 1698/112
f 1991/132 374/156 216/131
f 1716/130 196/131 1622/132
f 2518/162 1470/163 2662/164
f 2186/132 362/160 1621/130
f 2868/165 1457/166 1455/167
f 190/138 1536/130 1989/132
f 2230/109 1913/110 2290/111
f 2205/112 217/113 2089/54
f 208/138 1623/130 2187/132
f 2113/130 188/131 1620/132
f 1639/112 215/113 2085/54
f 518/4 537/4 524/4
f 2176/132 359/156 186/131
f 1998/132 369/160 1540/130
f 2095/54 391/161 1994/112
f 2011/130 182/131 1795/132
f 2289/111 334/115 2004/110
f 204/138 2179/130 1794/132
f 2700/168 2366/169 344/170
f 1820/130 180/131 1619/132
f 1534/54 377/157 177/113
f 1627/132 371/160 1700/130
f 2203/112 175/113 2087/54
f 1986/128 172/121 1793/120
f 2139/54 383/161 1993/112
f 2287/89 316/99 1626/56
f 2286/89 298/99 2183/56
f 213/136 2180/112 1772/54
f 2285/111 323/114 1629/109
f 1913/158 1810/109 2284/111
f 2283/89 310/99 1803/56
f 2079/116 1886/105 2282/108
f 2281/89 296/99 1995/56
f 2280/111 338/115 1632/110
f 1702/88 1617/56 2279/89
f 1659/109 1630/110 2278/111
f 2277/89 288/99 1992/56
f 2276/108 125/104 1686/105
f 2275/89 312/99 1997/56
f 2188/141 1701/88 2274/89
f 2273/89 307/140 1704/88
f 2272/89 299/140 1703/88
f 135/104 1889/105 3162/117
f 3846/171 100/57 3317/58
f 2270/89 280/99 1903/56
f 1618/132 299/137 202/138
f 1999/132 295/137 198/138
f 1627/132 307/137 210/138
f 1896/54 314/99 215/136
f 2175/132 279/140 2000/141
f 1804/132 293/137 196/138
f 2095/54 308/99 209/136
f 1537/54 294/99 195/136
f 1796/132 285/137 188/138
f 2086/54 300/99 201/136
f 2096/142 183/55 2091/56
f 1761/54 286/55 1992/56
f 1998/132 303/137 206/138
f 2176/139 283/140 2188/141
f 1794/132 301/137 204/138
f 760/4 783/4 781/4
f 2139/54 290/55 1617/56
f 2186/132 289/137 192/138
f 1539/54 300/55 1797/56
f 2173/132 315/137 218/138
f 4498/172 261/173 3425/174
f 2426/175 1457/166 2868/165
f 1905/88 1802/56 2268/89
f 1743/4 786/4 1642/4
f 2267/111 327/114 2002/109
f 4343/176 355/177 4094/178
f 1906/88 1797/56 2265/89
f 2264/89 313/140 1544/88
f 1539/54 387/157 201/113
f 2263/89 290/99 2182/56
f 1559/112 213/113 1896/54
f 2262/111 329/115 1547/110
f 2531/179 1454/180 2660/181
f 2156/109 2098/110 2261/111
f 2514/103 1688/105 3155/117
f 2259/111 337/182 2101/183
f 2806/67 1035/67 1034/67
f 2258/108 147/184 1687/116
f 1807/158 1707/109 2257/111
f 1481/76 1479/37 1483/77
f 2256/108 139/185 1885/106
f 2255/111 320/115 2190/110
f 2254/89 181/99 1895/56
f 344/186 2366/187 2316/188
f 1904/88 1801/56 2253/89
f 343/189 2699/190 2852/191
f 2744/67 1040/67 2805/67
f 352/192 2105/193 2196/194
f 2252/111 336/195 2193/158
f 1711/196 1813/197 324/198
f 353/199 2106/200 2107/201
f 355/199 349/202 2341/203
f 354/199 1712/200 1914/201
f 2108/204 354/205 2109/206
f 188/138 2177/130 1796/132
f 2807/207 2197/208 2801/209
f 2807/207 3145/210 2198/211
f 3895/212 1710/213 3772/214
f 3896/215 3142/216 2461/217
f 2702/218 3139/219 2009/220
f 2360/221 2010/211 3138/222
f 3405/223 4337/224 1915/225
f 2778/226 3767/227 3134/228
f 2008/229 2860/230 2701/231
f 2447/232 4335/233 2200/234
f 1634/235 3867/236 3866/237
f 2316/188 2194/229 3126/238
f 2775/239 3763/240 3124/241
f 3944/242 1555/243 3835/244
f 1817/245 3511/246 3260/247
f 1819/245 3260/246 3291/247
f 1821/248 3291/249 3424/250
f 3374/247 1821/251 3424/246
f 1823/248 3374/249 3550/250
f 1824/245 3550/246 3430/247
f 1825/245 3430/246 3259/247
f 1827/248 3259/249 3295/250
f 1828/245 3295/246 3264/247
f 1829/245 3264/246 3321/247
f 3542/250 1829/252 3321/249
f 3292/247 1830/251 3542/246
f 3322/247 1831/251 3292/246
f 3462/247 1832/251 3322/246
f 3460/250 1833/252 3462/249
f 3431/247 1834/251 3460/246
f 3254/247 1835/251 3431/246
f 3325/250 1836/252 3254/249
f 3427/247 1837/251 3325/246
f 3261/250 1838/252 3427/249
f 3543/247 1839/251 3261/246
f 3461/247 1840/251 3543/246
f 1843/248 3461/249 3262/250
f 1816/245 3262/246 3511/247
f 3404/253 1717/254 3439/255
f 3439/253 1719/254 3524/255
f 3524/253 1720/254 3303/255
f 1720/256 3272/255 3303/253
f 3272/253 1722/254 3522/255
f 3522/253 1723/254 3558/255
f 3558/253 1724/254 3403/255
f 3403/253 1725/254 3523/255
f 3523/253 1727/254 3302/255
f 3302/253 1728/254 3441/255
f 1728/256 3440/255 3441/253
f 1729/256 3556/255 3440/253
f 1730/256 3557/255 3556/253
f 1731/256 3496/255 3557/253
f 1732/256 3355/255 3496/253
f 1733/256 3274/255 3355/253
f 1734/256 3495/255 3274/253
f 1736/256 3438/255 3495/253
f 1737/256 3531/255 3438/253
f 1738/256 3413/255 3531/253
f 1739/256 3308/255 3413/253
f 1740/256 3446/255 3308/253
f 3446/253 1742/254 3529/255
f 3529/253 1718/254 3404/255
f 2016/257 3265/258 3552/259
f 2017/257 3552/258 3432/259
f 2018/257 3432/258 3514/259
f 2020/257 3514/258 3517/259
f 2022/257 3269/258 3518/259
f 2023/257 3518/258 3352/259
f 2024/257 3352/258 3370/259
f 2025/257 3370/258 3289/259
f 2026/257 3289/258 3400/259
f 2027/257 3400/258 3540/259
f 3549/259 2027/260 3540/258
f 3544/259 2028/260 3549/258
f 3369/259 2029/260 3544/258
f 3293/259 2030/260 3369/258
f 3546/259 2031/260 3293/258
f 3547/259 2033/260 3545/258
f 3459/259 2034/260 3547/258
f 3290/259 2035/260 3459/258
f 3372/259 2036/260 3290/258
f 2015/257 3372/258 3265/259
f 2038/257 3517/258 3373/259
f 3269/259 2038/260 3373/258
f 2039/257 3546/258 3548/259
f 3545/259 2039/260 3548/258
f 2618/261 96/262 2869/263
f 2220/264 108/265 2170/266
f 427/134 422/267 423/268
f 4681/269 1672/51 4571/270
f 1501/118 1504/38 1503/37
f 421/271 2582/12 2349/272
f 1384/25 1381/25 1382/25
f 2376/273 91/57 2410/274
f 1485/118 1488/38 1487/37
f 411/195 2289/111 1631/183
f 186/138 2113/130 1620/132
f 205/136 1844/112 1693/54
f 1998/132 370/156 208/131
f 1316/14 1313/14 1314/14
f 2057/275 3251/276 4183/277
f 1477/118 1480/38 1479/37
f 1417/14 1414/14 1415/14
f 785/4 2209/4 1562/4
f 1203/44 2654/44 2750/44
f 668/4 614/4 604/4
f 2669/278 3931/279 4496/280
f 2213/281 934/281 2044/281
f 1347/34 1344/34 1345/34
f 1355/34 1352/34 1353/34
f 1310/14 1321/14 1322/14
f 458/282 465/283 467/284
f 453/285 1846/285 1925/285
f 439/286 436/287 437/288
f 1926/285 1927/285 453/285
f 1944/51 1981/52 2248/53
f 691/4 768/4 747/4
f 1598/27 895/27 2120/27
f 1224/289 1220/289 1226/289
f 593/4 626/4 597/4
f 457/290 466/291 464/292
f 459/293 464/292 465/283
f 456/294 467/284 466/291
f 3865/295 1881/296 3609/297
f 467/284 470/8 466/291
f 464/292 469/9 465/283
f 465/283 471/298 467/284
f 314/55 2085/54 215/113
f 456/294 458/282 467/284
f 462/285 1925/285 463/285
f 331/114 2278/111 1706/158
f 462/285 1926/285 453/285
f 2089/54 277/99 175/136
f 2155/299 2353/300 2228/301
f 1592/302 1624/56 298/55
f 2528/303 3457/304 1776/305
f 1589/306 2907/307 1587/308
f 459/293 457/290 464/292
f 458/282 459/293 465/283
f 457/290 456/294 466/291
f 181/99 1694/142 1895/56
f 259/309 2907/307 1770/310
f 1959/311 2791/312 1963/313
f 1963/313 2908/314 1959/311
f 480/4 489/4 472/4
f 479/4 481/4 480/4
f 1160/44 1146/44 1145/44
f 1147/44 1161/44 1149/44
f 1149/44 1151/44 1150/44
f 1150/44 1159/44 1142/44
f 1167/44 1181/44 1180/44
f 485/4 504/4 487/4
f 1177/44 1191/44 1190/44
f 508/4 525/4 521/4
f 1142/44 1163/44 1162/44
f 484/4 503/4 501/4
f 482/4 501/4 499/4
f 511/4 518/4 524/4
f 509/4 523/4 522/4
f 483/4 502/4 485/4
f 1176/44 1190/44 1189/44
f 496/4 513/4 500/4
f 499/4 514/4 512/4
f 480/4 492/4 498/4
f 691/4 722/4 692/4
f 500/4 515/4 502/4
f 535/4 603/4 593/4
f 1147/44 1167/44 1166/44
f 502/4 517/4 504/4
f 1162/44 1176/44 1175/44
f 1036/67 1059/67 1042/67
f 479/4 498/4 497/4
f 501/4 516/4 514/4
f 1065/67 1079/67 1078/67
f 1057/67 1064/67 1070/67
f 1146/44 1169/44 1165/44
f 497/4 511/4 510/4
f 514/4 529/4 527/4
f 473/4 494/4 493/4
f 512/4 527/4 525/4
f 1150/44 1162/44 1168/44
f 709/4 685/4 686/4
f 513/4 528/4 515/4
f 1147/44 1170/44 1153/44
f 1055/67 1069/67 1068/67
f 515/4 530/4 517/4
f 1971/109 1910/110 2246/111
f 2883/44 1209/44 2600/44
f 120/133 1892/120 2222/128
f 527/315 542/315 540/315
f 534/4 520/4 521/4
f 525/315 540/315 538/315
f 1841/130 214/131 1800/132
f 519/4 531/4 518/4
f 526/4 541/4 528/4
f 607/4 675/4 671/4
f 519/4 533/4 532/4
f 528/4 543/4 530/4
f 550/4 600/4 542/4
f 547/4 613/4 548/4
f 708/4 683/4 691/4
f 670/4 708/4 707/4
f 563/4 623/4 621/4
f 533/4 592/4 591/4
f 758/4 781/4 779/4
f 555/4 590/4 591/4
f 562/4 618/4 620/4
f 589/4 547/4 595/4
f 561/4 621/4 619/4
f 783/4 750/4 775/4
f 543/4 609/4 551/4
f 542/4 598/4 540/4
f 708/4 747/4 718/4
f 543/4 599/4 601/4
f 558/4 608/4 550/4
f 559/4 625/4 567/4
f 490/4 568/4 573/4
f 478/4 574/4 491/4
f 488/4 573/4 571/4
f 1304/289 1268/289 1308/289
f 481/4 572/4 489/4
f 1245/44 1256/44 1252/44
f 494/4 508/4 507/4
f 569/4 581/4 574/4
f 574/4 577/4 570/4
f 581/4 584/4 577/4
f 571/4 580/4 578/4
f 570/4 579/4 572/4
f 1144/44 1242/44 1238/44
f 576/4 588/4 581/4
f 1250/44 1252/44 1257/44
f 580/4 582/4 587/4
f 578/4 587/4 585/4
f 577/4 586/4 579/4
f 603/4 636/4 632/4
f 547/4 604/4 614/4
f 706/4 692/4 693/4
f 608/4 629/4 600/4
f 556/4 606/4 605/4
f 738/4 761/4 740/4
f 549/4 613/4 612/4
f 621/4 644/4 642/4
f 591/4 554/4 555/4
f 762/4 725/4 754/4
f 673/4 711/4 710/4
f 620/4 639/4 641/4
f 668/4 711/4 674/4
f 619/4 642/4 640/4
f 654/4 645/4 658/4
f 601/4 634/4 609/4
f 600/4 627/4 598/4
f 672/4 719/4 709/4
f 702/4 741/4 739/4
f 545/4 611/4 603/4
f 531/4 590/4 589/4
f 727/4 758/4 756/4
f 691/4 731/4 723/4
f 559/4 609/4 617/4
f 686/4 763/4 742/4
f 686/4 769/4 728/4
f 540/4 596/4 538/4
f 553/4 619/4 611/4
f 690/4 737/4 735/4
f 539/4 599/4 541/4
f 741/4 688/4 733/4
f 630/4 655/4 634/4
f 629/4 648/4 627/4
f 593/4 632/4 549/4
f 637/4 654/4 633/4
f 630/4 649/4 651/4
f 638/4 667/4 646/4
f 635/4 652/4 656/4
f 626/4 649/4 628/4
f 636/4 661/4 657/4
f 627/4 615/4 546/4
f 602/4 554/4 631/4
f 638/4 655/4 659/4
f 1055/67 1072/67 1059/67
f 495/4 512/4 508/4
f 752/4 779/4 777/4
f 632/4 657/4 653/4
f 711/4 694/4 684/4
f 2041/285 2040/285 454/285
f 671/4 712/4 708/4
f 546/4 607/4 554/4
f 617/4 634/4 638/4
f 709/4 748/4 686/4
f 598/4 546/4 596/4
f 611/4 640/4 636/4
f 597/4 628/4 599/4
f 602/4 610/4 552/4
f 617/4 646/4 625/4
f 601/4 628/4 630/4
f 616/4 633/4 608/4
f 658/4 703/4 695/4
f 651/4 688/4 655/4
f 648/4 679/4 677/4
f 607/4 681/4 652/4
f 654/4 695/4 687/4
f 649/4 680/4 651/4
f 659/4 704/4 667/4
f 652/4 689/4 656/4
f 647/4 678/4 649/4
f 657/4 698/4 690/4
f 615/4 677/4 675/4
f 549/4 647/4 626/4
f 655/4 696/4 659/4
f 612/4 676/4 647/4
f 2810/44 1208/44 1204/44
f 656/4 697/4 660/4
f 653/4 690/4 682/4
f 1095/67 1565/67 1647/67
f 640/4 663/4 661/4
f 590/4 557/4 589/4
f 641/4 660/4 662/4
f 536/4 595/4 594/4
f 564/4 620/4 622/4
f 555/4 607/4 606/4
f 642/4 665/4 663/4
f 708/4 692/4 707/4
f 759/4 782/4 761/4
f 707/4 669/4 670/4
f 633/4 650/4 629/4
f 739/4 762/4 760/4
f 705/4 693/4 694/4
f 623/4 646/4 644/4
f 679/4 724/4 716/4
f 1069/67 1083/67 1082/67
f 645/4 664/4 666/4
f 729/4 686/4 685/4
f 643/4 662/4 664/4
f 1164/44 1178/44 1177/44
f 699/4 738/4 701/4
f 710/4 684/4 685/4
f 697/4 736/4 699/4
f 694/4 721/4 720/4
f 641/4 656/4 660/4
f 695/4 740/4 732/4
f 680/4 725/4 688/4
f 677/4 716/4 714/4
f 631/4 607/4 652/4
f 687/4 732/4 724/4
f 661/4 700/4 698/4
f 3844/316 1511/51 3607/317
f 660/4 699/4 662/4
f 2869/28 84/29 2688/30
f 662/4 701/4 664/4
f 441/318 442/319 443/320
f 663/4 702/4 700/4
f 440/321 438/322 442/319
f 664/4 703/4 666/4
f 1380/25 1391/25 1392/25
f 650/4 687/4 679/4
f 706/4 668/4 669/4
f 717/4 750/4 725/4
f 714/4 745/4 743/4
f 544/4 592/4 602/4
f 724/4 753/4 749/4
f 715/4 746/4 717/4
f 733/4 762/4 741/4
f 718/4 751/4 726/4
f 713/4 744/4 715/4
f 727/4 756/4 752/4
f 712/4 743/4 683/4
f 671/4 718/4 681/4
f 633/4 624/4 637/4
f 1054/67 1071/67 1067/67
f 538/4 592/4 534/4
f 734/4 751/4 755/4
f 631/4 635/4 610/4
f 557/4 605/4 604/4
f 565/4 625/4 623/4
f 752/4 748/4 719/4
f 697/4 726/4 734/4
f 1179/44 1196/44 1183/44
f 1165/44 1182/44 1178/44
f 608/4 566/4 616/4
f 452/285 1848/285 1847/285
f 675/4 714/4 712/4
f 690/4 735/4 727/4
f 676/4 715/4 678/4
f 681/4 726/4 689/4
f 696/4 741/4 704/4
f 678/4 717/4 680/4
f 727/4 719/4 682/4
f 1178/44 1195/44 1191/44
f 477/4 500/4 483/4
f 755/4 772/4 776/4
f 748/4 773/4 769/4
f 537/4 589/4 595/4
f 701/4 740/4 703/4
f 745/4 770/4 766/4
f 591/4 532/4 533/4
f 566/4 622/4 624/4
f 1096/67 1103/67 1109/67
f 737/4 760/4 758/4
f 536/4 593/4 535/4
f 757/4 780/4 759/4
f 1143/44 1164/44 1163/44
f 755/4 778/4 757/4
f 694/4 730/4 684/4
f 562/4 610/4 618/4
f 732/4 761/4 753/4
f 620/4 635/4 639/4
f 1064/67 1078/67 1077/67
f 734/4 757/4 736/4
f 595/4 548/4 594/4
f 736/4 759/4 738/4
f 1145/44 1165/44 1164/44
f 622/4 641/4 643/4
f 1296/289 1300/289 1295/289
f 624/4 643/4 645/4
f 1032/67 1053/67 1052/67
f 716/4 749/4 745/4
f 731/315 793/315 791/315
f 723/4 797/4 768/4
f 771/315 812/315 775/315
f 791/4 1743/4 723/4
f 728/4 792/4 763/4
f 772/315 813/315 776/315
f 769/315 806/315 798/315
f 1421/14 1418/14 1419/14
f 817/4 2042/4 782/4
f 766/315 803/315 795/315
f 1657/120 132/129 1616/128
f 783/4 818/4 781/4
f 2218/100 4554/101 4712/102
f 779/315 818/315 816/315
f 4133/323 107/50 3875/324
f 778/315 817/315 780/315
f 869/35 2210/35 1863/35
f 776/315 815/315 778/315
f 549/4 653/4 612/4
f 683/4 764/4 731/4
f 752/4 777/4 773/4
f 742/4 765/4 744/4
f 747/4 772/4 751/4
f 754/4 783/4 762/4
f 744/4 767/4 746/4
f 749/4 774/4 770/4
f 700/4 739/4 737/4
f 743/4 766/4 764/4
f 746/4 771/4 750/4
f 753/4 782/4 774/4
f 812/315 816/315 818/315
f 793/315 799/315 791/315
f 1213/25 1217/25 1219/25
f 792/315 798/315 800/315
f 796/315 802/315 804/315
f 791/315 797/315 787/315
f 804/315 810/315 812/315
f 797/315 807/315 805/315
f 1232/289 1228/289 1234/289
f 801/315 807/315 799/315
f 807/315 803/315 809/315
f 800/315 806/315 808/315
f 1136/67 1127/67 1138/67
f 808/315 814/315 816/315
f 812/315 818/315 820/315
f 805/315 815/315 813/315
f 809/315 819/315 817/315
f 809/315 815/315 807/315
f 773/315 814/315 806/315
f 763/315 794/315 765/315
f 768/315 805/315 772/315
f 812/4 2117/4 783/4
f 765/315 796/315 767/315
f 770/315 811/315 803/315
f 798/4 2208/4 728/4
f 764/315 795/315 793/315
f 767/315 804/315 771/315
f 782/4 811/4 774/4
f 777/315 816/315 814/315
f 669/4 604/4 605/4
f 443/320 438/322 439/286
f 462/325 456/290 457/293
f 1092/67 2048/67 2124/67
f 1096/67 1647/67 1746/67
f 4011/295 1513/296 3603/297
f 1652/41 3250/42 4171/43
f 893/27 905/27 891/27
f 930/281 941/281 928/281
f 903/27 905/27 911/27
f 829/18 840/18 839/18
f 827/18 837/18 825/18
f 1281/289 1289/289 1288/289
f 838/18 844/18 837/18
f 876/35 877/35 883/35
f 941/281 947/281 940/281
f 839/18 847/18 846/18
f 910/27 918/27 917/27
f 917/27 925/27 924/27
f 953/281 954/281 960/281
f 1282/289 1283/289 1289/289
f 846/18 854/18 853/18
f 952/281 960/281 959/281
f 825/18 836/18 823/18
f 845/18 851/18 844/18
f 673/4 612/4 613/4
f 437/326 443/320 439/286
f 1202/44 2597/44 2654/44
f 459/293 462/327 457/290
f 1644/35 864/35 2211/35
f 1643/35 856/35 2210/35
f 928/281 940/281 926/281
f 901/27 911/27 910/27
f 938/281 940/281 946/281
f 864/35 875/35 874/35
f 862/35 872/35 860/35
f 831/18 841/18 840/18
f 873/35 879/35 872/35
f 911/27 912/27 918/27
f 913/27 919/27 912/27
f 874/35 882/35 881/35
f 840/18 848/18 847/18
f 945/281 953/281 952/281
f 918/27 919/27 925/27
f 878/35 884/35 877/35
f 881/35 889/35 888/35
f 844/18 850/18 843/18
f 914/27 920/27 913/27
f 880/35 886/35 879/35
f 3510/328 83/57 3981/329
f 2119/18 829/18 1929/18
f 1573/330 1667/296 2241/53
f 1201/44 2422/44 2597/44
f 1349/34 1346/34 1347/34
f 2579/273 80/57 2870/274
f 868/35 870/35 876/35
f 860/35 871/35 858/35
f 858/35 870/35 856/35
f 899/27 910/27 909/27
f 897/27 907/27 895/27
f 936/281 946/281 945/281
f 908/27 914/27 907/27
f 946/281 947/281 953/281
f 836/18 842/18 835/18
f 909/27 917/27 916/27
f 942/281 948/281 941/281
f 875/35 883/35 882/35
f 843/18 849/18 842/18
f 948/281 954/281 947/281
f 916/27 924/27 923/27
f 879/35 885/35 878/35
f 949/281 955/281 948/281
f 915/27 921/27 914/27
f 671/4 606/4 607/4
f 2120/27 893/27 1930/27
f 2118/18 821/18 1928/18
f 445/331 451/332 447/333
f 790/4 1561/4 1641/4
f 448/334 446/335 450/336
f 823/18 835/18 821/18
f 895/27 906/27 893/27
f 1291/289 1295/289 1290/289
f 934/281 945/281 944/281
f 932/281 942/281 930/281
f 866/35 876/35 875/35
f 943/281 949/281 942/281
f 906/27 912/27 905/27
f 871/35 877/35 870/35
f 944/281 952/281 951/281
f 872/35 878/35 871/35
f 907/27 913/27 906/27
f 848/18 849/18 855/18
f 883/35 884/35 890/35
f 951/281 959/281 958/281
f 882/35 890/35 889/35
f 847/18 855/18 854/18
f 950/281 956/281 949/281
f 1004/337 1028/337 996/337
f 1003/337 1005/337 1004/337
f 1029/337 1000/337 999/337
f 1264/289 1308/289 1266/289
f 1261/289 1262/289 1260/289
f 993/338 962/338 961/338
f 1267/289 1269/289 1275/289
f 1354/34 1364/34 1363/34
f 1321/14 1323/14 1329/14
f 966/338 976/338 975/338
f 965/338 973/338 964/338
f 999/337 1007/337 997/337
f 974/338 980/338 973/338
f 1012/337 1013/337 1019/337
f 1007/337 1013/337 1006/337
f 975/338 983/338 982/338
f 1008/337 1014/337 1007/337
f 973/338 979/338 972/338
f 1014/337 1020/337 1013/337
f 979/338 985/338 978/338
f 982/338 990/338 989/338
f 1424/14 1434/14 1433/14
f 1015/337 1021/337 1014/337
f 981/338 987/338 980/338
f 969/338 993/338 961/338
f 968/338 970/338 969/338
f 1001/337 1030/337 1003/337
f 966/338 995/338 968/338
f 998/337 999/337 997/337
f 1267/289 1306/289 1259/289
f 1346/34 1358/34 1344/34
f 1313/14 1324/14 1311/14
f 1381/25 1393/25 1379/25
f 1001/337 1011/337 1010/337
f 1000/337 1008/337 999/337
f 1348/34 1359/34 1346/34
f 1009/337 1015/337 1008/337
f 972/338 978/338 971/338
f 673/4 709/4 672/4
f 1010/337 1018/337 1017/337
f 1274/289 1282/289 1281/289
f 976/338 984/338 983/338
f 997/337 1006/337 996/337
f 984/338 985/338 991/338
f 1017/337 1025/337 1024/337
f 980/338 986/338 979/338
f 983/338 991/338 990/338
f 1016/337 1022/337 1015/337
f 1028/337 997/337 996/337
f 963/338 964/338 962/338
f 2607/67 1050/67 2744/67
f 994/338 965/338 964/338
f 2537/67 1034/67 1032/67
f 2781/67 1032/67 1031/67
f 1149/44 1168/44 1167/44
f 1044/67 1063/67 1046/67
f 507/4 521/4 520/4
f 612/4 682/4 672/4
f 1051/67 1065/67 1064/67
f 1043/67 1062/67 1060/67
f 1041/67 1060/67 1058/67
f 498/4 505/4 511/4
f 1179/44 1193/44 1192/44
f 1042/67 1061/67 1044/67
f 722/4 693/4 692/4
f 596/4 554/4 592/4
f 1058/67 1073/67 1071/67
f 1168/44 1175/44 1181/44
f 1034/67 1054/67 1053/67
f 1059/67 1074/67 1061/67
f 1068/67 1085/67 1072/67
f 240/151 263/155 264/150
f 1061/67 1076/67 1063/67
f 505/4 519/4 518/4
f 1067/67 1084/67 1080/67
f 1328/14 1336/14 1335/14
f 1060/67 1075/67 1073/67
f 684/4 729/4 685/4
f 472/4 493/4 492/4
f 476/4 499/4 495/4
f 1180/44 1194/44 1193/44
f 1073/67 1088/67 1086/67
f 506/4 520/4 519/4
f 1071/67 1086/67 1084/67
f 1759/128 164/129 152/134
f 475/4 495/4 494/4
f 1072/67 1087/67 1074/67
f 509/4 526/4 513/4
f 496/4 510/4 509/4
f 1074/67 1089/67 1076/67
f 1357/34 1354/34 1355/34
f 644/4 667/4 665/4
f 1864/281 930/281 1645/281
f 1101/67 1099/67 2046/67
f 939/281 2043/281 1663/281
f 1099/67 1097/67 1850/67
f 1505/76 1503/37 1507/77
f 1564/18 831/18 2119/18
f 1933/67 1100/67 2125/67
f 521/315 538/315 534/315
f 2212/281 926/281 2043/281
f 2126/67 1102/67 1566/67
f 804/315 808/315 810/315
f 1160/44 1238/44 1243/44
f 1099/67 1110/67 1097/67
f 1091/67 1103/67 1090/67
f 1093/67 1105/67 1092/67
f 1110/67 1101/67 1112/67
f 1098/67 1107/67 1111/67
f 1094/67 1108/67 1107/67
f 1102/67 1113/67 1115/67
f 1109/67 1116/67 1122/67
f 1093/67 1110/67 1106/67
f 1092/67 1104/67 1091/67
f 1107/67 1121/67 1120/67
f 1115/67 1126/67 1128/67
f 1117/67 1129/67 1116/67
f 1106/67 1123/67 1119/67
f 1105/67 1117/67 1104/67
f 1115/67 1124/67 1126/67
f 1118/67 1130/67 1117/67
f 1112/67 1123/67 1110/67
f 1104/67 1116/67 1103/67
f 1106/67 1118/67 1105/67
f 2852/203 2108/204 343/202
f 1111/67 1120/67 1124/67
f 1119/67 1131/67 1118/67
f 1102/67 1111/67 1113/67
f 1124/67 1133/67 1137/67
f 1120/67 1134/67 1133/67
f 1128/67 1139/67 1141/67
f 1122/67 1129/67 1135/67
f 1119/67 1136/67 1132/67
f 1095/67 1109/67 1108/67
f 1128/67 1137/67 1139/67
f 1121/67 1135/67 1134/67
f 1125/67 1136/67 1123/67
f 1301/289 1306/289 1300/289
f 1238/44 1249/44 1245/44
f 2805/67 1048/67 2804/67
f 2956/339 353/182 2104/110
f 490/4 476/4 475/4
f 1144/44 1145/44 1143/44
f 1159/44 1143/44 1142/44
f 1056/67 1070/67 1069/67
f 1155/44 1174/44 1157/44
f 1066/67 1080/67 1079/67
f 466/291 468/10 464/292
f 492/4 506/4 505/4
f 1154/44 1173/44 1171/44
f 1152/44 1171/44 1169/44
f 1181/44 1188/44 1194/44
f 1166/44 1180/44 1179/44
f 1153/44 1172/44 1155/44
f 493/4 507/4 506/4
f 672/4 713/4 676/4
f 1169/44 1184/44 1182/44
f 1039/67 1051/67 1057/67
f 548/4 593/4 594/4
f 1170/44 1185/44 1172/44
f 709/4 742/4 713/4
f 477/4 497/4 496/4
f 1172/44 1187/44 1174/44
f 1175/44 1189/44 1188/44
f 535/4 597/4 539/4
f 1038/67 1057/67 1056/67
f 1171/44 1186/44 1184/44
f 1052/67 1066/67 1065/67
f 1031/67 1052/67 1051/67
f 1035/67 1058/67 1054/67
f 510/4 524/4 523/4
f 1184/44 1199/44 1197/44
f 1163/44 1177/44 1176/44
f 1182/44 1197/44 1195/44
f 1070/67 1077/67 1083/67
f 1053/67 1067/67 1066/67
f 1183/44 1198/44 1185/44
f 1166/44 1183/44 1170/44
f 1068/67 1082/67 1081/67
f 1185/44 1200/44 1187/44
f 1090/67 1746/67 1932/67
f 1565/67 1098/67 1934/67
f 1314/14 1311/14 1312/14
f 2653/44 2652/44 1935/44
f 674/4 613/4 614/4
f 2503/44 1747/44 1748/44
f 1093/67 2124/67 2215/67
f 2384/340 99/341 2443/342
f 2599/44 2751/44 2050/44
f 2215/67 1097/67 1093/67
f 1494/343 1500/344 1496/38
f 2752/44 2884/44 2217/44
f 799/315 795/315 801/315
f 1210/289 1216/289 1208/289
f 1216/289 1212/289 1218/289
f 1209/25 1215/25 1217/25
f 1213/25 1219/25 1221/25
f 1204/289 1216/289 1214/289
f 1221/25 1227/25 1229/25
f 1214/289 1224/289 1222/289
f 1221/25 1225/25 1227/25
f 1218/289 1224/289 1216/289
f 796/315 800/315 802/315
f 1217/25 1223/25 1225/25
f 1123/67 1114/67 1125/67
f 1225/25 1231/25 1233/25
f 1229/25 1235/25 1237/25
f 1222/289 1232/289 1230/289
f 1229/25 1233/25 1235/25
f 1226/289 1232/289 1224/289
f 573/4 575/4 580/4
f 1148/44 1244/44 1161/44
f 1158/44 1243/44 1241/44
f 1161/44 1240/44 1151/44
f 1151/44 1242/44 1159/44
f 568/4 579/4 575/4
f 474/4 572/4 568/4
f 1239/44 1251/44 1244/44
f 1244/44 1247/44 1240/44
f 491/4 570/4 481/4
f 1241/44 1250/44 1248/44
f 1240/44 1249/44 1242/44
f 575/4 586/4 582/4
f 1246/44 1258/44 1251/44
f 1251/44 1254/44 1247/44
f 1243/44 1245/44 1250/44
f 1248/44 1257/44 1255/44
f 1247/44 1256/44 1249/44
f 489/4 473/4 472/4
f 1266/289 1268/289 1267/289
f 477/4 491/4 479/4
f 1307/289 1263/289 1262/289
f 474/4 475/4 473/4
f 1306/289 1260/289 1259/289
f 962/338 971/338 961/338
f 968/338 977/338 976/338
f 1356/34 1358/34 1364/34
f 1264/289 1274/289 1273/289
f 1263/289 1271/289 1262/289
f 964/338 972/338 962/338
f 1272/289 1278/289 1271/289
f 1429/14 1435/14 1428/14
f 1270/289 1276/289 1269/289
f 1273/289 1281/289 1280/289
f 1293/289 1299/289 1298/289
f 1271/289 1277/289 1270/289
f 833/18 835/18 841/18
f 1277/289 1283/289 1276/289
f 1280/289 1288/289 1287/289
f 1018/337 1026/337 1025/337
f 1278/289 1284/289 1277/289
f 1279/289 1285/289 1278/289
f 1275/289 1276/289 1282/289
f 1440/14 1448/14 1447/14
f 1294/289 1295/289 1299/289
f 1265/289 1293/289 1298/289
f 1292/289 1303/289 1297/289
f 1292/289 1296/289 1291/289
f 1297/289 1303/289 1302/289
f 1299/289 1300/289 1305/289
f 1019/337 1020/337 1026/337
f 1265/289 1298/289 1304/289
f 1108/67 1122/67 1121/67
f 1297/289 1301/289 1296/289
f 1305/289 1306/289 1268/289
f 1036/67 1056/67 1055/67
f 1265/289 1304/289 1308/289
f 665/4 704/4 702/4
f 1302/289 1261/289 1301/289
f 1302/289 1303/289 1307/289
f 429/343 432/345 433/346
f 2055/275 3249/276 4169/277
f 1484/36 1479/37 1480/38
f 429/343 435/344 431/38
f 461/327 456/293 463/325
f 2065/35 860/35 1849/35
f 1311/14 1323/14 1309/14
f 1266/289 1275/289 1274/289
f 1391/25 1393/25 1399/25
f 1317/14 1328/14 1327/14
f 1315/14 1325/14 1313/14
f 1298/289 1305/289 1304/289
f 1326/14 1332/14 1325/14
f 1394/25 1400/25 1393/25
f 1324/14 1330/14 1323/14
f 1327/14 1335/14 1334/14
f 1360/34 1366/34 1359/34
f 1363/34 1371/34 1370/34
f 1371/34 1372/34 1378/34
f 1436/14 1442/14 1435/14
f 1334/14 1342/14 1341/14
f 1367/34 1373/34 1366/34
f 1437/14 1443/14 1436/14
f 1333/14 1339/14 1332/14
f 1511/330 1510/296 2238/53
f 1645/281 928/281 2212/281
f 459/290 461/325 460/327
f 447/333 444/347 445/348
f 1663/281 936/281 2213/281
f 1386/25 1383/25 1384/25
f 1426/14 1428/14 1434/14
f 1262/289 1270/289 1260/289
f 1260/289 1269/289 1259/289
f 1352/34 1363/34 1362/34
f 1350/34 1360/34 1348/34
f 1383/25 1394/25 1381/25
f 1361/34 1367/34 1360/34
f 1399/25 1400/25 1406/25
f 1336/14 1337/14 1343/14
f 1362/34 1370/34 1369/34
f 1395/25 1401/25 1394/25
f 1398/25 1406/25 1405/25
f 1406/25 1407/25 1413/25
f 1366/34 1372/34 1365/34
f 1369/34 1377/34 1376/34
f 837/18 843/18 836/18
f 1335/14 1343/14 1342/14
f 1368/34 1374/34 1367/34
f 1931/27 899/27 1745/27
f 1320/14 1317/14 1318/14
f 2695/20 79/21 2617/22
f 98/74 78/90 90/349
f 1312/14 1309/14 1310/14
f 670/4 605/4 606/4
f 1004/337 1006/337 1012/337
f 1319/14 1329/14 1328/14
f 969/338 971/338 977/338
f 1387/25 1398/25 1397/25
f 1385/25 1395/25 1383/25
f 1003/337 1012/337 1011/337
f 1396/25 1402/25 1395/25
f 1364/34 1365/34 1371/34
f 1329/14 1330/14 1336/14
f 1397/25 1405/25 1404/25
f 1430/14 1436/14 1429/14
f 1433/14 1441/14 1440/14
f 1441/14 1442/14 1448/14
f 1401/25 1407/25 1400/25
f 1404/25 1412/25 1411/25
f 1332/14 1338/14 1331/14
f 1370/34 1378/34 1377/34
f 1403/25 1409/25 1402/25
f 1204/44 2750/44 2810/44
f 1382/25 1379/25 1380/25
f 1392/25 1389/25 1390/25
f 1206/44 2883/44 2364/44
f 1500/36 1495/37 1496/38
f 4683/269 1666/51 4567/270
f 1416/14 1428/14 1414/14
f 1389/25 1399/25 1398/25
f 841/18 842/18 848/18
f 1422/14 1433/14 1432/14
f 1420/14 1430/14 1418/14
f 1418/14 1429/14 1416/14
f 1431/14 1437/14 1430/14
f 1434/14 1435/14 1441/14
f 1359/34 1365/34 1358/34
f 1432/14 1440/14 1439/14
f 1011/337 1019/337 1018/337
f 1325/14 1331/14 1324/14
f 1331/14 1337/14 1330/14
f 977/338 978/338 984/338
f 1439/14 1447/14 1446/14
f 1402/25 1408/25 1401/25
f 1405/25 1413/25 1412/25
f 1438/14 1444/14 1437/14
f 2835/350 1450/351 2369/352
f 1919/112 179/113 1694/54
f 2405/125 1461/353 2420/354
f 2381/355 1468/356 2518/162
f 138/133 1791/120 1858/128
f 2502/357 1451/358 1449/359
f 2426/175 1461/353 1459/360
f 2510/361 1471/362 1469/363
f 2236/89 278/140 1902/88
f 1455/167 1453/364 2365/365
f 1789/128 163/119 118/129
f 2115/112 209/113 1541/54
f 4012/316 1520/51 3595/317
f 1345/34 1356/34 1357/34
f 1502/343 1505/345 1506/346
f 1478/343 1481/345 1482/346
f 428/118 431/38 430/37
f 297/140 1999/132 200/131
f 2332/366 2889/367 157/368
f 2292/369 1531/370 2793/371
f 278/137 2270/89 1902/302
f 1415/14 1426/14 1427/14
f 1478/343 1484/344 1480/38
f 1777/183 1709/158 2234/111
f 1497/76 1495/37 1499/77
f 1492/36 1487/37 1488/38
f 2000/141 2090/88 2270/89
f 4851/372 2097/373 4698/374
f 3168/375 2375/87 1578/376
f 4077/377 1678/378 3361/379
f 424/134 2625/380 2581/381
f 1486/343 1492/344 1488/38
f 1849/35 858/35 1643/35
f 1494/343 1497/345 1498/346
f 1322/14 1319/14 1320/14
f 3162/117 133/185 2514/382
f 384/161 1537/54 195/136
f 3167/153 1683/383 3168/375
f 1591/141 1543/302 289/137
f 421/267 424/134 425/118
f 449/384 450/336 451/332
f 1489/76 1487/37 1491/77
f 1486/343 1489/345 1490/346
f 451/332 446/335 447/333
f 136/129 1793/120 173/119
f 2359/385 1578/376 2640/386
f 4850/387 2293/388 4717/389
f 146/184 2294/108 1581/107
f 2137/120 126/129 1788/128
f 3519/1 4708/390 1600/6
f 320/114 2290/111 2190/158
f 4541/23 2130/391 1975/6
f 293/140 1622/132 196/131
f 1690/107 1885/106 139/392
f 2083/116 2271/108 3163/393
f 3429/26 1976/16 4020/15
f 2273/89 308/99 1625/56
f 4542/394 2067/395 1977/6
f 1709/158 1661/109 2280/111
f 3850/5 4154/7 1602/6
f 1685/106 1686/105 123/185
f 4022/15 4152/17 1978/16
f 118/119 1690/107 139/392
f 4553/394 2070/395 1980/6
f 1967/141 1905/302 293/137
f 3851/5 4148/7 1604/6
f 2278/111 406/182 2003/183
f 306/55 2095/54 207/113
f 2178/132 297/137 200/138
f 3852/15 4146/17 1606/16
f 1699/54 296/99 197/136
f 3528/1 4704/390 1608/6
f 2099/158 2063/109 2289/111
f 4539/23 2133/391 1982/6
f 287/140 1796/132 190/131
f 3358/26 1609/16 3854/15
f 307/140 2187/132 210/131
f 2277/89 286/55 1904/302
f 3286/396 4095/323 77/49
f 77/49 92/79 102/397
f 298/55 2086/54 199/113
f 295/140 1804/132 198/131
f 3637/398 4207/399 1631/400
f 2616/152 2668/401 109/402
f 3287/46 3368/403 110/69
f 2585/59 2432/45 76/69
f 2764/59 2584/45 92/69
f 1968/141 1907/302 309/137
f 2082/105 127/185 2773/382
f 2096/142 284/99 185/136
f 2175/132 278/137 176/138
f 1709/158 2005/183 415/195
f 352/404 1713/158 399/195
f 89/68 102/95 92/69
f 2536/71 2534/405 93/406
f 78/68 93/95 101/69
f 2393/71 2670/405 102/406
f 179/136 1557/112 1534/54
f 177/136 2203/112 2087/54
f 287/140 2277/89 1955/141
f 390/161 1900/54 207/136
f 100/407 3873/78 3317/408
f 94/81 101/95 73/69
f 2444/83 2391/409 102/69
f 2445/59 2888/45 101/69
f 105/410 2696/411 2794/412
f 278/140 2173/132 176/131
f 1627/132 372/156 212/131
f 416/182 2284/111 1809/110
f 3970/91 4071/403 75/69
f 2840/59 2667/45 110/69
f 83/49 3320/78 3981/413
f 108/414 1682/93 2170/415
f 2598/416 2924/417 2169/418
f 2139/54 292/99 193/136
f 1967/141 2093/88 2281/89
f 296/55 1908/54 197/113
f 2154/302 2185/56 312/55
f 2191/158 1705/183 404/195
f 1924/109 1549/110 2259/111
f 285/140 2253/89 1695/141
f 2269/419 3160/420 4484/421
f 281/137 2254/89 1542/302
f 1990/141 1966/88 2254/89
f 2517/422 1569/423 2370/424
f 2195/425 2857/426 3154/231
f 3155/117 1688/105 131/185
f 2857/190 2288/229 3165/427
f 2261/111 403/182 1705/183
f 2264/89 314/99 2185/56
f 1585/428 2827/429 2146/430
f 2924/417 2220/431 2925/432
f 2146/430 2920/433 1585/428
f 229/434 2919/435 1763/436
f 221/437 2921/438 1762/439
f 159/348 2923/440 2138/441
f 1891/442 2923/440 1952/443
f 1766/444 2921/438 1956/445
f 225/446 2920/433 2143/447
f 1956/445 2524/448 1766/444
f 2841/411 2377/412 114/410
f 1767/449 2919/435 1957/450
f 151/451 2223/452 153/453
f 162/454 2224/146 152/455
f 160/456 2138/441 161/147
f 158/347 1952/443 159/348
f 156/457 1757/458 157/368
f 154/459 1583/460 155/461
f 1583/460 2793/371 1531/370
f 2138/441 2620/148 161/147
f 1757/458 2332/366 157/368
f 1684/107 1885/106 117/392
f 146/392 2258/108 1582/106
f 1636/462 3940/463 3764/464
f 3130/465 3258/466 1634/235
f 3763/240 2111/467 1555/243
f 3125/468 2111/467 2775/239
f 2201/469 2447/232 3131/470
f 3123/471 3270/472 2351/473
f 1582/106 1529/105 129/185
f 2255/111 396/182 1805/183
f 1761/54 380/157 187/113
f 2774/474 1783/475 2073/476
f 2507/474 1949/475 1677/476
f 1673/477 3436/478 3885/479
f 80/57 2170/415 1682/93
f 2601/480 1611/481 1676/482
f 1579/483 2767/484 2376/485
f 2880/474 1946/475 2168/476
f 2539/486 1949/487 1613/488
f 2925/432 2579/485 1580/483
f 3888/489 1754/490 1680/491
f 1678/492 3824/478 3361/493
f 2732/486 1784/487 1786/488
f 3621/398 4191/399 1554/400
f 3483/494 2102/400 4199/399
f 3479/494 1708/400 4205/399
f 1974/495 2343/381 2678/380
f 3633/398 4203/399 1923/400
f 3633/398 413/404 3480/496
f 396/159 4195/399 3463/494
f 3621/398 418/404 3485/496
f 3619/398 4189/399 1808/400
f 418/159 4193/399 3485/494
f 2826/497 2165/498 2837/499
f 3635/398 411/404 3478/496
f 3625/398 4195/399 1811/400
f 4571/270 59/500 4682/501
f 3627/398 4197/399 2206/400
f 3627/398 416/404 3483/496
f 1811/400 3484/496 3625/398
f 4572/502 1671/391 4688/503
f 3481/494 1923/400 4203/399
f 3617/398 4187/399 1924/400
f 220/504 1762/439 219/505
f 222/506 1956/445 221/437
f 224/507 2143/447 223/508
f 226/509 1585/428 225/446
f 228/510 1763/436 227/511
f 230/512 1957/450 229/434
f 232/513 2144/514 231/515
f 234/516 1586/517 233/518
f 236/519 1764/520 235/521
f 238/522 1958/523 237/524
f 240/525 2145/526 239/527
f 242/528 1765/529 241/530
f 1762/439 2787/531 219/505
f 2143/447 2324/532 223/508
f 1763/436 2346/533 227/511
f 2144/514 2322/534 231/515
f 1764/520 2730/535 235/521
f 2145/526 2527/536 239/527
f 1952/443 2889/367 1891/442
f 2346/533 3876/123 227/511
f 2730/535 3324/537 235/521
f 243/538 1859/539 245/540
f 266/541 1860/542 244/543
f 264/544 2148/545 265/546
f 262/547 1959/311 263/548
f 260/549 1770/310 261/173
f 258/550 1587/308 259/309
f 256/551 2149/552 257/553
f 254/554 1960/555 255/556
f 252/557 1771/558 253/559
f 250/560 1588/561 251/562
f 248/563 2150/564 249/565
f 246/566 1961/567 247/568
f 1859/539 2731/569 245/540
f 2148/545 2672/570 265/546
f 1770/310 2378/571 261/173
f 2149/552 2673/572 257/553
f 1771/558 2379/573 253/559
f 2150/564 2674/574 249/565
f 1531/370 2922/575 1583/460
f 2378/571 3425/174 261/173
f 2379/573 3426/576 253/559
f 406/159 4217/399 3473/494
f 3478/494 1631/400 4207/399
f 1911/400 3472/496 3647/398
f 3647/398 4217/399 1911/400
f 3651/398 4221/399 1705/400
f 1806/400 3471/496 3649/398
f 3643/398 407/404 3474/496
f 3643/398 4213/399 2116/400
f 3639/398 409/404 3476/496
f 3641/398 4211/399 2192/400
f 1640/400 3469/496 3653/398
f 3641/398 408/404 3475/496
f 3649/398 4219/399 1806/400
f 405/159 4219/399 3472/494
f 3477/494 1548/400 4209/399
f 404/159 4221/399 3471/494
f 3653/398 4223/399 1640/400
f 3639/398 4209/399 1548/400
f 3475/494 2116/400 4213/399
f 3476/494 2192/400 4211/399
f 2003/400 3473/496 3645/398
f 1705/400 3470/496 3651/398
f 3645/398 4215/399 2003/400
f 407/159 4215/399 3474/494
f 4338/577 3492/578 1917/579
f 2856/580 349/189 2783/581
f 3147/582 353/115 2858/583
f 3767/227 1814/584 1917/579
f 2421/67 1780/67 1646/67
f 3131/470 3132/585 2201/469
f 2859/219 2797/586 355/182
f 1796/132 361/156 190/131
f 4094/587 355/182 3870/588
f 3139/219 2109/110 3140/339
f 2194/229 3152/427 2856/580
f 2703/582 354/115 2549/589
f 2194/229 3153/590 3152/427
f 2860/230 3297/591 347/592
f 2776/67 2123/67 2698/67
f 3764/464 4334/593 1636/462
f 3768/594 1916/595 3769/596
f 3145/210 2196/597 3146/598
f 3433/599 3434/600 354/115
f 3146/598 2460/601 1714/602
f 400/603 2196/194 2105/193
f 274/604 4334/593 3827/605
f 1695/141 1701/302 283/137
f 3766/606 3130/465 3129/607
f 2116/183 1706/110 407/182
f 3138/222 1814/584 3137/608
f 1710/213 3771/609 3772/214
f 3140/339 2703/582 2010/211
f 2859/219 1553/110 3148/339
f 3870/588 2797/586 2417/610
f 2108/204 351/199 343/202
f 3771/609 1715/611 3896/215
f 349/612 1914/201 1712/200
f 342/170 3132/585 2887/613
f 1915/225 4342/614 3405/615
f 3770/616 2460/601 3141/617
f 330/114 2262/111 1630/158
f 2549/589 3434/600 2633/618
f 3147/582 3148/339 1553/110
f 3133/619 3492/578 2738/620
f 3137/608 1814/584 2778/226
f 3126/238 2111/467 3125/468
f 2103/621 3149/427 2782/622
f 291/140 2186/132 194/131
f 2262/111 405/182 1911/183
f 354/623 4343/176 3433/624
f 305/140 1998/132 208/131
f 2265/89 300/55 1703/302
f 1640/183 2098/158 2267/111
f 328/114 2261/111 2191/158
f 289/140 2263/89 2140/141
f 2140/141 2092/302 287/137
f 2636/625 1938/626 2365/365
f 2268/89 292/55 1702/302
f 1760/141 1703/302 299/137
f 2672/570 3161/627 3237/628
f 293/140 2268/89 1773/141
f 2001/110 2002/109 318/115
f 402/182 2267/111 2001/110
f 1773/141 1702/302 291/137
f 147/392 2260/108 1687/106
f 1539/54 302/99 203/136
f 2103/621 3150/580 3149/427
f 419/159 4189/399 3486/494
f 3631/398 4201/399 2005/400
f 3629/398 415/404 3482/496
f 4700/629 2251/16 4572/502
f 2199/400 3467/496 3623/398
f 1808/400 3479/496 3619/398
f 3623/398 4193/399 2199/400
f 113/57 2170/266 80/75
f 3617/398 419/404 3486/496
f 3480/494 1924/400 4187/399
f 3484/494 2206/400 4197/399
f 3629/398 4199/399 2102/400
f 3637/398 410/404 3477/496
f 2794/630 1674/631 2442/492
f 3631/398 414/404 3481/496
f 3482/494 2005/400 4201/399
f 3635/398 4205/399 1708/400
f 3468/494 1554/400 4191/399
f 2227/632 2759/633 320/634
f 1629/635 2643/636 322/637
f 1815/638 2675/639 324/640
f 1971/641 2350/642 317/643
f 2156/644 2427/645 327/144
f 1597/646 2745/647 329/648
f 1707/649 2501/650 331/651
f 1973/652 2812/653 333/654
f 2158/655 2830/656 335/657
f 2101/658 2892/659 319/660
f 1661/661 2578/662 338/663
f 1810/664 2895/665 340/666
f 2759/633 4069/667 320/634
f 2675/639 4004/668 324/640
f 2427/645 3845/669 327/144
f 2501/650 3836/670 331/651
f 2830/656 3849/671 335/657
f 2578/662 3566/672 338/663
f 155/461 2922/575 1757/458
f 3845/669 4692/145 327/144
f 3849/671 4560/673 335/657
f 2523/103 1756/105 2256/108
f 388/161 1539/54 203/136
f 184/137 2176/139 2188/141
f 3759/674 4329/675 1818/130
f 1818/130 3376/676 3759/674
f 1760/141 1906/88 2265/89
f 2619/677 1888/116 2260/108
f 408/195 2257/111 2116/183
f 723/4 1642/4 722/4
f 215/136 1559/112 1896/54
f 2258/108 131/104 1529/105
f 419/114 2259/111 2100/158
f 4342/614 1710/213 3895/678
f 1542/302 1895/56 282/55
f 3757/674 4327/675 1820/130
f 1820/130 3377/676 3757/674
f 4464/679 3530/680 2816/681
f 2092/302 2182/56 288/55
f 152/455 2292/369 2223/452
f 311/137 2264/89 2154/302
f 2257/111 331/115 1706/110
f 1630/158 1911/183 406/195
f 1761/54 288/99 189/136
f 359/156 4317/675 3383/682
f 358/156 4327/675 3378/682
f 2107/201 2104/206 353/199
f 1552/201 1553/206 355/199
f 1914/201 1662/206 354/199
f 2782/683 354/205 2108/204
f 2743/684 2360/221 350/685
f 356/160 1619/132 178/138
f 2282/108 117/185 1885/106
f 2635/187 2007/686 342/186
f 358/160 1795/132 180/138
f 1631/183 2004/110 410/182
f 1902/302 1903/56 277/55
f 1706/158 2003/183 407/195
f 2186/132 363/156 194/131
f 2019/183 1628/110 398/182
f 1795/139 281/137 180/138
f 1804/132 365/156 198/131
f 297/140 2286/89 2152/141
f 1581/107 2081/106 145/392
f 191/113 1993/112 382/157
f 2283/89 308/55 1704/302
f 1584/141 1544/302 313/137
f 3390/682 1899/130 4303/675
f 362/156 4311/675 3386/682
f 3749/674 4319/675 1637/130
f 2202/687 3380/688 3751/689
f 3741/674 4311/675 1536/130
f 3733/674 4303/675 1899/130
f 3607/317 5/500 3978/690
f 485/4 502/4 504/4
f 3717/674 373/160 3397/676
f 1962/691 2909/692 1860/542
f 4129/693 3251/694 42/695
f 484/4 486/4 503/4
f 482/4 484/4 501/4
f 3571/696 66/695 3971/697
f 3655/398 4225/399 1546/400
f 483/4 500/4 502/4
f 3609/297 69/698 3976/699
f 1916/700 2885/701 1969/702
f 499/4 501/4 514/4
f 3571/696 4141/703 1655/41
f 3723/674 4293/675 1623/130
f 500/4 513/4 515/4
f 318/704 2355/705 1971/641
f 3657/398 4227/399 2105/400
f 502/4 515/4 517/4
f 3577/706 1576/296 3578/707
f 2863/708 3568/709 1589/306
f 3608/710 1867/2 3985/3
f 501/4 503/4 516/4
f 898/27 2120/27 896/27
f 4558/101 64/711 2059/41
f 1860/542 2671/712 1962/691
f 3816/713 2245/6 3608/710
f 514/4 516/4 529/4
f 3610/714 1880/715 3991/716
f 512/4 514/4 527/4
f 3992/717 1610/718 3520/719
f 357/156 4283/675 3376/682
f 513/4 526/4 528/4
f 321/720 2893/721 2227/632
f 1546/400 3468/496 3655/398
f 515/4 528/4 530/4
f 356/156 4329/675 3377/682
f 1768/722 2917/723 1958/523
f 2783/581 3266/724 2342/725
f 527/315 529/315 542/315
f 3761/726 4331/727 1556/728
f 525/315 527/315 540/315
f 1715/611 3770/616 3141/617
f 3761/726 273/729 3839/730
f 526/4 539/4 541/4
f 1957/450 2525/731 1767/449
f 4110/732 1556/728 4331/727
f 528/4 541/4 543/4
f 550/4 608/4 600/4
f 1846/285 452/285 1847/285
f 2526/733 3569/734 1768/722
f 3396/735 1700/687 4291/736
f 563/4 565/4 623/4
f 533/4 534/4 592/4
f 2157/737 2657/738 2159/739
f 2222/128 166/119 122/129
f 2829/740 3488/741 2155/299
f 4090/693 3249/694 26/695
f 561/4 563/4 621/4
f 566/4 624/4 616/4
f 543/4 601/4 609/4
f 542/4 600/4 598/4
f 1970/742 2355/705 2002/743
f 543/4 541/4 599/4
f 341/744 2664/745 1810/664
f 559/4 617/4 625/4
f 4161/746 4565/747 3591/748
f 478/4 569/4 574/4
f 488/4 490/4 573/4
f 4565/747 2052/41 6/695
f 3392/682 2088/130 4299/675
f 3729/674 4299/675 2088/130
f 3395/682 1623/130 4293/675
f 569/4 576/4 581/4
f 2234/111 415/114 2102/109
f 2207/749 2574/272 2861/12
f 571/4 573/4 580/4
f 3725/689 369/750 3393/688
f 3727/674 368/160 3392/676
f 576/4 583/4 588/4
f 167/121 1788/128 124/133
f 861/35 1643/35 859/35
f 578/4 580/4 587/4
f 3727/674 4297/675 2179/130
f 603/4 611/4 636/4
f 4153/751 3445/752 1942/395
f 2511/753 4181/754 4460/755
f 608/4 633/4 629/4
f 2969/756 4025/757 4458/758
f 1696/759 4456/760 2913/761
f 3397/682 1841/130 4289/675
f 621/4 623/4 644/4
f 591/4 592/4 554/4
f 2160/762 2650/763 1550/764
f 212/138 1841/130 1800/132
f 2575/765 4106/766 2161/767
f 4151/768 4563/747 3581/748
f 619/4 621/4 642/4
f 624/4 645/4 637/4
f 601/4 630/4 634/4
f 600/4 629/4 627/4
f 1596/769 2634/770 1659/771
f 1874/772 4182/7 3562/773
f 545/4 553/4 611/4
f 3585/317 1574/51 3586/774
f 560/4 552/4 610/4
f 1960/555 2583/775 1964/776
f 559/4 551/4 609/4
f 325/777 2451/778 1815/638
f 334/779 2684/780 1973/652
f 540/4 598/4 596/4
f 553/4 561/4 619/4
f 552/4 544/4 602/4
f 539/4 597/4 599/4
f 645/4 666/4 658/4
f 630/4 651/4 655/4
f 629/4 650/4 648/4
f 330/781 2634/770 1597/646
f 1660/782 2458/783 1777/784
f 630/4 628/4 649/4
f 638/4 659/4 667/4
f 2231/785 4454/786 2786/787
f 626/4 647/4 649/4
f 636/4 640/4 661/4
f 627/4 648/4 615/4
f 332/788 2492/789 1707/649
f 638/4 634/4 655/4
f 2344/790 3567/791 1590/792
f 1961/567 2729/793 1965/794
f 639/4 635/4 656/4
f 632/4 636/4 657/4
f 3583/706 1941/296 3584/707
f 618/4 610/4 635/4
f 1587/308 2863/708 1589/306
f 2901/795 3530/680 1897/796
f 617/4 609/4 634/4
f 1776/305 2492/789 1861/797
f 598/4 627/4 546/4
f 611/4 619/4 640/4
f 597/4 626/4 628/4
f 2786/787 4134/798 2231/785
f 617/4 638/4 646/4
f 601/4 599/4 628/4
f 339/799 2458/783 1661/661
f 658/4 666/4 703/4
f 651/4 680/4 688/4
f 648/4 650/4 679/4
f 247/568 2904/800 2150/564
f 654/4 658/4 695/4
f 649/4 678/4 680/4
f 659/4 696/4 704/4
f 652/4 681/4 689/4
f 647/4 676/4 678/4
f 657/4 661/4 698/4
f 615/4 648/4 677/4
f 1965/794 2904/800 1961/567
f 655/4 688/4 696/4
f 233/518 2918/801 2144/514
f 2147/802 2918/801 1586/517
f 656/4 689/4 697/4
f 653/4 657/4 690/4
f 2152/141 2093/302 295/137
f 640/4 642/4 663/4
f 4555/803 40/804 2056/41
f 1862/805 4450/806 2515/807
f 937/281 2044/281 935/281
f 336/808 2657/738 2158/655
f 555/4 554/4 607/4
f 642/4 644/4 665/4
f 3719/674 4289/675 1841/130
f 1769/809 2916/810 1765/529
f 1925/285 1846/285 1847/285
f 633/4 654/4 650/4
f 1562/4 720/4 721/4
f 4563/747 2056/41 38/811
f 2525/731 3570/812 1767/449
f 679/4 687/4 724/4
f 460/285 2040/285 2041/285
f 2250/6 3497/813 4182/7
f 3351/814 2205/815 4235/816
f 2063/817 2677/818 1972/819
f 3721/689 4291/736 1700/687
f 699/4 736/4 738/4
f 1925/285 1847/285 463/285
f 697/4 734/4 736/4
f 4157/768 4564/747 3587/748
f 698/4 700/4 737/4
f 695/4 703/4 740/4
f 680/4 717/4 725/4
f 677/4 679/4 716/4
f 1659/771 2380/820 1596/769
f 687/4 695/4 732/4
f 661/4 663/4 700/4
f 304/55 1900/54 205/113
f 660/4 697/4 699/4
f 380/161 1535/54 187/136
f 662/4 699/4 701/4
f 399/195 2285/111 2019/183
f 663/4 665/4 702/4
f 284/55 1535/54 185/113
f 3589/696 14/695 4132/697
f 163/121 1987/128 118/133
f 650/4 654/4 687/4
f 4554/803 24/804 2054/41
f 717/4 746/4 750/4
f 714/4 716/4 745/4
f 1861/797 2528/303 1776/305
f 724/4 732/4 753/4
f 715/4 744/4 746/4
f 1550/764 2831/821 2160/762
f 718/4 747/4 751/4
f 713/4 742/4 744/4
f 2161/767 4448/822 2575/765
f 712/4 714/4 743/4
f 2002/743 2676/823 1970/742
f 725/4 750/4 754/4
f 1697/824 4447/825 2910/826
f 1711/827 2433/828 1658/829
f 734/4 726/4 751/4
f 2230/830 2755/831 2229/832
f 4096/697 3448/833 30/695
f 2913/761 3892/834 1696/759
f 682/4 690/4 727/4
f 697/4 689/4 726/4
f 1595/835 2894/836 2226/837
f 255/556 2906/838 2149/552
f 688/4 725/4 733/4
f 328/839 2353/300 2156/644
f 675/4 677/4 714/4
f 2885/701 3498/840 1969/702
f 676/4 713/4 715/4
f 681/4 718/4 726/4
f 1777/784 2434/841 1660/782
f 678/4 715/4 717/4
f 750/4 771/4 775/4
f 251/562 2905/842 1771/558
f 1969/702 2451/778 1916/700
f 755/4 751/4 772/4
f 2894/836 3447/843 2226/837
f 4155/844 3300/773 1514/772
f 1765/529 2596/845 1769/809
f 745/4 749/4 770/4
f 2766/44 1854/44 2772/44
f 38/695 4183/277 3419/694
f 3665/846 4235/816 2205/815
f 2159/739 2891/847 2157/737
f 3723/674 370/160 3394/676
f 757/4 778/4 780/4
f 1943/330 2071/296 47/698
f 755/4 776/4 778/4
f 4564/747 2054/41 22/811
f 756/4 758/4 779/4
f 732/4 740/4 761/4
f 735/4 737/4 758/4
f 4149/844 3497/773 1517/772
f 734/4 755/4 757/4
f 2970/848 4180/849 4443/850
f 736/4 757/4 759/4
f 3719/674 372/160 3396/676
f 337/851 2650/763 2101/658
f 3713/674 4283/675 1901/130
f 2049/44 2814/44 2401/44
f 460/285 1927/285 1926/285
f 716/4 724/4 749/4
f 731/315 764/315 793/315
f 1743/4 797/4 723/4
f 771/315 804/315 812/315
f 723/4 731/4 791/4
f 2208/4 792/4 728/4
f 772/315 805/315 813/315
f 769/315 773/315 806/315
f 2190/158 1811/183 396/195
f 782/4 780/4 817/4
f 766/315 770/315 803/315
f 204/131 2088/130 368/156
f 2117/4 818/4 783/4
f 1905/302 1995/56 294/55
f 779/315 781/315 818/315
f 303/140 1794/132 206/131
f 778/315 815/315 817/315
f 311/140 1800/132 214/131
f 776/315 813/315 815/315
f 2228/301 2829/740 2155/299
f 683/4 743/4 764/4
f 2515/807 3984/852 1862/805
f 742/4 763/4 765/4
f 747/4 768/4 772/4
f 2229/832 2664/745 2230/830
f 744/4 765/4 767/4
f 749/4 753/4 774/4
f 1972/819 2684/780 2063/817
f 743/4 745/4 766/4
f 746/4 767/4 771/4
f 753/4 761/4 782/4
f 795/315 803/315 801/315
f 2434/841 3494/853 1660/782
f 794/315 792/315 800/315
f 792/315 788/315 798/315
f 2891/847 3273/854 2157/737
f 791/315 799/315 797/315
f 4107/855 4548/856 2162/857
f 797/315 799/315 807/315
f 803/315 811/315 809/315
f 2189/858 4812/859 4084/860
f 802/315 800/315 808/315
f 800/315 798/315 806/315
f 810/315 808/315 816/315
f 808/315 806/315 814/315
f 2232/861 4432/862 2356/863
f 805/315 807/315 815/315
f 809/315 811/315 819/315
f 809/315 817/315 815/315
f 773/315 777/315 814/315
f 763/315 792/315 794/315
f 768/315 797/315 805/315
f 783/4 775/4 812/4
f 765/315 794/315 796/315
f 770/315 774/315 811/315
f 728/4 769/4 798/4
f 764/315 766/315 795/315
f 767/315 796/315 804/315
f 2042/4 811/4 782/4
f 777/315 779/315 816/315
f 281/140 1619/132 180/131
f 1750/864 1940/865 2510/361
f 297/137 2272/89 1592/302
f 2284/111 340/115 1809/110
f 2096/54 275/157 183/113
f 1593/302 1625/56 306/55
f 904/27 1931/27 902/27
f 3687/846 4257/816 2204/815
f 2215/67 1079/67 1080/67
f 1538/815 3342/866 3685/846
f 829/18 831/18 840/18
f 827/18 838/18 837/18
f 5/500 2238/53 1866/51
f 838/18 845/18 844/18
f 3695/846 4265/816 1798/815
f 3699/846 4269/816 1698/815
f 839/18 840/18 847/18
f 896/27 1930/27 894/27
f 1663/281 926/281 938/281
f 3693/846 4263/816 1921/815
f 3689/846 4259/816 2114/815
f 846/18 847/18 854/18
f 2956/339 351/115 2702/583
f 1081/67 1934/67 1085/67
f 845/18 852/18 851/18
f 302/55 1693/54 203/113
f 2173/132 357/156 176/131
f 289/140 1989/132 192/131
f 280/55 1534/54 177/113
f 1620/132 283/137 186/138
f 277/55 2087/54 175/113
f 3683/846 4253/816 1638/815
f 22/695 4169/277 3418/694
f 385/867 4255/816 3341/814
f 864/35 866/35 875/35
f 862/35 873/35 872/35
f 863/35 1849/35 861/35
f 873/35 880/35 879/35
f 3697/846 380/868 3336/866
f 3695/846 381/868 3337/866
f 874/35 875/35 882/35
f 933/281 1645/281 931/281
f 1641/4 729/4 730/4
f 3691/846 4261/816 1993/815
f 382/867 4261/816 3338/814
f 881/35 882/35 889/35
f 2957/869 2009/208 2743/209
f 2698/67 2122/67 2781/67
f 880/35 887/35 886/35
f 1955/141 1904/302 285/137
f 385/161 1699/54 197/136
f 2272/89 300/99 1624/56
f 183/55 2274/89 2091/56
f 1999/132 366/156 200/131
f 288/55 1894/54 189/113
f 386/867 4253/816 3342/814
f 1080/67 1850/67 2215/67
f 2204/815 3341/866 3687/846
f 899/27 901/27 910/27
f 897/27 908/27 907/27
f 1871/772 4168/7 3444/773
f 908/27 915/27 914/27
f 3335/814 1726/815 4267/816
f 3336/814 1798/815 4265/816
f 909/27 910/27 917/27
f 2877/67 1646/67 2214/67
f 824/18 1928/18 822/18
f 3337/814 1921/815 4263/816
f 1993/815 3339/866 3691/846
f 916/27 917/27 924/27
f 2957/869 2197/220 2240/211
f 834/18 2119/18 832/18
f 915/27 922/27 921/27
f 1772/54 392/157 211/113
f 171/121 1792/128 132/133
f 363/160 1622/132 194/138
f 315/140 2287/89 1584/141
f 2412/382 1528/105 121/185
f 1774/141 1704/302 307/137
f 3685/846 4255/816 1538/815
f 2838/870 1675/871 2488/872
f 1638/815 3343/866 3683/846
f 934/281 936/281 945/281
f 932/281 943/281 942/281
f 2239/6 3300/813 4168/7
f 943/281 950/281 949/281
f 3699/846 379/868 3335/866
f 3697/846 4267/816 1726/815
f 944/281 945/281 952/281
f 2804/67 2214/67 2122/67
f 2499/67 2045/67 2776/67
f 383/867 4259/816 3339/814
f 3693/846 382/868 3338/866
f 951/281 952/281 959/281
f 929/281 2043/281 927/281
f 1932/67 1083/67 1077/67
f 950/281 957/281 956/281
f 3737/674 363/160 3387/676
f 360/873 4315/736 3384/735
f 2011/687 3378/688 3755/689
f 3753/674 270/160 3379/676
f 361/156 4313/675 3385/682
f 3737/674 4307/675 1716/130
f 3707/846 4277/816 1919/815
f 2369/874 1781/875 1568/876
f 269/867 4275/816 3331/814
f 966/338 968/338 976/338
f 965/338 974/338 973/338
f 269/161 1694/54 181/136
f 974/338 981/338 980/338
f 3667/846 4237/816 1639/815
f 1559/815 3350/866 3669/846
f 975/338 976/338 983/338
f 3603/297 17/698 3874/699
f 3604/714 1512/715 3817/716
f 3328/814 1557/815 4279/816
f 3711/846 377/868 3328/866
f 982/338 983/338 990/338
f 2765/877 1884/878 2368/879
f 939/281 2213/281 937/281
f 981/338 988/338 987/338
f 3388/682 1716/130 4307/675
f 2113/687 3383/688 3745/689
f 3380/682 2012/130 4323/675
f 3753/674 4323/675 2012/130
f 3745/689 4315/736 2113/687
f 3389/682 1799/130 4305/675
f 3703/846 4273/816 2112/815
f 2661/880 2129/881 1939/882
f 3709/846 378/868 3330/866
f 1001/337 1003/337 1011/337
f 1000/337 1009/337 1008/337
f 4568/502 1665/391 4685/503
f 1009/337 1016/337 1015/337
f 3350/814 1639/815 4237/816
f 3667/846 395/868 3351/866
f 1010/337 1011/337 1018/337
f 36/883 4171/43 3364/884
f 3932/885 2243/886 3604/714
f 3709/846 4279/816 1557/815
f 3711/846 4281/816 2203/815
f 1017/337 1018/337 1025/337
f 902/27 1745/27 900/27
f 931/281 2212/281 929/281
f 1016/337 1023/337 1022/337
f 3739/689 362/750 3386/688
f 1826/130 3382/676 3747/674
f 270/873 4325/736 3379/735
f 3755/689 4325/736 2011/687
f 3747/674 4317/675 1826/130
f 3739/689 4309/736 1621/687
f 2964/285 2040/285 461/285
f 1044/67 1061/67 1063/67
f 2014/687 3398/688 3715/689
f 1588/561 2344/790 1590/792
f 4562/747 3576/768 3575/748
f 1043/67 1045/67 1062/67
f 1041/67 1043/67 1060/67
f 3365/887 1655/41 4141/703
f 3659/398 4229/399 2019/400
f 1042/67 1059/67 1061/67
f 45/500 2248/53 1943/330
f 1897/796 4431/888 2901/795
f 1058/67 1060/67 1073/67
f 4143/746 4561/747 3573/748
f 3715/689 4285/736 2014/687
f 1059/67 1072/67 1074/67
f 1898/889 4430/890 2898/891
f 403/159 4223/399 3470/494
f 1061/67 1074/67 1076/67
f 3284/892 4682/269 59/893
f 2910/826 3406/894 1697/824
f 1848/285 2964/285 1847/285
f 1060/67 1062/67 1075/67
f 2246/111 401/182 1546/183
f 3579/317 1575/51 3580/774
f 244/543 2909/692 1859/539
f 2457/44 1747/44 2127/44
f 1073/67 1075/67 1088/67
f 4105/885 2247/886 3610/714
f 1071/67 1073/67 1086/67
f 2535/474 1656/475 1785/476
f 3717/674 4287/675 1918/130
f 1072/67 1085/67 1087/67
f 2898/891 3309/895 1898/889
f 400/159 4227/399 3467/494
f 1074/67 1087/67 1089/67
f 143/184 2291/108 2061/107
f 241/530 2916/810 2145/526
f 214/138 1918/130 1991/132
f 2233/67 1101/67 2047/67
f 309/140 2283/89 1774/141
f 2046/67 1099/67 1851/67
f 3435/896 4718/897 4811/898
f 305/137 2273/89 1593/302
f 1934/67 1100/67 1933/67
f 237/524 2917/723 1764/520
f 2093/302 2183/56 296/55
f 2125/67 1102/67 2126/67
f 1101/67 1114/67 1112/67
f 3595/317 61/500 4123/690
f 3928/899 4698/374 2097/373
f 3665/846 376/868 3329/866
f 1093/67 1106/67 1105/67
f 1100/67 1098/67 1111/67
f 1098/67 1094/67 1107/67
f 1094/67 1095/67 1108/67
f 2097/373 4808/900 3928/899
f 397/159 4233/399 3464/494
f 1093/67 1097/67 1110/67
f 3596/710 1879/2 3990/3
f 1107/67 1108/67 1121/67
f 355/205 1914/201 349/612
f 3663/398 396/404 3463/496
f 1106/67 1110/67 1123/67
f 2660/181 2128/901 1938/626
f 1114/67 1127/67 1125/67
f 116/133 1759/120 1789/128
f 353/205 1552/201 345/612
f 3663/398 4233/399 1805/400
f 1106/67 1119/67 1118/67
f 1113/67 1111/67 1124/67
f 1111/67 1107/67 1120/67
f 1119/67 1132/67 1131/67
f 1126/67 1124/67 1137/67
f 1124/67 1120/67 1133/67
f 1120/67 1121/67 1134/67
f 4106/766 4552/902 2161/767
f 398/159 4231/399 3465/494
f 1119/67 1123/67 1136/67
f 3821/713 2235/6 3596/710
f 1127/67 1140/67 1138/67
f 392/161 1541/54 211/136
f 2356/863 3501/903 2232/861
f 3661/398 4231/399 1909/400
f 3391/735 2013/687 4301/736
f 3387/735 1621/687 4309/736
f 1637/130 3381/676 3749/674
f 276/156 4319/675 3382/682
f 1536/130 3385/676 3741/674
f 3733/674 365/160 3389/676
f 1848/285 454/285 2040/285
f 1155/44 1172/44 1174/44
f 3398/682 1918/130 4287/675
f 263/548 2908/314 2148/545
f 4147/751 3516/752 1577/395
f 1154/44 1156/44 1173/44
f 1152/44 1154/44 1171/44
f 2497/904 1883/154 2359/385
f 2105/400 3466/496 3657/398
f 1153/44 1170/44 1172/44
f 2248/53 48/905 2071/296
f 2226/837 2893/721 1595/835
f 1169/44 1171/44 1184/44
f 4561/747 2059/41 62/695
f 3721/689 371/750 3395/688
f 1170/44 1183/44 1185/44
f 1658/829 2644/906 1711/827
f 402/159 4225/399 3469/494
f 1172/44 1185/44 1187/44
f 3837/697 3278/833 50/695
f 1964/776 2906/838 1960/555
f 2837/907 1984/908 2590/909
f 1171/44 1173/44 1186/44
f 402/195 2246/111 1546/183
f 4145/910 4688/629 1671/395
f 1590/792 2905/842 1588/561
f 1647/67 1081/67 1082/67
f 1184/44 1186/44 1199/44
f 2001/158 1971/109 2246/111
f 1182/44 1184/44 1197/44
f 3288/911 1787/490 1612/718
f 375/873 4285/736 3399/735
f 1183/44 1196/44 1198/44
f 323/912 2644/906 1629/635
f 2019/400 3465/496 3659/398
f 1185/44 1198/44 1200/44
f 308/55 1541/54 209/113
f 1586/517 2828/913 2147/802
f 144/184 2276/108 2136/107
f 1936/44 2163/44 2834/44
f 216/138 2014/130 2174/132
f 1748/44 1935/44 2652/44
f 2274/89 284/99 2091/56
f 417/195 2284/111 2206/183
f 2600/44 1211/44 2599/44
f 1958/523 2526/733 1768/722
f 291/140 2279/89 1591/141
f 2751/44 1213/44 2752/44
f 1212/289 1220/289 1218/289
f 2397/914 4107/855 2162/857
f 1211/25 1209/25 1217/25
f 1209/25 1205/25 1215/25
f 2162/857 4412/915 2397/914
f 1204/289 1208/289 1216/289
f 2513/916 3936/917 1778/918
f 1214/289 1216/289 1224/289
f 1220/289 1228/289 1226/289
f 1778/918 4410/919 2513/916
f 1219/25 1217/25 1225/25
f 1217/25 1215/25 1223/25
f 1227/25 1225/25 1233/25
f 1225/25 1223/25 1231/25
f 351/205 2107/201 343/612
f 1222/289 1224/289 1232/289
f 1228/289 1236/289 1234/289
f 4084/860 4559/920 2189/858
f 1809/110 2102/109 416/115
f 1148/44 1239/44 1244/44
f 1158/44 1160/44 1243/44
f 340/182 2234/111 1809/110
f 3394/735 1540/687 4295/736
f 3725/689 4295/736 1540/687
f 3731/689 366/750 3390/688
f 1239/44 1246/44 1251/44
f 3279/892 4689/269 3/893
f 4557/101 8/711 2052/41
f 1241/44 1243/44 1250/44
f 3731/689 4301/736 2013/687
f 3393/682 2179/130 4297/675
f 1246/44 1253/44 1258/44
f 4163/910 4685/629 1665/395
f 4566/747 3594/768 3593/748
f 1248/44 1250/44 1257/44
f 3729/674 367/160 3391/676
f 3735/674 364/160 3388/676
f 3743/674 4313/675 2177/130
f 3751/689 4321/736 2202/687
f 274/873 4321/736 3381/735
f 2177/130 3384/676 3743/674
f 3735/674 4305/675 1799/130
f 3707/846 269/868 3331/866
f 2164/921 2502/922 2862/923
f 3333/814 1558/815 4271/816
f 1264/289 1266/289 1274/289
f 1263/289 1272/289 1271/289
f 1858/128 164/119 116/129
f 1272/289 1279/289 1278/289
f 388/867 4249/816 3344/814
f 1735/815 3344/866 3681/846
f 1273/289 1274/289 1281/289
f 2242/886 3410/924 4170/925
f 1752/926 4170/925 3559/927
f 384/867 4257/816 3340/814
f 2114/815 3340/866 3689/846
f 1280/289 1281/289 1288/289
f 2238/53 3/905 1666/52
f 1866/51 1666/52 7/893
f 1279/289 1286/289 1285/289
f 3681/846 4251/816 1735/815
f 867/35 2211/35 865/35
f 387/867 4251/816 3343/814
f 1937/44 2400/44 2814/44
f 1901/130 3399/676 3713/674
f 3329/814 2203/815 4281/816
f 1893/56 1902/88 277/99
f 316/55 2236/89 1893/56
f 1909/400 3464/496 3661/398
f 399/159 4229/399 3466/494
f 3589/696 4159/703 2053/41
f 3533/887 2053/41 4159/703
f 2187/132 371/156 210/131
f 2136/107 1685/106 143/392
f 301/140 1618/132 204/131
f 184/138 1826/130 2176/132
f 2279/89 290/55 1543/302
f 313/140 1991/132 216/131
f 3705/846 4275/816 1920/815
f 2413/928 1750/864 1467/929
f 1920/815 3332/866 3705/846
f 1317/14 1319/14 1328/14
f 1315/14 1326/14 1325/14
f 1775/302 2062/141 2236/89
f 1326/14 1333/14 1332/14
f 390/867 4245/816 3346/814
f 1922/815 3346/866 3677/846
f 1327/14 1328/14 1335/14
f 4078/717 1679/490 3887/930
f 170/121 1616/128 130/133
f 2115/815 3348/866 3673/846
f 391/867 4243/816 3347/814
f 1334/14 1335/14 1342/14
f 1852/44 2361/44 2400/44
f 9/500 2241/53 1572/51
f 1333/14 1340/14 1339/14
f 141/184 2282/108 1690/107
f 1908/54 385/157 197/113
f 315/140 2174/132 218/131
f 2287/89 314/55 1544/302
f 2291/108 1527/106 2330/931
f 309/140 1627/132 212/131
f 3701/846 4271/816 1558/815
f 4567/270 3/500 4689/501
f 3703/846 273/868 3333/866
f 1352/34 1354/34 1363/34
f 1350/34 1361/34 1360/34
f 2661/880 1749/932 2517/422
f 1361/34 1368/34 1367/34
f 389/867 4247/816 3345/814
f 1994/815 3347/866 3675/846
f 1362/34 1363/34 1370/34
f 1863/35 856/35 868/35
f 28/804 4712/102 4544/803
f 3671/846 4241/816 2180/815
f 392/867 4241/816 3348/814
f 1369/34 1370/34 1377/34
f 2377/630 2167/631 2839/492
f 832/18 1929/18 830/18
f 1368/34 1375/34 1374/34
f 184/137 2274/89 2151/302
f 395/161 2085/54 217/136
f 312/55 1896/54 213/113
f 1968/141 2154/88 2275/89
f 376/161 2089/54 175/136
f 2171/128 170/119 130/129
f 3332/814 2112/815 4273/816
f 2662/164 2164/921 1940/865
f 3330/814 1919/815 4277/816
f 1387/25 1389/25 1398/25
f 1385/25 1396/25 1395/25
f 4699/629 2237/16 4568/502
f 1396/25 1403/25 1402/25
f 3675/846 4245/816 1994/815
f 3677/846 4247/816 1922/815
f 1397/25 1398/25 1405/25
f 2124/67 1078/67 1079/67
f 1668/395 4711/933 4551/394
f 393/867 4239/816 3349/814
f 2180/815 3349/866 3671/846
f 1404/25 1405/25 1412/25
f 2241/53 12/905 1601/52
f 3263/934 1673/935 3885/936
f 1403/25 1410/25 1409/25
f 2285/111 322/115 1628/110
f 2275/89 310/55 1907/302
f 2290/111 417/182 1811/183
f 2005/183 1632/110 414/182
f 3163/393 1888/106 2619/931
f 1989/132 362/156 192/131
f 3701/846 275/868 3334/866
f 1567/44 2766/44 2748/44
f 3334/814 1698/815 4269/816
f 1422/14 1424/14 1433/14
f 1420/14 1431/14 1430/14
f 2127/44 2401/44 2457/44
f 1431/14 1438/14 1437/14
f 3679/846 4249/816 1844/815
f 1844/815 3345/866 3679/846
f 1432/14 1433/14 1440/14
f 1746/67 1082/67 1083/67
f 2244/16 4542/23 4711/933
f 3673/846 4243/816 2115/815
f 3669/846 4239/816 1559/815
f 1439/14 1440/14 1447/14
f 1572/51 1601/52 10/893
f 859/35 2210/35 857/35
f 1438/14 1445/14 1444/14
f 343/612 2107/201 2106/200
f 2100/158 2101/183 319/195
f 419/115 2252/111 1808/109
f 1701/302 1801/56 284/55
f 2516/677 2256/108 1684/107
f 350/937 1711/196 323/938
f 1808/109 2193/158 412/114
f 321/114 2255/111 1545/158
f 2006/939 2635/169 3151/940
f 2100/110 2159/183 2252/111
f 1545/158 1805/183 397/195
f 1552/201 2642/683 345/612
f 292/55 1537/54 193/113
f 2370/424 2128/901 2819/941
f 207/113 1994/112 390/157
f 3165/427 2006/425 2699/426
f 206/131 2179/130 369/156
f 1502/343 1508/344 1504/38
f 2192/183 1807/110 408/182
f 409/195 2295/111 2192/183
f 1912/158 1861/109 2295/111
f 168/121 1985/128 126/133
f 1614/128 167/119 124/129
f 200/138 2013/130 2178/132
f 357/160 2175/132 176/138
f 136/133 1953/120 2172/128
f 2820/942 1599/943 2129/881
f 126/121 2136/107 1788/120
f 128/121 2221/107 1985/120
f 132/119 1691/107 147/392
f 120/119 1890/107 141/392
f 136/121 1857/107 1986/120
f 4534/944 1696/759 3892/834
f 4533/945 2296/946 4350/947
f 4395/948 4351/949 3176/950
f 130/121 1581/107 2171/120
f 130/119 1615/107 146/392
f 138/119 1790/107 150/392
f 118/121 1756/107 1789/120
f 138/121 1951/107 2172/120
f 124/121 2061/107 1614/120
f 1909/183 1545/110 397/182
f 398/195 2297/111 1909/183
f 322/114 2297/111 1628/158
f 2298/111 404/182 1806/183
f 405/195 2298/111 1806/183
f 1547/158 2228/109 2298/111
f 3177/117 2080/105 119/185
f 3178/393 2299/108 2079/106
f 3178/393 1527/116 2299/108
f 382/161 1894/54 191/136
f 2094/302 2184/56 304/55
f 2153/141 2094/302 303/137
f 2153/141 1593/88 2300/89
f 2301/108 2081/116 2773/103
f 125/185 2301/108 1887/105
f 144/392 2301/108 1950/106
f 1708/183 2099/110 411/182
f 412/195 2302/111 1708/183
f 2193/158 2158/109 2302/111
f 2303/111 337/115 1549/110
f 1923/183 1549/110 413/182
f 1923/183 1632/158 2303/111
f 387/161 2086/54 201/136
f 2304/111 409/182 1548/183
f 2004/158 1548/183 410/195
f 2004/158 1973/109 2304/111
f 2083/116 2084/107 135/184
f 149/104 2305/108 2083/116
f 150/185 2305/108 1951/105
f 1530/106 1689/105 137/185
f 150/392 2306/108 1530/106
f 2523/677 1755/116 2306/108
f 1642/4 721/4 722/4
f 2307/16 4553/23 4719/933
f 1669/395 4719/933 4549/394
f 44/804 4720/102 4545/803
f 2308/89 280/55 2090/302
f 279/137 2308/89 2090/302
f 2141/141 1542/88 2308/89
f 3564/951 4393/952 2890/953
f 4354/954 3182/955 4392/956
f 3786/957 4389/958 3183/959
f 80/57 1683/95 109/69
f 3436/478 1787/490 3354/960
f 2880/474 2167/961 2870/962
f 3888/489 1679/963 3306/964
f 828/18 1563/18 826/18
f 2309/89 302/55 1906/302
f 1954/141 1906/302 301/137
f 303/140 2309/89 1954/141
f 2166/376 4388/965 2384/386
f 4356/966 3184/98 2166/376
f 2075/967 4386/968 3186/969
f 2507/474 1674/961 2410/962
f 2601/480 1675/970 2443/971
f 3824/478 1526/490 3825/960
f 894/27 1744/27 892/27
f 2539/486 1524/972 2327/973
f 2732/486 1984/972 2688/973
f 2048/67 1077/67 1078/67
f 3187/974 2878/975 3228/976
f 3188/977 3189/978 3227/979
f 2668/980 3190/981 3226/982
f 3788/983 348/623 4110/984
f 2548/985 4803/986 3944/987
f 3867/988 2311/989 3789/990
f 822/18 1564/18 834/18
f 2774/474 1884/961 2617/962
f 2535/474 1523/961 2415/962
f 3288/911 2072/378 4076/379
f 1772/54 312/99 213/136
f 2312/53 39/905 1873/296
f 1875/330 1873/296 37/698
f 41/500 2312/53 1875/330
f 4025/991 2072/992 3428/993
f 2391/994 1610/718 3855/911
f 1648/44 2748/44 2361/44
f 2313/886 3561/924 4359/925
f 2132/926 4359/925 3512/927
f 56/883 4360/43 3534/884
f 3792/751 1522/395 3360/752
f 1609/16 3792/751 3793/17
f 3971/697 66/695 3253/833
f 3357/995 1882/996 3992/997
f 3794/844 1879/772 3554/773
f 1982/6 3794/844 3795/7
f 3980/693 62/695 3421/694
f 3796/998 57/500 4012/690
f 3796/998 4366/317 1519/51
f 3284/892 1519/51 4366/317
f 869/35 1644/35 867/35
f 1607/41 3314/887 3798/703
f 3798/703 4368/696 1607/41
f 50/695 4368/696 3837/697
f 3203/999 2637/1000 3225/1001
f 3204/1002 3205/1003 3224/1004
f 2435/1005 3206/1006 3223/1007
f 2618/907 1524/908 2506/909
f 1605/41 4545/101 3313/1008
f 3800/746 4721/747 1605/41
f 42/695 4721/747 4370/748
f 1561/4 728/4 729/4
f 3802/1009 1874/2 3562/813
f 1980/6 3802/1009 3803/7
f 4122/1010 38/811 3419/276
f 892/27 2121/27 904/27
f 1979/41 3505/887 3804/703
f 3804/703 4374/696 1979/41
f 30/695 4374/696 4096/697
f 1603/41 4544/101 3312/1008
f 3806/746 4722/747 1603/41
f 26/695 4722/747 4376/748
f 2669/877 1523/878 2326/879
f 3808/1009 1871/2 3444/813
f 1977/6 3808/1009 3809/7
f 4068/1010 22/811 3418/276
f 826/18 2118/18 824/18
f 3810/751 1869/395 3408/752
f 1976/16 3810/751 3811/17
f 4132/697 14/695 3417/833
f 1560/1011 2861/381 2343/1012
f 3812/844 1867/772 3409/773
f 1975/6 3812/844 3813/7
f 3868/693 6/695 3416/694
f 720/4 1641/4 730/4
f 3814/998 1/500 3844/690
f 3814/998 4384/317 1510/51
f 3279/892 1510/51 4384/317
f 3848/19 3222/1013 3815/7
f 3815/7 3221/1014 4383/1009
f 4383/1009 2363/1015 3275/813
f 2411/1016 3985/713 3299/1017
f 3220/1013 4381/774 4382/317
f 3219/1018 3978/316 4381/774
f 2343/1012 426/134 427/118
f 2886/1019 3986/1020 3563/1021
f 3218/1022 4379/707 4380/706
f 3217/1023 3977/1024 4379/707
f 2753/1025 3987/3 3499/1
f 3216/1013 4377/998 4378/317
f 3215/1014 4013/690 4377/998
f 86/29 2326/879 82/1026
f 2796/1016 4680/1027 3807/1028
f 4680/1027 3214/1029 4375/1030
f 3213/1031 4586/1032 3881/1033
f 2808/1019 3805/1034 3527/1021
f 4373/1035 3212/1036 3211/1037
f 3211/1037 4074/1038 4373/1035
f 2864/1025 3988/3 3553/1
f 3210/1013 4371/998 4372/317
f 3209/1014 4131/690 4371/998
f 2879/1016 4679/1027 3801/1028
f 4679/1027 3208/1029 4369/1030
f 3207/1031 4587/1032 3882/1033
f 95/90 2506/909 89/69
f 3223/1007 2314/1039 3204/1002
f 2532/1040 3204/1002 1782/1041
f 1476/1042 3223/1007 2532/1040
f 3224/1004 1570/1043 2372/1044
f 2809/1045 2372/1044 1475/1046
f 1782/1041 3224/1004 2809/1045
f 3225/1001 1473/1047 2500/1048
f 3205/1003 2500/1048 1570/1043
f 2314/1039 3225/1001 3205/1003
f 2347/1019 3799/1034 3268/1021
f 4367/1035 3202/1036 3201/1037
f 3201/1037 3883/1038 4367/1035
f 3853/19 3200/1013 3797/7
f 3797/7 3199/1014 4365/1009
f 4365/1009 2651/1015 3443/813
f 2602/1016 3990/713 3411/1017
f 3198/1013 4363/774 4364/317
f 3197/1018 4123/316 4363/774
f 3926/48 2615/1049 3423/1050
f 2580/1019 3822/1020 3402/1021
f 3196/1022 4361/707 4362/706
f 3195/1023 3929/1024 4361/707
f 2823/1051 3791/714 4103/885
f 2777/1052 3790/297 4081/295
f 3193/1053 4130/699 3790/297
f 2361/44 1193/44 1194/44
f 102/397 2390/1054 3286/396
f 3456/40 2627/1055 3997/39
f 3857/396 2763/1056 3507/323
f 81/1026 2535/474 2415/962
f 79/1026 2774/474 2617/962
f 3298/1057 3192/1058 4358/1059
f 4800/1060 3192/1058 4385/1061
f 3541/1062 3191/1063 2843/1064
f 3226/982 2310/1065 3188/977
f 2876/1066 3188/977 1946/1067
f 109/711 3226/982 2876/1066
f 3227/979 1783/1068 2533/1069
f 2667/1070 2533/1069 110/69
f 1946/1067 3227/979 2667/1070
f 3228/976 92/1071 2584/1072
f 3189/978 2584/1072 1783/1068
f 2310/1065 3228/976 3189/978
f 84/1073 2732/486 2688/973
f 90/1073 2539/486 2327/973
f 3255/1074 2329/1075 3256/403
f 99/1076 2601/480 2443/971
f 91/1026 2507/474 2410/962
f 3186/969 3277/1077 2076/1078
f 4386/968 2371/1079 3186/969
f 2696/411 3846/1080 2371/1079
f 4387/1081 2076/1078 3184/98
f 3185/1082 4387/1081 3184/98
f 3787/1083 3186/969 3185/1082
f 2384/386 3508/1084 104/1085
f 4388/965 2768/1086 2384/386
f 3184/98 4077/1087 2768/1086
f 3319/1088 2425/1089 3875/1090
f 80/1026 2880/474 2870/962
f 4005/1074 2490/1075 3923/403
f 4355/1091 4079/1092 2078/1093
f 4389/958 2841/411 4390/1094
f 4390/1094 3510/1095 2770/1096
f 4391/1097 3183/959 4355/1091
f 4392/956 3183/959 4391/1097
f 3785/969 2169/418 3786/957
f 4133/1098 3832/1099 111/1100
f 4393/952 3181/1101 4394/1102
f 4394/1102 3263/1103 2338/1104
f 2438/1105 4678/1106 4587/1107
f 2641/295 4677/1108 4591/1109
f 3179/297 4595/1110 4677/1108
f 1890/107 2330/677 3178/393
f 4532/1111 3176/950 3782/1112
f 4397/1113 4396/1114 3229/1115
f 4396/1114 4398/1116 3229/1115
f 4531/1117 3175/1118 3781/1119
f 4401/1120 4400/1121 3230/1122
f 4402/1123 4349/1124 3174/1125
f 4530/1126 2454/1127 3323/1128
f 4529/1129 3231/1130 4405/1131
f 4528/1132 3173/1133 4406/1134
f 1466/1135 2820/942 1464/1136
f 2106/621 2699/426 343/592
f 1456/1137 2370/424 2819/941
f 3151/940 2887/613 2008/229
f 3151/940 2635/169 2887/613
f 2635/169 342/170 2887/613
f 4238/1138 3030/1139 3029/1140
f 4242/1138 3034/1139 3033/1140
f 2962/297 4584/1110 4669/1108
f 3039/1140 3914/1141 4248/1138
f 4248/1138 3040/1139 3039/1140
f 2457/44 1190/44 1191/44
f 3903/1142 3060/1139 3700/1143
f 2748/44 1192/44 1193/44
f 4270/1138 2468/1144 3903/1141
f 1857/107 2619/931 148/392
f 3832/1145 2441/1146 3316/1147
f 3031/1140 3918/1141 4240/1138
f 2483/1148 3670/1143 3918/1142
f 2735/295 4669/1108 4593/1109
f 4246/1138 3038/1139 3037/1140
f 4244/1138 3036/1139 3035/1140
f 4657/1149 2953/1150 4610/1151
f 3899/1142 3068/1139 3708/1143
f 1470/163 2835/350 2662/164
f 3901/1142 3064/1139 3704/1143
f 114/1152 2839/492 83/1153
f 2482/1148 3672/1143 3917/1142
f 4240/1138 3032/1139 3031/1140
f 2437/1105 4670/1106 4586/1107
f 3035/1140 3916/1141 4244/1138
f 2479/1148 3678/1143 3914/1142
f 1460/1154 2661/880 2517/422
f 4272/1138 2467/1144 3902/1141
f 4609/1155 2487/699 4647/1156
f 3702/1143 3061/1140 4270/1138
f 2400/44 1194/44 1188/44
f 2481/1148 3674/1143 3916/1142
f 3033/1140 3917/1141 4242/1138
f 3509/58 2448/1157 3318/171
f 3037/1140 3915/1141 4246/1138
f 2480/1148 3676/1143 3915/1142
f 3065/1140 3901/1141 4274/1138
f 4274/1138 3066/1139 3065/1140
f 4102/1038 2945/1037 3590/1035
f 3590/1035 2944/1036 4158/1034
f 2707/1158 3660/1159 4035/1160
f 3021/1161 4033/1162 4230/1163
f 3898/1142 3072/1139 3712/1143
f 3073/1164 3968/1165 4282/1166
f 2814/44 1188/44 1189/44
f 2477/1148 3682/1143 3912/1142
f 4250/1138 3042/1139 3041/1140
f 3049/1140 3909/1141 4258/1138
f 2474/1148 3688/1143 3909/1142
f 2875/1052 3601/297 4128/295
f 2958/1053 3979/699 3601/297
f 3041/1140 3913/1141 4250/1138
f 2478/1148 3680/1143 3913/1142
f 3902/1142 3062/1139 3702/1143
f 1471/362 2502/922 1449/1167
f 4276/1138 2465/1144 3900/1141
f 3736/1168 3095/1164 4304/1166
f 3103/1164 3953/1165 4312/1166
f 2555/1169 3752/1170 3950/1171
f 4320/1172 3112/1173 3111/1174
f 4312/1166 3104/1175 3103/1164
f 4304/1166 2562/1176 3957/1165
f 4298/1166 2565/1176 3960/1165
f 2948/1029 2949/1177 4163/910
f 4643/1149 2436/1105 3594/768
f 3962/1178 3088/1175 3728/1168
f 3732/1170 3091/1174 4300/1172
f 4599/1032 2821/1179 2947/1031
f 4647/1180 2487/295 3848/19
f 4300/1172 2564/1181 3959/1182
f 3726/1170 3085/1174 4294/1172
f 3963/1171 3086/1173 3726/1170
f 4407/1183 4601/1184 2836/1185
f 2836/1185 4798/1186 4407/1183
f 3515/1187 4623/1188 2785/1189
f 2513/916 4026/1190 1972/819
f 4410/919 2687/1191 2513/916
f 2746/1192 3457/304 2687/1191
f 2677/818 3367/1193 2529/1194
f 2529/1194 4411/1195 2677/818
f 1972/819 4411/1195 2513/916
f 2397/914 3842/1196 2160/762
f 4412/915 2357/1197 2397/914
f 2414/1198 3273/854 2357/1197
f 2831/821 3538/1199 2833/1200
f 2833/1200 4413/1201 2831/821
f 2160/762 4413/1201 2397/914
f 3019/1161 4034/1162 4228/1163
f 2573/1169 3716/1170 3968/1171
f 3857/396 2490/1202 2394/1054
f 4646/1149 2440/1105 3576/768
f 97/90 2590/909 78/69
f 3847/1020 2347/1019 3268/1021
f 2710/1158 3656/1159 4038/1160
f 4290/1172 2569/1181 3964/1182
f 4603/1027 2928/1029 2602/1016
f 3017/1161 4035/1162 4226/1163
f 93/1203 2359/385 101/1204
f 4085/1024 2933/1023 3578/707
f 3967/1178 3078/1175 3718/1168
f 4302/1166 2563/1176 3958/1165
f 3101/1164 3954/1165 4310/1166
f 2556/1205 3750/1168 3951/1178
f 3109/1164 3950/1165 4318/1166
f 3956/1171 3100/1173 3740/1170
f 3960/1171 3092/1173 3732/1170
f 4230/1163 3022/1206 3021/1161
f 2755/831 4070/1207 2756/1208
f 2756/1208 4414/1209 2755/831
f 2229/832 4414/1209 2356/863
f 3252/694 2951/714 4165/277
f 2706/1158 3662/1159 4034/1160
f 4415/1210 4594/1211 2739/1212
f 2739/1212 4795/1213 4415/1210
f 3537/1214 4624/1215 2832/1216
f 4232/1163 3024/1206 3023/1161
f 1454/180 2819/941 2660/181
f 3023/1161 4032/1162 4232/1163
f 4165/277 2613/716 3421/276
f 4033/1160 3024/1206 3664/1159
f 2498/1217 4793/1218 3359/1219
f 4725/1220 4418/1221 2498/1217
f 2737/1222 4791/1223 4420/1224
f 4234/1138 2463/1144 3898/1141
f 4421/1225 4656/1226 2779/1227
f 2779/1227 4789/1228 4421/1225
f 3359/1219 4626/1229 2498/1217
f 4164/7 2866/1015 3554/813
f 4784/1230 4676/1231 3778/1232
f 3232/1233 4426/1234 4782/1235
f 4004/668 4427/1236 4525/1237
f 2708/1158 3658/1159 4036/1160
f 2729/793 3878/1238 2430/1239
f 2430/1239 4428/1240 2729/793
f 1965/794 4428/1240 2898/891
f 3718/1168 3077/1164 4286/1166
f 81/1026 2865/994 2535/474
f 3536/884 2968/1241 4179/43
f 1191/44 2655/44 2457/44
f 4148/7 2935/1018 4149/844
f 2596/845 3975/1242 2589/1243
f 2589/1243 4429/1244 2596/845
f 1769/809 4429/1244 2910/826
f 4640/1180 2352/295 3853/19
f 2711/1158 3654/1159 4039/1160
f 2898/891 4136/1245 1965/794
f 4430/890 2900/1246 2898/891
f 2899/1247 3567/791 2900/1246
f 4284/1172 3076/1173 3075/1174
f 3574/1030 2928/1029 4603/1027
f 2901/795 4137/1248 1964/776
f 4431/888 2903/1249 2901/795
f 2902/1250 3568/709 2903/1249
f 4228/1163 3020/1206 3019/1161
f 3934/1038 2927/1037 3572/1035
f 2930/1029 2931/1177 4145/910
f 3075/1174 3967/1182 4284/1172
f 3740/1170 3099/1174 4308/1172
f 4316/1166 3108/1175 3107/1164
f 4324/1172 3116/1173 3115/1174
f 2553/1169 3756/1170 3948/1171
f 3107/1164 3951/1165 4316/1166
f 4308/1172 2560/1181 3955/1182
f 3712/1143 3071/1140 4280/1138
f 3710/1143 3069/1140 4278/1138
f 3363/884 2961/1241 4173/43
f 2520/1051 3602/714 3933/885
f 4236/1138 2485/1144 3920/1141
f 3919/1142 3028/1139 3668/1143
f 4610/1151 2436/1179 4643/1251
f 4278/1138 2464/1144 3899/1141
f 1464/1136 2661/880 1462/1252
f 3704/1143 3063/1140 4272/1138
f 3958/1178 3096/1175 3736/1168
f 4314/1172 3106/1173 3105/1174
f 3754/1168 3113/1164 4322/1166
f 3949/1178 3114/1175 3754/1168
f 3105/1174 3952/1182 4314/1172
f 3957/1178 3098/1175 3738/1168
f 88/29 2368/879 77/1026
f 4280/1138 2462/1144 3897/1141
f 3897/1142 3070/1139 3710/1143
f 4173/43 2317/1253 3248/42
f 4172/925 2424/1254 3305/924
f 3029/1140 3919/1141 4238/1138
f 3668/1143 3027/1140 4236/1138
f 2465/1148 3706/1143 3900/1142
f 1450/1255 2531/179 2369/874
f 3708/1143 3067/1140 4276/1138
f 3738/1168 3097/1164 4306/1166
f 2559/1205 3744/1168 3954/1178
f 4322/1166 2553/1176 3948/1165
f 3115/1174 3947/1182 4324/1172
f 2558/1169 3746/1170 3953/1171
f 4306/1166 2561/1176 3956/1165
f 4262/1138 2472/1144 3907/1141
f 2473/1148 3690/1143 3908/1142
f 1036/67 2776/67 1038/67
f 1048/67 2877/67 2804/67
f 3698/1143 3057/1140 4266/1138
f 4268/1138 2469/1144 3904/1141
f 2954/1013 3869/690 3599/317
f 3043/1140 3912/1141 4252/1138
f 106/57 2488/872 91/75
f 4254/1138 3046/1139 3045/1140
f 2291/108 2412/382 1527/106
f 2064/1256 2801/684 2957/869
f 3051/1140 3908/1141 4260/1138
f 3906/1142 3054/1139 3694/1143
f 1033/67 2421/67 2877/67
f 3905/1142 3056/1139 3696/1143
f 3904/1142 3058/1139 3698/1143
f 2656/1257 3599/317 4013/316
f 3047/1140 3910/1141 4256/1138
f 2476/1148 3684/1143 3911/1142
f 1039/67 2781/67 1031/67
f 2064/1256 2743/209 350/1258
f 2472/1148 3692/1143 3907/1142
f 4260/1138 3052/1139 3051/1140
f 4264/1138 2471/1144 3906/1141
f 4266/1138 2470/1144 3905/1141
f 2475/1148 3686/1143 3910/1142
f 2610/885 3600/710 3987/713
f 4252/1138 3044/1139 3043/1140
f 2240/211 2702/583 2009/208
f 4258/1138 3050/1139 3049/1140
f 3694/1143 3053/1140 4262/1138
f 3700/1143 3059/1140 4268/1138
f 3696/1143 3055/1140 4264/1138
f 3045/1140 3911/1141 4254/1138
f 4256/1138 3048/1139 3047/1140
f 2356/863 4063/1259 2229/832
f 4432/862 2740/1260 2356/863
f 2512/1261 3494/853 2740/1260
f 2785/1189 4781/1262 3515/1187
f 4727/1263 4433/1264 2785/1189
f 2736/1265 4779/1266 4435/1267
f 4436/1268 4590/1269 2494/1270
f 2494/1270 4777/1271 4436/1268
f 3538/1199 4628/1272 2833/1200
f 2892/659 3842/1196 2357/1197
f 2357/1197 4439/1273 2892/659
f 319/660 4439/1273 2891/847
f 2895/665 4063/1259 2740/1260
f 2740/1260 4440/1274 2895/665
f 340/666 4440/1274 2434/841
f 2676/823 3415/1275 2606/1276
f 2606/1276 4441/1277 2676/823
f 1970/742 4441/1277 2515/807
f 2401/44 1189/44 1190/44
f 4282/1166 3074/1175 3073/1164
f 4288/1166 2570/1176 3965/1165
f 3233/1278 3611/1279 4442/1280
f 2666/1281 4442/1280 3449/1282
f 1945/1283 4443/850 4018/1284
f 4066/316 2935/1018 3580/774
f 4606/1027 2942/1029 2753/1025
f 4292/1166 2568/1176 3963/1165
f 3666/1143 3025/1140 4234/1138
f 2611/885 3614/710 3988/713
f 1192/44 2772/44 1196/44
f 3869/316 2941/1018 3586/774
f 2643/636 4016/1285 2663/1286
f 2663/1286 4444/1287 2643/636
f 322/637 4444/1287 2894/836
f 2350/642 4067/1288 2749/1289
f 2749/1289 4445/1290 2350/642
f 317/643 4445/1290 2885/701
f 2828/913 3323/1128 2454/1127
f 2454/1127 4446/1291 2828/913
f 2147/802 4446/1291 2913/761
f 4017/1020 2808/1019 3527/1021
f 2910/826 4138/1292 1769/809
f 4447/825 2912/1293 2910/826
f 2911/1294 3569/734 2912/1293
f 2575/765 4057/1295 1596/769
f 4448/822 2733/1296 2575/765
f 2689/1297 3488/741 2733/1296
f 4596/1107 2760/1105 2943/1177
f 4158/1034 2886/1019 3563/1021
f 3588/910 2942/1029 4606/1027
f 3722/1170 3081/1174 4290/1172
f 3920/1142 3026/1139 3666/1143
f 2973/1013 4066/690 3613/317
f 2322/534 4139/1298 2915/1299
f 2915/1299 4449/1300 2322/534
f 231/515 4449/1300 2525/731
f 4605/1027 2936/1029 2864/1025
f 3720/1168 3079/1164 4288/1166
f 2515/807 4067/1288 1970/742
f 4450/806 2749/1289 2515/807
f 2734/1301 3498/840 2749/1289
f 4597/1107 2762/1105 2937/1177
f 2433/828 3565/1302 2896/1303
f 2896/1303 4451/1304 2433/828
f 1658/829 4451/1304 2786/787
f 2583/775 4099/1305 2816/681
f 2816/681 4452/1306 2583/775
f 1964/776 4452/1306 2901/795
f 4152/17 2939/1023 4153/751
f 2674/574 4136/1245 2900/1246
f 2900/1246 4453/1307 2674/574
f 249/565 4453/1307 2344/790
f 2786/787 4016/1285 1658/829
f 4454/786 2663/1286 2786/787
f 2491/1308 3447/843 2663/1286
f 4154/7 2941/1018 4155/844
f 2882/1257 3613/317 4131/316
f 3582/910 2936/1029 4605/1027
f 2380/820 3537/1214 2832/1216
f 2832/1216 4455/1309 2380/820
f 1596/769 4455/1309 2575/765
f 3966/1178 3080/1175 3720/1168
f 2913/761 4139/1298 2147/802
f 4456/760 2915/1299 2913/761
f 2914/1310 3570/812 2915/1299
f 3234/1311 3456/1312 4457/1313
f 2971/1314 4457/1313 3611/1279
f 2249/1315 4458/758 4180/849
f 3235/1316 3612/1317 4459/1318
f 2495/1319 4459/1318 3357/1320
f 85/1321 4460/755 3926/1322
f 4014/1024 2939/1023 3584/707
f 3728/1168 3087/1164 4296/1166
f 4296/1166 2566/1176 3961/1165
f 4294/1172 2567/1181 3962/1182
f 2861/12 422/271 426/1323
f 3964/1178 3084/1175 3724/1168
f 3730/1168 3089/1164 4298/1166
f 3961/1178 3090/1175 3730/1168
f 4607/1027 2946/1029 2411/1016
f 3592/1030 2946/1029 4607/1027
f 3818/713 2796/1016 3521/1017
f 2745/647 4057/1295 2733/1296
f 2733/1296 4461/1324 2745/647
f 329/648 4461/1324 2829/740
f 3965/1171 3082/1173 3722/1170
f 2527/536 4138/1292 2912/1293
f 2912/1293 4462/1325 2527/536
f 239/527 4462/1325 2526/733
f 3541/1326 3122/1327 3762/1328
f 4330/1329 2351/473 3270/472
f 3142/216 4339/1330 2199/1331
f 3762/1328 3121/1332 4330/1329
f 3835/244 2111/467 2342/725
f 2551/1205 3760/1168 3946/1178
f 3015/1161 4037/1162 4224/1163
f 2550/1205 3714/1168 3945/1178
f 3423/58 2795/47 4089/46
f 4179/43 2614/1253 3422/42
f 3247/694 2966/714 4177/277
f 4600/1032 2824/1179 2929/1031
f 4177/277 2608/716 3416/276
f 2673/572 4137/1248 2903/1249
f 2903/1249 4463/1333 2673/572
f 257/553 4463/1333 2863/708
f 4146/17 2933/1023 4147/751
f 4226/1163 3018/1206 3017/1161
f 3724/1168 3083/1164 4292/1166
f 3572/1035 2926/1036 4140/1034
f 4178/925 2592/1254 3407/924
f 4224/1163 3016/1206 3015/1161
f 4140/1034 2580/1019 3402/1021
f 3820/713 2879/1016 3560/1017
f 4286/1166 2571/1176 3966/1165
f 4176/7 2594/1015 3409/813
f 3734/1168 3093/1164 4302/1166
f 4310/1166 3102/1175 3101/1164
f 3111/1174 3949/1182 4320/1172
f 4318/1166 3110/1175 3109/1164
f 2560/1205 3742/1168 3955/1178
f 3959/1178 3094/1175 3734/1168
f 2288/229 2635/187 2006/425
f 2009/220 2360/221 2743/684
f 2552/1205 3758/1168 3947/1178
f 2557/1205 3748/1168 3952/1178
f 4524/1334 2816/681 4099/1305
f 4466/1335 4465/1336 3236/1337
f 4465/1336 4467/1338 3236/1337
f 3117/1164 3946/1165 4326/1166
f 4326/1166 3118/1175 3117/1164
f 3773/1339 2459/1340 3326/587
f 3119/1164 3945/1165 4328/1166
f 4328/1166 3120/1175 3119/1164
f 4468/1341 4602/1342 2854/1343
f 2854/1343 4773/1344 4468/1341
f 3280/1345 4629/1346 2383/1347
f 4471/1348 4650/1349 2690/1350
f 2690/1350 4770/1351 4471/1348
f 3276/1352 4630/1353 2367/1354
f 2512/1261 4135/1355 2897/1356
f 2897/1356 4474/1357 2512/1261
f 1660/782 4474/1357 2578/662
f 2414/1198 3280/1345 2383/1347
f 2383/1347 4475/1358 2414/1198
f 2157/737 4475/1358 2830/656
f 2746/1192 3267/1359 2345/1360
f 2345/1360 4476/1361 2746/1192
f 1776/305 4476/1361 2501/650
f 2689/1297 3276/1352 2367/1354
f 2367/1354 4477/1362 2689/1297
f 2155/299 4477/1362 2427/645
f 2734/1301 3435/896 2638/1363
f 2638/1363 4478/1364 2734/1301
f 1969/702 4478/1364 2675/639
f 2491/1308 3500/1365 2754/1366
f 2754/1366 4479/1367 2491/1308
f 2226/837 4479/1367 2759/633
f 4037/1160 2982/1206 3622/1159
f 3636/1159 2995/1161 4204/1163
f 4051/1160 2992/1206 3632/1159
f 4200/1163 2722/1368 4050/1162
f 105/1152 2442/492 94/1153
f 4206/1163 2718/1368 4046/1162
f 3630/1159 2989/1161 4198/1163
f 4053/1160 2988/1206 3628/1159
f 4049/1160 2978/1206 3618/1159
f 4186/1163 2727/1368 4055/1162
f 4192/1163 2984/1206 2983/1161
f 2979/1161 4048/1162 4188/1163
f 2983/1161 4036/1162 4192/1163
f 4658/1149 2976/1150 4614/1151
f 4198/1163 2723/1368 4051/1162
f 3632/1159 2991/1161 4200/1163
f 2727/1158 3620/1159 4055/1160
f 3149/427 3151/940 2008/229
f 3149/427 3150/580 3151/940
f 3150/580 2006/939 3151/940
f 3159/1369 3161/627 2269/419
f 2671/712 3159/1369 1962/691
f 265/546 3237/628 2671/712
f 1451/358 2365/365 1453/364
f 2632/1370 3774/1371 4002/223
f 2782/622 2701/231 347/592
f 2782/622 3149/427 2701/231
f 3149/427 2008/229 2701/231
f 2110/1372 3126/238 3125/468
f 1813/1373 2778/226 324/1374
f 4061/1375 1815/1376 2738/620
f 2198/211 3147/582 2197/208
f 4003/1377 1814/584 2633/618
f 3141/617 2460/601 400/1378
f 2588/1379 3773/1339 3974/599
f 2008/229 2887/613 3132/585
f 3143/1380 3327/1381 4340/1382
f 2417/610 2797/586 1714/602
f 2198/211 2859/219 3148/339
f 2109/110 2703/582 3140/339
f 3144/1383 4340/1382 4341/1384
f 1813/1373 3138/222 3137/608
f 3129/607 3130/465 1634/235
f 2333/1385 3765/1386 3258/466
f 2196/597 2460/601 3146/598
f 4003/1377 2632/1379 4002/615
f 3145/210 1714/602 2198/211
f 4337/224 3136/1387 4338/577
f 4333/1388 3128/1389 3127/1390
f 1038/67 2698/67 1039/67
f 2407/1391 2200/234 3866/237
f 3152/427 3154/231 1551/621
f 3152/427 3153/590 3154/231
f 3153/590 2195/425 3154/231
f 2010/211 2549/589 1814/584
f 2856/580 2341/191 349/189
f 2856/580 3152/427 2341/191
f 3152/427 1551/621 2341/191
f 3139/219 2010/211 2009/220
f 2802/1340 3301/1392 3525/678
f 2198/211 2797/586 2859/219
f 2200/234 3132/585 3131/470
f 1049/67 2530/67 2421/67
f 4336/1393 3133/619 1815/1376
f 2197/208 3147/582 2858/583
f 2194/229 2783/581 2111/467
f 4061/1375 3136/1387 3769/596
f 2715/1158 3646/1159 4043/1160
f 4214/1163 3006/1206 3005/1161
f 3011/1161 4039/1162 4220/1163
f 3005/1161 4042/1162 4214/1163
f 4045/1160 3002/1206 3642/1159
f 4044/1160 3004/1206 3644/1159
f 3640/1159 2999/1161 4208/1163
f 4222/1163 3014/1206 3013/1161
f 2712/1158 3652/1159 4040/1160
f 4046/1160 3000/1206 3640/1159
f 2713/1158 3650/1159 4041/1160
f 4218/1163 3010/1206 3009/1161
f 4210/1163 2716/1368 4044/1162
f 3013/1161 4038/1162 4222/1163
f 3642/1159 3001/1161 4210/1163
f 4208/1163 2717/1368 4045/1162
f 3644/1159 3003/1161 4212/1163
f 4212/1163 2715/1368 4043/1162
f 3009/1161 4040/1162 4218/1163
f 4220/1163 3012/1206 3011/1161
f 4216/1163 3008/1206 3007/1161
f 3007/1161 4041/1162 4216/1163
f 4047/1160 2998/1206 3638/1159
f 2714/1158 3648/1159 4042/1160
f 2899/1247 3995/1394 2624/1395
f 2624/1395 4480/1396 2899/1247
f 1590/792 4480/1396 2379/573
f 2902/1250 3994/1397 2623/1398
f 2623/1398 4481/1399 2902/1250
f 1589/306 4481/1399 2378/571
f 2911/1294 3893/1400 2455/1401
f 2455/1401 4482/1402 2911/1294
f 1768/722 4482/1402 2730/535
f 2914/1310 3307/1403 2428/124
f 2428/124 4483/1404 2914/1310
f 1767/449 4483/1404 2346/533
f 3618/1159 2977/1161 4186/1163
f 4050/1160 2994/1206 3634/1159
f 4614/1151 2440/1179 4646/1251
f 2985/1161 4053/1162 4194/1163
f 4196/1163 2724/1368 4052/1162
f 3628/1159 2987/1161 4196/1163
f 4613/1155 2352/699 4640/1156
f 3626/1159 2985/1161 4194/1163
f 4204/1163 2719/1368 4047/1162
f 98/11 2837/499 97/1203
f 2726/1158 3624/1159 4054/1160
f 4188/1163 2980/1206 2979/1161
f 4190/1163 2726/1368 4054/1162
f 4032/1160 2986/1206 3626/1159
f 4202/1163 2721/1368 4049/1162
f 3634/1159 2993/1161 4202/1163
f 2678/380 427/134 423/1405
f 4048/1160 2996/1206 3636/1159
f 4052/1160 2990/1206 3630/1159
f 3622/1159 2981/1161 4190/1163
f 84/1073 2878/1406 2732/486
f 2508/1407 3255/1074 3930/1408
f 3319/1088 2522/1202 2449/1409
f 113/85 2925/432 2220/431
f 90/1073 2888/1406 2539/486
f 80/1026 2876/994 2880/474
f 106/85 2376/485 2767/484
f 99/1076 2409/1410 2601/480
f 2441/1411 4005/1074 3316/1412
f 91/1026 2670/994 2507/474
f 79/1026 2533/994 2774/474
f 3839/730 2112/1413 2351/473
f 2200/234 3131/470 2447/232
f 2110/1372 2775/239 271/1414
f 4332/1415 3123/471 2112/1413
f 2333/1385 2202/1416 3827/605
f 3127/1390 3371/1417 4333/1388
f 1580/483 2841/411 2169/418
f 2169/418 2925/432 1580/483
f 345/189 3165/427 2106/621
f 3154/231 2642/622 1551/621
f 3154/231 2857/426 2642/622
f 2857/426 345/592 2642/622
f 1458/1418 2517/422 2370/424
f 3309/895 3160/420 1898/889
f 3878/1238 3238/1419 2430/1239
f 3159/1369 3238/1419 4485/1420
f 2220/431 2598/416 112/1421
f 2603/1422 3889/1423 3412/1424
f 2168/476 2667/45 2840/59
f 3401/1425 2757/1075 2577/1426
f 2794/412 2075/967 1579/483
f 1677/476 2888/45 2445/59
f 1676/482 2391/409 2444/83
f 2446/1427 3304/1423 3886/1428
f 1613/488 2670/405 2393/71
f 1786/488 2534/405 2536/71
f 2073/476 2584/45 2764/59
f 1785/476 2432/45 2585/59
f 3856/719 2538/1075 2392/47
f 1947/961 2616/152 1883/154
f 3638/1159 2997/1161 4206/1163
f 3526/379 2390/1054 3855/911
f 3927/1429 2389/1430 3285/1431
f 4581/1110 2331/699 2685/1014
f 4662/1432 2930/1029 4097/1010
f 3577/706 2387/1430 3283/1431
f 3579/317 2386/1014 3282/1433
f 4595/1109 2758/295 2683/1018
f 3583/706 2682/1430 3453/1431
f 3585/317 2385/1014 3281/1433
f 4584/1109 2431/295 2681/1018
f 3998/1429 2680/1430 3451/1431
f 4583/1110 2403/699 2679/1014
f 4666/1432 2948/1029 4088/1010
f 4849/1434 3171/1435 4675/1436
f 4763/1437 3239/1438 4488/1439
f 4761/1440 3170/1441 4489/1442
f 101/1204 2640/386 73/1085
f 1883/154 3168/375 1578/376
f 2271/108 2514/382 1888/106
f 2581/381 1845/495 2207/749
f 3508/324 2508/1056 3930/323
f 75/85 3168/375 1683/383
f 4848/1443 2779/1227 4656/1226
f 4847/1444 3240/1445 4735/1446
f 4846/1447 3169/1448 4736/1449
f 1891/442 2889/367 2332/366
f 3443/773 2950/1013 4164/7
f 1940/865 2862/923 2510/361
f 1749/932 2420/354 2426/175
f 1781/875 2502/357 1568/876
f 2381/355 1750/864 1599/943
f 2129/881 2420/354 1939/882
f 2164/921 2369/352 1568/1450
f 4641/1180 2952/297 4609/1155
f 2364/44 2216/44 1567/44
f 2810/44 2049/44 2127/44
f 2074/487 2617/22 1884/878
f 2955/714 3818/3 3600/710
f 2166/1451 2443/342 1675/871
f 2240/211 2858/218 2956/339
f 2123/67 2804/67 2122/67
f 2122/67 2537/67 2781/67
f 2214/67 2806/67 2537/67
f 1865/67 2744/67 2045/67
f 1580/1452 2870/274 2167/631
f 2597/44 1648/44 1852/44
f 4079/1453 2603/1454 3412/1455
f 2654/44 1852/44 1937/44
f 2959/1241 3819/716 3602/714
f 3442/927 2960/1053 4172/925
f 3564/379 2425/1456 3306/377
f 2963/1150 4596/1032 4670/1106
f 2165/476 2688/30 1984/908
f 3275/773 2965/1013 4176/7
f 2127/44 2503/44 2810/44
f 2216/44 2600/44 1854/44
f 2812/653 4026/1190 2687/1191
f 2687/1191 4494/1457 2812/653
f 333/654 4494/1457 2528/303
f 3296/927 2967/1053 4178/925
f 3241/1458 3362/1459 4495/1460
f 2972/1461 4495/1460 3612/1317
f 1948/1462 4496/280 4181/754
f 2750/44 1937/44 2049/44
f 2974/714 3820/3 3614/710
f 1579/1452 2410/274 1674/631
f 2349/272 1560/749 1974/495
f 4639/1180 2975/297 4613/1155
f 2135/1463 2869/263 2165/498
f 4114/1464 2850/1465 4117/1466
f 2850/1467 4115/1466 4117/1464
f 3838/1464 2545/1465 3942/1466
f 2545/1467 4086/1466 3942/1464
f 3834/1464 2544/1465 3941/1466
f 2544/1467 3859/1466 3941/1464
f 3859/1464 2691/1465 4028/1466
f 4028/1464 2849/1465 4116/1466
f 4116/1464 2847/1465 4114/1466
f 4115/1464 2402/1465 3862/1466
f 3862/1464 2540/1465 3938/1466
f 3938/1464 2846/1465 4113/1466
f 4113/1464 2851/1465 4118/1466
f 2851/1467 4109/1466 4118/1464
f 4109/1464 2576/1465 3969/1466
f 2576/1467 3858/1466 3969/1464
f 2395/1467 3939/1466 3858/1464
f 2541/1467 3921/1466 3939/1464
f 2486/1467 4087/1466 3921/1464
f 2790/1467 3838/1466 4087/1464
f 2789/1467 4083/1466 4086/1464
f 2780/1467 4001/1466 4083/1464
f 2631/1467 4121/1466 4001/1464
f 2855/1467 3834/1466 4121/1464
f 4098/1468 2587/1469 3973/1470
f 4015/1468 2815/1469 4098/1470
f 2429/1471 4015/1470 3877/1468
f 2604/1471 3877/1470 3982/1468
f 2817/1471 3982/1470 4100/1468
f 2645/1471 4100/1470 4007/1468
f 2741/1471 4007/1470 4064/1468
f 2358/1471 4064/1470 3843/1468
f 2493/1471 3843/1470 3924/1468
f 2742/1471 3924/1470 4065/1468
f 2872/1471 4065/1470 4126/1468
f 2871/1471 4126/1470 4125/1468
f 2647/1471 4125/1470 4009/1468
f 2648/1471 4009/1470 4010/1468
f 3871/1468 2648/1469 4010/1470
f 4092/1468 2418/1469 3871/1470
f 3972/1468 2799/1469 4092/1470
f 4127/1468 2586/1469 3972/1470
f 4091/1468 2874/1469 4127/1470
f 3841/1468 2798/1469 4091/1470
f 2419/1471 3841/1470 3872/1468
f 4093/1468 2419/1469 3872/1470
f 4008/1468 2800/1469 4093/1470
f 3973/1468 2646/1469 4008/1470
f 2771/1472 3831/1473 4080/1474
f 2337/1475 4030/1476 3831/1477
f 4030/1474 2845/1478 4112/1473
f 4112/1474 2336/1478 3830/1473
f 3830/1477 2626/1479 3996/1476
f 3996/1474 2456/1478 3894/1473
f 3894/1477 2325/1479 3823/1476
f 3823/1474 2630/1478 4000/1473
f 4000/1474 2692/1478 4029/1473
f 4029/1477 2697/1479 4031/1476
f 4031/1474 2453/1478 3891/1473
f 3891/1474 2399/1478 3861/1473
f 3861/1474 2844/1478 4111/1473
f 4111/1477 2452/1479 3890/1476
f 2452/1472 3833/1473 3890/1474
f 2339/1472 3864/1473 3833/1474
f 2404/1475 3828/1476 3864/1477
f 2334/1472 3999/1473 3828/1474
f 2629/1472 4119/1473 3999/1474
f 2853/1475 3943/1476 4119/1477
f 3943/1474 2622/1478 3993/1473
f 2622/1475 3860/1476 3993/1477
f 2398/1472 3829/1473 3860/1474
f 2335/1472 4080/1473 3829/1474
f 3375/1480 2342/725 3266/724
f 4332/1415 271/1414 3124/241
f 344/186 3126/238 2110/1372
f 2407/1391 3298/1481 3297/591
f 3129/607 272/1482 3766/606
f 347/592 2701/231 2860/230
f 4336/1393 324/1374 3134/228
f 3768/594 2588/1370 3974/624
f 350/685 3138/222 1813/1373
f 351/182 3139/219 2702/218
f 2461/217 3142/216 2199/1331
f 2459/1483 4341/1384 3326/178
f 352/1258 3145/210 2807/207
f 352/1258 2807/207 2801/209
f 2045/67 2805/67 2123/67
f 2852/191 3150/580 2103/621
f 2852/191 2699/190 3150/580
f 2699/190 2006/939 3150/580
f 2316/188 3153/590 2194/229
f 2316/188 2366/187 3153/590
f 2366/187 2195/425 3153/590
f 1646/67 2362/67 2806/67
f 2260/108 2514/103 3155/117
f 1781/875 2660/181 1938/626
f 3774/1371 2802/1483 3525/212
f 1749/932 2868/165 1569/423
f 4497/1484 2623/1398 3994/1397
f 3161/627 3242/1485 4497/1484
f 1963/313 2791/312 4498/172
f 3277/930 2446/1486 3886/717
f 4499/613 2700/168 3164/1487
f 3164/1487 2700/168 2007/686
f 2195/939 2366/169 4499/613
f 1750/864 2662/164 1940/865
f 1683/383 2616/152 109/402
f 4745/1488 4650/1349 3458/1489
f 4741/1490 4737/1491 4502/1492
f 3984/852 4738/1493 4740/1494
f 2129/881 2413/928 2405/125
f 4514/1495 2428/124 3307/1403
f 4513/1496 3244/1497 4506/1498
f 4505/1499 4507/1500 3244/1497
f 2299/108 2412/103 3177/117
f 3180/1150 4597/1032 4678/1106
f 4078/1501 4354/954 2077/1502
f 4508/97 2598/416 4509/1503
f 4509/1503 3785/969 3182/955
f 3889/1423 2538/1202 3937/1504
f 2168/476 2839/60 2167/961
f 3401/1425 2448/1505 3887/1506
f 2838/87 4356/966 2166/376
f 4510/86 3185/1082 2838/87
f 2767/484 3787/1083 3185/1082
f 1677/476 2442/60 1674/961
f 1676/482 2488/84 1675/970
f 3304/1423 2728/1202 3487/1504
f 1613/488 2506/73 1524/972
f 1786/488 2590/73 1984/972
f 3245/66 1784/1507 3187/974
f 3190/981 3187/974 2310/1065
f 1947/1508 3245/66 3190/981
f 4512/1509 4511/61 2621/1510
f 4512/1509 1633/1511 3788/983
f 3371/1512 3191/1063 4357/1513
f 2073/476 2368/60 1884/961
f 1785/476 2326/60 1523/961
f 3856/719 2627/1486 3428/717
f 3362/997 2763/1514 4076/995
f 2409/45 2795/47 3520/719
f 2422/44 1567/44 1648/44
f 3194/1241 3989/716 3791/714
f 2389/1430 4362/706 3285/1431
f 4018/993 2803/1515 3526/991
f 2685/1014 4364/317 3455/1433
f 4097/1010 2321/716 3252/276
f 2387/1430 4124/1429 3283/1431
f 3246/33 1571/1516 3203/999
f 3206/1006 3203/999 2314/1039
f 1664/1517 3246/33 3206/1006
f 2135/476 2327/30 1524/908
f 2386/1014 4591/1110 4006/1518
f 2683/1018 4372/317 3454/892
f 2682/1430 3983/1429 3453/1431
f 2385/1014 4593/1110 4058/1518
f 1948/487 2415/22 1523/878
f 2681/1018 4378/317 3452/892
f 2680/1430 4380/706 3451/1431
f 2582/13 2207/749 1560/1011
f 2679/1014 4382/317 3450/1433
f 4088/1010 2315/716 3247/276
f 2/811 4088/1010 3247/276
f 3450/1433 1866/51 7/500
f 3451/1431 1868/296 15/698
f 3452/892 1870/51 23/893
f 3281/1433 4693/501 27/500
f 31/698 3453/1431 3983/1429
f 3454/892 1873/51 39/893
f 3282/1433 4691/501 43/500
f 51/698 3283/1431 4124/1429
f 58/811 4097/1010 3252/276
f 3455/1433 1878/51 63/500
f 1945/992 3526/991 1882/996
f 3285/1431 1521/296 67/698
f 3791/714 1877/715 2313/886
f 1983/996 4076/995 2072/992
f 1612/718 3428/717 2072/378
f 1635/1519 4357/1513 2311/989
f 3191/1063 4512/1509 3788/983
f 2542/62 4512/1509 3191/1063
f 1525/1520 3487/1504 1526/490
f 1680/491 3887/1506 1679/963
f 1681/1520 3937/1504 1787/490
f 2169/418 4509/1503 2598/416
f 2769/98 4509/1503 3182/955
f 3182/955 4078/1501 2769/98
f 3784/1521 4697/503 4578/502
f 4505/1499 4351/949 4507/1500
f 3176/950 4351/949 4505/1499
f 2146/430 4507/1500 4351/949
f 4348/1522 4506/1498 3173/1133
f 2296/946 4513/1496 4348/1522
f 3782/1112 4505/1499 4513/1496
f 3779/1523 3307/1403 1696/759
f 3173/1133 4514/1495 3779/1523
f 4506/1498 4504/122 4514/1495
f 4739/1524 4503/1525 4638/1526
f 4347/1527 4739/1524 4618/1528
f 1862/805 4740/1494 4718/897
f 4845/1529 4502/1492 4637/1530
f 4844/1531 4516/1532 4743/1533
f 4742/1534 4744/1535 4516/1532
f 4843/1536 3458/1489 4550/1537
f 4842/1538 4517/1539 4747/1540
f 4746/1541 4748/1542 4517/1539
f 2076/490 3886/717 1678/378
f 3158/1543 3994/1397 1897/796
f 2266/1544 3525/212 1710/213
f 3326/178 1554/1545 401/177
f 1916/595 3974/624 317/623
f 347/592 3297/591 3298/1481
f 349/189 3375/1480 3266/724
f 268/1546 3829/1474 4080/1473
f 268/1546 3860/1474 3829/1473
f 268/1547 3993/1477 3860/1476
f 268/1546 3943/1474 3993/1473
f 268/1547 4119/1477 3943/1476
f 268/1546 3999/1474 4119/1473
f 268/1546 3828/1474 3999/1473
f 268/1547 3864/1477 3828/1476
f 268/1546 3833/1474 3864/1473
f 268/1546 3890/1474 3833/1473
f 268/1547 4111/1477 3890/1476
f 268/1546 3861/1474 4111/1473
f 268/1546 3891/1474 3861/1473
f 268/1546 4031/1474 3891/1473
f 268/1547 4029/1477 4031/1476
f 268/1546 4000/1474 4029/1473
f 268/1546 3823/1474 4000/1473
f 268/1547 3894/1477 3823/1476
f 268/1546 3996/1474 3894/1473
f 268/1547 3830/1477 3996/1476
f 268/1546 4112/1474 3830/1473
f 268/1546 4030/1474 4112/1473
f 268/1547 3831/1477 4030/1476
f 268/1546 4080/1474 3831/1473
f 267/1548 3973/1468 4008/1470
f 267/1548 4008/1468 4093/1470
f 267/1548 4093/1468 3872/1470
f 267/1548 3872/1468 3841/1470
f 267/1548 3841/1468 4091/1470
f 267/1548 4091/1468 4127/1470
f 267/1548 4127/1468 3972/1470
f 267/1548 3972/1468 4092/1470
f 267/1548 4092/1468 3871/1470
f 267/1548 3871/1468 4010/1470
f 267/1548 4010/1468 4009/1470
f 267/1548 4009/1468 4125/1470
f 267/1548 4125/1468 4126/1470
f 267/1548 4126/1468 4065/1470
f 267/1548 4065/1468 3924/1470
f 267/1548 3924/1468 3843/1470
f 267/1548 3843/1468 4064/1470
f 267/1548 4064/1468 4007/1470
f 267/1548 4007/1468 4100/1470
f 267/1548 4100/1468 3982/1470
f 267/1548 3982/1468 3877/1470
f 267/1548 3877/1468 4015/1470
f 267/1548 4015/1468 4098/1470
f 267/1548 4098/1468 3973/1470
f 326/1549 4121/1464 3834/1466
f 326/1549 4001/1464 4121/1466
f 326/1549 4083/1464 4001/1466
f 326/1549 4086/1464 4083/1466
f 326/1549 4087/1464 3838/1466
f 326/1549 3921/1464 4087/1466
f 326/1549 3939/1464 3921/1466
f 326/1549 3858/1464 3939/1466
f 326/1549 3969/1464 3858/1466
f 326/1549 4109/1464 3969/1466
f 326/1549 4118/1464 4109/1466
f 326/1549 4113/1464 4118/1466
f 326/1549 3938/1464 4113/1466
f 326/1549 3862/1464 3938/1466
f 326/1549 4115/1464 3862/1466
f 326/1549 4116/1464 4114/1466
f 326/1549 4028/1464 4116/1466
f 326/1549 3859/1464 4028/1466
f 326/1549 3941/1464 3859/1466
f 326/1549 3834/1464 3941/1466
f 326/1549 3942/1464 4086/1466
f 326/1549 3838/1464 3942/1466
f 326/1549 4117/1464 4115/1466
f 326/1549 4114/1464 4117/1466
f 4539/394 4184/1550 4713/933
f 3614/710 1517/2 2250/6
f 4181/754 3241/1458 2972/1461
f 3612/1317 2969/756 2249/1315
f 4495/1460 1983/1551 2969/756
f 2134/926 4178/925 2247/886
f 1509/772 4176/7 2245/6
f 3606/1521 4696/503 4570/502
f 2077/378 3306/377 1679/490
f 1751/926 4172/925 2243/886
f 3602/714 1516/715 2242/886
f 2078/1552 3412/1455 1673/935
f 3600/710 1514/2 2239/6
f 4541/394 4166/1550 4709/933
f 1518/772 4164/7 2235/6
f 4841/1553 4493/1554 4636/1555
f 4840/1556 4518/1557 4751/1558
f 4839/1559 4344/1560 4752/1561
f 4838/1562 4492/1563 4635/1564
f 4837/1565 4519/1566 4755/1567
f 4836/1568 4491/1569 4756/1570
f 4835/1571 3513/1572 4556/1573
f 4834/1574 4520/1575 4759/1576
f 4833/1577 4490/1578 4760/1579
f 104/50 3930/323 99/49
f 4632/1580 4489/1442 3239/1438
f 4762/1581 4487/1582 4732/1583
f 4716/1584 4521/1585 4762/1581
f 4601/1184 4488/1439 2836/1185
f 4701/1586 4522/1587 4108/1588
f 4764/1589 4487/1582 4522/1587
f 4832/1590 3777/1591 4575/1592
f 4767/1593 4766/1594 4523/1595
f 4768/1596 4731/1597 4486/1598
f 4566/747 3593/748 2/811
f 4683/501 3450/1433 7/500
f 15/698 3998/1429 3451/1431
f 4684/269 3452/892 23/893
f 1574/51 3281/1433 27/500
f 1941/296 3453/1431 31/698
f 4695/269 3454/892 39/893
f 1575/51 3282/1433 43/500
f 1576/296 3283/1431 51/698
f 4562/747 3575/748 58/811
f 4681/501 3455/1433 63/500
f 67/698 3927/1429 3285/1431
f 1882/378 3855/911 1610/718
f 2031/257 4206/1163 2030/260
f 1612/718 3937/960 3856/719
f 3886/1428 1525/1520 1678/492
f 1680/491 3502/960 3401/1425
f 3412/1424 1681/1520 1673/477
f 245/540 4485/1420 3878/1238
f 2430/1239 4484/421 3309/895
f 1635/1599 4333/1388 3371/1417
f 107/1600 3316/1412 4005/1074
f 107/1601 3366/80 3319/1088
f 99/1600 3930/1408 3255/1074
f 2021/257 4190/1163 2038/260
f 2036/257 4052/1160 3630/1159
f 2032/257 4048/1160 3636/1159
f 2034/257 4202/1163 2033/260
f 2033/260 4202/1163 4049/1162
f 2015/257 4032/1160 3626/1159
f 2038/260 4190/1163 4054/1162
f 2032/260 3620/1159 4188/1163
f 2038/257 4054/1160 3624/1159
f 2031/260 4204/1163 4047/1162
f 2037/260 3626/1159 4194/1163
f 4713/933 3271/24 4540/23
f 2037/257 4196/1163 2036/260
f 2036/260 4196/1163 4052/1162
f 2037/260 4194/1163 4053/1162
f 4714/102 3315/1008 4546/101
f 2034/257 4050/1160 3634/1159
f 2033/257 4186/1163 2039/260
f 2026/257 4042/1160 3648/1159
f 2031/257 4047/1160 3638/1159
f 2025/260 4216/1163 4041/1162
f 2025/260 3648/1159 4216/1163
f 2023/260 3652/1159 4220/1163
f 2024/260 4218/1163 4040/1162
f 2027/260 4212/1163 4043/1162
f 2028/257 4212/1163 2027/260
f 2029/260 4208/1163 4045/1162
f 2029/257 4210/1163 2028/260
f 2022/260 4222/1163 4038/1162
f 2028/260 4210/1163 4044/1162
f 2024/260 3650/1159 4218/1163
f 2025/257 4041/1160 3650/1159
f 2030/257 4046/1160 3640/1159
f 2024/257 4040/1160 3652/1159
f 2022/260 3654/1159 4222/1163
f 2030/257 4208/1163 2029/260
f 2028/257 4044/1160 3644/1159
f 2029/257 4045/1160 3642/1159
f 2026/260 4214/1163 4042/1162
f 2023/260 4220/1163 4039/1162
f 2027/257 4214/1163 2026/260
f 2027/257 4043/1160 3646/1159
f 325/1602 3769/596 1916/595
f 3525/678 1715/611 1710/213
f 1635/1599 3765/1386 4333/1388
f 1915/225 4338/577 1917/579
f 1917/579 4002/615 1915/225
f 1634/235 3258/466 3765/1386
f 1554/1545 4341/1384 4340/1382
f 4340/1382 418/1603 1554/1545
f 3974/599 1910/110 317/115
f 4002/223 2266/1544 1915/225
f 2039/257 4055/1160 3620/1159
f 2035/257 4200/1163 2034/260
f 2035/260 4198/1163 4051/1162
f 4558/803 4185/1604 4714/102
f 2020/260 4192/1163 4036/1162
f 2032/260 4188/1163 4048/1162
f 2020/260 3624/1159 4192/1163
f 2039/260 4186/1163 4055/1162
f 2033/257 4049/1160 3618/1159
f 2037/257 4053/1160 3628/1159
f 2036/257 4198/1163 2035/260
f 2030/260 4206/1163 4046/1162
f 2034/260 4200/1163 4050/1162
f 2035/257 4051/1160 3632/1159
f 2032/257 4204/1163 2031/260
f 2021/257 4037/1160 3622/1159
f 3491/1605 4730/1606 4473/1607
f 4473/1607 4769/1608 3491/1605
f 2161/767 4769/1608 3276/1352
f 4471/1348 4730/1606 2737/1222
f 4770/1351 4473/1607 4471/1348
f 4472/1609 4630/1353 4473/1607
f 4060/1610 4550/1537 3458/1489
f 3458/1489 4771/1611 4060/1610
f 2737/1222 4771/1611 4471/1348
f 3490/1612 4729/1613 4470/1614
f 4470/1614 4772/1615 3490/1612
f 2162/857 4772/1615 3280/1345
f 4468/1341 4729/1613 2736/1265
f 4773/1344 4470/1614 4468/1341
f 4469/1616 4629/1346 4470/1614
f 4059/1617 4702/1618 4120/1619
f 4120/1619 4774/1620 4059/1617
f 2736/1265 4774/1620 4468/1341
f 1816/251 3760/1168 4328/1166
f 1816/251 4328/1166 3945/1165
f 1910/110 3326/587 401/182
f 1817/251 3758/1168 4326/1166
f 1817/251 4326/1166 3946/1165
f 2269/419 4467/1338 4465/1336
f 4775/1621 4466/1335 3995/1394
f 3995/1394 4466/1335 2624/1395
f 3160/420 4465/1336 4775/1621
f 3426/576 4099/1305 253/559
f 2624/1395 4524/1334 3426/576
f 4466/1335 4464/679 4524/1334
f 1825/245 3952/1178 3748/1168
f 1819/245 3947/1178 3758/1168
f 1833/245 3959/1178 3734/1168
f 1829/245 3955/1178 3742/1168
f 1823/251 3750/1168 4318/1166
f 1822/252 4320/1172 3949/1182
f 1828/251 3742/1168 4310/1166
f 1833/245 4302/1166 1832/251
f 2245/6 3409/813 1867/2
f 1840/251 4286/1166 3966/1165
f 1517/772 3560/1017 1604/6
f 1609/16 4140/1034 3402/1021
f 2021/260 3656/1159 4224/1163
f 2247/886 3407/924 1880/715
f 1753/1622 4140/1034 1609/16
f 1838/245 4292/1166 1837/251
f 2018/260 3658/1159 4226/1163
f 1606/16 4147/751 1577/395
f 1650/275 3416/276 6/811
f 4700/503 3574/1030 2133/391
f 2/695 4177/277 1650/275
f 2060/41 3422/42 70/1623
f 81/57 4089/46 74/69
f 1816/245 3945/1178 3714/1168
f 2021/260 4224/1163 4037/1162
f 1817/245 3946/1178 3760/1168
f 1812/1624 4330/1329 1555/243
f 1555/243 4330/1329 3270/472
f 1812/1624 3541/1326 3762/1328
f 1839/248 3965/1171 3722/1170
f 1514/772 3521/1017 1602/6
f 2130/391 4160/1028 4707/390
f 4707/390 3299/1017 1975/6
f 1835/245 3961/1178 3730/1168
f 1835/245 4298/1166 1834/251
f 1838/245 3964/1178 3724/1168
f 1836/252 4294/1172 3962/1182
f 1835/251 4296/1166 3961/1165
f 1836/245 4296/1166 1835/251
f 29/905 3584/707 1941/296
f 3926/1322 3235/1316 2495/1319
f 3357/1320 2970/848 1945/1283
f 4459/1318 2249/1315 2970/848
f 4180/849 3234/1311 2971/1314
f 3611/1279 2695/1625 2074/1626
f 4457/1313 87/1627 2695/1625
f 1840/245 3966/1178 3720/1168
f 2070/395 4150/1028 4705/390
f 4131/316 1875/51 37/893
f 1602/6 4155/844 1514/772
f 1978/16 4153/751 1942/395
f 4697/629 3582/910 2070/395
f 1840/245 4288/1166 1839/251
f 4705/390 3553/1 1980/6
f 3613/317 41/500 1875/51
f 1742/256 3920/1142 3666/1143
f 1839/248 4290/1172 1838/252
f 2067/395 4156/1028 4706/390
f 1976/16 4158/1034 3563/1021
f 4696/629 3588/910 2067/395
f 1942/395 3527/1021 1978/16
f 25/893 3586/774 1574/51
f 3988/713 2250/6 1874/772
f 1742/256 4234/1138 1718/254
f 1837/251 4292/1166 3963/1165
f 4706/390 3499/1 1977/6
f 41/893 3580/774 1575/51
f 4018/1284 3233/1278 2666/1281
f 3449/1282 2765/1628 88/1629
f 4442/1280 2074/1626 2765/1628
f 1839/251 4288/1166 3965/1165
f 1843/251 3714/1168 4282/1166
f 3566/672 4728/1630 4438/1631
f 4438/1631 4776/1632 3566/672
f 338/663 4776/1632 3538/1199
f 4436/1268 4728/1630 2897/1356
f 4777/1271 4438/1631 4436/1268
f 4437/1633 4628/1272 4438/1631
f 4135/1355 4690/1634 3925/1635
f 3925/1635 4778/1636 4135/1355
f 2897/1356 4778/1636 4436/1268
f 4435/1267 4648/1637 2494/1270
f 4779/1266 3356/1638 4435/1267
f 3490/1612 4548/856 3356/1638
f 4780/1639 2494/1270 4433/1264
f 4434/1640 4780/1639 4433/1264
f 4627/1641 4435/1267 4434/1640
f 3515/1187 4690/1634 2232/861
f 4781/1262 3925/1635 3515/1187
f 4433/1264 4590/1269 3925/1635
f 1731/254 3688/1143 4256/1138
f 1732/254 4254/1138 3911/1141
f 1725/256 4264/1138 1727/254
f 1723/256 4268/1138 1724/254
f 1727/256 4262/1138 1728/254
f 1730/254 3690/1143 4258/1138
f 1733/254 3684/1143 4252/1138
f 3987/713 2239/6 1871/772
f 1731/256 3910/1142 3686/1143
f 1725/254 4266/1138 3905/1141
f 1727/254 4264/1138 3906/1141
f 1729/254 3692/1143 4260/1138
f 1728/256 3907/1142 3692/1143
f 1732/256 3911/1142 3684/1143
f 1731/254 4256/1138 3910/1141
f 4013/316 1872/51 21/893
f 1724/256 3904/1142 3698/1143
f 1725/256 3905/1142 3696/1143
f 1727/256 3906/1142 3694/1143
f 1729/254 4260/1138 3908/1141
f 1732/254 3686/1143 4254/1138
f 1733/254 4252/1138 3912/1141
f 3599/317 25/500 1872/51
f 1724/254 4268/1138 3904/1141
f 1724/256 4266/1138 1725/254
f 1729/256 3908/1142 3690/1143
f 1728/254 4262/1138 3907/1141
f 1830/251 4306/1166 3956/1165
f 1827/248 3953/1171 3746/1170
f 1819/252 4324/1172 3947/1182
f 1821/251 4322/1166 3948/1165
f 1828/245 3954/1178 3744/1168
f 1831/245 4306/1166 1830/251
f 1719/256 4276/1138 1720/254
f 1720/256 3900/1142 3706/1143
f 1741/256 4236/1138 1742/254
f 1741/254 4238/1138 3919/1141
f 2243/886 3305/924 1512/715
f 1651/41 3248/42 18/1623
f 1717/256 3897/1142 3710/1143
f 1717/254 4280/1138 3897/1141
f 1831/245 3957/1178 3738/1168
f 1825/252 4314/1172 3952/1182
f 1822/245 3949/1178 3754/1168
f 1822/245 4322/1166 1821/251
f 1825/252 3746/1170 4314/1172
f 1832/245 3958/1178 3736/1168
f 1721/256 4272/1138 1722/254
f 1719/254 4278/1138 3899/1141
f 4710/102 3311/1008 4543/101
f 1741/256 3919/1142 3668/1143
f 1742/254 4236/1138 3920/1141
f 3933/885 2242/886 1752/926
f 20/883 4173/43 1651/41
f 1717/256 4278/1138 1719/254
f 1718/256 4280/1138 1717/254
f 1829/252 4308/1172 3955/1182
f 1824/251 4316/1166 3951/1165
f 1821/248 3948/1171 3756/1170
f 1819/252 3756/1170 4324/1172
f 1824/251 3748/1168 4316/1166
f 1830/248 4308/1172 1829/252
f 1842/252 4284/1172 3967/1182
f 4144/1028 4145/910 1671/395
f 1753/1622 3934/1038 3572/1035
f 2017/260 3660/1159 4228/1163
f 2133/391 4142/1028 4703/390
f 1842/252 3716/1170 4284/1172
f 2023/257 4039/1160 3654/1159
f 4540/394 3271/1642 1608/6
f 1604/6 4149/844 1517/772
f 72/883 4179/43 2060/41
f 1842/245 4286/1166 1840/251
f 2020/257 4036/1160 3658/1159
f 4525/1237 3232/1233 4425/1643
f 3565/1302 4425/1643 2896/1303
f 324/640 4525/1237 3565/1302
f 4782/1235 3170/1441 4616/1644
f 4783/1645 4345/1646 4716/1584
f 4425/1643 4526/1647 4783/1645
f 4831/1648 3778/1232 4576/1649
f 4786/1650 4785/1651 4527/1652
f 4785/1651 4787/1653 4527/1652
f 2235/6 3554/813 1879/2
f 3936/917 4726/1654 4423/1655
f 4423/1655 4788/1656 3936/917
f 1778/918 4788/1656 3359/1219
f 4421/1225 4726/1654 2529/1194
f 4789/1228 4423/1655 4421/1225
f 4422/1657 4626/1229 4423/1655
f 3367/1193 4556/1573 3513/1572
f 3513/1572 4790/1658 3367/1193
f 2529/1194 4790/1658 4421/1225
f 1718/254 4234/1138 3898/1141
f 4420/1224 4652/1659 2739/1212
f 4791/1223 3493/1660 4420/1224
f 3491/1605 4552/902 3493/1660
f 4792/1661 2739/1212 4418/1221
f 4419/1662 4792/1661 4418/1221
f 4625/1663 4420/1224 4419/1662
f 3359/1219 4694/1664 1778/918
f 4793/1218 4062/1665 3359/1219
f 4418/1221 4594/1211 4062/1665
f 2016/257 4033/1160 3664/1159
f 1654/275 3421/276 62/811
f 2015/260 4232/1163 4032/1162
f 2015/260 3664/1159 4232/1163
f 3836/670 4724/1666 4417/1667
f 4417/1667 4794/1668 3836/670
f 331/651 4794/1668 3537/1214
f 4415/1210 4724/1666 2345/1360
f 4795/1213 4417/1667 4415/1210
f 4416/1669 4624/1215 4417/1667
f 3267/1359 4694/1664 4062/1665
f 4062/1665 4796/1670 3267/1359
f 2345/1360 4796/1670 4415/1210
f 2017/257 4034/1160 3662/1159
f 58/695 4165/277 1654/275
f 2016/260 3662/1159 4230/1163
f 1834/248 3960/1171 3732/1170
f 1830/248 3956/1171 3740/1170
f 1823/251 4318/1166 3950/1165
f 1824/245 3951/1178 3750/1168
f 1828/251 4310/1166 3954/1165
f 1832/251 4302/1166 3958/1165
f 1842/245 3967/1178 3718/1168
f 49/905 3578/707 1576/296
f 2018/260 4226/1163 4035/1162
f 4703/390 3411/1017 1982/6
f 1838/252 4290/1172 3964/1182
f 2022/257 4038/1160 3656/1159
f 1577/395 3268/1021 1606/16
f 4546/803 3315/1671 1653/41
f 82/49 3923/80 3857/396
f 1843/248 3968/1171 3716/1170
f 2017/260 4228/1163 4034/1162
f 3501/903 4723/1672 4409/1673
f 4409/1673 4797/1674 3501/903
f 2232/861 4797/1674 3515/1187
f 4407/1183 4723/1672 2756/1208
f 4798/1186 4409/1673 4407/1183
f 4408/1675 4623/1188 4409/1673
f 4070/1207 4701/1586 4108/1588
f 4108/1588 4799/1676 4070/1207
f 2756/1208 4799/1676 4407/1183
f 1837/248 3963/1171 3726/1170
f 1837/248 4294/1172 1836/252
f 1833/252 4300/1172 3959/1182
f 4547/394 3353/1642 1600/6
f 4699/503 3592/1030 2130/391
f 1834/248 4300/1172 1833/252
f 1836/245 3962/1178 3728/1168
f 4543/803 3311/1671 1649/41
f 4162/1028 4163/910 1665/395
f 1834/251 4298/1166 3960/1165
f 1831/251 4304/1166 3957/1165
f 1827/251 3744/1168 4312/1166
f 1822/252 3752/1170 4320/1172
f 1823/248 3950/1171 3752/1170
f 1827/251 4312/1166 3953/1165
f 1832/245 4304/1166 1831/251
f 1720/254 4276/1138 3900/1141
f 1722/256 3902/1142 3702/1143
f 1734/256 3913/1142 3680/1143
f 1734/254 4250/1138 3913/1141
f 3601/297 33/698 1515/296
f 4128/295 1515/296 35/905
f 1730/256 3909/1142 3688/1143
f 1730/254 4258/1138 3909/1141
f 1734/254 3682/1143 4250/1138
f 1733/256 3912/1142 3682/1143
f 1843/251 4282/1166 3968/1165
f 1718/256 3898/1142 3712/1143
f 2016/260 4230/1163 4033/1162
f 2018/257 4035/1160 3660/1159
f 2131/1622 4158/1034 1976/16
f 2131/1622 4102/1038 3590/1035
f 1721/254 3706/1143 4274/1138
f 1721/254 4274/1138 3901/1141
f 1737/256 3915/1142 3676/1143
f 1737/254 4246/1138 3915/1141
f 112/57 3318/171 108/75
f 1739/254 4242/1138 3917/1141
f 1738/256 3916/1142 3674/1143
f 1722/256 4270/1138 1723/254
f 4709/933 3353/24 4547/23
f 1722/254 4272/1138 3902/1141
f 1736/256 3914/1142 3678/1143
f 1738/254 4244/1138 3916/1141
f 3881/1677 4570/502 4686/629
f 1740/254 3672/1143 4240/1138
f 1739/256 3917/1142 3672/1143
f 1721/256 3901/1142 3704/1143
f 1719/256 3899/1142 3708/1143
f 4557/803 4167/1604 4710/102
f 1738/254 3676/1143 4244/1138
f 1737/254 3678/1143 4246/1138
f 4058/1678 4569/270 4693/269
f 1740/256 3918/1142 3670/1143
f 1740/254 4240/1138 3918/1141
f 111/1679 3316/1147 107/1601
f 1723/254 4270/1138 3903/1141
f 1723/256 3903/1142 3700/1143
f 1736/254 3680/1143 4248/1138
f 1736/254 4248/1138 3914/1141
f 3605/1680 4684/501 4569/270
f 1739/254 3674/1143 4242/1138
f 1741/254 3670/1143 4238/1138
f 4404/1681 4406/1134 3231/1130
f 3175/1118 4528/1132 4404/1681
f 4350/947 4348/1522 4528/1132
f 3893/1400 4405/1131 2455/1401
f 1697/824 4529/1129 3893/1400
f 3781/1119 4404/1681 4529/1129
f 3324/537 3323/1128 235/521
f 2455/1401 4530/1126 3324/537
f 4405/1131 4403/1682 4530/1126
f 4400/1121 4349/1124 4402/1123
f 4400/1121 4402/1123 3230/1122
f 1766/444 4400/1121 2787/531
f 3975/1242 4400/1121 4401/1120
f 3975/1242 4401/1120 2589/1243
f 219/505 4400/1121 3975/1242
f 3406/894 3781/1119 1697/824
f 2589/1243 4531/1117 3406/894
f 4401/1120 4399/1683 4531/1117
f 223/508 4398/1116 4396/1114
f 4349/1124 4396/1114 4397/1113
f 4349/1124 4397/1113 3174/1125
f 2524/448 4349/1124 1766/444
f 3780/1684 3782/1112 2296/946
f 3174/1125 4532/1111 3780/1684
f 3229/1115 4532/1111 4397/1113
f 3783/1680 4695/501 4577/270
f 4006/1678 4577/270 4691/269
f 3882/1677 4578/502 4687/629
f 2078/1093 4394/1102 3181/1101
f 2890/953 4394/1102 2338/1104
f 2338/1104 4133/1098 2890/953
f 3182/955 3786/957 3183/959
f 3181/1101 4392/956 4391/1097
f 3181/1101 4355/1091 2078/1093
f 114/410 4390/1094 2841/411
f 3183/959 4390/1094 2770/1096
f 2770/1096 4355/1091 3183/959
f 107/1600 3923/403 76/69
f 107/1601 3319/1088 3875/1090
f 99/1600 3256/403 74/69
f 1812/1685 4357/1513 3541/1062
f 3375/1686 4802/1687 4801/1688
f 4801/1688 2548/985 3375/1686
f 1712/1689 4358/1059 4802/1687
f 347/1690 4358/1059 1712/1689
f 82/49 3857/396 3507/323
f 87/21 3997/39 79/1691
f 3790/297 53/698 1876/296
f 4081/295 1876/296 55/905
f 4103/885 2313/886 2132/926
f 4361/707 65/905 1521/296
f 1521/296 4362/706 4361/707
f 3402/1021 1522/395 1609/16
f 85/50 3423/1050 81/49
f 4363/774 61/893 1878/51
f 1878/51 4364/317 4363/774
f 3411/1017 1879/772 1982/6
f 1518/2 4365/1009 3443/813
f 1608/6 4365/1009 1518/2
f 1608/6 3853/19 3797/7
f 1670/1622 4367/1035 3883/1038
f 1670/1622 3799/1034 4367/1035
f 1606/16 3268/1021 3799/1034
f 4369/1030 4687/503 1669/391
f 4579/390 3801/1028 1669/391
f 3560/1017 4579/390 1604/6
f 4371/998 37/500 1873/51
f 1873/51 4372/317 4371/998
f 3553/1 1874/2 1980/6
f 2068/1622 4373/1035 4074/1038
f 2068/1622 3805/1034 4373/1035
f 1978/16 3527/1021 3805/1034
f 4375/1030 4686/503 1668/391
f 4580/390 3807/1028 1668/391
f 3521/1017 4580/390 1602/6
f 4377/998 21/500 1870/51
f 1870/51 4378/317 4377/998
f 3499/1 1871/2 1977/6
f 4379/707 13/905 1868/296
f 1868/296 4380/706 4379/707
f 3563/1021 1869/395 1976/16
f 4381/774 5/893 1866/51
f 1866/51 4382/317 4381/774
f 3299/1017 1867/772 1975/6
f 1509/2 4383/1009 3275/813
f 1600/6 4383/1009 1509/2
f 1600/6 3848/19 3815/7
f 2382/1018 4384/317 3222/1013
f 3222/1013 3814/998 3221/1014
f 3221/1014 3844/690 2363/1015
f 3868/693 2608/885 2411/1016
f 3813/7 3219/1018 3220/1013
f 3812/844 2594/1257 3219/1018
f 4132/697 2609/1692 2886/1019
f 3811/17 3217/1023 3218/1022
f 3810/751 2593/1693 3217/1023
f 4068/1010 2610/716 2753/1025
f 3809/7 3215/1014 3216/1013
f 3808/1009 2656/1015 3215/1014
f 4090/693 4622/1432 3214/1029
f 4622/1432 4376/748 3213/1031
f 3806/746 4644/1251 2437/1179
f 4096/697 3212/1036 2808/1019
f 3211/1037 4374/696 3804/703
f 3804/703 2761/1694 3211/1037
f 4122/1010 2611/716 2864/1025
f 3803/7 3209/1014 3210/1013
f 3802/1009 2882/1015 3209/1014
f 4129/693 4621/1432 3208/1029
f 4621/1432 4370/748 3207/1031
f 3800/746 4645/1251 2438/1179
f 3837/697 3202/1036 2347/1019
f 3201/1037 4368/696 3798/703
f 3798/703 2439/1694 3201/1037
f 2388/1018 4366/317 3200/1013
f 3200/1013 3796/998 3199/1014
f 3199/1014 4012/690 2651/1015
f 3980/693 2613/885 2602/1016
f 3795/7 3197/1018 3198/1013
f 3794/844 2866/1257 3197/1018
f 2495/1514 3992/997 2615/1049
f 3971/697 2323/1692 2580/1019
f 3793/17 3195/1023 3196/1022
f 3792/751 2505/1693 3195/1023
f 3534/884 3194/1241 2823/1051
f 3512/927 3193/1053 2777/1052
f 4359/925 2881/1254 3193/1053
f 2686/1515 3428/993 2627/1055
f 2394/1054 4076/379 2763/1056
f 2408/1695 3789/990 3192/1058
f 3944/987 4803/986 4805/1696
f 3192/1058 4804/1697 4385/1061
f 4805/1696 3789/990 2311/989
f 2843/1064 3788/983 4110/984
f 2328/1698 3825/960 2329/1075
f 2449/1409 3306/964 2425/1089
f 2639/1698 3354/960 2490/1075
f 2841/411 3786/957 2169/418
f 2077/1502 4392/956 3181/1101
f 3181/1101 3564/951 2077/1502
f 3313/1671 4620/1151 4645/1149
f 3437/1642 4619/1155 4649/1180
f 4352/1550 4653/1156 4619/1155
f 4395/948 4398/1116 4351/949
f 3229/1115 4398/1116 4395/948
f 2324/532 4351/949 4398/1116
f 4399/1683 4350/947 3175/1118
f 3230/1122 4533/945 4399/1683
f 4402/1123 3780/1684 4533/945
f 4403/1682 3892/834 2454/1127
f 3231/1130 4534/944 4403/1682
f 4406/1134 3779/1523 4534/944
f 3029/1140 4239/816 3669/846
f 3033/1140 4243/816 3673/846
f 4174/1550 4642/1156 4611/1155
f 3679/846 2479/1144 3039/1140
f 3039/1140 4249/816 3679/846
f 2468/1148 4269/816 3060/1139
f 3061/1140 3334/866 2468/1144
f 2338/1699 3885/936 2441/1146
f 3671/846 2483/1144 3031/1140
f 3349/814 3030/1139 2483/1148
f 3489/1642 4611/1155 4651/1180
f 3037/1140 4247/816 3677/846
f 3035/1140 4245/816 3675/846
f 4599/1107 3598/1521 4668/1106
f 2464/1148 4277/816 3068/1139
f 2466/1148 4273/816 3064/1139
f 3348/814 3032/1139 2482/1148
f 3031/1140 4241/816 3671/846
f 3312/1671 4612/1151 4644/1149
f 3675/846 2481/1144 3035/1140
f 3345/814 3038/1139 2479/1148
f 3063/1140 3333/866 2467/1144
f 4667/1108 3922/1518 4589/1110
f 3062/1139 3701/846 3061/1140
f 3347/814 3034/1139 2481/1148
f 3673/846 2482/1144 3033/1140
f 2769/1486 3887/930 2448/1157
f 3677/846 2480/1144 3037/1140
f 3346/814 3036/1139 2480/1148
f 3705/846 2466/1144 3065/1140
f 3065/1140 4275/816 3705/846
f 2822/1694 4159/703 2945/1037
f 2945/1037 3589/696 2944/1036
f 3466/494 3020/1206 2707/1158
f 3661/398 2705/1368 3021/1161
f 2463/1148 4281/816 3072/1139
f 3713/674 2573/1176 3073/1164
f 3343/814 3042/1139 2477/1148
f 3041/1140 4251/816 3681/846
f 3689/846 2474/1144 3049/1140
f 3340/814 3048/1139 2474/1148
f 3559/927 2958/1053 2875/1052
f 4170/925 2595/1254 2958/1053
f 3681/846 2478/1144 3041/1140
f 3344/814 3040/1139 2478/1148
f 2467/1148 4271/816 3062/1139
f 3067/1140 3331/866 2465/1144
f 3096/1175 3735/674 3095/1164
f 3743/674 2558/1176 3103/1164
f 3381/735 3112/1173 2555/1169
f 3111/1174 4321/736 3751/689
f 3103/1164 4313/675 3743/674
f 3095/1164 3388/676 2562/1176
f 3089/1164 3391/676 2565/1176
f 3593/748 3594/768 2949/1177
f 4585/1107 3880/1677 2949/1177
f 2567/1205 4297/675 3088/1175
f 3092/1173 3731/689 3091/1174
f 4657/1251 3532/1008 4161/746
f 4589/1109 3922/1678 2382/1018
f 3091/1174 3390/688 2564/1181
f 3086/1173 3725/689 3085/1174
f 2568/1169 4295/736 3086/1173
f 4408/1675 4659/1700 3539/1701
f 3539/1701 4806/1702 4408/1675
f 2785/1189 4806/1702 4084/860
f 3659/398 2706/1368 3019/1161
f 3399/735 3076/1173 2573/1169
f 2394/1054 3354/1504 3288/911
f 4588/1107 3884/1677 2931/1177
f 2374/1692 3837/697 2347/1019
f 3469/494 3016/1206 2710/1158
f 3081/1174 3395/688 2569/1181
f 4661/1432 3573/748 3980/693
f 3657/398 2707/1368 3017/1161
f 2788/1693 4147/751 2933/1023
f 2572/1205 4287/675 3078/1175
f 3093/1164 3389/676 2563/1176
f 3741/674 2559/1176 3101/1164
f 3382/682 3110/1175 2556/1205
f 3749/674 2555/1176 3109/1164
f 2561/1169 4309/736 3100/1173
f 2565/1169 4301/736 3092/1173
f 3021/1161 4231/399 3661/398
f 2321/885 3596/710 2951/714
f 3465/494 3022/1206 2706/1158
f 4416/1669 4652/1659 3493/1660
f 3493/1660 4807/1703 4416/1669
f 2832/1216 4807/1703 4106/766
f 3023/1161 4233/399 3663/398
f 3023/1161 3463/496 2704/1368
f 2951/714 3990/3 2613/716
f 3464/494 3024/1206 2705/1158
f 3928/899 4725/1220 2498/1217
f 4808/900 4419/1662 3928/899
f 4060/1610 4625/1663 4419/1662
f 3025/1140 3329/866 2463/1144
f 4422/1657 4598/1704 4082/1705
f 4082/1705 4809/1706 4422/1657
f 2498/1217 4809/1706 3928/899
f 2950/1013 4123/690 2866/1015
f 4535/1707 4618/1528 4810/1708
f 4427/1236 4535/1707 4810/1708
f 2638/1363 3435/896 4811/898
f 3467/494 3018/1206 2708/1158
f 3078/1175 3717/674 3077/1164
f 2825/1051 3610/714 2968/1241
f 2934/1013 3580/774 2935/1018
f 4582/1109 3840/1678 2388/1018
f 3470/494 3014/1206 2711/1158
f 3075/1174 4285/736 3715/689
f 2929/1031 3573/748 4661/1432
f 3019/1161 4229/399 3659/398
f 2521/1694 4141/703 2927/1037
f 3575/748 3576/768 2931/1177
f 3715/689 2572/1181 3075/1174
f 3100/1173 3739/689 3099/1174
f 3107/1164 4317/675 3747/674
f 3115/1174 4325/736 3755/689
f 3379/735 3116/1173 2553/1169
f 3747/674 2556/1176 3107/1164
f 3099/1174 3386/688 2560/1181
f 3072/1139 3711/846 3071/1140
f 3070/1139 3709/846 3069/1140
f 2519/1051 3604/714 2961/1241
f 3364/884 2959/1241 2520/1051
f 3027/1140 3351/866 2485/1144
f 2484/1148 4237/816 3028/1139
f 4668/1106 3880/1033 4585/1032
f 3069/1140 3330/866 2464/1144
f 3064/1139 3703/846 3063/1140
f 2563/1205 4305/675 3096/1175
f 3105/1174 4315/736 3745/689
f 3114/1175 3753/674 3113/1164
f 2554/1205 4323/675 3114/1175
f 3745/689 2557/1181 3105/1174
f 2562/1205 4307/675 3098/1175
f 3071/1140 3328/866 2462/1144
f 2462/1148 4279/816 3070/1139
f 2961/1241 3817/716 2317/1253
f 2960/1053 3874/699 2424/1254
f 3669/846 2484/1144 3029/1140
f 3028/1139 3667/846 3027/1140
f 3331/814 3066/1139 2465/1148
f 3068/1139 3707/846 3067/1140
f 3098/1175 3737/674 3097/1164
f 3385/682 3104/1175 2559/1205
f 3113/1164 3379/676 2553/1176
f 3755/689 2552/1181 3115/1174
f 3384/735 3106/1173 2558/1169
f 3097/1164 3387/676 2561/1176
f 3053/1140 3338/866 2472/1144
f 3339/814 3050/1139 2473/1148
f 3058/1139 3697/846 3057/1140
f 3059/1140 3335/866 2469/1144
f 4168/7 2416/1015 2954/1013
f 3683/846 2477/1144 3043/1140
f 3045/1140 4255/816 3685/846
f 3691/846 2473/1144 3051/1140
f 2471/1148 4263/816 3054/1139
f 2470/1148 4265/816 3056/1139
f 2469/1148 4267/816 3058/1139
f 3444/773 2954/1013 2656/1257
f 3687/846 2475/1144 3047/1140
f 3342/814 3044/1139 2476/1148
f 3338/814 3052/1139 2472/1148
f 3051/1140 4261/816 3691/846
f 3055/1140 3337/866 2471/1144
f 3057/1140 3336/866 2470/1144
f 3341/814 3046/1139 2475/1148
f 3418/694 2955/714 2610/885
f 3043/1140 4253/816 3683/846
f 3049/1140 4259/816 3689/846
f 3054/1139 3693/846 3053/1140
f 3060/1139 3699/846 3059/1140
f 3056/1139 3695/846 3055/1140
f 3685/846 2476/1144 3045/1140
f 3047/1140 4257/816 3687/846
f 4084/860 4727/1263 2785/1189
f 4812/859 4434/1640 4084/860
f 4059/1617 4627/1641 4434/1640
f 4437/1633 4648/1637 3356/1638
f 3356/1638 4813/1709 4437/1633
f 2833/1200 4813/1709 4107/855
f 3073/1164 4283/675 3713/674
f 3079/1164 3396/676 2570/1176
f 4443/850 2971/1314 3233/1278
f 2747/1257 4149/844 2935/1018
f 4664/1432 3587/748 4068/1010
f 3083/1164 3394/676 2568/1176
f 3026/1139 3665/846 3025/1140
f 3419/694 2974/714 2611/885
f 2416/1257 4155/844 2941/1018
f 2665/1692 4096/697 2808/1019
f 4654/1149 3504/1671 4157/768
f 2944/1036 4132/697 2886/1019
f 2943/1177 3587/748 4664/1432
f 3082/1173 3721/689 3081/1174
f 2485/1148 4235/816 3026/1139
f 4182/7 2747/1015 2973/1013
f 4663/1432 3581/748 4122/1010
f 3080/1175 3719/674 3079/1164
f 4655/1149 3506/1671 4151/768
f 2938/1022 3584/707 2939/1023
f 2940/1013 3586/774 2941/1018
f 3562/773 2973/1013 2882/1257
f 2937/1177 3581/748 4663/1432
f 2571/1205 4289/675 3080/1175
f 4458/758 2686/1710 3234/1311
f 4460/755 2972/1461 3235/1316
f 2658/1693 4153/751 2939/1023
f 3088/1175 3727/674 3087/1164
f 3087/1164 3392/676 2566/1176
f 3085/1174 3393/688 2567/1181
f 2569/1205 4293/675 3084/1175
f 3090/1175 3729/674 3089/1164
f 2566/1205 4299/675 3090/1175
f 4665/1432 3591/748 3868/693
f 2947/1031 3591/748 4665/1432
f 2318/885 4090/693 2796/1016
f 2570/1169 4291/736 3082/1173
f 2843/1711 4331/727 3122/1327
f 3121/1332 3839/730 2351/473
f 3122/1327 3761/726 3121/1332
f 3377/682 3120/1175 2551/1205
f 3655/398 2709/1368 3015/1161
f 3376/682 3074/1175 2550/1205
f 2615/1486 3520/719 2795/47
f 2968/1241 3991/716 2614/1253
f 2315/885 3608/710 2966/714
f 4658/1251 3535/1008 4143/746
f 2966/714 3985/3 2608/716
f 2932/1022 3578/707 2933/1023
f 3017/1161 4227/399 3657/398
f 3084/1175 3723/674 3083/1164
f 2927/1037 3571/696 2926/1036
f 2967/1053 3976/699 2592/1254
f 3015/1161 4225/399 3655/398
f 2926/1036 3971/697 2580/1019
f 2320/885 4129/693 2879/1016
f 3077/1164 3397/676 2571/1176
f 2965/1013 3978/690 2594/1015
f 3094/1175 3733/674 3093/1164
f 3101/1164 4311/675 3741/674
f 3751/689 2554/1181 3111/1174
f 3109/1164 4319/675 3749/674
f 3386/682 3102/1175 2560/1205
f 2564/1205 4303/675 3094/1175
f 3378/682 3118/1175 2552/1205
f 3383/682 3108/1175 2557/1205
f 4464/679 4814/1712 3530/680
f 3236/1337 4467/1338 4464/679
f 1897/796 3530/680 4814/1712
f 3757/674 2551/1176 3117/1164
f 3117/1164 4327/675 3757/674
f 3156/1713 3895/678 2459/1340
f 3759/674 2550/1176 3119/1164
f 3119/1164 4329/675 3759/674
f 4469/1616 4660/1714 3551/1715
f 3551/1715 4815/1716 4469/1616
f 2383/1347 4815/1716 3849/671
f 4472/1609 4592/1717 4027/1718
f 4027/1718 4816/1719 4472/1609
f 2367/1354 4816/1719 3845/669
f 2709/1158 4191/399 2982/1206
f 2996/1206 3635/398 2995/1161
f 2723/1158 4201/399 2992/1206
f 2991/1161 3481/496 2722/1368
f 2997/1161 3477/496 2718/1368
f 2990/1206 3629/398 2989/1161
f 2725/1158 4197/399 2988/1206
f 2721/1158 4187/399 2978/1206
f 2977/1161 3486/496 2727/1368
f 2983/1161 4193/399 3623/398
f 3619/398 2720/1368 2979/1161
f 3623/398 2708/1368 2983/1161
f 4600/1107 3616/1521 4672/1106
f 2989/1161 3482/496 2723/1368
f 2992/1206 3631/398 2991/1161
f 3486/494 2980/1206 2727/1158
f 3433/624 3157/1720 2632/1370
f 3405/615 3156/1713 2588/1379
f 3771/609 2461/217 3143/1380
f 3772/214 3143/1380 3144/1383
f 3827/605 3128/1389 2333/1385
f 2633/618 3433/599 2632/1379
f 3135/1721 3769/596 3136/1387
f 3127/1390 4334/593 3764/464
f 4094/587 2417/610 2802/1340
f 2738/620 4338/577 3136/1387
f 3474/494 3006/1206 2715/1158
f 3005/1161 4215/399 3645/398
f 3651/398 2711/1368 3011/1161
f 3005/1161 3473/496 2714/1368
f 2717/1158 4211/399 3002/1206
f 2716/1158 4213/399 3004/1206
f 3000/1206 3639/398 2999/1161
f 3013/1161 4223/399 3653/398
f 3471/494 3012/1206 2712/1158
f 2718/1158 4209/399 3000/1206
f 3472/494 3010/1206 2713/1158
f 3009/1161 4219/399 3649/398
f 3001/1161 3475/496 2716/1368
f 3653/398 2710/1368 3013/1161
f 3002/1206 3641/398 3001/1161
f 2999/1161 3476/496 2717/1368
f 3004/1206 3643/398 3003/1161
f 3003/1161 3474/496 2715/1368
f 3649/398 2712/1368 3009/1161
f 3011/1161 4221/399 3651/398
f 3007/1161 4217/399 3647/398
f 3647/398 2713/1368 3007/1161
f 2719/1158 4207/399 2998/1206
f 3473/494 3008/1206 2714/1158
f 2978/1206 3617/398 2977/1161
f 2722/1158 4203/399 2994/1206
f 4672/1106 3884/1033 4588/1032
f 3625/398 2725/1368 2985/1161
f 2987/1161 3483/496 2724/1368
f 2988/1206 3627/398 2987/1161
f 4671/1108 3840/1518 4582/1110
f 2985/1161 4195/399 3625/398
f 2995/1161 3478/496 2719/1368
f 3485/494 2984/1206 2726/1158
f 2979/1161 4189/399 3619/398
f 2981/1161 3485/496 2726/1368
f 3463/494 2986/1206 2704/1158
f 2993/1161 3480/496 2721/1368
f 2994/1206 3633/398 2993/1161
f 2720/1158 4205/399 2996/1206
f 2724/1158 4199/399 2990/1206
f 2982/1206 3621/398 2981/1161
f 3361/493 2328/1698 2508/1407
f 2449/1409 3935/1504 3888/489
f 3885/479 2639/1698 2441/1411
f 3764/464 2542/1722 3127/1390
f 3981/413 2450/1723 2603/1422
f 2577/1426 4071/403 3970/91
f 3317/408 2423/1723 2446/1427
f 2392/47 3368/403 3287/46
f 2998/1206 3637/398 2997/1161
f 2803/1056 3286/396 2390/1054
f 2496/1283 3854/15 2389/1430
f 4639/1156 3257/24 4024/5
f 4604/1027 4144/1028 2811/1025
f 2932/1022 3852/15 2387/1430
f 2934/1013 3851/5 2386/1014
f 4653/1180 3503/1642 4023/19
f 2938/1022 4022/15 2682/1430
f 2940/1013 3850/5 2385/1014
f 4642/1180 3310/1642 4021/19
f 2628/1283 4020/15 2680/1430
f 4641/1156 3294/24 4019/5
f 4608/1027 4162/1028 2792/1025
f 4830/1724 4346/1725 4617/1726
f 4819/1727 4818/1728 4536/1729
f 4820/1730 4674/1731 3776/1732
f 2768/1456 3361/379 2508/1056
f 4829/1733 4082/1705 4598/1704
f 4828/1734 4537/1735 4823/1736
f 4827/1737 3775/1738 4824/1739
f 2651/1257 3595/317 2950/1013
f 4583/1109 3597/1680 4667/1108
f 4169/277 2318/716 2955/714
f 2770/1740 3981/329 2603/1454
f 4171/43 2319/1253 2959/1241
f 2649/1052 3603/297 2960/1053
f 2890/1056 3875/324 2425/1456
f 4175/1604 4654/1251 4612/1151
f 2363/1257 3607/317 2965/1013
f 2406/1052 3609/297 2967/1053
f 4496/280 2509/1741 3241/1458
f 4183/277 2320/716 2974/714
f 4581/1109 3615/1680 4671/1108
f 2847/1467 3548/258 2850/1465
f 3548/259 2848/1465 2850/1467
f 2348/1467 3373/258 2545/1465
f 3373/259 2789/1465 2545/1467
f 2340/1467 3372/258 2544/1465
f 2544/1467 3290/258 2396/1465
f 2396/1467 3459/258 2691/1465
f 2691/1467 3547/258 2849/1465
f 2849/1467 3545/258 2847/1465
f 2848/1467 3293/258 2402/1465
f 2402/1467 3369/258 2540/1465
f 2540/1467 3544/258 2846/1465
f 2846/1467 3549/258 2851/1465
f 2851/1467 3540/258 2842/1465
f 2842/1467 3400/258 2576/1465
f 3400/259 2395/1465 2576/1467
f 3289/259 2541/1465 2395/1467
f 3370/259 2486/1465 2541/1467
f 3352/259 2790/1465 2486/1467
f 3518/259 2348/1465 2790/1467
f 3517/259 2780/1465 2789/1467
f 3514/259 2631/1465 2780/1467
f 3432/259 2855/1465 2631/1467
f 3552/259 2340/1465 2855/1467
f 2815/1471 3404/255 2587/1469
f 2659/1471 3529/255 2815/1469
f 3308/253 2659/1469 2429/1471
f 3413/253 2429/1469 2604/1471
f 3531/253 2604/1469 2817/1471
f 3438/253 2817/1469 2645/1471
f 3495/253 2645/1469 2741/1471
f 3274/253 2741/1469 2358/1471
f 3355/253 2358/1469 2493/1471
f 3496/253 2493/1469 2742/1471
f 3557/253 2742/1469 2872/1471
f 3556/253 2872/1469 2871/1471
f 3440/253 2871/1469 2647/1471
f 3441/253 2647/1469 2648/1471
f 2418/1471 3441/255 2648/1469
f 2799/1471 3302/255 2418/1469
f 2586/1471 3523/255 2799/1469
f 2874/1471 3403/255 2586/1469
f 2798/1471 3558/255 2874/1469
f 2354/1471 3522/255 2798/1469
f 3303/253 2354/1469 2419/1471
f 2800/1471 3303/255 2419/1469
f 2646/1471 3524/255 2800/1469
f 2587/1471 3439/255 2646/1469
f 3511/247 2337/1478 2771/1472
f 3262/250 2693/1479 2337/1475
f 2693/1472 3543/246 2845/1478
f 2845/1472 3261/246 2336/1478
f 2336/1475 3427/249 2626/1479
f 2626/1472 3325/246 2456/1478
f 2456/1475 3254/249 2325/1479
f 2325/1472 3431/246 2630/1478
f 2630/1472 3460/246 2692/1478
f 2692/1475 3462/249 2697/1479
f 2697/1472 3322/246 2453/1478
f 2453/1472 3292/246 2399/1478
f 2399/1472 3542/246 2844/1478
f 2844/1475 3321/249 2452/1479
f 3321/247 2339/1478 2452/1472
f 3264/247 2404/1478 2339/1472
f 3295/250 2334/1479 2404/1475
f 3259/247 2629/1478 2334/1472
f 3430/247 2853/1478 2629/1472
f 3550/250 2547/1479 2853/1475
f 2547/1472 3424/246 2622/1478
f 3424/250 2398/1479 2622/1475
f 3291/247 2335/1478 2398/1472
f 3260/247 2771/1478 2335/1472
f 2548/1742 3835/244 2342/725
f 3866/237 2408/1743 2407/1391
f 3135/1721 3405/223 2588/1370
f 3895/212 3144/1383 2459/1483
f 3157/1720 4094/178 2802/1483
f 3242/1485 3425/174 2623/1398
f 2371/1157 3317/58 2446/1486
f 4825/1744 4027/1718 4592/1717
f 4638/1526 4538/1745 4825/1744
f 2606/1276 4826/143 4738/1493
f 4504/122 4507/1500 3876/123
f 3244/1497 4507/1500 4504/122
f 4507/1500 227/511 3876/123
f 4353/1604 4655/1251 4620/1151
f 2598/416 3509/96 112/1421
f 2450/1723 3368/80 2538/1202
f 2577/1426 3318/92 2448/1505
f 2423/1723 4056/80 2728/1202
f 4511/61 346/893 2621/1510
f 2392/47 3997/58 2627/1486
f 2509/1049 3507/48 2763/1514
f 4360/43 2612/1253 3194/1241
f 3854/15 3196/1022 2389/1430
f 2666/1055 4095/40 2803/1515
f 4024/5 3198/1013 2685/1014
f 2811/1025 3821/3 2321/716
f 3852/15 2867/1283 2387/1430
f 3851/5 4649/1156 2641/699
f 4023/19 3210/1013 2683/1018
f 4022/15 2605/1283 2682/1430
f 3850/5 4651/1156 2735/699
f 4021/19 3216/1013 2681/1018
f 4020/15 3218/1022 2680/1430
f 4019/5 3220/1013 2679/1014
f 2792/1025 3816/3 2315/716
f 4620/1151 2762/1179 3180/1150
f 4503/1525 4826/143 4538/1745
f 3243/1746 4825/1744 4500/1747
f 4500/1747 4592/1717 2690/1350
f 2331/295 4671/1108 2975/297
f 4612/1151 2760/1179 2963/1150
f 2403/295 4667/1108 2952/297
f 4822/1748 4824/1739 4537/1735
f 4493/1554 4827/1737 4822/1748
f 4736/1449 4673/1749 4827/1737
f 4733/1750 4823/1736 4490/1578
f 3240/1445 4828/1734 4733/1750
f 4636/1555 4822/1748 4828/1734
f 4633/1751 4598/1704 2779/1227
f 4490/1578 4829/1733 4633/1751
f 4823/1736 4821/1752 4829/1733
f 4852/1753 4820/1730 4818/1728
f 4818/1728 4820/1730 4536/1729
f 3170/1441 4674/1731 4852/1753
f 4853/1754 4819/1727 4731/1597
f 4731/1597 4819/1727 4486/1598
f 4489/1442 4818/1728 4853/1754
f 4631/1755 4617/1726 3171/1435
f 4486/1598 4830/1724 4631/1755
f 4819/1727 4817/1756 4830/1724
f 2975/297 4582/1110 2352/699
f 2976/1150 4588/1032 2440/1179
f 2824/1105 4672/1106 2976/1150
f 2953/1150 4585/1032 2436/1179
f 4810/1708 3172/1757 4424/1758
f 2952/297 4589/1110 2487/699
f 4644/1149 2963/1150 2437/1105
f 2821/1105 4668/1106 2953/1150
f 4651/1180 2962/297 2735/295
f 4611/1155 2431/699 2962/297
f 4619/1155 2758/699 3179/297
f 4649/1180 3179/297 2641/295
f 4645/1149 3180/1150 2438/1105
f 4805/1696 4804/1697 3789/990
f 4805/1696 4803/986 4804/1697
f 4803/986 4385/1061 4804/1697
f 4801/1688 4800/1060 4385/1061
f 4801/1688 4802/1687 4800/1060
f 4802/1687 4358/1059 4800/1060
f 4687/629 2307/16 1669/395
f 4691/269 2069/51 43/893
f 4577/270 39/500 2069/51
f 4569/270 23/500 2066/51
f 4693/269 2066/51 27/893
f 8/804 4710/102 1855/100
f 4686/629 2244/16 1668/395
f 2237/16 4547/23 1665/391
f 3232/1233 4787/1653 4785/1651
f 4854/1759 4786/1650 4674/1731
f 4674/1731 4786/1650 3776/1732
f 4426/1234 4785/1651 4854/1759
f 4574/1760 4576/1649 2293/388
f 3776/1732 4831/1648 4574/1760
f 4786/1650 4784/1230 4831/1648
f 4134/798 4716/1584 2231/785
f 4526/1647 4616/1644 4345/1646
f 1855/100 4543/101 4/711
f 64/804 4714/102 1856/100
f 1856/100 4546/101 60/711
f 2251/16 4540/23 1671/391
f 4855/1761 4768/1596 4766/1594
f 4766/1594 4768/1596 4523/1595
f 3239/1438 4731/1597 4855/1761
f 4856/1762 4767/1593 4659/1700
f 4659/1700 4767/1593 3539/1701
f 4488/1439 4766/1594 4856/1762
f 4559/920 4575/1592 2189/858
f 3539/1701 4832/1590 4559/920
f 4767/1593 4765/1763 4832/1590
f 2754/1366 4764/1589 4069/667
f 320/634 4764/1589 4701/1586
f 4108/1588 4763/1437 4601/1184
f 2231/785 4762/1581 3500/1365
f 3500/1365 4732/1583 2754/1366
f 4487/1582 4761/1440 4632/1580
f 4758/1764 4760/1579 4520/1575
f 4492/1563 4833/1577 4758/1764
f 4735/1446 4733/1750 4833/1577
f 4660/1714 4759/1576 3551/1715
f 2854/1343 4834/1574 4660/1714
f 4635/1564 4758/1764 4834/1574
f 4560/673 4556/1573 335/657
f 3551/1715 4835/1571 4560/673
f 4759/1576 4757/1765 4835/1571
f 4754/1766 4756/1570 4519/1566
f 3777/1591 4836/1568 4754/1766
f 4675/1436 4734/1767 4836/1568
f 4702/1618 4755/1567 4120/1619
f 2189/858 4837/1565 4702/1618
f 4575/1592 4754/1766 4837/1565
f 4602/1342 4635/1564 2854/1343
f 4120/1619 4838/1562 4602/1342
f 4755/1567 4753/1768 4838/1562
f 4750/1769 4752/1561 4518/1557
f 4346/1725 4839/1559 4750/1769
f 4717/389 4715/1770 4839/1559
f 4734/1767 4751/1558 4491/1569
f 3171/1435 4840/1556 4734/1767
f 4617/1726 4750/1769 4840/1556
f 4634/1771 4636/1555 3240/1445
f 4491/1569 4841/1553 4634/1771
f 4751/1558 4749/1772 4841/1553
f 2130/395 4709/933 2237/16
f 4570/502 2067/391 2244/16
f 2133/395 4713/933 2251/16
f 4746/1541 4857/1773 4748/1542
f 4502/1492 4737/1491 4746/1541
f 4500/1747 4748/1542 4857/1773
f 4673/1749 4747/1540 3775/1738
f 3169/1448 4842/1538 4673/1749
f 4637/1530 4746/1541 4842/1538
f 4573/1774 4550/1537 2097/373
f 3775/1738 4843/1536 4573/1774
f 4747/1540 4745/1488 4843/1536
f 4742/1534 4858/1775 4744/1535
f 3778/1232 4676/1231 4742/1534
f 4501/1776 4744/1535 4858/1775
f 4715/1770 4743/1533 4344/1560
f 2293/388 4844/1531 4715/1770
f 4576/1649 4742/1534 4844/1531
f 4615/1777 4637/1530 3169/1448
f 4344/1560 4845/1529 4615/1777
f 4743/1533 4741/1490 4845/1529
f 4718/897 4515/1778 4347/1527
f 3172/1757 4739/1524 4501/1776
f 4501/1776 4638/1526 3243/1746
f 4578/502 2070/391 2307/16
f 4678/1106 4075/1033 3784/1521
f 4740/1494 4503/1525 4515/1778
f 4741/1490 4859/1779 4737/1491
f 4516/1532 4744/1535 4741/1490
f 3243/1746 4737/1491 4859/1779
f 4745/1488 4860/1780 4650/1349
f 4517/1539 4748/1542 4745/1488
f 2690/1350 4650/1349 4860/1780
f 3257/1642 4613/1155 4184/1550
f 4670/1106 4073/1033 3606/1521
f 3294/1642 4609/1155 4166/1550
f 4749/1772 4736/1449 4493/1554
f 4518/1557 4846/1447 4749/1772
f 4752/1561 4615/1777 4846/1447
f 4753/1768 4735/1446 4492/1563
f 4519/1566 4847/1444 4753/1768
f 4756/1570 4634/1771 4847/1444
f 4757/1765 4656/1226 3513/1572
f 4520/1575 4848/1443 4757/1765
f 4760/1579 4633/1751 4848/1443
f 4345/1646 4761/1440 4521/1585
f 4522/1587 4632/1580 4763/1437
f 4765/1763 4675/1436 3777/1591
f 4523/1595 4849/1434 4765/1763
f 4768/1596 4631/1755 4849/1434
f 4184/1550 4640/1156 3271/24
f 4185/1604 4646/1251 3315/1008
f 3535/1671 4614/1151 4185/1604
f 4167/1604 4643/1251 3311/1008
f 4784/1230 4861/1781 4676/1231
f 4527/1652 4787/1653 4784/1230
f 3172/1757 4676/1231 4861/1781
f 4166/1550 4647/1156 3353/24
f 4586/1107 3606/1521 3881/1677
f 3532/1671 4610/1151 4167/1604
f 4593/1109 3605/1680 4058/1678
f 4669/1108 3879/1518 3605/1680
f 4677/1108 4072/1518 3783/1680
f 4591/1109 3783/1680 4006/1678
f 4587/1107 3784/1521 3882/1677
f 4545/803 4353/1604 3313/1671
f 4549/394 4352/1550 3437/1642
f 4719/933 3503/24 4352/1550
f 4711/933 3310/24 4174/1550
f 4551/394 4174/1550 3489/1642
f 4101/1677 4568/502 3598/1521
f 4544/803 4175/1604 3312/1671
f 3597/1680 4689/501 3922/1518
f 4811/898 4347/1527 4535/1707
f 3598/1521 4685/503 3880/1033
f 4104/1677 4572/502 3616/1521
f 3616/1521 4688/503 3884/1033
f 3615/1680 4682/501 3840/1518
f 4817/1756 4717/389 4346/1725
f 4536/1729 4850/387 4817/1756
f 4820/1730 4574/1760 4850/387
f 4821/1752 4698/374 4082/1705
f 4537/1735 4851/372 4821/1752
f 4824/1739 4573/1774 4851/372
f 3863/1678 4567/270 3597/1680
f 4712/102 3504/1008 4175/1604
f 3826/1678 4571/270 3615/1680
f 4538/1745 4692/145 4027/1718
f 4720/102 3506/1008 4353/1604
f 3519/1 1600/6 1509/2
f 2209/4 784/4 790/4
f 470/8 471/298 469/9
f 425/11 424/1323 2581/12
f 1427/14 1426/14 1424/14
f 1563/18 825/18 823/18
f 2511/20 85/1691 81/21
f 3489/24 3850/5 1602/6
f 1602/6 1668/391 4551/23
f 1390/25 1389/25 1387/25
f 1978/16 2068/1622 3414/26
f 1744/27 891/27 903/27
f 789/4 788/4 2208/4
f 3437/24 3851/5 1604/6
f 1604/6 1669/391 4549/23
f 2826/28 98/1782 90/29
f 2489/31 1474/1783 2373/32
f 1351/34 1350/34 1348/34
f 1606/16 1670/1622 3555/26
f 1863/35 868/35 866/35
f 3528/1 1608/6 1518/2
f 435/36 434/1784 430/37
f 3449/39 88/1691 77/21
f 2058/41 54/1623 3420/42
f 1207/44 1206/44 2364/44
f 2409/45 74/69 4089/46
f 3507/48 3931/1050 86/49
f 1575/51 43/893 2069/52
f 1772/54 211/113 310/55
f 3287/46 110/69 79/57
f 2585/59 76/69 82/57
f 2764/59 92/69 77/57
f 1419/14 1418/14 1416/14
f 1928/18 821/18 833/18
f 2497/64 93/1629 2534/65
f 1425/14 1424/14 1422/14
f 1091/67 1090/67 1932/67
f 2536/71 93/406 78/72
f 2393/71 102/406 89/72
f 103/57 105/81 94/74
f 1508/36 1507/1784 1503/37
f 1930/27 893/27 891/27
f 432/76 428/118 430/37
f 2444/83 102/69 91/57
f 2445/59 101/69 94/57
f 106/85 2767/484 4510/86
f 2094/88 304/99 1996/56
f 96/90 95/349 89/74
f 1779/18 827/18 825/18
f 3970/91 75/69 108/82
f 2840/59 110/69 83/57
f 2308/89 1542/88 282/99
f 2219/100 40/711 4555/101
f 786/4 785/4 1562/4
f 1689/105 2306/108 2516/103
f 2306/108 1755/116 2516/103
f 1530/106 137/392 2084/107
f 1973/109 333/115 1912/110
f 1638/112 386/157 199/113
f 2303/111 1632/158 338/114
f 2302/111 2158/109 335/115
f 2221/107 145/184 2081/116
f 1593/88 306/99 2184/56
f 1921/112 381/157 189/113
f 3177/117 2412/103 121/104
f 1493/118 1494/343 1496/38
f 2228/109 328/115 2191/110
f 1595/109 321/115 1545/110
f 2061/107 142/392 122/119
f 1951/107 149/392 136/119
f 1756/107 140/392 116/119
f 116/121 140/184 1790/107
f 132/121 147/184 1615/107
f 1581/107 145/392 128/119
f 1857/107 148/392 134/119
f 122/121 142/184 1890/107
f 134/121 148/184 1691/107
f 2221/107 144/392 126/119
f 522/4 535/4 539/4
f 2136/107 143/392 124/119
f 2405/125 2413/928 1465/126
f 2172/128 1953/120 174/119
f 1818/130 356/156 178/131
f 2013/130 367/156 202/131
f 122/133 166/121 1988/120
f 524/4 537/4 536/4
f 2225/120 169/119 128/129
f 536/4 535/4 522/4
f 2295/111 1861/109 332/115
f 1582/116 129/104 2082/105
f 2121/27 903/27 901/27
f 162/134 152/135 1791/128
f 152/135 164/133 1791/128
f 156/134 157/135 2225/128
f 157/135 169/133 2225/128
f 166/129 154/134 1988/128
f 154/134 155/135 1988/128
f 171/129 159/134 1692/128
f 159/134 160/135 1692/128
f 151/134 153/135 1758/128
f 153/135 165/133 1758/128
f 160/134 161/135 1793/128
f 161/135 173/133 1793/128
f 153/134 154/135 1892/128
f 154/135 166/133 1892/128
f 161/134 162/135 1953/128
f 162/135 174/133 1953/128
f 120/121 141/184 1690/107
f 157/134 158/135 1532/128
f 158/135 170/133 1532/128
f 155/134 156/135 2137/128
f 156/135 168/133 2137/128
f 158/134 159/135 1657/128
f 159/135 171/133 1657/128
f 1894/54 2182/56 290/99
f 1908/54 2183/56 298/99
f 1800/132 1968/141 309/137
f 2087/54 1903/56 280/99
f 1693/54 1996/56 304/99
f 1535/54 1801/56 286/99
f 1619/132 2141/141 279/137
f 1900/54 2184/56 306/99
f 1622/132 1773/141 291/137
f 1694/142 179/113 282/55
f 2187/132 1594/141 305/137
f 1699/54 195/113 294/55
f 1620/132 188/131 285/140
f 1534/54 2181/56 282/99
f 2089/54 217/113 316/55
f 2178/132 202/131 299/140
f 2174/132 1584/141 313/137
f 2085/54 1626/56 316/99
f 1991/132 2142/141 311/137
f 1989/132 2140/141 287/137
f 1541/54 1803/56 310/99
f 4826/143 3415/1275 327/144
f 1891/442 2292/369 2620/148
f 2292/369 2224/146 2620/148
f 220/149 243/155 245/150
f 244/155 243/150 220/151
f 242/149 266/155 244/150
f 250/155 251/150 227/151
f 234/149 258/155 259/150
f 241/151 240/149 264/155
f 221/149 245/155 246/150
f 227/149 251/155 252/150
f 230/149 254/155 255/150
f 248/155 249/150 225/151
f 232/151 231/149 255/155
f 252/155 253/150 229/151
f 247/155 248/150 224/151
f 233/151 232/149 256/155
f 235/149 259/155 260/150
f 238/151 237/149 261/155
f 229/149 253/155 254/150
f 237/151 236/149 260/155
f 246/155 247/150 223/151
f 225/149 249/155 250/150
f 238/149 262/155 263/150
f 233/149 257/155 258/150
f 265/155 266/150 242/151
f 2114/112 383/157 193/113
f 218/138 375/160 1901/130
f 196/138 364/160 1799/130
f 2174/132 2014/130 375/156
f 1987/128 1758/120 165/119
f 128/133 169/121 1532/120
f 1726/112 379/157 185/113
f 1900/54 1922/112 389/157
f 1693/54 1844/112 388/157
f 1713/158 2064/400 350/159
f 3166/117 2291/108 1685/116
f 1685/116 123/104 3166/117
f 1618/132 202/138 367/160
f 189/136 381/161 1798/112
f 1999/132 198/138 365/160
f 199/136 386/161 1538/112
f 1692/120 172/119 134/129
f 2204/112 384/157 195/113
f 2096/54 185/136 379/161
f 1991/132 1918/130 374/156
f 1716/130 364/156 196/131
f 2518/162 1468/356 1470/163
f 2186/132 192/138 362/160
f 1455/167 2128/901 2868/165
f 2128/901 1569/423 2868/165
f 190/138 361/160 1536/130
f 2230/109 341/115 1913/110
f 2205/112 395/157 217/113
f 208/138 370/160 1623/130
f 2113/130 360/156 188/131
f 1639/112 394/157 215/113
f 518/4 531/4 537/4
f 2176/132 1826/130 359/156
f 1998/132 206/138 369/160
f 2095/54 209/136 391/161
f 2011/130 270/156 182/131
f 2289/111 2063/109 334/115
f 204/138 368/160 2179/130
f 1820/130 358/156 180/131
f 1534/54 1557/112 377/157
f 1627/132 210/138 371/160
f 2203/112 376/157 175/113
f 1986/128 134/133 172/121
f 2139/54 193/136 383/161
f 2287/89 1775/88 316/99
f 2286/89 1592/88 298/99
f 213/136 393/161 2180/112
f 2285/111 1713/158 323/114
f 1913/158 341/114 1810/109
f 2283/89 1907/88 310/99
f 2079/116 119/104 1886/105
f 2281/89 2093/88 296/99
f 2280/111 1661/109 338/115
f 1702/88 292/99 1617/56
f 1659/109 330/115 1630/110
f 2277/89 2092/88 288/99
f 2276/108 1950/116 125/104
f 2275/89 2154/88 312/99
f 2188/141 283/140 1701/88
f 2273/89 1594/141 307/140
f 2272/89 1533/141 299/140
f 3162/117 2271/108 2083/116
f 2083/116 135/104 3162/117
f 3846/171 103/75 100/57
f 2270/89 2090/88 280/99
f 1618/132 1760/141 299/137
f 1999/132 2152/141 295/137
f 1627/132 1774/141 307/137
f 1896/54 2185/56 314/99
f 2175/132 178/131 279/140
f 1804/132 1967/141 293/137
f 2095/54 1625/56 308/99
f 1537/54 1802/56 294/99
f 1796/132 1955/141 285/137
f 2086/54 1624/56 300/99
f 1761/54 187/113 286/55
f 1998/132 2153/141 303/137
f 2176/139 186/131 283/140
f 1794/132 1954/141 301/137
f 760/4 762/4 783/4
f 2139/54 191/113 290/55
f 2186/132 1591/141 289/137
f 1539/54 201/113 300/55
f 2173/132 2062/141 315/137
f 4498/172 2791/312 261/173
f 2426/175 1459/360 1457/166
f 1905/88 294/99 1802/56
f 1743/4 787/4 786/4
f 2267/111 2098/158 327/114
f 4343/176 1662/1785 355/177
f 1906/88 302/99 1797/56
f 2264/89 2142/141 313/140
f 1539/54 1735/112 387/157
f 2263/89 1543/88 290/99
f 1559/112 393/157 213/113
f 2262/111 1597/109 329/115
f 2531/179 1452/1786 1454/180
f 2156/109 327/115 2098/110
f 2514/103 133/104 1688/105
f 2259/111 1549/110 337/182
f 2806/67 2362/67 1035/67
f 2258/108 1615/107 147/184
f 1807/158 332/114 1707/109
f 1481/76 1477/118 1479/37
f 2256/108 1756/105 139/185
f 2255/111 2227/109 320/115
f 2254/89 1966/88 181/99
f 1904/88 286/99 1801/56
f 2744/67 1050/67 1040/67
f 352/192 399/1787 2105/193
f 2252/111 2159/183 336/195
f 353/199 345/202 2106/200
f 1551/200 1552/201 2341/203
f 1552/201 355/199 2341/203
f 354/199 347/202 1712/200
f 188/138 360/160 2177/130
f 2807/207 2198/211 2197/208
f 3896/215 1715/611 3142/216
f 2778/226 1814/584 3767/227
f 2008/229 2200/234 2860/230
f 2447/232 3129/607 4335/233
f 1634/235 1635/1599 3867/236
f 2775/239 2111/467 3763/240
f 3944/242 1812/1624 1555/243
f 1817/245 1816/251 3511/246
f 1819/245 1817/251 3260/246
f 1821/248 1819/252 3291/249
f 3374/247 1822/245 1821/251
f 1823/248 1822/252 3374/249
f 1824/245 1823/251 3550/246
f 1825/245 1824/251 3430/246
f 1827/248 1825/252 3259/249
f 1828/245 1827/251 3295/246
f 1829/245 1828/251 3264/246
f 3542/250 1830/248 1829/252
f 3292/247 1831/245 1830/251
f 3322/247 1832/245 1831/251
f 3462/247 1833/245 1832/251
f 3460/250 1834/248 1833/252
f 3431/247 1835/245 1834/251
f 3254/247 1836/245 1835/251
f 3325/250 1837/248 1836/252
f 3427/247 1838/245 1837/251
f 3261/250 1839/248 1838/252
f 3543/247 1840/245 1839/251
f 3461/247 1842/245 1840/251
f 1843/248 1842/252 3461/249
f 1816/245 1843/251 3262/246
f 3404/253 1718/256 1717/254
f 3439/253 1717/256 1719/254
f 3524/253 1719/256 1720/254
f 1720/256 1721/254 3272/255
f 3272/253 1721/256 1722/254
f 3522/253 1722/256 1723/254
f 3558/253 1723/256 1724/254
f 3403/253 1724/256 1725/254
f 3523/253 1725/256 1727/254
f 3302/253 1727/256 1728/254
f 1728/256 1729/254 3440/255
f 1729/256 1730/254 3556/255
f 1730/256 1731/254 3557/255
f 1731/256 1732/254 3496/255
f 1732/256 1733/254 3355/255
f 1733/256 1734/254 3274/255
f 1734/256 1736/254 3495/255
f 1736/256 1737/254 3438/255
f 1737/256 1738/254 3531/255
f 1738/256 1739/254 3413/255
f 1739/256 1740/254 3308/255
f 1740/256 1741/254 3446/255
f 3446/253 1741/256 1742/254
f 3529/253 1742/256 1718/254
f 2016/257 2015/260 3265/258
f 2017/257 2016/260 3552/258
f 2018/257 2017/260 3432/258
f 2020/257 2018/260 3514/258
f 2022/257 2021/260 3269/258
f 2023/257 2022/260 3518/258
f 2024/257 2023/260 3352/258
f 2025/257 2024/260 3370/258
f 2026/257 2025/260 3289/258
f 2027/257 2026/260 3400/258
f 3549/259 2028/257 2027/260
f 3544/259 2029/257 2028/260
f 3369/259 2030/257 2029/260
f 3293/259 2031/257 2030/260
f 3546/259 2032/257 2031/260
f 3547/259 2034/257 2033/260
f 3459/259 2035/257 2034/260
f 3290/259 2036/257 2035/260
f 3372/259 2037/257 2036/260
f 2015/257 2037/260 3372/258
f 2038/257 2020/260 3517/258
f 3269/259 2021/257 2038/260
f 2039/257 2032/260 3546/258
f 3545/259 2033/257 2039/260
f 2618/261 95/1788 96/262
f 2220/264 112/1789 108/265
f 427/134 426/118 422/267
f 4681/269 63/893 1672/51
f 1501/118 1502/343 1504/38
f 421/271 425/1323 2582/12
f 1384/25 1383/25 1381/25
f 2376/273 106/75 91/57
f 1485/118 1486/343 1488/38
f 411/195 2099/158 2289/111
f 186/138 359/160 2113/130
f 205/136 389/161 1844/112
f 1998/132 1540/130 370/156
f 1316/14 1315/14 1313/14
f 2057/275 42/811 3251/276
f 1477/118 1478/343 1480/38
f 1417/14 1416/14 1414/14
f 785/4 784/4 2209/4
f 1203/44 1202/44 2654/44
f 668/4 674/4 614/4
f 2669/278 86/1790 3931/279
f 2213/281 936/281 934/281
f 1347/34 1346/34 1344/34
f 1355/34 1354/34 1352/34
f 1310/14 1309/14 1321/14
f 439/286 438/322 436/287
f 1944/51 46/893 1981/52
f 691/4 723/4 768/4
f 1598/27 897/27 895/27
f 1224/289 1218/289 1220/289
f 593/4 549/4 626/4
f 3865/295 71/905 1881/296
f 467/284 471/298 470/8
f 464/292 468/10 469/9
f 465/283 469/9 471/298
f 314/55 1626/56 2085/54
f 462/285 453/285 1925/285
f 331/114 1659/109 2278/111
f 462/285 460/285 1926/285
f 2089/54 1893/56 277/99
f 2155/299 2156/644 2353/300
f 1592/302 2272/89 1624/56
f 2528/303 2687/1191 3457/304
f 1589/306 1770/310 2907/307
f 259/309 1587/308 2907/307
f 1959/311 261/173 2791/312
f 1963/313 2148/545 2908/314
f 480/4 481/4 489/4
f 479/4 491/4 481/4
f 1160/44 1158/44 1146/44
f 1147/44 1148/44 1161/44
f 1149/44 1161/44 1151/44
f 1150/44 1151/44 1159/44
f 1167/44 1168/44 1181/44
f 1177/44 1178/44 1191/44
f 508/4 512/4 525/4
f 1142/44 1143/44 1163/44
f 511/4 505/4 518/4
f 509/4 510/4 523/4
f 1176/44 1177/44 1190/44
f 496/4 509/4 513/4
f 480/4 472/4 492/4
f 691/4 723/4 722/4
f 535/4 545/4 603/4
f 1147/44 1149/44 1167/44
f 1162/44 1163/44 1176/44
f 1036/67 1055/67 1059/67
f 479/4 480/4 498/4
f 1065/67 1066/67 1079/67
f 1057/67 1051/67 1064/67
f 1146/44 1152/44 1169/44
f 497/4 498/4 511/4
f 473/4 475/4 494/4
f 1150/44 1142/44 1162/44
f 709/4 710/4 685/4
f 1147/44 1166/44 1170/44
f 1055/67 1056/67 1069/67
f 1971/109 317/115 1910/110
f 2883/44 1205/44 1209/44
f 120/133 165/121 1892/120
f 534/4 533/4 520/4
f 1841/130 373/156 214/131
f 519/4 532/4 531/4
f 607/4 615/4 675/4
f 519/4 520/4 533/4
f 547/4 614/4 613/4
f 708/4 712/4 683/4
f 670/4 671/4 708/4
f 758/4 760/4 781/4
f 555/4 556/4 590/4
f 589/4 557/4 547/4
f 783/4 754/4 750/4
f 708/4 691/4 747/4
f 490/4 474/4 568/4
f 1304/289 1305/289 1268/289
f 481/4 570/4 572/4
f 1245/44 1249/44 1256/44
f 494/4 495/4 508/4
f 574/4 581/4 577/4
f 581/4 588/4 584/4
f 570/4 577/4 579/4
f 1144/44 1159/44 1242/44
f 1250/44 1245/44 1252/44
f 580/4 575/4 582/4
f 577/4 584/4 586/4
f 547/4 557/4 604/4
f 706/4 707/4 692/4
f 556/4 555/4 606/4
f 738/4 759/4 761/4
f 549/4 548/4 613/4
f 762/4 733/4 725/4
f 673/4 674/4 711/4
f 668/4 705/4 711/4
f 654/4 637/4 645/4
f 672/4 682/4 719/4
f 702/4 704/4 741/4
f 531/4 532/4 590/4
f 727/4 735/4 758/4
f 691/4 683/4 731/4
f 686/4 728/4 763/4
f 686/4 748/4 769/4
f 690/4 698/4 737/4
f 741/4 696/4 688/4
f 593/4 603/4 632/4
f 602/4 592/4 554/4
f 1055/67 1068/67 1072/67
f 495/4 499/4 512/4
f 752/4 756/4 779/4
f 711/4 705/4 694/4
f 671/4 675/4 712/4
f 546/4 615/4 607/4
f 709/4 719/4 748/4
f 602/4 631/4 610/4
f 607/4 671/4 681/4
f 549/4 612/4 647/4
f 612/4 672/4 676/4
f 2810/44 2503/44 1208/44
f 1095/67 1094/67 1565/67
f 590/4 556/4 557/4
f 536/4 537/4 595/4
f 564/4 562/4 620/4
f 708/4 691/4 692/4
f 759/4 780/4 782/4
f 707/4 706/4 669/4
f 739/4 741/4 762/4
f 705/4 706/4 693/4
f 623/4 625/4 646/4
f 1069/67 1070/67 1083/67
f 645/4 643/4 664/4
f 729/4 728/4 686/4
f 643/4 641/4 662/4
f 1164/44 1165/44 1178/44
f 710/4 711/4 684/4
f 694/4 693/4 721/4
f 641/4 639/4 656/4
f 631/4 554/4 607/4
f 3844/316 1/893 1511/51
f 2869/28 96/1782 84/29
f 441/318 440/331 442/319
f 440/321 436/1791 438/322
f 664/4 701/4 703/4
f 1380/25 1379/25 1391/25
f 706/4 705/4 668/4
f 544/4 534/4 592/4
f 671/4 708/4 718/4
f 633/4 616/4 624/4
f 1054/67 1058/67 1071/67
f 538/4 596/4 592/4
f 631/4 652/4 635/4
f 557/4 556/4 605/4
f 565/4 567/4 625/4
f 752/4 773/4 748/4
f 1179/44 1192/44 1196/44
f 1165/44 1169/44 1182/44
f 608/4 558/4 566/4
f 727/4 752/4 719/4
f 1178/44 1182/44 1195/44
f 477/4 496/4 500/4
f 537/4 531/4 589/4
f 701/4 738/4 740/4
f 591/4 590/4 532/4
f 566/4 564/4 622/4
f 1096/67 1090/67 1103/67
f 737/4 739/4 760/4
f 536/4 594/4 593/4
f 1143/44 1145/44 1164/44
f 694/4 720/4 730/4
f 562/4 560/4 610/4
f 620/4 618/4 635/4
f 1064/67 1065/67 1078/67
f 595/4 547/4 548/4
f 1145/44 1146/44 1165/44
f 622/4 620/4 641/4
f 1296/289 1301/289 1300/289
f 624/4 622/4 643/4
f 1032/67 1034/67 1053/67
f 791/4 787/4 1743/4
f 1421/14 1420/14 1418/14
f 817/4 819/4 2042/4
f 1657/120 171/119 132/129
f 2218/100 24/711 4554/101
f 4133/323 111/49 107/50
f 869/35 857/35 2210/35
f 549/4 632/4 653/4
f 700/4 702/4 739/4
f 812/315 810/315 816/315
f 1213/25 1211/25 1217/25
f 1232/289 1226/289 1228/289
f 807/315 801/315 803/315
f 1136/67 1125/67 1127/67
f 812/4 820/4 2117/4
f 798/4 788/4 2208/4
f 669/4 668/4 604/4
f 443/320 442/319 438/322
f 462/325 463/327 456/290
f 1092/67 1091/67 2048/67
f 1096/67 1095/67 1647/67
f 4011/295 19/905 1513/296
f 1652/41 34/1623 3250/42
f 893/27 906/27 905/27
f 930/281 942/281 941/281
f 903/27 891/27 905/27
f 1281/289 1282/289 1289/289
f 876/35 870/35 877/35
f 941/281 948/281 947/281
f 910/27 911/27 918/27
f 917/27 918/27 925/27
f 953/281 947/281 954/281
f 1282/289 1276/289 1283/289
f 952/281 953/281 960/281
f 825/18 837/18 836/18
f 673/4 672/4 612/4
f 437/326 441/1792 443/320
f 1202/44 1201/44 2597/44
f 459/293 460/325 462/327
f 1644/35 866/35 864/35
f 1643/35 858/35 856/35
f 928/281 941/281 940/281
f 901/27 903/27 911/27
f 938/281 926/281 940/281
f 831/18 833/18 841/18
f 911/27 905/27 912/27
f 913/27 920/27 919/27
f 840/18 841/18 848/18
f 945/281 946/281 953/281
f 918/27 912/27 919/27
f 878/35 885/35 884/35
f 844/18 851/18 850/18
f 914/27 921/27 920/27
f 3510/328 114/75 83/57
f 2119/18 831/18 829/18
f 1573/330 11/698 1667/296
f 1201/44 1207/44 2422/44
f 1349/34 1348/34 1346/34
f 2579/273 113/75 80/57
f 868/35 856/35 870/35
f 860/35 872/35 871/35
f 858/35 871/35 870/35
f 936/281 938/281 946/281
f 946/281 940/281 947/281
f 836/18 843/18 842/18
f 942/281 949/281 948/281
f 875/35 876/35 883/35
f 843/18 850/18 849/18
f 948/281 955/281 954/281
f 879/35 886/35 885/35
f 949/281 956/281 955/281
f 671/4 670/4 606/4
f 2120/27 895/27 893/27
f 2118/18 823/18 821/18
f 445/331 449/1793 451/332
f 790/4 789/4 1561/4
f 448/334 444/1794 446/335
f 823/18 836/18 835/18
f 895/27 907/27 906/27
f 1291/289 1296/289 1295/289
f 866/35 868/35 876/35
f 906/27 913/27 912/27
f 871/35 878/35 877/35
f 872/35 879/35 878/35
f 907/27 914/27 913/27
f 848/18 842/18 849/18
f 883/35 877/35 884/35
f 882/35 883/35 890/35
f 847/18 848/18 855/18
f 1004/337 1005/337 1028/337
f 1003/337 1030/337 1005/337
f 1029/337 1027/337 1000/337
f 1264/289 1265/289 1308/289
f 1261/289 1307/289 1262/289
f 993/338 963/338 962/338
f 1267/289 1259/289 1269/289
f 1354/34 1356/34 1364/34
f 1321/14 1309/14 1323/14
f 999/337 1008/337 1007/337
f 1012/337 1006/337 1013/337
f 1007/337 1014/337 1013/337
f 1008/337 1015/337 1014/337
f 973/338 980/338 979/338
f 1014/337 1021/337 1020/337
f 979/338 986/338 985/338
f 1424/14 1426/14 1434/14
f 1015/337 1022/337 1021/337
f 969/338 970/338 993/338
f 968/338 995/338 970/338
f 1001/337 1002/337 1030/337
f 966/338 967/338 995/338
f 998/337 1029/337 999/337
f 1267/289 1268/289 1306/289
f 1346/34 1359/34 1358/34
f 1313/14 1325/14 1324/14
f 1381/25 1394/25 1393/25
f 1348/34 1360/34 1359/34
f 972/338 979/338 978/338
f 673/4 710/4 709/4
f 1274/289 1275/289 1282/289
f 976/338 977/338 984/338
f 997/337 1007/337 1006/337
f 984/338 978/338 985/338
f 980/338 987/338 986/338
f 983/338 984/338 991/338
f 1028/337 998/337 997/337
f 963/338 994/338 964/338
f 2607/67 1037/67 1050/67
f 994/338 992/338 965/338
f 2537/67 2806/67 1034/67
f 2781/67 2537/67 1032/67
f 1149/44 1150/44 1168/44
f 507/4 508/4 521/4
f 612/4 653/4 682/4
f 1051/67 1052/67 1065/67
f 498/4 492/4 505/4
f 1179/44 1180/44 1193/44
f 722/4 721/4 693/4
f 596/4 546/4 554/4
f 1168/44 1162/44 1175/44
f 1034/67 1035/67 1054/67
f 1068/67 1081/67 1085/67
f 240/151 239/149 263/155
f 505/4 506/4 519/4
f 1067/67 1071/67 1084/67
f 1328/14 1329/14 1336/14
f 684/4 730/4 729/4
f 472/4 473/4 493/4
f 476/4 482/4 499/4
f 1180/44 1181/44 1194/44
f 506/4 507/4 520/4
f 152/134 151/135 1759/128
f 151/135 163/133 1759/128
f 475/4 476/4 495/4
f 509/4 522/4 526/4
f 496/4 497/4 510/4
f 1357/34 1356/34 1354/34
f 644/4 646/4 667/4
f 1864/281 932/281 930/281
f 2046/67 1086/67 2047/67
f 2047/67 1101/67 2046/67
f 939/281 927/281 2043/281
f 1850/67 1084/67 1851/67
f 1851/67 1099/67 1850/67
f 1505/76 1501/118 1503/37
f 1564/18 833/18 831/18
f 1087/67 1085/67 2125/67
f 1085/67 1933/67 2125/67
f 521/315 525/315 538/315
f 2212/281 928/281 926/281
f 1089/67 1087/67 1566/67
f 1087/67 2126/67 1566/67
f 804/315 802/315 808/315
f 1160/44 1144/44 1238/44
f 1091/67 1104/67 1103/67
f 1110/67 1099/67 1101/67
f 1109/67 1103/67 1116/67
f 1092/67 1105/67 1104/67
f 1117/67 1130/67 1129/67
f 1105/67 1118/67 1117/67
f 1115/67 1113/67 1124/67
f 1118/67 1131/67 1130/67
f 1104/67 1117/67 1116/67
f 2852/203 2103/200 2108/204
f 1102/67 1100/67 1111/67
f 1122/67 1116/67 1129/67
f 1095/67 1096/67 1109/67
f 1128/67 1126/67 1137/67
f 1121/67 1122/67 1135/67
f 1301/289 1261/289 1306/289
f 1238/44 1242/44 1249/44
f 2805/67 1040/67 1048/67
f 2956/339 2858/218 353/182
f 490/4 488/4 476/4
f 1144/44 1160/44 1145/44
f 1159/44 1144/44 1143/44
f 1056/67 1057/67 1070/67
f 1066/67 1067/67 1080/67
f 466/291 470/8 468/10
f 492/4 493/4 506/4
f 1181/44 1175/44 1188/44
f 1166/44 1167/44 1180/44
f 493/4 494/4 507/4
f 672/4 709/4 713/4
f 1039/67 1031/67 1051/67
f 548/4 549/4 593/4
f 709/4 686/4 742/4
f 477/4 479/4 497/4
f 1175/44 1176/44 1189/44
f 535/4 593/4 597/4
f 1038/67 1039/67 1057/67
f 1052/67 1053/67 1066/67
f 1031/67 1032/67 1052/67
f 1035/67 1041/67 1058/67
f 510/4 511/4 524/4
f 1163/44 1164/44 1177/44
f 1070/67 1064/67 1077/67
f 1053/67 1054/67 1067/67
f 1166/44 1179/44 1183/44
f 1068/67 1069/67 1082/67
f 1090/67 1096/67 1746/67
f 1565/67 1094/67 1098/67
f 1314/14 1313/14 1311/14
f 2591/44 1197/44 2818/44
f 2591/44 2818/44 1936/44
f 1935/44 2591/44 1936/44
f 2653/44 1212/44 2652/44
f 1212/44 1210/44 2652/44
f 1935/44 1936/44 2653/44
f 674/4 673/4 613/4
f 2655/44 1195/44 2813/44
f 1748/44 2504/44 2503/44
f 2504/44 1210/44 2503/44
f 2655/44 2813/44 1748/44
f 1747/44 2655/44 1748/44
f 1210/44 1208/44 2503/44
f 1093/67 1092/67 2124/67
f 2384/340 104/1795 99/341
f 1198/44 1196/44 2543/44
f 1198/44 2543/44 2694/44
f 2543/44 1853/44 2694/44
f 2599/44 1211/44 2751/44
f 2694/44 1853/44 2050/44
f 1853/44 2599/44 2050/44
f 2215/67 1850/67 1097/67
f 1494/343 1498/1796 1500/344
f 1200/44 1198/44 2546/44
f 1200/44 2546/44 2784/44
f 2546/44 2051/44 2784/44
f 2752/44 1213/44 2884/44
f 2784/44 2051/44 2217/44
f 2051/44 2752/44 2217/44
f 799/315 793/315 795/315
f 1216/289 1210/289 1212/289
f 1221/25 1219/25 1225/25
f 796/315 794/315 800/315
f 1123/67 1112/67 1114/67
f 1229/25 1227/25 1233/25
f 573/4 568/4 575/4
f 1161/44 1244/44 1240/44
f 1151/44 1240/44 1242/44
f 568/4 572/4 579/4
f 474/4 489/4 572/4
f 1244/44 1251/44 1247/44
f 491/4 574/4 570/4
f 1240/44 1247/44 1249/44
f 575/4 579/4 586/4
f 1251/44 1258/44 1254/44
f 1243/44 1238/44 1245/44
f 1247/44 1254/44 1256/44
f 489/4 474/4 473/4
f 1266/289 1308/289 1268/289
f 477/4 478/4 491/4
f 1307/289 1303/289 1263/289
f 474/4 490/4 475/4
f 1306/289 1261/289 1260/289
f 962/338 972/338 971/338
f 968/338 969/338 977/338
f 1356/34 1344/34 1358/34
f 964/338 973/338 972/338
f 1429/14 1436/14 1435/14
f 1270/289 1277/289 1276/289
f 1293/289 1294/289 1299/289
f 1271/289 1278/289 1277/289
f 833/18 821/18 835/18
f 1277/289 1284/289 1283/289
f 1018/337 1019/337 1026/337
f 1278/289 1285/289 1284/289
f 1275/289 1269/289 1276/289
f 1440/14 1441/14 1448/14
f 1294/289 1290/289 1295/289
f 1292/289 1297/289 1296/289
f 1299/289 1295/289 1300/289
f 1019/337 1013/337 1020/337
f 1108/67 1109/67 1122/67
f 1297/289 1302/289 1301/289
f 1305/289 1300/289 1306/289
f 1036/67 1038/67 1056/67
f 665/4 667/4 704/4
f 1302/289 1307/289 1261/289
f 429/343 428/118 432/345
f 2055/275 26/811 3249/276
f 1484/36 1483/1784 1479/37
f 429/343 433/1796 435/344
f 461/327 458/290 456/293
f 2065/35 862/35 860/35
f 1311/14 1324/14 1323/14
f 1266/289 1267/289 1275/289
f 1391/25 1379/25 1393/25
f 1298/289 1299/289 1305/289
f 1394/25 1401/25 1400/25
f 1324/14 1331/14 1330/14
f 1360/34 1367/34 1366/34
f 1363/34 1364/34 1371/34
f 1371/34 1365/34 1372/34
f 1436/14 1443/14 1442/14
f 1367/34 1374/34 1373/34
f 1437/14 1444/14 1443/14
f 1511/330 1/698 1510/296
f 1645/281 930/281 928/281
f 459/290 458/293 461/325
f 447/333 446/335 444/347
f 1663/281 938/281 936/281
f 1386/25 1385/25 1383/25
f 1426/14 1414/14 1428/14
f 1262/289 1271/289 1270/289
f 1260/289 1270/289 1269/289
f 1383/25 1395/25 1394/25
f 1399/25 1393/25 1400/25
f 1336/14 1330/14 1337/14
f 1395/25 1402/25 1401/25
f 1398/25 1399/25 1406/25
f 1406/25 1400/25 1407/25
f 1366/34 1373/34 1372/34
f 837/18 844/18 843/18
f 1335/14 1336/14 1343/14
f 1931/27 901/27 899/27
f 1320/14 1319/14 1317/14
f 2695/20 87/1691 79/21
f 98/74 97/69 78/90
f 1312/14 1311/14 1309/14
f 670/4 669/4 605/4
f 1004/337 996/337 1006/337
f 1319/14 1321/14 1329/14
f 969/338 961/338 971/338
f 1003/337 1004/337 1012/337
f 1364/34 1358/34 1365/34
f 1329/14 1323/14 1330/14
f 1430/14 1437/14 1436/14
f 1433/14 1434/14 1441/14
f 1441/14 1435/14 1442/14
f 1401/25 1408/25 1407/25
f 1332/14 1339/14 1338/14
f 1370/34 1371/34 1378/34
f 1204/44 1203/44 2750/44
f 1382/25 1381/25 1379/25
f 1392/25 1391/25 1389/25
f 1206/44 1205/44 2883/44
f 1500/36 1499/1784 1495/37
f 4683/269 7/893 1666/51
f 1416/14 1429/14 1428/14
f 1389/25 1391/25 1399/25
f 841/18 835/18 842/18
f 1418/14 1430/14 1429/14
f 1434/14 1428/14 1435/14
f 1359/34 1366/34 1365/34
f 1011/337 1012/337 1019/337
f 1325/14 1332/14 1331/14
f 1331/14 1338/14 1337/14
f 977/338 971/338 978/338
f 1402/25 1409/25 1408/25
f 1405/25 1406/25 1413/25
f 2835/350 1472/1797 1450/351
f 1919/112 378/157 179/113
f 2405/125 1463/127 1461/353
f 2381/355 1466/1135 1468/356
f 138/133 174/121 1791/120
f 2502/357 2636/625 1451/358
f 2426/175 2420/354 1461/353
f 2510/361 2862/923 1471/362
f 2236/89 2062/141 278/140
f 2365/365 1938/626 2128/901
f 2128/901 1455/167 2365/365
f 1789/128 1759/120 163/119
f 2115/112 391/157 209/113
f 4012/316 57/893 1520/51
f 1345/34 1344/34 1356/34
f 1502/343 1501/118 1505/345
f 1478/343 1477/118 1481/345
f 428/118 429/343 431/38
f 297/140 2152/141 1999/132
f 2793/371 153/453 2223/452
f 2223/452 2292/369 2793/371
f 278/137 2000/141 2270/89
f 1415/14 1414/14 1426/14
f 1478/343 1482/1796 1484/344
f 1777/183 339/195 1709/158
f 1497/76 1493/118 1495/37
f 1492/36 1491/1784 1487/37
f 2000/141 279/140 2090/88
f 4851/372 4573/1774 2097/373
f 4077/377 2076/490 1678/378
f 424/134 420/1405 2625/380
f 1486/343 1490/1796 1492/344
f 1849/35 860/35 858/35
f 1494/343 1493/118 1497/345
f 1322/14 1321/14 1319/14
f 3162/117 1889/105 133/185
f 384/161 2114/112 1537/54
f 1591/141 2279/89 1543/302
f 421/267 420/268 424/134
f 449/384 448/1798 450/336
f 1489/76 1485/118 1487/37
f 1486/343 1485/118 1489/345
f 451/332 450/336 446/335
f 136/129 1986/128 1793/120
f 2359/385 1883/154 1578/376
f 4850/387 4574/1760 2293/388
f 146/184 1582/116 2294/108
f 2137/120 168/119 126/129
f 3519/1 4162/1028 4708/390
f 320/114 2230/109 2290/111
f 4019/5 3294/24 1975/6
f 3294/24 4541/23 1975/6
f 293/140 1773/141 1622/132
f 1690/107 2282/108 1885/106
f 3163/393 1857/107 149/184
f 149/184 2083/116 3163/393
f 3429/26 2131/1622 1976/16
f 2273/89 1704/88 308/99
f 4021/19 3310/1642 1977/6
f 3310/1642 4542/394 1977/6
f 1709/158 339/114 1661/109
f 1685/106 2276/108 1686/105
f 118/119 1987/120 1690/107
f 4023/19 3503/1642 1980/6
f 3503/1642 4553/394 1980/6
f 1967/141 2281/89 1905/302
f 2278/111 1630/110 406/182
f 306/55 1625/56 2095/54
f 2178/132 1533/141 297/137
f 1699/54 1995/56 296/99
f 3528/1 4144/1028 4704/390
f 2099/158 335/114 2063/109
f 4024/5 3257/24 1982/6
f 3257/24 4539/23 1982/6
f 287/140 1955/141 1796/132
f 3358/26 1753/1622 1609/16
f 307/140 1594/141 2187/132
f 2277/89 1992/56 286/55
f 298/55 1624/56 2086/54
f 295/140 1967/141 1804/132
f 1968/141 2275/89 1907/302
f 2773/382 2081/106 2294/108
f 2294/108 2082/105 2773/382
f 2096/142 2091/56 284/99
f 2175/132 2000/141 278/137
f 1709/158 2280/111 2005/183
f 352/404 2064/400 1713/158
f 179/136 378/161 1557/112
f 177/136 377/161 2203/112
f 287/140 2092/88 2277/89
f 390/161 1922/112 1900/54
f 100/407 73/79 3873/78
f 105/410 103/1799 2696/411
f 278/140 2062/141 2173/132
f 1627/132 1700/130 372/156
f 416/182 2206/183 2284/111
f 83/49 110/79 3320/78
f 108/414 75/94 1682/93
f 2139/54 1617/56 292/99
f 1967/141 295/140 2093/88
f 296/55 2183/56 1908/54
f 2154/302 2264/89 2185/56
f 2191/158 2261/111 1705/183
f 1924/109 413/115 1549/110
f 285/140 1904/88 2253/89
f 4484/421 3238/1419 3159/1369
f 3159/1369 2269/419 4484/421
f 281/137 1990/141 2254/89
f 1990/141 182/140 1966/88
f 2517/422 1749/932 1569/423
f 131/185 1687/106 3155/117
f 1687/106 2260/108 3155/117
f 2857/190 2195/939 2288/229
f 2261/111 2098/110 403/182
f 2264/89 1544/88 314/99
f 1585/428 227/511 2827/429
f 2146/430 2143/447 2920/433
f 229/434 1957/450 2919/435
f 221/437 1956/445 2921/438
f 159/348 1952/443 2923/440
f 1891/442 2138/441 2923/440
f 1766/444 1762/439 2921/438
f 225/446 1585/428 2920/433
f 1956/445 223/508 2524/448
f 1767/449 1763/436 2919/435
f 151/451 152/455 2223/452
f 162/454 161/147 2224/146
f 160/456 159/348 2138/441
f 158/347 157/368 1952/443
f 156/457 155/461 1757/458
f 154/459 153/453 1583/460
f 1583/460 153/453 2793/371
f 2138/441 1891/442 2620/148
f 1757/458 1531/370 2332/366
f 1684/107 2256/108 1885/106
f 146/392 1615/107 2258/108
f 1636/462 346/1800 3940/463
f 3130/465 2333/1385 3258/466
f 3123/471 3124/241 1555/243
f 3124/241 3763/240 1555/243
f 2201/469 272/1482 2447/232
f 3123/471 1555/243 3270/472
f 1582/106 2258/108 1529/105
f 2255/111 2190/110 396/182
f 1761/54 1798/112 380/157
f 2774/474 2533/994 1783/475
f 2507/474 2670/994 1949/475
f 1673/477 1681/1520 3436/478
f 2601/480 2409/1410 1611/481
f 1579/483 2075/967 2767/484
f 2880/474 2876/994 1946/475
f 2539/486 2888/1406 1949/487
f 3888/489 3935/1504 1754/490
f 1678/492 1525/1520 3824/478
f 2732/486 2878/1406 1784/487
f 3483/494 416/159 2102/400
f 3479/494 412/159 1708/400
f 1974/495 1560/749 2343/381
f 3633/398 1923/400 413/404
f 396/159 1811/400 4195/399
f 3621/398 1554/400 418/404
f 418/159 2199/400 4193/399
f 2826/497 2135/1463 2165/498
f 3635/398 1708/400 411/404
f 4571/270 1672/51 59/500
f 3627/398 2206/400 416/404
f 1811/400 417/404 3484/496
f 4572/502 2251/16 1671/391
f 3481/494 414/159 1923/400
f 220/504 221/437 1762/439
f 222/506 223/508 1956/445
f 224/507 225/446 2143/447
f 226/509 227/511 1585/428
f 228/510 229/434 1763/436
f 230/512 231/515 1957/450
f 232/513 233/518 2144/514
f 234/516 235/521 1586/517
f 236/519 237/524 1764/520
f 238/522 239/527 1958/523
f 240/525 241/530 2145/526
f 242/528 219/505 1765/529
f 1762/439 1766/444 2787/531
f 2143/447 2146/430 2324/532
f 1763/436 1767/449 2346/533
f 2144/514 2147/802 2322/534
f 1764/520 1768/722 2730/535
f 2145/526 1769/809 2527/536
f 1952/443 157/368 2889/367
f 2346/533 2428/124 3876/123
f 2730/535 2455/1401 3324/537
f 243/538 244/543 1859/539
f 266/541 265/546 1860/542
f 264/544 263/548 2148/545
f 262/547 261/173 1959/311
f 260/549 259/309 1770/310
f 258/550 257/553 1587/308
f 256/551 255/556 2149/552
f 254/554 253/559 1960/555
f 252/557 251/562 1771/558
f 250/560 249/565 1588/561
f 248/563 247/568 2150/564
f 246/566 245/540 1961/567
f 1859/539 1962/691 2731/569
f 2148/545 1963/313 2672/570
f 1770/310 1589/306 2378/571
f 2149/552 1964/776 2673/572
f 1771/558 1590/792 2379/573
f 2150/564 1965/794 2674/574
f 1531/370 1757/458 2922/575
f 2378/571 2623/1398 3425/174
f 2379/573 2624/1395 3426/576
f 406/159 1911/400 4217/399
f 3478/494 411/159 1631/400
f 1911/400 405/404 3472/496
f 1806/400 404/404 3471/496
f 3643/398 2116/400 407/404
f 3639/398 1548/400 409/404
f 1640/400 402/404 3469/496
f 3641/398 2192/400 408/404
f 405/159 1806/400 4219/399
f 3477/494 410/159 1548/400
f 404/159 1705/400 4221/399
f 3475/494 408/159 2116/400
f 3476/494 409/159 2192/400
f 2003/400 406/404 3473/496
f 1705/400 403/404 3470/496
f 407/159 2003/400 4215/399
f 3147/582 1553/110 353/115
f 3133/619 3134/228 1917/579
f 3134/228 3767/227 1917/579
f 2421/67 2530/67 1780/67
f 1796/132 2177/130 361/156
f 2860/230 2407/1391 3297/591
f 2776/67 2045/67 2123/67
f 274/604 1636/462 4334/593
f 1695/141 2253/89 1701/302
f 3766/606 2202/1416 3130/465
f 2116/183 2257/111 1706/110
f 3138/222 2010/211 1814/584
f 1710/213 1715/611 3771/609
f 2859/219 355/182 1553/110
f 3870/588 355/182 2797/586
f 2108/204 2109/206 351/199
f 342/170 2201/469 3132/585
f 1915/225 2266/1544 4342/614
f 3770/616 1714/602 2460/601
f 330/114 1597/109 2262/111
f 2549/589 354/115 3434/600
f 3133/619 1917/579 3492/578
f 3126/238 2194/229 2111/467
f 291/140 1591/141 2186/132
f 2262/111 1547/110 405/182
f 354/623 1662/1785 4343/176
f 305/140 2153/141 1998/132
f 2265/89 1797/56 300/55
f 1640/183 403/195 2098/158
f 328/114 2156/109 2261/111
f 289/140 1543/88 2263/89
f 2140/141 2263/89 2092/302
f 2636/625 1781/875 1938/626
f 2268/89 1802/56 292/55
f 1760/141 2265/89 1703/302
f 2672/570 1963/313 3161/627
f 293/140 1905/88 2268/89
f 2001/110 2267/111 2002/109
f 402/182 1640/183 2267/111
f 1773/141 2268/89 1702/302
f 147/392 1691/107 2260/108
f 1539/54 1797/56 302/99
f 419/159 1808/400 4189/399
f 3629/398 2102/400 415/404
f 4700/629 2133/395 2251/16
f 2199/400 400/404 3467/496
f 1808/400 412/404 3479/496
f 113/57 2220/264 2170/266
f 3617/398 1924/400 419/404
f 3480/494 413/159 1924/400
f 3484/494 417/159 2206/400
f 3637/398 1631/400 410/404
f 2794/630 1579/1452 1674/631
f 3631/398 2005/400 414/404
f 3482/494 415/159 2005/400
f 3468/494 401/159 1554/400
f 2227/632 2226/837 2759/633
f 1629/635 1658/829 2643/636
f 1815/638 1969/702 2675/639
f 1971/641 1970/742 2350/642
f 2156/644 2155/299 2427/645
f 1597/646 1596/769 2745/647
f 1707/649 1776/305 2501/650
f 1973/652 1972/819 2812/653
f 2158/655 2157/737 2830/656
f 2101/658 2160/762 2892/659
f 1661/661 1660/782 2578/662
f 1810/664 2229/832 2895/665
f 2759/633 2754/1366 4069/667
f 2675/639 2638/1363 4004/668
f 2427/645 2367/1354 3845/669
f 2501/650 2345/1360 3836/670
f 2830/656 2383/1347 3849/671
f 2578/662 2897/1356 3566/672
f 155/461 1583/460 2922/575
f 3845/669 4027/1718 4692/145
f 3849/671 3551/1715 4560/673
f 2256/108 1755/116 2523/103
f 2523/103 140/104 1756/105
f 388/161 1735/112 1539/54
f 1818/130 357/160 3376/676
f 1760/141 301/140 1906/88
f 2260/108 1691/107 2619/677
f 1691/107 148/184 2619/677
f 408/195 1807/158 2257/111
f 723/4 1743/4 1642/4
f 215/136 394/161 1559/112
f 2258/108 1687/116 131/104
f 419/114 1924/109 2259/111
f 4342/614 2266/1544 1710/213
f 1542/302 2254/89 1895/56
f 1820/130 356/160 3377/676
f 2092/302 2263/89 2182/56
f 152/455 2224/146 2292/369
f 311/137 2142/141 2264/89
f 2257/111 1707/109 331/115
f 1630/158 2262/111 1911/183
f 1761/54 1992/56 288/99
f 359/156 1826/130 4317/675
f 358/156 1820/130 4327/675
f 2108/204 2103/200 2782/683
f 2782/683 347/612 354/205
f 356/160 1820/130 1619/132
f 2282/108 1886/105 117/185
f 2635/187 3164/1487 2007/686
f 358/160 2011/130 1795/132
f 1631/183 2289/111 2004/110
f 1902/302 2270/89 1903/56
f 1706/158 2278/111 2003/183
f 2186/132 1621/130 363/156
f 2019/183 2285/111 1628/110
f 1795/139 1990/141 281/137
f 1804/132 1799/130 365/156
f 297/140 1592/88 2286/89
f 1581/107 2294/108 2081/106
f 191/113 2139/54 1993/112
f 2283/89 1803/56 308/55
f 1584/141 2287/89 1544/302
f 3390/682 366/156 1899/130
f 362/156 1536/130 4311/675
f 2202/687 272/750 3380/688
f 3607/317 1511/51 5/500
f 3717/674 1918/130 373/160
f 1962/691 1859/539 2909/692
f 3571/696 1655/41 66/695
f 3609/297 1881/296 69/698
f 1916/700 317/643 2885/701
f 318/704 2002/743 2355/705
f 2863/708 2903/1249 3568/709
f 3608/710 2245/6 1867/2
f 898/27 1598/27 2120/27
f 4143/746 3535/1008 2059/41
f 3535/1008 4558/101 2059/41
f 1860/542 265/546 2671/712
f 3816/713 1509/772 2245/6
f 3610/714 2247/886 1880/715
f 3992/717 1882/378 1610/718
f 357/156 1901/130 4283/675
f 321/720 1595/835 2893/721
f 1546/400 401/404 3468/496
f 356/156 1818/130 4329/675
f 1768/722 1764/520 2917/723
f 2783/581 349/189 3266/724
f 3141/617 3142/216 1715/611
f 1715/611 1714/602 3770/616
f 3761/726 1556/728 273/729
f 1957/450 231/515 2525/731
f 4110/732 348/1801 1556/728
f 2526/733 2912/1293 3569/734
f 3396/735 372/873 1700/687
f 2157/737 2158/655 2657/738
f 2222/128 1892/120 166/119
f 2829/740 2733/1296 3488/741
f 1970/742 1971/641 2355/705
f 341/744 2230/830 2664/745
f 4161/746 2052/41 4565/747
f 3868/693 3591/748 6/695
f 3591/748 4565/747 6/695
f 3392/682 368/156 2088/130
f 3395/682 371/156 1623/130
f 2234/111 1709/158 415/114
f 2207/749 1845/495 2574/272
f 3725/689 1540/687 369/750
f 3727/674 2179/130 368/160
f 167/121 2137/120 1788/128
f 861/35 1849/35 1643/35
f 2511/753 1948/1462 4181/754
f 2969/756 1983/1551 4025/757
f 1696/759 2914/1310 4456/760
f 3397/682 373/156 1841/130
f 2160/762 2101/658 2650/763
f 212/138 372/160 1841/130
f 2575/765 2832/1216 4106/766
f 4151/768 2056/41 4563/747
f 1596/769 1597/646 2634/770
f 1874/772 2250/6 4182/7
f 1960/555 253/559 2583/775
f 325/777 1916/700 2451/778
f 334/779 2063/817 2684/780
f 330/781 1659/771 2634/770
f 1660/782 1661/661 2458/783
f 2231/785 2491/1308 4454/786
f 332/788 1861/797 2492/789
f 2344/790 2900/1246 3567/791
f 1961/567 245/540 2729/793
f 1587/308 257/553 2863/708
f 2901/795 2816/681 3530/680
f 1776/305 1707/649 2492/789
f 2786/787 2896/1303 4134/798
f 339/799 1777/784 2458/783
f 247/568 1961/567 2904/800
f 1965/794 2150/564 2904/800
f 233/518 1586/517 2918/801
f 2147/802 2144/514 2918/801
f 2152/141 2286/89 2093/302
f 4151/768 3506/1671 2056/41
f 3506/1671 4555/803 2056/41
f 1862/805 2734/1301 4450/806
f 937/281 2213/281 2044/281
f 336/808 2159/739 2657/738
f 1769/809 2145/526 2916/810
f 1562/4 2209/4 720/4
f 4122/1010 3581/748 38/811
f 3581/748 4563/747 38/811
f 2525/731 2915/1299 3570/812
f 2041/285 455/285 460/285
f 460/285 461/285 2040/285
f 2250/6 1517/2 3497/813
f 3351/814 395/867 2205/815
f 2063/817 335/657 2677/818
f 4157/768 2054/41 4564/747
f 1659/771 331/651 2380/820
f 304/55 2184/56 1900/54
f 380/161 1726/112 1535/54
f 399/195 1713/158 2285/111
f 284/55 1801/56 1535/54
f 3589/696 2053/41 14/695
f 163/121 1758/120 1987/128
f 4157/768 3504/1671 2054/41
f 3504/1671 4554/803 2054/41
f 1861/797 333/654 2528/303
f 1550/764 338/663 2831/821
f 2161/767 2689/1297 4448/822
f 2002/743 327/144 2676/823
f 1697/824 2911/1294 4447/825
f 1711/827 324/640 2433/828
f 2230/830 320/634 2755/831
f 2913/761 2454/1127 3892/834
f 1595/835 322/637 2894/836
f 255/556 1960/555 2906/838
f 328/839 2228/301 2353/300
f 2885/701 2749/1289 3498/840
f 1777/784 340/666 2434/841
f 251/562 1588/561 2905/842
f 1969/702 1815/638 2451/778
f 2894/836 2663/1286 3447/843
f 1765/529 219/505 2596/845
f 2766/44 2216/44 1854/44
f 38/695 2057/275 4183/277
f 2159/739 319/660 2891/847
f 3723/674 1623/130 370/160
f 1943/330 2248/53 2071/296
f 4068/1010 3587/748 22/811
f 3587/748 4564/747 22/811
f 2970/848 2249/1315 4180/849
f 3719/674 1841/130 372/160
f 337/851 1550/764 2650/763
f 2049/44 1937/44 2814/44
f 460/285 455/285 1927/285
f 1743/4 787/4 797/4
f 2208/4 788/4 792/4
f 2190/158 2290/111 1811/183
f 204/131 1618/132 2088/130
f 2117/4 820/4 818/4
f 1905/302 2281/89 1995/56
f 303/140 1954/141 1794/132
f 311/140 1968/141 1800/132
f 2228/301 329/648 2829/740
f 2515/807 2606/1276 3984/852
f 2229/832 1810/664 2664/745
f 1972/819 1973/652 2684/780
f 2434/841 2740/1260 3494/853
f 2891/847 2357/1197 3273/854
f 4107/855 3356/1638 4548/856
f 2189/858 4059/1617 4812/859
f 2232/861 2512/1261 4432/862
f 2042/4 819/4 811/4
f 281/140 2141/141 1619/132
f 1469/363 1467/929 2510/361
f 1467/929 1750/864 2510/361
f 297/137 1533/141 2272/89
f 2284/111 1810/109 340/115
f 2096/54 1698/112 275/157
f 1593/302 2273/89 1625/56
f 904/27 2121/27 1931/27
f 2215/67 2124/67 1079/67
f 1538/815 386/868 3342/866
f 5/500 1511/330 2238/53
f 896/27 2120/27 1930/27
f 1663/281 2043/281 926/281
f 2956/339 2104/110 351/115
f 1081/67 1565/67 1934/67
f 302/55 1996/56 1693/54
f 2173/132 1901/130 357/156
f 289/140 2140/141 1989/132
f 280/55 2181/56 1534/54
f 1620/132 1695/141 283/137
f 277/55 1903/56 2087/54
f 22/695 2055/275 4169/277
f 385/867 1538/815 4255/816
f 863/35 2065/35 1849/35
f 3697/846 1726/815 380/868
f 3695/846 1798/815 381/868
f 933/281 1864/281 1645/281
f 1641/4 1561/4 729/4
f 382/867 1993/815 4261/816
f 2957/869 2240/211 2009/208
f 2698/67 2123/67 2122/67
f 1955/141 2277/89 1904/302
f 385/161 2204/112 1699/54
f 2272/89 1703/88 300/99
f 183/55 2151/302 2274/89
f 1999/132 1899/130 366/156
f 288/55 2182/56 1894/54
f 386/867 1638/815 4253/816
f 1080/67 1084/67 1850/67
f 2204/815 385/868 3341/866
f 1871/772 2239/6 4168/7
f 3335/814 379/867 1726/815
f 3336/814 380/867 1798/815
f 2877/67 2421/67 1646/67
f 824/18 2118/18 1928/18
f 3337/814 381/867 1921/815
f 1993/815 383/868 3339/866
f 2957/869 2801/684 2197/220
f 834/18 1564/18 2119/18
f 1772/54 2180/112 392/157
f 171/121 1692/120 1792/128
f 363/160 1716/130 1622/132
f 315/140 1775/88 2287/89
f 2412/382 3166/117 1528/105
f 1774/141 2283/89 1704/302
f 2838/870 2166/1451 1675/871
f 1638/815 387/868 3343/866
f 2239/6 1514/2 3300/813
f 3699/846 1698/815 379/868
f 2804/67 2877/67 2214/67
f 2499/67 1865/67 2045/67
f 383/867 2114/815 4259/816
f 3693/846 1921/815 382/868
f 929/281 2212/281 2043/281
f 1932/67 1746/67 1083/67
f 3737/674 1716/130 363/160
f 360/873 2113/687 4315/736
f 2011/687 358/750 3378/688
f 3753/674 2012/130 270/160
f 361/156 2177/130 4313/675
f 2369/874 2531/179 1781/875
f 269/867 1920/815 4275/816
f 269/161 1919/112 1694/54
f 1559/815 394/868 3350/866
f 3603/297 1513/296 17/698
f 3604/714 2243/886 1512/715
f 3328/814 377/867 1557/815
f 3711/846 2203/815 377/868
f 2765/877 2074/487 1884/878
f 939/281 1663/281 2213/281
f 3388/682 364/156 1716/130
f 2113/687 359/750 3383/688
f 3380/682 272/156 2012/130
f 3389/682 365/156 1799/130
f 2661/880 2820/942 2129/881
f 3709/846 1557/815 378/868
f 4568/502 2237/16 1665/391
f 3350/814 394/867 1639/815
f 3667/846 1639/815 395/868
f 36/883 1652/41 4171/43
f 3932/885 1751/926 2243/886
f 902/27 1931/27 1745/27
f 931/281 1645/281 2212/281
f 3739/689 1621/687 362/750
f 1826/130 276/160 3382/676
f 270/873 2011/687 4325/736
f 461/285 463/285 2964/285
f 463/285 1847/285 2964/285
f 2014/687 374/750 3398/688
f 1588/561 249/565 2344/790
f 4562/747 1653/41 3576/768
f 3365/887 68/711 1655/41
f 45/500 1944/51 2248/53
f 1897/796 2902/1250 4431/888
f 4143/746 2059/41 4561/747
f 1898/889 2899/1247 4430/890
f 403/159 1640/400 4223/399
f 3284/892 3840/1678 4682/269
f 2910/826 2589/1243 3406/894
f 1848/285 2040/285 2964/285
f 2246/111 1910/110 401/182
f 244/543 1860/542 2909/692
f 2457/44 2655/44 1747/44
f 4105/885 2134/926 2247/886
f 2535/474 2865/994 1656/475
f 2898/891 2430/1239 3309/895
f 400/159 2105/400 4227/399
f 143/184 1685/116 2291/108
f 241/530 1765/529 2916/810
f 214/138 373/160 1918/130
f 2047/67 1086/67 2233/67
f 1086/67 1088/67 2233/67
f 309/140 1907/88 2283/89
f 1851/67 1084/67 2046/67
f 1084/67 1086/67 2046/67
f 3435/896 1862/805 4718/897
f 305/137 1594/141 2273/89
f 1933/67 1085/67 1934/67
f 1934/67 1098/67 1100/67
f 237/524 1958/523 2917/723
f 2093/302 2286/89 2183/56
f 2126/67 1087/67 2125/67
f 2125/67 1100/67 1102/67
f 3595/317 1520/51 61/500
f 3928/899 4082/1705 4698/374
f 3665/846 2205/815 376/868
f 2097/373 4060/1610 4808/900
f 397/159 1805/400 4233/399
f 3596/710 2235/6 1879/2
f 355/205 1662/206 1914/201
f 3663/398 1805/400 396/404
f 2660/181 2819/941 2128/901
f 116/133 164/121 1759/120
f 353/205 1553/206 1552/201
f 4106/766 3493/1660 4552/902
f 398/159 1909/400 4231/399
f 3821/713 1518/772 2235/6
f 392/161 2115/112 1541/54
f 2356/863 2756/1208 3501/903
f 3391/735 367/873 2013/687
f 3387/735 363/873 1621/687
f 1637/130 274/160 3381/676
f 276/156 1637/130 4319/675
f 1536/130 361/160 3385/676
f 3733/674 1899/130 365/160
f 3398/682 374/156 1918/130
f 263/548 1959/311 2908/314
f 2497/904 1947/961 1883/154
f 2105/400 399/404 3466/496
f 2248/53 1981/52 48/905
f 2226/837 2227/632 2893/721
f 3980/693 3573/748 62/695
f 3573/748 4561/747 62/695
f 3721/689 1700/687 371/750
f 1658/829 1629/635 2644/906
f 402/159 1546/400 4225/399
f 1964/776 2149/552 2906/838
f 2837/907 2165/476 1984/908
f 402/195 2001/158 2246/111
f 4145/910 3884/1677 4688/629
f 1590/792 1771/558 2905/842
f 1647/67 1565/67 1081/67
f 2001/158 318/114 1971/109
f 3288/911 3354/1504 1787/490
f 375/873 2014/687 4285/736
f 323/912 1711/827 2644/906
f 2019/400 398/404 3465/496
f 308/55 1803/56 1541/54
f 1586/517 235/521 2828/913
f 144/184 1950/116 2276/108
f 2818/44 1197/44 2873/44
f 1197/44 1199/44 2873/44
f 1936/44 2818/44 2163/44
f 2818/44 2873/44 2163/44
f 2834/44 1212/44 2653/44
f 2653/44 1936/44 2834/44
f 216/138 374/160 2014/130
f 2813/44 1195/44 2591/44
f 1195/44 1197/44 2591/44
f 1748/44 2813/44 1935/44
f 2813/44 2591/44 1935/44
f 2652/44 1210/44 2504/44
f 2504/44 1748/44 2652/44
f 2274/89 1701/88 284/99
f 417/195 1913/158 2284/111
f 2543/44 1196/44 2772/44
f 2543/44 2772/44 1853/44
f 2772/44 1854/44 1853/44
f 2600/44 1209/44 1211/44
f 1853/44 1854/44 2599/44
f 1854/44 2600/44 2599/44
f 1958/523 239/527 2526/733
f 291/140 1702/88 2279/89
f 2546/44 1198/44 2694/44
f 2546/44 2694/44 2051/44
f 2694/44 2050/44 2051/44
f 2751/44 1211/44 1213/44
f 2051/44 2050/44 2752/44
f 2050/44 2751/44 2752/44
f 2397/914 2833/1200 4107/855
f 2162/857 2414/1198 4412/915
f 2513/916 2529/1194 3936/917
f 1778/918 2746/1192 4410/919
f 351/205 2104/206 2107/201
f 4084/860 3539/1701 4559/920
f 1809/110 2234/111 2102/109
f 340/182 1777/183 2234/111
f 3394/735 370/873 1540/687
f 3731/689 2013/687 366/750
f 3279/892 3922/1678 4689/269
f 4161/746 3532/1008 2052/41
f 3532/1008 4557/101 2052/41
f 3393/682 369/156 2179/130
f 4163/910 3880/1677 4685/629
f 4566/747 1649/41 3594/768
f 3729/674 2088/130 367/160
f 3735/674 1799/130 364/160
f 274/873 2202/687 4321/736
f 2177/130 360/160 3384/676
f 3707/846 1919/815 269/868
f 2164/921 1568/1450 2502/922
f 3333/814 273/867 1558/815
f 1858/128 1791/120 164/119
f 388/867 1844/815 4249/816
f 1735/815 388/868 3344/866
f 2242/886 1516/715 3410/924
f 1752/926 2242/886 4170/925
f 384/867 2204/815 4257/816
f 2114/815 384/868 3340/866
f 2238/53 1510/296 3/905
f 1866/51 2238/53 1666/52
f 867/35 1644/35 2211/35
f 387/867 1735/815 4251/816
f 1937/44 1852/44 2400/44
f 1901/130 375/160 3399/676
f 3329/814 376/867 2203/815
f 1893/56 2236/89 1902/88
f 316/55 1775/302 2236/89
f 1909/400 397/404 3464/496
f 399/159 2019/400 4229/399
f 3533/887 16/711 2053/41
f 2187/132 1623/130 371/156
f 2136/107 2276/108 1685/106
f 301/140 1760/141 1618/132
f 184/138 276/160 1826/130
f 2279/89 1617/56 290/55
f 313/140 2142/141 1991/132
f 1467/929 1465/126 2413/928
f 2413/928 1599/943 1750/864
f 1920/815 271/868 3332/866
f 1775/302 315/137 2062/141
f 390/867 1994/815 4245/816
f 1922/815 390/868 3346/866
f 4078/717 2077/378 1679/490
f 170/121 1657/120 1616/128
f 2115/815 392/868 3348/866
f 391/867 2115/815 4243/816
f 1852/44 1648/44 2361/44
f 9/500 1573/330 2241/53
f 141/184 2079/116 2282/108
f 1908/54 1538/112 385/157
f 315/140 1584/141 2174/132
f 2287/89 1626/56 314/55
f 2330/931 142/392 2061/107
f 2061/107 2291/108 2330/931
f 309/140 1774/141 1627/132
f 4567/270 1666/51 3/500
f 3703/846 2112/815 273/868
f 2661/880 1939/882 1749/932
f 389/867 1922/815 4247/816
f 1994/815 391/868 3347/866
f 1863/35 2210/35 856/35
f 28/804 2218/100 4712/102
f 392/867 2180/815 4241/816
f 2377/630 1580/1452 2167/631
f 832/18 2119/18 1929/18
f 184/137 2188/141 2274/89
f 395/161 1639/112 2085/54
f 312/55 2185/56 1896/54
f 1968/141 311/140 2154/88
f 376/161 2205/112 2089/54
f 2171/128 1532/120 170/119
f 3332/814 271/867 2112/815
f 2662/164 2835/350 2164/921
f 3330/814 378/867 1919/815
f 4699/629 2130/395 2237/16
f 2124/67 2048/67 1078/67
f 1668/395 2244/16 4711/933
f 393/867 1559/815 4239/816
f 2180/815 393/868 3349/866
f 2241/53 1667/296 12/905
f 3263/934 2078/1552 1673/935
f 2285/111 1629/109 322/115
f 2275/89 1997/56 310/55
f 2290/111 1913/110 417/182
f 2005/183 2280/111 1632/110
f 3163/393 2271/108 1888/106
f 1989/132 1536/130 362/156
f 3701/846 1558/815 275/868
f 1567/44 2216/44 2766/44
f 3334/814 275/867 1698/815
f 2127/44 2049/44 2401/44
f 1844/815 389/868 3345/866
f 1746/67 1647/67 1082/67
f 2244/16 2067/391 4542/23
f 1572/51 2241/53 1601/52
f 859/35 1643/35 2210/35
f 2100/158 2259/111 2101/183
f 419/115 2100/110 2252/111
f 1701/302 2253/89 1801/56
f 1684/107 115/184 2516/677
f 2516/677 1755/116 2256/108
f 350/937 1813/197 1711/196
f 1808/109 2252/111 2193/158
f 321/114 2227/109 2255/111
f 2100/110 319/182 2159/183
f 1545/158 2255/111 1805/183
f 1552/201 1551/200 2642/683
f 292/55 1802/56 1537/54
f 2370/424 1569/423 2128/901
f 207/113 2095/54 1994/112
f 3165/427 2288/229 2006/425
f 206/131 1794/132 2179/130
f 1502/343 1506/1796 1508/344
f 2192/183 2295/111 1807/110
f 409/195 1912/158 2295/111
f 1912/158 333/114 1861/109
f 168/121 2225/120 1985/128
f 1614/128 1988/120 167/119
f 200/138 366/160 2013/130
f 357/160 1818/130 2175/132
f 136/133 173/121 1953/120
f 2820/942 2381/355 1599/943
f 126/121 144/184 2136/107
f 128/121 145/184 2221/107
f 132/119 1792/120 1691/107
f 120/119 2222/120 1890/107
f 136/121 149/184 1857/107
f 4534/944 3779/1523 1696/759
f 4533/945 3780/1684 2296/946
f 130/121 146/184 1581/107
f 130/119 1616/120 1615/107
f 138/119 1858/120 1790/107
f 118/121 139/184 1756/107
f 138/121 150/184 1951/107
f 124/121 143/184 2061/107
f 1909/183 2297/111 1545/110
f 398/195 1628/158 2297/111
f 322/114 1595/109 2297/111
f 2298/111 2191/110 404/182
f 405/195 1547/158 2298/111
f 1547/158 329/114 2228/109
f 119/185 2079/106 3177/117
f 2079/106 2299/108 3177/117
f 2079/106 141/392 3178/393
f 141/392 1890/107 3178/393
f 3178/393 2330/677 1527/116
f 382/161 1921/112 1894/54
f 2094/302 2300/89 2184/56
f 2153/141 2300/89 2094/302
f 2153/141 305/140 1593/88
f 127/104 1887/105 2773/103
f 1887/105 2301/108 2773/103
f 125/185 1950/106 2301/108
f 144/392 2221/107 2301/108
f 1708/183 2302/111 2099/110
f 412/195 2193/158 2302/111
f 2193/158 336/114 2158/109
f 2303/111 1550/109 337/115
f 1923/183 2303/111 1549/110
f 1923/183 414/195 1632/158
f 387/161 1638/112 2086/54
f 2304/111 1912/110 409/182
f 2004/158 2304/111 1548/183
f 2004/158 334/114 1973/109
f 2083/116 2305/108 2084/107
f 149/104 1951/105 2305/108
f 150/185 1530/106 2305/108
f 1530/106 2306/108 1689/105
f 150/392 1790/107 2306/108
f 2306/108 1790/107 2523/677
f 1790/107 140/184 2523/677
f 1642/4 1562/4 721/4
f 2307/16 2070/391 4553/23
f 1669/395 2307/16 4719/933
f 44/804 2219/100 4720/102
f 2308/89 2181/56 280/55
f 279/137 2141/141 2308/89
f 2141/141 281/140 1542/88
f 80/57 1682/93 1683/95
f 3436/478 1681/1520 1787/490
f 2880/474 2168/476 2167/961
f 3888/489 1680/491 1679/963
f 828/18 1779/18 1563/18
f 2309/89 1996/56 302/55
f 1954/141 2309/89 1906/302
f 303/140 2094/88 2309/89
f 2166/376 3184/98 4388/965
f 4356/966 3185/1082 3184/98
f 2075/967 2696/411 4386/968
f 2507/474 1677/476 1674/961
f 2601/480 1676/482 1675/970
f 3824/478 1525/1520 1526/490
f 894/27 1930/27 1744/27
f 2539/486 1613/488 1524/972
f 2732/486 1786/488 1984/972
f 2048/67 1932/67 1077/67
f 3187/974 1784/1507 2878/975
f 3188/977 2310/1065 3189/978
f 2668/980 1947/1508 3190/981
f 3788/983 1633/1511 348/623
f 2548/985 4385/1061 4803/986
f 3867/988 1635/1519 2311/989
f 822/18 1928/18 1564/18
f 2774/474 2073/476 1884/961
f 2535/474 1785/476 1523/961
f 3288/911 1612/718 2072/378
f 1772/54 1997/56 312/99
f 2312/53 2069/52 39/905
f 1875/330 2312/53 1873/296
f 41/500 1575/51 2312/53
f 4025/991 1983/996 2072/992
f 3855/911 2390/1054 2391/994
f 2391/994 1611/475 1610/718
f 1648/44 1567/44 2748/44
f 2313/886 1877/715 3561/924
f 2132/926 2313/886 4359/925
f 56/883 2058/41 4360/43
f 1609/16 1522/395 3792/751
f 3357/995 1945/992 1882/996
f 1982/6 1879/772 3794/844
f 3796/998 1519/51 57/500
f 3284/892 59/893 1519/51
f 869/35 1863/35 1644/35
f 1607/41 52/711 3314/887
f 50/695 1607/41 4368/696
f 3203/999 1571/1516 2637/1000
f 3204/1002 2314/1039 3205/1003
f 2435/1005 1664/1517 3206/1006
f 2618/907 2135/476 1524/908
f 3313/1008 3800/746 1605/41
f 1605/41 44/711 4545/101
f 3800/746 4370/748 4721/747
f 4370/748 4129/693 42/695
f 42/695 1605/41 4721/747
f 1561/4 2208/4 728/4
f 1980/6 1874/2 3802/1009
f 892/27 1744/27 2121/27
f 1979/41 32/711 3505/887
f 30/695 1979/41 4374/696
f 3312/1008 3806/746 1603/41
f 1603/41 28/711 4544/101
f 3806/746 4376/748 4722/747
f 4376/748 4090/693 26/695
f 26/695 1603/41 4722/747
f 2669/877 1948/487 1523/878
f 1977/6 1871/2 3808/1009
f 826/18 1563/18 2118/18
f 1976/16 1869/395 3810/751
f 1560/1011 2207/749 2861/381
f 1975/6 1867/772 3812/844
f 720/4 2209/4 1641/4
f 3814/998 1510/51 1/500
f 3279/892 3/893 1510/51
f 3848/19 2382/1018 3222/1013
f 3815/7 3222/1013 3221/1014
f 4383/1009 3221/1014 2363/1015
f 2411/1016 2608/885 3985/713
f 3220/1013 3219/1018 4381/774
f 3219/1018 2594/1257 3978/316
f 2343/1012 2861/381 426/134
f 2886/1019 2609/1692 3986/1020
f 3218/1022 3217/1023 4379/707
f 3217/1023 2593/1693 3977/1024
f 2753/1025 2610/716 3987/3
f 3216/1013 3215/1014 4377/998
f 3215/1014 2656/1015 4013/690
f 86/29 2669/877 2326/879
f 3807/1028 3521/1017 2796/1016
f 2796/1016 3214/1029 4680/1027
f 3213/1031 4375/1030 3214/1029
f 4375/1030 3807/1028 4680/1027
f 3881/1033 4375/1030 3213/1031
f 3213/1031 2437/1179 4586/1032
f 2808/1019 3212/1036 3805/1034
f 4373/1035 3805/1034 3212/1036
f 3211/1037 2761/1694 4074/1038
f 2864/1025 2611/716 3988/3
f 3210/1013 3209/1014 4371/998
f 3209/1014 2882/1015 4131/690
f 3801/1028 3560/1017 2879/1016
f 2879/1016 3208/1029 4679/1027
f 3207/1031 4369/1030 3208/1029
f 4369/1030 3801/1028 4679/1027
f 3882/1033 4369/1030 3207/1031
f 3207/1031 2438/1179 4587/1032
f 95/90 2618/907 2506/909
f 3223/1007 3206/1006 2314/1039
f 2532/1040 3223/1007 3204/1002
f 1476/1042 2435/1005 3223/1007
f 3224/1004 3205/1003 1570/1043
f 2809/1045 3224/1004 2372/1044
f 1782/1041 3204/1002 3224/1004
f 3225/1001 2637/1000 1473/1047
f 3205/1003 3225/1001 2500/1048
f 2314/1039 3203/999 3225/1001
f 2347/1019 3202/1036 3799/1034
f 4367/1035 3799/1034 3202/1036
f 3201/1037 2439/1694 3883/1038
f 3853/19 2388/1018 3200/1013
f 3797/7 3200/1013 3199/1014
f 4365/1009 3199/1014 2651/1015
f 2602/1016 2613/885 3990/713
f 3198/1013 3197/1018 4363/774
f 3197/1018 2866/1257 4123/316
f 3926/48 2495/1514 2615/1049
f 2580/1019 2323/1692 3822/1020
f 3196/1022 3195/1023 4361/707
f 3195/1023 2505/1693 3929/1024
f 2823/1051 3194/1241 3791/714
f 2777/1052 3193/1053 3790/297
f 3193/1053 2881/1254 4130/699
f 2361/44 2748/44 1193/44
f 3286/396 77/49 102/397
f 102/397 2391/994 2390/1054
f 3456/40 2686/1515 2627/1055
f 3857/396 2394/1054 2763/1056
f 3298/1057 2408/1695 3192/1058
f 4800/1060 4358/1059 3192/1058
f 3541/1062 4357/1513 3191/1063
f 3226/982 3190/981 2310/1065
f 2876/1066 3226/982 3188/977
f 109/711 2668/980 3226/982
f 3227/979 3189/978 1783/1068
f 2667/1070 3227/979 2533/1069
f 1946/1067 3188/977 3227/979
f 3228/976 2878/975 92/1071
f 3189/978 3228/976 2584/1072
f 2310/1065 3187/974 3228/976
f 3255/1074 2328/1698 2329/1075
f 3186/969 2371/1079 3277/1077
f 4386/968 2696/411 2371/1079
f 2696/411 103/1799 3846/1080
f 4387/1081 3186/969 2076/1078
f 3185/1082 3186/969 4387/1081
f 3787/1083 2075/967 3186/969
f 2384/386 2768/1086 3508/1084
f 4388/965 3184/98 2768/1086
f 3184/98 2076/1078 4077/1087
f 3319/1088 2449/1409 2425/1089
f 4005/1074 2639/1698 2490/1075
f 4392/956 3182/955 3183/959
f 2438/1105 3180/1150 4678/1106
f 2641/295 3179/297 4677/1108
f 3179/297 2758/699 4595/1110
f 1890/107 142/184 2330/677
f 4532/1111 4395/948 3176/950
f 4531/1117 4399/1683 3175/1118
f 4530/1126 4403/1682 2454/1127
f 4529/1129 4404/1681 3231/1130
f 4528/1132 4348/1522 3173/1133
f 1466/1135 2381/355 2820/942
f 2106/621 3165/427 2699/426
f 1456/1137 1458/1418 2370/424
f 4238/1138 3670/1143 3030/1139
f 4242/1138 3674/1143 3034/1139
f 2962/297 2431/699 4584/1110
f 3039/1140 2479/1144 3914/1141
f 4248/1138 3680/1143 3040/1139
f 2457/44 2401/44 1190/44
f 3903/1142 2468/1148 3060/1139
f 2748/44 2766/44 1192/44
f 4270/1138 3061/1140 2468/1144
f 1857/107 3163/393 2619/931
f 3832/1145 2338/1699 2441/1146
f 3031/1140 2483/1144 3918/1141
f 2483/1148 3030/1139 3670/1143
f 2735/295 2962/297 4669/1108
f 4246/1138 3678/1143 3038/1139
f 4244/1138 3676/1143 3036/1139
f 4657/1149 2821/1105 2953/1150
f 3899/1142 2464/1148 3068/1139
f 1470/163 1472/1797 2835/350
f 3901/1142 2466/1148 3064/1139
f 114/1152 2377/630 2839/492
f 2482/1148 3032/1139 3672/1143
f 4240/1138 3672/1143 3032/1139
f 2437/1105 2963/1150 4670/1106
f 3035/1140 2481/1144 3916/1141
f 2479/1148 3038/1139 3678/1143
f 1460/1154 1462/1252 2661/880
f 4272/1138 3063/1140 2467/1144
f 4609/1155 2952/297 2487/699
f 3702/1143 3062/1139 3061/1140
f 2400/44 2361/44 1194/44
f 2481/1148 3034/1139 3674/1143
f 3033/1140 2482/1144 3917/1141
f 3509/58 2769/1486 2448/1157
f 3037/1140 2480/1144 3915/1141
f 2480/1148 3036/1139 3676/1143
f 3065/1140 2466/1144 3901/1141
f 4274/1138 3706/1143 3066/1139
f 4102/1038 2822/1694 2945/1037
f 3590/1035 2945/1037 2944/1036
f 2707/1158 3020/1206 3660/1159
f 3021/1161 2705/1368 4033/1162
f 3898/1142 2463/1148 3072/1139
f 3073/1164 2573/1176 3968/1165
f 2814/44 2400/44 1188/44
f 2477/1148 3042/1139 3682/1143
f 4250/1138 3682/1143 3042/1139
f 3049/1140 2474/1144 3909/1141
f 2474/1148 3048/1139 3688/1143
f 2875/1052 2958/1053 3601/297
f 2958/1053 2595/1254 3979/699
f 3041/1140 2478/1144 3913/1141
f 2478/1148 3040/1139 3680/1143
f 3902/1142 2467/1148 3062/1139
f 1471/362 2862/923 2502/922
f 4276/1138 3067/1140 2465/1144
f 3736/1168 3096/1175 3095/1164
f 3103/1164 2558/1176 3953/1165
f 2555/1169 3112/1173 3752/1170
f 4320/1172 3752/1170 3112/1173
f 4312/1166 3744/1168 3104/1175
f 4304/1166 3095/1164 2562/1176
f 4298/1166 3089/1164 2565/1176
f 4163/910 4162/1028 4608/1027
f 4608/1027 2948/1029 4163/910
f 2949/1177 3594/768 2436/1105
f 3594/768 3311/1671 4643/1149
f 3962/1178 2567/1205 3088/1175
f 3732/1170 3092/1173 3091/1174
f 3592/1030 4101/1033 2947/1031
f 4101/1033 4599/1032 2947/1031
f 2382/1018 3848/19 2487/295
f 3848/19 3353/1642 4647/1180
f 4300/1172 3091/1174 2564/1181
f 3726/1170 3086/1173 3085/1174
f 3963/1171 2568/1169 3086/1173
f 4407/1183 4108/1588 4601/1184
f 2836/1185 4408/1675 4798/1186
f 3515/1187 4409/1673 4623/1188
f 2513/916 2687/1191 4026/1190
f 4410/919 2746/1192 2687/1191
f 2746/1192 1776/305 3457/304
f 2677/818 335/657 3367/1193
f 2529/1194 2513/916 4411/1195
f 1972/819 2677/818 4411/1195
f 2397/914 2357/1197 3842/1196
f 4412/915 2414/1198 2357/1197
f 2414/1198 2157/737 3273/854
f 2831/821 338/663 3538/1199
f 2833/1200 2397/914 4413/1201
f 2160/762 2831/821 4413/1201
f 3019/1161 2706/1368 4034/1162
f 2573/1169 3076/1173 3716/1170
f 3857/396 3923/80 2490/1202
f 2931/1177 3576/768 2440/1105
f 3576/768 3315/1671 4646/1149
f 97/90 2837/907 2590/909
f 3847/1020 2374/1692 2347/1019
f 2710/1158 3016/1206 3656/1159
f 4290/1172 3081/1174 2569/1181
f 3411/1017 4142/1028 2602/1016
f 4142/1028 4603/1027 2602/1016
f 3017/1161 2707/1368 4035/1162
f 93/1203 2497/904 2359/385
f 4085/1024 2788/1693 2933/1023
f 3967/1178 2572/1205 3078/1175
f 4302/1166 3093/1164 2563/1176
f 3101/1164 2559/1176 3954/1165
f 2556/1205 3110/1175 3750/1168
f 3109/1164 2555/1176 3950/1165
f 3956/1171 2561/1169 3100/1173
f 3960/1171 2565/1169 3092/1173
f 4230/1163 3662/1159 3022/1206
f 2755/831 320/634 4070/1207
f 2756/1208 2356/863 4414/1209
f 2229/832 2755/831 4414/1209
f 3252/694 2321/885 2951/714
f 2706/1158 3022/1206 3662/1159
f 4415/1210 4062/1665 4594/1211
f 2739/1212 4416/1669 4795/1213
f 3537/1214 4417/1667 4624/1215
f 4232/1163 3664/1159 3024/1206
f 1454/180 1456/1137 2819/941
f 3023/1161 2704/1368 4032/1162
f 4165/277 2951/714 2613/716
f 4033/1160 2705/1158 3024/1206
f 2498/1217 4418/1221 4793/1218
f 4725/1220 4419/1662 4418/1221
f 2737/1222 3491/1605 4791/1223
f 4234/1138 3025/1140 2463/1144
f 4421/1225 3513/1572 4656/1226
f 2779/1227 4422/1657 4789/1228
f 3359/1219 4423/1655 4626/1229
f 4164/7 2950/1013 2866/1015
f 4782/1235 4526/1647 4425/1643
f 4425/1643 3232/1233 4782/1235
f 4004/668 2638/1363 4427/1236
f 2708/1158 3018/1206 3658/1159
f 2729/793 245/540 3878/1238
f 2430/1239 2898/891 4428/1240
f 1965/794 2729/793 4428/1240
f 3718/1168 3078/1175 3077/1164
f 81/1026 74/397 2865/994
f 3536/884 2825/1051 2968/1241
f 1191/44 1195/44 2655/44
f 4148/7 2934/1013 2935/1018
f 2596/845 219/505 3975/1242
f 2589/1243 2910/826 4429/1244
f 1769/809 2596/845 4429/1244
f 2388/1018 3853/19 2352/295
f 3853/19 3271/1642 4640/1180
f 2711/1158 3014/1206 3654/1159
f 2898/891 2900/1246 4136/1245
f 4430/890 2899/1247 2900/1246
f 2899/1247 1590/792 3567/791
f 4284/1172 3716/1170 3076/1173
f 4603/1027 4142/1028 3574/1030
f 3574/1030 2929/1031 2928/1029
f 2901/795 2903/1249 4137/1248
f 4431/888 2902/1250 2903/1249
f 2902/1250 1589/306 3568/709
f 4228/1163 3660/1159 3020/1206
f 3934/1038 2521/1694 2927/1037
f 4145/910 4144/1028 4604/1027
f 4604/1027 2930/1029 4145/910
f 3075/1174 2572/1181 3967/1182
f 3740/1170 3100/1173 3099/1174
f 4316/1166 3748/1168 3108/1175
f 4324/1172 3756/1170 3116/1173
f 2553/1169 3116/1173 3756/1170
f 3107/1164 2556/1176 3951/1165
f 4308/1172 3099/1174 2560/1181
f 3712/1143 3072/1139 3071/1140
f 3710/1143 3070/1139 3069/1140
f 3363/884 2519/1051 2961/1241
f 2520/1051 2959/1241 3602/714
f 4236/1138 3027/1140 2485/1144
f 3919/1142 2484/1148 3028/1139
f 4610/1151 2953/1150 2436/1179
f 4278/1138 3069/1140 2464/1144
f 1464/1136 2820/942 2661/880
f 3704/1143 3064/1139 3063/1140
f 3958/1178 2563/1205 3096/1175
f 4314/1172 3746/1170 3106/1173
f 3754/1168 3114/1175 3113/1164
f 3949/1178 2554/1205 3114/1175
f 3105/1174 2557/1181 3952/1182
f 3957/1178 2562/1205 3098/1175
f 88/29 2765/877 2368/879
f 4280/1138 3071/1140 2462/1144
f 3897/1142 2462/1148 3070/1139
f 4173/43 2961/1241 2317/1253
f 4172/925 2960/1053 2424/1254
f 3029/1140 2484/1144 3919/1141
f 3668/1143 3028/1139 3027/1140
f 2465/1148 3066/1139 3706/1143
f 1450/1255 1452/1786 2531/179
f 3708/1143 3068/1139 3067/1140
f 3738/1168 3098/1175 3097/1164
f 2559/1205 3104/1175 3744/1168
f 4322/1166 3113/1164 2553/1176
f 3115/1174 2552/1181 3947/1182
f 2558/1169 3106/1173 3746/1170
f 4306/1166 3097/1164 2561/1176
f 4262/1138 3053/1140 2472/1144
f 2473/1148 3050/1139 3690/1143
f 1036/67 2499/67 2776/67
f 1048/67 1033/67 2877/67
f 3698/1143 3058/1139 3057/1140
f 4268/1138 3059/1140 2469/1144
f 2954/1013 2416/1015 3869/690
f 3043/1140 2477/1144 3912/1141
f 106/57 2838/870 2488/872
f 4254/1138 3686/1143 3046/1139
f 2291/108 3166/117 2412/382
f 2064/1256 352/685 2801/684
f 3051/1140 2473/1144 3908/1141
f 3906/1142 2471/1148 3054/1139
f 1033/67 1049/67 2421/67
f 3905/1142 2470/1148 3056/1139
f 3904/1142 2469/1148 3058/1139
f 2656/1257 2954/1013 3599/317
f 3047/1140 2475/1144 3910/1141
f 2476/1148 3044/1139 3684/1143
f 1039/67 2698/67 2781/67
f 2064/1256 2957/869 2743/209
f 2472/1148 3052/1139 3692/1143
f 4260/1138 3692/1143 3052/1139
f 4264/1138 3055/1140 2471/1144
f 4266/1138 3057/1140 2470/1144
f 2475/1148 3046/1139 3686/1143
f 2610/885 2955/714 3600/710
f 4252/1138 3684/1143 3044/1139
f 2240/211 2956/339 2702/583
f 4258/1138 3690/1143 3050/1139
f 3694/1143 3054/1139 3053/1140
f 3700/1143 3060/1139 3059/1140
f 3696/1143 3056/1139 3055/1140
f 3045/1140 2476/1144 3911/1141
f 4256/1138 3688/1143 3048/1139
f 2356/863 2740/1260 4063/1259
f 4432/862 2512/1261 2740/1260
f 2512/1261 1660/782 3494/853
f 2785/1189 4433/1264 4781/1262
f 4727/1263 4434/1640 4433/1264
f 2736/1265 3490/1612 4779/1266
f 4436/1268 3925/1635 4590/1269
f 2494/1270 4437/1633 4777/1271
f 3538/1199 4438/1631 4628/1272
f 2892/659 2160/762 3842/1196
f 2357/1197 2891/847 4439/1273
f 319/660 2892/659 4439/1273
f 2895/665 2229/832 4063/1259
f 2740/1260 2434/841 4440/1274
f 340/666 2895/665 4440/1274
f 2676/823 327/144 3415/1275
f 2606/1276 2515/807 4441/1277
f 1970/742 2676/823 4441/1277
f 2401/44 2814/44 1189/44
f 4282/1166 3714/1168 3074/1175
f 4288/1166 3079/1164 2570/1176
f 3233/1278 2971/1314 3611/1279
f 2666/1281 3233/1278 4442/1280
f 1945/1283 2970/848 4443/850
f 4066/316 2747/1257 2935/1018
f 3499/1 4156/1028 2753/1025
f 4156/1028 4606/1027 2753/1025
f 4292/1166 3083/1164 2568/1176
f 3666/1143 3026/1139 3025/1140
f 2611/885 2974/714 3614/710
f 1192/44 2766/44 2772/44
f 3869/316 2416/1257 2941/1018
f 2643/636 1658/829 4016/1285
f 2663/1286 2894/836 4444/1287
f 322/637 2643/636 4444/1287
f 2350/642 1970/742 4067/1288
f 2749/1289 2885/701 4445/1290
f 317/643 2350/642 4445/1290
f 2828/913 235/521 3323/1128
f 2454/1127 2913/761 4446/1291
f 2147/802 2828/913 4446/1291
f 4017/1020 2665/1692 2808/1019
f 2910/826 2912/1293 4138/1292
f 4447/825 2911/1294 2912/1293
f 2911/1294 1768/722 3569/734
f 2575/765 2733/1296 4057/1295
f 4448/822 2689/1297 2733/1296
f 2689/1297 2155/299 3488/741
f 3588/910 4073/1677 2943/1177
f 4073/1677 4596/1107 2943/1177
f 4158/1034 2944/1036 2886/1019
f 4606/1027 4156/1028 3588/910
f 3588/910 2943/1177 2942/1029
f 3722/1170 3082/1173 3081/1174
f 3920/1142 2485/1148 3026/1139
f 2973/1013 2747/1015 4066/690
f 2322/534 2147/802 4139/1298
f 2915/1299 2525/731 4449/1300
f 231/515 2322/534 4449/1300
f 3553/1 4150/1028 2864/1025
f 4150/1028 4605/1027 2864/1025
f 3720/1168 3080/1175 3079/1164
f 2515/807 2749/1289 4067/1288
f 4450/806 2734/1301 2749/1289
f 2734/1301 1969/702 3498/840
f 3582/910 4075/1677 2937/1177
f 4075/1677 4597/1107 2937/1177
f 2433/828 324/640 3565/1302
f 2896/1303 2786/787 4451/1304
f 1658/829 2433/828 4451/1304
f 2583/775 253/559 4099/1305
f 2816/681 2901/795 4452/1306
f 1964/776 2583/775 4452/1306
f 4152/17 2938/1022 2939/1023
f 2674/574 1965/794 4136/1245
f 2900/1246 2344/790 4453/1307
f 249/565 2674/574 4453/1307
f 2786/787 2663/1286 4016/1285
f 4454/786 2491/1308 2663/1286
f 2491/1308 2226/837 3447/843
f 4154/7 2940/1013 2941/1018
f 2882/1257 2973/1013 3613/317
f 4605/1027 4150/1028 3582/910
f 3582/910 2937/1177 2936/1029
f 2380/820 331/651 3537/1214
f 2832/1216 2575/765 4455/1309
f 1596/769 2380/820 4455/1309
f 3966/1178 2571/1205 3080/1175
f 2913/761 2915/1299 4139/1298
f 4456/760 2914/1310 2915/1299
f 2914/1310 1767/449 3570/812
f 3234/1311 2686/1710 3456/1312
f 2971/1314 3234/1311 4457/1313
f 2249/1315 2969/756 4458/758
f 3235/1316 2972/1461 3612/1317
f 2495/1319 3235/1316 4459/1318
f 85/1321 2511/753 4460/755
f 4014/1024 2658/1693 2939/1023
f 3728/1168 3088/1175 3087/1164
f 4296/1166 3087/1164 2566/1176
f 4294/1172 3085/1174 2567/1181
f 2861/12 2574/272 422/271
f 3964/1178 2569/1205 3084/1175
f 3730/1168 3090/1175 3089/1164
f 3961/1178 2566/1205 3090/1175
f 3299/1017 4160/1028 2411/1016
f 4160/1028 4607/1027 2411/1016
f 4607/1027 4160/1028 3592/1030
f 3592/1030 2947/1031 2946/1029
f 3818/713 2318/885 2796/1016
f 2745/647 1596/769 4057/1295
f 2733/1296 2829/740 4461/1324
f 329/648 2745/647 4461/1324
f 3965/1171 2570/1169 3082/1173
f 2527/536 1769/809 4138/1292
f 2912/1293 2526/733 4462/1325
f 239/527 2527/536 4462/1325
f 3541/1326 2843/1711 3122/1327
f 4330/1329 3121/1332 2351/473
f 3142/216 3141/617 4339/1330
f 3762/1328 3122/1327 3121/1332
f 1555/243 2111/467 3835/244
f 2111/467 2783/581 2342/725
f 2551/1205 3120/1175 3760/1168
f 3015/1161 2709/1368 4037/1162
f 2550/1205 3074/1175 3714/1168
f 3423/58 2615/1486 2795/47
f 4179/43 2968/1241 2614/1253
f 3247/694 2315/885 2966/714
f 3574/1030 4104/1033 2929/1031
f 4104/1033 4600/1032 2929/1031
f 4177/277 2966/714 2608/716
f 2673/572 1964/776 4137/1248
f 2903/1249 2863/708 4463/1333
f 257/553 2673/572 4463/1333
f 4146/17 2932/1022 2933/1023
f 4226/1163 3658/1159 3018/1206
f 3724/1168 3084/1175 3083/1164
f 3572/1035 2927/1037 2926/1036
f 4178/925 2967/1053 2592/1254
f 4224/1163 3656/1159 3016/1206
f 4140/1034 2926/1036 2580/1019
f 3820/713 2320/885 2879/1016
f 4286/1166 3077/1164 2571/1176
f 4176/7 2965/1013 2594/1015
f 3734/1168 3094/1175 3093/1164
f 4310/1166 3742/1168 3102/1175
f 3111/1174 2554/1181 3949/1182
f 4318/1166 3750/1168 3110/1175
f 2560/1205 3102/1175 3742/1168
f 3959/1178 2564/1205 3094/1175
f 2288/229 3164/1487 2635/187
f 2009/220 2010/211 2360/221
f 2552/1205 3118/1175 3758/1168
f 2557/1205 3108/1175 3748/1168
f 4524/1334 4464/679 2816/681
f 3117/1164 2551/1176 3946/1165
f 4326/1166 3758/1168 3118/1175
f 3773/1339 3156/1713 2459/1340
f 3119/1164 2550/1176 3945/1165
f 4328/1166 3760/1168 3120/1175
f 4468/1341 4120/1619 4602/1342
f 2854/1343 4469/1616 4773/1344
f 3280/1345 4470/1614 4629/1346
f 4471/1348 3458/1489 4650/1349
f 2690/1350 4472/1609 4770/1351
f 3276/1352 4473/1607 4630/1353
f 2512/1261 2232/861 4135/1355
f 2897/1356 2578/662 4474/1357
f 1660/782 2512/1261 4474/1357
f 2414/1198 2162/857 3280/1345
f 2383/1347 2830/656 4475/1358
f 2157/737 2414/1198 4475/1358
f 2746/1192 1778/918 3267/1359
f 2345/1360 2501/650 4476/1361
f 1776/305 2746/1192 4476/1361
f 2689/1297 2161/767 3276/1352
f 2367/1354 2427/645 4477/1362
f 2155/299 2689/1297 4477/1362
f 2734/1301 1862/805 3435/896
f 2638/1363 2675/639 4478/1364
f 1969/702 2734/1301 4478/1364
f 2491/1308 2231/785 3500/1365
f 2754/1366 2759/633 4479/1367
f 2226/837 2491/1308 4479/1367
f 4037/1160 2709/1158 2982/1206
f 3636/1159 2996/1206 2995/1161
f 4051/1160 2723/1158 2992/1206
f 4200/1163 2991/1161 2722/1368
f 105/1152 2794/630 2442/492
f 4206/1163 2997/1161 2718/1368
f 3630/1159 2990/1206 2989/1161
f 4053/1160 2725/1158 2988/1206
f 4049/1160 2721/1158 2978/1206
f 4186/1163 2977/1161 2727/1368
f 4192/1163 3624/1159 2984/1206
f 2979/1161 2720/1368 4048/1162
f 2983/1161 2708/1368 4036/1162
f 4658/1149 2824/1105 2976/1150
f 4198/1163 2989/1161 2723/1368
f 3632/1159 2992/1206 2991/1161
f 2727/1158 2980/1206 3620/1159
f 3159/1369 3237/628 3161/627
f 2671/712 3237/628 3159/1369
f 265/546 2672/570 3237/628
f 1451/358 2636/625 2365/365
f 2632/1370 3157/1720 3774/1371
f 1813/1373 3137/608 2778/226
f 325/1602 1815/1376 4061/1375
f 1815/1376 3133/619 2738/620
f 2198/211 3148/339 3147/582
f 1917/579 1814/584 4003/1377
f 1814/584 2549/589 2633/618
f 400/1378 2199/1331 4339/1330
f 4339/1330 3141/617 400/1378
f 2588/1379 3156/1713 3773/1339
f 3143/1380 2461/217 3327/1381
f 1714/602 1715/611 3301/1392
f 3301/1392 2417/610 1714/602
f 2109/110 354/115 2703/582
f 3144/1383 3143/1380 4340/1382
f 1634/235 2200/234 4335/233
f 4335/233 3129/607 1634/235
f 2333/1385 3128/1389 3765/1386
f 2196/597 400/1378 2460/601
f 4003/1377 2633/618 2632/1379
f 3145/210 3146/598 1714/602
f 4337/224 3135/1721 3136/1387
f 4333/1388 3765/1386 3128/1389
f 1038/67 2776/67 2698/67
f 2860/230 2200/234 2407/1391
f 2200/234 1634/235 3866/237
f 2010/211 2703/582 2549/589
f 3139/219 3140/339 2010/211
f 2802/1340 2417/610 3301/1392
f 2198/211 1714/602 2797/586
f 2200/234 2008/229 3132/585
f 1049/67 1047/67 2530/67
f 4336/1393 3134/228 3133/619
f 2194/229 2856/580 2783/581
f 4061/1375 2738/620 3136/1387
f 2715/1158 3006/1206 3646/1159
f 4214/1163 3646/1159 3006/1206
f 3011/1161 2711/1368 4039/1162
f 3005/1161 2714/1368 4042/1162
f 4045/1160 2717/1158 3002/1206
f 4044/1160 2716/1158 3004/1206
f 3640/1159 3000/1206 2999/1161
f 4222/1163 3654/1159 3014/1206
f 2712/1158 3012/1206 3652/1159
f 4046/1160 2718/1158 3000/1206
f 2713/1158 3010/1206 3650/1159
f 4218/1163 3650/1159 3010/1206
f 4210/1163 3001/1161 2716/1368
f 3013/1161 2710/1368 4038/1162
f 3642/1159 3002/1206 3001/1161
f 4208/1163 2999/1161 2717/1368
f 3644/1159 3004/1206 3003/1161
f 4212/1163 3003/1161 2715/1368
f 3009/1161 2712/1368 4040/1162
f 4220/1163 3652/1159 3012/1206
f 4216/1163 3648/1159 3008/1206
f 3007/1161 2713/1368 4041/1162
f 4047/1160 2719/1158 2998/1206
f 2714/1158 3008/1206 3648/1159
f 2899/1247 1898/889 3995/1394
f 2624/1395 2379/573 4480/1396
f 1590/792 2899/1247 4480/1396
f 2902/1250 1897/796 3994/1397
f 2623/1398 2378/571 4481/1399
f 1589/306 2902/1250 4481/1399
f 2911/1294 1697/824 3893/1400
f 2455/1401 2730/535 4482/1402
f 1768/722 2911/1294 4482/1402
f 2914/1310 1696/759 3307/1403
f 2428/124 2346/533 4483/1404
f 1767/449 2914/1310 4483/1404
f 3618/1159 2978/1206 2977/1161
f 4050/1160 2722/1158 2994/1206
f 4614/1151 2976/1150 2440/1179
f 2985/1161 2725/1368 4053/1162
f 4196/1163 2987/1161 2724/1368
f 3628/1159 2988/1206 2987/1161
f 4613/1155 2975/297 2352/699
f 3626/1159 2986/1206 2985/1161
f 4204/1163 2995/1161 2719/1368
f 98/11 2826/497 2837/499
f 2726/1158 2984/1206 3624/1159
f 4188/1163 3620/1159 2980/1206
f 4190/1163 2981/1161 2726/1368
f 4032/1160 2704/1158 2986/1206
f 4202/1163 2993/1161 2721/1368
f 3634/1159 2994/1206 2993/1161
f 2678/380 2343/381 427/134
f 4048/1160 2720/1158 2996/1206
f 4052/1160 2724/1158 2990/1206
f 3622/1159 2982/1206 2981/1161
f 84/1073 92/397 2878/1406
f 2508/1407 2328/1698 3255/1074
f 3319/1088 3366/80 2522/1202
f 113/85 2579/485 2925/432
f 90/1073 101/397 2888/1406
f 80/1026 109/397 2876/994
f 99/1076 74/1802 2409/1410
f 2441/1411 2639/1698 4005/1074
f 91/1026 102/397 2670/994
f 79/1026 110/397 2533/994
f 273/729 2112/1413 3839/730
f 2112/1413 3123/471 2351/473
f 2110/1372 3125/468 2775/239
f 4332/1415 3124/241 3123/471
f 3130/465 2202/1416 2333/1385
f 2202/1416 274/604 3827/605
f 3127/1390 2542/1722 3371/1417
f 1580/483 2377/412 2841/411
f 2169/418 2924/417 2925/432
f 345/189 2857/190 3165/427
f 1458/1418 1460/1154 2517/422
f 3309/895 4484/421 3160/420
f 3878/1238 4485/1420 3238/1419
f 4485/1420 2731/569 1962/691
f 1962/691 3159/1369 4485/1420
f 2220/431 2924/417 2598/416
f 2603/1422 2450/1723 3889/1423
f 2168/476 1946/475 2667/45
f 3401/1425 3502/960 2757/1075
f 2794/412 2696/411 2075/967
f 1677/476 1949/475 2888/45
f 1676/482 1611/481 2391/409
f 2446/1427 2423/1723 3304/1423
f 1613/488 1949/487 2670/405
f 1786/488 1784/487 2534/405
f 2073/476 1783/475 2584/45
f 1785/476 1656/475 2432/45
f 3856/719 3937/960 2538/1075
f 1947/961 2668/401 2616/152
f 3638/1159 2998/1206 2997/1161
f 3526/379 2803/1056 2390/1054
f 3927/1429 2496/1283 2389/1430
f 3455/1433 3826/1518 2685/1014
f 3826/1518 4581/1110 2685/1014
f 2811/1025 4097/1010 2930/1029
f 4097/1010 3575/748 4662/1432
f 3577/706 2932/1022 2387/1430
f 3579/317 2934/1013 2386/1014
f 3454/892 4072/1678 2683/1018
f 4072/1678 4595/1109 2683/1018
f 3583/706 2938/1022 2682/1430
f 3585/317 2940/1013 2385/1014
f 3452/892 3879/1678 2681/1018
f 3879/1678 4584/1109 2681/1018
f 3998/1429 2628/1283 2680/1430
f 3450/1433 3863/1518 2679/1014
f 3863/1518 4583/1110 2679/1014
f 2792/1025 4088/1010 2948/1029
f 4088/1010 3593/748 4666/1432
f 4849/1434 4631/1755 3171/1435
f 4763/1437 4632/1580 3239/1438
f 4761/1440 4616/1644 3170/1441
f 101/1204 2359/385 2640/386
f 1883/154 3167/153 3168/375
f 2271/108 3162/117 2514/382
f 2581/381 2625/380 1845/495
f 3508/324 2768/1456 2508/1056
f 75/85 2375/87 3168/375
f 4848/1443 4633/1751 2779/1227
f 4847/1444 4634/1771 3240/1445
f 4846/1447 4615/1777 3169/1448
f 2332/366 1531/370 1891/442
f 1531/370 2292/369 1891/442
f 3443/773 2651/1257 2950/1013
f 1940/865 2164/921 2862/923
f 1749/932 1939/882 2420/354
f 1781/875 2636/625 2502/357
f 2381/355 2518/162 1750/864
f 2129/881 2405/125 2420/354
f 2164/921 2835/350 2369/352
f 4641/1180 2403/295 2952/297
f 2364/44 2883/44 2216/44
f 2810/44 2750/44 2049/44
f 2074/487 2695/20 2617/22
f 2955/714 2318/716 3818/3
f 2166/1451 2384/340 2443/342
f 2240/211 2197/220 2858/218
f 2123/67 2805/67 2804/67
f 2122/67 2214/67 2537/67
f 2214/67 1646/67 2806/67
f 1865/67 2607/67 2744/67
f 1580/1452 2579/273 2870/274
f 2597/44 2422/44 1648/44
f 4079/1453 2770/1740 2603/1454
f 2654/44 2597/44 1852/44
f 2959/1241 2319/1253 3819/716
f 3442/927 2649/1052 2960/1053
f 3564/379 2890/1056 2425/1456
f 2963/1150 2760/1179 4596/1032
f 2165/476 2869/28 2688/30
f 3275/773 2363/1257 2965/1013
f 2127/44 1747/44 2503/44
f 2216/44 2883/44 2600/44
f 2812/653 1972/819 4026/1190
f 2687/1191 2528/303 4494/1457
f 333/654 2812/653 4494/1457
f 3296/927 2406/1052 2967/1053
f 3241/1458 2509/1741 3362/1459
f 2972/1461 3241/1458 4495/1460
f 1948/1462 2669/278 4496/280
f 2750/44 2654/44 1937/44
f 2974/714 2320/716 3820/3
f 1579/1452 2376/273 2410/274
f 2349/272 2582/12 1560/749
f 4639/1180 2331/295 2975/297
f 2135/1463 2618/261 2869/263
f 4114/1464 2847/1467 2850/1465
f 2850/1467 2848/1465 4115/1466
f 3838/1464 2348/1467 2545/1465
f 2545/1467 2789/1465 4086/1466
f 3834/1464 2340/1467 2544/1465
f 2544/1467 2396/1465 3859/1466
f 3859/1464 2396/1467 2691/1465
f 4028/1464 2691/1467 2849/1465
f 4116/1464 2849/1467 2847/1465
f 4115/1464 2848/1467 2402/1465
f 3862/1464 2402/1467 2540/1465
f 3938/1464 2540/1467 2846/1465
f 4113/1464 2846/1467 2851/1465
f 2851/1467 2842/1465 4109/1466
f 4109/1464 2842/1467 2576/1465
f 2576/1467 2395/1465 3858/1466
f 2395/1467 2541/1465 3939/1466
f 2541/1467 2486/1465 3921/1466
f 2486/1467 2790/1465 4087/1466
f 2790/1467 2348/1465 3838/1466
f 2789/1467 2780/1465 4083/1466
f 2780/1467 2631/1465 4001/1466
f 2631/1467 2855/1465 4121/1466
f 2855/1467 2340/1465 3834/1466
f 4098/1468 2815/1471 2587/1469
f 4015/1468 2659/1471 2815/1469
f 2429/1471 2659/1469 4015/1470
f 2604/1471 2429/1469 3877/1470
f 2817/1471 2604/1469 3982/1470
f 2645/1471 2817/1469 4100/1470
f 2741/1471 2645/1469 4007/1470
f 2358/1471 2741/1469 4064/1470
f 2493/1471 2358/1469 3843/1470
f 2742/1471 2493/1469 3924/1470
f 2872/1471 2742/1469 4065/1470
f 2871/1471 2872/1469 4126/1470
f 2647/1471 2871/1469 4125/1470
f 2648/1471 2647/1469 4009/1470
f 3871/1468 2418/1471 2648/1469
f 4092/1468 2799/1471 2418/1469
f 3972/1468 2586/1471 2799/1469
f 4127/1468 2874/1471 2586/1469
f 4091/1468 2798/1471 2874/1469
f 3841/1468 2354/1471 2798/1469
f 2419/1471 2354/1469 3841/1470
f 4093/1468 2800/1471 2419/1469
f 4008/1468 2646/1471 2800/1469
f 3973/1468 2587/1471 2646/1469
f 2771/1472 2337/1478 3831/1473
f 2337/1475 2693/1479 4030/1476
f 4030/1474 2693/1472 2845/1478
f 4112/1474 2845/1472 2336/1478
f 3830/1477 2336/1475 2626/1479
f 3996/1474 2626/1472 2456/1478
f 3894/1477 2456/1475 2325/1479
f 3823/1474 2325/1472 2630/1478
f 4000/1474 2630/1472 2692/1478
f 4029/1477 2692/1475 2697/1479
f 4031/1474 2697/1472 2453/1478
f 3891/1474 2453/1472 2399/1478
f 3861/1474 2399/1472 2844/1478
f 4111/1477 2844/1475 2452/1479
f 2452/1472 2339/1478 3833/1473
f 2339/1472 2404/1478 3864/1473
f 2404/1475 2334/1479 3828/1476
f 2334/1472 2629/1478 3999/1473
f 2629/1472 2853/1478 4119/1473
f 2853/1475 2547/1479 3943/1476
f 3943/1474 2547/1472 2622/1478
f 2622/1475 2398/1479 3860/1476
f 2398/1472 2335/1478 3829/1473
f 2335/1472 2771/1478 4080/1473
f 3375/1480 2548/1742 2342/725
f 2112/1413 271/1414 4332/1415
f 271/1414 2775/239 3124/241
f 344/186 2316/188 3126/238
f 2407/1391 2408/1743 3298/1481
f 2447/232 272/1482 3129/607
f 272/1482 2202/1416 3766/606
f 1815/1376 324/1374 4336/1393
f 324/1374 2778/226 3134/228
f 3768/594 3135/1721 2588/1370
f 350/685 2360/221 3138/222
f 351/182 2109/110 3139/219
f 2199/1331 418/1603 3327/1381
f 3327/1381 2461/217 2199/1331
f 2459/1483 3144/1383 4341/1384
f 352/1258 2196/597 3145/210
f 2045/67 2744/67 2805/67
f 1646/67 1780/67 2362/67
f 2260/108 1888/116 2514/103
f 1781/875 2531/179 2660/181
f 3774/1371 3157/1720 2802/1483
f 1749/932 2426/175 2868/165
f 4497/1484 3242/1485 2623/1398
f 3158/1543 2269/419 4497/1484
f 2269/419 3161/627 4497/1484
f 3242/1485 3161/627 4498/172
f 3161/627 1963/313 4498/172
f 3277/930 2371/1157 2446/1486
f 4499/613 2366/169 2700/168
f 3164/1487 2288/229 4499/613
f 2288/229 2195/939 4499/613
f 1750/864 2518/162 2662/164
f 1683/383 3167/153 2616/152
f 3984/852 2606/1276 4738/1493
f 2129/881 1599/943 2413/928
f 4514/1495 4504/122 2428/124
f 4513/1496 4505/1499 3244/1497
f 2299/108 1527/116 2412/103
f 3180/1150 2762/1179 4597/1032
f 3889/1423 2450/1723 2538/1202
f 2168/476 2840/59 2839/60
f 3401/1425 2577/1426 2448/1505
f 2838/87 3185/1082 4356/966
f 4510/86 2767/484 3185/1082
f 2767/484 2075/967 3787/1083
f 1677/476 2445/59 2442/60
f 1676/482 2444/83 2488/84
f 3304/1423 2423/1723 2728/1202
f 1613/488 2393/71 2506/73
f 1786/488 2536/71 2590/73
f 3245/66 2534/65 1784/1507
f 3190/981 3245/66 3187/974
f 1947/1508 2497/64 3245/66
f 4512/1509 2621/1510 1633/1511
f 3371/1512 2542/62 3191/1063
f 2073/476 2764/59 2368/60
f 1785/476 2585/59 2326/60
f 3856/719 2392/47 2627/1486
f 3362/997 2509/1049 2763/1514
f 3520/719 1610/718 1611/475
f 1611/475 2409/45 3520/719
f 2422/44 2364/44 1567/44
f 3194/1241 2612/1253 3989/716
f 2389/1430 3196/1022 4362/706
f 4018/993 2666/1055 2803/1515
f 2685/1014 3198/1013 4364/317
f 4097/1010 2811/1025 2321/716
f 2387/1430 2867/1283 4124/1429
f 3246/33 2373/32 1571/1516
f 3206/1006 3246/33 3203/999
f 1664/1517 2489/31 3246/33
f 2135/476 2826/28 2327/30
f 4006/1518 3282/1433 2386/1014
f 2386/1014 2641/699 4591/1110
f 2683/1018 3210/1013 4372/317
f 2682/1430 2605/1283 3983/1429
f 4058/1518 3281/1433 2385/1014
f 2385/1014 2735/699 4593/1110
f 1948/487 2511/20 2415/22
f 2681/1018 3216/1013 4378/317
f 2680/1430 3218/1022 4380/706
f 2582/13 2581/12 2207/749
f 2679/1014 3220/1013 4382/317
f 4088/1010 2792/1025 2315/716
f 3450/1433 4382/317 1866/51
f 3451/1431 4380/706 1868/296
f 3452/892 4378/317 1870/51
f 3281/1433 4058/1518 4693/501
f 3454/892 4372/317 1873/51
f 3282/1433 4006/1518 4691/501
f 3455/1433 4364/317 1878/51
f 1945/992 4018/993 3526/991
f 3285/1431 4362/706 1521/296
f 3791/714 3989/716 1877/715
f 1983/996 3362/997 4076/995
f 1612/718 3856/719 3428/717
f 1635/1519 3371/1512 4357/1513
f 2542/62 4511/61 4512/1509
f 1525/1520 3304/1423 3487/1504
f 1680/491 3401/1425 3887/1506
f 1681/1520 3889/1423 3937/1504
f 2169/418 3785/969 4509/1503
f 2769/98 4508/97 4509/1503
f 3182/955 4354/954 4078/1501
f 3784/1521 4075/1033 4697/503
f 2146/430 2827/429 4507/1500
f 4348/1522 4513/1496 4506/1498
f 2296/946 3782/1112 4513/1496
f 3782/1112 3176/950 4505/1499
f 3779/1523 4514/1495 3307/1403
f 3173/1133 4506/1498 4514/1495
f 4506/1498 3244/1497 4504/122
f 4739/1524 4515/1778 4503/1525
f 4347/1527 4515/1778 4739/1524
f 1862/805 3984/852 4740/1494
f 4845/1529 4741/1490 4502/1492
f 4844/1531 4742/1534 4516/1532
f 4843/1536 4745/1488 3458/1489
f 4842/1538 4746/1541 4517/1539
f 2076/490 3277/930 3886/717
f 3158/1543 4497/1484 3994/1397
f 2266/1544 3774/1371 3525/212
f 3326/178 4341/1384 1554/1545
f 1916/595 3768/594 3974/624
f 4539/394 3257/1642 4184/1550
f 3614/710 3820/3 1517/2
f 4181/754 4496/280 3241/1458
f 3612/1317 4495/1460 2969/756
f 4495/1460 3362/1459 1983/1551
f 2134/926 3296/927 4178/925
f 1509/772 3275/773 4176/7
f 3606/1521 4073/1033 4696/503
f 2077/378 3564/379 3306/377
f 1751/926 3442/927 4172/925
f 3602/714 3819/716 1516/715
f 2078/1552 4079/1453 3412/1455
f 3600/710 3818/3 1514/2
f 4541/394 3294/1642 4166/1550
f 1518/772 3443/773 4164/7
f 4841/1553 4749/1772 4493/1554
f 4840/1556 4750/1769 4518/1557
f 4839/1559 4715/1770 4344/1560
f 4838/1562 4753/1768 4492/1563
f 4837/1565 4754/1766 4519/1566
f 4836/1568 4734/1767 4491/1569
f 4835/1571 4757/1765 3513/1572
f 4834/1574 4758/1764 4520/1575
f 4833/1577 4733/1750 4490/1578
f 104/50 3508/324 3930/323
f 4632/1580 4761/1440 4489/1442
f 4762/1581 4521/1585 4487/1582
f 4716/1584 4345/1646 4521/1585
f 4601/1184 4763/1437 4488/1439
f 4701/1586 4764/1589 4522/1587
f 4764/1589 4732/1583 4487/1582
f 4832/1590 4765/1763 3777/1591
f 4088/1010 2/811 3593/748
f 2/811 1649/41 4566/747
f 4683/501 3863/1518 3450/1433
f 4684/269 3879/1678 3452/892
f 1574/51 3585/317 3281/1433
f 1941/296 3583/706 3453/1431
f 4695/269 4072/1678 3454/892
f 1575/51 3579/317 3282/1433
f 1576/296 3577/706 3283/1431
f 4097/1010 58/811 3575/748
f 58/811 1653/41 4562/747
f 4681/501 3826/1518 3455/1433
f 1882/378 3526/379 3855/911
f 2031/257 3638/1159 4206/1163
f 1612/718 1787/490 3937/960
f 3886/1428 3304/1423 1525/1520
f 1680/491 1754/490 3502/960
f 3412/1424 3889/1423 1681/1520
f 245/540 2731/569 4485/1420
f 2430/1239 3238/1419 4484/421
f 107/1601 76/79 3366/80
f 2021/257 3622/1159 4190/1163
f 2034/257 3634/1159 4202/1163
f 2032/260 2039/257 3620/1159
f 2037/260 2015/257 3626/1159
f 4713/933 4184/1550 3271/24
f 2037/257 3628/1159 4196/1163
f 4714/102 4185/1604 3315/1008
f 2033/257 3618/1159 4186/1163
f 2025/260 2026/257 3648/1159
f 2023/260 2024/257 3652/1159
f 2028/257 3644/1159 4212/1163
f 2029/257 3642/1159 4210/1163
f 2024/260 2025/257 3650/1159
f 2022/260 2023/257 3654/1159
f 2030/257 3640/1159 4208/1163
f 2027/257 3646/1159 4214/1163
f 325/1602 4061/1375 3769/596
f 3525/678 3301/1392 1715/611
f 1635/1599 1634/235 3765/1386
f 1915/225 4337/224 4338/577
f 1917/579 4003/1377 4002/615
f 4340/1382 3327/1381 418/1603
f 3974/599 3773/1339 1910/110
f 4002/223 3774/1371 2266/1544
f 2035/257 3632/1159 4200/1163
f 4558/803 3535/1671 4185/1604
f 2020/260 2038/257 3624/1159
f 2036/257 3630/1159 4198/1163
f 2032/257 3636/1159 4204/1163
f 3491/1605 2737/1222 4730/1606
f 4473/1607 3276/1352 4769/1608
f 2161/767 3491/1605 4769/1608
f 4471/1348 4473/1607 4730/1606
f 4770/1351 4472/1609 4473/1607
f 4472/1609 2367/1354 4630/1353
f 4060/1610 2097/373 4550/1537
f 3458/1489 4471/1348 4771/1611
f 2737/1222 4060/1610 4771/1611
f 3490/1612 2736/1265 4729/1613
f 4470/1614 3280/1345 4772/1615
f 2162/857 3490/1612 4772/1615
f 4468/1341 4470/1614 4729/1613
f 4773/1344 4469/1616 4470/1614
f 4469/1616 2383/1347 4629/1346
f 4059/1617 2189/858 4702/1618
f 4120/1619 4468/1341 4774/1620
f 2736/1265 4059/1617 4774/1620
f 1816/251 1817/245 3760/1168
f 1910/110 3773/1339 3326/587
f 1817/251 1819/245 3758/1168
f 4465/1336 3160/420 2269/419
f 2269/419 3158/1543 4467/1338
f 4775/1621 4465/1336 4466/1335
f 3995/1394 1898/889 4775/1621
f 1898/889 3160/420 4775/1621
f 3426/576 4524/1334 4099/1305
f 2624/1395 4466/1335 4524/1334
f 4466/1335 3236/1337 4464/679
f 1823/251 1824/245 3750/1168
f 1828/251 1829/245 3742/1168
f 1833/245 3734/1168 4302/1166
f 2245/6 4176/7 3409/813
f 1517/772 3820/713 3560/1017
f 2021/260 2022/257 3656/1159
f 2247/886 4178/925 3407/924
f 1753/1622 3572/1035 4140/1034
f 1838/245 3724/1168 4292/1166
f 2018/260 2020/257 3658/1159
f 1606/16 4146/17 4147/751
f 1650/275 4177/277 3416/276
f 4700/503 4104/1033 3574/1030
f 2/695 3247/694 4177/277
f 2060/41 4179/43 3422/42
f 81/57 3423/58 4089/46
f 1812/1624 3762/1328 4330/1329
f 1514/772 3818/713 3521/1017
f 4707/390 1975/6 2130/391
f 2130/391 3592/1030 4160/1028
f 4707/390 4160/1028 3299/1017
f 1835/245 3730/1168 4298/1166
f 1836/245 3728/1168 4296/1166
f 29/905 4014/1024 3584/707
f 3926/1322 4460/755 3235/1316
f 3357/1320 4459/1318 2970/848
f 4459/1318 3612/1317 2249/1315
f 4180/849 4458/758 3234/1311
f 3611/1279 4457/1313 2695/1625
f 4457/1313 3456/1312 87/1627
f 4705/390 1980/6 2070/395
f 2070/395 3582/910 4150/1028
f 4131/316 3613/317 1875/51
f 1602/6 4154/7 4155/844
f 1978/16 4152/17 4153/751
f 4697/629 4075/1677 3582/910
f 1840/245 3720/1168 4288/1166
f 4705/390 4150/1028 3553/1
f 3613/317 4066/690 41/500
f 1839/248 3722/1170 4290/1172
f 4706/390 1977/6 2067/395
f 2067/395 3588/910 4156/1028
f 4696/629 4073/1677 3588/910
f 1942/395 4017/1020 3527/1021
f 25/893 3869/316 3586/774
f 3988/713 3614/710 2250/6
f 1742/256 3666/1143 4234/1138
f 4706/390 4156/1028 3499/1
f 41/893 4066/316 3580/774
f 4018/1284 4443/850 3233/1278
f 3449/1282 4442/1280 2765/1628
f 4442/1280 3611/1279 2074/1626
f 1843/251 1816/245 3714/1168
f 3566/672 2897/1356 4728/1630
f 4438/1631 3538/1199 4776/1632
f 338/663 3566/672 4776/1632
f 4436/1268 4438/1631 4728/1630
f 4777/1271 4437/1633 4438/1631
f 4437/1633 2833/1200 4628/1272
f 4135/1355 2232/861 4690/1634
f 3925/1635 4436/1268 4778/1636
f 2897/1356 4135/1355 4778/1636
f 4435/1267 3356/1638 4648/1637
f 4779/1266 3490/1612 3356/1638
f 3490/1612 2162/857 4548/856
f 4780/1639 4435/1267 2494/1270
f 4434/1640 4435/1267 4780/1639
f 4627/1641 2736/1265 4435/1267
f 3515/1187 3925/1635 4690/1634
f 4781/1262 4433/1264 3925/1635
f 4433/1264 2494/1270 4590/1269
f 1731/254 1730/256 3688/1143
f 1725/256 3696/1143 4264/1138
f 1723/256 3700/1143 4268/1138
f 1727/256 3694/1143 4262/1138
f 1730/254 1729/256 3690/1143
f 1733/254 1732/256 3684/1143
f 3987/713 3600/710 2239/6
f 1729/254 1728/256 3692/1143
f 4013/316 3599/317 1872/51
f 1732/254 1731/256 3686/1143
f 3599/317 3869/690 25/500
f 1724/256 3698/1143 4266/1138
f 1831/245 3738/1168 4306/1166
f 1719/256 3708/1143 4276/1138
f 1741/256 3668/1143 4236/1138
f 2243/886 4172/925 3305/924
f 1651/41 4173/43 3248/42
f 1822/245 3754/1168 4322/1166
f 1825/252 1827/248 3746/1170
f 1721/256 3704/1143 4272/1138
f 4710/102 4167/1604 3311/1008
f 3933/885 3602/714 2242/886
f 20/883 3363/884 4173/43
f 1717/256 3710/1143 4278/1138
f 1718/256 3712/1143 4280/1138
f 1819/252 1821/248 3756/1170
f 1824/251 1825/245 3748/1168
f 1830/248 3740/1170 4308/1172
f 1671/395 1608/6 4704/390
f 4704/390 4144/1028 1671/395
f 2017/260 2018/257 3660/1159
f 4703/390 1982/6 2133/391
f 2133/391 3574/1030 4142/1028
f 1842/252 1843/248 3716/1170
f 3853/19 1608/6 3271/1642
f 1608/6 1671/395 4540/394
f 1604/6 4148/7 4149/844
f 72/883 3536/884 4179/43
f 1842/245 3718/1168 4286/1166
f 4525/1237 4427/1236 3232/1233
f 3565/1302 4525/1237 4425/1643
f 324/640 4004/668 4525/1237
f 4782/1235 4426/1234 3170/1441
f 4783/1645 4526/1647 4345/1646
f 4783/1645 4134/798 2896/1303
f 2896/1303 4425/1643 4783/1645
f 4831/1648 4784/1230 3778/1232
f 2235/6 4164/7 3554/813
f 3936/917 2529/1194 4726/1654
f 4423/1655 3359/1219 4788/1656
f 1778/918 3936/917 4788/1656
f 4421/1225 4423/1655 4726/1654
f 4789/1228 4422/1657 4423/1655
f 4422/1657 2498/1217 4626/1229
f 3367/1193 335/657 4556/1573
f 3513/1572 4421/1225 4790/1658
f 2529/1194 3367/1193 4790/1658
f 4420/1224 3493/1660 4652/1659
f 4791/1223 3491/1605 3493/1660
f 3491/1605 2161/767 4552/902
f 4792/1661 4420/1224 2739/1212
f 4419/1662 4420/1224 4792/1661
f 4625/1663 2737/1222 4420/1224
f 3359/1219 4062/1665 4694/1664
f 4793/1218 4418/1221 4062/1665
f 4418/1221 2739/1212 4594/1211
f 1654/275 4165/277 3421/276
f 2015/260 2016/257 3664/1159
f 3836/670 2345/1360 4724/1666
f 4417/1667 3537/1214 4794/1668
f 331/651 3836/670 4794/1668
f 4415/1210 4417/1667 4724/1666
f 4795/1213 4416/1669 4417/1667
f 4416/1669 2832/1216 4624/1215
f 3267/1359 1778/918 4694/1664
f 4062/1665 4415/1210 4796/1670
f 2345/1360 3267/1359 4796/1670
f 58/695 3252/694 4165/277
f 2016/260 2017/257 3662/1159
f 49/905 4085/1024 3578/707
f 4703/390 4142/1028 3411/1017
f 1577/395 3847/1020 3268/1021
f 3576/768 1653/41 3315/1671
f 1653/41 60/804 4546/803
f 82/49 76/79 3923/80
f 3501/903 2756/1208 4723/1672
f 4409/1673 3515/1187 4797/1674
f 2232/861 3501/903 4797/1674
f 4407/1183 4409/1673 4723/1672
f 4798/1186 4408/1675 4409/1673
f 4408/1675 2785/1189 4623/1188
f 4070/1207 320/634 4701/1586
f 4108/1588 4407/1183 4799/1676
f 2756/1208 4070/1207 4799/1676
f 1837/248 3726/1170 4294/1172
f 3848/19 1600/6 3353/1642
f 1600/6 1665/395 4547/394
f 4699/503 4101/1033 3592/1030
f 1834/248 3732/1170 4300/1172
f 3594/768 1649/41 3311/1671
f 1649/41 4/804 4543/803
f 1665/395 1600/6 4708/390
f 4708/390 4162/1028 1665/395
f 1827/251 1828/245 3744/1168
f 1822/252 1823/248 3752/1170
f 1832/245 3736/1168 4304/1166
f 3601/297 3979/699 33/698
f 4128/295 3601/297 1515/296
f 1734/254 1733/256 3682/1143
f 2131/1622 3590/1035 4158/1034
f 1721/254 1720/256 3706/1143
f 112/57 3509/58 3318/171
f 1722/256 3702/1143 4270/1138
f 4709/933 4166/1550 3353/24
f 3881/1677 3606/1521 4570/502
f 1740/254 1739/256 3672/1143
f 4557/803 3532/1671 4167/1604
f 1738/254 1737/256 3676/1143
f 1737/254 1736/256 3678/1143
f 4058/1678 3605/1680 4569/270
f 111/1679 3832/1145 3316/1147
f 1736/254 1734/256 3680/1143
f 3605/1680 3879/1518 4684/501
f 1739/254 1738/256 3674/1143
f 1741/254 1740/256 3670/1143
f 4404/1681 4528/1132 4406/1134
f 3175/1118 4350/947 4528/1132
f 4350/947 2296/946 4348/1522
f 3893/1400 4529/1129 4405/1131
f 1697/824 3781/1119 4529/1129
f 3781/1119 3175/1118 4404/1681
f 3324/537 4530/1126 3323/1128
f 2455/1401 4405/1131 4530/1126
f 4405/1131 3231/1130 4403/1682
f 1766/444 4349/1124 4400/1121
f 219/505 2787/531 4400/1121
f 3406/894 4531/1117 3781/1119
f 2589/1243 4401/1120 4531/1117
f 4401/1120 3230/1122 4399/1683
f 4396/1114 2524/448 223/508
f 223/508 2324/532 4398/1116
f 2524/448 4396/1114 4349/1124
f 3780/1684 4532/1111 3782/1112
f 3174/1125 4397/1113 4532/1111
f 3229/1115 4395/948 4532/1111
f 3783/1680 4072/1518 4695/501
f 4006/1678 3783/1680 4577/270
f 3882/1677 3784/1521 4578/502
f 2078/1093 3263/1103 4394/1102
f 2890/953 4393/952 4394/1102
f 2338/1104 3832/1099 4133/1098
f 3182/955 3785/969 3786/957
f 3181/1101 4391/1097 4355/1091
f 114/410 3510/1095 4390/1094
f 3183/959 4389/958 4390/1094
f 2770/1096 4079/1092 4355/1091
f 107/1600 4005/1074 3923/403
f 99/1600 3255/1074 3256/403
f 1812/1685 2311/989 4357/1513
f 4801/1688 4385/1061 2548/985
f 3375/1686 349/1803 4802/1687
f 349/1803 1712/1689 4802/1687
f 347/1690 3298/1057 4358/1059
f 87/21 3456/40 3997/39
f 3790/297 4130/699 53/698
f 4081/295 3790/297 1876/296
f 4103/885 3791/714 2313/886
f 4361/707 3929/1024 65/905
f 3402/1021 3822/1020 1522/395
f 85/50 3926/48 3423/1050
f 4363/774 4123/316 61/893
f 3411/1017 3990/713 1879/772
f 1608/6 3797/7 4365/1009
f 1670/1622 1606/16 3799/1034
f 4369/1030 3882/1033 4687/503
f 4369/1030 1669/391 3801/1028
f 1669/391 1604/6 4579/390
f 3560/1017 3801/1028 4579/390
f 4371/998 4131/690 37/500
f 3553/1 3988/3 1874/2
f 2068/1622 1978/16 3805/1034
f 4375/1030 3881/1033 4686/503
f 4375/1030 1668/391 3807/1028
f 1668/391 1602/6 4580/390
f 3521/1017 3807/1028 4580/390
f 4377/998 4013/690 21/500
f 3499/1 3987/3 1871/2
f 4379/707 3977/1024 13/905
f 3563/1021 3986/1020 1869/395
f 4381/774 3978/316 5/893
f 3299/1017 3985/713 1867/772
f 1600/6 3815/7 4383/1009
f 2382/1018 3279/892 4384/317
f 3222/1013 4384/317 3814/998
f 3221/1014 3814/998 3844/690
f 3868/693 3416/694 2608/885
f 3813/7 3812/844 3219/1018
f 3812/844 3409/773 2594/1257
f 4132/697 3417/833 2609/1692
f 3811/17 3810/751 3217/1023
f 3810/751 3408/752 2593/1693
f 4068/1010 3418/276 2610/716
f 3809/7 3808/1009 3215/1014
f 3808/1009 3444/813 2656/1015
f 3214/1029 2796/1016 4090/693
f 4090/693 4376/748 4622/1432
f 3806/746 3213/1031 4376/748
f 3213/1031 3214/1029 4622/1432
f 2437/1179 3213/1031 3806/746
f 3806/746 3312/1008 4644/1251
f 4096/697 4374/696 3212/1036
f 3211/1037 3212/1036 4374/696
f 3804/703 3505/887 2761/1694
f 4122/1010 3419/276 2611/716
f 3803/7 3802/1009 3209/1014
f 3802/1009 3562/813 2882/1015
f 3208/1029 2879/1016 4129/693
f 4129/693 4370/748 4621/1432
f 3800/746 3207/1031 4370/748
f 3207/1031 3208/1029 4621/1432
f 2438/1179 3207/1031 3800/746
f 3800/746 3313/1008 4645/1251
f 3837/697 4368/696 3202/1036
f 3201/1037 3202/1036 4368/696
f 3798/703 3314/887 2439/1694
f 2388/1018 3284/892 4366/317
f 3200/1013 4366/317 3796/998
f 3199/1014 3796/998 4012/690
f 3980/693 3421/694 2613/885
f 3795/7 3794/844 3197/1018
f 3794/844 3554/773 2866/1257
f 2495/1514 3357/995 3992/997
f 3971/697 3253/833 2323/1692
f 3793/17 3792/751 3195/1023
f 3792/751 3360/752 2505/1693
f 3534/884 4360/43 3194/1241
f 3512/927 4359/925 3193/1053
f 4359/925 3561/924 2881/1254
f 2686/1515 4025/991 3428/993
f 2394/1054 3288/911 4076/379
f 2408/1695 3867/988 3789/990
f 3192/1058 3789/990 4804/1697
f 2311/989 1812/1685 4805/1696
f 1812/1685 3944/987 4805/1696
f 2843/1064 3191/1063 3788/983
f 2328/1698 3824/478 3825/960
f 2449/1409 3888/489 3306/964
f 2639/1698 3436/478 3354/960
f 2841/411 4389/958 3786/957
f 2077/1502 4354/954 4392/956
f 3181/1101 4393/952 3564/951
f 3313/1671 4353/1604 4620/1151
f 3437/1642 4352/1550 4619/1155
f 4352/1550 3503/24 4653/1156
f 2324/532 2146/430 4351/949
f 4399/1683 4533/945 4350/947
f 3230/1122 4402/1123 4533/945
f 4402/1123 3174/1125 3780/1684
f 4403/1682 4534/944 3892/834
f 3231/1130 4406/1134 4534/944
f 4406/1134 3173/1133 3779/1523
f 3029/1140 3030/1139 4239/816
f 3033/1140 3034/1139 4243/816
f 4174/1550 3310/24 4642/1156
f 3679/846 3345/866 2479/1144
f 3039/1140 3040/1139 4249/816
f 2468/1148 3334/814 4269/816
f 3061/1140 3701/846 3334/866
f 2338/1699 3263/934 3885/936
f 3671/846 3349/866 2483/1144
f 3349/814 4239/816 3030/1139
f 3489/1642 4174/1550 4611/1155
f 3037/1140 3038/1139 4247/816
f 3035/1140 3036/1139 4245/816
f 4599/1107 4101/1677 3598/1521
f 2464/1148 3330/814 4277/816
f 2466/1148 3332/814 4273/816
f 3348/814 4241/816 3032/1139
f 3031/1140 3032/1139 4241/816
f 3312/1671 4175/1604 4612/1151
f 3675/846 3347/866 2481/1144
f 3345/814 4247/816 3038/1139
f 3063/1140 3703/846 3333/866
f 4667/1108 3597/1680 3922/1518
f 3062/1139 4271/816 3701/846
f 3347/814 4243/816 3034/1139
f 3673/846 3348/866 2482/1144
f 2769/1486 4078/717 3887/930
f 3677/846 3346/866 2480/1144
f 3346/814 4245/816 3036/1139
f 3705/846 3332/866 2466/1144
f 3065/1140 3066/1139 4275/816
f 2822/1694 3533/887 4159/703
f 2945/1037 4159/703 3589/696
f 3466/494 4229/399 3020/1206
f 3661/398 3464/496 2705/1368
f 2463/1148 3329/814 4281/816
f 3713/674 3399/676 2573/1176
f 3343/814 4251/816 3042/1139
f 3041/1140 3042/1139 4251/816
f 3689/846 3340/866 2474/1144
f 3340/814 4257/816 3048/1139
f 3559/927 4170/925 2958/1053
f 4170/925 3410/924 2595/1254
f 3681/846 3344/866 2478/1144
f 3344/814 4249/816 3040/1139
f 2467/1148 3333/814 4271/816
f 3067/1140 3707/846 3331/866
f 3096/1175 4305/675 3735/674
f 3743/674 3384/676 2558/1176
f 3381/735 4321/736 3112/1173
f 3111/1174 3112/1173 4321/736
f 3103/1164 3104/1175 4313/675
f 3095/1164 3735/674 3388/676
f 3089/1164 3729/674 3391/676
f 2949/1177 2948/1029 4666/1432
f 4666/1432 3593/748 2949/1177
f 4163/910 2949/1177 3880/1677
f 2949/1177 2436/1105 4585/1107
f 2567/1205 3393/682 4297/675
f 3092/1173 4301/736 3731/689
f 2947/1031 2821/1179 4161/746
f 2821/1179 4657/1251 4161/746
f 3279/892 2382/1018 3922/1678
f 2382/1018 2487/295 4589/1109
f 3091/1174 3731/689 3390/688
f 3086/1173 4295/736 3725/689
f 2568/1169 3394/735 4295/736
f 4408/1675 2836/1185 4659/1700
f 3539/1701 4084/860 4806/1702
f 2785/1189 4408/1675 4806/1702
f 3659/398 3465/496 2706/1368
f 3399/735 4285/736 3076/1173
f 2394/1054 2490/1202 3354/1504
f 4145/910 2931/1177 3884/1677
f 2931/1177 2440/1105 4588/1107
f 2374/1692 3278/833 3837/697
f 3469/494 4225/399 3016/1206
f 3081/1174 3721/689 3395/688
f 2602/1016 2928/1029 3980/693
f 2928/1029 4661/1432 3980/693
f 3657/398 3466/496 2707/1368
f 2788/1693 3516/752 4147/751
f 2572/1205 3398/682 4287/675
f 3093/1164 3733/674 3389/676
f 3741/674 3385/676 2559/1176
f 3382/682 4319/675 3110/1175
f 3749/674 3381/676 2555/1176
f 2561/1169 3387/735 4309/736
f 2565/1169 3391/735 4301/736
f 3021/1161 3022/1206 4231/399
f 2321/885 3821/713 3596/710
f 3465/494 4231/399 3022/1206
f 4416/1669 2739/1212 4652/1659
f 3493/1660 4106/766 4807/1703
f 2832/1216 4416/1669 4807/1703
f 3023/1161 3024/1206 4233/399
f 3023/1161 3663/398 3463/496
f 2951/714 3596/710 3990/3
f 3464/494 4233/399 3024/1206
f 3928/899 4419/1662 4725/1220
f 4808/900 4060/1610 4419/1662
f 4060/1610 2737/1222 4625/1663
f 3025/1140 3665/846 3329/866
f 4422/1657 2779/1227 4598/1704
f 4082/1705 3928/899 4809/1706
f 2498/1217 4422/1657 4809/1706
f 2950/1013 3595/317 4123/690
f 4535/1707 4347/1527 4618/1528
f 4424/1758 3232/1233 4810/1708
f 3232/1233 4427/1236 4810/1708
f 4535/1707 4427/1236 4811/898
f 4427/1236 2638/1363 4811/898
f 3467/494 4227/399 3018/1206
f 3078/1175 4287/675 3717/674
f 2825/1051 4105/885 3610/714
f 2934/1013 3579/317 3580/774
f 3284/892 2388/1018 3840/1678
f 2388/1018 2352/295 4582/1109
f 3470/494 4223/399 3014/1206
f 3075/1174 3076/1173 4285/736
f 4661/1432 2928/1029 2929/1031
f 2929/1031 4143/746 3573/748
f 3019/1161 3020/1206 4229/399
f 2521/1694 3365/887 4141/703
f 2931/1177 2930/1029 4662/1432
f 4662/1432 3575/748 2931/1177
f 3715/689 3398/688 2572/1181
f 3100/1173 4309/736 3739/689
f 3107/1164 3108/1175 4317/675
f 3115/1174 3116/1173 4325/736
f 3379/735 4325/736 3116/1173
f 3747/674 3382/676 2556/1176
f 3099/1174 3739/689 3386/688
f 3072/1139 4281/816 3711/846
f 3070/1139 4279/816 3709/846
f 2519/1051 3932/885 3604/714
f 3364/884 4171/43 2959/1241
f 3027/1140 3667/846 3351/866
f 2484/1148 3350/814 4237/816
f 4668/1106 3598/1521 3880/1033
f 3069/1140 3709/846 3330/866
f 3064/1139 4273/816 3703/846
f 2563/1205 3389/682 4305/675
f 3105/1174 3106/1173 4315/736
f 3114/1175 4323/675 3753/674
f 2554/1205 3380/682 4323/675
f 3745/689 3383/688 2557/1181
f 2562/1205 3388/682 4307/675
f 3071/1140 3711/846 3328/866
f 2462/1148 3328/814 4279/816
f 2961/1241 3604/714 3817/716
f 2960/1053 3603/297 3874/699
f 3669/846 3350/866 2484/1144
f 3028/1139 4237/816 3667/846
f 3331/814 4275/816 3066/1139
f 3068/1139 4277/816 3707/846
f 3098/1175 4307/675 3737/674
f 3385/682 4313/675 3104/1175
f 3113/1164 3753/674 3379/676
f 3755/689 3378/688 2552/1181
f 3384/735 4315/736 3106/1173
f 3097/1164 3737/674 3387/676
f 3053/1140 3693/846 3338/866
f 3339/814 4259/816 3050/1139
f 3058/1139 4267/816 3697/846
f 3059/1140 3699/846 3335/866
f 4168/7 3300/813 2416/1015
f 3683/846 3343/866 2477/1144
f 3045/1140 3046/1139 4255/816
f 3691/846 3339/866 2473/1144
f 2471/1148 3337/814 4263/816
f 2470/1148 3336/814 4265/816
f 2469/1148 3335/814 4267/816
f 3444/773 4168/7 2954/1013
f 3687/846 3341/866 2475/1144
f 3342/814 4253/816 3044/1139
f 3338/814 4261/816 3052/1139
f 3051/1140 3052/1139 4261/816
f 3055/1140 3695/846 3337/866
f 3057/1140 3697/846 3336/866
f 3341/814 4255/816 3046/1139
f 3418/694 4169/277 2955/714
f 3043/1140 3044/1139 4253/816
f 3049/1140 3050/1139 4259/816
f 3054/1139 4263/816 3693/846
f 3060/1139 4269/816 3699/846
f 3056/1139 4265/816 3695/846
f 3685/846 3342/866 2476/1144
f 3047/1140 3048/1139 4257/816
f 4084/860 4434/1640 4727/1263
f 4812/859 4059/1617 4434/1640
f 4059/1617 2736/1265 4627/1641
f 4437/1633 2494/1270 4648/1637
f 3356/1638 4107/855 4813/1709
f 2833/1200 4437/1633 4813/1709
f 3073/1164 3074/1175 4283/675
f 3079/1164 3719/674 3396/676
f 4443/850 4180/849 2971/1314
f 2747/1257 3497/773 4149/844
f 2753/1025 2942/1029 4068/1010
f 2942/1029 4664/1432 4068/1010
f 3083/1164 3723/674 3394/676
f 3026/1139 4235/816 3665/846
f 3419/694 4183/277 2974/714
f 2416/1257 3300/773 4155/844
f 2665/1692 3448/833 4096/697
f 2943/1177 2760/1105 4157/768
f 2760/1105 4654/1149 4157/768
f 2944/1036 3589/696 4132/697
f 4664/1432 2942/1029 2943/1177
f 2943/1177 4157/768 3587/748
f 3082/1173 4291/736 3721/689
f 2485/1148 3351/814 4235/816
f 4182/7 3497/813 2747/1015
f 2864/1025 2936/1029 4122/1010
f 2936/1029 4663/1432 4122/1010
f 3080/1175 4289/675 3719/674
f 2937/1177 2762/1105 4151/768
f 2762/1105 4655/1149 4151/768
f 2938/1022 3583/706 3584/707
f 2940/1013 3585/317 3586/774
f 3562/773 4182/7 2973/1013
f 4663/1432 2936/1029 2937/1177
f 2937/1177 4151/768 3581/748
f 2571/1205 3397/682 4289/675
f 4458/758 4025/757 2686/1710
f 4460/755 4181/754 2972/1461
f 2658/1693 3445/752 4153/751
f 3088/1175 4297/675 3727/674
f 3087/1164 3727/674 3392/676
f 3085/1174 3725/689 3393/688
f 2569/1205 3395/682 4293/675
f 3090/1175 4299/675 3729/674
f 2566/1205 3392/682 4299/675
f 2411/1016 2946/1029 3868/693
f 2946/1029 4665/1432 3868/693
f 4665/1432 2946/1029 2947/1031
f 2947/1031 4161/746 3591/748
f 2318/885 3249/694 4090/693
f 2570/1169 3396/735 4291/736
f 2843/1711 4110/732 4331/727
f 3121/1332 3761/726 3839/730
f 3122/1327 4331/727 3761/726
f 3377/682 4329/675 3120/1175
f 3655/398 3468/496 2709/1368
f 3376/682 4283/675 3074/1175
f 2615/1486 3992/717 3520/719
f 2968/1241 3610/714 3991/716
f 2315/885 3816/713 3608/710
f 2929/1031 2824/1179 4143/746
f 2824/1179 4658/1251 4143/746
f 2966/714 3608/710 3985/3
f 2932/1022 3577/706 3578/707
f 3017/1161 3018/1206 4227/399
f 3084/1175 4293/675 3723/674
f 2927/1037 4141/703 3571/696
f 2967/1053 3609/297 3976/699
f 3015/1161 3016/1206 4225/399
f 2926/1036 3571/696 3971/697
f 2320/885 3251/694 4129/693
f 3077/1164 3717/674 3397/676
f 2965/1013 3607/317 3978/690
f 3094/1175 4303/675 3733/674
f 3101/1164 3102/1175 4311/675
f 3751/689 3380/688 2554/1181
f 3109/1164 3110/1175 4319/675
f 3386/682 4311/675 3102/1175
f 2564/1205 3390/682 4303/675
f 3378/682 4327/675 3118/1175
f 3383/682 4317/675 3108/1175
f 4464/679 4467/1338 4814/1712
f 4814/1712 4467/1338 3158/1543
f 3158/1543 1897/796 4814/1712
f 3757/674 3377/676 2551/1176
f 3117/1164 3118/1175 4327/675
f 3156/1713 4342/614 3895/678
f 3759/674 3376/676 2550/1176
f 3119/1164 3120/1175 4329/675
f 4469/1616 2854/1343 4660/1714
f 3551/1715 3849/671 4815/1716
f 2383/1347 4469/1616 4815/1716
f 4472/1609 2690/1350 4592/1717
f 4027/1718 3845/669 4816/1719
f 2367/1354 4472/1609 4816/1719
f 2709/1158 3468/494 4191/399
f 2996/1206 4205/399 3635/398
f 2723/1158 3482/494 4201/399
f 2991/1161 3631/398 3481/496
f 2997/1161 3637/398 3477/496
f 2990/1206 4199/399 3629/398
f 2725/1158 3484/494 4197/399
f 2721/1158 3480/494 4187/399
f 2977/1161 3617/398 3486/496
f 2983/1161 2984/1206 4193/399
f 3619/398 3479/496 2720/1368
f 3623/398 3467/496 2708/1368
f 4600/1107 4104/1677 3616/1521
f 2989/1161 3629/398 3482/496
f 2992/1206 4201/399 3631/398
f 3486/494 4189/399 2980/1206
f 3433/624 4343/176 3157/1720
f 3405/615 4342/614 3156/1713
f 3771/609 3896/215 2461/217
f 3772/214 3771/609 3143/1380
f 3827/605 4334/593 3128/1389
f 2633/618 3434/600 3433/599
f 3135/1721 3768/594 3769/596
f 3127/1390 3128/1389 4334/593
f 4094/587 3870/588 2417/610
f 2738/620 3492/578 4338/577
f 3474/494 4215/399 3006/1206
f 3005/1161 3006/1206 4215/399
f 3651/398 3470/496 2711/1368
f 3005/1161 3645/398 3473/496
f 2717/1158 3476/494 4211/399
f 2716/1158 3475/494 4213/399
f 3000/1206 4209/399 3639/398
f 3013/1161 3014/1206 4223/399
f 3471/494 4221/399 3012/1206
f 2718/1158 3477/494 4209/399
f 3472/494 4219/399 3010/1206
f 3009/1161 3010/1206 4219/399
f 3001/1161 3641/398 3475/496
f 3653/398 3469/496 2710/1368
f 3002/1206 4211/399 3641/398
f 2999/1161 3639/398 3476/496
f 3004/1206 4213/399 3643/398
f 3003/1161 3643/398 3474/496
f 3649/398 3471/496 2712/1368
f 3011/1161 3012/1206 4221/399
f 3007/1161 3008/1206 4217/399
f 3647/398 3472/496 2713/1368
f 2719/1158 3478/494 4207/399
f 3473/494 4217/399 3008/1206
f 2978/1206 4187/399 3617/398
f 2722/1158 3481/494 4203/399
f 4672/1106 3616/1521 3884/1033
f 3625/398 3484/496 2725/1368
f 2987/1161 3627/398 3483/496
f 2988/1206 4197/399 3627/398
f 4671/1108 3615/1680 3840/1518
f 2985/1161 2986/1206 4195/399
f 2995/1161 3635/398 3478/496
f 3485/494 4193/399 2984/1206
f 2979/1161 2980/1206 4189/399
f 2981/1161 3621/398 3485/496
f 3463/494 4195/399 2986/1206
f 2993/1161 3633/398 3480/496
f 2994/1206 4203/399 3633/398
f 2720/1158 3479/494 4205/399
f 2724/1158 3483/494 4199/399
f 2982/1206 4191/399 3621/398
f 3361/493 3824/478 2328/1698
f 2449/1409 2522/1202 3935/1504
f 3885/479 3436/478 2639/1698
f 3764/464 3940/463 2542/1722
f 3981/413 3320/78 2450/1723
f 2577/1426 2757/1075 4071/403
f 3317/408 3873/78 2423/1723
f 2392/47 2538/1075 3368/403
f 2998/1206 4207/399 3637/398
f 2803/1056 4095/323 3286/396
f 2496/1283 3358/26 3854/15
f 2685/1014 2331/699 4024/5
f 2331/699 4639/1156 4024/5
f 3528/1 2811/1025 4144/1028
f 2811/1025 2930/1029 4604/1027
f 2932/1022 4146/17 3852/15
f 2934/1013 4148/7 3851/5
f 2683/1018 2758/295 4023/19
f 2758/295 4653/1180 4023/19
f 2938/1022 4152/17 4022/15
f 2940/1013 4154/7 3850/5
f 2681/1018 2431/295 4021/19
f 2431/295 4642/1180 4021/19
f 2628/1283 3429/26 4020/15
f 2679/1014 2403/699 4019/5
f 2403/699 4641/1156 4019/5
f 3519/1 2792/1025 4162/1028
f 2792/1025 2948/1029 4608/1027
f 4830/1724 4817/1756 4346/1725
f 2768/1456 4077/377 3361/379
f 4829/1733 4821/1752 4082/1705
f 4828/1734 4822/1748 4537/1735
f 4827/1737 4673/1749 3775/1738
f 2651/1257 4012/316 3595/317
f 4583/1109 3863/1678 3597/1680
f 4169/277 3249/276 2318/716
f 2770/1740 3510/328 3981/329
f 4171/43 3250/42 2319/1253
f 2649/1052 4011/295 3603/297
f 2890/1056 4133/323 3875/324
f 4175/1604 3504/1008 4654/1251
f 2363/1257 3844/316 3607/317
f 2406/1052 3865/295 3609/297
f 4496/280 3931/279 2509/1741
f 4183/277 3251/276 2320/716
f 4581/1109 3826/1678 3615/1680
f 2847/1467 3545/259 3548/258
f 3548/259 3546/258 2848/1465
f 2348/1467 3269/259 3373/258
f 3373/259 3517/258 2789/1465
f 2340/1467 3265/259 3372/258
f 2544/1467 3372/259 3290/258
f 2396/1467 3290/259 3459/258
f 2691/1467 3459/259 3547/258
f 2849/1467 3547/259 3545/258
f 2848/1467 3546/259 3293/258
f 2402/1467 3293/259 3369/258
f 2540/1467 3369/259 3544/258
f 2846/1467 3544/259 3549/258
f 2851/1467 3549/259 3540/258
f 2842/1467 3540/259 3400/258
f 3400/259 3289/258 2395/1465
f 3289/259 3370/258 2541/1465
f 3370/259 3352/258 2486/1465
f 3352/259 3518/258 2790/1465
f 3518/259 3269/258 2348/1465
f 3517/259 3514/258 2780/1465
f 3514/259 3432/258 2631/1465
f 3432/259 3552/258 2855/1465
f 3552/259 3265/258 2340/1465
f 2815/1471 3529/253 3404/255
f 2659/1471 3446/253 3529/255
f 3308/253 3446/255 2659/1469
f 3413/253 3308/255 2429/1469
f 3531/253 3413/255 2604/1469
f 3438/253 3531/255 2817/1469
f 3495/253 3438/255 2645/1469
f 3274/253 3495/255 2741/1469
f 3355/253 3274/255 2358/1469
f 3496/253 3355/255 2493/1469
f 3557/253 3496/255 2742/1469
f 3556/253 3557/255 2872/1469
f 3440/253 3556/255 2871/1469
f 3441/253 3440/255 2647/1469
f 2418/1471 3302/253 3441/255
f 2799/1471 3523/253 3302/255
f 2586/1471 3403/253 3523/255
f 2874/1471 3558/253 3403/255
f 2798/1471 3522/253 3558/255
f 2354/1471 3272/253 3522/255
f 3303/253 3272/255 2354/1469
f 2800/1471 3524/253 3303/255
f 2646/1471 3439/253 3524/255
f 2587/1471 3404/253 3439/255
f 3511/247 3262/246 2337/1478
f 3262/250 3461/249 2693/1479
f 2693/1472 3461/247 3543/246
f 2845/1472 3543/247 3261/246
f 2336/1475 3261/250 3427/249
f 2626/1472 3427/247 3325/246
f 2456/1475 3325/250 3254/249
f 2325/1472 3254/247 3431/246
f 2630/1472 3431/247 3460/246
f 2692/1475 3460/250 3462/249
f 2697/1472 3462/247 3322/246
f 2453/1472 3322/247 3292/246
f 2399/1472 3292/247 3542/246
f 2844/1475 3542/250 3321/249
f 3321/247 3264/246 2339/1478
f 3264/247 3295/246 2404/1478
f 3295/250 3259/249 2334/1479
f 3259/247 3430/246 2629/1478
f 3430/247 3550/246 2853/1478
f 3550/250 3374/249 2547/1479
f 2547/1472 3374/247 3424/246
f 3424/250 3291/249 2398/1479
f 3291/247 3260/246 2335/1478
f 3260/247 3511/246 2771/1478
f 2548/1742 3944/242 3835/244
f 3866/237 3867/236 2408/1743
f 3135/1721 4337/224 3405/223
f 3895/212 3772/214 3144/1383
f 3157/1720 4343/176 4094/178
f 3242/1485 4498/172 3425/174
f 2371/1157 3846/171 3317/58
f 4825/1744 4538/1745 4027/1718
f 4638/1526 4503/1525 4538/1745
f 2606/1276 3415/1275 4826/143
f 4507/1500 2827/429 227/511
f 4353/1604 3506/1008 4655/1251
f 2598/416 4508/97 3509/96
f 2450/1723 3320/78 3368/80
f 2577/1426 3970/91 3318/92
f 2423/1723 3873/78 4056/80
f 4511/61 3940/63 346/893
f 2392/47 3287/46 3997/58
f 2509/1049 3931/1050 3507/48
f 4360/43 3420/42 2612/1253
f 3854/15 3793/17 3196/1022
f 2666/1055 3449/39 4095/40
f 4024/5 3795/7 3198/1013
f 2811/1025 3528/1 3821/3
f 3852/15 3555/26 2867/1283
f 2641/699 2386/1014 3851/5
f 3851/5 3437/24 4649/1156
f 4023/19 3803/7 3210/1013
f 4022/15 3414/26 2605/1283
f 2735/699 2385/1014 3850/5
f 3850/5 3489/24 4651/1156
f 4021/19 3809/7 3216/1013
f 4020/15 3811/17 3218/1022
f 4019/5 3813/7 3220/1013
f 2792/1025 3519/1 3816/3
f 4620/1151 4655/1251 2762/1179
f 4503/1525 4738/1493 4826/143
f 3243/1746 4638/1526 4825/1744
f 4500/1747 4825/1744 4592/1717
f 2331/295 4581/1109 4671/1108
f 4612/1151 4654/1251 2760/1179
f 2403/295 4583/1109 4667/1108
f 4822/1748 4827/1737 4824/1739
f 4493/1554 4736/1449 4827/1737
f 4736/1449 3169/1448 4673/1749
f 4733/1750 4828/1734 4823/1736
f 3240/1445 4636/1555 4828/1734
f 4636/1555 4493/1554 4822/1748
f 4633/1751 4829/1733 4598/1704
f 4490/1578 4823/1736 4829/1733
f 4823/1736 4537/1735 4821/1752
f 4852/1753 4674/1731 4820/1730
f 4818/1728 4489/1442 4852/1753
f 4489/1442 3170/1441 4852/1753
f 4853/1754 4818/1728 4819/1727
f 4731/1597 3239/1438 4853/1754
f 3239/1438 4489/1442 4853/1754
f 4631/1755 4830/1724 4617/1726
f 4486/1598 4819/1727 4830/1724
f 4819/1727 4536/1729 4817/1756
f 2975/297 4671/1108 4582/1110
f 2976/1150 4672/1106 4588/1032
f 2824/1105 4600/1107 4672/1106
f 2953/1150 4668/1106 4585/1032
f 4810/1708 4618/1528 3172/1757
f 2952/297 4667/1108 4589/1110
f 4644/1149 4612/1151 2963/1150
f 2821/1105 4599/1107 4668/1106
f 4651/1180 4611/1155 2962/297
f 4611/1155 4642/1156 2431/699
f 4619/1155 4653/1156 2758/699
f 4649/1180 4619/1155 3179/297
f 4645/1149 4620/1151 3180/1150
f 4687/629 4578/502 2307/16
f 4691/269 4577/270 2069/51
f 4577/270 4695/501 39/500
f 4569/270 4684/501 23/500
f 4693/269 4569/270 2066/51
f 8/804 4557/803 4710/102
f 4686/629 4570/502 2244/16
f 2237/16 4709/933 4547/23
f 4785/1651 4426/1234 3232/1233
f 3232/1233 4424/1758 4787/1653
f 4854/1759 4785/1651 4786/1650
f 4674/1731 3170/1441 4854/1759
f 3170/1441 4426/1234 4854/1759
f 4574/1760 4831/1648 4576/1649
f 3776/1732 4786/1650 4831/1648
f 4786/1650 4527/1652 4784/1230
f 4134/798 4783/1645 4716/1584
f 4526/1647 4782/1235 4616/1644
f 1855/100 4710/102 4543/101
f 64/804 4558/803 4714/102
f 1856/100 4714/102 4546/101
f 2251/16 4713/933 4540/23
f 4855/1761 4731/1597 4768/1596
f 4766/1594 4488/1439 4855/1761
f 4488/1439 3239/1438 4855/1761
f 4856/1762 4766/1594 4767/1593
f 4659/1700 2836/1185 4856/1762
f 2836/1185 4488/1439 4856/1762
f 4559/920 4832/1590 4575/1592
f 3539/1701 4767/1593 4832/1590
f 4767/1593 4523/1595 4765/1763
f 2754/1366 4732/1583 4764/1589
f 320/634 4069/667 4764/1589
f 4108/1588 4522/1587 4763/1437
f 2231/785 4716/1584 4762/1581
f 3500/1365 4762/1581 4732/1583
f 4487/1582 4521/1585 4761/1440
f 4758/1764 4833/1577 4760/1579
f 4492/1563 4735/1446 4833/1577
f 4735/1446 3240/1445 4733/1750
f 4660/1714 4834/1574 4759/1576
f 2854/1343 4635/1564 4834/1574
f 4635/1564 4492/1563 4758/1764
f 4560/673 4835/1571 4556/1573
f 3551/1715 4759/1576 4835/1571
f 4759/1576 4520/1575 4757/1765
f 4754/1766 4836/1568 4756/1570
f 3777/1591 4675/1436 4836/1568
f 4675/1436 3171/1435 4734/1767
f 4702/1618 4837/1565 4755/1567
f 2189/858 4575/1592 4837/1565
f 4575/1592 3777/1591 4754/1766
f 4602/1342 4838/1562 4635/1564
f 4120/1619 4755/1567 4838/1562
f 4755/1567 4519/1566 4753/1768
f 4750/1769 4839/1559 4752/1561
f 4346/1725 4717/389 4839/1559
f 4717/389 2293/388 4715/1770
f 4734/1767 4840/1556 4751/1558
f 3171/1435 4617/1726 4840/1556
f 4617/1726 4346/1725 4750/1769
f 4634/1771 4841/1553 4636/1555
f 4491/1569 4751/1558 4841/1553
f 4751/1558 4518/1557 4749/1772
f 2130/395 4541/394 4709/933
f 4570/502 4696/503 2067/391
f 2133/395 4539/394 4713/933
f 4746/1541 4737/1491 4857/1773
f 4857/1773 4737/1491 3243/1746
f 3243/1746 4500/1747 4857/1773
f 4673/1749 4842/1538 4747/1540
f 3169/1448 4637/1530 4842/1538
f 4637/1530 4502/1492 4746/1541
f 4573/1774 4843/1536 4550/1537
f 3775/1738 4747/1540 4843/1536
f 4747/1540 4517/1539 4745/1488
f 4742/1534 4676/1231 4858/1775
f 4858/1775 4676/1231 3172/1757
f 3172/1757 4501/1776 4858/1775
f 4715/1770 4844/1531 4743/1533
f 2293/388 4576/1649 4844/1531
f 4576/1649 3778/1232 4742/1534
f 4615/1777 4845/1529 4637/1530
f 4344/1560 4743/1533 4845/1529
f 4743/1533 4516/1532 4741/1490
f 4718/897 4740/1494 4515/1778
f 3172/1757 4618/1528 4739/1524
f 4501/1776 4739/1524 4638/1526
f 4578/502 4697/503 2070/391
f 4678/1106 4597/1032 4075/1033
f 4740/1494 4738/1493 4503/1525
f 4741/1490 4744/1535 4859/1779
f 4859/1779 4744/1535 4501/1776
f 4501/1776 3243/1746 4859/1779
f 4745/1488 4748/1542 4860/1780
f 4860/1780 4748/1542 4500/1747
f 4500/1747 2690/1350 4860/1780
f 3257/1642 4639/1180 4613/1155
f 4670/1106 4596/1032 4073/1033
f 3294/1642 4641/1180 4609/1155
f 4749/1772 4846/1447 4736/1449
f 4518/1557 4752/1561 4846/1447
f 4752/1561 4344/1560 4615/1777
f 4753/1768 4847/1444 4735/1446
f 4519/1566 4756/1570 4847/1444
f 4756/1570 4491/1569 4634/1771
f 4757/1765 4848/1443 4656/1226
f 4520/1575 4760/1579 4848/1443
f 4760/1579 4490/1578 4633/1751
f 4345/1646 4616/1644 4761/1440
f 4522/1587 4487/1582 4632/1580
f 4765/1763 4849/1434 4675/1436
f 4523/1595 4768/1596 4849/1434
f 4768/1596 4486/1598 4631/1755
f 4184/1550 4613/1155 4640/1156
f 4185/1604 4614/1151 4646/1251
f 3535/1671 4658/1149 4614/1151
f 4167/1604 4610/1151 4643/1251
f 4784/1230 4787/1653 4861/1781
f 4861/1781 4787/1653 4424/1758
f 4424/1758 3172/1757 4861/1781
f 4166/1550 4609/1155 4647/1156
f 4586/1107 4670/1106 3606/1521
f 3532/1671 4657/1149 4610/1151
f 4593/1109 4669/1108 3605/1680
f 4669/1108 4584/1110 3879/1518
f 4677/1108 4595/1110 4072/1518
f 4591/1109 4677/1108 3783/1680
f 4587/1107 4678/1106 3784/1521
f 4545/803 4720/102 4353/1604
f 4549/394 4719/933 4352/1550
f 4719/933 4553/23 3503/24
f 4711/933 4542/23 3310/24
f 4551/394 4711/933 4174/1550
f 4101/1677 4699/629 4568/502
f 4544/803 4712/102 4175/1604
f 3597/1680 4567/270 4689/501
f 4811/898 4718/897 4347/1527
f 3598/1521 4568/502 4685/503
f 4104/1677 4700/629 4572/502
f 3616/1521 4572/502 4688/503
f 3615/1680 4571/270 4682/501
f 4817/1756 4850/387 4717/389
f 4536/1729 4820/1730 4850/387
f 4820/1730 3776/1732 4574/1760
f 4821/1752 4851/372 4698/374
f 4537/1735 4824/1739 4851/372
f 4824/1739 3775/1738 4573/1774
f 3863/1678 4683/269 4567/270
f 4712/102 4554/101 3504/1008
f 3826/1678 4681/269 4571/270
f 4538/1745 4826/143 4692/145
f 4720/102 4555/101 3506/1008
o Payload
v -2.125 2.136 5.2863
v 1.5 2.136 5.1569
v -2.125 1.9507 5.3359
v 1.5 1.886 5.2238
v -2.125 1.8151 5.4716
v 1.5 1.703 5.4069
v -2.125 1.7654 5.6569
v 1.5 1.636 5.6569
v -2.125 1.8151 5.8421
v 1.5 1.703 5.9069
v -2.125 1.9507 5.9778
v 1.5 1.886 6.0899
v -2.125 2.136 6.0274
v 1.5 2.136 6.1569
v -2.125 2.3213 5.9778
v 1.5 2.386 6.0899
v -2.125 2.457 5.8421
v 1.5 2.5691 5.9069
v -2.125 2.5066 5.6569
v 1.5 2.636 5.6569
v -2.125 2.457 5.4716
v 1.5 2.5691 5.4069
v -2.125 2.3213 5.3359
v 1.5 2.386 5.2238
v 4.5 2.136 5.6569
v -2 2.136 5.1569
v -2 1.886 5.2238
v -2 1.703 5.4069
v -2 1.636 5.6569
v -2 1.703 5.9069
v -2 1.886 6.0899
v -2 2.136 6.1569
v -2 2.386 6.0899
v -2 2.5691 5.9069
v -2 2.636 5.6569
v -2 2.5691 5.4069
v -2 2.386 5.2238
v -2.625 2.136 5.5451
v -2.625 2.0802 5.5601
v -2.625 2.0392 5.601
v -2.625 2.0243 5.6569
v -2.625 2.0392 5.7127
v -2.625 2.0802 5.7537
v -2.625 2.136 5.7686
v -2.625 2.1919 5.7537
v -2.625 2.2328 5.7127
v -2.625 2.2478 5.6569
v -2.625 2.2328 5.601
v -2.625 2.1919 5.5601
v -2.625 2.0713 5.0448
v -2.625 1.886 5.0944
v -2.625 1.524 5.7216
v -2.625 1.5736 5.9069
v -2.625 2.2007 6.2689
v -2.625 2.386 6.2193
v -2.625 2.7481 5.5921
v -2.625 2.6985 5.4069
v -2.625 2.136 5.2863
v -2.625 1.9507 5.3359
v -2.625 1.8151 5.4716
v -2.625 1.7654 5.6569
v -2.625 1.8151 5.8421
v -2.625 1.9507 5.9778
v -2.625 2.136 6.0274
v -2.625 2.3213 5.9778
v -2.625 2.457 5.8421
v -2.625 2.5066 5.6569
v -2.625 2.457 5.4716
v -2.625 2.3213 5.3359
v -2.875 2.136 5.4333
v -2.875 2.0243 5.4633
v -2.875 1.9424 5.5451
v -2.875 1.9125 5.6569
v -2.875 1.9424 5.7686
v -2.875 2.0243 5.8504
v -2.875 2.136 5.8804
v -2.875 2.2478 5.8504
v -2.875 2.3296 5.7686
v -2.875 2.3596 5.6569
v -2.875 2.3296 5.5451
v -2.875 2.2478 5.4633
v -2.625 2.136 5.6569
v -2.125 2.836 5.9863
v 1.5 2.836 5.8569
v -2.125 2.6507 6.0359
v 1.5 2.586 5.9238
v -2.125 2.5151 6.1716
v 1.5 2.403 6.1069
v -2.125 2.4655 6.3569
v 1.5 2.336 6.3569
v -2.125 2.5151 6.5421
v 1.5 2.403 6.6069
v -2.125 2.6507 6.6778
v 1.5 2.586 6.7899
v -2.125 2.836 6.7274
v 1.5 2.836 6.8569
v -2.125 3.0213 6.6778
v 1.5 3.086 6.7899
v -2.125 3.157 6.5421
v 1.5 3.2691 6.6069
v -2.125 3.2066 6.3569
v 1.5 3.336 6.3569
v -2.125 3.157 6.1716
v 1.5 3.2691 6.1069
v -2.125 3.0213 6.0359
v 1.5 3.086 5.9238
v 4.5 2.836 6.3569
v -2 2.836 5.8569
v -2 2.586 5.9238
v -2 2.403 6.1069
v -2 2.336 6.3569
v -2 2.403 6.6069
v -2 2.586 6.7899
v -2 2.836 6.8569
v -2 3.086 6.7899
v -2 3.2691 6.6069
v -2 3.336 6.3569
v -2 3.2691 6.1069
v -2 3.086 5.9238
v -2.625 2.836 6.2451
v -2.625 2.7802 6.2601
v -2.625 2.7392 6.301
v -2.625 2.7243 6.3569
v -2.625 2.7392 6.4127
v -2.625 2.7802 6.4536
v -2.625 2.836 6.4686
v -2.625 2.8919 6.4536
v -2.625 2.9328 6.4127
v -2.625 2.9478 6.3569
v -2.625 2.9328 6.301
v -2.625 2.8919 6.2601
v -2.625 2.7713 5.7448
v -2.625 2.586 5.7944
v -2.625 2.224 6.4216
v -2.625 2.2736 6.6069
v -2.625 2.9007 6.9689
v -2.625 3.086 6.9193
v -2.625 3.4481 6.2921
v -2.625 3.3985 6.1069
v -2.625 2.836 5.9863
v -2.625 2.6507 6.0359
v -2.625 2.5151 6.1716
v -2.625 2.4655 6.3569
v -2.625 2.5151 6.5421
v -2.625 2.6507 6.6778
v -2.625 2.836 6.7274
v -2.625 3.0213 6.6778
v -2.625 3.157 6.5421
v -2.625 3.2066 6.3569
v -2.625 3.157 6.1716
v -2.625 3.0213 6.0359
v -2.875 2.836 6.1333
v -2.875 2.7243 6.1633
v -2.875 2.6424 6.2451
v -2.875 2.6125 6.3569
v -2.875 2.6424 6.4686
v -2.875 2.7243 6.5504
v -2.875 2.836 6.5804
v -2.875 2.9478 6.5504
v -2.875 3.0296 6.4686
v -2.875 3.0596 6.3569
v -2.875 3.0296 6.2451
v -2.875 2.9478 6.1633
v -2.625 2.836 6.3569
v -2.225 2.836 4.5863
v 1.4 2.836 4.4569
v -2.225 2.6507 4.6359
v 1.4 2.586 4.5238
v -2.225 2.5151 4.7716
v 1.4 2.403 4.7069
v -2.225 2.4655 4.9569
v 1.4 2.336 4.9569
v -2.225 2.5151 5.1421
v 1.4 2.403 5.2069
v -2.225 2.6507 5.2778
v 1.4 2.586 5.3899
v -2.225 2.836 5.3274
v 1.4 2.836 5.4569
v -2.225 3.0213 5.2778
v 1.4 3.086 5.3899
v -2.225 3.157 5.1421
v 1.4 3.2691 5.2069
v -2.225 3.2066 4.9569
v 1.4 3.336 4.9569
v -2.225 3.157 4.7716
v 1.4 3.2691 4.7069
v -2.225 3.0213 4.6359
v 1.4 3.086 4.5238
v 4.4 2.836 4.9569
v -2.1 2.836 4.4569
v -2.1 2.586 4.5238
v -2.1 2.403 4.7069
v -2.1 2.336 4.9569
v -2.1 2.403 5.2069
v -2.1 2.586 5.3899
v -2.1 2.836 5.4569
v -2.1 3.086 5.3899
v -2.1 3.2691 5.2069
v -2.1 3.336 4.9569
v -2.1 3.2691 4.7069
v -2.1 3.086 4.5238
v -2.725 2.836 4.8451
v -2.725 2.7802 4.8601
v -2.725 2.7392 4.901
v -2.725 2.7243 4.9569
v -2.725 2.7392 5.0127
v -2.725 2.7802 5.0537
v -2.725 2.836 5.0686
v -2.725 2.8919 5.0537
v -2.725 2.9328 5.0127
v -2.725 2.9478 4.9569
v -2.725 2.9328 4.901
v -2.725 2.8919 4.8601
v -2.725 2.7713 4.3448
v -2.725 2.586 4.3944
v -2.725 2.224 5.0216
v -2.725 2.2736 5.2069
v -2.725 2.9007 5.5689
v -2.725 3.086 5.5193
v -2.725 3.4481 4.8921
v -2.725 3.3985 4.7069
v -2.725 2.836 4.5863
v -2.725 2.6507 4.6359
v -2.725 2.5151 4.7716
v -2.725 2.4655 4.9569
v -2.725 2.5151 5.1421
v -2.725 2.6507 5.2778
v -2.725 2.836 5.3274
v -2.725 3.0213 5.2778
v -2.725 3.157 5.1421
v -2.725 3.2066 4.9569
v -2.725 3.157 4.7716
v -2.725 3.0213 4.6359
v -2.975 2.836 4.7333
v -2.975 2.7243 4.7633
v -2.975 2.6424 4.8451
v -2.975 2.6125 4.9569
v -2.975 2.6424 5.0686
v -2.975 2.7243 5.1504
v -2.975 2.836 5.1804
v -2.975 2.9478 5.1504
v -2.975 3.0296 5.0686
v -2.975 3.0596 4.9569
v -2.975 3.0296 4.8451
v -2.975 2.9478 4.7633
v -2.725 2.836 4.9569
v -2.225 3.536 5.2863
v 1.4 3.536 5.1569
v -2.225 3.3507 5.3359
v 1.4 3.286 5.2238
v -2.225 3.2151 5.4716
v 1.4 3.103 5.4069
v -2.225 3.1654 5.6569
v 1.4 3.036 5.6569
v -2.225 3.2151 5.8421
v 1.4 3.103 5.9069
v -2.225 3.3507 5.9778
v 1.4 3.286 6.0899
v -2.225 3.536 6.0274
v 1.4 3.536 6.1569
v -2.225 3.7213 5.9778
v 1.4 3.786 6.0899
v -2.225 3.857 5.8421
v 1.4 3.9691 5.9069
v -2.225 3.9066 5.6569
v 1.4 4.036 5.6569
v -2.225 3.857 5.4716
v 1.4 3.9691 5.4069
v -2.225 3.7213 5.3359
v 1.4 3.786 5.2238
v 4.4 3.536 5.6569
v -2.1 3.536 5.1569
v -2.1 3.286 5.2238
v -2.1 3.103 5.4069
v -2.1 3.036 5.6569
v -2.1 3.103 5.9069
v -2.1 3.286 6.0899
v -2.1 3.536 6.1569
v -2.1 3.786 6.0899
v -2.1 3.9691 5.9069
v -2.1 4.036 5.6569
v -2.1 3.9691 5.4069
v -2.1 3.786 5.2238
v -2.725 3.536 5.5451
v -2.725 3.4802 5.5601
v -2.725 3.4392 5.601
v -2.725 3.4243 5.6569
v -2.725 3.4392 5.7127
v -2.725 3.4802 5.7537
v -2.725 3.536 5.7686
v -2.725 3.5919 5.7537
v -2.725 3.6328 5.7127
v -2.725 3.6478 5.6569
v -2.725 3.6328 5.601
v -2.725 3.5919 5.5601
v -2.725 3.4713 5.0448
v -2.725 3.286 5.0944
v -2.725 2.924 5.7216
v -2.725 2.9736 5.9069
v -2.725 3.6007 6.2689
v -2.725 3.786 6.2193
v -2.725 4.1481 5.5921
v -2.725 4.0985 5.4069
v -2.725 3.536 5.2863
v -2.725 3.3507 5.3359
v -2.725 3.2151 5.4716
v -2.725 3.1654 5.6569
v -2.725 3.2151 5.8421
v -2.725 3.3507 5.9778
v -2.725 3.536 6.0274
v -2.725 3.7213 5.9778
v -2.725 3.857 5.8421
v -2.725 3.9066 5.6569
v -2.725 3.857 5.4716
v -2.725 3.7213 5.3359
v -2.975 3.536 5.4333
v -2.975 3.4243 5.4633
v -2.975 3.3424 5.5451
v -2.975 3.3125 5.6569
v -2.975 3.3424 5.7686
v -2.975 3.4243 5.8504
v -2.975 3.536 5.8804
v -2.975 3.6478 5.8504
v -2.975 3.7296 5.7686
v -2.975 3.7596 5.6569
v -2.975 3.7296 5.5451
v -2.975 3.6478 5.4633
v -2.725 3.536 5.6569
v -0.25 2.136 5.1569
v -0.25 1.703 5.4069
v -0.25 1.636 5.6569
v -0.25 1.703 5.9069
v -0.25 1.886 6.0899
v -0.25 2.386 6.0899
v -0.25 2.5691 5.9069
v -0.25 2.636 5.6569
v -0.25 2.5691 5.4069
v -0.25 2.386 5.2238
v 3 2.011 5.4403
v 3 2.136 5.4069
v 3 2.261 5.4403
v 3 2.3525 5.5319
v 3 2.386 5.6569
v 3 2.3525 5.7819
v 3 2.261 5.8734
v 3 2.136 5.9069
v 3 2.011 5.8734
v 3 1.9195 5.7819
v 3 1.886 5.6569
v 3 1.9195 5.5319
v -0.25 2.836 5.8569
v -0.25 2.403 6.1069
v -0.25 2.336 6.3569
v -0.25 2.403 6.6069
v -0.25 2.586 6.7899
v -0.25 3.086 6.7899
v -0.25 3.2691 6.6069
v -0.25 3.336 6.3569
v -0.25 3.2691 6.1069
v -0.25 3.086 5.9238
v 3 2.711 6.1403
v 3 2.836 6.1069
v 3 2.961 6.1403
v 3 3.0525 6.2319
v 3 3.086 6.3569
v 3 3.0525 6.4819
v 3 2.961 6.5734
v 3 2.836 6.6069
v 3 2.711 6.5734
v 3 2.6195 6.4819
v 3 2.586 6.3569
v 3 2.6195 6.2319
v -0.35 2.586 4.5238
v -0.35 2.403 4.7069
v -0.35 2.336 4.9569
v -0.35 2.403 5.2069
v -0.35 2.586 5.3899
v -0.35 3.086 5.3899
v -0.35 3.2691 5.2069
v -0.35 3.336 4.9569
v -0.35 3.2691 4.7069
v -0.35 3.086 4.5238
v 2.9 2.711 4.7403
v 2.9 2.836 4.7069
v 2.9 2.961 4.7403
v 2.9 3.0525 4.8319
v 2.9 3.086 4.9569
v 2.9 3.0525 5.0819
v 2.9 2.961 5.1734
v 2.9 2.836 5.2069
v 2.9 2.711 5.1734
v 2.9 2.6195 5.0819
v 2.9 2.586 4.9569
v 2.9 2.6195 4.8319
v -0.35 3.536 5.1569
v -0.35 3.286 5.2238
v -0.35 3.036 5.6569
v -0.35 3.103 5.9069
v -0.35 3.286 6.0899
v -0.35 3.786 6.0899
v -0.35 3.9691 5.9069
v -0.35 4.036 5.6569
v -0.35 3.9691 5.4069
v -0.35 3.786 5.2238
v 2.9 3.411 5.4403
v 2.9 3.536 5.4069
v 2.9 3.661 5.4403
v 2.9 3.7525 5.5319
v 2.9 3.786 5.6569
v 2.9 3.7525 5.7819
v 2.9 3.661 5.8734
v 2.9 3.536 5.9069
v 2.9 3.411 5.8734
v 2.9 3.3195 5.7819
v 2.9 3.286 5.6569
v 2.9 3.3195 5.5319
v -0.25 1.886 5.2238
v -0.25 2.136 6.1569
v -0.25 2.586 5.9238
v -0.25 2.836 6.8569
v -0.35 2.836 4.4569
v -0.35 2.836 5.4569
v -0.35 3.103 5.4069
v -0.35 3.536 6.1569
v -1.125 2.136 5.1569
v -1.125 1.703 5.4069
v -1.125 1.636 5.6569
v -1.125 1.703 5.9069
v -1.125 1.886 6.0899
v -1.125 2.386 6.0899
v -1.125 2.5691 5.9069
v -1.125 2.636 5.6569
v -1.125 2.5691 5.4069
v -1.125 2.386 5.2238
v 3.75 2.0735 5.5486
v 3.75 2.136 5.5319
v 3.75 2.1985 5.5486
v 3.75 2.2443 5.5944
v 3.75 2.261 5.6569
v 3.75 2.2443 5.7194
v 3.75 2.1985 5.7651
v 3.75 2.136 5.7819
v 3.75 2.0735 5.7651
v 3.75 2.0278 5.7194
v 3.75 2.011 5.6569
v 3.75 2.0278 5.5944
v 0.525 3.536 5.1569
v 2.15 2.836 4.5819
v 2.15 3.3485 5.9816
v 0.525 3.103 5.9069
v 2.15 2.461 4.9569
v 2.15 3.3485 5.3321
v 0.525 3.786 5.2238
v 2.15 3.1608 4.7694
v 2.15 3.0235 5.2816
v 0.525 2.836 4.4569
v 0.525 3.086 5.3899
v 2.15 3.161 5.6569
v 0.625 2.5691 5.9069
v 0.625 2.586 6.7899
v 2.25 3.1608 6.1694
v 2.25 2.836 6.7319
v 2.25 1.9485 5.9816
v 2.25 1.8113 5.4694
v 2.25 2.4608 5.8444
v 0.625 3.086 5.9238
v 0.625 2.336 6.3569
v 2.25 3.0235 6.6816
v 0.625 3.2691 6.6069
v 0.625 2.386 6.0899
v -1.125 2.836 5.8569
v -1.125 2.403 6.1069
v -1.125 2.336 6.3569
v -1.125 2.403 6.6069
v -1.125 2.586 6.7899
v -1.125 3.086 6.7899
v -1.125 3.2691 6.6069
v -1.125 3.336 6.3569
v -1.125 3.2691 6.1069
v -1.125 3.086 5.9238
v 3.75 2.7735 6.2486
v 3.75 2.836 6.2319
v 3.75 2.8985 6.2486
v 3.75 2.9443 6.2944
v 3.75 2.961 6.3569
v 3.75 2.9443 6.4194
v 3.75 2.8985 6.4651
v 3.75 2.836 6.4819
v 3.75 2.7735 6.4651
v 3.75 2.7278 6.4194
v 3.75 2.711 6.3569
v 3.75 2.7278 6.2944
v 0.625 2.136 6.1569
v 2.15 3.211 4.9569
v 0.525 3.786 6.0899
v 0.525 2.836 5.4569
v 0.525 2.586 5.3899
v 2.15 3.2113 5.8444
v 2.15 2.836 5.3319
v 0.525 3.086 4.5238
v 2.15 3.536 6.0319
v 0.525 3.9691 5.4069
v 2.15 3.8608 5.8444
v 0.525 4.036 5.6569
v 0.625 1.703 5.9069
v 0.525 2.403 5.2069
v 0.625 2.386 5.2238
v 2.25 2.4608 5.4694
v 0.525 2.586 4.5238
v 2.25 2.836 5.9819
v 0.625 2.136 5.1569
v 2.25 2.5113 6.1694
v 0.625 2.636 5.6569
v 2.25 1.9485 5.3321
v 0.525 2.336 4.9569
v 2.25 2.136 5.2819
v -1.225 2.586 4.5238
v -1.225 2.403 4.7069
v -1.225 2.336 4.9569
v -1.225 2.403 5.2069
v -1.225 2.586 5.3899
v -1.225 3.086 5.3899
v -1.225 3.2691 5.2069
v -1.225 3.336 4.9569
v -1.225 3.2691 4.7069
v -1.225 3.086 4.5238
v 3.65 2.7735 4.8486
v 3.65 2.836 4.8319
v 3.65 2.8985 4.8486
v 3.65 2.9443 4.8944
v 3.65 2.961 4.9569
v 3.65 2.9443 5.0194
v 3.65 2.8985 5.0651
v 3.65 2.836 5.0819
v 3.65 2.7735 5.0651
v 3.65 2.7278 5.0194
v 3.65 2.711 4.9569
v 3.65 2.7278 4.8944
v 0.525 3.536 6.1569
v 2.15 3.0235 4.6321
v 0.525 3.9691 5.9069
v 0.525 3.103 5.4069
v 0.525 3.2691 5.2069
v 0.625 1.886 5.2238
v 0.525 3.036 5.6569
v 2.15 3.911 5.6569
v 2.15 3.7235 5.3321
v 2.15 2.5113 5.1444
v 2.15 3.8608 5.4694
v 0.525 3.286 6.0899
v 2.25 2.3235 5.9816
v 0.525 2.403 4.7069
v 0.625 2.5691 5.4069
v 2.25 3.1608 6.5444
v 2.25 1.761 5.6569
v 2.25 2.6485 6.0321
v 0.625 1.703 5.4069
v 2.25 2.511 5.6569
v 2.25 3.211 6.3569
v 2.25 2.3235 5.3321
v 2.25 2.5113 6.5444
v 0.625 2.403 6.6069
v -1.225 3.536 5.1569
v -1.225 3.286 5.2238
v -1.225 3.036 5.6569
v -1.225 3.103 5.9069
v -1.225 3.286 6.0899
v -1.225 3.786 6.0899
v -1.225 3.9691 5.9069
v -1.225 4.036 5.6569
v -1.225 3.9691 5.4069
v -1.225 3.786 5.2238
v 3.65 3.4735 5.5486
v 3.65 3.536 5.5319
v 3.65 3.5985 5.5486
v 3.65 3.6443 5.5944
v 3.65 3.661 5.6569
v 3.65 3.6443 5.7194
v 3.65 3.5985 5.7651
v 3.65 3.536 5.7819
v 3.65 3.4735 5.7651
v 3.65 3.4278 5.7194
v 3.65 3.411 5.6569
v 3.65 3.4278 5.5944
v 0.525 3.286 5.2238
v 0.525 3.336 4.9569
v 2.15 3.2113 5.4694
v 0.525 3.2691 4.7069
v 2.15 2.6485 4.6321
v 2.15 3.536 5.2819
v 2.15 2.6485 5.2816
v 0.625 2.586 5.9238
v 2.15 2.5113 4.7694
v 0.625 2.836 6.8569
v 2.15 3.1608 5.1444
v 2.15 3.7235 5.9816
v 0.625 1.886 6.0899
v 0.625 3.336 6.3569
v 2.25 3.0235 6.0321
v 2.25 2.461 6.3569
v 0.625 2.836 5.8569
v 2.25 1.8113 5.8444
v 2.25 2.136 6.0319
v 0.625 3.2691 6.1069
v 0.625 2.403 6.1069
v 2.25 2.6485 6.6816
v 0.625 3.086 6.7899
v 0.625 1.636 5.6569
v -1.125 1.886 5.2238
v -1.125 2.136 6.1569
v -1.125 2.586 5.9238
v -1.125 2.836 6.8569
v -1.225 2.836 4.4569
v -1.225 2.836 5.4569
v -1.225 3.103 5.4069
v -1.225 3.536 6.1569
vt 0.0273 0.3906
vt 0 0.3828
vt 0.0273 0.3828
vt 0.0156 0.375
vt 0 0.3672
vt 0.0156 0.3672
vt 0 0.3906
vt 0.1094 0.3828
vt 0.082 0.3906
vt 0.082 0.3828
vt 0 0.375
vt 0.0703 0.4189
vt 0.0703 0.417
vt 0.0938 0.418
vt 0 0.3984
vt 0.0059 0.4062
vt 0.0059 0.3984
vt 0 0.4062
vt 0 0.3418
vt 0.0137 0.3379
vt 0.0137 0.3418
vt 0.0156 0.3516
vt 0 0.3516
vt 0 0.3594
vt 0.041 0.3535
vt 0.0312 0.3555
vt 0.0371 0.3496
vt 0.0625 0.3555
vt 0.0527 0.3535
vt 0.0566 0.3496
vt 0.0156 0.3828
vt 0.0312 0.332
vt 0.041 0.334
vt 0.0371 0.3379
vt 0.0527 0.334
vt 0.0625 0.332
vt 0.0566 0.3379
vt 0.0352 0.3594
vt 0.0469 0.3477
vt 0.0449 0.3477
vt 0.0352 0.3438
vt 0.043 0.3418
vt 0.043 0.3438
vt 0.0508 0.3457
vt 0.0488 0.3477
vt 0.0508 0.3418
vt 0.0488 0.3398
vt 0.0449 0.3398
vt 0.0469 0.332
vt 0.0469 0.3398
vt 0.0508 0.3438
vt 0.0586 0.3438
vt 0.0469 0.3555
vt 0.043 0.3457
vt 0 0.3379
vt 0 0.334
vt 0.0137 0.3359
vt 0.0586 0.3281
vt 0.0547 0.3906
vt 0.1094 0.3906
vt 0.0352 0.3281
vt 0.0547 0.3828
vt 0.0469 0.416
vt 0.0469 0.4199
vt 0.0234 0.4209
vt 0.0234 0.415
vt 0 0.4141
vt 0 0.4219
vt 0.0586 0.3594
s 1
f 5386/1804 5060/1805 5385/1806
f 4944/1807 5012/1808 4966/1809
f 5289/1804 4890/1805 5288/1806
f 5384/1806 5060/1810 5059/1805
f 5339/1804 4977/1805 5338/1806
f 5340/1804 4978/1805 5339/1806
f 5113/1811 5406/1812 5403/1813
f 5432/1804 5142/1805 5431/1806
f 5384/1804 5058/1805 5383/1806
f 5293/1804 4895/1805 5292/1806
f 5336/1804 4973/1805 5335/1806
f 5387/1804 5061/1805 5386/1806
f 5034/1809 5088/1814 5087/1808
f 5296/1815 5297/1816 4886/1817
f 5297/1815 5298/1816 4886/1817
f 5298/1815 5299/1816 4886/1817
f 5299/1815 5300/1816 4886/1817
f 5300/1815 5301/1816 4886/1817
f 5301/1815 5302/1816 4886/1817
f 5302/1815 5303/1816 4886/1817
f 5303/1815 5304/1816 4886/1817
f 5304/1815 5305/1816 4886/1817
f 5305/1815 5306/1816 4886/1817
f 5306/1815 5307/1816 4886/1817
f 5307/1815 5296/1816 4886/1817
f 5126/1818 5141/1819 5142/1820
f 5118/1818 5137/1819 5138/1820
f 4962/1818 4977/1819 4978/1820
f 5038/1821 5058/1820 5040/1818
f 5044/1821 5061/1820 5046/1818
f 4874/1821 4894/1820 4876/1818
f 4962/1821 4979/1820 4964/1818
f 5028/1821 5053/1820 5030/1818
f 5128/1821 5144/1820 5130/1818
f 5126/1821 5143/1820 5128/1818
f 4954/1818 4973/1819 4974/1820
f 4974/1819 4956/1818 4954/1821
f 5184/1822 5151/1823 5152/1824
f 4921/1808 4864/1807 4866/1809
f 5338/1804 4976/1805 5337/1806
f 5475/1804 5056/1805 5382/1806
f 5290/1804 4891/1805 5289/1806
f 5168/1814 5112/1809 5114/1807
f 4876/1825 4926/1826 4916/1827
f 5165/1828 5158/1829 5166/1830
f 5163/1831 5175/1832 5174/1833
f 5294/1804 4896/1805 5293/1806
f 4882/1825 4929/1826 4918/1827
f 4884/1807 4929/1808 4882/1809
f 4998/1805 4956/1807 4958/1834
f 4913/1835 4923/1836 4922/1837
f 4864/1825 4920/1826 4912/1827
f 5034/1807 5077/1805 5032/1834
f 4928/1826 4880/1825 4917/1827
f 5007/1838 4998/1839 5008/1840
f 4925/1826 4874/1825 4915/1827
f 4870/1825 4923/1826 4914/1827
f 5108/1807 5158/1805 5157/1814
f 5075/1841 5084/1830 5083/1828
f 4922/1826 4868/1825 4913/1827
f 4919/1826 4862/1825 4911/1827
f 4910/1842 4919/1828 4899/1843
f 5074/1842 5083/1828 5063/1843
f 5167/1844 5148/1845 5147/1846
f 4908/1847 4929/1832 4909/1848
f 5171/1838 5152/1849 5151/1850
f 5067/1851 5088/1852 5068/1853
f 5071/1854 5090/1840 5091/1855
f 5153/1854 5172/1840 5173/1855
f 5173/1855 5154/1847 5153/1854
f 5066/1845 5087/1836 5067/1851
f 5155/1848 5176/1856 5156/1842
f 5146/1857 5165/1828 5166/1830
f 4908/1824 4939/1858 4907/1823
f 5073/1824 5104/1858 5072/1823
f 4982/1823 5013/1822 4981/1824
f 4904/1823 4935/1822 4903/1824
f 5150/1823 5181/1822 5149/1824
f 5068/1824 5101/1858 5100/1822
f 5068/1823 5099/1822 5067/1824
f 5095/1822 5074/1823 5063/1824
f 5070/1824 5101/1858 5069/1823
f 4941/1822 4908/1823 4909/1824
f 5099/1858 5066/1824 5067/1823
f 4931/1859 4932/1858 4943/1860
f 4932/1859 4933/1858 4943/1860
f 4933/1859 4934/1858 4943/1860
f 4934/1859 4935/1858 4943/1860
f 4935/1859 4936/1858 4943/1860
f 4936/1859 4937/1858 4943/1860
f 4937/1859 4938/1858 4943/1860
f 4938/1859 4939/1858 4943/1860
f 4939/1859 4940/1858 4943/1860
f 4940/1859 4941/1858 4943/1860
f 4941/1859 4942/1858 4943/1860
f 4942/1859 4931/1858 4943/1860
f 5027/1811 5370/1812 5317/1813
f 5472/1804 4969/1805 5332/1806
f 4874/1809 4924/1814 4872/1807
f 4919/1814 4884/1809 4862/1807
f 5476/1804 5134/1805 5425/1806
f 5433/1804 5143/1805 5432/1806
f 5473/1804 4974/1805 5336/1806
f 4957/1811 5468/1812 5455/1813
f 4947/1811 5466/1812 5453/1813
f 5424/1804 5144/1805 5433/1806
f 5292/1804 4894/1805 5291/1806
f 5086/1814 5030/1809 5032/1807
f 4950/1807 5003/1808 4948/1809
f 5342/1815 5343/1816 4968/1817
f 5343/1815 5344/1816 4968/1817
f 5344/1815 5345/1816 4968/1817
f 5345/1815 5346/1816 4968/1817
f 5346/1815 5347/1816 4968/1817
f 5347/1815 5348/1816 4968/1817
f 5348/1815 5349/1816 4968/1817
f 5349/1815 5350/1816 4968/1817
f 5350/1815 5351/1816 4968/1817
f 5351/1815 5352/1816 4968/1817
f 5352/1815 5353/1816 4968/1817
f 5353/1815 5342/1816 4968/1817
f 5038/1818 5056/1819 5057/1820
f 4876/1821 4895/1820 4878/1818
f 5062/1819 5026/1818 5048/1821
f 4880/1821 4897/1820 4882/1818
f 4982/1857 5003/1844 4983/1846
f 4889/1819 4868/1818 4866/1821
f 4878/1821 4896/1820 4880/1818
f 5116/1818 5136/1819 5137/1820
f 5130/1821 5133/1820 5108/1818
f 4980/1819 4944/1818 4966/1821
f 5042/1818 5058/1819 5059/1820
f 5030/1821 5054/1820 5032/1818
f 4931/1822 4910/1823 4899/1824
f 4866/1809 4922/1814 4921/1808
f 4875/1811 5331/1812 5354/1813
f 5295/1804 4897/1805 5294/1806
f 5118/1807 5171/1808 5170/1814
f 5425/1804 5133/1805 5424/1806
f 4958/1825 5008/1826 4998/1827
f 5171/1838 5162/1839 5172/1840
f 5026/1807 5094/1808 5048/1809
f 4954/1807 5005/1808 4952/1809
f 4964/1825 5011/1826 5000/1827
f 4949/1811 5328/1812 5466/1813
f 5160/1814 5114/1834 5116/1807
f 5042/1809 5092/1814 5091/1808
f 4946/1825 5002/1826 4994/1827
f 5077/1835 5087/1836 5086/1837
f 5010/1826 4962/1825 4999/1827
f 4964/1834 4999/1814 4962/1807
f 5007/1826 4956/1825 4997/1827
f 4952/1825 5005/1826 4996/1827
f 4882/1834 4917/1814 4880/1807
f 5079/1861 5090/1840 5089/1838
f 5004/1826 4950/1825 4995/1827
f 5001/1826 4944/1825 4993/1827
f 5156/1842 5165/1828 5145/1843
f 5011/1832 4992/1842 4991/1848
f 5085/1844 5066/1845 5065/1846
f 5072/1847 5093/1832 5073/1848
f 4988/1849 5009/1855 4989/1854
f 5068/1853 5089/1838 5069/1850
f 5475/1806 5239/1862 5383/1804
f 5148/1845 5169/1836 5149/1851
f 4919/1828 4900/1857 4899/1843
f 5003/1844 4984/1845 4983/1846
f 5064/1857 5085/1844 5065/1846
f 4990/1847 5011/1832 4991/1848
f 5155/1823 5188/1822 5187/1858
f 5017/1858 4984/1824 4985/1823
f 5146/1823 5177/1822 5145/1824
f 5064/1823 5095/1822 5063/1824
f 5148/1823 5179/1822 5147/1824
f 5153/1823 5184/1822 5152/1824
f 5103/1858 5070/1824 5071/1823
f 4986/1824 5019/1858 5018/1822
f 5145/1824 5188/1858 5156/1823
f 5026/1821 5052/1820 5028/1818
f 4983/1824 5016/1858 5015/1822
f 5013/1859 5014/1858 5025/1860
f 5014/1859 5015/1858 5025/1860
f 5015/1859 5016/1858 5025/1860
f 5016/1859 5017/1858 5025/1860
f 5017/1859 5018/1858 5025/1860
f 5018/1859 5019/1858 5025/1860
f 5019/1859 5020/1858 5025/1860
f 5020/1859 5021/1858 5025/1860
f 5021/1859 5022/1858 5025/1860
f 5022/1859 5023/1858 5025/1860
f 5023/1859 5024/1858 5025/1860
f 5024/1859 5013/1858 5025/1860
f 5335/1804 4972/1805 5334/1806
f 5382/1804 5055/1805 5381/1806
f 5470/1804 4887/1805 5286/1806
f 5031/1811 5376/1812 5413/1813
f 4865/1811 5418/1812 5405/1813
f 4867/1811 5469/1812 5418/1813
f 5026/1807 5076/1805 5075/1814
f 5009/1814 4958/1809 4960/1807
f 5400/1813 5123/1863 5356/1812
f 5286/1804 4898/1805 5295/1806
f 5029/1811 5413/1812 5370/1813
f 5471/1804 4892/1805 5290/1806
f 5085/1808 5028/1807 5030/1809
f 5388/1815 5389/1816 5050/1817
f 5389/1815 5390/1816 5050/1817
f 5390/1815 5391/1816 5050/1817
f 5391/1815 5392/1816 5050/1817
f 5392/1815 5393/1816 5050/1817
f 5393/1815 5394/1816 5050/1817
f 5394/1815 5395/1816 5050/1817
f 5395/1815 5396/1816 5050/1817
f 5396/1815 5397/1816 5050/1817
f 5397/1815 5398/1816 5050/1817
f 5398/1815 5399/1816 5050/1817
f 5399/1815 5388/1816 5050/1817
f 5032/1821 5055/1820 5034/1818
f 4888/1819 4866/1818 4864/1821
f 4950/1818 4971/1819 4972/1820
f 4950/1821 4973/1820 4952/1818
f 4897/1819 4884/1818 4882/1821
f 5114/1818 5135/1819 5136/1820
f 5108/1821 5134/1820 5110/1818
f 5046/1821 5062/1820 5048/1818
f 5120/1818 5138/1819 5139/1820
f 5120/1821 5140/1820 5122/1818
f 5044/1818 5059/1819 5060/1820
f 4868/1821 4891/1820 4870/1818
f 4899/1824 4932/1858 4931/1822
f 5128/1834 5163/1814 5126/1807
f 5042/1807 5090/1808 5040/1809
f 5124/1809 5174/1814 5173/1808
f 4956/1809 5006/1814 4954/1807
f 5430/1804 5140/1805 5429/1806
f 5040/1825 5090/1826 5080/1827
f 5040/1834 5079/1814 5038/1807
f 4944/1807 4994/1805 4993/1814
f 4917/1831 4929/1832 4928/1833
f 5046/1825 5093/1826 5082/1827
f 5046/1809 5094/1814 5093/1808
f 4952/1807 4995/1805 4950/1834
f 5116/1809 5170/1814 5169/1808
f 5028/1825 5084/1826 5076/1827
f 5081/1831 5093/1832 5092/1833
f 5092/1826 5044/1825 5081/1827
f 5187/1822 5154/1823 5155/1824
f 5089/1826 5038/1825 5079/1827
f 5034/1825 5087/1826 5078/1827
f 4914/1814 4868/1834 4870/1807
f 4925/1838 4916/1839 4926/1840
f 5086/1826 5032/1825 5077/1827
f 5083/1826 5026/1825 5075/1827
f 4906/1849 4925/1838 4926/1840
f 5005/1836 4986/1853 4985/1851
f 5009/1855 4990/1847 4989/1854
f 5091/1855 5072/1847 5071/1854
f 5170/1852 5151/1850 5150/1853
f 4906/1849 4927/1855 4907/1854
f 4987/1850 5008/1840 4988/1849
f 4984/1845 5005/1836 4985/1851
f 4921/1844 4902/1845 4901/1846
f 4992/1842 5001/1828 4981/1843
f 5154/1847 5175/1832 5155/1848
f 4927/1855 4908/1847 4907/1854
f 4935/1858 4902/1824 4903/1823
f 5013/1822 4992/1823 4981/1824
f 4902/1823 4933/1822 4901/1824
f 5147/1824 5178/1858 5146/1823
f 4909/1823 4942/1822 4941/1858
f 4938/1822 4905/1823 4906/1824
f 5151/1823 5182/1822 5150/1824
f 5154/1824 5185/1858 5153/1823
f 5015/1822 4982/1823 4983/1824
f 5023/1822 4990/1823 4991/1824
f 4992/1824 5023/1858 4991/1823
f 5095/1859 5096/1858 5107/1860
f 5096/1859 5097/1858 5107/1860
f 5097/1859 5098/1858 5107/1860
f 5098/1859 5099/1858 5107/1860
f 5099/1859 5100/1858 5107/1860
f 5100/1859 5101/1858 5107/1860
f 5101/1859 5102/1858 5107/1860
f 5102/1859 5103/1858 5107/1860
f 5103/1859 5104/1858 5107/1860
f 5104/1859 5105/1858 5107/1860
f 5105/1859 5106/1858 5107/1860
f 5106/1859 5095/1858 5107/1860
f 5332/1804 4980/1805 5341/1806
f 5381/1804 5054/1805 5380/1806
f 4966/1807 5011/1808 4964/1809
f 5003/1808 4946/1807 4948/1809
f 4962/1807 5009/1808 4960/1809
f 5428/1804 5137/1805 5427/1806
f 5430/1806 5142/1810 5141/1805
f 5477/1804 5138/1805 5428/1806
f 5168/1837 5160/1864 5169/1836
f 5427/1804 5136/1805 5426/1806
f 5341/1804 4979/1805 5340/1806
f 4878/1807 4926/1808 4876/1809
f 4870/1809 4924/1814 4923/1808
f 5434/1815 5435/1816 5132/1817
f 5435/1815 5436/1816 5132/1817
f 5436/1815 5437/1816 5132/1817
f 5437/1815 5438/1816 5132/1817
f 5438/1815 5439/1816 5132/1817
f 5439/1815 5440/1816 5132/1817
f 5440/1815 5441/1816 5132/1817
f 5441/1815 5442/1816 5132/1817
f 5442/1815 5443/1816 5132/1817
f 5443/1815 5444/1816 5132/1817
f 5444/1815 5445/1816 5132/1817
f 5445/1815 5434/1816 5132/1817
f 4862/1821 4888/1820 4864/1818
f 5036/1818 5055/1819 5056/1820
f 4898/1819 4862/1818 4884/1821
f 5110/1821 5135/1820 5112/1818
f 4976/1819 4960/1818 4958/1821
f 4874/1818 4892/1819 4893/1820
f 4975/1819 4958/1818 4956/1821
f 4944/1821 4970/1820 4946/1818
f 4891/1819 4872/1818 4870/1821
f 5124/1818 5140/1819 5141/1820
f 4970/1819 4948/1818 4946/1821
f 4964/1821 4980/1820 4966/1818
f 5097/1822 5064/1823 5065/1824
f 5474/1804 5062/1805 5387/1806
f 5165/1814 5130/1809 5108/1807
f 5082/1805 5044/1807 5046/1834
f 4880/1807 4927/1808 4878/1809
f 5038/1809 5088/1814 5036/1807
f 5122/1825 5172/1826 5162/1827
f 4862/1807 4912/1805 4911/1814
f 4919/1828 4912/1829 4920/1830
f 5167/1808 5110/1807 5112/1809
f 5128/1825 5175/1826 5164/1827
f 5130/1807 5175/1808 5128/1809
f 4999/1831 5011/1832 5010/1833
f 5122/1834 5161/1814 5120/1807
f 5110/1825 5166/1826 5158/1827
f 4995/1835 5005/1836 5004/1837
f 5174/1826 5126/1825 5163/1827
f 5357/1813 5041/1863 5318/1812
f 5171/1826 5120/1825 5161/1827
f 5116/1825 5169/1826 5160/1827
f 5001/1828 4994/1829 5002/1830
f 4876/1834 4915/1814 4874/1807
f 5168/1826 5114/1825 5159/1827
f 5165/1826 5108/1825 5157/1827
f 5001/1828 4982/1857 4981/1843
f 4909/1848 4930/1856 4910/1842
f 5006/1852 4987/1850 4986/1853
f 5093/1832 5074/1842 5073/1848
f 4924/1852 4905/1850 4904/1853
f 4904/1853 4923/1836 4924/1852
f 5083/1828 5064/1857 5063/1843
f 5147/1846 5166/1830 5167/1844
f 5150/1853 5169/1836 5170/1852
f 4902/1845 4923/1836 4903/1851
f 4901/1846 4920/1830 4921/1844
f 5069/1850 5090/1840 5070/1849
f 5021/1858 4988/1824 4989/1823
f 5066/1823 5097/1822 5065/1824
f 4939/1858 4906/1824 4907/1823
f 5020/1822 4987/1823 4988/1824
f 4989/1823 5022/1822 5021/1858
f 5074/1824 5105/1858 5073/1823
f 4901/1824 4932/1858 4900/1823
f 4986/1823 5017/1822 4985/1824
f 4905/1823 4936/1822 4904/1824
f 5181/1858 5148/1824 5149/1823
f 5072/1824 5103/1858 5071/1823
f 5177/1859 5178/1858 5189/1860
f 5178/1859 5179/1858 5189/1860
f 5179/1859 5180/1858 5189/1860
f 5180/1859 5181/1858 5189/1860
f 5181/1859 5182/1858 5189/1860
f 5182/1859 5183/1858 5189/1860
f 5183/1859 5184/1858 5189/1860
f 5184/1859 5185/1858 5189/1860
f 5185/1859 5186/1858 5189/1860
f 5186/1859 5187/1858 5189/1860
f 5187/1859 5188/1858 5189/1860
f 5188/1859 5177/1858 5189/1860
f 5259/1862 5426/1806 5258/1865
f 5271/1866 5438/1815 5270/1867
f 5283/1865 5318/1812 5239/1862
f 4947/1863 5462/1813 4945/1811
f 5222/1866 5353/1815 5233/1867
f 5222/1867 5343/1816 5342/1815
f 5245/1867 5390/1816 5389/1815
f 5190/1862 5295/1806 5199/1865
f 5229/1866 5348/1815 5228/1867
f 5228/1866 5347/1815 5227/1867
f 5212/1862 5341/1806 5221/1865
f 5266/1867 5435/1816 5434/1815
f 5043/1811 5447/1812 5404/1813
f 5453/1812 5212/1865 5462/1813
f 5322/1868 5226/1866 5225/1867
f 5449/1813 5243/1862 5242/1865
f 5458/1812 5193/1865 5366/1813
f 5314/1812 5264/1865 5363/1813
f 5324/1869 5207/1867 5464/1868
f 5463/1869 5208/1867 5324/1868
f 5371/1868 5224/1866 5223/1867
f 5308/1812 5265/1865 5314/1813
f 5404/1813 5241/1862 5240/1865
f 5461/1869 5231/1867 5422/1868
f 5374/1812 5196/1865 5320/1813
f 4885/1863 5414/1813 4883/1811
f 5215/1862 5334/1806 5214/1865
f 5238/1862 5381/1806 5237/1865
f 5266/1866 5445/1815 5277/1867
f 5233/1866 5352/1815 5232/1867
f 5273/1866 5440/1815 5272/1867
f 4883/1870 5421/1868 4885/1871
f 5476/1806 5136/1810 5135/1805
f 5227/1866 5346/1815 5226/1867
f 5225/1867 5346/1816 5345/1815
f 4955/1863 5423/1813 4953/1811
f 4885/1811 5372/1812 5368/1813
f 5379/1806 5054/1810 5053/1805
f 5111/1863 5308/1813 5109/1811
f 5115/1870 5359/1868 5117/1871
f 5333/1806 4972/1810 4971/1805
f 5457/1868 5273/1866 5272/1867
f 5360/1869 5250/1867 5316/1868
f 5372/1812 5199/1865 5368/1813
f 5235/1865 5380/1804 5379/1806
f 5367/1812 5236/1865 5376/1813
f 5450/1869 5255/1867 5454/1868
f 5400/1812 5260/1865 5411/1813
f 5309/1868 5246/1866 5245/1867
f 5452/1868 5253/1866 5252/1867
f 5278/1865 5287/1804 5470/1806
f 5456/1869 5248/1867 5355/1868
f 5310/1869 5273/1867 5362/1868
f 4879/1870 5419/1868 4881/1871
f 4953/1863 5328/1813 4951/1811
f 5117/1863 5406/1813 5115/1811
f 5037/1863 5367/1813 5035/1811
f 5037/1870 5360/1868 5039/1871
f 5113/1863 5446/1813 5111/1811
f 5047/1871 5355/1869 5315/1868
f 5039/1863 5358/1813 5037/1811
f 5029/1871 5309/1869 5450/1868
f 4881/1870 5369/1868 4883/1871
f 4877/1870 5326/1868 4879/1871
f 5257/1862 5424/1806 5256/1865
f 5199/1862 5294/1806 5198/1865
f 5232/1866 5351/1815 5231/1867
f 5057/1805 5383/1804 5058/1810
f 5236/1865 5381/1804 5380/1806
f 5405/1813 5191/1862 5278/1865
f 5413/1813 5236/1862 5235/1865
f 5278/1862 5286/1806 5190/1865
f 5354/1813 5195/1862 5279/1865
f 5223/1867 5344/1816 5343/1815
f 5285/1865 5356/1812 5261/1862
f 5252/1866 5395/1815 5251/1867
f 5249/1866 5392/1815 5248/1867
f 5284/1865 5426/1804 5476/1806
f 5417/1868 5223/1866 5222/1867
f 5330/1812 5217/1865 5468/1813
f 5469/1813 5193/1862 5192/1865
f 5461/1868 5233/1866 5232/1867
f 5321/1812 5215/1865 5423/1813
f 5280/1865 5333/1804 5472/1806
f 5415/1868 5228/1866 5227/1867
f 5375/1868 5201/1866 5200/1867
f 5463/1868 5210/1866 5209/1867
f 5369/1869 5202/1867 5421/1868
f 5325/1869 5210/1867 5416/1868
f 4965/1863 5459/1813 4963/1811
f 5272/1866 5439/1815 5271/1867
f 5245/1866 5388/1815 5244/1867
f 5262/1862 5429/1806 5261/1865
f 5275/1867 5444/1816 5443/1815
f 5250/1866 5393/1815 5249/1867
f 5127/1870 5410/1868 5129/1871
f 4961/1871 5329/1869 5415/1868
f 5248/1866 5391/1815 5247/1867
f 5231/1866 5350/1815 5230/1867
f 5029/1870 5454/1868 5031/1871
f 5027/1871 5401/1869 5309/1868
f 4873/1870 5464/1868 4875/1871
f 5472/1806 4971/1810 4970/1805
f 5121/1871 5310/1869 5362/1868
f 4875/1863 5458/1813 4873/1811
f 5319/1869 5275/1867 5359/1868
f 5417/1869 5233/1867 5373/1868
f 5407/1869 5269/1867 5410/1868
f 5327/1812 5220/1865 5465/1813
f 5446/1812 5256/1865 5308/1813
f 5354/1812 5194/1865 5458/1813
f 5317/1812 5243/1865 5361/1813
f 5213/1865 5334/1804 5333/1806
f 5364/1868 5272/1866 5271/1867
f 5410/1869 5268/1867 5408/1868
f 5279/1865 5291/1804 5471/1806
f 5451/1868 5268/1866 5267/1867
f 5119/1863 5311/1813 5117/1811
f 4945/1863 5327/1813 4967/1811
f 5139/1805 5429/1804 5140/1810
f 5129/1863 5365/1813 5127/1811
f 4865/1870 5325/1868 4867/1871
f 4877/1871 5464/1869 5412/1868
f 4879/1863 5331/1813 4877/1811
f 4957/1871 5467/1869 5323/1868
f 5043/1863 5318/1813 5041/1811
f 5041/1870 5456/1868 5043/1871
f 4865/1863 5372/1813 4863/1811
f 5466/1813 5214/1862 5213/1865
f 5269/1866 5436/1815 5268/1867
f 5285/1862 5428/1806 5260/1865
f 5262/1865 5431/1804 5430/1806
f 5270/1866 5437/1815 5269/1867
f 5282/1862 5387/1806 5243/1865
f 4871/1863 5469/1813 4869/1811
f 5230/1866 5349/1815 5229/1867
f 4963/1870 5322/1868 4965/1871
f 5221/1862 5340/1806 5220/1865
f 5267/1867 5436/1816 5435/1815
f 5196/1862 5291/1806 5195/1865
f 4951/1870 5422/1868 4953/1871
f 5113/1870 5319/1868 5115/1871
f 5322/1869 5224/1867 5460/1868
f 5325/1868 5200/1866 5211/1867
f 5449/1812 5241/1865 5447/1813
f 5422/1869 5230/1867 5467/1868
f 5363/1812 5263/1865 5365/1813
f 5414/1812 5197/1865 5374/1813
f 5369/1868 5204/1866 5203/1867
f 5412/1869 5205/1867 5326/1868
f 5455/1812 5216/1865 5321/1813
f 5326/1869 5204/1867 5419/1868
f 5357/1812 5238/1865 5358/1813
f 5111/1870 5448/1868 5113/1871
f 4863/1870 5375/1868 4865/1871
f 4881/1863 5320/1813 4879/1811
f 5037/1871 5409/1869 5452/1868
f 5275/1866 5442/1815 5274/1867
f 5253/1866 5396/1815 5252/1867
f 5125/1871 5457/1869 5364/1868
f 5043/1870 5355/1868 5045/1871
f 5041/1871 5360/1869 5316/1868
f 5121/1870 5457/1868 5123/1871
f 5035/1863 5376/1813 5033/1811
f 4967/1870 5371/1868 4945/1871
f 4871/1870 5324/1868 4873/1871
f 5129/1870 5408/1868 5131/1871
f 4951/1871 5373/1869 5461/1868
f 5027/1863 5361/1813 5049/1811
f 5402/1813 5263/1862 5262/1865
f 5368/1812 5198/1865 5414/1813
f 5364/1869 5270/1867 5407/1868
f 5191/1865 5288/1804 5287/1806
f 5402/1812 5261/1865 5356/1813
f 5309/1869 5244/1867 5450/1868
f 5448/1868 5266/1866 5277/1867
f 5311/1812 5258/1865 5406/1813
f 5477/1806 5261/1862 5429/1804
f 5313/1868 5267/1866 5266/1867
f 5367/1813 5238/1862 5237/1865
f 5360/1868 5252/1866 5251/1867
f 4957/1863 5321/1813 4955/1811
f 4961/1870 5420/1868 4963/1871
f 4883/1863 5374/1813 4881/1811
f 4885/1870 5377/1868 4863/1871
f 5378/1806 5053/1810 5052/1805
f 5125/1811 5365/1812 5402/1813
f 5287/1806 4890/1810 4889/1805
f 5109/1871 5408/1869 5451/1868
f 4963/1863 5330/1813 4961/1811
f 5033/1870 5409/1868 5035/1871
f 5031/1870 5312/1868 5033/1871
f 5250/1867 5395/1816 5394/1815
f 5260/1862 5427/1806 5259/1865
f 5247/1866 5390/1815 5246/1867
f 5279/1862 5290/1806 5194/1865
f 5244/1866 5399/1815 5255/1867
f 5254/1867 5399/1816 5398/1815
f 5049/1863 5449/1813 5047/1811
f 5254/1866 5397/1815 5253/1867
f 4873/1863 5366/1813 4871/1811
f 5370/1813 5235/1862 5234/1865
f 5191/1865 5469/1812 5192/1862
f 5225/1866 5344/1815 5224/1867
f 5109/1863 5314/1813 5131/1811
f 5282/1865 5378/1804 5474/1806
f 5467/1869 5229/1867 5323/1868
f 5404/1812 5239/1865 5318/1813
f 5323/1869 5228/1867 5329/1868
f 5415/1869 5226/1867 5420/1868
f 5412/1868 5207/1866 5206/1867
f 5281/1865 5337/1804 5473/1806
f 5465/1812 5219/1865 5459/1813
f 5403/1812 5257/1865 5446/1813
f 5459/1812 5218/1865 5330/1813
f 5320/1812 5195/1865 5331/1813
f 5421/1869 5201/1867 5377/1868
f 5127/1871 5364/1869 5407/1868
f 5256/1862 5433/1806 5265/1865
f 5453/1813 5213/1862 5280/1865
f 5470/1806 4889/1810 4888/1805
f 5277/1866 5444/1815 5276/1867
f 5273/1867 5442/1816 5441/1815
f 4869/1871 5325/1869 5416/1868
f 4869/1870 5463/1868 4871/1871
f 5455/1813 5217/1862 5281/1865
f 5281/1862 5336/1806 5216/1865
f 5121/1863 5411/1813 5119/1811
f 4947/1871 5371/1869 5417/1868
f 5131/1863 5363/1813 5129/1811
f 4961/1863 5468/1813 4959/1811
f 4947/1870 5373/1868 4949/1871
f 4967/1863 5465/1813 4965/1811
f 5359/1869 5274/1867 5310/1868
f 5355/1869 5247/1867 5315/1868
f 5234/1865 5379/1804 5378/1806
f 5423/1812 5214/1865 5328/1813
f 5312/1868 5255/1866 5254/1867
f 5462/1812 5221/1865 5327/1813
f 5411/1812 5259/1865 5311/1813
f 5315/1869 5246/1867 5401/1868
f 5312/1869 5253/1867 5409/1868
f 5405/1812 5190/1865 5372/1813
f 5316/1869 5249/1867 5456/1868
f 5448/1869 5276/1867 5319/1868
f 4953/1870 5467/1868 4955/1871
f 5047/1870 5401/1868 5049/1871
f 5109/1870 5313/1868 5111/1871
f 5473/1806 4976/1810 4975/1805
f 5474/1806 5052/1810 5051/1805
f 4957/1870 5329/1868 4959/1871
f 5119/1871 5359/1869 5310/1868
f 4965/1870 5460/1868 4967/1871
f 5125/1863 5356/1813 5123/1811
f 5047/1863 5447/1813 5045/1811
f 5471/1806 4894/1810 4893/1805
f 5173/1814 5122/1809 5124/1807
f 5265/1862 5432/1806 5264/1865
f 5284/1862 5425/1806 5257/1865
f 5280/1862 5332/1806 5212/1865
f 5317/1813 5234/1862 5282/1865
f 5198/1862 5293/1806 5197/1865
f 5194/1862 5289/1806 5193/1865
f 5283/1862 5382/1806 5238/1865
f 5218/1862 5337/1806 5217/1865
f 5200/1866 5307/1815 5211/1867
f 5211/1866 5306/1815 5210/1867
f 5210/1866 5305/1815 5209/1867
f 5208/1867 5305/1816 5304/1815
f 5208/1866 5303/1815 5207/1867
f 5206/1867 5303/1816 5302/1815
f 5205/1867 5302/1816 5301/1815
f 5204/1867 5301/1816 5300/1815
f 5204/1866 5299/1815 5203/1867
f 5203/1866 5298/1815 5202/1867
f 5201/1867 5298/1816 5297/1815
f 5201/1866 5296/1815 5200/1867
f 5243/1862 5386/1806 5242/1865
f 5216/1862 5335/1806 5215/1865
f 5197/1862 5292/1806 5196/1865
f 5240/1862 5383/1806 5239/1865
f 5264/1862 5431/1806 5263/1865
f 5403/1813 5258/1862 5284/1865
f 5220/1862 5339/1806 5219/1865
f 5219/1862 5338/1806 5218/1865
f 5240/1865 5385/1804 5384/1806
f 5193/1862 5288/1806 5192/1865
f 5242/1862 5385/1806 5241/1865
f 5386/1804 5061/1810 5060/1805
f 4944/1807 5001/1814 5012/1808
f 5289/1804 4891/1810 4890/1805
f 5384/1806 5385/1804 5060/1810
f 5339/1804 4978/1810 4977/1805
f 5340/1804 4979/1810 4978/1805
f 5113/1811 5115/1863 5406/1812
f 5432/1804 5143/1810 5142/1805
f 5384/1804 5059/1810 5058/1805
f 5293/1804 4896/1810 4895/1805
f 5336/1804 4974/1810 4973/1805
f 5387/1804 5062/1810 5061/1805
f 5034/1809 5036/1807 5088/1814
f 5126/1818 5124/1821 5141/1819
f 5118/1818 5116/1821 5137/1819
f 4962/1818 4960/1821 4977/1819
f 5038/1821 5057/1819 5058/1820
f 5044/1821 5060/1819 5061/1820
f 4874/1821 4893/1819 4894/1820
f 4962/1821 4978/1819 4979/1820
f 5028/1821 5052/1819 5053/1820
f 5128/1821 5143/1819 5144/1820
f 5126/1821 5142/1819 5143/1820
f 4954/1818 4952/1821 4973/1819
f 4974/1819 4975/1820 4956/1818
f 5184/1822 5183/1858 5151/1823
f 4921/1808 4920/1814 4864/1807
f 5338/1804 4977/1810 4976/1805
f 5475/1804 5057/1810 5056/1805
f 5290/1804 4892/1810 4891/1805
f 5168/1814 5167/1808 5112/1809
f 5165/1828 5157/1841 5158/1829
f 5163/1831 5164/1872 5175/1832
f 5294/1804 4897/1810 4896/1805
f 4884/1807 4930/1814 4929/1808
f 4998/1805 4997/1814 4956/1807
f 4913/1835 4914/1864 4923/1836
f 5034/1807 5078/1814 5077/1805
f 5007/1838 4997/1861 4998/1839
f 5108/1807 5110/1834 5158/1805
f 5075/1841 5076/1829 5084/1830
f 4910/1842 4930/1856 4919/1828
f 5074/1842 5094/1856 5083/1828
f 5167/1844 5168/1837 5148/1845
f 4908/1847 4928/1833 4929/1832
f 5171/1838 5172/1840 5152/1849
f 5067/1851 5087/1836 5088/1852
f 5071/1854 5070/1849 5090/1840
f 5153/1854 5152/1849 5172/1840
f 5173/1855 5174/1833 5154/1847
f 5066/1845 5086/1837 5087/1836
f 5155/1848 5175/1832 5176/1856
f 5146/1857 5145/1843 5165/1828
f 4908/1824 4940/1822 4939/1858
f 5073/1824 5105/1822 5104/1858
f 4982/1823 5014/1858 5013/1822
f 4904/1823 4936/1858 4935/1822
f 5150/1823 5182/1858 5181/1822
f 5068/1824 5069/1823 5101/1858
f 5068/1823 5100/1858 5099/1822
f 5095/1822 5106/1858 5074/1823
f 5070/1824 5102/1822 5101/1858
f 4941/1822 4940/1858 4908/1823
f 5099/1858 5098/1822 5066/1824
f 5027/1811 5029/1863 5370/1812
f 5472/1804 4970/1810 4969/1805
f 4874/1809 4925/1808 4924/1814
f 4919/1814 4930/1808 4884/1809
f 5476/1804 5135/1810 5134/1805
f 5433/1804 5144/1810 5143/1805
f 5473/1804 4975/1810 4974/1805
f 4957/1811 4959/1863 5468/1812
f 4947/1811 4949/1863 5466/1812
f 5424/1804 5133/1810 5144/1805
f 5292/1804 4895/1810 4894/1805
f 5086/1814 5085/1808 5030/1809
f 4950/1807 5004/1814 5003/1808
f 5038/1818 5036/1821 5056/1819
f 4876/1821 4894/1819 4895/1820
f 5062/1819 5051/1820 5026/1818
f 4880/1821 4896/1819 4897/1820
f 4982/1857 5002/1830 5003/1844
f 4889/1819 4890/1820 4868/1818
f 4878/1821 4895/1819 4896/1820
f 5116/1818 5114/1821 5136/1819
f 5130/1821 5144/1819 5133/1820
f 4980/1819 4969/1820 4944/1818
f 5042/1818 5040/1821 5058/1819
f 5030/1821 5053/1819 5054/1820
f 4931/1822 4942/1858 4910/1823
f 4866/1809 4868/1807 4922/1814
f 4875/1811 4877/1863 5331/1812
f 5295/1804 4898/1810 4897/1805
f 5118/1807 5120/1809 5171/1808
f 5425/1804 5134/1810 5133/1805
f 5171/1838 5161/1861 5162/1839
f 5026/1807 5083/1814 5094/1808
f 4954/1807 5006/1814 5005/1808
f 4949/1811 4951/1863 5328/1812
f 5160/1814 5159/1805 5114/1834
f 5042/1809 5044/1807 5092/1814
f 5077/1835 5078/1864 5087/1836
f 4964/1834 5000/1805 4999/1814
f 4882/1834 4918/1805 4917/1814
f 5079/1861 5080/1839 5090/1840
f 5156/1842 5176/1856 5165/1828
f 5011/1832 5012/1856 4992/1842
f 5085/1844 5086/1837 5066/1845
f 5072/1847 5092/1833 5093/1832
f 4988/1849 5008/1840 5009/1855
f 5068/1853 5088/1852 5089/1838
f 5475/1806 5283/1865 5239/1862
f 5148/1845 5168/1837 5169/1836
f 4919/1828 4920/1830 4900/1857
f 5003/1844 5004/1837 4984/1845
f 5064/1857 5084/1830 5085/1844
f 4990/1847 5010/1833 5011/1832
f 5155/1823 5156/1824 5188/1822
f 5017/1858 5016/1822 4984/1824
f 5146/1823 5178/1858 5177/1822
f 5064/1823 5096/1858 5095/1822
f 5148/1823 5180/1858 5179/1822
f 5153/1823 5185/1858 5184/1822
f 5103/1858 5102/1822 5070/1824
f 4986/1824 4987/1823 5019/1858
f 5145/1824 5177/1822 5188/1858
f 5026/1821 5051/1819 5052/1820
f 4983/1824 4984/1823 5016/1858
f 5335/1804 4973/1810 4972/1805
f 5382/1804 5056/1810 5055/1805
f 5470/1804 4888/1810 4887/1805
f 5031/1811 5033/1863 5376/1812
f 4865/1811 4867/1863 5418/1812
f 4867/1811 4869/1863 5469/1812
f 5026/1807 5028/1834 5076/1805
f 5009/1814 5008/1808 4958/1809
f 5400/1813 5121/1811 5123/1863
f 5286/1804 4887/1810 4898/1805
f 5029/1811 5031/1863 5413/1812
f 5471/1804 4893/1810 4892/1805
f 5085/1808 5084/1814 5028/1807
f 5032/1821 5054/1819 5055/1820
f 4888/1819 4889/1820 4866/1818
f 4950/1818 4948/1821 4971/1819
f 4950/1821 4972/1819 4973/1820
f 4897/1819 4898/1820 4884/1818
f 5114/1818 5112/1821 5135/1819
f 5108/1821 5133/1819 5134/1820
f 5046/1821 5061/1819 5062/1820
f 5120/1818 5118/1821 5138/1819
f 5120/1821 5139/1819 5140/1820
f 5044/1818 5042/1821 5059/1819
f 4868/1821 4890/1819 4891/1820
f 4899/1824 4900/1823 4932/1858
f 5128/1834 5164/1805 5163/1814
f 5042/1807 5091/1814 5090/1808
f 5124/1809 5126/1807 5174/1814
f 4956/1809 5007/1808 5006/1814
f 5430/1804 5141/1810 5140/1805
f 5040/1834 5080/1805 5079/1814
f 4944/1807 4946/1834 4994/1805
f 4917/1831 4918/1872 4929/1832
f 5046/1809 5048/1807 5094/1814
f 4952/1807 4996/1814 4995/1805
f 5116/1809 5118/1807 5170/1814
f 5081/1831 5082/1872 5093/1832
f 5187/1822 5186/1858 5154/1823
f 4914/1814 4913/1805 4868/1834
f 4925/1838 4915/1861 4916/1839
f 4906/1849 4905/1850 4925/1838
f 5005/1836 5006/1852 4986/1853
f 5009/1855 5010/1833 4990/1847
f 5091/1855 5092/1833 5072/1847
f 5170/1852 5171/1838 5151/1850
f 4906/1849 4926/1840 4927/1855
f 4987/1850 5007/1838 5008/1840
f 4984/1845 5004/1837 5005/1836
f 4921/1844 4922/1837 4902/1845
f 4992/1842 5012/1856 5001/1828
f 5154/1847 5174/1833 5175/1832
f 4927/1855 4928/1833 4908/1847
f 4935/1858 4934/1822 4902/1824
f 5013/1822 5024/1858 4992/1823
f 4902/1823 4934/1858 4933/1822
f 5147/1824 5179/1822 5178/1858
f 4909/1823 4910/1824 4942/1822
f 4938/1822 4937/1858 4905/1823
f 5151/1823 5183/1858 5182/1822
f 5154/1824 5186/1822 5185/1858
f 5015/1822 5014/1858 4982/1823
f 5023/1822 5022/1858 4990/1823
f 4992/1824 5024/1822 5023/1858
f 5332/1804 4969/1810 4980/1805
f 5381/1804 5055/1810 5054/1805
f 4966/1807 5012/1814 5011/1808
f 5003/1808 5002/1814 4946/1807
f 4962/1807 5010/1814 5009/1808
f 5428/1804 5138/1810 5137/1805
f 5430/1806 5431/1804 5142/1810
f 5477/1804 5139/1810 5138/1805
f 5168/1837 5159/1835 5160/1864
f 5427/1804 5137/1810 5136/1805
f 5341/1804 4980/1810 4979/1805
f 4878/1807 4927/1814 4926/1808
f 4870/1809 4872/1807 4924/1814
f 4862/1821 4887/1819 4888/1820
f 5036/1818 5034/1821 5055/1819
f 4898/1819 4887/1820 4862/1818
f 5110/1821 5134/1819 5135/1820
f 4976/1819 4977/1820 4960/1818
f 4874/1818 4872/1821 4892/1819
f 4975/1819 4976/1820 4958/1818
f 4944/1821 4969/1819 4970/1820
f 4891/1819 4892/1820 4872/1818
f 5124/1818 5122/1821 5140/1819
f 4970/1819 4971/1820 4948/1818
f 4964/1821 4979/1819 4980/1820
f 5097/1822 5096/1858 5064/1823
f 5474/1804 5051/1810 5062/1805
f 5165/1814 5176/1808 5130/1809
f 5082/1805 5081/1814 5044/1807
f 4880/1807 4928/1814 4927/1808
f 5038/1809 5089/1808 5088/1814
f 4862/1807 4864/1834 4912/1805
f 4919/1828 4911/1841 4912/1829
f 5167/1808 5166/1814 5110/1807
f 5130/1807 5176/1814 5175/1808
f 4999/1831 5000/1872 5011/1832
f 5122/1834 5162/1805 5161/1814
f 4995/1835 4996/1864 5005/1836
f 5357/1813 5039/1811 5041/1863
f 5001/1828 4993/1841 4994/1829
f 4876/1834 4916/1805 4915/1814
f 5001/1828 5002/1830 4982/1857
f 4909/1848 4929/1832 4930/1856
f 5006/1852 5007/1838 4987/1850
f 5093/1832 5094/1856 5074/1842
f 4924/1852 4925/1838 4905/1850
f 4904/1853 4903/1851 4923/1836
f 5083/1828 5084/1830 5064/1857
f 5147/1846 5146/1857 5166/1830
f 5150/1853 5149/1851 5169/1836
f 4902/1845 4922/1837 4923/1836
f 4901/1846 4900/1857 4920/1830
f 5069/1850 5089/1838 5090/1840
f 5021/1858 5020/1822 4988/1824
f 5066/1823 5098/1858 5097/1822
f 4939/1858 4938/1822 4906/1824
f 5020/1822 5019/1858 4987/1823
f 4989/1823 4990/1824 5022/1822
f 5074/1824 5106/1822 5105/1858
f 4901/1824 4933/1822 4932/1858
f 4986/1823 5018/1858 5017/1822
f 4905/1823 4937/1858 4936/1822
f 5181/1858 5180/1822 5148/1824
f 5072/1824 5104/1822 5103/1858
f 5259/1862 5427/1804 5426/1806
f 5271/1866 5439/1816 5438/1815
f 5283/1865 5357/1813 5318/1812
f 4947/1863 5453/1812 5462/1813
f 5222/1866 5342/1816 5353/1815
f 5222/1867 5223/1866 5343/1816
f 5245/1867 5246/1866 5390/1816
f 5190/1862 5286/1804 5295/1806
f 5229/1866 5349/1816 5348/1815
f 5228/1866 5348/1816 5347/1815
f 5212/1862 5332/1804 5341/1806
f 5266/1867 5267/1866 5435/1816
f 5043/1811 5045/1863 5447/1812
f 5453/1812 5280/1862 5212/1865
f 5322/1868 5420/1869 5226/1866
f 5449/1813 5361/1812 5243/1862
f 5458/1812 5194/1862 5193/1865
f 5314/1812 5265/1862 5264/1865
f 5324/1869 5208/1866 5207/1867
f 5463/1869 5209/1866 5208/1867
f 5371/1868 5460/1869 5224/1866
f 5308/1812 5256/1862 5265/1865
f 5404/1813 5447/1812 5241/1862
f 5461/1869 5232/1866 5231/1867
f 5374/1812 5197/1862 5196/1865
f 4885/1863 5368/1812 5414/1813
f 5215/1862 5335/1804 5334/1806
f 5238/1862 5382/1804 5381/1806
f 5266/1866 5434/1816 5445/1815
f 5233/1866 5353/1816 5352/1815
f 5273/1866 5441/1816 5440/1815
f 4883/1870 5369/1869 5421/1868
f 5476/1806 5426/1804 5136/1810
f 5227/1866 5347/1816 5346/1815
f 5225/1867 5226/1866 5346/1816
f 4955/1863 5321/1812 5423/1813
f 4885/1811 4863/1863 5372/1812
f 5379/1806 5380/1804 5054/1810
f 5111/1863 5446/1812 5308/1813
f 5115/1870 5319/1869 5359/1868
f 5333/1806 5334/1804 4972/1810
f 5457/1868 5362/1869 5273/1866
f 5360/1869 5251/1866 5250/1867
f 5372/1812 5190/1862 5199/1865
f 5235/1865 5236/1862 5380/1804
f 5367/1812 5237/1862 5236/1865
f 5450/1869 5244/1866 5255/1867
f 5400/1812 5285/1862 5260/1865
f 5309/1868 5401/1869 5246/1866
f 5452/1868 5409/1869 5253/1866
f 5278/1865 5191/1862 5287/1804
f 5456/1869 5249/1866 5248/1867
f 5310/1869 5274/1866 5273/1867
f 4879/1870 5326/1869 5419/1868
f 4953/1863 5423/1812 5328/1813
f 5117/1863 5311/1812 5406/1813
f 5037/1863 5358/1812 5367/1813
f 5037/1870 5452/1869 5360/1868
f 5113/1863 5403/1812 5446/1813
f 5047/1871 5045/1870 5355/1869
f 5039/1863 5357/1812 5358/1813
f 5029/1871 5027/1870 5309/1869
f 4881/1870 5419/1869 5369/1868
f 4877/1870 5412/1869 5326/1868
f 5257/1862 5425/1804 5424/1806
f 5199/1862 5295/1804 5294/1806
f 5232/1866 5352/1816 5351/1815
f 5057/1805 5475/1806 5383/1804
f 5236/1865 5237/1862 5381/1804
f 5405/1813 5418/1812 5191/1862
f 5413/1813 5376/1812 5236/1862
f 5278/1862 5470/1804 5286/1806
f 5354/1813 5331/1812 5195/1862
f 5223/1867 5224/1866 5344/1816
f 5285/1865 5400/1813 5356/1812
f 5252/1866 5396/1816 5395/1815
f 5249/1866 5393/1816 5392/1815
f 5284/1865 5258/1862 5426/1804
f 5417/1868 5371/1869 5223/1866
f 5330/1812 5218/1862 5217/1865
f 5469/1813 5366/1812 5193/1862
f 5461/1868 5373/1869 5233/1866
f 5321/1812 5216/1862 5215/1865
f 5280/1865 5213/1862 5333/1804
f 5415/1868 5329/1869 5228/1866
f 5375/1868 5377/1869 5201/1866
f 5463/1868 5416/1869 5210/1866
f 5369/1869 5203/1866 5202/1867
f 5325/1869 5211/1866 5210/1867
f 4965/1863 5465/1812 5459/1813
f 5272/1866 5440/1816 5439/1815
f 5245/1866 5389/1816 5388/1815
f 5262/1862 5430/1804 5429/1806
f 5275/1867 5276/1866 5444/1816
f 5250/1866 5394/1816 5393/1815
f 5127/1870 5407/1869 5410/1868
f 4961/1871 4959/1870 5329/1869
f 5248/1866 5392/1816 5391/1815
f 5231/1866 5351/1816 5350/1815
f 5029/1870 5450/1869 5454/1868
f 5027/1871 5049/1870 5401/1869
f 4873/1870 5324/1869 5464/1868
f 5472/1806 5333/1804 4971/1810
f 5121/1871 5119/1870 5310/1869
f 4875/1863 5354/1812 5458/1813
f 5319/1869 5276/1866 5275/1867
f 5417/1869 5222/1866 5233/1867
f 5407/1869 5270/1866 5269/1867
f 5327/1812 5221/1862 5220/1865
f 5446/1812 5257/1862 5256/1865
f 5354/1812 5279/1862 5194/1865
f 5317/1812 5282/1862 5243/1865
f 5213/1865 5214/1862 5334/1804
f 5364/1868 5457/1869 5272/1866
f 5410/1869 5269/1866 5268/1867
f 5279/1865 5195/1862 5291/1804
f 5451/1868 5408/1869 5268/1866
f 5119/1863 5411/1812 5311/1813
f 4945/1863 5462/1812 5327/1813
f 5139/1805 5477/1806 5429/1804
f 5129/1863 5363/1812 5365/1813
f 4865/1870 5375/1869 5325/1868
f 4877/1871 4875/1870 5464/1869
f 4879/1863 5320/1812 5331/1813
f 4957/1871 4955/1870 5467/1869
f 5043/1863 5404/1812 5318/1813
f 5041/1870 5316/1869 5456/1868
f 4865/1863 5405/1812 5372/1813
f 5466/1813 5328/1812 5214/1862
f 5269/1866 5437/1816 5436/1815
f 5285/1862 5477/1804 5428/1806
f 5262/1865 5263/1862 5431/1804
f 5270/1866 5438/1816 5437/1815
f 5282/1862 5474/1804 5387/1806
f 4871/1863 5366/1812 5469/1813
f 5230/1866 5350/1816 5349/1815
f 4963/1870 5420/1869 5322/1868
f 5221/1862 5341/1804 5340/1806
f 5267/1867 5268/1866 5436/1816
f 5196/1862 5292/1804 5291/1806
f 4951/1870 5461/1869 5422/1868
f 5113/1870 5448/1869 5319/1868
f 5322/1869 5225/1866 5224/1867
f 5325/1868 5375/1869 5200/1866
f 5449/1812 5242/1862 5241/1865
f 5422/1869 5231/1866 5230/1867
f 5363/1812 5264/1862 5263/1865
f 5414/1812 5198/1862 5197/1865
f 5369/1868 5419/1869 5204/1866
f 5412/1869 5206/1866 5205/1867
f 5455/1812 5281/1862 5216/1865
f 5326/1869 5205/1866 5204/1867
f 5357/1812 5283/1862 5238/1865
f 5111/1870 5313/1869 5448/1868
f 4863/1870 5377/1869 5375/1868
f 4881/1863 5374/1812 5320/1813
f 5037/1871 5035/1870 5409/1869
f 5275/1866 5443/1816 5442/1815
f 5253/1866 5397/1816 5396/1815
f 5125/1871 5123/1870 5457/1869
f 5043/1870 5456/1869 5355/1868
f 5041/1871 5039/1870 5360/1869
f 5121/1870 5362/1869 5457/1868
f 5035/1863 5367/1812 5376/1813
f 4967/1870 5460/1869 5371/1868
f 4871/1870 5463/1869 5324/1868
f 5129/1870 5410/1869 5408/1868
f 4951/1871 4949/1870 5373/1869
f 5027/1863 5317/1812 5361/1813
f 5402/1813 5365/1812 5263/1862
f 5368/1812 5199/1862 5198/1865
f 5364/1869 5271/1866 5270/1867
f 5191/1865 5192/1862 5288/1804
f 5402/1812 5262/1862 5261/1865
f 5309/1869 5245/1866 5244/1867
f 5448/1868 5313/1869 5266/1866
f 5311/1812 5259/1862 5258/1865
f 5477/1806 5285/1865 5261/1862
f 5313/1868 5451/1869 5267/1866
f 5367/1813 5358/1812 5238/1862
f 5360/1868 5452/1869 5252/1866
f 4957/1863 5455/1812 5321/1813
f 4961/1870 5415/1869 5420/1868
f 4883/1863 5414/1812 5374/1813
f 4885/1870 5421/1869 5377/1868
f 5378/1806 5379/1804 5053/1810
f 5125/1811 5127/1863 5365/1812
f 5287/1806 5288/1804 4890/1810
f 5109/1871 5131/1870 5408/1869
f 4963/1863 5459/1812 5330/1813
f 5033/1870 5312/1869 5409/1868
f 5031/1870 5454/1869 5312/1868
f 5250/1867 5251/1866 5395/1816
f 5260/1862 5428/1804 5427/1806
f 5247/1866 5391/1816 5390/1815
f 5279/1862 5471/1804 5290/1806
f 5244/1866 5388/1816 5399/1815
f 5254/1867 5255/1866 5399/1816
f 5049/1863 5361/1812 5449/1813
f 5254/1866 5398/1816 5397/1815
f 4873/1863 5458/1812 5366/1813
f 5370/1813 5413/1812 5235/1862
f 5191/1865 5418/1813 5469/1812
f 5225/1866 5345/1816 5344/1815
f 5109/1863 5308/1812 5314/1813
f 5282/1865 5234/1862 5378/1804
f 5467/1869 5230/1866 5229/1867
f 5404/1812 5240/1862 5239/1865
f 5323/1869 5229/1866 5228/1867
f 5415/1869 5227/1866 5226/1867
f 5412/1868 5464/1869 5207/1866
f 5281/1865 5217/1862 5337/1804
f 5465/1812 5220/1862 5219/1865
f 5403/1812 5284/1862 5257/1865
f 5459/1812 5219/1862 5218/1865
f 5320/1812 5196/1862 5195/1865
f 5421/1869 5202/1866 5201/1867
f 5127/1871 5125/1870 5364/1869
f 5256/1862 5424/1804 5433/1806
f 5453/1813 5466/1812 5213/1862
f 5470/1806 5287/1804 4889/1810
f 5277/1866 5445/1816 5444/1815
f 5273/1867 5274/1866 5442/1816
f 4869/1871 4867/1870 5325/1869
f 4869/1870 5416/1869 5463/1868
f 5455/1813 5468/1812 5217/1862
f 5281/1862 5473/1804 5336/1806
f 5121/1863 5400/1812 5411/1813
f 4947/1871 4945/1870 5371/1869
f 5131/1863 5314/1812 5363/1813
f 4961/1863 5330/1812 5468/1813
f 4947/1870 5417/1869 5373/1868
f 4967/1863 5327/1812 5465/1813
f 5359/1869 5275/1866 5274/1867
f 5355/1869 5248/1866 5247/1867
f 5234/1865 5235/1862 5379/1804
f 5423/1812 5215/1862 5214/1865
f 5312/1868 5454/1869 5255/1866
f 5462/1812 5212/1862 5221/1865
f 5411/1812 5260/1862 5259/1865
f 5315/1869 5247/1866 5246/1867
f 5312/1869 5254/1866 5253/1867
f 5405/1812 5278/1862 5190/1865
f 5316/1869 5250/1866 5249/1867
f 5448/1869 5277/1866 5276/1867
f 4953/1870 5422/1869 5467/1868
f 5047/1870 5315/1869 5401/1868
f 5109/1870 5451/1869 5313/1868
f 5473/1806 5337/1804 4976/1810
f 5474/1806 5378/1804 5052/1810
f 4957/1870 5323/1869 5329/1868
f 5119/1871 5117/1870 5359/1869
f 4965/1870 5322/1869 5460/1868
f 5125/1863 5402/1812 5356/1813
f 5047/1863 5449/1812 5447/1813
f 5471/1806 5291/1804 4894/1810
f 5173/1814 5172/1808 5122/1809
f 5265/1862 5433/1804 5432/1806
f 5284/1862 5476/1804 5425/1806
f 5280/1862 5472/1804 5332/1806
f 5317/1813 5370/1812 5234/1862
f 5198/1862 5294/1804 5293/1806
f 5194/1862 5290/1804 5289/1806
f 5283/1862 5475/1804 5382/1806
f 5218/1862 5338/1804 5337/1806
f 5200/1866 5296/1816 5307/1815
f 5211/1866 5307/1816 5306/1815
f 5210/1866 5306/1816 5305/1815
f 5208/1867 5209/1866 5305/1816
f 5208/1866 5304/1816 5303/1815
f 5206/1867 5207/1866 5303/1816
f 5205/1867 5206/1866 5302/1816
f 5204/1867 5205/1866 5301/1816
f 5204/1866 5300/1816 5299/1815
f 5203/1866 5299/1816 5298/1815
f 5201/1867 5202/1866 5298/1816
f 5201/1866 5297/1816 5296/1815
f 5243/1862 5387/1804 5386/1806
f 5216/1862 5336/1804 5335/1806
f 5197/1862 5293/1804 5292/1806
f 5240/1862 5384/1804 5383/1806
f 5264/1862 5432/1804 5431/1806
f 5403/1813 5406/1812 5258/1862
f 5220/1862 5340/1804 5339/1806
f 5219/1862 5339/1804 5338/1806
f 5240/1865 5241/1862 5385/1804
f 5193/1862 5289/1804 5288/1806
f 5242/1862 5386/1804 5385/1806
o The_Thing_That_Rotates
v 1 10.4445 -2.2981
v -1 10.4445 -2.2981
v 1 7.6161 0.5303
v -1 7.6161 0.5303
v 0.3333 10.4445 -2.2981
v -0.3333 10.4445 -2.2981
v -0.3333 7.6161 0.5303
v 0.3333 7.6161 0.5303
v 0.875 4.7877 3.3588
v -0.875 4.7877 3.3588
v -0.2083 4.7877 3.3588
v 0.2083 4.7877 3.3588
v 0.875 4.0806 4.0659
v -0.875 4.0806 4.0659
v -0.2083 4.0806 4.0659
v 0.2083 4.0806 4.0659
v 1.75 2.4896 5.3033
v -1.75 2.4896 5.3033
v 1.5 11.3284 -1.4142
v 1.5 9.9142 -2.8284
v 1 7.9697 0.8839
v 1 10.7981 -1.9445
v -0.3333 10.7981 -1.9445
v -1 10.7981 -1.9445
v -1 7.9697 0.8839
v 0.3333 7.9697 0.8839
v 0.3333 10.7981 -1.9445
v -0.3333 7.9697 0.8839
v 0.2083 5.1412 3.7123
v 0.875 5.1412 3.7123
v -0.875 5.1412 3.7123
v -0.2083 5.1412 3.7123
v 0.2083 4.4341 4.4194
v 0.875 4.4341 4.4194
v -0.875 4.4341 4.4194
v -0.2083 4.4341 4.4194
v 1.5 12.7426 -2.8284
v 1.75 3.1967 6.0104
v -1.75 3.1967 6.0104
v 1.5 11.3284 -4.2426
v -1.5 11.3284 -4.2426
v -1.5 12.7426 -2.8284
v -1.5 9.9142 -2.8284
v -1.5 11.3284 -1.4142
v -0.3333 9.0303 -0.8839
v 1 9.0303 -0.8839
v -0.9375 6.2019 1.9445
v 0.9375 6.2019 1.9445
v 0.7708 3.2851 4.6846
v 0.4375 3.2851 4.6846
v -1.5 12.0355 -3.5355
v -0 11.3284 -4.2426
v -0.3333 9.3839 -0.5303
v 1 9.3839 -0.5303
v -0.2708 6.5555 2.2981
v 0.9375 6.5555 2.2981
v -0.9792 3.8154 5.2149
v 0 3.1967 6.0104
v 1.5 10.6213 -2.1213
v -0 9.9142 -2.8284
v 1.5 10.6213 -3.5355
v 0 2.4896 5.3033
v -1.5 10.6213 -2.1213
v -1.5 10.6213 -3.5355
v -1 9.0303 -0.8839
v 0.2708 6.2019 1.9445
v -0.2708 6.2019 1.9445
v -0 11.3284 -1.4142
v -1.5 12.0355 -2.1213
v -1.3125 3.2851 4.6846
v 1.3125 3.8154 5.2149
v 0.3333 9.0303 -0.8839
v 1.5 12.0355 -3.5355
v 0.9792 3.2851 4.6846
v 1.3125 3.2851 4.6846
v -0 12.7426 -2.8284
v -1 9.3839 -0.5303
v 0.3333 9.3839 -0.5303
v -0.9375 6.5555 2.2981
v 0.2708 6.5555 2.2981
v 0.9792 3.8154 5.2149
v -1.3125 3.8154 5.2149
v 1.5 12.0355 -2.1213
v -1.5 11.3284 -2.8284
v -0 10.6213 -3.5355
v -0 12.0355 -3.5355
v -0 10.6213 -2.1213
v 1.5 11.3284 -2.8284
v -0 12.0355 -2.1213
v -0.3333 8.3232 -0.1768
v 1 8.3232 -0.1768
v 0.3333 9.7374 -1.591
v -0.2187 3.6828 4.3752
v -0.9062 5.4948 2.6516
v 0.9063 5.4948 2.6516
v 0.9688 6.909 1.2374
v 0.75 11.3284 -1.4142
v 0.3333 8.6768 0.1768
v 0.9688 7.2626 1.591
v 1.0938 2.8873 4.9939
v -0.75 11.3284 -4.2426
v 0.75 9.9142 -2.8284
v -0.3333 8.6768 0.1768
v 1 10.091 -1.2374
v -0.2396 5.8483 3.0052
v 0.9063 5.8483 3.0052
v 0.875 2.4896 5.3033
v -0.3333 9.7374 -1.591
v -0.875 3.1967 6.0104
v -0.75 9.9142 -2.8284
v -0.875 2.4896 5.3033
v -1 9.7374 -1.591
v 0.75 12.7426 -2.8284
v -1 8.3232 -0.1768
v 1 8.6768 0.1768
v 0.2396 5.4948 2.6516
v -0.2396 5.4948 2.6516
v -0.3333 10.091 -1.2374
v -0.75 11.3284 -1.4142
v -0.3021 7.2626 1.591
v -0.9688 6.909 1.2374
v 0.875 3.1967 6.0104
v 1 9.7374 -1.591
v 0.3333 8.3232 -0.1768
v -1 10.091 -1.2374
v -0.9688 7.2626 1.591
v 0.75 11.3284 -4.2426
v -0.3021 6.909 1.2374
v 0.3021 6.909 1.2374
v -0.75 12.7426 -2.8284
v -1 8.6768 0.1768
v 0.3333 10.091 -1.2374
v -0.9062 5.8483 3.0052
v 0.2396 5.8483 3.0052
v 0.3021 7.2626 1.591
v -0.4375 3.2851 4.6846
v -0.6562 2.8873 4.9939
v 0 3.8154 5.2149
v 0.75 10.6213 -3.5355
v -0.75 10.6213 -3.5355
v -0.75 12.0355 -3.5355
v 0.75 12.0355 -3.5355
v 0.75 10.6213 -2.1213
v -0.75 10.6213 -2.1213
v -0.75 12.0355 -2.1213
v 0.75 12.0355 -2.1213
vt 0.6152 0.8545
vt 0.6367 0.8223
vt 0.6367 0.8545
vt 0.668 0.9297
vt 0.6367 0.9062
vt 0.668 0.9062
vt 0.6367 0.9189
vt 0.6152 0.9512
vt 0.6152 0.9189
vt 0.293 0.6689
vt 0.2734 0.6348
vt 0.2891 0.6348
vt 0.6367 0.875
vt 0.668 0.8438
vt 0.668 0.875
vt 0.5996 0.9204
vt 0.5996 0.9512
vt 0.6152 0.8589
vt 0.5996 0.8281
vt 0.6152 0.8281
vt 0.2188 0.6553
vt 0.2031 0.6758
vt 0.2031 0.6543
vt 0.668 0.9766
vt 0.6367 1
vt 0.6367 0.9766
vt 0.5996 0.8589
vt 0.5449 0.8535
vt 0.5664 0.8223
vt 0.5664 0.8535
vt 0.6152 0.8223
vt 0.5781 0.8223
vt 0.5781 0.8535
vt 0.5996 0.8223
vt 0.5996 0.8535
vt 0.6367 0.9512
vt 0.2031 0.6211
vt 0.2344 0.6182
vt 0.2031 0.6426
vt 0.5996 0.8594
vt 0.6152 0.8594
vt 0.6152 0.9204
vt 0.6367 0.9297
vt 0.2695 0.6689
vt 0.5449 0.8223
vt 0.2656 0.6211
vt 0.2656 0.6484
vt 0.6992 0.875
vt 0.0898 0.6406
vt 0.0625 0.6094
vt 0.0898 0.6094
vt 0.6152 0.8867
vt 0.6367 0.8867
vt 0.2344 0.6621
vt 0.25 0.6689
vt 0.2344 0.6895
vt 0.5996 0.8896
vt 0.6992 0.9297
vt 0.668 0.9531
vt 0.6367 0.8438
vt 0.2344 0.6074
vt 0.2656 0.5938
vt 0.2344 0.6348
vt 0.25 0.6143
vt 0.2344 0.624
vt 0.2344 0.6484
vt 0.6992 0.9062
vt 0.1445 0.6406
vt 0.1172 0.6094
vt 0.1445 0.6094
vt 0.2656 0.6758
vt 0.6152 0.8896
vt 0.2969 0.7031
vt 0.2656 0.7031
vt 0.2344 0.6787
vt 0.6992 0.9531
vt 0.6367 0.9531
vt 0.6992 1
vt 0.6992 0.9766
vt 0.6992 0.8438
vt 0.668 1
vt 0.5664 0.8398
vt 0.5781 0.8398
vt 0.1719 0.6094
vt 0.0625 0.6406
vt 0.1172 0.6406
vt 0.1719 0.6406
s 1
f 5569/1873 5478/1874 5600/1875
f 5622/1876 5519/1877 5546/1878
f 5611/1879 5507/1880 5583/1881
f 5547/1882 5512/1883 5491/1884
f 5536/1885 5538/1886 5565/1887
f 5569/1888 5504/1880 5482/1889
f 5598/1890 5502/1891 5481/1892
f 5570/1893 5491/1894 5492/1895
f 5621/1896 5520/1897 5587/1898
f 5612/1899 5485/1892 5606/1890
f 5508/1900 5513/1901 5509/1902
f 5594/1879 5487/1880 5571/1881
f 5573/1875 5485/1903 5480/1874
f 5492/1904 5489/1902 5493/1901
f 5506/1905 5511/1906 5507/1907
f 5502/1908 5580/1881 5608/1879
f 5512/1909 5534/1910 5513/1911
f 5589/1873 5483/1874 5585/1875
f 5513/1901 5506/1905 5509/1902
f 5507/1912 5490/1892 5486/1913
f 5619/1896 5517/1897 5604/1898
f 5582/1914 5488/1889 5594/1888
f 5583/1899 5486/1892 5572/1890
f 5580/1899 5484/1892 5567/1890
f 5604/1915 5538/1878 5616/1876
f 5589/1890 5501/1891 5479/1892
f 5552/1916 5511/1884 5548/1882
f 5490/1917 5489/1902 5486/1900
f 5491/1891 5508/1913 5487/1912
f 5534/1910 5586/1918 5535/1919
f 5528/1920 5541/1878 5561/1887
f 5503/1908 5592/1881 5575/1879
f 5491/1906 5488/1905 5492/1904
f 5582/1881 5508/1908 5509/1880
f 5592/1899 5480/1892 5568/1890
f 5586/1921 5495/1922 5588/1923
f 5602/1875 5530/1924 5595/1873
f 5591/1881 5522/1925 5567/1879
f 5490/1909 5551/1910 5493/1911
f 5613/1926 5614/1927 5547/1928
f 5597/1890 5544/1929 5605/1899
f 5574/1930 5564/1931 5620/1876
f 5546/1886 5540/1885 5521/1932
f 5551/1910 5552/1933 5494/1934
f 5584/1918 5527/1935 5577/1936
f 5526/1937 5551/1910 5494/1934
f 5605/1875 5524/1924 5598/1873
f 5513/1911 5534/1910 5615/1938
f 5579/1930 5538/1878 5497/1939
f 5599/1940 5539/1941 5584/1942
f 5588/1943 5547/1928 5614/1927
f 5563/1931 5578/1915 5618/1876
f 5591/1914 5554/1929 5542/1944
f 5552/1916 5515/1945 5494/1946
f 5511/1894 5558/1947 5548/1928
f 5534/1910 5559/1933 5516/1934
f 5515/1946 5548/1928 5558/1947
f 5572/1879 5543/1924 5525/1925
f 5553/1948 5618/1876 5607/1930
f 5617/1896 5529/1949 5562/1931
f 5593/1914 5557/1929 5543/1944
f 5555/1925 5581/1873 5609/1875
f 5558/1947 5599/1943 5515/1946
f 5597/1873 5556/1925 5532/1924
f 5514/1950 5619/1896 5590/1951
f 5561/1887 5520/1877 5540/1885
f 5613/1926 5491/1894 5570/1893
f 5519/1952 5561/1887 5546/1886
f 5535/1919 5615/1938 5534/1910
f 5493/1911 5526/1937 5492/1895
f 5564/1931 5579/1915 5620/1876
f 5587/1951 5562/1931 5537/1948
f 5596/1951 5540/1953 5621/1896
f 5581/1888 5523/1944 5600/1914
f 5576/1888 5525/1944 5573/1914
f 5595/1888 5522/1944 5585/1914
f 5509/1905 5489/1954 5488/1955
f 5577/1936 5526/1937 5494/1934
f 5571/1914 5556/1929 5524/1944
f 5601/1899 5555/1944 5549/1929
f 5565/1887 5517/1952 5550/1920
f 5560/1878 5550/1920 5514/1939
f 5560/1878 5536/1885 5565/1887
f 5495/1945 5559/1916 5547/1882
f 5612/1875 5533/1924 5576/1873
f 5596/1930 5546/1878 5521/1939
f 5623/1896 5545/1948 5574/1951
f 5623/1896 5553/1949 5566/1931
f 5601/1881 5523/1925 5568/1879
f 5485/1880 5568/1879 5480/1908
f 5514/1897 5623/1896 5560/1953
f 5496/1950 5623/1896 5574/1951
f 5566/1931 5596/1930 5545/1948
f 5503/1874 5576/1873 5498/1903
f 5503/1892 5601/1899 5485/1891
f 5487/1880 5610/1888 5571/1914
f 5500/1889 5585/1914 5483/1880
f 5498/1889 5573/1914 5480/1880
f 5478/1880 5581/1888 5600/1914
f 5596/1951 5564/1931 5545/1948
f 5541/1953 5587/1951 5520/1950
f 5536/1878 5579/1915 5497/1877
f 5527/1935 5613/1926 5570/1893
f 5590/1951 5563/1931 5553/1948
f 5505/1903 5603/1875 5597/1873
f 5504/1874 5581/1873 5499/1903
f 5489/1880 5611/1888 5593/1914
f 5518/1897 5617/1896 5541/1953
f 5519/1939 5618/1876 5528/1878
f 5486/1908 5593/1881 5572/1879
f 5481/1880 5608/1888 5591/1914
f 5528/1878 5578/1915 5518/1877
f 5539/1919 5588/1943 5614/1927
f 5494/1956 5599/1940 5584/1942
f 5537/1948 5616/1876 5579/1930
f 5484/1874 5598/1873 5481/1903
f 5494/1934 5584/1918 5577/1936
f 5574/1930 5536/1878 5496/1939
f 5505/1892 5605/1899 5484/1891
f 5539/1919 5613/1926 5527/1935
f 5481/1880 5567/1879 5484/1908
f 5501/1874 5595/1873 5500/1903
f 5539/1941 5586/1921 5588/1923
f 5531/1929 5568/1890 5523/1944
f 5532/1924 5610/1879 5582/1881
f 5575/1879 5531/1924 5555/1925
f 5542/1944 5602/1899 5589/1890
f 5562/1931 5604/1915 5616/1876
f 5530/1929 5567/1890 5522/1944
f 5533/1929 5572/1890 5525/1944
f 5532/1944 5594/1888 5544/1929
f 5619/1896 5529/1949 5563/1931
f 5542/1924 5585/1875 5522/1925
f 5554/1925 5580/1881 5530/1924
f 5525/1925 5606/1873 5573/1875
f 5544/1925 5571/1881 5524/1924
f 5543/1944 5612/1899 5606/1890
f 5621/1896 5537/1949 5564/1931
f 5524/1944 5603/1899 5598/1890
f 5549/1929 5609/1914 5569/1888
f 5557/1925 5583/1881 5533/1924
f 5566/1931 5607/1915 5622/1876
f 5549/1924 5600/1875 5523/1925
f 5569/1873 5482/1903 5478/1874
f 5622/1876 5607/1915 5519/1877
f 5611/1879 5506/1908 5507/1880
f 5547/1882 5559/1916 5512/1883
f 5536/1885 5497/1932 5538/1886
f 5569/1888 5609/1914 5504/1880
f 5598/1890 5603/1899 5502/1891
f 5526/1937 5527/1935 5492/1895
f 5527/1935 5570/1893 5492/1895
f 5621/1896 5540/1953 5520/1897
f 5612/1899 5503/1891 5485/1892
f 5508/1900 5512/1917 5513/1901
f 5594/1879 5488/1908 5487/1880
f 5573/1875 5606/1873 5485/1903
f 5492/1904 5488/1905 5489/1902
f 5506/1905 5510/1904 5511/1906
f 5502/1908 5505/1880 5580/1881
f 5512/1909 5559/1933 5534/1910
f 5589/1873 5479/1903 5483/1874
f 5513/1901 5510/1904 5506/1905
f 5507/1912 5511/1891 5490/1892
f 5619/1896 5550/1953 5517/1897
f 5582/1914 5509/1880 5488/1889
f 5583/1899 5507/1891 5486/1892
f 5580/1899 5505/1891 5484/1892
f 5604/1915 5517/1877 5538/1878
f 5589/1890 5602/1899 5501/1891
f 5552/1916 5490/1883 5511/1884
f 5490/1917 5493/1901 5489/1902
f 5491/1891 5512/1892 5508/1913
f 5534/1910 5516/1934 5586/1918
f 5528/1920 5518/1939 5541/1878
f 5503/1908 5498/1880 5592/1881
f 5491/1906 5487/1907 5488/1905
f 5582/1881 5610/1879 5508/1908
f 5592/1899 5498/1891 5480/1892
f 5586/1921 5516/1957 5495/1922
f 5602/1875 5554/1925 5530/1924
f 5591/1881 5542/1924 5522/1925
f 5490/1909 5552/1933 5551/1910
f 5597/1890 5532/1944 5544/1929
f 5574/1930 5545/1948 5564/1931
f 5546/1886 5561/1887 5540/1885
f 5584/1918 5539/1919 5527/1935
f 5605/1875 5544/1925 5524/1924
f 5615/1938 5558/1947 5510/1895
f 5510/1895 5513/1911 5615/1938
f 5579/1930 5616/1876 5538/1878
f 5599/1940 5535/1958 5539/1941
f 5588/1943 5495/1946 5547/1928
f 5563/1931 5529/1949 5578/1915
f 5591/1914 5608/1888 5554/1929
f 5552/1916 5548/1882 5515/1945
f 5511/1894 5510/1895 5558/1947
f 5572/1879 5593/1881 5543/1924
f 5553/1948 5563/1931 5618/1876
f 5617/1896 5578/1898 5529/1949
f 5593/1914 5611/1888 5557/1929
f 5555/1925 5531/1924 5581/1873
f 5558/1947 5535/1919 5599/1943
f 5597/1873 5603/1875 5556/1925
f 5514/1950 5550/1953 5619/1896
f 5561/1887 5541/1878 5520/1877
f 5613/1926 5547/1928 5491/1894
f 5519/1952 5528/1920 5561/1887
f 5535/1919 5558/1947 5615/1938
f 5493/1911 5551/1910 5526/1937
f 5564/1931 5537/1949 5579/1915
f 5587/1951 5617/1896 5562/1931
f 5596/1951 5521/1950 5540/1953
f 5581/1888 5531/1929 5523/1944
f 5576/1888 5533/1929 5525/1944
f 5595/1888 5530/1929 5522/1944
f 5509/1905 5506/1902 5489/1954
f 5577/1936 5527/1935 5526/1937
f 5571/1914 5610/1888 5556/1929
f 5601/1899 5575/1890 5555/1944
f 5565/1887 5538/1886 5517/1952
f 5560/1878 5565/1887 5550/1920
f 5560/1878 5496/1877 5536/1885
f 5495/1945 5516/1946 5559/1916
f 5612/1875 5557/1925 5533/1924
f 5596/1930 5622/1876 5546/1878
f 5623/1896 5566/1931 5545/1948
f 5623/1896 5590/1898 5553/1949
f 5601/1881 5549/1924 5523/1925
f 5485/1880 5601/1881 5568/1879
f 5514/1897 5590/1898 5623/1896
f 5496/1950 5560/1953 5623/1896
f 5566/1931 5622/1876 5596/1930
f 5503/1874 5612/1875 5576/1873
f 5503/1892 5575/1890 5601/1899
f 5487/1880 5508/1889 5610/1888
f 5500/1889 5595/1888 5585/1914
f 5498/1889 5576/1888 5573/1914
f 5478/1880 5499/1889 5581/1888
f 5596/1951 5621/1896 5564/1931
f 5541/1953 5617/1896 5587/1951
f 5536/1878 5620/1876 5579/1915
f 5590/1951 5619/1896 5563/1931
f 5505/1903 5502/1874 5603/1875
f 5504/1874 5609/1875 5581/1873
f 5489/1880 5506/1889 5611/1888
f 5518/1897 5578/1898 5617/1896
f 5519/1939 5607/1930 5618/1876
f 5486/1908 5489/1880 5593/1881
f 5481/1880 5502/1889 5608/1888
f 5528/1878 5618/1876 5578/1915
f 5494/1956 5515/1959 5599/1940
f 5537/1948 5562/1931 5616/1876
f 5484/1874 5605/1875 5598/1873
f 5574/1930 5620/1876 5536/1878
f 5505/1892 5597/1890 5605/1899
f 5539/1919 5614/1927 5613/1926
f 5481/1880 5591/1881 5567/1879
f 5501/1874 5602/1875 5595/1873
f 5539/1941 5535/1958 5586/1921
f 5531/1929 5592/1899 5568/1890
f 5532/1924 5556/1925 5610/1879
f 5575/1879 5592/1881 5531/1924
f 5542/1944 5554/1929 5602/1899
f 5562/1931 5529/1949 5604/1915
f 5530/1929 5580/1899 5567/1890
f 5533/1929 5583/1899 5572/1890
f 5532/1944 5582/1914 5594/1888
f 5619/1896 5604/1898 5529/1949
f 5542/1924 5589/1873 5585/1875
f 5554/1925 5608/1879 5580/1881
f 5525/1925 5543/1924 5606/1873
f 5544/1925 5594/1879 5571/1881
f 5543/1944 5557/1929 5612/1899
f 5621/1896 5587/1898 5537/1949
f 5524/1944 5556/1929 5603/1899
f 5549/1929 5555/1944 5609/1914
f 5557/1925 5611/1879 5583/1881
f 5566/1931 5553/1949 5607/1915
f 5549/1924 5569/1873 5600/1875
