o Bayonet
v -0.125 0.0625 5
v -0.125 0.3125 5
v -0.125 0.0625 4.25
v -0.125 0.3125 4.25
v 0.125 0.0625 5
v 0.125 0.3125 5
v 0.125 0.0625 4.25
v 0.125 0.3125 4.25
v -0.0625 0.4375 5
v -0.0625 0.4375 4.25
v 0.0625 0.4375 4.25
v 0.0625 0.4375 5
v -0.0625 -0.0625 4.25
v -0.0625 -0.0625 5
v 0.0625 -0.0625 4.25
v 0.0625 -0.0625 5
v -0.25 -0.125 7.625
v 0.25 -0.125 7.625
v -0.25 0.5 7.625
v 0.25 0.5 7.625
v -0.125 0.8125 7.625
v 0.125 0.8125 7.625
v -0.125 -0.4375 7.625
v 0.125 -0.4375 7.625
v -0.25 0.5 7.75
v -0.25 -0.125 7.75
v 0.25 -0.125 7.75
v 0.25 0.5 7.75
v 0.125 0.8125 7.75
v -0.125 0.8125 7.75
v -0.125 -0.4375 7.75
v 0.125 -0.4375 7.75
v -0.1875 0 5.5
v -0.1875 0.375 5.5
v 0.1875 0 5.5
v 0.1875 0.375 5.5
v -0.0625 0.5625 5.5
v 0.0625 0.5625 5.5
v -0.0625 -0.1875 5.5
v 0.0625 -0.1875 5.5
v -0.1875 0 7.125
v -0.1875 0.375 7.125
v 0.1875 0 7.125
v 0.1875 0.375 7.125
v -0.0625 0.5625 7.125
v 0.0625 0.5625 7.125
v -0.0625 -0.1875 7.125
v 0.0625 -0.1875 7.125
v -0.0625 0.25 7.75
v -0.0625 0.125 7.75
v 0.0625 0.25 7.75
v 0.0625 0.125 7.75
v 0 -0.125 7.75
v 0 0.5 7.75
v -0.125 0.0625 7.625
v -0.125 0.3125 7.625
v 0.125 0.0625 7.625
v 0.125 0.3125 7.625
v -0.0625 0.4375 7.625
v 0.0625 0.4375 7.625
v -0.0625 -0.0625 7.625
v 0.0625 -0.0625 7.625
v -0.0625 0.25 10.5
v -0.0625 0.125 10.5
v 0.0625 0.25 10.5
v 0.0625 0.125 10.5
v 0 -0.125 10.5
v 0 0.5 10.5
v 0 0.1875 11.5
v 0.0625 0.5625 6.3125
v 0.1875 0.375 6.3125
v 0.0625 -0.1875 6.3125
v -0.0625 0.5625 6.3125
v -0.1875 0.375 6.3125
v 0.1875 0 6.3125
v -0.1875 0 6.3125
v -0.0625 -0.1875 6.3125
v 0 0.5 9.125
v 0.0625 0.25 9.125
v 0.0625 0.125 9.125
v 0 -0.125 9.125
v -0.0625 0.125 9.125
v -0.0625 0.25 9.125
vt 0.4359 0.875
vt 0.7179 0.9167
vt 0.4359 0.9167
vt 0.0769 0.9167
vt 0 0.8125
vt 0.1026 0.8125
vt 0.0769 0.5
vt 0 0.6042
vt 0.0256 0.5
vt 0.1026 0.1042
vt 0.1282 0
vt 0.1282 0.1042
vt 0.9615 0.25
vt 0.9231 0.2083
vt 0.9744 0.2083
vt 0.7179 0.6667
vt 1 0.5833
vt 1 0.6667
vt 0.7179 0.875
vt 0.7179 0.7917
vt 1 0.7917
vt 0.7179 1
vt 1 0.9167
vt 1 1
vt 0.4359 0.7083
vt 0.7179 0.7083
vt 0.2051 0.9167
vt 0.1282 0.8125
vt 0.2308 0.8125
vt 0.5 0.5833
vt 0.6667 0.5208
vt 0.6667 0.5833
vt 0.1026 0.6042
vt 0.1026 0.5
vt 0.1282 0.5
vt 0.5 0.2292
vt 0.6667 0.1042
vt 0.6667 0.2292
vt 0.3333 0.3958
vt 0.5 0.3333
vt 0.5 0.3958
vt 0.9615 0.0833
vt 0.9231 0.125
vt 0.9359 0.0833
vt 1 0.875
vt 0.3333 0.2917
vt 0.3333 0.2292
vt 0.5 0.5208
vt 0.6667 0.3958
vt 0.6667 0.3333
vt 0.7684 0.2928
vt 0.7684 0.3337
vt 0.3333 0.1042
vt 0.5 0.0417
vt 0.5 0.1042
vt 0.3333 0.3333
vt 0.5 0.2917
vt 0.7692 0.375
vt 0.9231 0.4167
vt 0.7692 0.4167
vt 0.1282 0.6042
vt 0.7692 0.5
vt 0.6667 0.0417
vt 0.7692 -0
vt 0.7692 0.0417
vt 0.2051 0.5
vt 0.1538 0.5
vt 0.7692 0.25
vt 0.7692 0.2083
vt 0.2308 0.2083
vt 0.4359 0.7917
vt 0.9744 0.125
vt 0.9231 0.25
vt 0.3333 0.0417
vt 0.5 0
vt 0.3333 0.5833
vt 0.2308 -0
vt 0.2308 0.0417
vt 0.9194 0.2928
vt 0.9194 0.3337
vt 0.1026 0.9167
vt 0.1282 0.9167
vt 0.7692 0.0833
vt 0.9231 0.5417
vt 0.9231 0.5
vt 0.2308 0.5417
vt 0.3333 0.5208
vt 0.1026 0.4167
vt 0.1282 0.3125
vt 0.1282 0.4167
vt 0.9231 -0
vt 0.9231 0.0417
vt 0.2308 0.6042
vt 0.7692 0.125
vt 0.7692 0.5417
vt 0.2308 0.375
vt 0.1026 1
vt 0.1282 1
vt 0.2308 0.0833
vt 0.2308 0.5
vt 0.2308 0.25
vt 0.1026 0.3125
vt 0.2308 0.2917
vt 0.2308 0.3333
vt 0.4359 0.6667
vt 0.7179 0.5833
vt 0.4359 1
vt 0.2308 0.8958
vt 0.4359 0.5833
vt 0.2308 0.6875
vt 0.2308 0.125
vt 0.6667 0.2917
vt 0.3333 -0
vt 0.6667 -0
vt 1 0.7083
vt 0.1026 0
vt 0.1538 0.9167
vt 0.0256 0.9167
vt 0.9359 0.25
vt 0.9231 0.375
vt 0.9231 0.0833
vt 0.2308 0.4167
s 1
f 63/1 82/2 64/3
f 29/4 25/5 28/6
f 32/7 26/8 31/9
f 25/10 21/11 19/12
f 10/13 8/14 4/15
f 80/16 53/17 52/18
f 83/19 78/20 54/21
f 81/22 50/23 53/24
f 65/25 80/16 79/26
f 21/27 20/28 19/29
f 77/30 33/31 39/32
f 27/33 32/34 24/35
f 71/36 35/37 36/38
f 42/39 73/40 74/41
f 13/42 7/43 15/44
f 83/19 54/21 49/45
f 46/46 44/47 71/36
f 76/48 34/49 33/31
f 37/50 12/51 9/52
f 43/53 72/54 75/55
f 45/56 70/57 73/40
f 9/58 4/59 2/60
f 27/33 24/35 18/61
f 4/59 1/62 2/60
f 46/46 71/36 70/57
f 40/63 14/64 16/65
f 23/66 18/61 24/67
f 12/68 36/38 6/69
f 33/31 2/60 1/62
f 58/70 43/53 44/47
f 68/71 79/26 78/20
f 4/15 7/43 3/72
f 11/73 6/69 8/14
f 48/74 77/75 72/54
f 47/76 76/48 77/30
f 61/77 48/74 62/78
f 9/52 11/79 10/80
f 29/81 20/28 22/82
f 44/47 75/55 71/36
f 16/83 35/37 40/63
f 13/84 1/62 3/85
f 61/86 41/87 47/76
f 31/88 17/89 23/90
f 41/87 74/41 76/48
f 16/65 13/91 15/92
f 19/29 18/61 17/93
f 28/6 26/8 27/33
f 6/69 7/43 8/14
f 16/83 7/43 5/94
f 63/1 78/20 83/19
f 14/95 33/31 1/62
f 42/39 59/96 45/56
f 30/97 22/82 21/98
f 9/58 34/49 37/50
f 36/38 5/94 6/69
f 43/53 62/99 48/74
f 55/100 42/39 41/87
f 44/47 60/101 58/70
f 26/102 19/12 17/89
f 60/103 45/56 59/104
f 32/34 23/90 24/35
f 28/6 18/61 20/28
f 66/105 81/106 80/16
f 67/107 82/2 81/22
f 69/108 64/3 67/107
f 67/109 66/105 69/110
f 66/105 65/25 69/110
f 65/25 68/71 69/110
f 68/71 63/1 69/108
f 64/3 69/108 63/1
f 47/76 41/87 76/48
f 58/70 57/111 43/53
f 16/83 5/94 35/37
f 9/52 12/51 11/79
f 37/50 38/112 12/51
f 61/77 47/113 48/74
f 12/68 38/112 36/38
f 11/73 12/68 6/69
f 72/54 39/114 40/63
f 78/20 51/115 54/21
f 25/10 30/116 21/11
f 32/7 27/33 26/8
f 13/42 3/72 7/43
f 76/48 74/41 34/49
f 43/53 48/74 72/54
f 77/30 76/48 33/31
f 61/86 55/100 41/87
f 81/22 82/2 50/23
f 29/81 28/6 20/28
f 45/56 46/46 70/57
f 4/15 8/14 7/43
f 63/1 83/19 82/2
f 48/74 47/113 77/75
f 79/26 52/18 51/115
f 44/47 43/53 75/55
f 23/66 17/93 18/61
f 33/31 34/49 2/60
f 4/59 3/85 1/62
f 40/63 39/114 14/64
f 68/71 65/25 79/26
f 13/84 14/95 1/62
f 21/27 22/117 20/28
f 29/4 30/118 25/5
f 73/40 38/112 37/50
f 71/36 75/55 35/37
f 70/57 36/38 38/112
f 10/13 11/119 8/14
f 74/41 37/50 34/49
f 80/16 81/106 53/17
f 75/55 40/63 35/37
f 65/25 66/105 80/16
f 42/39 45/56 73/40
f 9/58 10/120 4/59
f 31/88 26/102 17/89
f 41/87 42/39 74/41
f 16/65 14/64 13/91
f 83/19 50/23 82/2
f 19/29 20/28 18/61
f 28/6 25/5 26/8
f 6/69 5/94 7/43
f 16/83 15/121 7/43
f 63/1 68/71 78/20
f 14/95 39/32 33/31
f 42/39 56/122 59/96
f 30/97 29/81 22/82
f 9/58 2/60 34/49
f 36/38 35/37 5/94
f 43/53 57/111 62/99
f 55/100 56/122 42/39
f 44/47 46/46 60/101
f 26/102 25/10 19/12
f 60/103 46/46 45/56
f 32/34 31/88 23/90
f 28/6 27/33 18/61
f 66/105 67/109 81/106
f 67/107 64/3 82/2
f 72/54 77/75 39/114
f 78/20 79/26 51/115
f 79/26 80/16 52/18
f 73/40 70/57 38/112
f 70/57 71/36 36/38
f 74/41 73/40 37/50
f 75/55 72/54 40/63
f 83/19 49/45 50/23
o Bullet
v 0 1 0.1875
v -0.0625 0.9833 0.1875
v -0.1083 0.9375 0.1875
v -0.125 0.875 0.1875
v -0.1083 0.8125 0.1875
v -0.0625 0.7667 0.1875
v 0 0.75 0.1875
v 0.0625 0.7667 0.1875
v 0.1083 0.8125 0.1875
v 0.125 0.875 0.1875
v 0.1083 0.9375 0.1875
v 0.0625 0.9833 0.1875
v 0 1 0.8125
v -0.0625 0.9833 0.8125
v -0.1083 0.9375 0.8125
v -0.125 0.875 0.8125
v -0.1083 0.8125 0.8125
v -0.0625 0.7667 0.8125
v 0 0.75 0.8125
v 0.0625 0.7667 0.8125
v 0.1083 0.8125 0.8125
v 0.125 0.875 0.8125
v 0.1083 0.9375 0.8125
v 0.0625 0.9833 0.8125
v 0 0.9688 1
v -0.0469 0.9562 1
v -0.0812 0.9219 1
v -0.0938 0.875 1
v -0.0812 0.8281 1
v -0.0469 0.7938 1
v 0 0.7812 1
v 0.0469 0.7938 1
v 0.0812 0.8281 1
v 0.0938 0.875 1
v 0.0812 0.9219 1
v 0.0469 0.9562 1
v 0 0.9062 1.0625
v -0.0156 0.9021 1.0625
v -0.0271 0.8906 1.0625
v -0.0312 0.875 1.0625
v -0.0271 0.8594 1.0625
v -0.0156 0.8479 1.0625
v 0 0.8438 1.0625
v 0.0156 0.8479 1.0625
v 0.0271 0.8594 1.0625
v 0.0312 0.875 1.0625
v 0.0271 0.8906 1.0625
v 0.0156 0.9021 1.0625
vt 0.0517 0.829
vt 0.0546 0.829
vt 0.0532 0.8364
vt 0.1198 0.8586
vt 0.1172 0.8664
vt 0.1073 0.8586
vt 0.1136 0.8693
vt 0.1099 0.8664
vt 0.1063 0.8478
vt 0.1073 0.8371
vt 0.1099 0.8292
vt 0.1136 0.8264
vt 0.1172 0.8292
vt 0.1198 0.8371
vt 0.1208 0.8478
vt 0.0696 0.8913
vt 0.0696 0.8804
vt 0.1062 0.8804
vt 0.0696 0.8478
vt 0.1062 0.837
vt 0.1062 0.8478
vt 0.1062 0.8913
vt 0.0696 0.913
vt 0.1062 0.9022
vt 0.1062 0.913
vt 0.0586 0.8804
vt 0.0696 0.8696
vt 0.0696 0.9022
vt 0.1062 0.8696
vt 0.0696 0.9239
vt 0.1062 0.9239
vt 0.0696 0.9348
vt 0.1062 0.9348
vt 0.0696 0.9457
vt 0.1062 0.9457
vt 0.0696 0.837
vt 0.1062 0.8261
vt 0.0696 0.9565
vt 0.1062 0.9565
vt 0.0696 0.8587
vt 0.1062 0.8587
vt 0.0586 0.9022
vt 0.0549 0.8804
vt 0.0586 0.8696
vt 0.0586 0.8587
vt 0.0586 0.9565
vt 0.0586 0.8261
vt 0.0696 0.8261
vt 0.0586 0.9239
vt 0.0586 0.913
vt 0.0586 0.8478
vt 0.0586 0.9348
vt 0.0549 0.9022
vt 0.0549 0.9239
vt 0.0549 0.8478
vt 0.0586 0.837
vt 0.0549 0.8261
vt 0.0549 0.8587
vt 0.0549 0.8913
vt 0.0586 0.9457
vt 0.0549 0.9348
vt 0.0549 0.9565
vt 0.0586 0.8913
vt 0.0532 0.8266
vt 0.0549 0.837
vt 0.0549 0.8696
vt 0.0549 0.9457
vt 0.0549 0.913
vt 0.0523 0.8357
vt 0.0517 0.8339
vt 0.0515 0.8315
vt 0.0523 0.8272
vt 0.054 0.8272
vt 0.0548 0.8315
vt 0.0546 0.8339
vt 0.054 0.8357
s 1
f 124/123 128/124 120/125
f 86/126 85/127 94/128
f 85/127 84/129 94/128
f 84/129 95/130 94/128
f 94/128 93/131 92/132
f 92/132 91/133 90/134
f 90/134 89/135 88/136
f 88/136 87/137 90/134
f 87/137 86/126 90/134
f 96/138 107/139 95/140
f 104/141 91/142 92/143
f 96/138 95/140 84/144
f 98/145 85/146 86/147
f 119/148 106/149 107/139
f 97/150 84/144 85/146
f 107/139 94/151 95/140
f 99/152 86/147 87/153
f 100/154 87/153 88/155
f 101/156 88/155 89/157
f 103/158 90/159 91/142
f 102/160 89/157 90/161
f 105/162 92/143 93/163
f 98/145 109/164 97/150
f 131/165 118/166 119/148
f 106/149 117/167 105/162
f 114/168 101/156 102/160
f 103/158 114/169 102/170
f 100/154 111/171 99/152
f 98/145 111/171 110/172
f 109/164 96/138 97/150
f 105/162 116/173 104/141
f 116/173 103/158 104/141
f 96/138 119/148 107/139
f 101/156 112/174 100/154
f 110/172 121/175 109/164
f 112/174 123/176 111/171
f 128/177 115/178 116/173
f 123/176 110/172 111/171
f 115/178 126/179 114/169
f 92/132 86/126 94/128
f 129/180 116/173 117/167
f 119/148 120/181 131/165
f 118/166 129/180 117/167
f 113/182 124/183 112/174
f 126/184 113/182 114/168
f 109/164 120/181 108/185
f 124/123 126/186 128/124
f 115/178 127/187 126/179
f 118/166 130/188 129/180
f 126/184 125/189 113/182
f 128/177 127/187 115/178
f 123/176 122/190 110/172
f 109/164 121/175 120/181
f 119/148 108/185 120/181
f 113/182 125/189 124/183
f 106/149 105/162 93/163
f 92/132 90/134 86/126
f 129/180 128/177 116/173
f 101/156 113/182 112/174
f 106/149 118/166 117/167
f 96/138 108/185 119/148
f 98/145 99/152 111/171
f 100/154 112/174 111/171
f 105/162 117/167 116/173
f 116/173 115/178 103/158
f 103/158 115/178 114/169
f 109/164 108/185 96/138
f 112/174 124/183 123/176
f 114/168 113/182 101/156
f 110/172 122/190 121/175
f 98/145 110/172 109/164
f 99/152 98/145 86/147
f 105/162 104/141 92/143
f 119/148 118/166 106/149
f 101/156 100/154 88/155
f 98/145 97/150 85/146
f 97/150 96/138 84/144
f 100/154 99/152 87/153
f 107/139 106/149 94/151
f 131/165 130/188 118/166
f 103/158 102/170 90/159
f 102/160 101/156 89/157
f 120/125 121/191 124/123
f 121/191 122/192 124/123
f 122/192 123/193 124/123
f 124/123 125/194 126/186
f 126/186 127/195 128/124
f 128/124 129/196 130/197
f 130/197 131/198 128/124
f 131/198 120/125 128/124
f 104/141 103/158 91/142
f 106/149 93/163 94/151
o Gun
v 0 1.1875 4.375
v 0 1.1875 8
v 0.0938 1.1624 4.375
v 0.0938 1.1624 8
v 0.1624 1.0938 4.375
v 0.1624 1.0938 8
v 0.1875 1 4.375
v 0.1875 1 8
v 0.1624 0.9062 4.375
v 0.1624 0.9063 8
v 0.0938 0.8376 4.375
v 0.0938 0.8376 8
v 0 0.8125 4.375
v 0 0.8125 8
v -0.0938 0.8376 4.375
v -0.0938 0.8376 8
v -0.1624 0.9062 4.375
v -0.1624 0.9063 8
v -0.1875 1 4.375
v -0.1875 1 8
v -0.1624 1.0938 4.375
v -0.1624 1.0938 8
v -0.0938 1.1624 4.375
v -0.0938 1.1624 8
v 0 1.125 8
v -0.0625 1.1083 8
v -0.1083 1.0625 8
v -0.125 1 8
v -0.1083 0.9375 8
v -0.0625 0.8917 8
v 0 0.875 8
v 0.0625 0.8917 8
v 0.1083 0.9375 8
v 0.125 1 8
v 0.1083 1.0625 8
v 0.0625 1.1083 8
v -0.0625 1.1083 7
v 0 1.125 7
v -0.1083 1.0625 7
v -0.125 1 7
v -0.1083 0.9375 7
v -0.0625 0.8917 7
v 0 0.875 7
v 0.0625 0.8917 7
v 0.1083 0.9375 7
v 0.125 1 7
v 0.1083 1.0625 7
v 0.0625 1.1083 7
v -0.125 0.25 3.375
v -0.125 0.25 3.625
v 0.125 0.25 3.375
v 0.125 0.25 3.625
v 0.125 0.375 3.625
v 0.125 0.3125 3.375
v -0.125 0.375 3.625
v -0.125 0.3125 3.375
v -0.3125 1.125 3.375
v -0.3125 0.4375 3.375
v -0.3125 1.125 3.625
v -0.3125 0.4375 3.625
v -0.0625 1.375 3.375
v 0.0625 1.375 3.375
v -0.125 1.4375 3.375
v 0.125 1.4375 3.375
v -0.0625 1.375 3.625
v 0.0625 1.375 3.625
v -0.125 1.4375 3.625
v 0.125 1.4375 3.625
v 0.3125 1.125 3.375
v 0.3125 0.4375 3.375
v 0.3125 1.125 3.625
v 0.3125 0.4375 3.625
v -0.0625 1.3125 3.375
v 0.0625 1.3125 3.375
v -0.125 1.375 3.375
v -0.25 1.125 3.375
v -0.25 0.4375 3.375
v 0.25 1.125 3.375
v 0.125 1.375 3.375
v -0.0625 1.3125 3.625
v 0.25 0.4375 3.375
v 0.0625 1.3125 3.625
v -0.125 1.375 3.625
v -0.25 1.125 3.625
v 0.25 0.4375 2.375
v 0.125 1.375 2.375
v 0.25 1.125 2.375
v -0.25 0.4375 2.375
v -0.25 1.125 2.375
v -0.125 1.375 2.375
v 0.0625 1.3125 2.375
v 0.25 0.4375 1.875
v -0.0625 1.3125 2.375
v 0.125 1.375 1.875
v 0.25 1.125 1.875
v -0.25 0.4375 1.875
v -0.25 1.125 1.875
v -0.125 1.375 1.875
v 0.0625 1.3125 1.875
v -0.0625 1.3125 1.875
v 0.3125 0.4375 2.375
v 0.3125 1.125 2.375
v 0.3125 0.4375 1.875
v 0.3125 1.125 1.875
v 0.125 1.4375 2.375
v -0.125 1.4375 2.375
v 0.0625 1.375 2.375
v -0.0625 1.375 2.375
v 0.125 1.4375 1.875
v -0.125 1.4375 1.875
v 0.0625 1.375 1.875
v -0.0625 1.375 1.875
v -0.3125 0.4375 2.375
v -0.3125 1.125 2.375
v -0.3125 0.4375 1.875
v -0.3125 1.125 1.875
v -0.25 0.4375 -0.5
v -0.125 0.3125 -0.5
v 0.125 0.3125 -0.5
v 0.25 0.4375 -0.5
v -0.125 1.0625 -1
v -0.25 0.9375 -1
v 0.25 0.9375 -1
v 0.125 1.0625 -1
v -0.125 0.3125 -1.75
v -0.25 0.4375 -1.75
v 0.25 0.4375 -1.75
v 0.125 0.3125 -1.75
v -0.25 0.9375 -1.75
v -0.125 1.0625 -1.75
v 0.125 1.0625 -1.75
v 0.25 0.9375 -1.75
v 0 1.125 1.4375
v -0.0625 1.1083 1.4375
v -0.1083 1.0625 1.4375
v -0.125 1 1.4375
v -0.1083 0.9375 1.4375
v -0.0625 0.8917 1.4375
v 0 0.875 1.4375
v 0.0625 0.8917 1.4375
v 0.1083 0.9375 1.4375
v 0.125 1 1.4375
v 0.1083 1.0625 1.4375
v 0.0625 1.1083 1.4375
v -0.0938 1.1624 1.4375
v -0.1624 1.0938 1.4375
v -0.1875 1 1.4375
v -0.1624 0.9062 1.4375
v -0.0938 0.8376 1.4375
v 0 0.8125 1.4375
v 0.0938 0.8376 1.4375
v 0.1624 0.9062 1.4375
v 0.1875 1 1.4375
v 0.1624 1.0938 1.4375
v 0.0938 1.1624 1.4375
v 0 1.1875 1.4375
v 0 1.125 1.9375
v -0.0625 1.1083 1.9375
v -0.1083 1.0625 1.9375
v -0.125 1 1.9375
v -0.1083 0.9375 1.9375
v -0.0625 0.8917 1.9375
v 0 0.875 1.9375
v 0.0625 0.8917 1.9375
v 0.1083 0.9375 1.9375
v 0.125 1 1.9375
v 0.1083 1.0625 1.9375
v 0.0625 1.1083 1.9375
v -0.0938 1.1624 1.5625
v -0.1624 1.0938 1.5625
v -0.1875 1 1.5625
v -0.1624 0.9062 1.5625
v -0.0938 0.8376 1.5625
v 0 0.8125 1.5625
v 0.0938 0.8376 1.5625
v 0.1624 0.9062 1.5625
v 0.1875 1 1.5625
v 0.1624 1.0938 1.5625
v 0.0938 1.1624 1.5625
v 0 1.1875 1.5625
v -0.25 0.5 3.625
v 0.25 1.125 3.625
v 0.125 1.375 3.625
v 0.25 0.5 3.625
v 0.3125 1 1.625
v 0.3125 1 -1
v 0.3125 0.875 1.625
v 0.3125 0.625 1.375
v 0.3125 0.375 1.375
v 0.1875 0.25 1.375
v -0.1875 0.25 1.375
v -0.3125 0.375 1.375
v -0.3125 0.625 1.375
v -0.3125 0.875 1.625
v -0.3125 1 1.625
v -0.3125 1 -1
v 0.3125 0.625 -0.75
v 0.3125 0.375 -0.75
v 0.1875 0.25 -0.75
v -0.1875 0.25 -0.75
v -0.3125 0.375 -0.75
v -0.3125 0.625 -0.75
v 0.25 1 1.625
v 0.25 0.875 1.625
v 0.25 0.625 1.375
v 0.25 0.4375 1.375
v -0.25 0.4375 1.375
v -0.25 0.625 1.375
v -0.25 0.875 1.625
v -0.25 1 1.625
v 0.125 0.3125 1.375
v -0.125 0.3125 1.375
v 0.1875 1 1.625
v -0.1875 1 1.625
v 0.1875 1 0.125
v -0.1875 1 0.125
v 0 1.25 0.125
v -0.125 1.2165 0.125
v -0.2165 1.125 0.125
v -0.25 1 0.125
v -0.2165 0.875 0.125
v -0.125 0.7835 0.125
v 0 0.75 0.125
v 0.125 0.7835 0.125
v 0.2165 0.875 0.125
v 0.25 1 0.125
v 0.2165 1.125 0.125
v 0.125 1.2165 0.125
v -0.125 1.2165 -0.125
v 0 1.25 -0.125
v -0.2165 1.125 -0.125
v -0.25 1 -0.125
v 0.25 1 -0.125
v 0.2165 1.125 -0.125
v 0.125 1.2165 -0.125
v -0.1875 1 1.4375
v -0.1624 0.9062 1.4375
v -0.0938 0.8376 1.4375
v 0 0.8125 1.4375
v 0.0938 0.8376 1.4375
v 0.1624 0.9062 1.4375
v 0.1875 1 1.4375
v -0.1875 1 0.125
v -0.1624 0.9062 0.125
v -0.0938 0.8376 0.125
v 0 0.8125 0.125
v 0.0938 0.8376 0.125
v 0.1624 0.9062 0.125
v 0.1875 1 0.125
v -0.25 1 7.875
v -0.2165 0.875 7.875
v -0.125 0.7835 7.875
v 0 0.75 7.875
v 0.125 0.7835 7.875
v 0.2165 0.875 7.875
v 0.25 1 7.875
v 0 1.25 6.125
v -0.125 1.2165 6.125
v -0.2165 1.125 6.125
v -0.25 1 6.125
v -0.2165 0.875 6.125
v -0.125 0.7835 6.125
v 0 0.75 6.125
v 0.125 0.7835 6.125
v 0.2165 0.875 6.125
v 0.25 1 6.125
v 0.2165 1.125 6.125
v 0.125 1.2165 6.125
v -0.25 1 7.5
v -0.2165 0.875 7.5
v -0.125 0.7835 7.5
v 0 0.75 7.5
v 0.125 0.7835 7.5
v 0.2165 0.875 7.5
v 0.25 1 7.5
v 0.2165 1.125 5.25
v 0.25 1 5.375
v 0.2165 0.875 5.5
v -0.125 1.375 7.5
v 0.125 1.375 7.5
v 0.125 1.375 7.875
v -0.125 1.375 7.875
v 0.1875 1.375 7.875
v 0.1875 1.375 7.5
v -0.1875 1.375 7.875
v -0.1875 1.375 7.5
v 0.1875 1 7.875
v 0.1624 0.9063 7.875
v 0.0938 0.8376 7.875
v 0 0.8125 7.875
v -0.0938 0.8376 7.875
v -0.1624 0.9063 7.875
v -0.1875 1 7.875
v 0.1875 1 7.5
v 0.1624 0.9063 7.5
v 0.0938 0.8376 7.5
v 0 0.8125 7.5
v -0.0938 0.8376 7.5
v -0.1624 0.9063 7.5
v -0.1875 1 7.5
v 0.125 0.7835 5.5
v 0 0.75 5.5
v -0.125 0.7835 5.5
v -0.2165 0.875 5.5
v -0.25 1 5.375
v -0.2165 1.125 5.25
v -0.3125 1.6916 7.8814
v -0.3125 1.6916 7.5064
v 0.25 1.6875 7.875
v 0.3125 1.6875 7.875
v 0.3125 1.6875 7.5
v 0.25 1.6875 7.5
v -0.25 1.6916 7.5064
v -0.25 1.6916 7.8814
v 0.0625 1.125 7.5
v 0.0625 1.125 7.875
v 0.0625 1.375 7.875
v 0.0625 1.375 7.5
v -0.0625 1.375 7.875
v -0.0625 1.125 7.875
v -0.0625 1.125 7.5
v -0.0625 1.375 7.5
v 0.0625 1.25 7.875
v 0.0625 1.25 7.5
v -0.0625 1.25 7.875
v -0.0625 1.25 7.5
v 0.0625 1.25 7.8125
v 0.0625 1.25 7.5625
v -0.0625 1.25 7.8125
v -0.0625 1.25 7.5625
v 0.0625 1.4375 7.5625
v -0.0625 1.4375 7.5625
v -0.0625 1.4375 7.8125
v 0.0625 1.4375 7.8125
v 0.0312 1.5625 7.625
v -0.0312 1.5625 7.625
v -0.0312 1.5625 7.75
v 0.0312 1.5625 7.75
v 0.1624 1.0938 5.25
v 0.1875 1 5.375
v 0.1624 0.9062 5.5
v 0.0938 0.8376 5.5
v 0 0.8125 5.5
v -0.0938 0.8376 5.5
v -0.1624 0.9062 5.5
v -0.1875 1 5.375
v -0.1624 1.0938 5.25
v 0 1.1875 6.125
v 0.0938 1.1624 6.125
v 0.1624 1.0938 6.125
v 0.1875 1 6.125
v 0.1624 0.9062 6.125
v 0.0938 0.8376 6.125
v 0 0.8125 6.125
v -0.0938 0.8376 6.125
v -0.1624 0.9062 6.125
v -0.1875 1 6.125
v -0.1624 1.0938 6.125
v -0.0938 1.1624 6.125
v 0 1.25 4.875
v 0.125 1.2165 4.875
v 0.2165 1.125 4.875
v -0.2165 1.125 4.875
v -0.125 1.2165 4.875
v 0.0938 1.1624 4.875
v 0 1.1875 4.875
v 0.1624 1.0938 4.875
v -0.0938 1.1624 4.875
v -0.1624 1.0938 4.875
v 0 1.25 4.4375
v -0.125 1.2165 4.4375
v -0.2165 1.125 4.4375
v -0.25 1 4.4375
v 0.25 1 4.4375
v 0.2165 1.125 4.4375
v 0.125 1.2165 4.4375
v 0 1.1875 4.4375
v 0.0938 1.1624 4.4375
v 0.1624 1.0938 4.4375
v 0.1875 1 4.4375
v -0.1875 1 4.4375
v -0.1624 1.0938 4.4375
v -0.0938 1.1624 4.4375
v -0.125 1.2165 4.8125
v 0 1.25 4.8125
v -0.2165 1.125 4.8125
v -0.25 1 4.8125
v 0.25 1 4.8125
v 0.2165 1.125 4.8125
v 0.125 1.2165 4.8125
v 0.0938 1.1624 4.8125
v 0 1.1875 4.8125
v 0.1624 1.0938 4.8125
v 0.1875 1 4.8125
v -0.1875 1 4.8125
v -0.1624 1.0938 4.8125
v -0.0938 1.1624 4.8125
v 0.1875 0.5001 4.75
v 0.1875 0.5001 4.5
v 0.125 0.4376 4.75
v 0.125 0.4376 4.5
v 0.1875 0.1876 4.75
v 0.1875 0.1876 4.5
v 0.125 0.1876 4.75
v 0.125 0.1876 4.5
v 0.1875 0.0626 4.6875
v 0.1875 0.0626 4.5625
v 0.125 0.0626 4.6875
v 0.125 0.0626 4.5625
v -0.125 0.4376 4.75
v -0.125 0.4376 4.5
v -0.1875 0.5001 4.75
v -0.1875 0.5001 4.5
v -0.125 0.1876 4.75
v -0.125 0.1876 4.5
v -0.1875 0.1876 4.75
v -0.1875 0.1876 4.5
v -0.125 0.0626 4.6875
v -0.125 0.0626 4.5625
v -0.1875 0.0626 4.6875
v -0.1875 0.0626 4.5625
v -0.25 0.1563 4.6562
v -0.25 0.2188 4.6562
v -0.25 0.1563 4.5938
v -0.25 0.2188 4.5938
v 0.25 0.1563 4.6562
v 0.25 0.2188 4.6562
v 0.25 0.1563 4.5938
v 0.25 0.2188 4.5938
v 0.3125 1 1.25
v 0.3125 0.875 1.25
v 0.3125 1 -0.875
v 0.3125 0.875 -0.875
v 0.4375 0.875 1.25
v 0.4375 1 1.25
v 0.4375 0.875 -0
v 0.4375 1 -0
v 0.6875 0.875 -0
v 0.6875 1 -0
v 0.5625 0.875 -0.5
v 0.5625 1 -0.5
v 0.6875 1 -0
v 0.5625 1 -0
v 0.6875 1.0625 -0
v 0.5625 1.0625 -0
v 0.625 1 -0.0625
v 0.5625 1 -0.0625
v 0.625 1.0625 -0.0625
v 0.5625 1.0625 -0.0625
v -0.6875 1 -0
v -0.5625 1 -0
v -0.6875 1.0625 -0
v -0.5625 1.0625 -0
v -0.625 1 -0.0625
v -0.5625 1 -0.0625
v -0.625 1.0625 -0.0625
v -0.5625 1.0625 -0.0625
v 0.125 0.1875 -2
v 0.25 0.3125 -2
v 0.25 0.8125 -2
v 0.125 0.9375 -2
v -0.25 0.3125 -2
v -0.125 0.1875 -2
v -0.125 0.9375 -2
v -0.25 0.8125 -2
v 0.125 -0.0625 -2.5
v 0.25 0.0625 -2.5
v 0.25 0.5625 -2.75
v 0.125 0.6875 -2.75
v -0.25 0.0625 -2.5
v -0.125 -0.0625 -2.5
v -0.125 0.6875 -2.75
v -0.25 0.5625 -2.75
v 0.25 0.6875 -3
v 0.125 0.8125 -3
v -0.125 0.8125 -3
v -0.25 0.6875 -3
v 0.25 0.8125 -3.5
v 0.125 0.9375 -3.5
v -0.125 0.9375 -3.5
v -0.25 0.8125 -3.5
v 0.25 0.8125 -7.75
v 0.125 0.9375 -7.75
v -0.125 0.9375 -7.75
v -0.25 0.8125 -7.75
v 0.125 -0.9375 -3.125
v 0.25 -0.8125 -3.125
v -0.25 -0.8125 -3.125
v -0.125 -0.9375 -3.125
v 0.125 -0.6875 -4
v 0.25 -0.5625 -4
v -0.25 -0.5625 -4
v -0.125 -0.6875 -4
v 0.125 -0.8125 -5
v 0.25 -0.6875 -5
v -0.25 -0.6875 -5
v -0.125 -0.8125 -5
v 0.125 -1.6875 -7.375
v 0.25 -1.5625 -7.375
v -0.25 -1.5625 -7.375
v -0.125 -1.6875 -7.375
v 0.125 -1.6875 -7.875
v 0.25 -1.5625 -7.875
v -0.25 -1.5625 -7.875
v -0.125 -1.6875 -7.875
v 0.125 -1.4375 -8.125
v 0.25 -1.4375 -8
v -0.25 -1.4375 -8
v -0.125 -1.4375 -8.125
v 0.125 0.5625 -8.125
v 0.25 0.5625 -8
v -0.25 0.5625 -8
v -0.125 0.5625 -8.125
v 0.3125 0.875 -1
v -0.3125 0.875 -1
v 0.3125 1 -1
v -0.3125 1 -1
v 0.3125 1 -0.125
v -0.3125 1 -0.125
v 0.3125 1.125 -1
v -0.3125 1.125 -1
v 0.3125 1.125 -0.125
v -0.3125 1.125 -0.125
v 0.1875 1.25 -0.875
v -0.1875 1.25 -0.875
v 0.1875 1.25 -0.125
v -0.1875 1.25 -0.125
v -0.125 0.25 -0
v 0.125 0.25 -0
v -0.125 0.25 -0.75
v 0.125 0.25 -0.75
v -0.125 -0 -0.75
v -0.125 0 0
v 0.125 0 0
v 0.125 -0 -0.75
v -0.0625 0.3125 -1.75
v 0.0625 0.3125 -1.75
v -0.0625 -0.0625 -1.75
v 0.0625 -0.0625 -1.75
v -0.0625 -0.3125 -1.5
v 0.0625 -0.3125 -1.5
v -0.0625 -0.3125 -0.875
v 0.0625 -0.3125 -0.875
v -0.0625 -0.125 -0.6875
v 0.0625 -0.125 -0.6875
v -0.0625 -0 -0.625
v 0.0625 -0 -0.625
v -0.0625 0.3125 -1.6875
v 0.0625 0.3125 -1.6875
v -0.0625 -0.0625 -1.6875
v 0.0625 -0.0625 -1.6875
v -0.0625 -0.25 -1.5
v 0.0625 -0.25 -1.5
v -0.0625 -0.25 -0.875
v 0.0625 -0.25 -0.875
v -0.0625 -0.125 -0.75
v 0.0625 -0.125 -0.75
v -0.0625 -0 -0.6875
v 0.0625 -0 -0.6875
v -0.0625 0.3125 -1.5625
v 0.0625 0.3125 -1.5625
v -0.0625 0.3125 -1.3125
v 0.0625 0.3125 -1.3125
v -0.0625 0.1875 -1.5
v 0.0625 0.1875 -1.5
v -0.0625 0.1875 -1.375
v 0.0625 0.1875 -1.375
v -0.0625 -0 -1.5
v 0.0625 -0 -1.5
v -0.0625 -0 -1.375
v 0.0625 -0 -1.375
v -0.0625 -0.1875 -1.3125
v 0.0625 -0.1875 -1.3125
v -0.25 1 4.375
v 0.25 1 4.375
v -0.125 1.375 4.375
v 0.125 1.375 4.375
v -0.25 1 5
v 0.25 1 5
v -0.25 0.75 5.25
v 0.25 0.75 5.25
v -0.125 0.5 5
v 0.125 0.5 5
v -0.125 0.5 4.125
v 0.125 0.5 4.125
v -0.125 0.3125 3.5
v 0.125 0.3125 3.5
v 0.25 1 3.5
v -0.25 1 3.5
v -0.125 0.3125 1.375
v 0.125 0.3125 1.375
v -0.25 1.125 4.375
v 0.25 1.125 4.375
v -0.125 1.375 1.5
v 0.125 1.375 1.5
v -0.25 1.125 1.5
v 0.25 1.125 1.5
v 0.25 1.125 3.5
v -0.25 1.125 3.5
v 0.25 1 1.5
v -0.25 1 1.5
v -0.25 0.625 5.125
v 0.25 0.625 5.125
v 0.0625 1.3125 4.375
v -0.1875 1.125 3.5
v -0.0625 1.3125 4.375
v 0.0625 1.3125 1.5
v -0.1875 1.125 1.5
v -0.0625 1.3125 1.5
v -0.1875 1 3.5
v -0.1875 1 1.5
v 0.1875 1.125 3.5
v 0.1875 1.125 1.5
v 0.1875 1 3.5
v 0.1875 1 1.5
v 0.125 1 1.5
v 0.125 1.125 1.5
v -0.125 1.125 1.5
v -0.125 1 1.5
v -0.25 0.625 4.125
v 0.25 0.625 4.125
v -0.25 0.4375 3.5
v 0.25 0.4375 3.5
v -0.25 0.4375 1.375
v 0.25 0.4375 1.375
v -0.25 0.625 1.375
v 0.25 0.625 1.375
v -0.125 0.3125 1.875
v -0.125 0.3125 2.375
v 0.125 0.3125 1.875
v 0.125 0.3125 2.375
v 0.125 0.25 2.375
v 0.125 0.25 1.875
v -0.125 0.25 2.375
v -0.125 0.25 1.875
v -0.25 1 4.75
v 0.25 1 4.75
v -0.25 1 4.5
v 0.25 1 4.5
v -0.3125 1 4.75
v -0.3125 1 4.5
v 0.3125 1 4.75
v 0.3125 1 4.5
v -0.3125 0.625 4.75
v -0.3125 0.625 4.5
v 0.3125 0.625 4.75
v 0.3125 0.625 4.5
v -0.125 0.4375 4.75
v -0.125 0.4375 4.5
v 0.125 0.4375 4.75
v 0.125 0.4375 4.5
v -0.125 0.5 4.75
v -0.125 0.5 4.5
v 0.125 0.5 4.75
v 0.125 0.5 4.5
v -0.25 0.625 4.75
v 0.25 0.625 4.75
v -0.25 0.625 4.5
v 0.25 0.625 4.5
v -0.3125 1 1.25
v -0.3125 0.875 1.25
v -0.3125 1 -0.875
v -0.3125 0.875 -0.875
v -0.4375 0.875 1.25
v -0.4375 1 1.25
v -0.4375 0.875 -0
v -0.4375 1 -0
v -0.6875 0.875 -0
v -0.6875 1 -0
v -0.5625 0.875 -0.5
v -0.5625 1 -0.5
v 0.25 1 0.875
v 0.3125 1 0.3125
v -0.3125 0.625 0.3125
v 0 1.1875 6.1875
v 0.1624 0.9062 6.1875
v -0.1624 0.9062 6.1875
v -0.25 0.8125 -5.625
v -0.125 -1.25 -6.1875
v -0.25 -0.3125 -5.75
v -0.25 0.0625 -4.25
v 0.125 1.375 2.9375
v -0.2188 1 0.875
v -0.1875 1 2.5
v 0.125 -0.4375 -8.125
v 0.25 -0.3125 -7.875
v 0.25 0.0625 -3.5
v -0.1875 1.25 2.5
v -0.125 0.3125 2.4375
v -0.25 1 0.875
v 0.2188 1 0.875
v -0.3125 1 0.3125
v 0.0938 1.1624 6.1875
v 0.0938 0.8376 6.1875
v -0.1875 1 6.1875
v 0.25 -0.4375 -8
v 0.125 0.3125 2.4375
v 0.1875 1.25 2.5
v 0.3125 0.625 0.3125
v -0.25 1.125 2.5
v 0.1875 1.125 2.5
v 0.25 1 2.5
v -0.3125 1 0.1875
v -0.25 -0.4375 -8
v 0.0625 1.3125 2.9375
v 0.3125 0.375 0.3125
v -0.25 1 2.5
v -0.1875 1.125 2.5
v 0.25 1.125 2.5
v -0.3125 0.875 0.1875
v 0.1875 1 0.875
v 0 0.8125 6.1875
v -0.1624 1.0938 6.1875
v -0.125 -0.4375 -8.125
v -0.25 0.0625 -3.5
v -0.25 -0.3125 -7.875
v 0.1624 1.0938 6.1875
v 0.1875 0.25 0.3125
v 0.3125 1 0.1875
v -0.1875 1 0.875
v 0.1875 1 2.5
v 0.125 -1.25 -6.1875
v 0.25 0.8125 -5.625
v 0.25 -0.3125 -5.75
v -0.0625 1.3125 2.9375
v 0.25 0.0625 -4.25
v -0.25 0.4375 2.4375
v -0.1875 0.25 0.3125
v 0.3125 0.875 0.1875
v 0.1875 1 6.1875
v -0.0938 0.8376 6.1875
v -0.0938 1.1624 6.1875
v 0.125 0.9375 -5.625
v 0.25 -1.125 -6.1875
v 0.25 -1.0625 -6.5
v 0.25 0.4375 2.4375
v -0.3125 0.375 0.3125
v -0.125 0.9375 -5.625
v -0.25 -1.125 -6.1875
v -0.25 -1.0625 -6.5
v -0.125 1.375 2.9375
v -0.1624 0.9062 5.2812
v -0.25 0.25 -4.625
v 0 1.1875 7.0938
v 0.1624 0.9063 7.0938
v -0.1624 0.9063 7.0938
v 0.1624 1.0938 5.2812
v -0.25 0.8125 -6.6875
v -0.25 -0.875 -6.875
v -0.0938 0.8376 5.2812
v 0.25 0.25 -6.75
v 0.25 -0.125 -5
v -0.25 -0.125 -5
v 0.0938 1.1624 5.2812
v 0.25 0.8125 -4.5625
v 0.0938 1.1624 7.0938
v 0.0938 0.8376 7.0938
v -0.1875 1 7.0938
v 0.25 0.25 -4.625
v 0.25 -0.5 -5.375
v 0 1.1875 5.2812
v 0.25 -0.3125 -6.8125
v -0.25 -0.3125 -6.8125
v -0.0938 1.1624 5.2812
v 0.125 0.9375 -4.5625
v -0.1875 1 5.2812
v 0 0.8125 7.0938
v -0.1624 1.0938 7.0938
v -0.1624 1.0938 5.2812
v 0.1624 1.0938 7.0938
v -0.25 0.25 -6.75
v -0.25 -0.875 -5.75
v 0.0938 0.8376 5.2812
v 0.25 0.8125 -6.6875
v 0.25 -0.875 -6.875
v 0.1875 1 5.2812
v -0.25 -0.5 -5.375
v -0.125 0.9375 -4.5625
v 0.1875 1 7.0938
v -0.0938 0.8376 7.0938
v -0.0938 1.1624 7.0938
v 0.1624 0.9062 5.2812
v 0.125 0.9375 -6.6875
v -0.25 0.8125 -4.5625
v 0.25 -1.25 -7.25
v 0.25 -0.875 -5.75
v 0 0.8125 5.2812
v -0.125 0.9375 -6.6875
v -0.25 -1.25 -7.25
vt 0.0623 0.1739
vt 0.0586 0.1848
vt 0.0586 0.1739
vt 0.6227 0.9239
vt 0.619 0.913
vt 0.6227 0.913
vt 0.2161 0.3913
vt 0.2601 0.3696
vt 0.2674 0.3913
vt 0.0586 0.25
vt 0.0623 0.2391
vt 0.0623 0.2609
vt 0.6227 0.9891
vt 0.619 0.9783
vt 0.6227 0.9783
vt 0.6227 0.8913
vt 0.6227 0.9022
vt 0.619 0.8261
vt 0.6227 0.8043
vt 0.6227 0.8152
vt 0.0623 0.087
vt 0.0586 0.0652
vt 0.0623 0.0652
vt 0.6227 0.837
vt 0.6227 0.8261
vt 0.7236 0.674
vt 0.7489 0.674
vt 0.7363 0.7389
vt 0.619 0.7609
vt 0.6227 0.7391
vt 0.6227 0.75
vt 0.6227 0.9565
vt 0.6227 0.9674
vt 0.5311 0.6522
vt 0.5348 0.6739
vt 0.5311 0.6739
vt 0.315 0.9239
vt 0.3077 0.9565
vt 0.3077 0.9348
vt 0.3077 0.4783
vt 0.315 0.5109
vt 0.3077 0.5
vt 0.956 0.5
vt 0.8938 0.5217
vt 0.8938 0.5
vt 0.3333 0.6848
vt 0.3297 0.6304
vt 0.3333 0.6304
vt 0.3297 0.4674
vt 0.3333 0.5
vt 0.3297 0.5109
vt 0.3333 0.9565
vt 0.3297 0.9239
vt 0.3333 0.9348
vt 0.3663 0.7065
vt 0.37 0.7283
vt 0.3663 0.7283
vt 0 0.163
vt 0.0586 0.1522
vt 0.0586 0.163
vt 0.3114 0.6848
vt 0.315 0.6304
vt 0.315 0.6957
vt 0.3114 0.7391
vt 0.315 0.7283
vt 0.315 0.7391
vt 0.6117 0.9565
vt 0.619 0.9348
vt 0.619 0.9565
vt 0.3114 0.6957
vt 0.315 0.7065
vt 0.3114 0.7065
vt 0.619 0.5435
vt 0.6044 0.587
vt 0.6044 0.5435
vt 0.3297 0.8043
vt 0.3333 0.75
vt 0.3333 0.8043
vt 0.3114 0.5217
vt 0.3114 0.6304
vt 0.3114 0.75
vt 0.315 0.8043
vt 0.3114 0.8043
vt 0.3297 0.7065
vt 0.3333 0.6957
vt 0.3333 0.7065
vt 0.3114 0.913
vt 0.6044 0.6087
vt 0.5604 0.587
vt 0.3333 0.913
vt 0.337 0.7065
vt 0.37 0.7391
vt 0.3333 0.7391
vt 0.337 0.7283
vt 0.337 0.7391
vt 0.37 0.6957
vt 0.37 0.7065
vt 0.3077 0.4674
vt 0.315 0.4239
vt 0.315 0.4674
vt 0.6081 0.6848
vt 0.5861 0.6957
vt 0.5861 0.6848
vt 0.3663 0.8043
vt 0.37 0.75
vt 0.37 0.8043
vt 0.337 0.8043
vt 0.37 0.6848
vt 0.3663 0.6304
vt 0.37 0.6304
vt 0.337 0.6304
vt 0.337 0.6957
vt 0.4689 0
vt 0.5311 0.0217
vt 0.4689 0.0217
vt 0.0586 0.0326
vt 0.0623 0.0217
vt 0.0623 0.0435
vt 0.6227 0.8696
vt 0.619 0.8913
vt 0.619 0.8696
vt 0.0623 0.1522
vt 0.0586 0.1304
vt 0.0623 0.1304
vt 0.6227 0.7717
vt 0.6227 0.7609
vt 0.6227 0.8587
vt 0.619 0.8478
vt 0.6227 0.8478
vt 0.6227 0.7935
vt 0.619 0.7826
vt 0.6227 0.7826
vt 0.0586 -0
vt 0.0623 -0
vt 0.0623 0.1087
vt 0.0586 0.1196
vt 0.0586 0.1087
vt 0.0586 0.0978
vt 0.0586 0.0543
vt 0.0623 0.2174
vt 0.0586 0.1957
vt 0.0623 0.1957
vt 0.652 0.7609
vt 0.7326 0.6304
vt 0.7473 0.6522
vt 0.7326 0.6522
vt 0.3297 0.7283
vt 0.3333 0.7283
vt 0.2857 0.9022
vt 0.2747 0.8804
vt 0.2894 0.8804
vt 0.304 0.7065
vt 0.2894 0.7174
vt 0.2894 0.7065
vt 0.2216 0.0652
vt 0.2747 0.087
vt 0.2216 0.087
vt 0.7729 0.6522
vt 0.7509 0.6304
vt 0.7729 0.6304
vt 0.2821 0.2826
vt 0.293 0.3152
vt 0.2857 0.3152
vt 0.5238 0.25
vt 0.4396 0.2609
vt 0.4396 0.25
vt 0.2161 0.3043
vt 0.2161 0.3696
vt 0.022 0.4565
vt 0.011 0.4674
vt 0.0073 0.4565
vt 0.304 0.5109
vt 0.3077 0.4457
vt 0.3077 0.5109
vt 0.337 0.5109
vt 0.3333 0.5109
vt 0.6996 0.6848
vt 0.707 0.7174
vt 0.6996 0.7174
vt 0.2674 0.8478
vt 0.2747 0.8478
vt 0.022 0.5652
vt 0.011 0.5543
vt 0.022 0.5543
vt 0 0.4783
vt 0.0037 0.5326
vt 0 0.5435
vt 0 0.0978
vt 0.0586 0.087
vt 0.293 0.75
vt 0.2784 0.8043
vt 0.293 0.8043
vt 0.1209 0.4565
vt 0.1319 0.4783
vt 0.0879 0.4674
vt 0.9451 0.7935
vt 0.9231 0.7826
vt 0.9451 0.7826
vt 0.001 0.2718
vt 0.0136 0.2718
vt 0.0073 0.3042
vt 0.2015 0.6957
vt 0.1978 0.6739
vt 0.2015 0.6739
vt 0.6081 0.8478
vt 0.6117 0.8261
vt 0.6117 0.8478
vt 0.5311 0.6957
vt 0.5348 0.6957
vt 0.5311 0.8261
vt 0.5348 0.8043
vt 0.5348 0.8261
vt 0.5348 0.8478
vt 0.6081 0.6087
vt 0.6117 0.6304
vt 0.6081 0.6304
vt 0.1978 0.587
vt 0.2015 0.5652
vt 0.2015 0.587
vt 0.2271 0.587
vt 0.2234 0.6087
vt 0.2234 0.587
vt 0.0586 0.2174
vt 0.9158 0.7826
vt 0.9231 0.7935
vt 0.9158 0.7935
vt 0.9084 0.8587
vt 0.9158 0.8696
vt 0.9084 0.8696
vt 0.5311 0.7826
vt 0.5348 0.7826
vt 0.8571 0.8587
vt 0.8791 0.8696
vt 0.8571 0.8696
vt 0.652 0.8478
vt 0.9231 0.8696
vt 0.9451 0.8587
vt 0.9451 0.8696
vt 0.9853 0.7935
vt 0.967 0.8587
vt 0.967 0.7935
vt 0.6777 0.5652
vt 0.707 0.587
vt 0.6777 0.587
vt 0.8791 0.7826
vt 0.8571 0.7935
vt 0.8571 0.7826
vt -0 0.0543
vt 0.0586 0.0435
vt 0.6117 0.913
vt 0.652 0.8696
vt 0.6227 0.8804
vt 0.8388 0.7826
vt 0.7363 0.0217
vt 0.7949 0
vt 0.7949 0.0217
vt -0 0.1413
vt 0.0586 0.1413
vt 0.9634 0.8696
vt 0.8388 0.8696
vt 0.8388 0.8587
vt 0.6117 0.6522
vt 0.6081 0.6739
vt 0.6081 0.6522
vt 0.2821 0.7283
vt 0.2821 0.7174
vt 0.3663 0.5109
vt 0.8645 0.7717
vt 0.8718 0.7717
vt 0.8352 0.6522
vt 0.8425 0.6739
vt 0.8425 0.6522
vt 0.8645 0.8804
vt 0.8571 0.8804
vt 0.2234 0.6739
vt 0.2234 0.6957
vt 0.9377 0.7717
vt 0.9451 0.7717
vt 0.3077 0.5978
vt 0.304 0.5543
vt 0.3077 0.5543
vt 0.9377 0.8804
vt 0.9304 0.8804
vt 0.6996 0.7391
vt 0.3077 0.9022
vt 0.2967 0.8804
vt 0.3114 0.8804
vt 0.2601 0.8261
vt 0.2674 0.8261
vt 0.7509 0.5978
vt 0.7729 0.6196
vt 0.7509 0.6196
vt 0.652 0.9565
vt 0.37 0.0217
vt 0.3187 0.0652
vt 0.3187 0.0217
vt 0 0.1848
vt 0.619 0.6087
vt 0.663 0.587
vt 0.663 0.6087
vt 0.293 0.9022
vt 0.2784 0.75
vt 0.2234 0.6522
vt 0.2271 0.6739
vt 0.1978 0.6087
vt 0.2015 0.6304
vt 0.1978 0.6304
vt 0.6081 0.8696
vt 0.6117 0.8696
vt 0.2015 0.6087
vt 0.2234 0.6304
vt 0.2271 0.6522
vt 0.6081 0.7609
vt 0.6117 0.7826
vt 0.6081 0.7826
vt 0.5311 0.7609
vt 0.5348 0.7391
vt 0.5348 0.7609
vt 0.5311 0.6304
vt 0.5348 0.6087
vt 0.5348 0.6304
vt 0.9084 0.7935
vt 0.9011 0.8587
vt 0.9011 0.8696
vt 0.2271 0.6957
vt 0.8938 0.8587
vt 0.8864 0.8696
vt 0.8864 0.8587
vt 0.9231 0.8587
vt 0.9158 0.8587
vt 0.5348 0.8696
vt 0.5311 0.8478
vt 0.6227 0.9348
vt 0.6227 0.9457
vt 0.6117 0.7174
vt 0.6081 0.7391
vt 0.6081 0.7174
vt 0.2015 0.6522
vt 0.8938 0.7826
vt 0.9011 0.7935
vt 0.8938 0.7935
vt 0.5311 0.7174
vt 0.5311 0.7391
vt 0.8608 0.6848
vt 0.8571 0.6739
vt 0.8608 0.6739
vt 0.2894 0.5543
vt 0.304 0.5978
vt 0.2894 0.5978
vt 0.8864 0.7826
vt 0.8791 0.7935
vt 0.6117 0.6957
vt 0.6081 0.6957
vt 0.1978 0.6522
vt 0.8791 0.8587
vt 0.5348 0.6522
vt 0.9084 0.7826
vt 0.2271 0.6087
vt 0.5348 0.7174
vt 0.2234 0.5652
vt 0.8938 0.8696
vt 0.8864 0.7935
vt 0.6117 0.7609
vt 0.1832 0.6739
vt 0.1209 0.6957
vt 0.1209 0.6739
vt 0.5934 0.25
vt 0.652 0.2609
vt 0.5934 0.2609
vt 0.2967 0.7935
vt 0.2967 0.75
vt 0.5934 0.2065
vt 0.652 0.2174
vt 0.5934 0.2174
vt 0.2747 0.7935
vt 0.337 0.4674
vt 0.3077 0.7283
vt 0.9451 0.587
vt 0.9158 0.6087
vt 0.9451 0.6087
vt 0.3004 0.7283
vt 0.696 0.6848
vt 0.6886 0.7174
vt 0.6886 0.6848
vt 0.2747 0.75
vt 0.8352 0.8587
vt 0.8388 0.7935
vt 0.2894 0.7283
vt 0.6044 0.4348
vt 0.619 0.5
vt 0.6044 0.5217
vt 0.6777 0.5978
vt 0.6923 0.6196
vt 0.6777 0.6196
vt 0.696 0.7174
vt 0.685 0.7391
vt 0.304 0.2174
vt 0.2747 0.1957
vt 0.304 0.1957
vt 1 0.4565
vt 0.9927 0.2826
vt 1 0.2826
vt 0.8132 0.7935
vt 0.8059 0.8587
vt 0.8059 0.7935
vt 0.9158 0.587
vt 0.9011 0.6087
vt 0.1832 0.3913
vt 0.1978 0.4348
vt 0.1978 0.4565
vt 0.707 0.6522
vt 0.7216 0.6739
vt 0.707 0.6739
vt 0.9158 0.6522
vt 0.9048 0.6739
vt 0.6703 0.6957
vt 0.6264 0.6522
vt 0.6703 0.6522
vt 0.652 0.913
vt 0.9451 0.6304
vt 0.967 0.6739
vt 0.652 0.8913
vt 0.652 0.7391
vt 0.2784 0.8152
vt 0.3077 0.8043
vt 0.3077 0.8152
vt 0.8498 0.6957
vt 0.8462 0.6848
vt 0.8498 0.6848
vt 0.663 0.5435
vt 0.619 0.587
vt 0.652 0.8043
vt 0.5934 0.2283
vt 0.5348 0.2174
vt 0.3077 0.8261
vt 0.2784 0.837
vt 0.2784 0.8261
vt 0.8571 0.6957
vt 0.8645 0.6957
vt 0.0879 0.5489
vt 0.1319 0.5435
vt 0.0879 0.5543
vt 0.37 0.087
vt 0.3114 0.087
vt 0.6264 0.6957
vt 0.6703 0.7391
vt 0.6264 0.7391
vt -0 0.1196
vt 0.37 0
vt 0.2821 0
vt 0.304 0.0217
vt 0.2747 0.0217
vt 0.6227 0.413
vt 0.2216 0.0217
vt 0.2747 0.0435
vt 0.2216 0.0435
vt 0.6923 0.6304
vt 0.7289 0.6196
vt 0.7289 0.6304
vt 0.1832 0.2609
vt 0.1209 0.3261
vt 0.1209 0.2609
vt 0.2967 0.8478
vt 0.3114 0.8478
vt 0.2894 0.6413
vt 0.4689 0.087
vt 0.4066 0.0652
vt 0.4689 0.0652
vt 0.4066 0.337
vt 0.3553 0.3587
vt 0.3553 0.337
vt 0.37 0.9239
vt 0.3663 0.9239
vt 0.5714 0.6087
vt 0.5714 0.6304
vt 0.7326 0.587
vt 0.7289 0.5978
vt 0.9927 0.0652
vt 1 0.0978
vt 0.9927 0.1087
vt 0.6923 0.5978
vt 0.6777 0.6304
vt 0.2015 0.2826
vt 0.2051 0.8043
vt 0.1282 0.8261
vt 0.1282 0.8043
vt 0.6923 0.6522
vt 0.2674 0.413
vt 0.2161 0.413
vt 0.2747 0.2174
vt 0.2857 0.25
vt 0.3004 0.2826
vt 0.2967 0.3261
vt 0.2216 0.1957
vt 0.2216 0.2174
vt 0.8352 0.6739
vt 0.2198 0.5652
vt 0.2051 0.4565
vt 0.2198 0.4565
vt 0.3114 0.7283
vt 0.8498 0.6739
vt 0.619 0.8043
vt 0.2051 0.6957
vt 0.1282 0.7174
vt 0.1282 0.6957
vt 0.653 0.7717
vt 0.6593 0.7392
vt 0.6657 0.7717
vt 0.2051 0.7174
vt 0.1282 0.7391
vt 0.9634 0.0652
vt 0.9341 0.087
vt 0.9341 0.0652
vt 0.663 0.5217
vt 0.6777 0.5
vt 0.6777 0.5217
vt 0.3077 0.8478
vt 0.3077 0.837
vt 0.3333 0.4783
vt 0.3663 0.4674
vt 0.37 0.5
vt 0.337 0.9674
vt 0.337 0.9239
vt 0.37 0.9565
vt 0.37 0.9348
vt 0.5238 0.2826
vt 0.4396 0.2935
vt 0.4396 0.2826
vt 0.2051 0.5652
vt 0.3663 0.6957
vt 0.652 0.7826
vt 0.2857 0.5543
vt 0.2857 0.5978
vt 0.9963 0.8587
vt 0.989 0.7935
vt 0.9963 0.7935
vt 0.3077 0.6304
vt 0.304 0.6413
vt 0.2857 0.6304
vt 0.3077 0.5217
vt 0.2857 0.5217
vt 0.2894 0.5109
vt 0.5934 0.1848
vt 0.5348 0.1739
vt 0.5934 0.1739
vt 0.8571 0.6848
vt 0.8535 0.6957
vt 0.8535 0.6848
vt 0.0366 0.5652
vt 0.8388 0.3043
vt 0.9048 0.2065
vt 0.9011 0.3043
vt 0.8974 0.4022
vt 0.8315 0.5
vt 0.5311 0.087
vt 0.5311 0.0652
vt 0.1685 0.2174
vt 0.2216 0.2391
vt 0.1685 0.2391
vt 0.9634 0.3043
vt 0.044 0.5543
vt 0.044 0.5652
vt 0.1154 0.087
vt 0.5348 0.2065
vt 0.1685 0.1739
vt 0.1685 0.1957
vt 0.8938 0.5652
vt 0.8315 0.587
vt 0.8315 0.5652
vt 0.652 0.2283
vt 0.0037 0.3013
vt 0.001 0.2934
vt 0 0.2826
vt 0.0037 0.2639
vt 0.0073 0.261
vt 0.011 0.2639
vt 0.0146 0.2826
vt 0.0136 0.2934
vt 0.011 0.3013
vt 0.2216 0.2609
vt 0.1685 0.2609
vt 0.315 0.9674
vt 0.3297 0.6957
vt 0.3297 0.9674
vt 0.1685 0
vt 0.2216 0
vt 0.2051 0.8261
vt 0.652 0.8261
vt 0.652 0.837
vt 0.3297 0.7391
vt 0.6117 1
vt 0.6117 0.9783
vt 0.0586 0.3913
vt 0.1209 0.3913
vt 0.3663 0.7391
vt 0.8352 0.7935
vt 0.9707 0.1087
vt 1 0.1087
vt 0.8168 0.2717
vt 0.8828 0.1739
vt 0.1154 0.0217
vt 0.1685 0.0435
vt 0.1154 0.0435
vt 0.1154 0.2174
vt 0.1154 0.0652
vt 0.044 0.4565
vt 0.1685 0.0217
vt 0.1685 0.1522
vt 0.2216 0.1739
vt 0.0586 0.3261
vt 0.0586 0.2609
vt 0.1154 0.2609
vt 0.7692 0.5
vt 0.707 0.5217
vt 0.707 0.5
vt 0.8645 0.163
vt 0.8388 0.2065
vt 0.663 0.7797
vt 0.6593 0.7826
vt 0.6557 0.7797
vt 0.978 0.2826
vt 0.978 0.1087
vt 0.652 0.7609
vt 0.653 0.75
vt 0.6557 0.7421
vt 0.663 0.7421
vt 0.6657 0.75
vt 0.6667 0.7609
vt 0.9011 0.7826
vt 0.9634 0.8587
vt 0.9634 0.7935
vt 0.652 0.8804
vt 0.2344 0.4565
vt 0.2418 0.4783
vt 0.1154 0
vt 0.2418 0.5435
vt 0.2344 0.5652
vt 0.1154 0.1087
vt 0.5311 0.6087
vt 0.022 0.4674
vt 0.9267 0.1413
vt 0.0073 0.5652
vt 0.0037 0.4891
vt 0.7729 0.4022
vt 0.7949 0.337
vt 0.7509 0.3696
vt 0.1685 0.0652
vt 0.0879 0.4783
vt 0.0879 0.4728
vt 0.729 0.7331
vt 0.7236 0.7173
vt 0.7217 0.6957
vt 0.729 0.6582
vt 0.7363 0.6524
vt 0.7436 0.6582
vt 0.7508 0.6957
vt 0.7489 0.7173
vt 0.7436 0.7331
vt 0.3553 0.2609
vt 0.3553 0.25
vt 0.1685 0.087
vt 0.7692 0.5217
vt 0.707 0.5652
vt 0.0586 0.2391
vt 0.5348 0.25
vt 0.5348 0.2609
vt 0.7949 0.2391
vt 0.8315 0.5217
vt 0.4066 -0
vt 0.4066 0.0217
vt 0.0586 0.2065
vt 0.1685 0.1304
vt 0.1154 0.1304
vt 0.1154 0.2391
vt 0.0586 0.3478
vt 0.2216 0.1522
vt 0.8571 0.7717
vt 0.8718 0.8804
vt 0.5348 0.1848
vt 0.9304 0.7717
vt 0.8462 0.6739
vt 0.9451 0.8804
vt 0.2271 0.5652
vt 0.1209 0.5652
vt 0.0586 0.6304
vt 0.0366 0.5543
vt 0.652 0.2065
vt -0 0.0435
vt 0 0.1522
vt 0.6117 0.9348
vt 0.1154 0.1957
vt 0.1154 0.1739
vt 0.619 1
vt 0.1685 0.1087
vt 0.2216 0.1304
vt 0.7692 0.5652
vt 0.37 0.0652
vt 0.1209 0.6304
vt 0.0586 0.6957
vt 0.0586 0.6739
vt 0.0586 0.0761
vt 0.2216 0.1087
vt 0.1154 0.1522
vt 0.2051 0.7391
vt 0.2784 0.7283
vt 0.2747 0.7283
vt 0.1832 0.3261
vt 1 0.0761
vt 0.6484 0.1522
vt 0.6996 0.1739
vt 0.6484 0.1739
vt 0.044 0.4348
vt 0.5238 0.3587
vt 0.4689 0.4565
vt 0.4652 0.3587
vt 0.652 0.9022
vt 0.2967 0
vt 0.4066 0.087
vt 0.8425 0.6957
vt 0.5238 0.2935
vt 0.3553 0.2065
vt 0.3553 0.1848
vt 0.4066 0.1848
vt 0.044 0.587
vt 0.1978 0.5652
vt 0.1832 0.6304
vt 0.0879 0.5435
vt 0.652 0.1848
vt 0.652 0.1739
vt 0.2271 0.6304
vt 0.2088 0.2826
vt 0.9707 0.2826
vt 0.2088 0.3913
vt 0.2015 0.3913
vt 0.6117 0.7391
vt 0.7473 0.587
vt 0.7473 0.6304
vt 0.6886 0.587
vt 0.6886 0.6304
vt 0.9707 0.4565
vt -0 0.1087
vt 0.2967 0.2609
vt 0.293 0.25
vt 0.2821 0.2609
vt 0.4652 0.1848
vt 0.652 0.9674
vt 0.7949 0.0652
vt 0.8645 0.087
vt 0.7949 0.087
vt 0.2784 0.2826
vt 0.2967 0.2826
vt 0.652 0.25
vt 0.37 0.4783
vt 0.3663 0.9674
vt 0.0586 0.2283
vt 0.6117 0.8043
vt 0.3077 0.6087
vt 0.2857 0.6087
vt 0.3077 0.5435
vt 0.2857 0.5435
vt 0.652 0.8587
vt -0 0.0109
vt 0.0586 0.0109
vt 0.4066 0.2065
vt 0.685 0.0652
vt 0.685 0.0217
vt 0.7289 0.6522
vt 0.8498 0.7065
vt 0.8425 0.7065
vt 0.2674 0.9348
vt 0.2601 0.913
vt 0.2674 0.913
vt 0.2894 0.8478
vt 0.956 0.5652
vt 0.8938 0.587
vt 0.2747 0.8152
vt 0.3077 0.7065
vt 0.2747 0.1739
vt 0.2601 0.8478
vt 0.5861 0.7935
vt 0.5861 0.7826
vt 0.5714 0.8261
vt 0 0.0326
vt 0.0586 0.0217
vt 0.2747 0.2391
vt 0.2784 0.913
vt 0.2857 0.913
vt 0.9158 0.6304
vt 0.8425 0.6304
vt 0.2051 0.7826
vt 0.1282 0.7826
vt 0.5604 0.5217
vt 0.5311 0.4348
vt 0.6703 0.6304
vt 0.6703 0.6196
vt 0.967 0.587
vt 0.707 0.6848
vt 0.6996 0.6522
vt 0.7216 0.7609
vt 0.707 0.7826
vt 0.707 0.7609
vt 0.2747 0.0652
vt 0.6044 0.1739
vt 0.5311 0.1522
vt 0.6044 0.1522
vt 0.8168 0.8587
vt 0.8132 0.8587
vt 0.6703 0.5978
vt 0.3114 0.7935
vt 0.7216 0.6957
vt 0.707 0.6957
vt 0.9011 0.587
vt 0.0366 0.4674
vt 0.0366 0.4565
vt 0.3333 0.4674
vt 0.337 0.4239
vt 0.685 0.6522
vt 0.685 0.6957
vt 0.6117 0.8913
vt 0.9927 0.4565
vt 0.978 0.5217
vt 0.978 0.4565
vt 0.8425 0.6848
vt 0.2747 0.2609
vt 0.1282 0.7609
vt 0.2784 0.2609
vt 0.8645 0.6848
vt 0.2747 0.1304
vt 0.3114 0.8152
vt 0.6044 0.1087
vt 0.6044 0.087
vt 0.5311 0.1087
vt 0.7289 0.587
vt 0.6923 0.587
vt 0.8168 0.7935
vt 0.304 0.0435
vt 0.37 0.4239
vt 0.3663 0.4239
vt 0.2747 0.2826
vt 0.2747 0.3913
vt 0.619 0.7391
vt 0.1209 0.3478
vt 0.2674 0.2826
vt 0.2161 0.2609
vt 0.2674 0.2609
vt 0.5714 0.6522
vt 0 0.2283
vt 0.2857 0.4457
vt 0.2894 0.4457
vt 0.652 0.9783
vt 0.5714 0.8478
vt 0.5788 0.6739
vt 0.5788 0.8043
vt -0 0.25
vt 0.2747 0.1522
vt 0.1832 0.3478
vt 0.2857 0.7065
vt 0.2857 0.6413
vt 0.978 0.0652
vt 0.2821 0.3261
vt 0.6117 0.6739
vt 0.6081 0.8043
vt 0.6081 0.8261
vt 0.5604 0.5435
vt 0.5348 0.2283
vt 0.5311 0.25
vt 0.5311 0.2283
vt 0.3553 0.2935
vt 0.619 0.5217
vt 0.619 0.1739
vt 0.9634 0.7826
vt 0.619 0.1522
vt 0.6703 0.587
vt 0.707 0.7391
vt 0.9634 0.0217
vt 0.9341 0.0217
vt 0.619 0.413
vt 0.663 0.4565
vt 0.6484 0.3696
vt 0.2967 0.7283
vt 0.663 0.5652
vt 0.8645 0.0217
vt 0.9341 -0
vt 0.619 0.1087
vt 0.6484 0.087
vt 0.6484 0.1087
vt 0.619 0.087
vt 0.685 -0
vt 0.5311 0.2065
vt 0.5311 0.1848
vt 0.652 0.9348
vt 0.6996 0.087
vt 0.6996 0.1087
vt 0.2051 0.7609
vt 0.685 0.087
vt 0.7363 0.0652
vt 0.7363 0.087
vt 0.707 0.3696
vt 0.6777 0.4783
vt 0.8571 0.7065
vt 0.5238 0.1848
vt 0.044 0.4674
vt 0.8645 0.0652
vt 0.7216 0.7174
vt 0.9707 0.4674
vt 0.9707 0.5109
vt 1 0.5109
vt 0.9927 0.5217
vt 0.685 0.2174
vt 0.9707 0.0978
vt 0.9707 0.0761
vt 0.6777 0.6522
vt 0.6886 0.6522
vt 0.9634 -0
vt 0.7729 0.587
vt 0.7509 0.587
vt 0.3333 0.4239
vt 0.3297 0.4239
vt 0.6264 0.6087
vt 0.6703 0.6087
vt 0.293 0.7283
vt 0.304 0.4348
vt 0.304 0.4457
vt 0.956 0.5217
vt 0.5714 0.8696
vt 0.3333 0.9239
vt 0.5238 0.2065
vt 0.4652 0.2283
vt 0.4652 0.2065
vt 0.4652 0.3152
vt 0.4652 0.337
vt 0.2747 0.1087
vt 0 0.0761
vt 0.2161 0.2826
vt 0.2601 0.3043
vt 0.2747 0.9022
vt 0.2674 0.8804
vt 0.304 0.087
vt 0.4066 0.4565
vt 0.4066 0.3587
vt 0.3187 0.1848
vt 0.304 0.1413
vt 0.3004 0.2609
vt 0.3114 0.4239
vt -0 0.2065
vt 0.3114 0.1196
vt 0.37 0.1196
vt 0.304 0.4022
vt 0.3187 0.3587
vt 0.989 0.8587
vt 0.7216 0.7391
vt 0.967 0.6087
vt 0.5238 0.2609
vt 0.304 0.7174
vt 0.7363 -0
vt 0.2784 0.9022
vt 0.652 0.8152
vt 0.652 0.75
vt 0.5311 0.8043
vt 0.3004 0.9022
vt 0.6117 0.6087
vt 0.652 0.9239
vt 0.3114 -0
vt 0.7509 0.6522
vt 0 0.087
vt 0.7216 0.6522
vt 0.1978 0.6957
vt 0.652 0.7717
vt 0.7729 0.5978
vt 0.5311 0.8696
vt 0.1832 0.6957
vt 0.8645 0
vt 0.7692 0.587
vt 0.663 0.5
vt 0.044 0.5435
vt 0.2784 0.8478
vt 0.652 0.7935
vt 0.5311 -0
vt 0.37 0.5109
vt 0.3553 0.2826
vt 0.3077 0.4239
vt 0.9634 0.087
vt 0.5311 0.4565
vt 0.5238 0.337
vt 0.6996 0.1522
vt 0.7363 0.2609
vt 0.9853 0.8587
vt 0.2894 0.9022
vt -0 -0
vt 0.304 0.2826
vt 0 0.1739
vt -0 0.1304
vt 0.5604 0.6087
vt 0.044 0.4783
vt 0.5311 0.1196
vt 0.5311 0.4239
vt 0.2747 0
vt 0.2601 0.9348
vt 0.956 0.587
vt 0.2747 0.8043
vt 0.3077 0.6413
vt 0.6081 0.7935
vt 0 0.0217
vt 0.7216 0.7826
vt 0.5311 0.1739
vt 0.8645 0.6739
vt 0.37 0.4674
vt 0 0.2174
vt 0.2857 0.5109
vt 0.652 0.9891
vt -0 0.2391
vt 0.652 0.9457
vt 0.8645 0.7065
vt 1 0.4674
vt 0.3333 0.5217
vt 0.2894 0.4348
vt 0 0.0652
vt 0.2711 0.9022
vt -0 0.1957
s 1
f 153/199 159/200 158/201
f 267/202 277/203 266/204
f 654/205 656/206 652/207
f 162/208 147/209 145/210
f 270/211 280/212 269/213
f 277/203 265/214 266/215
f 285/216 273/217 274/218
f 137/219 165/220 139/221
f 275/222 285/216 274/223
f 352/224 356/225 348/226
f 282/227 270/228 271/229
f 280/212 268/230 269/231
f 483/232 397/233 482/234
f 191/235 186/236 312/237
f 184/238 203/239 315/240
f 613/241 914/242 905/243
f 210/244 200/245 209/246
f 182/247 212/248 201/249
f 187/250 189/251 208/252
f 242/253 231/254 243/255
f 170/256 157/257 158/258
f 314/259 202/260 199/261
f 214/262 196/263 198/264
f 303/265 278/266 279/267
f 314/268 197/269 213/270
f 592/271 261/272 262/273
f 188/274 206/275 207/276
f 315/277 202/260 313/278
f 214/279 190/280 215/281
f 193/282 210/283 205/284
f 312/285 190/280 191/235
f 260/286 252/287 261/272
f 188/274 208/288 189/251
f 217/283 238/289 222/284
f 201/249 202/260 203/239
f 229/290 243/255 231/254
f 221/291 239/292 237/293
f 242/253 225/294 230/295
f 184/296 181/297 183/298
f 498/299 407/300 470/301
f 247/302 229/303 228/304
f 221/275 245/305 220/276
f 225/306 235/307 226/308
f 217/244 233/309 236/310
f 858/311 721/312 820/313
f 164/314 143/315 141/316
f 264/317 276/318 287/319
f 155/320 156/321 133/322
f 272/323 282/227 271/324
f 264/325 286/326 275/327
f 273/328 283/329 272/330
f 153/199 157/257 155/320
f 143/315 162/331 145/332
f 135/333 156/334 167/335
f 167/336 137/219 135/333
f 165/337 141/316 139/221
f 149/338 159/339 151/340
f 295/341 272/323 271/324
f 684/342 681/343 683/344
f 206/291 192/345 204/346
f 466/347 465/348 462/349
f 774/350 768/351 773/352
f 907/353 136/354 878/355
f 193/282 204/346 192/345
f 243/255 237/293 239/292
f 679/356 682/357 680/358
f 748/359 740/360 738/361
f 726/362 836/363 813/364
f 657/365 656/206 658/366
f 319/367 337/368 320/369
f 776/370 769/371 789/372
f 232/373 218/246 216/374
f 700/375 695/376 696/377
f 465/348 460/378 458/379
f 324/380 338/381 339/382
f 321/383 343/384 322/385
f 179/386 166/387 167/336
f 548/388 543/389 544/390
f 804/391 346/392 803/393
f 416/394 424/395 413/396
f 172/397 176/398 169/399
f 518/400 527/401 517/402
f 434/403 476/404 475/405
f 481/406 397/233 398/407
f 487/408 391/409 392/410
f 393/411 487/408 392/410
f 433/412 473/413 432/414
f 524/415 519/416 520/417
f 510/418 507/419 506/420
f 147/209 160/421 149/338
f 423/422 381/423 382/424
f 402/425 430/426 429/427
f 391/409 489/428 390/429
f 415/430 425/431 411/432
f 299/433 264/325 275/327
f 431/434 417/435 410/436
f 413/437 444/438 445/439
f 607/440 612/441 608/442
f 418/443 414/444 412/445
f 177/446 164/447 165/337
f 301/448 276/318 277/203
f 288/449 265/450 264/317
f 414/444 440/451 412/445
f 624/452 627/453 628/454
f 168/455 156/321 157/456
f 417/435 444/457 410/436
f 415/430 443/458 442/459
f 472/460 408/461 409/462
f 551/463 550/351 549/464
f 234/465 226/308 235/307
f 454/466 447/467 418/443
f 795/468 791/469 796/470
f 455/471 449/472 411/432
f 518/400 503/473 504/474
f 456/475 450/476 413/396
f 786/477 780/478 784/479
f 457/480 452/481 431/434
f 698/376 693/482 697/377
f 468/483 463/484 464/485
f 457/378 446/486 452/487
f 669/488 668/489 670/490
f 292/491 269/231 268/230
f 715/492 714/493 713/494
f 171/495 158/201 159/200
f 596/496 603/497 604/498
f 467/499 462/349 463/484
f 537/463 534/388 533/500
f 502/501 513/502 503/473
f 522/503 516/504 523/505
f 433/506 475/405 474/507
f 524/415 521/508 522/503
f 501/509 514/510 502/501
f 495/511 500/512 494/513
f 490/514 388/515 389/516
f 484/517 394/518 395/519
f 383/520 423/422 382/424
f 403/521 429/427 428/522
f 504/474 513/502 512/523
f 404/524 426/525 405/526
f 400/527 430/426 401/528
f 394/529 486/530 393/411
f 279/267 267/531 268/532
f 496/533 491/534 492/535
f 527/401 515/536 517/402
f 420/537 384/538 385/539
f 480/540 388/515 479/541
f 489/428 389/516 390/429
f 587/542 586/543 585/544
f 779/545 782/546 781/547
f 419/548 387/549 418/443
f 498/550 492/535 493/551
f 528/552 516/504 515/536
f 426/525 406/553 405/526
f 483/232 395/519 396/554
f 384/538 422/555 383/520
f 509/556 501/509 507/419
f 481/406 399/557 480/540
f 505/558 510/418 506/420
f 403/521 427/559 404/524
f 419/548 385/539 386/560
f 491/534 499/561 495/511
f 332/562 859/563 868/564
f 815/565 732/566 838/567
f 532/568 534/388 536/569
f 832/570 728/571 840/572
f 531/573 533/500 529/389
f 763/574 234/465 232/373
f 533/500 530/390 529/389
f 549/575 546/569 545/279
f 801/576 800/577 802/578
f 540/579 535/279 536/569
f 542/568 548/388 544/390
f 701/580 695/581 699/582
f 541/573 547/500 545/583
f 443/584 441/585 442/459
f 539/464 538/586 537/463
f 258/587 591/588 263/589
f 675/590 674/591 676/592
f 697/593 691/594 695/581
f 724/595 705/596 706/597
f 643/598 845/599 835/600
f 401/528 381/423 400/527
f 448/601 455/602 454/603
f 415/430 387/549 406/553
f 799/604 798/605 800/577
f 328/606 645/607 317/608
f 357/609 365/610 358/611
f 568/612 850/613 561/469
f 666/614 664/615 663/616
f 562/469 567/612 565/470
f 290/617 267/202 266/204
f 571/618 567/612 564/619
f 568/612 572/618 563/619
f 289/620 266/215 265/214
f 294/621 271/229 270/228
f 337/368 321/383 320/369
f 554/622 557/623 558/624
f 576/625 579/626 580/627
f 600/628 595/629 592/271
f 297/630 274/218 273/217
f 839/631 730/632 831/572
f 560/633 555/634 556/635
f 584/636 587/542 583/637
f 804/391 328/606 317/608
f 814/638 347/639 821/640
f 714/493 752/641 734/642
f 442/459 414/444 415/430
f 665/643 662/644 660/645
f 169/646 167/335 156/334
f 405/526 385/539 404/524
f 713/494 751/647 715/492
f 713/648 734/649 733/650
f 257/587 596/588 593/651
f 904/652 140/653 913/654
f 686/655 672/656 684/657
f 331/658 849/659 859/660
f 464/485 461/661 460/662
f 782/546 777/663 781/547
f 867/664 718/665 828/666
f 730/667 705/668 723/669
f 247/302 227/670 246/671
f 395/519 433/672 432/673
f 683/674 669/488 671/675
f 670/490 684/342 672/656
f 636/676 639/677 640/678
f 696/593 694/594 698/581
f 687/442 673/679 675/590
f 674/591 688/680 676/592
f 552/586 547/500 548/388
f 658/366 649/681 657/365
f 242/253 239/292 238/289
f 375/682 367/683 368/684
f 700/580 702/582 704/685
f 701/580 699/582 703/685
f 654/205 648/686 650/687
f 723/688 724/595 737/689
f 739/690 725/691 740/360
f 897/692 148/688 873/693
f 192/345 198/264 196/263
f 565/468 561/469 562/694
f 333/695 645/696 328/697
f 197/269 211/698 213/270
f 579/626 578/699 580/627
f 309/404 284/700 285/216
f 380/701 372/702 373/703
f 298/704 294/705 290/706
f 379/707 371/708 372/702
f 633/709 630/710 629/711
f 600/712 605/713 606/714
f 557/715 555/634 559/716
f 762/717 232/373 216/248
f 764/718 223/719 234/465
f 765/720 219/252 244/721
f 759/722 246/671 227/723
f 740/724 872/725 856/726
f 646/727 317/608 645/696
f 233/309 240/728 236/310
f 682/357 668/489 680/358
f 296/729 273/328 272/330
f 783/730 781/547 785/731
f 457/732 450/733 456/734
f 709/354 706/597 705/596
f 782/546 790/735 778/736
f 788/737 781/547 777/663
f 789/738 780/478 776/370
f 779/545 787/739 775/740
f 852/741 719/742 833/743
f 798/612 834/613 793/619
f 588/744 582/745 586/746
f 797/612 841/613 792/469
f 339/382 325/747 324/380
f 797/612 801/618 794/619
f 798/612 802/618 800/577
f 855/748 906/749 893/750
f 855/748 882/751 854/752
f 756/753 828/666 722/754
f 808/755 881/756 862/757
f 902/751 616/241 847/758
f 341/759 821/640 326/760
f 139/221 901/761 137/219
f 854/752 882/751 905/243
f 743/762 840/572 729/632
f 844/763 897/692 826/764
f 919/765 809/766 869/767
f 739/768 831/572 727/571
f 169/399 168/769 172/397
f 168/769 170/770 172/397
f 170/770 171/771 172/397
f 172/397 173/772 174/773
f 174/773 175/774 176/398
f 176/398 177/775 178/776
f 178/776 179/777 176/398
f 179/777 169/399 176/398
f 862/757 918/778 843/779
f 191/235 181/780 186/236
f 184/238 183/298 203/239
f 701/580 697/593 695/581
f 210/244 195/781 200/245
f 182/247 185/717 212/248
f 187/250 180/782 189/251
f 843/783 918/784 904/652
f 375/682 374/785 367/683
f 314/259 313/278 202/260
f 214/262 211/698 196/263
f 298/786 299/787 275/222
f 314/268 199/261 197/269
f 311/507 310/405 286/326
f 188/274 194/788 206/275
f 315/277 203/239 202/260
f 214/279 198/264 190/280
f 193/282 195/781 210/283
f 312/285 215/281 190/280
f 914/242 919/765 869/767
f 305/789 304/790 280/212
f 217/283 236/310 238/289
f 319/791 830/792 804/391
f 229/290 241/793 243/255
f 221/291 224/346 239/292
f 242/253 240/728 225/294
f 443/584 440/794 441/585
f 906/749 638/795 817/758
f 247/302 241/793 229/303
f 221/275 237/293 245/305
f 225/306 240/728 235/307
f 217/244 218/246 233/309
f 882/751 817/758 613/241
f 835/600 640/678 639/796
f 855/748 891/797 866/798
f 847/758 894/750 902/751
f 888/799 807/800 876/801
f 151/340 877/802 149/338
f 141/316 910/803 139/221
f 319/791 804/391 316/804
f 843/783 904/652 825/805
f 863/806 900/807 844/763
f 859/660 321/808 322/809
f 147/209 898/810 145/210
f 886/811 610/812 609/813
f 865/814 866/798 917/815
f 518/400 517/402 503/473
f 206/291 194/788 192/345
f 290/706 289/816 288/817
f 288/817 299/818 290/706
f 299/818 298/704 290/706
f 816/819 638/795 637/820
f 297/821 296/822 294/705
f 296/822 295/823 294/705
f 294/705 293/824 292/825
f 292/825 291/826 294/705
f 291/826 290/706 294/705
f 403/521 402/425 429/427
f 384/538 421/827 422/555
f 439/828 438/829 445/439
f 288/449 289/830 265/450
f 902/751 879/243 616/241
f 328/697 329/831 330/832
f 898/833 825/805 888/799
f 331/834 332/835 333/695
f 137/219 901/761 887/836
f 484/517 485/837 394/518
f 319/367 336/838 337/368
f 844/763 900/807 897/692
f 880/749 920/839 871/798
f 897/692 150/596 148/688
f 763/574 764/718 234/465
f 324/380 323/840 338/381
f 321/383 342/841 343/384
f 874/842 884/843 812/844
f 876/801 807/800 861/845
f 842/846 822/847 346/392
f 822/847 803/393 346/392
f 273/328 284/700 283/329
f 348/226 349/848 352/224
f 349/848 350/849 352/224
f 350/849 351/850 352/224
f 352/224 353/851 354/852
f 354/852 355/853 356/225
f 356/225 357/854 358/855
f 358/855 359/856 356/225
f 359/856 348/226 356/225
f 807/800 907/353 861/845
f 812/844 884/843 908/797
f 826/764 873/693 808/755
f 866/798 891/797 917/815
f 813/364 735/857 708/858
f 861/845 878/355 848/859
f 896/860 611/861 610/812
f 609/813 890/842 886/811
f 162/208 161/862 147/209
f 741/863 838/567 720/864
f 908/797 627/865 812/844
f 905/243 864/866 854/752
f 753/867 820/313 717/868
f 272/323 283/329 282/227
f 172/397 174/773 176/398
f 155/320 157/456 156/321
f 149/338 160/869 159/339
f 264/317 265/450 276/318
f 264/325 287/319 286/326
f 404/524 427/559 426/525
f 753/867 858/311 820/313
f 739/768 839/631 831/572
f 887/836 806/870 875/871
f 165/337 164/447 141/316
f 524/415 520/417 521/508
f 876/801 861/845 910/803
f 911/872 843/779 898/810
f 849/659 320/873 321/808
f 464/485 463/484 461/661
f 863/806 895/874 900/807
f 418/443 412/445 454/466
f 412/445 448/875 454/466
f 910/803 861/845 848/859
f 411/432 425/431 455/471
f 425/431 446/876 455/471
f 852/741 745/877 719/742
f 413/396 424/395 456/475
f 424/395 451/878 456/475
f 579/626 577/879 578/699
f 431/434 410/436 457/480
f 410/436 453/880 457/480
f 505/558 511/881 510/418
f 823/882 324/883 326/760
f 798/612 791/469 834/613
f 607/440 611/861 612/441
f 339/382 340/884 325/747
f 832/570 744/885 728/571
f 177/446 176/886 164/447
f 170/256 168/887 157/257
f 303/265 302/888 278/266
f 906/749 817/758 893/750
f 143/315 876/801 141/316
f 638/795 906/749 916/839
f 137/219 887/836 135/333
f 275/222 286/326 285/216
f 874/842 809/752 811/748
f 285/216 284/700 273/217
f 153/199 889/889 151/340
f 155/320 899/890 153/199
f 270/211 281/891 280/212
f 910/803 848/859 901/761
f 316/804 804/391 803/393
f 825/805 913/654 807/800
f 855/748 890/842 883/843
f 149/338 911/872 147/209
f 135/333 875/871 133/322
f 824/892 892/893 806/870
f 267/202 278/266 277/203
f 806/870 895/874 863/806
f 909/894 612/441 611/861
f 277/203 276/318 265/214
f 714/493 716/895 752/641
f 823/882 805/896 324/883
f 854/752 896/860 886/811
f 654/205 658/366 656/206
f 914/242 869/767 864/866
f 880/749 871/798 811/748
f 145/332 888/799 143/315
f 868/564 322/897 323/898
f 880/749 847/758 639/795
f 137/219 166/899 165/220
f 874/842 812/844 612/813
f 848/859 885/900 824/892
f 153/199 151/340 159/200
f 133/322 912/901 155/320
f 414/444 441/585 440/451
f 807/800 913/654 907/353
f 532/568 530/390 534/388
f 904/652 142/650 140/653
f 531/573 535/583 533/500
f 379/707 378/902 371/708
f 686/655 674/591 672/656
f 882/751 613/241 905/243
f 551/903 549/904 545/583
f 882/751 893/750 817/758
f 542/568 546/569 548/388
f 405/526 386/560 385/539
f 541/573 543/389 547/500
f 887/836 824/892 806/870
f 331/658 330/905 849/659
f 903/815 870/814 627/865
f 724/595 723/688 705/596
f 865/814 917/815 626/865
f 480/540 399/557 388/515
f 700/580 696/593 698/581
f 554/622 553/389 557/623
f 782/546 778/736 777/663
f 636/676 635/906 639/677
f 549/575 550/579 546/569
f 597/907 618/908 598/909
f 316/804 318/910 319/791
f 732/911 858/912 838/913
f 568/612 563/619 850/613
f 561/469 566/470 568/612
f 419/548 386/560 387/549
f 860/613 567/612 562/469
f 502/501 514/510 513/502
f 571/618 569/577 567/612
f 568/612 570/577 572/618
f 289/620 290/914 266/215
f 713/648 714/915 734/649
f 911/872 862/757 843/779
f 867/664 754/916 718/665
f 576/625 575/917 579/626
f 740/724 725/918 872/725
f 804/391 830/792 328/606
f 153/199 899/890 889/889
f 724/919 706/920 719/921
f 584/636 588/744 587/542
f 324/883 325/922 326/760
f 820/313 718/665 717/868
f 327/923 646/415 333/924
f 851/925 347/639 814/638
f 821/640 823/882 326/760
f 746/926 833/743 731/927
f 501/509 508/928 514/510
f 527/401 528/552 515/536
f 896/860 909/894 611/861
f 490/514 479/541 388/515
f 889/889 808/755 877/802
f 891/797 883/843 857/844
f 649/681 653/929 657/365
f 639/795 847/758 835/930
f 658/366 654/931 650/932
f 779/545 780/478 782/546
f 496/533 497/933 491/534
f 509/556 508/928 501/509
f 588/744 584/636 582/745
f 551/463 552/586 550/351
f 596/496 595/629 603/497
f 333/695 646/727 645/696
f 539/464 540/351 538/586
f 279/267 278/266 267/531
f 683/674 681/934 669/488
f 670/490 682/935 684/342
f 745/877 832/570 743/762
f 811/748 902/751 894/750
f 687/442 685/936 673/679
f 674/591 686/937 688/680
f 902/751 809/752 879/243
f 817/758 642/938 613/241
f 169/646 179/939 167/335
f 886/811 896/860 610/812
f 420/537 421/827 384/538
f 724/595 708/940 735/941
f 737/689 707/942 723/688
f 724/595 735/941 737/689
f 754/916 833/943 719/921
f 898/833 843/783 825/805
f 813/364 836/363 735/857
f 498/550 496/533 492/535
f 874/842 915/811 809/752
f 786/477 782/546 780/478
f 257/587 260/589 596/588
f 415/430 406/553 425/431
f 292/491 293/944 269/231
f 625/945 865/946 626/947
f 908/797 903/815 627/865
f 860/613 564/619 567/612
f 738/361 744/948 748/359
f 749/949 739/690 740/360
f 815/565 739/768 742/950
f 696/593 692/482 694/594
f 762/717 763/574 232/373
f 764/718 761/951 223/719
f 765/720 760/250 219/252
f 759/722 766/952 246/671
f 806/870 892/893 895/874
f 383/520 422/555 423/422
f 147/209 161/953 160/421
f 197/269 196/263 211/698
f 743/762 832/570 840/572
f 423/422 424/395 381/423
f 309/404 308/954 284/700
f 491/534 497/933 499/561
f 782/546 786/955 790/735
f 788/737 785/956 781/547
f 789/738 784/957 780/478
f 779/545 783/958 787/739
f 299/433 288/959 264/325
f 798/612 796/470 791/469
f 155/320 912/901 899/890
f 792/469 795/470 797/612
f 533/500 534/388 530/390
f 797/612 799/577 801/618
f 798/612 793/619 802/618
f 918/784 142/650 904/652
f 551/903 545/583 547/500
f 175/960 162/331 163/961
f 188/274 191/235 190/280
f 311/507 286/326 287/319
f 305/789 280/212 281/891
f 202/260 195/781 199/261
f 700/580 698/581 702/582
f 724/919 719/921 729/962
f 302/888 277/203 278/266
f 624/452 617/963 620/964
f 304/790 279/267 280/212
f 683/965 686/655 684/657
f 298/786 275/222 274/223
f 439/828 445/439 444/438
f 575/917 574/966 573/967
f 741/863 839/631 815/565
f 247/302 244/721 245/305
f 333/924 868/564 805/896
f 451/968 454/969 456/970
f 462/349 458/379 459/971
f 340/884 326/760 325/747
f 615/972 879/973 919/765
f 491/534 399/557 492/535
f 556/974 553/389 554/622
f 778/736 770/975 774/350
f 539/904 533/500 535/583
f 895/874 152/976 900/807
f 765/720 246/671 766/952
f 456/970 455/977 457/378
f 494/513 478/978 437/979
f 463/484 459/971 461/661
f 390/429 435/980 391/409
f 176/981 163/982 164/314
f 873/693 146/983 881/756
f 310/405 285/216 286/326
f 181/297 182/247 183/298
f 468/984 466/347 467/985
f 567/986 566/470 565/987
f 376/988 368/684 369/989
f 797/986 796/470 798/612
f 253/990 257/587 248/991
f 900/807 150/596 897/692
f 254/990 258/587 263/589
f 676/592 690/992 678/993
f 564/994 572/578 571/576
f 702/995 697/377 701/375
f 703/609 700/375 704/996
f 702/995 703/996 704/609
f 362/997 351/998 350/999
f 913/654 138/1000 907/353
f 258/1001 250/1002 259/1003
f 237/293 247/302 245/305
f 404/524 384/538 403/521
f 448/601 411/1004 449/1005
f 677/1006 676/592 678/993
f 195/781 197/269 199/261
f 545/279 542/568 541/1007
f 366/1008 348/376 359/1009
f 569/604 568/605 567/1010
f 335/1011 319/367 318/1012
f 762/1013 765/1014 763/574
f 666/614 661/1015 662/1016
f 300/1017 287/319 276/318
f 644/1018 614/1019 641/1020
f 577/879 575/1021 573/469
f 881/756 144/1022 918/778
f 358/611 366/1008 359/1009
f 234/465 233/309 232/373
f 378/902 370/1023 371/708
f 746/1024 748/359 744/948
f 585/544 583/1025 587/542
f 885/900 132/1026 892/893
f 558/624 559/281 560/1027
f 402/425 382/424 401/528
f 256/1028 248/753 257/1029
f 256/1028 250/1002 249/1030
f 521/508 506/420 507/419
f 683/1031 673/679 685/1032
f 440/794 411/1004 412/1033
f 733/650 712/1034 711/653
f 416/394 439/828 417/435
f 759/1035 764/718 766/1036
f 652/207 647/1037 648/1038
f 306/561 281/1039 282/227
f 193/282 196/263 197/269
f 517/402 502/501 503/473
f 330/905 837/1040 849/659
f 651/1041 649/1042 647/1043
f 396/554 432/673 409/1044
f 173/1045 160/421 161/953
f 775/740 767/1046 771/1047
f 293/1048 270/211 269/213
f 240/728 238/289 236/310
f 393/411 435/980 434/1049
f 408/1050 399/557 398/407
f 389/516 436/1051 390/429
f 174/1052 161/862 162/208
f 409/1044 398/407 397/233
f 892/893 154/1053 895/874
f 329/1054 830/792 837/1040
f 908/797 871/798 903/815
f 777/663 768/1055 788/1056
f 409/1044 397/233 396/554
f 640/678 633/1057 636/676
f 744/948 726/1058 728/1037
f 471/1059 407/551 408/461
f 437/513 477/954 436/1060
f 436/1060 476/404 435/1061
f 779/545 776/370 780/478
f 644/1018 816/819 845/599
f 254/990 262/273 255/1062
f 736/1063 720/1064 730/1065
f 381/423 417/435 400/527
f 406/553 386/560 405/526
f 673/679 672/656 674/591
f 872/725 730/667 707/1066
f 554/622 560/633 556/635
f 307/512 282/227 283/329
f 591/1067 600/628 592/271
f 259/1003 590/1068 258/1001
f 183/298 201/249 203/239
f 416/394 445/1069 438/829
f 589/1070 598/909 590/1068
f 689/1071 675/590 677/1006
f 331/834 328/697 330/832
f 696/377 691/1072 692/482
f 636/1073 629/711 632/1074
f 590/1075 599/1076 591/588
f 593/651 604/1076 601/1077
f 550/1078 548/388 546/569
f 260/286 595/629 596/496
f 263/589 592/271 262/273
f 606/714 603/1079 600/712
f 810/1080 631/1081 632/1074
f 594/1082 601/1083 602/1084
f 256/1028 593/1085 594/1082
f 515/536 501/509 502/501
f 606/714 609/813 610/812
f 619/1086 624/452 620/964
f 745/877 729/1087 719/1088
f 291/1089 268/532 267/531
f 571/576 570/577 569/604
f 664/615 660/550 659/460
f 656/206 651/1041 652/207
f 602/1084 619/1090 620/1091
f 377/1092 369/989 370/1023
f 618/1093 621/1094 622/1095
f 818/1096 605/1097 599/1076
f 583/637 582/1098 584/636
f 621/1094 626/947 622/1095
f 867/664 731/1099 833/943
f 334/1100 318/1012 316/804
f 853/1101 630/710 865/946
f 432/414 472/460 409/462
f 536/569 531/1007 532/568
f 361/1102 349/1072 348/376
f 641/1020 827/930 816/819
f 610/812 607/440 606/714
f 642/1103 614/1019 613/1104
f 644/1018 616/1105 615/1106
f 628/454 621/1094 624/452
f 238/289 224/346 222/284
f 201/249 209/246 200/245
f 715/492 753/867 717/868
f 618/1107 599/1076 598/1077
f 633/1057 638/1108 634/1109
f 823/882 333/924 805/896
f 687/1110 686/937 685/1111
f 890/842 854/752 886/811
f 604/1076 608/1097 846/1096
f 630/710 916/839 866/798
f 817/758 638/795 827/930
f 847/758 643/938 835/930
f 880/749 811/748 894/750
f 920/839 639/795 631/710
f 188/274 207/276 208/288
f 765/1014 764/718 763/574
f 516/504 507/419 501/509
f 181/780 189/251 180/782
f 635/1112 632/1074 631/1081
f 679/1113 669/488 681/1114
f 594/1082 259/1003 256/1028
f 632/1074 853/1101 810/1080
f 308/954 283/329 284/700
f 187/1115 182/247 180/1116
f 620/1091 597/907 602/1084
f 663/616 659/1117 661/1118
f 538/1119 536/569 534/388
f 687/1110 690/992 688/680
f 852/741 744/885 832/570
f 771/1047 769/1120 772/1121
f 602/1084 589/1070 594/1082
f 778/736 773/352 777/663
f 338/381 322/385 343/384
f 614/1122 919/765 914/242
f 495/511 388/515 491/534
f 394/529 434/1049 433/1123
f 245/305 219/1124 220/276
f 403/521 383/520 402/425
f 728/1125 829/1126 840/1127
f 819/1128 831/1129 730/667
f 878/355 134/1130 885/900
f 178/1131 165/220 166/899
f 653/1132 655/1133 657/365
f 469/1134 464/1135 465/348
f 721/312 828/666 820/313
f 671/675 670/490 672/656
f 711/653 710/1136 709/354
f 716/895 754/916 752/641
f 603/1079 608/442 604/497
f 838/913 753/1137 720/1138
f 753/1137 751/1035 720/1138
f 710/1139 712/1140 706/920
f 749/949 742/1141 739/690
f 733/1142 705/668 751/1035
f 198/264 188/274 190/280
f 172/1143 159/339 160/869
f 706/920 734/1144 752/1145
f 705/668 711/1146 709/1147
f 262/273 252/287 255/1062
f 453/1148 413/437 450/733
f 717/868 716/895 715/492
f 360/1149 350/999 349/1072
f 580/627 574/745 576/625
f 794/994 802/578 793/1150
f 738/1151 856/726 836/363
f 520/417 505/558 506/420
f 774/350 770/1152 768/351
f 624/452 623/1153 627/453
f 393/411 486/530 487/408
f 587/542 588/744 586/543
f 466/347 469/1154 465/348
f 193/282 205/284 204/346
f 524/415 525/923 519/416
f 816/819 827/930 638/795
f 417/435 439/828 444/457
f 297/630 298/1155 274/218
f 657/365 655/1133 656/206
f 888/799 825/805 807/800
f 880/749 894/750 847/758
f 433/506 434/403 475/405
f 862/757 881/756 918/778
f 294/621 295/1156 271/229
f 861/845 907/353 878/355
f 242/253 243/255 239/292
f 504/474 503/473 513/502
f 400/527 431/434 430/426
f 418/443 387/549 414/444
f 192/345 194/788 198/264
f 487/408 488/1157 391/409
f 811/748 809/752 902/751
f 489/428 490/514 389/516
f 380/701 379/707 372/702
f 826/764 897/692 873/693
f 839/631 736/1063 730/632
f 141/316 876/801 910/803
f 859/660 849/659 321/808
f 442/459 441/585 414/444
f 855/748 893/750 882/751
f 891/797 626/865 917/815
f 835/600 845/599 640/678
f 510/418 509/556 507/419
f 247/302 228/304 227/670
f 665/643 666/614 662/644
f 301/448 300/1017 276/318
f 666/614 665/643 664/615
f 658/366 650/932 649/681
f 431/434 400/527 417/435
f 253/990 260/589 257/587
f 415/430 411/432 443/458
f 254/990 251/991 258/587
f 874/842 612/813 915/811
f 804/391 317/608 346/392
f 468/483 467/1158 463/484
f 448/601 449/1005 455/602
f 854/752 864/866 896/860
f 799/604 797/1010 798/605
f 433/412 474/1159 473/413
f 416/394 381/423 424/395
f 290/617 291/1160 267/202
f 139/221 910/803 901/761
f 825/805 904/652 913/654
f 537/463 538/586 534/388
f 560/633 559/716 555/634
f 713/494 733/1161 751/647
f 434/403 435/1061 476/404
f 522/503 521/508 516/504
f 919/765 879/973 809/766
f 903/815 871/798 870/814
f 797/612 794/619 841/613
f 679/356 681/1162 682/357
f 683/965 685/685 686/655
f 730/667 720/1138 705/668
f 243/255 241/793 237/293
f 179/386 178/1163 166/387
f 855/748 883/843 891/797
f 684/342 682/935 681/343
f 905/243 914/242 864/866
f 302/888 301/448 277/203
f 907/353 138/1000 136/354
f 600/628 603/497 595/629
f 391/409 488/1157 489/428
f 415/430 414/444 387/549
f 357/609 364/1164 365/610
f 465/348 464/1135 460/378
f 258/587 590/1075 591/588
f 518/400 526/1165 527/401
f 746/926 852/741 833/743
f 295/341 296/1166 272/323
f 552/586 551/463 547/500
f 741/863 815/565 838/567
f 748/359 749/949 740/360
f 147/209 911/872 898/810
f 669/488 667/1167 668/489
f 341/759 814/638 821/640
f 495/511 499/561 500/512
f 232/373 233/309 218/246
f 337/368 342/841 321/383
f 402/425 401/528 430/426
f 149/338 877/802 911/872
f 395/519 394/518 433/672
f 741/863 736/1063 839/631
f 880/749 639/795 920/839
f 726/362 813/364 829/1126
f 394/529 485/1168 486/530
f 435/980 392/410 391/409
f 776/370 772/1121 769/371
f 575/917 576/625 574/966
f 389/516 495/511 437/979
f 495/511 494/513 437/979
f 332/562 331/1169 859/563
f 811/748 908/797 884/843
f 457/732 453/1148 450/733
f 628/454 870/1170 810/1080
f 845/599 637/820 640/678
f 837/1040 319/791 320/873
f 875/871 863/806 912/901
f 745/877 852/741 832/570
f 682/357 670/490 668/489
f 457/378 455/977 446/486
f 528/552 523/505 516/504
f 709/354 710/1136 706/597
f 700/375 699/995 695/376
f 754/916 867/664 833/943
f 493/551 492/535 407/300
f 492/535 399/557 407/300
f 801/576 799/604 800/577
f 548/388 547/500 543/389
f 242/253 230/295 231/254
f 869/767 915/1171 909/894
f 756/753 867/664 828/666
f 899/890 826/764 889/889
f 912/901 844/763 899/890
f 810/1080 625/945 628/454
f 347/639 823/882 821/640
f 188/274 189/251 191/235
f 600/712 599/1172 605/713
f 613/241 614/1122 914/242
f 483/232 396/554 397/233
f 643/598 644/1018 845/599
f 345/1173 814/638 341/759
f 877/802 862/757 911/872
f 557/715 553/1174 555/634
f 280/212 279/267 268/230
f 334/1100 803/393 822/847
f 805/896 323/898 324/883
f 296/729 297/1175 273/328
f 164/314 163/982 143/315
f 858/311 755/1176 721/312
f 715/492 716/895 714/493
f 481/406 482/234 397/233
f 540/579 539/575 535/279
f 234/465 223/1177 226/308
f 890/842 857/844 883/843
f 836/363 737/1178 735/857
f 726/362 738/1151 836/363
f 498/299 493/551 407/300
f 184/296 186/1179 181/297
f 646/727 327/923 317/608
f 167/336 166/387 137/219
f 135/333 133/322 156/334
f 145/332 898/833 888/799
f 282/227 281/1039 270/228
f 352/224 354/852 356/225
f 633/709 634/1180 630/710
f 675/590 673/679 674/591
f 732/911 755/1181 858/912
f 783/730 779/545 781/547
f 864/866 909/894 896/860
f 727/1182 819/1128 725/918
f 233/309 235/307 240/728
f 202/260 200/245 195/781
f 597/907 617/1183 618/908
f 612/813 846/1096 608/1097
f 201/249 200/245 202/260
f 729/962 840/1127 829/1126
f 901/761 824/892 887/836
f 304/790 303/265 279/267
f 609/813 818/1096 622/1184
f 634/1180 638/795 630/710
f 906/749 866/798 916/839
f 622/1184 857/844 609/813
f 623/1184 812/844 627/865
f 874/842 811/748 884/843
f 639/795 635/1180 631/710
f 619/1107 601/1077 604/1076
f 413/437 410/1185 444/438
f 625/945 853/1101 865/946
f 817/758 827/930 642/938
f 697/593 693/482 691/594
f 467/499 466/1186 462/349
f 808/755 873/693 881/756
f 868/564 859/563 322/897
f 624/452 621/1094 617/963
f 654/205 652/207 648/686
f 795/468 792/694 791/469
f 481/406 398/407 399/557
f 175/960 174/1187 162/331
f 739/690 727/1188 725/691
f 698/376 694/1072 693/482
f 909/894 915/1171 612/441
f 401/528 382/424 381/423
f 419/548 420/537 385/539
f 848/859 878/355 885/900
f 171/495 170/1189 158/201
f 815/565 742/950 732/566
f 247/302 246/671 244/721
f 143/315 888/799 876/801
f 135/333 887/836 875/871
f 813/364 729/962 829/1126
f 708/858 724/919 729/962
f 730/667 723/669 707/1066
f 872/725 725/918 819/1128
f 168/455 169/1190 156/321
f 565/468 566/470 561/469
f 856/726 707/1066 737/1178
f 592/271 595/629 261/272
f 824/892 885/900 892/893
f 815/565 839/631 739/768
f 133/322 875/871 912/901
f 260/286 253/1191 252/287
f 344/1192 822/847 842/846
f 719/921 706/920 752/1145
f 752/1145 754/916 719/921
f 143/315 163/961 162/331
f 756/753 758/1193 731/1099
f 751/1035 705/668 720/1138
f 327/923 346/392 317/608
f 732/911 757/1194 755/1181
f 153/199 158/258 157/257
f 820/313 828/666 718/665
f 733/1142 711/1146 705/668
f 298/704 297/821 294/705
f 151/340 889/889 877/802
f 706/920 712/1140 734/1144
f 472/460 471/1059 408/461
f 403/521 428/522 427/559
f 333/924 332/562 868/564
f 889/889 826/764 808/755
f 849/659 837/1040 320/873
f 483/232 484/517 395/519
f 918/784 144/1195 142/650
f 426/525 425/431 406/553
f 775/740 772/1121 776/370
f 451/968 447/1196 454/969
f 462/349 465/348 458/379
f 340/884 341/759 326/760
f 615/972 616/1197 879/973
f 491/534 388/515 399/557
f 556/974 555/1198 553/389
f 778/736 790/1199 770/975
f 539/904 537/903 533/500
f 895/874 154/1053 152/976
f 765/720 244/721 246/671
f 456/970 454/969 455/977
f 494/513 500/1200 478/978
f 463/484 462/349 459/971
f 390/429 436/1051 435/980
f 176/981 175/1201 163/982
f 873/693 148/688 146/983
f 310/405 309/404 285/216
f 181/297 180/1116 182/247
f 468/984 469/1154 466/347
f 567/986 568/612 566/470
f 376/988 375/682 368/684
f 797/986 795/987 796/470
f 900/807 152/976 150/596
f 676/592 688/680 690/992
f 564/994 563/1150 572/578
f 702/995 698/376 697/377
f 703/609 699/995 700/375
f 702/995 701/375 703/996
f 362/997 363/1202 351/998
f 913/654 140/653 138/1000
f 258/1001 251/1203 250/1002
f 237/293 241/793 247/302
f 404/524 385/539 384/538
f 448/601 412/1033 411/1004
f 677/1006 675/590 676/592
f 195/781 193/282 197/269
f 545/279 546/569 542/568
f 366/1008 361/1102 348/376
f 569/604 570/577 568/605
f 335/1011 336/838 319/367
f 762/1013 760/1115 765/1014
f 666/614 663/616 661/1015
f 300/1017 311/507 287/319
f 644/1018 615/1106 614/1019
f 577/879 579/626 575/1021
f 881/756 146/983 144/1022
f 358/611 365/610 366/1008
f 234/465 235/307 233/309
f 378/902 377/1092 370/1023
f 746/1024 747/942 748/359
f 585/544 581/1204 583/1025
f 885/900 134/1130 132/1026
f 558/624 557/623 559/281
f 402/425 383/520 382/424
f 256/1028 249/1030 248/753
f 256/1028 259/1003 250/1002
f 521/508 520/417 506/420
f 683/1031 671/675 673/679
f 440/794 443/584 411/1004
f 733/650 734/649 712/1034
f 416/394 438/829 439/828
f 759/1035 761/1205 764/718
f 652/207 651/1041 647/1037
f 306/561 305/933 281/1039
f 193/282 192/345 196/263
f 517/402 515/536 502/501
f 330/905 329/1054 837/1040
f 651/1041 653/1132 649/1042
f 396/554 395/519 432/673
f 173/1045 172/1206 160/421
f 775/740 787/1207 767/1046
f 293/1048 294/1208 270/211
f 240/728 242/253 238/289
f 393/411 392/410 435/980
f 408/1050 407/300 399/557
f 389/516 437/979 436/1051
f 174/1052 173/1209 161/862
f 409/1044 408/1050 398/407
f 892/893 132/1026 154/1053
f 329/1054 328/606 830/792
f 777/663 773/352 768/1055
f 640/678 637/820 633/1057
f 744/948 738/361 726/1058
f 471/1059 470/550 407/551
f 437/513 478/512 477/954
f 436/1060 477/954 476/404
f 779/545 775/740 776/370
f 644/1018 641/1020 816/819
f 254/990 263/589 262/273
f 736/1063 741/863 720/1064
f 381/423 416/394 417/435
f 406/553 387/549 386/560
f 673/679 671/675 672/656
f 872/725 819/1128 730/667
f 554/622 558/624 560/633
f 307/512 306/561 282/227
f 591/1067 599/712 600/628
f 259/1003 589/1070 590/1068
f 183/298 182/247 201/249
f 416/394 413/396 445/1069
f 589/1070 597/907 598/909
f 689/1071 687/442 675/590
f 331/834 333/695 328/697
f 696/377 695/376 691/1072
f 636/1073 633/709 629/711
f 590/1075 598/1077 599/1076
f 593/651 596/588 604/1076
f 550/1078 552/1119 548/388
f 260/286 261/272 595/629
f 263/589 591/1067 592/271
f 606/714 607/440 603/1079
f 810/1080 870/1170 631/1081
f 594/1082 593/1085 601/1083
f 256/1028 257/1029 593/1085
f 515/536 516/504 501/509
f 606/714 605/713 609/813
f 619/1086 623/1153 624/452
f 745/877 743/762 729/1087
f 291/1089 292/1210 268/532
f 571/576 572/578 570/577
f 664/615 665/643 660/550
f 656/206 655/1133 651/1041
f 602/1084 601/1083 619/1090
f 377/1092 376/988 369/989
f 618/1093 617/963 621/1094
f 599/1076 618/1107 818/1096
f 618/1107 622/1184 818/1096
f 583/637 581/1211 582/1098
f 621/1094 625/945 626/947
f 867/664 756/753 731/1099
f 334/1100 335/1011 318/1012
f 853/1101 629/711 630/710
f 432/414 473/413 472/460
f 536/569 535/279 531/1007
f 361/1102 360/1149 349/1072
f 641/1020 642/938 827/930
f 610/812 611/861 607/440
f 642/1103 641/1020 614/1019
f 644/1018 643/1212 616/1105
f 628/454 625/945 621/1094
f 238/289 239/292 224/346
f 201/249 212/1213 209/246
f 715/492 751/647 753/867
f 633/1057 637/820 638/1108
f 823/882 327/923 333/924
f 687/1110 688/680 686/937
f 890/842 855/748 854/752
f 623/1184 619/1107 846/1096
f 619/1107 604/1076 846/1096
f 866/798 865/814 630/710
f 630/710 638/795 916/839
f 847/758 616/241 643/938
f 870/814 871/798 631/710
f 871/798 920/839 631/710
f 765/1014 766/1036 764/718
f 516/504 521/508 507/419
f 181/780 191/235 189/251
f 635/1112 636/1073 632/1074
f 679/1113 667/1167 669/488
f 594/1082 589/1070 259/1003
f 632/1074 629/711 853/1101
f 308/954 307/512 283/329
f 187/1115 185/1013 182/247
f 620/1091 617/1183 597/907
f 663/616 664/615 659/1117
f 538/1119 540/1078 536/569
f 687/1110 689/616 690/992
f 852/741 746/926 744/885
f 771/1047 767/1214 769/1120
f 602/1084 597/907 589/1070
f 778/736 774/350 773/352
f 338/381 323/840 322/385
f 614/1122 615/972 919/765
f 495/511 389/516 388/515
f 394/529 393/411 434/1049
f 245/305 244/721 219/1124
f 403/521 384/538 383/520
f 728/1125 726/362 829/1126
f 878/355 136/354 134/1130
f 178/1131 177/1215 165/220
f 653/1132 651/1041 655/1133
f 469/1134 468/1216 464/1135
f 721/312 722/754 828/666
f 671/675 669/488 670/490
f 711/653 712/1034 710/1136
f 716/895 718/665 754/916
f 603/1079 607/440 608/442
f 838/913 858/912 753/1137
f 749/949 750/940 742/1141
f 198/264 194/788 188/274
f 172/1143 171/1217 159/339
f 262/273 261/272 252/287
f 453/1148 410/1185 413/437
f 717/868 718/665 716/895
f 360/1149 362/997 350/999
f 580/627 578/746 574/745
f 794/994 801/576 802/578
f 738/1151 740/724 856/726
f 520/417 519/416 505/558
f 891/797 857/844 626/865
f 811/748 871/798 908/797
f 628/454 627/453 870/1170
f 845/599 816/819 637/820
f 837/1040 830/792 319/791
f 875/871 806/870 863/806
f 869/767 809/766 915/1171
f 899/890 844/763 826/764
f 912/901 863/806 844/763
f 810/1080 853/1101 625/945
f 347/639 327/923 823/882
f 345/1173 851/925 814/638
f 877/802 808/755 862/757
f 334/1100 316/804 803/393
f 805/896 868/564 323/898
f 890/842 609/813 857/844
f 836/363 856/726 737/1178
f 864/866 869/767 909/894
f 727/1182 831/1129 819/1128
f 612/813 623/1184 846/1096
f 901/761 848/859 824/892
f 609/813 605/1097 818/1096
f 906/749 855/748 866/798
f 622/1184 626/865 857/844
f 623/1184 612/813 812/844
f 813/364 708/858 729/962
f 856/726 872/725 707/1066
f 344/1192 334/1100 822/847
f 327/923 347/639 346/392
f 775/740 771/1047 772/1121
o IronSight
v 0.1875 1.375 -0.125
v -0.1875 1.375 -0.125
v 0.1875 1.375 -0.625
v -0.1875 1.375 -0.625
v 0.1875 1.4375 -0.125
v -0.1875 1.4375 -0.125
v -0.125 1.4375 -0.125
v -0.125 1.4375 -0.625
v 0.125 1.4375 -0.125
v 0.125 1.4375 -0.625
v 0.1875 1.5625 -0.625
v -0.1875 1.5625 -0.625
v -0.125 1.5625 -0.625
v 0.125 1.5625 -0.625
v 0 1.6875 -0.25
v -0.0884 1.6509 -0.25
v -0.125 1.5625 -0.25
v 0 1.4375 -0.3125
v 0 1.4375 -0.25
v 0.125 1.5625 -0.25
v 0.0884 1.6509 -0.25
v 0 1.6562 -0.25
v -0.0663 1.6288 -0.25
v -0.0938 1.5625 -0.25
v -0.0663 1.4962 -0.25
v 0 1.4688 -0.25
v 0.0663 1.4962 -0.25
v 0.0938 1.5625 -0.25
v 0.0663 1.6288 -0.25
v -0.125 1.4375 -0.25
v 0.125 1.4375 -0.25
v 0 1.6875 -0.3125
v -0.0884 1.6509 -0.3125
v -0.125 1.5625 -0.3125
v 0.125 1.5625 -0.3125
v 0.0884 1.6509 -0.3125
v 0 1.6562 -0.3125
v -0.0663 1.6288 -0.3125
v -0.0938 1.5625 -0.3125
v -0.0663 1.4962 -0.3125
v 0 1.4688 -0.3125
v 0.0663 1.4962 -0.3125
v 0.0938 1.5625 -0.3125
v 0.0663 1.6288 -0.3125
v -0.125 1.4375 -0.3125
v 0.125 1.4375 -0.3125
v 0.1875 1.25 -0.125
v -0.1875 1.25 -0.125
v 0.1875 1.25 -0.75
v -0.1875 1.25 -0.75
v 0.125 1.375 -0.1875
v -0.125 1.375 -0.1875
v 0.125 1.375 -0.5625
v -0.125 1.375 -0.5625
v 0.1875 1.5259 -0.4116
v 0.1875 1.5625 -0.5
v 0.1875 1.5259 -0.5884
v 0.1875 1.4375 -0.625
v 0.1875 1.4375 -0.375
v 0.1875 1.3491 -0.4116
v 0.1875 1.3125 -0.5
v 0.1875 1.3491 -0.5884
v 0.25 1.4375 -0.625
v 0.25 1.3491 -0.5884
v 0.25 1.3125 -0.5
v 0.25 1.3491 -0.4116
v 0.25 1.4375 -0.375
v 0.25 1.5625 -0.5
v 0.25 1.5259 -0.5884
v 0.25 1.5259 -0.4116
v -0.1875 1.5259 -0.4116
v -0.1875 1.5259 -0.5884
v -0.1875 1.5625 -0.5
v -0.1875 1.4375 -0.375
v -0.1875 1.3491 -0.4116
v -0.1875 1.3125 -0.5
v -0.1875 1.3491 -0.5884
v -0.1875 1.4375 -0.625
v -0.25 1.3491 -0.5884
v -0.25 1.3125 -0.5
v -0.25 1.3491 -0.4116
v -0.25 1.4375 -0.375
v -0.25 1.4375 -0.625
v -0.25 1.5259 -0.5884
v -0.25 1.5625 -0.5
v -0.25 1.5259 -0.4116
vt 0.8242 0.7391
vt 0.8205 0.75
vt 0.8205 0.7391
vt 0.7839 0.8043
vt 0.7875 0.8913
vt 0.7839 0.8913
vt 0.2418 0.413
vt 0.2601 0.4348
vt 0.2454 0.4348
vt 0.7875 0.7826
vt 0.7839 0.7717
vt 0.8022 0.6739
vt 0.8059 0.6739
vt 0.8059 0.6848
vt 0.8022 0.7826
vt 0.7802 0.6848
vt 0.7839 0.6848
vt 0.8168 0.6739
vt 0.8205 0.6522
vt 0.8205 0.6739
vt 0.8022 0.587
vt 0.8095 0.587
vt 0.8535 0.6304
vt 0.8571 0.6196
vt 0.8571 0.6304
vt 0.7875 0.587
vt 0.7875 0.6739
vt 0.7802 0.587
vt 0.8059 0.8043
vt 0.8059 0.7717
vt 0.8498 0.6304
vt 0.8535 0.6196
vt 0.8681 0.6304
vt 0.8718 0.6196
vt 0.8718 0.6304
vt 0.8425 0.6304
vt 0.8388 0.6196
vt 0.8425 0.6196
vt 0.8718 0.587
vt 0.8681 0.5978
vt 0.8645 0.587
vt 0.8571 0.587
vt 0.8608 0.5978
vt 0.8571 0.6087
vt 0.8681 0.6087
vt 0.8718 0.6087
vt 0.8425 0.5978
vt 0.8388 0.6087
vt 0.8388 0.587
vt 0.8535 0.6087
vt 0.8498 0.6087
vt 0.8498 0.5978
vt 0.8498 0.6196
vt 0.2637 0.413
vt 0.8608 0.6304
vt 0.8608 0.6087
vt 0.8095 0.6848
vt 0.8228 0.6371
vt 0.8329 0.6672
vt 0.8228 0.6672
vt 0.2894 0.4348
vt 0.2674 0.4348
vt 0.3004 0.413
vt 0.8425 0.6087
vt 0.8242 0.75
vt 0.8329 0.6237
vt 0.8228 0.5936
vt 0.8329 0.5936
vt 0.8352 0.6087
vt 0.7875 0.8043
vt 0.7839 0.6739
vt 0.8608 0.6196
vt 0.8168 0.6087
vt 0.8168 0.587
vt 0.8205 0.587
vt 0.8022 0.8043
vt 0.8059 0.8913
vt 0.8168 0.6522
vt 0.7729 0.7717
vt 0.8645 0.5978
vt 0.8681 0.6196
vt 0.8462 0.587
vt 0.8462 0.5978
vt 0.8535 0.587
vt 0.8388 0.6304
vt 0.8207 0.6522
vt 0.8278 0.6309
vt 0.8329 0.6371
vt 0.835 0.6522
vt 0.8278 0.6735
vt 0.835 0.6087
vt 0.8278 0.63
vt 0.8228 0.6237
vt 0.8207 0.6087
vt 0.8278 0.5874
vt 0.8168 0.7717
vt 0.8205 0.6087
vt 0.8168 0.7609
vt 0.8205 0.7609
vt 0.8352 0.6196
vt 0.8242 0.7283
vt 0.8205 0.7283
vt 0.8242 0.6957
vt 0.8205 0.7065
vt 0.8205 0.6957
vt 0.8168 0.6957
vt 0.8242 0.7174
vt 0.8205 0.7174
vt 0.8205 0.6304
vt 0.8168 0.7391
vt 0.8168 0.6304
vt 0.8242 0.6739
vt 0.8205 0.6848
vt 0.8168 0.7174
vt 0.8352 0.6304
vt 0.8242 0.7065
vt 0.8022 0.8913
vt 0.8352 0.587
vt 0.8242 0.6848
vt 0.8242 0.7609
s 1
f 959/1218 943/1219 944/1220
f 931/1221 929/1222 925/1223
f 969/1224 974/1225 973/1226
f 930/1227 931/1221 923/1228
f 927/1229 926/1230 922/1231
f 923/1228 928/1232 930/1227
f 923/1228 925/1233 921/1234
f 988/1235 977/1236 976/1237
f 928/1238 933/1239 927/1229
f 952/1240 936/1241 935/1242
f 930/1243 929/1244 934/1245
f 932/1246 928/1232 924/1247
f 957/1248 953/1249 952/1240
f 942/1250 941/1251 935/1252
f 957/1253 956/1254 964/1255
f 951/1256 947/1257 939/1258
f 950/1259 945/1260 937/1261
f 941/1251 948/1262 940/1263
f 962/1264 955/1265 966/1266
f 954/1267 959/1268 960/1269
f 959/1268 953/1249 958/1270
f 968/1271 971/1226 972/1225
f 936/1241 942/1272 935/1242
f 944/1273 936/1241 937/1261
f 926/1274 924/1247 922/1231
f 982/1275 975/1276 977/1277
f 974/1278 968/1271 972/1279
f 973/1278 967/1271 969/1280
f 956/1254 963/1281 964/1255
f 959/1218 958/1282 943/1219
f 999/1275 1006/1276 1004/1277
f 989/1283 986/1284 984/1285
f 929/1244 930/1243 928/1238
f 966/1266 955/1265 940/1286
f 968/1271 967/1224 971/1226
f 930/1227 934/1287 931/1221
f 922/1231 921/1234 929/1244
f 921/1234 925/1288 929/1244
f 929/1244 927/1229 922/1231
f 923/1228 924/1247 928/1232
f 936/1241 943/1289 942/1272
f 997/1290 996/1291 1000/1292
f 933/1293 932/1246 926/1294
f 932/1246 933/1293 928/1232
f 957/1248 958/1270 953/1249
f 988/1235 989/1295 977/1236
f 923/1228 931/1296 925/1233
f 951/1256 940/1263 947/1257
f 940/1263 948/1262 947/1257
f 947/1257 946/1297 939/1258
f 950/1259 939/1258 945/1260
f 939/1258 946/1297 945/1260
f 945/1260 944/1273 937/1261
f 942/1250 949/1298 941/1251
f 938/1299 961/1300 962/1264
f 962/1264 963/1281 955/1265
f 966/1266 938/1299 962/1264
f 961/1300 938/1299 960/1269
f 938/1299 965/1301 960/1269
f 965/1301 954/1267 960/1269
f 941/1251 949/1298 948/1262
f 969/1224 970/1271 974/1225
f 952/1240 953/1249 936/1241
f 957/1253 952/1302 956/1254
f 977/1277 978/1303 982/1275
f 982/1275 981/1304 980/1305
f 980/1305 979/1306 975/1276
f 975/1276 976/1307 977/1277
f 944/1273 943/1289 936/1241
f 984/1285 983/1308 989/1283
f 989/1283 988/1309 990/1310
f 990/1310 987/1311 986/1284
f 986/1284 985/1312 984/1285
f 926/1274 932/1313 924/1247
f 974/1278 970/1280 968/1271
f 973/1278 971/1279 967/1271
f 959/1268 954/1267 953/1249
f 931/1221 934/1287 929/1222
f 997/1285 998/1308 992/1283
f 992/1283 993/1309 991/1310
f 991/1310 994/1311 995/1284
f 995/1284 996/1312 997/1285
f 956/1254 955/1265 963/1281
f 1004/1277 1003/1303 999/1275
f 999/1275 1000/1304 1001/1305
f 1001/1305 1002/1306 1006/1276
f 1006/1276 1005/1307 1004/1277
f 982/1275 980/1305 975/1276
f 984/1290 981/1292 982/1314
f 985/1315 980/1220 981/1316
f 996/1315 1001/1220 1000/1316
f 955/1265 941/1317 940/1286
f 960/1318 944/1220 945/1319
f 963/1320 947/1321 948/1322
f 991/1323 1005/1237 1006/1322
f 992/1283 995/1284 997/1285
f 961/1324 945/1319 946/1325
f 993/1235 1004/1236 1005/1237
f 923/1228 922/1231 924/1247
f 989/1295 978/1326 977/1236
f 986/1327 979/1325 980/1220
f 998/1328 999/1314 1003/1326
f 958/1282 942/1316 943/1219
f 957/1329 949/1330 942/1237
f 987/1331 975/1322 979/1325
f 956/1254 935/1332 941/1317
f 962/1333 946/1325 947/1321
f 953/1249 937/1261 936/1241
f 994/1331 1006/1322 1002/1325
f 929/1244 928/1238 927/1229
f 954/1267 950/1259 937/1261
f 990/1323 976/1237 975/1322
f 983/1328 982/1314 978/1326
f 933/1293 926/1294 927/1334
f 966/1266 940/1286 951/1335
f 992/1295 1003/1326 1004/1236
f 964/1336 948/1322 949/1330
f 997/1290 1000/1292 999/1314
f 998/1328 997/1290 999/1314
f 994/1331 991/1323 1006/1322
f 992/1283 991/1310 995/1284
f 985/1315 986/1327 980/1220
f 996/1315 995/1327 1001/1220
f 989/1283 990/1310 986/1284
f 989/1295 983/1328 978/1326
f 999/1275 1001/1305 1006/1276
f 984/1290 985/1291 981/1292
f 963/1320 962/1333 947/1321
f 954/1267 965/1301 950/1259
f 983/1328 984/1290 982/1314
f 962/1333 961/1324 946/1325
f 987/1331 990/1323 975/1322
f 956/1254 952/1302 935/1332
f 953/1249 954/1267 937/1261
f 964/1336 963/1320 948/1322
f 990/1323 988/1235 976/1237
f 986/1327 987/1331 979/1325
f 958/1282 957/1337 942/1316
f 993/1235 992/1295 1004/1236
f 992/1295 998/1328 1003/1326
f 961/1324 960/1318 945/1319
f 923/1228 921/1234 922/1231
f 957/1329 964/1336 949/1330
f 995/1327 994/1331 1002/1325
f 955/1265 956/1254 941/1317
f 960/1318 959/1218 944/1220
f 991/1323 993/1235 1005/1237
f 995/1327 1002/1325 1001/1220
o Magazine
v 0.1875 0.875 1.125
v -0.1875 0.875 1.125
v 0.1875 0.875 0.125
v -0.1875 0.875 0.125
v -0.1875 -1.375 1.125
v 0.1875 -1.375 1.125
v -0.1875 -1.375 0.125
v 0.1875 -1.375 0.125
v -0.125 0.875 1.125
v -0.0625 0.75 1.125
v 0.0625 0.75 1.125
v 0.125 0.875 1.125
v -0.125 0.875 0.125
v -0.0625 0.75 0.125
v 0.0625 0.75 0.125
v 0.125 0.875 0.125
v 0.1875 -0.25 0.125
v 0.125 -0.3125 1.125
v -0.1875 -0.25 1.125
v -0.125 -0.3125 0.125
v 0.1875 -0.25 1.125
v -0.125 -0.3125 1.125
v -0.1875 -0.25 0.125
v 0.125 -0.3125 0.125
vt 0.3919 0.5217
vt 0.4505 0.7174
vt 0.3919 0.7174
vt 0.4505 0.9239
vt 0.3919 0.913
vt 0.4505 0.913
vt 0.4505 0.9891
vt 0.3919 0.9674
vt 0.4505 0.9674
vt 0.4689 0.7065
vt 0.4579 0.8913
vt 0.4542 0.7065
vt 0.3883 0.7065
vt 0.3773 0.8913
vt 0.3736 0.7065
vt 0.4505 0.9457
vt 0.3919 0.9239
vt 0.4725 0.5217
vt 0.5311 0.7174
vt 0.4725 0.7174
vt 0.4505 0.4565
vt 0.3919 0.4565
vt 0.4505 1
vt 0.3919 0.9891
vt 0.4505 0.5217
vt 0.3846 0.8913
vt 0.3883 0.913
vt 0.37 0.7174
vt 0.37 0.5217
vt 0.37 0.913
vt 0.3736 0.913
vt 0.4652 0.8913
vt 0.4725 0.913
vt 0.4689 0.913
vt 0.4542 0.913
vt 0.5311 0.913
vt 0.3919 0.9457
vt 0.5311 0.5217
vt 0.3919 1
s 1
f 1012/1338 1023/1339 1027/1340
f 1022/1341 1007/1342 1009/1343
f 1019/1344 1016/1345 1020/1346
f 1026/1347 1021/1348 1030/1349
f 1024/1350 1016/1351 1028/1352
f 1023/1339 1021/1348 1009/1343
f 1021/1353 1018/1354 1022/1341
f 1013/1355 1025/1356 1029/1357
f 1013/1358 1012/1338 1011/1359
f 1010/1360 1015/1361 1019/1344
f 1022/1341 1018/1354 1007/1342
f 1013/1355 1030/1349 1014/1362
f 1012/1338 1014/1362 1023/1339
f 1027/1340 1017/1363 1024/1350
f 1007/1342 1018/1364 1017/1363
f 1025/1365 1011/1366 1028/1352
f 1025/1365 1016/1351 1008/1367
f 1016/1351 1015/1368 1008/1367
f 1012/1338 1027/1340 1024/1350
f 1029/1357 1020/1369 1026/1347
f 1010/1370 1019/1371 1020/1369
f 1023/1339 1014/1362 1030/1349
f 1013/1355 1029/1357 1026/1347
f 1021/1348 1022/1372 1009/1343
f 1012/1338 1028/1352 1011/1366
f 1029/1357 1008/1373 1010/1370
f 1027/1340 1009/1343 1007/1342
f 1019/1344 1015/1361 1016/1345
f 1020/1346 1017/1374 1021/1353
f 1026/1347 1020/1369 1021/1348
f 1024/1350 1017/1363 1016/1351
f 1023/1339 1030/1349 1021/1348
f 1021/1353 1017/1374 1018/1354
f 1013/1355 1011/1375 1025/1356
f 1013/1358 1014/1362 1012/1338
f 1010/1360 1008/1376 1015/1361
f 1013/1355 1026/1347 1030/1349
f 1027/1340 1007/1342 1017/1363
f 1025/1365 1028/1352 1016/1351
f 1029/1357 1010/1370 1020/1369
f 1012/1338 1024/1350 1028/1352
f 1029/1357 1025/1356 1008/1373
f 1027/1340 1023/1339 1009/1343
f 1020/1346 1016/1345 1017/1374
o Scope
v 0.1875 1.25 -0.875
v -0.1875 1.25 -0.875
v 0.1875 1.25 -0.125
v -0.1875 1.25 -0.125
v 0.125 1.375 -0.75
v -0.125 1.375 -0.75
v 0.125 1.375 -0.125
v -0.125 1.375 -0.125
v 0.125 1.5 -0.75
v -0.125 1.5 -0.75
v 0.125 1.5 -0
v -0.125 1.5 -0
v 0.125 1.625 -0.625
v -0.125 1.625 -0.625
v 0.125 1.625 -0
v -0.125 1.625 -0
v 0.125 1.5 0.625
v -0.125 1.5 0.625
v 0.125 1.625 0.625
v -0.125 1.625 0.625
v 0.1875 2.3248 -1.375
v 0 2.375 -1.375
v 0 2.25 -0.875
v 0 2.25 2.625
v 0.125 2.2165 -0.875
v 0.125 2.2165 2.625
v 0.2165 2.125 -0.875
v 0.2165 2.125 2.625
v 0.25 2 -0.875
v 0.25 2 2.625
v 0.2165 1.875 -0.875
v 0.2165 1.875 2.625
v 0.125 1.7835 -0.875
v 0.125 1.7835 2.625
v 0 1.75 -0.875
v 0 1.75 2.625
v -0.125 1.7835 -0.875
v -0.125 1.7835 2.625
v -0.2165 1.875 -0.875
v -0.2165 1.875 2.625
v -0.25 2 -0.875
v -0.25 2 2.625
v -0.2165 2.125 -0.875
v -0.2165 2.125 2.625
v -0.125 2.2165 -0.875
v -0.125 2.2165 2.625
v 0.3248 2.1875 -1.375
v 0.375 2 -1.375
v 0.3248 1.8125 -1.375
v 0.1875 1.6752 -1.375
v 0 1.625 -1.375
v -0.1875 1.6752 -1.375
v -0.3248 1.8125 -1.375
v -0.375 2 -1.375
v -0.3248 2.1875 -1.375
v -0.1875 2.3248 -1.375
v -0.1875 2.3248 -1.875
v 0 2.375 -1.875
v -0.3248 2.1875 -1.875
v -0.375 2 -1.875
v -0.3248 1.8125 -1.875
v -0.1875 1.6752 -1.875
v 0 1.625 -1.875
v 0.1875 1.6752 -1.875
v 0.3248 1.8125 -1.875
v 0.375 2 -1.875
v 0.3248 2.1875 -1.875
v 0.1875 2.3248 -1.875
v 0.0938 2.1624 2.625
v 0 2.1875 2.625
v 0.1624 2.0938 2.625
v 0.1875 2 2.625
v 0.1624 1.9062 2.625
v 0.0938 1.8376 2.625
v 0 1.8125 2.625
v -0.0938 1.8376 2.625
v -0.1624 1.9062 2.625
v -0.1875 2 2.625
v -0.1624 2.0938 2.625
v -0.0938 2.1624 2.625
v 0.0938 2.1624 2.5
v 0 2.1875 2.5
v 0.1624 2.0938 2.5
v 0.1875 2 2.5
v 0.1624 1.9062 2.5
v 0.0938 1.8376 2.5
v 0 1.8125 2.5
v -0.0938 1.8376 2.5
v -0.1624 1.9062 2.5
v -0.1875 2 2.5
v -0.1624 2.0938 2.5
v -0.0938 2.1624 2.5
v -0.1406 2.2436 -1.875
v 0 2.2812 -1.875
v -0.2436 2.1406 -1.875
v -0.2812 2 -1.875
v -0.2436 1.8594 -1.875
v -0.1406 1.7564 -1.875
v 0 1.7188 -1.875
v 0.1406 1.7564 -1.875
v 0.2436 1.8594 -1.875
v 0.2812 2 -1.875
v 0.2436 2.1406 -1.875
v 0.1406 2.2436 -1.875
v -0.1406 2.2436 -1.75
v 0 2.2812 -1.75
v -0.2436 2.1406 -1.75
v -0.2812 2 -1.75
v -0.2436 1.8594 -1.75
v -0.1406 1.7564 -1.75
v 0 1.7188 -1.75
v 0.1406 1.7564 -1.75
v 0.2436 1.8594 -1.75
v 0.2812 2 -1.75
v 0.2436 2.1406 -1.75
v 0.1406 2.2436 -1.75
v 0 2.3125 -0.5
v 0 2.3125 -0.25
v 0.1562 2.2706 -0.5
v 0.1562 2.2706 -0.25
v 0.2706 2.1562 -0.5
v 0.2706 2.1562 -0.25
v 0.3125 2 -0.5
v 0.3125 2 -0.25
v 0.2706 1.8438 -0.5
v 0.2706 1.8438 -0.25
v 0.1562 1.7294 -0.5
v 0.1562 1.7294 -0.25
v 0 1.6875 -0.5
v 0 1.6875 -0.25
v -0.1562 1.7294 -0.5
v -0.1562 1.7294 -0.25
v -0.2706 1.8438 -0.5
v -0.2706 1.8438 -0.25
v -0.3125 2 -0.5
v -0.3125 2 -0.25
v -0.2706 2.1562 -0.5
v -0.2706 2.1562 -0.25
v -0.1562 2.2706 -0.5
v -0.1562 2.2706 -0.25
v -0.0625 1.625 0.4688
v 0.0625 1.625 0.4688
v -0.0625 1.625 0.2812
v 0.0625 1.625 0.2812
v -0.0625 1.75 0.4688
v 0.0625 1.75 0.4688
v -0.0625 1.75 0.2812
v 0.0625 1.75 0.2812
v -0.0625 1.625 -0.2812
v 0.0625 1.625 -0.2812
v -0.0625 1.625 -0.4688
v 0.0625 1.625 -0.4688
v -0.0625 1.75 -0.2812
v 0.0625 1.75 -0.2812
v -0.0625 1.75 -0.4688
v 0.0625 1.75 -0.4688
v -0.125 2.3125 1
v 0.125 2.3125 1
v -0.125 2.3125 0.75
v 0.125 2.3125 0.75
v -0.125 2.1875 0.75
v -0.125 2.1875 1
v 0.125 2.1875 1
v 0.125 2.1875 0.75
v 0 2.3125 0.625
v -0.1768 2.3125 0.6982
v -0.25 2.3125 0.875
v -0.1768 2.3125 1.0518
v 0 2.3125 1.125
v 0.1768 2.3125 1.0518
v 0.25 2.3125 0.875
v 0.1768 2.3125 0.6982
v -0.1768 2.4375 0.6982
v 0 2.4375 0.625
v -0.25 2.4375 0.875
v -0.1768 2.4375 1.0518
v 0 2.4375 1.125
v 0.1768 2.4375 1.0518
v 0.25 2.4375 0.875
v 0.1768 2.4375 0.6982
v 0 2.3125 0.25
v 0 2.3125 0.5
v 0.1562 2.2706 0.25
v 0.1562 2.2706 0.5
v 0.2706 2.1562 0.25
v 0.2706 2.1562 0.5
v 0.3125 2 0.25
v 0.3125 2 0.5
v 0.2706 1.8438 0.25
v 0.2706 1.8438 0.5
v 0.1562 1.7294 0.25
v 0.1562 1.7294 0.5
v 0 1.6875 0.25
v 0 1.6875 0.5
v -0.1562 1.7294 0.25
v -0.1562 1.7294 0.5
v -0.2706 1.8438 0.25
v -0.2706 1.8438 0.5
v -0.3125 2 0.25
v -0.3125 2 0.5
v -0.2706 2.1562 0.25
v -0.2706 2.1562 0.5
v -0.1562 2.2706 0.25
v -0.1562 2.2706 0.5
v 0 2.25 0.875
v 0.125 2.2165 0.875
v 0.2165 2.125 0.875
v 0.25 2 0.875
v 0.2165 1.875 0.875
v 0.125 1.7835 0.875
v 0 1.75 0.875
v -0.125 1.7835 0.875
v -0.2165 1.875 0.875
v -0.25 2 0.875
v -0.2165 2.125 0.875
v -0.125 2.2165 0.875
v 0 1.75 -0
v 0.2165 2.125 -0
v 0 2.25 -0
v 0.125 2.2165 -0
v -0.2165 1.875 -0
v -0.125 2.2165 -0
v -0.2165 2.125 -0
v 0.125 1.7835 -0
v -0.125 1.7835 -0
v -0.25 2 -0
v 0.25 2 -0
v 0.2165 1.875 -0
v 0 2.25 1.75
v 0.125 2.2165 1.75
v 0.2165 2.125 1.75
v 0.25 2 1.75
v 0.2165 1.875 1.75
v 0.125 1.7835 1.75
v 0 1.75 1.75
v -0.125 1.7835 1.75
v -0.2165 1.875 1.75
v -0.25 2 1.75
v -0.2165 2.125 1.75
v -0.125 2.2165 1.75
vt 0.5181 0.7872
vt 0.3976 0.8723
vt 0.3976 0.7872
vt 0.6867 1
vt 0.8072 0.9574
vt 0.8313 1
vt 0.4036 0.6297
vt 0.3855 0.5107
vt 0.4168 0.6064
vt 0.6867 0.6596
vt 0.8072 0.7021
vt 0.6867 0.7021
vt 0.7831 0.8723
vt 0.6867 0.9574
vt 0.6627 0.8723
vt 0.9518 0.3191
vt 1 0.383
vt 0.9518 0.383
vt 0.4458 0.383
vt 0.6145 0.4255
vt 0.4458 0.4255
vt 0.1928 0.383
vt 0.0964 0.4468
vt 0.0964 0.383
vt 0.9518 0.2553
vt 1 0.3191
vt 0.4217 0.5106
vt 0.4699 0.5532
vt 0.4217 0.5532
vt 0.8072 0.8723
vt 0.8313 0.7872
vt 0.8313 0.8723
vt 0.2651 0.1702
vt 0.241 0.1277
vt 0.2651 0.1277
vt 0.7108 0.5957
vt 0.6747 0.5532
vt 0.7108 0.5532
vt 0.1928 0.0638
vt 0.0964 0.1277
vt 0.0964 0.0638
vt 0.7831 0.7872
vt 0.2169 0.3298
vt 0.1928 0.3191
vt 0.2771 0.2979
vt 0.2651 0.3404
vt 0.2651 0.2979
vt 0.2771 0.383
vt 0.2771 0.3404
vt 0.2771 0.2553
vt 0.2651 0.2553
vt 0.2771 0.2128
vt 0.2771 0.1702
vt 0.2771 0.1277
vt 0.2651 0.0851
vt 0.2771 0.0851
vt 0.2651 0.2128
vt 0.1928 0.4468
vt 0.2169 0.5
vt 0.1928 0.5106
vt 0.2651 0.0426
vt 0.2771 -0
vt 0.2771 0.0426
vt 0.2771 0.4681
vt 0.2651 0.4255
vt 0.2771 0.4255
vt 0.2771 0.5106
vt 0.2651 0.4681
vt 0.1928 0.5745
vt 0.2169 0.6277
vt 0.1928 0.6383
vt 0.9437 0.5638
vt 0.8313 0.617
vt 0.9217 0.5249
vt 0.2169 0.6915
vt 0.1928 0.7021
vt 0.1928 0.766
vt 0.2169 0.7128
vt 0.2169 0.7553
vt 0.8554 0.766
vt 0.8554 0.8936
vt 0.2169 0.266
vt 0.2169 0.3085
vt 0.1928 0.1915
vt 0.2169 0.2447
vt 0.1928 0.2553
vt 0.2169 0.1383
vt 0.1928 0.1277
vt 0.8916 0.5107
vt 0.9437 0.6702
vt 0.8394 0.6702
vt 0.2169 0.5213
vt 0.2169 0.5638
vt 0.2169 0.4362
vt 0.2169 0.117
vt 0.1928 0
vt 0.2169 0.0532
vt 0.3735 0.7872
vt 0.3494 0.8936
vt 0.3494 0.766
vt 0.6145 0.5532
vt 0.6386 0.5106
vt 0.6386 0.5532
vt 0.6627 0.7872
vt 0.7831 0.0426
vt 0.9518 0.0851
vt 0.7831 0.0851
vt 0.6386 0.5957
vt 0.6024 0.5532
vt 0.0964 0.5106
vt 0.6988 0.5532
vt 0.7349 0.5106
vt 0.7349 0.5532
vt 0.5181 0.5106
vt 0.5663 0.5532
vt 0.5181 0.5532
vt 0.0964 0.2553
vt 0.0964 0.1915
vt 0.7831 0.4255
vt 0.9518 0.4681
vt 0.7831 0.4681
vt 0.6988 0.5106
vt 0.0964 0.3191
vt 0 0.3723
vt 0.0964 0.5745
vt 0.2411 0.6064
vt 0.3222 0.5237
vt 0.3222 0.6891
vt 0 0.5851
vt 0.0964 0.6383
vt 0.4458 0.2979
vt 0.6145 0.3404
vt 0.4458 0.3404
vt 0.8313 0.6596
vt 0.4458 0.1277
vt 0.6145 0.1702
vt 0.4458 0.1702
vt 0.2169 0.0745
vt 0.8072 0.7447
vt 0.4458 0
vt 0.6145 0.0426
vt 0.4458 0.0426
vt 0.6627 0.7447
vt 0 0.5638
vt 0.6145 0
vt 0.7831 0
vt 0.6145 0.4681
vt 0.241 0.3191
vt 0.241 0.3617
vt 0.2169 0.3617
vt 0.241 0.5106
vt 0.241 0.5532
vt 0.2169 0.5532
vt 0.6024 0.5957
vt 0.6627 0.9149
vt 0.6145 0.383
vt 0.8072 0.9149
vt 0.6145 0.2128
vt 0.4458 0.2128
vt 0.6145 0.0851
vt 0.6145 0.2553
vt 0.7831 0.2979
vt 0.6145 0.2979
vt 0.7831 0.2553
vt 0.7831 0.383
vt 0.6145 0.1277
vt 0.7831 0.1702
vt 0.7831 0.1277
vt 0.4458 0.0851
vt 0.3855 0.6383
vt 0.3543 0.6064
vt 0.3675 0.6297
vt 0.3494 0.5745
vt 0.3543 0.5426
vt 0.3675 0.5192
vt 0.4036 0.5192
vt 0.4168 0.5426
vt 0.4217 0.5745
vt 0.4458 0.4681
vt 0.6145 0.5106
vt 0.4458 0.5106
vt 0.4458 0.2553
vt 0.7831 0.3404
vt 0.2952 0.7019
vt 0.2681 0.6891
vt 0.2483 0.6541
vt 0.2483 0.5586
vt 0.2681 0.5237
vt 0.2952 0.5109
vt 0.342 0.5586
vt 0.3493 0.6064
vt 0.342 0.6541
vt 0.7831 0.5106
vt 0.9217 0.7091
vt 0.8916 0.7234
vt 0.8615 0.7091
vt 0.8394 0.5638
vt 0.8615 0.5249
vt 0.9518 0.617
vt 0.9437 0.6702
vt 0.3735 0.8723
vt 0.6747 0.5106
vt 0.2651 0.5106
vt 0.2169 0.5851
vt 0.2169 0.4574
vt 0.4217 0.6809
vt 0.4358 0.6206
vt 0.4699 0.5957
vt 0.504 0.6206
vt 0.5181 0.6809
vt 0.504 0.7411
vt 0.4699 0.766
vt 0.4358 0.7411
vt 0.4699 0.5957
vt 0.4699 0.766
vt 0.9518 0.1702
vt 0.9518 0.2128
vt 0.7831 0.2128
vt 0.0964 0
vt 0 0.5
vt 0 0.4574
vt 0.241 0.7021
vt 0.2169 0.7447
vt 0.2169 0.7021
vt 0.2169 0.5106
vt 0 0.6277
vt 0.2169 0.3191
vt 0.9518 -0
vt 1 0.0638
vt 0.9518 0.0638
vt 0 0.117
vt 0 0.0745
vt 0.5422 0.9149
vt 0 0.0106
vt 0 0.0532
vt 1 0.1277
vt 0.9518 0.1277
vt 0 0.266
vt 0 0.3085
vt 0 0.5213
vt 0 0.3936
vt 0 0.4362
vt 0.241 0.2553
vt 0.4699 0.5106
vt 0.5663 0.5106
vt 0 0.6915
vt 0.0964 0.7021
vt 0.9518 0.5106
vt 0 0.7553
vt 0.0964 0.766
vt 0.5422 0.8723
vt 0.9518 0.3404
vt 0.241 0.0851
vt 0 0.1809
vt 0 0.1383
vt 0 0.2021
vt 0 0.2447
vt 0.241 0.383
vt 0.2651 0.383
vt 0.241 0.2979
vt 0.5422 0.7872
vt 0.5181 0.8723
vt 0.241 0.4255
vt 0.241 0
vt 0.2651 0
vt 0.9518 0.5745
vt 1 0.6383
vt 0.9518 0.6383
vt 0.241 0.2128
vt 0.241 0.3404
vt 0.9518 0.2979
vt 0.8072 0.7872
vt 0.241 0.6383
vt 0.2169 0.6809
vt 0.2169 0.6383
vt 0.241 0.1915
vt 0.2169 0.234
vt 0.2169 0.1915
vt 0.241 0.0638
vt 0.2169 0.1064
vt 0.2169 0.0638
vt 0.2169 0.4255
vt 0.2169 0.383
vt 0.2169 0.2979
vt 0.2169 0.2553
vt 1 0.7021
vt 0.9518 0.7021
vt 0.2169 0.1702
vt 0.2169 0.1277
vt 1 0.4468
vt 0.9518 0.4468
vt 1 0.766
vt 0.9518 0.766
vt 1 0.5106
vt 1 0.1915
vt 0.9518 0.1915
vt 1 0.2553
vt 0.2169 0.0426
vt 0.2169 -0
vt 0.241 0.5745
vt 0.2169 0.617
vt 0.2169 0.5745
vt 0.6747 0.5957
vt 0.241 0.4468
vt 0.2169 0.4894
vt 0.2169 0.4468
vt 0.5301 0.5957
vt 0.494 0.5532
vt 0.5301 0.5532
vt 0.4578 0.5957
vt 0.4578 0.5532
vt 0.5663 0.5957
vt 0.9518 0.0426
vt 1 0.5745
vt 0.9518 0.4255
vt 0.241 0.1702
vt 0.2169 0.1809
vt 0.6145 0.5106
vt 0 0.3298
vt 0.2169 0.6489
vt 1 -0
vt 0.241 0.7447
vt 0.2169 0.3723
vt 0.2169 0.3936
vt 0.2169 0.0106
vt 0.2169 0.2021
vt 0 0.6489
vt 0 0.7128
vt 0.241 0.0426
vt 0.241 0.4681
vt 0.241 0.6809
vt 0.241 0.234
vt 0.241 0.1064
vt 0.241 0.617
vt 0.241 0.4894
vt 0.494 0.5957
vt 0.5422 0.7447
vt 0.4217 0.5957
s 1
f 1047/1377 1042/1378 1041/1379
f 1034/1380 1036/1381 1032/1382
f 1111/1383 1117/1384 1113/1385
f 1033/1386 1035/1387 1037/1388
f 1044/1389 1038/1390 1046/1391
f 1214/1392 1211/1393 1212/1394
f 1268/1395 1243/1396 1267/1397
f 1088/1398 1086/1399 1052/1400
f 1152/1401 1149/1402 1150/1392
f 1192/1403 1188/1404 1187/1405
f 1040/1406 1035/1407 1036/1408
f 1101/1409 1114/1410 1102/1411
f 1207/1412 1198/1413 1199/1414
f 1094/1415 1079/1416 1080/1417
f 1043/1418 1037/1388 1035/1387
f 1134/1419 1088/1398 1098/1420
f 1076/1421 1109/1422 1110/1423
f 1072/1424 1109/1422 1074/1425
f 1054/1426 1110/1423 1100/1427
f 1056/1428 1101/1409 1058/1429
f 1060/1430 1103/1431 1062/1432
f 1054/1426 1099/1433 1056/1428
f 1087/1434 1125/1435 1089/1436
f 1104/1437 1066/1438 1064/1439
f 1068/1440 1107/1441 1070/1442
f 1066/1443 1106/1444 1068/1440
f 1101/1409 1060/1430 1058/1429
f 1090/1445 1127/1446 1091/1447
f 1227/1448 1217/1449 1225/1450
f 1091/1447 1128/1451 1092/1452
f 1093/1453 1128/1454 1129/1455
f 1036/1408 1031/1456 1032/1457
f 1098/1420 1133/1458 1134/1459
f 1096/1460 1133/1461 1097/1462
f 1131/1463 1096/1460 1095/1464
f 1160/1465 1152/1466 1168/1467
f 1090/1445 1125/1468 1126/1469
f 1107/1441 1072/1424 1070/1442
f 1088/1398 1123/1470 1087/1434
f 1094/1415 1131/1471 1095/1464
f 1093/1472 1130/1473 1094/1415
f 1224/1465 1216/1466 1232/1467
f 1037/1474 1034/1475 1033/1476
f 1175/1477 1172/1478 1176/1479
f 1045/1480 1044/1389 1046/1391
f 1254/1481 1061/1482 1258/1483
f 1216/1401 1213/1402 1214/1392
f 1205/1484 1196/1485 1197/1479
f 1087/1434 1085/1486 1086/1399
f 1185/1487 1179/1488 1183/1489
f 1194/1490 1189/1491 1190/1492
f 1096/1460 1077/1493 1078/1494
f 1251/1495 1067/1496 1255/1497
f 1186/1413 1181/1498 1185/1487
f 1097/1462 1051/1499 1077/1493
f 1053/1500 1051/1499 1052/1400
f 1089/1436 1084/1501 1085/1486
f 1144/1502 1140/1503 1135/1504
f 1163/1448 1153/1449 1161/1450
f 1071/1505 1084/1501 1083/1506
f 1034/1380 1038/1390 1036/1381
f 1270/1507 1245/1508 1269/1509
f 1033/1386 1031/1510 1035/1387
f 1262/1511 1237/1512 1261/1513
f 1094/1415 1130/1514 1131/1471
f 1035/1387 1039/1515 1043/1418
f 1265/1516 1240/1517 1264/1518
f 1045/1480 1041/1519 1037/1388
f 1085/1486 1084/1501 1071/1520
f 1241/1521 1247/1522 1254/1481
f 1267/1397 1243/1396 1242/1523
f 1146/1524 1136/1525 1124/1526
f 1137/1527 1138/1528 1126/1529
f 1205/1484 1203/1530 1196/1485
f 1089/1436 1090/1445 1084/1501
f 1038/1390 1042/1531 1046/1391
f 1269/1509 1244/1532 1268/1395
f 1044/1389 1040/1533 1036/1381
f 1261/1513 1236/1534 1260/1535
f 1240/1517 1258/1483 1239/1536
f 1235/1537 1252/1538 1246/1539
f 1236/1534 1249/1540 1235/1537
f 1076/1421 1269/1509 1074/1425
f 1245/1508 1256/1541 1244/1532
f 1241/1521 1254/1481 1240/1517
f 1060/1430 1261/1513 1058/1429
f 1238/1542 1248/1543 1237/1512
f 1243/1396 1255/1497 1242/1523
f 1244/1532 1251/1495 1243/1396
f 1239/1536 1257/1544 1238/1542
f 1264/1518 1239/1536 1263/1545
f 1263/1545 1238/1542 1262/1511
f 1111/1383 1112/1546 1121/1547
f 1112/1546 1122/1548 1121/1547
f 1121/1547 1120/1549 1117/1384
f 1120/1549 1119/1550 1117/1384
f 1119/1550 1118/1551 1117/1384
f 1117/1384 1116/1552 1113/1385
f 1116/1552 1115/1553 1113/1385
f 1115/1553 1114/1554 1113/1385
f 1058/1429 1260/1535 1056/1428
f 1064/1439 1263/1545 1062/1432
f 1266/1555 1241/1556 1265/1557
f 1066/1438 1264/1518 1064/1439
f 1068/1440 1265/1557 1066/1443
f 1062/1432 1262/1511 1060/1430
f 1056/1428 1259/1558 1054/1426
f 1070/1442 1266/1555 1068/1440
f 1246/1539 1253/1559 1245/1508
f 1267/1397 1242/1523 1266/1555
f 1074/1425 1268/1395 1072/1424
f 1135/1504 1136/1560 1146/1561
f 1146/1561 1145/1562 1144/1502
f 1144/1502 1143/1563 1142/1564
f 1142/1564 1141/1565 1140/1503
f 1140/1503 1139/1566 1135/1504
f 1139/1566 1138/1567 1135/1504
f 1138/1567 1137/1568 1135/1504
f 1135/1504 1146/1561 1144/1502
f 1242/1523 1247/1569 1241/1556
f 1152/1466 1150/1570 1148/1571
f 1148/1571 1170/1572 1152/1466
f 1170/1572 1168/1467 1152/1466
f 1168/1467 1166/1449 1164/1573
f 1164/1573 1162/1574 1160/1465
f 1160/1465 1158/1450 1156/1448
f 1156/1448 1154/1575 1152/1466
f 1168/1467 1164/1573 1160/1465
f 1054/1426 1270/1507 1076/1421
f 1169/1570 1147/1571 1153/1449
f 1147/1571 1149/1572 1153/1449
f 1149/1572 1151/1467 1153/1449
f 1153/1449 1155/1573 1161/1450
f 1155/1573 1157/1574 1161/1450
f 1157/1574 1159/1465 1161/1450
f 1260/1535 1235/1537 1259/1558
f 1163/1448 1165/1575 1169/1570
f 1165/1575 1167/1576 1169/1570
f 1037/1474 1038/1577 1034/1475
f 1176/1479 1172/1478 1174/1578
f 1160/1465 1156/1448 1152/1466
f 1224/1465 1220/1448 1216/1466
f 1185/1487 1181/1498 1179/1488
f 1068/1440 1106/1444 1107/1441
f 1066/1443 1105/1579 1106/1444
f 1090/1445 1126/1580 1127/1446
f 1060/1430 1102/1411 1103/1431
f 1087/1434 1123/1581 1125/1435
f 1101/1409 1102/1411 1060/1430
f 1246/1539 1252/1538 1253/1559
f 1197/1582 1196/1583 1195/1584
f 1195/1584 1202/1585 1197/1582
f 1094/1415 1095/1464 1079/1416
f 1201/1586 1200/1587 1199/1588
f 1199/1588 1198/1589 1201/1586
f 1204/1590 1203/1585 1205/1586
f 1205/1586 1206/1587 1207/1591
f 1207/1591 1208/1589 1209/1582
f 1209/1582 1210/1583 1204/1590
f 1248/1543 1057/1592 1055/1593
f 1216/1466 1214/1570 1212/1571
f 1212/1571 1234/1572 1216/1466
f 1234/1572 1232/1467 1216/1466
f 1232/1467 1230/1449 1228/1573
f 1228/1573 1226/1574 1224/1465
f 1224/1465 1222/1450 1220/1448
f 1220/1448 1218/1575 1216/1466
f 1232/1467 1228/1573 1224/1465
f 1237/1512 1250/1594 1236/1534
f 1233/1570 1211/1571 1217/1449
f 1211/1571 1213/1572 1217/1449
f 1213/1572 1215/1467 1217/1449
f 1217/1449 1219/1573 1225/1450
f 1219/1573 1221/1574 1225/1450
f 1221/1574 1223/1465 1225/1450
f 1259/1558 1246/1539 1270/1507
f 1227/1448 1229/1575 1233/1570
f 1229/1575 1231/1576 1233/1570
f 1093/1472 1080/1417 1081/1595
f 1086/1399 1073/1596 1075/1597
f 1140/1598 1129/1599 1128/1600
f 1137/1527 1126/1529 1125/1601
f 1071/1505 1083/1506 1069/1602
f 1146/1524 1124/1526 1134/1603
f 1160/1604 1157/1605 1158/1606
f 1080/1417 1061/1607 1063/1608
f 1048/1609 1046/1391 1042/1531
f 1248/1543 1055/1593 1250/1594
f 1065/1610 1080/1417 1063/1611
f 1177/1487 1171/1488 1175/1489
f 1222/1606 1219/1612 1220/1613
f 1057/1614 1051/1499 1055/1615
f 1224/1604 1221/1605 1222/1606
f 1201/1586 1197/1582 1202/1585
f 1085/1486 1071/1520 1073/1616
f 1176/1479 1174/1578 1178/1413
f 1203/1530 1195/1491 1196/1485
f 1053/1617 1086/1399 1075/1618
f 1183/1477 1180/1478 1184/1479
f 1112/1619 1099/1433 1100/1427
f 1103/1431 1064/1439 1062/1432
f 1193/1620 1190/1492 1188/1404
f 1191/1621 1187/1477 1189/1491
f 1067/1622 1083/1506 1082/1623
f 1255/1497 1065/1624 1247/1569
f 1065/1625 1082/1623 1081/1626
f 1050/1627 1045/1480 1046/1391
f 1252/1538 1073/1628 1253/1559
f 1102/1411 1115/1629 1103/1431
f 1098/1420 1052/1400 1051/1499
f 1079/1416 1059/1630 1061/1631
f 1258/1483 1059/1613 1257/1544
f 1059/1632 1077/1493 1057/1633
f 1120/1634 1109/1422 1108/1635
f 1205/1586 1209/1582 1204/1590
f 1122/1636 1100/1427 1110/1423
f 1049/1637 1048/1638 1047/1377
f 1119/1639 1108/1635 1107/1441
f 1104/1437 1117/1640 1105/1641
f 1166/1642 1163/1643 1164/1644
f 1111/1645 1101/1409 1099/1433
f 1117/1527 1106/1444 1105/1579
f 1115/1629 1104/1437 1103/1431
f 1106/1444 1119/1639 1107/1441
f 1092/1452 1081/1626 1082/1623
f 1121/1646 1110/1423 1109/1422
f 1249/1540 1075/1647 1252/1538
f 1044/1389 1039/1648 1040/1406
f 1139/1649 1128/1650 1127/1651
f 1144/1652 1133/1653 1132/1654
f 1142/1655 1131/1656 1130/1657
f 1136/1634 1123/1658 1124/1659
f 1145/1619 1134/1660 1133/1661
f 1091/1447 1082/1623 1083/1506
f 1164/1644 1161/1662 1162/1663
f 1250/1594 1053/1401 1249/1540
f 1143/1410 1132/1664 1131/1665
f 1148/1394 1169/1666 1170/1667
f 1162/1663 1159/1668 1160/1669
f 1150/1392 1147/1393 1148/1394
f 1257/1544 1057/1592 1248/1543
f 1095/1464 1078/1494 1079/1416
f 1234/1667 1231/1670 1232/1624
f 1158/1606 1155/1612 1156/1613
f 1156/1613 1153/1671 1154/1672
f 1154/1672 1151/1673 1152/1401
f 1141/1640 1130/1674 1129/1675
f 1138/1676 1127/1677 1126/1678
f 1206/1679 1197/1479 1198/1413
f 1135/1680 1125/1681 1123/1682
f 1210/1683 1201/1684 1202/1685
f 1170/1667 1167/1670 1168/1624
f 1253/1559 1071/1394 1256/1541
f 1184/1479 1182/1578 1186/1413
f 1228/1644 1225/1662 1226/1663
f 1049/1637 1041/1519 1045/1480
f 1201/1684 1208/1686 1200/1687
f 1204/1688 1202/1685 1195/1491
f 1226/1663 1223/1668 1224/1669
f 1041/1379 1038/1577 1037/1474
f 1247/1522 1063/1689 1254/1481
f 1178/1413 1173/1498 1177/1487
f 1232/1624 1229/1690 1230/1642
f 1090/1445 1083/1506 1084/1501
f 1220/1613 1217/1671 1218/1672
f 1218/1672 1215/1673 1216/1401
f 1208/1686 1199/1405 1200/1687
f 1256/1541 1069/1691 1251/1495
f 1230/1642 1227/1643 1228/1644
f 1168/1624 1165/1690 1166/1642
f 1201/1586 1198/1589 1197/1582
f 1268/1395 1244/1532 1243/1396
f 1239/1536 1258/1483 1257/1544
f 1263/1545 1239/1536 1238/1542
f 1101/1409 1113/1692 1114/1410
f 1056/1428 1260/1535 1259/1558
f 1240/1517 1254/1481 1258/1483
f 1088/1398 1087/1434 1086/1399
f 1060/1430 1262/1511 1261/1513
f 1070/1442 1267/1397 1266/1555
f 1040/1406 1039/1648 1035/1407
f 1203/1530 1204/1688 1195/1491
f 1098/1420 1097/1462 1133/1458
f 1214/1392 1213/1402 1211/1393
f 1131/1463 1132/1693 1096/1460
f 1043/1418 1045/1480 1037/1388
f 1044/1389 1036/1381 1038/1390
f 1175/1477 1171/1694 1172/1478
f 1053/1500 1055/1695 1051/1499
f 1207/1412 1206/1679 1198/1413
f 1227/1448 1233/1570 1217/1449
f 1056/1428 1099/1433 1101/1409
f 1072/1424 1267/1397 1070/1442
f 1054/1426 1100/1427 1099/1433
f 1104/1437 1105/1641 1066/1438
f 1192/1403 1193/1620 1188/1404
f 1091/1447 1127/1696 1128/1451
f 1152/1401 1151/1673 1149/1402
f 1144/1502 1142/1564 1140/1503
f 1057/1614 1077/1493 1051/1499
f 1222/1606 1221/1605 1219/1612
f 1224/1604 1223/1697 1221/1605
f 1047/1377 1048/1638 1042/1378
f 1053/1617 1052/1400 1086/1399
f 1111/1383 1121/1547 1117/1384
f 1048/1609 1050/1627 1046/1391
f 1065/1610 1081/1595 1080/1417
f 1054/1426 1076/1421 1110/1423
f 1160/1604 1159/1697 1157/1605
f 1086/1399 1085/1486 1073/1596
f 1072/1424 1108/1635 1109/1422
f 1259/1558 1235/1537 1246/1539
f 1093/1472 1094/1415 1080/1417
f 1076/1421 1074/1425 1109/1422
f 1140/1598 1141/1698 1129/1599
f 1080/1417 1079/1416 1061/1607
f 1134/1419 1124/1699 1088/1398
f 1177/1487 1173/1498 1171/1488
f 1183/1477 1179/1694 1180/1478
f 1074/1425 1269/1509 1268/1395
f 1068/1440 1266/1555 1265/1557
f 1266/1555 1242/1523 1241/1556
f 1066/1438 1265/1516 1264/1518
f 1062/1432 1263/1545 1262/1511
f 1242/1523 1255/1497 1247/1569
f 1058/1429 1261/1513 1260/1535
f 1244/1532 1256/1541 1251/1495
f 1264/1518 1240/1517 1239/1536
f 1064/1439 1264/1518 1263/1545
f 1260/1535 1236/1534 1235/1537
f 1076/1421 1270/1507 1269/1509
f 1245/1508 1253/1559 1256/1541
f 1238/1542 1257/1544 1248/1543
f 1235/1537 1249/1540 1252/1538
f 1269/1509 1245/1508 1244/1532
f 1261/1513 1237/1512 1236/1534
f 1236/1534 1250/1594 1249/1540
f 1243/1396 1251/1495 1255/1497
f 1237/1512 1248/1543 1250/1594
f 1112/1619 1111/1645 1099/1433
f 1186/1413 1182/1578 1181/1498
f 1054/1426 1259/1558 1270/1507
f 1251/1495 1069/1691 1067/1496
f 1097/1462 1098/1420 1051/1499
f 1163/1448 1169/1570 1153/1449
f 1194/1490 1191/1621 1189/1491
f 1216/1401 1215/1673 1213/1402
f 1087/1434 1089/1436 1085/1486
f 1096/1460 1097/1462 1077/1493
f 1270/1507 1246/1539 1245/1508
f 1088/1398 1124/1700 1123/1470
f 1093/1472 1129/1701 1130/1473
f 1045/1480 1043/1418 1044/1389
f 1090/1445 1089/1436 1125/1468
f 1036/1408 1035/1407 1031/1456
f 1096/1460 1132/1702 1133/1461
f 1107/1441 1108/1635 1072/1424
f 1254/1481 1063/1689 1061/1482
f 1262/1511 1238/1542 1237/1512
f 1093/1453 1092/1452 1128/1454
f 1265/1516 1241/1521 1240/1517
f 1103/1431 1104/1437 1064/1439
f 1212/1394 1233/1666 1234/1667
f 1193/1620 1194/1490 1190/1492
f 1191/1621 1192/1694 1187/1477
f 1067/1622 1069/1703 1083/1506
f 1255/1497 1067/1496 1065/1624
f 1065/1625 1067/1704 1082/1623
f 1050/1627 1049/1637 1045/1480
f 1252/1538 1075/1647 1073/1628
f 1102/1411 1114/1410 1115/1629
f 1098/1420 1088/1398 1052/1400
f 1079/1416 1078/1494 1059/1630
f 1258/1483 1061/1482 1059/1613
f 1059/1632 1078/1494 1077/1493
f 1120/1634 1121/1646 1109/1422
f 1205/1586 1207/1591 1209/1582
f 1122/1636 1112/1619 1100/1427
f 1049/1637 1050/1627 1048/1638
f 1119/1639 1120/1634 1108/1635
f 1104/1437 1116/1705 1117/1640
f 1166/1642 1165/1690 1163/1643
f 1111/1645 1113/1692 1101/1409
f 1117/1527 1118/1706 1106/1444
f 1115/1629 1116/1705 1104/1437
f 1106/1444 1118/1706 1119/1639
f 1092/1452 1093/1453 1081/1626
f 1121/1646 1122/1636 1110/1423
f 1249/1540 1053/1401 1075/1647
f 1044/1389 1043/1418 1039/1648
f 1139/1649 1140/1707 1128/1650
f 1144/1652 1145/1708 1133/1653
f 1142/1655 1143/1709 1131/1656
f 1136/1634 1135/1639 1123/1658
f 1145/1619 1146/1636 1134/1660
f 1091/1447 1092/1452 1082/1623
f 1164/1644 1163/1643 1161/1662
f 1250/1594 1055/1593 1053/1401
f 1143/1410 1144/1692 1132/1664
f 1148/1394 1147/1393 1169/1666
f 1162/1663 1161/1662 1159/1668
f 1150/1392 1149/1402 1147/1393
f 1257/1544 1059/1613 1057/1592
f 1095/1464 1096/1460 1078/1494
f 1234/1667 1233/1666 1231/1670
f 1158/1606 1157/1605 1155/1612
f 1156/1613 1155/1612 1153/1671
f 1154/1672 1153/1671 1151/1673
f 1141/1640 1142/1705 1130/1674
f 1138/1676 1139/1710 1127/1677
f 1206/1679 1205/1484 1197/1479
f 1135/1680 1137/1711 1125/1681
f 1210/1683 1209/1712 1201/1684
f 1170/1667 1169/1666 1167/1670
f 1253/1559 1073/1628 1071/1394
f 1184/1479 1180/1478 1182/1578
f 1228/1644 1227/1643 1225/1662
f 1049/1637 1047/1713 1041/1519
f 1201/1684 1209/1712 1208/1686
f 1204/1688 1210/1683 1202/1685
f 1226/1663 1225/1662 1223/1668
f 1041/1379 1042/1378 1038/1577
f 1247/1522 1065/1604 1063/1689
f 1178/1413 1174/1578 1173/1498
f 1232/1624 1231/1670 1229/1690
f 1090/1445 1091/1447 1083/1506
f 1220/1613 1219/1612 1217/1671
f 1218/1672 1217/1671 1215/1673
f 1208/1686 1207/1714 1199/1405
f 1256/1541 1071/1394 1069/1691
f 1230/1642 1229/1690 1227/1643
f 1168/1624 1167/1670 1165/1690
f 1072/1424 1268/1395 1267/1397
f 1212/1394 1211/1393 1233/1666
o Slide
v -0.0938 1.1624 1.125
v -0.1624 1.0938 1.125
v -0.1875 1 1.125
v 0.1875 1 1.125
v 0.1624 1.0938 1.125
v 0.0938 1.1624 1.125
v 0 1.1875 1.125
v -0.0938 1.1624 0.125
v -0.1624 1.0938 0.125
v -0.1875 1 0.125
v 0.1875 1 0.125
v 0.1624 1.0938 0.125
v 0.0938 1.1624 0.125
v 0 1.1875 0.125
v 0.0938 0.8376 1.375
v 0 0.8125 1.375
v -0.0938 0.8376 1.375
v -0.1624 0.9062 1.375
v -0.1875 1 1.375
v 0.1624 0.9062 1.375
v 0.1875 1 1.375
v 0 1.3125 1.375
v -0.1562 1.2706 1.375
v -0.2706 1.1562 1.375
v -0.3125 1 1.375
v -0.0938 0.8376 1.125
v 0 0.8125 1.125
v 0.0938 0.8376 1.125
v 0.1624 0.9062 1.125
v 0.1875 1 1.125
v 0.3125 1 1.375
v 0.2706 1.1562 1.375
v 0.1562 1.2706 1.375
v -0.1624 0.9062 1.125
v -0.1875 1 1.125
v -0.1562 1.2706 1.125
v 0 1.3125 1.125
v -0.2706 1.1562 1.125
v -0.3125 1 1.125
v 0.3125 1 1.125
v 0.2706 1.1562 1.125
v 0.1562 1.2706 1.125
v -0.0938 1.1624 1.4375
v -0.1624 1.0938 1.4375
v -0.1875 1 1.4375
v -0.1624 0.9062 1.4375
v -0.0938 0.8376 1.4375
v 0 0.8125 1.4375
v 0.0938 0.8376 1.4375
v 0.1624 0.9062 1.4375
v 0.1875 1 1.4375
v 0.1624 1.0938 1.4375
v 0.0938 1.1624 1.4375
v 0 1.1875 1.4375
v -0.0938 1.1624 1.375
v -0.1624 1.0938 1.375
v -0.1875 1 1.375
v -0.1624 0.9062 1.375
v -0.0938 0.8376 1.375
v 0 0.8125 1.375
v 0.0938 0.8376 1.375
v 0.1624 0.9062 1.375
v 0.1875 1 1.375
v 0.1624 1.0938 1.375
v 0.0938 1.1624 1.375
v 0 1.1875 1.375
v 0.125 1 1.125
v 0.5 1 1.125
v 0.125 1 1
v 0.5 1 1
v 0.125 1.0625 1.125
v 0.5 1.0625 1.125
v 0.125 1.0625 1
v 0.5 1.0625 1
v 0.5 0.9062 1.125
v 0.5 1.1562 1.125
v 0.5 0.9062 1
v 0.5 1.1562 1
v 0.75 0.9688 1.125
v 0.75 1.0938 1.125
v 0.75 0.9688 1
v 0.75 1.0938 1
v 0.625 0.9062 1
v 0.625 1.1562 1
v 0.625 0.9062 1.125
v 0.625 1.1562 1.125
v 0.25 1 3.5
v -0.25 1 3.5
v 0.25 1.125 3.5
v -0.25 1.125 3.5
v -0.1875 1.125 3.5
v -0.1875 1 3.5
v 0.1875 1.125 3.5
v 0.1875 1 3.5
v 0.25 1 1.375
v 0.25 1.125 1.375
v -0.25 1.125 1.375
v -0.25 1 1.375
v -0.1875 1.125 1.375
v -0.1875 1 1.375
v 0.1875 1 1.375
v 0.1875 1.125 1.375
v -0.125 1 1.125
v -0.5 1 1.125
v -0.125 1 1
v -0.5 1 1
v -0.125 1.0625 1.125
v -0.5 1.0625 1.125
v -0.125 1.0625 1
v -0.5 1.0625 1
v -0.5 0.9062 1.125
v -0.5 1.1562 1.125
v -0.5 0.9062 1
v -0.5 1.1562 1
v -0.75 0.9688 1.125
v -0.75 1.0938 1.125
v -0.75 0.9688 1
v -0.75 1.0938 1
v -0.625 0.9062 1
v -0.625 1.1562 1
v -0.625 0.9062 1.125
v -0.625 1.1562 1.125
v 0.25 1.125 2.4375
v 0.25 1 2.4375
v 0.1875 1 2.4375
v -0.1875 1 2.4375
v -0.25 1 2.4375
v 0.1875 1.125 2.4375
v -0.25 1.125 2.4375
v -0.1875 1.125 2.4375
vt 0.0437 0.9459
vt 0.0222 0.9459
vt 0.0384 0.9182
vt 0.6719 0.7555
vt 0.6813 0.8042
vt 0.6719 0.788
vt 0.6908 0.7555
vt 0.6908 0.788
vt 0.1282 0.7391
vt 0.0659 0.7609
vt 0.0659 0.7391
vt 0.1282 0.8152
vt 0.0659 0.8261
vt 0.0659 0.8152
vt 0.6703 0.7826
vt 0.6667 0.7609
vt 0.6703 0.7609
vt 0.9011 0.7174
vt 0.9084 0.6957
vt 0.9084 0.7174
vt 0.9011 0.7826
vt 0.9084 0.7609
vt 0.9011 0.7609
vt 0.8938 0.75
vt 0.9011 0.7391
vt 0.8864 0.6957
vt 0.8645 0.6739
vt 0.8645 0.6957
vt 0.1282 0.7283
vt 0.0659 0.7283
vt -0 0.7935
vt 0.0037 0.8152
vt 0 0.8152
vt 0.9231 0.7065
vt 0.9158 0.75
vt 0.9231 0.75
vt 0.1282 0.7935
vt 0.0659 0.7935
vt 0.6703 0.9565
vt 0.6667 0.9348
vt 0.6703 0.9348
vt 0.8864 0.6739
vt 0.9084 0.7391
vt 0.6703 0.913
vt 0.6667 0.8913
vt 0.6703 0.8913
vt 0.8864 0.7065
vt 0.8864 0.75
vt 0.2637 0.8043
vt 0.2051 0.7826
vt 0.2637 0.7826
vt 0.0147 0.913
vt -0 0.9348
vt -0 0.913
vt 0.9304 0.7065
vt 0.0147 0.8478
vt -0 0.8696
vt -0 0.8478
vt 0.0147 0.8696
vt -0 0.8913
vt 0.8938 0.7065
vt 0.6703 0.9783
vt 0.6667 0.9565
vt 0.9158 0.7065
vt 0.0384 0.8309
vt 0.0424 0.8427
vt 0.0438 0.8588
vt 0.0511 0.8588
vt 0.0487 0.8857
vt 0.042 0.9054
vt 0.033 0.9126
vt 0.0239 0.9054
vt 0.0221 0.8588
vt 0.0173 0.8857
vt 0.0148 0.8588
vt 0.0235 0.8427
vt 0.0275 0.8309
vt 0.033 0.8265
vt 0.0037 0.7609
vt 0.0037 0.7391
vt 0.0236 0.9299
vt 0.0276 0.9182
vt 0.033 0.9139
vt 0.0423 0.9299
vt 0.0509 0.9459
vt 0.0485 0.9725
vt 0.0419 0.992
vt 0.033 0.9991
vt 0.024 0.992
vt 0.0174 0.9725
vt 0.015 0.9459
vt 0.0037 0.8261
vt 0.6759 0.7998
vt 0.6704 0.7717
vt 0.6759 0.7436
vt 0.6813 0.7393
vt 0.6868 0.7436
vt 0.6923 0.7717
vt 0.6868 0.7998
vt 0.0037 0.7283
vt 0.0147 0.8913
vt 0.6667 0.9783
vt 0.0659 0.7826
vt 0.0037 0.7826
vt 0.0037 0.7935
vt 0.8645 0.7283
vt 0.8645 0.7065
vt 0.0659 0.7065
vt 0.0037 0.7065
vt 0.0147 0.8261
vt 0.2637 0.7174
vt 0.2051 0.7174
vt 0.2051 0.6957
vt 0.6703 1
vt 0.6667 1
vt 0.0147 0.9348
vt 0.0147 0.9565
vt -0 0.9565
vt 0.6667 0.913
vt 0.2051 0.8043
vt 0.8645 0.7391
vt 0.8864 0.7391
vt 0.0659 0.6957
vt 0.0037 0.6957
vt 0.2637 0.8261
vt 0.1282 0.7065
vt 0.1282 0.7826
vt 0.2637 0.7609
vt 0.2051 0.7391
vt 0.2637 0.7391
vt 0.1282 0.7609
vt 0.8864 0.7283
vt 0.6703 0.8696
vt 0.6667 0.8478
vt 0.6703 0.8478
vt -0 0.8261
vt 0.6667 0.7391
vt 0.6703 0.7391
vt 0.6667 0.8261
vt 0.6703 0.8261
vt 0.2637 0.6957
vt 0.9084 0.7826
vt 0.6667 0.8696
vt 0.6703 0.8043
vt 0.6667 0.7826
vt 0.9304 0.75
vt 0.2051 0.7609
vt 0.9011 0.6957
vt 0.9084 0.6739
vt 0.6667 0.8043
vt 0 0.7065
vt 0 0.7283
vt 0.1282 0.6957
vt 0.1282 0.8261
vt 0.2051 0.8261
vt 0.9011 0.6739
s 1
f 1305/1715 1300/1716 1296/1717
f 1316/1718 1324/1719 1314/1720
f 1320/1721 1322/1722 1324/1719
f 1372/1723 1395/1724 1398/1725
f 1368/1726 1396/1727 1397/1728
f 1332/1729 1319/1730 1331/1731
f 1349/1732 1353/1733 1351/1734
f 1382/1735 1390/1736 1392/1737
f 1356/1738 1349/1732 1350/1739
f 1375/1740 1374/1741 1376/1742
f 1366/1743 1398/1725 1393/1744
f 1361/1745 1358/1746 1362/1747
f 1383/1748 1390/1749 1384/1750
f 1367/1751 1397/1728 1399/1752
f 1328/1753 1315/1754 1327/1755
f 1339/1740 1338/1741 1337/1756
f 1392/1737 1388/1757 1386/1739
f 1326/1758 1313/1759 1325/1760
f 1392/1738 1381/1761 1382/1762
f 1279/1763 1271/1764 1278/1765
f 1306/1766 1294/1767 1293/1768
f 1384/1750 1381/1769 1383/1748
f 1311/1770 1303/1771 1302/1772
f 1312/1773 1292/1774 1303/1771
f 1346/1762 1355/1775 1356/1738
f 1329/1776 1316/1777 1328/1753
f 1352/1757 1353/1778 1354/1749
f 1285/1779 1290/1780 1291/1781
f 1291/1781 1301/1782 1302/1783
f 1302/1783 1303/1784 1291/1781
f 1303/1784 1292/1785 1291/1781
f 1292/1785 1293/1786 1289/1787
f 1293/1786 1294/1788 1289/1787
f 1294/1788 1295/1789 1289/1787
f 1289/1787 1288/1790 1287/1791
f 1287/1791 1286/1792 1285/1779
f 1285/1779 1291/1781 1287/1791
f 1398/1725 1364/1793 1363/1794
f 1300/1716 1299/1795 1298/1796
f 1298/1796 1297/1797 1300/1716
f 1297/1797 1296/1717 1300/1716
f 1296/1717 1304/1798 1305/1715
f 1305/1715 1309/1799 1308/1800
f 1308/1800 1306/1801 1305/1715
f 1306/1801 1307/1802 1305/1715
f 1307/1802 1312/1803 1300/1716
f 1312/1803 1311/1804 1300/1716
f 1311/1804 1310/1805 1300/1716
f 1397/1728 1362/1806 1358/1746
f 1324/1719 1313/1807 1314/1720
f 1314/1720 1315/1808 1316/1718
f 1316/1718 1317/1809 1318/1810
f 1318/1810 1319/1811 1316/1718
f 1319/1811 1320/1721 1316/1718
f 1320/1721 1321/1812 1322/1722
f 1322/1722 1323/1813 1324/1719
f 1385/1732 1392/1738 1386/1739
f 1393/1744 1363/1794 1359/1814
f 1312/1773 1307/1815 1292/1774
f 1329/1776 1317/1816 1316/1777
f 1307/1815 1306/1766 1293/1768
f 1396/1724 1400/1817 1361/1818
f 1400/1817 1399/1752 1360/1819
f 1343/1761 1342/1820 1344/1821
f 1352/1757 1351/1734 1353/1778
f 1394/1822 1359/1814 1357/1823
f 1390/1749 1387/1734 1388/1757
f 1400/1817 1360/1819 1361/1818
f 1392/1738 1391/1775 1381/1761
f 1310/1824 1311/1770 1302/1772
f 1356/1737 1350/1739 1352/1757
f 1379/1761 1380/1821 1378/1820
f 1282/1825 1275/1826 1274/1827
f 1311/1770 1312/1773 1303/1771
f 1346/1762 1345/1761 1355/1775
f 1330/1828 1318/1829 1317/1816
f 1308/1830 1309/1831 1295/1832
f 1385/1732 1391/1775 1392/1738
f 1339/1740 1340/1742 1338/1741
f 1326/1758 1314/1833 1313/1759
f 1361/1745 1360/1819 1358/1746
f 1356/1738 1355/1775 1349/1732
f 1366/1743 1372/1723 1398/1725
f 1279/1763 1272/1834 1271/1764
f 1378/1820 1374/1835 1373/1836
f 1395/1837 1357/1823 1364/1838
f 1396/1724 1361/1818 1362/1793
f 1399/1752 1358/1746 1360/1819
f 1280/1839 1272/1834 1279/1763
f 1397/1728 1396/1727 1362/1806
f 1354/1749 1347/1748 1348/1750
f 1365/1840 1393/1744 1394/1822
f 1369/1841 1399/1752 1400/1817
f 1284/1842 1276/1843 1283/1844
f 1291/1781 1289/1787 1287/1791
f 1307/1815 1293/1768 1292/1774
f 1370/1845 1400/1817 1396/1724
f 1378/1820 1373/1836 1377/1846
f 1379/1761 1378/1820 1377/1846
f 1336/1847 1323/1848 1335/1849
f 1380/1821 1375/1740 1376/1742
f 1308/1830 1295/1832 1294/1767
f 1310/1824 1302/1772 1301/1850
f 1356/1737 1352/1757 1354/1736
f 1331/1731 1318/1851 1330/1852
f 1335/1849 1322/1853 1334/1854
f 1339/1740 1344/1821 1340/1742
f 1330/1828 1317/1816 1329/1776
f 1282/1825 1274/1827 1281/1855
f 1346/1735 1354/1736 1348/1856
f 1325/1760 1324/1857 1336/1847
f 1333/1858 1320/1859 1332/1729
f 1348/1750 1345/1769 1346/1860
f 1278/1765 1277/1861 1284/1842
f 1355/1862 1347/1863 1353/1733
f 1342/1820 1337/1836 1338/1835
f 1334/1854 1321/1864 1333/1858
f 1327/1755 1314/1833 1326/1758
f 1364/1865 1359/1814 1363/1866
f 1283/1844 1275/1826 1282/1825
f 1386/1739 1387/1734 1385/1732
f 1385/1732 1389/1733 1391/1862
f 1350/1739 1351/1734 1352/1757
f 1371/1867 1394/1822 1395/1837
f 1398/1725 1395/1724 1364/1793
f 1336/1847 1324/1857 1323/1848
f 1393/1744 1398/1725 1363/1794
f 1316/1718 1320/1721 1324/1719
f 1305/1715 1307/1802 1300/1716
f 1328/1753 1316/1777 1315/1754
f 1392/1737 1390/1736 1388/1757
f 1306/1766 1308/1830 1294/1767
f 1383/1748 1389/1778 1390/1749
f 1382/1735 1384/1856 1390/1736
f 1375/1740 1373/1756 1374/1741
f 1367/1751 1368/1726 1397/1728
f 1384/1750 1382/1860 1381/1769
f 1284/1842 1277/1861 1276/1843
f 1368/1726 1370/1868 1396/1727
f 1291/1781 1292/1785 1289/1787
f 1370/1845 1369/1841 1400/1817
f 1349/1732 1355/1862 1353/1733
f 1380/1821 1379/1761 1375/1740
f 1354/1749 1353/1778 1347/1748
f 1332/1729 1320/1859 1319/1730
f 1365/1840 1366/1743 1393/1744
f 1399/1752 1397/1728 1358/1746
f 1372/1723 1371/1845 1395/1724
f 1335/1849 1323/1848 1322/1853
f 1395/1837 1394/1822 1357/1823
f 1280/1839 1273/1869 1272/1834
f 1369/1841 1367/1751 1399/1752
f 1331/1731 1319/1730 1318/1851
f 1343/1761 1341/1846 1342/1820
f 1394/1822 1393/1744 1359/1814
f 1390/1749 1389/1778 1387/1734
f 1339/1740 1343/1761 1344/1821
f 1346/1735 1356/1737 1354/1736
f 1391/1862 1383/1863 1381/1870
f 1325/1760 1313/1759 1324/1857
f 1333/1858 1321/1864 1320/1859
f 1348/1750 1347/1748 1345/1769
f 1278/1765 1271/1764 1277/1861
f 1355/1862 1345/1870 1347/1863
f 1342/1820 1341/1846 1337/1836
f 1334/1854 1322/1853 1321/1864
f 1327/1755 1315/1754 1314/1833
f 1364/1865 1357/1823 1359/1814
f 1283/1844 1276/1843 1275/1826
f 1386/1739 1388/1757 1387/1734
f 1385/1732 1387/1734 1389/1733
f 1350/1739 1349/1732 1351/1734
f 1371/1867 1365/1840 1394/1822
f 1391/1862 1389/1733 1383/1863
