o Gauge
v -0.8125 1.125 1.75
v -0.8125 1.0625 1.7188
v -0.8125 1.0625 1.7812
v -0.8125 0.7812 1.7188
v -0.8125 0.7812 1.7812
v -0.8125 0.75 1.6875
v -0.8125 0.75 1.8125
v -0.8125 0.6562 1.6875
v -0.8125 0.6562 1.8125
v -0.7812 1.0625 1.7188
v -0.7812 1.125 1.75
v -0.7812 1.0625 1.7812
v -0.7812 0.7812 1.7188
v -0.7812 0.7812 1.7812
v -0.7812 0.75 1.6875
v -0.7812 0.75 1.8125
v -0.7812 0.6562 1.6875
v -0.7812 0.6562 1.8125
vt 0.9565 0.4276
vt 0.9526 0.4342
vt 0.9447 0.4342
vt 0.9526 0.5066
vt 0.9447 0.5066
vt 0.9447 0.5197
vt 0.9407 0.5066
vt 0.9565 0.4079
vt 0.9605 0.4276
vt 0.9407 0.4276
vt 0.9368 0.4079
vt 0.9407 0.4079
vt 0.9565 0.5197
vt 0.9526 0.5197
vt 0.9605 0.4342
vt 0.9565 0.4342
vt 0.9407 0.4342
vt 0.9368 0.4276
vt 0.9565 0.4013
vt 0.9486 0.5197
vt 0.9565 0.5066
vt 0.9407 0.5197
vt 0.9605 0.4079
vt 0.9407 0.4013
vt 0.9368 0.4342
s 1
f 15/1 13/2 14/3
f 14/3 10/4 12/5
f 11/6 3/7 12/5
f 17/8 6/9 15/1
f 16/10 9/11 18/12
f 10/4 1/13 11/14
f 15/1 4/15 13/16
f 12/5 5/17 14/3
f 14/17 7/18 16/10
f 18/12 8/19 17/8
f 12/5 10/4 11/20
f 14/3 13/2 10/4
f 14/3 16/10 15/1
f 13/2 2/21 10/4
f 11/6 1/22 3/7
f 17/8 8/23 6/9
f 15/1 16/10 18/12
f 18/12 9/24 8/19
f 14/17 5/25 7/18
f 15/1 6/9 4/15
f 10/4 2/21 1/13
f 12/5 3/7 5/17
f 16/10 7/18 9/11
f 13/2 4/16 2/21
f 15/1 18/12 17/8
o Gun
v -0.5 -0 -1
v 4 -0 -1
v -0.5 -0.3827 -0.9239
v 4 -0.3827 -0.9239
v -0.5 -0.7071 -0.7071
v 4 -0.7071 -0.7071
v -0.5 -0.9239 -0.3827
v 4 -0.9239 -0.3827
v -0.5 -1 0
v 4 -1 0
v -0.5 -0.9239 0.3827
v 4 -0.9239 0.3827
v -0.5 -0.7071 0.7071
v 4 -0.7071 0.7071
v -0.5 -0.3827 0.9239
v 4 -0.3827 0.9239
v -0.5 0 1
v 4 0 1
v -0.5 0.3827 0.9239
v 4 0.3827 0.9239
v -0.5 0.7071 0.7071
v 4 0.7071 0.7071
v -0.5 0.9239 0.3827
v 4 0.9239 0.3827
v -0.5 1 -0
v 4 1 -0
v -0.5 0.9239 -0.3827
v 4 0.9239 -0.3827
v -0.5 0.7071 -0.7071
v 4 0.7071 -0.7071
v -0.5 0.3827 -0.9239
v 4 0.3827 -0.9239
v 4.125 -0.3348 -0.8084
v 4.125 -0 -0.875
v 4.125 -0.6187 -0.6187
v 4.125 -0.8084 -0.3348
v 4.125 -0.875 0
v 4.125 -0.8084 0.3348
v 4.125 -0.6187 0.6187
v 4.125 -0.3348 0.8084
v 4.125 0 0.875
v 4.125 0.3348 0.8084
v 4.125 0.6187 0.6187
v 4.125 0.8084 0.3348
v 4.125 0.875 -0
v 4.125 0.8084 -0.3348
v 4.125 0.6187 -0.6187
v 4.125 0.3348 -0.8084
v 4.25 -0.1913 -0.4619
v 4.25 -0 -0.5
v 4.25 -0.3536 -0.3536
v 4.25 -0.4619 -0.1913
v 4.25 -0.5 0
v 4.25 -0.4619 0.1913
v 4.25 -0.3536 0.3536
v 4.25 -0.1913 0.4619
v 4.25 0 0.5
v 4.25 0.1913 0.4619
v 4.25 0.3536 0.3536
v 4.25 0.4619 0.1913
v 4.25 0.5 -0
v 4.25 0.4619 -0.1913
v 4.25 0.3536 -0.3536
v 4.25 0.1913 -0.4619
v 3.6875 0.3248 1.125
v 3.8248 0.1875 1.125
v 3.875 0 1.125
v 3.8248 -0.1875 1.125
v 3.6875 -0.3248 1.125
v 3.5 -0.375 1.125
v 3.3125 -0.3248 1.125
v 3.1752 -0.1875 1.125
v 3.125 0 1.125
v 3.1752 0.1875 1.125
v 3.3125 0.3248 1.125
v 3.5 0.375 1.125
v 3.625 0.2165 1.125
v 3.7165 0.125 1.125
v 3.75 0 1.125
v 3.7165 -0.125 1.125
v 3.625 -0.2165 1.125
v 3.5 -0.25 1.125
v 3.375 -0.2165 1.125
v 3.2835 -0.125 1.125
v 3.25 0 1.125
v 3.2835 0.125 1.125
v 3.375 0.2165 1.125
v 3.5 0.25 1.125
v 4.7422 -0.0884 -0.0884
v 4.7422 -0.125 0
v 4.7422 -0.0884 0.0884
v 4.7422 0 0.125
v 4.7422 0.0884 0.0884
v 4.7422 0.125 -0
v 4.7422 0.0884 -0.0884
v 4.7422 -0 -0.125
v 4.4922 -0 -0.125
v 4.4922 0.0884 -0.0884
v 4.4922 0.125 -0
v 4.4922 0.0884 0.0884
v 4.4922 0 0.125
v 4.4922 -0.0884 0.0884
v 4.4922 -0.125 0
v 4.4922 -0.0884 -0.0884
v 4.7422 -0 -0.125
v 4.7422 0.0884 -0.0884
v 4.7422 0.125 -0
v 4.7422 0.0884 0.0884
v 4.7422 0 0.125
v 4.7422 -0.0884 0.0884
v 4.7422 -0.125 0
v 4.7422 -0.0884 -0.0884
v 4.5547 0 0.2652
v 4.5547 -0.2652 0
v 4.5547 0.2652 -0
v 4.5547 -0 -0.2652
v 4.6797 0.2652 -0
v 4.6797 0 0.2652
v 4.6797 -0.2652 0
v 4.6797 -0 -0.2652
v 5.0547 -0.2652 0
v 5.0547 -0 -0.2652
v 5.0547 -0.8839 -0.6187
v 5.0547 -0.6187 -0.8839
v 4.9297 -0.8839 -0.6187
v 4.9297 -0.6187 -0.8839
v 4.9297 -0.3536 -0.0884
v 4.9297 -0.0884 -0.3536
v 4.6797 -0.3536 -0.0884
v 4.6797 -0.0884 -0.3536
v 5.0547 -0.9281 -0.7513
v 5.0547 -0.7513 -0.9281
v 4.9297 -0.9281 -0.7513
v 4.9297 -0.7513 -0.9281
v -1 0.3827 -0.9239
v -1 0.7071 -0.7071
v -1 0.9239 -0.3827
v -1 1 -0
v -1 0.9239 0.3827
v -1 0.7071 0.7071
v -1 0.3827 0.9239
v -1 0 1
v -1 -0.3827 0.9239
v -1 -0.7071 0.7071
v -1 -0.9239 0.3827
v -1 -1 0
v -1 -0.9239 -0.3827
v -1 -0.7071 -0.7071
v -1 -0.3827 -0.9239
v -1 -0 -1
v -4 0.1435 -0.3465
v -4 0.2652 -0.2652
v -4 0.3465 -0.1435
v -4 0.375 -0
v -4 0.3465 0.1435
v -4 0.2652 0.2652
v -4 0.1435 0.3465
v -4 0 0.375
v -4 -0.1435 0.3465
v -4 -0.2652 0.2652
v -4 -0.3465 0.1435
v -4 -0.375 0
v -4 -0.3465 -0.1435
v -4 -0.2652 -0.2652
v -4 -0.1435 -0.3465
v -4 -0 -0.375
v -1.5 -0 -1
v -1.5 -0.3827 -0.9239
v -1.5 -0.7071 -0.7071
v -1.5 -0.9239 -0.3827
v -1.5 -1 0
v -1.5 -0.9239 0.3827
v -1.5 -0.7071 0.7071
v -1.5 -0.3827 0.9239
v -1.5 0 1
v -1.5 0.3827 0.9239
v -1.5 0.7071 0.7071
v -1.5 0.9239 0.3827
v -1.5 1 -0
v -1.5 0.9239 -0.3827
v -1.5 0.7071 -0.7071
v -1.5 0.3827 -0.9239
v -4 -0 -0.375
v -4 -0.1435 -0.3465
v -4 -0.2652 -0.2652
v -4 -0.3465 -0.1435
v -4 -0.375 0
v -4 -0.3465 0.1435
v -4 -0.2652 0.2652
v -4 -0.1435 0.3465
v -4 0 0.375
v -4 0.1435 0.3465
v -4 0.2652 0.2652
v -4 0.3465 0.1435
v -4 0.375 -0
v -4 0.3465 -0.1435
v -4 0.2652 -0.2652
v -4 0.1435 -0.3465
v -4 -0 -0.5
v -4 -0.1913 -0.4619
v -4 -0.3536 -0.3536
v -4 -0.4619 -0.1913
v -4 -0.5 0
v -4 -0.4619 0.1913
v -4 -0.3536 0.3536
v -4 -0.1913 0.4619
v -4 0 0.5
v -4 0.1913 0.4619
v -4 0.3536 0.3536
v -4 0.4619 0.1913
v -4 0.5 -0
v -4 0.4619 -0.1913
v -4 0.3536 -0.3536
v -4 0.1913 -0.4619
v -1 -0.25 1.0312
v -1 0.25 1.0312
v -1.5 -0.25 1.0312
v -1.5 0.25 1.0312
v -4 -0.25 0.4062
v -4 0.25 0.4062
v -1 -1.0312 -0.25
v -1 -1.0312 0.25
v -1.5 -1.0312 -0.25
v -1.5 -1.0312 0.25
v -4 -0.4062 -0.25
v -4 -0.4062 0.25
v -1 0.25 -1.0312
v -1 -0.25 -1.0312
v -1.5 0.25 -1.0312
v -1.5 -0.25 -1.0312
v -4 0.25 -0.4062
v -4 -0.25 -0.4062
v -1 1.0312 0.25
v -1 1.0312 -0.25
v -1.5 1.0312 0.25
v -1.5 1.0312 -0.25
v -4 0.4062 0.25
v -4 0.4062 -0.25
v -4.5 -0 -0.5
v -4.5 -0.1913 -0.4619
v -4.5 -0.3536 -0.3536
v -4.5 -0.4619 -0.1913
v -4.5 -0.5 0
v -4.5 -0.4619 0.1913
v -4.5 -0.3536 0.3536
v -4.5 -0.1913 0.4619
v -4.5 0 0.5
v -4.5 0.1913 0.4619
v -4.5 0.3536 0.3536
v -4.5 0.4619 0.1913
v -4.5 0.5 -0
v -4.5 0.4619 -0.1913
v -4.5 0.3536 -0.3536
v -4.5 0.1913 -0.4619
v -4.5 -0 -0.375
v -4.5 -0.1435 -0.3465
v -4.5 -0.2652 -0.2652
v -4.5 -0.3465 -0.1435
v -4.5 -0.375 0
v -4.5 -0.3465 0.1435
v -4.5 -0.2652 0.2652
v -4.5 -0.1435 0.3465
v -4.5 0 0.375
v -4.5 0.1435 0.3465
v -4.5 0.2652 0.2652
v -4.5 0.3465 0.1435
v -4.5 0.375 -0
v -4.5 0.3465 -0.1435
v -4.5 0.2652 -0.2652
v -4.5 0.1435 -0.3465
v -5.5 -0 -0.375
v -5.5 -0.1435 -0.3465
v -5.5 -0.2652 -0.2652
v -5.5 -0.3465 -0.1435
v -5.5 -0.375 0
v -5.5 -0.3465 0.1435
v -5.5 -0.2652 0.2652
v -5.5 -0.1435 0.3465
v -5.5 0 0.375
v -5.5 0.1435 0.3465
v -5.5 0.2652 0.2652
v -5.5 0.3465 0.1435
v -5.5 0.375 -0
v -5.5 0.3465 -0.1435
v -5.5 0.2652 -0.2652
v -5.5 0.1435 -0.3465
v -5.75 -0 -0.5
v -5.75 -0.1913 -0.4619
v -5.75 -0.3536 -0.3536
v -5.75 -0.4619 -0.1913
v -5.75 -0.5 0
v -5.75 -0.4619 0.1913
v -5.75 -0.3536 0.3536
v -5.75 -0.1913 0.4619
v -5.75 0 0.5
v -5.75 0.1913 0.4619
v -5.75 0.3536 0.3536
v -5.75 0.4619 0.1913
v -5.75 0.5 -0
v -5.75 0.4619 -0.1913
v -5.75 0.3536 -0.3536
v -5.75 0.1913 -0.4619
v -6.25 -0 -0.5
v -6.25 -0.1913 -0.4619
v -6.25 -0.3536 -0.3536
v -6.25 -0.4619 -0.1913
v -6.25 -0.5 0
v -6.25 -0.4619 0.1913
v -6.25 -0.3536 0.3536
v -6.25 -0.1913 0.4619
v -6.25 0 0.5
v -6.25 0.1913 0.4619
v -6.25 0.3536 0.3536
v -6.25 0.4619 0.1913
v -6.25 0.5 -0
v -6.25 0.4619 -0.1913
v -6.25 0.3536 -0.3536
v -6.25 0.1913 -0.4619
v -6.25 -0 -0.375
v -6.25 -0.1435 -0.3465
v -6.25 -0.2652 -0.2652
v -6.25 -0.3465 -0.1435
v -6.25 -0.375 0
v -6.25 -0.3465 0.1435
v -6.25 -0.2652 0.2652
v -6.25 -0.1435 0.3465
v -6.25 0 0.375
v -6.25 0.1435 0.3465
v -6.25 0.2652 0.2652
v -6.25 0.3465 0.1435
v -6.25 0.375 -0
v -6.25 0.3465 -0.1435
v -6.25 0.2652 -0.2652
v -6.25 0.1435 -0.3465
v -5.75 -0 -0.375
v -5.75 -0.1435 -0.3465
v -5.75 -0.2652 -0.2652
v -5.75 -0.3465 -0.1435
v -5.75 -0.375 0
v -5.75 -0.3465 0.1435
v -5.75 -0.2652 0.2652
v -5.75 -0.1435 0.3465
v -5.75 0 0.375
v -5.75 0.1435 0.3465
v -5.75 0.2652 0.2652
v -5.75 0.3465 0.1435
v -5.75 0.375 -0
v -5.75 0.3465 -0.1435
v -5.75 0.2652 -0.2652
v -5.75 0.1435 -0.3465
v 0 0.375 1.125
v -0.1875 0.3248 1.125
v -0.3248 0.1875 1.125
v -0.375 0 1.125
v -0.3248 -0.1875 1.125
v -0.1875 -0.3248 1.125
v 0 -0.375 1.125
v 0.1875 -0.3248 1.125
v 0.3248 -0.1875 1.125
v 0.375 0 1.125
v 0.3248 0.1875 1.125
v 0.1875 0.3248 1.125
v 0 0.375 1.375
v -0.1875 0.3248 1.375
v -0.3248 0.1875 1.375
v -0.375 0 1.375
v -0.3248 -0.1875 1.375
v -0.1875 -0.3248 1.375
v 0 -0.375 1.375
v 0.1875 -0.3248 1.375
v 0.3248 -0.1875 1.375
v 0.375 0 1.375
v 0.3248 0.1875 1.375
v 0.1875 0.3248 1.375
v 0 0.5 1.125
v -0.25 0.433 1.125
v -0.433 0.25 1.125
v -0.5 0 1.125
v -0.433 -0.25 1.125
v -0.25 -0.433 1.125
v 0 -0.5 1.125
v 0.25 -0.433 1.125
v 0.433 -0.25 1.125
v 0.5 0 1.125
v 0.433 0.25 1.125
v 0.25 0.433 1.125
v 0 0.5 0.75
v -0.25 0.433 0.75
v -0.433 0.25 0.75
v -0.5 0 0.75
v -0.433 -0.25 0.75
v -0.25 -0.433 0.75
v 0 -0.5 0.75
v 0.25 -0.433 0.75
v 0.433 -0.25 0.75
v 0.5 0 0.75
v 0.433 0.25 0.75
v 0.25 0.433 0.75
v 0.25 0.433 -0.75
v 0.433 0.25 -0.75
v 0.5 -0 -0.75
v 0.433 -0.25 -0.75
v 0.25 -0.433 -0.75
v 0 -0.5 -0.75
v -0.25 -0.433 -0.75
v -0.433 -0.25 -0.75
v -0.5 -0 -0.75
v -0.433 0.25 -0.75
v -0.25 0.433 -0.75
v 0 0.5 -0.75
v 0.25 0.433 -1.125
v 0.433 0.25 -1.125
v 0.5 -0 -1.125
v 0.433 -0.25 -1.125
v 0.25 -0.433 -1.125
v 0 -0.5 -1.125
v -0.25 -0.433 -1.125
v -0.433 -0.25 -1.125
v -0.5 -0 -1.125
v -0.433 0.25 -1.125
v -0.25 0.433 -1.125
v 0 0.5 -1.125
v 0.1875 0.3248 -1.375
v 0.3248 0.1875 -1.375
v 0.375 -0 -1.375
v 0.3248 -0.1875 -1.375
v 0.1875 -0.3248 -1.375
v 0 -0.375 -1.375
v -0.1875 -0.3248 -1.375
v -0.3248 -0.1875 -1.375
v -0.375 -0 -1.375
v -0.3248 0.1875 -1.375
v -0.1875 0.3248 -1.375
v 0 0.375 -1.375
v 0.1875 0.3248 -1.125
v 0.3248 0.1875 -1.125
v 0.375 -0 -1.125
v 0.3248 -0.1875 -1.125
v 0.1875 -0.3248 -1.125
v 0 -0.375 -1.125
v -0.1875 -0.3248 -1.125
v -0.3248 -0.1875 -1.125
v -0.375 -0 -1.125
v -0.3248 0.1875 -1.125
v -0.1875 0.3248 -1.125
v 0 0.375 -1.125
v 0 2.25 -1.125
v 0 2.25 1.125
v 0.125 2.2165 -1.125
v 0.125 2.2165 1.125
v 0.2165 2.125 -1.125
v 0.2165 2.125 1.125
v 0.25 2 -1.125
v 0.25 2 1.125
v 0.2165 1.875 -1.125
v 0.2165 1.875 1.125
v 0.125 1.7835 -1.125
v 0.125 1.7835 1.125
v 0 1.75 -1.125
v 0 1.75 1.125
v -0.125 1.7835 -1.125
v -0.125 1.7835 1.125
v -0.2165 1.875 -1.125
v -0.2165 1.875 1.125
v -0.25 2 -1.125
v -0.25 2 1.125
v -0.2165 2.125 -1.125
v -0.2165 2.125 1.125
v -0.125 2.2165 -1.125
v -0.125 2.2165 1.125
v 0 2.1875 1.125
v 0.0938 2.1624 1.125
v 0.1624 2.0938 1.125
v 0.1875 2 1.125
v -0.1875 2 1.125
v -0.1624 2.0938 1.125
v -0.0938 2.1624 1.125
v 0.1875 0.25 1.125
v -0.1875 0.25 1.125
v 0.0938 2.1624 1.25
v 0 2.1875 1.25
v 0.1624 2.0938 1.25
v 0.1875 2 1.25
v -0.1624 2.0938 1.25
v -0.1875 2 1.25
v -0.0938 2.1624 1.25
v 0.1875 0.25 1.25
v -0.1875 0.25 1.25
v -0.1875 0.25 -1.125
v 0.1875 0.25 -1.125
v -0.0938 2.1624 -1.125
v -0.1875 2 -1.125
v -0.1624 2.0938 -1.125
v 0.1875 2 -1.125
v 0.1624 2.0938 -1.125
v 0 2.1875 -1.125
v 0.0938 2.1624 -1.125
v -0.1875 0.25 -1.25
v 0.1875 0.25 -1.25
v -0.0938 2.1624 -1.25
v -0.1624 2.0938 -1.25
v -0.1875 2 -1.25
v 0.1875 2 -1.25
v 0.1624 2.0938 -1.25
v 0.0938 2.1624 -1.25
v 0 2.1875 -1.25
v -4.3362 0.9138 -0.0442
v -4.3049 0.9451 -0.0625
v -6.4375 1 -0.0625
v -4.4375 1 -0.0625
v -6.4375 0.9558 -0.0442
v -4.4375 0.9558 -0.0442
v -6.4375 0.9375 -0
v -4.4375 0.9375 -0
v -6.4375 0.9558 0.0442
v -4.4375 0.9558 0.0442
v -6.4375 1 0.0625
v -4.4375 1 0.0625
v -6.4375 1.0442 0.0442
v -4.4375 1.0442 0.0442
v -6.4375 1.0625 -0
v -4.4375 1.0625 -0
v -6.4375 1.0442 -0.0442
v -4.4375 1.0442 -0.0442
v -4.3491 0.9009 -0
v -4.3362 0.9138 0.0442
v -4.3049 0.9451 0.0625
v -4.2737 0.9763 0.0442
v -4.2607 0.9893 -0
v -4.2737 0.9763 -0.0442
v -4.2942 0.8125 -0.0442
v -4.25 0.8125 -0.0625
v -4.3125 0.8125 -0
v -4.2942 0.8125 0.0442
v -4.25 0.8125 0.0625
v -4.2058 0.8125 0.0442
v -4.1875 0.8125 -0
v -4.2058 0.8125 -0.0442
v -4.2942 0.5625 -0.0442
v -4.25 0.5625 -0.0625
v -4.3125 0.5625 -0
v -4.2942 0.5625 0.0442
v -4.25 0.5625 0.0625
v -4.2058 0.5625 0.0442
v -4.1875 0.5625 -0
v -4.2058 0.5625 -0.0442
v -4.3384 0.4375 -0.0884
v -4.25 0.4375 -0.125
v -4.375 0.4375 -0
v -4.3384 0.4375 0.0884
v -4.25 0.4375 0.125
v -4.1616 0.4375 0.0884
v -4.125 0.4375 -0
v -4.1616 0.4375 -0.0884
v -4.3384 0.5625 -0.0884
v -4.25 0.5625 -0.125
v -4.375 0.5625 -0
v -4.3384 0.5625 0.0884
v -4.25 0.5625 0.125
v -4.1616 0.5625 0.0884
v -4.125 0.5625 -0
v -4.1616 0.5625 -0.0884
v -6.5701 0.9451 -0.0625
v -6.5388 0.9138 -0.0442
v -6.5259 0.9009 -0
v -6.5388 0.9138 0.0442
v -6.5701 0.9451 0.0625
v -6.6013 0.9763 0.0442
v -6.6143 0.9893 -0
v -6.6013 0.9763 -0.0442
v -6.7469 0.7683 -0.0625
v -6.7156 0.7371 -0.0442
v -6.7027 0.7241 -0
v -6.7156 0.7371 0.0442
v -6.7469 0.7683 0.0625
v -6.7781 0.7996 0.0442
v -6.7911 0.8125 -0
v -6.7781 0.7996 -0.0442
v -6.7469 0.7683 -0.0938
v -6.7 0.7214 -0.0663
v -6.6806 0.702 -0
v -6.7 0.7214 0.0663
v -6.7469 0.7683 0.0938
v -6.7937 0.8152 0.0663
v -6.8132 0.8346 -0
v -6.7937 0.8152 -0.0663
v -6.8352 0.6799 -0.0938
v -6.7884 0.633 -0.0663
v -6.769 0.6136 -0
v -6.7884 0.633 0.0663
v -6.8352 0.6799 0.0938
v -6.8821 0.7268 0.0663
v -6.9015 0.7462 -0
v -6.8821 0.7268 -0.0663
v 1.5 1.0607 0.5303
v 1.3125 1.0251 0.5659
v 1.1752 0.9281 0.6629
v 1.125 0.7955 0.7955
v 1.1752 0.6629 0.9281
v 1.3125 0.5659 1.0251
v 1.5 0.5303 1.0607
v 1.6875 0.5659 1.0251
v 1.8248 0.6629 0.9281
v 1.875 0.7955 0.7955
v 1.8248 0.9281 0.6629
v 1.6875 1.0251 0.5659
v 1.5 1.2374 0.7071
v 1.3125 1.2019 0.7426
v 1.1752 1.1049 0.8397
v 1.125 0.9723 0.9723
v 1.1752 0.8397 1.1049
v 1.3125 0.7426 1.2019
v 1.5 0.7071 1.2374
v 1.6875 0.7426 1.2019
v 1.8248 0.8397 1.1049
v 1.875 0.9723 0.9723
v 1.8248 1.1049 0.8397
v 1.6875 1.2019 0.7426
v 1.5 1.149 0.4419
v 1.25 1.1017 0.4893
v 1.067 0.9723 0.6187
v 1 0.7955 0.7955
v 1.067 0.6187 0.9723
v 1.25 0.4893 1.1017
v 1.5 0.4419 1.149
v 1.75 0.4893 1.1017
v 1.933 0.6187 0.9723
v 2 0.7955 0.7955
v 1.933 0.9723 0.6187
v 1.75 1.1017 0.4893
v 1.5 0.8839 0.1768
v 1.25 0.8365 0.2241
v 1.067 0.7071 0.3536
v 1 0.5303 0.5303
v 1.067 0.3536 0.7071
v 1.25 0.2241 0.8365
v 1.5 0.1768 0.8839
v 1.75 0.2241 0.8365
v 1.933 0.3536 0.7071
v 2 0.5303 0.5303
v 1.933 0.7071 0.3536
v 1.75 0.8365 0.2241
v 1.5485 1.1003 0.8442
v 1.3674 1.066 0.8785
v 1.3189 0.938 1.0066
v 1.4515 0.8442 1.1003
v 1.6326 0.8785 1.066
v 1.6811 1.0066 0.938
v 1.5485 1.1887 0.9326
v 1.3674 1.1544 0.9669
v 1.3189 1.0263 1.095
v 1.4515 0.9326 1.1887
v 1.6326 0.9669 1.1544
v 1.6811 1.095 1.0263
v 1.5243 1.1247 0.9966
v 1.4757 1.1247 0.9966
v 1.4337 1.1075 1.0138
v 1.4094 1.0778 1.0435
v 1.4094 1.0435 1.0778
v 1.4337 1.0138 1.1075
v 1.4757 0.9966 1.1247
v 1.5243 0.9966 1.1247
v 1.5663 1.0138 1.1075
v 1.5906 1.0435 1.0778
v 1.5906 1.0778 1.0435
v 1.5663 1.1075 1.0138
v 1.5162 1.1033 1.018
v 1.4838 1.1033 1.018
v 1.4558 1.0919 1.0294
v 1.4396 1.0721 1.0492
v 1.4396 1.0492 1.0721
v 1.4558 1.0294 1.0919
v 1.4838 1.018 1.1033
v 1.5162 1.018 1.1033
v 1.5442 1.0294 1.0919
v 1.5604 1.0492 1.0721
v 1.5604 1.0721 1.0492
v 1.5442 1.0919 1.0294
v 1.3917 1.1301 0.8145
v 1.3108 0.9166 1.0279
v 1.4434 0.8229 1.1217
v 1.6245 0.8572 1.0874
v 1.7054 1.0706 0.8739
v 1.7938 0.9624 0.9822
v 1.2386 1.0676 0.877
v 1.7291 0.7916 1.1529
v 1.1739 0.8968 1.0477
v 1.5156 0.7406 1.204
v 1.3226 0.7771 1.1674
v 1.4832 0.6552 1.2894
v 1.2903 0.6917 1.2528
v 0.8212 -0.4997 2.4
v 1.0627 -0.5454 2.4458
v 1.2741 0.6956 1.2048
v 1.5156 0.6498 1.2505
v 0.9451 -0.9357 2.8803
v 1.026 -0.7223 2.6668
v 0.8934 -0.6285 2.5731
v 0.7123 -0.6629 2.6074
v 0.6314 -0.8763 2.8208
v 0.543 -0.768 2.7126
v 1.0982 -0.8732 2.8178
v 0.6077 -0.5973 2.5418
v 1.1629 -0.7025 2.647
v 0.8212 -0.5462 2.4908
v 1.0141 -0.5828 2.5273
v 0.8535 -0.4609 2.4054
v 1.0465 -0.4974 2.442
v 1.3108 1.005 1.1163
v 1.3917 1.2184 0.9029
v 1.4434 0.9113 1.2101
v 1.6245 0.9456 1.1758
v 1.7054 1.159 0.9623
v 1.7938 1.0508 1.0706
v 1.2386 1.1559 0.9654
v 1.7291 0.88 1.2413
v 1.1739 0.9852 1.1361
v 1.5156 0.8289 1.2924
v 1.3226 0.8655 1.2558
v 1.4832 0.7436 1.3778
v 1.2903 0.7801 1.3412
v 1.026 -0.6339 2.7552
v 0.9451 -0.8473 2.9687
v 0.8934 -0.5402 2.6615
v 0.7123 -0.5745 2.6958
v 0.6314 -0.7879 2.9092
v 0.543 -0.6797 2.801
v 1.0982 -0.7848 2.9062
v 0.6077 -0.5089 2.6302
v 1.1629 -0.6141 2.7354
v 0.8212 -0.4578 2.5792
v 1.0141 -0.4944 2.6157
v 0.8535 -0.3725 2.4938
v 1.0465 -0.409 2.5303
v 1.2741 0.8282 1.3374
v 0.8212 -0.3671 2.5326
v 1.0627 -0.4129 2.5784
v 1.5156 0.7824 1.3831
v 2.6762 1.2322 -0.375
v 2.5062 1.3114 -0.3248
v 2.3818 1.3694 -0.1875
v 2.3363 1.3907 -0
v 2.3818 1.3694 0.1875
v 2.5062 1.3114 0.3248
v 2.6762 1.2322 0.375
v 2.8461 1.1529 0.3248
v 2.9705 1.0949 0.1875
v 3.016 1.0737 -0
v 2.9705 1.0949 -0.1875
v 2.8461 1.1529 -0.3248
v 2.6762 1.2322 -0.25
v 2.5629 1.285 -0.2165
v 2.48 1.3237 -0.125
v 2.4496 1.3378 -0
v 2.48 1.3237 0.125
v 2.5629 1.285 0.2165
v 2.6762 1.2322 0.25
v 2.7895 1.1793 0.2165
v 2.8724 1.1407 0.125
v 2.9028 1.1265 -0
v 2.8724 1.1407 -0.125
v 2.7895 1.1793 -0.2165
v 2.729 1.3455 -0.25
v 2.6157 1.3983 -0.2165
v 2.5328 1.437 -0.125
v 2.5024 1.4511 -0
v 2.5328 1.437 0.125
v 2.6157 1.3983 0.2165
v 2.729 1.3455 0.25
v 2.8423 1.2926 0.2165
v 2.9252 1.254 0.125
v 2.9556 1.2398 -0
v 2.9252 1.254 -0.125
v 2.8423 1.2926 -0.2165
v 2.4649 0.779 -0.375
v 2.2949 0.8583 -0.3248
v 2.1705 0.9163 -0.1875
v 2.125 0.9375 -0
v 2.1705 0.9163 0.1875
v 2.2949 0.8583 0.3248
v 2.4649 0.779 0.375
v 2.6348 0.6998 0.3248
v 2.7592 0.6418 0.1875
v 2.8047 0.6205 -0
v 2.7592 0.6418 -0.1875
v 2.6348 0.6998 -0.3248
v 2.306 1.1777 -0.0442
v 2.3137 1.1943 -0
v 2.306 1.1777 0.0442
v 2.2873 1.1377 0.0625
v 2.2686 1.0976 0.0442
v 2.2609 1.081 -0
v 2.2686 1.0976 -0.0442
v 2.2873 1.1377 -0.0625
v 2.0794 1.2834 -0.0442
v 2.0871 1.3 -0
v 2.0794 1.2834 0.0442
v 2.0607 1.2433 0.0625
v 2.042 1.2033 0.0442
v 2.0343 1.1867 -0
v 2.042 1.2033 -0.0442
v 2.0607 1.2433 -0.0625
v 2.0613 1.0967 -0
v 2.1174 1.2169 0.1326
v 2.1174 1.2169 -0.1326
v 2.1734 1.3371 -0
v 2.174 1.1905 -0.1326
v 2.118 1.0703 -0
v 2.174 1.1905 0.1326
v 2.23 1.3107 -0
v 2.0041 1.2697 0.1326
v 2.0601 1.3899 -0
v 2.1348 1.5501 0.4419
v 2.1909 1.6703 0.3094
v 2.1915 1.5237 0.4419
v 2.2475 1.6439 0.3094
v 2.0794 1.2834 0.1768
v 2.1354 1.4035 0.0442
v 2.136 1.257 0.1768
v 2.1921 1.3771 0.0442
v 2.1722 1.6302 0.4419
v 2.1909 1.6703 0.3977
v 2.2288 1.6038 0.4419
v 2.2475 1.6439 0.3977
v 3.5 0.25 1.125
v 3.375 0.2165 1.125
v 3.2835 0.125 1.125
v 3.25 0 1.125
v 3.2835 -0.125 1.125
v 3.375 -0.2165 1.125
v 3.5 -0.25 1.125
v 3.625 -0.2165 1.125
v 3.7165 -0.125 1.125
v 3.75 0 1.125
v 3.7165 0.125 1.125
v 3.625 0.2165 1.125
v 3.5 0.375 1.125
v 3.3125 0.3248 1.125
v 3.1752 0.1875 1.125
v 3.125 0 1.125
v 3.1752 -0.1875 1.125
v 3.3125 -0.3248 1.125
v 3.5 -0.375 1.125
v 3.6875 -0.3248 1.125
v 3.8248 -0.1875 1.125
v 3.875 0 1.125
v 3.8248 0.1875 1.125
v 3.6875 0.3248 1.125
v 3.5 0.375 0.875
v 3.3125 0.3248 0.875
v 3.1752 0.1875 0.875
v 3.125 0 0.875
v 3.1752 -0.1875 0.875
v 3.3125 -0.3248 0.875
v 3.5 -0.375 0.875
v 3.6875 -0.3248 0.875
v 3.8248 -0.1875 0.875
v 3.875 0 0.875
v 3.8248 0.1875 0.875
v 3.6875 0.3248 0.875
v 3.5 0.25 1.1875
v 3.375 0.2165 1.1875
v 3.2835 0.125 1.1875
v 3.25 0 1.1875
v 3.2835 -0.125 1.1875
v 3.375 -0.2165 1.1875
v 3.5 -0.25 1.1875
v 3.625 -0.2165 1.1875
v 3.7165 -0.125 1.1875
v 3.75 0 1.1875
v 3.7165 0.125 1.1875
v 3.625 0.2165 1.1875
v -0.75 0.875 1.375
v -0.75 1.0625 1.4252
v -0.75 1.1998 1.5625
v -0.75 1.25 1.75
v -0.75 1.1998 1.9375
v -0.75 1.0625 2.0748
v -0.75 0.875 2.125
v -0.75 0.6875 2.0748
v -0.75 0.5502 1.9375
v -0.75 0.5 1.75
v -0.75 0.5502 1.5625
v -0.75 0.6875 1.4252
v -0.9375 1.0625 1.4252
v -0.9375 0.875 1.375
v -0.9375 1.1998 1.5625
v -0.9375 1.25 1.75
v -0.9375 1.1998 1.9375
v -0.9375 1.0625 2.0748
v -0.9375 0.875 2.125
v -0.9375 0.6875 2.0748
v -0.9375 0.5502 1.9375
v -0.9375 0.5 1.75
v -0.9375 0.5502 1.5625
v -0.9375 0.6875 1.4252
v -0.75 0.7109 2.0342
v -0.75 0.875 2.0781
v -0.75 1.0391 2.0342
v -0.75 1.1592 1.9141
v -0.75 1.2031 1.75
v -0.75 1.1592 1.5859
v -0.75 0.875 1.4219
v -0.75 1.0391 1.4658
v -0.8438 0.5849 1.1065
v -0.7996 0.5683 1.1142
v -0.7812 0.5283 1.1329
v -0.7996 0.4882 1.1516
v -0.8438 0.4716 1.1593
v -0.8879 0.4882 1.1516
v -0.9062 0.5283 1.1329
v -0.8879 0.5683 1.1142
v -0.8438 0.7434 1.4463
v -0.7996 0.7268 1.4541
v -0.7812 0.6868 1.4728
v -0.7996 0.6467 1.4914
v -0.8438 0.6301 1.4992
v -0.8879 0.6467 1.4914
v -0.9062 0.6868 1.4728
v -0.8879 0.7268 1.4541
v -0.75 0.5908 1.9141
v -0.75 0.5469 1.75
v -0.75 0.5908 1.5859
v -0.75 0.7109 1.4658
v -0.8125 0.875 1.4219
v -0.8125 0.7109 1.4658
v -0.8125 0.5908 1.5859
v -0.8125 0.5469 1.75
v -0.8125 0.5908 1.9141
v -0.8125 1.0391 2.0342
v -0.8125 1.1592 1.9141
v -0.8125 0.875 2.0781
v -0.8125 1.1592 1.5859
v -0.8125 1.0391 1.4658
v -0.8125 1.2031 1.75
v -0.8125 0.7109 2.0342
v -0.8125 0.875 1.6875
v -0.8125 0.9192 1.7058
v -0.8125 0.9375 1.75
v -0.8125 0.9192 1.7942
v -0.8125 0.875 1.8125
v -0.8125 0.8308 1.7942
v -0.8125 0.8125 1.75
v -0.8125 0.8308 1.7058
v -0.75 0.875 1.6875
v -0.75 0.9192 1.7058
v -0.75 0.9375 1.75
v -0.75 0.9192 1.7942
v -0.75 0.875 1.8125
v -0.75 0.8308 1.7942
v -0.75 0.8125 1.75
v -0.75 0.8308 1.7058
v -0.5 -0 -1.375
v -0.5 -0.5262 -1.2703
v -0.5 -0.9723 -0.9723
v -0.5 -1.2703 -0.5262
v -0.5 -1.375 0
v -0.5 -1.2703 0.5262
v -0.5 -0.9723 0.9723
v -0.5 -0.5262 1.2703
v -0.5 0 1.375
v -0.5 0.5262 1.2703
v -0.5 0.9723 0.9723
v -0.5 1.2703 0.5262
v -0.5 1.375 -0
v -0.5 1.2703 -0.5262
v -0.5 0.9723 -0.9723
v -0.5 0.5262 -1.2703
v -1 -0.5262 -1.2703
v -1 -0.9723 -0.9723
v -1 -0 -1.375
v -1 -1.2703 -0.5262
v -1 -1.375 0
v -1 -1.2703 0.5262
v -1 -0.9723 0.9723
v -1 -0.5262 1.2703
v -1 0 1.375
v -1 0.5262 1.2703
v -1 0.9723 0.9723
v -1 1.2703 0.5262
v -1 1.375 -0
v -1 1.2703 -0.5262
v -1 0.9723 -0.9723
v -1 0.5262 -1.2703
v -1 -0.5262 -1.2703
v -1 -0.9723 -0.9723
v -1 -0 -1.375
v -1 -1.2703 -0.5262
v -1 -1.375 0
v -1 -1.2703 0.5262
v -1 -0.9723 0.9723
v -1 -0.5262 1.2703
v -1 0 1.375
v -1 0.5262 1.2703
v -1 0.9723 0.9723
v -1 1.2703 0.5262
v -1 1.375 -0
v -1 1.2703 -0.5262
v -1 0.9723 -0.9723
v -1 0.5262 -1.2703
v -1 -0 -1
v -1 -0.3827 -0.9239
v -1 -0.7071 -0.7071
v -1 -0.9239 -0.3827
v -1 -1 0
v -1 -0.9239 0.3827
v -1 -0.7071 0.7071
v -1 -0.3827 0.9239
v -1 0 1
v -1 0.3827 0.9239
v -1 0.7071 0.7071
v -1 0.9239 0.3827
v -1 1 -0
v -1 0.9239 -0.3827
v -1 0.7071 -0.7071
v -1 0.3827 -0.9239
v -1.5 -0 -1
v -1.5 -0.3827 -0.9239
v -1.5 -0.7071 -0.7071
v -1.5 -0.9239 -0.3827
v -1.5 -1 0
v -1.5 -0.9239 0.3827
v -1.5 -0.7071 0.7071
v -1.5 -0.3827 0.9239
v -1.5 0 1
v -1.5 0.3827 0.9239
v -1.5 0.7071 0.7071
v -1.5 0.9239 0.3827
v -1.5 1 -0
v -1.5 0.9239 -0.3827
v -1.5 0.7071 -0.7071
v -1.5 0.3827 -0.9239
v -4 -0 -0.5
v -4 -0.1913 -0.4619
v -4 -0.3536 -0.3536
v -4 -0.4619 -0.1913
v -4 -0.5 0
v -4 -0.4619 0.1913
v -4 -0.3536 0.3536
v -4 -0.1913 0.4619
v -4 0 0.5
v -4 0.1913 0.4619
v -4 0.3536 0.3536
v -4 0.4619 0.1913
v -4 0.5 -0
v -4 0.4619 -0.1913
v -4 0.3536 -0.3536
v -4 0.1913 -0.4619
v -4.5 -0 -0.5
v -4.5 -0.1913 -0.4619
v -4.5 -0.3536 -0.3536
v -4.5 -0.4619 -0.1913
v -4.5 -0.5 0
v -4.5 -0.4619 0.1913
v -4.5 -0.3536 0.3536
v -4.5 -0.1913 0.4619
v -4.5 0 0.5
v -4.5 0.1913 0.4619
v -4.5 0.3536 0.3536
v -4.5 0.4619 0.1913
v -4.5 0.5 -0
v -4.5 0.4619 -0.1913
v -4.5 0.3536 -0.3536
v -4.5 0.1913 -0.4619
v -4.5 -0 -0.375
v -4.5 -0.1435 -0.3465
v -4.5 -0.2652 -0.2652
v -4.5 -0.3465 -0.1435
v -4.5 -0.375 0
v -4.5 -0.3465 0.1435
v -4.5 -0.2652 0.2652
v -4.5 -0.1435 0.3465
v -4.5 0 0.375
v -4.5 0.1435 0.3465
v -4.5 0.2652 0.2652
v -4.5 0.3465 0.1435
v -4.5 0.375 -0
v -4.5 0.3465 -0.1435
v -4.5 0.2652 -0.2652
v -4.5 0.1435 -0.3465
v -5.5 -0 -0.375
v -5.5 -0.1435 -0.3465
v -5.5 -0.2652 -0.2652
v -5.5 -0.3465 -0.1435
v -5.5 -0.375 0
v -5.5 -0.3465 0.1435
v -5.5 -0.2652 0.2652
v -5.5 -0.1435 0.3465
v -5.5 0 0.375
v -5.5 0.1435 0.3465
v -5.5 0.2652 0.2652
v -5.5 0.3465 0.1435
v -5.5 0.375 -0
v -5.5 0.3465 -0.1435
v -5.5 0.2652 -0.2652
v -5.5 0.1435 -0.3465
v -5.75 -0 -0.5
v -5.75 -0.1913 -0.4619
v -5.75 -0.3536 -0.3536
v -5.75 -0.4619 -0.1913
v -5.75 -0.5 0
v -5.75 -0.4619 0.1913
v -5.75 -0.3536 0.3536
v -5.75 -0.1913 0.4619
v -5.75 0 0.5
v -5.75 0.1913 0.4619
v -5.75 0.3536 0.3536
v -5.75 0.4619 0.1913
v -5.75 0.5 -0
v -5.75 0.4619 -0.1913
v -5.75 0.3536 -0.3536
v -5.75 0.1913 -0.4619
v -6.25 -0 -0.5
v -6.25 -0.1913 -0.4619
v -6.25 -0.3536 -0.3536
v -6.25 -0.4619 -0.1913
v -6.25 -0.5 0
v -6.25 -0.4619 0.1913
v -6.25 -0.3536 0.3536
v -6.25 -0.1913 0.4619
v -6.25 0 0.5
v -6.25 0.1913 0.4619
v -6.25 0.3536 0.3536
v -6.25 0.4619 0.1913
v -6.25 0.5 -0
v -6.25 0.4619 -0.1913
v -6.25 0.3536 -0.3536
v -6.25 0.1913 -0.4619
v -6.25 -0 -0.375
v -6.25 -0.1435 -0.3465
v -6.25 -0.2652 -0.2652
v -6.25 -0.3465 -0.1435
v -6.25 -0.375 0
v -6.25 -0.3465 0.1435
v -6.25 -0.2652 0.2652
v -6.25 -0.1435 0.3465
v -6.25 0 0.375
v -6.25 0.1435 0.3465
v -6.25 0.2652 0.2652
v -6.25 0.3465 0.1435
v -6.25 0.375 -0
v -6.25 0.3465 -0.1435
v -6.25 0.2652 -0.2652
v -6.25 0.1435 -0.3465
v -5.75 -0 -0.375
v -5.75 -0.1435 -0.3465
v -5.75 -0.2652 -0.2652
v -5.75 -0.3465 -0.1435
v -5.75 -0.375 0
v -5.75 -0.3465 0.1435
v -5.75 -0.2652 0.2652
v -5.75 -0.1435 0.3465
v -5.75 0 0.375
v -5.75 0.1435 0.3465
v -5.75 0.2652 0.2652
v -5.75 0.3465 0.1435
v -5.75 0.375 -0
v -5.75 0.3465 -0.1435
v -5.75 0.2652 -0.2652
v -5.75 0.1435 -0.3465
v -0.5 -0 -1
v -0.5 -0.3827 -0.9239
v -0.5 -0.7071 -0.7071
v -0.5 -0.9239 -0.3827
v -0.5 -1 0
v -0.5 -0.9239 0.3827
v -0.5 -0.7071 0.7071
v -0.5 -0.3827 0.9239
v -0.5 0 1
v -0.5 0.3827 0.9239
v -0.5 0.7071 0.7071
v -0.5 0.9239 0.3827
v -0.5 1 -0
v -0.5 0.9239 -0.3827
v -0.5 0.7071 -0.7071
v -0.5 0.3827 -0.9239
v -0.5 -0 -1.375
v -0.5 -0.5262 -1.2703
v -0.5 -0.9723 -0.9723
v -0.5 -1.2703 -0.5262
v -0.5 -1.375 0
v -0.5 -1.2703 0.5262
v -0.5 -0.9723 0.9723
v -0.5 -0.5262 1.2703
v -0.5 0 1.375
v -0.5 0.5262 1.2703
v -0.5 0.9723 0.9723
v -0.5 1.2703 0.5262
v -0.5 1.375 -0
v -0.5 1.2703 -0.5262
v -0.5 0.9723 -0.9723
v -0.5 0.5262 -1.2703
v 4.25 -0.1913 -0.4619
v 4.25 -0 -0.5
v 4.25 -0.3536 -0.3536
v 4.25 -0.4619 -0.1913
v 4.25 -0.5 0
v 4.25 -0.4619 0.1913
v 4.25 -0.3536 0.3536
v 4.25 -0.1913 0.4619
v 4.25 0 0.5
v 4.25 0.1913 0.4619
v 4.25 0.3536 0.3536
v 4.25 0.4619 0.1913
v 4.25 0.5 -0
v 4.25 0.4619 -0.1913
v 4.25 0.3536 -0.3536
v 4.25 0.1913 -0.4619
v 4.3828 -0.1674 -0.4042
v 4.3828 -0 -0.4375
v 4.3828 -0.3094 -0.3094
v 4.3828 -0.4042 -0.1674
v 4.3828 -0.4375 0
v 4.3828 -0.4042 0.1674
v 4.3828 -0.3094 0.3094
v 4.3828 -0.1674 0.4042
v 4.3828 0 0.4375
v 4.3828 0.1674 0.4042
v 4.3828 0.3094 0.3094
v 4.3828 0.4042 0.1674
v 4.3828 0.4375 -0
v 4.3828 0.4042 -0.1674
v 4.3828 0.3094 -0.3094
v 4.3828 0.1674 -0.4042
v 4.4922 -0.0837 -0.2021
v 4.4922 -0 -0.2188
v 4.4922 -0.1547 -0.1547
v 4.4922 -0.2021 -0.0837
v 4.4922 -0.2188 0
v 4.4922 -0.2021 0.0837
v 4.4922 -0.1547 0.1547
v 4.4922 -0.0837 0.2021
v 4.4922 0 0.2188
v 4.4922 0.0837 0.2021
v 4.4922 0.1547 0.1547
v 4.4922 0.2021 0.0837
v 4.4922 0.2188 -0
v 4.4922 0.2021 -0.0837
v 4.4922 0.1547 -0.1547
v 4.4922 0.0837 -0.2021
v 3.5 0.25 1.1875
v 3.375 0.2165 1.1875
v 3.2835 0.125 1.1875
v 3.25 0 1.1875
v 3.2835 -0.125 1.1875
v 3.375 -0.2165 1.1875
v 3.5 -0.25 1.1875
v 3.625 -0.2165 1.1875
v 3.7165 -0.125 1.1875
v 3.75 0 1.1875
v 3.7165 0.125 1.1875
v 3.625 0.2165 1.1875
v 2.6762 1.2322 -0.375
v 2.5062 1.3114 -0.3248
v 2.3818 1.3694 -0.1875
v 2.3363 1.3907 -0
v 2.3818 1.3694 0.1875
v 2.5062 1.3114 0.3248
v 2.6762 1.2322 0.375
v 2.8461 1.1529 0.3248
v 2.9705 1.0949 0.1875
v 3.016 1.0737 -0
v 2.9705 1.0949 -0.1875
v 2.8461 1.1529 -0.3248
v 2.6762 1.2322 -0.25
v 2.5629 1.285 -0.2165
v 2.48 1.3237 -0.125
v 2.4496 1.3378 -0
v 2.48 1.3237 0.125
v 2.5629 1.285 0.2165
v 2.6762 1.2322 0.25
v 2.7895 1.1793 0.2165
v 2.8724 1.1407 0.125
v 2.9028 1.1265 -0
v 2.8724 1.1407 -0.125
v 2.7895 1.1793 -0.2165
v 2.729 1.3455 -0.25
v 2.6157 1.3983 -0.2165
v 2.5328 1.437 -0.125
v 2.5024 1.4511 -0
v 2.5328 1.437 0.125
v 2.6157 1.3983 0.2165
v 2.729 1.3455 0.25
v 2.8423 1.2926 0.2165
v 2.9252 1.254 0.125
v 2.9556 1.2398 -0
v 2.9252 1.254 -0.125
v 2.8423 1.2926 -0.2165
v 1.5 1.0607 0.5303
v 1.3125 1.0251 0.5659
v 1.1752 0.9281 0.6629
v 1.125 0.7955 0.7955
v 1.1752 0.6629 0.9281
v 1.3125 0.5659 1.0251
v 1.5 0.5303 1.0607
v 1.6875 0.5659 1.0251
v 1.8248 0.6629 0.9281
v 1.875 0.7955 0.7955
v 1.8248 0.9281 0.6629
v 1.6875 1.0251 0.5659
v 1.5 1.2374 0.7071
v 1.3125 1.2019 0.7426
v 1.1752 1.1049 0.8397
v 1.125 0.9723 0.9723
v 1.1752 0.8397 1.1049
v 1.3125 0.7426 1.2019
v 1.5 0.7071 1.2374
v 1.6875 0.7426 1.2019
v 1.8248 0.8397 1.1049
v 1.875 0.9723 0.9723
v 1.8248 1.1049 0.8397
v 1.6875 1.2019 0.7426
v 1.5 1.149 0.4419
v 1.25 1.1017 0.4893
v 1.067 0.9723 0.6187
v 1 0.7955 0.7955
v 1.067 0.6187 0.9723
v 1.25 0.4893 1.1017
v 1.5 0.4419 1.149
v 1.75 0.4893 1.1017
v 1.933 0.6187 0.9723
v 2 0.7955 0.7955
v 1.933 0.9723 0.6187
v 1.75 1.1017 0.4893
v 0 0.375 1.125
v -0.1875 0.3248 1.125
v -0.3248 0.1875 1.125
v -0.375 0 1.125
v -0.3248 -0.1875 1.125
v -0.1875 -0.3248 1.125
v 0 -0.375 1.125
v 0.1875 -0.3248 1.125
v 0.3248 -0.1875 1.125
v 0.375 0 1.125
v 0.3248 0.1875 1.125
v 0.1875 0.3248 1.125
v 0 0.375 1.375
v -0.1875 0.3248 1.375
v -0.3248 0.1875 1.375
v -0.375 0 1.375
v -0.3248 -0.1875 1.375
v -0.1875 -0.3248 1.375
v 0 -0.375 1.375
v 0.1875 -0.3248 1.375
v 0.3248 -0.1875 1.375
v 0.375 0 1.375
v 0.3248 0.1875 1.375
v 0.1875 0.3248 1.375
v 0 0.5 1.125
v -0.25 0.433 1.125
v -0.433 0.25 1.125
v -0.5 0 1.125
v -0.433 -0.25 1.125
v -0.25 -0.433 1.125
v 0 -0.5 1.125
v 0.25 -0.433 1.125
v 0.433 -0.25 1.125
v 0.5 0 1.125
v 0.433 0.25 1.125
v 0.25 0.433 1.125
v -0.75 0.875 1.375
v -0.75 1.0625 1.4252
v -0.75 1.1998 1.5625
v -0.75 1.25 1.75
v -0.75 1.1998 1.9375
v -0.75 1.0625 2.0748
v -0.75 0.875 2.125
v -0.75 0.6875 2.0748
v -0.75 0.5502 1.9375
v -0.75 0.5 1.75
v -0.75 0.5502 1.5625
v -0.75 0.6875 1.4252
v -0.9375 1.0625 1.4252
v -0.9375 0.875 1.375
v -0.9375 1.1998 1.5625
v -0.9375 1.25 1.75
v -0.9375 1.1998 1.9375
v -0.9375 1.0625 2.0748
v -0.9375 0.875 2.125
v -0.9375 0.6875 2.0748
v -0.9375 0.5502 1.9375
v -0.9375 0.5 1.75
v -0.9375 0.5502 1.5625
v -0.9375 0.6875 1.4252
v -0.75 0.7109 2.0342
v -0.75 0.875 2.0781
v -0.75 1.0391 2.0342
v -0.75 1.1592 1.9141
v -0.75 1.2031 1.75
v -0.75 1.1592 1.5859
v -0.75 0.875 1.4219
v -0.75 1.0391 1.4658
v -0.75 0.5908 1.9141
v -0.75 0.5469 1.75
v -0.75 0.5908 1.5859
v -0.75 0.7109 1.4658
v -0.8125 0.875 1.4219
v -0.8125 0.7109 1.4658
v -0.8125 0.5908 1.5859
v -0.8125 0.5469 1.75
v -0.8125 0.5908 1.9141
v -0.8125 1.0391 2.0342
v -0.8125 1.1592 1.9141
v -0.8125 0.875 2.0781
v -0.8125 1.1592 1.5859
v -0.8125 1.0391 1.4658
v -0.8125 1.2031 1.75
v -0.8125 0.7109 2.0342
v -0.75 0.875 1.6875
v -0.75 0.9192 1.7058
v -0.75 0.9375 1.75
v -0.75 0.9192 1.7942
v -0.75 0.875 1.8125
v -0.75 0.8308 1.7942
v -0.75 0.8125 1.75
v -0.75 0.8308 1.7058
v 0 2.25 -1.125
v 0 2.25 1.125
v 0.125 2.2165 -1.125
v 0.125 2.2165 1.125
v 0.2165 2.125 -1.125
v 0.2165 2.125 1.125
v 0.25 2 -1.125
v 0.25 2 1.125
v 0.2165 1.875 -1.125
v 0.2165 1.875 1.125
v 0.125 1.7835 -1.125
v 0.125 1.7835 1.125
v 0 1.75 -1.125
v 0 1.75 1.125
v -0.125 1.7835 -1.125
v -0.125 1.7835 1.125
v -0.2165 1.875 -1.125
v -0.2165 1.875 1.125
v -0.25 2 -1.125
v -0.25 2 1.125
v -0.2165 2.125 -1.125
v -0.2165 2.125 1.125
v -0.125 2.2165 -1.125
v -0.125 2.2165 1.125
v -0.0938 2.1624 -1.125
v -0.1875 2 -1.125
v -0.1624 2.0938 -1.125
v 0.1875 2 -1.125
v 0.1624 2.0938 -1.125
v 0 2.1875 -1.125
v 0.0938 2.1624 -1.125
v -0.0938 2.1624 -1.25
v -0.1624 2.0938 -1.25
v -0.1875 2 -1.25
v 0.1875 2 -1.25
v 0.1624 2.0938 -1.25
v 0.0938 2.1624 -1.25
v 0 2.1875 -1.25
v 0 2.1875 1.125
v 0.0938 2.1624 1.125
v 0.1624 2.0938 1.125
v 0.1875 2 1.125
v -0.1875 2 1.125
v -0.1624 2.0938 1.125
v -0.0938 2.1624 1.125
v 0.0938 2.1624 1.25
v 0 2.1875 1.25
v 0.1624 2.0938 1.25
v 0.1875 2 1.25
v -0.1624 2.0938 1.25
v -0.1875 2 1.25
v -0.0938 2.1624 1.25
v 0.25 0.433 -1.125
v 0.433 0.25 -1.125
v 0.5 -0 -1.125
v 0.433 -0.25 -1.125
v 0.25 -0.433 -1.125
v 0 -0.5 -1.125
v -0.25 -0.433 -1.125
v -0.433 -0.25 -1.125
v -0.5 -0 -1.125
v -0.433 0.25 -1.125
v -0.25 0.433 -1.125
v 0 0.5 -1.125
v 0.1875 0.3248 -1.375
v 0.3248 0.1875 -1.375
v 0.375 -0 -1.375
v 0.3248 -0.1875 -1.375
v 0.1875 -0.3248 -1.375
v 0 -0.375 -1.375
v -0.1875 -0.3248 -1.375
v -0.3248 -0.1875 -1.375
v -0.375 -0 -1.375
v -0.3248 0.1875 -1.375
v -0.1875 0.3248 -1.375
v 0 0.375 -1.375
v 0.1875 0.3248 -1.125
v 0.3248 0.1875 -1.125
v 0.375 -0 -1.125
v 0.3248 -0.1875 -1.125
v 0.1875 -0.3248 -1.125
v 0 -0.375 -1.125
v -0.1875 -0.3248 -1.125
v -0.3248 -0.1875 -1.125
v -0.375 -0 -1.125
v -0.3248 0.1875 -1.125
v -0.1875 0.3248 -1.125
v 0 0.375 -1.125
v 2.0794 1.2834 -0.0442
v 2.0871 1.3 -0
v 2.0794 1.2834 0.0442
v 2.0607 1.2433 0.0625
v 2.042 1.2033 0.0442
v 2.0343 1.1867 -0
v 2.042 1.2033 -0.0442
v 2.0607 1.2433 -0.0625
v -6.7469 0.7683 -0.0625
v -6.7156 0.7371 -0.0442
v -6.7027 0.7241 -0
v -6.7156 0.7371 0.0442
v -6.7469 0.7683 0.0625
v -6.7781 0.7996 0.0442
v -6.7911 0.8125 -0
v -6.7781 0.7996 -0.0442
v -6.7469 0.7683 -0.0938
v -6.7 0.7214 -0.0663
v -6.6806 0.702 -0
v -6.7 0.7214 0.0663
v -6.7469 0.7683 0.0938
v -6.7937 0.8152 0.0663
v -6.8132 0.8346 -0
v -6.7937 0.8152 -0.0663
v -6.8352 0.6799 -0.0938
v -6.7884 0.633 -0.0663
v -6.769 0.6136 -0
v -6.7884 0.633 0.0663
v -6.8352 0.6799 0.0938
v -6.8821 0.7268 0.0663
v -6.9015 0.7462 -0
v -6.8821 0.7268 -0.0663
v -4.3384 0.5625 -0.0884
v -4.25 0.5625 -0.125
v -4.375 0.5625 -0
v -4.3384 0.5625 0.0884
v -4.25 0.5625 0.125
v -4.1616 0.5625 0.0884
v -4.125 0.5625 -0
v -4.1616 0.5625 -0.0884
v 1.5162 1.1033 1.018
v 1.4838 1.1033 1.018
v 1.4558 1.0919 1.0294
v 1.4396 1.0721 1.0492
v 1.4396 1.0492 1.0721
v 1.4558 1.0294 1.0919
v 1.4838 1.018 1.1033
v 1.5162 1.018 1.1033
v 1.5442 1.0294 1.0919
v 1.5604 1.0492 1.0721
v 1.5604 1.0721 1.0492
v 1.5442 1.0919 1.0294
v 1.5243 1.1026 0.9745
v 1.4757 1.1026 0.9745
v 1.4337 1.0854 0.9917
v 1.4094 1.0557 1.0214
v 1.4094 1.0214 1.0557
v 1.4337 0.9917 1.0854
v 1.4757 0.9745 1.1026
v 1.5243 0.9745 1.1026
v 1.5663 0.9917 1.0854
v 1.5906 1.0214 1.0557
v 1.5906 1.0557 1.0214
v 1.5663 1.0854 0.9917
v 1.5243 1.1247 0.9966
v 1.4757 1.1247 0.9966
v 1.4337 1.1075 1.0138
v 1.4094 1.0778 1.0435
v 1.4094 1.0435 1.0778
v 1.4337 1.0138 1.1075
v 1.4757 0.9966 1.1247
v 1.5243 0.9966 1.1247
v 1.5663 1.0138 1.1075
v 1.5906 1.0435 1.0778
v 1.5906 1.0778 1.0435
v 1.5663 1.1075 1.0138
v 1.5243 1.1026 0.9745
v 1.4757 1.1026 0.9745
v 1.4337 1.0854 0.9917
v 1.4094 1.0557 1.0214
v 1.4094 1.0214 1.0557
v 1.4337 0.9917 1.0854
v 1.4757 0.9745 1.1026
v 1.5243 0.9745 1.1026
v 1.5663 0.9917 1.0854
v 1.5906 1.0214 1.0557
v 1.5906 1.0557 1.0214
v 1.5663 1.0854 0.9917
v -2.75 -0.25 0.7188
v -0.1875 1.125 -1.125
v 1.2891 0.1848 1.9807
v 1.75 -0 -1
v 1.75 -1 0
v 1.75 0 1
v 1.75 1 -0
v -2.75 -0.4861 -0.4861
v -2.75 0.4861 0.4861
v 0.125 2.2165 -0
v 0.125 1.7835 -0
v -0.25 2 -0
v -5.4375 0.9375 -0
v -5.4375 1.0625 -0
v 0.1875 1.125 1.125
v -0.1875 1.125 -1.25
v -2.75 0.25 0.7188
v 0.1875 1.125 -1.125
v -2.75 0.6352 0.2631
v -2.75 -0.6352 -0.2631
v -2.75 0.7188 0.25
v -0.1875 1.125 1.125
v 0.1875 1.125 -1.25
v 0.1875 1.125 1.25
v 1.75 -0.3827 -0.9239
v 1.75 -0.9239 0.3827
v 1.75 0.3827 0.9239
v 1.75 0.9239 -0.3827
v -2.75 -0.6875 0
v -2.75 0.6875 -0
v 0.2165 2.125 -0
v 0 1.75 -0
v -0.2165 2.125 -0
v -5.4375 0.9558 0.0442
v -5.4375 1.0442 -0.0442
v -2.75 0.7188 -0.25
v 1.0476 0.0979 1.8024
v -2.75 -0.6352 0.2631
v -2.75 0.6352 -0.2631
v -2.75 0.25 -0.7188
v 1.2891 0.0522 1.8482
v -0.1875 1.125 1.25
v 1.75 -0.7071 -0.7071
v 1.75 -0.7071 0.7071
v 1.75 0.7071 0.7071
v 1.75 0.7071 -0.7071
v -2.75 -0.4861 0.4861
v -2.75 0.4861 -0.4861
v 0.25 2 -0
v -0.125 1.7835 -0
v -0.125 2.2165 -0
v -5.4375 1 -0.0625
v -5.4375 1 0.0625
v -2.75 -0.25 -0.7188
v -2.75 -0.2631 0.6352
v -2.75 0.2631 -0.6352
v -2.75 -0.7188 -0.25
v 1.0476 0.2305 1.935
v 1.75 -0.9239 -0.3827
v 1.75 -0.3827 0.9239
v 1.75 0.9239 0.3827
v -2.75 -0 -0.6875
v -2.75 0 0.6875
v 0 2.25 -0
v 0.2165 1.875 -0
v -0.2165 1.875 -0
v -5.4375 0.9558 -0.0442
v -5.4375 1.0442 0.0442
v 1.75 0.3827 -0.9239
v -2.75 -0.7188 0.25
v -2.75 -0.2631 -0.6352
v -2.75 0.2631 0.6352
v 0.625 -0.9239 -0.3827
v 0.625 0 1
v 0.625 0.3827 -0.9239
v 0.625 -0.7071 0.7071
v 2.875 -0 -1
v 2.875 -1 0
v 2.875 0 1
v 2.875 1 -0
v 0.625 1 -0
v 0.625 -0.7071 -0.7071
v 2.875 -0.3827 -0.9239
v 2.875 -0.9239 0.3827
v 2.875 0.3827 0.9239
v 2.875 0.9239 -0.3827
v 0.625 0.7071 0.7071
v 0.625 0.9239 0.3827
v 0.625 -1 0
v 2.875 -0.7071 -0.7071
v 2.875 -0.7071 0.7071
v 2.875 0.7071 0.7071
v 2.875 0.7071 -0.7071
v 0.625 -0.9239 0.3827
v 0.625 0.9239 -0.3827
v 0.625 0.7071 -0.7071
v 0.625 -0.3827 0.9239
v 0.625 -0.3827 -0.9239
v 2.875 -0.9239 -0.3827
v 2.875 -0.3827 0.9239
v 2.875 0.9239 0.3827
v 0.625 0.3827 0.9239
v 2.875 0.3827 -0.9239
v 0.625 -0 -1
vt 0.8933 0.7171
vt 0.8972 0.7368
vt 0.8933 0.7368
vt 0.1976 0.6053
vt 0.2055 0.6316
vt 0.1976 0.625
vt 0.2055 0.6053
vt 0.2055 0.4211
vt 0.1976 0.3947
vt 0.2055 0.3947
vt 0.0711 0.4079
vt 0.0632 0.4211
vt 0.0632 0.4079
vt 0.0711 0.4671
vt 0.0632 0.4803
vt 0.0632 0.4671
vt 0.0632 0.3882
vt 0.0711 0.3882
vt 0.0632 0.3684
vt 0.0711 0.3684
vt 0.0711 0.4474
vt 0.0632 0.4276
vt 0.0711 0.4276
vt 0.2055 0.5
vt 0.1976 0.4737
vt 0.1976 0.4934
vt 0.1976 0.5987
vt 0.2055 0.5789
vt 0.1976 0.5789
vt 0.1976 0.5526
vt 0.1976 0.5724
vt 0.4901 0.5789
vt 0.5138 0.5329
vt 0.5138 0.5724
vt 0.1377 0.5065
vt 0.1785 0.4672
vt 0.1581 0.5261
vt 0.4032 0.5132
vt 0.4348 0.4737
vt 0.4348 0.5132
vt 0.9249 0.1053
vt 0.9368 0.1184
vt 0.9289 0.1184
vt 0.4585 0.4211
vt 0.4901 0.3684
vt 0.4901 0.4211
vt 0.1818 0.5724
vt 0.3399 0.6513
vt 0.2767 0.6447
vt 0.3399 0.6447
vt 0.0553 0.3684
vt 0.1344 0.3158
vt 0.1344 0.3684
vt 0.087 0.2763
vt 0.1186 0.2566
vt 0.1186 0.2763
vt 0.2292 0.3947
vt 0.2292 0.4211
vt 0.0791 0.0658
vt 0.0474 0.0789
vt 0.0474 0.0658
vt 0.2134 0.3684
vt 0.2451 0.3158
vt 0.2451 0.3684
vt 0.8972 0.1974
vt 0.9051 0.1184
vt 0.9051 0.2105
vt 0.9368 0.1974
vt 0.9289 0.2105
vt 0.9051 0.3816
vt 0.8972 0.3947
vt 0.8972 0.3553
vt 0.9289 0.3553
vt 0.9368 0.3553
vt 0.9289 0.3816
vt 0.9368 0.3026
vt 0.9289 0.3421
vt 0.9289 0.3026
vt 0.4901 0.6842
vt 0.4585 0.6316
vt 0.4901 0.6316
vt 0.9289 0.0789
vt 0.9051 0
vt 0.9289 0
vt 0.4348 0.5855
vt 0.4585 0.5789
vt 0.5138 0.2039
vt 0.4901 0.1579
vt 0.5138 0.1645
vt 0.5138 0.5855
vt 0.5138 0.625
vt 0.5138 0.8355
vt 0.4901 0.7895
vt 0.5138 0.7961
vt 0.4348 0.4671
vt 0.4585 0.4737
vt 0.4348 0.375
vt 0.4585 0.3684
vt 0.9296 0.0345
vt 0.9397 0.0514
vt 0.9296 0.0444
vt 0.4901 0.5263
vt 0.5138 0.4803
vt 0.5138 0.5197
vt 0.5138 0.7434
vt 0.5138 0.7829
vt 0.087 0.1579
vt 0.0791 0.1711
vt 0.0791 0.1579
vt 0.4348 0.0066
vt 0.4585 0.0526
vt 0.4348 0.0461
vt 0.4348 0.7303
vt 0.4585 0.6842
vt 0.4585 0.7368
vt 0.4901 0.0526
vt 0.5138 0.0987
vt 0.4901 0.1053
vt 0.4348 0.8355
vt 0.4585 0.7895
vt 0.4585 0.8421
vt 0.5138 0.6382
vt 0.5138 0.6776
vt 0.5138 0.1118
vt 0.5138 0.1513
vt 0.2372 0.3158
vt 0.2451 0.2961
vt 0.2451 0.3092
vt 0.1976 0.2961
vt 0.2055 0.3158
vt 0.1976 0.3092
vt 0.1976 0.1776
vt 0.2055 0.1974
vt 0.1976 0.1908
vt 0.2055 0.0395
vt 0.1976 0.0197
vt 0.2055 0.0197
vt 0.1976 0.0592
vt 0.2055 0.0789
vt 0.1976 0.0724
vt 0.2055 0.2368
vt 0.1976 0.2171
vt 0.2055 0.2171
vt 0.5138 0.3092
vt 0.4901 0.2632
vt 0.5138 0.2697
vt 0.2372 0.1184
vt 0.2451 0.0987
vt 0.2451 0.1118
vt 0.0791 0.25
vt 0.087 0.2368
vt 0.087 0.2566
vt 0.2451 0.1711
vt 0.2372 0.1579
vt 0.2451 0.1579
vt 0.1976 0.2105
vt 0.0791 0.2105
vt 0.087 0.1974
vt 0.087 0.2171
vt 0.2372 0.2368
vt 0.2451 0.2171
vt 0.2451 0.2303
vt 0.1976 0.25
vt 0.2055 0.2566
vt 0.0791 0.2895
vt 0.087 0.2961
vt 0.087 0.1184
vt 0.0791 0.1316
vt 0.0791 0.1184
vt 0.8972 0.5592
vt 0.8933 0.5789
vt 0.8933 0.5592
vt 0.2055 0.1579
vt 0.1976 0.1382
vt 0.2055 0.1382
vt 0.2372 0.0395
vt 0.2451 0.0197
vt 0.2451 0.0329
vt 0.0791 0.1776
vt 0.087 0.1776
vt 0.2372 0.0789
vt 0.2451 0.0921
vt 0.2372 0.0987
vt 0.1976 0.0921
vt 0.2055 0.0987
vt 0.2372 0.1974
vt 0.2451 0.1776
vt 0.2451 0.1908
vt 0.2451 0.1316
vt 0.2451 0.1184
vt 0.2451 0.0592
vt 0.2451 0.0724
vt 0.087 0.3158
vt 0.0791 0.2961
vt 0.1976 0.0526
vt 0.2055 0.0592
vt 0.087 0.0395
vt 0.0791 0.0526
vt 0.0791 0.0395
vt 0.087 0.0789
vt 0.0791 0.0921
vt 0.0791 0.0789
vt 0.0791 0.0592
vt 0.087 0.0592
vt 0.1976 0.2566
vt 0.2055 0.2763
vt 0.1976 0.2697
vt 0.0791 0.2566
vt 0.2292 0.5
vt 0.2055 0.5263
vt 0.4032 0.5921
vt 0.4348 0.5526
vt 0.4348 0.5921
vt 0.2292 0.5789
vt 0.087 0.5263
vt 0.0711 0.5461
vt 0.0711 0.5263
vt 0.1344 0.0132
vt 0.1976 0
vt 0.1976 0.0132
vt 0.1344 0.2105
vt 0.1976 0.1974
vt 0.2292 0.6316
vt 0.2055 0.6579
vt 0.2292 0.6579
vt 0.9447 0.0263
vt 0.9368 0
vt 0.9447 0
vt 0.0791 0.1382
vt 0.087 0.1382
vt 0.1976 0.1316
vt 0.2055 0.1184
vt 0.2451 0.2105
vt 0.2372 0.2171
vt 0.1976 0.0987
vt 0.1976 0.1118
vt 0.0791 0.0987
vt 0.087 0.0987
vt 0.2055 0
vt 0.2451 0.25
vt 0.2372 0.2566
vt 0.0791 0.0132
vt 0.087 -0
vt 0.087 0.0197
vt 0.1976 0.1711
vt 0.2055 0.1776
vt 0.2372 0.2763
vt 0.2451 0.2566
vt 0.2451 0.2697
vt 0.2451 0.0526
vt 0.2451 0.0395
vt 0.0791 0.0197
vt 0.2451 0.2895
vt 0.2372 0.2961
vt 0.2451 0.1382
vt 0.2451 0.1513
vt 0.2451 0.0132
vt 0.2372 -0
vt 0.2451 0
vt 0.0791 0.2171
vt 0.4348 0.0987
vt 0.4585 0.1053
vt 0.5138 0.2566
vt 0.4901 0.2105
vt 0.5138 0.2171
vt 0.4348 0.3618
vt 0.4585 0.3158
vt 0.2352 0.6318
vt 0.2393 0.6483
vt 0.2311 0.6483
vt 0.5138 0.375
vt 0.5138 0.4145
vt 0.5138 0.3224
vt 0.5138 0.3618
vt 0.5138 0.4671
vt 0.5138 0.4276
vt 0.4585 0.5263
vt 0.4348 0.4803
vt 0.4348 0.3092
vt 0.4585 0.2632
vt 0.4348 0.2566
vt 0.4585 0.2105
vt 0.5138 0.0066
vt 0.5138 0.0461
vt 0.4348 0.1118
vt 0.4585 0.1579
vt 0.4348 0.1513
vt 0.4348 0.7434
vt 0.4348 0.2039
vt 0.4348 0.6382
vt 0.4348 0.6776
vt 0.9723 0.1382
vt 0.9565 0.2303
vt 0.9565 0.1382
vt 0.5138 0.7303
vt 0.4901 0.7368
vt 0.8853 0.5195
vt 0.8751 0.5097
vt 0.8972 0.5
vt 0.8539 0.5195
vt 0.8437 0.5097
vt 0.8656 0.5
vt 0.8972 0.3421
vt 0.9051 0.3026
vt 0.9051 0.3421
vt 0.4032 0.3553
vt 0.4348 0.3158
vt 0.4348 0.3553
vt 0.4348 0.6447
vt 0.419 0.6513
vt 0.419 0.6447
vt 0.0791 -0
vt 0.0474 0.0132
vt 0.0474 -0
vt 0.1976 0.4671
vt 0.2055 0.4474
vt 0.1976 0.4474
vt 0.2055 0.5526
vt 0.0711 0.5066
vt 0.0632 0.4868
vt 0.0711 0.4868
vt 0.8695 0.6129
vt 0.8459 0.545
vt 0.8812 0.5789
vt 0.1976 0.6513
vt 0.1976 0.6316
vt 0.1976 0.6776
vt 0.1976 0.6579
vt 0.1976 0.4211
vt 0.1976 0.4408
vt 0.1976 0.4145
vt 0.1976 0.3882
vt 0.2055 0.3684
vt 0.1976 0.3684
vt 0.1976 0.5461
vt 0.1976 0.5263
vt 0.1976 0.5197
vt 0.1976 0.5
vt 0.8419 0.6842
vt 0.8498 0.6711
vt 0.8498 0.6908
vt 0.1107 0.4474
vt 0.1028 0.4671
vt 0.1028 0.4474
vt 0.8814 0.6908
vt 0.8498 0.7105
vt 0.9842 0.3553
vt 0.9763 0.3816
vt 0.9763 0.3553
vt 0.9447 0.3553
vt 0.9526 0.3816
vt 0.9447 0.3816
vt 0.8696 0.1974
vt 0.8814 0.2171
vt 0.8696 0.2171
vt 0.8696 0.1842
vt 0.8814 0.1974
vt 0.0277 0.1118
vt 0.0316 0.1053
vt 0.0316 0.1118
vt 0.0395 0.1382
vt 0.0316 0.1316
vt 0.0316 0.125
vt 0.0395 0.1184
vt 0.0395 0.0987
vt 0.0316 0.0921
vt 0.0316 0.0855
vt 0.0395 0.1974
vt 0.0316 0.1908
vt 0.0316 0.1842
vt 0.0395 0.1776
vt 0.0316 0.1711
vt 0.0316 0.1645
vt 0.0395 0.1579
vt 0.0316 0.1513
vt 0.0316 0.1447
vt 0.4111 0.6447
vt 0.4032 0.6513
vt 0.4032 0.6447
vt 0.9447 0.0461
vt 0.9447 0.1382
vt 0.9842 0.3158
vt 0.9921 0.2895
vt 0.9921 0.3158
vt 0.9368 0.2895
vt 0.9447 0.3158
vt 0.9368 0.3158
vt 0.9684 0.2895
vt 0.9763 0.2632
vt 0.9761 0.2894
vt 0.9842 0.2632
vt 0.9921 0.2632
vt 0.9684 0.2632
vt 0.9644 0.2763
vt 0.9605 0.2632
vt 0.8498 0.75
vt 0.8814 0.7303
vt 0.8814 0.75
vt 0.9605 0.2895
vt 0.9526 0.2632
vt 0.9763 0.2895
vt 0.1028 0.5197
vt 0.087 0.5
vt 0.1028 0.5
vt 0.9763 0.3158
vt 0.9684 0.3158
vt 0.9526 0.3158
vt 0.9605 0.3158
vt 0.9447 0.2632
vt 0.9368 0.2632
vt 0.9091 0.1053
vt 0.1028 0.4211
vt 0.087 0.4408
vt 0.087 0.4211
vt 0.1028 0.6513
vt 0.087 0.6316
vt 0.1028 0.6316
vt 0.9526 0.2895
vt 0.2372 0.0592
vt 0.9447 0.25
vt 0.834 0.7632
vt 0.8419 0.75
vt 0.8419 0.7632
vt 0.9842 0.3289
vt 0.8419 0.7895
vt 0.834 0.8026
vt 0.834 0.7895
vt 0.9763 0.3289
vt 0.8814 0.2434
vt 0.8696 0.2237
vt 0.8814 0.2237
vt 0.9447 0.2895
vt 0.8814 0.0724
vt 0.8775 0.0461
vt 0.8814 0.0461
vt 0.8498 0.8684
vt 0.8814 0.8487
vt 0.8814 0.8684
vt 0.9842 0.25
vt 0.9605 0.25
vt 0.9684 0.25
vt 0.8419 0.8618
vt 0.834 0.8487
vt 0.8419 0.8487
vt 0.9447 0.3289
vt 0.9526 0.3553
vt 0.1028 0.6579
vt 0.087 0.6776
vt 0.087 0.6579
vt 0.9848 0.2893
vt 0.0474 0.1184
vt 0.0474 0.0987
vt 0.087 0.4474
vt 0.9842 0.2895
vt 0.9526 0.25
vt 0.0791 0.1053
vt 0.0474 0.1053
vt 0.8814 0.7895
vt 0.8498 0.8092
vt 0.8498 0.7895
vt 0.8498 0.8289
vt 0.8498 0.8487
vt 0.087 0.5987
vt 0.1028 0.5789
vt 0.1028 0.5987
vt 0.1107 0.6579
vt 0.1028 0.6776
vt 0.1107 0.6316
vt 0.1028 0.6053
vt 0.1028 0.625
vt 0.1107 0.5
vt 0.1028 0.4737
vt 0.1107 0.4737
vt 0.1028 0.3684
vt 0.1107 0.3947
vt 0.1028 0.3882
vt 0.0231 0.0824
vt 0.0198 0.0919
vt 0.0165 0.0824
vt 0.8419 0.8289
vt 0.1107 0.5789
vt 0.1028 0.4408
vt 0.1028 0.4145
vt 0.1028 0.3947
vt 0.1028 0.5263
vt 0.1107 0.5526
vt 0.1028 0.5461
vt 0.8261 0.6806
vt 0.8103 0.6351
vt 0.834 0.6579
vt 0.2411 0.6513
vt 0.249 0.6447
vt 0.249 0.6513
vt 0.9249 0.3947
vt 0.9209 0.4342
vt 0.9209 0.3947
vt 0.2688 0.6645
vt 0.253 0.6579
vt 0.2688 0.6579
vt 0.0474 0.1382
vt 0.0474 0.1579
vt 0.8632 0.0853
vt 0.8601 0.0726
vt 0.8632 0.0726
vt 0.834 0.6711
vt 0.8419 0.6711
vt 0.8696 0.2566
vt 0.8656 0.2632
vt 0.8656 0.25
vt 0.8814 0.25
vt 0.8854 0.25
vt 0.8814 0.2566
vt 0.8814 0.1382
vt 0.8854 0.1776
vt 0.8814 0.1842
vt 0.8656 0.1776
vt 0.8696 0.1382
vt 0.0277 0.1316
vt 0.9842 0.1382
vt 0.9723 0.0461
vt 0.9842 0.0461
vt 0.9763 0.25
vt 0.9722 0.5503
vt 0.925 0.6865
vt 0.925 0.5503
vt 0.8419 0.6908
vt 0.8498 0.7303
vt 0.8419 0.7105
vt 0.1028 0.5526
vt 0.1028 0.5724
vt 0.8498 0.7697
vt 0.8419 0.6513
vt 0.8498 0.6513
vt 0.0711 0.5658
vt 0.0632 0.5789
vt 0.0632 0.5658
vt 0.8419 0.7303
vt 0.8498 0.6316
vt 0.8419 0.6447
vt 0.8419 0.6316
vt 0.8419 0.8092
vt 0.8972 0.5789
vt 0.8933 0.5987
vt 0.8579 0.0816
vt 0.8579 0.0763
vt 0.1581 0.3691
vt 0.1581 0.4467
vt 0.1379 0.3885
vt 0.0299 0.3816
vt 0.0571 0.3816
vt 0.0435 0.4209
vt 0.8933 0.6579
vt 0.8972 0.6382
vt 0.8972 0.6579
vt 0.8972 0.6974
vt 0.8933 0.6974
vt 0.8933 0.5395
vt 0.8972 0.7566
vt 0.8933 0.7763
vt 0.8933 0.7566
vt 0.8972 0.6184
vt 0.8933 0.6184
vt 0.2055 0.4737
vt 0.8419 0.7829
vt 0.8933 0.6382
vt 0.8933 0.6776
vt 0.8972 0.6776
vt 0.0632 0.5395
vt 0.0632 0.5263
vt 0.1344 0.0263
vt 0.1976 0.0263
vt 0.253 0.6513
vt 0.253 0.6447
vt 0.9526 0.0263
vt 0.9526 0
vt 0.4348 0.5329
vt 0.4348 0.5724
vt 0.253 0.6711
vt 0.249 0.6645
vt 0.253 0.6645
vt 0.249 0.6842
vt 0.253 0.6776
vt 0.253 0.6842
vt 0.249 0.6579
vt 0.253 0.6382
vt 0.249 0.6382
vt 0.249 0.6776
vt 0.249 0.6316
vt 0.253 0.6316
vt 0.8582 0.023
vt 0.8621 0.0073
vt 0.881 0.0073
vt 0.0632 0.5197
vt 0.0632 0.5066
vt 0.0632 0.5461
vt 0.0632 0.5592
vt 0.8419 0.8026
vt 0.0711 0.5855
vt 0.0632 0.5987
vt 0.0632 0.5855
vt 0.7113 0.6803
vt 0.688 0.6579
vt 0.7113 0.6355
vt 0.0632 0.4474
vt 0.0632 0.4605
vt 0.5219 0.6355
vt 0.5431 0.6708
vt 0.5162 0.6708
vt 0.0356 0.4174
vt 0.0299 0.4078
vt 0.0277 0.3947
vt 0.0356 0.3721
vt 0.0435 0.3686
vt 0.0513 0.3721
vt 0.0592 0.3947
vt 0.0571 0.4078
vt 0.0513 0.4174
vt 0.6561 0.2763
vt 0.585 0.2368
vt 0.6561 0.2368
vt 0.6561 0.5921
vt 0.585 0.5526
vt 0.6561 0.5526
vt 0.7984 0.3947
vt 0.7273 0.3553
vt 0.7984 0.3553
vt 0.7984 0.0395
vt 0.7273 0
vt 0.7984 0
vt 0.7984 0.4342
vt 0.7273 0.3947
vt 0.7984 0.5921
vt 0.7273 0.5526
vt 0.7984 0.5526
vt 0.4032 0.6711
vt 0.3399 0.6645
vt 0.4032 0.6645
vt 0.8419 0.3158
vt 0.834 0.4079
vt 0.834 0.3158
vt 0.7273 0.3158
vt 0.7984 0.3158
vt 0.9439 0.0345
vt 0.9439 0.0444
vt 0.9338 0.0514
vt 0.9338 0.0275
vt 0.9397 0.0275
vt 0.2134 0.3158
vt 0.087 0.5855
vt 0.087 0.6053
vt 0.0711 0.6053
vt 0.1186 0.0987
vt 0.4111 0.6316
vt 0.4111 0.6382
vt 0.4032 0.6382
vt 0.2688 0.6842
vt 0.2688 0.6776
vt 0.2767 0.6776
vt 0.0553 0.3158
vt 0.8814 0.5789
vt 0.8814 0.5592
vt 0.8103 0.3947
vt 0.8103 0.4342
vt 0.8656 0.3158
vt 0.8419 0.4079
vt 0.9012 0.6974
vt 0.9012 0.7171
vt 0.8972 0.7171
vt 0.6166 0.7763
vt 0.6877 0.7763
vt 0.6877 0.7895
vt 0.8419 0.5132
vt 0.8419 0.5263
vt 0.834 0.5263
vt 0.8972 0.1184
vt 0.9051 0.3553
vt 0.9368 0.3421
vt 0.9368 0.3947
vt 0.4111 0.6711
vt 0.1818 0.625
vt 0.8103 0
vt 0.8103 0.0395
vt 0.9091 0.0921
vt 0.9249 0.0921
vt 0.3399 0.6316
vt 0.4032 0.6316
vt 0.2372 0.0197
vt 0.1976 0.1513
vt 0.2372 0.1776
vt 0.0791 0.2368
vt 0.1976 0.0395
vt 0.4585 -0
vt 0.0791 0.1908
vt 0.2372 0.1382
vt 0.4348 0.7961
vt 0.1976 0.0789
vt 0.4901 0.8421
vt 0.2292 0.6053
vt 0.4348 0.625
vt 0.1344 0.1974
vt 0.4901 0.4737
vt 0.4348 0.4276
vt 0.1976 0.1184
vt 0.2767 0.6513
vt 0.1344 0
vt 0.1377 0.4672
vt 0.4032 0.4737
vt 0.2451 0.1974
vt 0.0791 0.1513
vt 0.1818 0.5526
vt 0.0791 0.1118
vt 0.0791 0.0329
vt 0.4032 0.5526
vt 0.2292 0.5263
vt 0.9051 0.0789
vt 0.1976 0.1579
vt 0.0593 0.5987
vt 0.0593 0.5855
vt 0.2688 0.6513
vt 0.8656 0.4079
vt 0.8735 0.3158
vt 0.1186 0.2961
vt 0.1344 0.2763
vt 0.9012 0.7368
vt 0.9012 0.7566
vt 0.0791 0.0263
vt 0.0474 0.0263
vt 0.8577 0.2829
vt 0.8577 0.2895
vt 0.8419 0.2961
vt 0.087 0.5461
vt 0.2451 0.2368
vt 0.9368 0.1053
vt 0.0791 0.0724
vt 0.0791 0.2697
vt 0.9368 0.0263
vt 0.4348 0.4145
vt 0.5138 0.0592
vt 0.4901 0.3158
vt 0.0791 0.2763
vt 0.1976 0.2368
vt 0.0791 0.1974
vt 0.4348 0.6908
vt 0.2055 0.2961
vt 0.2451 0.0789
vt 0.1976 0.0329
vt 0.0022 0.0543
vt 0.0004 0.0395
vt 0.0022 0.0246
vt 0.0073 0.0121
vt 0.0148 0.0037
vt 0.0237 0.0007
vt 0.0326 0.0037
vt 0.0402 0.0121
vt 0.0452 0.0246
vt 0.047 0.0395
vt 0.0326 0.0753
vt 0.0452 0.0543
vt 0.0402 0.0669
vt 0.0237 0.0782
vt 0.0148 0.0753
vt 0.0073 0.0669
vt 0.7984 0.6316
vt 0.7273 0.6316
vt 0.7273 0.5921
vt 0.0791 0.3092
vt 0.8795 0.5169
vt 0.8735 0.5
vt 0.1818 0.6776
vt 0.2767 0.6382
vt 0.2688 0.6382
vt 0.2688 0.6316
vt 0.8956 0.5097
vt 0.8912 0.5169
vt 0.8641 0.5097
vt 0.8598 0.5169
vt 0.848 0.5169
vt 0.8419 0.5
vt 0.9407 0.4013
vt 0.9368 0.4013
vt 0.0395 0.0789
vt 0.2688 0.6447
vt 0.4111 0.6776
vt 0.1344 0.25
vt 0.1186 0.2368
vt 0.2292 0.5526
vt 0.9051 0.2895
vt 0.9289 0.2895
vt 0.3399 0.6711
vt 0.2767 0.6645
vt 0.2292 0.4737
vt 0.6561 0.1579
vt 0.585 0.1184
vt 0.6561 0.1184
vt 0.7984 0.0789
vt 0.7273 0.0395
vt 0.6561 0.3553
vt 0.585 0.3158
vt 0.6561 0.3158
vt 0.0632 0.4013
vt 0.6561 0.4342
vt 0.585 0.3947
vt 0.6561 0.3947
vt 0.7984 0.1974
vt 0.7273 0.1579
vt 0.7984 0.1579
vt 0.585 0.2763
vt 0.6561 0.5132
vt 0.585 0.4737
vt 0.6561 0.4737
vt 0.0632 0.4408
vt 0.6561 0
vt 0.1464 0.4415
vt 0.1379 0.4273
vt 0.1348 0.4079
vt 0.1464 0.3743
vt 0.1698 0.3743
vt 0.1783 0.3885
vt 0.1814 0.4079
vt 0.1783 0.4273
vt 0.1698 0.4415
vt 0.6561 0.1974
vt 0.585 0.1579
vt 0.585 0.0789
vt 0.834 0.5
vt 0.834 0.5987
vt 0.834 0.6184
vt 0.8103 0.6316
vt 0.7273 0.1974
vt 0.8656 0.1382
vt 0.8656 0.1316
vt 0.8696 0.1316
vt 0.0316 0.1184
vt 0.0316 0.0987
vt 0.0316 0.0789
vt 0.0316 0.1776
vt 0.0316 0.1579
vt 0.0316 0.1382
vt 0.0179 0.091
vt 0.0165 0.0887
vt 0.0159 0.0855
vt 0.0179 0.08
vt 0.0198 0.0792
vt 0.0217 0.08
vt 0.0236 0.0855
vt 0.0231 0.0887
vt 0.0217 0.091
vt 0.5455 0.7237
vt 0.6166 0.7368
vt 0.5455 0.7368
vt 0.4032 0.1974
vt 0.4032 0.2368
vt 0.3241 0.2303
vt 0.4032 0.6842
vt 0.3399 0.6776
vt 0.4032 0.6776
vt 0.6561 0.0395
vt 0.3399 0.6382
vt 1 0.0461
vt 0.3241 0.3092
vt 0.3241 0.2829
vt 0.4032 0.2763
vt 0.3399 0.6579
vt 0.4032 0.6579
vt 0.3241 0.4671
vt 0.4032 0.4342
vt 0.9012 0.5395
vt 0.9012 0.5592
vt 0.2055 0.6842
vt 0.1344 0.1447
vt 0.1344 0.1316
vt 0.5296 0.632
vt 0.3399 0.6842
vt 0.585 0.3553
vt 0.585 0.1974
vt 0.585 0.4342
vt 0.6166 0.7237
vt 0.9447 0.3947
vt 0.9486 0.3947
vt 0.9486 0.4013
vt 0.6166 0.75
vt 0.6958 0.6803
vt 0.585 0.5132
vt 0.7273 0.4342
vt 0.7273 0.4737
vt 0.6561 0.6316
vt 0.585 0.6316
vt 0.585 0.5921
vt 0.9723 0.2303
vt 0.7273 0.5132
vt 0.4032 0.3158
vt 0.3241 0.3487
vt 0.3241 0.3224
vt 0.5138 0.4737
vt 0.5138 0.4342
vt 0.3241 0.5461
vt 0.3241 0.5197
vt 0.7273 0.1184
vt 0.6561 0.0789
vt 0.7273 0.0789
vt 0.3241 0.625
vt 0.3241 0.5987
vt 0.7984 0.5132
vt 0.7984 0.4737
vt 0.3241 0.2039
vt 0.7273 0.2763
vt 0.1463 0.5208
vt 0.1345 0.4868
vt 0.1463 0.4528
vt 0.1581 0.4476
vt 0.1699 0.4528
vt 0.1817 0.4868
vt 0.1785 0.5065
vt 0.1699 0.5208
vt 0.5455 0.6842
vt 0.6166 0.6974
vt 0.5455 0.6974
vt 0.2767 0.6711
vt 1 0.1382
vt 0.8814 0.1184
vt 0.8775 0.125
vt 0.8696 0.1184
vt 0.8735 0.125
vt 0.8656 0.2434
vt 0.8696 0.25
vt 0.8854 0.2434
vt 0.8854 0.2632
vt 0.8854 0.1382
vt 0.7984 0.2368
vt 0.7273 0.2368
vt 0.8735 0.1316
vt 0.8775 0.1316
vt 0.7984 0.1184
vt 0.9447 0.2303
vt 0.4032 0.1184
vt 0.3241 0.0855
vt 0.4032 0.0789
vt 0.3241 0.5066
vt 0.8972 0.3158
vt 0.8735 0.4079
vt 0.9842 0.2303
vt 0.3241 0.4276
vt 0.4032 0.3947
vt 0.4032 0.1579
vt 0.3241 0.125
vt 0.8318 0.671
vt 0.8182 0.6842
vt 0.8103 0.6806
vt 0.8045 0.671
vt 0.8024 0.6579
vt 0.8045 0.6448
vt 0.8182 0.6316
vt 0.8261 0.6351
vt 0.8318 0.6448
vt 0.9012 0.3947
vt 0.8972 0.4342
vt 0.8654 0.0763
vt 0.8654 0.0816
vt 0.8601 0.0853
vt 0.8459 0.6129
vt 0.8373 0.5985
vt 0.8342 0.5789
vt 0.8373 0.5594
vt 0.8577 0.5398
vt 0.8695 0.545
vt 0.8781 0.5594
vt 0.8781 0.5985
vt 0.8577 0.6181
vt 0.585 0
vt 0.3241 0.2697
vt 0.3241 0.0724
vt 0.4032 0.0395
vt 0.3241 0.5592
vt 0.3241 0.0066
vt 0.4032 0
vt 0.3241 0.1645
vt 0.3241 0.3618
vt 0.9959 0.6184
vt 0.9895 0.6577
vt 0.9722 0.6865
vt 0.9486 0.6971
vt 0.9077 0.6577
vt 0.9014 0.6184
vt 0.9077 0.5791
vt 0.9486 0.5398
vt 0.9895 0.5791
vt 0.7984 0.2763
vt 0.7036 0.6838
vt 0.6901 0.6708
vt 0.6901 0.645
vt 0.6958 0.6355
vt 0.7036 0.632
vt 0.717 0.645
vt 0.7191 0.6579
vt 0.717 0.6708
vt 0.9367 0.4106
vt 0.9344 0.4144
vt 0.9312 0.4144
vt 0.9289 0.4106
vt 0.9289 0.4052
vt 0.9312 0.4014
vt 0.9344 0.4014
vt 0.9367 0.4052
vt 0.5138 0.3947
vt 0.5138 0.3553
vt 0.5374 0.6803
vt 0.5296 0.6838
vt 0.5219 0.6803
vt 0.5141 0.6579
vt 0.5162 0.645
vt 0.5374 0.6355
vt 0.5431 0.645
vt 0.5452 0.6579
vt 0.4267 0.6974
vt 0.4244 0.7065
vt 0.419 0.7102
vt 0.4135 0.7065
vt 0.4112 0.6974
vt 0.4135 0.6883
vt 0.419 0.6845
vt 0.4244 0.6883
vt 0.2294 0.6414
vt 0.2311 0.6346
vt 0.1976 0.2303
vt 0.2393 0.6346
vt 0.241 0.6414
vt 0.2352 0.6511
vt 0.5455 0.6316
vt 0.6166 0.6447
vt 0.5455 0.6447
vt 0.5455 0.75
vt 0.5455 0.6579
vt 0.6166 0.6711
vt 0.5455 0.6711
vt 0.8839 0.0145
vt 0.8849 0.023
vt 0.8839 0.0315
vt 0.881 0.0387
vt 0.8767 0.0436
vt 0.8715 0.0453
vt 0.8664 0.0436
vt 0.8621 0.0387
vt 0.8592 0.0315
vt 0.8592 0.0145
vt 0.8664 0.0025
vt 0.8715 0.0008
vt 0.8767 0.0025
vt 0.9565 0.25
vt 0.9723 0.25
vt 0.3241 0.4013
vt 0.9565 0.0461
vt 0.585 0.0395
vt 0.0632 0.3816
vt 0.5455 0.7763
vt 0.6166 0.7895
vt 0.5455 0.7895
vt 0.1976 0.1447
vt 0.9447 0.4013
vt 0.5138 0.5526
vt 0.9012 0.5987
vt 0.8972 0.5987
vt 0.0593 0.4408
vt 0.2292 0.3684
vt 0.834 0.5132
vt 0.1818 0.5987
vt 0.8103 0.1579
vt 0.8814 0.7763
vt 0.8972 0.5395
vt 0.8103 0.5921
vt 0.8103 0.3553
vt 0.8103 0.2763
vt 0.8103 0.1184
vt 0.8103 0.5526
vt 0.8103 0.4737
vt 0.4111 0.6579
vt 0.4111 0.6645
vt 0.8103 0.2368
vt 0.8103 0.3158
vt 0.8103 0.5132
vt 0.834 0.1842
vt 0.8103 0.1974
vt 0.834 0.2829
vt 0.834 0.2632
vt 0.834 0.4013
vt 0.834 0.0461
vt 0.8103 0.0789
vt 0.1976 0.2895
vt 0.834 0.5789
vt 0.834 0.2039
vt 0.834 0.4408
vt 0.834 0.4605
vt 0.834 0.1053
vt 0.834 0.1447
vt 0.834 0.5197
vt 0.834 0.3618
vt 0.834 0.0066
vt 0.834 0.0263
vt 0.8814 0.6776
vt 0.1976 0.1842
vt 0.6166 0.6842
vt 0.6877 0.6974
vt 0.5138 0.3158
vt 0.1818 0.6513
vt 0.1818 0.6316
vt 0.087 0.4868
vt 0.4348 0.0789
vt 0.4348 0.1184
vt 0.9012 0.6579
vt 0.0474 0.1447
vt 0.0474 0.1316
vt 0.1186 0.1579
vt 0.1186 0.1776
vt 0.9289 0.25
vt 0.9051 0.25
vt 0.5138 -0
vt 0.8656 0.5263
vt 0.8735 0.5132
vt 0.8735 0.5263
vt 0.1344 0.1184
vt 0.1976 0.1053
vt 0.0277 0.1711
vt 0.1818 0.4934
vt 0.1818 0.4737
vt 0.1344 0.1842
vt 0.9605 0.0263
vt 0.9605 0
vt 0.8972 0.7763
vt 0.8814 0.6974
vt 0.4348 0.1974
vt 0.4348 0.2368
vt 0.9763 0.0263
vt 0.9684 0
vt 0.9763 0
vt 0.9842 0.0263
vt 0.9842 0
vt 0.8972 0.1053
vt 0.4348 0.4342
vt 0.1818 0.5197
vt 0.4348 0.3947
vt 0.2451 0.4079
vt 0.2451 0.5
vt 0.3241 0.4803
vt 0.834 0.1974
vt 0.8419 0.2171
vt 0.834 0.2171
vt 0.2451 0.3421
vt 0.2451 0.3289
vt 0.2451 0.5395
vt 0.2451 0.5263
vt 0.2451 0.6053
vt 0.2451 0.1447
vt 0.2451 0.1842
vt 0.3241 0.1908
vt 0.3241 0.2434
vt 0.3241 0.5855
vt 0.2451 0.5658
vt 0.2451 0.0263
vt 0.3241 0.0329
vt 0.2451 0.0658
vt 0.3241 0.0461
vt 0.2451 0.3816
vt 0.3241 0.3882
vt 0.2451 0.1053
vt 0.3241 0.1118
vt 0.1186 0.1974
vt 0.1186 0.2171
vt 0.9921 0.0263
vt 0.9921 0
vt 0.8814 0.6579
vt 0.4348 0.6316
vt 0.8814 0.7368
vt 0.8972 0.4079
vt 0.4348 0.2763
vt 0.9012 0.6382
vt 0.1186 0.0197
vt 0.1186 0.0395
vt 0.1186 -0
vt 0.1344 0.2895
vt 0.1344 0.0526
vt 0.1186 0.0592
vt 0.1344 0.1382
vt 0.1344 0.1513
vt 0.1344 0.0921
vt 0.1186 0.0789
vt 0.1344 0.0789
vt 0.1186 0.1184
vt 0.1186 0.1382
vt 0.1344 0.2566
vt 0.1344 0.2697
vt 0.1344 0.2171
vt 0.1344 0.2303
vt 0.1344 0.2368
vt 0.1344 0.1908
vt 0.1344 0.0592
vt 0.1344 0.0724
vt 0.1344 0.1711
vt 0.1344 0.1579
vt 0.1186 0.3158
vt 0.1344 0.2961
vt 0.1344 0.3092
vt 0.1344 0.0987
vt 0.1344 0.1118
vt 0.8814 0.5987
vt 0.9012 0.6776
vt 0.1818 0.4145
vt 0.5138 0.2763
vt 0.8656 0.5132
vt 0.5138 0.5132
vt 0.834 0.5395
vt 0.2292 0.4474
vt 0.4348 0.6579
vt 0.419 0.6645
vt 0.419 0.6579
vt 0.0474 0.1842
vt 0.0474 0.1711
vt 0.1344 0.1053
vt 0.5138 0.1184
vt 0.1976 0.0658
vt 0.1818 0.5
vt 0.1344 0.4211
vt 0.1107 0.4211
vt 0.0474 0.2105
vt 0.0474 0.1974
vt 0.1818 0.4408
vt 0.1818 0.4211
vt 0.0277 0.1447
vt 0.4269 0.7895
vt 0.4348 0.7763
vt 0.4348 0.7895
vt 0.5138 0.0789
vt 0.6877 0.7368
vt 0.8854 0.1316
vt 0.6877 0.6842
vt 0.1818 0.4671
vt 0.1818 0.4474
vt 0.0474 0.0526
vt 0.1818 0.5263
vt 0.9526 0.3947
vt 0.9565 0.4013
vt 0.9526 0.4013
vt 0.0474 0.0921
vt 0.6877 0.7632
vt 0.6166 0.7632
vt 0.1344 0.0395
vt 0.8814 0.7171
vt 0.4348 0.1579
vt 0.9289 0.3947
vt 0.9328 0.4013
vt 0.9289 0.4013
vt 0.8814 0.7566
vt 0.9012 0.5789
vt 0.1818 0.3882
vt 0.1818 0.3684
vt 0.0791 0.1447
vt 0.4269 0.7632
vt 0.4348 0.75
vt 0.4348 0.7632
vt 0.9012 0.6184
vt 0.0474 0.0395
vt 0.4348 0
vt 0.4348 0.0395
vt 0.8814 0.6382
vt 0.6166 0.7105
vt 0.6877 0.7237
vt 0.8814 0.6184
vt 0.6877 0.6579
vt 0.6166 0.6579
vt 0.6877 0.7105
vt 0.2292 0.6842
vt 0.1818 0.5789
vt 0.6877 0.75
vt 0.5138 0.0395
vt 0.087 0.4276
vt 0.8735 0.5395
vt 0.6166 0.6316
vt 0.6877 0.6447
vt 0.0474 0.1776
vt 0.5138 0.1974
vt 0.4111 0.6842
vt 0.419 0.6711
vt 0.2688 0.6711
vt 0.1344 0.0658
vt 0.2767 0.6579
vt 0.6877 0.6711
vt 0.419 0.6382
vt 0.419 0.6316
vt 0.8419 0.2763
vt 0.2767 0.6316
vt 0.4348 0.6711
vt 0.419 0.6776
vt 0.4269 0.7368
vt 0.4348 0.7237
vt 0.4348 0.7368
vt 0.0593 0.3816
vt 0.9407 0.3947
vt 0.4269 0.6974
vt 0.4348 0.6842
vt 0.4348 0.6974
vt 0.1818 0.6053
vt 0.087 0.3882
vt 0.0593 0.5789
vt 0.4348 0.6645
vt 0.5138 0.2368
vt 0.087 0.4934
vt 0.087 0.4737
vt 0.2767 0.6842
vt 0.4111 0.6513
vt 0.8735 0.0724
vt 0.8696 0.0461
vt 0.8735 0.0461
vt 0.1107 0.6053
vt 0.1344 0.6316
vt 0.9091 0.3947
vt 0.9051 0.4342
vt 0.9051 0.3947
vt 0.2411 0.6579
vt 0.2411 0.6447
vt 0.0277 0.1053
vt 0.0237 0.1118
vt 0.0237 0.1053
vt 0.0237 0.0987
vt 0.0277 0.1776
vt 0.0237 0.1842
vt 0.0237 0.1776
vt 0.9565 0.0263
vt 0.9723 0.0263
vt 0.2411 0.6382
vt 0.2411 0.6316
vt 0.2411 0.6711
vt 0.249 0.6711
vt 0.2411 0.6645
vt 0.087 0.625
vt 0.8814 0.7105
vt 0.087 0.5724
vt 0.2411 0.6776
vt 0.8419 0.6645
vt 0.834 0.6513
vt 0.087 0.3684
vt 0.8814 0.6513
vt 0.1344 0.5263
vt 0.1107 0.5263
vt 0.1344 0.3684
vt 0.1107 0.3684
vt 0.1344 0.6842
vt 0.1107 0.6842
vt 0.1344 0.4737
vt 0.1344 0.6579
vt 0.1344 0.5
vt 0.8419 0.8421
vt 0.834 0.8289
vt 0.834 0.8224
vt 0.8419 0.8224
vt 0.8419 0.7039
vt 0.834 0.6908
vt 0.8696 0.2434
vt 0.8419 0.7434
vt 0.834 0.7303
vt 0.913 0.4342
vt 0.9091 0.4342
vt 0.8419 0.7697
vt 0.834 0.7829
vt 0.834 0.7697
vt 0.8656 0.2237
vt 0.8696 0.0724
vt 0.1344 0.5789
vt 0.1344 0.5526
vt 0.8814 0.8092
vt 0.8814 0.7697
vt 0.087 0.4145
vt 0.8656 0.0724
vt 0.8656 0.0461
vt 0.8617 0.0724
vt 0.8577 0.0461
vt 0.8617 0.0461
vt 0.8854 0.0461
vt 0.8419 0.7237
vt 0.834 0.7105
vt 0.2451 0.4474
vt 0.3241 0.4408
vt 0.4269 0.7105
vt 0.4348 0.7105
vt 0.0593 0.4605
vt 0.419 0.6842
vt 0.4348 0.6513
vt 0.9684 0.0263
vt 0.4901 -0
vt 0.0593 0.4803
vt 0.4269 0.7237
vt 0.0593 0.5395
vt 0.0593 0.4211
vt 0.087 0.5066
vt 0.8854 0.0724
vt 0.8893 0.0461
vt 0.8893 0.0724
vt 0.917 0.3947
vt 0.917 0.4342
vt 0.9289 0.4342
vt 0.9249 0.4342
vt 0.9012 0.4342
vt 0.834 0.6447
vt 0.8854 0.2237
vt 0.0593 0.5
vt 0.0632 0.5
vt 0.5138 0.1579
vt 0.1818 0.3947
vt 0.087 0.4671
vt 0.4269 0.75
vt 0.0593 0.4013
vt 0.4269 0.7763
vt 0.0593 0.5592
vt 0.0277 0.1184
vt 0.0237 0.125
vt 0.0237 0.1184
vt 0.0277 0.1382
vt 0.0237 0.1447
vt 0.0237 0.1382
vt 0.0277 0.1908
vt 0.0277 0.1842
vt 0.0277 0.1645
vt 0.0237 0.1579
vt 0.0277 0.1579
vt 0.0237 0.1513
vt 0.0237 0.1645
vt 0.834 0.3421
vt 0.0277 0.0855
vt 0.0237 0.0921
vt 0.0237 0.0855
vt 0.0237 0.1316
vt 0.087 0.4079
vt 0.0593 0.5197
vt 0.9328 0.3947
vt 0.9565 0.3947
vt 0.9605 0.4013
vt 0.5138 0.5921
vt 0.087 0.5658
vt 0.1818 0.6579
vt 0.834 0.2763
vt 0.834 0.2961
vt 0.8577 0.2039
vt 0.8419 0.1974
vt 0.1344 0.0329
vt 0.834 0.1184
vt 0.8419 0.0987
vt 0.8419 0.1184
vt 0.834 0
vt 0.8419 0.0197
vt 0.834 0.0197
vt 0.834 0.2368
vt 0.8419 0.2566
vt 0.834 0.2566
vt 0.834 0.0395
vt 0.8419 0.0592
vt 0.834 0.0789
vt 0.834 0.0592
vt 0.8419 0.2368
vt 0.834 0.1776
vt 0.8419 0.1382
vt 0.834 0.1382
vt 0.834 0.0987
vt 0.834 0.1579
vt 0.8419 0.1776
vt 0.8419 0.0789
vt 0.8577 0.0658
vt 0.8577 0.0724
vt 0.8577 0.3026
vt 0.8577 0.1447
vt 0.8419 0.1579
vt 0.8419 -0
vt 0.8577 0.0132
vt 0.8577 0.125
vt 0.8577 0.1316
vt 0.8577 0.1118
vt 0.8577 0.1908
vt 0.8577 0.2697
vt 0.8577 0.0921
vt 0.8577 0.2237
vt 0.0277 0.0789
vt 0.0237 0.0789
vt 0.8577 0.25
vt 0.8577 0.0526
vt 0.8577 0.1711
vt 0.8577 0.0329
vt 0.8419 0.0395
vt 0.1344 0.1776
vt 0.1818 0.5461
vt 0.8814 0.5395
vt 0.4348 0.3224
vt 0.087 0.6513
vt 0.8775 0.0724
vt 0.834 0.75
vt 0.4348 0.2171
vt 0.4348 0.5197
vt 0.4348 0.0592
vt 0.2451 0.2763
vt 0.4348 0.2697
vt 0.0791 0.2303
vt 0.2451 0.3026
vt 0.6877 0.6316
vt 0.0277 0.125
vt 0.834 0.6842
vt 0.0593 0.5658
vt 0.834 0.8618
vt 0.9842 0.3816
vt 0.8814 0.8289
vt 0.087 0.5789
vt 0.9526 0.3289
vt 0.0791 0.1842
vt 0.8419 0.5395
vt 0.2451 0.2632
vt 0.8656 0.5395
vt 0.9289 0.0263
vt 0.2451 0.4211
vt 0.9012 0.7763
vt 0.2451 0.5789
vt 0.0593 0.3684
vt 0.9051 0.1053
vt 0.2451 0.4868
vt 0.2451 0.2237
vt 0.1028 0.4934
vt 0.5455 0.7105
vt 0.834 0.5592
vt 0.087 0.5197
vt 0.5455 0.7632
vt 0.834 0.3026
vt 0.1976 0.2763
vt 0.834 0.0658
vt 0.834 0.125
vt 0.834 0.2434
vt 0.3241 0.1513
vt 0.834 0.4211
vt 0.834 0.3816
vt 0.834 0.0855
vt 0.834 0.2237
vt 0.834 0.4803
vt 0.0593 0.4276
vt 0.834 0.1645
vt 0.8972 0.3026
vt 0.5138 0.6908
vt 0.4348 0.7829
vt 0.4348 0.1645
vt 0.8814 0.1316
vt 0.1344 0.4474
vt 0.2451 0.6184
vt 0.4269 0.6842
vt 0.1344 0.6053
vt 0.0277 0.0987
vt 1 0.2303
vt 0.087 0.5526
vt 0.2411 0.6842
vt 0.834 0.6645
vt 0.8814 0.6316
vt 0.1344 0.3947
vt 0.8814 0.6711
vt 0.834 0.8421
vt 0.834 0.8092
vt 0.834 0.7039
vt 0.834 0.7434
vt 0.913 0.3947
vt 0.087 0.3947
vt 0.834 0.7237
vt 0.2451 0.4605
vt 0.0593 0.4474
vt 0.0593 0.4671
vt 0.0593 0.5263
vt 0.0593 0.4079
vt 0.834 0.6316
vt 0.0593 0.4868
vt 0.0593 0.3882
vt 0.0593 0.5461
vt 0.0237 0.1908
vt 0.0277 0.1513
vt 0.0237 0.1711
vt 0.834 0.3224
vt 0.0277 0.0921
vt 0.0593 0.5066
vt 0.9605 0.3947
vt 0.5138 0.6316
vt 0.8577 0.2105
vt 0.1344 0.0197
vt 0.8577 0.3092
vt 0.8577 0.1513
vt 0.8577 0.0066
vt 0.8577 0.1053
vt 0.8577 0.1842
vt 0.8577 0.2632
vt 0.8577 0.0855
vt 0.8577 0.2303
vt 0.8577 0.2434
vt 0.8577 0.1645
vt 0.8577 0.0263
s 1
f 891/26 942/27 902/28
f 1346/29 1371/30 1347/31
f 1519/29 1494/30 1495/32
f 1375/33 1350/34 1374/35
f 86/36 97/37 98/38
f 83/39 106/40 95/41
f 86/36 99/42 87/43
f 87/43 100/44 88/45
f 84/46 97/47 85/48
f 1487/49 1512/50 1511/51
f 1519/52 1496/53 1520/54
f 1344/55 1369/53 1345/56
f 1210/57 1193/58 1194/59
f 1321/60 1327/61 1319/62
f 1036/63 168/64 167/65
f 150/66 144/67 142/68
f 999/69 982/70 983/71
f 383/72 370/55 371/56
f 1678/73 535/74 1663/75
f 250/76 1650/77 1664/78
f 323/79 306/80 307/81
f 421/82 432/33 420/83
f 368/84 351/85 352/86
f 254/87 251/88 252/89
f 145/90 141/91 139/92
f 142/68 146/93 140/94
f 145/95 139/96 137/97
f 148/98 138/99 146/100
f 135/101 134/102 133/103
f 972/104 989/105 971/106
f 144/107 145/108 146/109
f 1005/105 1034/110 1018/111
f 1187/112 1202/113 1186/114
f 1195/106 1194/115 1179/116
f 1183/117 1198/118 1182/119
f 1032/120 1015/69 1016/121
f 1015/69 1030/122 1014/123
f 109/124 112/125 110/126
f 1209/127 1192/128 1193/129
f 1198/118 1181/130 1182/131
f 1143/132 1160/133 1159/134
f 1023/135 1008/136 1024/137
f 1021/138 1003/139 1004/140
f 1200/141 1185/142 1201/143
f 1023/144 1006/145 1007/146
f 1196/104 1179/147 1180/148
f 1202/113 1185/149 1186/150
f 1055/151 181/152 180/153
f 1086/154 1071/155 1087/156
f 1096/157 1081/158 1097/159
f 1073/160 1088/161 1072/162
f 1090/163 1075/164 1091/165
f 1067/166 1098/167 1082/168
f 1189/169 1204/170 1188/171
f 1061/172 175/173 174/174
f 1148/175 1131/176 1132/177
f 171/178 1063/179 172/180
f 1098/181 1081/158 1082/168
f 1162/182 1145/183 1146/184
f 1051/185 169/186 184/187
f 1084/188 1067/166 1068/189
f 1150/190 1133/79 1134/191
f 1141/192 1158/193 1157/194
f 939/195 898/196 899/197
f 1079/198 1094/199 1078/200
f 1057/201 179/202 178/203
f 1145/183 1160/204 1144/205
f 1059/206 175/207 1060/208
f 1092/209 1075/164 1076/210
f 1065/211 171/212 170/213
f 173/214 1061/172 174/215
f 1059/206 177/216 176/217
f 1135/218 1150/219 1134/191
f 1090/220 1073/160 1074/221
f 1137/222 1154/223 1153/224
f 1139/225 1156/226 1155/227
f 1139/225 1154/228 1138/229
f 1084/230 1069/231 1085/232
f 1133/79 1148/233 1132/177
f 416/234 393/235 404/49
f 1038/236 166/237 165/238
f 407/239 396/32 395/53
f 869/240 858/241 857/242
f 294/243 277/244 278/245
f 293/246 276/247 277/181
f 424/248 435/249 423/250
f 123/251 122/252 115/253
f 1143/132 1158/254 1142/255
f 1094/256 1077/257 1078/200
f 1065/211 169/258 1066/259
f 1092/260 1077/257 1093/261
f 1141/192 1156/262 1140/263
f 1088/245 1071/264 1072/162
f 1051/185 183/265 1052/266
f 1152/267 1135/268 1136/269
f 1096/270 1079/198 1080/271
f 1053/272 183/273 182/274
f 177/275 1057/201 178/276
f 1137/222 1152/277 1136/269
f 1053/272 181/278 1054/279
f 1063/179 173/280 172/281
f 179/282 1055/283 180/284
f 1131/176 1162/285 1146/184
f 1025/286 1008/136 1009/287
f 1188/288 1203/289 1187/290
f 1030/291 1013/292 1014/123
f 1549/293 1552/294 1554/295
f 1207/71 1190/296 1191/297
f 1206/70 1189/298 1190/299
f 1192/300 1207/71 1191/301
f 1017/302 1032/303 1016/121
f 1029/304 1012/305 1013/292
f 1028/306 1011/307 1012/305
f 1200/141 1183/308 1184/309
f 1025/310 1010/311 1026/312
f 1006/145 1021/313 1004/140
f 1027/314 1010/311 1011/307
f 1019/315 1003/139 1020/316
f 1613/317 753/318 1668/319
f 1196/104 1181/320 1197/321
f 489/322 491/323 493/324
f 499/325 502/326 501/327
f 137/328 131/329 132/330
f 1048/331 156/332 155/333
f 561/334 554/335 553/336
f 357/337 340/338 341/339
f 514/325 511/326 512/327
f 524/322 522/323 520/324
f 1512/340 1489/341 1513/342
f 1521/55 1496/53 1497/343
f 93/344 106/345 94/346
f 907/347 913/348 909/349
f 1517/350 1494/30 1518/351
f 1516/352 1493/249 1517/353
f 1351/354 1376/341 1352/355
f 1490/33 1515/34 1514/356
f 1515/357 1492/358 1516/359
f 1521/360 1498/235 1522/361
f 1522/362 1487/49 1511/363
f 1283/364 1282/365 1271/366
f 1340/367 1317/368 1316/369
f 793/370 758/371 757/366
f 717/372 742/373 743/374
f 715/375 742/376 716/377
f 822/378 823/379 821/380
f 829/381 824/382 822/378
f 1609/383 1596/384 1597/385
f 667/386 673/387 684/388
f 672/389 683/385 682/384
f 671/390 681/391 680/392
f 670/393 679/394 678/395
f 669/396 677/397 676/398
f 668/399 675/400 674/401
f 545/402 538/403 536/404
f 710/405 1668/319 1647/406
f 702/407 700/408 701/409
f 698/410 703/411 697/412
f 730/413 736/414 734/415
f 717/408 723/416 716/417
f 707/418 699/419 706/420
f 760/421 795/422 796/423
f 719/407 717/408 718/409
f 715/410 720/411 714/412
f 727/424 737/425 729/420
f 743/413 749/414 747/426
f 724/418 716/419 723/420
f 613/427 636/428 624/429
f 730/413 732/430 731/431
f 733/432 727/424 728/433
f 707/434 698/410 699/435
f 150/66 141/91 149/436
f 737/420 736/418 729/419
f 621/437 634/438 633/439
f 743/413 745/430 744/431
f 746/432 740/424 741/433
f 724/434 715/410 716/435
f 740/424 750/425 742/420
f 750/420 749/418 742/419
f 618/440 629/441 617/442
f 703/411 735/443 733/432
f 264/221 223/201 224/444
f 709/445 737/425 707/434
f 785/446 772/447 773/448
f 718/449 745/430 719/407
f 774/450 787/451 786/452
f 700/372 731/453 701/449
f 828/454 826/455 825/456
f 748/443 720/411 722/457
f 823/379 826/455 821/380
f 820/458 805/459 812/460
f 766/461 801/462 802/463
f 749/414 725/464 723/416
f 707/418 708/465 709/466
f 778/467 789/468 777/469
f 724/434 748/443 722/457
f 697/470 727/471 698/375
f 718/449 743/374 744/453
f 618/472 631/473 630/474
f 702/407 734/415 704/475
f 666/476 671/390 665/477
f 623/368 634/478 622/369
f 747/426 723/416 721/479
f 752/480 724/434 726/445
f 365/481 348/476 349/482
f 798/483 763/484 762/485
f 764/486 801/462 765/487
f 628/488 615/489 616/490
f 700/372 729/373 730/374
f 1336/491 1313/492 1312/472
f 1335/493 1312/440 1311/442
f 1310/494 1335/493 1311/495
f 1371/30 1348/350 1347/351
f 1342/496 1317/497 1341/498
f 1313/499 1338/500 1314/501
f 693/502 685/503 689/504
f 1279/487 1290/505 1278/486
f 1333/506 1310/490 1309/489
f 1315/437 1340/367 1316/507
f 1338/500 1315/508 1314/509
f 1307/510 1332/511 1308/512
f 1297/513 1303/514 1295/515
f 610/516 601/517 602/518
f 707/434 735/443 705/457
f 934/519 925/520 933/521
f 721/479 745/430 747/426
f 588/522 595/523 587/524
f 668/399 661/525 662/526
f 614/512 625/240 613/510
f 1529/527 1525/528 1524/529
f 769/364 792/530 780/531
f 835/532 829/533 822/534
f 838/535 824/536 836/537
f 832/538 836/539 830/540
f 835/541 831/542 829/381
f 1599/543 1598/388 1587/387
f 877/478 866/39 865/46
f 1651/544 755/545 711/546
f 708/464 736/414 738/547
f 945/548 949/549 947/550
f 1272/371 1283/551 1271/366
f 1273/552 1284/553 1272/371
f 1308/554 1333/506 1309/555
f 1287/448 1274/421 1275/556
f 1282/365 1293/557 1281/558
f 90/559 101/560 102/561
f 1274/421 1285/562 1273/552
f 1280/563 1293/564 1292/565
f 1342/496 1307/427 1318/429
f 1278/486 1289/566 1277/484
f 915/567 897/568 898/196
f 1367/235 1354/363 1378/49
f 1527/569 1526/570 1525/528
f 1361/571 1355/572 1359/573
f 1373/358 1350/357 1349/359
f 1263/574 1267/575 1259/576
f 894/577 918/578 919/579
f 922/580 891/26 892/581
f 900/582 939/195 899/197
f 941/583 900/584 901/585
f 942/27 901/585 902/28
f 897/568 917/586 896/587
f 1378/49 1353/50 1377/588
f 1288/589 1275/556 1276/485
f 896/587 918/578 895/590
f 893/591 919/579 920/592
f 92/242 103/593 104/594
f 1280/461 1291/469 1279/487
f 295/595 278/245 279/596
f 1536/597 1543/517 1535/598
f 124/599 115/253 116/600
f 1033/601 1018/111 1034/602
f 1531/603 1546/604 1538/605
f 1541/606 1532/607 1533/608
f 1537/523 1546/604 1545/609
f 1534/610 1543/517 1542/611
f 700/408 706/416 699/417
f 1540/612 1531/603 1532/607
f 1545/609 1536/597 1537/523
f 1534/610 1541/613 1533/614
f 1251/615 1249/616 1245/617
f 1514/354 1489/341 1490/33
f 93/344 104/618 105/619
f 1369/53 1346/52 1345/54
f 103/620 90/559 102/621
f 1289/622 1276/485 1277/484
f 89/623 100/624 101/625
f 1367/235 1344/360 1343/361
f 1457/626 1441/627 1449/628
f 920/592 892/581 893/591
f 1376/341 1353/340 1352/342
f 96/629 83/39 95/630
f 1372/249 1349/352 1348/353
f 1450/631 1440/632 1456/633
f 1259/576 1260/634 1261/635
f 1261/635 1262/636 1263/574
f 1263/574 1264/637 1265/638
f 1265/638 1266/639 1267/575
f 1267/575 1268/640 1259/576
f 1268/640 1269/641 1259/576
f 1269/641 1270/642 1259/576
f 1259/576 1261/635 1263/574
f 1671/643 1697/644 1655/645
f 1669/646 1692/647 1653/648
f 48/649 1696/650 46/651
f 30/652 1688/653 28/654
f 50/655 1703/656 48/649
f 26/657 1700/658 24/659
f 528/660 1645/661 542/662
f 86/36 85/48 97/37
f 1375/33 1351/356 1350/34
f 507/663 1626/664 516/665
f 46/651 1690/666 44/667
f 1519/29 1518/31 1494/30
f 114/668 113/669 112/125
f 112/125 111/670 110/126
f 1061/172 1060/208 175/173
f 109/124 108/671 114/668
f 108/671 107/672 114/668
f 1680/78 241/673 242/87
f 872/674 873/675 861/676
f 331/192 330/263 314/677
f 543/678 544/679 534/680
f 583/681 582/682 529/683
f 256/76 255/684 1631/77
f 1398/685 1399/686 1387/197
f 65/687 66/688 50/655
f 506/663 1632/664 497/665
f 508/689 1612/690 507/663
f 1424/691 1415/692 1409/693
f 1660/694 479/695 477/696
f 1461/697 1459/698 1466/699
f 145/90 143/700 141/91
f 142/68 144/67 146/93
f 137/97 132/328 147/701
f 147/701 145/95 137/97
f 134/702 138/99 148/98
f 138/99 140/703 146/100
f 526/704 528/660 542/662
f 448/705 460/31 461/29
f 55/706 56/707 30/652
f 151/708 144/107 152/709
f 534/680 1623/710 532/711
f 1057/201 1056/712 179/202
f 1096/157 1080/271 1081/158
f 1079/198 1095/713 1094/199
f 1090/163 1074/221 1075/164
f 1098/181 1097/247 1081/158
f 171/178 1064/714 1063/179
f 1148/175 1147/715 1131/176
f 1141/192 1142/255 1158/193
f 1090/220 1089/716 1073/160
f 1023/135 1007/717 1008/136
f 1202/113 1201/143 1185/149
f 1145/183 1161/718 1160/204
f 173/214 1062/719 1061/172
f 1196/104 1195/106 1179/147
f 1023/144 1022/720 1006/145
f 1092/209 1091/721 1075/164
f 1198/118 1197/321 1181/130
f 1183/117 1199/722 1198/118
f 1092/260 1076/210 1077/257
f 407/239 408/723 396/32
f 1005/105 1019/724 1034/110
f 323/79 322/177 306/80
f 1139/225 1140/263 1156/226
f 293/246 292/725 276/247
f 1209/127 1208/726 1192/128
f 1032/120 1031/727 1015/69
f 1094/256 1093/728 1077/257
f 1084/230 1068/189 1069/231
f 1187/112 1203/289 1202/113
f 1678/73 537/729 535/74
f 294/243 293/730 277/244
f 177/275 1058/444 1057/201
f 1321/60 1323/731 1327/61
f 1036/63 1035/732 168/64
f 1065/211 170/733 169/258
f 1143/132 1159/734 1158/254
f 250/76 249/684 1650/77
f 383/72 382/735 370/55
f 1141/192 1157/736 1156/262
f 1137/222 1153/737 1152/277
f 1195/106 1210/57 1194/115
f 135/101 138/702 134/102
f 1038/236 1037/738 166/237
f 416/234 405/739 393/235
f 144/107 143/740 145/108
f 999/69 998/123 982/70
f 1088/245 1087/244 1071/264
f 1096/270 1095/741 1079/198
f 885/742 884/743 848/625
f 587/524 586/744 537/729
f 1628/745 508/689 517/746
f 1118/747 1117/81 1101/748
f 1416/749 1417/750 1413/583
f 356/267 355/751 339/752
f 1245/753 1246/754 1230/755
f 988/140 987/139 972/104
f 254/87 253/673 251/88
f 1053/272 1052/266 183/273
f 869/240 870/756 858/241
f 1051/185 184/757 183/265
f 1152/267 1151/337 1135/268
f 972/104 987/139 989/105
f 421/82 433/35 432/33
f 109/124 114/668 112/125
f 150/66 152/758 144/67
f 1139/225 1155/759 1154/228
f 1133/79 1149/760 1148/233
f 123/251 130/761 122/252
f 424/248 436/30 435/249
f 1143/132 1144/205 1160/133
f 1015/69 1031/762 1030/122
f 368/84 367/227 351/85
f 1059/206 1058/444 177/216
f 1200/141 1184/763 1185/142
f 939/195 915/567 898/196
f 1189/169 1205/764 1204/170
f 1150/190 1149/765 1133/79
f 1051/185 1066/259 169/186
f 1084/188 1083/766 1067/166
f 1162/182 1161/767 1145/183
f 1137/222 1138/229 1154/223
f 1021/138 1020/768 1003/139
f 1086/154 1070/769 1071/155
f 1059/206 176/770 175/207
f 1065/211 1064/714 171/212
f 1055/151 1054/279 181/152
f 1073/160 1089/771 1088/161
f 1178/772 1163/773 1164/774
f 1164/774 1165/775 1178/772
f 1165/775 1166/776 1178/772
f 1166/776 1167/777 1168/778
f 1168/778 1169/779 1166/776
f 1169/779 1170/780 1166/776
f 1170/780 1171/781 1174/782
f 1171/781 1172/783 1174/782
f 1172/783 1173/784 1174/782
f 1174/782 1175/785 1178/772
f 1175/785 1176/786 1178/772
f 1176/786 1177/787 1178/772
f 28/788 1688/789 1709/790
f 1135/218 1151/791 1150/219
f 489/322 490/792 491/323
f 491/323 492/793 493/324
f 387/794 374/353 375/352
f 533/795 584/796 583/797
f 493/324 494/798 495/799
f 495/799 489/322 493/324
f 500/800 498/801 499/325
f 499/325 504/802 502/326
f 502/326 503/803 501/327
f 967/703 958/804 959/805
f 665/477 671/390 670/806
f 501/327 500/800 499/325
f 537/729 586/744 585/807
f 528/660 526/704 525/808
f 1100/809 1116/80 1115/810
f 427/811 439/343 438/53
f 513/800 515/801 514/325
f 514/325 509/802 511/326
f 511/326 510/803 512/327
f 981/764 996/305 980/170
f 136/812 135/813 133/103
f 512/327 513/800 514/325
f 524/322 523/792 522/323
f 522/323 521/793 520/324
f 1662/814 541/815 1645/661
f 415/816 416/234 404/49
f 520/324 519/798 518/799
f 518/799 524/322 520/324
f 1616/817 1707/818 1670/819
f 1346/29 1370/32 1371/30
f 32/820 1694/821 30/652
f 1638/822 1691/823 1617/824
f 1664/78 247/673 248/87
f 86/36 98/825 99/42
f 1679/826 1706/827 1656/828
f 38/829 1689/830 36/831
f 1617/824 1698/832 1671/643
f 1635/833 1714/834 1614/835
f 84/46 96/836 97/47
f 1694/821 1615/837 1688/653
f 1355/572 1356/838 1357/839
f 1357/839 1358/840 1359/573
f 1359/573 1360/841 1361/571
f 1361/571 1362/842 1363/843
f 1363/843 1364/844 1355/572
f 1364/844 1365/845 1355/572
f 1365/845 1366/846 1355/572
f 1355/572 1357/839 1359/573
f 1637/847 1684/848 1616/817
f 1670/819 1707/818 1686/849
f 1612/690 510/803 520/850
f 70/851 71/852 55/853
f 1616/817 1684/848 1707/818
f 1695/854 1637/847 1616/817
f 833/855 841/856 839/857
f 683/858 672/389 684/388
f 672/389 667/386 684/388
f 681/859 671/390 682/384
f 671/390 672/389 682/384
f 679/860 670/806 680/392
f 670/806 671/390 680/392
f 677/861 669/396 678/395
f 669/396 670/393 678/395
f 675/862 668/399 676/398
f 668/399 669/396 676/398
f 673/863 667/386 674/401
f 667/386 668/399 674/401
f 685/503 686/864 689/504
f 686/864 687/865 689/504
f 687/865 688/866 689/504
f 689/504 690/867 693/502
f 690/867 691/868 693/502
f 691/868 692/869 693/502
f 693/502 694/870 695/871
f 695/871 696/872 685/503
f 488/873 1643/874 486/875
f 194/876 195/877 1619/878
f 702/407 704/475 700/408
f 698/410 705/457 703/411
f 532/879 1677/880 530/881
f 505/689 1652/690 506/663
f 1694/821 1636/882 1615/837
f 719/407 721/479 717/408
f 715/410 722/457 720/411
f 536/404 1644/883 534/680
f 710/884 1651/544 711/546
f 1647/406 1668/319 753/318
f 730/413 734/415 732/430
f 733/432 735/443 727/424
f 1695/854 1616/817 1689/830
f 1688/789 1669/646 1709/790
f 1640/885 1629/886 196/887
f 743/413 747/426 745/430
f 746/432 748/443 740/424
f 542/662 1624/888 540/889
f 1672/890 200/891 185/732
f 1700/658 1653/648 1635/833
f 508/689 1628/745 1612/690
f 1418/892 1419/893 1411/195
f 1671/643 1698/832 1697/644
f 1680/78 1667/77 241/673
f 1372/249 1373/894 1349/352
f 304/895 303/896 287/256
f 1450/631 1448/897 1440/632
f 1376/341 1377/588 1353/340
f 532/879 1623/898 1677/880
f 1638/822 1705/899 1691/823
f 89/623 88/676 100/624
f 1696/650 1638/822 1617/824
f 96/629 84/46 83/39
f 1637/847 1712/900 1684/848
f 528/660 1662/814 1645/661
f 506/663 1652/690 1632/664
f 1679/826 1685/901 1706/827
f 1664/78 1650/77 247/673
f 1689/830 1616/817 1670/819
f 488/873 1661/902 1643/874
f 965/903 964/904 956/905
f 486/875 1643/874 1622/906
f 1457/626 1437/907 1441/627
f 1367/235 1368/343 1344/360
f 1653/648 1692/647 1708/908
f 1713/909 1687/910 1614/835
f 1615/911 1699/912 1683/913
f 756/914 1613/317 1651/544
f 151/708 143/740 144/107
f 1700/658 1635/833 1693/915
f 197/916 1649/917 1640/918
f 1685/901 19/919 49/920
f 538/403 1663/75 536/404
f 186/63 1618/921 1681/922
f 1689/830 1670/819 1710/923
f 1710/923 1654/924 1701/925
f 188/236 1639/926 1630/927
f 22/928 1687/910 20/929
f 1615/911 1683/913 1669/646
f 194/876 1619/878 1682/930
f 1690/666 1671/643 1711/931
f 1319/62 1320/932 1321/60
f 1321/60 1322/933 1323/731
f 1323/731 1324/934 1325/935
f 1325/935 1326/936 1323/731
f 1326/936 1327/61 1323/731
f 1327/61 1328/937 1319/62
f 1328/937 1329/938 1319/62
f 1329/938 1330/939 1319/62
f 470/940 1620/941 468/942
f 1662/814 527/943 541/815
f 920/592 922/580 892/581
f 1545/609 1544/518 1536/597
f 38/829 1695/854 1689/830
f 710/884 1647/944 1651/544
f 32/820 1701/925 1694/821
f 188/236 189/711 1639/926
f 834/945 842/946 833/947
f 842/946 841/948 833/947
f 1263/574 1265/638 1267/575
f 30/652 1694/821 1688/653
f 822/534 827/949 837/950
f 837/950 835/532 822/534
f 828/951 824/536 838/535
f 824/536 830/952 836/537
f 832/538 834/953 836/539
f 835/541 833/855 831/542
f 1280/461 1292/467 1291/469
f 989/105 1002/111 986/57
f 40/954 1702/955 1695/854
f 1669/646 1683/913 1692/647
f 831/542 839/956 832/538
f 839/956 840/957 832/538
f 34/958 1701/925 32/820
f 1647/406 753/318 712/959
f 192/960 1657/961 191/962
f 1640/885 196/887 197/916
f 1681/963 185/732 186/63
f 497/964 1625/965 496/746
f 756/914 1651/544 713/966
f 1666/967 199/968 200/891
f 501/327 1625/965 492/793
f 1713/909 1656/828 1703/656
f 36/831 1710/923 34/958
f 193/969 1665/970 192/960
f 1295/515 1296/971 1297/513
f 1297/513 1298/972 1299/973
f 1299/973 1300/974 1301/975
f 1301/975 1302/976 1303/514
f 1303/514 1304/977 1295/515
f 1304/977 1305/978 1295/515
f 1305/978 1306/979 1295/515
f 1696/650 1617/824 1690/666
f 1299/973 1301/975 1303/514
f 936/980 927/981 935/96
f 1524/529 1523/982 1529/527
f 1523/982 1530/983 1529/527
f 1373/358 1374/35 1350/357
f 1528/984 1527/569 1525/528
f 1656/828 1705/899 1638/822
f 905/985 903/986 913/348
f 903/986 904/987 913/348
f 904/987 914/988 913/348
f 913/348 912/989 911/990
f 911/990 910/991 909/349
f 909/349 908/992 907/347
f 907/347 906/993 905/985
f 913/348 911/990 909/349
f 1636/882 1699/994 1615/837
f 1655/645 1712/900 1637/847
f 1629/995 195/877 196/887
f 1657/996 190/997 191/962
f 188/236 1618/998 187/738
f 190/997 1639/999 189/1000
f 1519/52 1495/32 1496/53
f 194/876 1673/1001 193/969
f 1487/49 1488/588 1512/50
f 199/968 1649/1002 198/331
f 1210/57 1209/127 1193/58
f 1344/55 1368/343 1369/53
f 943/1003 952/1004 951/1005
f 951/1005 953/1006 949/549
f 949/549 948/1007 950/1008
f 950/1008 954/1009 949/549
f 954/1009 947/550 949/549
f 947/550 946/1010 945/548
f 945/548 944/1011 943/1003
f 943/1003 951/1005 949/549
f 44/667 1711/931 42/1012
f 1457/626 1435/1013 1437/907
f 1437/907 1439/1014 1441/627
f 1441/627 1443/1015 1445/1016
f 1445/1016 1447/1017 1449/628
f 1449/628 1451/1018 1453/1019
f 1453/1019 1455/1020 1457/626
f 24/659 1693/915 22/928
f 1441/627 1445/1016 1449/628
f 1449/628 1453/1019 1457/626
f 1427/1021 1428/1022 1429/1023
f 1429/1023 1430/1024 1431/1025
f 1431/1025 1432/1026 1433/1027
f 1433/1027 1434/1028 1427/1021
f 1706/827 47/1029 45/1030
f 1440/632 1438/1031 1436/1032
f 1436/1032 1458/1033 1440/632
f 1458/1033 1456/633 1440/632
f 1456/633 1454/1034 1452/1035
f 1452/1035 1450/631 1456/633
f 1627/78 235/673 236/87
f 1448/897 1446/1036 1440/632
f 1446/1036 1444/1037 1440/632
f 1444/1037 1442/1038 1440/632
f 1556/1039 1555/1040 1557/1041
f 1557/1041 1558/1042 1559/1043
f 1559/1043 1560/1044 1561/1045
f 1561/1045 1562/1046 1556/1039
f 423/250 435/249 434/894
f 1554/295 1547/1047 1548/1048
f 1548/1048 1549/293 1554/295
f 1067/166 1083/1049 1098/167
f 1550/1050 1551/1051 1552/294
f 1552/294 1553/1052 1554/295
f 478/1053 1621/1054 476/1055
f 516/964 1633/965 517/746
f 1702/955 1637/847 1695/854
f 1701/925 1636/882 1694/821
f 1703/656 1638/822 1696/650
f 486/875 1622/906 484/1056
f 474/1057 1659/1058 472/1059
f 1711/931 1655/645 1702/955
f 1245/617 1243/1060 1244/1061
f 1244/1061 1258/1062 1257/1063
f 1257/1063 1256/1064 1255/1065
f 1255/1065 1254/1066 1253/1067
f 1253/1067 1252/1068 1251/615
f 1251/615 1250/1069 1249/616
f 1249/616 1248/1070 1245/617
f 1248/1070 1247/1071 1245/617
f 1247/1071 1246/1072 1245/617
f 712/1073 756/914 713/1074
f 1244/1061 1257/1063 1253/1067
f 1257/1063 1255/1065 1253/1067
f 1666/967 1658/1075 199/968
f 1713/909 1614/835 1679/826
f 891/26 921/693 942/27
f 40/954 1695/854 38/829
f 42/1012 1702/955 40/954
f 755/545 1668/319 754/1076
f 83/39 94/346 106/40
f 1653/648 1708/908 1635/833
f 28/788 1709/790 26/657
f 1654/924 1704/1077 1636/882
f 1670/819 1686/849 1654/924
f 1709/790 1653/648 1700/658
f 87/43 99/1078 100/44
f 1508/839 1509/838 1500/845
f 1509/838 1510/572 1500/845
f 1510/572 1499/846 1500/845
f 1500/845 1501/844 1504/571
f 1501/844 1502/843 1504/571
f 1502/843 1503/842 1504/571
f 480/1079 1642/1080 478/1081
f 1505/841 1506/573 1508/839
f 1506/573 1507/840 1508/839
f 304/895 287/256 288/1082
f 1612/690 520/850 1626/664
f 965/903 956/905 957/1083
f 405/739 394/343 393/235
f 1683/913 23/1084 1692/647
f 244/76 1667/77 1680/78
f 385/705 372/29 373/31
f 996/305 979/289 980/170
f 1422/1085 1405/586 1404/1086
f 889/1087 852/47 853/836
f 422/1088 433/35 421/82
f 1484/697 1479/699 1478/1089
f 977/143 992/136 976/141
f 384/1090 371/54 372/52
f 34/958 59/1091 36/831
f 1400/1092 1389/585 1388/584
f 1418/892 1411/195 1412/1093
f 70/851 55/853 54/1094
f 44/667 64/1095 46/651
f 40/954 62/1096 42/1012
f 32/820 58/1097 34/958
f 53/1098 26/657 24/659
f 56/707 32/820 30/652
f 52/1099 22/928 20/929
f 542/662 547/1100 548/1101
f 38/829 61/1102 40/954
f 65/687 50/655 48/649
f 55/706 30/652 28/654
f 66/688 20/929 50/655
f 44/667 62/1096 63/1103
f 24/659 51/1104 53/1098
f 26/657 55/853 28/788
f 59/1091 38/829 36/831
f 59/1091 76/1105 60/1106
f 78/1107 63/1103 62/1096
f 61/1102 78/1108 62/1096
f 81/1109 66/688 65/687
f 72/1110 57/1111 56/707
f 1086/1112 1069/231 1070/769
f 53/1098 70/1113 54/1094
f 76/1114 61/1102 60/1106
f 52/1099 67/850 51/1104
f 52/1099 82/1115 68/1116
f 57/1111 74/1117 58/1097
f 58/1097 75/1118 59/1091
f 67/1119 53/1098 51/1104
f 80/1120 65/687 64/1095
f 56/707 71/1121 72/1122
f 991/146 974/118 975/722
f 418/816 429/49 417/234
f 1001/302 984/726 985/127
f 1393/1123 1382/577 1381/591
f 292/725 275/1124 276/247
f 1641/1125 467/1126 1620/941
f 1705/899 43/1127 1691/823
f 447/1128 460/351 448/1129
f 236/87 233/88 234/89
f 867/1130 856/344 855/346
f 270/271 229/179 230/714
f 248/87 245/88 246/89
f 1042/960 162/1131 161/1132
f 1425/1133 1408/592 1407/579
f 363/193 346/1134 347/1135
f 334/205 317/1136 318/1137
f 139/92 138/1138 137/1139
f 408/723 397/30 396/32
f 1704/1077 27/1140 1699/994
f 1480/1141 1475/1142 1474/1143
f 302/1144 285/1145 286/728
f 1603/1146 1590/398 1591/397
f 441/1147 454/50 442/1148
f 134/102 131/329 133/103
f 291/1149 274/270 275/1124
f 125/1150 116/600 117/1151
f 1417/750 1412/1152 1413/583
f 1391/1153 1381/591 1380/581
f 1045/877 159/1154 158/1155
f 127/1156 118/1157 119/1158
f 128/1159 119/1158 120/1160
f 151/1161 141/91 143/700
f 1035/732 153/1162 168/64
f 381/1163 380/363 369/362
f 1050/891 154/1164 153/1162
f 1666/967 215/1165 1658/1075
f 202/1166 1672/1167 1681/963
f 1640/885 212/278 1629/886
f 1225/1168 1242/1169 1226/1170
f 1640/918 214/1171 213/1172
f 1681/922 203/1173 202/1174
f 1619/878 210/258 1682/930
f 1639/926 204/1175 1630/927
f 1665/970 209/1176 208/214
f 210/1177 1673/1001 1682/1178
f 1629/995 211/265 1619/1179
f 1630/1180 203/1181 1618/998
f 206/1182 1639/999 1648/1183
f 207/1184 1648/1185 1657/996
f 215/1186 1649/1002 1658/1187
f 208/1188 1657/961 1665/1189
f 336/184 319/1190 320/1191
f 129/1192 120/1160 121/1193
f 1394/1194 1383/590 1382/577
f 1039/711 165/238 164/1195
f 1402/1196 1379/26 1390/28
f 267/257 226/208 227/172
f 727/471 699/377 698/375
f 324/191 307/81 308/747
f 260/769 219/272 220/279
f 1632/1197 492/793 1625/965
f 1047/916 157/1198 156/332
f 885/742 848/625 849/624
f 1421/1199 1407/579 1406/578
f 327/222 310/1200 311/1201
f 263/160 222/712 223/201
f 272/168 231/211 232/259
f 48/649 64/1095 65/687
f 1104/243 1119/1202 1103/730
f 1118/747 1101/748 1102/1203
f 1121/1201 1106/1204 1122/1205
f 1127/1136 1110/1206 1111/1207
f 1108/1208 1123/1209 1107/1210
f 1125/1211 1110/896 1126/1212
f 1117/81 1100/1213 1101/1214
f 1115/810 1114/1215 1099/1216
f 1100/809 1115/810 1099/1217
f 1128/1137 1113/1218 1129/1190
f 1123/1209 1106/1219 1107/1220
f 1112/1221 1127/1136 1111/1222
f 1119/1223 1102/1224 1103/1225
f 1129/1190 1114/246 1130/1191
f 1125/1211 1108/1226 1109/1227
f 450/72 463/55 451/735
f 325/218 308/747 309/1223
f 1416/749 1413/583 1414/27
f 1397/1228 1386/196 1385/568
f 988/140 972/104 973/321
f 1634/745 496/746 1625/965
f 1423/1229 1410/580 1408/592
f 1685/901 47/1029 1706/827
f 989/105 986/57 971/106
f 130/761 121/109 122/252
f 389/1230 376/34 377/356
f 1691/823 41/1231 1698/832
f 265/164 224/444 225/206
f 386/1128 373/351 374/350
f 1482/1232 1476/793 1475/1142
f 1692/647 21/1233 1708/908
f 1486/698 1473/1234 1479/699
f 1459/698 1472/1234 1466/699
f 328/229 311/1201 312/1205
f 289/1222 288/1082 273/741
f 414/1235 403/588 402/341
f 329/225 312/1205 313/1209
f 563/1236 556/1237 555/1238
f 271/158 230/714 231/211
f 335/183 318/1137 319/1190
f 332/255 315/1211 316/1212
f 259/231 218/266 219/272
f 360/133 343/1239 344/1240
f 301/1241 284/209 285/1145
f 1684/848 33/1242 1707/818
f 1424/691 1409/693 1410/580
f 331/192 314/677 315/1211
f 147/701 146/100 145/95
f 299/1210 282/1243 283/721
f 452/1163 453/363 441/1244
f 657/1245 646/367 645/1246
f 136/812 133/103 131/329
f 358/767 341/1247 342/1248
f 833/855 839/857 831/542
f 443/1249 456/354 444/1250
f 364/194 347/1135 348/476
f 1600/1251 1587/863 1588/401
f 579/1252 570/1253 571/1254
f 1707/818 31/1255 1686/849
f 297/1204 280/716 281/220
f 1661/902 485/1256 1643/874
f 832/538 842/1257 834/953
f 1659/1058 469/1258 1641/1125
f 300/1208 283/721 284/209
f 261/155 220/279 221/151
f 420/83 431/341 419/1235
f 1557/1041 1561/1045 1556/1039
f 442/1259 455/342 443/1260
f 353/223 352/86 337/1261
f 370/360 381/1262 369/361
f 963/1263 962/1264 955/1265
f 361/134 344/1240 345/526
f 1624/888 537/729 1678/73
f 1465/1141 1470/1142 1471/1143
f 147/701 134/102 148/98
f 1399/686 1388/582 1387/197
f 367/227 350/1266 351/85
f 1622/906 481/1267 1676/1268
f 296/1269 279/596 280/716
f 1392/1270 1380/581 1379/26
f 1049/968 155/333 154/1164
f 257/166 232/259 217/185
f 409/248 398/249 397/30
f 1043/969 161/1132 160/1271
f 428/739 439/343 427/811
f 1708/908 19/919 1714/834
f 969/1272 960/1273 961/1274
f 366/226 349/482 350/1266
f 1415/692 1414/27 1409/693
f 1677/880 527/943 1662/814
f 1401/1275 1390/28 1389/585
f 1426/1276 1404/1086 1403/567
f 445/1277 458/359 446/1278
f 256/76 1631/77 1646/78
f 266/210 225/206 226/208
f 333/132 316/1212 317/1136
f 362/1279 345/526 346/1134
f 151/708 150/66 149/436
f 1419/893 1403/567 1411/195
f 1676/1268 479/695 1660/694
f 577/1280 568/1281 569/1282
f 412/82 401/33 400/35
f 1420/1283 1406/578 1405/586
f 354/224 337/1261 338/1284
f 413/83 402/341 401/33
f 326/269 309/1202 310/1200
f 1460/803 1467/1089 1468/850
f 1040/997 164/1285 163/1286
f 392/1147 379/50 380/51
f 411/1088 400/35 399/358
f 162/1131 1040/997 163/1286
f 425/723 436/30 424/248
f 1395/1287 1384/587 1383/590
f 258/189 217/185 218/266
f 242/87 239/88 240/89
f 1674/1288 487/1289 1661/902
f 1396/1290 1385/568 1384/587
f 1628/745 517/746 1633/965
f 1044/876 160/1271 159/1154
f 1621/1054 473/1291 1675/1292
f 356/267 339/752 340/338
f 1398/685 1387/197 1386/196
f 138/1138 136/812 137/1139
f 427/811 438/53 426/239
f 994/311 977/143 978/113
f 410/250 399/894 398/249
f 406/811 395/53 394/343
f 388/1277 375/359 376/357
f 1620/941 465/1293 1674/1288
f 423/250 434/894 422/1294
f 330/263 313/1209 314/677
f 50/655 1687/910 1713/909
f 449/1090 462/54 450/1295
f 1660/694 477/696 1642/1080
f 238/76 1611/77 1627/78
f 1643/874 483/1296 1622/906
f 1686/849 29/1297 1704/1077
f 876/1298 865/46 864/48
f 1473/1299 1480/1141 1474/1143
f 419/1235 430/588 418/816
f 1642/1300 475/1301 1621/1054
f 670/393 663/1302 664/1248
f 1697/644 37/1303 1712/900
f 665/477 670/806 664/85
f 530/881 543/1304 532/879
f 535/74 584/796 533/795
f 415/816 404/49 403/588
f 550/1305 525/808 526/704
f 581/1306 541/815 527/943
f 298/1307 281/220 282/1243
f 556/1237 526/704 548/1101
f 587/524 537/729 539/1308
f 290/1221 273/741 274/270
f 1505/841 1500/845 1504/571
f 587/524 541/815 588/522
f 870/756 859/559 858/241
f 543/678 534/680 532/711
f 526/704 542/662 548/1101
f 1675/1292 471/1309 1659/1058
f 552/1310 543/678 551/1311
f 1245/753 1230/755 1229/1312
f 1461/697 1466/699 1467/1089
f 554/335 545/402 553/336
f 533/795 583/797 531/1313
f 558/1314 549/1315 550/1305
f 555/1238 548/1101 547/1100
f 553/336 544/679 552/1310
f 575/1316 565/1317 567/1318
f 544/679 536/404 534/680
f 886/1319 849/44 850/1078
f 1000/121 983/71 984/726
f 1626/1197 521/793 1633/965
f 322/177 305/810 306/80
f 1485/803 1478/1089 1477/850
f 966/1320 957/1083 958/804
f 580/1321 571/1322 572/1323
f 448/705 461/29 449/1324
f 874/1325 863/36 862/43
f 872/674 861/676 860/623
f 560/315 553/336 552/1310
f 884/1326 847/561 848/560
f 564/1327 550/1305 556/1237
f 1698/832 39/1328 1697/644
f 1706/827 45/1030 1705/899
f 1634/745 503/803 1652/690
f 623/497 636/1329 635/1330
f 549/1315 543/1304 525/808
f 583/681 529/683 531/1331
f 537/729 585/807 535/74
f 582/682 527/943 529/683
f 547/1100 538/403 546/1332
f 555/1238 546/1332 554/335
f 528/660 525/808 530/881
f 839/956 842/946 840/957
f 814/1333 807/1334 806/1335
f 733/432 697/470 703/411
f 640/1336 653/1337 641/493
f 938/1338 929/1339 937/1340
f 611/1341 602/518 603/609
f 837/950 836/537 835/532
f 609/1342 600/611 601/517
f 1584/1343 1573/1344 1572/1345
f 1571/1346 1584/1343 1572/1345
f 1579/1347 1568/1348 1567/1349
f 604/604 611/1341 603/609
f 755/545 710/1350 711/1351
f 599/613 608/1352 607/1353
f 594/597 585/807 586/744
f 598/612 605/1354 597/1355
f 1647/944 713/966 1651/544
f 597/1355 612/1356 604/604
f 629/1357 616/494 617/495
f 343/1239 358/767 342/1248
f 794/1358 759/552 758/371
f 737/420 738/466 736/418
f 701/449 732/430 702/407
f 734/415 706/416 704/475
f 714/470 740/471 715/375
f 627/1359 614/554 615/555
f 599/606 606/1360 598/612
f 780/1361 791/1362 779/557
f 726/466 723/420 725/465
f 620/501 631/1363 619/499
f 766/563 803/1364 767/558
f 648/496 649/1365 637/1366
f 655/1367 644/500 643/1368
f 642/491 655/1369 643/1370
f 1251/615 1244/1061 1253/1067
f 646/367 659/1371 647/498
f 642/491 653/1337 654/1372
f 581/1306 596/605 588/522
f 648/496 659/1371 660/1373
f 768/365 793/370 757/366
f 777/1374 788/1375 776/505
f 644/500 657/1245 645/1246
f 788/1376 775/566 776/1377
f 770/1378 781/1379 769/551
f 746/432 714/470 720/411
f 585/807 592/610 584/796
f 838/535 827/1380 828/454
f 772/1381 783/1382 771/562
f 667/386 666/476 661/525
f 663/1302 668/399 662/526
f 803/1364 768/365 767/558
f 938/1338 923/1383 930/1384
f 829/381 832/538 830/540
f 773/1385 786/1386 785/1387
f 821/1388 827/1380 822/949
f 590/607 581/1306 582/682
f 1178/772 1170/780 1174/782
f 834/945 835/1389 836/458
f 749/418 752/465 751/466
f 651/1390 640/1336 639/506
f 761/556 798/483 762/485
f 638/511 649/1365 650/1391
f 799/1392 764/486 763/484
f 760/421 797/1393 761/556
f 638/511 651/1390 639/506
f 633/1394 620/509 621/508
f 807/1334 816/1395 808/1396
f 817/1397 810/1398 809/1399
f 811/1400 820/458 812/460
f 805/459 814/1333 806/1335
f 1608/1343 1595/859 1596/384
f 584/796 591/614 583/797
f 771/1401 782/1402 770/553
f 1672/890 216/1403 1666/1404
f 979/289 994/311 978/113
f 990/145 973/321 974/118
f 426/239 437/32 425/723
f 559/1195 552/1310 551/1311
f 574/1405 572/1323 566/1406
f 964/904 955/1265 956/905
f 890/1407 853/629 854/630
f 557/316 551/1408 549/1315
f 390/1249 377/354 378/355
f 562/1409 555/1238 554/335
f 126/1410 117/1151 118/1157
f 1472/1299 1465/1141 1471/1143
f 141/91 140/94 139/92
f 992/136 975/1411 976/141
f 879/1412 854/41 843/40
f 1002/111 985/127 986/57
f 1645/661 539/1308 1624/888
f 573/1413 566/1406 565/1317
f 882/1414 845/594 846/593
f 1046/887 158/1155 157/1198
f 1663/75 533/795 1644/883
f 888/1415 851/38 852/37
f 1463/1232 1469/793 1470/1142
f 868/1416 857/242 856/344
f 819/1417 810/1418 818/1419
f 932/1420 925/520 924/1421
f 934/519 927/1422 926/1423
f 923/1383 932/1420 924/1421
f 936/980 929/1339 928/1424
f 586/744 595/523 594/597
f 791/1425 778/565 779/564
f 823/1426 828/454 825/456
f 880/1427 843/345 844/1428
f 1712/900 35/1429 1684/848
f 268/200 227/172 228/719
f 1429/1023 1433/1027 1427/1021
f 444/1230 457/34 445/1430
f 878/1431 855/346 866/39
f 576/1432 567/1318 568/1281
f 887/1433 850/42 851/825
f 578/1434 569/1282 570/1253
f 355/751 338/1284 339/752
f 262/162 221/283 222/712
f 883/1435 846/620 847/621
f 1585/1436 1574/1437 1573/1438
f 1575/1439 1564/1440 1563/1441
f 1581/1442 1568/1348 1580/1443
f 1578/1444 1565/1445 1577/1446
f 1576/1251 1565/1447 1564/1440
f 1579/1146 1566/1448 1578/1444
f 63/1103 80/1449 64/1095
f 1582/1450 1571/1451 1570/1452
f 1574/1437 1575/543 1563/1453
f 875/1454 864/48 863/36
f 873/1363 862/43 861/45
f 881/1455 844/619 845/618
f 968/1456 959/805 960/1273
f 1037/738 167/65 166/237
f 970/1457 961/1458 962/1264
f 1623/898 529/683 1677/880
f 1699/912 25/1459 1683/913
f 321/176 320/1191 305/810
f 269/198 228/719 229/179
f 998/123 981/764 982/70
f 417/234 440/235 428/739
f 871/1460 860/623 859/559
f 1644/883 531/1313 1623/710
f 446/794 459/353 447/1461
f 452/1262 463/360 464/361
f 1213/1462 1230/755 1214/1463
f 1257/1464 1242/1169 1241/1465
f 1120/1200 1105/1466 1121/1201
f 1221/1467 1236/1468 1237/1469
f 1215/1470 1232/1471 1216/1472
f 1212/1473 1227/1474 1211/1475
f 1232/1471 1217/1476 1216/1472
f 1234/1477 1219/1478 1218/1479
f 1212/1473 1242/1169 1228/1480
f 1224/1481 1241/1465 1225/1168
f 1227/1474 1213/1462 1211/1475
f 1221/1467 1238/1482 1222/1483
f 1217/1476 1234/1477 1218/1479
f 1219/1478 1236/1468 1220/1484
f 1230/755 1215/665 1214/1463
f 1223/1485 1240/1486 1224/1481
f 1238/1482 1223/1485 1222/1483
f 1235/1487 1250/1488 1251/1489
f 1246/1490 1231/663 1230/755
f 1254/1491 1239/1492 1238/1482
f 1231/1493 1248/1494 1232/1471
f 1238/1482 1253/1495 1254/1496
f 1236/1468 1253/1497 1237/1469
f 1240/1486 1257/1498 1241/1465
f 1227/1474 1245/1499 1229/1312
f 1235/1487 1252/1500 1236/1468
f 1258/1501 1228/1480 1242/1169
f 1581/1502 1570/1452 1569/1503
f 1228/1480 1243/1504 1227/1474
f 1234/1477 1249/1398 1250/1505
f 1239/1492 1256/1506 1240/1486
f 1232/1471 1249/1507 1233/1508
f 1628/745 510/803 1612/690
f 1652/690 493/850 1632/664
f 303/896 286/728 287/256
f 1602/1444 1589/862 1590/398
f 391/1259 378/342 379/340
f 816/1395 809/1399 808/1396
f 1598/388 1609/1436 1597/858
f 1605/1442 1592/395 1593/394
f 1595/391 1606/1450 1594/392
f 1592/395 1603/1347 1591/861
f 1589/400 1600/1251 1588/401
f 583/681 590/607 582/682
f 1460/803 1461/697 1467/1089
f 1128/1137 1112/1509 1113/1218
f 406/811 407/239 395/53
f 1707/818 33/1242 31/1255
f 388/1277 387/1278 375/359
f 1121/1201 1105/1269 1106/1204
f 50/655 20/929 1687/910
f 210/1177 209/178 1673/1001
f 366/226 365/481 349/482
f 370/360 382/1510 381/1262
f 162/1131 1041/962 1040/997
f 215/1186 214/89 1649/1002
f 1399/686 1400/1511 1388/582
f 1119/1223 1118/747 1102/1224
f 766/461 765/487 801/462
f 413/83 414/1235 402/341
f 1622/906 483/1296 481/1267
f 1030/291 1029/1512 1013/292
f 700/372 730/374 731/453
f 707/418 706/420 708/465
f 709/445 739/480 737/425
f 264/221 263/160 223/201
f 718/449 744/453 745/430
f 823/379 825/456 826/455
f 740/424 748/443 750/425
f 618/440 630/1513 629/441
f 703/411 705/457 735/443
f 820/458 813/1514 805/459
f 748/443 746/432 720/411
f 774/450 775/622 787/451
f 785/446 784/1515 772/447
f 749/414 751/547 725/464
f 828/454 827/1380 826/455
f 1200/141 1199/1411 1183/308
f 1028/306 1027/1516 1011/307
f 1063/179 1062/719 173/280
f 1017/302 1033/1517 1032/303
f 1025/286 1024/1518 1008/136
f 1053/272 182/1519 181/278
f 1188/288 1204/170 1203/289
f 1029/304 1028/1520 1012/305
f 1549/293 1550/1050 1552/294
f 1025/310 1009/287 1010/311
f 1131/176 1147/1521 1162/285
f 1206/70 1205/764 1189/298
f 179/282 1056/712 1055/283
f 1192/300 1208/726 1207/71
f 1207/71 1206/70 1190/296
f 1626/1197 520/324 521/793
f 450/72 462/56 463/55
f 1632/1197 493/324 492/793
f 1419/893 1426/1276 1403/567
f 1600/1251 1599/1439 1587/863
f 1640/885 213/1522 212/278
f 367/227 366/226 350/1266
f 969/1272 968/1456 960/1273
f 1421/1199 1425/1133 1407/579
f 298/1307 297/1204 281/220
f 263/160 262/162 222/712
f 1397/1228 1398/685 1386/196
f 329/225 328/229 312/1205
f 322/177 321/176 305/810
f 419/1235 431/341 430/588
f 1640/918 1649/917 214/1171
f 266/210 265/164 225/206
f 48/649 46/651 64/1095
f 1620/941 467/1126 465/1293
f 1045/877 1044/876 159/1154
f 301/1241 300/1208 284/209
f 555/1238 547/1100 546/1332
f 867/1130 868/1416 856/344
f 560/315 561/334 553/336
f 335/183 334/205 318/1137
f 1642/1300 477/1523 475/1301
f 556/1237 550/1305 526/704
f 727/471 729/376 699/377
f 324/191 323/79 307/81
f 1485/803 1484/697 1478/1089
f 333/132 332/255 316/1212
f 874/1325 875/1454 863/36
f 362/1279 361/134 345/526
f 289/1222 304/895 288/1082
f 414/1235 415/816 403/588
f 1272/371 1284/1378 1283/551
f 1651/544 1613/317 755/545
f 1273/552 1285/1401 1284/553
f 588/522 596/605 595/523
f 1308/554 1332/511 1333/506
f 1529/527 1528/984 1525/528
f 945/548 943/1003 949/549
f 1599/543 1610/1524 1598/388
f 877/478 878/1431 866/39
f 90/559 89/623 101/560
f 1282/365 1294/1361 1293/557
f 614/512 626/756 625/240
f 708/464 706/416 736/414
f 668/399 667/386 661/525
f 1287/448 1286/447 1274/421
f 769/364 781/1525 792/530
f 34/958 58/1097 59/1091
f 563/1236 564/1327 556/1237
f 128/1159 127/1156 119/1158
f 332/255 331/192 315/1211
f 1050/891 1049/968 154/1164
f 1683/913 25/1459 23/1084
f 405/739 406/811 394/343
f 996/305 995/307 979/289
f 1422/1085 1420/1283 1405/586
f 558/1314 557/316 549/1315
f 884/1326 883/1526 847/561
f 1039/711 1038/236 165/238
f 327/222 326/269 310/1200
f 52/1099 51/1104 22/928
f 542/662 540/889 547/1100
f 1400/1092 1401/1275 1389/585
f 778/467 790/1527 789/468
f 666/476 672/389 671/390
f 700/372 699/1528 729/373
f 752/480 750/425 724/434
f 724/434 750/425 748/443
f 618/472 619/492 631/473
f 764/486 800/1529 801/462
f 628/488 627/1530 615/489
f 697/470 728/1531 727/471
f 702/407 732/430 734/415
f 1336/491 1337/1370 1313/492
f 747/426 749/414 723/416
f 623/368 635/1431 634/478
f 718/449 717/372 743/374
f 365/481 364/194 348/476
f 798/483 799/1392 763/484
f 1621/1054 475/1301 473/1291
f 242/87 241/673 239/88
f 325/218 324/191 308/747
f 360/133 359/1532 343/1239
f 1698/832 41/1231 39/1328
f 582/682 581/1306 527/943
f 1676/1268 481/1267 479/695
f 326/269 325/268 309/1202
f 1486/698 1481/1533 1473/1234
f 1681/922 1618/921 203/1173
f 265/164 264/221 224/444
f 208/1188 207/207 1657/961
f 271/158 270/271 230/714
f 876/1298 877/478 865/46
f 364/194 363/193 347/1135
f 1123/1209 1122/1205 1106/1219
f 32/820 57/1111 58/1097
f 977/143 993/287 992/136
f 384/1090 383/1295 371/54
f 386/1128 385/1129 373/351
f 1480/1141 1482/1232 1475/1142
f 1482/1232 1483/327 1476/793
f 1603/1146 1602/1444 1590/398
f 38/829 60/1106 61/1102
f 53/1098 54/1094 26/657
f 385/705 384/1324 372/29
f 244/76 243/684 1667/77
f 258/189 257/166 217/185
f 1674/1288 465/1293 487/1289
f 1629/995 212/1534 211/265
f 1225/1168 1241/1465 1242/1169
f 56/707 57/1111 32/820
f 238/76 237/684 1611/77
f 1473/1299 1481/1535 1480/1141
f 1125/1211 1109/1144 1110/896
f 1702/955 1655/645 1637/847
f 138/1138 135/813 136/812
f 755/545 1613/317 1668/319
f 42/1012 1711/931 1702/955
f 1035/732 1050/891 153/1162
f 1701/925 1654/924 1636/882
f 575/1316 573/1413 565/1317
f 1395/1287 1396/1290 1384/587
f 449/1090 461/52 462/54
f 1459/698 1464/1533 1472/1234
f 125/1150 124/599 116/600
f 130/761 129/1536 121/109
f 408/723 409/248 397/30
f 1112/1221 1128/1137 1127/1136
f 555/1238 556/1237 548/1101
f 1401/1275 1402/1196 1390/28
f 330/263 329/225 313/1209
f 299/1210 298/1307 282/1243
f 389/1230 388/1430 376/34
f 1691/823 43/1127 41/1231
f 1686/849 31/1255 29/1297
f 328/229 327/222 311/1201
f 549/1315 551/1408 543/1304
f 1505/841 1508/839 1500/845
f 554/335 546/1332 545/402
f 392/1147 391/1148 379/50
f 544/679 545/402 536/404
f 1425/1133 1423/1229 1408/592
f 577/1280 576/1432 568/1281
f 412/82 413/83 401/33
f 127/1156 126/1410 118/1157
f 259/231 258/189 218/266
f 354/224 353/223 337/1261
f 151/708 152/709 150/66
f 428/739 440/235 439/343
f 1040/997 1039/1000 164/1285
f 267/257 266/210 226/208
f 381/1163 392/1244 380/363
f 579/1252 578/1434 570/1253
f 257/166 272/168 232/259
f 1420/1283 1421/1199 1406/578
f 1047/916 1046/887 157/1198
f 334/205 333/132 317/1136
f 1634/745 505/689 496/746
f 1666/967 216/1537 215/1165
f 1396/1290 1397/1228 1385/568
f 1704/1077 29/1297 27/1140
f 1675/1292 473/1291 471/1309
f 272/168 271/158 231/211
f 1392/1270 1391/1153 1380/581
f 1125/1211 1124/677 1108/1226
f 409/248 410/250 398/249
f 411/1088 412/82 400/35
f 1417/750 1418/1538 1412/1152
f 1423/1229 1424/691 1410/580
f 1630/1180 204/1539 203/1181
f 1677/880 529/683 527/943
f 270/271 269/198 229/179
f 452/1163 464/362 453/363
f 552/1310 544/679 543/678
f 1684/848 35/1429 33/1242
f 1043/969 1042/960 161/1132
f 886/1319 885/1540 849/44
f 151/1161 149/1541 141/91
f 1044/876 1043/969 160/1271
f 1108/1208 1124/677 1123/1209
f 1708/908 21/1233 19/919
f 994/311 993/287 977/143
f 966/1320 965/903 957/1083
f 236/87 235/673 233/88
f 1117/81 1116/80 1100/1213
f 363/193 362/1279 346/1134
f 147/701 148/98 146/100
f 248/87 247/673 245/88
f 1705/899 45/1030 43/1127
f 202/1166 201/1542 1672/1167
f 139/92 140/94 138/1138
f 1426/1276 1422/1085 1404/1086
f 447/1128 459/350 460/351
f 206/1182 205/282 1639/999
f 441/1147 453/51 454/50
f 296/1269 295/595 279/596
f 1042/960 1041/962 162/1131
f 134/102 132/330 131/329
f 290/1221 289/1222 273/741
f 291/1149 290/1221 274/270
f 1127/1136 1126/1212 1110/1206
f 1484/697 1486/698 1479/699
f 40/954 61/1102 62/1096
f 1391/1153 1393/1123 1381/591
f 207/1184 206/275 1648/1185
f 44/667 63/1103 64/1095
f 963/1263 970/1457 962/1264
f 443/1249 455/355 456/354
f 743/413 742/418 749/414
f 1693/915 1614/835 1687/910
f 1049/968 1048/331 155/333
f 476/1055 1675/1292 474/1057
f 540/889 1678/73 538/403
f 336/184 335/183 319/1190
f 512/327 1633/965 521/793
f 724/434 722/457 715/410
f 1619/878 211/1543 210/258
f 1679/826 1714/834 1685/901
f 150/66 142/68 141/91
f 418/816 430/588 429/49
f 710/405 754/1076 1668/319
f 472/1059 1641/1125 470/940
f 445/1277 457/357 458/359
f 730/413 729/418 736/414
f 545/402 546/1332 538/403
f 623/497 624/1544 636/1329
f 466/1545 1661/902 488/873
f 727/424 735/443 737/425
f 53/1098 69/1546 70/1113
f 613/427 625/1547 636/428
f 468/942 1674/1288 466/1545
f 535/74 585/807 584/796
f 482/1548 1660/694 480/1079
f 52/1099 66/688 82/1115
f 261/155 260/769 220/279
f 550/1305 549/1315 525/808
f 302/1144 301/1241 285/1145
f 361/134 360/133 344/1240
f 78/1107 79/1549 63/1103
f 1086/1112 1085/1550 1069/231
f 1115/810 1130/1191 1114/1215
f 72/1110 73/1551 57/1111
f 58/1097 74/1552 75/1118
f 1624/888 539/1308 537/729
f 442/1259 454/340 455/342
f 61/1102 77/1553 78/1108
f 425/723 437/32 436/30
f 1129/1190 1113/725 1114/246
f 530/881 525/808 543/1304
f 536/404 1663/75 1644/883
f 717/408 721/479 723/416
f 760/421 759/552 795/422
f 530/881 1662/814 528/660
f 1646/78 253/673 254/87
f 621/437 622/507 634/438
f 707/434 705/457 698/410
f 484/1056 1676/1268 482/1548
f 295/595 294/243 278/245
f 1342/496 1331/1366 1307/427
f 936/980 928/1424 927/981
f 1629/995 1619/1179 195/877
f 1534/610 1535/598 1543/517
f 1033/601 1017/302 1018/111
f 894/577 895/590 918/578
f 387/794 386/1461 374/353
f 1613/317 756/914 753/318
f 561/334 562/1409 554/335
f 357/337 356/267 340/338
f 124/599 123/251 115/253
f 534/680 1644/883 1623/710
f 470/940 1641/1125 1620/941
f 1536/597 1544/518 1543/517
f 981/764 997/292 996/305
f 1690/666 1617/824 1671/643
f 967/703 966/1320 958/804
f 497/964 1632/1197 1625/965
f 1703/656 1656/828 1638/822
f 538/403 1678/73 1663/75
f 1681/963 1672/1167 185/732
f 505/689 1634/745 1652/690
f 1710/923 1670/819 1654/924
f 474/1057 1675/1292 1659/1058
f 1672/890 1666/1404 200/891
f 34/958 1710/923 1701/925
f 542/662 1645/661 1624/888
f 192/960 1665/1189 1657/961
f 186/63 187/738 1618/921
f 36/831 1689/830 1710/923
f 24/659 1700/658 1693/915
f 194/876 1682/1178 1673/1001
f 44/667 1690/666 1711/931
f 501/327 1634/745 1625/965
f 516/964 1626/1197 1633/965
f 199/968 1658/1187 1649/1002
f 1657/996 1648/1185 190/997
f 478/1053 1642/1300 1621/1054
f 190/997 1648/1183 1639/999
f 1655/645 1697/644 1712/900
f 1627/78 1611/77 235/673
f 26/657 1709/790 1700/658
f 480/1079 1660/694 1642/1080
f 507/663 1612/690 1626/664
f 1531/603 1539/1355 1546/604
f 50/655 1713/909 1703/656
f 46/651 1696/650 1690/666
f 1688/789 1615/911 1669/646
f 1709/790 1669/646 1653/648
f 1636/882 1704/1077 1699/994
f 93/344 92/242 104/618
f 48/649 1703/656 1696/650
f 1369/53 1370/32 1346/52
f 1617/824 1691/823 1698/832
f 1656/828 1706/827 1705/899
f 1654/924 1686/849 1704/1077
f 22/928 1693/915 1687/910
f 197/916 198/331 1649/917
f 188/236 1630/1180 1618/998
f 1685/901 1714/834 19/919
f 193/969 1673/1554 1665/970
f 712/1073 753/318 756/914
f 1635/833 1708/908 1714/834
f 1713/909 1679/826 1656/828
f 1711/931 1671/643 1655/645
f 1289/622 1288/450 1276/485
f 915/567 916/1086 897/568
f 1378/49 1354/51 1353/50
f 1280/563 1281/558 1293/564
f 897/568 916/1086 917/586
f 1278/486 1290/1377 1289/566
f 103/620 91/241 90/559
f 1274/421 1286/1381 1285/562
f 1661/902 487/1289 485/1256
f 991/146 990/145 974/118
f 1685/901 49/920 47/1029
f 581/1306 588/522 541/815
f 81/1109 82/1555 66/688
f 80/1120 81/1556 65/687
f 1393/1123 1394/1194 1382/577
f 420/83 432/33 431/341
f 587/524 539/1308 541/815
f 57/1111 73/1557 74/1117
f 1104/243 1120/1200 1119/1202
f 422/1088 434/358 433/35
f 66/688 52/1099 20/929
f 1659/1058 471/1309 469/1258
f 44/667 42/1012 62/1096
f 1394/1194 1395/1287 1383/590
f 76/1114 77/1558 61/1102
f 353/223 368/84 352/86
f 52/1099 68/1559 67/850
f 670/393 669/396 663/1302
f 1001/302 1000/121 984/726
f 24/659 22/928 51/1104
f 59/1091 60/1106 38/829
f 1557/1041 1559/1043 1561/1045
f 1367/235 1343/362 1354/363
f 1537/523 1538/605 1546/604
f 1361/571 1363/843 1355/572
f 1514/354 1513/355 1489/341
f 1540/612 1539/1355 1531/603
f 700/408 704/475 706/416
f 1541/606 1540/612 1532/607
f 1534/610 1542/611 1541/613
f 26/657 54/1094 55/853
f 1415/692 1416/749 1414/27
f 889/1087 888/1560 852/47
f 1634/745 501/327 503/803
f 410/250 411/1294 399/894
f 292/725 291/1149 275/1124
f 1465/1141 1463/1232 1470/1142
f 59/1091 75/1561 76/1105
f 67/1119 69/1234 53/1098
f 1643/874 485/1256 483/1296
f 1402/1196 1392/1270 1379/26
f 1697/644 39/1328 37/1303
f 137/328 136/1562 131/329
f 93/344 105/1428 106/345
f 1512/340 1488/588 1489/341
f 1048/331 1047/916 156/332
f 1019/315 1005/105 1003/139
f 1196/104 1180/1563 1181/320
f 1006/145 1022/1564 1021/313
f 1521/55 1520/56 1496/53
f 1027/314 1026/1565 1010/311
f 870/756 871/1460 859/559
f 832/538 840/1566 842/1257
f 300/1208 299/1210 283/721
f 147/701 132/330 134/102
f 260/769 259/231 219/272
f 1641/1125 469/1258 467/1126
f 129/1192 128/1159 120/1160
f 297/1204 296/1269 280/716
f 1692/647 23/1084 21/1233
f 564/1327 558/1314 550/1305
f 1665/970 1673/1554 209/1176
f 657/1245 658/1567 646/367
f 56/707 55/706 71/1121
f 1639/926 205/1568 204/1175
f 1000/121 999/69 983/71
f 580/1321 579/1569 571/1322
f 1279/487 1291/1374 1290/505
f 822/378 824/382 823/379
f 1335/493 1336/491 1312/440
f 1342/496 1318/1544 1317/497
f 721/479 719/407 745/430
f 1315/437 1339/1246 1340/367
f 1333/506 1334/1336 1310/490
f 1338/500 1339/1246 1315/508
f 1307/510 1331/1366 1332/511
f 1310/494 1334/1336 1335/493
f 1371/30 1372/249 1348/350
f 693/502 695/871 685/503
f 1313/499 1337/1368 1338/500
f 1297/513 1299/973 1303/514
f 610/516 609/1342 601/517
f 934/519 926/1423 925/520
f 707/434 737/425 735/443
f 1490/33 1491/35 1515/34
f 1515/357 1491/35 1492/358
f 1521/360 1497/343 1498/235
f 1522/362 1498/235 1487/49
f 829/381 830/540 824/382
f 1340/367 1341/498 1317/368
f 793/370 794/1358 758/371
f 715/375 740/471 742/376
f 1351/354 1375/33 1376/341
f 1517/350 1493/249 1494/30
f 907/347 905/985 913/348
f 1516/352 1492/894 1493/249
f 717/372 716/1528 742/373
f 1283/364 1294/531 1282/365
f 1609/383 1608/1343 1596/384
f 358/767 357/182 341/1247
f 839/956 841/948 842/946
f 547/1100 540/889 538/403
f 900/582 940/1093 939/195
f 553/336 545/402 544/679
f 1288/589 1287/1385 1275/556
f 941/583 940/1152 900/584
f 92/242 91/241 103/593
f 896/587 917/586 918/578
f 942/27 941/583 901/585
f 893/591 894/577 919/579
f 922/580 921/693 891/26
f 1606/1450 1593/860 1594/392
f 814/1333 815/1389 807/1334
f 733/432 728/1531 697/470
f 640/1336 652/1570 653/1337
f 938/1338 930/1384 929/1339
f 611/1341 610/516 602/518
f 837/950 838/535 836/537
f 609/1342 608/1352 600/611
f 1584/1343 1585/383 1573/1344
f 1571/1346 1583/1571 1584/1343
f 1579/1347 1580/1443 1568/1348
f 604/604 612/1356 611/1341
f 755/545 754/1076 710/1350
f 599/613 600/611 608/1352
f 594/597 593/598 585/807
f 598/612 606/1360 605/1354
f 1647/944 712/1572 713/966
f 597/1355 605/1354 612/1356
f 629/1357 628/675 616/494
f 343/1239 359/1532 358/767
f 794/1358 795/422 759/552
f 737/420 739/465 738/466
f 701/449 731/453 732/430
f 734/415 736/414 706/416
f 714/470 741/1531 740/471
f 627/1359 626/1573 614/554
f 599/606 607/1574 606/1360
f 780/1361 792/1575 791/1362
f 726/466 724/418 723/420
f 620/501 632/1325 631/1363
f 766/563 802/1576 803/1364
f 648/496 660/1373 649/1365
f 655/1367 656/1577 644/500
f 642/491 654/1372 655/1369
f 1251/615 1245/617 1244/1061
f 646/367 658/1567 659/1371
f 642/491 641/493 653/1337
f 581/1306 589/603 596/605
f 648/496 647/498 659/1371
f 768/365 804/1578 793/370
f 777/1374 789/1579 788/1375
f 644/500 656/1577 657/1245
f 788/1376 787/1580 775/566
f 770/1378 782/1581 781/1379
f 746/432 741/1531 714/470
f 585/807 593/598 592/610
f 838/535 837/950 827/1380
f 772/1381 784/1582 783/1382
f 667/386 672/389 666/476
f 663/1302 669/396 668/399
f 803/1364 804/1578 768/365
f 938/1338 931/1583 923/1383
f 829/381 831/542 832/538
f 773/1385 774/589 786/1386
f 821/1388 826/455 827/1380
f 590/607 589/603 581/1306
f 1178/772 1166/776 1170/780
f 834/945 833/947 835/1389
f 749/418 750/420 752/465
f 651/1390 652/1570 640/1336
f 761/556 797/1393 798/483
f 638/511 637/1366 649/1365
f 799/1392 800/1529 764/486
f 760/421 796/423 797/1393
f 638/511 650/1391 651/1390
f 633/1394 632/1584 620/509
f 807/1334 815/1389 816/1395
f 817/1397 818/1489 810/1398
f 811/1400 819/1417 820/458
f 805/459 813/1514 814/1333
f 1608/1343 1607/1571 1595/859
f 584/796 592/610 591/614
f 771/1401 783/1585 782/1402
f 1672/890 201/1586 216/1403
f 979/289 995/307 994/311
f 990/145 988/140 973/321
f 426/239 438/53 437/32
f 559/1195 560/315 552/1310
f 574/1405 580/1321 572/1323
f 964/904 963/1263 955/1265
f 890/1407 889/1587 853/629
f 557/316 559/1322 551/1408
f 390/1249 389/1250 377/354
f 562/1409 563/1236 555/1238
f 126/1410 125/1150 117/1151
f 1472/1299 1464/1535 1465/1141
f 141/91 142/68 140/94
f 992/136 991/717 975/1411
f 879/1412 890/1588 854/41
f 1002/111 1001/302 985/127
f 1645/661 541/815 539/1308
f 573/1413 574/1405 566/1406
f 882/1414 881/1589 845/594
f 1046/887 1045/877 158/1155
f 1663/75 535/74 533/795
f 888/1415 887/1590 851/38
f 1463/1232 1462/327 1469/793
f 868/1416 869/240 857/242
f 819/1417 811/1400 810/1418
f 932/1420 933/521 925/520
f 934/519 935/1272 927/1422
f 923/1383 931/1583 932/1420
f 936/980 937/1340 929/1339
f 586/744 587/524 595/523
f 791/1425 790/1591 778/565
f 823/1426 824/951 828/454
f 880/1427 879/1592 843/345
f 1712/900 37/1303 35/1429
f 268/200 267/257 227/172
f 1429/1023 1431/1025 1433/1027
f 444/1230 456/356 457/34
f 878/1431 867/1130 855/346
f 576/1432 575/1316 567/1318
f 887/1433 886/1593 850/42
f 578/1434 577/1280 569/1282
f 355/751 354/224 338/1284
f 262/162 261/264 221/283
f 883/1435 882/1594 846/620
f 1585/1436 1586/1524 1574/1437
f 1575/1439 1576/1251 1564/1440
f 1581/1442 1569/1595 1568/1348
f 1578/1444 1566/1448 1565/1445
f 1576/1251 1577/1596 1565/1447
f 1579/1146 1567/1597 1566/1448
f 63/1103 79/1598 80/1449
f 1582/1450 1583/1599 1571/1451
f 1574/1437 1586/1524 1575/543
f 875/1454 876/1298 864/48
f 873/1363 874/1325 862/43
f 881/1455 880/1600 844/619
f 968/1456 967/703 959/805
f 1037/738 1036/63 167/65
f 970/1457 969/1601 961/1458
f 1623/898 531/1331 529/683
f 1699/912 27/1602 25/1459
f 321/176 336/184 320/1191
f 269/198 268/200 228/719
f 998/123 997/292 981/764
f 417/234 429/49 440/235
f 871/1460 872/674 860/623
f 1644/883 533/795 531/1313
f 446/794 458/352 459/353
f 452/1262 451/1510 463/360
f 1213/1462 1229/1312 1230/755
f 1257/1464 1258/1603 1242/1169
f 1120/1200 1104/1604 1105/1466
f 1221/1467 1220/1484 1236/1468
f 1215/1470 1231/1493 1232/1471
f 1212/1473 1228/1480 1227/1474
f 1232/1471 1233/1508 1217/1476
f 1234/1477 1235/1487 1219/1478
f 1212/1473 1226/1170 1242/1169
f 1224/1481 1240/1486 1241/1465
f 1227/1474 1229/1312 1213/1462
f 1221/1467 1237/1469 1238/1482
f 1217/1476 1233/1508 1234/1477
f 1219/1478 1235/1487 1236/1468
f 1230/755 1231/663 1215/665
f 1223/1485 1239/1492 1240/1486
f 1238/1482 1239/1492 1223/1485
f 1235/1487 1234/1477 1250/1488
f 1246/1490 1247/1605 1231/663
f 1254/1491 1255/1606 1239/1492
f 1231/1493 1247/1607 1248/1494
f 1238/1482 1237/1469 1253/1495
f 1236/1468 1252/1608 1253/1497
f 1240/1486 1256/1609 1257/1498
f 1227/1474 1243/1610 1245/1499
f 1235/1487 1251/1611 1252/1500
f 1258/1501 1244/1612 1228/1480
f 1581/1502 1582/1450 1570/1452
f 1228/1480 1244/1613 1243/1504
f 1234/1477 1233/1508 1249/1398
f 1239/1492 1255/1614 1256/1506
f 1232/1471 1248/1615 1249/1507
f 1628/745 512/327 510/803
f 1652/690 503/803 493/850
f 303/896 302/1144 286/728
f 1602/1444 1601/1446 1589/862
f 391/1259 390/1260 378/342
f 816/1395 817/1397 809/1399
f 1598/388 1610/1524 1609/1436
f 1605/1442 1604/1443 1592/395
f 1595/391 1607/1599 1606/1450
f 1592/395 1604/1443 1603/1347
f 1589/400 1601/1596 1600/1251
f 583/681 591/608 590/607
f 1693/915 1635/833 1614/835
f 476/1055 1621/1054 1675/1292
f 540/889 1624/888 1678/73
f 512/327 1628/745 1633/965
f 1679/826 1614/835 1714/834
f 472/1059 1659/1058 1641/1125
f 466/1545 1674/1288 1661/902
f 468/942 1620/941 1674/1288
f 482/1548 1676/1268 1660/694
f 530/881 1677/880 1662/814
f 1646/78 1631/77 253/673
f 484/1056 1622/906 1676/1268
f 1606/1450 1605/1502 1593/860
o Hose
v 3.6362 0.1055 1.1242
v 3.4315 0.155 1.1519
v 3.3748 -0.0295 1.0632
v 3.6388 0.0033 1.3206
v 3.4339 0.0488 1.3531
v 3.3785 -0.1007 1.2234
v 3.5834 -0.1461 1.1909
v 3.4996 -1.0883 0.8656
v 3.2944 -1.0785 0.9189
v 3.2829 -0.8873 0.8332
v 3.4881 -0.8971 0.7799
v 3.4244 -1.1578 0.6312
v 3.2216 -1.144 0.6932
v 3.2182 -0.9393 0.6366
v 3.421 -0.953 0.5746
v 3.3544 -1.2185 0.4157
v 3.1517 -1.2047 0.4777
v 3.1483 -1 0.4211
v 3.3511 -1.0138 0.3591
v 3.2782 -1.2816 0.1831
v 3.0788 -1.2666 0.2541
v 3.0846 -1.0583 0.2227
v 3.2841 -1.0733 0.1517
v 3.5827 -0.5571 1.3917
v 3.3734 -0.5558 1.4266
v 3.3419 -0.4572 1.2453
v 3.5512 -0.4585 1.2104
v 3.5671 -0.7501 1.2404
v 3.3569 -0.7576 1.2707
v 3.3287 -0.6244 1.1075
v 3.5388 -0.617 1.0772
v 3.5499 -0.9447 1.0802
v 3.341 -0.9455 1.1176
v 3.317 -0.7901 0.9787
v 3.5259 -0.7892 0.9412
v 3.6273 -0.1591 1.4434
v 3.4217 -0.1236 1.4828
v 3.3728 -0.1875 1.2937
v 3.5785 -0.223 1.2543
v 3.603 -0.3584 1.4649
v 3.3956 -0.3386 1.5054
v 3.3564 -0.3133 1.3018
v 3.5638 -0.3331 1.2613
v 3.1722 -1.2775 -0.0736
v 2.9801 -1.2624 0.0153
v 3.0062 -1.0542 0.0336
v 3.1984 -1.0692 -0.0552
v 3.0503 -1.2061 -0.3205
v 2.8621 -1.1923 -0.2229
v 2.8993 -0.9876 -0.18
v 3.0875 -1.0014 -0.2777
v 2.9359 -1.1371 -0.5508
v 2.7477 -1.1233 -0.4531
v 2.7849 -0.9186 -0.4103
v 2.9731 -0.9324 -0.5079
v 2.8081 -1.0587 -0.8007
v 2.6346 -1.0553 -0.6814
v 2.6839 -0.859 -0.6209
v 2.8573 -0.8624 -0.7402
v 2.6271 -0.9175 -0.9971
v 2.4869 -0.94 -0.8417
v 2.5633 -0.765 -0.7515
v 2.7036 -0.7424 -0.907
v 2.4232 -0.7371 -1.107
v 2.3015 -0.7752 -0.9371
v 2.3931 -0.6128 -0.8352
v 2.5148 -0.5747 -1.0051
v 2.2362 -0.5708 -1.2038
v 2.1144 -0.6089 -1.0339
v 2.206 -0.4465 -0.9319
v 2.3277 -0.4085 -1.1019
v 2.0332 -0.3898 -1.3055
v 1.9289 -0.444 -1.1302
v 2.0348 -0.295 -1.0238
v 2.1391 -0.2408 -1.1991
v 0.768 0.8973 -0.903
v 0.7697 0.7411 -0.7617
v 0.936 0.8314 -0.6657
v 0.9343 0.9876 -0.8069
v 0.5869 1.0349 -0.6914
v 0.606 0.8641 -0.5664
v 0.778 0.9497 -0.4757
v 0.7589 1.1205 -0.6006
v 0.4096 1.1673 -0.4802
v 0.4446 0.9874 -0.3766
v 0.6162 1.0732 -0.2852
v 0.5812 1.2532 -0.3889
v 0.2559 1.2327 -0.2551
v 0.3212 1.0412 -0.1969
v 0.4918 1.1274 -0.1042
v 0.4265 1.3189 -0.1624
v -0.2431 1.0897 0.6111
v -0.1422 0.9028 0.6088
v 0.0086 0.9826 0.7353
v -0.0923 1.1695 0.7377
v -0.3986 0.9981 0.8546
v -0.2813 0.8289 0.8205
v -0.129 0.9103 0.9442
v -0.2463 1.0795 0.9783
v -0.4849 0.8405 1.0715
v -0.3454 0.7168 0.9777
v -0.1911 0.8024 1.096
v -0.3306 0.926 1.1897
v -0.49 0.6416 1.229
v -0.3445 0.5459 1.1073
v -0.1897 0.634 1.223
v -0.3352 0.7298 1.3447
v -0.4919 0.458 1.3713
v -0.3464 0.3622 1.2496
v -0.1916 0.4504 1.3654
v -0.337 0.5461 1.487
v -0.481 0.2373 1.5349
v -0.3536 0.1941 1.3831
v -0.2062 0.3039 1.4864
v -0.3336 0.3471 1.6382
v -0.3445 0.0322 1.6146
v -0.2828 0.0829 1.4281
v -0.1625 0.2314 1.5172
v -0.2242 0.1807 1.7036
v -0.1095 -0.0995 1.5749
v -0.1491 0.0164 1.4144
v -0.0337 0.1754 1.4931
v 0.006 0.0595 1.6536
v 0.0274 -0.1478 1.4271
v -0.0944 -0.0031 1.3565
v 0.0438 0.1479 1.4104
v 0.1656 0.0032 1.4809
v 1.8079 -0.1702 -1.3243
v 1.738 -0.2578 -1.1454
v 1.8723 -0.1364 -1.0361
v 1.9422 -0.0488 -1.215
v 1.5916 0.0575 -1.257
v 1.5387 -0.0474 -1.0799
v 1.6872 0.0598 -0.9721
v 1.74 0.1647 -1.1492
v 1.3909 0.2694 -1.1913
v 1.338 0.1645 -1.0143
v 1.4864 0.2717 -0.9065
v 1.5393 0.3766 -1.0835
v 1.1901 0.4814 -1.1256
v 1.1373 0.3764 -0.9486
v 1.2857 0.4836 -0.8408
v 1.3385 0.5885 -1.0178
v 0.977 0.7055 -1.0535
v 0.9428 0.5822 -0.8862
v 1.0973 0.6834 -0.7816
v 1.1316 0.8066 -0.9489
v 3.6591 0.0009 1.0729
v 3.548 0.1764 1.1602
v 3.6376 0.0583 1.2179
v 3.352 0.0751 1.1145
v 3.4329 0.1068 1.2468
v 3.3765 -0.069 1.1478
v 3.5813 -0.1175 1.1189
v 3.6623 -0.0827 1.2477
v 3.5502 0.0634 1.3693
v 3.6364 -0.0667 1.4049
v 3.355 -0.0146 1.2964
v 3.4313 -0.0258 1.4415
v 3.4672 -0.1608 1.1747
v 3.3782 -0.1363 1.2765
v 3.5833 -0.1772 1.2399
v 3.5451 -0.9951 0.8094
v 3.5323 -1.0328 0.9826
v 3.3999 -1.1312 0.9137
v 3.4607 -1.1252 0.7437
v 3.325 -1.0277 1.0276
v 3.2373 -0.9805 0.8894
v 3.2573 -1.1124 0.8035
v 3.3062 -0.8522 0.914
v 3.3826 -0.8444 0.7851
v 3.2519 -0.9111 0.7396
v 3.5136 -0.8573 0.869
v 3.4552 -0.9239 0.6798
v 3.4734 -1.0589 0.5875
v 3.3238 -1.2021 0.6764
v 3.3894 -1.1882 0.5235
v 3.1692 -1.0382 0.6804
v 3.1866 -1.1744 0.5854
v 3.3188 -0.895 0.5915
v 3.1833 -0.9696 0.5288
v 3.386 -0.9834 0.4669
v 3.4034 -1.1196 0.372
v 3.2539 -1.2628 0.4609
v 3.3179 -1.2495 0.3037
v 3.0993 -1.0989 0.4648
v 3.1159 -1.2354 0.3679
v 3.2488 -0.9557 0.376
v 3.1149 -1.0297 0.3176
v 3.3168 -1.0438 0.2534
v 3.331 -1.1813 0.1497
v 3.177 -1.3262 0.2264
v 3.2311 -1.297 0.0565
v 3.0318 -1.1587 0.2561
v 3.0351 -1.2813 0.1365
v 3.1858 -1.0137 0.1794
v 3.0507 -1.0712 0.1301
v 3.2467 -1.0869 0.0502
v 3.6193 -0.5081 1.2923
v 3.592 -0.456 1.4495
v 3.4859 -0.5811 1.4545
v 3.5746 -0.6568 1.3143
v 3.3836 -0.4457 1.4881
v 3.3053 -0.5062 1.3447
v 3.3647 -0.6621 1.3458
v 3.3485 -0.3827 1.2921
v 3.4387 -0.4332 1.1825
v 3.3356 -0.5376 1.1781
v 3.557 -0.3929 1.2535
v 3.5455 -0.5323 1.1467
v 3.6055 -0.6817 1.1512
v 3.4691 -0.7871 1.2963
v 3.5592 -0.8438 1.1642
v 3.2903 -0.6929 1.1967
v 3.3493 -0.8496 1.1963
v 3.4267 -0.5874 1.0516
v 3.3221 -0.7109 1.0392
v 3.532 -0.7051 1.0071
v 3.5901 -0.8667 1.0013
v 3.4514 -0.9839 1.1336
v 3.2768 -0.868 1.0575
v 3.4154 -0.7508 0.9252
v 3.6543 -0.1999 1.339
v 3.5367 -0.1254 1.5104
v 3.615 -0.2607 1.4565
v 3.3458 -0.1467 1.3981
v 3.4086 -0.2321 1.4973
v 3.4634 -0.2212 1.2267
v 3.3648 -0.2484 1.2954
v 3.5711 -0.277 1.2546
v 3.6352 -0.3507 1.353
v 3.5091 -0.3548 1.536
v 3.3242 -0.321 1.4137
v 3.4503 -0.3168 1.2307
v 3.2333 -1.1771 -0.0866
v 3.0696 -1.322 -0.0337
v 3.1094 -1.2412 -0.2012
v 2.9451 -1.1545 0.0466
v 2.9202 -1.2271 -0.1058
v 3.1089 -1.0096 -0.0062
v 2.9547 -1.0215 -0.069
v 3.1438 -1.0356 -0.1645
v 3.116 -1.1072 -0.3235
v 2.9469 -1.2504 -0.2824
v 2.9931 -1.1716 -0.4356
v 2.8337 -1.0865 -0.177
v 2.8049 -1.1578 -0.338
v 3.0027 -0.9433 -0.2181
v 2.8421 -0.9531 -0.2952
v 3.0303 -0.9669 -0.3928
v 3.0015 -1.0382 -0.5538
v 2.8325 -1.1814 -0.5127
v 2.8753 -1.1003 -0.6708
v 2.7192 -1.0175 -0.4073
v 2.6908 -1.0891 -0.5678
v 2.8883 -0.8743 -0.4484
v 2.731 -0.8864 -0.5205
v 2.9155 -0.8976 -0.6236
v 2.8761 -0.9614 -0.8003
v 2.709 -1.106 -0.7562
v 2.7276 -1.0014 -0.9173
v 2.6159 -0.9563 -0.6213
v 2.5697 -1.0097 -0.7781
v 2.7829 -0.8117 -0.6654
v 2.6318 -0.823 -0.7013
v 2.7896 -0.8147 -0.8404
v 2.7004 -0.8243 -0.9909
v 2.5379 -0.9725 -0.9419
v 2.521 -0.8238 -1.0554
v 2.49 -0.8581 -0.7577
v 2.3946 -0.8579 -0.8891
v 2.6525 -0.7099 -0.8067
v 2.4824 -0.6924 -0.7901
v 2.6088 -0.6582 -0.9564
v 2.4994 -0.6464 -1.0985
v 2.3395 -0.7967 -1.0476
v 2.3297 -0.654 -1.1554
v 2.3169 -0.7035 -0.8437
v 2.208 -0.692 -0.9855
v 2.4768 -0.5532 -0.8946
v 2.2995 -0.5297 -0.8836
v 2.4213 -0.4916 -1.0535
v 2.3124 -0.4801 -1.1953
v 2.1524 -0.6304 -1.1443
v 2.1387 -0.484 -1.2534
v 2.1298 -0.5372 -0.9404
v 2.0213 -0.5261 -1.0822
v 2.2898 -0.3869 -0.9914
v 2.1164 -0.3671 -0.9791
v 2.2338 -0.325 -1.1504
v 2.1123 -0.3017 -1.2961
v 1.9546 -0.4542 -1.2444
v 1.9222 -0.286 -1.3368
v 1.9558 -0.3831 -1.0332
v 1.8351 -0.3566 -1.158
v 2.1134 -0.2306 -1.0849
v 1.9553 -0.2212 -1.0487
v 2.0424 -0.1505 -1.2275
v 0.8507 0.9815 -0.8903
v 0.8684 0.8125 -0.9962
v 0.7273 0.7966 -0.8564
v 0.6746 0.9685 -0.7945
v 0.8525 0.6718 -0.8403
v 0.8533 0.7472 -0.6784
v 0.6893 0.8014 -0.6655
v 1.013 0.7673 -0.7394
v 0.9768 0.9321 -0.7123
v 0.8599 0.8882 -0.5734
v 1.0289 0.908 -0.8954
v 0.8452 1.0553 -0.7024
v 0.6682 1.1204 -0.6772
v 0.5535 0.9281 -0.6516
v 0.5002 1.1 -0.5884
v 0.6968 0.8642 -0.4898
v 0.5233 0.9269 -0.4688
v 0.8115 1.0565 -0.5155
v 0.6951 1.0126 -0.3779
v 0.6721 1.1857 -0.4975
v 0.4866 1.2552 -0.4605
v 0.3842 1.0559 -0.4513
v 0.3249 1.2179 -0.3686
v 0.5391 0.9853 -0.305
v 0.3755 1.0305 -0.287
v 0.6415 1.1847 -0.3142
v 0.5465 1.1165 -0.1949
v 0.496 1.304 -0.2766
v 0.3249 1.3237 -0.2233
v 0.2459 1.1154 -0.2492
v 0.4228 1.0364 -0.136
v 0.5018 1.2447 -0.1101
v -0.1698 1.1307 0.4979
v -0.0702 0.9431 0.4978
v 0.0818 1.0235 0.6223
v -0.0177 1.2111 0.6224
v -0.193 1.1763 0.675
v -0.2304 0.9763 0.5783
v -0.3186 1.0463 0.7285
v -0.0416 0.8959 0.6715
v -0.2136 0.8638 0.7183
v -0.0042 1.096 0.7682
v -0.0624 0.944 0.8441
v -0.1674 1.1265 0.8544
v -0.3517 1.0811 0.925
v -0.378 0.8931 0.8067
v -0.4612 0.9334 0.9741
v -0.1758 0.8273 0.8739
v -0.3302 0.7844 0.9092
v -0.1496 1.0153 0.9922
v -0.1767 0.8677 1.0301
v -0.3077 1.0167 1.095
v -0.4426 0.9142 1.154
v -0.4537 0.7572 0.995
v -0.4883 0.7372 1.154
v -0.2333 0.7287 1.0134
v -0.3443 0.6345 1.0393
v -0.2223 0.8856 1.1724
v -0.1896 0.722 1.1557
v -0.3335 0.8247 1.2704
v -0.4489 0.7096 1.3173
v -0.456 0.5717 1.1392
v -0.4909 0.5498 1.3001
v -0.2308 0.566 1.1348
v -0.3455 0.454 1.1785
v -0.2237 0.7039 1.3128
v -0.1906 0.5422 1.2942
v -0.3361 0.6379 1.4159
v -0.4508 0.526 1.4596
v -0.4578 0.3881 1.2815
v -0.4896 0.3569 1.4478
v -0.2326 0.3824 1.2771
v -0.3487 0.2743 1.3186
v -0.2256 0.5203 1.4551
v -0.1957 0.3678 1.4312
v -0.3366 0.4505 1.5604
v -0.4391 0.303 1.6245
v -0.4541 0.1882 1.4331
v -0.441 0.1215 1.601
v -0.248 0.2382 1.3968
v -0.339 0.1281 1.4255
v -0.233 0.3529 1.5881
v -0.2021 0.2584 1.519
v -0.304 0.2519 1.6945
v -0.2998 0.0938 1.7057
v -0.3438 0.0204 1.4991
v -0.2235 -0.0388 1.5983
v -0.2073 0.1698 1.426
v -0.2109 0.0489 1.4161
v -0.1633 0.2432 1.6326
v -0.1016 0.2085 1.5016
v -0.1142 0.1209 1.6838
v -0.0419 -0.049 1.6544
v -0.1582 -0.0813 1.475
v -0.0201 -0.1393 1.5245
v -0.1013 0.1249 1.4137
v -0.1071 -0.0043 1.4017
v 0.015 0.1572 1.5931
v 0.0215 0.1494 1.47
v 0.1085 0.0143 1.5928
v 0.127 -0.1085 1.4716
v -0.068 -0.1132 1.3783
v 0.0514 -0.1401 1.3116
v -0.0558 0.1086 1.3659
v -0.0918 0.0083 1.2857
v 0.1393 0.1133 1.4592
v 0.0523 0.1582 1.3272
v 0.1956 0.0098 1.3531
v 1.8925 -0.0876 -1.3143
v 1.7394 -0.2444 -1.2622
v 1.6958 -0.0524 -1.2902
v 1.7877 -0.219 -1.0461
v 1.6387 -0.153 -1.1127
v 1.9409 -0.0622 -1.0982
v 1.7836 -0.0423 -1.0045
v 1.8407 0.0583 -1.182
v 1.679 0.1373 -1.2473
v 1.5281 -0.0218 -1.1954
v 1.4912 0.1635 -1.2241
v 1.5997 -0.02 -0.9818
v 1.4384 0.0586 -1.0471
v 1.7507 0.139 -1.0337
v 1.5868 0.1657 -0.9393
v 1.6396 0.2706 -1.1163
v 1.4783 0.3492 -1.1817
v 1.3273 0.1902 -1.1297
v 1.2905 0.3754 -1.1585
v 1.399 0.1919 -0.9161
v 1.2376 0.2705 -0.9814
v 1.55 0.3509 -0.968
v 1.3861 0.3777 -0.8736
v 1.4389 0.4826 -1.0507
v 1.2775 0.5612 -1.116
v 1.1266 0.4021 -1.0641
v 1.0867 0.5904 -1.0912
v 1.1983 0.4038 -0.8505
v 1.0385 0.4809 -0.9166
v 1.3492 0.5629 -0.9024
v 1.1884 0.5865 -0.8096
v 1.2366 0.696 -0.9842
v 1.0628 0.7869 -1.043
v 0.9213 0.6186 -0.996
v 1.0115 0.602 -0.7921
v 1.1531 0.7703 -0.8391
v 3.6612 -0.1322 1.3133
v 3.5471 -0.0186 1.4645
v 3.3534 -0.0708 1.3682
v 3.4675 -0.1844 1.2169
v 3.5748 -0.9463 0.9145
v 3.4333 -1.0741 1.0335
v 3.2638 -0.9387 0.982
v 3.4052 -0.8109 0.8631
v 3.6266 -0.427 1.3419
v 3.4966 -0.4666 1.5178
v 3.314 -0.4116 1.3998
v 3.444 -0.372 1.2238
v 3.2879 -1.1959 0.0333
v 3.1292 -1.3417 0.0981
v 2.9939 -1.1723 0.1533
v 3.1526 -1.0266 0.0886
v 2.798 -0.906 -0.9137
v 2.6331 -1.0522 -0.8669
v 2.5613 -0.9184 -0.7049
v 2.7262 -0.7722 -0.7516
v 2.004 -0.2006 -1.3269
v 1.8486 -0.3551 -1.2747
v 1.8735 -0.3066 -1.0586
v 2.0289 -0.152 -1.1108
v 0.3978 1.3078 -0.343
v 0.3074 1.1027 -0.3508
v 0.4736 1.0266 -0.2205
v 0.564 1.2318 -0.2127
v -0.4172 1.0123 1.0507
v -0.4341 0.8381 0.9114
v -0.2207 0.7888 0.9534
v -0.2038 0.963 1.0927
v -0.398 0.185 1.6917
v -0.4242 0.0922 1.4899
v -0.2451 0.1949 1.4284
v -0.2188 0.2877 1.6302
v 0.0659 -0.0963 1.5893
v -0.0957 -0.1102 1.446
v -0.0646 0.1063 1.4052
v 0.0971 0.1203 1.5485
v 0.9527 0.8954 -0.9848
v 0.8203 0.7183 -0.9435
v 0.9288 0.6844 -0.7509
v 1.0611 0.8615 -0.7922
v 3.6607 -0.0417 1.1612
v 3.5493 0.1265 1.2571
v 3.3535 0.031 1.2045
v 3.4649 -0.1372 1.1086
v 3.5088 -1.0277 0.6968
v 3.3603 -1.1692 0.7896
v 3.2037 -1.0086 0.7865
v 3.3522 -0.8671 0.6938
v 3.4384 -1.0892 0.4797
v 3.2888 -1.2324 0.5686
v 3.1343 -1.0685 0.5726
v 3.2838 -0.9253 0.4837
v 3.3678 -1.1502 0.2625
v 3.2172 -1.2938 0.3484
v 3.0649 -1.129 0.3588
v 3.2156 -0.9854 0.2729
v 3.6126 -0.5933 1.2226
v 3.4769 -0.6906 1.372
v 3.2976 -0.6012 1.2698
v 3.4333 -0.5038 1.1205
v 3.598 -0.773 1.0776
v 3.461 -0.8814 1.2195
v 3.2833 -0.7817 1.1258
v 3.4203 -0.6733 0.9839
v 3.6447 -0.276 1.3454
v 3.5228 -0.2423 1.5274
v 3.3351 -0.2331 1.4065
v 3.457 -0.2668 1.2245
v 3.1739 -1.1419 -0.2067
v 3.0062 -1.2855 -0.1627
v 2.8901 -1.1208 -0.0635
v 3.0579 -0.9771 -0.1076
v 3.0587 -1.0727 -0.4386
v 2.8897 -1.2159 -0.3975
v 2.7765 -1.052 -0.2922
v 2.9455 -0.9088 -0.3333
v 2.9416 -1.0017 -0.673
v 2.773 -1.1453 -0.6311
v 2.6648 -0.985 -0.5184
v 2.8334 -0.8414 -0.5602
v 2.5964 -0.7325 -1.0474
v 2.4358 -0.8822 -0.997
v 2.4069 -0.7837 -0.798
v 2.5675 -0.6339 -0.8485
v 2.4059 -0.5633 -1.1469
v 2.2459 -0.7136 -1.0959
v 2.2233 -0.6203 -0.892
v 2.3833 -0.47 -0.943
v 2.2156 -0.394 -1.2447
v 2.0562 -0.5448 -1.1935
v 2.0395 -0.4571 -0.9878
v 2.1989 -0.3063 -1.039
v 0.7562 1.0537 -0.7807
v 0.6393 0.8633 -0.753
v 0.7783 0.803 -0.5872
v 0.8952 0.9934 -0.6149
v 0.5804 1.1861 -0.5728
v 0.4688 0.9921 -0.5513
v 0.615 0.9265 -0.3934
v 0.7266 1.1205 -0.415
v -0.1187 1.2178 0.5602
v -0.158 1.0168 0.4667
v 0.0307 0.9365 0.56
v 0.07 1.1374 0.6535
v -0.2693 1.1321 0.794
v -0.3039 0.935 0.6919
v -0.1118 0.8583 0.7786
v -0.0771 1.0554 0.8807
v -0.4469 0.8067 1.2409
v -0.4549 0.664 1.0676
v -0.2309 0.6526 1.0688
v -0.2229 0.7952 1.2421
v -0.4499 0.6178 1.3884
v -0.4569 0.4799 1.2104
v -0.2317 0.4742 1.2059
v -0.2246 0.6121 1.384
v -0.4483 0.4244 1.5364
v -0.4574 0.2922 1.355
v -0.2369 0.3004 1.3426
v -0.2279 0.4325 1.524
v -0.172 0.0191 1.6866
v -0.2445 -0.0348 1.4858
v -0.1532 0.1506 1.4133
v -0.0806 0.2046 1.6141
v 0.1593 -0.1023 1.3388
v -0.0562 -0.1034 1.2882
v -0.0556 0.1203 1.3
v 0.16 0.1215 1.3506
v 1.7826 0.0281 -1.2805
v 1.6311 -0.1304 -1.2285
v 1.6969 -0.1228 -1.0143
v 1.8484 0.0357 -1.0662
v 1.5786 0.2433 -1.2145
v 1.4277 0.0842 -1.1626
v 1.4994 0.0859 -0.9489
v 1.6503 0.245 -1.0009
v 1.3779 0.4552 -1.1488
v 1.227 0.2961 -1.0969
v 1.2986 0.2978 -0.8833
v 1.4496 0.4569 -0.9352
v 1.1737 0.6706 -1.0813
v 1.0251 0.5092 -1.0307
v 1.1014 0.5063 -0.8194
v 1.25 0.6677 -0.8701
v -0.1984 1.0754 0.4327
v 0.1704 1.1693 -0.2136
v -0.1424 0.9438 0.4455
v 0.2263 1.0378 -0.2008
v -0.0239 0.8894 0.5052
v 0.3449 0.9833 -0.1411
v 0.0879 0.9438 0.5769
v 0.4566 1.0378 -0.0694
v 0.1273 1.0754 0.6186
v 0.4961 1.1693 -0.0278
v 0.0714 1.2069 0.6058
v 0.4402 1.3009 -0.0405
v -0.0471 1.2614 0.546
v 0.3216 1.3553 -0.1003
v -0.1589 1.2069 0.4744
v 0.2098 1.3009 -0.1719
v 0.1996 1.0049 -0.2208
v 0.1297 1.1693 -0.2368
v 0.3478 0.9368 -0.1462
v 0.4875 1.0049 -0.0566
v 0.5368 1.1693 -0.0045
v 0.4669 1.3337 -0.0205
v 0.3187 1.4018 -0.0952
v 0.179 1.3337 -0.1848
v 0.261 1.0205 -0.3285
v 0.1911 1.185 -0.3445
v 0.4092 0.9524 -0.2539
v 0.5489 1.0205 -0.1643
v 0.5983 1.185 -0.1122
v 0.5283 1.3494 -0.1282
v 0.3801 1.4175 -0.2029
v 0.2404 1.3494 -0.2925
v -0.2391 1.0754 0.4095
v -0.1692 0.911 0.4255
v -0.021 0.8429 0.5001
v 0.1187 0.911 0.5897
v 0.1681 1.0754 0.6418
v 0.0982 1.2398 0.6258
v -0.0501 1.3079 0.5511
v -0.1897 1.2398 0.4615
v -0.3005 1.0597 0.5172
v -0.2306 0.8953 0.5332
v -0.0824 0.8272 0.6079
v 0.0573 0.8953 0.6975
v 0.1066 1.0597 0.7495
v 0.0367 1.2242 0.7335
v -0.1115 1.2923 0.6589
v -0.2512 1.2242 0.5693
v -0.104 1.2381 0.5827
v -0.107 1.2353 0.6063
v -0.0923 1.2342 0.6251
v -0.0686 1.2353 0.6282
v -0.0498 1.2381 0.6137
v -0.0468 1.2409 0.5901
v -0.0615 1.242 0.5713
v -0.0852 1.2409 0.5682
v -0.1118 1.3621 0.5963
v -0.1147 1.3593 0.6199
v -0.1 1.3582 0.6387
v -0.0763 1.3593 0.6418
v -0.0575 1.3621 0.6273
v -0.0546 1.3649 0.6037
v -0.0693 1.366 0.5849
v -0.093 1.3649 0.5818
v -0.1677 1.3233 0.6313
v -0.0592 1.3233 0.6932
v 0.0166 1.3702 0.3081
v 0.1252 1.3702 0.3701
v 0.2547 1.5569 -0.1091
v 0.3633 1.5569 -0.0472
v 0.3162 1.5725 -0.2169
v 0.4247 1.5725 -0.1549
v 0.0205 1.3082 0.3013
v 0.1291 1.3082 0.3633
v 0.2586 1.4949 -0.1159
v 0.3671 1.4949 -0.054
v -0.1984 1.0754 0.4327
v 0.1704 1.1693 -0.2136
v -0.1424 0.9438 0.4455
v 0.2263 1.0378 -0.2008
v -0.0239 0.8894 0.5052
v 0.3449 0.9833 -0.1411
v 0.0879 0.9438 0.5769
v 0.4566 1.0378 -0.0694
v 0.1273 1.0754 0.6186
v 0.4961 1.1693 -0.0278
v 0.0714 1.2069 0.6058
v 0.4402 1.3009 -0.0405
v -0.0471 1.2614 0.546
v 0.3216 1.3553 -0.1003
v -0.1589 1.2069 0.4744
v 0.2098 1.3009 -0.1719
v 0.1996 1.0049 -0.2208
v 0.1297 1.1693 -0.2368
v 0.3478 0.9368 -0.1462
v 0.4875 1.0049 -0.0566
v 0.5368 1.1693 -0.0045
v 0.4669 1.3337 -0.0205
v 0.3187 1.4018 -0.0952
v 0.179 1.3337 -0.1848
v 0.261 1.0205 -0.3285
v 0.1911 1.185 -0.3445
v 0.4092 0.9524 -0.2539
v 0.5489 1.0205 -0.1643
v 0.5983 1.185 -0.1122
v 0.5283 1.3494 -0.1282
v 0.3801 1.4175 -0.2029
v 0.2404 1.3494 -0.2925
v -0.2391 1.0754 0.4095
v -0.1692 0.911 0.4255
v -0.021 0.8429 0.5001
v 0.1187 0.911 0.5897
v 0.1681 1.0754 0.6418
v 0.0982 1.2398 0.6258
v -0.0501 1.3079 0.5511
v -0.1897 1.2398 0.4615
v -0.3005 1.0597 0.5172
v -0.2306 0.8953 0.5332
v -0.0824 0.8272 0.6079
v 0.0573 0.8953 0.6975
v 0.1066 1.0597 0.7495
v 0.0367 1.2242 0.7335
v -0.1115 1.2923 0.6589
v -0.2512 1.2242 0.5693
v -0.1118 1.3621 0.5963
v -0.1147 1.3593 0.6199
v -0.1 1.3582 0.6387
v -0.0763 1.3593 0.6418
v -0.0575 1.3621 0.6273
v -0.0546 1.3649 0.6037
v -0.0693 1.366 0.5849
v -0.093 1.3649 0.5818
vt 0.2253 0.6842
vt 0.2292 0.7039
vt 0.2253 0.7039
vt 0.2292 0.7434
vt 0.2253 0.7632
vt 0.2253 0.7434
vt 0.1779 0.7829
vt 0.1739 0.8026
vt 0.1739 0.7829
vt 0.2292 0.7237
vt 0.2253 0.7237
vt 0.1779 0.6842
vt 0.1739 0.7039
vt 0.1739 0.6842
vt 0.1739 0.8224
vt 0.1779 0.8026
vt 0.1779 0.8224
vt 0.1739 0.8421
vt 0.1779 0.7632
vt 0.1739 0.7434
vt 0.1779 0.7434
vt 0.7352 0.8947
vt 0.7194 0.9211
vt 0.7194 0.8947
vt 0.1739 0.7237
vt 0.1779 0.7237
vt 0.2292 0.7829
vt 0.2253 0.7829
vt 0.2253 0.8224
vt 0.2292 0.8421
vt 0.2253 0.8421
vt 0.2292 0.6842
vt 0.1779 0.7039
vt 0.2253 0.8026
vt 0.2292 0.8224
vt 0.2292 0.8026
vt 0.2372 0.7039
vt 0.7248 0.6837
vt 0.7218 0.6837
vt 0.7196 0.6802
vt 0.7905 0.6513
vt 0.7826 0.6382
vt 0.7905 0.6382
vt 0.7431 0.6382
vt 0.7826 0.6316
vt 0.6403 0.9474
vt 0.6245 0.9737
vt 0.6245 0.9474
vt 0.7826 0.6513
vt 0.7826 0.6579
vt 0.5455 0.9474
vt 0.5296 0.9211
vt 0.5455 0.9211
vt 0.7194 0.6382
vt 0.7431 0.6316
vt 0.7194 0.6513
vt 0.7431 0.6513
vt 0.7431 0.6579
vt 0.7194 1
vt 0.7036 0.9737
vt 0.7194 0.9737
vt 0.2292 0.7632
vt 0.1779 0.8421
vt 0.1739 0.7632
vt 0.253 0.6846
vt 0.264 0.6922
vt 0.2686 0.7105
vt 0.264 0.7289
vt 0.253 0.7365
vt 0.6561 0.9211
vt 0.6719 0.9211
vt 0.6719 0.9474
vt 0.2419 0.7289
vt 0.2374 0.7105
vt 0.2419 0.6922
vt 0.2372 0.6842
vt 0.7352 0.9211
vt 0.1392 0.7289
vt 0.1346 0.7105
vt 0.1392 0.6922
vt 0.1502 0.6846
vt 0.1612 0.6922
vt 0.1658 0.7105
vt 0.1612 0.7289
vt 0.1502 0.7365
vt 0.5929 0.8684
vt 0.5929 0.8947
vt 0.5771 0.8947
vt 0.7196 0.6751
vt 0.7218 0.6715
vt 0.7248 0.6715
vt 0.727 0.6751
vt 0.727 0.6802
vt 0.5138 0.8158
vt 0.5296 0.8158
vt 0.5296 0.8421
vt 0.2372 0.7434
vt 0.5296 0.8684
vt 0.5296 0.8947
vt 0.5138 0.8947
vt 0.7391 0.6579
vt 0.7391 0.6711
vt 0.7352 0.6711
vt 0.2253 0.75
vt 0.5455 0.8421
vt 0.5455 0.8158
vt 0.2372 0.8026
vt 0.6561 0.8158
vt 0.6719 0.7895
vt 0.6719 0.8158
vt 0.166 0.7434
vt 0.6561 0.9737
vt 0.6403 1
vt 0.6403 0.9737
vt 0.166 0.7829
vt 0.5455 0.9737
vt 0.5296 1
vt 0.5296 0.9737
vt 0.1779 0.75
vt 0.2372 0.7632
vt 0.1779 0.6974
vt 0.2253 0.7105
vt 0.1779 0.7105
vt 0.6561 1
vt 0.6403 0.8684
vt 0.6561 0.8947
vt 0.6403 0.8947
vt 0.751 0.8684
vt 0.7668 0.8947
vt 0.751 0.8947
vt 0.5771 0.9211
vt 0.5929 0.9211
vt 0.5455 0.8947
vt 0.7194 0.9474
vt 0.7352 0.9737
vt 0.751 0.9211
vt 0.7668 0.8684
vt 0.6087 0.8421
vt 0.6087 0.8684
vt 0.5771 0.8158
vt 0.5929 0.8421
vt 0.5771 0.8421
vt 0.5613 0.8684
vt 0.5771 0.8684
vt 0.6403 0.8158
vt 0.6561 0.8421
vt 0.6403 0.8421
vt 0.5613 0.8158
vt 0.6561 0.9474
vt 0.7352 0.8421
vt 0.751 0.8158
vt 0.751 0.8421
vt 0.5613 0.9474
vt 0.7194 0.8158
vt 0.7036 0.7895
vt 0.7194 0.7895
vt 0.7668 0.8158
vt 0.7668 0.8421
vt 0.6245 0.8421
vt 0.5613 0.7895
vt 0.6877 0.9474
vt 0.6877 0.9211
vt 0.5613 0.9211
vt 0.6087 0.9474
vt 0.5929 0.9737
vt 0.5929 0.9474
vt 0.6245 0.8158
vt 0.7036 0.8158
vt 0.6087 0.8158
vt 0.6877 0.7895
vt 0.7036 0.9474
vt 0.7036 0.8684
vt 0.6877 0.8947
vt 0.6877 0.8684
vt 0.6087 0.9737
vt 0.7036 0.9211
vt 0.5929 0.8158
vt 0.6877 0.8421
vt 0.6877 0.8158
vt 0.5771 0.9737
vt 0.5929 1
vt 0.5771 1
vt 0.751 1
vt 0.7668 0.9737
vt 0.7668 1
vt 0.7036 1
vt 0.6877 0.9737
vt 0.6719 0.8947
vt 0.6719 0.8421
vt 0.5138 0.7895
vt 0.6719 0.8684
vt 0.5455 0.8684
vt 0.5138 0.8421
vt 0.5138 0.8684
vt 0.7036 0.8421
vt 0.166 0.8026
vt 0.6719 0.9737
vt 0.6877 1
vt 0.6719 1
vt 0.5138 1
vt 0.5138 0.9737
vt 0.7312 0.6579
vt 0.7312 0.6711
vt 0.166 0.7237
vt 0.6245 1
vt 0.5296 0.9474
vt 0.6561 0.7895
vt 0.6403 0.9211
vt 0.5138 0.9211
vt 0.5455 0.7895
vt 0.2372 0.8224
vt 0.2372 0.8421
vt 0.2253 0.7763
vt 0.7194 0.8684
vt 0.7036 0.8947
vt 0.6087 0.8947
vt 0.6087 0.9211
vt 0.5138 0.9474
vt 0.7668 0.7895
vt 0.5455 1
vt 0.5613 0.9737
vt 0.5613 1
vt 0.5771 0.9474
vt 0.751 0.9737
vt 0.7668 0.9474
vt 0.7352 0.8158
vt 0.7352 0.7895
vt 0.6245 0.8684
vt 0.6245 0.9211
vt 0.6245 0.7895
vt 0.7194 0.8421
vt 0.6087 1
vt 0.751 0.9474
vt 0.5771 0.7895
vt 0.5929 0.7895
vt 0.5613 0.8421
vt 0.5613 0.8947
vt 0.6087 0.7895
vt 0.5296 0.7895
vt 0.7352 0.9474
vt 0.7352 0.8684
vt 0.751 0.7895
vt 0.6245 0.8947
vt 0.6403 0.7895
vt 0.7668 0.9211
vt 0.7352 1
vt 0.6561 0.8684
vt 0.2372 0.7237
vt 0.166 0.8224
vt 0.7273 0.6579
vt 0.7233 0.6711
vt 0.7233 0.6579
vt 0.2253 0.7368
vt 0.166 0.6842
vt 0.1779 0.7368
vt 0.2372 0.7829
vt 0.7194 0.6711
vt 0.7194 0.6579
vt 0.747 0.6711
vt 0.747 0.6579
vt 0.751 0.6711
vt 0.7273 0.6711
vt 0.7352 0.6579
vt 0.1779 0.7763
vt 0.2253 0.7895
vt 0.1779 0.7895
vt 0.166 0.8421
vt 0.7431 0.6711
vt 0.2253 0.6974
vt 0.166 0.7632
vt 0.751 0.6579
vt 0.166 0.7039
s 1
f 2310/1616 2324/1617 2312/1618
f 2326/1619 2318/1620 2316/1621
f 2319/1622 2337/1623 2344/1624
f 2312/1618 2325/1625 2314/1626
f 2309/1627 2340/1628 2339/1629
f 2338/1630 2305/1631 2307/1632
f 2307/1632 2339/1633 2338/1630
f 2325/1625 2316/1621 2314/1626
f 2317/1634 2342/1635 2315/1636
f 2104/1637 2102/1638 1833/1639
f 2315/1636 2341/1640 2313/1641
f 2318/1620 2328/1642 2320/1643
f 2308/1644 2323/1645 2310/1646
f 2310/1616 2323/1647 2324/1617
f 2311/1648 2341/1640 2340/1628
f 2306/1649 2321/1650 2308/1644
f 2320/1643 2322/1651 2306/1649
f 2399/1647 2408/1652 2400/1617
f 2435/1653 2436/1654 2429/1655
f 2375/1656 2374/1657 2376/1658
f 2372/1659 2380/1660 2374/1657
f 2079/1661 2076/1662 1820/1663
f 2376/1658 2374/1657 2380/1660
f 2373/1664 2375/1656 2379/1665
f 1897/1666 1891/1667 1730/1668
f 2372/1659 2370/1669 2378/1670
f 2369/1671 2371/1672 2377/1673
f 1831/1674 2191/1675 2100/1676
f 2318/1620 2327/1677 2328/1642
f 2306/1649 2322/1651 2321/1650
f 2309/1627 2311/1648 2340/1628
f 2307/1632 2309/1678 2339/1633
f 2317/1634 2343/1679 2342/1635
f 2315/1636 2342/1635 2341/1640
f 2311/1648 2313/1641 2341/1640
f 2338/1630 2337/1623 2305/1631
f 2320/1643 2328/1642 2322/1651
f 2331/1680 2329/1681 2330/1682
f 2330/1682 2336/1683 2335/1684
f 2086/1685 2280/1686 2087/1687
f 2334/1688 2333/1689 2331/1680
f 2333/1689 2332/1690 2331/1680
f 2319/1622 2305/1631 2337/1623
f 2399/1647 2407/1691 2408/1652
f 2308/1644 2321/1650 2323/1645
f 2326/1619 2327/1677 2318/1620
f 2312/1618 2324/1617 2325/1625
f 2104/1637 2284/1692 2102/1638
f 2325/1625 2326/1619 2316/1621
f 2352/1693 2345/1694 2346/1695
f 2346/1695 2347/1696 2348/1697
f 2348/1697 2349/1698 2350/1699
f 2350/1699 2351/1700 2352/1693
f 2009/1701 2178/1702 2006/1703
f 2429/1655 2430/1704 2431/1705
f 2431/1705 2432/1706 2429/1655
f 2432/1706 2433/1707 2429/1655
f 2433/1707 2434/1708 2429/1655
f 2434/1708 2435/1653 2429/1655
f 1728/1709 1895/1710 2211/1711
f 2403/1677 2402/1619 2410/1712
f 1893/1713 2210/1714 1890/1715
f 2358/1716 2366/1717 2365/1718
f 2396/1719 2382/1620 2381/1634
f 1900/1720 1895/1710 1732/1721
f 2404/1642 2406/1722 2398/1651
f 2135/1723 2142/1724 1852/1725
f 2419/1679 2426/1726 2418/1635
f 1964/1727 1962/1728 1765/1729
f 2428/1730 2419/1679 2420/1624
f 1733/1731 2212/1732 1896/1733
f 2396/1719 2381/1634 2395/1734
f 2403/1677 2410/1712 2411/1735
f 2346/1695 2350/1699 2352/1693
f 2387/1736 2390/1737 2389/1738
f 2372/1659 2373/1664 2371/1672
f 2077/1728 2084/1727 1823/1739
f 1739/1740 2218/1741 1915/1742
f 2105/1743 2112/1744 1837/1745
f 1786/1746 2178/1702 2007/1747
f 2049/1713 2056/1748 1809/1714
f 1832/1749 2283/1750 2100/1676
f 2110/1751 2104/1637 1837/1745
f 2015/1744 2017/1743 1791/1752
f 1941/1701 1947/1753 1755/1754
f 1752/1755 2227/1756 1940/1757
f 2029/1758 2036/1757 1799/1759
f 1740/1760 2219/1761 1918/1762
f 1940/1757 1875/1763 1752/1755
f 2086/1685 2087/1687 1824/1764
f 2099/1765 2106/1766 1834/1767
f 1718/1668 2157/1768 1869/1666
f 2098/1769 2093/1770 1831/1771
f 1834/1767 2194/1772 2107/1773
f 1739/1740 2167/1774 1918/1762
f 1720/1721 2160/1775 1875/1763
f 1828/1776 2280/1686 2094/1777
f 1750/1746 2157/1768 1871/1778
f 2071/1779 2068/1780 1816/1781
f 1960/1762 1955/1782 1764/1760
f 2150/1770 2151/1769 1856/1783
f 1760/1784 2231/1774 1952/1753
f 1772/1783 2240/1785 1978/1770
f 1933/1786 1887/1676 1749/1675
f 1771/1787 2238/1788 1969/1789
f 1722/1692 2161/1749 1878/1638
f 2012/1780 2121/1779 1845/1790
f 1973/1786 1967/1777 1770/1791
f 2124/1753 2011/1792 1844/1784
f 1748/1783 2223/1793 1931/1794
f 1801/1795 2184/1796 2038/1797
f 1817/1702 2188/1746 2064/1703
f 1835/1798 2195/1799 2109/1800
f 1936/1801 1932/1802 1749/1675
f 1742/1686 2221/1776 1925/1687
f 1926/1803 1927/1777 1742/1686
f 2235/1761 1768/1725 1968/1804
f 1894/1805 1895/1710 1728/1709
f 1929/1789 1926/1803 1743/1806
f 1743/1806 2223/1793 1929/1789
f 1731/1807 2210/1714 1893/1713
f 1992/1808 1993/1713 1779/1809
f 1931/1794 1928/1804 1744/1725
f 1744/1725 2224/1785 1931/1794
f 2141/1789 2148/1810 1855/1787
f 2420/1624 2421/1811 2428/1730
f 1745/1812 2224/1813 1930/1814
f 1925/1687 1932/1802 1745/1812
f 1896/1733 1894/1815 1729/1816
f 2356/1817 2365/1718 2364/1818
f 1850/1686 2293/1764 2131/1685
f 2298/1788 1851/1806 2141/1789
f 1809/1714 2261/1809 2049/1713
f 2091/1810 2089/1789 1826/1793
f 2418/1635 2425/1819 2417/1640
f 2076/1662 2077/1728 1819/1820
f 1956/1662 1957/1661 1765/1729
f 1808/1821 2267/1731 2052/1733
f 2274/1760 1823/1822 2082/1723
f 2276/1823 1825/1741 2086/1685
f 1809/1703 2264/1824 2048/1715
f 2022/1710 2030/1825 1796/1721
f 2399/1645 2405/1826 2407/1827
f 2384/1828 2381/1634 2382/1620
f 2149/1829 2146/1830 1855/1787
f 2029/1758 2026/1748 1795/1807
f 1815/1796 2187/1795 2068/1780
f 1907/1747 1950/1831 1758/1832
f 1808/1821 2263/1816 2047/1833
f 2036/1757 2031/1763 1800/1755
f 2020/1766 2021/1834 1792/1772
f 2053/1835 2060/1836 1811/1837
f 1905/1838 1912/1780 1737/1795
f 2023/1839 2013/1840 1793/1799
f 1860/1841 2304/1771 2156/1842
f 1958/1742 1953/1843 1763/1740
f 2027/1778 2025/1666 1794/1668
f 1873/1758 1870/1748 1719/1807
f 1945/1779 1923/1662 1757/1790
f 1914/1844 1915/1742 1738/1823
f 1756/1784 2168/1845 1920/1782
f 1858/1692 2198/1745 2014/1751
f 1923/1662 1913/1661 1741/1729
f 1753/1795 2160/1837 1876/1836
f 2005/1838 2012/1780 1789/1795
f 1830/1846 2190/1783 2098/1769
f 1948/1847 1944/1780 1757/1790
f 1725/1750 2205/1848 1888/1839
f 1952/1753 1953/1843 1759/1754
f 1806/1711 2266/1721 2051/1720
f 1942/1849 1943/1792 1752/1755
f 1841/1714 2196/1824 2112/1715
f 1838/1711 2285/1807 2113/1713
f 1815/1850 2270/1784 2066/1792
f 1978/1770 1979/1769 1772/1783
f 1869/1666 1864/1667 1718/1668
f 1812/1768 2268/1668 2062/1778
f 1810/1851 2265/1807 2051/1720
f 2054/1667 2055/1666 1808/1821
f 1897/1666 1904/1836 1733/1731
f 1846/1823 2289/1663 2123/1844
f 1733/1731 2216/1837 1902/1835
f 2003/1763 2000/1720 1784/1721
f 1785/1731 2252/1837 2002/1835
f 1990/1744 1985/1743 1779/1752
f 1794/1668 2258/1852 2027/1778
f 2074/1782 2069/1853 1819/1845
f 1885/1842 1886/1766 1724/1841
f 2132/1762 2127/1782 1848/1760
f 1988/1839 1989/1840 1781/1799
f 1734/1746 2214/1852 1906/1703
f 2053/1825 2050/1710 1807/1854
f 1757/1790 2168/1820 1948/1847
f 1743/1806 2219/1761 1928/1804
f 1880/1751 1877/1855 1722/1692
f 1722/1692 2206/1745 1880/1751
f 1878/1638 1879/1637 1722/1692
f 1747/1787 2222/1788 1929/1789
f 1723/1856 2206/1745 1879/1637
f 1882/1765 1883/1743 1723/1856
f 1737/1795 2213/1768 1905/1838
f 1776/1841 2244/1857 1987/1766
f 1754/1832 2165/1663 1945/1779
f 1755/1754 2226/1702 1941/1701
f 1849/1729 2292/1820 2128/1662
f 1750/1746 2226/1702 1939/1747
f 1773/1675 2237/1776 1973/1786
f 1810/1851 2186/1755 2059/1757
f 1843/1754 2290/1858 2122/1831
f 1956/1662 1954/1847 1761/1790
f 1752/1755 2160/1775 1942/1849
f 2017/1743 2154/1637 1859/1856
f 1910/1797 1904/1836 1737/1795
f 1740/1760 2168/1845 1921/1859
f 1799/1759 2183/1756 2037/1701
f 1969/1789 1976/1810 1771/1787
f 1916/1685 1913/1661 1738/1823
f 2011/1792 2126/1853 1844/1784
f 1876/1836 1937/1838 1753/1795
f 2062/1778 2063/1838 1812/1768
f 1867/1710 1874/1825 1720/1721
f 1753/1795 2225/1781 1944/1780
f 2116/1733 2117/1835 1839/1732
f 1837/1745 2196/1860 2110/1751
f 1836/1848 2284/1692 2110/1751
f 1834/1767 2281/1856 2099/1765
f 1929/1789 1935/1810 1747/1787
f 2101/1861 2108/1839 1835/1798
f 1812/1768 2187/1795 2060/1836
f 1920/1782 1947/1753 1756/1784
f 1742/1686 2217/1764 1916/1685
f 1814/1756 2186/1755 2066/1792
f 1749/1675 2164/1674 1936/1801
f 1724/1841 2164/1771 1885/1842
f 1945/1779 1939/1747 1754/1832
f 2122/1831 2009/1701 1843/1754
f 1738/1823 2218/1741 1916/1685
f 1771/1787 2175/1846 1977/1829
f 2040/1780 2041/1779 1805/1790
f 2038/1849 2039/1792 1800/1755
f 1725/1750 2164/1674 1887/1676
f 1809/1714 2268/1668 2054/1667
f 1905/1838 1899/1778 1734/1746
f 1758/1832 2230/1858 1951/1844
f 1795/1807 2259/1851 2029/1758
f 1813/1852 2265/1807 2057/1758
f 1735/1759 2214/1852 1901/1758
f 1870/1748 1871/1778 1718/1668
f 1901/1758 1908/1757 1735/1759
f 1861/1750 2301/1749 2153/1855
f 1735/1759 2171/1756 1909/1701
f 1792/1772 2199/1767 2020/1766
f 1730/1668 2213/1768 1897/1666
f 1787/1759 2179/1756 2009/1701
f 1736/1755 2215/1851 1903/1763
f 1918/1762 1919/1862 1739/1740
f 2156/1861 2152/1676 1861/1750
f 1871/1778 1938/1703 1750/1746
f 1954/1853 1955/1782 1760/1784
f 1898/1748 1899/1778 1730/1668
f 2075/1762 2082/1723 1822/1761
f 2372/1659 2369/1671 2370/1669
f 1854/1791 2302/1639 2147/1638
f 2128/1662 2129/1661 1849/1729
f 1890/1715 1891/1667 1726/1824
f 1727/1809 2211/1711 1893/1713
f 1797/1731 2260/1837 2030/1835
f 1732/1721 2216/1775 1903/1763
f 2139/1777 2146/1830 1854/1791
f 2142/1814 2136/1727 1853/1812
f 1726/1860 2205/1848 1880/1751
f 1857/1675 2304/1674 2150/1801
f 2401/1625 2408/1652 2409/1863
f 1780/1709 2248/1854 1995/1710
f 2296/1739 1849/1729 2136/1727
f 1852/1725 2299/1793 2140/1804
f 2073/1843 2067/1753 1818/1774
f 1728/1772 2208/1857 1894/1834
f 2236/1822 1764/1760 1962/1859
f 1850/1686 2298/1788 2139/1777
f 1744/1725 2220/1822 1930/1724
f 1863/1715 1864/1667 1715/1824
f 2247/1711 1783/1807 1993/1713
f 2299/1793 1856/1783 2148/1810
f 2145/1786 2152/1676 1857/1675
f 2025/1666 2032/1836 1797/1731
f 1848/1760 2295/1761 2132/1762
f 1781/1816 2248/1732 1994/1815
f 1917/1843 1946/1831 1755/1754
f 1779/1752 2243/1767 1992/1773
f 1983/1751 1981/1855 1774/1692
f 1982/1637 1983/1751 1774/1692
f 1828/1776 2191/1675 2092/1802
f 1774/1692 2173/1749 1975/1638
f 1775/1856 2242/1745 1982/1637
f 1988/1839 1986/1861 1777/1750
f 1773/1675 2176/1674 1978/1801
f 1757/1790 2225/1781 1945/1779
f 1801/1795 2257/1768 2033/1838
f 2015/1715 2016/1667 1790/1824
f 1788/1755 2252/1775 2010/1849
f 1844/1784 2291/1774 2124/1753
f 2083/1804 2090/1794 1826/1793
f 1777/1750 2241/1848 1988/1839
f 1759/1754 2171/1756 1952/1753
f 2066/1792 2067/1753 1814/1756
f 1847/1740 2291/1774 2132/1762
f 1924/1727 1921/1728 1741/1729
f 2099/1765 2097/1829 1830/1846
f 1727/1752 2207/1767 1892/1773
f 2068/1780 2069/1847 1815/1796
f 2051/1720 2058/1763 1810/1851
f 1751/1759 2159/1851 1940/1757
f 1839/1732 2195/1816 2116/1733
f 1928/1804 1922/1723 1744/1725
f 1911/1792 1908/1757 1736/1755
f 1879/1637 1881/1829 1723/1856
f 2041/1779 2035/1747 1802/1832
f 2010/1797 2004/1836 1789/1795
f 1912/1780 1949/1779 1761/1790
f 1845/1790 2180/1796 2012/1780
f 1978/1801 1972/1802 1773/1675
f 1766/1686 2237/1776 1965/1687
f 1766/1686 2238/1788 1967/1777
f 2406/1722 2397/1650 2398/1651
f 2140/1804 2141/1789 1851/1806
f 1969/1789 1966/1803 1767/1806
f 1767/1806 2239/1793 1969/1789
f 1785/1731 2245/1821 1997/1666
f 1781/1816 2245/1821 1996/1733
f 1971/1794 1968/1804 1768/1725
f 1970/1724 1971/1794 1768/1725
f 1970/1814 1964/1727 1769/1812
f 2144/1802 2145/1786 1857/1675
f 1769/1812 2240/1813 1970/1814
f 1965/1687 1972/1802 1769/1812
f 1959/1685 1957/1661 1762/1823
f 2248/1854 1784/1721 1995/1710
f 1853/1812 2300/1813 2142/1814
f 1853/1812 2293/1764 2137/1687
f 1806/1711 2262/1709 2050/1710
f 1778/1860 2241/1848 1983/1751
f 1856/1783 2300/1785 2150/1770
f 2078/1844 2079/1661 1820/1663
f 1892/1773 1886/1766 1728/1772
f 2005/1838 1999/1778 1786/1746
f 1896/1733 1897/1666 1733/1731
f 1891/1667 1898/1748 1730/1668
f 1826/1793 2277/1806 2083/1804
f 1824/1764 2279/1812 2084/1727
f 2234/1741 1767/1806 1966/1803
f 2415/1633 2422/1864 2414/1630
f 1731/1807 2215/1851 1901/1758
f 1783/1807 2251/1851 2001/1758
f 1807/1732 2267/1731 2053/1835
f 2122/1831 2123/1844 1842/1832
f 1832/1749 2191/1675 2095/1786
f 1763/1740 2231/1774 1960/1762
f 1723/1856 2163/1846 1882/1765
f 2128/1662 2126/1847 1845/1790
f 1793/1799 2200/1798 2023/1839
f 2018/1808 2019/1713 1791/1809
f 1915/1742 1917/1843 1739/1740
f 1734/1746 2169/1781 1905/1838
f 1822/1761 2278/1725 2083/1804
f 1842/1832 2177/1781 2007/1747
f 1756/1784 2227/1756 1943/1792
f 1845/1790 2289/1663 2128/1662
f 1933/1786 1927/1777 1746/1791
f 1861/1750 2200/1798 2156/1861
f 2014/1751 2153/1855 1858/1692
f 2064/1703 2065/1701 1817/1702
f 2147/1638 2154/1637 1858/1692
f 1858/1692 2301/1749 2147/1638
f 2038/1797 2032/1836 1801/1795
f 1881/1829 1934/1830 1747/1787
f 1789/1795 2180/1796 2010/1797
f 1787/1759 2250/1852 2001/1758
f 2097/1829 2091/1810 1830/1846
f 1793/1816 2253/1821 2024/1733
f 2149/1829 2155/1765 1859/1856
f 1765/1729 2232/1820 1956/1662
f 1718/1668 2202/1714 1870/1748
f 2153/1855 2023/1839 1861/1750
f 1759/1754 2230/1858 1950/1831
f 1747/1787 2163/1846 1881/1829
f 1764/1760 2232/1845 1962/1859
f 1901/1758 1898/1748 1731/1807
f 1855/1787 2303/1846 2149/1829
f 1745/1812 2220/1739 1924/1727
f 2011/1792 2008/1757 1788/1755
f 2022/1710 2018/1808 1792/1709
f 2051/1720 2049/1713 1806/1711
f 2030/1825 2031/1763 1796/1721
f 2050/1710 2046/1805 1807/1854
f 1890/1744 1883/1743 1727/1752
f 1786/1746 2177/1781 2005/1838
f 2002/1825 2003/1763 1784/1721
f 1916/1685 1926/1803 1742/1686
f 1860/1841 2199/1767 2155/1765
f 2049/1713 2045/1808 1806/1711
f 1746/1791 2222/1788 1934/1830
f 2081/1862 2088/1803 1825/1741
f 1755/1754 2167/1774 1917/1843
f 1799/1759 2258/1852 2029/1758
f 1967/1777 1974/1830 1770/1791
f 1789/1795 2249/1768 2005/1838
f 1751/1759 2226/1702 1938/1703
f 2085/1724 2082/1723 1823/1822
f 1859/1856 2302/1639 2149/1829
f 1979/1769 1986/1842 1776/1841
f 1973/1786 1980/1676 1773/1675
f 1982/1637 1977/1829 1775/1856
f 1837/1745 2281/1856 2105/1743
f 1761/1790 2172/1796 1912/1780
f 1804/1784 2183/1756 2039/1792
f 2065/1701 2059/1757 1814/1756
f 1882/1765 1884/1769 1724/1841
f 1772/1783 2239/1793 1971/1794
f 2057/1758 2064/1703 1813/1852
f 2060/1836 2055/1666 1812/1768
f 1841/1714 2285/1807 2120/1748
f 2010/1849 2011/1792 1788/1755
f 1859/1856 2199/1767 2017/1743
f 2042/1831 2037/1701 1803/1754
f 2092/1802 2087/1687 1828/1776
f 2047/1833 2054/1667 1808/1821
f 1736/1755 2172/1850 1911/1792
f 1818/1774 2270/1784 2074/1782
f 1778/1860 2242/1745 1990/1744
f 2083/1804 2081/1862 1822/1761
f 2147/1638 2145/1786 1854/1791
f 2123/1844 2121/1779 1842/1832
f 1979/1769 1976/1810 1772/1783
f 1846/1823 2290/1858 2130/1742
f 1906/1703 1907/1747 1734/1746
f 1924/1727 1925/1687 1745/1812
f 1866/1713 1863/1715 1716/1809
f 1856/1783 2303/1846 2148/1810
f 2046/1815 2052/1733 1807/1732
f 1820/1663 2271/1790 2071/1779
f 1821/1858 2272/1832 2072/1831
f 1816/1781 2187/1795 2063/1838
f 2001/1758 2008/1757 1787/1759
f 2072/1831 2070/1747 1817/1702
f 1719/1807 2202/1714 1866/1713
f 1866/1713 1872/1720 1719/1807
f 2063/1838 2070/1747 1816/1781
f 2066/1792 2061/1849 1815/1850
f 2096/1830 2097/1829 1833/1639
f 2156/1842 2020/1766 1860/1841
f 2113/1713 2107/1808 1838/1711
f 1829/1788 2277/1806 2089/1789
f 1754/1832 2226/1702 1946/1831
f 1921/1859 1922/1723 1740/1760
f 1950/1831 1909/1701 1759/1754
f 2039/1792 2044/1853 1804/1784
f 1741/1729 2217/1764 1924/1727
f 1798/1746 2257/1768 2027/1778
f 1980/1676 1981/1855 1777/1750
f 2124/1753 2125/1843 1843/1754
f 1774/1692 2174/1639 1982/1637
f 1843/1754 2179/1756 2124/1753
f 1951/1844 1949/1779 1758/1832
f 1887/1676 1877/1855 1725/1750
f 1721/1731 2160/1837 1874/1835
f 2035/1747 2033/1838 1798/1746
f 1943/1792 1948/1853 1756/1784
f 1811/1775 2266/1721 2053/1825
f 1946/1831 1914/1844 1754/1832
f 1811/1837 2187/1795 2061/1797
f 1737/1795 2172/1796 1910/1797
f 1758/1832 2169/1781 1907/1747
f 2062/1778 2056/1748 1813/1852
f 2127/1782 2134/1859 1848/1760
f 1888/1839 1889/1840 1729/1799
f 1768/1725 2236/1822 1970/1724
f 2390/1737 2391/1641 2389/1738
f 1788/1755 2251/1851 2003/1763
f 1729/1799 2208/1798 1888/1839
f 2386/1616 2387/1736 2385/1627
f 2233/1764 1766/1686 1965/1687
f 2072/1831 2073/1843 1821/1858
f 1984/1765 1979/1769 1776/1841
f 2355/1865 2362/1866 2354/1867
f 1993/1713 1990/1715 1779/1809
f 1781/1799 2244/1798 1988/1839
f 1934/1830 1878/1638 1746/1791
f 1850/1686 2294/1741 2138/1803
f 2394/1868 2391/1641 2392/1626
f 1995/1710 1992/1808 1780/1709
f 1824/1764 2276/1823 2086/1685
f 1842/1832 2178/1702 2122/1831
f 1880/1751 1890/1744 1726/1860
f 1785/1731 2248/1732 1996/1733
f 2276/1823 1821/1858 2080/1742
f 1791/1752 2199/1767 2018/1773
f 1825/1741 2280/1686 2086/1685
f 2235/1761 1764/1760 1963/1723
f 2080/1742 2081/1862 1825/1741
f 1909/1701 1906/1703 1735/1759
f 1992/1773 1987/1766 1780/1772
f 1964/1727 1965/1687 1769/1812
f 2074/1782 2075/1762 1818/1774
f 1770/1791 2174/1639 1975/1638
f 1844/1784 2292/1845 2127/1782
f 1790/1824 2253/1821 2013/1833
f 1940/1757 1941/1701 1751/1759
f 2120/1748 2118/1667 1841/1714
f 1987/1766 1994/1834 1780/1772
f 2094/1777 2088/1803 1829/1788
f 1839/1854 2286/1721 2114/1710
f 2344/1624 2317/1634 2319/1622
f 1829/1788 2192/1791 2094/1777
f 1803/1754 2183/1756 2043/1753
f 2111/1833 2118/1667 1840/1821
f 2109/1834 2106/1766 1835/1857
f 1814/1756 2269/1754 2065/1701
f 1875/1763 1872/1720 1720/1721
f 1833/1639 2281/1856 2104/1637
f 1918/1762 1920/1782 1740/1760
f 2379/1665 2371/1672 2373/1664
f 1762/1823 2229/1663 1951/1844
f 1813/1852 2188/1746 2062/1778
f 2061/1849 2058/1763 1811/1775
f 1867/1710 1865/1808 1717/1709
f 1833/1639 2192/1791 2096/1830
f 2085/1814 2092/1802 1827/1813
f 2108/1839 2103/1855 1836/1848
f 1720/1721 2203/1711 1867/1710
f 1776/1841 2243/1767 1984/1765
f 1835/1857 2282/1841 2101/1842
f 2334/1688 2330/1682 2335/1684
f 2059/1757 2057/1758 1810/1851
f 1832/1749 2284/1692 2103/1855
f 1939/1747 1937/1838 1750/1746
f 1826/1793 2190/1783 2091/1810
f 1838/1711 2194/1709 2114/1710
f 1984/1765 1985/1743 1775/1856
f 1721/1731 2201/1821 1869/1666
f 2095/1786 2102/1638 1832/1749
f 1816/1781 2272/1832 2071/1779
f 1869/1666 1876/1836 1721/1731
f 1952/1753 1911/1792 1760/1784
f 1749/1675 2221/1776 1933/1786
f 1840/1821 2195/1816 2111/1833
f 2114/1710 2109/1805 1839/1854
f 1831/1771 2282/1841 2098/1769
f 2093/1770 2090/1794 1827/1785
f 1827/1813 2191/1675 2093/1801
f 2089/1789 2096/1830 1829/1788
f 1817/1702 2269/1754 2072/1831
f 1999/1778 2006/1703 1786/1746
f 1738/1823 2165/1663 1914/1844
f 2107/1773 2105/1743 1834/1767
f 2114/1710 2115/1720 1838/1711
f 1827/1785 2278/1725 2085/1724
f 1944/1780 1942/1797 1753/1795
f 2094/1777 2095/1786 1828/1776
f 1874/1835 1868/1733 1721/1731
f 2037/1701 2034/1703 1799/1759
f 2119/1666 2116/1733 1840/1821
f 1836/1848 2195/1799 2108/1839
f 1840/1821 2288/1668 2119/1666
f 2110/1751 2111/1840 1836/1848
f 2100/1676 2101/1861 1831/1674
f 1719/1807 2159/1851 1873/1758
f 1715/1824 2201/1821 1862/1833
f 1716/1809 2203/1711 1866/1713
f 2098/1769 2099/1765 1830/1846
f 2130/1742 2125/1843 1847/1740
f 2112/1715 2113/1713 1841/1714
f 2033/1838 2040/1780 1801/1795
f 1770/1791 2173/1749 1973/1786
f 1761/1790 2229/1663 1956/1662
f 1888/1839 1885/1861 1725/1750
f 1775/1856 2175/1846 1984/1765
f 1977/1829 1974/1830 1771/1787
f 1931/1794 1936/1770 1748/1783
f 1938/1703 1873/1758 1751/1759
f 1741/1729 2168/1820 1923/1662
f 2071/1779 2078/1844 1820/1663
f 1724/1841 2207/1767 1882/1765
f 1798/1746 2182/1702 2035/1747
f 1800/1755 2260/1775 2038/1849
f 1777/1750 2176/1674 1980/1676
f 1782/1668 2249/1768 1997/1666
f 1782/1668 2250/1852 1999/1778
f 2142/1724 2143/1794 1852/1725
f 2409/1863 2402/1619 2401/1625
f 2001/1758 1998/1748 1783/1807
f 1748/1783 2164/1771 1884/1769
f 1851/1806 2295/1761 2140/1804
f 2300/1813 1857/1675 2150/1801
f 1926/1803 1919/1862 1743/1806
f 2013/1840 2014/1751 1790/1860
f 2139/1777 2137/1687 1850/1686
f 2295/1761 1847/1740 2132/1762
f 1819/1820 2271/1790 2076/1662
f 1997/1666 2004/1836 1785/1731
f 2081/1862 2075/1762 1822/1761
f 2416/1628 2423/1869 2415/1629
f 2000/1720 1995/1710 1784/1721
f 2425/1819 2416/1628 2417/1640
f 2129/1661 2136/1727 1849/1729
f 1762/1823 2234/1741 1959/1685
f 2414/1630 2421/1811 2413/1623
f 1782/1668 2245/1821 1991/1667
f 2396/1719 2393/1870 2394/1868
f 2246/1714 1783/1807 1998/1748
f 1731/1807 2211/1711 1900/1720
f 2138/1803 2133/1862 1851/1806
f 2084/1727 2079/1661 1824/1764
f 2140/1804 2135/1723 1852/1725
f 2131/1685 2129/1661 1846/1823
f 2212/1854 1732/1721 1895/1710
f 1848/1760 2296/1822 2135/1723
f 2235/1761 1763/1740 1960/1762
f 2274/1760 1819/1845 2077/1859
f 2075/1762 2073/1843 1818/1774
f 1794/1668 2254/1714 2026/1748
f 2025/1666 2016/1667 1794/1668
f 2294/1741 1847/1740 2133/1862
f 2137/1687 2144/1802 1853/1812
f 2155/1765 2151/1769 1860/1841
f 2026/1748 2019/1713 1795/1807
f 1889/1833 1896/1733 1729/1816
f 2146/1830 2141/1789 1855/1787
f 1903/1763 1900/1720 1732/1721
f 1796/1721 2255/1711 2022/1710
f 2403/1677 2412/1871 2404/1642
f 1763/1740 2234/1741 1958/1742
f 2024/1733 2025/1666 1797/1731
f 1797/1731 2256/1732 2024/1733
f 1760/1784 2172/1850 1954/1853
f 1805/1790 2184/1796 2040/1780
f 1800/1755 2183/1756 2036/1757
f 1796/1721 2259/1851 2028/1720
f 1791/1809 2254/1714 2015/1715
f 2009/1701 2006/1703 1787/1759
f 1746/1791 2161/1749 1933/1786
f 1884/1769 1935/1810 1748/1783
f 1795/1807 2255/1711 2028/1720
f 1792/1709 2256/1854 2022/1710
f 1802/1832 2182/1702 2042/1831
f 1903/1763 1910/1849 1736/1755
f 2024/1733 2021/1815 1793/1816
f 1823/1739 2279/1812 2085/1814
f 1790/1860 2198/1745 2015/1744
f 2027/1778 2034/1703 1798/1746
f 1951/1844 1958/1742 1762/1823
f 2354/1867 2361/1872 2353/1873
f 2209/1821 1726/1824 1891/1667
f 2359/1673 2366/1717 2358/1716
f 2368/1874 2359/1673 2360/1875
f 2360/1875 2361/1876 2368/1874
f 2355/1865 2364/1818 2363/1877
f 2358/1716 2365/1718 2357/1878
f 2073/1843 2080/1742 1821/1858
f 2145/1786 2139/1777 1854/1791
f 1961/1862 1968/1804 1767/1806
f 1782/1668 2246/1714 1998/1748
f 1893/1713 1890/1715 1727/1809
f 1728/1709 2211/1711 1892/1808
f 2246/1714 1778/1824 1990/1715
f 2383/1879 2386/1880 2385/1881
f 2130/1742 2131/1685 1846/1823
f 1957/1661 1964/1727 1765/1729
f 1959/1685 1966/1803 1766/1686
f 1791/1809 2019/1713 2254/1714
f 1782/1668 1998/1748 2250/1852
f 2129/1661 2293/1764 2136/1727
f 2130/1742 2294/1741 2131/1685
f 1888/1839 2208/1798 1885/1861
f 1790/1860 2014/1751 2198/1745
f 1959/1685 2234/1741 1966/1803
f 2027/1778 2258/1852 2034/1703
f 2403/1677 2411/1735 2412/1871
f 1746/1791 1878/1638 2161/1749
f 1884/1769 2163/1846 1935/1810
f 2246/1714 1991/1667 1778/1824
f 2209/1821 1889/1833 1726/1824
f 1916/1685 2218/1741 1926/1803
f 2415/1633 2423/1882 2422/1864
f 1734/1746 1907/1747 2169/1781
f 2035/1747 2181/1781 2033/1838
f 1970/1814 2236/1739 1964/1727
f 1973/1786 2237/1776 1967/1777
f 1736/1755 1908/1757 2215/1851
f 1753/1795 1937/1838 2225/1781
f 1760/1784 1955/1782 2231/1774
f 1781/1816 1989/1833 2245/1821
f 1850/1686 2137/1687 2293/1764
f 1936/1801 2224/1813 1932/1802
f 1839/1732 2109/1815 2195/1816
f 1828/1776 2087/1687 2280/1686
f 1772/1783 1971/1794 2240/1785
f 1834/1767 2106/1766 2194/1772
f 2015/1744 2198/1745 2017/1743
f 1945/1779 2165/1663 1923/1662
f 1739/1740 1917/1843 2167/1774
f 1786/1746 2006/1703 2178/1702
f 1925/1687 2221/1776 1932/1802
f 1857/1675 2152/1676 2304/1674
f 1774/1692 1975/1638 2174/1639
f 1741/1729 1913/1661 2217/1764
f 1954/1853 2232/1845 1955/1782
f 1848/1760 2135/1723 2295/1761
f 1747/1787 1934/1830 2222/1788
f 1923/1662 2165/1663 1913/1661
f 2401/1625 2400/1617 2408/1652
f 1742/1686 1925/1687 2217/1764
f 1967/1777 2238/1788 1974/1830
f 1759/1754 1953/1843 2230/1858
f 1897/1666 2213/1768 1904/1836
f 1749/1675 1887/1676 2164/1674
f 1988/1839 2241/1848 1989/1840
f 2027/1778 2257/1768 2025/1666
f 1990/1744 2242/1745 1985/1743
f 1719/1807 1870/1748 2202/1714
f 1867/1710 2203/1711 1865/1808
f 2100/1676 2283/1750 2101/1861
f 2037/1701 2182/1702 2034/1703
f 1754/1832 1939/1747 2226/1702
f 2081/1862 2277/1806 2088/1803
f 2025/1666 2253/1821 2016/1667
f 1741/1729 1921/1728 2168/1820
f 1979/1769 2176/1771 1986/1842
f 1833/1639 2097/1829 2281/1856
f 1874/1835 2204/1732 1868/1733
f 2081/1862 2273/1740 2075/1762
f 1804/1784 2043/1753 2183/1756
f 2050/1710 2262/1709 2046/1805
f 1831/1771 2101/1842 2282/1841
f 2114/1710 2194/1709 2109/1805
f 2355/1865 2356/1817 2364/1818
f 2138/1803 2294/1741 2133/1862
f 1838/1711 2107/1808 2194/1709
f 1729/1799 1894/1800 2208/1798
f 1794/1668 2016/1667 2254/1714
f 1792/1709 2021/1805 2256/1854
f 1924/1727 2217/1764 1925/1687
f 1811/1775 2058/1763 2266/1721
f 1796/1721 2031/1763 2259/1851
f 1848/1760 2134/1859 2296/1822
f 1835/1857 2106/1766 2282/1841
f 1950/1831 2170/1702 1909/1701
f 1957/1661 2233/1764 1964/1727
f 2359/1673 2367/1883 2366/1717
f 2147/1638 2301/1749 2145/1786
f 2001/1758 2251/1851 2008/1757
f 1788/1755 2003/1763 2252/1775
f 1909/1701 2170/1702 1906/1703
f 2120/1748 2288/1668 2118/1667
f 2041/1779 2181/1781 2035/1747
f 1988/1839 2244/1798 1986/1861
f 1799/1759 2036/1757 2183/1756
f 1890/1715 2210/1714 1891/1667
f 2051/1720 2266/1721 2058/1763
f 1735/1759 1908/1757 2171/1756
f 1758/1832 1949/1779 2169/1781
f 2074/1782 2274/1760 2075/1762
f 1928/1804 2219/1761 1922/1723
f 1945/1779 2225/1781 1939/1747
f 1750/1746 1938/1703 2226/1702
f 2128/1662 2289/1663 2129/1661
f 1847/1740 2125/1843 2291/1774
f 1748/1783 1935/1810 2223/1793
f 1849/1729 2134/1728 2292/1820
f 2372/1659 2371/1672 2369/1671
f 2276/1823 2080/1742 1825/1741
f 1861/1750 2023/1839 2200/1798
f 1873/1758 2158/1852 1870/1748
f 1916/1685 2217/1764 1913/1661
f 2002/1825 2252/1775 2003/1763
f 1771/1787 1974/1830 2238/1788
f 1926/1803 2222/1788 1927/1777
f 2020/1766 2200/1857 2021/1834
f 2356/1817 2357/1878 2365/1718
f 1845/1790 2126/1847 2180/1796
f 2124/1753 2179/1756 2011/1792
f 1956/1662 2229/1663 1957/1661
f 1853/1812 2136/1727 2293/1764
f 2149/1829 2303/1846 2155/1765
f 2123/1844 2289/1663 2121/1779
f 2061/1849 2186/1755 2058/1763
f 2072/1831 2272/1832 2070/1747
f 2109/1834 2194/1772 2106/1766
f 1837/1745 2104/1637 2281/1856
f 1746/1791 1927/1777 2222/1788
f 1829/1788 2088/1803 2277/1806
f 2147/1638 2302/1639 2154/1637
f 1747/1787 1935/1810 2163/1846
f 1875/1763 2159/1851 1872/1720
f 1859/1856 2154/1637 2302/1639
f 1992/1773 2243/1767 1987/1766
f 2097/1829 2189/1787 2091/1810
f 2030/1825 2260/1775 2031/1763
f 1761/1790 1954/1847 2172/1796
f 1898/1748 2214/1852 1899/1778
f 1798/1746 2033/1838 2257/1768
f 1843/1754 2009/1701 2179/1756
f 2296/1739 2134/1728 1849/1729
f 1780/1709 1994/1805 2248/1854
f 1753/1795 1942/1797 2160/1837
f 1773/1675 1972/1802 2237/1776
f 1917/1843 2166/1858 1946/1831
f 2054/1667 2268/1668 2055/1666
f 1718/1668 1864/1667 2202/1714
f 1772/1783 1976/1810 2239/1793
f 1738/1823 1915/1742 2218/1741
f 1785/1731 2004/1836 2252/1837
f 1860/1841 2151/1769 2304/1771
f 1878/1638 2162/1639 1879/1637
f 1725/1750 1885/1861 2164/1674
f 1745/1812 1932/1802 2224/1813
f 2040/1780 2181/1781 2041/1779
f 2122/1831 2178/1702 2009/1701
f 2235/1761 1963/1723 1768/1725
f 2140/1804 2299/1793 2141/1789
f 2029/1758 2258/1852 2026/1748
f 1809/1703 2054/1746 2264/1824
f 1767/1806 1968/1804 2239/1793
f 1835/1798 2108/1839 2195/1799
f 2420/1624 2413/1623 2421/1811
f 1933/1786 2161/1749 1887/1676
f 2150/1770 2304/1771 2151/1769
f 1755/1754 1946/1831 2226/1702
f 1817/1702 2070/1747 2188/1746
f 1960/1762 2231/1774 1955/1782
f 1808/1821 2052/1733 2263/1816
f 2005/1838 2177/1781 2012/1780
f 1732/1721 1902/1825 2216/1775
f 2142/1814 2296/1739 2136/1727
f 1810/1851 2057/1758 2265/1807
f 1765/1729 1962/1728 2232/1820
f 1867/1710 2204/1854 1874/1825
f 1809/1714 2056/1748 2268/1668
f 1789/1795 2004/1836 2249/1768
f 1830/1846 2091/1810 2190/1783
f 2017/1743 2198/1745 2154/1637
f 1854/1791 2146/1830 2302/1639
f 1812/1768 2055/1666 2268/1668
f 1933/1786 2221/1776 1927/1777
f 1743/1806 1919/1862 2219/1761
f 1724/1841 1884/1769 2164/1771
f 2051/1720 2265/1807 2049/1713
f 1844/1784 2127/1782 2291/1774
f 2080/1742 2273/1740 2081/1862
f 2235/1761 1960/1762 1764/1760
f 1801/1795 2032/1836 2257/1768
f 1773/1675 1980/1676 2176/1674
f 2116/1733 2287/1731 2117/1835
f 1969/1789 2239/1793 1976/1810
f 1828/1776 2095/1786 2191/1675
f 1727/1809 1892/1808 2211/1711
f 2355/1865 2363/1877 2362/1866
f 2386/1616 2388/1884 2387/1736
f 1871/1778 2158/1852 1938/1703
f 1792/1772 2018/1773 2199/1767
f 2011/1792 2180/1850 2126/1853
f 1956/1662 2232/1820 1954/1847
f 2038/1849 2184/1850 2039/1792
f 2233/1764 1959/1685 1766/1686
f 1984/1765 2243/1767 1985/1743
f 2107/1773 2193/1752 2105/1743
f 2073/1843 2273/1740 2080/1742
f 1737/1795 1912/1780 2172/1796
f 2046/1815 2263/1816 2052/1733
f 1719/1807 1872/1720 2159/1851
f 2294/1741 2130/1742 1847/1740
f 2124/1753 2291/1774 2125/1843
f 2334/1688 2331/1680 2330/1682
f 1797/1731 2030/1835 2256/1732
f 2001/1758 2250/1852 1998/1748
f 1866/1713 2203/1711 1872/1720
f 1906/1703 2170/1702 1907/1747
f 1775/1856 1977/1829 2175/1846
f 1761/1790 1949/1779 2229/1663
f 1798/1746 2034/1703 2182/1702
f 2024/1733 2256/1732 2021/1815
f 1785/1731 2002/1835 2248/1732
f 1918/1762 2167/1774 1920/1782
f 1760/1784 1911/1792 2172/1850
f 1903/1763 2215/1851 1900/1720
f 1764/1760 1955/1782 2232/1845
f 1860/1841 2020/1766 2199/1767
f 2110/1751 2196/1860 2111/1840
f 1827/1813 2092/1802 2191/1675
f 1768/1725 1963/1723 2236/1822
f 2344/1624 2343/1679 2317/1634
f 2033/1838 2181/1781 2040/1780
f 2131/1685 2293/1764 2129/1661
f 1751/1759 1941/1701 2226/1702
f 1855/1787 2148/1810 2303/1846
f 1799/1759 2034/1703 2258/1852
f 1965/1687 2237/1776 1972/1802
f 2078/1844 2276/1823 2079/1661
f 1841/1714 2113/1713 2285/1807
f 1858/1692 2154/1637 2198/1745
f 2149/1829 2302/1639 2146/1830
f 1869/1666 2201/1821 1864/1667
f 1880/1751 2205/1848 1877/1855
f 1723/1856 1881/1829 2163/1846
f 2025/1666 2257/1768 2032/1836
f 1912/1780 2169/1781 1949/1779
f 1789/1795 2012/1780 2180/1796
f 2399/1645 2397/1650 2405/1826
f 2003/1763 2251/1851 2000/1720
f 1837/1745 2112/1744 2196/1860
f 1978/1770 2176/1771 1979/1769
f 2060/1836 2267/1731 2055/1666
f 1806/1711 2045/1808 2262/1709
f 1769/1812 1972/1802 2240/1813
f 1755/1754 1947/1753 2167/1774
f 2053/1825 2266/1721 2050/1710
f 1841/1714 2118/1667 2196/1824
f 1815/1796 2061/1797 2187/1795
f 1756/1784 1948/1853 2168/1845
f 1858/1692 2153/1855 2301/1749
f 1911/1792 2171/1756 1908/1757
f 1781/1816 1996/1733 2248/1732
f 1793/1799 2021/1800 2200/1798
f 1725/1750 1877/1855 2205/1848
f 1876/1836 2157/1768 1937/1838
f 1733/1731 1904/1836 2216/1837
f 2384/1828 2383/1879 2381/1634
f 2379/1665 2377/1673 2371/1672
f 2276/1823 2078/1844 1821/1858
f 1819/1820 2069/1847 2271/1790
f 2049/1713 2261/1809 2045/1808
f 1901/1758 2214/1852 1898/1748
f 1938/1703 2158/1852 1873/1758
f 1961/1862 2235/1761 1968/1804
f 1829/1788 2096/1830 2192/1791
f 2390/1737 2392/1626 2391/1641
f 1770/1791 1975/1638 2173/1749
f 2155/1765 2303/1846 2151/1769
f 1745/1812 1930/1814 2220/1739
f 2085/1724 2278/1725 2082/1723
f 2145/1786 2297/1776 2139/1777
f 2140/1804 2295/1761 2135/1723
f 1716/1809 1865/1808 2203/1711
f 2274/1760 2074/1782 1819/1845
f 1844/1784 2126/1853 2292/1845
f 1762/1823 1957/1661 2229/1663
f 2246/1714 1993/1713 1783/1807
f 1840/1821 2118/1667 2288/1668
f 1973/1786 2173/1749 1980/1676
f 2092/1802 2279/1812 2087/1687
f 2368/1874 2367/1883 2359/1673
f 2084/1727 2275/1729 2079/1661
f 1850/1686 2131/1685 2294/1741
f 2111/1833 2196/1824 2118/1667
f 1805/1790 2044/1847 2184/1796
f 1931/1794 2224/1785 1936/1770
f 1866/1713 2202/1714 1863/1715
f 1982/1637 2174/1639 1977/1829
f 2042/1831 2182/1702 2037/1701
f 1824/1764 2087/1687 2279/1812
f 1915/1742 2166/1858 1917/1843
f 1820/1663 2076/1662 2271/1790
f 1723/1856 1883/1743 2206/1745
f 1806/1711 2050/1710 2266/1721
f 2156/1861 2304/1674 2152/1676
f 1735/1759 1906/1703 2214/1852
f 2014/1751 2197/1848 2153/1855
f 2010/1797 2252/1837 2004/1836
f 2122/1831 2290/1858 2123/1844
f 1818/1774 2067/1753 2270/1784
f 1948/1847 2228/1796 1944/1780
f 1929/1789 2223/1793 1935/1810
f 2075/1762 2274/1760 2082/1723
f 1795/1807 2028/1720 2259/1851
f 1824/1764 2079/1661 2276/1823
f 2099/1765 2281/1856 2097/1829
f 2145/1786 2301/1749 2152/1676
f 1781/1799 1994/1800 2244/1798
f 1787/1759 2008/1757 2179/1756
f 1779/1752 1985/1743 2243/1767
f 1813/1852 2056/1748 2265/1807
f 1882/1765 2207/1767 1883/1743
f 1984/1765 2175/1846 1979/1769
f 1775/1856 1985/1743 2242/1745
f 1901/1758 2215/1851 1908/1757
f 2063/1838 2188/1746 2070/1747
f 1918/1762 2219/1761 1919/1862
f 2068/1780 2271/1790 2069/1847
f 1774/1692 1981/1855 2173/1749
f 1810/1851 2058/1763 2186/1755
f 2059/1757 2185/1759 2057/1758
f 1946/1831 2166/1858 1914/1844
f 2113/1713 2193/1809 2107/1808
f 1964/1727 2233/1764 1965/1687
f 1778/1860 1983/1751 2242/1745
f 2066/1792 2186/1755 2061/1849
f 1825/1741 2088/1803 2280/1686
f 1816/1781 2068/1780 2187/1795
f 2108/1839 2283/1750 2103/1855
f 1921/1859 2220/1822 1922/1723
f 1821/1858 2078/1844 2272/1832
f 2394/1868 2393/1870 2391/1641
f 1979/1769 2175/1846 1976/1810
f 2127/1782 2292/1845 2134/1859
f 1839/1854 2117/1825 2286/1721
f 1980/1676 2173/1749 1981/1855
f 2005/1838 2249/1768 1999/1778
f 1905/1838 2213/1768 1899/1778
f 1812/1768 2063/1838 2187/1795
f 1959/1685 2233/1764 1957/1661
f 2101/1861 2283/1750 2108/1839
f 1785/1731 1996/1733 2245/1821
f 2406/1722 2405/1826 2397/1650
f 1776/1841 1986/1842 2244/1857
f 1879/1637 2162/1639 1881/1829
f 1836/1848 2103/1855 2284/1692
f 1757/1790 1923/1662 2168/1820
f 1759/1754 1909/1701 2171/1756
f 1730/1668 1899/1778 2213/1768
f 1763/1740 1953/1843 2231/1774
f 1891/1667 2210/1714 1898/1748
f 1814/1756 2059/1757 2186/1755
f 2128/1662 2292/1820 2126/1847
f 2236/1822 1963/1723 1764/1760
f 1863/1715 2202/1714 1864/1667
f 1842/1832 2121/1779 2177/1781
f 1832/1749 2100/1676 2191/1675
f 2073/1843 2269/1754 2067/1753
f 2247/1711 2000/1720 1783/1807
f 1845/1790 2121/1779 2289/1663
f 2094/1777 2280/1686 2088/1803
f 1770/1791 1974/1830 2174/1639
f 1786/1746 2007/1747 2177/1781
f 1791/1752 2017/1743 2199/1767
f 2085/1814 2279/1812 2092/1802
f 1939/1747 2225/1781 1937/1838
f 1859/1856 2155/1765 2199/1767
f 1787/1759 2006/1703 2250/1852
f 1940/1757 2227/1756 1941/1701
f 1987/1766 2244/1857 1994/1834
f 1793/1816 2013/1833 2253/1821
f 1943/1792 2228/1850 1948/1853
f 1776/1841 1987/1766 2243/1767
f 1826/1793 2090/1794 2190/1783
f 1721/1731 1876/1836 2160/1837
f 2022/1710 2255/1711 2018/1808
f 1853/1812 2144/1802 2300/1813
f 1942/1849 2228/1850 1943/1792
f 2023/1839 2197/1848 2013/1840
f 1971/1794 2239/1793 1968/1804
f 2298/1788 2138/1803 1851/1806
f 1740/1760 1920/1782 2168/1845
f 1885/1842 2208/1857 1886/1766
f 1929/1789 2222/1788 1926/1803
f 1744/1725 1922/1723 2220/1822
f 2076/1662 2275/1729 2077/1728
f 2141/1789 2299/1793 2148/1810
f 2139/1777 2298/1788 2146/1830
f 2053/1835 2267/1731 2060/1836
f 1757/1790 1944/1780 2225/1781
f 1728/1772 1886/1766 2208/1857
f 1808/1821 2055/1666 2267/1731
f 1896/1733 2209/1821 1897/1666
f 2062/1778 2188/1746 2063/1838
f 1815/1850 2069/1853 2270/1784
f 1778/1860 1989/1840 2241/1848
f 2074/1782 2270/1784 2069/1853
f 2015/1715 2254/1714 2016/1667
f 1734/1746 1899/1778 2214/1852
f 1896/1733 2212/1732 1894/1815
f 2248/1854 2002/1825 1784/1721
f 1910/1797 2216/1837 1904/1836
f 1809/1714 2048/1715 2261/1809
f 1726/1860 1889/1840 2205/1848
f 2132/1762 2291/1774 2127/1782
f 1924/1727 2220/1739 1921/1728
f 2083/1804 2278/1725 2090/1794
f 1905/1838 2169/1781 1912/1780
f 1880/1751 2206/1745 1890/1744
f 1890/1744 2206/1745 1883/1743
f 2089/1789 2189/1787 2096/1830
f 1763/1740 1961/1862 2234/1741
f 2064/1703 2185/1759 2065/1701
f 2065/1701 2185/1759 2059/1757
f 1795/1807 2019/1713 2255/1711
f 1800/1755 2031/1763 2260/1775
f 1887/1676 2161/1749 1877/1855
f 2038/1797 2260/1837 2032/1836
f 1836/1848 2111/1840 2195/1799
f 1782/1668 1991/1667 2246/1714
f 2011/1792 2179/1756 2008/1757
f 1951/1844 2229/1663 1949/1779
f 2139/1777 2297/1776 2137/1687
f 1951/1844 2230/1858 1958/1742
f 2026/1748 2254/1714 2019/1713
f 1738/1823 1913/1661 2165/1663
f 1807/1732 2052/1733 2267/1731
f 1833/1639 2102/1638 2192/1791
f 1800/1755 2039/1792 2183/1756
f 2354/1867 2362/1866 2361/1872
f 1983/1751 2241/1848 1981/1855
f 1766/1686 1966/1803 2238/1788
f 1748/1783 1936/1770 2164/1771
f 1999/1778 2250/1852 2006/1703
f 1751/1759 1873/1758 2159/1851
f 1803/1754 2037/1701 2183/1756
f 2212/1854 1902/1825 1732/1721
f 1817/1702 2065/1701 2269/1754
f 1892/1773 2207/1767 1886/1766
f 1766/1686 1967/1777 2237/1776
f 1934/1830 2162/1639 1878/1638
f 2022/1710 2256/1854 2030/1825
f 1992/1808 2247/1711 1993/1713
f 1788/1755 2008/1757 2251/1851
f 1752/1755 1943/1792 2227/1756
f 2428/1730 2427/1885 2419/1679
f 2375/1656 2373/1664 2374/1657
f 2387/1736 2388/1884 2390/1737
f 1756/1784 1947/1753 2227/1756
f 2105/1743 2193/1752 2112/1744
f 1831/1674 2093/1801 2191/1675
f 1856/1783 2143/1794 2300/1785
f 1941/1701 2227/1756 1947/1753
f 1744/1725 1930/1724 2224/1785
f 1722/1692 1877/1855 2161/1749
f 2346/1695 2348/1697 2350/1699
f 2072/1831 2269/1754 2073/1843
f 2274/1760 2077/1859 1823/1822
f 1743/1806 1928/1804 2223/1793
f 2144/1802 2297/1776 2145/1786
f 2098/1769 2190/1783 2093/1770
f 1733/1731 1902/1835 2212/1732
f 2135/1723 2296/1822 2142/1724
f 1750/1746 1937/1838 2157/1768
f 2018/1808 2255/1711 2019/1713
f 1832/1749 2103/1855 2283/1750
f 2099/1765 2282/1841 2106/1766
f 1970/1724 2240/1785 1971/1794
f 1718/1668 1871/1778 2157/1768
f 1894/1805 2212/1854 1895/1710
f 1931/1794 2223/1793 1928/1804
f 1940/1757 2159/1851 1875/1763
f 1907/1747 2170/1702 1950/1831
f 1720/1721 1874/1825 2160/1775
f 2110/1751 2284/1692 2104/1637
f 2091/1810 2189/1787 2089/1789
f 2049/1713 2265/1807 2056/1748
f 1797/1731 2032/1836 2260/1837
f 1958/1742 2230/1858 1953/1843
f 1897/1666 2209/1821 1891/1667
f 2404/1642 2412/1871 2406/1722
f 2071/1779 2271/1790 2068/1780
f 2372/1659 2374/1657 2373/1664
f 2372/1659 2378/1670 2380/1660
f 2012/1780 2177/1781 2121/1779
f 1777/1750 1981/1855 2241/1848
f 2234/1741 1961/1862 1767/1806
f 1801/1795 2040/1780 2184/1796
f 2418/1635 2426/1726 2425/1819
f 1740/1760 1922/1723 2219/1761
f 2029/1758 2259/1851 2036/1757
f 2036/1757 2259/1851 2031/1763
f 1900/1720 2211/1711 1895/1710
f 1914/1844 2166/1858 1915/1742
f 1754/1832 1914/1844 2165/1663
f 1964/1727 2236/1739 1962/1728
f 2079/1661 2275/1729 2076/1662
f 1739/1740 1919/1862 2218/1741
f 2077/1728 2275/1729 2084/1727
f 2419/1679 2427/1885 2426/1726
f 1742/1686 1927/1777 2221/1776
f 1731/1807 1900/1720 2215/1851
f 1822/1761 2082/1723 2278/1725
f 1731/1807 1898/1748 2210/1714
f 1736/1755 1910/1849 2172/1850
f 1783/1807 2000/1720 2251/1851
f 1826/1793 2089/1789 2277/1806
f 2010/1849 2180/1850 2011/1792
f 1752/1755 1875/1763 2160/1775
f 1794/1668 2026/1748 2258/1852
f 1838/1711 2115/1720 2285/1807
f 1722/1692 1879/1637 2206/1745
f 2153/1855 2197/1848 2023/1839
f 1969/1789 2238/1788 1966/1803
f 1978/1801 2240/1813 1972/1802
f 1881/1829 2162/1639 1934/1830
f 1846/1823 2129/1661 2289/1663
f 1920/1782 2167/1774 1947/1753
f 1834/1767 2105/1743 2281/1856
f 1952/1753 2231/1774 1953/1843
f 1813/1852 2064/1703 2188/1746
f 1790/1824 2016/1667 2253/1821
f 2300/1813 2144/1802 1857/1675
f 2142/1724 2300/1785 2143/1794
f 2047/1833 2264/1824 2054/1667
f 2057/1758 2185/1759 2064/1703
f 2130/1742 2290/1858 2125/1843
f 2414/1630 2422/1864 2421/1811
f 1814/1756 2067/1753 2269/1754
f 1842/1832 2007/1747 2178/1702
f 1827/1785 2090/1794 2278/1725
f 2112/1715 2193/1809 2113/1713
f 1882/1765 2163/1846 1884/1769
f 1856/1783 2151/1769 2303/1846
f 1889/1833 2209/1821 1896/1733
f 1724/1841 1886/1766 2207/1767
f 2360/1875 2353/1886 2361/1876
f 2013/1840 2197/1848 2014/1751
f 2146/1830 2298/1788 2141/1789
f 2114/1710 2286/1721 2115/1720
f 2000/1720 2247/1711 1995/1710
f 2098/1769 2282/1841 2099/1765
f 1991/1667 2245/1821 1989/1833
f 1731/1807 1893/1713 2211/1711
f 1802/1832 2035/1747 2182/1702
f 2425/1819 2424/1887 2416/1628
f 1851/1806 2133/1862 2295/1761
f 1903/1763 2216/1775 1910/1849
f 2409/1863 2410/1712 2402/1619
f 2235/1761 1961/1862 1763/1740
f 1944/1780 2228/1796 1942/1797
f 1715/1824 1864/1667 2201/1821
f 1777/1750 1986/1861 2176/1674
f 2024/1733 2253/1821 2025/1666
f 1811/1837 2060/1836 2187/1795
f 1832/1749 2102/1638 2284/1692
f 1782/1668 1997/1666 2245/1821
f 2094/1777 2192/1791 2095/1786
f 2156/1842 2200/1857 2020/1766
f 2083/1804 2277/1806 2081/1862
f 2093/1770 2190/1783 2090/1794
f 2396/1719 2395/1734 2393/1870
f 2039/1792 2184/1850 2044/1853
f 1720/1721 1872/1720 2203/1711
f 1762/1823 1958/1742 2234/1741
f 2137/1687 2297/1776 2144/1802
f 1888/1839 2205/1848 1889/1840
f 1846/1823 2123/1844 2290/1858
f 1993/1713 2246/1714 1990/1715
f 2299/1793 2143/1794 1856/1783
f 2066/1792 2270/1784 2067/1753
f 1995/1710 2247/1711 1992/1808
f 1737/1795 1904/1836 2213/1768
f 1870/1748 2158/1852 1871/1778
f 1852/1725 2143/1794 2299/1793
f 1771/1787 1976/1810 2175/1846
f 2096/1830 2189/1787 2097/1829
f 1861/1750 2152/1676 2301/1749
f 1850/1686 2138/1803 2298/1788
f 2062/1778 2268/1668 2056/1748
f 1843/1754 2125/1843 2290/1858
f 1982/1637 2242/1745 1983/1751
f 1727/1752 1883/1743 2207/1767
f 1758/1832 1950/1831 2230/1858
f 1721/1731 1868/1733 2201/1821
f 1840/1821 2116/1733 2195/1816
f 2119/1666 2287/1731 2116/1733
f 2095/1786 2192/1791 2102/1638
f 1816/1781 2070/1747 2272/1832
f 1952/1753 2171/1756 1911/1792
f 1749/1675 1932/1802 2221/1776
f 1869/1666 2157/1768 1876/1836
f 2295/1761 2133/1862 1847/1740
f 1782/1668 1999/1778 2249/1768
f 1796/1721 2028/1720 2255/1711
f 2075/1762 2273/1740 2073/1843
f 2071/1779 2272/1832 2078/1844
f 2416/1628 2424/1887 2423/1869
f 1997/1666 2249/1768 2004/1836
f 2383/1879 2384/1828 2386/1880
f 1926/1803 2218/1741 1919/1862
f 1977/1829 2174/1639 1974/1830
f 1823/1739 2084/1727 2279/1812
f 1991/1667 1989/1833 1778/1824
o Nozzle
v -6.25 0.9337 -0.0663
v -6.25 1 -0.0938
v -6.1875 1 -0.1875
v -4.6875 1 -0.1875
v -6.1875 0.8674 -0.1326
v -4.6875 0.8674 -0.1326
v -6.1875 0.8125 -0
v -4.6875 0.8125 -0
v -6.1875 0.8674 0.1326
v -4.6875 0.8674 0.1326
v -6.1875 1 0.1875
v -4.6875 1 0.1875
v -6.1875 1.1326 0.1326
v -4.6875 1.1326 0.1326
v -6.1875 1.1875 -0
v -4.6875 1.1875 -0
v -6.1875 1.1326 -0.1326
v -4.6875 1.1326 -0.1326
v -6.25 0.9063 -0
v -6.25 0.9337 0.0663
v -6.25 1 0.0938
v -6.25 1.0663 0.0663
v -6.25 1.0938 -0
v -6.25 1.0663 -0.0663
v -4.625 0.9337 -0.0663
v -4.625 1 -0.0938
v -4.625 0.9063 -0
v -4.625 0.9337 0.0663
v -4.625 1 0.0938
v -4.625 1.0663 0.0663
v -4.625 1.0938 -0
v -4.625 1.0663 -0.0663
v -6.3125 1.0663 -0.0663
v -6.3125 1 -0.0938
v -6.3125 1.0938 -0
v -6.3125 1.0663 0.0663
v -6.3125 1 0.0938
v -6.3125 0.9337 0.0663
v -6.3125 0.9063 -0
v -6.3125 0.9337 -0.0663
v -4.5625 0.9337 -0.0663
v -4.5625 1 -0.0938
v -4.5625 0.9063 -0
v -4.5625 0.9337 0.0663
v -4.5625 1 0.0938
v -4.5625 1.0663 0.0663
v -4.5625 1.0938 -0
v -4.5625 1.0663 -0.0663
v -4.3362 0.0442 0.9138
v -4.3049 0.0625 0.9451
v -6.4375 0.0625 1
v -4.4375 0.0625 1
v -6.4375 0.0442 0.9558
v -4.4375 0.0442 0.9558
v -6.4375 0 0.9375
v -4.4375 0 0.9375
v -6.4375 -0.0442 0.9558
v -4.4375 -0.0442 0.9558
v -6.4375 -0.0625 1
v -4.4375 -0.0625 1
v -6.4375 -0.0442 1.0442
v -4.4375 -0.0442 1.0442
v -6.4375 0 1.0625
v -4.4375 0 1.0625
v -6.4375 0.0442 1.0442
v -4.4375 0.0442 1.0442
v -4.3491 0 0.9009
v -4.3362 -0.0442 0.9138
v -4.3049 -0.0625 0.9451
v -4.2737 -0.0442 0.9763
v -4.2607 0 0.9893
v -4.2737 0.0442 0.9763
v -4.2942 0.0442 0.8125
v -4.25 0.0625 0.8125
v -4.3125 0 0.8125
v -4.2942 -0.0442 0.8125
v -4.25 -0.0625 0.8125
v -4.2058 -0.0442 0.8125
v -4.1875 0 0.8125
v -4.2058 0.0442 0.8125
v -4.2942 0.0442 0.5625
v -4.25 0.0625 0.5625
v -4.3125 0 0.5625
v -4.2942 -0.0442 0.5625
v -4.25 -0.0625 0.5625
v -4.2058 -0.0442 0.5625
v -4.1875 0 0.5625
v -4.2058 0.0442 0.5625
v -4.3384 0.0884 0.4375
v -4.25 0.125 0.4375
v -4.375 0 0.4375
v -4.3384 -0.0884 0.4375
v -4.25 -0.125 0.4375
v -4.1616 -0.0884 0.4375
v -4.125 0 0.4375
v -4.1616 0.0884 0.4375
v -4.3384 0.0884 0.5625
v -4.25 0.125 0.5625
v -4.375 0 0.5625
v -4.3384 -0.0884 0.5625
v -4.25 -0.125 0.5625
v -4.1616 -0.0884 0.5625
v -4.125 0 0.5625
v -4.1616 0.0884 0.5625
v -6.5701 0.0625 0.9451
v -6.5388 0.0442 0.9138
v -6.5259 0 0.9009
v -6.5388 -0.0442 0.9138
v -6.5701 -0.0625 0.9451
v -6.6013 -0.0442 0.9763
v -6.6143 0 0.9893
v -6.6013 0.0442 0.9763
v -6.7469 0.0625 0.7683
v -6.7156 0.0442 0.7371
v -6.7027 0 0.7241
v -6.7156 -0.0442 0.7371
v -6.7469 -0.0625 0.7683
v -6.7781 -0.0442 0.7996
v -6.7911 0 0.8125
v -6.7781 0.0442 0.7996
v -6.7469 0.0938 0.7683
v -6.7 0.0663 0.7214
v -6.6806 0 0.702
v -6.7 -0.0663 0.7214
v -6.7469 -0.0938 0.7683
v -6.7937 -0.0663 0.8152
v -6.8132 0 0.8346
v -6.7937 0.0663 0.8152
v -6.8352 0.0938 0.6799
v -6.7884 0.0663 0.633
v -6.769 0 0.6136
v -6.7884 -0.0663 0.633
v -6.8352 -0.0938 0.6799
v -6.8821 -0.0663 0.7268
v -6.9015 0 0.7462
v -6.8821 0.0663 0.7268
v -6.25 0.0663 0.9337
v -6.25 0.0938 1
v -6.1875 0.1875 1
v -4.6875 0.1875 1
v -6.1875 0.1326 0.8674
v -4.6875 0.1326 0.8674
v -6.1875 0 0.8125
v -4.6875 0 0.8125
v -6.1875 -0.1326 0.8674
v -4.6875 -0.1326 0.8674
v -6.1875 -0.1875 1
v -4.6875 -0.1875 1
v -6.1875 -0.1326 1.1326
v -4.6875 -0.1326 1.1326
v -6.1875 0 1.1875
v -4.6875 0 1.1875
v -6.1875 0.1326 1.1326
v -4.6875 0.1326 1.1326
v -6.25 0 0.9063
v -6.25 -0.0663 0.9337
v -6.25 -0.0938 1
v -6.25 -0.0663 1.0663
v -6.25 0 1.0938
v -6.25 0.0663 1.0663
v -4.625 0.0663 0.9337
v -4.625 0.0938 1
v -4.625 0 0.9063
v -4.625 -0.0663 0.9337
v -4.625 -0.0938 1
v -4.625 -0.0663 1.0663
v -4.625 0 1.0938
v -4.625 0.0663 1.0663
v -6.3125 0.0663 1.0663
v -6.3125 0.0938 1
v -6.3125 0 1.0938
v -6.3125 -0.0663 1.0663
v -6.3125 -0.0938 1
v -6.3125 -0.0663 0.9337
v -6.3125 0 0.9063
v -6.3125 0.0663 0.9337
v -4.5625 0.0663 0.9337
v -4.5625 0.0938 1
v -4.5625 0 0.9063
v -4.5625 -0.0663 0.9337
v -4.5625 -0.0938 1
v -4.5625 -0.0663 1.0663
v -4.5625 0 1.0938
v -4.5625 0.0663 1.0663
v -6.25 0.9337 -0.0663
v -6.25 1 -0.0938
v -6.1875 1 -0.1875
v -4.6875 1 -0.1875
v -6.1875 0.8674 -0.1326
v -4.6875 0.8674 -0.1326
v -6.1875 0.8125 -0
v -4.6875 0.8125 -0
v -6.1875 0.8674 0.1326
v -4.6875 0.8674 0.1326
v -6.1875 1 0.1875
v -4.6875 1 0.1875
v -6.1875 1.1326 0.1326
v -4.6875 1.1326 0.1326
v -6.1875 1.1875 -0
v -4.6875 1.1875 -0
v -6.1875 1.1326 -0.1326
v -4.6875 1.1326 -0.1326
v -6.25 0.9063 -0
v -6.25 0.9337 0.0663
v -6.25 1 0.0938
v -6.25 1.0663 0.0663
v -6.25 1.0938 -0
v -6.25 1.0663 -0.0663
v -4.625 0.9337 -0.0663
v -4.625 1 -0.0938
v -4.625 0.9063 -0
v -4.625 0.9337 0.0663
v -4.625 1 0.0938
v -4.625 1.0663 0.0663
v -4.625 1.0938 -0
v -4.625 1.0663 -0.0663
v -6.3125 1.0663 -0.0663
v -6.3125 1 -0.0938
v -6.3125 1.0938 -0
v -6.3125 1.0663 0.0663
v -6.3125 1 0.0938
v -6.3125 0.9337 0.0663
v -6.3125 0.9063 -0
v -6.3125 0.9337 -0.0663
v -4.5625 0.9337 -0.0663
v -4.5625 1 -0.0938
v -4.5625 0.9063 -0
v -4.5625 0.9337 0.0663
v -4.5625 1 0.0938
v -4.5625 1.0663 0.0663
v -4.5625 1.0938 -0
v -4.5625 1.0663 -0.0663
v -6.25 0.0663 0.9337
v -6.25 0.0938 1
v -6.1875 0.1875 1
v -4.6875 0.1875 1
v -6.1875 0.1326 0.8674
v -4.6875 0.1326 0.8674
v -6.1875 0 0.8125
v -4.6875 0 0.8125
v -6.1875 -0.1326 0.8674
v -4.6875 -0.1326 0.8674
v -6.1875 -0.1875 1
v -4.6875 -0.1875 1
v -6.1875 -0.1326 1.1326
v -4.6875 -0.1326 1.1326
v -6.1875 0 1.1875
v -4.6875 0 1.1875
v -6.1875 0.1326 1.1326
v -4.6875 0.1326 1.1326
v -6.25 0 0.9063
v -6.25 -0.0663 0.9337
v -6.25 -0.0938 1
v -6.25 -0.0663 1.0663
v -6.25 0 1.0938
v -6.25 0.0663 1.0663
v -4.625 0.0663 0.9337
v -4.625 0.0938 1
v -4.625 0 0.9063
v -4.625 -0.0663 0.9337
v -4.625 -0.0938 1
v -4.625 -0.0663 1.0663
v -4.625 0 1.0938
v -4.625 0.0663 1.0663
v -6.3125 0.0663 1.0663
v -6.3125 0.0938 1
v -6.3125 0 1.0938
v -6.3125 -0.0663 1.0663
v -6.3125 -0.0938 1
v -6.3125 -0.0663 0.9337
v -6.3125 0 0.9063
v -6.3125 0.0663 0.9337
v -4.5625 0.0663 0.9337
v -4.5625 0.0938 1
v -4.5625 0 0.9063
v -4.5625 -0.0663 0.9337
v -4.5625 -0.0938 1
v -4.5625 -0.0663 1.0663
v -4.5625 0 1.0938
v -4.5625 0.0663 1.0663
v -6.7469 0.0625 0.7683
v -6.7156 0.0442 0.7371
v -6.7027 0 0.7241
v -6.7156 -0.0442 0.7371
v -6.7469 -0.0625 0.7683
v -6.7781 -0.0442 0.7996
v -6.7911 0 0.8125
v -6.7781 0.0442 0.7996
v -6.7469 0.0938 0.7683
v -6.7 0.0663 0.7214
v -6.6806 0 0.702
v -6.7 -0.0663 0.7214
v -6.7469 -0.0938 0.7683
v -6.7937 -0.0663 0.8152
v -6.8132 0 0.8346
v -6.7937 0.0663 0.8152
v -6.8352 0.0938 0.6799
v -6.7884 0.0663 0.633
v -6.769 0 0.6136
v -6.7884 -0.0663 0.633
v -6.8352 -0.0938 0.6799
v -6.8821 -0.0663 0.7268
v -6.9015 0 0.7462
v -6.8821 0.0663 0.7268
v -4.3384 0.0884 0.5625
v -4.25 0.125 0.5625
v -4.375 0 0.5625
v -4.3384 -0.0884 0.5625
v -4.25 -0.125 0.5625
v -4.1616 -0.0884 0.5625
v -4.125 0 0.5625
v -4.1616 0.0884 0.5625
v -5.4375 1 -0.1875
v -5.4375 0.8674 -0.1326
v -5.4375 0.8125 -0
v -5.4375 0.8674 0.1326
v -5.4375 1 0.1875
v -5.4375 1.1326 0.1326
v -5.4375 1.1875 -0
v -5.4375 1.1326 -0.1326
v -5.4375 0.0625 1
v -5.4375 0.0442 0.9558
v -5.4375 0 0.9375
v -5.4375 -0.0442 0.9558
v -5.4375 -0.0625 1
v -5.4375 -0.0442 1.0442
v -5.4375 0 1.0625
v -5.4375 0.0442 1.0442
v -5.4375 0.1875 1
v -5.4375 0.1326 0.8674
v -5.4375 0 0.8125
v -5.4375 -0.1326 0.8674
v -5.4375 -0.1875 1
v -5.4375 -0.1326 1.1326
v -5.4375 0 1.1875
v -5.4375 0.1326 1.1326
vt 0.3399 0.6842
vt 0.2767 0.6776
vt 0.3399 0.6776
vt 0.4051 0.6844
vt 0.4051 0.7038
vt 0.3993 0.6941
vt 0.249 0.6711
vt 0.2411 0.6645
vt 0.249 0.6645
vt 0.3874 0.7763
vt 0.3953 0.7829
vt 0.3874 0.7895
vt 0.253 0.6645
vt 0.249 0.6579
vt 0.253 0.6579
vt 0.253 0.6382
vt 0.249 0.6316
vt 0.253 0.6316
vt 0.253 0.6447
vt 0.249 0.6382
vt 0.249 0.6513
vt 0.249 0.6447
vt 0.249 0.6842
vt 0.253 0.6776
vt 0.253 0.6842
vt 0.253 0.6711
vt 0.253 0.6513
vt 0.4032 0.6382
vt 0.3399 0.6316
vt 0.4032 0.6316
vt 0.2688 0.6513
vt 0.2688 0.6447
vt 0.4267 0.6974
vt 0.4244 0.7065
vt 0.419 0.7102
vt 0.4135 0.7065
vt 0.4112 0.6974
vt 0.4135 0.6883
vt 0.419 0.6845
vt 0.4244 0.6883
vt 0.2767 0.6447
vt 0.2767 0.6513
vt 0.4093 0.6872
vt 0.411 0.6941
vt 0.4093 0.7009
vt 0.401 0.7009
vt 0.401 0.6872
vt 0.2806 0.6974
vt 0.2806 0.6908
vt 0.2846 0.6908
vt 0.2706 0.7008
vt 0.269 0.6941
vt 0.2706 0.6873
vt 0.2747 0.6845
vt 0.2806 0.7171
vt 0.2806 0.7105
vt 0.2846 0.7105
vt 0.2788 0.6873
vt 0.2804 0.6941
vt 0.2788 0.7008
vt 0.2747 0.7036
vt 0.2311 0.6483
vt 0.2294 0.6414
vt 0.2311 0.6346
vt 0.2352 0.6318
vt 0.2925 0.7237
vt 0.2925 0.7368
vt 0.2846 0.7303
vt 0.2393 0.6346
vt 0.241 0.6414
vt 0.2393 0.6483
vt 0.2352 0.6511
vt 0.3874 0.75
vt 0.3399 0.7368
vt 0.3874 0.7368
vt 0.4032 0.6447
vt 0.3399 0.6382
vt 0.4032 0.6645
vt 0.3399 0.6579
vt 0.4032 0.6579
vt 0.3399 0.7237
vt 0.3874 0.7237
vt 0.3874 0.7632
vt 0.3399 0.75
vt 0.3399 0.7632
vt 0.3399 0.7105
vt 0.3874 0.7105
vt 0.4269 0.7368
vt 0.4269 0.7237
vt 0.4348 0.7237
vt 0.2925 0.7105
vt 0.2846 0.7566
vt 0.2925 0.75
vt 0.2925 0.7632
vt 0.3953 0.7368
vt 0.2846 0.7039
vt 0.2925 0.6974
vt 0.3953 0.7434
vt 0.2925 0.7763
vt 0.2846 0.7632
vt 0.2846 0.7697
vt 0.2846 0.7237
vt 0.3953 0.7105
vt 0.2846 0.7368
vt 0.3874 0.6974
vt 0.3953 0.6842
vt 0.3953 0.6908
vt 0.3874 0.6842
vt 0.3953 0.7697
vt 0.3953 0.7632
vt 0.3953 0.7303
vt 0.3953 0.7039
vt 0.2925 0.6842
vt 0.2846 0.6842
vt 0.3953 0.7763
vt 0.3399 0.6513
vt 0.3399 0.6447
vt 0.4348 0.6513
vt 0.419 0.6579
vt 0.419 0.6513
vt 0.2411 0.6776
vt 0.249 0.6776
vt 0.4348 0.6382
vt 0.419 0.6447
vt 0.419 0.6382
vt 0.3399 0.6974
vt 0.4348 0.6711
vt 0.419 0.6776
vt 0.419 0.6711
vt 0.2411 0.6382
vt 0.2806 0.7303
vt 0.3992 0.7237
vt 0.3953 0.7237
vt 0.2806 0.7039
vt 0.2846 0.6974
vt 0.3399 0.7763
vt 0.2846 0.7171
vt 0.2806 0.7368
vt 0.4348 0.7105
vt 0.4348 0.7368
vt 0.3992 0.7039
vt 0.3992 0.6908
vt 0.3953 0.6974
vt 0.3992 0.6842
vt 0.3399 0.6711
vt 0.2767 0.6645
vt 0.3399 0.6645
vt 0.4111 0.6513
vt 0.2688 0.6776
vt 0.2767 0.6711
vt 0.4111 0.6447
vt 0.4032 0.6513
vt 0.4348 0.6447
vt 0.4111 0.6382
vt 0.4111 0.6579
vt 0.4111 0.6776
vt 0.2688 0.6645
vt 0.2767 0.6579
vt 0.4111 0.6645
vt 0.2688 0.6711
vt 0.419 0.6316
vt 0.4111 0.6842
vt 0.4032 0.6776
vt 0.3399 0.7895
vt 0.419 0.6645
vt 0.4111 0.6711
vt 0.2688 0.6316
vt 0.2767 0.6382
vt 0.2688 0.6382
vt 0.4111 0.6316
vt 0.4348 0.6645
vt 0.3992 0.6974
vt 0.3992 0.7171
vt 0.3953 0.7171
vt 0.4348 0.6579
vt 0.4348 0.6316
vt 0.4348 0.6776
vt 0.419 0.6842
vt 0.2806 0.7237
vt 0.4269 0.75
vt 0.4348 0.75
vt 0.4269 0.7763
vt 0.4348 0.7632
vt 0.4348 0.7763
vt 0.4269 0.7105
vt 0.4348 0.6974
vt 0.3992 0.7105
vt 0.4269 0.7632
vt 0.2688 0.6842
vt 0.2767 0.6842
vt 0.4032 0.6711
vt 0.2688 0.6579
vt 0.2411 0.6513
vt 0.2411 0.6579
vt 0.2411 0.6316
vt 0.3992 0.7303
vt 0.4348 0.7895
vt 0.4269 0.6842
vt 0.4348 0.6842
vt 0.2806 0.6842
vt 0.2767 0.6316
vt 0.2925 0.7895
vt 0.2846 0.7763
vt 0.2846 0.75
vt 0.3953 0.7566
vt 0.2846 0.7434
vt 0.4032 0.6842
vt 0.4269 0.6974
vt 0.2411 0.6711
vt 0.2411 0.6447
vt 0.3992 0.7368
vt 0.4269 0.7895
vt 0.2411 0.6842
vt 0.2846 0.7829
vt 0.3953 0.75
s 1
f 2759/1888 2489/1889 2758/1890
f 2711/1891 2715/1892 2713/1893
f 2557/1894 2572/1895 2564/1896
f 2674/1897 2695/1898 2676/1899
f 2724/1900 2731/1901 2723/1902
f 2720/1903 2727/1904 2719/1905
f 2721/1906 2728/1907 2720/1903
f 2721/1906 2730/1908 2729/1909
f 2727/1910 2718/1911 2719/1912
f 2717/1913 2732/1896 2724/1900
f 2722/1914 2731/1901 2730/1908
f 2494/1915 2759/1916 2492/1917
f 2546/1918 2555/1902 2554/1914
f 2545/1919 2554/1914 2553/1906
f 2742/1920 2741/1921 2743/1922
f 2743/1922 2744/1923 2745/1924
f 2745/1924 2746/1925 2747/1926
f 2747/1926 2748/1927 2742/1920
f 2545/1919 2495/1928 2497/1929
f 2663/1891 2661/1930 2662/1931
f 2662/1931 2668/1932 2667/1892
f 2667/1892 2666/1933 2665/1893
f 2665/1893 2664/1934 2663/1891
f 2473/1935 2474/1936 2456/1937
f 2653/1938 2654/1939 2660/1940
f 2660/1940 2659/1941 2653/1938
f 2469/1942 2471/1943 2459/1944
f 2658/1945 2657/1946 2656/1947
f 2656/1947 2655/1948 2658/1945
f 2740/1949 2733/1950 2734/1951
f 2734/1951 2735/1952 2740/1949
f 2633/1953 2635/1954 2643/1955
f 2736/1956 2737/1957 2738/1958
f 2738/1958 2739/1959 2740/1949
f 2454/1960 2755/1961 2452/1962
f 2590/1960 2771/1961 2588/1962
f 2496/1963 2760/1964 2494/1915
f 2502/1965 2763/1966 2500/1967
f 2588/1962 2770/1968 2586/1969
f 2440/1970 2756/1971 2454/1960
f 2442/1897 2749/1972 2440/1970
f 2450/1969 2753/1973 2448/1974
f 2701/1938 2702/1939 2708/1940
f 2708/1940 2707/1941 2701/1938
f 2535/1975 2533/1976 2525/1977
f 2706/1945 2705/1946 2704/1947
f 2704/1947 2703/1948 2706/1945
f 2711/1891 2709/1930 2710/1931
f 2710/1931 2716/1932 2715/1892
f 2715/1892 2714/1933 2713/1893
f 2713/1893 2712/1934 2711/1891
f 2770/1968 2585/1953 2583/1978
f 2622/1979 2637/1980 2623/1981
f 2651/1982 2638/1960 2636/1962
f 2689/1983 2677/1984 2679/1978
f 2684/1962 2700/1985 2686/1960
f 2625/1986 2622/1987 2623/1981
f 2671/1981 2669/1988 2670/1987
f 2681/1953 2689/1944 2679/1978
f 2633/1953 2643/1955 2642/1989
f 2697/1990 2682/1969 2680/1974
f 2637/1980 2643/1991 2635/1954
f 2633/1953 2641/1944 2631/1978
f 2678/1992 2695/1993 2696/1994
f 2628/1995 2648/1994 2630/1992
f 2691/1955 2681/1953 2683/1954
f 2672/1970 2693/1996 2674/1897
f 2646/1997 2626/1897 2624/1970
f 2634/1969 2651/1998 2636/1962
f 2649/1990 2634/1969 2632/1974
f 2641/1983 2629/1984 2631/1978
f 2630/1992 2649/1999 2632/1974
f 2627/2000 2640/1937 2639/2001
f 2628/1899 2645/2002 2647/1898
f 2765/1972 2589/1980 2772/1971
f 2762/2003 2495/1928 2761/2004
f 2763/1966 2497/1929 2762/2003
f 2522/2005 2515/2006 2514/2007
f 2566/2008 2557/1894 2558/2009
f 2520/2010 2513/2011 2512/2012
f 2753/1973 2445/1984 2752/2013
f 2518/2014 2509/2015 2510/2016
f 2769/1973 2581/1984 2768/2013
f 2561/1909 2568/2017 2560/1907
f 2476/2018 2438/1989 2437/1955
f 2478/2019 2461/1998 2462/2020
f 2472/2021 2457/2022 2458/1983
f 2766/2023 2575/1981 2765/1972
f 2469/1942 2459/1944 2460/2024
f 2475/2025 2437/1955 2455/1991
f 2533/1976 2526/2026 2525/1977
f 2535/1975 2525/1977 2527/2027
f 2482/2028 2467/1990 2466/1999
f 2480/2029 2465/2030 2464/1994
f 2479/2031 2464/1994 2463/1993
f 2757/2032 2501/2033 2764/2034
f 2770/1968 2583/1978 2769/1973
f 2473/1935 2456/1937 2457/2022
f 2515/2006 2506/2035 2514/2007
f 2542/2036 2487/2037 2489/1889
f 2743/1922 2747/1926 2742/1920
f 2505/2038 2514/2007 2506/2035
f 2505/2038 2498/2039 2496/1963
f 2521/2040 2514/2007 2513/2011
f 2513/2011 2504/2041 2512/2012
f 2507/2042 2498/2039 2506/2035
f 2758/1890 2487/2037 2757/2032
f 2485/2043 2510/2016 2509/2015
f 2548/2044 2499/2045 2501/2033
f 2768/2013 2579/2000 2767/1888
f 2515/2006 2508/2046 2507/2042
f 2541/2047 2501/2033 2487/2037
f 2474/1936 2455/2001 2456/1937
f 2504/2041 2511/2048 2512/2012
f 2503/2049 2490/2050 2485/2043
f 2751/2051 2441/1986 2750/2023
f 2516/2052 2486/2053 2508/2046
f 2543/2054 2493/2055 2544/2056
f 2752/2013 2443/2000 2751/1888
f 2503/2057 2494/1915 2492/1917
f 2718/1911 2725/1894 2717/1913
f 2524/2058 2510/2016 2516/2052
f 2544/2056 2495/1928 2545/1919
f 2481/2059 2466/1999 2465/2030
f 2755/1961 2449/1953 2754/1968
f 2484/2060 2462/2020 2468/2061
f 2767/2051 2577/1986 2766/2023
f 2523/2062 2516/2052 2515/2006
f 2519/2063 2512/2012 2511/2048
f 2517/2064 2511/2065 2509/2015
f 2764/2034 2499/2045 2763/1966
f 2574/1989 2605/1942 2596/2024
f 2471/1943 2458/1983 2459/1944
f 2470/2066 2460/2024 2438/1989
f 2536/2067 2527/2027 2528/2068
f 2538/2069 2529/2070 2530/2071
f 2534/2072 2532/2073 2526/2026
f 2483/2074 2468/2061 2467/1990
f 2537/2075 2528/2068 2529/2070
f 2659/1941 2655/1948 2653/1938
f 2736/1956 2740/1949 2735/1952
f 2543/2076 2489/1889 2491/2077
f 2504/2041 2496/1963 2494/1915
f 2485/2043 2488/2078 2486/2053
f 2511/2065 2485/2043 2509/2015
f 2546/1918 2499/2045 2547/2079
f 2545/1919 2497/1929 2546/1918
f 2544/2056 2553/1906 2552/1903
f 2502/1965 2507/2042 2508/2046
f 2707/1941 2703/1948 2701/1938
f 2542/2036 2549/1913 2541/2047
f 2548/2044 2555/1902 2547/2079
f 2541/2047 2556/1900 2548/2044
f 2544/2056 2551/1905 2543/2054
f 2570/2080 2561/1909 2562/1908
f 2564/1896 2571/2081 2563/1901
f 2663/1891 2667/1892 2665/1893
f 2559/1904 2568/2017 2567/2082
f 2551/1912 2542/2036 2543/2076
f 2597/1998 2614/2019 2613/2083
f 2620/2060 2598/2020 2604/2061
f 2749/1972 2453/1980 2756/1971
f 2477/2083 2463/1982 2461/1998
f 2531/2084 2538/2069 2530/2071
f 2532/2073 2539/2085 2531/2086
f 2761/2004 2493/2055 2760/1964
f 2605/1942 2595/1944 2596/2024
f 2571/2081 2562/1908 2563/1901
f 2756/1971 2451/1954 2755/1961
f 2750/2023 2439/1981 2749/1972
f 2608/2021 2593/2022 2594/1983
f 2772/1971 2587/1954 2771/1961
f 2592/1937 2611/2087 2591/2001
f 2771/1961 2585/1953 2770/1968
f 2613/2083 2599/1982 2597/1998
f 2754/1968 2447/1978 2753/1973
f 2760/1964 2491/2088 2759/1916
f 2600/1994 2617/2059 2601/2030
f 2607/1943 2594/1983 2595/1944
f 2609/1935 2592/1937 2593/2022
f 2604/2061 2619/2074 2620/2060
f 2615/2031 2600/1994 2599/1993
f 2591/1991 2612/2018 2573/1955
f 2618/2028 2603/1990 2602/1999
f 2559/1910 2566/2008 2558/2009
f 2574/1989 2612/2018 2606/2066
f 2678/1992 2697/1999 2680/1974
f 2627/2089 2621/2090 2625/1986
f 2677/1984 2687/2001 2675/2000
f 2671/1981 2692/2091 2685/1980
f 2686/1960 2694/2092 2672/1970
f 2486/2053 2502/1965 2508/2046
f 2638/1960 2646/2092 2624/1970
f 2682/1969 2699/1998 2684/1962
f 2675/2089 2669/2090 2673/1986
f 2683/1954 2692/2093 2691/1991
f 2588/1962 2771/1961 2770/1968
f 2590/1960 2772/1971 2771/1961
f 2674/1897 2693/2002 2695/1898
f 2720/1903 2728/1907 2727/1904
f 2681/1953 2690/2024 2689/1944
f 2721/1906 2729/1909 2728/1907
f 2496/1963 2761/2004 2760/1964
f 2545/1919 2546/1918 2554/1914
f 2502/1965 2764/2034 2763/1966
f 2546/1918 2547/2079 2555/1902
f 2442/1897 2750/2023 2749/1972
f 2689/1983 2688/2022 2677/1984
f 2492/2094 2758/1890 2490/2050
f 2494/1915 2760/1964 2759/1916
f 2576/1970 2772/1971 2590/1960
f 2684/1962 2699/1982 2700/1985
f 2454/1960 2756/1971 2755/1961
f 2440/1970 2749/1972 2756/1971
f 2625/1986 2621/1988 2622/1987
f 2671/1981 2673/1986 2669/1988
f 2759/1888 2491/2077 2489/1889
f 2711/1891 2710/1931 2715/1892
f 2541/2047 2549/1913 2556/1900
f 2736/1956 2738/1958 2740/1949
f 2504/2041 2505/2038 2496/1963
f 2536/2067 2535/1975 2527/2027
f 2505/2038 2513/2011 2514/2007
f 2519/2063 2520/2010 2512/2012
f 2538/2069 2537/2075 2529/2070
f 2537/2075 2536/2067 2528/2068
f 2597/1998 2598/2020 2614/2019
f 2542/2036 2541/2047 2487/2037
f 2516/2052 2510/2016 2486/2053
f 2524/2058 2518/2014 2510/2016
f 2503/2049 2492/2094 2490/2050
f 2474/1936 2475/2087 2455/2001
f 2504/2041 2503/2057 2511/2048
f 2751/2051 2443/2089 2441/1986
f 2503/2057 2504/2041 2494/1915
f 2548/2044 2547/2079 2499/2045
f 2768/2013 2581/1984 2579/2000
f 2515/2006 2516/2052 2508/2046
f 2507/2042 2500/1967 2498/2039
f 2471/1943 2472/2021 2458/1983
f 2513/2011 2505/2038 2504/2041
f 2718/1911 2726/2009 2725/1894
f 2691/1955 2690/1989 2681/1953
f 2488/2078 2764/2034 2502/1965
f 2544/2056 2545/1919 2553/1906
f 2444/1899 2750/2023 2442/1897
f 2500/1967 2762/2003 2498/2039
f 2546/1918 2497/1929 2499/2045
f 2446/1992 2751/1888 2444/1995
f 2630/1992 2648/2030 2649/1999
f 2502/1965 2500/1967 2507/2042
f 2452/1962 2754/1968 2450/1969
f 2641/1983 2640/2022 2629/1984
f 2559/1904 2560/1907 2568/2017
f 2672/1970 2694/1997 2693/1996
f 2448/1974 2752/2013 2446/1992
f 2659/1941 2658/1945 2655/1948
f 2646/1997 2645/1996 2626/1897
f 2678/1992 2676/1995 2695/1993
f 2543/2076 2542/2036 2489/1889
f 2582/1992 2767/1888 2580/1995
f 2633/1953 2642/2024 2641/1944
f 2485/2043 2490/2050 2488/2078
f 2628/1995 2647/1993 2648/1994
f 2580/1899 2766/2023 2578/1897
f 2574/1989 2606/2066 2605/1942
f 2586/1969 2769/1973 2584/1974
f 2470/2066 2469/1942 2460/2024
f 2534/2072 2540/2095 2532/2073
f 2517/2064 2519/2086 2511/2065
f 2767/2051 2579/2089 2577/1986
f 2523/2062 2524/2058 2516/2052
f 2764/2034 2501/2033 2499/2045
f 2483/2074 2484/2060 2468/2061
f 2511/2065 2503/2049 2485/2043
f 2564/1896 2572/1895 2571/2081
f 2544/2056 2493/2055 2495/1928
f 2543/2054 2491/2088 2493/2055
f 2752/2013 2445/1984 2443/2000
f 2481/2059 2482/2028 2466/1999
f 2755/1961 2451/1954 2449/1953
f 2758/1890 2489/1889 2487/2037
f 2485/2043 2486/2053 2510/2016
f 2475/2025 2476/2018 2437/1955
f 2697/1990 2698/2061 2682/1969
f 2637/1980 2644/2093 2643/1991
f 2490/2050 2757/2032 2488/2078
f 2578/1897 2765/1972 2576/1970
f 2634/1969 2650/2020 2651/1998
f 2649/1990 2650/2061 2634/1969
f 2584/1974 2768/2013 2582/1992
f 2757/2032 2487/2037 2501/2033
f 2627/2000 2629/1984 2640/1937
f 2482/2028 2483/2074 2467/1990
f 2480/2029 2481/2059 2465/2030
f 2533/1976 2534/2072 2526/2026
f 2479/2031 2480/2029 2464/1994
f 2628/1899 2626/1897 2645/2002
f 2766/2023 2577/1986 2575/1981
f 2762/2003 2497/1929 2495/1928
f 2515/2006 2507/2042 2506/2035
f 2566/2008 2565/2096 2557/1894
f 2765/1972 2575/1981 2589/1980
f 2472/2021 2473/1935 2457/2022
f 2522/2005 2523/2062 2515/2006
f 2743/1922 2745/1924 2747/1926
f 2541/2047 2548/2044 2501/2033
f 2484/2060 2478/2019 2462/2020
f 2663/1891 2662/1931 2667/1892
f 2551/1912 2550/1911 2542/2036
f 2521/2040 2522/2005 2514/2007
f 2763/1966 2499/2045 2497/1929
f 2620/2060 2614/2019 2598/2020
f 2544/2056 2552/1903 2551/1905
f 2542/2036 2550/1911 2549/1913
f 2548/2044 2556/1900 2555/1902
f 2570/2080 2569/2097 2561/1909
f 2749/1972 2439/1981 2453/1980
f 2518/2014 2517/2064 2509/2015
f 2505/2038 2506/2035 2498/2039
f 2707/1941 2706/1945 2703/1948
f 2476/2018 2470/2066 2438/1989
f 2477/2083 2479/2098 2463/1982
f 2531/2084 2539/2099 2538/2069
f 2561/1909 2569/2097 2568/2017
f 2753/1973 2447/1978 2445/1984
f 2769/1973 2583/1978 2581/1984
f 2532/2073 2540/2095 2539/2085
f 2520/2010 2521/2040 2513/2011
f 2478/2019 2477/2083 2461/1998
f 2724/1900 2732/1896 2731/1901
f 2557/1894 2565/2096 2572/1895
f 2651/1982 2652/1985 2638/1960
f 2727/1910 2726/2009 2718/1911
f 2622/1979 2644/2091 2637/1980
f 2498/2039 2761/2004 2496/1963
f 2450/1969 2754/1968 2753/1973
f 2722/1914 2723/1902 2731/1901
f 2721/1906 2722/1914 2730/1908
f 2717/1913 2725/1894 2732/1896
f 2601/2030 2618/2028 2602/1999
f 2761/2004 2495/1928 2493/2055
f 2605/1942 2607/1943 2595/1944
f 2571/2081 2570/2080 2562/1908
f 2756/1971 2453/1980 2451/1954
f 2750/2023 2441/1986 2439/1981
f 2608/2021 2609/1935 2593/2022
f 2772/1971 2589/1980 2587/1954
f 2592/1937 2610/1936 2611/2087
f 2771/1961 2587/1954 2585/1953
f 2613/2083 2615/2098 2599/1982
f 2754/1968 2449/1953 2447/1978
f 2760/1964 2493/2055 2491/2088
f 2600/1994 2616/2029 2617/2059
f 2607/1943 2608/2021 2594/1983
f 2609/1935 2610/1936 2592/1937
f 2604/2061 2603/1990 2619/2074
f 2615/2031 2616/2029 2600/1994
f 2591/1991 2611/2025 2612/2018
f 2618/2028 2619/2074 2603/1990
f 2559/1910 2567/2100 2566/2008
f 2574/1989 2573/1955 2612/2018
f 2678/1992 2696/2030 2697/1999
f 2627/2089 2639/2101 2621/2090
f 2677/1984 2688/1937 2687/2001
f 2671/1981 2670/1979 2692/2091
f 2686/1960 2700/2102 2694/2092
f 2486/2053 2488/2078 2502/1965
f 2638/1960 2652/2102 2646/2092
f 2682/1969 2698/2020 2699/1998
f 2675/2089 2687/2101 2669/2090
f 2683/1954 2685/1980 2692/2093
f 2492/2094 2759/1888 2758/1890
f 2576/1970 2765/1972 2772/1971
f 2488/2078 2757/2032 2764/2034
f 2444/1899 2751/2051 2750/2023
f 2500/1967 2763/1966 2762/2003
f 2446/1992 2752/2013 2751/1888
f 2452/1962 2755/1961 2754/1968
f 2448/1974 2753/1973 2752/2013
f 2582/1992 2768/2013 2767/1888
f 2580/1899 2767/2051 2766/2023
f 2586/1969 2770/1968 2769/1973
f 2490/2050 2758/1890 2757/2032
f 2578/1897 2766/2023 2765/1972
f 2584/1974 2769/1973 2768/2013
f 2498/2039 2762/2003 2761/2004
f 2601/2030 2617/2059 2618/2028
