o Base
v -1.5 -1.5 -2
v 1.5 -1.5 -2
v -1.5 1.5 -2
v 1.5 1.5 -2
v -1.5 -1.5 -1.5
v 1.5 -1.5 -1.5
v -1.5 1.5 -1.5
v 1.5 1.5 -1.5
v -1.5 -1.5 -5.5
v 1.5 -1.5 -5.5
v -1.5 1.5 -5.5
v 1.5 1.5 -5.5
v -1.5 -1.5 -5
v 1.5 -1.5 -5
v -1.5 1.5 -5
v 1.5 1.5 -5
v 1.5 1.25 -2
v 1.5 1.25 -5
v 1.25 1.25 -5
v 1.25 1.25 -2
v 1.25 1.5 -2
v 1.25 1.5 -5
v 1.5 1.5 -5
v 1.5 1.5 -2
v -1.5 -1 -2
v -1 -1.5 -2
v 1 -1.5 -2
v 1.5 -1 -2
v -1 1.5 -2
v -1.5 1 -2
v 1.5 1 -2
v 1 1.5 -2
v -1 -1.5 -5
v -1.5 -1 -5
v 1.5 -1 -5
v 1 -1.5 -5
v -1.5 1 -5
v -1 1.5 -5
v 1 1.5 -5
v 1.5 1 -5
v -1.25 1.25 -2
v -1.25 1.25 -5
v -1.5 1.25 -5
v -1.5 1.25 -2
v -1.5 1.5 -2
v -1.5 1.5 -5
v -1.25 1.5 -5
v -1.25 1.5 -2
v 1.5 -1.5 -2
v 1.5 -1.5 -5
v 1.25 -1.5 -5
v 1.25 -1.5 -2
v 1.25 -1.25 -2
v 1.25 -1.25 -5
v 1.5 -1.25 -5
v 1.5 -1.25 -2
v -1.25 -1.5 -2
v -1.25 -1.5 -5
v -1.5 -1.5 -5
v -1.5 -1.5 -2
v -1.5 -1.25 -2
v -1.5 -1.25 -5
v -1.25 -1.25 -5
v -1.25 -1.25 -2
v -0.75 -1 -5.5
v 0.75 -1 -5.5
v -0.75 1 -5.5
v 0.75 1 -5.5
v -0.75 -1 -7
v 0.75 -1 -7
v -0.75 1 -8
v -0.75 -0.5 -8
v 0.75 -0.5 -8
v 0.75 1 -8
v -0.25 1 -5.5
v 0.25 1 -5.5
v -0.25 1 -7.875
v 0.25 1 -7.875
v -0.25 1.25 -7.625
v -0.25 1.25 -5.5
v 0.25 1.25 -5.5
v 0.25 1.25 -7.625
v -0.1875 1.25 -7.0625
v 0.1875 1.25 -7.0625
v -0.1875 1.25 -7.5625
v 0.1875 1.25 -7.5625
v -0.1875 2.75 -7.5625
v -0.1875 3 -7.0625
v 0.1875 3 -7.0625
v 0.1875 2.75 -7.5625
v 0.1875 2.375 -5.3125
v -0.1875 2.375 -5.3125
v -0.1875 2.875 -5.1875
v 0.1875 2.875 -5.1875
v 0.1875 2.875 -5.4375
v -0.1875 2.875 -5.4375
v 0.1875 2.375 -5.4375
v -0.1875 2.375 -5.4375
v -0.0625 2.4375 -7.0625
v -0.125 2.5 -7.0625
v 0.125 2.5 -7.0625
v 0.0625 2.4375 -7.0625
v -0.125 2.75 -7.0625
v -0.0625 2.8125 -7.0625
v 0.0625 2.8125 -7.0625
v 0.125 2.75 -7.0625
v -0.0625 2.8125 -5.4375
v -0.125 2.75 -5.4375
v -0.125 2.5 -5.4375
v -0.0625 2.4375 -5.4375
v 0.0625 2.4375 -5.4375
v 0.125 2.5 -5.4375
v 0.125 2.75 -5.4375
v 0.0625 2.8125 -5.4375
v -1 -1 -1.375
v 1 -1 -1.375
v -1 1 -1.375
v 1 1 -1.375
v -1 1 -1
v -1 -1 -1
v 1 -1 -1
v 1 1 -1
v -1 -1 3.5
v 1 -1 3.5
v -1 1 3.5
v 1 1 3.5
v -1 1 3.875
v -1 -1 3.875
v 1 -1 3.875
v 1 1 3.875
v 0.75 0.3125 3.375
v 0.75 -0.3125 3.375
v 0.875 0.5 2.125
v 0.875 -0.5 2.125
v -0.875 -0.625 3.5
v -0.625 -0.875 3.5
v 0.625 -0.875 3.5
v 0.875 -0.625 3.5
v -0.625 0.875 3.5
v -0.875 0.625 3.5
v 0.875 0.625 3.5
v 0.625 0.875 3.5
v -0.625 -0.875 -1
v -0.875 -0.625 -1
v 0.875 -0.625 -1
v 0.625 -0.875 -1
v -0.875 0.625 -1
v -0.625 0.875 -1
v 0.625 0.875 -1
v 0.875 0.625 -1
v 0.875 -0.5 3.375
v 0.875 0.5 3.375
v 0.75 -0.3125 2.125
v 0.75 0.3125 2.125
v 0.75 0.3125 1.875
v 0.75 -0.3125 1.875
v 0.875 0.5 0.625
v 0.875 -0.5 0.625
v 0.875 -0.5 1.875
v 0.875 0.5 1.875
v 0.75 -0.3125 0.625
v 0.75 0.3125 0.625
v 0.75 0.3125 0.375
v 0.75 -0.3125 0.375
v 0.875 0.5 -0.875
v 0.875 -0.5 -0.875
v 0.875 -0.5 0.375
v 0.875 0.5 0.375
v 0.75 -0.3125 -0.875
v 0.75 0.3125 -0.875
v -0.75 0.3125 3.375
v -0.75 -0.3125 3.375
v -0.875 0.5 2.125
v -0.875 -0.5 2.125
v -0.875 -0.5 3.375
v -0.875 0.5 3.375
v -0.75 -0.3125 2.125
v -0.75 0.3125 2.125
v -0.75 0.3125 1.875
v -0.75 -0.3125 1.875
v -0.875 0.5 0.625
v -0.875 -0.5 0.625
v -0.875 -0.5 1.875
v -0.875 0.5 1.875
v -0.75 -0.3125 0.625
v -0.75 0.3125 0.625
v -0.75 0.3125 0.375
v -0.75 -0.3125 0.375
v -0.875 0.5 -0.875
v -0.875 -0.5 -0.875
v -0.875 -0.5 0.375
v -0.875 0.5 0.375
v -0.75 -0.3125 -0.875
v -0.75 0.3125 -0.875
v 0.8125 0.8125 3.5
v 0.8125 0.8125 -1
v 0.8125 0.9375 3.5
v 0.8125 0.9375 -1
v 0.9375 0.8125 3.5
v 0.9375 0.8125 -1
v 0.9375 0.9375 3.5
v 0.9375 0.9375 -1
v -0.9375 0.8125 3.5
v -0.9375 0.8125 -1
v -0.9375 0.9375 3.5
v -0.9375 0.9375 -1
v -0.8125 0.8125 3.5
v -0.8125 0.8125 -1
v -0.8125 0.9375 3.5
v -0.8125 0.9375 -1
v 0.8125 -0.9375 3.5
v 0.8125 -0.9375 -1
v 0.8125 -0.8125 3.5
v 0.8125 -0.8125 -1
v 0.9375 -0.9375 3.5
v 0.9375 -0.9375 -1
v 0.9375 -0.8125 3.5
v 0.9375 -0.8125 -1
v -0.9375 -0.9375 3.5
v -0.9375 -0.9375 -1
v -0.9375 -0.8125 3.5
v -0.9375 -0.8125 -1
v -0.8125 -0.9375 3.5
v -0.8125 -0.9375 -1
v -0.8125 -0.8125 3.5
v -0.8125 -0.8125 -1
v 0 0.875 -0.75
v -0.25 0.875 -0.683
v -0.433 0.875 -0.5
v -0.5 0.875 -0.25
v -0.433 0.875 -0
v -0.25 0.875 0.183
v 0 0.875 0.25
v 0.25 0.875 0.183
v 0.433 0.875 -0
v 0.5 0.875 -0.25
v 0.433 0.875 -0.5
v 0.25 0.875 -0.683
v 0 1 -0.75
v -0.25 1 -0.683
v -0.433 1 -0.5
v -0.5 1 -0.25
v -0.433 1 -0
v -0.25 1 0.183
v 0 1 0.25
v 0.25 1 0.183
v 0.433 1 -0
v 0.5 1 -0.25
v 0.433 1 -0.5
v 0.25 1 -0.683
v -0.75 -0.75 -1.375
v 0.75 -0.75 -1.375
v -0.75 0.75 -1.375
v 0.75 0.75 -1.375
v -0.75 0.75 -1.5
v -0.75 -0.75 -1.5
v 0.75 -0.75 -1.5
v 0.75 0.75 -1.5
v -1.1875 1.5 -1.5625
v -0.8125 1.5 -1.5625
v -1.1875 1.5 -1.9375
v -0.8125 1.5 -1.9375
v -1.1875 1.875 -1.9375
v -1.1875 2.25 -1.5625
v -0.8125 2.25 -1.5625
v -0.8125 1.875 -1.9375
v -1.1875 1.875 -1.1875
v 1.6875 1.875 -1.1875
v -1.1875 1.875 -1.5625
v 1.6875 1.875 -1.5625
v 1.6875 2.25 -1.5625
v -1.1875 2.25 -1.5625
v 1.6875 2.25 -1.1875
v -1.1875 2.25 -1.1875
v 1.6875 2.0625 -1.5625
v 1.6875 2.1951 -1.5076
v 1.6875 2.25 -1.375
v 1.6875 2.1951 -1.2424
v 1.6875 2.0625 -1.1875
v 1.6875 1.9299 -1.2424
v 1.6875 1.875 -1.375
v 1.6875 1.9299 -1.5076
v 2.9375 2.0625 -1.5625
v 2.9375 2.1951 -1.5076
v 2.9375 2.25 -1.375
v 2.9375 2.1951 -1.2424
v 2.9375 2.0625 -1.1875
v 2.9375 1.9299 -1.2424
v 2.9375 1.875 -1.375
v 2.9375 1.9299 -1.5076
v 2.9375 1.875 -1.1875
v 2.9375 1.875 -1.5625
v 2.9375 2.25 -1.5625
v 2.9375 2.25 -1.1875
v 3.1875 2.25 -1.1875
v 3.0625 1.875 -1.1875
v 3.1875 2.25 -1.5625
v 3.0625 1.875 -1.5625
v 0.75 0.75 -5.5
v 1.125 0.75 -5.5
v 0.75 -0.75 -5.5
v 1.125 -0.75 -5.5
v 0.75 -0.75 -6.75
v 0.75 0.75 -6.75
v 1.125 0.75 -6.75
v 1.125 -0.75 -6.75
v -1.125 0.75 -5.5
v -0.75 0.75 -5.5
v -1.125 -0.75 -5.5
v -0.75 -0.75 -5.5
v -1.125 -0.75 -6.75
v -1.125 0.75 -6.75
v -0.75 0.75 -6.75
v -0.75 -0.75 -6.75
v -0.1875 -0.875 2.9375
v 0.1875 -0.875 2.9375
v -0.1875 -0.875 2.5625
v 0.1875 -0.875 2.5625
v -0.1875 -1.125 2.9375
v 0.1875 -1.125 2.9375
v -0.1875 -1.125 2.5625
v 0.1875 -1.125 2.5625
v -0.1875 -1.125 2.9375
v 0.1875 -1.125 2.9375
v -0.1875 -1.5 2.5625
v 0.1875 -1.5 2.5625
v -0.1875 -1.5 -1.5
v 0.1875 -1.5 -1.5
v -0.1875 -1.125 -1.5
v 0.1875 -1.125 -1.5
v -0.1875 -0.875 1.4375
v 0.1875 -0.875 1.4375
v -0.1875 -0.875 1.0625
v 0.1875 -0.875 1.0625
v -0.1875 -1.125 1.4375
v 0.1875 -1.125 1.4375
v -0.1875 -1.125 1.0625
v 0.1875 -1.125 1.0625
v -0.1875 -0.875 -0.0625
v 0.1875 -0.875 -0.0625
v -0.1875 -0.875 -0.4375
v 0.1875 -0.875 -0.4375
v -0.1875 -1.125 -0.0625
v 0.1875 -1.125 -0.0625
v -0.1875 -1.125 -0.4375
v 0.1875 -1.125 -0.4375
v 0.8125 2.3277 -1.4848
v 0.625 2.1951 -1.6174
v 1.375 2.1951 -1.6174
v 1.1875 2.3277 -1.4848
v 0.625 1.9299 -1.8826
v 0.8125 1.7973 -2.0152
v 1.1875 1.7973 -2.0152
v 1.375 1.9299 -1.8826
v 0.8125 1.8857 -2.1036
v 0.625 2.0183 -1.971
v 0.625 2.2835 -1.7058
v 0.8125 2.4161 -1.5732
v 1.1875 2.4161 -1.5732
v 1.375 2.2835 -1.7058
v 1.375 2.0183 -1.971
v 1.1875 1.8857 -2.1036
v -0.75 -0 -0.4375
v -0.75 0.1326 -0.3826
v -0.75 0.1875 -0.25
v -0.75 0.1326 -0.1174
v -0.75 -0 -0.0625
v -0.75 -0.1326 -0.1174
v -0.75 -0.1875 -0.25
v -0.75 -0.1326 -0.3826
v -1.125 -0 -0.4375
v -1.125 0.1326 -0.3826
v -1.125 0.1875 -0.25
v -1.125 0.1326 -0.1174
v -1.125 -0 -0.0625
v -1.125 -0.1326 -0.1174
v -1.125 -0.1875 -0.25
v -1.125 -0.1326 -0.3826
v -0.75 0 1.0625
v -0.75 0.1326 1.1174
v -0.75 0.1875 1.25
v -0.75 0.1326 1.3826
v -0.75 0 1.4375
v -0.75 -0.1326 1.3826
v -0.75 -0.1875 1.25
v -0.75 -0.1326 1.1174
v -1.125 0 1.0625
v -1.125 0.1326 1.1174
v -1.125 0.1875 1.25
v -1.125 0.1326 1.3826
v -1.125 0 1.4375
v -1.125 -0.1326 1.3826
v -1.125 -0.1875 1.25
v -1.125 -0.1326 1.1174
v -0.75 0 2.5625
v -0.75 0.1326 2.6174
v -0.75 0.1875 2.75
v -0.75 0.1326 2.8826
v -0.75 0 2.9375
v -0.75 -0.1326 2.8826
v -0.75 -0.1875 2.75
v -0.75 -0.1326 2.6174
v -1.125 0 2.5625
v -1.125 0.1326 2.6174
v -1.125 0.1875 2.75
v -1.125 0.1326 2.8826
v -1.125 0 2.9375
v -1.125 -0.1326 2.8826
v -1.125 -0.1875 2.75
v -1.125 -0.1326 2.6174
v -1.3125 0 3.125
v -1.2576 0.1326 3.125
v -1.125 0.1875 3.125
v -0.9924 0.1326 3.125
v -0.9375 0 3.125
v -0.9924 -0.1326 3.125
v -1.125 -0.1875 3.125
v -1.2576 -0.1326 3.125
v -1.2576 0.1326 -0.625
v -1.3125 -0 -0.625
v -1.125 0.1875 -0.625
v -0.9924 0.1326 -0.625
v -0.9375 -0 -0.625
v -0.9924 -0.1326 -0.625
v -1.125 -0.1875 -0.625
v -1.2576 -0.1326 -0.625
v -1.2576 0.1487 -0.6638
v -1.3125 0.0549 -0.7576
v -0.9924 0.1487 -0.6638
v -0.9375 0.0549 -0.7576
v -0.9924 -0.0388 -0.8513
v -1.125 -0.0777 -0.8902
v -1.2576 -0.0388 -0.8513
v -1.2576 0.1875 -0.6799
v -1.3125 0.1875 -0.8125
v -0.9924 0.1875 -0.6799
v -0.9375 0.1875 -0.8125
v -0.9924 0.1875 -0.9451
v -1.125 0.1875 -1
v -1.2576 0.1875 -0.9451
v -1.2576 1.6875 -0.6799
v -1.3125 1.6875 -0.8125
v -0.9375 1.6875 -0.8125
v -0.9924 1.6875 -0.6799
v -0.9924 1.6875 -0.9451
v -1.125 1.6875 -1
v -1.2576 1.6875 -0.9451
v -1.125 1.6875 -0.625
v -1.2737 1.7263 -0.6799
v -1.0473 1.9527 -0.8125
v -1.0862 1.9138 -0.6799
v -1.0862 1.9138 -0.9451
v -1.1799 1.8201 -1
v -1.2737 1.7263 -0.9451
v -1.1799 1.8201 -0.625
v -1.5777 2.483 -0.8125
v -1.6165 2.4442 -0.6799
v -1.6165 2.4442 -0.9451
v -1.7102 2.3504 -1
v -1.804 2.2567 -0.9451
v -1.804 2.2567 -0.6799
v -1.7102 2.3504 -0.625
v -1.8428 2.2178 -0.8125
v 0.75 0.75 3.875
v 0.75 -0.75 3.875
v -0.75 -0.75 3.875
v -0.75 0.75 3.875
v 0.75 0.75 4
v -0.75 0.75 4
v 0.75 -0.75 4
v -0.75 -0.75 4
v -1.3567 1.9969 -0.8125
v 1.125 -0.625 -1.5
v 1.375 -0.625 -1.5
v 1.125 -0.375 -1.5
v 1.375 -0.375 -1.5
v 1.125 -0.625 3.5
v 1.375 -0.625 3.5
v 1.125 -0.375 3.5
v 1.375 -0.375 3.5
v 1 -0.625 3.625
v 1 -0.625 3.875
v 1 -0.375 3.625
v 1 -0.375 3.875
v 1 0.625 3.875
v 1 0.625 3.625
v 1 0.375 3.875
v 1 0.375 3.625
v 1.375 0.625 3.5
v 1.125 0.625 3.5
v 1.375 0.375 3.5
v 1.125 0.375 3.5
v 1.375 0.625 -1.5
v 1.125 0.625 -1.5
v 1.375 0.375 -1.5
v 1.125 0.375 -1.5
v 0.8125 1.5 -1.5625
v 1.1875 1.5 -1.5625
v 0.8125 1.5 -1.9375
v 1.1875 1.5 -1.9375
v 0.8125 1.875 -1.9375
v 0.8125 2.25 -1.5625
v 1.1875 2.25 -1.5625
v 1.1875 1.875 -1.9375
v 0 0.875 0.75
v -0.25 0.875 0.817
v -0.433 0.875 1
v -0.5 0.875 1.25
v -0.433 0.875 1.5
v -0.25 0.875 1.683
v 0 0.875 1.75
v 0.25 0.875 1.683
v 0.433 0.875 1.5
v 0.5 0.875 1.25
v 0.433 0.875 1
v 0.25 0.875 0.817
v 0 1 0.75
v -0.25 1 0.817
v -0.433 1 1
v -0.5 1 1.25
v -0.433 1 1.5
v -0.25 1 1.683
v 0 1 1.75
v 0.25 1 1.683
v 0.433 1 1.5
v 0.5 1 1.25
v 0.433 1 1
v 0.25 1 0.817
v 0 0.875 2.25
v -0.25 0.875 2.317
v -0.433 0.875 2.5
v -0.5 0.875 2.75
v -0.433 0.875 3
v -0.25 0.875 3.183
v 0 0.875 3.25
v 0.25 0.875 3.183
v 0.433 0.875 3
v 0.5 0.875 2.75
v 0.433 0.875 2.5
v 0.25 0.875 2.317
v 0 1 2.25
v -0.25 1 2.317
v -0.433 1 2.5
v -0.5 1 2.75
v -0.433 1 3
v -0.25 1 3.183
v 0 1 3.25
v 0.25 1 3.183
v 0.433 1 3
v 0.5 1 2.75
v 0.433 1 2.5
v 0.25 1 2.317
v -1.5 -0 -2
v 0 -1.5 -2
v 0 -1.5 -1.5
v -1.5 -0 -1.5
v 0 1.5 -2
v 1.5 -0 -2
v -1.5 -0 -5.5
v 0 -1.5 -5.5
v 0 -1.5 -5
v -1.5 -0 -5
v 0 1.5 -5.5
v 1.5 -0 -5.5
v 1.5 1.5 -3.5
v 1.5 -0 -2
v 1.5 1 -3.5
v 0 1.5 -2
v -1 1.5 -3.5
v 0 -1.5 -2
v 1 -1.5 -3.5
v -1.5 1 -3.5
v 1.5 -1 -3.5
v -1.5 -1 -3.5
v -1.5 -0 -2
v 1.25 1.5 -3.5
v 1.25 1.25 -3.5
v -1.25 1.5 -3.5
v -1.5 1.5 -3.5
v -1.5 1.25 -3.5
v 1.5 -1.25 -3.5
v 1.25 -1.25 -3.5
v 1.25 -1.5 -3.5
v -1.25 -1.25 -3.5
v -1.5 -1.25 -3.5
v -1.5 -1.5 -3.5
v 0.75 1 -6.75
v 0 1 -5.5
v 0.75 -0 -7.5
v 0.75 0.25 -8
v 0 -1 -5.5
v 0.75 -1 -6.25
v -0.75 0.25 -8
v 0 -0.5 -8
v 0 -1 -7
v -0.75 -0 -7.5
v 0.1875 2.125 -7.0625
v -0.25 1.25 -6.5625
v 0.25 1.125 -6.5625
v 0.25 1.25 -6.5625
v -0.25 1 -6.6875
v -0.25 1.125 -6.5625
v 0.1875 2 -7.5625
v -0.1875 2 -7.5625
v -0.1875 2.125 -7.0625
v -1 -0 -1.375
v 0 -1 -1.375
v 0 -1 -1
v -1 -0 -1
v 1 -0 -1.375
v 0 1 -1.375
v -1 0 3.5
v 0 -1 3.5
v 0 -1 3.875
v -1 0 3.875
v 1 0 3.5
v 0 1 3.5
v -0.625 0.875 1.25
v 0.625 -0.875 1.25
v -0.875 0.625 1.25
v 0.875 0.625 1.25
v 0.875 -0.625 1.25
v -0.875 -0.625 1.25
v 0.875 -0.5625 2.6875
v 0.875 0.5625 2.6875
v -0.875 0.5625 2.6875
v -0.875 -0.5625 2.6875
v 0.8125 0.8125 1.25
v 0.8125 0.9375 1.25
v 0.9375 0.8125 1.25
v -0.9375 0.8125 1.25
v -0.9375 0.9375 1.25
v -0.8125 0.8125 1.25
v 0.8125 -0.9375 1.25
v 0.8125 -0.8125 1.25
v 0.9375 -0.9375 1.25
v -0.9375 -0.9375 1.25
v -0.9375 -0.8125 1.25
v -0.8125 -0.9375 1.25
v 0.75 -0 -1.375
v -0.75 -0 -1.375
v 0 0.75 -1.375
v 0 -0.75 -1.375
v 0.25 2.25 -1.1875
v 0.25 2.25 -1.5625
v 0.25 1.875 -1.1875
v -1.125 -0 -6.75
v 0.75 -0 -6.75
v 1.125 -0 -5.5
v 0.1875 -1.5 0.5312
v -0.1875 -1.125 0.7188
v -0.1875 -1.3125 0.5312
v 0.1875 -1.3125 0.5312
v 0.1875 -1.125 0.7188
v 0.75 0 4
v 0 0.75 4
v -0.75 0 4
v 0 -0.75 4
v 1.125 -0.375 1
v 1.375 -0.625 1
v 1.375 -0.375 1
v 1.125 -0.625 1
v 1.125 0.375 1
v 1.375 0.625 1
v 1.375 0.375 1
v 1.125 0.625 1
v 1.5 -0 -1.5
v 0 1.5 -1.5
v 1.5 -0 -5
v 0 1.5 -5
v 1.5 -0 -5
v 1 1.5 -3.5
v 0 1.5 -5
v -1 -1.5 -3.5
v 0 -1.5 -5
v -1.5 -0 -5
v 1.5 1.25 -3.5
v -1.25 1.25 -3.5
v 1.5 -1.5 -3.5
v -1.25 -1.5 -3.5
v 0 1 -8
v -0.75 1 -6.75
v 0.75 -0 -5.5
v -0.75 -1 -6.25
v -0.75 -0 -5.5
v 0.25 1 -6.6875
v 1 -0 -1
v 0 1 -1
v 1 0 3.875
v 0 1 3.875
v 0.625 0.875 1.25
v -0.625 -0.875 1.25
v 0.875 -0.5625 2.0625
v 0.875 -0.5625 -0.1875
v 0.875 0.5625 -0.1875
v 0.875 0.5625 2.0625
v -0.875 0.5625 2.0625
v -0.875 0.5625 -0.1875
v -0.875 -0.5625 -0.1875
v -0.875 -0.5625 2.0625
v 0.9375 0.9375 1.25
v -0.8125 0.9375 1.25
v 0.9375 -0.8125 1.25
v -0.8125 -0.8125 1.25
v 0.75 -0 -1.5
v -0.75 -0 -1.5
v 0 0.75 -1.5
v 0 -0.75 -1.5
v 0.25 1.875 -1.5625
v -0.75 -0 -6.75
v 1.125 -0 -6.75
v -1.125 -0 -5.5
v -0.1875 -1.5 0.5312
v 0.75 0 3.875
v 0 0.75 3.875
v -0.75 0 3.875
v 0 -0.75 3.875
v 0.125 2.5 -6.25
v 0.0625 2.8125 -6.25
v -0.0625 2.4375 -6.25
v -0.125 2.75 -6.25
v 0.125 2.75 -6.25
v -0.125 2.5 -6.25
v -0.9924 -0.1326 1.25
v -0.9924 0.1326 1.25
v -1.2576 0.1326 1.25
v -1.125 -0.1875 1.25
v -0.9375 0 1.25
v -1.125 0.1875 1.25
v -1.3125 0 1.25
v -1.2576 -0.1326 1.25
v -0.9924 0.9375 -0.6799
v -1.125 0.9375 -1
v -0.9375 0.9375 -0.8125
v -1.3125 0.9375 -0.8125
v -1.125 0.9375 -0.625
v -1.2576 0.9375 -0.9451
v -1.2576 0.9375 -0.6799
v -0.9924 0.9375 -0.9451
v -0.0625 2.8125 -6.25
v 0.0625 2.4375 -6.25
v 0 1 -6.75
v -0.75 -0 -6.5
v 1.5 -0 -3.5
v 0 1.5 -3.5
v 0 -1.5 -3.5
v 0 0 3.5
v 0 -0 -2
v 0 -1 -6.25
v 0 0.25 -8
v 0 -0 -5.5
v 0.75 -0 -6.5
v 0 -0 -1.5
v 0 -0 -5
v 0 -0 -1.375
v 0 -0 -1
v -1.5 -0 -3.5
v 0 0 3.875
v -1.5 0.75 -2
v 0 1.5 -4.25
v 0.75 -1.5 -2
v 0.75 -1.5 -1.5
v 0.8125 -0.8125 2.375
v -1.5 0.75 -1.5
v 0.75 1.5 -2
v 1.5 0.75 -2
v -1.5 0.75 -5.5
v 0.75 -1.5 -5.5
v 0.75 -1.5 -5
v -0.1875 -1.5 1.5469
v -1.5 0.75 -5
v 0.75 1.5 -5.5
v -1.25 1.25 -2.75
v 1.5 0.75 -5.5
v 1.5 1.5 -2.75
v -0.8125 0.8125 2.375
v 1.5 1 -4.25
v -1 1.5 -4.25
v 1 -1.5 -4.25
v -1.5 1 -4.25
v 1.5 -1 -4.25
v -1.5 -1 -4.25
v 1.25 1.5 -4.25
v 1.25 1.25 -2.75
v -1.25 1.5 -2.75
v -1.5 1.5 -4.25
v -1.5 1.25 -2.75
v 1.5 -1.25 -2.75
v 1.25 -1.25 -4.25
v 1.25 -1.5 -2.75
v -1.25 -1.25 -2.75
v -1.5 -1.25 -4.25
v -1.5 -1.5 -2.75
v 1.5 -0 -2.75
v -0.8125 -0.8125 2.375
v -0.9924 0.1326 2.1875
v -1.25 -1.5 -2.75
v 0.9375 -0.9375 2.375
v 1 -1.5 -2.75
v 1.5 -1.25 -4.25
v 1.25 -1.25 -2.75
v -0.875 -0.5625 0.9375
v 0 1.5 -2.75
v -0.625 0.875 0.125
v 0.625 -0.875 0.125
v -0.875 0.625 0.125
v 0.875 0.625 0.125
v 0.875 -0.625 0.125
v -0.875 -0.625 0.125
v 1 1.5 -2.75
v -1.125 -0.1875 2.1875
v -1.2576 0.1326 2.1875
v 1.375 0.375 2.25
v -0.9375 -0.9375 2.375
v 0.8125 0.8125 0.125
v 0.8125 0.9375 0.125
v 0.9375 0.8125 0.125
v -0.9375 0.8125 0.125
v -0.9375 0.9375 0.125
v -0.8125 0.8125 0.125
v -0.9375 -0.8125 2.375
v 0.8125 -0.9375 0.125
v 0.8125 -0.8125 0.125
v 0.9375 -0.9375 0.125
v 0.1875 -1.4062 1.5469
v -0.9375 -0.9375 0.125
v -0.875 0.5625 0.9375
v -0.9375 -0.8125 0.125
v -0.8125 -0.9375 0.125
v 0.875 0.5625 0.9375
v -0.75 -1.5 -1.5
v 1.125 0.375 2.25
v 1.375 -0.375 -0.25
v 0.1875 -1.5 1.5469
v 0.875 -0.625 2.375
v 1.5 -0 -4.25
v 0.875 -0.5625 0.9375
v -1.5 -1 -2.75
v 1.5 -1 -2.75
v -1.125 0.1875 2.1875
v 0.9375 -0.8125 2.375
v 0.1875 -1.5 -0.4844
v 0.625 0.875 2.375
v -0.1875 -1.125 -0.3906
v -0.1875 -1.2188 -0.4844
v 0.1875 -1.2188 -0.4844
v 0.1875 -1.125 -0.3906
v 1.5 1.25 -2.75
v 1.5 -1.5 -2.75
v -1.25 -1.25 -4.25
v 1.25 -1.5 -4.25
v -1.5 1 -2.75
v 1.5 -0.75 -5
v -0.75 1.5 -1.5
v 1.125 -0.375 2.25
v -0.75 1.5 -5
v 1.375 -0.625 2.25
v -1 -1.5 -2.75
v 1.375 -0.375 2.25
v -0.9924 -0.1326 2.1875
v 1.125 -0.625 2.25
v 0.8125 -0.9375 2.375
v 1.125 0.625 2.25
v -0.9375 0.8125 2.375
v -0.9375 0 2.1875
v 0.9375 0.8125 2.375
v 1.125 0.375 -0.25
v -0.9375 0.9375 2.375
v 1.375 0.625 -0.25
v 1.5 -0.75 -1.5
v 1.375 0.375 -0.25
v 1.125 0.625 -0.25
v -0.8125 -0.9375 2.375
v -0.75 -1.5 -2
v -1.5 -0.75 -2
v 1.5 0.75 -1.5
v 0.75 1.5 -1.5
v 1.5 0.75 -5
v 0.75 1.5 -5
v 1 1.5 -4.25
v -1 -1.5 -4.25
v 1.5 1.25 -4.25
v -1.25 1.25 -4.25
v 1.5 -1.5 -4.25
v -1.25 -1.5 -4.25
v -1 1.5 -2.75
v 0.625 0.875 0.125
v -0.625 -0.875 0.125
v 0.9375 0.9375 0.125
v -0.8125 0.9375 0.125
v 0.9375 -0.8125 0.125
v -0.8125 -0.8125 0.125
v -0.1875 -1.5 -0.4844
v 0.875 0.625 2.375
v -0.875 -0.625 2.375
v -0.625 0.875 2.375
v 0.625 -0.875 2.375
v -0.875 0.625 2.375
v 0.8125 0.8125 2.375
v -0.1875 -1.125 1.8281
v -0.1875 -1.4062 1.5469
v 0.1875 -1.125 1.8281
v 1.125 -0.375 -0.25
v 1.375 -0.625 -0.25
v 1.125 -0.625 -0.25
v 1.375 0.625 2.25
v 1.25 1.5 -2.75
v 0.8125 0.9375 2.375
v -0.9924 -0.1326 0.3125
v -0.9924 0.1326 0.3125
v -1.2576 0.1326 0.3125
v 0 -1.5 -2.75
v -1.125 -0.1875 0.3125
v -0.9375 0 0.3125
v -1.125 0.1875 0.3125
v -1.3125 0 0.3125
v -1.2576 -0.1326 0.3125
v 1.5 1.5 -4.25
v -0.75 1.5 -2
v -0.75 1.5 -5.5
v 1.25 1.25 -4.25
v -1.5 -0.75 -1.5
v -1.5 1.25 -4.25
v 1.5 1 -2.75
v -1.25 1.5 -4.25
v 1.5 -0.75 -2
v -0.75 -1.5 -5
v 1.5 -0.75 -5.5
v -1.5 -0.75 -5.5
v 0 -1.5 -4.25
v -1.3125 0 2.1875
v -1.5 -0.75 -5
v -0.75 -1.5 -5.5
v -1.5 1.5 -2.75
v -1.5 -1.5 -4.25
v -1.5 -1.25 -2.75
v -1.2576 -0.1326 2.1875
v -0.8125 0.9375 2.375
v 0.9375 0.9375 2.375
v -0.625 -0.875 2.375
v 0 -0.75 -2
v 0 0.75 -2
v -0.75 -0 -2
v 0.75 -0 -2
v 0 -0.75 -5.5
v 0 0.75 -5.5
v -0.75 -0 -5.5
v 0.75 -0 -5.5
v -0.75 -0 -1.5
v 0.75 -0 -1.5
v 0 -0.75 -1.5
v 0 0.75 -1.5
v -0.75 -0 -5
v 0.75 -0 -5
v 0 -0.75 -5
v 0 0.75 -5
v -1.5 -0 -2.75
v -1.5 -0 -4.25
v 0.75 0.75 -5
v 0.75 0.75 -1.5
v 0.75 -0.75 -5
v 0.75 0.75 -2
v -0.75 -0.75 -2
v -0.75 0.75 -2
v 0.75 0.75 -5.5
v -0.75 -0.75 -5.5
v 0.75 -0.75 -1.5
v -0.75 0.75 -5.5
v -0.75 -0.75 -5
v -0.75 -0.75 -1.5
v 0.75 -0.75 -2
v 0.75 -0.75 -5.5
v -0.75 0.75 -1.5
v -0.75 0.75 -5
vt 0.6739 0.3534
vt 0.6304 0.2845
vt 0.6739 0.2845
vt 0.9239 0.3966
vt 0.9348 0.3103
vt 0.9348 0.3966
vt 0.1304 0.5862
vt 0.0978 0.6552
vt 0.0978 0.5862
vt 0.1304 0.0345
vt 0.163 0.0172
vt 0.163 0.0345
vt 0.3261 0.8621
vt 0.3152 0.8534
vt 0.3261 0.8534
vt 0.212 0.8793
vt 0.1957 0.8276
vt 0.212 0.8276
vt 0.7772 0.3793
vt 0.7337 0.3534
vt 0.7772 0.3534
vt 0.4837 0.625
vt 0.4293 0.5819
vt 0.4837 0.5819
vt 0.7446 0.3793
vt 0.7609 0.3966
vt 0.7446 0.3966
vt 0.3859 0.6897
vt 0.4022 0.7241
vt 0.3859 0.7241
vt 0.6304 0
vt 0.5815 0.0862
vt 0.5815 0
vt 0.6739 0.1638
vt 0.6304 0.0948
vt 0.6739 0.0948
vt 0.5 0.7414
vt 0.4457 0.75
vt 0.4457 0.7414
vt 0.4239 0.8621
vt 0.413 0.8534
vt 0.4239 0.8534
vt 0.4837 0.4138
vt 0.4348 0.3966
vt 0.4837 0.3966
vt 0.3832 0.8017
vt 0.4457 0.8276
vt 0.3832 0.8276
vt 0.337 0.6034
vt 0.3152 0.5862
vt 0.337 0.5862
vt 0.8424 0.3621
vt 0.837 0.4138
vt 0.837 0.3621
vt 0.4837 0.6379
vt 0.4293 0.6509
vt 0.4293 0.6379
vt 0.6522 0.6853
vt 0.6929 0.6767
vt 0.6929 0.6853
vt 0.1984 0.5517
vt 0.2092 0.6078
vt 0.1984 0.6078
vt 0.25 0.6121
vt 0.2663 0.6466
vt 0.25 0.6466
vt 0.9402 0.1724
vt 0.9457 0.25
vt 0.9402 0.25
vt 0.4674 0.8793
vt 0.4728 0.8534
vt 0.4728 0.8793
vt 0.8478 0.0517
vt 0.8424 0.1034
vt 0.8424 0.0517
vt 0.7337 0.0948
vt 0.7772 0.0259
vt 0.7772 0.0948
vt 0.2609 0.1207
vt 0.2826 0.069
vt 0.2826 0.1207
vt 0.3207 0.7759
vt 0.3832 0.75
vt 0.3832 0.7759
vt 0.4457 0.8017
vt 0.4891 0.4397
vt 0.5054 0.4914
vt 0.4891 0.4914
vt 0.6304 0.1034
vt 0.5815 0.1034
vt 0.4348 0.5431
vt 0.4348 0.4914
vt 0.3832 0.8534
vt 0.3207 0.8276
vt 0.1087 0.7586
vt 0.1304 0.7759
vt 0.1304 0.8276
vt 0.3152 0.6034
vt 0.337 0.6767
vt 0.3152 0.6767
vt 0.9022 0.3966
vt 0.913 0.3103
vt 0.913 0.3966
vt 0.0978 0.1379
vt 0.1304 0.1724
vt 0.0978 0.1724
vt 0.1957 0.7241
vt 0.2174 0.7586
vt 0.1957 0.7759
vt 0.6359 0.694
vt 0.6413 0.6853
vt 0.6413 0.694
vt 0.163 0.2759
vt 0.1304 0.2241
vt 0.163 0.2241
vt 0.3098 0.6767
vt 0.3478 0.6681
vt 0.3424 0.6767
vt 0.712 0.3793
vt 0.7283 0.3966
vt 0.712 0.3966
vt 0.3043 0.8276
vt 0.3207 0.8017
vt 0.163 0.5517
vt 0.1304 0.5
vt 0.163 0.5
vt 0.0652 0.7586
vt 0.087 0.6897
vt 0.9402 0.4828
vt 0.9348 0.4052
vt 0.9402 0.4052
vt 0.4348 0.5
vt 0.413 0.5517
vt 0.413 0.5
vt 0.2337 0.5517
vt 0.2391 0.6078
vt 0.2337 0.6078
vt 0.6413 0.7112
vt 0.6304 0.7026
vt 0.6413 0.7026
vt 0.9457 0.4828
vt 0.9457 0.4052
vt 0.25 0.5948
vt 0.2446 0.5603
vt 0.25 0.5603
vt 0.2609 0.3966
vt 0.2826 0.3448
vt 0.2826 0.3966
vt 0.7772 0.1897
vt 0.8207 0.2155
vt 0.7772 0.2155
vt 0.4783 0.8534
vt 0.4783 0.8793
vt 0.9565 0.4052
vt 0.9511 0.4828
vt 0.9511 0.4052
vt 0.9348 0.1724
vt 0.9348 0.25
vt 0.2663 0.5603
vt 0.2663 0.5948
vt 0.5054 0.4397
vt 0.5217 0.4914
vt 0.4565 0.8793
vt 0.462 0.8534
vt 0.462 0.8793
vt 0.3152 0.069
vt 0.3152 0.1207
vt 0.462 0.8017
vt 0.6957 0.3793
vt 0.6957 0.3966
vt 0.5217 0.4397
vt 0.5761 0.4138
vt 0.5761 0.4397
vt 0.3804 0.3103
vt 0.413 0.3448
vt 0.3804 0.3448
vt 0.4348 0.8621
vt 0.4348 0.8534
vt 0.3696 0.8621
vt 0.3587 0.8534
vt 0.3696 0.8534
vt 0.5652 0.6853
vt 0.5978 0.6767
vt 0.5978 0.6853
vt 0.837 0.2845
vt 0.8207 0.3534
vt 0.8207 0.2845
vt 0.4293 0.694
vt 0.4837 0.6509
vt 0.4837 0.694
vt 0.4022 0.8621
vt 0.3913 0.8534
vt 0.4022 0.8534
vt 0.4239 0.569
vt 0.4293 0.625
vt 0.4239 0.6379
vt 0.4891 0.569
vt 0.4891 0.6379
vt 0.4293 0.569
vt 0.8913 0.3966
vt 0.9022 0.3103
vt 0.3152 0.5862
vt 0.2826 0.5517
vt 0.3152 0.5517
vt 0.0326 0.6897
vt 0 0.6552
vt 0.0326 0.6552
vt 0.7255 0.4052
vt 0.7092 0.3966
vt 0.7255 0.3966
vt 0.5054 0.181
vt 0.4946 0.1121
vt 0.5054 0.1121
vt 0.163 0.7241
vt 0.163 0.7759
vt 0.4701 0.1078
vt 0.4946 0.181
vt 0.4701 0.1853
vt 0.4348 0.1897
vt 0.625 0.1121
vt 0.6304 0.1897
vt 0.625 0.181
vt 0.4402 0.1121
vt 0.4402 0.181
vt 0.163 0.6552
vt 0.1304 0.6034
vt 0.163 0.6034
vt 0.4891 0.7069
vt 0.4239 0.7069
vt 0.7283 0.3793
vt 0.3152 0.3448
vt 0.3152 0.3966
vt 0.4022 0.6897
vt 0.3859 0.6379
vt 0.4022 0.6379
vt 0.4837 0.7069
vt 0.2609 0.0345
vt 0.2283 0.0517
vt 0.2283 0.0345
vt 0.7337 0.2845
vt 0.7772 0.2845
vt 0.9511 0.1724
vt 0.9565 0.25
vt 0.9511 0.25
vt 0.4946 0.319
vt 0.4701 0.3147
vt 0.5054 0.319
vt 0.4946 0.3879
vt 0.4701 0.3922
vt 0.625 0.319
vt 0.6304 0.3966
vt 0.625 0.3879
vt 0.4402 0.319
vt 0.4402 0.3879
vt 0.5761 0.5431
vt 0.5761 0.4914
vt 0.2201 0.5517
vt 0.231 0.6078
vt 0.2201 0.6078
vt 0.1304 0.069
vt 0.163 0.0517
vt 0.163 0.069
vt 0.9457 0.1724
vt 0.4457 0.8621
vt 0.4457 0.8534
vt 0.1304 0
vt 0.163 0
vt 0.2609 0
vt 0.2283 0.0172
vt 0.2283 0
vt 0.1304 0.0517
vt 0.5 0.7672
vt 0.4457 0.7759
vt 0.4457 0.7672
vt 0.4837 0.8534
vt 0.4837 0.8793
vt 0.3558 0.9138
vt 0.3181 0.9138
vt 0.337 0.862
vt 0.4891 0.8534
vt 0.4728 0.8276
vt 0.4891 0.8276
vt 0.4891 0.8793
vt 0.4348 0.2241
vt 0.413 0.2759
vt 0.413 0.2241
vt 0.2283 0.8534
vt 0.2609 0.8276
vt 0.2446 0.8534
vt 0.2446 0.8276
vt 0.212 0.5517
vt 0.2174 0.6078
vt 0.212 0.6078
vt 0.3804 0.0345
vt 0.413 0.069
vt 0.3804 0.069
vt 0.5652 0.6681
vt 0.5978 0.6595
vt 0.5978 0.6681
vt 0.6522 0.694
vt 0.6929 0.694
vt 0.6522 0.7284
vt 0.6929 0.7198
vt 0.6929 0.7284
vt 0.2609 0.0172
vt 0.2663 0.6121
vt 0.7772 0
vt 0.8207 0.0259
vt 0.7174 0.2845
vt 0.7337 0.2155
vt 0.4891 0.8103
vt 0.4946 0.7845
vt 0.5 0.8103
vt 0.1304 0.0172
vt 0.7633 0.7323
vt 0.7772 0.7414
vt 0.769 0.7543
vt 0.3478 0.8621
vt 0.337 0.8534
vt 0.3478 0.8534
vt 0.1304 0.069
vt 0.0978 0.069
vt 0.4891 0.5431
vt 0.4348 0.569
vt 0.9348 0.681
vt 0.9239 0.6638
vt 0.9348 0.6638
vt 0.9565 0.4828
vt 0.3913 0.8621
vt 0.3804 0.8534
vt 0.413 0.8621
vt 0.1304 0.4138
vt 0.0978 0.4828
vt 0.0978 0.4138
vt 0.6467 0.3534
vt 0.663 0.4235
vt 0.6467 0.4235
vt 0.5815 0.2931
vt 0.6304 0.3103
vt 0.5815 0.3103
vt 0.3804 0.8621
vt 0.6467 0.6336
vt 0.6304 0.583
vt 0.6427 0.5636
vt 0.6753 0.4235
vt 0.6793 0.3534
vt 0.6793 0.43
vt 0.2609 0.0517
vt 0.2283 0.069
vt 0.6304 0.2069
vt 0.5815 0.2069
vt 0.0326 0.3448
vt 0 0.3103
vt 0.0326 0.3103
vt 0.3152 0.3103
vt 0.2826 0.2759
vt 0.3152 0.2759
vt 0.7255 0.4569
vt 0.7092 0.4052
vt 0.7337 0.4181
vt 0.7011 0.4181
vt 0.6957 0.444
vt 0.6957 0.4181
vt 0.7391 0.444
vt 0.7391 0.4181
vt 0.9239 0.3103
vt 0.5543 0.6767
vt 0.5217 0.6681
vt 0.5543 0.6681
vt 0.7011 0.4052
vt 0.2717 0.5603
vt 0.2772 0.5948
vt 0.7391 0.4569
vt 0.7337 0.444
vt 0.7011 0.444
vt 0.6957 0.4569
vt 0.4239 0.6466
vt 0.837 0.1034
vt 0.837 0.0517
vt 0.8424 0.2586
vt 0.837 0.3103
vt 0.837 0.2586
vt 0.8424 0.1552
vt 0.837 0.2069
vt 0.837 0.1552
vt 0.5652 0.7284
vt 0.5978 0.7198
vt 0.5978 0.7284
vt 0.1304 0.2414
vt 0.0978 0.3103
vt 0.0978 0.2414
vt 0.9022 0.6552
vt 0.8913 0.681
vt 0.8913 0.6638
vt 0.913 0.6897
vt 0.913 0.6552
vt 0.5707 0.181
vt 0.5598 0.1121
vt 0.5707 0.1121
vt 0.6522 0.7112
vt 0.6929 0.7026
vt 0.6929 0.7112
vt 0.7092 0.4569
vt 0.7255 0.4655
vt 0.7092 0.4655
vt 0.1304 0.5172
vt 0.0978 0.5172
vt 0.9348 0.4828
vt 0.913 0.569
vt 0.9239 0.4828
vt 0.9239 0.569
vt 0.3152 0.2241
vt 0.3478 0.1724
vt 0.3478 0.2241
vt 0.0652 0
vt 0.0326 0.069
vt 0.0326 0
vt 0.163 0.4483
vt 0.1304 0.3966
vt 0.163 0.3966
vt 0.0652 0.5862
vt 0.0326 0.5862
vt 0.7745 0.7026
vt 0.8152 0.694
vt 0.8152 0.7026
vt 0.3152 0.5
vt 0.4348 0.4397
vt 0.3804 0.5862
vt 0.3478 0.5517
vt 0.3804 0.5517
vt 0.4348 0.2931
vt 0.4837 0.3103
vt 0.4348 0.3103
vt 0.0326 0.2414
vt 0 0.2414
vt 0.9565 0.3276
vt 0.2609 0.2759
vt 0.2826 0.2241
vt 0.3804 0.5
vt 0.6304 0.6767
vt 0.6304 0.6853
vt 0.7337 0.1638
vt 0.7772 0.1638
vt 0.0217 0.7586
vt 0.0543 0.6897
vt 0.413 0.4483
vt 0.2283 0.1207
vt 0.1957 0.069
vt 0.2609 0.2241
vt 0.2283 0.1724
vt 0.2609 0.1724
vt 0.6739 0.2155
vt 0.7174 0.2155
vt 0.2826 0.0345
vt 0.9348 0.4828
vt 0.9348 0.569
vt 0.6793 0.583
vt 0.6957 0.6595
vt 0.6793 0.6595
vt 0.8913 0.6552
vt 0.9022 0.569
vt 0.5326 0
vt 0.4837 0.0862
vt 0.4837 0
vt 0.663 0.6336
vt 0.1957 0.0345
vt 0.0326 0.4138
vt -0 0.4828
vt 0 0.4138
vt 0.163 0.1724
vt 0.1304 0.1207
vt 0.163 0.1207
vt 0.2609 0.7586
vt 0.2391 0.6897
vt 0.2717 0.6897
vt 0.8478 0.2069
vt 0.8424 0.2069
vt 0.5054 0.5431
vt 0.7337 0.6853
vt 0.7745 0.6767
vt 0.7745 0.6853
vt 0.8478 -0
vt 0.8424 -0
vt 0.3641 0.6466
vt 0.3641 0.7069
vt 0.8478 0.1034
vt 0.8478 0.3103
vt 0.8424 0.3103
vt 0.5326 0.1034
vt 0.4837 0.1034
vt 0.3043 0.6681
vt 0.837 0.2155
vt 0 0.3448
vt 0.0978 0
vt 0.7174 0.1638
vt 0.2283 0.2241
vt 0.1957 0.1724
vt 0.5326 0.2069
vt 0.4837 0.2931
vt 0.4837 0.2069
vt 0.7745 0.7112
vt 0.8152 0.7112
vt 0.1957 0.6638
vt 0.1984 0.6638
vt 0.2174 0.6638
vt 0.2201 0.6638
vt 0.7745 0.7198
vt 0.8152 0.7198
vt 0.913 0.4828
vt 0.1304 0.3448
vt 0.1304 0.3103
vt 0.7745 0.7284
vt 0.8152 0.7284
vt 0.0326 0.1724
vt 0 0.1724
vt 0.1957 0.0517
vt 0.2826 0.3103
vt 0.7337 0.694
vt 0.7337 0.7026
vt 0.3804 0.3966
vt 0.413 0.3966
vt 0.3478 0.5
vt 0.413 0.3103
vt 0.3804 0.2759
vt 0.0652 0.5172
vt 0.0326 0.5172
vt 0.3804 0.2241
vt 0.413 0.1724
vt 0.2283 0.3448
vt 0.2609 0.3448
vt 0.9239 0.6552
vt 0.9348 0.6552
vt 0.3804 0.4483
vt 0.3804 0.1724
vt 0.1304 0.7241
vt 0.163 0.8276
vt 0.2283 0.4483
vt 0.1957 0.3966
vt 0.2283 0.3966
vt 0.8207 0.0948
vt 0.2826 0.1724
vt 0.1957 0.6034
vt 0.163 0.5517
vt 0.1957 0.5517
vt 0.4973 0.1078
vt 0.4348 0.1034
vt 0.5951 0.1078
vt 0.5815 0.1897
vt 0.5951 0.1853
vt 0.5598 0.181
vt 0.4973 0.1853
vt 0.3478 0.1207
vt 0.3804 0.1207
vt 0.3478 0.2759
vt 0.1957 0.0172
vt 0.9565 0.1724
vt 0.7174 0.3534
vt 0.6304 0.2155
vt 0.6671 0.5636
vt 0.6793 0.5065
vt 0.2609 0.5517
vt 0.2283 0.5
vt 0.2609 0.5
vt 0.4973 0.3147
vt 0.5707 0.319
vt 0.5951 0.3147
vt 0.5707 0.3879
vt 0.5815 0.3966
vt 0.5951 0.3922
vt 0.5598 0.3879
vt 0.4973 0.3922
vt 0.2609 0.4483
vt 0.7337 0
vt 0.7337 0.0259
vt 0.2609 0.069
vt 0.7745 0.6681
vt 0.8152 0.6595
vt 0.8152 0.6681
vt 0.6467 0.5636
vt 0.9511 0.3276
vt 0.8152 0.6767
vt 0.7745 0.694
vt 0.8152 0.6853
vt 0.9457 0.3276
vt 0.6304 0.3534
vt 0.6345 0.4235
vt 0.6304 0.43
vt 0.3478 0.8667
vt 0.3558 0.8793
vt 0.3587 0.8966
vt 0.163 0.9138
vt 0.1304 1
vt 0.1304 0.9138
vt 0.3478 0.9264
vt 0.337 0.9311
vt 0.3261 0.9264
vt 0.3152 0.8966
vt 0.3181 0.8793
vt 0.3261 0.8667
vt 0.4837 0.1897
vt 0.5326 0.1897
vt 0.0652 0.2414
vt 0.0652 0.1724
vt 0.4348 0.1207
vt 0.413 0.1207
vt 0.2283 0.8276
vt 0.2609 0.8793
vt 0 0.1379
vt 0 0.069
vt 0.0978 0.3448
vt 0.0652 0.4138
vt 0.0652 0.3448
vt 0.6304 0.4138
vt 0.3478 0.4483
vt -0 0.5172
vt 0.6957 0.5065
vt 0.6929 0.6681
vt 0.7337 0.6595
vt 0.7337 0.6681
vt 0.1304 0.6897
vt 0.1304 0.6552
vt 0.7174 0.0948
vt 0.8207 0.3793
vt 0.1957 0.4483
vt 0.3152 0.75
vt 0.3043 0.75
vt 0.1957 0.3448
vt 0.2826 0.4483
vt 0.2826 0.5
vt 0.663 0.3534
vt 0.4348 0.069
vt 0.3152 0.1724
vt 0.3478 0.3448
vt 0.5217 0.5431
vt 0.0978 0.6897
vt 0.0652 0.6552
vt 0.8913 0.569
vt 0.9022 0.4828
vt 0.9348 0.3276
vt 0.7337 0.4784
vt 0.7337 0.5043
vt 0.7255 0.5172
vt 0.7092 0.5172
vt 0.7011 0.5043
vt 0.7011 0.4784
vt 0.5326 0.3103
vt 0.5462 0.3147
vt 0.1304 0.5517
vt 0.5326 0.3966
vt 0.663 0.4935
vt 0.663 0.5636
vt 0.5598 0.319
vt 0.7633 0.7505
vt 0.7609 0.7414
vt 0.837 0.0259
vt 0.769 0.7285
vt 0.7748 0.7323
vt 0.7748 0.7505
vt 0.1957 0.6552
vt 0.8207 0.1638
vt 0.3478 0.3966
vt 0.3152 0.4483
vt 0.2092 0.6638
vt 0.0652 0.069
vt 0.0326 0.1379
vt 0.9022 0.6897
vt 0.9239 0.681
vt 0.5815 0.4138
vt 0.0326 0.4828
vt 0.3859 0.5862
vt 0.4022 0.5862
vt 0.6957 0.583
vt 0.337 0.8621
vt 0.1957 0.6078
vt 0.231 0.6638
vt 0.3478 0.6466
vt 0.3587 0.8621
vt 0.5 0.7155
vt 0.4457 0.7241
vt 0.4457 0.7155
vt 0.2446 0.8793
vt 0.2283 0.8793
vt 0.5 0.7241
vt 0.4457 0.7328
vt 0.4674 0.8534
vt 0.5 0.7069
vt 0.4457 0.7069
vt 0.25 0.5517
vt 0.4946 0.8793
vt 0.5 0.8534
vt 0.5 0.8793
vt 0.4891 0.7845
vt 0.4728 0.8103
vt 0.4728 0.7845
vt 0.4946 0.8534
vt 0.5 0.7328
vt 0.837 0.0948
vt 0.8478 0.2586
vt 0.8478 0.1552
vt 0.8478 0.3621
vt 0.8424 0.4138
vt 0.5543 0.6595
vt 0.5543 0.7026
vt 0.5652 0.694
vt 0.5652 0.7026
vt 0.5 0.7586
vt 0.4457 0.7586
vt 0.6522 0.6767
vt 0.6522 0.6681
vt 0.6929 0.6595
vt 0.5978 0.694
vt 0.5978 0.7026
vt 0.6522 0.7026
vt 0.6359 0.7284
vt 0.6413 0.7198
vt 0.6413 0.7284
vt 0.6467 0.694
vt 0.644 0.6853
vt 0.5571 0.6767
vt 0.5625 0.6767
vt 0.5543 0.6853
vt 0.5625 0.7112
vt 0.5598 0.7198
vt 0.5571 0.7112
vt 0.6413 0.6681
vt 0.6467 0.6595
vt 0.644 0.6681
vt 0.6522 0.7198
vt 0.6467 0.7284
vt 0.6413 0.6767
vt 0.6386 0.6681
vt 0.6386 0.6853
vt 0.4728 0.7759
vt 0.5652 0.7198
vt 0.5978 0.7112
vt 0.5217 0.569
vt 0.5761 0.569
vt 0.4674 0.7845
vt 0.6359 0.6595
vt 0.6413 0.6595
vt 0.5598 0.6681
vt 0.5625 0.6681
vt 0.6304 0.7198
vt 0.5625 0.7198
vt 0.5598 0.7284
vt 0.5598 0.6595
vt 0.5217 0.6853
vt 0.5 0.6638
vt 0.5217 0.6595
vt 0.5543 0.7112
vt 0.5217 0.7026
vt 0.5217 0.694
vt 0.5217 0.7284
vt 0.5543 0.7198
vt 0.5543 0.7284
vt 0.7337 0.4052
vt 0.5217 0.7112
vt 0.5543 0.694
vt 0.5 0.6897
vt 0.5 0.681
vt 0.5217 0.6767
vt 0.5217 0.7198
vt 0.5 0.6983
vt 0.5 0.6724
vt 0.4891 0.4138
vt 0.4348 0.4138
vt 0.5652 0.7112
vt 0.5652 0.6767
vt 0.1957 0.9138
vt 0.163 1
vt 0.6957 0.43
vt 0.5 0.75
vt 0.663 0.6595
vt 0.0652 0.3103
vt 0.6386 0.4935
vt 0.7337 0.7284
vt 0.4348 0.3448
vt 0.837 -0
vt 0.6304 0.6595
vt 0.6304 0.6681
vt 0.6304 0.7284
vt 0.3152 0.0345
vt 0.3478 0.069
vt 0.212 0.6638
vt 0.4239 0.5862
vt 0.7337 0.7112
vt 0.25 0.8276
vt 0.1957 0
vt 0.3043 0.7586
vt 0.337 0.75
vt 0.3478 0.75
vt 0.3641 0.5862
vt 0.5462 0.1078
vt 0.7337 0.7198
vt 0.3043 0.6897
vt 0.2092 0.5517
vt 0.6467 0.4935
vt 0.6712 0.4935
vt 0.9402 0.3276
vt 0.6304 0.694
vt 0.6304 0.7112
vt 0.231 0.5517
vt 0.7337 0.6767
vt 0.6304 0.0259
vt 0.6739 0.0259
vt 0.7745 0.6595
vt 0.8207 0.1897
vt 0.3478 0.5862
vt 0.5462 0.1853
vt 0.5462 0.3922
vt 0.5054 0.3879
vt 0.7174 0.0259
vt 0.1957 0.1207
vt 0.0217 0.8276
vt 0.0761 0.8276
vt 0.4348 0.3966
vt 0.2283 0.5517
vt 0.1957 0.5
vt 0.2283 0.2759
vt 0.1957 0.2241
vt 0.7337 0.1897
vt 0.2391 0.6638
vt 0.2337 0.6638
vt 0 0.5862
vt 0.4348 0.2069
vt 0.4348 0.0862
vt 0.4348 -0
vt 0.413 0.5862
vt 0.163 0.3448
vt 0 0
vt 0.0652 0.4828
vt 0.8913 0.4828
vt 0.3478 0.3103
vt 0.5326 0.2931
vt 0.6304 0.5065
vt 0.0652 0.1379
vt 0.3478 0.0345
vt 0.4348 0.1724
vt 0.0652 0.6897
vt 0.4348 0.4483
vt 0.1304 0.4483
vt 0.1957 0.5517
vt 0.1957 0.2759
vt 0.5326 0.0862
vt 0.5326 0.4138
vt 0.3152 0.8621
vt 0.1957 0.8793
vt 0.7337 0.3793
vt 0.7609 0.3793
vt 0.6304 0.0862
vt 0.6304 0.1638
vt 0.3207 0.75
vt 0.3207 0.8534
vt 0.1304 0.1379
vt 0.1304 0.2759
vt 0.3043 0.8017
vt 0.4348 0.5517
vt 0.2391 0.5517
vt 0.2391 0.5948
vt 0.4565 0.8534
vt 0.462 0.8276
vt 0.5217 0.4138
vt 0.837 0.3534
vt 0.4837 0.569
vt 0.8913 0.3103
vt 0.2826 0.5862
vt 0 0.6897
vt 0.4293 0.7069
vt 0.5 0.7759
vt 0.4348 0.2759
vt 0.2174 0.5517
vt 0.413 0.0345
vt 0.5652 0.6595
vt 0.8207 0
vt 0.1304 0.4828
vt 0.6304 0.2931
vt 0.6957 0.4052
vt 0.7337 0.4569
vt 0.7011 0.4569
vt 0.0217 0.6897
vt 0.3043 0.5862
vt 0.3478 0.7069
vt 0.2663 0.5517
vt 0.837 0.1638
vt 0.8478 0.4138
vt 0.6522 0.6595
vt 0.4891 0.7759
vt 0.462 0.8103
vt 0.7391 0.4052
vt 0.1957 1
vt 0.6957 0.3534
s 1
f 690/1 615/2 758/3
f 903/4 473/5 905/6
f 676/7 782/8 958/9
f 60/10 936/11 793/12
f 246/13 233/14 234/15
f 503/16 497/17 498/18
f 690/19 126/20 617/21
f 162/22 156/23 161/24
f 346/25 341/26 342/27
f 90/28 88/29 89/30
f 143/31 805/32 888/33
f 688/34 609/35 756/36
f 285/37 276/38 277/39
f 872/4 496/5 867/6
f 521/40 508/41 509/42
f 940/43 135/44 895/45
f 645/46 274/47 644/48
f 79/49 78/50 77/51
f 716/52 471/53 657/54
f 175/55 177/56 174/57
f 524/13 511/14 512/15
f 422/58 915/59 910/60
f 109/61 721/62 723/63
f 94/64 92/65 91/66
f 191/55 193/56 190/57
f 222/67 826/68 828/69
f 391/70 382/71 390/72
f 708/73 252/74 643/75
f 610/76 607/77 755/78
f 853/79 10/80 928/81
f 270/82 646/83 709/84
f 709/84 272/85 645/46
f 306/86 648/87 711/88
f 805/32 145/89 808/90
f 711/88 300/91 649/92
f 646/93 273/94 644/48
f 322/25 317/26 318/27
f 589/95 590/96 74/97
f 82/98 598/99 600/100
f 904/101 476/102 833/103
f 779/104 35/105 781/106
f 72/107 596/108 593/109
f 437/110 429/111 430/112
f 856/113 771/114 974/115
f 599/116 82/98 600/100
f 79/49 601/117 602/118
f 343/119 340/120 339/121
f 268/122 271/123 273/94
f 854/124 764/125 973/126
f 752/127 70/128 589/95
f 199/129 899/130 866/131
f 764/132 3/133 759/134
f 111/135 720/136 741/137
f 545/40 532/41 533/42
f 432/138 438/139 431/140
f 215/141 862/131 798/142
f 95/143 91/144 97/145
f 870/146 2/147 926/148
f 614/149 123/150 613/151
f 390/72 381/152 389/153
f 795/154 223/155 873/156
f 226/157 828/69 892/158
f 214/157 822/69 823/158
f 95/143 98/159 96/160
f 314/161 647/162 710/87
f 375/70 366/71 374/72
f 409/163 400/164 408/165
f 928/81 768/166 972/167
f 269/168 274/47 272/85
f 337/169 331/121 333/170
f 311/171 310/172 309/173
f 831/174 1/175 874/176
f 546/177 533/42 534/178
f 319/119 316/120 315/121
f 552/179 539/180 540/181
f 444/182 736/183 732/184
f 615/185 125/186 612/187
f 186/188 180/189 179/190
f 519/191 506/192 507/193
f 151/194 131/195 152/196
f 154/22 134/197 133/198
f 151/199 153/24 132/23
f 867/200 495/201 871/101
f 877/202 4/203 765/204
f 159/194 155/195 160/196
f 162/22 158/197 157/198
f 168/57 170/22 165/55
f 858/205 25/206 838/207
f 355/208 353/209 352/210
f 167/194 163/195 168/196
f 170/22 166/197 165/198
f 160/211 134/212 159/213
f 590/96 594/214 750/215
f 134/212 624/216 159/213
f 133/217 625/218 141/219
f 166/220 150/221 165/222
f 141/219 151/223 152/224
f 407/70 398/71 406/72
f 595/225 592/226 749/227
f 171/190 175/198 176/228
f 174/196 178/188 173/229
f 344/230 342/27 340/120
f 926/148 761/231 971/232
f 87/233 603/234 604/235
f 179/190 183/198 184/228
f 182/196 186/188 181/229
f 192/236 194/188 187/190
f 45/10 785/11 934/12
f 50/237 800/238 884/239
f 187/190 191/198 192/228
f 190/196 194/188 189/229
f 616/240 613/151 747/241
f 198/242 815/243 816/244
f 173/245 626/246 184/247
f 174/248 627/249 135/44
f 189/250 144/251 190/252
f 135/44 176/253 175/254
f 307/255 647/162 712/256
f 113/257 718/258 722/259
f 20/260 907/261 784/262
f 206/263 818/244 819/68
f 523/264 510/178 511/265
f 244/177 231/42 232/178
f 848/11 20/266 784/267
f 183/55 185/56 182/57
f 42/268 925/269 883/270
f 243/40 230/41 231/42
f 21/271 775/12 907/261
f 290/272 281/273 282/274
f 53/260 788/261 801/262
f 773/262 44/271 787/261
f 373/153 364/275 372/276
f 44/271 934/12 787/261
f 521/277 525/278 517/279
f 296/280 297/281 295/282
f 404/276 395/280 403/283
f 389/153 380/275 388/276
f 771/284 11/285 767/286
f 218/242 823/243 891/244
f 260/18 266/287 265/16
f 259/288 263/289 261/290
f 107/291 719/292 740/293
f 927/294 9/295 933/296
f 441/297 735/298 738/299
f 797/261 60/10 793/12
f 265/16 259/17 260/18
f 423/300 910/60 914/301
f 420/302 917/303 916/304
f 18/305 918/239 882/269
f 93/306 95/143 96/160
f 608/307 115/308 607/77
f 689/309 124/310 616/240
f 294/311 296/312 295/313
f 52/314 801/267 790/11
f 418/315 415/316 413/317
f 849/12 52/314 790/11
f 526/318 513/319 514/320
f 61/314 791/267 936/11
f 675/321 779/104 930/322
f 305/323 299/324 300/91
f 154/22 132/23 153/24
f 488/325 490/326 492/327
f 207/328 864/156 776/154
f 321/169 315/121 317/170
f 542/329 529/330 530/192
f 520/331 507/193 508/41
f 673/332 778/333 760/334
f 327/335 842/336 893/337
f 804/338 147/339 806/340
f 541/341 540/181 529/330
f 325/342 900/343 901/344
f 846/345 330/346 847/347
f 58/348 850/349 885/238
f 149/350 804/338 887/351
f 184/236 186/188 179/190
f 152/57 154/22 133/55
f 810/352 31/353 924/354
f 335/119 332/120 331/121
f 160/57 162/22 157/55
f 879/355 12/356 772/357
f 345/169 339/121 341/170
f 358/358 362/359 356/360
f 361/361 349/362 354/363
f 348/364 356/360 351/365
f 833/103 475/366 903/4
f 455/367 461/368 449/369
f 354/363 362/370 361/361
f 96/160 92/371 93/372
f 347/373 357/374 348/364
f 360/375 350/376 349/362
f 605/377 87/233 604/235
f 167/199 169/24 164/23
f 717/75 470/378 658/379
f 170/22 164/23 169/24
f 871/101 493/102 869/103
f 715/380 469/381 656/382
f 714/383 468/384 655/385
f 442/386 737/387 735/388
f 671/389 777/390 836/391
f 478/392 481/393 477/394
f 176/236 178/188 171/190
f 485/395 491/392 489/396
f 479/326 484/395 480/396
f 490/326 485/395 489/396
f 168/397 158/398 167/399
f 425/400 909/401 913/402
f 491/392 488/393 492/394
f 481/325 479/326 477/327
f 484/395 478/392 480/396
f 905/200 474/201 904/101
f 359/403 347/404 350/405
f 778/333 37/406 780/407
f 498/18 504/287 503/16
f 497/288 501/289 499/290
f 938/131 207/408 776/130
f 194/188 188/189 187/190
f 545/277 549/278 541/279
f 906/409 666/410 863/411
f 965/412 751/413 946/414
f 674/415 912/416 858/417
f 949/418 922/419 970/420
f 757/421 838/207 957/422
f 860/423 415/424 416/425
f 824/68 212/67 216/263
f 4/203 962/426 765/204
f 306/86 649/92 302/427
f 854/428 557/429 919/430
f 786/239 47/305 46/237
f 37/406 958/9 780/407
f 139/431 898/432 140/433
f 794/434 31/353 566/435
f 633/436 818/244 820/243
f 16/437 774/438 12/356
f 829/244 220/263 224/242
f 557/429 964/439 919/430
f 732/184 421/440 436/441
f 118/442 755/78 611/443
f 709/84 267/38 269/273
f 683/444 592/445 752/127
f 964/439 553/446 759/134
f 961/447 561/448 769/349
f 878/449 954/450 669/451
f 689/309 614/452 129/453
f 202/263 817/69 200/67
f 848/11 24/10 17/314
f 14/454 768/166 10/80
f 938/131 205/141 209/129
f 855/411 662/455 861/456
f 902/457 323/458 324/459
f 492/460 813/461 491/392
f 692/462 897/463 940/464
f 326/465 902/457 324/459
f 586/466 792/269 935/239
f 803/467 29/468 568/469
f 953/470 932/471 969/472
f 743/473 69/474 684/475
f 258/476 642/380 254/477
f 711/88 304/478 305/323
f 725/479 840/480 796/481
f 256/482 643/75 251/483
f 597/484 90/28 89/485
f 257/486 640/383 252/74
f 255/487 641/52 253/488
f 897/463 622/489 835/490
f 686/491 82/98 599/116
f 602/118 598/99 79/49
f 128/492 612/187 123/150
f 810/352 568/469 32/493
f 33/266 930/322 881/494
f 122/495 610/76 118/442
f 669/451 961/447 853/79
f 959/496 754/497 954/450
f 691/498 896/499 843/500
f 811/501 416/425 417/502
f 99/503 723/63 100/504
f 18/305 921/270 19/268
f 105/505 722/259 106/506
f 937/507 417/502 418/508
f 477/460 857/461 478/392
f 664/509 872/4 666/410
f 39/510 777/390 40/511
f 931/512 418/508 411/513
f 839/514 566/435 28/515
f 680/516 791/262 797/261
f 6/517 761/231 2/147
f 923/238 46/237 43/348
f 909/401 728/518 724/519
f 963/520 1/175 875/521
f 765/204 942/522 557/429
f 908/156 195/328 197/155
f 15/523 920/524 11/285
f 572/525 957/422 852/526
f 968/527 559/528 767/286
f 870/146 762/529 6/530
f 58/348 935/239 59/237
f 490/531 832/456 492/532
f 943/533 875/521 553/446
f 946/414 947/534 968/527
f 73/535 589/95 70/128
f 151/194 132/23 131/195
f 154/22 153/24 134/197
f 267/265 644/48 274/47
f 74/97 750/215 681/536
f 950/537 951/538 967/539
f 159/194 156/23 155/195
f 162/22 161/24 158/197
f 755/78 115/308 606/540
f 878/449 564/541 774/438
f 684/542 591/543 65/544
f 167/194 164/23 163/195
f 170/22 169/24 166/197
f 271/123 644/48 273/94
f 467/488 657/54 469/381
f 835/490 693/545 138/546
f 145/89 166/220 167/399
f 167/399 694/547 145/89
f 693/545 624/216 138/546
f 134/212 151/223 138/546
f 165/222 150/221 168/397
f 807/548 695/549 150/221
f 168/397 695/549 157/550
f 141/219 152/224 133/217
f 625/218 696/551 141/219
f 166/220 145/89 150/221
f 141/219 138/546 151/223
f 679/466 788/261 849/12
f 270/82 645/46 271/123
f 171/190 172/189 175/198
f 174/196 177/56 178/188
f 945/552 933/296 966/553
f 772/357 946/414 563/554
f 585/555 850/270 792/269
f 179/190 180/189 183/198
f 182/196 185/56 186/188
f 226/556 829/244 224/242
f 130/557 758/3 689/309
f 758/3 128/558 614/452
f 187/190 188/189 191/198
f 190/196 193/56 194/188
f 825/559 654/560 902/457
f 8/561 960/562 876/563
f 898/432 697/564 140/433
f 147/339 189/250 192/565
f 192/565 698/566 147/339
f 697/564 626/246 140/433
f 173/245 176/253 140/433
f 190/252 144/251 191/567
f 809/568 699/569 144/251
f 191/567 699/569 182/570
f 135/44 175/254 174/248
f 627/249 700/571 135/44
f 189/250 147/339 144/251
f 135/44 140/433 176/253
f 876/563 950/537 667/572
f 121/573 607/77 116/574
f 853/79 769/349 14/575
f 478/392 859/409 480/396
f 812/576 411/577 412/578
f 885/238 586/466 935/239
f 16/437 959/496 878/449
f 884/239 583/555 851/269
f 770/579 326/465 325/342
f 703/580 763/154 841/156
f 210/67 820/158 208/157
f 582/448 800/238 789/349
f 840/480 412/578 413/581
f 865/582 414/583 415/424
f 632/584 864/156 868/142
f 329/585 845/586 844/587
f 239/279 240/588 241/589
f 241/589 242/590 239/279
f 242/590 243/277 239/279
f 742/591 68/592 587/593
f 244/594 245/595 247/278
f 245/595 246/596 247/278
f 247/278 248/597 249/598
f 249/598 250/599 247/278
f 250/599 239/279 247/278
f 691/498 894/600 621/601
f 617/21 612/187 125/186
f 629/580 899/154 908/156
f 781/106 744/602 573/603
f 932/604 559/528 929/605
f 260/18 262/606 266/287
f 259/288 264/607 263/289
f 856/174 563/554 920/524
f 912/416 27/608 570/609
f 880/610 745/611 672/612
f 143/613 809/568 144/251
f 962/426 748/614 942/522
f 763/130 211/129 213/408
f 889/68 629/580 701/584
f 919/430 759/134 3/133
f 29/468 852/526 30/615
f 847/347 651/616 654/560
f 911/617 730/618 726/619
f 891/244 636/584 824/68
f 149/350 807/548 150/221
f 639/580 826/68 829/244
f 33/620 782/8 34/621
f 122/495 756/36 687/622
f 127/623 617/21 125/186
f 218/242 824/68 216/263
f 789/349 55/348 54/575
f 868/142 203/155 205/141
f 863/411 663/455 832/456
f 960/562 753/624 950/537
f 751/413 966/553 947/534
f 947/534 929/605 559/528
f 599/116 81/625 76/626
f 967/539 555/627 762/529
f 563/554 968/527 920/524
f 920/524 767/286 11/285
f 876/563 558/628 766/629
f 901/344 770/579 325/342
f 328/630 846/345 842/336
f 792/269 63/268 62/305
f 13/631 929/605 9/295
f 12/356 965/412 772/357
f 774/438 948/632 965/412
f 762/355 554/633 761/231
f 710/87 312/634 313/478
f 881/635 574/636 782/8
f 832/637 665/638 813/461
f 635/639 862/131 763/130
f 350/405 347/404 348/640
f 348/640 351/641 352/642
f 352/642 353/643 354/644
f 354/644 349/645 350/405
f 160/211 696/551 625/218
f 356/360 357/374 358/358
f 358/358 359/403 360/375
f 360/375 361/361 362/359
f 362/359 355/208 356/360
f 806/340 698/566 620/646
f 620/646 827/647 697/564
f 749/227 66/648 591/543
f 895/45 700/571 623/649
f 650/650 825/559 834/651
f 701/584 908/156 939/142
f 184/247 697/564 181/652
f 827/647 181/652 697/564
f 413/317 412/653 411/654
f 411/654 418/315 413/317
f 120/655 606/540 115/308
f 417/656 416/657 415/316
f 415/316 414/658 413/317
f 69/659 749/227 684/542
f 942/522 943/533 964/439
f 611/443 606/540 117/660
f 941/661 874/176 963/520
f 766/629 944/662 962/426
f 750/215 72/107 593/109
f 723/63 103/663 100/504
f 746/664 799/665 912/416
f 478/392 482/666 481/393
f 579/466 925/269 786/239
f 672/612 803/467 810/352
f 479/326 483/667 484/395
f 490/326 486/667 485/395
f 888/668 623/649 809/568
f 745/611 886/669 803/467
f 491/392 487/666 488/393
f 39/510 760/334 880/610
f 604/235 86/670 85/671
f 681/536 593/109 71/17
f 704/639 821/131 795/130
f 939/142 197/155 201/141
f 498/18 500/606 504/287
f 497/288 502/607 501/289
f 583/555 789/270 851/269
f 817/69 196/157 200/67
f 517/279 518/588 519/589
f 519/589 520/590 517/279
f 520/590 521/277 517/279
f 887/351 621/601 807/548
f 522/594 523/595 525/278
f 523/595 524/596 525/278
f 525/278 526/597 527/598
f 527/598 528/599 525/278
f 528/599 517/279 525/278
f 541/279 542/588 543/589
f 543/589 544/590 541/279
f 544/590 545/277 541/279
f 654/560 900/672 902/457
f 546/594 547/595 549/278
f 547/595 548/596 549/278
f 549/278 550/597 551/598
f 551/598 552/599 549/278
f 552/599 541/279 549/278
f 501/289 500/606 499/290
f 247/673 234/15 235/319
f 263/289 262/606 261/290
f 192/565 182/570 181/652
f 202/263 816/244 889/68
f 239/341 238/181 227/330
f 719/292 113/257 722/259
f 184/247 174/248 173/245
f 720/674 109/61 723/63
f 240/329 227/330 228/192
f 741/137 101/675 718/258
f 89/485 605/676 597/484
f 210/67 819/68 890/69
f 250/179 237/180 238/181
f 245/264 232/178 233/265
f 939/142 199/129 866/131
f 249/677 236/320 237/180
f 406/72 397/152 405/153
f 242/331 229/193 230/41
f 241/191 228/192 229/193
f 740/293 103/663 721/62
f 288/678 279/679 280/680
f 266/287 264/681 265/682
f 688/149 118/442 611/443
f 287/683 278/684 279/679
f 376/165 367/685 375/70
f 289/686 280/680 281/687
f 91/688 98/159 97/145
f 841/156 215/141 798/142
f 378/689 369/690 377/691
f 372/276 363/280 371/283
f 291/692 293/693 292/694
f 377/163 368/164 376/165
f 408/165 399/685 407/70
f 371/283 370/695 378/689
f 286/696 277/39 278/684
f 223/155 814/142 873/156
f 394/689 385/690 393/691
f 388/276 379/280 387/283
f 609/697 117/660 606/540
f 393/163 384/164 392/165
f 410/689 401/690 409/691
f 387/283 386/695 394/689
f 687/622 116/574 610/76
f 707/698 253/488 642/380
f 405/153 396/275 404/276
f 705/699 254/477 640/383
f 706/700 251/701 641/52
f 461/368 442/702 449/369
f 403/283 402/695 410/689
f 392/165 383/685 391/70
f 374/72 365/152 373/153
f 452/703 443/704 445/705
f 283/706 282/274 275/707
f 504/287 502/681 503/682
f 338/25 333/26 334/27
f 421/708 911/617 915/59
f 419/709 916/710 911/617
f 178/188 172/189 171/190
f 445/705 734/711 739/712
f 424/713 914/301 909/401
f 435/714 433/715 428/716
f 423/717 429/111 422/718
f 444/182 455/719 448/720
f 425/400 433/715 432/138
f 243/277 247/278 239/279
f 443/704 451/721 444/182
f 446/722 454/723 453/724
f 425/400 431/140 424/713
f 427/725 420/726 419/727
f 446/722 452/703 445/705
f 428/716 426/728 420/729
f 419/727 421/730 427/725
f 427/725 421/730 434/731
f 422/718 429/111 421/730
f 429/111 436/732 421/730
f 298/733 291/692 292/694
f 438/139 430/112 431/140
f 295/282 293/693 294/311
f 447/734 733/735 737/387
f 443/704 732/184 734/711
f 426/728 913/402 917/303
f 594/214 70/621 595/225
f 313/736 307/255 308/737
f 517/341 516/181 505/330
f 423/717 431/140 430/112
f 293/693 298/738 292/694
f 427/725 435/739 428/740
f 448/720 449/741 441/742
f 440/743 432/138 433/715
f 447/744 442/745 454/723
f 441/742 449/741 442/746
f 457/747 455/367 451/721
f 461/368 472/748 463/749
f 453/750 458/751 452/703
f 451/721 456/752 457/747
f 463/753 454/754 442/755
f 355/756 351/365 356/360
f 350/405 352/642 354/644
f 454/754 459/757 453/750
f 458/751 450/758 452/703
f 456/752 472/759 457/747
f 457/747 472/760 462/761
f 460/762 472/678 459/757
f 458/751 472/763 456/752
f 463/753 472/683 460/762
f 462/761 472/764 461/368
f 459/757 472/686 458/751
f 303/765 302/427 301/766
f 548/13 535/14 536/15
f 446/767 739/712 733/735
f 448/768 738/299 736/183
f 248/318 235/319 236/320
f 518/329 505/330 506/192
f 682/769 588/770 742/591
f 547/264 534/178 535/265
f 320/230 318/27 316/120
f 551/677 538/320 539/180
f 159/199 161/24 156/23
f 527/677 514/320 515/180
f 843/500 141/219 894/600
f 544/331 531/193 532/41
f 330/346 844/771 847/347
f 528/179 515/180 516/181
f 550/318 537/319 538/320
f 869/103 494/366 872/4
f 543/191 530/192 531/193
f 525/673 512/15 513/319
f 284/772 275/707 276/38
f 522/177 509/42 510/178
f 336/230 334/27 332/120
f 325/342 324/773 323/726
f 130/557 616/240 126/20
f 859/409 659/410 855/411
f 880/610 567/774 777/390
f 652/775 844/587 845/586
f 677/555 775/12 848/11
f 813/461 664/509 906/409
f 730/776 937/507 931/512
f 5/777 875/521 1/175
f 728/518 796/481 865/582
f 464/477 656/382 468/384
f 466/483 658/379 471/778
f 27/608 839/514 28/515
f 738/299 435/779 434/780
f 735/388 440/743 435/781
f 769/782 560/783 768/166
f 821/131 219/141 221/129
f 740/293 105/505 104/784
f 35/105 836/391 781/106
f 465/74 655/385 470/378
f 83/785 604/235 85/671
f 896/499 620/646 898/432
f 861/637 660/638 857/461
f 580/516 786/239 923/238
f 921/349 22/348 19/575
f 883/349 580/516 923/238
f 886/669 572/525 852/526
f 727/786 860/423 811/501
f 773/267 48/314 41/266
f 576/516 918/239 783/238
f 682/787 596/108 743/473
f 678/788 785/11 773/267
f 42/575 923/238 43/348
f 882/269 577/788 921/270
f 67/122 743/473 685/789
f 890/69 633/639 820/158
f 744/602 924/354 794/434
f 577/448 783/238 921/349
f 76/626 686/491 599/116
f 722/259 101/675 106/506
f 491/392 906/409 489/396
f 712/256 311/171 309/173
f 80/790 602/118 75/791
f 84/792 603/234 597/484
f 480/396 855/411 479/531
f 747/241 123/150 612/187
f 622/489 837/793 693/545
f 917/303 727/786 731/794
f 126/20 747/241 617/21
f 837/793 158/398 693/545
f 808/90 694/547 622/489
f 685/789 684/475 65/795
f 573/603 794/434 839/514
f 107/291 721/62 108/796
f 713/797 834/651 770/579
f 326/465 834/651 825/559
f 842/336 653/798 650/650
f 713/797 901/344 652/775
f 701/584 866/131 630/799
f 748/614 963/520 943/533
f 703/580 798/142 636/584
f 890/69 632/584 702/799
f 739/712 437/800 438/139
f 71/17 742/591 681/536
f 737/387 439/801 440/743
f 889/68 630/799 817/69
f 681/536 587/593 74/97
f 111/135 718/258 112/802
f 729/803 812/576 840/480
f 702/799 868/142 938/131
f 736/183 434/780 421/440
f 731/794 811/501 937/507
f 724/519 865/582 860/423
f 851/269 54/268 51/305
f 733/735 438/139 439/801
f 915/59 726/619 729/803
f 873/156 637/584 639/580
f 795/130 221/129 225/408
f 8/561 766/629 4/203
f 638/799 814/142 821/131
f 756/36 120/804 608/805
f 857/461 661/509 859/409
f 726/619 931/806 812/576
f 119/807 611/443 117/660
f 734/711 436/441 437/800
f 72/107 595/225 69/659
f 597/484 83/808 84/792
f 621/601 830/809 695/549
f 623/649 802/810 699/569
f 183/811 700/571 627/249
f 802/810 182/570 699/569
f 893/337 652/775 845/586
f 830/809 157/550 695/549
f 159/213 693/545 158/398
f 894/600 696/551 621/601
f 841/156 213/328 217/155
f 799/665 573/603 839/514
f 600/100 80/790 81/625
f 687/622 608/805 121/812
f 327/335 845/586 329/585
f 75/791 602/118 601/117
f 954/450 955/813 961/447
f 68/814 752/127 587/815
f 849/12 56/271 49/10
f 922/816 553/446 875/521
f 877/817 952/818 960/562
f 879/819 956/820 959/496
f 667/572 967/539 870/146
f 129/821 613/151 124/310
f 636/584 822/69 824/68
f 630/799 815/158 817/69
f 587/815 589/95 74/97
f 892/243 639/580 829/244
f 741/137 99/822 102/823
f 71/17 593/109 596/108
f 783/238 23/237 22/348
f 50/237 851/269 51/305
f 966/553 9/295 929/605
f 852/526 575/824 30/615
f 549/673 536/15 537/319
f 797/261 64/260 57/271
f 843/500 139/431 142/825
f 881/494 746/664 674/415
f 137/826 835/490 138/546
f 796/481 413/581 414/583
f 969/472 13/260 927/262
f 955/813 927/262 561/448
f 754/497 969/472 955/813
f 935/239 62/305 59/237
f 940/464 137/826 136/827
f 479/531 861/456 477/532
f 820/243 204/242 208/556
f 780/407 757/421 572/525
f 7/828 919/430 3/133
f 957/422 25/206 575/824
f 970/420 5/510 831/829
f 951/538 831/829 555/627
f 753/624 970/420 951/538
f 858/417 570/609 26/830
f 489/396 863/411 490/531
f 702/799 776/130 633/639
f 569/831 780/407 572/525
f 662/832 904/101 660/638
f 913/402 724/519 727/786
f 836/391 567/774 744/602
f 665/638 869/103 664/509
f 661/509 903/4 659/410
f 670/833 772/357 563/554
f 672/612 924/354 567/774
f 887/351 618/834 691/498
f 885/238 584/448 680/516
f 653/798 847/347 654/560
f 901/344 651/835 652/775
f 618/834 806/340 620/646
f 893/337 650/650 713/797
f 760/334 569/831 745/611
f 776/154 631/580 633/436
f 930/322 571/836 746/664
f 936/11 584/788 585/555
f 679/466 790/11 583/555
f 790/11 582/788 583/555
f 882/269 565/466 677/555
f 916/304 731/794 730/776
f 914/301 725/479 728/518
f 680/516 793/12 586/466
f 561/837 933/296 560/783
f 891/244 635/436 703/580
f 562/838 767/286 559/528
f 787/261 579/466 580/516
f 678/448 787/261 580/516
f 801/262 581/516 582/448
f 907/261 565/466 576/516
f 883/270 578/555 678/788
f 677/555 784/267 577/788
f 819/68 631/580 632/584
f 784/262 576/516 577/448
f 816/244 628/436 629/580
f 884/239 581/516 679/466
f 934/12 578/555 579/466
f 971/232 554/633 941/661
f 944/662 941/661 748/614
f 558/628 971/232 944/662
f 674/839 838/207 574/636
f 668/808 765/204 557/429
f 663/832 871/101 665/638
f 555/833 874/176 554/633
f 972/167 560/783 945/552
f 948/632 945/552 751/413
f 564/541 972/167 948/632
f 823/158 634/799 635/639
f 892/158 638/799 704/639
f 704/436 873/156 639/580
f 667/572 926/148 558/628
f 798/142 634/799 636/584
f 556/840 759/134 553/446
f 866/131 628/639 630/799
f 973/126 556/841 949/418
f 952/818 949/418 753/624
f 668/842 973/126 952/818
f 974/115 562/105 953/470
f 956/820 953/470 754/497
f 670/843 974/115 956/820
f 571/836 781/106 573/603
f 660/638 833/103 661/509
f 619/844 808/90 622/489
f 669/451 928/81 564/541
f 828/69 637/584 638/799
f 910/60 729/803 725/479
f 692/845 895/45 623/649
f 666/410 867/6 663/455
f 888/33 619/844 692/462
f 793/12 585/555 586/466
f 958/9 574/636 757/421
f 659/410 905/6 662/455
f 690/1 127/585 615/2
f 903/4 475/366 473/5
f 676/7 34/621 782/8
f 60/10 61/314 936/11
f 246/13 245/846 233/14
f 503/16 502/847 497/17
f 690/19 130/848 126/20
f 162/22 155/195 156/23
f 346/25 345/849 341/26
f 90/28 87/233 88/29
f 143/31 146/850 805/32
f 688/34 119/851 609/35
f 285/37 284/772 276/38
f 872/4 494/366 496/5
f 521/40 520/331 508/41
f 940/43 136/766 135/44
f 645/46 272/85 274/47
f 79/49 82/98 78/50
f 716/52 466/701 471/53
f 175/55 172/189 177/56
f 524/13 523/846 511/14
f 422/58 421/708 915/59
f 109/61 108/796 721/62
f 94/64 93/306 92/65
f 191/55 188/189 193/56
f 222/67 220/263 826/68
f 391/70 383/685 382/71
f 708/73 257/486 252/74
f 610/76 116/574 607/77
f 853/79 14/575 10/80
f 270/82 268/852 646/83
f 709/84 269/273 272/85
f 306/86 303/161 648/87
f 805/32 146/850 145/89
f 711/88 305/323 300/91
f 646/93 268/853 273/94
f 322/25 321/849 317/26
f 82/98 79/49 598/99
f 904/101 474/201 476/102
f 779/104 36/854 35/105
f 72/107 69/474 596/108
f 437/110 436/732 429/111
f 856/113 15/855 771/114
f 79/49 77/808 601/117
f 343/119 344/230 340/120
f 268/122 270/856 271/123
f 854/124 7/648 764/125
f 752/127 592/445 70/128
f 199/129 195/408 899/130
f 764/132 7/857 3/133
f 111/135 110/858 720/136
f 545/40 544/331 532/41
f 432/138 439/801 438/139
f 215/141 211/129 862/131
f 95/143 94/859 91/144
f 870/146 6/530 2/147
f 614/149 128/807 123/150
f 390/72 382/71 381/152
f 795/154 225/328 223/155
f 226/157 222/67 828/69
f 214/157 212/67 822/69
f 95/143 97/145 98/159
f 314/161 311/171 647/162
f 375/70 367/685 366/71
f 409/163 401/860 400/164
f 928/81 10/80 768/166
f 269/168 267/861 274/47
f 337/169 335/119 331/121
f 311/171 314/862 310/172
f 831/174 5/523 1/175
f 546/177 545/40 533/42
f 319/119 320/230 316/120
f 552/179 551/677 539/180
f 444/182 448/768 736/183
f 615/185 127/863 125/186
f 186/188 185/56 180/189
f 519/191 518/329 506/192
f 151/199 134/864 153/24
f 867/200 496/865 495/201
f 877/202 8/866 4/203
f 168/57 163/195 170/22
f 858/205 26/867 25/206
f 355/208 362/359 353/209
f 160/211 133/217 134/212
f 590/96 73/535 594/214
f 134/212 138/546 624/216
f 133/217 160/211 625/218
f 407/70 399/685 398/71
f 595/225 70/621 592/226
f 344/230 346/25 342/27
f 926/148 2/147 761/231
f 87/233 90/28 603/234
f 192/236 189/868 194/188
f 45/10 48/314 785/11
f 50/237 55/348 800/238
f 616/240 124/310 613/151
f 198/242 196/556 815/243
f 173/245 140/433 626/246
f 174/248 183/811 627/249
f 307/255 312/634 647/162
f 113/257 112/802 718/258
f 20/260 21/271 907/261
f 206/263 204/242 818/244
f 523/264 522/177 510/178
f 244/177 243/40 231/42
f 848/11 17/314 20/266
f 183/55 180/189 185/56
f 42/268 47/305 925/269
f 243/40 242/331 230/41
f 21/271 24/10 775/12
f 290/272 289/869 281/273
f 53/260 56/271 788/261
f 773/262 41/260 44/271
f 373/153 365/152 364/275
f 44/271 45/10 934/12
f 521/277 522/594 525/278
f 296/280 298/71 297/281
f 404/276 396/275 395/280
f 389/153 381/152 380/275
f 771/284 15/870 11/285
f 218/242 214/556 823/243
f 107/291 114/871 719/292
f 927/294 13/872 9/295
f 441/297 442/873 735/298
f 797/261 57/271 60/10
f 265/16 264/847 259/17
f 423/300 422/58 910/60
f 420/302 426/728 917/303
f 18/305 23/237 918/239
f 93/306 94/64 95/143
f 608/307 120/874 115/308
f 689/309 129/453 124/310
f 294/311 291/692 296/312
f 52/314 53/266 801/267
f 418/315 417/656 415/316
f 849/12 49/10 52/314
f 526/318 525/673 513/319
f 61/314 64/266 791/267
f 675/321 36/854 779/104
f 305/323 304/197 299/324
f 154/22 131/195 132/23
f 488/325 486/667 490/326
f 207/328 203/155 864/156
f 321/169 319/119 315/121
f 542/329 541/341 529/330
f 520/331 519/191 507/193
f 673/332 38/875 778/333
f 327/335 328/630 842/336
f 804/338 148/876 147/339
f 541/341 552/179 540/181
f 325/342 323/779 900/343
f 58/348 63/575 850/349
f 149/350 148/876 804/338
f 184/236 181/868 186/188
f 152/57 131/195 154/22
f 810/352 32/493 31/353
f 335/119 336/230 332/120
f 160/57 155/195 162/22
f 879/355 16/517 12/356
f 345/169 343/119 339/121
f 358/358 360/375 362/359
f 361/361 360/375 349/362
f 348/364 357/374 356/360
f 833/103 476/102 475/366
f 455/367 462/761 461/368
f 354/363 353/877 362/370
f 96/160 98/159 92/371
f 347/373 358/878 357/374
f 360/375 359/879 350/376
f 605/377 88/229 87/233
f 167/199 166/864 169/24
f 717/75 465/74 470/378
f 170/22 163/195 164/23
f 871/101 495/201 493/102
f 715/380 467/488 469/381
f 714/383 464/477 468/384
f 442/386 447/734 737/387
f 671/389 40/511 777/390
f 176/236 173/868 178/188
f 485/395 487/666 491/392
f 168/397 157/550 158/398
f 425/400 424/713 909/401
f 481/325 483/667 479/326
f 484/395 482/666 478/392
f 905/200 473/865 474/201
f 359/403 358/358 347/404
f 778/333 38/875 37/406
f 938/131 209/129 207/408
f 194/188 193/56 188/189
f 545/277 546/594 549/278
f 906/409 664/509 666/410
f 965/412 948/632 751/413
f 674/415 746/664 912/416
f 949/418 556/841 922/419
f 757/421 574/636 838/207
f 860/423 865/582 415/424
f 824/68 822/69 212/67
f 4/203 766/629 962/426
f 306/86 711/88 649/92
f 854/428 668/808 557/429
f 786/239 925/269 47/305
f 37/406 676/7 958/9
f 139/431 896/499 898/432
f 794/434 924/354 31/353
f 633/436 631/580 818/244
f 16/437 878/449 774/438
f 829/244 826/68 220/263
f 557/429 942/522 964/439
f 732/184 736/183 421/440
f 118/442 610/76 755/78
f 709/84 646/83 267/38
f 683/444 66/880 592/445
f 964/439 943/533 553/446
f 961/447 955/813 561/448
f 878/449 959/496 954/450
f 689/309 758/3 614/452
f 202/263 889/68 817/69
f 848/11 775/12 24/10
f 14/454 769/782 768/166
f 938/131 868/142 205/141
f 855/411 659/410 662/455
f 902/457 900/672 323/458
f 492/460 832/637 813/461
f 692/462 619/844 897/463
f 326/465 825/559 902/457
f 586/466 585/555 792/269
f 803/467 886/669 29/468
f 953/470 562/105 932/471
f 743/473 596/108 69/474
f 258/476 707/698 642/380
f 711/88 648/87 304/478
f 725/479 729/803 840/480
f 256/482 708/73 643/75
f 597/484 603/234 90/28
f 257/486 705/699 640/383
f 255/487 706/700 641/52
f 897/463 619/844 622/489
f 686/491 78/881 82/98
f 128/492 615/185 612/187
f 810/352 803/467 568/469
f 33/266 675/321 930/322
f 122/495 687/622 610/76
f 669/451 954/450 961/447
f 959/496 956/820 754/497
f 691/498 618/834 896/499
f 811/501 860/423 416/425
f 99/503 720/674 723/63
f 18/305 882/269 921/270
f 105/505 719/292 722/259
f 937/507 811/501 417/502
f 477/460 861/637 857/461
f 664/509 869/103 872/4
f 39/510 880/610 777/390
f 931/512 937/507 418/508
f 839/514 794/434 566/435
f 680/516 584/448 791/262
f 6/517 762/355 761/231
f 923/238 786/239 46/237
f 909/401 914/301 728/518
f 963/520 874/176 1/175
f 765/204 962/426 942/522
f 908/156 899/154 195/328
f 15/523 856/174 920/524
f 572/525 757/421 957/422
f 968/527 947/534 559/528
f 870/146 967/539 762/529
f 58/348 885/238 935/239
f 490/531 863/411 832/456
f 943/533 963/520 875/521
f 946/414 751/413 947/534
f 73/535 590/96 589/95
f 267/265 646/93 644/48
f 74/97 590/96 750/215
f 950/537 753/624 951/538
f 755/78 607/77 115/308
f 878/449 669/451 564/541
f 684/542 749/227 591/543
f 271/123 645/46 644/48
f 467/488 716/52 657/54
f 835/490 622/489 693/545
f 167/399 158/398 694/547
f 807/548 621/601 695/549
f 168/397 150/221 695/549
f 679/466 581/516 788/261
f 270/82 709/84 645/46
f 945/552 560/783 933/296
f 772/357 965/412 946/414
f 585/555 584/788 850/270
f 226/556 892/243 829/244
f 130/557 690/1 758/3
f 758/3 615/2 128/558
f 825/559 653/798 654/560
f 8/561 877/817 960/562
f 898/432 620/646 697/564
f 192/565 181/652 698/566
f 809/568 623/649 699/569
f 191/567 144/251 699/569
f 876/563 960/562 950/537
f 121/573 608/307 607/77
f 853/79 961/447 769/349
f 478/392 857/461 859/409
f 812/576 931/806 411/577
f 885/238 680/516 586/466
f 16/437 879/819 959/496
f 884/239 679/466 583/555
f 770/579 834/651 326/465
f 703/580 635/436 763/154
f 210/67 890/69 820/158
f 582/448 581/516 800/238
f 840/480 812/576 412/578
f 865/582 796/481 414/583
f 632/584 631/580 864/156
f 742/591 588/770 68/592
f 691/498 843/500 894/600
f 617/21 747/241 612/187
f 629/580 628/436 899/154
f 781/106 836/391 744/602
f 932/604 562/838 559/528
f 856/174 670/833 563/554
f 912/416 799/665 27/608
f 880/610 760/334 745/611
f 143/613 888/668 809/568
f 962/426 944/662 748/614
f 763/130 862/131 211/129
f 889/68 816/244 629/580
f 919/430 964/439 759/134
f 29/468 886/669 852/526
f 847/347 844/771 651/616
f 911/617 916/710 730/618
f 891/244 703/580 636/584
f 149/350 887/351 807/548
f 639/580 637/584 826/68
f 33/620 881/635 782/8
f 122/495 688/34 756/36
f 127/623 690/19 617/21
f 218/242 891/244 824/68
f 789/349 800/238 55/348
f 868/142 864/156 203/155
f 863/411 666/410 663/455
f 960/562 952/818 753/624
f 751/413 945/552 966/553
f 947/534 966/553 929/605
f 599/116 600/100 81/625
f 967/539 951/538 555/627
f 563/554 946/414 968/527
f 920/524 968/527 767/286
f 876/563 667/572 558/628
f 328/630 330/346 846/345
f 792/269 850/270 63/268
f 13/631 932/604 929/605
f 12/356 774/438 965/412
f 774/438 564/541 948/632
f 762/355 555/833 554/633
f 710/87 647/162 312/634
f 881/635 674/839 574/636
f 832/637 663/832 665/638
f 635/639 634/799 862/131
f 160/211 157/550 696/551
f 806/340 147/339 698/566
f 620/646 698/566 827/647
f 749/227 592/226 66/648
f 895/45 135/44 700/571
f 650/650 653/798 825/559
f 701/584 629/580 908/156
f 184/247 626/246 697/564
f 827/647 698/566 181/652
f 120/655 609/697 606/540
f 69/659 595/225 749/227
f 942/522 748/614 943/533
f 611/443 755/78 606/540
f 941/661 554/633 874/176
f 766/629 558/628 944/662
f 750/215 594/214 72/107
f 723/63 721/62 103/663
f 746/664 571/836 799/665
f 579/466 578/555 925/269
f 672/612 745/611 803/467
f 888/668 692/845 623/649
f 745/611 569/831 886/669
f 39/510 673/332 760/334
f 604/235 603/234 86/670
f 681/536 750/215 593/109
f 704/639 638/799 821/131
f 939/142 908/156 197/155
f 583/555 582/788 789/270
f 817/69 815/158 196/157
f 887/351 691/498 621/601
f 654/560 651/616 900/672
f 501/289 504/287 500/606
f 247/673 246/13 234/15
f 263/289 266/287 262/606
f 192/565 191/567 182/570
f 202/263 198/242 816/244
f 239/341 250/179 238/181
f 719/292 114/871 113/257
f 184/247 183/811 174/248
f 720/674 110/544 109/61
f 240/329 239/341 227/330
f 741/137 102/823 101/675
f 89/485 88/882 605/676
f 210/67 206/263 819/68
f 250/179 249/677 237/180
f 245/264 244/177 232/178
f 939/142 201/141 199/129
f 249/677 248/318 236/320
f 406/72 398/71 397/152
f 242/331 241/191 229/193
f 241/191 240/329 228/192
f 740/293 104/784 103/663
f 288/678 287/683 279/679
f 266/287 263/289 264/681
f 688/149 122/821 118/442
f 287/683 286/696 278/684
f 376/165 368/164 367/685
f 289/686 288/678 280/680
f 91/688 92/883 98/159
f 841/156 217/155 215/141
f 378/689 370/695 369/690
f 372/276 364/275 363/280
f 291/692 294/311 293/693
f 377/163 369/860 368/164
f 408/165 400/164 399/685
f 371/283 363/280 370/695
f 286/696 285/37 277/39
f 223/155 219/141 814/142
f 394/689 386/695 385/690
f 388/276 380/275 379/280
f 609/697 119/884 117/660
f 393/163 385/860 384/164
f 410/689 402/695 401/690
f 387/283 379/280 386/695
f 687/622 121/812 116/574
f 707/698 255/487 253/488
f 405/153 397/152 396/275
f 705/699 258/476 254/477
f 706/700 256/885 251/701
f 461/368 463/749 442/702
f 403/283 395/280 402/695
f 392/165 384/164 383/685
f 374/72 366/71 365/152
f 452/703 450/758 443/704
f 283/706 290/272 282/274
f 504/287 501/289 502/681
f 338/25 337/849 333/26
f 421/708 419/709 911/617
f 419/709 420/886 916/710
f 178/188 177/56 172/189
f 445/705 443/704 734/711
f 424/713 423/300 914/301
f 435/714 440/743 433/715
f 423/717 430/112 429/111
f 444/182 451/721 455/719
f 425/400 426/728 433/715
f 243/277 244/594 247/278
f 443/704 450/758 451/721
f 446/722 447/744 454/723
f 425/400 432/138 431/140
f 427/725 428/740 420/726
f 446/722 453/724 452/703
f 428/716 433/715 426/728
f 298/733 296/887 291/692
f 438/139 437/110 430/112
f 295/282 297/281 293/693
f 447/734 446/767 733/735
f 443/704 444/182 732/184
f 426/728 425/400 913/402
f 594/214 73/535 70/621
f 313/736 312/634 307/255
f 517/341 528/179 516/181
f 423/717 424/713 431/140
f 293/693 297/888 298/738
f 427/725 434/731 435/739
f 448/720 455/719 449/741
f 440/743 439/801 432/138
f 457/747 462/761 455/367
f 453/750 459/757 458/751
f 451/721 450/758 456/752
f 463/753 460/762 454/754
f 355/756 352/889 351/365
f 350/405 348/640 352/642
f 454/754 460/762 459/757
f 458/751 456/752 450/758
f 303/765 306/86 302/427
f 548/13 547/846 535/14
f 446/767 445/705 739/712
f 448/768 441/297 738/299
f 248/318 247/673 235/319
f 518/329 517/341 505/330
f 682/769 67/890 588/770
f 547/264 546/177 534/178
f 320/230 322/25 318/27
f 551/677 550/318 538/320
f 159/199 158/864 161/24
f 527/677 526/318 514/320
f 843/500 142/825 141/219
f 544/331 543/191 531/193
f 330/346 329/891 844/771
f 528/179 527/677 515/180
f 550/318 549/673 537/319
f 869/103 493/102 494/366
f 543/191 542/329 530/192
f 525/673 524/13 512/15
f 284/772 283/706 275/707
f 522/177 521/40 509/42
f 336/230 338/25 334/27
f 325/342 326/465 324/773
f 130/557 689/309 616/240
f 859/409 661/509 659/410
f 880/610 672/612 567/774
f 652/775 651/835 844/587
f 677/555 565/466 775/12
f 813/461 665/638 664/509
f 730/776 731/794 937/507
f 5/777 922/816 875/521
f 728/518 725/479 796/481
f 464/477 715/380 656/382
f 466/483 717/75 658/379
f 27/608 799/665 839/514
f 738/299 735/298 435/779
f 735/388 737/387 440/743
f 769/782 561/837 560/783
f 821/131 814/142 219/141
f 740/293 719/292 105/505
f 35/105 671/389 836/391
f 465/74 714/383 655/385
f 83/785 605/377 604/235
f 896/499 618/834 620/646
f 861/637 662/832 660/638
f 580/516 579/466 786/239
f 921/349 783/238 22/348
f 883/349 678/448 580/516
f 886/669 569/831 572/525
f 727/786 724/519 860/423
f 773/267 785/11 48/314
f 576/516 565/466 918/239
f 682/787 71/17 596/108
f 678/788 578/555 785/11
f 42/575 883/349 923/238
f 882/269 677/555 577/788
f 67/122 682/787 743/473
f 890/69 702/799 633/639
f 744/602 567/774 924/354
f 577/448 576/516 783/238
f 722/259 718/258 101/675
f 491/392 813/461 906/409
f 712/256 647/162 311/171
f 80/790 598/99 602/118
f 84/792 86/670 603/234
f 480/396 859/409 855/411
f 747/241 613/151 123/150
f 622/489 694/547 837/793
f 917/303 913/402 727/786
f 126/20 616/240 747/241
f 837/793 694/547 158/398
f 808/90 145/89 694/547
f 685/789 743/473 684/475
f 573/603 744/602 794/434
f 107/291 740/293 721/62
f 713/797 650/650 834/651
f 842/336 846/345 653/798
f 713/797 770/579 901/344
f 701/584 939/142 866/131
f 748/614 941/661 963/520
f 703/580 841/156 798/142
f 890/69 819/68 632/584
f 739/712 734/711 437/800
f 71/17 682/769 742/591
f 737/387 733/735 439/801
f 889/68 701/584 630/799
f 681/536 742/591 587/593
f 111/135 741/137 718/258
f 729/803 726/619 812/576
f 702/799 632/584 868/142
f 736/183 738/299 434/780
f 731/794 727/786 811/501
f 724/519 728/518 865/582
f 851/269 789/270 54/268
f 733/735 739/712 438/139
f 915/59 911/617 726/619
f 873/156 814/142 637/584
f 795/130 821/131 221/129
f 8/561 876/563 766/629
f 638/799 637/584 814/142
f 756/36 609/35 120/804
f 857/461 660/638 661/509
f 726/619 730/618 931/806
f 119/807 688/149 611/443
f 734/711 732/184 436/441
f 72/107 594/214 595/225
f 597/484 605/676 83/808
f 621/601 696/551 830/809
f 623/649 700/571 802/810
f 183/811 182/570 700/571
f 802/810 700/571 182/570
f 893/337 713/797 652/775
f 830/809 696/551 157/550
f 159/213 624/216 693/545
f 894/600 141/219 696/551
f 841/156 763/154 213/328
f 799/665 571/836 573/603
f 600/100 598/99 80/790
f 687/622 756/36 608/805
f 327/335 893/337 845/586
f 954/450 754/497 955/813
f 68/814 683/444 752/127
f 849/12 788/261 56/271
f 922/816 556/840 553/446
f 877/817 668/842 952/818
f 879/819 670/843 956/820
f 667/572 950/537 967/539
f 129/821 614/149 613/151
f 636/584 634/799 822/69
f 630/799 628/639 815/158
f 587/815 752/127 589/95
f 892/243 704/436 639/580
f 741/137 720/136 99/822
f 783/238 918/239 23/237
f 50/237 884/239 851/269
f 966/553 933/296 9/295
f 852/526 957/422 575/824
f 549/673 548/13 536/15
f 797/261 791/262 64/260
f 843/500 896/499 139/431
f 881/494 930/322 746/664
f 137/826 897/463 835/490
f 796/481 840/480 413/581
f 969/472 932/471 13/260
f 955/813 969/472 927/262
f 754/497 953/470 969/472
f 935/239 792/269 62/305
f 940/464 897/463 137/826
f 479/531 855/411 861/456
f 820/243 818/244 204/242
f 780/407 958/9 757/421
f 7/828 854/428 919/430
f 957/422 838/207 25/206
f 970/420 922/419 5/510
f 951/538 970/420 831/829
f 753/624 949/418 970/420
f 858/417 912/416 570/609
f 489/396 906/409 863/411
f 702/799 938/131 776/130
f 569/831 778/333 780/407
f 662/832 905/200 904/101
f 913/402 909/401 724/519
f 836/391 777/390 567/774
f 665/638 871/101 869/103
f 661/509 833/103 903/4
f 670/833 879/355 772/357
f 672/612 810/352 924/354
f 887/351 804/338 618/834
f 885/238 850/349 584/448
f 653/798 846/345 847/347
f 901/344 900/343 651/835
f 618/834 804/338 806/340
f 893/337 842/336 650/650
f 760/334 778/333 569/831
f 776/154 864/156 631/580
f 930/322 779/104 571/836
f 936/11 791/267 584/788
f 679/466 849/12 790/11
f 790/11 801/267 582/788
f 882/269 918/239 565/466
f 916/304 917/303 731/794
f 914/301 910/60 725/479
f 680/516 797/261 793/12
f 561/837 927/294 933/296
f 891/244 823/243 635/436
f 562/838 771/284 767/286
f 787/261 934/12 579/466
f 678/448 773/262 787/261
f 801/262 788/261 581/516
f 907/261 775/12 565/466
f 883/270 925/269 578/555
f 677/555 848/11 784/267
f 819/68 818/244 631/580
f 784/262 907/261 576/516
f 816/244 815/243 628/436
f 884/239 800/238 581/516
f 934/12 785/11 578/555
f 971/232 761/231 554/633
f 944/662 971/232 941/661
f 558/628 926/148 971/232
f 674/839 858/205 838/207
f 668/808 877/202 765/204
f 663/832 867/200 871/101
f 555/833 831/174 874/176
f 972/167 768/166 560/783
f 948/632 972/167 945/552
f 564/541 928/81 972/167
f 823/158 822/69 634/799
f 892/158 828/69 638/799
f 704/436 795/154 873/156
f 667/572 870/146 926/148
f 798/142 862/131 634/799
f 556/840 764/132 759/134
f 866/131 899/130 628/639
f 973/126 764/125 556/841
f 952/818 973/126 949/418
f 668/842 854/124 973/126
f 974/115 771/114 562/105
f 956/820 974/115 953/470
f 670/843 856/113 974/115
f 571/836 779/104 781/106
f 660/638 904/101 833/103
f 619/844 805/32 808/90
f 669/451 853/79 928/81
f 828/69 826/68 637/584
f 910/60 915/59 729/803
f 692/845 940/43 895/45
f 666/410 872/4 867/6
f 888/33 805/32 619/844
f 793/12 936/11 585/555
f 958/9 782/8 574/636
f 659/410 903/4 905/6
o DrillBack
v -0.125 -1.375 3.875
v -0.125 -1.125 3.875
v -0.125 -1.125 5
v -0.125 -0.875 5.25
v 0.125 -1.375 3.875
v 0.125 -1.125 3.875
v 0.125 -1.125 5
v 0.125 -0.875 5.25
v 0 1.25 4
v -0.4784 1.1548 4
v -0.8839 0.8839 4
v -1.1548 0.4784 4
v -1.25 0 4
v -1.1548 -0.4784 4
v -0.8839 -0.8839 4
v -0.4784 -1.1548 4
v 0 -1.25 4
v 0.4784 -1.1548 4
v 0.8839 -0.8839 4
v 1.1548 -0.4784 4
v 1.25 0 4
v 1.1548 0.4784 4
v 0.8839 0.8839 4
v 0.4784 1.1548 4
v 0 1 5
v -0.3827 0.9239 5
v -0.7071 0.7071 5
v -0.9239 0.3827 5
v -1 0 5
v -0.9239 -0.3827 5
v -0.7071 -0.7071 5
v -0.3827 -0.9239 5
v 0 -1 5
v 0.3827 -0.9239 5
v 0.7071 -0.7071 5
v 0.9239 -0.3827 5
v 1 0 5
v 0.9239 0.3827 5
v 0.7071 0.7071 5
v 0.3827 0.9239 5
v -0.125 0.875 5.25
v -0.125 1.125 5
v -0.125 1.125 3.875
v -0.125 1.375 3.875
v 0.125 0.875 5.25
v 0.125 1.125 5
v 0.125 1.125 3.875
v 0.125 1.375 3.875
v -1.375 0.125 3.875
v -1.125 0.125 3.875
v -1.125 0.125 5
v -0.875 0.125 5.25
v -1.375 -0.125 3.875
v -1.125 -0.125 3.875
v -1.125 -0.125 5
v -0.875 -0.125 5.25
v 0.875 0.125 5.25
v 1.125 0.125 5
v 1.125 0.125 3.875
v 1.375 0.125 3.875
v 0.875 -0.125 5.25
v 1.125 -0.125 5
v 1.125 -0.125 3.875
v 1.375 -0.125 3.875
v -1.0607 -0.8839 3.875
v -0.8839 -0.7071 3.875
v -0.8839 -0.7071 5
v -0.7071 -0.5303 5.25
v -0.8839 -1.0607 3.875
v -0.7071 -0.8839 3.875
v -0.7071 -0.8839 5
v -0.5303 -0.7071 5.25
v 0.5303 0.7071 5.25
v 0.7071 0.8839 5
v 0.7071 0.8839 3.875
v 0.8839 1.0607 3.875
v 0.7071 0.5303 5.25
v 0.8839 0.7071 5
v 0.8839 0.7071 3.875
v 1.0607 0.8839 3.875
v -0.8839 1.0607 3.875
v -0.7071 0.8839 3.875
v -0.7071 0.8839 5
v -0.5303 0.7071 5.25
v -1.0607 0.8839 3.875
v -0.8839 0.7071 3.875
v -0.8839 0.7071 5
v -0.7071 0.5303 5.25
v 0.7071 -0.5303 5.25
v 0.8839 -0.7071 5
v 0.8839 -0.7071 3.875
v 1.0607 -0.8839 3.875
v 0.5303 -0.7071 5.25
v 0.7071 -0.8839 5
v 0.7071 -0.8839 3.875
v 0.8839 -1.0607 3.875
v 0 -0.8839 4
v -0.8839 0 4
v 0 0.8839 4
v 0.8839 0 4
v -0.3536 0.1464 5
v 0 0 4
vt 0.6087 0.5086
vt 0.5978 0.431
vt 0.6087 0.431
vt 0.6087 0.4138
vt 0.587 0.431
vt 0.5978 0.5086
vt 0.587 0.5259
vt 0.5978 0.5259
vt 0.6196 0.431
vt 0.6196 0.5259
vt 0.5761 0.5259
vt 0.5761 0.431
vt 0.9022 0.0862
vt 0.9406 0.0253
vt 0.9406 0.0862
vt 0.6087 0.5259
vt 0.5978 0.4138
vt 1 0.1379
vt 0.9565 0.1078
vt 1 0.1034
vt 0.8638 0.0253
vt 0.9022 0.0253
vt 0.8913 0.1724
vt 0.9348 0.2414
vt 0.8759 0.2515
vt 0.9523 0.1192
vt 0.9406 0.1471
vt 0.923 0.1658
vt 0.9022 0.1723
vt 0.8814 0.1658
vt 0.9022 0.1471
vt 0.852 0.1192
vt 0.8638 0.0862
vt 0.8638 0.1471
vt 0.8479 0.0862
vt 0.852 0.0533
vt 0.8814 0.0066
vt 0.9022 0.0001
vt 0.923 0.0066
vt 0.9523 0.0533
vt 0.9565 0.0862
vt 0.8913 0.3104
vt 0.8747 0.3051
vt 0.8606 0.2902
vt 0.8511 0.2678
vt 0.8478 0.2414
vt 0.8511 0.215
vt 0.8606 0.1926
vt 0.8747 0.1776
vt 0.9079 0.1776
vt 0.9221 0.1926
vt 0.9315 0.215
vt 0.9315 0.2678
vt 0.9221 0.2902
vt 0.9079 0.3051
vt 0.9565 0.4784
vt 0.9565 0.4526
vt 1 0.4483
vt 1 0.5517
vt 0.9565 0.5474
vt 0.9565 0.5216
vt 0.9565 0.0302
vt 0.9565 0.0043
vt 1 -0
vt 1 0.4828
vt 1 0.5172
vt 0.9565 0.5129
vt 0.9565 0.2371
vt 0.9565 0.2112
vt 1 0.2069
vt 1 0.069
vt 0.9565 0.0647
vt 0.9565 0.0388
vt 0.9565 0.1336
vt 1 0.0345
vt 0.9565 0.4871
vt 1 0.2414
vt 1 0.4138
vt 0.9565 0.3836
vt 1 0.3793
vt 0.9565 0.0991
vt 1 0.1724
vt 0.9565 0.1422
vt 0.9565 0.3491
vt 1 0.3448
vt 1 0.2759
vt 0.9565 0.2457
vt 0.9565 0.2026
vt 0.9565 0.3147
vt 1 0.3103
vt 0.9565 0.306
vt 0.9565 0.4181
vt 0.9565 0.4095
vt 0.9565 0.0733
vt 0.9565 0.1681
vt 0.9565 0.375
vt 0.9565 0.2716
vt 0.9565 0.1767
vt 0.9565 0.3405
vt 0.9565 0.2802
vt 0.9565 0.444
s 1
f 1016/892 1022/893 1018/894
f 1022/893 1017/895 1018/894
f 976/896 977/897 978/898
f 1029/892 1026/899 1025/897
f 981/892 980/900 982/901
f 1053/896 1047/902 1049/903
f 1076/904 989/905 1072/906
f 1016/892 1017/900 1015/901
f 1023/893 1028/895 1027/894
f 1021/896 1020/897 1019/898
f 1032/892 1035/899 1036/897
f 1038/893 1033/895 1034/894
f 1019/898 1017/903 1021/896
f 1016/892 1019/899 1020/897
f 977/897 982/907 978/899
f 1065/903 1067/898 1063/902
f 1024/896 1025/897 1026/898
f 975/893 980/895 979/894
f 1029/892 1028/900 1030/901
f 1032/892 1033/900 1031/901
f 1026/898 1028/903 1024/896
f 1037/896 1036/897 1035/898
f 978/898 980/903 976/896
f 981/892 975/893 979/894
f 1035/898 1033/903 1037/896
f 1032/892 1038/893 1034/894
f 1058/898 1060/903 1056/896
f 1058/899 1061/892 1062/907
f 1040/896 1041/897 1042/898
f 1050/894 1053/908 1049/895
f 1045/892 1044/900 1046/901
f 1048/892 1049/900 1047/901
f 1059/894 1056/908 1060/895
f 1053/896 1052/897 1051/898
f 1067/899 1064/892 1063/907
f 1048/892 1054/893 1050/894
f 1048/892 1051/899 1052/897
f 995/909 1010/910 994/911
f 1064/892 1070/893 1066/894
f 1059/894 1057/897 1055/893
f 1056/896 1057/897 1058/898
f 1065/895 1070/893 1069/908
f 1061/892 1060/900 1062/901
f 1064/892 1065/900 1063/901
f 1042/899 1045/892 1046/907
f 1069/896 1068/897 1067/898
f 1044/903 1042/898 1046/902
f 1076/904 993/912 1071/913
f 1043/894 1040/908 1044/895
f 1043/894 1041/897 1039/893
f 1007/914 1011/915 1075/916
f 986/917 985/918 1072/906
f 976/896 975/893 977/897
f 1043/894 1045/892 1041/897
f 981/892 979/894 980/900
f 985/918 984/919 983/920
f 983/920 998/921 985/918
f 998/921 1073/922 985/918
f 996/923 1074/924 997/925
f 996/923 995/926 993/912
f 995/926 994/927 993/912
f 993/912 992/928 991/929
f 991/929 990/930 989/905
f 989/905 988/931 987/932
f 987/932 986/917 989/905
f 986/917 1072/906 989/905
f 991/929 1071/913 993/912
f 1044/903 1040/896 1042/898
f 999/933 1000/934 1001/935
f 1001/935 1002/936 1003/937
f 1003/937 1004/938 1005/939
f 1005/939 1006/940 1007/914
f 1007/914 1008/941 1011/915
f 1008/941 1009/942 1011/915
f 1009/942 1010/943 1011/915
f 1011/915 1012/944 1013/945
f 1013/945 1014/946 1011/915
f 1014/946 999/933 1011/915
f 999/933 1001/935 1003/937
f 1003/937 1075/916 999/933
f 985/918 1076/904 1072/906
f 1016/892 1018/894 1017/900
f 996/923 993/912 1074/924
f 1021/896 1022/893 1020/897
f 1005/947 1004/948 988/949
f 985/918 1073/922 1076/904
f 1075/916 1005/939 1007/914
f 991/950 1007/951 1006/952
f 991/929 989/905 1071/913
f 1043/894 1039/893 1040/908
f 1024/896 1023/893 1025/897
f 998/921 997/925 1073/922
f 1029/892 1027/894 1028/900
f 1032/892 1034/894 1033/900
f 1003/937 1005/939 1075/916
f 1037/896 1038/893 1036/897
f 1008/953 1007/954 991/955
f 989/956 990/957 1006/958
f 1014/959 1013/960 997/961
f 993/962 1009/963 1008/964
f 995/909 1011/965 1010/910
f 1058/898 1062/902 1060/903
f 1040/896 1039/893 1041/897
f 1067/899 1068/897 1064/892
f 1045/892 1043/894 1044/900
f 1048/892 1050/894 1049/900
f 1059/894 1055/893 1056/908
f 1053/896 1054/893 1052/897
f 1059/894 1061/892 1057/897
f 1042/899 1041/897 1045/892
f 1065/895 1066/894 1070/893
f 981/892 977/897 975/893
f 1048/892 1047/907 1051/899
f 1032/892 1036/897 1038/893
f 1056/896 1055/893 1057/897
f 1050/894 1054/893 1053/908
f 1061/892 1059/894 1060/900
f 1064/892 1066/894 1065/900
f 1058/899 1057/897 1061/892
f 1069/896 1070/893 1068/897
f 1064/892 1068/897 1070/893
f 1076/904 1074/924 993/912
f 1048/892 1052/897 1054/893
f 1035/898 1031/902 1033/903
f 1011/915 999/933 1075/916
f 1008/953 991/955 992/966
f 1005/947 988/949 989/956
f 991/950 1006/952 990/957
f 989/956 1006/958 1005/967
f 1014/959 997/961 998/968
f 993/962 1008/964 992/966
f 987/969 1002/970 986/971
f 1010/972 993/962 994/911
f 996/973 1011/974 995/909
f 986/971 1001/975 985/976
f 983/977 1014/978 998/968
f 1013/979 996/973 997/961
f 985/976 1000/980 984/981
f 1000/982 983/977 984/981
f 988/949 1003/983 987/969
f 1073/922 1074/924 1076/904
f 977/897 981/892 982/907
f 1019/898 1015/902 1017/903
f 1026/898 1030/902 1028/903
f 1023/893 1024/908 1028/895
f 1065/903 1069/896 1067/898
f 1022/893 1021/908 1017/895
f 1029/892 1030/907 1026/899
f 1038/893 1037/908 1033/895
f 1076/904 1071/913 989/905
f 975/893 976/908 980/895
f 1016/892 1015/907 1019/899
f 1016/892 1020/897 1022/893
f 1032/892 1031/907 1035/899
f 978/898 982/902 980/903
f 1053/896 1051/898 1047/902
f 1029/892 1023/893 1027/894
f 987/969 1003/984 1002/970
f 1010/972 1009/985 993/962
f 996/973 1012/986 1011/974
f 986/971 1002/987 1001/975
f 983/977 999/988 1014/978
f 1013/979 1012/989 996/973
f 985/976 1001/990 1000/980
f 1000/982 999/991 983/977
f 988/949 1004/992 1003/983
f 1073/922 997/925 1074/924
f 1029/892 1025/897 1023/893
o DrillFront
v 0 0.875 5
v -0.3348 0.8084 5
v -0.6187 0.6187 5
v -0.8084 0.3348 5
v -0.875 0 5
v -0.8084 -0.3348 5
v -0.6187 -0.6187 5
v -0.3348 -0.8084 5
v 0 -0.875 5
v 0.3348 -0.8084 5
v 0.6187 -0.6187 5
v 0.8084 -0.3348 5
v 0.875 0 5
v 0.8084 0.3348 5
v 0.6187 0.6187 5
v 0.3348 0.8084 5
v 0 0 8.75
v -0.125 0.3125 7
v -0.375 0.5625 7
v -0.125 0.3125 6.75
v -0.375 0.5625 6.75
v 0.125 0.3125 7
v -0.125 0.5625 7
v 0.125 0.3125 6.75
v -0.125 0.5625 6.75
v 0.3094 0.4861 6
v 0.3094 0.8397 6
v 0.3094 0.4861 5.75
v 0.3094 0.8397 5.75
v 0.4861 0.3094 6
v 0.4861 0.6629 6
v 0.4861 0.3094 5.75
v 0.4861 0.6629 5.75
v -0.0442 0.1326 8
v -0.0442 0.4861 8
v -0.0442 0.1326 7.75
v -0.0442 0.4861 7.75
v 0.1326 -0.0442 8
v 0.1326 0.3094 8
v 0.1326 -0.0442 7.75
v 0.1326 0.3094 7.75
v 0.125 -0.3125 7
v 0.375 -0.5625 7
v 0.125 -0.3125 6.75
v 0.375 -0.5625 6.75
v -0.125 -0.3125 7
v 0.125 -0.5625 7
v -0.125 -0.3125 6.75
v 0.125 -0.5625 6.75
v -0.3094 -0.4861 6
v -0.3094 -0.8397 6
v -0.3094 -0.4861 5.75
v -0.3094 -0.8397 5.75
v -0.4861 -0.3094 6
v -0.4861 -0.6629 6
v -0.4861 -0.3094 5.75
v -0.4861 -0.6629 5.75
v 0.0442 -0.1326 8
v 0.0442 -0.4861 8
v 0.0442 -0.1326 7.75
v 0.0442 -0.4861 7.75
v -0.1326 0.0442 8
v -0.1326 -0.3094 8
v -0.1326 0.0442 7.75
v -0.1326 -0.3094 7.75
v 0.3125 0.125 7
v 0.5625 0.375 7
v 0.3125 0.125 6.75
v 0.5625 0.375 6.75
v 0.3125 -0.125 7
v 0.5625 0.125 7
v 0.3125 -0.125 6.75
v 0.5625 0.125 6.75
v 0.4861 -0.3094 6
v 0.8397 -0.3094 6
v 0.4861 -0.3094 5.75
v 0.8397 -0.3094 5.75
v 0.3094 -0.4861 6
v 0.6629 -0.4861 6
v 0.3094 -0.4861 5.75
v 0.6629 -0.4861 5.75
v 0.1326 0.0442 8
v 0.4861 0.0442 8
v 0.1326 0.0442 7.75
v 0.4861 0.0442 7.75
v -0.0442 -0.1326 8
v 0.3094 -0.1326 8
v -0.0442 -0.1326 7.75
v 0.3094 -0.1326 7.75
v -0.3125 -0.125 7
v -0.5625 -0.375 7
v -0.3125 -0.125 6.75
v -0.5625 -0.375 6.75
v -0.3125 0.125 7
v -0.5625 -0.125 7
v -0.3125 0.125 6.75
v -0.5625 -0.125 6.75
v -0.4861 0.3094 6
v -0.8397 0.3094 6
v -0.4861 0.3094 5.75
v -0.8397 0.3094 5.75
v -0.3094 0.4861 6
v -0.6629 0.4861 6
v -0.3094 0.4861 5.75
v -0.6629 0.4861 5.75
v -0.1326 -0.0442 8
v -0.4861 -0.0442 8
v -0.1326 -0.0442 7.75
v -0.4861 -0.0442 7.75
v 0.0442 0.1326 8
v -0.3094 0.1326 8
v 0.0442 0.1326 7.75
v -0.3094 0.1326 7.75
v 0.5625 0.125 6
v 0.8125 0.375 6
v 0.5625 0.125 5.75
v 0.8125 0.375 5.75
v 0.5625 -0.125 6
v 0.8125 0.125 6
v 0.5625 -0.125 5.75
v 0.8125 0.125 5.75
v -0.5625 -0.125 6
v -0.8125 -0.375 6
v -0.5625 -0.125 5.75
v -0.8125 -0.375 5.75
v -0.5625 0.125 6
v -0.8125 -0.125 6
v -0.5625 0.125 5.75
v -0.8125 -0.125 5.75
v 0.125 -0.5625 6
v 0.375 -0.8125 6
v 0.125 -0.5625 5.75
v 0.375 -0.8125 5.75
v -0.125 -0.5625 6
v 0.125 -0.8125 6
v -0.125 -0.5625 5.75
v 0.125 -0.8125 5.75
v -0.125 0.5625 6
v -0.375 0.8125 6
v -0.125 0.5625 5.75
v -0.375 0.8125 5.75
v 0.125 0.5625 6
v -0.125 0.8125 6
v 0.125 0.5625 5.75
v -0.125 0.8125 5.75
v -0.1674 0.4042 6.875
v -0.3094 0.3094 6.875
v -0.4042 0.1674 6.875
v -0.4375 0 6.875
v -0.4042 -0.1674 6.875
v -0.3094 -0.3094 6.875
v -0.1674 -0.4042 6.875
v 0 -0.4375 6.875
v 0.1674 -0.4042 6.875
v 0.3094 -0.3094 6.875
v 0.4042 -0.1674 6.875
v 0.4375 0 6.875
v 0.4042 0.1674 6.875
v 0.3094 0.3094 6.875
v 0.1674 0.4042 6.875
v 0 0.4375 6.875
v 0.2511 0.6063 5.9375
v 0.6562 0 5.9375
v 0.6063 -0.2511 5.9375
v 0.6063 0.2511 5.9375
v 0.464 0.464 5.9375
v -0.464 -0.464 5.9375
v -0.6063 -0.2511 5.9375
v 0 0.6562 5.9375
v -0.2511 -0.6063 5.9375
v 0 -0.6562 5.9375
v -0.6063 0.2511 5.9375
v 0.2511 -0.6063 5.9375
v 0.464 -0.464 5.9375
v -0.6562 0 5.9375
v -0.2511 0.6063 5.9375
v -0.464 0.464 5.9375
v -0.0837 0.2021 7.8125
v -0.1547 0.1547 7.8125
v -0.2021 0.0837 7.8125
v -0.2188 0 7.8125
v -0.2021 -0.0837 7.8125
v -0.1547 -0.1547 7.8125
v -0.0837 -0.2021 7.8125
v 0 -0.2187 7.8125
v 0.0837 -0.2021 7.8125
v 0.1547 -0.1547 7.8125
v 0.2021 -0.0837 7.8125
v 0.2188 0 7.8125
v 0.2021 0.0837 7.8125
v 0.1547 0.1547 7.8125
v 0.0837 0.2021 7.8125
v 0 0.2188 7.8125
vt 0.2935 0.8707
vt 0.3043 0.8879
vt 0.2935 0.8879
vt 0.2935 0.9052
vt 0.3043 0.9052
vt 0.3043 0.8707
vt 0.2935 0.8534
vt 0.3043 0.8534
vt 0.2826 0.8707
vt 0.3152 0.8879
vt 0.6447 0.7931
vt 0.6345 0.8578
vt 0.6325 0.7931
vt 0.6508 0.8578
vt 0.6569 0.9224
vt 0.6529 0.9224
vt 0.6467 0.7284
vt 0.6304 0.7284
vt 0.5163 0.7284
vt 0.5306 0.7931
vt 0.5183 0.7931
vt 0.7446 0.7284
vt 0.7303 0.7931
vt 0.7283 0.7284
vt 0.716 0.8578
vt 0.7221 0.9224
vt 0.7181 0.9224
vt 0.7486 0.8578
vt 0.7548 0.9224
vt 0.7507 0.9224
vt 0.6162 0.7931
vt 0.6141 0.7284
vt 0.6793 0.7284
vt 0.6936 0.7931
vt 0.6814 0.7931
vt 0.5489 0.7284
vt 0.5346 0.7931
vt 0.5326 0.7284
vt 0.5999 0.7931
vt 0.5978 0.7284
vt 0.5122 0.8578
vt 0.5061 0.9224
vt 0.5041 0.8578
vt 0.6834 0.8578
vt 0.6895 0.9224
vt 0.6855 0.9224
vt 0.7079 0.8578
vt 0.7018 0.9224
vt 0.6997 0.8578
vt 0.5285 0.8578
vt 0.5224 0.9224
vt 0.5204 0.8578
vt 0.5815 0.7284
vt 0.5958 0.7931
vt 0.5836 0.7931
vt 0.7588 0.7931
vt 0.7466 0.7931
vt 0.6488 0.7931
vt 0.659 0.8578
vt 0.5632 0.7931
vt 0.551 0.7931
vt 0.712 0.7284
vt 0.6977 0.7931
vt 0.6957 0.7284
vt 0.7262 0.7931
vt 0.714 0.7931
vt 0.5856 0.8578
vt 0.5917 0.9224
vt 0.5876 0.9224
vt 0.5673 0.7931
vt 0.5652 0.7284
vt 0.7405 0.8578
vt 0.7344 0.9224
vt 0.7323 0.8578
vt 0.7099 0.7931
vt 0.7242 0.8578
vt 0.6916 0.8578
vt 0.6753 0.8578
vt 0.6692 0.9224
vt 0.6671 0.8578
vt 0.6773 0.7931
vt 0.6651 0.7931
vt 0.5469 0.7931
vt 0.5367 0.8578
vt 0.5611 0.8578
vt 0.553 0.8578
vt 0.6427 0.8578
vt 0.6365 0.9224
vt 0.6264 0.8578
vt 0.6202 0.9224
vt 0.6182 0.8578
vt 0.502 0.7931
vt 0.5 0.7284
vt 0.6019 0.8578
vt 0.608 0.9224
vt 0.6039 0.9224
vt 0.5143 0.7931
vt 0.5938 0.8578
vt 0.663 0.7284
vt 0.5774 0.8578
vt 0.5713 0.9224
vt 0.5693 0.8578
vt 0.7568 0.8578
vt 0.5591 0.9224
vt 0.555 0.9224
vt 0.661 0.7931
vt 0.5448 0.8578
vt 0.5387 0.9224
vt 0.7425 0.7931
vt 0.5795 0.7931
vt 0.6284 0.7931
vt 0.6121 0.7931
vt 0.6549 0.9871
vt 0.6732 0.9224
vt 0.6712 0.9871
vt 0.6875 0.9871
vt 0.7058 0.9224
vt 0.7038 0.9871
vt 0.7201 0.9871
vt 0.7385 0.9224
vt 0.7364 0.9871
vt 0.7527 0.9871
vt 0.5102 0.9224
vt 0.5082 0.9871
vt 0.5265 0.9224
vt 0.5245 0.9871
vt 0.5428 0.9224
vt 0.5408 0.9871
vt 0.5571 0.9871
vt 0.5754 0.9224
vt 0.5734 0.9871
vt 0.5897 0.9871
vt 0.606 0.9871
vt 0.6243 0.9224
vt 0.6223 0.9871
vt 0.6406 0.9224
vt 0.6386 0.9871
vt 0.2826 0.8879
vt 0.3152 0.8707
vt 0.7609 0.7284
vt 0.6101 0.8578
s 1
f 1159/993 1165/994 1161/995
f 1096/996 1101/994 1100/997
f 1199/993 1205/994 1201/995
f 1099/998 1094/999 1098/1000
f 1185/995 1182/1001 1183/993
f 1153/995 1150/1001 1151/993
f 1104/996 1109/994 1108/997
f 1155/998 1156/1002 1157/994
f 1107/998 1102/999 1106/1000
f 1123/998 1124/1002 1125/994
f 1121/995 1118/1001 1119/993
f 1112/996 1117/994 1116/997
f 1195/998 1196/1002 1197/994
f 1115/998 1110/999 1114/1000
f 1135/993 1141/994 1137/995
f 1097/995 1094/1001 1095/993
f 1120/996 1125/994 1124/997
f 1131/998 1132/1002 1133/994
f 1123/998 1118/999 1122/1000
f 1129/995 1126/1001 1127/993
f 1107/998 1108/1002 1109/994
f 1128/996 1133/994 1132/997
f 1209/995 1206/1001 1207/993
f 1131/998 1126/999 1130/1000
f 1137/995 1134/1001 1135/993
f 1105/995 1102/1001 1103/993
f 1136/996 1141/994 1140/997
f 1169/995 1166/1001 1167/993
f 1139/998 1134/999 1138/1000
f 1095/993 1101/994 1097/995
f 1147/998 1148/1002 1149/994
f 1144/996 1149/994 1148/997
f 1115/998 1116/1002 1117/994
f 1147/998 1142/999 1146/1000
f 1187/998 1188/1002 1189/994
f 1113/995 1110/1001 1111/993
f 1152/996 1157/994 1156/997
f 1103/993 1109/994 1105/995
f 1155/998 1150/999 1154/1000
f 1161/995 1158/1001 1159/993
f 1211/998 1212/1002 1213/994
f 1160/996 1165/994 1164/997
f 1151/993 1157/994 1153/995
f 1163/998 1158/999 1162/1000
f 1119/993 1125/994 1121/995
f 1163/998 1164/1002 1165/994
f 1168/996 1173/994 1172/997
f 1167/993 1173/994 1169/995
f 1171/998 1166/999 1170/1000
f 1207/993 1213/994 1209/995
f 1139/998 1140/1002 1141/994
f 1176/996 1181/994 1180/997
f 1171/998 1172/1002 1173/994
f 1179/998 1174/999 1178/1000
f 1177/995 1174/1001 1175/993
f 1127/993 1133/994 1129/995
f 1184/996 1189/994 1188/997
f 1175/993 1181/994 1177/995
f 1187/998 1182/999 1186/1000
f 1179/998 1180/1002 1181/994
f 1219/998 1220/1002 1221/994
f 1192/996 1197/994 1196/997
f 1111/993 1117/994 1113/995
f 1195/998 1190/999 1194/1000
f 1143/993 1149/994 1145/995
f 1183/993 1189/994 1185/995
f 1200/996 1205/994 1204/997
f 1191/993 1197/994 1193/995
f 1203/998 1198/999 1202/1000
f 1145/995 1142/1001 1143/993
f 1203/998 1204/1002 1205/994
f 1208/996 1213/994 1212/997
f 1201/995 1198/1001 1199/993
f 1211/998 1206/999 1210/1000
f 1193/995 1190/1001 1191/993
f 1252/1003 1237/1004 1245/1005
f 1216/996 1221/994 1220/997
f 1217/995 1214/1001 1215/993
f 1219/998 1214/999 1218/1000
f 1099/998 1100/1002 1101/994
f 1222/1006 1255/1007 1254/1008
f 1096/996 1097/995 1101/994
f 1078/1009 1245/1005 1077/1010
f 1099/998 1095/993 1094/999
f 1086/1011 1250/1012 1249/1013
f 1084/1014 1243/1015 1083/1016
f 1104/996 1105/995 1109/994
f 1226/1017 1259/1018 1258/1019
f 1107/998 1103/993 1102/999
f 1228/1020 1261/1021 1260/1022
f 1077/1010 1238/1023 1092/1024
f 1112/996 1113/995 1117/994
f 1080/1025 1251/1026 1248/1027
f 1115/998 1111/993 1110/999
f 1088/1028 1250/1029 1087/1030
f 1092/1024 1242/1031 1091/1032
f 1120/996 1121/995 1125/994
f 1230/1033 1261/1034 1229/1035
f 1123/998 1119/993 1118/999
f 1224/1036 1257/1037 1256/1038
f 1226/1039 1257/1040 1225/1041
f 1128/996 1129/995 1133/994
f 1231/1042 1262/1043 1230/1044
f 1131/998 1127/993 1126/999
f 1090/1045 1242/1046 1241/1047
f 1084/1014 1247/1048 1246/1049
f 1136/996 1137/995 1141/994
f 1252/1050 1223/1051 1222/1006
f 1139/998 1135/993 1134/999
f 1088/1028 1239/1052 1240/1053
f 1082/1054 1251/1055 1081/1056
f 1144/996 1145/995 1149/994
f 1082/1054 1243/1057 1244/1058
f 1147/998 1143/993 1142/999
f 1234/1059 1267/1060 1266/1061
f 1090/1045 1239/1062 1089/1063
f 1152/996 1153/995 1157/994
f 1228/1064 1259/1065 1227/1066
f 1155/998 1151/993 1150/999
f 1244/1067 1225/1041 1251/1055
f 1244/1058 1227/1068 1226/1017
f 1160/996 1161/995 1165/994
f 1248/1027 1225/1069 1224/1036
f 1163/998 1159/993 1158/999
f 1224/1070 1255/1071 1223/1072
f 1248/1073 1223/1072 1253/1074
f 1168/996 1169/995 1173/994
f 1240/1075 1231/1076 1250/1029
f 1171/998 1167/993 1166/999
f 1240/1053 1233/1077 1232/1078
f 1222/1079 1269/1080 1237/1004
f 1176/996 1177/995 1181/994
f 1249/1013 1231/1042 1230/1044
f 1179/998 1175/993 1174/999
f 1237/1081 1268/1082 1236/1083
f 1086/1011 1247/1084 1085/1085
f 1184/996 1185/995 1189/994
f 1235/1086 1268/1087 1267/1088
f 1187/998 1183/993 1182/999
f 1249/1089 1229/1035 1247/1084
f 1241/1047 1235/1090 1234/1059
f 1192/996 1193/995 1197/994
f 1080/1025 1253/1074 1079/1091
f 1195/998 1191/993 1190/999
f 1234/1092 1265/1093 1233/1094
f 1246/1049 1229/1095 1228/1020
f 1200/996 1201/995 1205/994
f 1232/1078 1265/1096 1264/1097
f 1203/998 1199/993 1198/999
f 1078/1009 1253/1098 1252/1050
f 1232/1099 1263/1100 1231/1076
f 1208/996 1209/995 1213/994
f 1246/1101 1227/1066 1243/1015
f 1211/998 1207/993 1206/999
f 1241/1102 1233/1094 1239/1062
f 1245/1103 1236/1083 1238/1023
f 1216/996 1217/995 1221/994
f 1238/1104 1235/1086 1242/1031
f 1219/998 1215/993 1214/999
f 1159/993 1163/998 1165/994
f 1254/1008 1255/1007 1093/1105
f 1255/1071 1256/1106 1093/1107
f 1256/1038 1257/1037 1093/1108
f 1257/1040 1258/1109 1093/1110
f 1258/1019 1259/1018 1093/1111
f 1259/1065 1260/1112 1093/1113
f 1260/1022 1261/1021 1093/1114
f 1261/1034 1262/1115 1093/1116
f 1262/1043 1263/1117 1093/1118
f 1263/1100 1264/1119 1093/1120
f 1264/1097 1265/1096 1093/1121
f 1265/1093 1266/1122 1093/1123
f 1266/1061 1267/1060 1093/1124
f 1267/1088 1268/1087 1093/1125
f 1268/1082 1269/1126 1093/1127
f 1269/1080 1254/1128 1093/1129
f 1215/993 1221/994 1217/995
f 1199/993 1203/998 1205/994
f 1185/995 1184/1130 1182/1001
f 1153/995 1152/1130 1150/1001
f 1155/998 1154/1131 1156/1002
f 1123/998 1122/1131 1124/1002
f 1121/995 1120/1130 1118/1001
f 1195/998 1194/1131 1196/1002
f 1135/993 1139/998 1141/994
f 1097/995 1096/1130 1094/1001
f 1131/998 1130/1131 1132/1002
f 1129/995 1128/1130 1126/1001
f 1107/998 1106/1131 1108/1002
f 1209/995 1208/1130 1206/1001
f 1137/995 1136/1130 1134/1001
f 1105/995 1104/1130 1102/1001
f 1169/995 1168/1130 1166/1001
f 1095/993 1099/998 1101/994
f 1147/998 1146/1131 1148/1002
f 1115/998 1114/1131 1116/1002
f 1187/998 1186/1131 1188/1002
f 1113/995 1112/1130 1110/1001
f 1103/993 1107/998 1109/994
f 1161/995 1160/1130 1158/1001
f 1211/998 1210/1131 1212/1002
f 1151/993 1155/998 1157/994
f 1119/993 1123/998 1125/994
f 1163/998 1162/1131 1164/1002
f 1167/993 1171/998 1173/994
f 1207/993 1211/998 1213/994
f 1139/998 1138/1131 1140/1002
f 1171/998 1170/1131 1172/1002
f 1177/995 1176/1130 1174/1001
f 1127/993 1131/998 1133/994
f 1175/993 1179/998 1181/994
f 1179/998 1178/1131 1180/1002
f 1219/998 1218/1131 1220/1002
f 1111/993 1115/998 1117/994
f 1143/993 1147/998 1149/994
f 1183/993 1187/998 1189/994
f 1191/993 1195/998 1197/994
f 1145/995 1144/1130 1142/1001
f 1203/998 1202/1131 1204/1002
f 1201/995 1200/1130 1198/1001
f 1193/995 1192/1130 1190/1001
f 1252/1003 1222/1079 1237/1004
f 1217/995 1216/1130 1214/1001
f 1099/998 1098/1131 1100/1002
f 1222/1006 1223/1051 1255/1007
f 1078/1009 1252/1003 1245/1005
f 1086/1011 1087/1030 1250/1012
f 1084/1014 1246/1101 1243/1015
f 1226/1017 1227/1068 1259/1018
f 1228/1020 1229/1095 1261/1021
f 1077/1010 1245/1103 1238/1023
f 1080/1025 1081/1056 1251/1026
f 1088/1028 1240/1075 1250/1029
f 1092/1024 1238/1104 1242/1031
f 1230/1033 1262/1115 1261/1034
f 1224/1036 1225/1069 1257/1037
f 1226/1039 1258/1109 1257/1040
f 1231/1042 1263/1117 1262/1043
f 1090/1045 1091/1032 1242/1046
f 1084/1014 1085/1132 1247/1048
f 1252/1050 1253/1098 1223/1051
f 1088/1028 1089/1063 1239/1052
f 1082/1054 1244/1067 1251/1055
f 1082/1054 1083/1016 1243/1057
f 1234/1059 1235/1090 1267/1060
f 1090/1045 1241/1102 1239/1062
f 1228/1064 1260/1112 1259/1065
f 1244/1067 1226/1039 1225/1041
f 1244/1058 1243/1057 1227/1068
f 1248/1027 1251/1026 1225/1069
f 1224/1070 1256/1106 1255/1071
f 1248/1073 1224/1070 1223/1072
f 1240/1075 1232/1099 1231/1076
f 1240/1053 1239/1052 1233/1077
f 1222/1079 1254/1128 1269/1080
f 1249/1013 1250/1012 1231/1042
f 1237/1081 1269/1126 1268/1082
f 1086/1011 1249/1089 1247/1084
f 1235/1086 1236/1133 1268/1087
f 1249/1089 1230/1033 1229/1035
f 1241/1047 1242/1046 1235/1090
f 1080/1025 1248/1073 1253/1074
f 1234/1092 1266/1122 1265/1093
f 1246/1049 1247/1048 1229/1095
f 1232/1078 1233/1077 1265/1096
f 1078/1009 1079/1091 1253/1098
f 1232/1099 1264/1119 1263/1100
f 1246/1101 1228/1064 1227/1066
f 1241/1102 1234/1092 1233/1094
f 1245/1103 1237/1081 1236/1083
f 1238/1104 1236/1133 1235/1086
f 1215/993 1219/998 1221/994
o Gauge
v 1 2.3277 -1.6616
v 1.0625 2.1067 -1.8826
v 0.9375 2.1067 -1.8826
v 1 2.3719 -1.7058
v 1.0625 2.1509 -1.9268
v 0.9375 2.1509 -1.9268
vt 0.7147 0.5216
vt 0.712 0.5431
vt 0.7092 0.5216
vt 0.6957 0.5216
vt 0.6957 0.5172
vt 0.7092 0.5172
vt 0.7283 0.5172
vt 0.7147 0.5172
vt 0.7283 0.5216
s 1
f 1275/1134 1273/1135 1274/1136
f 1274/1136 1273/1137 1270/1138
f 1274/1136 1270/1138 1271/1139
f 1270/1140 1275/1134 1272/1141
f 1270/1140 1273/1142 1275/1134
f 1275/1134 1274/1136 1271/1139
f 1275/1134 1271/1139 1272/1141
o Piston1
v 0 1 2.375
v -0.1875 1 2.4252
v -0.3248 1 2.5625
v -0.375 1 2.75
v -0.3248 1 2.9375
v -0.1875 1 3.0748
v 0 1 3.125
v 0.1875 1 3.0748
v 0.3248 1 2.9375
v 0.375 1 2.75
v 0.3248 1 2.5625
v 0.1875 1 2.4252
v 0 1.375 2.375
v -0.1875 1.375 2.4252
v -0.3248 1.375 2.5625
v -0.375 1.375 2.75
v -0.3248 1.375 2.9375
v -0.1875 1.375 3.0748
v 0 1.375 3.125
v 0.1875 1.375 3.0748
v 0.3248 1.375 2.9375
v 0.375 1.375 2.75
v 0.3248 1.375 2.5625
v 0.1875 1.375 2.4252
vt 0.3668 0.8879
vt 0.3587 0.8879
vt 0.3587 0.8621
vt 0.375 0.888
vt 0.3831 0.8914
vt 0.3891 0.9009
vt 0.3913 0.9138
vt 0.3891 0.9267
vt 0.3831 0.9362
vt 0.375 0.9396
vt 0.3669 0.9362
vt 0.3609 0.9267
vt 0.3587 0.9138
vt 0.3609 0.9009
vt 0.3669 0.8914
vt 0.4402 0.8879
vt 0.4321 0.8879
vt 0.4321 0.8621
vt 0.3668 0.8621
vt 0.4402 0.8621
vt 0.375 0.8879
vt 0.375 0.8621
vt 0.4484 0.8879
vt 0.4484 0.8621
vt 0.4239 0.8621
vt 0.4565 0.8879
vt 0.4565 0.8621
vt 0.4239 0.8879
vt 0.4158 0.8621
vt 0.3913 0.8879
vt 0.3832 0.8621
vt 0.3913 0.8621
vt 0.4158 0.8879
vt 0.4076 0.8621
vt 0.3995 0.8879
vt 0.3995 0.8621
vt 0.4076 0.8879
vt 0.3832 0.8879
s 1
f 1295/1143 1294/1144 1282/1145
f 1288/1146 1289/1147 1290/1148
f 1290/1148 1291/1149 1292/1150
f 1292/1150 1293/1151 1294/1152
f 1294/1152 1295/1153 1292/1150
f 1295/1153 1296/1154 1292/1150
f 1296/1154 1297/1155 1298/1156
f 1298/1156 1299/1157 1288/1146
f 1288/1146 1290/1148 1292/1150
f 1292/1158 1291/1159 1279/1160
f 1295/1143 1282/1145 1283/1161
f 1292/1158 1279/1160 1280/1162
f 1296/1163 1283/1161 1284/1164
f 1293/1165 1280/1162 1281/1166
f 1298/1156 1292/1150 1296/1154
f 1291/1159 1278/1167 1279/1160
f 1294/1168 1281/1166 1282/1169
f 1290/1170 1277/1171 1278/1167
f 1298/1172 1285/1173 1286/1174
f 1289/1175 1276/1176 1277/1171
f 1299/1177 1286/1174 1287/1178
f 1288/1179 1287/1178 1276/1176
f 1299/1177 1298/1172 1286/1174
f 1293/1165 1292/1158 1280/1162
f 1290/1170 1289/1175 1277/1171
f 1289/1175 1288/1179 1276/1176
f 1296/1163 1295/1143 1283/1161
f 1298/1156 1288/1146 1292/1150
f 1288/1179 1299/1177 1287/1178
f 1294/1168 1293/1165 1281/1166
f 1298/1172 1297/1180 1285/1173
f 1297/1180 1296/1163 1284/1164
f 1291/1159 1290/1170 1278/1167
f 1297/1180 1284/1164 1285/1173
o Piston2
v 0 1 0.875
v -0.1875 1 0.9252
v -0.3248 1 1.0625
v -0.375 1 1.25
v -0.3248 1 1.4375
v -0.1875 1 1.5748
v 0 1 1.625
v 0.1875 1 1.5748
v 0.3248 1 1.4375
v 0.375 1 1.25
v 0.3248 1 1.0625
v 0.1875 1 0.9252
v 0 1.375 0.875
v -0.1875 1.375 0.9252
v -0.3248 1.375 1.0625
v -0.375 1.375 1.25
v -0.3248 1.375 1.4375
v -0.1875 1.375 1.5748
v 0 1.375 1.625
v 0.1875 1.375 1.5748
v 0.3248 1.375 1.4375
v 0.375 1.375 1.25
v 0.3248 1.375 1.0625
v 0.1875 1.375 0.9252
vt 0.3668 0.8879
vt 0.3587 0.8879
vt 0.3587 0.8621
vt 0.375 0.888
vt 0.3831 0.8914
vt 0.3891 0.9009
vt 0.3913 0.9138
vt 0.3891 0.9267
vt 0.3831 0.9362
vt 0.375 0.9396
vt 0.3669 0.9362
vt 0.3609 0.9267
vt 0.3587 0.9138
vt 0.3609 0.9009
vt 0.3669 0.8914
vt 0.4402 0.8879
vt 0.4321 0.8879
vt 0.4321 0.8621
vt 0.3668 0.8621
vt 0.4402 0.8621
vt 0.375 0.8879
vt 0.375 0.8621
vt 0.4484 0.8879
vt 0.4484 0.8621
vt 0.4239 0.8621
vt 0.4565 0.8879
vt 0.4565 0.8621
vt 0.4239 0.8879
vt 0.4158 0.8621
vt 0.3913 0.8879
vt 0.3832 0.8621
vt 0.3913 0.8621
vt 0.4158 0.8879
vt 0.4076 0.8621
vt 0.3995 0.8879
vt 0.3995 0.8621
vt 0.4076 0.8879
vt 0.3832 0.8879
s 1
f 1319/1181 1318/1182 1306/1183
f 1312/1184 1313/1185 1314/1186
f 1314/1186 1315/1187 1316/1188
f 1316/1188 1317/1189 1318/1190
f 1318/1190 1319/1191 1316/1188
f 1319/1191 1320/1192 1316/1188
f 1320/1192 1321/1193 1322/1194
f 1322/1194 1323/1195 1312/1184
f 1312/1184 1314/1186 1316/1188
f 1316/1196 1315/1197 1303/1198
f 1319/1181 1306/1183 1307/1199
f 1316/1196 1303/1198 1304/1200
f 1320/1201 1307/1199 1308/1202
f 1317/1203 1304/1200 1305/1204
f 1322/1194 1316/1188 1320/1192
f 1315/1197 1302/1205 1303/1198
f 1318/1206 1305/1204 1306/1207
f 1314/1208 1301/1209 1302/1205
f 1322/1210 1309/1211 1310/1212
f 1313/1213 1300/1214 1301/1209
f 1323/1215 1310/1212 1311/1216
f 1312/1217 1311/1216 1300/1214
f 1323/1215 1322/1210 1310/1212
f 1317/1203 1316/1196 1304/1200
f 1314/1208 1313/1213 1301/1209
f 1313/1213 1312/1217 1300/1214
f 1320/1201 1319/1181 1307/1199
f 1322/1194 1312/1184 1316/1188
f 1312/1217 1323/1215 1311/1216
f 1318/1206 1317/1203 1305/1204
f 1322/1210 1321/1218 1309/1211
f 1321/1218 1320/1201 1308/1202
f 1315/1197 1314/1208 1302/1205
f 1321/1218 1308/1202 1309/1211
o Piston3
v 0 1 -0.625
v -0.1875 1 -0.5748
v -0.3248 1 -0.4375
v -0.375 1 -0.25
v -0.3248 1 -0.0625
v -0.1875 1 0.0748
v 0 1 0.125
v 0.1875 1 0.0748
v 0.3248 1 -0.0625
v 0.375 1 -0.25
v 0.3248 1 -0.4375
v 0.1875 1 -0.5748
v 0 1.375 -0.625
v -0.1875 1.375 -0.5748
v -0.3248 1.375 -0.4375
v -0.375 1.375 -0.25
v -0.3248 1.375 -0.0625
v -0.1875 1.375 0.0748
v 0 1.375 0.125
v 0.1875 1.375 0.0748
v 0.3248 1.375 -0.0625
v 0.375 1.375 -0.25
v 0.3248 1.375 -0.4375
v 0.1875 1.375 -0.5748
vt 0.3668 0.8879
vt 0.3587 0.8879
vt 0.3587 0.8621
vt 0.375 0.888
vt 0.3831 0.8914
vt 0.3891 0.9009
vt 0.3913 0.9138
vt 0.3891 0.9267
vt 0.3831 0.9362
vt 0.375 0.9396
vt 0.3669 0.9362
vt 0.3609 0.9267
vt 0.3587 0.9138
vt 0.3609 0.9009
vt 0.3669 0.8914
vt 0.4402 0.8879
vt 0.4321 0.8879
vt 0.4321 0.8621
vt 0.3668 0.8621
vt 0.4402 0.8621
vt 0.375 0.8879
vt 0.375 0.8621
vt 0.4484 0.8879
vt 0.4484 0.8621
vt 0.4239 0.8621
vt 0.4565 0.8879
vt 0.4565 0.8621
vt 0.4239 0.8879
vt 0.4158 0.8621
vt 0.3913 0.8879
vt 0.3832 0.8621
vt 0.3913 0.8621
vt 0.4158 0.8879
vt 0.4076 0.8621
vt 0.3995 0.8879
vt 0.3995 0.8621
vt 0.4076 0.8879
vt 0.3832 0.8879
s 1
f 1343/1219 1342/1220 1330/1221
f 1336/1222 1337/1223 1338/1224
f 1338/1224 1339/1225 1340/1226
f 1340/1226 1341/1227 1342/1228
f 1342/1228 1343/1229 1340/1226
f 1343/1229 1344/1230 1340/1226
f 1344/1230 1345/1231 1346/1232
f 1346/1232 1347/1233 1336/1222
f 1336/1222 1338/1224 1340/1226
f 1340/1234 1339/1235 1327/1236
f 1343/1219 1330/1221 1331/1237
f 1340/1234 1327/1236 1328/1238
f 1344/1239 1331/1237 1332/1240
f 1341/1241 1328/1238 1329/1242
f 1346/1232 1340/1226 1344/1230
f 1339/1235 1326/1243 1327/1236
f 1342/1244 1329/1242 1330/1245
f 1338/1246 1325/1247 1326/1243
f 1346/1248 1333/1249 1334/1250
f 1337/1251 1324/1252 1325/1247
f 1347/1253 1334/1250 1335/1254
f 1336/1255 1335/1254 1324/1252
f 1347/1253 1346/1248 1334/1250
f 1341/1241 1340/1234 1328/1238
f 1338/1246 1337/1251 1325/1247
f 1337/1251 1336/1255 1324/1252
f 1344/1239 1343/1219 1331/1237
f 1346/1232 1336/1222 1340/1226
f 1336/1255 1347/1253 1335/1254
f 1342/1244 1341/1241 1329/1242
f 1346/1248 1345/1256 1333/1249
f 1345/1256 1344/1239 1332/1240
f 1339/1235 1338/1246 1326/1243
f 1345/1256 1332/1240 1333/1249
