o Bullet
v 0.0992 -0.1861 -0.2545
v 0.0727 -0.1197 -0.2601
v 0.0068 -0.0913 -0.2622
v -0.0598 -0.1177 -0.2596
v -0.0882 -0.1833 -0.2538
v -0.0617 -0.2498 -0.2482
v 0.0041 -0.2781 -0.2461
v 0.0708 -0.2517 -0.2487
v 0.0998 -0.1754 -0.13
v 0.0733 -0.1089 -0.1356
v 0.0074 -0.0806 -0.1377
v -0.0592 -0.107 -0.1351
v -0.0876 -0.1726 -0.1293
v -0.0611 -0.2391 -0.1237
v 0.0048 -0.2674 -0.1216
v 0.0714 -0.241 -0.1242
v 0.0695 -0.1588 0.057
v 0.0518 -0.1145 0.0532
v 0.0079 -0.0956 0.0518
v -0.0365 -0.1132 0.0535
v -0.0555 -0.157 0.0574
v -0.0378 -0.2013 0.0611
v 0.0061 -0.2202 0.0625
v 0.0506 -0.2026 0.0608
v 0.0076 -0.1472 0.1817
v 0.1562 -0.2835 -1.3756
v 0.1121 -0.1728 -1.3849
v 0.0022 -0.1256 -1.3884
v -0.1089 -0.1696 -1.3841
v -0.1562 -0.279 -1.3744
v -0.1121 -0.3897 -1.3651
v -0.0022 -0.4369 -1.3616
v 0.1089 -0.3929 -1.3659
v 0.1599 -0.2192 -0.6283
v 0.1157 -0.1085 -0.6377
v 0.0059 -0.0612 -0.6412
v -0.1052 -0.1052 -0.6369
v -0.1526 -0.2146 -0.6272
v -0.1084 -0.3253 -0.6179
v 0.0014 -0.3726 -0.6144
v 0.1125 -0.3286 -0.6187
v 0.1305 -0.1866 -0.2546
v 0.0951 -0.098 -0.2621
v 0.0073 -0.0602 -0.2649
v -0.0816 -0.0954 -0.2614
v -0.1195 -0.1829 -0.2537
v -0.0842 -0.2715 -0.2463
v 0.0037 -0.3092 -0.2434
v 0.0926 -0.2741 -0.2469
v 0.1293 -0.208 -0.5037
v 0.0939 -0.1194 -0.5111
v 0.0061 -0.0816 -0.514
v -0.0828 -0.1168 -0.5105
v -0.1207 -0.2043 -0.5028
v -0.0854 -0.2929 -0.4953
v 0.0025 -0.3307 -0.4925
v 0.0914 -0.2955 -0.496
vt 0.7799 0.5251
vt 0.7838 0.5135
vt 0.7838 0.5251
vt 0.7876 0.5058
vt 0.7876 0.5135
vt 0.7915 0.5135
vt 0.7954 0.5058
vt 0.7954 0.5135
vt 0.7452 0.5328
vt 0.6988 0.5405
vt 0.6988 0.5328
vt 0.7529 0.5328
vt 0.7683 0.5251
vt 0.7683 0.5328
vt 0.7799 0.5135
vt 0.7761 0.5058
vt 0.7799 0.5058
vt 0.7683 0.4942
vt 0.7529 0.4865
vt 0.7683 0.4865
vt 0.7992 0.5135
vt 0.7992 0.5058
vt 0.7529 0.4873
vt 0.7452 0.4942
vt 0.7452 0.4865
vt 0.7761 0.5135
vt 0.7722 0.5135
vt 0.7722 0.5251
vt 0.7954 0.5251
vt 0.7992 0.5251
vt 0.7876 0.5251
vt 0.7915 0.5251
vt 0.7761 0.5251
vt 0.7741 0.5328
vt 0.7819 0.5328
vt 0.7857 0.5328
vt 0.7934 0.5328
vt 0.7703 0.5328
vt 0.778 0.5328
vt 0.7896 0.5328
vt 0.7973 0.5328
vt 0.7529 0.5174
vt 0.7683 0.5174
vt 0.7452 0.5251
vt 0.6988 0.5174
vt 0.7452 0.5174
vt 0.6988 0.5019
vt 0.6988 0.4942
vt 0.7452 0.5097
vt 0.7452 0.5019
vt 0.7954 0.5019
vt 0.7954 0.4865
vt 0.8031 0.4942
vt 0.6988 0.4865
vt 0.7838 0.5058
vt 0.6988 0.5251
vt 0.7529 0.5483
vt 0.7683 0.5405
vt 0.7683 0.5483
vt 0.7529 0.5405
vt 0.7683 0.5097
vt 0.7529 0.5019
vt 0.7683 0.5019
vt 0.7683 0.5135
vt 0.7722 0.5058
vt 0.7915 0.5058
vt 0.7712 0.4893
vt 0.7876 0.4961
vt 0.778 0.4865
vt 0.7452 0.5405
vt 0.7529 0.5475
vt 0.7452 0.5483
vt 0.7529 0.495
vt 0.7529 0.532
vt 0.7529 0.5027
vt 0.7529 0.5104
vt 0.7529 0.5336
vt 0.7529 0.5243
vt 0.6988 0.5483
vt 0.7529 0.5097
vt 0.7683 0.5058
vt 0.7529 0.4942
vt 0.7529 0.5251
vt 0.7529 0.5413
vt 0.7529 0.5012
vt 0.7529 0.5181
vt 0.7529 0.5166
vt 0.7529 0.5398
vt 0.6988 0.5097
vt 0.7529 0.5259
vt 0.7876 0.4942
vt 0.778 0.5058
vt 0.7529 0.4934
vt 0.8008 0.4997
vt 0.7899 0.4997
vt 0.7899 0.4887
vt 0.8008 0.4887
vt 0.7529 0.5089
vt 0.7848 0.503
vt 0.7848 0.4893
vt 0.7683 0.4961
vt 0.7712 0.503
s 1
f 18/1 11/2 19/3
f 11/2 4/4 12/5
f 13/6 6/7 14/8
f 34/9 33/10 26/11
f 50/12 43/13 42/14
f 10/15 1/16 2/17
f 47/18 56/19 48/20
f 15/21 6/7 7/22
f 56/23 39/24 40/25
f 18/1 9/26 10/15
f 23/13 16/27 24/28
f 22/29 15/21 23/30
f 20/31 13/6 21/32
f 17/33 16/27 9/26
f 12/5 19/3 11/2
f 22/29 13/6 14/8
f 24/28 17/33 25/34
f 18/1 19/3 25/35
f 19/3 20/31 25/36
f 21/32 22/29 25/37
f 23/13 24/28 25/38
f 17/33 18/1 25/39
f 20/31 21/32 25/40
f 22/29 23/30 25/41
f 43/13 52/42 44/43
f 35/44 28/45 36/46
f 39/24 30/47 31/48
f 37/49 30/47 38/50
f 44/51 48/52 42/53
f 40/25 31/48 32/54
f 11/2 2/17 3/55
f 34/9 27/56 35/44
f 56/57 49/58 48/59
f 57/60 42/14 49/58
f 45/61 54/62 46/63
f 52/42 45/61 44/43
f 16/27 1/16 9/26
f 54/62 47/18 46/63
f 15/64 8/65 16/27
f 13/6 4/4 5/66
f 31/67 26/68 32/69
f 41/70 56/71 40/72
f 55/73 38/50 39/24
f 35/44 50/74 34/9
f 54/75 37/49 38/50
f 53/76 36/46 37/49
f 50/77 41/70 34/9
f 36/46 51/78 35/44
f 41/70 32/79 33/10
f 18/1 10/15 11/2
f 39/24 38/50 30/47
f 52/42 53/80 45/61
f 15/64 7/81 8/65
f 41/70 40/72 32/79
f 11/2 10/15 2/17
f 54/62 55/82 47/18
f 45/61 53/80 54/62
f 16/27 8/65 1/16
f 23/13 15/64 16/27
f 43/13 51/83 52/42
f 22/29 14/8 15/21
f 22/29 21/32 13/6
f 17/33 24/28 16/27
f 12/5 20/31 19/3
f 20/31 12/5 13/6
f 35/44 27/56 28/45
f 41/70 57/84 56/71
f 55/73 54/85 38/50
f 36/46 52/86 51/78
f 53/76 52/87 36/46
f 50/77 57/88 41/70
f 36/46 28/45 29/89
f 35/44 51/90 50/74
f 56/57 57/60 49/58
f 40/25 39/24 31/48
f 44/51 46/91 48/52
f 57/60 50/12 42/14
f 37/49 29/89 30/47
f 31/67 28/92 26/68
f 34/9 26/11 27/56
f 13/6 12/5 4/4
f 13/6 5/66 6/7
f 47/18 55/82 56/19
f 34/9 41/70 33/10
f 56/23 55/93 39/24
f 15/21 14/8 6/7
f 50/12 51/83 43/13
f 10/15 9/26 1/16
f 18/1 17/33 9/26
f 42/53 43/94 44/51
f 44/51 45/95 46/91
f 46/91 47/96 48/52
f 48/52 49/97 42/53
f 54/75 53/98 37/49
f 28/92 27/99 26/68
f 26/68 33/100 32/69
f 11/2 3/55 4/4
f 31/67 30/101 28/92
f 30/101 29/102 28/92
f 36/46 29/89 37/49
o Flash_Hider
v 0.25 0 11.25
v 0.1768 0.1768 11.25
v -0 0.25 11.25
v -0.1768 0.1768 11.25
v -0.25 0 11.25
v -0.1768 -0.1768 11.25
v 0 -0.25 11.25
v 0.1768 -0.1768 11.25
v 0.25 0 12.5
v 0.1768 0.1768 12.5
v -0 0.25 12.5
v -0.1768 0.1768 12.5
v -0.25 0 12.5
v -0.1768 -0.1768 12.5
v -0 -0.25 12.5
v 0.1768 -0.1768 12.5
v 0.25 0 11.625
v 0.1768 0.1768 11.625
v -0 0.25 11.625
v -0.1768 0.1768 11.625
v -0.25 0 11.625
v -0.1768 -0.1768 11.625
v 0 -0.25 11.625
v 0.1768 -0.1768 11.625
v 0 -0.125 11.625
v -0.0884 -0.0884 11.625
v 0.125 0 12.4375
v 0.0884 0.0884 12.4375
v -0 0.125 12.4375
v -0.0884 0.0884 12.4375
v -0.125 0 12.4375
v -0.0884 -0.0884 12.4375
v -0 -0.125 12.4375
v 0.0884 -0.0884 12.4375
v 0.125 0 11.625
v 0.0884 0.0884 11.625
v -0 0.125 11.625
v -0.0884 0.0884 11.625
v -0.125 0 11.625
v 0.0884 -0.0884 11.625
vt 0.1158 0.4942
vt 0.1042 0.5483
vt 0.1158 0.5483
vt 0.0695 0.6795
vt 0.0586 0.6841
vt 0.0541 0.695
vt 0.0849 0.668
vt 0.0347 0.6718
vt 0.0347 0.668
vt 0.0347 0.6293
vt 0.0849 0.6332
vt 0.0347 0.6332
vt 0.0579 0.5714
vt 0.0463 0.5483
vt 0.0463 0.5714
vt 0.0463 0.4942
vt 0.0347 0.5483
vt 0.0347 0.5714
vt 0.0232 0.5483
vt 0.0232 0.5714
vt 0.0811 0.5483
vt 0.0695 0.5714
vt 0.0811 0.5714
vt 0.0331 0.6895
vt 0.0232 0.695
vt 0.0277 0.6841
vt 0.0849 0.6216
vt 0.0309 0.6216
vt 0.0849 0.61
vt 0.0347 0.6139
vt 0.0347 0.61
vt 0.0386 0.4865
vt 0.0347 0.4942
vt 0.1081 0.4865
vt 0.1042 0.4942
vt 0.0656 0.4865
vt 0.0579 0.4942
vt 0.0695 0.4942
vt 0.0849 0.6409
vt 0.0309 0.6409
vt 0.0927 0.4942
vt 0.0927 0.5483
vt 0.0579 0.5483
vt 0.0695 0.5483
vt 0.0441 0.6895
vt 0.0331 0.7004
vt 0.0386 0.6873
vt 0.0811 0.4942
vt 0.0888 0.4865
vt 0.0849 0.4865
vt 0.0849 0.6795
vt 0.0309 0.6795
vt 0.0347 0.6486
vt 0.0849 0.6023
vt 0.0309 0.6023
vt 0.0347 0.6525
vt 0.0849 0.6602
vt 0.0309 0.6602
vt 0.0386 0.7104
vt 0.0277 0.7059
vt 0.0463 0.695
vt 0.0495 0.7059
vt 0.0441 0.7004
vt 0.0495 0.6841
vt 0.0386 0.6795
vt 0.0927 0.5714
vt 0.1042 0.5714
vt 0.0586 0.7059
vt 0.0695 0.7104
vt 0.0804 0.7059
vt 0.0849 0.695
vt 0.0804 0.6841
vt 0.0849 0.6486
vt 0.1158 0.5714
vt 0.0849 0.6525
vt 0.0849 0.6718
vt 0.0386 0.7027
vt 0.0309 0.695
vt 0.0618 0.4865
vt 0.0849 0.6139
vt 0.112 0.4865
vt 0.0849 0.6293
vt 0.0425 0.4865
s 1
f 72/103 79/104 80/105
f 62/106 61/107 60/108
f 92/109 91/110 84/111
f 88/112 95/113 87/114
f 59/115 74/116 58/117
f 66/118 81/119 74/116
f 65/120 80/121 64/122
f 65/120 74/116 81/119
f 77/123 60/124 61/125
f 95/126 76/127 77/128
f 78/129 88/112 70/130
f 94/131 85/132 86/133
f 66/118 91/134 73/135
f 72/103 89/136 71/137
f 86/138 67/139 68/140
f 87/114 77/141 69/142
f 70/143 77/123 78/144
f 68/140 75/145 76/146
f 83/147 93/148 96/149
f 85/132 75/129 67/130
f 69/150 88/151 87/152
f 91/110 81/153 73/154
f 80/141 90/155 72/142
f 76/156 86/133 68/157
f 89/158 79/159 71/160
f 93/148 74/161 75/162
f 82/163 81/164 97/165
f 79/166 96/149 78/167
f 72/103 71/137 79/104
f 74/159 84/111 66/160
f 79/104 62/168 63/169
f 76/146 75/145 59/115
f 74/159 92/109 84/111
f 60/108 59/170 58/171
f 58/171 65/172 60/108
f 65/172 64/173 60/108
f 64/173 63/174 60/108
f 63/174 62/106 60/108
f 63/169 80/105 79/104
f 80/141 82/175 90/155
f 63/169 64/176 80/105
f 90/155 83/177 89/158
f 91/110 97/178 81/153
f 79/166 83/147 96/149
f 78/144 61/125 62/168
f 93/148 92/179 74/161
f 90/155 82/175 83/177
f 89/158 83/177 79/159
f 76/156 94/131 86/133
f 78/144 77/123 61/125
f 65/120 81/119 80/121
f 70/143 69/150 77/123
f 69/150 70/143 88/151
f 65/120 58/117 74/116
f 77/123 76/146 60/124
f 95/126 94/180 76/127
f 86/138 85/181 67/139
f 79/104 78/144 62/168
f 82/163 80/108 81/164
f 85/132 93/182 75/129
f 72/103 90/183 89/136
f 78/129 96/184 88/112
f 66/118 84/185 91/134
f 68/140 67/139 75/145
f 94/131 93/182 85/132
f 87/114 95/113 77/141
f 66/118 73/135 81/119
f 59/115 75/145 74/116
f 88/112 96/184 95/113
f 92/109 97/178 91/110
f 83/147 82/163 97/165
f 97/165 92/179 93/148
f 93/148 94/180 95/126
f 95/126 96/149 93/148
f 83/147 97/165 93/148
f 76/146 59/115 60/124
o Guide_And_Bolt
v -0.1562 0.625 0.125
v -0.0938 0.4688 0.125
v -0.2812 0.3438 0.125
v -0.3438 0.2188 0.125
v 0.1562 0.625 0.125
v 0.0938 0.4688 0.125
v 0.2812 0.3438 0.125
v 0.3438 0.2188 0.125
v -0.0938 0.2188 0.125
v -0.2188 0.0938 0.125
v 0.0938 0.2188 0.125
v 0.2188 0.0938 0.125
v -0.3438 0.2188 -1.75
v -0.2812 0.3438 -1.75
v -0.0938 0.4688 -1.75
v -0.1562 0.625 -1.75
v -0.0938 0.2188 0.875
v -0.2188 0.0938 0.875
v 0.0938 0.2188 0.875
v 0.2188 0.0938 0.875
v -0.2188 -0.0938 0.875
v 0.2188 -0.0938 0.875
v -0.0938 -0.2188 0.875
v 0.0938 -0.2188 0.875
v 0.1105 0.7355 0.125
v 0 0.7812 0.125
v -0.1105 0.5145 0.125
v 0 0.4688 0.125
v 0.1105 0.5145 0.125
v 0.1562 0.625 5.125
v 0.1105 0.7355 5.125
v 0 0.7812 5.125
v -0.1105 0.7355 5.125
v -0.1562 0.625 5.125
v -0.1105 0.5145 5.125
v 0 0.4688 5.125
v 0.1105 0.5145 5.125
v -0.0938 0.4688 -0.8125
v -0.3438 0.2188 -0.8125
v -0.2812 0.3438 -0.8125
v 0 0.4688 2.625
v 0.1105 0.7355 2.625
v 0.1105 0.5145 2.625
v -0.1105 0.5145 2.625
v -0.1562 0.625 -0.8125
v 0 0.7812 2.625
v -0.1562 0.625 2.625
v 0.1562 0.625 2.625
v 0 0.4688 1.375
v 0.1562 0.625 1.375
v -0.1562 0.625 1.375
v 0 0.4688 3.875
v -0.1105 0.5145 1.375
v 0.1105 0.7355 1.375
v 0.1105 0.7355 3.875
v 0.1105 0.5145 3.875
v 0 0.7812 1.375
v -0.1105 0.5145 3.875
v 0.1105 0.5145 1.375
v 0 0.7812 3.875
v -0.1562 0.625 3.875
v 0.1562 0.625 3.875
vt 0.5212 0.4556
vt 0.444 0.4479
vt 0.5212 0.4479
vt 0.3552 0.5212
vt 0.3475 0.4981
vt 0.3552 0.4865
vt 0.3629 0.5251
vt 0.3629 0.5097
vt 0.3707 0.5174
vt 0.6013 0.4682
vt 0.6081 0.4517
vt 0.6178 0.4614
vt 0.3668 0.4556
vt 0.444 0.4633
vt 0.3668 0.4633
vt 0.2625 0.471
vt 0.2085 0.4595
vt 0.2625 0.4595
vt 0.278 0.5174
vt 0.2201 0.5058
vt 0.278 0.5058
vt 0.3668 0.4479
vt 0.2896 0.4402
vt 0.3668 0.4402
vt 0.2625 0.4556
vt 0.2896 0.4672
vt 0.2703 0.4749
vt 0.2896 0.4324
vt 0.3668 0.4324
vt 0.2201 0.4903
vt 0.278 0.4826
vt 0.278 0.4903
vt 0.2085 0.4826
vt 0.2085 0.471
vt 0.5985 0.4633
vt 0.5212 0.4633
vt 0.3629 0.4826
vt 0.3629 0.4981
vt 0.2625 0.4479
vt 0.2085 0.4479
vt 0.2896 0.471
vt 0.3668 0.471
vt 0.3359 0.5135
vt 0.3475 0.5097
vt 0.444 0.471
vt 0.5212 0.471
vt 0.3359 0.4826
vt 0.3359 0.4903
vt 0.5985 0.471
vt 0.444 0.4556
vt 0.444 0.4402
vt 0.444 0.4324
vt 0.5985 0.4402
vt 0.5212 0.4324
vt 0.5985 0.4324
vt 0.2625 0.4672
vt 0.2703 0.4479
vt 0.2819 0.4479
vt 0.2896 0.4556
vt 0.2819 0.4749
vt 0.3359 0.5174
vt 0.3359 0.5058
vt 0.5212 0.4402
vt 0.5985 0.4479
vt 0.2896 0.4633
vt 0.6149 0.4682
vt 0.6081 0.471
vt 0.5985 0.4614
vt 0.6013 0.4546
vt 0.6149 0.4546
vt 0.2896 0.4479
vt 0.5985 0.4556
vt 0.2201 0.5174
vt 0.2201 0.4826
vt 0.2625 0.4826
vt 0.3707 0.4903
vt 0.3359 0.4942
s 1
f 158/186 141/187 155/188
f 104/189 99/190 100/191
f 105/192 108/193 109/194
f 134/195 131/196 129/197
f 159/198 139/199 152/200
f 116/201 106/202 114/203
f 142/204 112/205 135/206
f 150/207 125/208 146/209
f 118/210 117/211 114/212
f 146/209 126/213 156/214
f 111/215 136/216 137/217
f 116/201 109/218 108/219
f 147/186 122/220 151/221
f 101/222 106/223 100/191
f 115/224 106/202 107/225
f 112/205 137/217 135/206
f 129/226 152/200 157/227
f 102/228 99/190 103/229
f 143/230 151/221 154/231
f 104/189 103/229 99/190
f 104/189 100/191 106/223
f 137/217 101/232 100/233
f 106/223 108/193 104/189
f 154/231 122/220 123/234
f 157/227 139/199 143/230
f 144/235 150/207 141/187
f 138/236 156/214 140/237
f 133/238 153/239 134/240
f 141/187 146/209 138/236
f 114/212 115/241 118/210
f 118/210 120/242 121/243
f 121/243 119/244 117/211
f 117/211 116/245 114/212
f 145/235 151/221 139/199
f 98/246 135/206 99/247
f 149/248 140/237 153/239
f 132/249 149/248 133/238
f 127/244 152/200 128/250
f 155/188 138/236 149/248
f 129/197 128/251 127/252
f 127/252 134/195 129/197
f 135/206 100/233 99/247
f 133/253 132/254 131/196
f 131/196 130/255 129/197
f 148/198 124/256 150/207
f 131/257 155/188 132/249
f 158/186 144/235 141/187
f 105/192 104/189 108/193
f 134/195 133/253 131/196
f 159/198 145/235 139/199
f 116/201 108/219 106/202
f 142/204 113/258 112/205
f 150/207 124/256 125/208
f 118/210 121/243 117/211
f 146/209 125/208 126/213
f 111/215 110/259 136/216
f 116/201 117/260 109/218
f 147/186 102/257 122/220
f 101/222 107/261 106/223
f 115/224 114/203 106/202
f 112/205 111/215 137/217
f 129/226 128/250 152/200
f 102/228 98/262 99/190
f 143/230 139/199 151/221
f 137/217 136/216 101/232
f 154/231 151/221 122/220
f 157/227 152/200 139/199
f 144/235 148/198 150/207
f 138/236 146/209 156/214
f 133/238 149/248 153/239
f 141/187 150/207 146/209
f 145/235 147/186 151/221
f 98/246 142/204 135/206
f 149/248 138/236 140/237
f 132/249 155/188 149/248
f 127/244 159/198 152/200
f 155/188 141/187 138/236
f 135/206 137/217 100/233
f 148/198 98/244 124/256
f 131/257 158/186 155/188
o Handle
v -0.0349 0.5458 5.2188
v -0.0349 0.5458 5.3438
v 0.0806 0.5937 5.1563
v 0.2538 0.6654 5.3438
v 0.3693 0.7133 5.1563
v 0.4271 0.7372 5.3438
v 0.2538 0.6654 5.5938
v 0.4271 0.7372 5.5938
v -0.0806 0.6563 5.2188
v -0.0806 0.6563 5.3438
v 0.0349 0.7042 5.1563
v 0.2081 0.7759 5.3438
v 0.3236 0.8237 5.1563
v 0.3813 0.8477 5.3438
v 0.2081 0.7759 5.5938
v 0.3813 0.8477 5.5938
v 0.3574 0.9054 5.6563
v 0.451 0.6794 5.6563
v 0.3574 0.9054 6.0313
v 0.451 0.6794 6.0313
v 0.1842 0.8337 5.6563
v 0.2778 0.6077 5.6563
v 0.1842 0.8337 5.9688
v 0.2778 0.6077 5.9688
vt 0.2201 0.4054
vt 0.2085 0.4208
vt 0.2085 0.4054
vt 0.2857 0.417
vt 0.2934 0.4093
vt 0.2934 0.417
vt 0.278 0.4093
vt 0.278 0.417
vt 0.3436 0.4208
vt 0.3398 0.417
vt 0.3398 0.4093
vt 0.2394 0.4363
vt 0.2587 0.4479
vt 0.2355 0.4479
vt 0.2896 0.4015
vt 0.278 0.39
vt 0.2896 0.3822
vt 0.2587 0.3784
vt 0.2587 0.39
vt 0.2394 0.39
vt 0.2896 0.4247
vt 0.2896 0.444
vt 0.278 0.4363
vt 0.3127 0.4093
vt 0.3436 0.4054
vt 0.2432 0.4093
vt 0.2587 0.417
vt 0.2432 0.417
vt 0.2587 0.4093
vt 0.2587 0.4363
vt 0.2201 0.4208
vt 0.3668 0.4208
vt 0.3668 0.4054
vt 0.2625 0.4479
vt 0.278 0.4479
vt 0.2625 0.3784
vt 0.278 0.3784
vt 0.2625 0.4363
vt 0.3127 0.417
vt 0.3243 0.4093
vt 0.3243 0.417
vt 0.2355 0.3784
vt 0.2394 0.4208
vt 0.2857 0.4093
vt 0.2625 0.39
vt 0.2394 0.4054
s 1
f 182/263 179/264 178/265
f 160/266 170/267 162/268
f 169/269 160/266 161/270
f 177/271 167/272 175/273
f 183/274 177/275 179/276
f 170/277 171/278 172/279
f 176/280 180/281 182/282
f 162/283 164/284 163/285
f 162/268 170/267 172/286
f 175/273 176/287 177/271
f 174/288 163/289 166/290
f 161/270 163/289 171/291
f 170/277 169/269 171/278
f 183/274 181/292 177/275
f 182/263 183/293 179/264
f 179/294 176/287 178/295
f 162/283 163/285 161/270
f 167/296 163/285 165/297
f 171/278 175/298 173/299
f 167/296 181/292 166/300
f 164/301 173/302 165/303
f 176/280 182/282 178/304
f 181/305 174/288 166/290
f 162/268 172/286 164/301
f 161/270 171/291 169/269
f 165/303 175/273 167/272
f 175/298 180/281 176/280
f 161/270 160/266 162/283
f 160/266 168/306 170/267
f 164/284 165/297 163/285
f 165/303 173/302 175/273
f 170/277 168/306 169/269
f 171/278 173/299 172/279
f 169/269 168/306 160/266
f 175/298 174/307 180/281
f 183/293 182/263 180/308
f 171/278 174/307 175/298
f 179/294 177/271 176/287
f 174/288 171/291 163/289
f 181/305 180/308 174/288
f 167/296 177/275 181/292
f 167/296 166/300 163/285
f 164/301 172/286 173/302
f 183/293 180/308 181/305
o Mag_Paddle
v -0.0938 -1.3077 -1.5059
v 0.0938 -1.3077 -1.5059
v 0.0938 -1.2812 -1.5625
v -0.0938 -1.2812 -1.5625
v -0.0938 -1.4776 -1.5851
v 0.0938 -1.4776 -1.5851
v 0.0938 -1.4512 -1.6417
v -0.0938 -1.4512 -1.6417
v 0.1562 -1.5342 -1.6115
v 0.1562 -1.5078 -1.6682
v -0.1562 -1.5342 -1.6115
v -0.1562 -1.5078 -1.6682
v 0.1562 -1.7608 -1.7172
v 0.1562 -1.7344 -1.7738
v -0.1562 -1.7608 -1.7172
v -0.1562 -1.7344 -1.7738
vt 0.7413 0.6486
vt 0.722 0.6332
vt 0.7413 0.6332
vt 0.7452 0.6332
vt 0.7645 0.6486
vt 0.7452 0.6486
vt 0.7413 0.6525
vt 0.7452 0.6641
vt 0.7413 0.6641
vt 0.7645 0.6641
vt 0.7683 0.6525
vt 0.7683 0.6641
vt 0.7375 0.6525
vt 0.722 0.6486
vt 0.7645 0.6293
vt 0.7645 0.6332
vt 0.7683 0.6332
vt 0.7606 0.6525
vt 0.7606 0.6641
vt 0.749 0.6641
vt 0.7452 0.6525
vt 0.749 0.6525
vt 0.7683 0.6486
vt 0.7259 0.6525
vt 0.7375 0.6641
vt 0.7645 0.6525
vt 0.7259 0.6641
vt 0.7452 0.6293
s 1
f 192/309 198/310 196/311
f 197/312 195/313 193/314
f 196/311 193/314 192/309
f 189/315 186/316 185/317
f 187/318 188/319 184/320
f 192/309 189/321 194/322
f 198/323 199/324 197/312
f 195/313 199/324 198/325
f 191/326 187/327 186/328
f 193/314 190/329 189/315
f 195/313 191/326 190/330
f 190/330 193/314 195/313
f 195/313 194/331 188/319
f 189/321 188/332 194/322
f 191/326 186/328 190/330
f 188/332 189/321 185/333
f 192/309 194/322 198/310
f 193/314 189/315 192/309
f 195/313 188/319 191/334
f 195/313 198/325 194/331
f 188/332 185/333 184/335
f 197/312 199/324 195/313
f 196/311 197/312 193/314
f 189/315 190/329 186/316
f 187/318 191/334 188/319
f 198/323 197/312 196/336
o Magazine
v -0.3125 -3.8438 -1.3125
v 0.3125 -3.8438 -1.3125
v -0.3125 -3.5938 0.4375
v 0.3125 -3.5938 0.4375
v -0.3125 -0.2188 -1.4375
v 0.3125 -0.2188 -1.4375
v -0.3125 -0.2188 0.25
v 0.3125 -0.2188 0.25
v 0.1875 -0.0938 -1.4375
v -0.1875 -0.0938 -1.4375
v -0.125 -0.0938 -1.4375
v 0.125 -0.0938 -1.4375
v 0.125 -0.2188 -1.4375
v -0.125 -0.2188 -1.4375
v -0.3125 -0.2188 -0.5625
v 0.3125 -0.2188 -0.5625
v 0.1875 -0.0938 -0.6875
v -0.1875 -0.0938 -0.6875
v -0.125 -0.0938 -0.6875
v 0.125 -0.0938 -0.6875
v 0.125 -0.2188 -0.5625
v -0.125 -0.2188 -0.5625
v -0.3125 -3.7188 -0.4375
v -0.3125 -1.9062 0.3438
v 0.2188 -2.0312 -1.375
v 0.3125 -2.0312 -1.375
v 0.3125 -3.7188 -0.4375
v 0.3125 -1.9062 0.3438
v -0.2188 -2.0312 -1.375
v -0.3125 -2.0312 -1.375
v -0.3125 -1.9062 -0.0625
v 0.3125 -1.9062 -0.0625
v -0.3125 -2.75 0.1875
v 0.3125 -2.8125 -0.25
v -0.3125 -1.0625 0.2969
v 0.3125 -2.75 0.1875
v 0.1719 -1.125 -1.4062
v 0.3125 -1.125 -1.4062
v 0.3125 -1.0625 0.2969
v -0.3125 -2.9375 -1.3438
v -0.1719 -1.125 -1.4062
v -0.3125 -1.125 -1.4062
v 0.2656 -2.9375 -1.3438
v 0.3125 -2.875 -0.9062
v 0.3125 -2.9375 -1.3438
v -0.3125 -2.75 0.3906
v -0.3125 -1.0625 -0.3125
v 0.3125 -1.0625 -0.3125
v -0.2656 -2.9375 -1.3438
v 0.3125 -2.75 0.3906
v -0.3125 -2.875 -0.9062
v -0.3125 -2.8125 -0.25
vt 0.4768 0.3253
vt 0.4208 0.2896
vt 0.4768 0.2925
vt 0.6448 0.3012
vt 0.6988 0.3166
vt 0.6448 0.3166
vt 0.6988 0.3282
vt 0.749 0.3282
vt 0.6988 0.2896
vt 0.749 0.2896
vt 0.6988 0.3012
vt 0.6757 0.3166
vt 0.668 0.3591
vt 0.668 0.3166
vt 0.6834 0.3591
vt 0.6834 0.3166
vt 0.6525 0.2973
vt 0.6448 0.2896
vt 0.6525 0.3205
vt 0.6448 0.3282
vt 0.6564 0.3745
vt 0.6448 0.3822
vt 0.3127 0.3282
vt 0.3668 0.2896
vt 0.3668 0.3282
vt 0.4768 0.3282
vt 0.4208 0.3282
vt 0.5328 0.2896
vt 0.5927 0.223
vt 0.5888 0.2896
vt 0.6757 0.3668
vt 0.6525 0.3012
vt 0.6525 0.3166
vt 0.2085 0.3282
vt 0.2606 0.2896
vt 0.2606 0.3282
vt 0.5888 0.3282
vt 0.5328 0.3224
vt 0.5888 0.3195
vt 0.4768 0.2896
vt 0.4807 0.2635
vt 0.5888 0.2983
vt 0.4846 0.2239
vt 0.4884 0.1979
vt 0.5405 0.2104
vt 0.6834 0.3745
vt 0.6873 0.3629
vt 0.695 0.3745
vt 0.1042 0.3282
vt 0.1564 0.2896
vt 0.1564 0.3282
vt 0.6564 0.2432
vt 0.6564 0.2896
vt 0.6834 0.3629
vt 0.6873 0.3166
vt 0.6641 0.3629
vt 0.668 0.3745
vt 0.4807 0.3542
vt 0.5405 0.4073
vt 0.4846 0.3938
vt 0.6448 0.1853
vt 0.5927 0.1853
vt 0.4884 0.4199
vt 0.4884 0.4324
vt 0.4363 0.4324
vt 0.5927 0.4324
vt 0.5927 0.3948
vt 0.5328 0.2954
vt 0.5405 0.1853
vt 0.4884 0.1853
vt 0.5328 0.3282
vt 0.4286 0.2375
vt 0.668 0.3629
vt 0.6641 0.3166
vt 0.4286 0.3803
vt 0.4363 0.1853
vt 0.6448 0.4324
vt 0.5405 0.4324
vt 0.2085 0.2896
vt 0.3127 0.2896
vt 0.6448 0.2355
vt 0.6564 0.3282
vt 0.1042 0.2896
s 1
f 242/337 200/338 248/339
f 213/340 220/341 212/342
f 215/343 220/341 207/344
f 214/345 206/346 221/347
f 212/348 219/349 211/350
f 218/351 213/348 210/352
f 209/353 213/340 204/354
f 212/342 208/355 205/356
f 205/356 216/357 215/358
f 203/359 222/360 226/361
f 242/337 244/362 201/363
f 229/364 246/365 241/366
f 226/361 200/338 201/363
f 212/348 220/367 219/349
f 218/351 221/367 213/348
f 209/353 210/368 213/340
f 212/342 211/369 208/355
f 227/370 245/371 249/372
f 237/373 224/374 236/375
f 239/376 250/377 229/364
f 204/354 240/378 241/366
f 251/379 232/380 230/381
f 221/382 217/383 214/384
f 207/385 234/386 238/387
f 204/354 217/388 209/389
f 218/390 209/391 217/383
f 216/392 220/393 215/357
f 243/394 231/395 233/396
f 206/397 246/365 234/398
f 235/399 249/400 203/401
f 238/402 231/395 247/403
f 236/375 228/404 240/378
f 223/405 232/380 245/406
f 200/338 239/376 248/339
f 237/373 215/358 247/403
f 244/362 225/407 243/394
f 233/396 231/395 235/399
f 250/377 222/408 251/379
f 221/347 207/344 220/341
f 229/364 248/339 239/376
f 219/409 208/410 211/350
f 250/377 230/381 229/364
f 233/396 203/401 226/411
f 201/363 243/394 226/411
f 225/407 247/403 231/395
f 202/412 245/406 232/380
f 212/342 240/378 213/340
f 207/413 247/403 215/358
f 227/414 235/399 231/395
f 234/398 230/381 223/405
f 226/411 243/394 233/396
f 238/387 223/415 227/370
f 202/412 251/379 222/408
f 241/366 228/404 229/364
f 200/338 250/377 239/376
f 205/356 236/375 212/342
f 249/372 202/416 203/359
f 241/366 214/417 204/354
f 225/407 242/337 224/374
f 224/374 248/339 228/404
f 242/337 201/363 200/338
f 213/340 221/347 220/341
f 205/356 208/418 216/357
f 203/359 202/416 222/360
f 229/364 230/381 246/365
f 226/361 222/360 200/338
f 227/370 223/415 245/371
f 237/373 225/407 224/374
f 204/354 213/340 240/378
f 221/382 218/390 217/383
f 207/385 206/419 234/386
f 204/354 214/417 217/388
f 218/390 210/352 209/391
f 216/392 219/409 220/393
f 243/394 225/407 231/395
f 206/397 214/417 246/365
f 238/402 227/414 231/395
f 236/375 224/374 228/404
f 223/405 230/381 232/380
f 237/373 205/356 215/358
f 221/347 206/346 207/344
f 229/364 228/404 248/339
f 219/409 216/392 208/410
f 250/377 251/379 230/381
f 233/396 235/399 203/401
f 201/363 244/362 243/394
f 225/407 237/373 247/403
f 212/342 236/375 240/378
f 207/413 238/402 247/403
f 227/414 249/400 235/399
f 234/398 246/365 230/381
f 238/387 234/386 223/415
f 202/412 232/380 251/379
f 241/366 240/378 228/404
f 200/338 222/408 250/377
f 205/356 237/373 236/375
f 249/372 245/371 202/416
f 241/366 246/365 214/417
f 225/407 244/362 242/337
f 224/374 242/337 248/339
o Plug
v 0.1562 0.625 5.4375
v 0.1105 0.7355 5.4375
v 0 0.7812 5.125
v -0.1105 0.7355 5.125
v -0.1562 0.625 5.125
v -0.1105 0.5145 5.125
v 0 0.4688 5.125
v 0.1105 0.5145 5.125
v 0.1562 0.625 6
v 0.1105 0.7355 6
v 0 0.7812 6
v -0.1105 0.5145 5.6875
v -0.1562 0.625 5.6875
v 0.1105 0.7355 5.125
v 0.1562 0.625 5.125
v 0.1105 0.5145 6
v -0.1105 0.5145 6
v -0.1562 0.625 6
v -0.1105 0.7355 6
v 0 0.4688 6
vt 0.1815 0.6023
vt 0.193 0.5985
vt 0.1892 0.6023
vt 0.2085 0.5792
vt 0.193 0.5637
vt 0.1815 0.5097
vt 0.1815 0.4865
vt 0.1892 0.4865
vt 0.2046 0.6023
vt 0.1969 0.6023
vt 0.1776 0.5792
vt 0.1892 0.5097
vt 0.1776 0.5985
vt 0.2085 0.5985
vt 0.1941 0.5472
vt 0.1804 0.5472
vt 0.1804 0.5609
vt 0.1941 0.5609
vt 0.1969 0.5541
vt 0.1873 0.5444
vt 0.1776 0.5541
vt 0.1873 0.5637
vt 0.1815 0.5444
vt 0.1969 0.5444
vt 0.1969 0.4903
vt 0.1737 0.5444
vt 0.1737 0.4903
vt 0.1892 0.4903
vt 0.1815 0.4903
vt 0.1892 0.5444
s 1
f 254/420 256/421 255/422
f 252/423 257/421 263/424
f 252/425 263/426 264/427
f 257/421 259/428 258/429
f 256/421 253/430 264/424
f 252/425 264/427 253/431
f 254/420 265/432 256/421
f 252/423 266/433 257/421
f 270/434 268/435 267/436
f 257/421 266/433 259/428
f 256/421 265/432 253/430
f 261/437 262/438 270/434
f 270/434 269/439 268/435
f 268/435 271/440 267/436
f 267/436 260/441 261/437
f 260/442 252/425 253/431
f 262/443 253/431 254/444
f 270/434 267/436 261/437
f 252/425 267/445 259/446
f 253/431 265/447 254/444
f 252/425 259/446 266/448
f 262/443 261/449 253/431
f 252/425 260/442 267/445
f 260/442 253/431 261/449
o Rifle
v -0.1547 0.4703 2
v 0.3438 -0.3438 -6.625
v 0.1547 0.4703 2
v -0.4688 -0.0938 -6.625
v 0.0938 -0.4688 -6.625
v -0.0938 -0.4688 -6.625
v 0.1547 0.4703 -6.25
v -0.1547 0.4703 -6.25
v -0.2188 0.625 -6.25
v -0.1547 0.7797 -6.25
v 0 0.8438 -6.25
v 0.1547 0.7797 -6.25
v 0.2188 0.625 -6.25
v -0.0938 -0.4688 2
v 0.0938 -0.4688 2
v -0.4688 -0.0938 2
v -0.4688 0.0938 2
v -0.3438 -0.3438 2
v 0.3438 -0.3438 2
v 0.4688 -0.0938 2
v 0.4688 0.0938 2
v -0.3438 -0.3438 -6.625
v -0.4688 0.0938 -6.625
v -0.3438 0.3438 2
v 0.3438 0.3438 2
v 0.4688 0.0938 -6.625
v 0.4688 -0.0938 -6.625
v -0.3438 0.3438 -6.25
v 0.3438 0.3438 -6.25
v -0.4688 -0.0938 0.125
v -0.4688 -0.0312 0.1875
v -0.4375 0.1562 0.125
v -0.4688 0.0938 0.1875
v -0.4688 -0.0938 -6.1875
v -0.4375 0.1562 -6.1875
v -0.4688 -0.0312 -6.25
v -0.4688 0.0938 -6.25
v -0.4062 -0.0938 0.125
v -0.4062 -0.0312 0.1875
v -0.4062 0.1562 0.125
v -0.4062 0.0938 0.1875
v -0.4062 -0.0938 -6.1875
v -0.4062 0.1562 -6.1875
v -0.4062 -0.0312 -6.25
v -0.4062 0.0938 -6.25
v -0.4062 0.2188 0.125
v -0.3438 0.3438 0.125
v -0.1547 0.4703 0.125
v -0.2188 0.625 0.125
v -0.4062 0.2188 -1.75
v -0.3438 0.3438 -1.75
v -0.1547 0.4703 -1.75
v -0.2188 0.625 -1.75
v 0.1562 0.625 5.375
v 0.1105 0.7355 5.375
v 0 0.7812 6
v -0.1105 0.7355 6
v -0.1562 0.625 6
v -0.1105 0.5145 6
v 0 0.4688 6
v 0.1105 0.5145 6
v 0.1547 0.4703 9.25
v -0.1547 0.4703 9.25
v -0.2188 0.625 9.25
v -0.1547 0.7797 9.25
v 0 0.8438 9.25
v 0.1547 0.7797 9.25
v 0.2188 0.625 9.25
v -0.375 -0.2812 0.375
v -0.375 -0.6562 0.375
v 0.375 -0.2812 0.375
v 0.375 -0.6562 0.375
v 0.375 -0.2812 -1.75
v 0.375 -1.3438 -1.5
v -0.375 -1.3438 -1.5
v -0.375 -0.2812 -1.75
v -0.3438 -1.3438 -4.25
v -0.3438 -1.3438 -1.75
v 0.3438 -1.3438 -4.25
v 0.3438 -1.3438 -1.75
v -0.3438 -1.2188 -4.4375
v -0.3438 -1.3071 -4.3826
v -0.3438 -1.0312 -4.4375
v -0.3438 -0.7188 -4.75
v -0.3438 -0.875 -4.4794
v -0.3438 -0.7606 -4.5938
v -0.3438 -0.7188 -6.625
v 0.3438 -1.2188 -4.4375
v 0.3438 -1.3071 -4.3826
v 0.3438 -1.0312 -4.4375
v 0.3438 -0.7188 -4.75
v 0.3438 -0.875 -4.4794
v 0.3438 -0.7606 -4.5938
v 0.3438 -0.7188 -6.625
v -0.3438 -0.3438 -1.9375
v -0.3438 -1.0313 -1.75
v -0.3438 -1.298 -1.6395
v -0.3438 -1.1875 -1.5938
v -0.3438 -1.077 -1.6395
v -0.3438 -0.9063 -1.9375
v 0.3438 -0.3438 -1.9375
v 0.3438 -1.0313 -1.75
v 0.3438 -1.298 -1.6395
v 0.3438 -1.1875 -1.5938
v 0.3438 -1.077 -1.6395
v 0.3438 -0.9063 -1.9375
v -0.2812 -1.3438 -1.75
v -0.2812 -1.3438 -1.5
v 0.2812 -1.3438 -1.75
v 0.2812 -1.3438 -1.5
v 0.2812 -0.375 -1.7279
v -0.2812 -0.375 -1.7279
v 0.2812 -0.375 -1.9375
v -0.2812 -0.375 -1.9375
v 0.2812 -0.9063 -1.9375
v -0.2812 -0.9063 -1.9375
v -0.3438 -1.0938 -1.75
v -0.3438 -1.1212 -1.8163
v -0.3438 -1.1875 -1.8438
v -0.3438 -1.2538 -1.8163
v -0.3438 -1.2813 -1.75
v -0.3438 -1.2538 -1.6837
v -0.3438 -1.1875 -1.6562
v -0.3438 -1.1212 -1.6837
v -0.375 -1.0938 -1.75
v -0.375 -1.1212 -1.8163
v -0.375 -1.1875 -1.8438
v -0.375 -1.2538 -1.8163
v -0.375 -1.2813 -1.75
v -0.375 -1.2538 -1.6837
v -0.375 -1.1875 -1.6562
v -0.375 -1.1212 -1.6837
v 0.2812 -0.5938 -1.75
v 0.2812 -0.6395 -1.8605
v 0.2812 -0.75 -1.9062
v 0.2812 -0.8605 -1.8605
v 0.2812 -0.9063 -1.75
v 0.2812 -0.5938 -1.125
v 0.2812 -0.9063 -1.125
v 0.4688 -0.5938 -1.125
v 0.4688 -0.9063 -1.125
v 0.4688 -0.5938 -1.7169
v 0.4688 -0.9063 -1.6434
v 0.3438 -0.5938 -1.7169
v 0.3438 -0.9063 -1.6434
v 0.3438 -0.5938 -1.75
v 0.3438 -0.6395 -1.8605
v 0.3438 -0.75 -1.9062
v 0.3438 -0.8605 -1.8605
v 0.3438 -0.9063 -1.75
v -0.3438 0.2188 0.125
v 0.1562 0.625 0.125
v 0.0938 0.4688 0.125
v 0.2812 0.3438 0.125
v 0.3438 0.2188 0.125
v -0.2188 0.0938 0.125
v 0.2188 0.0938 0.125
v -0.0938 0.2188 0.125
v 0.0938 0.2188 0.125
v -0.2188 0.0938 0.75
v 0.2188 0.0938 0.75
v -0.2188 -0.0938 0.75
v 0.2188 -0.0938 0.75
v -0.0938 -0.2188 0.75
v 0.0938 -0.2188 0.75
v -0.0938 0.2188 0.75
v 0.0938 0.2188 0.75
v -0.3438 0.2188 -1.75
v -0.2812 0.3438 -1.75
v -0.0938 0.4688 -1.75
v -0.1562 0.625 -1.75
v -0.3438 0.2188 -6.25
v -0.2812 0.3438 -6.25
v -0.0938 0.4688 -6.25
v -0.1562 0.625 -6.25
v 0.1562 0.625 -6.25
v 0.0938 0.4688 -6.25
v 0.2812 0.3438 -6.25
v 0.3438 0.2188 -6.25
v 0.2188 0.0938 -6.25
v -0.2188 -0.0938 -6.25
v 0.2188 -0.0938 -6.25
v -0.0938 -0.2188 -6.25
v 0.0938 -0.2188 -6.25
v -0.2188 0.0938 -6.25
v 0.2096 0.6471 5.375
v 0.1638 0.7576 5.375
v 0.2096 0.6471 1.875
v 0.1547 0.7797 1.875
v 0.1638 0.7576 2.0625
v 0.1547 0.7797 2.0625
v 0.0221 0.8346 2.0625
v 0.0221 0.8346 1.875
v 0.1562 0.625 1.875
v 0 0.7812 1.875
v -0.1105 0.7355 1.8125
v -0.1562 0.625 1.8125
v -0.1105 0.5145 1.8125
v 0 0.4688 1.8125
v 0.1105 0.5145 1.8125
v 0 0.7812 2.0625
v 0.1105 0.7355 2.0625
v 0.1562 0.625 6
v 0.1105 0.7355 6
v 0.1105 0.7355 1.875
v 0.1562 0.625 1.8125
v 0 0.7812 1.8125
v 0.1105 0.7355 1.8125
v 0 0.4063 9.25
v 0.2188 0 9.125
v 0.1547 0.1547 9.125
v 0 0.2188 9.125
v -0.1547 0.1547 9.125
v -0.2188 0 9.125
v -0.1547 -0.1547 9.125
v 0 -0.2187 9.125
v 0.1547 -0.1547 9.125
v 0.2188 0 9.4375
v 0.1547 0.1547 9.4375
v 0 0.2188 9.4375
v -0.1547 0.1547 9.4375
v -0.2188 0 9.4375
v -0.1547 -0.1547 9.4375
v 0 -0.2187 9.4375
v 0.1547 -0.1547 9.4375
v 0.1875 0 9.5
v 0.1326 0.1326 9.5
v 0 0.1875 9.5
v -0.1326 0.1326 9.5
v -0.1875 0 9.5
v -0.1326 -0.1326 9.5
v 0 -0.1875 9.5
v 0.1326 -0.1326 9.5
v 0.1875 0 11.25
v 0.1326 0.1326 11.25
v -0 0.1875 11.25
v -0.1326 0.1326 11.25
v -0.1875 0 11.25
v -0.1326 -0.1326 11.25
v 0 -0.1875 11.25
v 0.1326 -0.1326 11.25
v 0.2812 0.625 9.125
v 0.1989 0.8239 9.125
v -0.1989 0.8239 9.125
v -0.2812 0.625 9.125
v -0.1989 0.4261 9.125
v -0.1989 0.1989 8.75
v 0.1989 0.4261 9.125
v 0.2812 0.625 8.75
v 0.1989 0.8239 8.75
v -0.1989 0.8239 8.75
v -0.2812 0.625 8.75
v -0.1989 0.4261 8.75
v 0.1989 0.1989 8.75
v 0.1989 0.4261 8.75
v 0.2812 0 9.125
v 0.1989 0.1989 9.125
v 0.2812 0 8.75
v -0.1989 0.1989 9.125
v -0.2812 0 9.125
v -0.1989 -0.1989 9.125
v 0 -0.2812 9.125
v 0.1989 -0.1989 9.125
v -0.2812 0 8.75
v -0.1989 -0.1989 8.75
v 0 -0.2812 8.75
v 0.1989 -0.1989 8.75
v 0.4688 -0.0938 0.125
v 0.4688 -0.0312 0.1875
v 0.4688 0.0938 0.1875
v 0.4688 -0.0938 -6.1875
v 0.4688 -0.0312 -6.25
v 0.4688 0.0938 -6.25
v 0.4375 0.1562 -6.1875
v 0.4375 0.1562 0.125
v 0.4062 -0.0938 0.125
v 0.4062 -0.0938 -6.1875
v 0.4062 -0.0312 -6.25
v 0.4062 0.0938 -6.25
v 0.4062 0.1562 -6.1875
v 0.4062 0.1562 0.125
v 0.4062 -0.0312 0.1875
v 0.4062 0.0938 0.1875
v -0.2812 -0.7188 -1.75
v -0.2812 -0.7554 -1.8384
v -0.2812 -0.8438 -1.875
v -0.2812 -0.9321 -1.8384
v -0.2812 -0.9688 -1.75
v -0.2812 -0.9321 -1.6616
v -0.2812 -0.8438 -1.625
v -0.2812 -0.7554 -1.6616
v -0.3438 -0.7188 -1.75
v -0.3438 -0.7554 -1.8384
v -0.3438 -0.8438 -1.875
v -0.3438 -0.9321 -1.8384
v -0.3438 -0.9688 -1.75
v -0.3438 -0.9321 -1.6616
v -0.3438 -0.8438 -1.625
v -0.3438 -0.7554 -1.6616
v 0.2188 -0.0938 0.25
v 0.2188 -0.2812 0.25
v -0.2188 -0.2812 0.25
v -0.2188 -0.0938 0.25
v -0.0938 -0.2188 0.25
v 0.0938 -0.2188 0.25
v 0.2188 -0.0938 -1.4375
v 0.2188 -0.2812 -1.4375
v -0.2188 -0.2812 -1.4375
v -0.2188 -0.0938 -1.4375
v -0.0938 -0.2188 -1.4375
v 0.0938 -0.2188 -1.4375
v 0.3622 0.0971 8.75
v 0.2652 0.2652 8.75
v -0.2652 0.2652 8.75
v -0.3622 0.0971 8.75
v -0.3622 -0.0971 8.75
v -0.2652 -0.2652 8.75
v -0.0971 -0.3622 8.75
v 0.0971 -0.3622 8.75
v 0.2652 -0.2652 8.75
v 0.3622 -0.0971 8.75
v 0.25 0.4703 8.75
v -0.25 0.4703 8.75
v -0.3438 0.3437 -6.625
v 0.3438 0.3437 -6.625
v 0.3125 -1.3438 -3.5625
v 0.3125 -1.9688 -4
v 0.125 -2.0938 -4.125
v 0.125 -2.2188 -4.1875
v 0.125 -2.4062 -4.1875
v 0.125 -2.5938 -4.375
v 0.125 -2.7188 -4.4375
v 0.125 -2.9062 -4.4375
v 0.125 -3.0938 -4.625
v 0.125 -3.2188 -4.6875
v 0.125 -3.5312 -4.6875
v 0.125 -2.9688 -5.75
v 0.125 -2.3438 -5.4375
v 0.125 -1.9062 -5.0625
v 0.125 -1.6562 -4.8125
v 0.3125 -1.3438 -4.8125
v 0.3125 -1.0938 -4.9375
v 0.3125 -0.9062 -5.1875
v 0.3125 -0.7188 -5.1875
v 0.3125 -0.7188 -3.5625
v -0.3125 -1.3438 -3.5625
v -0.3125 -1.9688 -4
v -0.125 -2.0938 -4.125
v -0.125 -2.2188 -4.1875
v -0.125 -2.4062 -4.1875
v -0.125 -2.5938 -4.375
v -0.125 -2.7188 -4.4375
v -0.125 -2.9062 -4.4375
v -0.125 -3.0938 -4.625
v -0.125 -3.2188 -4.6875
v -0.125 -3.5312 -4.6875
v -0.125 -2.9688 -5.75
v -0.125 -2.3438 -5.4375
v -0.125 -1.9062 -5.0625
v -0.125 -1.6562 -4.8125
v -0.3125 -1.3438 -4.8125
v -0.3125 -1.0938 -4.9375
v -0.3125 -0.9062 -5.1875
v -0.3125 -0.7188 -5.1875
v -0.3125 -0.7188 -3.5625
v 0.3125 -2.0312 -4.1875
v 0.3125 -2.1562 -4.25
v 0.3125 -2.4062 -4.25
v 0.3125 -2.5312 -4.4375
v 0.3125 -2.6562 -4.5
v 0.3125 -2.9062 -4.5
v 0.3125 -3.0312 -4.6875
v 0.3125 -3.1562 -4.75
v 0.3125 -2.9688 -5.5625
v 0.3125 -2.3438 -5.25
v 0.3125 -1.9062 -4.9375
v 0.3125 -1.6562 -4.75
v 0.3125 -3.4062 -4.75
v -0.3125 -2.0312 -4.1875
v -0.3125 -2.1562 -4.25
v -0.3125 -2.4062 -4.25
v -0.3125 -2.5312 -4.4375
v -0.3125 -2.6562 -4.5
v -0.3125 -2.9062 -4.5
v -0.3125 -3.0312 -4.6875
v -0.3125 -3.1562 -4.75
v -0.3125 -2.9688 -5.5625
v -0.3125 -2.3438 -5.25
v -0.3125 -1.9062 -4.9375
v -0.3125 -1.6562 -4.75
v -0.3125 -3.4062 -4.75
v 0.1875 -1.3438 -2.3125
v 0.1875 -1.9062 -2.3125
v 0.1875 -2.0938 -2.375
v 0.1875 -2.2188 -2.5
v 0.1875 -2.2812 -2.6875
v 0.1875 -2.2812 -3.4375
v 0.1875 -1.9062 -4
v -0.1875 -1.3438 -2.3125
v -0.1875 -1.9062 -2.3125
v -0.1875 -2.0938 -2.375
v -0.1875 -2.2188 -2.5
v -0.1875 -2.2812 -2.6875
v -0.1875 -2.2812 -3.4375
v -0.1875 -1.9062 -4
v 0.1875 -1.3438 -2.375
v 0.1875 -1.9062 -2.375
v 0.1875 -2.0938 -2.4375
v 0.1875 -2.1562 -2.5
v 0.1875 -2.2188 -2.6875
v 0.1875 -2.2188 -3.4375
v 0.1875 -1.8438 -4
v -0.1875 -2.1562 -2.5
v -0.1875 -2.2188 -2.6875
v -0.1875 -2.2188 -3.4375
v -0.1875 -1.8438 -4
v -0.1875 -2.0938 -2.4375
v -0.1875 -1.9062 -2.375
v -0.1875 -1.3438 -2.375
v 0.1547 0.7355 -6.625
v 0 0.7812 -6.625
v -0.1547 0.7355 -6.625
v 0.2812 1.1875 9.125
v 0.1989 1.3864 9.125
v -0 1.4688 9.125
v -0.1989 1.3864 9.125
v -0.2812 1.1875 9.125
v -0.1989 0.9886 9.125
v 0.1989 0.9886 9.125
v 0.1562 0.971 9.125
v 0.1562 0.8415 9.125
v -0.1562 0.8415 9.125
v -0.1562 0.971 9.125
v -0.1562 0.8415 8.75
v 0.1562 0.8415 8.75
v 0.2812 1.1875 8.75
v 0.1989 1.3864 8.75
v -0 1.4688 8.75
v -0.1989 1.3864 8.75
v -0.2812 1.1875 8.75
v -0.1989 0.9886 8.75
v 0.1989 0.9886 8.75
v 0.1562 0.971 8.75
v -0.1562 0.971 8.75
v 0.2188 1.1875 9.125
v 0.1547 1.3422 9.125
v -0 1.4063 9.125
v -0.1547 1.3422 9.125
v -0.2188 1.1875 9.125
v -0.1547 1.0328 9.125
v 0 0.9688 9.125
v 0.1547 1.0328 9.125
v 0.2188 1.1875 8.75
v 0.1547 1.3422 8.75
v 0 1.4063 8.75
v -0.1547 1.3422 8.75
v -0.2188 1.1875 8.75
v -0.1547 1.0328 8.75
v 0 0.9688 8.75
v 0.1547 1.0328 8.75
v -0.0312 1.1875 9
v -0.0312 1.0313 9
v 0.0312 1.1875 9
v 0.0312 1.0313 9
v -0.0312 1.1875 8.9375
v 0.0312 1.1875 8.9375
v -0.0938 0.9688 9
v 0.0938 0.9688 9
v -0.0312 1.0313 8.9375
v 0.0312 1.0313 8.9375
v 0.0938 0.9688 8.9375
v -0.0938 0.9688 8.9375
v 0.1562 1.1875 -5.3125
v -0.1562 0.875 -5.4375
v 0.1562 0.875 -5.4375
v -0.1562 1.1875 -5.1875
v -0.1562 0.875 -5.0625
v 0.1562 0.875 -5.0625
v 0.1562 1.1875 -5.1875
v -0.1562 1.1875 -5.3125
v -0.1562 0.75 -5.4375
v 0.1562 0.75 -5.4375
v -0.1562 0.75 -5.0625
v 0.1562 0.75 -5.0625
v 0.1562 1.25 -5.25
v 0.1562 1.2317 -5.2942
v 0.125 1.2317 -5.2942
v 0.125 1.25 -5.25
v -0.1562 1.2317 -5.2058
v -0.1562 1.2317 -5.2942
v -0.1562 1.25 -5.25
v 0.1562 1.2317 -5.2058
v 0.125 1.2317 -5.2058
v -0.125 1.2317 -5.2058
v -0.125 1.2317 -5.2942
v -0.125 1.25 -5.25
v 0.125 1.1875 -5.3125
v 0.125 1.1875 -5.1875
v -0.125 1.1875 -5.3125
v -0.125 1.1875 -5.1875
v 0.125 0.875 -5.4375
v -0.125 0.875 -5.4375
v -0.125 0.875 -5.0625
v 0.125 0.875 -5.0625
v -0.0625 1.1875 -5.2812
v -0.0625 1.1875 -5.2188
v 0.0625 1.1875 -5.2812
v 0.0625 1.1875 -5.2188
v 0.0625 1.25 -5.2188
v 0.0625 1.25 -5.2812
v -0.0625 1.25 -5.2188
v -0.0625 1.25 -5.2812
v 0.125 1.25 -5.2812
v 0.125 1.25 -5.2188
v -0.125 1.25 -5.2188
v -0.125 1.25 -5.2812
v 0 1.125 -5.2812
v 0 1.125 -5.2188
v 0.125 0.875 -5.2812
v -0.125 0.875 -5.2812
v 0.0312 0.9375 -5.2812
v 0.0221 0.9596 -5.2812
v 0 0.9688 -5.2812
v -0.0221 0.9596 -5.2812
v -0.0312 0.9375 -5.2812
v -0.0221 0.9154 -5.2812
v 0 0.9062 -5.2812
v 0.0221 0.9154 -5.2812
v 0.0312 0.9375 -5.2188
v 0.0221 0.9596 -5.2188
v 0 0.9688 -5.2188
v -0.0221 0.9596 -5.2188
v -0.0312 0.9375 -5.2188
v -0.0221 0.9154 -5.2188
v 0 0.9062 -5.2188
v 0.0221 0.9154 -5.2188
v -0.125 1.0625 -5.2188
v 0.125 1.0625 -5.2188
v -0.125 1.0625 -5.1562
v 0.125 1.0625 -5.1562
v 0.0625 1.0625 -5.0938
v -0.0625 1.0625 -5.0938
v 0.0625 1 -5.0938
v -0.0625 1 -5.0938
v -0.125 1 -5.1562
v 0.125 1 -5.1562
v -0.125 1 -5.2188
v 0.125 1 -5.2188
v -0.125 0.875 -5.2188
v 0.125 0.875 -5.2188
v 0.0938 0.8438 -5.0625
v -0.0938 0.8438 -5.0625
v 0.0938 0.8438 -4.75
v -0.0938 0.8438 -4.75
v 0.0312 0.875 -4.75
v -0.0312 0.875 -4.75
v 0.0938 0.8438 -4.6875
v 0.0312 0.875 -4.6875
v -0.0938 0.8438 -4.6875
v -0.0312 0.875 -4.6875
v 0.0938 0.7812 -4.6875
v -0.0938 0.7812 -4.6875
v 0.0938 0.7812 -5.0625
v -0.0938 0.7812 -5.0625
v 0 0.4062 2
v 0.3438 -1.0938 -1.75
v 0.3438 -1.1212 -1.6837
v 0.3438 -1.1875 -1.6562
v 0.3438 -1.2538 -1.6837
v 0.3438 -1.2813 -1.75
v 0.3438 -1.2538 -1.8163
v 0.3438 -1.1875 -1.8438
v 0.3438 -1.1212 -1.8163
v 0.375 -1.0938 -1.75
v 0.375 -1.1212 -1.6837
v 0.375 -1.1875 -1.6562
v 0.375 -1.2538 -1.6837
v 0.375 -1.2813 -1.75
v 0.375 -1.2538 -1.8163
v 0.375 -1.1875 -1.8438
v 0.375 -1.1212 -1.8163
v -0.2188 0.625 -0.8125
v -0.0552 0.7584 4.0312
v -0.1105 0.7355 3.9062
v -0.2812 0.3438 -4
v 0.0938 0.4688 -3.0625
v -0.1867 0.7023 4.6875
v -0.2188 0.625 4.6875
v -0.1867 0.5477 1.0625
v -0.1547 0.4703 1.0625
v 0.1326 -0.1326 10.375
v 0.3906 0.25 1.0625
v 0.4062 0.2188 1.0938
v 0.3438 0.3438 -2.125
v 0.3045 0.3045 5.375
v -0.4155 0.0954 5.375
v -0.2099 0.3677 5.375
v -0.2023 0.4703 5.375
v 0 0.4062 5.625
v -0.1547 0.4703 5.625
v -0.2188 0.625 -4
v -0.4688 0.0938 1.0938
v -0.1867 0.5477 5.625
v -0.2188 -0 -3.8438
v 0.2096 0.6471 3.625
v 0.4062 -0.2188 -3.25
v -0.0938 0.4688 -4
v 0.2812 0.3438 -3.0625
v -0.1562 0.625 3.9062
v 0.011 0.8392 5.6562
v 0.011 0.8392 5.5625
v 0.1875 0 10.375
v 0.4375 0.1562 -3.0312
v -0.3045 -0.3045 5.375
v -0.3438 -0.3438 -2.3125
v -0.4062 -0.2188 1.0625
v 0.3438 -0.3438 -2.3125
v 0.3438 -0.5312 -5.6875
v 0.3438 -0.3438 -4.2812
v -0.1547 0.7797 1.5
v -0.1867 0.7023 -3.0625
v -0.1867 0.7023 -4
v 0 0.625 -4
v -0.1562 0.625 -4
v 0.1638 0.7576 3.7188
v 0.1547 0.4703 -2.125
v -0.4219 0.1875 -3.9688
v 0.3438 0.2188 -3.0625
v 0 0.8438 1.5
v 0.1867 0.5477 5.625
v 0.1547 0.4703 5.625
v -0.1105 0.5145 3.9062
v 0.1593 0.7686 3.7188
v 0.011 0.8392 -2.1875
v 0.1326 0.1326 10.375
v 0.3045 -0.3045 5.375
v 0.2099 0.3677 5.375
v 0.2023 0.4703 5.375
v 0.4062 -0.2188 1.0625
v 0.3438 -0.7188 -5.6875
v 0.3438 -0.5312 -3.3438
v 0.1867 0.5477 -2.125
v 0.1547 0.7797 5.6562
v 0.1593 0.7686 7.3125
v 0.2188 -0.0938 -0.5938
v 0.4688 -0.0938 1.0625
v 0.4688 -0.0625 1.0938
v 0.4688 -0.0938 -3.0312
v -0.3438 -0.7188 -5.6875
v 0.3438 -0.6094 -3.2084
v 0 0.4688 3.9062
v 0.2142 0.636 7.3125
v 0.2142 0.636 5.5625
v -0 0.1875 10.375
v -0.2188 -0 -0.6562
v 0.4155 -0.0954 5.375
v -0.3125 -0.7188 -4.375
v -0.3438 0.3438 -4
v -0.3438 -0.5312 -3.3438
v -0.2812 0.1562 -0.8125
v -0.2188 0.0938 -3.0625
v 0.1547 0.7797 -2.1875
v 0.4062 -0.0938 -3.0312
v 0.2188 -0 -3.8438
v -0.375 -0.2812 -0.6875
v 0.2188 -0.2812 -0.5938
v 0.0938 -0.4688 -2.3125
v 0.4688 0.0938 1.0938
v -0.3438 -1.3438 -3
v -0.3438 -0.6094 -3.2084
v 0.3438 -0.5522 -3.2656
v 0.2188 0.0938 -3.0625
v 0.1105 0.5145 3.9062
v 0.2142 0.636 -2.1875
v 0.2188 0.625 1.5
v -0.1326 0.1326 10.375
v 0.3906 0.25 -3.0625
v -0.2188 -0.0938 -3.8438
v 0.2188 -0 -0.6562
v 0.4155 0.0954 5.375
v -0.3438 -1.125 -3.0938
v -0.375 -1 -0.5625
v 0.1562 0.625 3.625
v -0.2188 -0.2812 -0.5938
v -0.0938 -0.4688 -2.3125
v -0.4062 -0.2188 -3.25
v -0.4688 -0.0938 -3.0312
v -0.4062 0.2188 -0.8125
v 0.1334 0.5698 3.5938
v -0.1875 0 10.375
v -0.0954 -0.4155 5.375
v -0.4062 -0.0938 -3.0312
v -0.3438 -0.3438 -4.2812
v -0.3438 -0.5312 -5.6875
v -0.3438 -0.5522 -3.2656
v 0.2188 -0.0938 -3.8438
v 0.1105 0.7355 3.7188
v -0.2188 -0.0938 -0.5938
v 0.375 -0.2812 -0.6875
v 0.0552 0.7584 3.7188
v -0.1326 -0.1326 10.375
v -0.0938 -0.2188 -3.8438
v 0.0954 -0.4155 5.375
v 0.3438 -1.3438 -3
v 0.3438 -1.125 -3.0938
v -0.3438 0.2188 -0.8125
v 0.375 -1 -0.5625
v 0 0.625 -0.8125
v 0.1562 0.625 -3.0625
v 0 0.7812 4.0312
v -0.4688 -0.0625 1.0938
v -0.4688 -0.0938 1.0625
v -0.4375 0.1562 -3.0312
v -0.3438 0.3438 1.0625
v -0.1547 0.4703 -4
v -0.4219 0.1875 -0.8125
v -0.2812 0.1562 -4
v -0.3438 0.2188 -4
v 0 -0.1875 10.375
v 0.0938 -0.2188 -3.8438
v -0.4155 -0.0954 5.375
v -0.3045 0.3045 5.375
v 0.3125 -0.7188 -4.375
v -0.4062 0.1562 -3.0312
v 0.4062 0.1562 -3.0312
v 0.1448 0.5974 4.4844
v 0.157 0.7742 8.2812
v -0.1562 0.625 -2.875
v 0.3438 -0.3438 -4.4688
v -0.2188 0.0469 -1.8594
v -0.2027 0.6637 -1.9375
v -0.0276 0.7698 3.0469
v -0.1105 0.7355 2.8594
v 0.0829 0.7469 4.5469
v -0.2027 0.5863 2.875
v 0.1593 0.7686 5.5156
v -0.1867 0.7023 0.8125
v -0.2812 0.3438 -5.125
v 0.0938 0.4688 -4.6562
v -0.1707 0.741 6.9688
v -0.2188 0.625 6.9688
v -0.3438 0.2188 -2.875
v 0.3438 0.3438 -4.1875
v 0.2848 0.2848 7.0625
v -0.3889 0.0962 7.0625
v -0.2375 0.3165 7.0625
v -0.2262 0.4703 7.0625
v 0.0938 -0.4688 -4.4688
v -0.0781 0.625 -2.875
v 0.1823 0.419 3.6875
v 0.3906 0.25 -1
v -0.0938 0.4688 -2.875
v 0.375 -0.2812 -4.9375
v -0.1707 0.509 3.8125
v -0.1707 0.741 3.0938
v 0 0.4062 3.8125
v -0.1547 0.4703 7.4375
v -0.2188 0.625 -2.875
v -0.2027 0.5863 7.4375
v 0 0.8438 -2.375
v -0.2188 -0.0469 -2.6406
v -0.2188 -0 -2.25
v -0.1707 0.741 -5.125
v -0.1547 0.7797 -2.375
v 0.2142 0.636 6.4375
v 0.1615 0.7631 4.5469
v 0.2096 0.6471 2.75
v 0.4375 -0.1562 -1.5625
v -0.0938 0.4688 -5.125
v 0 0.625 -2.4062
v 0.2812 0.3438 -4.6562
v -0.1562 0.625 2.8594
v 0.0166 0.8369 3.8594
v 0.0166 0.8369 3.7188
v -0.3125 0.1875 -2.875
v 0.4375 0.1562 -1.4531
v 0.1547 0.7797 -4.2188
v 0.011 0.8392 1.6875
v -0.2848 -0.2848 7.0625
v 0.1105 0.7355 4.5469
v -0.3438 -0.3438 -5.4531
v 0.1105 0.5145 4.9531
v 0.3438 0.2188 -1.4688
v -0.1562 0.625 4.9531
v 0.3438 -0.5312 -4.5156
v -0.3438 -0.3438 -4.4688
v 0.3438 -0.3438 -0.1562
v 0.3438 -0.3438 -3.1094
v -0.1547 0.7797 5.375
v -0.2027 0.6637 -1.4688
v -0.2027 0.6637 -2.875
v -0.2027 0.6637 -2.4062
v 0.0781 0.625 -5.125
v -0.1562 0.625 -5.125
v 0.375 -0.2812 -0.625
v -0.1707 0.741 -4.6562
v -0.3241 -0.3241 3.6875
v 0.2119 0.6416 5.4688
v 0.1638 0.7576 2.8906
v 0.1547 0.4703 -4.1875
v -0.4421 -0.0946 3.6875
v -0.2188 0.0938 -1.4688
v -0.3241 0.3241 3.6875
v 0.2188 0.0938 -1.4688
v -0.4141 0.2031 -2.8594
v 0.157 0.7742 4.6875
v 0.3438 0.2188 -4.6562
v 0 0.8438 5.375
v 0 0.7812 5.0156
v 0.2027 0.5863 7.4375
v 0.1547 0.4703 7.4375
v -0.1105 0.5145 2.8594
v 0.157 0.7742 2.8906
v -0.0938 -0.2188 -5.0469
v 0.0946 -0.4421 3.6875
v 0.0166 0.8369 -0.1562
v 0.0938 -0.2188 -5.0469
v -0.375 -0.2812 -0.625
v 0.2188 0.0469 -5.0469
v 0.2188 -0.0938 -5.0469
v 0.2848 -0.2848 7.0625
v 0.2375 0.3165 7.0625
v 0.2262 0.4703 7.0625
v 0.3672 0.2969 -4.6562
v 0.1638 0.7576 4.5469
v -0.1785 0.4703 3.6875
v -0.4421 0.0946 3.6875
v 0.0781 0.625 -1.9375
v 0.1562 0.625 4.5
v -0.4297 0.1719 -1.9219
v 0.2027 0.5863 -4.1875
v 0.1547 0.7797 3.8594
v 0.1615 0.7631 6.3438
v -0.4062 -0.0938 -1.4531
v 0.4688 -0.0938 -4.6094
v 0.0055 0.8415 -0.3438
v -0.1547 0.4703 3.8125
v 0.4688 -0.0938 -1.4531
v 0 0.4688 2.8594
v 0.2119 0.6416 6.3438
v 0.2119 0.6416 3.7188
v -0.4219 0.1875 -2.3906
v 0.3889 -0.0962 7.0625
v 0.1785 0.4703 3.6875
v -0.1105 0.5145 4.9531
v -0.2812 0.3438 -2.875
v 0.4062 -0.2188 -1.0938
v 0.2096 0.6471 4.5
v -0.1707 0.741 -0.7812
v -0.0829 0.7469 5.0156
v -0.3438 0.3438 -2.875
v -0.2188 0.0938 -4.6562
v 0.1547 0.7797 -0.1562
v 0.4062 -0.0938 -4.6094
v 0.2188 -0.0469 -2.6406
v 0.3241 0.3241 3.6875
v -0.0946 -0.4421 3.6875
v -0.25 0.125 -1.9375
v 0.0938 0.4688 -1.4688
v 0.2027 0.5863 3.5625
v 0.0938 -0.4688 -0.1562
v -0.1867 0.5477 3.3438
v -0.2812 0.1562 -2.4062
v -0.4062 -0.2188 -1.0938
v 0.2119 0.6416 4.5938
v 0.157 0.7742 6.4844
v 0.2188 0.0938 -4.6562
v 0.0055 0.8415 -4.2188
v 0.1105 0.5145 2.8594
v 0.2119 0.6416 -0.1562
v 0.2188 0.625 5.375
v 0.2188 0.0469 -1.8594
v 0.2165 0.6305 7.4062
v 0.1867 0.5477 1.75
v 0.4141 0.2031 -1.4688
v -0.4062 0.1562 -1.4531
v -0.2188 -0.0938 -2.6406
v 0.3889 0.0962 7.0625
v 0.3241 -0.3241 3.6875
v 0.3438 -0.3438 -5.4531
v -0.0938 -0.4688 -4.4688
v 0.4062 0.1562 -4.6094
v 0.2812 0.3438 -1.4688
v 0.2188 -0 -2.25
v 0.2027 0.5863 -0.3125
v 0.2165 0.6305 8.2812
v 0.1562 0.625 -1.4688
v 0.1562 0.625 2.75
v -0.2027 0.6637 2.4062
v -0.2188 0.625 2.4062
v -0.0938 -0.4688 -0.1562
v -0.4375 -0.1562 -1.5625
v -0.4688 -0.0938 -4.6094
v 0.1219 0.5421 2.7031
v -0.0962 -0.3889 7.0625
v 0.2188 0.625 -2.375
v -0.4297 0.1719 -5.0781
v -0.4375 0.1562 -1.4531
v -0.2188 0.625 -5.125
v -0.4062 -0.0938 -4.6094
v -0.3438 -0.3438 -3.1094
v 0.2188 -0.0938 -2.6406
v -0.375 -0.2812 -4.9375
v -0.1547 0.4703 -5.125
v 0.1105 0.7355 2.8906
v -0.4688 -0.0938 -1.4531
v -0.3438 -0.3438 -0.1562
v 0.0276 0.7698 2.8906
v 0.0055 0.8415 3.5312
v -0.3438 0.3438 -5.125
v 0.4421 -0.0946 3.6875
v 0.2165 0.6305 -0.3438
v -0.0938 -0.2188 -2.6406
v 0.0962 -0.3889 7.0625
v 0.3672 0.2969 -0.5312
v -0.1823 0.419 3.6875
v 0.1547 0.4703 3.8125
v 0.2165 0.6305 -4.2188
v 0.1547 0.4703 -0.0625
v 0 0.4063 7.4375
v -0.2188 0.0469 -5.0469
v 0.0055 0.8415 7.4531
v 0.2142 0.636 1.6875
v 0.3438 0.3438 -0.0625
v 0 0.4688 4.9531
v 0.1547 0.7797 7.4531
v 0.1707 0.509 -0.0625
v 0.4421 0.0946 3.6875
v 0.1562 0.625 -4.6562
v 0 0.7812 3.0469
v -0.4375 0.1562 -4.6094
v 0.4062 -0.0938 -1.4531
v -0.1547 0.4703 -2.875
v 0.4375 0.1562 -4.6094
v -0.25 0.125 -5.125
v -0.3438 0.2188 -5.125
v 0.2165 0.6305 3.5312
v 0.0938 -0.2188 -2.6406
v -0.3889 -0.0962 7.0625
v -0.2848 0.2848 7.0625
v -0.3438 -0.5312 -4.5156
v -0.2188 -0.0938 -5.0469
v -0.1105 0.7355 4.9531
v 0.0055 0.8415 7.4062
v -0.4062 0.1562 -4.6094
v 0.4062 0.1562 -1.4531
v 0.1707 0.509 3.8125
v 0.3438 -0.3438 -3.3906
v -0.2107 0.6057 3.7812
v 0.1593 0.7686 6.4141
v -0.1867 0.7023 -1.125
v -0.1867 0.7023 2.75
v 0.0938 0.4688 -5.4531
v -0.1627 0.7603 8.1094
v -0.2188 0.625 8.1094
v 0.3438 0.3438 -5.2188
v -0.1547 0.7797 -4.3125
v 0.275 0.275 7.9062
v -0.3755 0.0966 7.9062
v -0.2514 0.2908 7.9062
v -0.2381 0.4703 7.9062
v 0.0938 -0.4688 -3.3906
v 0.1961 0.3934 4.5312
v 0.3906 0.25 0.0312
v 0.3906 0.25 -2.0312
v 0.3906 -0.25 -4.0938
v -0.1787 0.5283 4.7188
v -0.1547 0.4703 6.5312
v -0.1627 0.7603 2.2969
v 0 0.4062 2.9062
v -0.1547 0.4703 8.3438
v 0.2812 0.3438 -3.8594
v -0.2107 0.6057 8.3438
v 0 0.8438 -0.4375
v -0.2188 -0 -1.4531
v -0.1547 0.7797 -0.4375
v 0.0138 0.838 4.7578
v 0.4531 -0.125 -0.7188
v 0.2946 0.2946 6.2188
v -0.1787 0.7217 3.8906
v 0 0.625 -1.6094
v 0.2812 0.3438 -5.4531
v 0.0193 0.8357 2.9609
v 0.0193 0.8357 2.7969
v 0.4375 0.1562 -0.6641
v 0.1547 0.7797 -3.2031
v 0.011 0.8392 3.625
v -0.275 -0.275 7.9062
v -0.2237 0.3421 6.2188
v -0.1627 0.4897 2.9062
v 0.3438 0.2188 -2.2656
v -0.3438 -0.3438 -5.5469
v 0.3438 -0.3438 0.9219
v -0.1547 0.7797 7.3125
v -0.2107 0.6443 -0.6719
v -0.2107 0.6443 -1.6094
v 0.3594 -0.3125 -1.4688
v -0.1787 0.7217 -3.8594
v -0.3143 -0.3143 4.5312
v 0.2107 0.6443 4.5469
v 0.1547 0.4703 -5.2188
v -0.4288 -0.095 4.5312
v -0.2188 0.0938 -2.2656
v -0.3143 0.3143 4.5312
v 0.2188 0.0938 -2.2656
v 0.3438 0.2188 -5.4531
v 0 0.8438 7.3125
v 0.2107 0.6057 8.3438
v 0.1547 0.4703 8.3438
v 0.095 -0.4288 4.5312
v 0.0193 0.8357 0.8594
v -0.3906 -0.25 0.2188
v 0.3438 -0.3438 -5.5469
v -0.1787 0.7217 5.8281
v 0.275 -0.275 7.9062
v 0.2514 0.2908 7.9062
v 0.2381 0.4703 7.9062
v 0 0.8438 -4.3125
v 0.3789 0.2734 -3.8594
v -0.1904 0.4703 4.5312
v -0.4288 0.095 4.5312
v 0.2107 0.6057 -5.2188
v 0.1547 0.7797 2.9609
v -0.4062 -0.0938 -2.2422
v 0.4688 -0.0938 -5.3984
v 0.0083 0.8403 -1.2656
v -0.1547 0.4703 4.7188
v 0.4688 -0.0938 -2.2422
v 0.2107 0.6443 2.7969
v -0.2188 0.625 5.8281
v -0.4219 0.1875 -1.6016
v 0.3755 -0.0966 7.9062
v -0.2188 -0 -3.0469
v 0.1904 0.4703 4.5312
v 0 0.625 -3.2031
v 0.4062 -0.2188 -2.1719
v -0.1627 0.7603 0.3594
v -0.2188 0.0938 -5.4531
v 0.1547 0.7797 0.8594
v 0.4062 -0.0938 -5.3984
v 0.3143 0.3143 4.5312
v -0.095 -0.4288 4.5312
v 0.0938 0.4688 -2.2656
v 0.2107 0.6057 2.5312
v 0.0938 -0.4688 0.9219
v -0.1867 0.5477 2.2031
v -0.2812 0.1562 -3.2031
v -0.4062 -0.2188 -0.0156
v 0.2188 0.0938 -5.4531
v 0.0083 0.8403 -3.2031
v 0.2107 0.6443 0.8594
v 0.2188 0.625 7.3125
v 0.2153 0.6333 6.4844
v 0.1867 0.5477 3.6875
v 0.4258 0.1797 -0.6719
v -0.4062 0.1562 -2.2422
v 0.3755 0.0966 7.9062
v 0.3143 -0.3143 4.5312
v -0.0938 -0.4688 -3.3906
v 0.4062 0.1562 -3.8203
v 0.2812 0.3438 -2.2656
v 0.2188 -0 -3.0469
v 0.2107 0.6057 0.5938
v 0.4219 -0.1875 -2.4062
v 0 0.4062 4.7188
v 0.1562 0.625 -2.2656
v -0.1947 0.683 3.5469
v 0.3594 -0.3125 -5.7812
v -0.1947 0.567 6.5312
v -0.2188 0.625 3.5469
v -0.0938 -0.4688 0.9219
v -0.4531 -0.125 -0.7188
v -0.4688 -0.0938 -5.3984
v 0.3438 0.3438 -3.1562
v -0.4022 0.0958 6.2188
v -0.1947 0.567 1.9688
v 0.1593 0.7686 4.6172
v 0.0938 0.4688 -3.8594
v -0.2143 0.4703 6.2188
v 0.0938 -0.4688 -5.5469
v -0.0966 -0.3755 7.9062
v 0.2188 0.625 -0.4375
v -0.4375 0.1562 -2.2422
v -0.4062 -0.0938 -5.3984
v -0.3906 -0.25 -4.0938
v -0.4688 -0.0938 -2.2422
v 0.4375 0.1562 -2.2422
v -0.3438 -0.3438 -1.2344
v 0.0083 0.8403 4.5469
v 0.4288 -0.095 4.5312
v 0.2176 0.6278 0.5781
v 0.0966 -0.3755 7.9062
v 0.3555 0.3203 -1.3281
v -0.1961 0.3934 4.5312
v 0.1547 0.4703 4.7188
v 0.2153 0.6333 -3.2031
v 0.1547 0.4703 -1.0938
v 0 0.4063 6.5312
v 0.0083 0.8403 6.5547
v 0.2142 0.636 3.625
v 0.3438 0.3438 -1.0938
v 0.1547 0.7797 6.5547
v 0.1787 0.5283 -1.0938
v 0.4288 0.095 4.5312
v 0.1562 0.625 -5.4531
v -0.4375 0.1562 -5.3984
v 0.4062 -0.0938 -2.2422
v 0.1685 0.4447 2.8438
v 0.4375 0.1562 -3.8203
v 0.2153 0.6333 4.5469
v 0.1547 0.7797 -5.2344
v -0.3755 -0.0966 7.9062
v -0.275 0.275 7.9062
v 0.0138 0.838 4.6406
v 0.0083 0.8403 6.4844
v -0.4062 0.1562 -5.3984
v 0.011 0.8392 -0.25
v 0.4062 0.1562 -0.6641
v 0.1787 0.5283 4.7188
v -0.2946 -0.2946 6.2188
v 0.3438 0.2188 -0.6719
v -0.3438 -0.3438 -3.3906
v 0.3438 -0.3438 -1.2344
v -0.1547 0.7797 3.4375
v -0.1947 0.683 -2.2656
v -0.1947 0.683 -3.2031
v 0.3906 -0.25 0.2188
v -0.1627 0.7603 -5.4531
v -0.3339 -0.3339 2.8438
v 0.213 0.6388 6.3906
v 0.1547 0.4703 -3.1562
v -0.4554 -0.0942 2.8438
v -0.2188 0.0938 -0.6719
v -0.3339 0.3339 2.8438
v 0.2188 0.0938 -0.6719
v 0.3438 0.2188 -3.8594
v 0 0.8438 3.4375
v 0.1947 0.567 6.5312
v 0.1547 0.4703 6.5312
v 0.0942 -0.4554 2.8438
v 0.0138 0.838 -1.1719
v -0.3594 -0.3125 -1.4688
v 0.2946 -0.2946 6.2188
v 0.2237 0.3421 6.2188
v 0.2143 0.4703 6.2188
v 0.3555 0.3203 -5.4531
v -0.1666 0.4703 2.8438
v -0.4554 0.0942 2.8438
v 0.1947 0.567 -3.1562
v 0.1547 0.7797 4.7578
v -0.4062 -0.0938 -0.6641
v 0.4688 -0.0938 -3.8203
v 0.0028 0.8426 0.5781
v -0.1547 0.4703 2.9062
v 0.4688 -0.0938 -0.6641
v 0.213 0.6388 4.6406
v -0.4219 0.1875 -3.1797
v 0.4022 -0.0958 6.2188
v 0.1666 0.4703 2.8438
v 0.4062 -0.2188 -0.0156
v -0.1787 0.7217 -1.9219
v -0.2188 0.0938 -3.8594
v 0.1547 0.7797 -1.1719
v 0.4062 -0.0938 -3.8203
v 0.3339 0.3339 2.8438
v -0.0942 -0.4554 2.8438
v 0.0938 0.4688 -0.6719
v 0.1947 0.567 4.5938
v 0.0938 -0.4688 -1.2344
v -0.1867 0.5477 4.4844
v -0.2812 0.1562 -1.6094
v -0.4062 -0.2188 -2.1719
v 0.2188 0.0938 -3.8594
v 0.0028 0.8426 -5.2344
v 0.213 0.6388 -1.1719
v 0.2188 0.625 3.4375
v 0.2176 0.6278 8.3281
v 0.1867 0.5477 -0.1875
v 0.4023 0.2266 -2.2656
v -0.4062 0.1562 -0.6641
v 0.4022 0.0958 6.2188
v 0.3339 -0.3339 2.8438
v -0.0938 -0.4688 -5.5469
v 0.4062 0.1562 -5.3984
v 0.2812 0.3438 -0.6719
v 0.2188 -0 -1.4531
v 0.1947 0.567 -1.2188
v 0.1562 0.625 -0.6719
v -0.2107 0.6443 1.2656
v -0.2188 0.625 1.2656
v -0.0938 -0.4688 -1.2344
v -0.4219 -0.1875 -2.4062
v -0.4688 -0.0938 -3.8203
v -0.0958 -0.4022 6.2188
v 0.2188 0.625 -4.3125
v -0.4375 0.1562 -0.6641
v -0.4062 -0.0938 -3.8203
v -0.3594 -0.3125 -5.7812
v -0.4688 -0.0938 -0.6641
v -0.3438 -0.3438 0.9219
v 0.0028 0.8426 2.5156
v 0.4554 -0.0942 2.8438
v 0.2153 0.6333 -1.2656
v 0.0958 -0.4022 6.2188
v 0.3789 0.2734 0.2656
v -0.1685 0.4447 2.8438
v 0.1547 0.4703 2.9062
v 0.2176 0.6278 -5.2344
v 0.1547 0.4703 0.9688
v 0 0.4063 8.3438
v 0.0028 0.8426 8.3516
v 0.2142 0.636 -0.25
v 0.3438 0.3438 0.9688
v 0.1547 0.7797 8.3516
v 0.1627 0.4897 0.9688
v 0.4554 0.0942 2.8438
v 0.1562 0.625 -3.8594
v -0.4375 0.1562 -3.8203
v 0.4062 -0.0938 -0.6641
v 0.4375 0.1562 -5.3984
v 0.2176 0.6278 2.5156
v -0.4022 -0.0958 6.2188
v -0.2946 0.2946 6.2188
v 0.0028 0.8426 8.3281
v -0.4062 0.1562 -3.8203
v 0.4062 0.1562 -2.2422
v 0.1627 0.4897 2.9062
v 0.1947 0.567 2.6562
v 0.1947 0.567 0.7188
v 0.2027 0.5863 1.625
v 0.1707 0.509 1.875
v 0.1787 0.5283 0.8438
v 0.1787 0.5283 2.7812
v 0.157 0.7742 7.3828
v 0.2027 0.5863 5.5
v 0.2107 0.6057 4.4688
v 0.2107 0.6057 6.4062
v 0.2165 0.6305 1.5938
v 0.2153 0.6333 0.6719
v 0.2153 0.6333 2.6094
v 0.0028 0.8426 -3.2969
v 0.0028 0.8426 -1.3594
v 0.0055 0.8415 -2.2812
v 0.0083 0.8403 0.6719
v 0.0055 0.8415 1.5938
v 0.0083 0.8403 2.6094
v 0.0138 0.838 0.7656
v 0.0138 0.838 2.7031
v 0.0166 0.8369 1.7812
v 0.2107 0.6443 3.6719
v 0.2176 0.6278 4.4531
v 0.2165 0.6305 5.4688
v 0.2176 0.6278 6.3906
v 0.157 0.7742 3.7891
v 0.2027 0.5863 -2.25
v 0.2107 0.6057 -3.2812
v 0.2107 0.6057 -1.3438
v -0.1707 0.741 5.0312
v -0.1627 0.7603 6.1719
v -0.1627 0.7603 4.2344
v -0.1787 0.7217 0.0156
v -0.1787 0.7217 1.9531
v -0.1707 0.741 1.1562
v 0.157 0.7742 5.5859
v 0.2176 0.6278 -3.2969
v 0.2165 0.6305 -2.2812
v 0.2176 0.6278 -1.3594
v 0.1615 0.7631 5.4453
v 0.2153 0.6333 7.3594
v 0.213 0.6388 5.5156
v 0.2107 0.6443 5.4219
v 0.0028 0.8426 4.4531
v 0.0028 0.8426 6.3906
v 0.0055 0.8415 5.4688
v 0.213 0.6388 0.7656
v 0.2119 0.6416 1.7812
v 0.213 0.6388 2.7031
v -0.1707 0.741 -2.7188
v -0.1627 0.7603 -1.5781
v -0.1627 0.7603 -3.5156
v -0.2027 0.6637 0.4688
v -0.1947 0.683 1.6094
v -0.1947 0.683 -0.3281
v -0.1867 0.7023 -2.0938
v -0.1867 0.7023 1.7812
v -0.1547 0.7797 -3.3438
v 0 0.8438 0.5312
v -0.1547 0.7797 0.5312
v 0.011 0.8392 4.5938
v -0.1547 0.7797 8.2812
v 0 0.8438 8.2812
v 0 0.8438 -3.3438
v 0.2188 0.625 8.2812
v 0.1867 0.5477 4.6562
v 0.2188 0.625 0.5312
v 0.2142 0.636 4.5938
v 0.011 0.8392 0.7188
v -0.1547 0.7797 4.4062
v 0 0.8438 4.4062
v 0.2188 0.625 4.4062
v 0.1867 0.5477 0.7812
v 0.2188 0.625 -3.3438
v 0.2142 0.636 0.7188
v 0.2027 0.5863 0.6562
v 0.1707 0.509 2.8438
v 0.2027 0.5863 6.4688
v 0.2165 0.6305 2.5625
v 0.0055 0.8415 -1.3125
v 0.0055 0.8415 2.5625
v 0.0166 0.8369 2.75
v 0.2165 0.6305 6.4375
v 0.2027 0.5863 -1.2812
v -0.1707 0.741 4.0625
v -0.1707 0.741 2.125
v 0.2165 0.6305 -1.3125
v 0.0055 0.8415 6.4375
v 0.2119 0.6416 2.75
v -0.1707 0.741 -3.6875
v -0.2027 0.6637 -0.5
v -0.1867 0.7023 -0.1562
v -0.1867 0.7023 3.7188
v -0.1547 0.7797 -5.2812
v 0 0.8438 -1.4062
v -0.1547 0.7797 -1.4062
v 0.011 0.8392 2.6562
v -0.1547 0.7797 6.3438
v 0 0.8438 6.3438
v 0 0.8438 -5.2812
v 0.2188 0.625 6.3438
v 0.1867 0.5477 2.7188
v 0.2188 0.625 -1.4062
v 0.2142 0.636 2.6562
v 0.011 0.8392 -1.2188
v -0.1547 0.7797 2.4688
v 0 0.8438 2.4688
v 0.2188 0.625 2.4688
v 0.1867 0.5477 -1.1562
v 0.2188 0.625 -5.2812
v 0.2142 0.636 -1.2188
v 0.2027 0.5863 2.5938
v 0.1707 0.509 0.9062
v 0.2027 0.5863 4.5312
v 0.2165 0.6305 0.625
v 0.0055 0.8415 -3.25
v 0.0055 0.8415 0.625
v 0.0166 0.8369 0.8125
v 0.2165 0.6305 4.5
v 0.2027 0.5863 -3.2188
v -0.1707 0.741 6
v -0.1707 0.741 0.1875
v 0.2165 0.6305 -3.25
v 0.0055 0.8415 4.5
v 0.2119 0.6416 0.8125
v -0.1707 0.741 -1.75
v -0.2027 0.6637 1.4375
v -0.1947 0.683 -1.2969
v -0.1947 0.683 0.6406
v -0.2107 0.6443 0.2969
v -0.1627 0.7603 -4.4844
v -0.1627 0.7603 -2.5469
v -0.1787 0.7217 -2.8906
v 0.213 0.6388 3.6719
v 0.0028 0.8426 3.4844
v 0.0083 0.8403 3.5781
v 0.1947 0.567 3.625
v 0.2107 0.6057 1.5625
v 0.1787 0.5283 1.8125
v 0.2176 0.6278 -4.2656
v 0.0028 0.8426 -4.2656
v 0.0083 0.8403 1.6406
v 0.1947 0.567 5.5625
v -0.1787 0.7217 -0.9531
v 0.0083 0.8403 -0.2969
v 0.1947 0.567 -0.25
v 0.1787 0.5283 -0.125
v 0.2176 0.6278 -0.3906
v 0.2176 0.6278 1.5469
v 0.0083 0.8403 -2.2344
v 0.2107 0.6057 3.5
v 0.2107 0.6057 7.375
v 0.2107 0.6057 5.4375
v 0.2153 0.6333 1.6406
v 0.0028 0.8426 -2.3281
v 0.2176 0.6278 3.4844
v 0.0193 0.8357 1.8281
v 0.0028 0.8426 5.4219
v 0.2153 0.6333 -0.2969
v 0.0028 0.8426 -0.3906
v 0.0028 0.8426 1.5469
v 0.0138 0.838 3.6719
v -0.1627 0.7603 3.2656
v 0.213 0.6388 -0.2031
v 0.2176 0.6278 7.3594
v -0.1787 0.7217 0.9844
v 0.1947 0.567 -2.1875
v 0.2107 0.6057 -0.375
v -0.1627 0.7603 5.2031
v 0.2153 0.6333 5.5156
v 0.2107 0.6057 -4.25
v -0.1627 0.7603 7.1406
v -0.1787 0.7217 2.9219
v 0.0138 0.838 -0.2031
v 0.1787 0.5283 3.75
v 0.1947 0.567 1.6875
v 0.2176 0.6278 5.4219
v 0.2153 0.6333 -2.2344
v 0.213 0.6388 1.7344
v 0.2176 0.6278 -2.3281
v 0.0028 0.8426 7.3594
v 0.2107 0.6443 1.8281
v 0.1627 0.4897 1.9375
v -0.1627 0.7603 -0.6094
v 0.0083 0.8403 5.5156
v -0.1947 0.683 2.5781
v -0.1627 0.7603 1.3281
v -0.1787 0.7217 4.8594
v 0.2107 0.6057 -2.3125
v 0.2153 0.6333 3.5781
v 0.0138 0.838 1.7344
vt 0.6023 0.5598
vt 0.5328 0.5714
vt 0.5328 0.5598
vt 0.1776 0.6023
vt 0.1583 0.5792
vt 0.1776 0.5792
vt 0.834 0.4208
vt 0.8108 0.4865
vt 0.7896 0.4286
vt 0.2085 0.6486
vt 0.1699 0.6602
vt 0.1699 0.6486
vt 0.6023 0.6023
vt 0.5531 0.6178
vt 0.5531 0.6023
vt 0.6988 0.4903
vt 0.6757 0.444
vt 0.6988 0.444
vt 0.612 0.6037
vt 0.6448 0.5907
vt 0.6718 0.6178
vt 0.7336 0.5907
vt 0.7664 0.6037
vt 0.7066 0.6178
vt 0.7568 0.421
vt 0.7375 0.4189
vt 0.7568 0.4189
vt 0.9479 0.8456
vt 1 0.8571
vt 0.9479 0.8571
vt 0.7403 0.4121
vt 0.7471 0.4093
vt 0.7297 0.4429
vt 0.7375 0.4749
vt 0.7259 0.4749
vt 0.5706 0.7731
vt 0.583 0.7413
vt 0.583 0.7722
vt 0.3938 0.7336
vt 0.4015 0.7297
vt 0.4015 0.7336
vt 0 0.7799
vt 0.0232 0.7876
vt 0 0.7915
vt 0.3938 0.5763
vt 0.3243 0.5714
vt 0.3938 0.5714
vt 0.3629 0.3552
vt 0.3745 0.3784
vt 0.3629 0.3784
vt 0.3707 0.4942
vt 0.3745 0.4865
vt 0.3861 0.4865
vt 0.2085 0.332
vt 0.2046 0.3552
vt 0.2046 0.332
vt 0.3398 0.5367
vt 0.3359 0.5328
vt 0.3398 0.5328
vt 0.1441 0.3849
vt 0.1687 0.3603
vt 0.1564 0.39
vt 0.166 0.6795
vt 0.1467 0.6718
vt 0.166 0.6718
vt 0.3977 0.3552
vt 0.3861 0.3784
vt 0.3861 0.3552
vt 0.642 0.5356
vt 0.6448 0.5425
vt 0.642 0.5493
vt 0.3591 0.5367
vt 0.3662 0.5328
vt 0.3668 0.5367
vt 0.3674 0.5328
vt 0.3745 0.5367
vt 0.3475 0.5367
vt 0.3404 0.5328
vt 0.3468 0.5328
vt 0.1467 0.6564
vt 0.139 0.7104
vt 0.139 0.6564
vt 0.8504 0.4994
vt 0.8687 0.4208
vt 0.8822 0.4923
vt 0.3127 0.556
vt 0.3166 0.5483
vt 0.3243 0.556
vt 0.3243 0.529
vt 0.3166 0.5367
vt 0.3127 0.529
vt 0.8958 0.6023
vt 0.9382 0.6139
vt 0.8958 0.6139
vt 0.3745 0.3552
vt 0.3591 0.332
vt 0.3745 0.332
vt 0.166 0.4286
vt 0.1622 0.4324
vt 0.1622 0.4286
vt 0.2085 0.556
vt 0.1969 0.556
vt 0.2046 0.5483
vt 0.2046 0.5367
vt 0.1969 0.529
vt 0.2085 0.529
vt 0.1892 0.332
vt 0.6757 0.4826
vt 0.6718 0.4942
vt 0.6718 0.4826
vt 0.6757 0.4981
vt 0.6718 0.5058
vt 0.6486 0.4942
vt 0.6448 0.4826
vt 0.6486 0.4826
vt 0.6988 0.5019
vt 0.6757 0.4903
vt 0.6448 0.4363
vt 0.6486 0.3938
vt 0.6486 0.4363
vt 0.7683 0.0309
vt 0.7066 0.0425
vt 0.695 0.0309
vt 0.3591 0.3552
vt 0.3436 0.332
vt 0.6525 0.0309
vt 0.695 0.0425
vt 0.6525 0.0425
vt 0.6448 0.4981
vt 0.6486 0.5058
vt 0.6448 0.5019
vt 0.695 0.0039
vt 0.6525 0.0154
vt 0.6525 0.0039
vt 0.5598 0.7838
vt 0.5637 0.7799
vt 0.5637 0.7838
vt 0.6486 0.5174
vt 0.6718 0.5521
vt 0.6486 0.5521
vt 0.2201 0.3707
vt 0.2124 0.3745
vt 0.2124 0.3707
vt 0.2239 0.3822
vt 0.2162 0.3861
vt 0.2201 0.3822
vt 0.166 0.6873
vt 0.1467 0.6795
vt 0.4208 0.3552
vt 0.4054 0.332
vt 0.4208 0.332
vt 0.4015 0.7259
vt 0.4054 0.7297
vt 0.2201 0.3629
vt 0.2278 0.3591
vt 0.2239 0.3629
vt 0.2239 0.3745
vt 0.7066 0.7104
vt 0.6448 0.6641
vt 0.7066 0.6641
vt 0.6332 0.6409
vt 0.6139 0.6525
vt 0.6178 0.6409
vt 0.332 0.3784
vt 0.3514 0.3938
vt 0.3514 0.3861
vt 0.5483 0.7915
vt 0.5444 0.7954
vt 0.5444 0.7915
vt 0.5985 0.0309
vt 0.6178 0.0154
vt 0.6178 0.0309
vt 0.1815 0.417
vt 0.1803 0.4197
vt 0.1776 0.4208
vt 0.1351 0.4208
vt 0.1313 0.417
vt 0.139 0.417
vt 0.2973 0.3861
vt 0.2946 0.3872
vt 0.2934 0.39
vt 0.3541 0.3927
vt 0.3552 0.39
vt 0.6178 0.695
vt 0.6332 0.7066
vt 0.6139 0.7066
vt 0.3166 0.4015
vt 0.2973 0.3938
vt 0.4865 0.0927
vt 0.4556 0.0541
vt 0.444 0.0772
vt 0.2606 0.5174
vt 0.2606 0.529
vt 0.39 0.4015
vt 0.3861 0.3977
vt 0.39 0.3977
vt 0.2201 0.3745
vt 0.3745 0.3861
vt 0.3784 0.3822
vt 0.3552 0.3822
vt 0.3745 0.3938
vt 0.3784 0.3977
vt 0.3784 0.3938
vt 0.3707 0.39
vt 0.3552 0.3977
vt 0.3577 0.3886
vt 0.3591 0.388
vt 0.3591 0.3919
vt 0.3577 0.3913
vt 0.3571 0.39
vt 0.361 0.39
vt 0.3604 0.3886
vt 0.3604 0.3913
vt 0.3707 0.4865
vt 0.3745 0.4788
vt 0.4015 0.3938
vt 0.3977 0.3822
vt 0.3977 0.3977
vt 0.3861 0.3938
vt 0.3822 0.3977
vt 0.3822 0.3938
vt 0.3822 0.3822
vt 0.3861 0.3861
vt 0.3822 0.3861
vt 0.3938 0.3822
vt 0.39 0.39
vt 0.3938 0.3977
vt 0.4093 0.3822
vt 0.4054 0.3938
vt 0.4054 0.3861
vt 0.7568 0.4865
vt 0.7375 0.4865
vt 0.4208 0.3977
vt 0.4189 0.39
vt 0.4208 0.3822
vt 0.4131 0.3822
vt 0.4151 0.39
vt 0.4131 0.3977
vt 0.4156 0.3913
vt 0.4184 0.3913
vt 0.4184 0.3886
vt 0.4156 0.3886
vt 0.417 0.388
vt 0.417 0.3919
vt 0.3668 0.3784
vt 0.3552 0.3784
vt 0.3668 0.4015
vt 0.3552 0.4015
vt 0.6371 0.6718
vt 0.6062 0.6873
vt 0.61 0.6718
vt 0.5676 0.7799
vt 0.5676 0.7838
vt 0.4015 0.4208
vt 0.3996 0.4131
vt 0.4015 0.4093
vt 0.6718 0.3938
vt 0.6757 0.4363
vt 0.6718 0.4363
vt 0.3822 0.4208
vt 0.3861 0.4247
vt 0.3629 0.4247
vt 0.3977 0.4247
vt 0.3977 0.4208
vt 0.8436 0.8301
vt 0.8958 0.8456
vt 0.8436 0.8456
vt 0.5328 0.8919
vt 0.4768 0.8764
vt 0.5328 0.8764
vt 0.7915 0.9884
vt 0.861 1
vt 0.7915 1
vt 0.5097 0.9645
vt 0.5068 0.9643
vt 0.5666 0.9643
vt 0.3412 0.7336
vt 0.2925 0.7297
vt 0.3412 0.7297
vt 0.6351 0.8301
vt 0.6873 0.8147
vt 0.6873 0.8301
vt 0.612 0.5907
vt 0.6718 0.6023
vt 0.7066 0.6023
vt 0.7664 0.5907
vt 0.0724 0.7659
vt 0.0232 0.7645
vt 0.0869 0.7645
vt 0.4353 0.5174
vt 0.5 0.5251
vt 0.4353 0.5251
vt 0.7539 0.4121
vt 0.5488 0.7344
vt 0.5387 0.7731
vt 0.2838 0.7703
vt 0.278 0.7645
vt 0.3272 0.7659
vt 0.7645 0.4363
vt 0.7683 0.4363
vt 0.7645 0.4383
vt 0.7683 0.4749
vt 0.4826 0.5367
vt 0.5367 0.5328
vt 0.5367 0.5367
vt 0.7259 0.4363
vt 0.7297 0.4363
vt 0.4807 0.529
vt 0.4257 0.527
vt 0.7046 0.9855
vt 0.6641 0.9884
vt 0.6554 0.987
vt 0.1081 0.6023
vt 0.1004 0.6564
vt 0.1004 0.6023
vt 0.4546 0.5907
vt 0.4054 0.5907
vt 0.4633 0.5811
vt 0.8668 0.5779
vt 0.8469 0.5029
vt 0.4469 0.4865
vt 0.4469 0.4884
vt 0.4353 0.4942
vt 0.4498 0.9428
vt 0.4527 0.9426
vt 0.5097 0.9428
vt 0.5328 0.8649
vt 0.4749 0.8571
vt 0.5328 0.8494
vt 0.2732 0.943
vt 0.2761 0.9432
vt 0.2162 0.9428
vt 0.4208 0.7876
vt 0.4749 0.7915
vt 0.417 0.7915
vt 0.6351 0.5521
vt 0.6283 0.5493
vt 0.6255 0.5425
vt 0.6283 0.5356
vt 0.6351 0.5328
vt 0.2664 0.9189
vt 0.3224 0.9073
vt 0.3224 0.9189
vt 0.6158 0.5328
vt 0.609 0.5356
vt 0.6062 0.5425
vt 0.609 0.5493
vt 0.6158 0.5521
vt 0.4353 0.5019
vt 0.5 0.5097
vt 0.4353 0.5097
vt 0.6227 0.5493
vt 0.6227 0.5356
vt 0.5811 0.9768
vt 0.5212 0.9653
vt 0.5811 0.9653
vt 0.0666 0.8069
vt 0.1332 0.8224
vt 0.0666 0.8224
vt 0.2751 0.8571
vt 0.2606 0.8591
vt 0.2085 0.8571
vt 0.1441 0.3603
vt 0.1564 0.3552
vt 0.1737 0.3726
vt 0.1687 0.3849
vt 0.098 0.9537
vt 0.1023 0.9533
vt 0.1535 0.9537
vt 0.8166 0.9406
vt 0.8127 0.9392
vt 0.8726 0.9392
vt 0.8958 0.7838
vt 0.8436 0.7876
vt 0.8436 0.7819
vt 0.1641 0.8822
vt 0.1245 0.8803
vt 0.1733 0.8803
vt 0.8456 0.5077
vt 0.8597 0.5849
vt 0.8571 0.5946
vt 0.6757 0.5019
vt 0.8571 0.6525
vt 0.8456 0.6525
vt 0.2432 0.9797
vt 0.2539 0.9812
vt 0.1834 0.9797
vt 0.528 0.6834
vt 0.4537 0.6892
vt 0.4537 0.6834
vt 0.2577 0.695
vt 0.2085 0.695
vt 0.2568 0.6892
vt 0.6873 0.7428
vt 0.6351 0.7715
vt 0.6351 0.742
vt 0.2085 0.7066
vt 0.2664 0.7008
vt 0.2664 0.7066
vt 0.8456 0.5801
vt 0.3195 0.7761
vt 0.3678 0.7746
vt 0.3682 0.7761
vt 0.7394 0.9305
vt 0.6873 0.9266
vt 0.7394 0.9247
vt 0.3562 0.5907
vt 0.3359 0.5859
vt 0.2278 0.3861
vt 0.5328 0.5859
vt 0.9479 0.7722
vt 0.9479 0.7857
vt 0.472 0.9783
vt 0.4826 0.9797
vt 0.4228 0.9797
vt 0.2162 0.3591
vt 0.8436 0.9151
vt 0.8958 0.9189
vt 0.8436 0.9208
vt 0.3996 0.8494
vt 0.4662 0.834
vt 0.4662 0.8494
vt 0.3842 0.9826
vt 0.3948 0.9841
vt 0.3243 0.9826
vt 0.4054 0.695
vt 0.4141 0.7008
vt 0.3649 0.7008
vt 0.4054 0.6023
vt 0.3562 0.6178
vt 0.3562 0.6023
vt 0.2133 0.9647
vt 0.2162 0.9649
vt 0.1564 0.9649
vt 0.1749 0.4197
vt 0.1737 0.417
vt 0.1379 0.4197
vt 0.1324 0.4197
vt 0.2946 0.3927
vt 0.3541 0.3872
vt 0.5917 0.9783
vt 0.5212 0.9768
vt 0.3938 0.7037
vt 0.1911 0.3977
vt 0.1892 0.3977
vt 0.1892 0.39
vt 1 0.638
vt 0.9884 0.6525
vt 1 0.5656
vt 0.2085 0.39
vt 0.2085 0.3977
vt 0.2066 0.3977
vt 0.8958 0.8996
vt 0.8958 0.9151
vt 0.5907 0.5328
vt 0.5357 0.5309
vt 0.2133 0.9533
vt 0.2177 0.9529
vt 0.2732 0.9529
vt 0.3784 0.3861
vt 0.5965 0.7259
vt 0.5478 0.7104
vt 0.5478 0.7259
vt 0.4015 0.3861
vt 0.4093 0.3977
vt 0.5579 0.9334
vt 0.5541 0.9319
vt 0.6178 0.9334
vt 0.166 0.39
vt 0.166 0.3977
vt 0.1641 0.3977
vt 0.1486 0.3977
vt 0.1467 0.3977
vt 0.1467 0.39
vt 0.417 0.8842
vt 0.3591 0.8822
vt 0.417 0.8803
vt 0.4884 0.4826
vt 0.5077 0.4865
vt 0.3996 0.417
vt 0.3861 0.4208
vt 0.39 0.4189
vt 0.5299 0.6486
vt 0.4575 0.6429
vt 0.5299 0.64
vt 0.3938 0.4189
vt 0.3629 0.4208
vt 0.4208 0.4208
vt 0.4208 0.4247
vt 0.7915 0.7259
vt 0.7428 0.7104
vt 0.7428 0.7259
vt 0.1236 0.6564
vt 0.1158 0.7104
vt 0.1158 0.6564
vt 0.4768 0.7896
vt 0.5328 0.7915
vt 0.027 0.8649
vt 0.0521 0.8514
vt 0.0758 0.8649
vt 0.3822 0.39
vt 0.3649 0.7934
vt 0.3682 0.7915
vt 0.9479 0.8301
vt 1 0.8147
vt 1 0.8301
vt 0.3475 0.5328
vt 0.4768 0.8668
vt 0.4749 0.8649
vt 0.5598 0.7915
vt 0.556 0.7954
vt 0.556 0.7915
vt 0.7683 0.0154
vt 0.1699 0.7099
vt 0.166 0.7027
vt 0.1699 0.7033
vt 0.0232 0.749
vt 0.0869 0.749
vt 0.39 0.7297
vt 0.3938 0.7259
vt 0.3938 0.7297
vt 0.6448 0.5521
vt 0.6448 0.5174
vt 0.1737 0.529
vt 0.1158 0.5174
vt 0.1737 0.5174
vt 0.8263 0.0309
vt 0.834 0.0154
vt 0.834 0.0309
vt 0 0.722
vt 0 0.7143
vt 0.0039 0.7104
vt 0.1301 0.3849
vt 0.1042 0.3629
vt 0.1301 0.3603
vt 0.695 0.0154
vt 0.2317 0.3707
vt 0.2239 0.3707
vt 0.6023 0.6178
vt 0.5531 0.6255
vt 0.417 0.8919
vt 0.4208 0.8764
vt 0.4749 0.1081
vt 0.4402 0.0849
vt 0.2905 0.8813
vt 0.2708 0.8803
vt 0.3195 0.8803
vt 0.4768 0.7799
vt 0.4208 0.7799
vt 0.6023 0.5444
vt 0.5328 0.5444
vt 0.5521 0.7838
vt 0.556 0.7799
vt 0.556 0.7838
vt 0.5521 0.7915
vt 0.5483 0.7954
vt 0.3243 0.7104
vt 0.2664 0.7104
vt 0.7876 0.0309
vt 0.7954 0.0154
vt 0.7954 0.0309
vt 0.6023 0.6371
vt 0.5531 0.6371
vt 0.166 0.5019
vt 0.1236 0.4788
vt 0.166 0.4788
vt 0.1583 0.3552
vt 0.1429 0.332
vt 0.1583 0.332
vt 0.471 0.0232
vt 0.5058 0.0656
vt 0.5251 0.027
vt 0.7297 0.4208
vt 0.7259 0.4286
vt 0.7259 0.4208
vt 0.5637 0.7915
vt 0.5598 0.7954
vt 0.5598 0.0425
vt 0.5753 0.0039
vt 0.5753 0.0425
vt 0.166 0.7104
vt 0.1467 0.7027
vt 0.1699 0.6139
vt 0.2085 0.6255
vt 0.1699 0.6255
vt 0.2201 0.3552
vt 0.2162 0.332
vt 0.2162 0.3552
vt 0.39 0.3552
vt 0.39 0.332
vt 0.6718 0.5174
vt 0.4662 0.8224
vt 0.5328 0.834
vt 0.4749 0.9073
vt 0.4749 0.8919
vt 0.9382 0.6255
vt 0.8958 0.6255
vt 0.5427 0.7898
vt 0.5386 0.7915
vt 0.5386 0.7799
vt 0.8958 0.4093
vt 0.9382 0.4865
vt 0.8958 0.4865
vt 0.4054 0.3977
vt 0.4015 0.3977
vt 0.7466 0.7259
vt 0.7954 0.7297
vt 0.7466 0.7297
vt 0.6448 0.6332
vt 0.6062 0.6332
vt 0.8069 0.7259
vt 0.8108 0.7297
vt 0.8069 0.7297
vt 0.2664 0.3552
vt 0.2527 0.3591
vt 0.251 0.3552
vt 0.6448 0.6255
vt 0.6293 0.6255
vt 0.6371 0.6178
vt 0.3938 0.7066
vt 0.3243 0.7066
vt 0.8958 0.3861
vt 0.9382 0.3938
vt 0.8958 0.3938
vt 0.166 0.6641
vt 0.166 0.6564
vt 0.5647 0.5174
vt 0.6293 0.5251
vt 0.5647 0.5251
vt 0.2819 0.332
vt 0.2819 0.3552
vt 0.2085 0.3552
vt 0.6486 0.6255
vt 0.8958 0.3282
vt 0.9382 0.3629
vt 0.8958 0.3629
vt 0.6178 0.0425
vt 0.3475 0.7104
vt 0.332 0.7066
vt 0.3475 0.7066
vt 0.5985 0.0425
vt 0.8108 0.0309
vt 0.8224 0.0154
vt 0.8224 0.0309
vt 0.8494 0.0309
vt 0.861 0.0154
vt 0.861 0.0309
vt 0.5405 0.7954
vt 0.5405 0.7915
vt 0.39 0.417
vt 0.3938 0.4131
vt 0.3938 0.417
vt 0.6023 0.5367
vt 0.5328 0.5367
vt 0.1467 0.6641
vt 0.1429 0.3552
vt 0.1274 0.332
vt 0.2085 0.668
vt 0.2278 0.6486
vt 0.2085 0.6564
vt 0.6409 0.6873
vt 0.0425 0.9884
vt 0.1129 0.9783
vt 0.1129 0.9884
vt 0.7375 0.4286
vt 0.7568 0.4363
vt 0.7375 0.4363
vt 0.5483 0.9942
vt 0.5483 1
vt 0.4903 1
vt 0.4344 0.9319
vt 0.4344 0.9305
vt 0.4903 0.9305
vt 0.8958 0.5714
vt 0.9382 0.5792
vt 0.8958 0.5792
vt 0.3127 0.3552
vt 0.3166 0.332
vt 0.3166 0.3552
vt 0.5985 0.5367
vt 0.5985 0.5328
vt 0.3412 0.7259
vt 0.3436 0.3552
vt 0.3282 0.332
vt 0.3842 0.9529
vt 0.333 0.9522
vt 0.3842 0.9522
vt 1 0.7471
vt 0.9479 0.7671
vt 0.9479 0.7464
vt 0.4981 0.9436
vt 0.501 0.9434
vt 0.5608 0.9434
vt 0.9373 0.9651
vt 1 0.9537
vt 1 0.9653
vt 0.0425 0.9421
vt 0.1023 0.9425
vt 0.431 0.9537
vt 0.4865 0.9638
vt 0.431 0.964
vt 0.0994 0.9651
vt 0.1023 0.9653
vt 0.0425 0.9653
vt 0.5396 0.4807
vt 0.5396 0.4788
vt 0.5907 0.4788
vt 0.4286 0.5328
vt 0.4286 0.5367
vt 0.8958 0.5907
vt 0.9382 0.6023
vt 0.9382 0.3784
vt 0.8958 0.3784
vt 0.6023 0.5907
vt 0.5531 0.5907
vt 0.2664 0.332
vt 0.5521 0.8108
vt 0.5483 0.8147
vt 0.5483 0.8108
vt 0.5405 0.8108
vt 0.5367 0.8147
vt 0.5367 0.8108
vt 0.1622 0.4247
vt 0.1081 0.6564
vt 0.1004 0.7104
vt 0.1699 0.6713
vt 0.1699 0.6646
vt 0.1699 0.6569
vt 0.1699 0.6492
vt 0.166 0.6486
vt 0.1699 0.6944
vt 0.166 0.695
vt 0.834 0.5985
vt 0.8108 0.5328
vt 0.834 0.5328
vt 0.1699 0.6724
vt 0.1699 0.6955
vt 0.1699 0.6867
vt 0.1699 0.6801
vt 0.1313 0.6564
vt 0.1236 0.7104
vt 0.2085 0.5676
vt 0.2606 0.556
vt 0.2606 0.5676
vt 0.3707 0.4788
vt 0.3745 0.471
vt 0.1081 0.7104
vt 0.5367 0.7915
vt 0.5328 0.7954
vt 0.2085 0.6023
vt 0.2085 0.6139
vt 0.1313 0.7104
vt 0.5647 0.4942
vt 0.6293 0.5019
vt 0.5647 0.5019
vt 0.4208 0.4093
vt 0.7645 0.4286
vt 0.7683 0.4208
vt 0.7683 0.4286
vt 0.3398 0.3552
vt 0.3282 0.3784
vt 0.3282 0.3552
vt 0.2085 0.6602
vt 0.1699 0.6718
vt 0.1467 0.6873
vt 0.6757 0.5521
vt 0.6757 0.5174
vt 0.6988 0.5058
vt 0.6757 0.5058
vt 0.8108 0.0154
vt 0.5521 0.7954
vt 0.1506 0.4208
vt 0.1467 0.4247
vt 0.1467 0.4208
vt 0.0232 0.8687
vt 0 0.8764
vt 0 0.8649
vt 0.4749 0.7703
vt 0.4768 0.7722
vt 0.2693 0.7717
vt 0.2201 0.7703
vt 0.5444 0.7838
vt 0.5483 0.7799
vt 0.5483 0.7838
vt 0.5598 0.8108
vt 0.556 0.8147
vt 0.556 0.8108
vt 0.166 0.4208
vt 0.1622 0.417
vt 0.166 0.417
vt 0.0927 0.6564
vt 0.0849 0.7104
vt 0.0849 0.6564
vt 0.9382 0.4015
vt 0.8958 0.4015
vt 0.5647 0.5097
vt 0.6293 0.5174
vt 0.4131 0.4015
vt 0.8069 0.7336
vt 0.7954 0.722
vt 0.7954 0.7143
vt 0.39 0.7336
vt 0.9382 0.6834
vt 0.8958 0.6834
vt 0.5367 0.7954
vt 0.5328 0.8031
vt 0.5483 0.8031
vt 0.5405 0.8108
vt 0.3514 0.3552
vt 0.3398 0.3784
vt 0.4054 0.7336
vt 0.1467 0.6486
vt 0.2355 0.3552
vt 0.251 0.332
vt 0.5598 0.9073
vt 0.5792 0.9266
vt 0.5792 0.9073
vt 0.5598 0.7799
vt 0.1467 0.695
vt 0.5521 0.8147
vt 0.2568 0.6486
vt 0.2085 0.6371
vt 0.2606 0.6429
vt 0.2529 0.6834
vt 0.305 0.6834
vt 1 0.888
vt 0.9479 0.8996
vt 0.9479 0.888
vt 0.9479 0.7876
vt 1 0.8031
vt 0.9479 0.8031
vt 0.9479 0.8726
vt 1 0.8726
vt 0.5608 0.9537
vt 0.9479 0.9151
vt 1 0.8996
vt 1 0.9151
vt 1 0.7876
vt 0.6351 0.7741
vt 0.6351 0.7722
vt 1 0.8456
vt 0.7568 0.4749
vt 0.9479 0.8147
vt 0.9479 0.917
vt 0.6351 0.9286
vt 0.6351 0.9305
vt 0.583 0.9305
vt 0.4208 0.8687
vt 0.8649 0.0039
vt 0.8726 0.0154
vt 0.8649 0.0154
vt 0.1179 0.39
vt 0.1042 0.3822
vt 0.1042 0.5714
vt 0.112 0.5792
vt 0.0927 0.5792
vt 0.166 0.5714
vt 0.8147 0.9425
vt 0.8176 0.9423
vt 0.8745 0.9425
vt 0.5039 0.5907
vt 0.4546 0.6023
vt 0.0927 0.6023
vt 0.332 0.4015
vt 0.4541 0.7336
vt 0.4541 0.7297
vt 0.5521 0.7799
vt 0.5714 0.7838
vt 0.5753 0.7799
vt 0.5753 0.7838
vt 0.7683 0.6641
vt 0.834 0.7104
vt 0.7683 0.7104
vt 0.1506 0.4247
vt 0.1467 0.4286
vt 0.2973 0.3552
vt 0.3127 0.332
vt 0.1737 0.3552
vt 0.8842 0.0425
vt 0.8842 0.0039
vt 0.7992 0.7336
vt 0.7992 0.7297
vt 0.7722 0.0425
vt 0.3938 0.4015
vt 0.1699 0.6371
vt 0.6023 0.6602
vt 0.5299 0.6602
vt 0.2355 0.3745
vt 0.2317 0.3745
vt 0.9382 0.4093
vt 0.8726 0.0039
vt 0.8263 0.0039
vt 0.8263 0.0154
vt 0.8494 0.0425
vt 0.7915 0.7799
vt 0.8436 0.7722
vt 0.8726 0.0309
vt 0.8649 0.0425
vt 0.8649 0.0309
vt 0.834 0.5656
vt 0.8494 0.0039
vt 0.7394 0.7876
vt 0.7394 0.778
vt 0.8263 0.0425
vt 0.834 0.0425
vt 0.4749 0
vt 0.4749 0.0154
vt 0.9653 0.4208
vt 0.9836 0.4994
vt 0.9517 0.4923
vt 0.5985 0.0154
vt 0.4054 0.6371
vt 0.4083 0.6429
vt 0.3591 0.6429
vt 0.7722 0.0039
vt 0.7876 0.0154
vt 0.3359 0.9436
vt 0.333 0.9434
vt 0.39 0.9436
vt 0.5985 0.0039
vt 0 0.8494
vt 0.2703 0.9428
vt 0.4595 0.0309
vt 0.4595 0.0463
vt 0.444 0.0618
vt 0.4015 0.166
vt 0.4788 0.1274
vt 0.4015 0.1274
vt -0 0.8069
vt 0.0521 0.805
vt 0.1699 0.695
vt 0.2008 0.6834
vt 0.9884 0.5801
vt 0.9768 0.5946
vt 0.9884 0.5077
vt 0.8108 0.0425
vt 0.8118 0.9537
vt 0.749 0.9428
vt 0.8118 0.9426
vt 0.4286 0.0888
vt 0.5019 0.1544
vt 0.5019 0.166
vt 0.4865 0.1429
vt 0.4517 0.166
vt 0.2751 0.7992
vt 0.2085 0.7992
vt 0.2606 0.7973
vt 0.306 0.6892
vt 0.5299 0.6718
vt 0.6023 0.6834
vt 0.5299 0.6834
vt 0.4749 0.7992
vt 0.7394 0.8726
vt 0.7915 0.8571
vt 0.7915 0.8726
vt 0.7066 0.0039
vt 0.3311 0.6921
vt 0.3552 0.6892
vt 0.1544 0.5686
vt 0.1236 0.5444
vt 0.166 0.5444
vt 0.2133 0.9426
vt 0.0927 0.8919
vt 0.027 0.8803
vt 0.0956 0.8813
vt 0.8108 0.0039
vt 0.7954 0.0039
vt 1 0.4208
vt 0.9871 0.5029
vt 0.7394 0.9151
vt 0.7915 0.8996
vt 0.7915 0.9151
vt 0.7876 0.0425
vt 0.834 0.0039
vt 0.834 0.4932
vt 0.6023 0.6255
vt 0.6178 0.6255
vt 0.7394 0.8301
vt 0.7915 0.8456
vt 0.7394 0.8456
vt 0.7876 0.0039
vt 0.8726 0.0425
vt 0.5531 0.695
vt 0.5328 0.6979
vt 0.5039 0.695
vt 0.6178 0.0039
vt 0.5039 0.6371
vt 0.3287 0.9529
vt 0.333 0.9526
vt 0.2664 0.8069
vt 0.3185 0.805
vt 0.0927 0.7104
vt 0.0487 0.7336
vt 0 0.7297
vt 0.0487 0.7297
vt 0.4054 0.3552
vt 0.2317 0.8919
vt 0.3012 0.9073
vt 0.2317 0.9073
vt 0.5405 0.0039
vt 0.5598 0.0039
vt 0.0666 0.834
vt 0.0666 0.8494
vt 0.1236 0.39
vt 0.1236 0.3977
vt 0.9305 0.0039
vt 0.9305 0.0425
vt 0.2085 0.6834
vt 0.2085 0.6718
vt 0.3243 0.3552
vt 0.3243 0.332
vt 0.9305 0.9884
vt 1 1
vt 0.9305 1
vt 0.3851 0.6602
vt 0.4575 0.6718
vt 0.3851 0.6718
vt 0.5 0.5019
vt 0.1351 0.6023
vt 0.1236 0.5792
vt 0.1351 0.5792
vt 0.139 0.6023
vt 0.1313 0.6023
vt 0.1467 0.6023
vt 0.1467 0.5792
vt 0.6293 0.6525
vt 0.1236 0.6023
vt 0.2664 0.9305
vt 0.3224 0.9305
vt 0.3514 0.3784
vt 0.2801 0.3282
vt 0.3822 0.4015
vt 0.5714 0.7799
vt 0.6988 0.5174
vt 0.9382 0.3861
vt 0.6293 0.471
vt 0.5907 0.471
vt 0.1622 0.4208
vt 0.166 0.4247
vt 0.4093 0.3784
vt 0.4093 0.3552
vt 0.5444 0.8108
vt 0.5405 0.8147
vt 0.529 0.0425
vt 0.5405 0.0425
vt 0.2355 0.332
vt 0.2956 0.3591
vt 0.299 0.3282
vt 0.2973 0.332
vt 0.2218 0.3282
vt 0.2201 0.332
vt 0.2492 0.3591
vt 0.2218 0.3591
vt 0.2338 0.3591
vt 0.3159 0.332
vt 0.3127 0.3282
vt 0.3243 0.3282
vt 0.2169 0.332
vt 0.2201 0.3282
vt 0.0967 0.3726
vt 0.0965 0.3629
vt 0.6023 0.6718
vt 0.0425 0.9305
vt 0.0985 0.9189
vt 0.0985 0.9305
vt 0 0.8919
vt 0.0232 0.8764
vt 0.0232 0.8919
vt 0.7954 0.7259
vt 0.7992 0.7259
vt 0.3591 0.7066
vt 0.2527 0.3282
vt 0.2647 0.3282
vt 0.2681 0.3591
vt 0.2801 0.3591
vt 0.2956 0.3282
vt 0.2492 0.3282
vt 0.299 0.3591
vt 0.311 0.3591
vt 0.3159 0.3552
vt 0.3127 0.3591
vt 0.2201 0.3591
vt 0.2169 0.3552
vt 0.1739 0.3726
vt 0.1737 0.3822
vt 0.1815 0.3822
vt 0.9382 0.5714
vt 0.8958 0.5637
vt 0.9382 0.5637
vt 0.1274 0.3552
vt 0.112 0.332
vt 0.166 0.4324
vt 0.1622 0.4517
vt 0.1506 0.4324
vt 0.1467 0.4517
vt 0.1467 0.4324
vt 0.5328 0.8147
vt 0.5328 0.8108
vt 0.3977 0.417
vt 0.3977 0.4131
vt 0.6757 0.4015
vt 0.6988 0.4015
vt 0.2085 0.3745
vt 0.2085 0.3707
vt 0.3784 0.4015
vt 0.3822 0.4054
vt 0.3784 0.4054
vt 0.3977 0.3784
vt 0.4015 0.4015
vt 0.1506 0.417
vt 0.1892 0.3552
vt 0.1737 0.332
vt 0.3861 0.4015
vt 0.7297 0.4286
vt 0.3861 0.4131
vt 0.39 0.4131
vt 0.5396 0.4749
vt 0.1506 0.3977
vt 0.3977 0.4015
vt 0.1236 0.5019
vt 0.6293 0.5097
vt 0.3784 0.39
vt 0.0425 0.9189
vt 0.0985 0.9073
vt 0.1023 0.9768
vt 0.4054 0.4015
vt 0.4093 0.4015
vt 0.4054 0.3822
vt 0.8494 0.0154
vt 0.5444 0.8147
vt 0.5654 0.7937
vt 0.5695 0.7954
vt 0.5695 0.7838
vt 0.4826 0.5328
vt 0.3103 0.8822
vt 0.2616 0.8822
vt 0.417 0.8649
vt 0.333 0.8494
vt 0.3185 0.8514
vt 0.2664 0.8494
vt 0.4141 0.5811
vt 0.333 0.8069
vt 0.1988 0.7259
vt 0.2476 0.7104
vt 0.2476 0.7259
vt 0.6863 0.9643
vt 0.749 0.9537
vt 0.749 0.9645
vt 0.3301 0.9432
vt 0.279 0.9434
vt 0.222 0.9432
vt 0.4228 0.8552
vt 0.2326 0.8832
vt 0.2128 0.8822
vt 0.7915 0.9228
vt 0.6351 0.8031
vt 0.6351 0.8147
vt 0.8523 0.9812
vt 0.9015 0.9797
vt 0.861 0.9826
vt 0.8958 0.888
vt 0.8436 0.8996
vt 0.8436 0.888
vt 0.5637 0.8108
vt 0.5598 0.8147
vt 0.3938 0.7104
vt 0.3977 0.7143
vt 0.3977 0.722
vt 0.5637 0.9432
vt 0.5666 0.943
vt 0.6236 0.9432
vt 0.0039 0.7259
vt 0.2664 0.5676
vt 0.3243 0.5676
vt 0.6351 0.8726
vt 0.6873 0.888
vt 0.6351 0.888
vt 0.4575 0.6486
vt 0.4575 0.6602
vt 0.3784 0.9305
vt 0.4344 0.9189
vt 0.7375 0.4429
vt 0.5328 0.7645
vt 0.7915 0.8031
vt 0.7394 0.8031
vt 0.3591 0.8842
vt 0.3012 0.8842
vt 0.7519 0.9426
vt 0.3417 0.7992
vt 0.4083 0.7992
vt 0.1578 0.9533
vt 0.6873 0.8571
vt 0.6873 0.8726
vt 0.2775 0.9526
vt 0.2819 0.9522
vt 0.3359 0.9425
vt 0.3388 0.9423
vt 0.3958 0.9425
vt 0.3127 0.5174
vt 0.5058 0.9363
vt 0.5097 0.9377
vt 0.4498 0.9377
vt 0.3861 0.4788
vt 0.4373 0.4846
vt 0.9405 0.5719
vt 0.9459 0.5753
vt 0.9411 0.4024
vt 0.9479 0.3996
vt 0.9547 0.4024
vt 0.9575 0.4093
vt 1 0.4932
vt 0.9575 0.5753
vt 0.9672 0.5779
vt 0.9742 0.5849
vt 0.9768 0.6525
vt 0.3224 1
vt 0.3784 0.9971
vt 0.3784 1
vt 0.4633 0.5598
vt 0.3938 0.5598
vt 0.1462 0.7336
vt 0.0975 0.7297
vt 0.1462 0.7297
vt 0.3851 0.6458
vt 0.6873 0.8456
vt 0.6351 0.8456
vt 0.8929 0.4024
vt 0.8861 0.3996
vt 0.8764 0.4093
vt 0.8935 0.5719
vt 0.888 0.5753
vt 0.8764 0.5753
vt 0.8793 0.4024
vt 0.834 0.638
vt 0.4083 0.8571
vt 0.8571 0.7104
vt 0.4691 0.7645
vt 0.4054 0.749
vt 0.4691 0.749
vt 0.5077 0.4903
vt 0.5685 0.4923
vt 0.7683 0.3707
vt 0.834 0.3552
vt 0.8118 0.9647
vt 0.8745 0.9537
vt 0.8745 0.9649
vt 0.7394 0.8571
vt 0.4044 0.6892
vt 0.2191 0.943
vt 0.0758 0.7915
vt 0.1042 0.8031
vt 0.4575 0.6834
vt 0.5345 0.7898
vt 0.5328 0.7857
vt 0.5345 0.7816
vt 0.5427 0.7816
vt 0.5444 0.7857
vt 0.9373 0.9537
vt 0.9373 0.9423
vt 0.333 0.64
vt 0.3098 0.6429
vt 0.4459 0.9363
vt 0.4421 0.9348
vt 0.1544 0.9913
vt 0.0985 0.9899
vt 0.9305 0.9797
vt 0.3562 0.695
vt 0.3359 0.6979
vt 0.307 0.695
vt 0.1014 0.7259
vt 0.1501 0.7104
vt 0.1501 0.7259
vt 0.4633 0.7008
vt 0.0994 0.9423
vt 0.1564 0.9425
vt 0.5695 0.9645
vt 0.6351 0.8996
vt 0.2355 0.668
vt 0.2355 0.6564
vt 0.2162 0.6486
vt 0.4373 0.4749
vt 0.4884 0.4788
vt 0.4373 0.4788
vt 0.2162 0.6757
vt 0.2278 0.6757
vt 0.7915 0.8147
vt 0.7394 0.8147
vt 0.3707 0.8031
vt 0.4228 0.8012
vt 0.222 0.7761
vt 0.2708 0.7761
vt 0.332 0.7104
vt 0.3243 0.9533
vt 0.3938 0.5367
vt 0.3243 0.5444
vt 0.3243 0.5367
vt 0.8958 0.8031
vt 0.8436 0.8147
vt 0.8436 0.8031
vt 0.3793 0.6863
vt 0.528 0.6921
vt 0.6023 0.695
vt 0.2577 0.5907
vt 0.2085 0.5907
vt 0.2664 0.5811
vt 0.7466 0.7336
vt 0.6979 0.7297
vt 0.61 0.6602
vt 0.6178 0.6525
vt 0.6371 0.6602
vt 0.6023 0.6795
vt 0.6448 0.6795
vt 0.6293 0.695
vt 0.3736 0.9812
vt 0.0425 0.9768
vt 0.7915 0.9855
vt 0.722 0.9884
vt 0.8118 0.9841
vt 0.5328 0.7066
vt 0.4344 1
vt 0.4344 0.9986
vt 0.2539 0.9884
vt 0.2664 0.9942
vt 0.2104 0.9928
vt 0.5541 0.9305
vt 0.9402 0.9421
vt 0.9363 0.9406
vt 1 0.9421
vt 0.7915 0.8301
vt 0.3562 0.6255
vt 0.3562 0.6371
vt 0.1622 0.8919
vt 0.6293 0.4942
vt 0.4353 0.9533
vt 0.4865 0.9537
vt 0.2732 0.9426
vt 0.333 0.9426
vt 0.444 0.9436
vt 0.4411 0.9434
vt 0.2104 0.9305
vt 0.2664 0.9363
vt 0.2104 0.9377
vt 0.7915 0.7442
vt 0.7394 0.77
vt 0.7394 0.7435
vt 0.1462 0.7259
vt 0.195 0.7297
vt 0.2645 0.9645
vt 0.32 0.9643
vt 0.2703 0.9645
vt 0.6293 0.4788
vt 0.6293 0.4865
vt 0.1158 0.6023
vt 0.6293 0.5328
vt 0.3745 0.5328
vt 0.3707 0.5328
vt 0.3707 0.5251
vt 0.5714 0.9035
vt 0.556 0.9189
vt 0.5598 0.9266
vt 0.5714 0.9305
vt 0.583 0.9189
vt 0.6023 0.7066
vt 0.3793 0.6834
vt 0.1622 0.9428
vt 1 0.9884
vt 1 0.9768
vt 0.5608 0.964
vt 0.6236 0.9537
vt 0.6236 0.9641
vt 0.2326 0.9783
vt 0.3156 0.5811
vt 0.3649 0.5811
vt 0.1622 0.9073
vt 0.0927 0.9073
vt 0.3851 0.6486
vt 0.3851 0.6834
vt 0.333 0.834
vt 0.2437 0.7336
vt 0.2437 0.7297
vt 0.6491 0.7336
vt 0.6004 0.7297
vt 0.6491 0.7297
vt 0.4633 0.5444
vt 0.3938 0.5444
vt 0.7008 0.9421
vt 0.6969 0.9406
vt 0.7606 0.9421
vt 0.0758 0.8803
vt 0.1245 0.7761
vt 0.1708 0.7688
vt 0.1733 0.7761
vt 0.1593 0.9426
vt 0.5328 0.7799
vt 0.2085 0.7104
vt 0.0487 0.7259
vt 0.6873 0.7761
vt 0.6351 0.7876
vt 0.5685 0.4865
vt 0.4653 0.9884
vt 0.5357 0.987
vt 0.5357 0.9884
vt 0.4541 0.7259
vt 0.5029 0.7297
vt 0.6351 0.8571
vt 0.3243 0.5598
vt 0.1622 0.9529
vt 0.1332 0.8494
vt 0.1998 0.834
vt 0.1998 0.8494
vt 0.8089 0.9377
vt 0.7683 0.6486
vt 0.834 0.6641
vt 0.1998 0.8069
vt 0.2664 0.8224
vt 0.1998 0.8224
vt 0.027 0.7761
vt 0.0758 0.7761
vt 0.0232 0.7799
vt 0.3475 0.7703
vt 0.4112 0.7703
vt 0.5637 0.9826
vt 0.5531 0.9812
vt 0.6129 0.9812
vt 0.6815 0.9305
vt 0.6178 0.9305
vt 0.6351 0.9151
vt 0.6873 0.8996
vt 0.6873 0.9151
vt 0.1733 0.7915
vt 0.1564 0.8012
vt 0.3012 0.8919
vt 0.7915 0.888
vt 0.7394 0.888
vt 0.7915 0.7104
vt 0 0.7645
vt 0.4015 0.7104
vt 0.8436 0.9305
vt 0.1593 0.9423
vt 0.2191 0.9423
vt 0.6264 0.943
vt 0.6863 0.943
vt 0.1332 0.8069
vt 0.5 0.5174
vt 0.3417 0.9768
vt 0.3523 0.9783
vt 0.2819 0.9768
vt 0.3417 0.7645
vt 0.278 0.749
vt 0.3417 0.749
vt 0.5351 0.8085
vt 0.5351 0.7976
vt 0.5405 0.7954
vt 0.546 0.7976
vt 0.546 0.8085
vt 0.7625 0.9855
vt 0.7133 0.987
vt 0.307 0.5907
vt 0.2577 0.6023
vt 0.2963 0.7259
vt 0.3451 0.7104
vt 0.3451 0.7259
vt 0.3798 0.9533
vt 0.7954 0.0425
vt 0.307 0.6371
vt 0.3127 0.6486
vt 0.9768 0.7104
vt 1 0.7104
vt 0.2008 0.6486
vt 0.4546 0.695
vt 0.4633 0.5367
vt 0.3272 0.9643
vt 0.3301 0.9645
vt 0.222 0.9526
vt 0.6062 1
vt 0.6062 0.9884
vt 0.5183 0.9651
vt 0.5782 0.9651
vt 0.209 0.9537
vt 0.209 0.9647
vt 0.3243 0.9884
vt 0.3948 0.9884
vt 0.6892 0.9428
vt 0.6921 0.9426
vt 0.5605 0.7791
vt 0.5488 0.7791
vt 0.5605 0.7344
vt 0.5706 0.7404
vt 0.5328 0.7508
vt 0.5387 0.7404
vt 0.5328 0.7628
vt 0.1053 0.3849
vt 0.2071 0.3849
vt 0.1815 0.3629
vt 0.1053 0.3603
vt 0.1179 0.3552
vt 0.3127 0.5676
vt 0.6863 0.9537
vt 0.2819 0.9436
vt 0.2819 0.9653
vt 0.279 0.9651
vt 0.3388 0.9651
vt 0.4411 0.964
vt 0.444 0.9641
vt 0.3842 0.9641
vt 0.1544 0.9189
vt 0.2104 0.9073
vt 0.2104 0.9189
vt 0.3842 0.9432
vt 0.3871 0.9434
vt 0.3986 0.9423
vt 0.4585 0.9423
vt 0.3861 0.4749
vt 0.7606 0.9653
vt 0.7577 0.9651
vt 0.8176 0.9651
vt 0.3707 0.5097
vt 0.3707 0.5174
vt 0.3996 0.8069
vt 0.4662 0.8069
vt 0.8436 0.8726
vt 0.9479 0.9305
vt 0.0849 0.6023
vt 0.3755 0.9537
vt 0.7394 0.8996
vt 0.9382 0.7413
vt 0.8958 0.7413
vt 0.4054 0.6178
vt 0.4884 0.4749
vt 0.5516 0.7336
vt 0.5516 0.7297
vt 0.1544 0.9392
vt 0.0985 0.9406
vt 0.32 0.9537
vt 0.3755 0.9641
vt 0.861 0.9884
vt 0.2577 0.6255
vt 0.2577 0.6371
vt 0.3707 0.5019
vt 0.222 0.8803
vt 0.5724 0.9426
vt 0.5753 0.9425
vt 0.6351 0.9425
vt 0.1826 0.3849
vt 0.1948 0.39
vt 0.2071 0.3603
vt 0.1948 0.3552
vt 0.1826 0.3603
vt 0.4778 0.9942
vt 0.4923 0.9928
vt 0.3378 0.9406
vt 0.334 0.9392
vt 0.3938 0.9392
vt 0.3272 0.943
vt 0.307 0.6178
vt 0.2577 0.6178
vt 0.6873 0.8031
vt 0.222 0.9421
vt 0.2181 0.9406
vt 0.2819 0.9421
vt 0.2104 1
vt 0.2664 1
vt 0.8089 0.9305
vt 0.7452 0.9363
vt 0.7452 0.9305
vt 0.7336 0.9855
vt 0.4614 0.9421
vt 0.4575 0.9406
vt 0.5212 0.9421
vt 0.2085 0.3282
vt 0.0965 0.3822
vt 0.6921 0.9647
vt 0.695 0.9649
vt 0.6351 0.9649
vt 0.5782 0.9423
vt 0.5328 0.9073
vt 0.638 0.9423
vt 0.6979 0.9423
vt 0.0232 0.9073
vt 0.2664 0.834
vt 0.222 0.8649
vt 0.2708 0.8649
vt 0.2645 0.9537
vt 0.6853 0.9363
vt 0.6815 0.9348
vt 0.7539 0.9841
vt 0.8031 0.9826
vt 0.9508 0.9783
vt 0.6892 0.9377
vt 0.3243 0.3591
vt 0.2085 0.3591
vt 0.1737 0.3629
vt 0.1535 0.9649
vt 0.098 0.9651
vt 0.3803 0.9899
vt 0.4073 0.9942
vt 0.3369 0.9942
vt 0.3417 0.9653
vt 0.6322 0.9647
vt 0.7394 0.7722
vt 0.6236 0.9826
vt 0.9363 0.9305
vt 0.8726 0.9305
vt 0.3195 0.8649
vt 0.3649 0.8629
vt 0.3682 0.8649
vt 0.3127 0.6602
vt 0.3127 0.6718
vt 0.3127 0.6834
vt 0.3996 0.8224
vt 0.333 0.8224
vt 0.3301 0.9377
vt 0.0985 1
vt 0.1544 1
vt 0.1564 0.8552
vt 0.4363 0.9913
vt 0.5753 0.9649
vt 0.5724 0.9647
vt 0.8205 0.9653
vt 0.1332 0.834
vt 0.8774 0.9423
vt 0.5618 0.9348
vt 0.2688 0.9533
vt 0.9382 0.5907
vt 0.5328 0.8224
vt 0.5772 0.9406
vt 0.5734 0.9392
vt 0.6332 0.9392
vt 0.1448 0.5714
vt 0.1351 0.5686
vt 0.1158 0.529
vt 0.3417 0.8571
vt 0.3224 0.9957
vt 0.1544 0.9305
vt 0.5516 0.7259
vt 0.5 0.4942
vt 0.3958 0.9649
vt 0.3929 0.9647
vt 0.4527 0.9647
vt 0.4257 0.7688
vt 0.4054 0.7645
vt 0.8958 0.8571
vt 0.8958 0.8726
vt 0.5736 0.7937
vt 0.5753 0.7896
vt 0.5736 0.7855
vt 0.5654 0.7855
vt 0.5637 0.7896
vt 0.0526 0.7104
vt 0.0526 0.7259
vt 0.3871 0.943
vt 0.4469 0.943
vt 0.8958 0.7457
vt 0.8436 0.7686
vt 0.8436 0.7449
vt 0.2437 0.7259
vt 0.3784 0.9334
vt 0.3224 0.9348
vt 0.1834 0.9884
vt 0.4633 0.7066
vt 0.6491 0.7259
vt 0.3996 0.834
vt 0.4546 0.6255
vt 0.4546 0.6371
vt 0.3682 0.8803
vt 0.5039 0.6178
vt 0.4546 0.6178
vt 0.2143 0.7645
vt 0.1506 0.749
vt 0.2143 0.749
vt 0.8958 0.8147
vt 0.8958 0.8301
vt 0.2708 0.7915
vt 0.3127 0.7954
vt 0.1245 0.8649
vt 0.1733 0.8649
vt 0.694 0.7259
vt 0.6453 0.7104
vt 0.6453 0.7259
vt 0.6023 0.6486
vt 0.499 0.7259
vt 0.4503 0.7104
vt 0.4503 0.7259
vt 0.722 0.9797
vt 0.7326 0.9812
vt 0.6622 0.9797
vt 0.7114 0.9783
vt 0.8205 0.9768
vt 0.8311 0.9783
vt 0.7606 0.9768
vt 0.307 0.6023
vt 0.3156 0.7008
vt 0.5251 0.9855
vt 0.4653 0.9855
vt 0.5145 0.9841
vt 0.6342 0.9841
vt 0.6023 0.5714
vt 0.3784 0.9189
vt 0.4344 0.9073
vt 0.5907 0.5367
vt 0.3764 0.7674
vt 0.1506 0.7645
vt 0.722 1
vt 0.4633 0.5714
vt 0.8436 0.8571
vt 0.5039 0.6023
vt 0.4903 0.9073
vt 0.4903 0.9189
vt 0.9402 0.9768
vt 0.8803 0.9653
vt 0.9402 0.9653
vt 0.694 0.9841
vt 0.6834 0.9826
vt 0.7432 0.9826
vt 0.6448 0.9855
vt 0.5849 0.9855
vt 0.5743 0.9841
vt 0.5956 0.987
vt 0.2085 0.6178
vt 0.8909 0.9783
vt 0.8803 0.9768
vt 0.8417 0.9797
vt 0.7819 0.9797
vt 0.7712 0.9783
vt 0.7925 0.9812
vt 0.5965 0.7104
vt 0.222 0.7915
vt 0.4054 0.6255
vt 0.6004 0.7259
vt 0.195 0.7259
vt 0.7915 0.7693
vt 0.39 0.9428
vt 0.3301 0.9428
vt 0.1014 0.7104
vt 0.4585 0.9651
vt 0.4614 0.9653
vt 0.4015 0.9653
vt 0.3986 0.9651
vt 0.4498 0.9645
vt 0.39 0.9645
vt 0.333 0.9647
vt 0.5029 0.7259
vt 0.3263 0.9363
vt 0.3861 0.9363
vt 0.39 0.9377
vt 0.4537 0.9392
vt 0.5135 0.9392
vt 0.5174 0.9406
vt 0.4382 0.9334
vt 0.4981 0.9334
vt 0.5019 0.9348
vt 0.8803 0.9421
vt 0.8205 0.9421
vt -0 0.8224
vt -0 0.834
vt 0.8774 0.9651
vt 0.5125 0.9647
vt 0.5154 0.9649
vt 0.4556 0.9649
vt 0.0425 1
vt 0.2703 0.9377
vt 0.2741 0.9392
vt 0.2143 0.9392
vt 1 0.9305
vt 0.6728 0.9812
vt 0.7915 0.7722
vt 0.6892 0.9645
vt 0.6293 0.9645
vt 0.4614 0.9768
vt 0.0425 0.9537
vt 0.5695 0.9377
vt 0.5656 0.9363
vt 0.6255 0.9363
vt 0.6293 0.9377
vt 0.6216 0.9348
vt 0.3127 0.861
vt 0.6409 0.9421
vt 0.5811 0.9421
vt 0.5183 0.9423
vt 0.5154 0.9425
vt 0.4556 0.9425
vt 0.8147 0.9649
vt 0.7548 0.9649
vt 0.7519 0.9647
vt 0.3977 0.9406
vt 0.4015 0.9421
vt 0.3417 0.9421
vt 0.1583 0.9406
vt 0.1622 0.9421
vt 0.1023 0.9421
vt 0.583 0.7876
vt 0.583 0.8031
vt 0.278 0.9406
vt 0.5125 0.9426
vt 0.6004 0.7336
vt 0.307 0.6255
vt 0.5328 0.8069
vt 0.6979 0.9651
vt 0.2664 0.9073
vt 0.5637 0.9641
vt 0.5039 0.9641
vt 0.501 0.964
vt 0.4981 0.9638
vt 0.3359 0.9649
vt 0.2761 0.9649
vt 0.2191 0.9651
vt 0.7915 0.7876
vt 0.6322 0.9426
vt 0.6293 0.9428
vt 0.5695 0.9428
vt 0.7008 0.9653
vt 0.6409 0.9653
vt 0.638 0.9651
vt 0.4469 0.9643
vt 0.3871 0.9643
vt 0.583 0.9151
vt 0.4122 0.9783
vt 0.4015 0.9768
vt 0.8958 0.9305
vt 0.1245 0.7915
vt 0.6023 0.9797
vt 0.5425 0.9797
vt 0.4932 0.9812
vt 0.417 0.7761
vt 0.1216 0.7674
vt 0.749 0.9377
vt 0.7529 0.9392
vt 0.6931 0.9392
vt 0.583 0.8456
vt 0.583 0.8571
vt 0.4054 0.7259
vt 0 0.7259
vt 0.6371 0.9406
vt 0.6979 0.7336
vt 0.2925 0.7336
vt 0.3629 0.9797
vt 0.3031 0.9797
vt 0.2925 0.9783
vt 0.0975 0.7259
vt 0.6873 0.7708
vt 0.2761 0.9425
vt 0.2162 0.9425
vt 0.8764 0.9406
vt 0.1728 0.9783
vt 0.1622 0.9768
vt 0.222 0.9768
vt 0.5039 0.9826
vt 0.444 0.9826
vt 0.4334 0.9812
vt 0.7954 0.7336
vt 0.3185 0.7732
vt 0.583 0.8996
vt 0.583 0.888
vt 0.6264 0.9643
vt 0.1988 0.7104
vt 0.3822 0.9348
vt 0.027 0.7915
vt 0.5328 0.749
vt 0.3707 0.8533
vt 0.583 0.8301
vt 0.1042 0.8533
vt 0.279 0.9423
vt 0.583 0.8726
vt 0.7548 0.9425
vt 0.695 0.9425
vt 0.6873 0.7876
vt 0.5068 0.943
vt 0.5039 0.9432
vt 0.444 0.9432
vt 0.583 0.8147
vt 0.2963 0.7104
vt 0.1622 0.9653
vt 0.222 0.9653
vt 0.1544 0.9073
vt 0.0975 0.7336
vt 0.8958 0.7722
vt 0.5029 0.7336
vt 0.7577 0.9423
vt 0.6873 0.9305
vt 0.6873 0.7722
vt 0.8958 0.7876
vt 0.1593 0.9651
vt 0.8958 0.7679
vt 0.2925 0.7259
vt 0.6979 0.7259
vt 0.5039 0.6255
vt 0.3195 0.7915
vt 0.694 0.7104
vt 0.4942 0.9319
vt 0.499 0.7104
vt 0.6515 0.9783
vt 0.6409 0.9768
vt 0.7008 0.9768
vt 0.2732 0.9647
vt 0.4546 0.9841
vt 0.5319 0.9783
vt 1 0.7722
vt 0.7915 0.9305
vt 0.3137 0.9812
vt 0.7568 0.9406
vt 0.3784 0.9073
vt 0.3929 0.9426
vt 0.834 0.4865
vt 0.7375 0.4255
vt 0.3597 0.5328
vt 0.3739 0.5328
vt 0.1467 0.7104
vt 0.6757 0.4942
vt 0.6448 0.4942
vt 0.6448 0.3938
vt 0.7606 0.0425
vt 0.6448 0.7104
vt 0.6371 0.6525
vt 0.3166 0.3784
vt 0.2085 0.5174
vt 0.6757 0.3938
vt 0.3591 0.5328
vt 0.39 0.7259
vt 0.5637 0.7954
vt 0.417 0.9073
vt 0.8108 0.7259
vt 0.2647 0.3591
vt 0.9382 0.3282
vt 0.7568 0.4286
vt 0.4865 0.9522
vt 0.4353 0.9522
vt 1 0.7664
vt 0.1699 0.6635
vt 0.1699 0.6558
vt 0.1699 0.6878
vt 0.7896 0.5907
vt 0.1699 0.679
vt 0.1699 0.7022
vt 0.3707 0.471
vt 0.1699 0.6023
vt 0.7645 0.4208
vt 0.5444 0.7799
vt 0.8108 0.7336
vt 0.4981 0.9537
vt 0.7568 0.4383
vt 0.1506 0.4286
vt 0.2355 0.3707
vt 0.6448 0.5058
vt 0.1699 0.6834
vt 0.7606 0.0039
vt 0.61 0.6178
vt 0 0.7336
vt 0.2681 0.3282
vt 0.6988 0.5521
vt 0.4208 0.3784
vt 0.529 0.0039
vt 0.2836 0.3591
vt 0.311 0.3282
vt 0.2338 0.3282
vt 0.2372 0.3591
vt 0.3591 0.7104
vt 0.2836 0.3282
vt 0.2372 0.3282
vt 0.112 0.3552
vt 0.166 0.4517
vt 0.1506 0.4517
vt 0.1467 0.417
vt 0.1622 0.3977
vt 0.3861 0.417
vt 0.5907 0.4749
vt 0.0425 0.9073
vt 0.4015 0.3822
vt 0.5637 0.8147
vt 0.195 0.7336
s 1
f 445/450 1065/451 1040/452
f 596/453 284/454 300/455
f 970/456 343/457 978/458
f 571/459 436/460 434/461
f 448/462 1253/463 1224/464
f 685/465 682/466 686/467
f 383/468 387/469 379/470
f 386/471 382/472 381/473
f 415/474 421/475 417/476
f 1363/477 589/478 1352/479
f 421/475 420/480 419/481
f 416/482 412/483 410/484
f 585/485 593/486 594/487
f 316/488 307/489 315/490
f 297/491 543/492 298/493
f 1020/494 442/495 999/496
f 727/497 718/498 719/499
f 467/500 466/501 472/502
f 703/503 522/504 515/505
f 462/506 461/507 473/508
f 528/509 532/510 527/511
f 491/512 484/513 492/514
f 724/515 717/516 725/517
f 469/518 470/519 471/520
f 464/521 476/522 460/523
f 476/524 459/525 460/523
f 463/526 473/527 472/528
f 990/529 504/530 862/531
f 921/532 377/533 976/534
f 572/535 576/536 571/537
f 574/538 575/539 573/540
f 576/536 573/540 575/539
f 363/541 357/542 364/543
f 525/544 519/545 528/546
f 757/547 768/548 758/549
f 578/550 577/551 582/552
f 581/553 580/554 579/555
f 578/550 581/553 579/555
f 522/504 516/556 515/505
f 681/557 666/558 667/559
f 680/560 665/561 666/558
f 673/562 685/563 674/564
f 684/565 681/566 685/465
f 686/567 676/568 675/569
f 627/570 658/571 628/572
f 526/573 513/574 519/545
f 629/575 658/576 659/577
f 684/578 672/579 688/580
f 645/581 609/582 646/583
f 845/584 838/585 846/586
f 671/587 663/588 670/589
f 737/590 735/591 741/592
f 733/593 739/594 735/595
f 490/596 483/597 491/512
f 537/598 534/599 533/600
f 549/601 542/602 543/489
f 741/603 743/604 740/605
f 735/595 732/606 733/593
f 978/607 341/608 953/609
f 319/610 423/611 424/612
f 772/613 769/614 768/615
f 396/616 389/617 397/618
f 631/619 610/620 630/621
f 744/622 757/623 756/624
f 762/625 751/626 747/627
f 770/628 766/629 767/630
f 769/614 764/631 759/632
f 445/633 447/634 446/635
f 774/636 770/628 771/637
f 660/638 653/639 651/640
f 579/555 969/641 955/642
f 804/643 797/644 796/645
f 737/590 732/606 734/646
f 778/647 784/648 790/649
f 776/650 787/651 783/652
f 788/653 791/654 776/650
f 788/653 778/647 790/649
f 790/649 799/655 792/656
f 796/657 797/658 791/654
f 791/654 798/659 790/649
f 794/660 788/653 793/661
f 790/649 793/661 788/653
f 791/654 788/653 795/662
f 478/663 476/664 466/501
f 813/665 811/666 810/667
f 779/668 785/669 780/670
f 786/671 777/672 782/673
f 777/672 808/674 789/675
f 779/668 789/675 809/676
f 809/676 789/675 808/674
f 816/677 814/678 815/679
f 412/483 409/680 410/681
f 821/682 806/683 820/684
f 818/685 802/686 819/687
f 801/688 819/687 802/686
f 821/682 807/689 806/683
f 805/690 820/684 806/683
f 818/685 803/691 802/686
f 818/685 820/684 804/692
f 819/687 800/693 821/682
f 787/649 808/694 786/695
f 809/696 784/654 785/697
f 451/698 444/699 456/700
f 846/586 839/701 847/702
f 825/703 826/704 824/705
f 669/706 682/707 668/708
f 824/709 832/710 834/711
f 833/712 830/713 825/703
f 1414/714 1185/715 1475/716
f 295/717 873/718 288/719
f 1029/720 986/721 1204/722
f 1049/723 1690/724 1518/725
f 1387/726 1202/727 1377/728
f 1453/729 1182/730 1150/731
f 385/732 387/469 383/468
f 387/469 378/733 379/470
f 381/473 380/734 386/471
f 386/471 384/735 382/472
f 1417/736 300/737 1227/738
f 1110/739 944/740 1140/741
f 418/742 417/476 419/481
f 592/743 585/485 588/744
f 419/481 417/476 421/475
f 1236/745 865/746 1364/747
f 417/748 404/749 415/750
f 404/749 409/751 415/750
f 876/752 1100/753 1119/754
f 410/484 408/755 416/482
f 408/755 421/756 416/482
f 1140/741 960/757 1165/758
f 1061/759 853/760 1266/761
f 508/762 961/763 509/764
f 1488/765 980/766 894/767
f 363/768 942/769 921/532
f 1201/770 1003/771 472/502
f 1004/772 472/502 1003/771
f 467/500 478/663 466/501
f 1603/773 1511/774 1194/775
f 287/776 887/777 289/778
f 1541/779 1069/780 1036/781
f 540/782 917/783 539/784
f 471/520 477/785 479/786
f 479/786 478/787 471/520
f 478/787 467/788 471/520
f 467/788 468/789 471/520
f 468/789 469/518 471/520
f 870/790 1298/791 1336/792
f 329/793 328/794 327/795
f 327/795 475/796 474/797
f 1043/798 903/799 1083/800
f 332/801 331/787 329/793
f 331/787 330/802 329/793
f 1559/803 900/804 1558/805
f 1284/806 1019/807 1351/808
f 1443/809 1463/810 957/811
f 530/812 531/813 532/510
f 532/510 533/814 534/815
f 534/815 527/511 532/510
f 576/536 572/535 573/540
f 1485/816 998/817 1197/818
f 1527/819 1619/820 1102/821
f 1093/822 1250/823 1415/824
f 578/550 582/552 581/553
f 898/825 1202/826 1489/827
f 912/828 364/829 362/830
f 680/560 679/831 665/561
f 362/830 911/832 889/833
f 1620/834 1285/835 1011/836
f 1213/837 875/838 949/839
f 1404/840 427/841 926/842
f 1094/843 1232/844 1288/845
f 422/846 931/847 977/848
f 684/578 673/562 672/579
f 1056/849 362/830 889/833
f 1047/850 1326/851 1256/852
f 1291/853 1187/854 1365/855
f 1337/856 1099/857 980/766
f 733/593 738/858 739/594
f 894/767 1065/451 1064/859
f 1093/822 1288/860 1287/861
f 1240/862 1585/863 1026/864
f 741/603 742/865 743/604
f 1494/866 1017/867 1260/868
f 1178/869 1342/870 1471/871
f 1592/872 1338/873 858/874
f 932/875 1318/876 1134/877
f 857/878 1332/879 1314/880
f 1386/881 1587/882 1215/883
f 756/624 763/884 750/885
f 750/885 744/622 756/624
f 747/627 760/886 762/625
f 762/625 761/887 751/626
f 767/630 765/888 771/637
f 771/637 770/628 767/630
f 759/632 758/889 768/615
f 768/615 769/614 759/632
f 1559/803 1308/890 891/891
f 1318/876 1046/892 1134/877
f 772/893 746/894 753/895
f 1052/896 965/897 964/898
f 752/899 745/900 773/901
f 1494/866 1016/902 1211/903
f 325/904 1100/753 997/905
f 1137/906 1221/907 1007/908
f 778/647 781/909 784/648
f 776/650 791/654 787/651
f 792/656 793/661 790/649
f 790/649 798/659 799/655
f 797/658 798/659 791/654
f 791/654 795/662 796/657
f 794/660 795/662 788/653
f 996/910 1435/911 1331/912
f 813/665 812/913 811/666
f 779/668 809/676 785/669
f 786/671 808/674 777/672
f 816/677 817/914 814/678
f 1612/915 1486/916 1198/917
f 801/688 800/693 819/687
f 821/682 800/693 807/689
f 805/690 804/692 820/684
f 818/685 804/692 803/691
f 787/649 791/648 808/694
f 809/696 790/651 784/654
f 755/918 749/919 775/920
f 774/921 748/922 754/923
f 317/924 987/925 303/926
f 1201/770 971/927 981/928
f 825/703 827/929 826/704
f 832/710 828/930 829/931
f 1091/932 935/933 1090/934
f 831/935 830/713 833/712
f 834/711 822/936 824/709
f 824/709 828/930 832/710
f 825/703 823/937 835/938
f 835/938 833/712 825/703
f 552/939 1490/940 1389/941
f 906/942 499/943 925/944
f 917/783 918/945 291/946
f 305/947 1469/948 1344/949
f 788/652 777/950 789/670
f 1249/951 1426/952 539/784
f 1286/953 592/954 591/955
f 472/956 464/521 463/526
f 982/957 983/958 287/776
f 401/959 394/960 402/961
f 628/572 607/962 627/570
f 503/963 496/964 504/965
f 1227/738 278/966 1272/967
f 545/968 550/969 544/970
f 671/587 690/971 689/972
f 294/973 298/974 275/975
f 623/976 602/977 622/978
f 316/979 315/980 313/981
f 519/982 703/983 517/984
f 629/575 608/985 628/572
f 740/986 732/606 736/987
f 449/988 1277/989 1253/463
f 318/990 317/924 304/991
f 815/679 812/665 813/913
f 661/992 651/640 650/993
f 1101/994 1354/995 1169/996
f 939/997 540/782 541/998
f 444/999 1040/452 1009/1000
f 851/1001 844/1002 852/1003
f 403/1004 388/1005 396/616
f 977/848 321/1006 959/1007
f 626/1008 605/1009 625/1010
f 1277/989 451/1011 1320/1012
f 293/1013 365/1014 358/1015
f 518/1016 531/1017 530/1018
f 656/1019 659/1020 658/1021
f 419/1022 407/1023 406/1024
f 400/1025 393/1026 401/959
f 633/1027 612/1028 632/1029
f 495/1030 488/1031 496/964
f 437/1032 430/1033 438/1034
f 921/532 942/769 372/456
f 715/1035 699/1036 712/1037
f 810/667 809/674 808/676
f 753/895 749/919 755/918
f 529/1038 528/546 527/1039
f 741/603 736/987 737/590
f 672/579 664/1040 671/587
f 1316/1041 285/1042 1342/870
f 861/1043 318/990 985/1044
f 364/543 355/1045 362/1046
f 403/1047 396/1048 400/1049
f 351/1050 940/1051 975/1052
f 629/575 610/620 609/582
f 812/665 817/1053 811/1054
f 1490/1055 539/1056 1426/1057
f 318/1058 424/612 425/1059
f 554/1060 546/1061 541/1062
f 709/1063 727/1064 710/1065
f 422/1066 429/1067 427/1068
f 1046/892 1013/1069 439/1070
f 376/1071 369/1072 375/1073
f 493/1074 486/529 494/1075
f 1196/1076 332/1077 1053/1078
f 709/1063 695/1079 708/1080
f 705/1081 704/1036 715/1037
f 332/801 327/795 474/797
f 317/1082 318/1058 422/1066
f 429/1067 318/1058 425/1059
f 372/1083 371/1084 377/1085
f 630/621 659/577 660/1086
f 323/1087 440/1088 441/1089
f 631/619 660/1086 661/1090
f 624/1091 603/1092 623/1093
f 621/1094 600/1095 620/1096
f 397/618 390/1097 398/1098
f 829/1099 827/1100 831/1101
f 443/1102 1009/1000 1207/1103
f 492/514 485/1104 493/1074
f 535/1105 532/1106 531/1017
f 438/1107 433/1108 437/1109
f 752/899 772/893 753/895
f 449/1110 445/633 444/699
f 749/919 744/622 750/885
f 335/1111 1225/1112 1226/1113
f 416/1114 413/1115 414/1116
f 860/1117 861/1118 272/1119
f 1498/1120 1478/1121 274/1122
f 360/1123 352/1124 359/1125
f 713/1126 701/1127 714/1128
f 458/1129 325/904 326/1130
f 1455/1131 545/968 1491/728
f 520/1132 514/1133 513/574
f 904/1134 1096/1135 896/1136
f 274/1137 1418/1138 1430/1139
f 459/1140 1681/1141 1322/1142
f 1445/1143 283/1144 282/1145
f 998/817 339/1146 1157/1147
f 1294/1148 463/1149 1254/1150
f 1495/1151 1562/1152 337/1153
f 1005/1154 1051/1155 326/1156
f 459/525 1159/1157 1038/1158
f 361/1159 356/1160 363/541
f 1053/1078 325/904 997/905
f 377/1085 367/1161 373/1162
f 447/1163 1224/464 1376/1164
f 710/1065 696/1165 709/1063
f 570/1166 555/1167 563/1168
f 676/568 668/708 675/569
f 565/1169 558/1170 566/1171
f 681/557 668/708 682/707
f 759/1172 757/547 758/549
f 947/1173 501/1174 961/763
f 500/1175 493/1074 501/1176
f 502/1177 493/1074 494/1075
f 503/1178 494/1075 495/1179
f 490/596 497/1180 489/1181
f 936/1182 341/1183 340/1184
f 500/1185 491/512 492/514
f 497/1186 496/964 489/1181
f 498/1187 491/512 499/1188
f 883/1189 498/1190 906/942
f 577/1191 937/1192 916/1193
f 479/1194 465/1195 476/664
f 925/944 500/1196 947/1173
f 399/1197 392/1198 400/946
f 437/1032 427/1199 429/1200
f 883/1189 504/530 497/1201
f 1214/1202 329/1203 1055/1204
f 825/703 822/1205 823/937
f 418/1206 406/1207 405/1208
f 517/984 528/509 519/982
f 729/1209 722/1210 730/1211
f 576/1212 435/1213 436/460
f 489/1181 482/1214 490/596
f 677/1215 664/1040 678/1216
f 688/1217 678/1216 679/1218
f 625/1010 604/1219 624/1091
f 402/961 395/1220 403/1004
f 765/1221 762/1222 760/1223
f 381/473 378/733 380/734
f 307/1224 294/1225 275/1226
f 541/998 863/1227 864/1228
f 1450/1229 948/1230 1236/745
f 849/1231 842/1232 850/1233
f 568/1234 561/1235 569/1236
f 763/1237 769/1238 750/1239
f 972/1240 503/1241 990/1242
f 375/1073 368/1243 374/1244
f 1116/1245 331/1246 1196/1076
f 806/1247 799/914 798/687
f 303/1061 312/1248 304/1062
f 552/939 554/1249 553/1250
f 306/968 316/488 314/1251
f 362/1046 920/1252 911/1253
f 398/1098 391/1254 399/1197
f 565/1255 569/1256 563/1257
f 728/1258 721/1259 729/1209
f 418/1206 404/749 417/748
f 313/1260 307/489 305/602
f 494/1075 487/1261 495/1179
f 675/569 667/559 674/564
f 711/1262 697/1263 710/1065
f 334/1264 338/1265 336/1266
f 852/1003 837/1267 845/584
f 496/964 481/1268 489/1181
f 569/1236 562/1269 570/1166
f 916/1270 428/1271 950/1272
f 926/842 969/1273 580/1274
f 587/1275 1230/1276 1383/1277
f 1229/1278 583/1279 1328/1280
f 1259/1281 589/478 588/1282
f 1310/1283 459/1140 1322/1142
f 1384/1284 586/1285 585/1286
f 1287/861 584/1287 1229/1278
f 1379/1288 274/487 1430/1289
f 1286/953 590/1290 1363/477
f 411/1291 415/750 409/751
f 583/1279 1303/1292 1328/1280
f 1259/1281 587/1275 1383/1277
f 1384/1284 585/1286 1231/1293
f 1477/1294 1418/1295 272/1296
f 873/718 302/1297 982/957
f 638/1298 599/1299 600/1300
f 519/982 513/1301 702/1302
f 279/1303 280/1304 299/1305
f 278/1306 300/455 284/454
f 1622/1307 1536/1308 1189/1309
f 1200/1310 1349/1311 1488/765
f 280/1304 595/1312 299/1305
f 772/613 774/636 775/1313
f 1355/1314 305/602 1344/1315
f 850/1233 843/1316 851/1001
f 848/1317 841/1318 849/1319
f 346/1320 344/1321 345/1322
f 831/935 832/710 829/931
f 767/1323 761/1324 762/1222
f 707/1325 700/1326 713/1126
f 530/1018 524/1327 518/1016
f 684/565 679/1218 680/831
f 618/1328 599/1299 598/1329
f 310/1330 301/1056 302/1331
f 626/1008 662/1332 627/570
f 803/1333 796/645 795/676
f 432/1334 430/1033 428/1271
f 1091/932 455/1335 1088/1336
f 740/986 738/1337 733/1338
f 374/1244 349/1339 351/1050
f 599/1299 637/1340 598/1329
f 641/1341 602/977 603/1342
f 620/1096 652/1343 621/1094
f 908/1344 1416/1345 1415/824
f 619/1346 651/1347 620/1348
f 689/972 672/579 671/587
f 890/1349 1056/849 889/833
f 600/1095 639/1350 638/1298
f 908/1344 1312/1351 1234/1352
f 622/978 654/1353 623/976
f 622/978 652/1343 653/1354
f 975/1052 377/533 351/1050
f 649/1355 645/1021 644/1356
f 665/561 678/1216 664/1040
f 371/1357 941/1358 952/1359
f 631/619 612/1028 611/1360
f 943/1361 1333/1362 1155/1363
f 649/1364 606/1365 607/962
f 1119/1366 1271/1367 876/1368
f 612/1028 648/1369 611/1360
f 307/1224 293/1370 305/947
f 924/1371 1541/779 1036/781
f 642/1372 643/1019 641/1373
f 639/1374 640/639 638/640
f 644/1356 645/1021 643/1019
f 636/1375 632/1376 617/1377
f 1284/806 273/1378 1339/1379
f 641/1373 646/1020 640/639
f 431/1380 574/1381 427/841
f 1212/1382 355/1383 930/1384
f 623/1093 655/1385 624/1091
f 1257/1386 945/1387 1367/1388
f 648/992 612/1376 597/1377
f 598/1389 637/993 597/1377
f 614/1390 615/1391 613/1392
f 994/1393 613/1392 615/1391
f 775/920 754/923 755/918
f 1307/1394 877/1395 1335/1396
f 637/993 648/992 597/1377
f 1246/1397 926/842 580/1274
f 1085/1398 452/1399 1213/1400
f 662/1355 657/1356 658/1021
f 655/1372 654/1373 656/1019
f 652/1374 651/640 653/639
f 657/1356 656/1019 658/1021
f 646/1020 643/1019 645/1021
f 291/946 910/1401 917/783
f 654/1373 653/639 659/1020
f 647/638 640/639 646/1020
f 964/898 1212/1382 930/1384
f 648/992 638/640 647/638
f 1270/1402 962/1403 885/1404
f 645/1405 607/962 608/985
f 1001/1406 1246/1397 1033/1407
f 693/1408 596/1409 595/1410
f 1036/781 1324/1411 924/1371
f 1181/1412 306/1413 1168/1414
f 642/1415 605/1009 643/1416
f 366/1417 966/1418 941/1358
f 642/1415 603/1092 604/1219
f 1275/1419 867/1420 993/1421
f 625/1010 657/1422 626/1008
f 639/1350 602/977 640/1423
f 1059/1424 912/828 890/1349
f 426/1425 430/1426 425/1059
f 1329/1427 974/1428 1281/1429
f 644/1430 605/1009 606/1365
f 619/1346 618/1328 650/1431
f 751/626 748/922 747/627
f 1309/1432 1206/1433 1123/1434
f 646/583 610/620 647/1435
f 1320/1012 1090/934 1138/1436
f 647/1435 611/1360 648/1369
f 1348/1437 1037/1438 904/1134
f 632/1029 631/619 661/1090
f 618/1389 617/1377 650/993
f 650/993 617/1377 661/992
f 661/992 617/1377 632/1376
f 616/1375 612/1376 613/1392
f 888/1439 1307/1394 1268/1440
f 634/1390 633/1392 635/1391
f 633/1392 928/1393 635/1391
f 961/763 502/1441 972/1240
f 1451/1442 303/1443 1467/1444
f 538/1445 527/1039 534/599
f 1122/1446 323/1447 1204/1448
f 633/1027 614/1449 613/1450
f 293/1370 1454/1451 1263/1452
f 686/567 674/564 685/563
f 752/1453 748/922 745/1454
f 618/1328 597/1455 617/1456
f 574/1457 435/1213 575/1458
f 706/1459 701/1127 702/1460
f 1170/1461 279/1462 1175/1463
f 1209/1464 973/1465 1184/1466
f 985/1044 304/991 873/718
f 1004/772 880/1467 1043/798
f 692/1468 281/1469 282/1470
f 512/1471 883/1189 505/1472
f 284/454 691/1473 283/1474
f 456/700 455/1475 451/698
f 281/1469 693/1476 280/1304
f 902/1477 1336/792 1366/1478
f 312/1248 302/1331 304/1062
f 727/497 720/1479 728/1258
f 283/1474 692/1468 282/1470
f 696/1165 717/1480 695/1079
f 780/1481 778/651 779/669
f 847/702 840/1482 848/1317
f 689/1483 677/1215 678/1216
f 373/1162 370/1484 376/1071
f 474/1485 326/1156 325/1486
f 764/1487 756/1488 759/1172
f 730/598 723/1489 731/1490
f 564/1491 557/1492 565/1169
f 635/1493 614/1449 634/1494
f 712/1035 698/1495 711/1262
f 607/962 626/1008 627/570
f 724/1496 708/1080 707/1325
f 716/1497 700/1326 694/1498
f 721/1499 698/1495 699/1500
f 727/1501 711/1262 710/1065
f 729/1502 711/1262 728/1503
f 701/1504 723/1505 722/1506
f 704/1507 721/1508 699/1500
f 722/1509 704/1510 703/983
f 620/1348 599/1299 619/1346
f 1088/1336 454/1511 1085/1398
f 333/1512 1481/1513 1280/1514
f 595/1515 308/1516 299/1517
f 547/1518 540/1331 539/1056
f 726/544 717/516 718/498
f 553/1519 541/1062 540/1331
f 442/1520 323/1087 441/1089
f 696/1165 719/1521 718/1522
f 726/1523 708/1080 725/1524
f 695/1079 716/1525 694/1498
f 698/1495 719/1526 697/1263
f 724/1527 713/1126 731/1528
f 714/1529 731/1530 713/1126
f 729/1531 715/1532 712/1035
f 730/1533 714/1534 706/1535
f 353/1536 350/1537 348/1538
f 778/651 789/670 779/669
f 536/1539 533/1540 532/1106
f 702/1460 521/1211 706/1459
f 744/1541 772/1542 768/548
f 770/1543 745/1544 751/1545
f 343/457 340/1184 341/1183
f 566/1171 559/1546 567/1547
f 830/1548 827/1100 825/1549
f 578/550 955/642 937/1192
f 686/467 683/1550 687/1551
f 741/592 739/1552 742/1553
f 781/1554 785/1555 784/1556
f 731/1490 716/1557 724/515
f 801/1558 794/667 793/1054
f 760/1223 771/1559 765/1221
f 769/1238 749/919 750/1239
f 523/1560 517/1561 516/556
f 805/1562 798/669 797/644
f 421/756 407/1023 420/1563
f 761/1324 770/1543 751/1545
f 829/1099 824/1564 826/1565
f 1096/1566 326/1156 1051/1155
f 771/1559 748/922 774/1567
f 802/1568 795/676 794/667
f 818/685 817/914 816/677
f 786/671 783/909 787/648
f 275/975 273/1569 293/1013
f 1055/1204 330/1570 1116/1245
f 782/673 776/1571 783/909
f 673/562 665/561 672/579
f 480/1572 1242/1573 1481/1513
f 1561/1574 337/1153 1562/1152
f 800/1575 793/1054 792/1053
f 550/969 543/489 544/970
f 807/1576 792/1053 799/914
f 813/913 816/1577 815/679
f 708/1080 694/1498 707/1325
f 622/978 601/1578 621/1094
f 674/564 666/558 673/562
f 563/1168 556/1579 564/1491
f 852/1580 845/1581 849/1582
f 1038/1158 954/1583 876/752
f 1101/994 1302/1584 1113/1585
f 887/777 983/958 301/1586
f 543/492 273/1378 298/493
f 1359/1587 1413/1588 886/1589
f 1306/1590 1020/494 894/767
f 917/783 910/1401 539/784
f 1394/1591 888/1439 1268/1440
f 995/1592 1295/1593 1327/1594
f 1412/1595 933/1596 905/1597
f 1136/1598 1271/1367 1069/780
f 1069/780 1542/1599 1111/1600
f 1283/1601 1178/869 1471/871
f 288/719 982/957 287/776
f 1076/1602 1428/1603 1113/1585
f 1275/1419 868/1604 1365/855
f 1487/1605 1182/730 1473/1606
f 1269/1607 1067/1608 893/1609
f 1210/1610 1346/1611 1493/1612
f 567/1613 560/1614 568/1234
f 309/1615 310/1616 311/969
f 310/1616 312/1617 311/969
f 1624/1618 1546/1619 1141/1620
f 314/1621 316/979 313/981
f 442/495 853/1622 324/1623
f 505/1472 906/942 506/1476
f 1400/1624 1072/1625 1403/1626
f 967/1627 1088/1336 991/1628
f 1188/1629 1241/1630 1478/1121
f 414/1631 411/1291 412/483
f 296/1632 864/1228 863/1227
f 317/924 303/926 304/991
f 308/1516 306/1413 299/1517
f 1312/1351 951/1633 1375/1634
f 987/925 959/1635 321/1636
f 945/1387 1677/1637 1367/1388
f 1118/1638 1249/951 1431/1639
f 1197/818 1505/1640 1137/906
f 1400/1624 1128/1641 1068/1642
f 1539/1643 458/1644 1037/1438
f 1618/1645 1522/1646 1208/1647
f 955/642 574/1648 573/540
f 1145/1649 1675/1650 1499/1651
f 473/1652 1179/1653 472/502
f 353/1654 348/1538 352/1655
f 940/1051 371/1357 952/1359
f 349/1339 368/1656 369/1657
f 369/1657 370/1658 367/1659
f 1263/1452 1469/948 293/1370
f 1172/1660 930/1384 366/1417
f 369/1657 367/1659 349/1339
f 367/1659 371/1357 349/1339
f 354/1661 352/1655 348/1538
f 354/1661 348/1538 356/1662
f 930/1384 357/1663 966/1418
f 965/897 920/1664 355/1383
f 966/1418 356/1662 941/1358
f 1298/1665 1025/1666 1108/1667
f 878/1668 999/496 1023/1669
f 1327/1670 1169/1671 1354/1672
f 967/1627 1126/1673 935/933
f 1453/729 1086/1674 1411/1675
f 374/1676 351/1050 375/1677
f 975/1052 350/1537 976/534
f 375/1677 351/1050 373/1678
f 350/1537 360/1679 359/1680
f 350/1537 359/1680 361/1681
f 373/1678 376/1682 375/1677
f 1151/1683 889/833 273/1321
f 941/1358 348/1538 952/1359
f 912/828 372/456 942/769
f 377/533 373/1678 351/1050
f 350/1537 361/1681 363/768
f 1283/1601 887/777 1319/1684
f 365/1685 889/833 911/832
f 1484/1686 1190/1687 1480/1688
f 1214/1202 854/1689 1121/1690
f 970/456 345/1691 344/1692
f 1321/1693 1048/1694 1139/1695
f 1281/1429 962/1403 1313/1696
f 932/875 1033/1407 1304/1697
f 1111/1600 1401/1698 1069/780
f 1296/1699 1024/1700 1339/1379
f 973/1465 1213/1400 949/1701
f 396/1048 397/1702 400/1049
f 397/1702 398/1703 400/1049
f 398/1703 399/1704 400/1049
f 400/1049 401/1705 402/1706
f 402/1706 403/1047 400/1049
f 1382/1707 1189/1309 1479/1708
f 1143/1709 1457/1710 950/1272
f 1601/1711 1504/1712 1145/1649
f 1226/1113 1030/1713 1244/1714
f 318/1058 319/610 424/612
f 1170/1461 893/1609 1034/1715
f 977/848 931/847 439/1070
f 1274/1716 1129/1717 1073/1718
f 1216/1719 1468/1720 1496/1721
f 1123/1434 1206/1433 988/1722
f 1157/1147 1448/1723 1144/1724
f 1518/725 1568/1725 1049/723
f 1072/1625 1419/1726 1403/1626
f 436/1727 435/1728 433/1108
f 433/1108 431/1729 437/1109
f 1070/1730 968/1731 1176/1732
f 438/1107 432/1733 436/1727
f 432/1733 434/1734 436/1727
f 1375/1634 927/1735 1361/1736
f 429/1067 422/1066 318/1058
f 425/1059 430/1426 429/1067
f 1066/1737 1431/1639 1398/1738
f 884/1739 1450/1229 1358/1740
f 323/1087 322/1741 440/1088
f 1077/1742 1348/1437 904/1134
f 1013/1743 440/1744 439/1745
f 1149/1746 1429/1747 1452/1748
f 1304/1697 1032/1749 875/838
f 991/1628 1085/1398 973/1465
f 1309/1432 1192/1750 456/1751
f 1459/1752 423/1753 979/1754
f 1422/1755 1177/1756 1470/1057
f 452/1757 454/1758 455/1475
f 455/1475 453/1759 451/698
f 937/1192 573/540 572/535
f 443/1760 456/700 444/699
f 348/1538 940/1051 952/1359
f 451/698 450/1761 449/1110
f 449/1110 448/1762 445/633
f 1251/1763 1592/872 858/874
f 1561/1574 1225/1112 336/1764
f 1062/1765 1029/720 324/1766
f 1062/1765 1397/1767 893/1609
f 1207/1768 988/1722 1206/1433
f 1425/1769 1261/1770 272/1119
f 1301/1771 874/1772 1340/1773
f 1480/1774 1486/916 274/1122
f 1609/1775 1293/1776 284/1777
f 1007/908 1539/1643 1037/1438
f 1329/1427 927/1735 907/1778
f 1262/1779 943/1361 1276/1780
f 929/1781 1168/1414 898/825
f 328/1782 1214/1202 1121/1690
f 1294/1148 1084/1783 462/1784
f 924/1371 1669/1785 1381/1786
f 1038/1787 1300/1788 459/1140
f 1410/1789 901/1790 1409/1791
f 909/1792 1350/1793 1416/1794
f 1497/1795 884/1796 1358/1672
f 881/1797 1248/1798 882/1799
f 326/1156 475/1800 327/1801
f 1201/770 472/502 1179/1653
f 506/1476 925/944 507/1802
f 345/1322 953/609 346/1320
f 474/1803 325/904 332/1077
f 465/1804 1165/758 1159/1157
f 465/1804 477/1805 471/1806
f 336/1266 335/1807 334/1264
f 334/1264 480/1808 333/1809
f 333/1809 339/1810 338/1265
f 338/1265 337/1811 336/1266
f 443/1812 1206/1433 456/1751
f 949/839 1032/1749 1148/1813
f 1138/1436 1090/934 935/933
f 1036/781 1401/1698 923/1814
f 280/1815 1034/1715 281/1816
f 1282/1817 1124/1818 1087/1819
f 1530/1820 1620/834 1011/836
f 1099/857 1252/1821 1041/1822
f 511/1473 862/531 512/1471
f 1181/1412 986/1823 1175/1824
f 1122/1446 898/825 1076/1602
f 1173/1825 991/1628 1209/1464
f 1184/1466 949/1701 1148/1826
f 886/1589 1462/1827 1359/1587
f 1496/1828 984/1796 1489/1829
f 1295/1830 958/1831 1357/1832
f 509/764 972/1240 510/1312
f 856/1833 1023/1669 1117/1834
f 1602/1835 1528/1836 1167/1837
f 350/1537 921/532 976/534
f 1168/1414 1377/1838 1202/826
f 1205/1839 1290/1840 1380/1841
f 1144/1724 1540/1842 1157/1147
f 292/1843 918/945 939/997
f 422/846 959/1007 317/1844
f 1389/1845 1047/1671 1256/1444
f 1021/1846 1436/1847 1379/1288
f 327/1801 1121/1690 1080/1848
f 1161/1849 1460/1850 1461/1851
f 1311/1852 1106/1853 1296/1315
f 1411/1675 1128/1641 1437/1854
f 1117/1834 441/1855 440/1744
f 915/1856 1157/1147 923/1814
f 880/1467 1116/1245 903/799
f 1080/1848 854/1689 981/928
f 1057/1857 1330/1858 1393/1859
f 1619/820 1420/1860 1102/821
f 346/1861 936/1182 347/1862
f 1219/1863 938/1864 1233/1865
f 864/1228 939/997 541/998
f 545/1866 1417/736 1491/1867
f 300/737 545/1866 544/1868
f 1326/851 1022/1869 1235/1870
f 1008/1871 1665/1872 1532/1873
f 1368/1874 1198/917 1190/1875
f 1405/1876 1098/1877 1074/1878
f 1423/1879 877/1395 1237/1880
f 322/1881 1076/1602 321/1636
f 1270/1402 992/1882 1273/1883
f 553/1250 547/1884 552/939
f 596/1885 544/1868 297/491
f 548/1886 549/1616 550/1617
f 550/1617 551/601 548/1886
f 944/740 997/905 960/757
f 1350/1887 868/1604 1260/868
f 1144/1724 1664/1888 1524/1889
f 1141/1620 1663/1890 1446/1891
f 321/1636 1113/1585 1302/1584
f 980/766 1041/1822 1306/1590
f 1000/1892 1237/1880 1219/1863
f 903/799 1196/1076 922/1893
f 1569/1894 1531/1895 1060/1896
f 1372/1897 897/1898 1368/1899
f 563/1257 564/1900 565/1255
f 565/1255 566/1901 567/1902
f 567/1902 568/1903 569/1256
f 569/1256 570/1904 563/1257
f 1405/1876 1187/854 1477/1294
f 1063/1905 324/1766 1267/1906
f 1158/1907 1438/1908 1459/1752
f 1147/1909 1422/1910 1451/1911
f 1525/1912 904/1134 1084/1783
f 625/1010 655/1385 656/1913
f 1276/1780 1143/1709 1075/1914
f 1126/1673 1173/1825 577/1915
f 358/1916 965/897 293/1917
f 432/1334 571/1918 434/461
f 366/1417 930/1384 966/1418
f 1148/1813 1032/1749 580/1274
f 1433/1919 932/875 875/838
f 989/1920 1117/1834 1013/1743
f 1385/1921 1560/1922 882/1799
f 1104/1923 923/1814 1111/1600
f 319/1924 860/1117 320/1925
f 900/804 1660/1926 1424/1927
f 1373/1928 881/1797 1370/1929
f 1176/1732 971/927 1179/1653
f 859/1930 1338/873 1341/1931
f 1424/1927 1558/805 900/804
f 1610/1932 1474/1933 945/1387
f 979/1754 320/1191 853/1622
f 585/485 586/1934 588/744
f 586/1934 587/1935 588/744
f 980/766 1314/880 1337/856
f 592/743 583/1936 584/1937
f 590/1938 591/1939 592/743
f 588/744 589/1940 592/743
f 589/1940 590/1938 592/743
f 1364/747 865/746 1372/1897
f 513/1301 514/1941 702/1302
f 526/1942 705/1943 706/1535
f 703/983 515/1944 516/1945
f 517/984 703/983 516/1945
f 916/1193 572/535 571/1946
f 1434/1947 1141/1620 1446/1891
f 457/1948 1542/1599 1119/1366
f 1250/823 1149/1746 1452/1748
f 1079/1949 1657/1950 1543/1951
f 1255/1952 1581/1953 1045/1954
f 1333/1362 1126/1673 1155/1363
f 1191/1955 1239/1956 1369/1957
f 1112/1958 1521/1959 1136/1598
f 929/1781 1204/1448 986/1823
f 1208/1647 1655/1960 1492/1961
f 618/1328 619/1346 599/1299
f 461/1962 1176/1732 473/1652
f 1031/1963 1654/1964 1512/1965
f 469/1966 1110/739 470/1967
f 1058/1968 1398/1738 1264/1969
f 1391/1970 1210/1610 1493/1612
f 1232/1971 1017/867 1231/1293
f 510/1312 990/1242 511/1972
f 1083/800 922/1893 1110/739
f 577/1915 916/1270 950/1272
f 1103/1973 1525/1912 1084/1783
f 992/1882 1292/1974 1273/1883
f 427/841 969/1273 926/842
f 911/1253 358/1975 365/1976
f 923/1814 1540/1842 1036/781
f 879/1977 1262/1779 1332/879
f 896/1978 1051/1155 968/1731
f 1468/1979 1164/1853 1464/1980
f 1073/1718 1129/1717 931/847
f 968/1731 1005/1154 971/927
f 1280/1514 1081/1981 1279/1982
f 1421/1983 1044/1984 1248/1798
f 876/1368 1521/1959 1038/1787
f 872/1985 1062/1765 893/1609
f 1392/1986 1075/1914 1406/1987
f 467/500 1043/798 468/1988
f 1428/1603 984/1989 1113/1585
f 1510/1990 1614/1991 1183/1992
f 706/1535 521/1993 520/1994
f 520/1994 526/1942 706/1535
f 507/1802 947/1173 508/762
f 524/1995 523/1996 705/1943
f 523/1996 522/1997 705/1943
f 1317/1998 1347/1999 860/1117
f 1507/2000 1613/2001 1131/2002
f 458/1644 1111/1600 457/1948
f 1136/1598 1427/2003 1112/1958
f 1075/1914 1143/1709 950/1272
f 1221/907 1104/1923 1007/908
f 1154/2004 1392/1986 1456/2005
f 1436/1847 1199/2006 1487/1605
f 302/1297 983/958 982/957
f 1155/1363 1126/1673 577/1915
f 1600/2007 1508/2008 1142/2009
f 1421/1983 1077/1742 1103/1973
f 1239/2010 874/1772 871/2011
f 1402/2012 913/2013 897/2014
f 1317/1998 272/1119 1261/1770
f 1267/1906 1002/2015 1063/1905
f 1607/2016 1315/2017 946/2018
f 701/1504 700/1326 723/1505
f 704/1507 722/2019 721/1508
f 703/983 702/1302 722/1509
f 702/1302 701/2020 722/1509
f 1297/2021 1579/2022 1107/2023
f 1614/1991 1362/2024 1183/1992
f 272/2025 985/1044 295/717
f 1183/1992 1647/2026 1538/2027
f 299/1517 1175/1824 279/2028
f 1233/1865 956/2029 1330/1858
f 958/2030 1463/810 1357/2031
f 1373/1928 1137/906 914/2032
f 1461/1851 860/1117 1347/1999
f 1608/2033 1374/2034 913/2013
f 1002/2015 1396/2035 892/2036
f 1034/1715 1399/2037 281/1816
f 1458/2038 1608/2033 913/2013
f 714/1529 730/2039 731/1530
f 729/1531 730/2040 715/1532
f 706/1535 705/1943 730/1533
f 705/1943 715/2041 730/1533
f 1485/816 1193/2042 1482/2043
f 1220/2044 1133/2045 1441/2046
f 1252/1821 979/1754 442/495
f 1569/1894 1079/1949 1570/2047
f 872/1985 1175/1463 986/721
f 1107/2023 1644/2048 1297/2021
f 1021/1846 1305/2049 1234/1352
f 1532/1873 1591/2050 1008/1871
f 1272/2051 1102/821 1071/2052
f 1177/2053 1343/2054 1470/2055
f 582/2056 1184/1466 581/2057
f 581/2057 1148/1826 580/2058
f 1394/1591 1132/2059 1440/2060
f 1063/1905 1002/2015 892/2036
f 1613/2001 1439/2061 1131/2002
f 1242/2062 1030/1713 1028/2063
f 577/1915 1209/1464 582/2056
f 1080/1848 326/1156 327/1801
f 1356/2064 1057/1857 1393/1859
f 1341/1931 1006/2065 1220/2044
f 1616/2066 1515/2067 1107/2023
f 1023/1669 442/495 441/1855
f 1512/1965 1563/2068 1031/1963
f 1351/808 1152/2069 1454/1451
f 1189/1309 1639/2070 1479/1708
f 1503/2071 1612/915 1198/917
f 1007/908 1535/2072 1137/906
f 359/1125 354/2073 361/1159
f 322/1741 439/1070 440/1088
f 1264/1969 286/2074 1316/1041
f 292/1843 864/1228 296/1632
f 1334/2075 1575/2076 1156/2077
f 1499/1651 1601/1711 1145/1649
f 954/1583 997/905 1100/753
f 692/2078 691/2079 693/1408
f 297/2080 595/1410 596/1409
f 981/928 1005/1154 1080/1848
f 1413/1588 1135/2081 1443/809
f 1441/2046 1025/1666 1238/2082
f 1082/2083 1369/1957 1410/1789
f 975/1052 348/1538 350/1537
f 1435/2084 919/1831 1423/1980
f 1505/1640 915/1856 1137/906
f 855/2085 1055/1204 880/1467
f 1180/2086 1635/2087 1517/2088
f 914/2032 1535/2072 1077/1742
f 1476/2089 1195/2090 1484/1686
f 1391/1970 1166/2091 1050/2092
f 1543/1951 1570/2047 1079/1949
f 1159/1157 960/757 954/1583
f 845/1581 846/2093 849/1582
f 846/2093 847/2094 849/1582
f 847/2094 848/2095 849/1582
f 849/1582 850/2096 851/2097
f 851/2097 852/1580 849/1582
f 314/1621 1355/2098 1387/2099
f 1112/1958 1633/2100 1548/2101
f 1115/2102 1291/2103 1305/2104
f 1331/2105 1205/727 1380/1829
f 1366/1478 1218/2106 1390/2107
f 1012/2108 1285/835 1301/1771
f 1207/1103 856/1833 989/1920
f 922/1893 1053/1078 944/740
f 989/2109 1046/892 988/1722
f 1378/2110 1109/1756 1299/1832
f 1440/2060 1162/2111 1462/1827
f 1407/2112 1138/1436 1444/2113
f 1009/1000 878/1668 856/1833
f 987/925 1169/996 1467/2114
f 1042/2115 1407/2112 1243/2116
f 1345/2117 1071/2118 1402/2119
f 1414/714 1114/2120 1092/2121
f 1299/2122 1039/2123 1335/1396
f 1164/2124 1356/2064 1464/2125
f 1217/2126 1378/2127 1497/2128
f 453/2129 1090/934 451/1011
f 1153/2130 1311/2131 1455/2132
f 1134/877 1046/892 439/1070
f 1625/2133 1432/2134 1120/2135
f 1550/2136 1625/2133 1120/2135
f 1557/2137 1551/2138 1035/2139
f 1130/2140 1456/2005 1438/1908
f 1129/1717 1442/2141 931/847
f 1626/2142 1460/1850 1160/2143
f 1553/2144 1626/2142 1160/2143
f 1591/2050 1554/2145 1008/1871
f 1064/859 446/2146 447/1163
f 1274/1716 1001/1406 932/875
f 452/1399 1192/1750 1213/837
f 1343/2054 1135/2081 1319/1684
f 1557/2137 1031/1963 1563/2068
f 468/1988 1083/800 469/1966
f 1027/2147 1425/2148 1241/1630
f 855/2085 1003/771 854/1689
f 981/928 1003/771 1201/770
f 1376/1164 1064/859 447/1163
f 471/1806 1140/741 1165/758
f 1119/754 325/904 457/2149
f 1235/1870 1186/2150 1476/2089
f 470/1967 1140/741 471/1806
f 1290/1840 1014/2151 1345/2117
f 324/1766 1204/722 323/2152
f 1020/494 895/2153 894/767
f 1475/716 1166/2091 1465/2154
f 1010/2155 1243/2116 1349/1311
f 1040/452 895/2153 878/1668
f 1349/1311 879/1977 857/878
f 974/1428 1465/2154 962/1403
f 948/1230 1345/2117 865/746
f 863/1227 1235/1870 1476/2089
f 1241/1630 272/2156 836/2157
f 1593/2158 1289/2159 1599/2160
f 301/1586 1319/1684 887/777
f 1627/2161 1061/759 1554/2145
f 1222/2162 1627/2161 1554/2145
f 1555/2163 1396/2035 1222/2162
f 1554/2145 1590/2164 1552/2165
f 1552/2165 1628/2166 1554/2145
f 1008/1871 1628/2166 1553/2144
f 1629/2167 320/1925 1460/1850
f 1552/2165 1629/2167 1460/1850
f 1590/2164 1266/761 1552/2165
f 1438/1908 425/2168 424/1199
f 1630/2169 1067/1608 1551/2138
f 1228/2170 1630/2169 1551/2138
f 1593/2158 1399/2037 1228/2170
f 1551/2138 1589/2171 1549/2172
f 1549/2172 1631/2173 1551/2138
f 1035/2139 1631/2173 1550/2136
f 1632/2174 892/2036 1432/2134
f 1549/2172 1632/2174 1432/2134
f 1589/2171 1269/1607 1549/2172
f 1455/2132 548/1886 551/601
f 1497/2128 934/2175 996/910
f 1464/2125 957/811 958/2030
f 919/2176 1335/1396 877/1395
f 907/1778 1429/1747 1414/714
f 865/746 1402/2119 897/1898
f 1243/2116 899/2177 879/1977
f 899/2177 1444/2113 943/1361
f 938/1864 1462/1827 956/2029
f 934/2178 1299/1832 919/1831
f 1301/1771 858/874 859/1930
f 902/1477 1390/2107 901/1790
f 996/2179 1380/1829 884/1796
f 1305/2104 869/2180 909/1792
f 1548/2101 1603/773 1194/775
f 1633/2100 1371/2181 1548/2101
f 1427/2003 1567/2182 1371/2181
f 1387/2099 1171/2183 1216/1719
f 1472/2184 1606/2185 1408/2186
f 1408/2186 1634/2187 1472/2184
f 1180/2086 1634/2187 1543/1951
f 885/1404 1465/2154 1391/1970
f 863/1227 1484/1686 296/1632
f 1517/2088 1596/2188 1049/723
f 1635/2087 1258/2189 1517/2088
f 1360/2190 1560/1922 1258/2189
f 1125/2191 1423/1980 1106/1853
f 902/1477 1369/1957 870/790
f 874/1772 1441/2046 1238/2082
f 886/1589 1443/809 957/811
f 1439/2061 1565/2192 1325/2193
f 1325/2193 1636/2194 1439/2061
f 1131/2002 1636/2194 1499/1651
f 1315/2017 1611/2195 1501/2196
f 1501/2196 1637/2197 1315/2017
f 946/2018 1637/2197 1334/2075
f 1058/1968 1316/1041 1132/2059
f 1504/1712 1576/2198 1502/2199
f 1502/2199 1638/2200 1504/1712
f 1145/1649 1638/2200 1503/2071
f 1479/1708 1609/1775 284/1777
f 1639/2070 1466/2201 1479/1708
f 1536/1308 1573/2202 1466/2201
f 276/2203 1454/1451 277/2204
f 1445/1143 1599/2160 1289/2159
f 1289/2159 1640/2205 1445/1143
f 1139/1695 1640/2205 1512/1965
f 1641/2206 1049/723 1515/2067
f 1516/2207 1641/2206 1515/2067
f 1580/2208 1517/2088 1516/2207
f 859/1930 1341/1931 1220/2044
f 957/811 1393/1859 886/1589
f 334/2209 1244/1714 1242/2062
f 1642/2210 901/1790 1439/2061
f 1506/2211 1642/2210 1439/2061
f 1577/2212 1409/1791 1506/2211
f 888/1439 1440/2060 938/1864
f 301/1586 1470/2055 1343/2054
f 278/2213 1293/1776 1272/2051
f 1432/2134 1555/2163 1222/2162
f 1222/2162 1643/2214 1432/2134
f 1120/2135 1643/2214 1532/1873
f 1234/1352 909/2215 908/1344
f 1297/2021 1604/2216 905/1597
f 1644/2048 1388/2217 1297/2021
f 1515/2067 1568/1725 1388/2217
f 1605/2218 1408/2186 1606/2185
f 859/1930 1441/2046 874/1772
f 338/2219 1482/2043 337/1153
f 1500/2220 1572/2221 1449/2222
f 1449/2222 1645/2223 1500/2220
f 1156/2077 1645/2223 1458/2038
f 1646/2224 1198/917 1374/2034
f 1449/2222 1646/2224 1374/2034
f 1572/2221 1503/2071 1449/2222
f 1161/1849 1347/1999 1006/2065
f 1357/2031 1163/2225 1177/2053
f 1019/807 1330/1858 1152/2069
f 1538/2027 1602/1835 1167/1837
f 1647/2026 1353/2226 1538/2027
f 1362/2024 1566/2227 1353/2226
f 1648/2228 946/2018 1362/2024
f 1509/2229 1648/2228 1362/2024
f 1578/2230 1492/1961 1509/2229
f 1321/1693 1615/2231 1514/2232
f 1514/2232 1649/2233 1321/1693
f 905/1597 1649/2233 1297/2021
f 1650/2234 1131/2002 1315/2017
f 1447/2235 1650/2234 1315/2017
f 1571/2236 1507/2000 1447/2235
f 1133/2045 1261/1770 1025/1666
f 1071/2052 1420/1860 1402/2012
f 1028/2063 1340/1773 1239/2010
f 1651/2237 1081/1981 1508/2008
f 1323/2238 1651/2237 1508/2008
f 1564/2239 1279/1982 1323/2238
f 296/2240 1487/1605 292/2241
f 1456/2005 426/1033 425/2168
f 1508/2008 1577/2212 1506/2211
f 1506/2211 1652/2242 1508/2008
f 1142/2009 1652/2242 1507/2000
f 1006/2065 1317/1998 1133/2045
f 1511/774 1578/2230 1509/2229
f 1509/2229 1653/2243 1511/774
f 1194/775 1653/2243 1510/1990
f 426/1033 1406/1987 428/1271
f 914/2032 1248/1798 881/1797
f 333/1512 1279/1982 339/1146
f 963/2244 1464/1980 958/1831
f 1332/879 1054/2245 1154/2004
f 1273/1883 1098/1877 1072/1625
f 594/2213 1231/1293 585/1286
f 885/1404 1493/1612 992/1882
f 1264/1969 910/1401 290/2246
f 1512/1965 1615/2231 1139/1695
f 1654/1964 1514/2232 1512/1965
f 1513/2247 1579/2022 1514/2232
f 1492/1961 1607/2016 946/2018
f 1655/1960 1447/2235 1492/1961
f 1522/1646 1571/2236 1447/2235
f 1369/1957 871/2248 870/790
f 1282/1817 1617/2249 1520/2250
f 1520/2250 1656/2251 1282/1817
f 464/2252 1656/2251 1255/1952
f 1543/1951 1623/2253 1180/2086
f 1657/1950 1545/2254 1543/1951
f 1544/2255 1587/882 1545/2254
f 866/2256 1452/1748 951/1633
f 933/1596 1446/1891 945/1387
f 1186/2150 1372/1897 1195/2090
f 1337/856 1130/2140 1158/1907
f 1658/2257 1183/1992 1474/1933
f 1483/2258 1658/2257 1474/1933
f 1574/2259 1510/1990 1483/2258
f 1513/2247 1594/2260 1245/2261
f 1245/2261 1659/2262 1513/2247
f 1107/2023 1659/2262 1424/1927
f 1341/1931 1160/2143 1161/1849
f 1197/818 1370/1929 1193/2042
f 1424/1927 1616/2066 1107/2023
f 1660/1926 1516/2207 1424/1927
f 1472/2184 1580/2208 1516/2207
f 1519/2263 1596/2188 1258/2189
f 1258/2189 1661/2264 1519/2263
f 1045/1954 1661/2264 1385/1921
f 1451/1911 309/1615 311/969
f 1459/1752 424/1199 423/1753
f 295/2265 1477/1294 272/1296
f 1195/2090 1368/1899 1190/1687
f 1662/2266 1026/864 1531/1895
f 1395/2267 1662/2266 1531/1895
f 1605/2218 1240/862 1395/2267
f 1219/1863 877/1395 888/1439
f 1446/1891 1610/1932 945/1387
f 1663/1890 1483/2258 1446/1891
f 1546/1619 1574/2259 1483/2258
f 1524/1889 1600/2007 1142/2009
f 1664/1888 1323/2238 1524/1889
f 1448/1723 1564/2239 1323/2238
f 1018/2268 1260/868 1017/867
f 1068/1642 1273/1883 1072/1625
f 1106/2269 1237/1880 1024/1700
f 295/2265 1419/1726 1405/1876
f 897/2014 1374/2034 1368/1874
f 1532/1873 1621/2270 1120/2135
f 1665/1872 1534/2271 1532/1873
f 1533/2272 1585/863 1534/2271
f 546/2273 1235/1870 863/1227
f 1491/1867 1095/2274 1205/1839
f 1000/1892 1233/1865 1019/807
f 1666/2275 913/2013 1420/1860
f 1526/2276 1666/2275 1420/1860
f 1583/2277 1458/2038 1526/2276
f 1393/1859 956/2029 886/1589
f 286/2278 1437/1854 285/2279
f 548/2280 1296/1315 542/602
f 320/1925 1461/1851 1460/1850
f 1379/1288 296/2240 274/487
f 552/2281 1256/1444 546/1443
f 1380/1841 948/1230 884/1739
f 1667/2282 1156/2077 1528/1836
f 1353/2226 1667/2282 1528/1836
f 1566/2227 1334/2075 1353/2226
f 1105/2283 1357/1832 1177/1756
f 1216/2284 1489/1829 1202/727
f 1359/1587 1162/2111 1178/869
f 1531/1895 1584/2285 1529/2286
f 1529/2286 1668/2287 1531/1895
f 1060/1896 1668/2287 1530/1820
f 464/2252 1310/1283 1282/1817
f 1217/2288 1358/1672 1047/1671
f 1416/1794 1018/2289 1094/843
f 1082/2083 1409/1791 1081/1981
f 1381/1786 1618/1645 1208/1647
f 1669/1785 1523/2290 1381/1786
f 1324/1411 1582/2291 1523/2290
f 1054/2245 1276/1780 1075/1914
f 1150/731 1361/1736 1329/1427
f 1670/2292 1102/821 1293/1776
f 1466/2201 1670/2292 1293/1776
f 1573/2202 1527/819 1466/2201
f 1190/1875 1486/916 1480/1774
f 1012/2108 1340/1773 1030/1713
f 1108/1667 1261/1770 1425/1769
f 1671/2293 1011/836 1225/1112
f 1265/2294 1671/2293 1225/1112
f 1597/2295 1530/1820 1265/2294
f 1533/2272 1556/2296 1223/2297
f 1223/2297 1672/2298 1533/2272
f 1026/864 1672/2298 1251/1763
f 309/2299 1470/1057 301/1056
f 1452/1748 927/1735 951/1633
f 1358/1740 1146/2300 1047/850
f 910/1401 1398/1738 1431/1639
f 1375/1634 1182/730 1199/2006
f 1403/1626 288/2301 287/2302
f 1412/1595 1604/2216 1388/2217
f 1388/2217 1673/2303 1412/1595
f 1087/1819 1673/2303 1518/725
f 1496/1721 963/2304 995/1592
f 335/1111 1226/1113 1244/1714
f 1674/2305 1218/2106 1504/1712
f 1325/2193 1674/2305 1504/1712
f 1565/2192 1390/2107 1325/2193
f 283/1144 1479/1708 284/1777
f 542/2306 1339/1379 273/1378
f 1086/1674 1313/1696 1128/1641
f 905/1597 1257/1386 1321/1693
f 296/1632 1480/1688 274/2307
f 1089/2308 1319/1684 1135/2081
f 290/2309 1411/1675 286/2278
f 984/1796 1327/1670 1354/1672
f 871/2011 1238/2082 1298/1665
f 1174/2310 1263/1452 1057/1857
f 1499/1651 1611/2195 1131/2002
f 1675/1650 1501/2196 1499/1651
f 1500/2220 1575/2076 1501/2196
f 1676/2311 1142/2009 1522/1646
f 1523/2290 1676/2311 1522/1646
f 1582/2291 1524/1889 1523/2290
f 289/2312 1437/1854 1400/1624
f 1431/1639 539/784 910/1401
f 1367/1388 1622/1307 1189/1309
f 1677/1637 1537/2313 1367/1388
f 1474/1933 1586/2314 1537/2313
f 1127/2315 1375/1634 1199/2006
f 274/1122 1241/1630 836/2157
f 289/2312 1403/1626 287/2302
f 1678/2316 1194/775 1546/1619
f 1547/2317 1678/2316 1546/1619
f 1588/2318 1548/2101 1547/2317
f 1493/1612 867/1420 992/1882
f 1487/1605 291/2319 292/2241
f 1074/1878 1365/855 1187/854
f 887/777 1471/871 289/778
f 1087/1819 1434/1947 1412/1595
f 1327/1594 1105/2320 1147/1909
f 1394/1591 1066/1737 1058/1968
f 1089/2308 1359/1587 1178/869
f 1597/2295 1278/2321 1598/2322
f 1481/1513 1028/2323 1191/1955
f 1280/1514 1191/1955 1082/2083
f 1366/1478 1027/2147 1188/1629
f 1263/1452 1152/2069 1057/1857
f 1147/2324 1467/1444 1169/1671
f 1268/1440 1118/1638 1066/1737
f 1150/731 1281/1429 1086/1674
f 1074/1878 1292/1974 1275/1419
f 1068/1642 1313/1696 1270/1402
f 1307/1394 1039/2123 1118/1638
f 1048/1694 1367/1388 1189/1309
f 1284/806 1024/1700 1000/1892
f 1234/1352 1127/2315 1021/1846
f 1415/824 1094/2325 1093/822
f 1171/2326 1344/1315 1164/1853
f 1488/765 857/878 980/766
f 1679/2327 1167/1837 1536/1308
f 1537/2313 1679/2327 1536/1308
f 1586/2314 1538/2027 1537/2313
f 1097/2328 1477/1294 1187/854
f 1211/903 1231/1293 1017/867
f 1050/2092 1383/1277 1210/1610
f 1328/1280 1114/2120 1149/1746
f 1092/2121 1363/477 1185/715
f 1379/1288 1115/2329 1021/1846
f 1287/861 1015/2330 1093/822
f 1211/903 1230/1276 1384/1284
f 1124/1818 1322/1142 1141/1620
f 1050/2092 1352/479 1259/1281
f 1015/2330 1328/1280 1149/1746
f 1383/1277 1016/902 1210/1610
f 1146/2300 1236/745 1022/1869
f 1376/1164 1010/2155 1200/1310
f 1544/2255 1598/2322 1278/2321
f 1278/2321 1680/2331 1544/2255
f 1215/883 1680/2331 1495/1151
f 1103/1973 1254/1150 1044/1984
f 1139/1695 1382/1707 1445/1143
f 1322/1142 1624/1618 1141/1620
f 1681/1141 1547/2317 1322/1142
f 1300/1788 1588/2318 1547/2317
f 1430/1139 1097/2332 1115/2102
f 1153/2333 1491/728 1205/727
f 1188/1629 1498/1120 1218/2106
f 1226/1113 1011/836 1012/2108
f 1203/2334 1426/1057 1109/1756
f 1132/2059 1342/870 1162/2111
f 1078/2335 1320/1012 1138/1436
f 1253/463 1078/2335 1042/2115
f 1014/2151 1272/967 1071/2118
f 1092/2121 1303/1292 1286/953
f 1109/2336 1249/951 1039/2123
f 1344/949 1174/2310 1164/2124
f 1389/941 1203/2337 1217/2126
f 1682/2338 274/1122 1486/916
f 1502/2199 1682/2338 1486/916
f 1576/2198 1498/1120 1502/2199
f 1331/912 1125/2339 1153/2130
f 993/1421 1346/1611 1494/866
f 1683/2340 1120/2135 1308/890
f 1247/2341 1683/2340 1308/890
f 1595/2342 1550/2136 1247/2341
f 1360/2190 1623/2253 1545/2254
f 1545/2254 1684/2343 1360/2190
f 882/1799 1684/2343 1386/881
f 1314/880 1154/2004 1130/2140
f 1685/2344 1160/2143 1338/873
f 1223/2297 1685/2344 1338/873
f 1556/2296 1553/2144 1223/2297
f 1471/871 285/1042 289/778
f 993/1421 1260/868 868/1604
f 1308/890 1621/2270 1534/2271
f 1534/2271 1686/2345 1308/890
f 891/891 1686/2345 1240/862
f 1287/861 593/2346 584/1287
f 869/2347 1365/855 868/1604
f 546/2273 1256/852 1326/851
f 1288/845 594/487 593/486
f 1687/2348 858/874 1285/835
f 1529/2286 1687/2348 1285/835
f 1584/2285 1251/1763 1529/2286
f 1415/824 866/2256 908/1344
f 1528/1836 1583/2277 1526/2276
f 1526/2276 1688/2349 1528/1836
f 1167/1837 1688/2349 1527/819
f 1163/2225 1443/809 1135/2081
f 273/1378 1351/808 276/2203
f 1595/2342 1245/2261 1594/2260
f 1336/792 1108/2350 1027/2147
f 1689/2351 1208/1647 1511/774
f 1371/2181 1689/2351 1511/774
f 1567/2182 1381/1786 1371/2181
f 1022/1869 1364/747 1186/2150
f 1095/2274 1227/738 1014/2151
f 290/2309 1473/1606 1453/729
f 314/1251 1377/728 306/968
f 1518/725 1617/2249 1087/1819
f 1690/724 1520/2250 1518/725
f 1519/2263 1581/1953 1520/2250
f 907/1778 1475/716 974/1428
f 1185/715 1352/479 1166/2091
f 1224/464 1042/2115 1010/2155
f 1035/2139 1594/2260 1031/1963
f 1060/1896 1598/2322 1079/1949
f 891/891 1606/2185 900/804
f 281/1816 1599/2160 282/1145
f 1228/2170 1563/2068 1289/2159
f 1395/2267 1570/2047 1408/2186
f 1265/2294 1562/1152 1278/2321
f 1247/2341 1558/805 1245/2261
f 445/450 446/2146 1065/451
f 596/453 691/1473 284/454
f 970/456 342/2352 343/457
f 571/459 576/1212 436/460
f 448/462 449/988 1253/463
f 685/465 681/566 682/466
f 415/474 416/2353 421/475
f 1363/477 590/1290 589/478
f 416/482 414/1631 412/483
f 585/485 584/1937 593/486
f 316/488 308/970 307/489
f 297/491 544/1868 543/492
f 727/497 726/544 718/498
f 703/503 705/1081 522/504
f 528/509 530/812 532/510
f 491/512 483/597 484/513
f 724/515 716/1557 717/516
f 464/521 466/2354 476/522
f 476/524 465/2355 459/525
f 463/526 462/506 473/527
f 990/529 503/2356 504/530
f 921/532 372/456 377/533
f 363/541 356/1160 357/542
f 525/544 526/573 519/545
f 757/547 744/1541 768/548
f 522/504 523/1560 516/556
f 681/557 680/2357 666/558
f 673/562 684/2358 685/563
f 684/565 680/831 681/566
f 686/567 687/2359 676/568
f 627/570 662/2360 658/571
f 526/573 520/1132 513/574
f 629/575 628/572 658/576
f 645/581 608/985 609/582
f 845/584 837/1267 838/585
f 671/587 664/1040 663/588
f 737/590 734/646 735/591
f 490/596 482/1214 483/597
f 537/598 538/1445 534/599
f 549/601 548/2280 542/602
f 735/595 734/646 732/606
f 978/607 343/2361 341/608
f 319/610 320/2362 423/611
f 772/613 775/1313 769/614
f 396/616 388/1005 389/617
f 631/619 611/1360 610/620
f 445/633 448/1762 447/634
f 774/636 773/2363 770/628
f 660/638 659/1020 653/639
f 579/555 580/2364 969/641
f 804/643 805/1562 797/644
f 737/590 736/987 732/606
f 478/663 479/1194 476/664
f 412/483 411/1291 409/680
f 451/698 449/1110 444/699
f 846/586 838/585 839/701
f 669/706 683/2365 682/707
f 1414/714 1092/2121 1185/715
f 295/717 985/1044 873/718
f 1029/720 872/1985 986/721
f 1049/723 1519/2263 1690/724
f 1387/726 1216/2284 1202/727
f 1453/729 1473/1606 1182/730
f 1110/739 922/1893 944/740
f 592/743 584/1937 585/485
f 1236/745 948/1230 865/746
f 876/752 954/1583 1100/753
f 1140/741 944/740 960/757
f 1002/2015 853/760 1061/759
f 853/760 320/1925 1266/761
f 508/762 947/1173 961/763
f 1064/859 1200/1310 894/767
f 1200/1310 1488/765 894/767
f 363/768 364/829 942/769
f 1004/772 467/500 472/502
f 1603/773 1371/2181 1511/774
f 287/776 983/958 887/777
f 1541/779 1136/1598 1069/780
f 540/782 918/945 917/783
f 870/790 871/2248 1298/791
f 1043/798 880/1467 903/799
f 1559/803 891/891 900/804
f 1284/806 1000/1892 1019/807
f 1485/816 338/2219 998/817
f 1527/819 1526/2276 1619/820
f 1093/822 1015/2330 1250/823
f 1489/827 984/1989 898/825
f 898/825 1168/1414 1202/826
f 912/828 942/769 364/829
f 1620/834 1529/2286 1285/835
f 1213/837 1192/1750 875/838
f 1001/1406 1073/1718 926/842
f 1073/1718 1404/840 926/842
f 1094/843 1018/2289 1232/844
f 422/846 427/841 931/847
f 1056/849 912/828 362/830
f 1047/850 1146/2300 1326/851
f 1291/853 1097/2328 1187/854
f 1337/856 1158/1907 1099/857
f 894/767 895/2153 1065/451
f 1093/822 1094/2325 1288/860
f 1240/862 1534/2271 1585/863
f 1494/866 1211/903 1017/867
f 1178/869 1162/2111 1342/870
f 1592/872 1223/2297 1338/873
f 1134/877 1129/1717 932/875
f 932/875 988/1722 1318/876
f 857/878 879/1977 1332/879
f 1386/881 1545/2254 1587/882
f 1559/803 1247/2341 1308/890
f 1318/876 988/1722 1046/892
f 1052/896 293/1917 965/897
f 1494/866 1346/1611 1016/902
f 1137/906 915/1856 1221/907
f 996/910 934/2175 1435/911
f 1612/915 1502/2199 1486/916
f 317/924 959/1635 987/925
f 1201/770 1179/1653 971/927
f 1091/932 967/1627 935/933
f 552/939 547/1884 1490/940
f 906/942 498/1190 499/943
f 305/947 293/1370 1469/948
f 788/652 776/1571 777/950
f 1286/953 1303/1292 592/954
f 472/956 466/2366 464/521
f 401/959 393/1026 394/960
f 628/572 608/985 607/962
f 503/963 495/1030 496/964
f 1227/738 300/737 278/966
f 545/968 551/2367 550/969
f 671/587 670/589 690/971
f 294/973 297/2080 298/974
f 623/976 603/1342 602/977
f 519/982 702/1302 703/983
f 629/575 609/582 608/985
f 740/986 733/1338 732/606
f 449/988 450/1425 1277/989
f 815/679 814/678 812/665
f 661/992 660/638 651/640
f 1101/994 984/1989 1354/995
f 939/997 918/945 540/782
f 444/999 445/450 1040/452
f 851/1001 843/1316 844/1002
f 403/1004 395/1220 388/1005
f 977/848 439/1070 321/1006
f 626/1008 606/1365 605/1009
f 1277/989 450/1425 451/1011
f 293/1013 273/1569 365/1014
f 518/1016 535/1105 531/1017
f 656/1019 654/1373 659/1020
f 419/1022 420/1563 407/1023
f 400/1025 392/2368 393/1026
f 633/1027 613/1450 612/1028
f 495/1030 487/2356 488/1031
f 437/1032 429/1200 430/1033
f 715/1035 704/1500 699/1036
f 810/667 811/666 809/674
f 753/895 746/894 749/919
f 529/1038 525/544 528/546
f 741/603 740/605 736/987
f 672/579 665/561 664/1040
f 1316/1041 286/2074 285/1042
f 861/1043 319/2369 318/990
f 364/543 357/542 355/1045
f 351/1050 349/1339 940/1051
f 629/575 630/621 610/620
f 812/665 814/678 817/1053
f 1490/1055 547/1518 539/1056
f 554/1060 552/2370 546/1061
f 709/1063 726/2371 727/1064
f 376/1071 370/1484 369/1072
f 493/1074 485/1104 486/529
f 1196/1076 331/1246 332/1077
f 709/1063 696/1165 695/1079
f 705/1081 703/503 704/1036
f 332/801 329/793 327/795
f 372/1083 366/2372 371/1084
f 630/621 629/575 659/577
f 631/619 630/621 660/1086
f 624/1091 604/1219 603/1092
f 621/1094 601/1578 600/1095
f 397/618 389/617 390/1097
f 829/1099 826/1565 827/1100
f 443/1102 444/999 1009/1000
f 492/514 484/513 485/1104
f 535/1105 536/1539 532/1106
f 438/1107 436/1727 433/1108
f 752/899 773/901 772/893
f 749/919 746/894 744/622
f 335/1111 336/1764 1225/1112
f 416/1114 415/2373 413/1115
f 360/1123 353/1536 352/1124
f 713/1126 700/1326 701/1127
f 458/1129 457/2149 325/904
f 1455/1131 551/2367 545/968
f 520/1132 521/1211 514/1133
f 461/2374 462/1784 1084/1783
f 904/1134 1037/1438 1096/1135
f 1037/1438 458/1644 1096/1135
f 461/2374 1084/1783 1070/2375
f 1084/1783 904/1134 1070/2375
f 896/1136 1070/2375 904/1134
f 274/1137 272/2376 1418/1138
f 459/1140 1300/1788 1681/1141
f 1445/1143 1382/1707 283/1144
f 998/817 338/2219 339/1146
f 1294/1148 462/1784 463/1149
f 1495/1151 1278/2321 1562/1152
f 459/525 465/1804 1159/1157
f 361/1159 354/2073 356/1160
f 1053/1078 332/1077 325/904
f 377/1085 371/1084 367/1161
f 447/1163 448/462 1224/464
f 710/1065 697/1263 696/1165
f 570/1166 562/1269 555/1167
f 676/568 669/706 668/708
f 565/1169 557/1492 558/1170
f 681/557 667/559 668/708
f 759/1172 756/1488 757/547
f 947/1173 500/1196 501/1174
f 500/1175 492/514 493/1074
f 502/1177 501/2377 493/1074
f 503/1178 502/2378 494/1075
f 490/596 498/2379 497/1180
f 936/1182 953/2380 341/1183
f 500/1185 499/2381 491/512
f 497/1186 504/2382 496/964
f 498/1187 490/596 491/512
f 883/1189 497/1201 498/1190
f 577/1191 578/550 937/1192
f 479/1194 477/2383 465/1195
f 925/944 499/943 500/1196
f 399/1197 391/1254 392/1198
f 437/1032 431/2384 427/1199
f 883/1189 862/531 504/530
f 1214/1202 328/1782 329/1203
f 825/703 824/705 822/1205
f 418/1206 419/2385 406/1207
f 517/984 530/812 528/509
f 729/1209 721/1259 722/1210
f 576/1212 575/1458 435/1213
f 489/1181 481/1268 482/1214
f 677/1215 663/588 664/1040
f 688/1217 689/1483 678/1216
f 625/1010 605/1009 604/1219
f 402/961 394/960 395/1220
f 765/1221 767/1323 762/1222
f 381/473 379/470 378/733
f 307/1224 308/1516 294/1225
f 541/998 546/2273 863/1227
f 849/1231 841/2386 842/1232
f 568/1234 560/1614 561/1235
f 763/1237 764/1487 769/1238
f 972/1240 502/1441 503/1241
f 375/1073 369/1072 368/1243
f 1116/1245 330/1570 331/1246
f 806/1247 807/1576 799/914
f 303/1061 311/2387 312/1248
f 306/968 308/970 316/488
f 362/1046 355/1045 920/1252
f 398/1098 390/1097 391/1254
f 565/1255 567/1902 569/1256
f 728/1258 720/1479 721/1259
f 418/1206 405/1208 404/749
f 313/1260 315/490 307/489
f 494/1075 486/529 487/1261
f 675/569 668/708 667/559
f 711/1262 698/1495 697/1263
f 334/1264 333/1809 338/1265
f 852/1003 844/1002 837/1267
f 496/964 488/1031 481/1268
f 569/1236 561/1235 562/1269
f 916/1270 571/1918 428/1271
f 587/1275 586/1285 1230/1276
f 1229/1278 584/1287 583/1279
f 1259/1281 1352/479 589/478
f 1310/1283 460/2388 459/1140
f 1384/1284 1230/1276 586/1285
f 1286/953 591/955 590/1290
f 411/1291 413/2389 415/750
f 583/1279 592/954 1303/1292
f 1259/1281 588/1282 587/1275
f 873/718 304/991 302/1297
f 638/1298 637/1340 599/1299
f 1622/1307 1537/2313 1536/1308
f 1200/1310 1010/2155 1349/1311
f 280/1304 693/1476 595/1312
f 772/613 773/2363 774/636
f 1355/1314 313/1260 305/602
f 850/1233 842/1232 843/1316
f 848/1317 840/1482 841/1318
f 346/1320 347/1862 344/1321
f 831/935 833/712 832/710
f 767/1323 766/2390 761/1324
f 707/1325 694/1498 700/1326
f 530/1018 517/1561 524/1327
f 684/565 688/1217 679/1218
f 310/1330 309/2299 301/1056
f 626/1008 657/1422 662/1332
f 803/1333 804/643 796/645
f 432/1334 438/1034 430/1033
f 1091/932 453/2129 455/1335
f 740/986 743/2391 738/1337
f 374/1244 368/1243 349/1339
f 641/1341 640/1423 602/977
f 620/1096 651/1347 652/1343
f 908/1344 909/2215 1416/1345
f 619/1346 650/1431 651/1347
f 689/972 688/2392 672/579
f 890/1349 912/828 1056/849
f 600/1095 601/1578 639/1350
f 908/1344 866/2256 1312/1351
f 622/978 653/1354 654/1353
f 622/978 621/1094 652/1343
f 975/1052 976/534 377/533
f 665/561 679/1218 678/1216
f 371/1357 366/1417 941/1358
f 631/619 632/1029 612/1028
f 1155/1363 1143/1709 943/1361
f 943/1361 935/933 1333/1362
f 649/1364 644/1430 606/1365
f 1119/1366 1069/780 1271/1367
f 307/1224 275/1226 293/1370
f 924/1371 1136/1598 1541/779
f 636/1375 633/1392 632/1376
f 431/1380 433/2393 574/1381
f 1212/1382 965/897 355/1383
f 623/1093 654/1353 655/1385
f 1257/1386 933/1596 945/1387
f 994/1393 616/1375 613/1392
f 775/920 774/921 754/923
f 1032/1749 1033/1407 580/1274
f 1033/1407 1246/1397 580/1274
f 1085/1398 454/1511 452/1399
f 646/1020 641/1373 643/1019
f 291/946 290/2246 910/1401
f 647/638 638/640 640/639
f 964/898 965/897 1212/1382
f 648/992 637/993 638/640
f 1270/1402 1313/1696 962/1403
f 645/1405 649/2394 607/962
f 1001/1406 926/842 1246/1397
f 693/1408 691/2079 596/1409
f 1036/781 1144/1724 1324/1411
f 1181/1412 299/1517 306/1413
f 642/1415 604/1219 605/1009
f 642/1415 641/1341 603/1092
f 1275/1419 1292/1974 867/1420
f 625/1010 656/1913 657/1422
f 639/1350 601/1578 602/977
f 1059/1424 372/456 912/828
f 426/1425 428/2395 430/1426
f 1329/1427 907/1778 974/1428
f 644/1430 643/1416 605/1009
f 751/626 745/1454 748/922
f 1309/1432 456/1751 1206/1433
f 646/583 609/582 610/620
f 1320/1012 451/1011 1090/934
f 647/1435 610/620 611/1360
f 1348/1437 1007/908 1037/1438
f 616/1375 597/1377 612/1376
f 888/1439 877/1395 1307/1394
f 633/1392 636/1375 928/1393
f 961/763 501/1174 502/1441
f 1451/1442 311/2396 303/1443
f 538/1445 529/1038 527/1039
f 1122/1446 322/1881 323/1447
f 633/1027 634/1494 614/1449
f 293/1370 277/2204 1454/1451
f 686/567 675/569 674/564
f 752/1453 754/923 748/922
f 618/1328 598/1329 597/1455
f 574/1457 433/2393 435/1213
f 706/1459 714/1128 701/1127
f 1170/1461 280/1815 279/1462
f 1209/1464 991/1628 973/1465
f 985/1044 318/990 304/991
f 1004/772 855/2085 880/1467
f 692/1468 693/1476 281/1469
f 512/1471 862/531 883/1189
f 456/700 452/1757 455/1475
f 902/1477 870/790 1336/792
f 312/1248 310/1330 302/1331
f 727/497 719/499 720/1479
f 283/1474 691/1473 692/1468
f 696/1165 718/2397 717/1480
f 780/1481 781/1554 778/651
f 847/702 839/701 840/1482
f 689/1483 690/2398 677/1215
f 373/1162 367/1161 370/1484
f 474/1485 475/1800 326/1156
f 764/1487 763/1237 756/1488
f 730/598 722/2399 723/1489
f 564/1491 556/1579 557/1492
f 635/1493 615/2400 614/1449
f 712/1035 699/1500 698/1495
f 607/962 606/1365 626/1008
f 724/1496 725/2401 708/1080
f 716/1497 723/2402 700/1326
f 721/1499 720/2403 698/1495
f 727/1501 728/2404 711/1262
f 729/1502 712/1035 711/1262
f 620/1348 600/1300 599/1299
f 1088/1336 455/1335 454/1511
f 333/1512 480/1572 1481/1513
f 595/1515 294/1225 308/1516
f 547/1518 553/1519 540/1331
f 726/544 725/517 717/516
f 553/1519 554/1060 541/1062
f 442/1520 324/2405 323/1087
f 696/1165 697/1263 719/1521
f 726/1523 709/1063 708/1080
f 695/1079 717/2406 716/1525
f 698/1495 720/2407 719/1526
f 724/1527 707/1325 713/1126
f 353/1536 360/1123 350/1537
f 778/651 788/652 789/670
f 536/1539 537/2408 533/1540
f 702/1460 514/1133 521/1211
f 744/1541 746/2409 772/1542
f 770/1543 773/2410 745/1544
f 343/457 342/2352 340/1184
f 566/1171 558/1170 559/1546
f 830/1548 831/1101 827/1100
f 578/550 579/555 955/642
f 686/467 682/466 683/1550
f 741/592 735/591 739/1552
f 781/1554 780/1481 785/1555
f 731/1490 723/1489 716/1557
f 801/1558 802/1568 794/667
f 760/1223 747/2411 771/1559
f 769/1238 775/2412 749/919
f 523/1560 524/1327 517/1561
f 805/1562 806/1481 798/669
f 421/756 408/755 407/1023
f 761/1324 766/2390 770/1543
f 829/1099 828/2413 824/1564
f 1096/1566 458/2414 326/1156
f 771/1559 747/2411 748/922
f 802/1568 803/1333 795/676
f 818/685 819/687 817/914
f 786/671 782/673 783/909
f 275/975 298/974 273/1569
f 1055/1204 329/1203 330/1570
f 782/673 777/950 776/1571
f 673/562 666/558 665/561
f 480/1572 334/2415 1242/1573
f 1561/1574 336/1764 337/1153
f 800/1575 801/1558 793/1054
f 550/969 549/601 543/489
f 807/1576 800/1575 792/1053
f 813/913 810/2416 816/1577
f 708/1080 695/1079 694/1498
f 622/978 602/977 601/1578
f 674/564 667/559 666/558
f 563/1168 555/1167 556/1579
f 1038/1158 1159/1157 954/1583
f 1101/994 987/925 1302/1584
f 543/492 542/2306 273/1378
f 1306/1590 1041/1822 1020/494
f 995/1592 963/2304 1295/1593
f 1412/1595 1434/1947 933/1596
f 1136/1598 876/1368 1271/1367
f 1069/780 1119/1366 1542/1599
f 1283/1601 1089/2308 1178/869
f 288/719 873/718 982/957
f 1076/1602 898/825 1428/1603
f 1275/1419 993/1421 868/1604
f 1487/1605 1199/2006 1182/730
f 1034/1715 893/1609 1067/1608
f 893/1609 892/2036 1269/1607
f 1210/1610 1016/902 1346/1611
f 567/1613 559/2417 560/1614
f 1624/1618 1547/2317 1546/1619
f 442/495 979/1754 853/1622
f 505/1472 883/1189 906/942
f 1400/1624 1068/1642 1072/1625
f 967/1627 1091/932 1088/1336
f 1188/1629 1027/2147 1241/1630
f 414/1631 413/2389 411/1291
f 1312/1351 866/2256 951/1633
f 945/1387 1474/1933 1677/1637
f 1118/1638 1039/2123 1249/951
f 1197/818 998/817 1505/1640
f 1400/1624 1437/1854 1128/1641
f 1539/1643 1104/1923 458/1644
f 1618/1645 1523/2290 1522/1646
f 955/642 969/641 574/1648
f 1145/1649 1500/2220 1675/1650
f 473/1652 1176/1732 1179/1653
f 940/1051 349/1339 371/1357
f 1172/1660 964/898 930/1384
f 930/1384 355/1383 357/1663
f 966/1418 357/1663 356/1662
f 1298/1665 1238/2082 1025/1666
f 878/1668 895/2153 999/496
f 1327/1670 1147/2324 1169/1671
f 967/1627 1173/1825 1126/1673
f 1453/729 1150/731 1086/1674
f 1151/1683 890/1349 889/833
f 941/1358 356/1662 348/1538
f 365/1685 273/1321 889/833
f 1484/1686 1195/2090 1190/1687
f 1214/1202 855/2085 854/1689
f 970/456 978/458 345/1691
f 1321/1693 1257/1386 1048/1694
f 1281/1429 974/1428 962/1403
f 1304/1697 875/838 932/875
f 932/875 1001/1406 1033/1407
f 1111/1600 923/1814 1401/1698
f 1296/1699 1106/2269 1024/1700
f 973/1465 1085/1398 1213/1400
f 1382/1707 1048/1694 1189/1309
f 1143/1709 1155/1363 1457/1710
f 1601/1711 1325/2193 1504/1712
f 1226/1113 1012/2108 1030/1713
f 1170/1461 872/1985 893/1609
f 1274/1716 932/875 1129/1717
f 1216/1719 1171/2183 1468/1720
f 988/1722 932/875 1433/1919
f 1433/1919 1123/1434 988/1722
f 1157/1147 339/1146 1448/1723
f 1518/725 1388/2217 1568/1725
f 1072/1625 1098/1877 1419/1726
f 1070/1730 896/1978 968/1731
f 1375/1634 951/1633 927/1735
f 1066/1737 1118/1638 1431/1639
f 884/1739 948/1230 1450/1229
f 1077/1742 1007/908 1348/1437
f 1013/1743 1117/1834 440/1744
f 1149/1746 1114/2120 1429/1747
f 1304/1697 1033/1407 1032/1749
f 991/1628 1088/1336 1085/1398
f 1309/1432 1123/1434 1192/1750
f 1099/857 1158/1907 979/1754
f 1158/1907 1459/1752 979/1754
f 1422/1755 1105/2283 1177/1756
f 937/1192 955/642 573/540
f 1251/1763 1223/2297 1592/872
f 1561/1574 1265/2294 1225/1112
f 1062/1765 1063/1905 1397/1767
f 1207/1768 989/2109 988/1722
f 1301/1771 859/1930 874/1772
f 1609/1775 1466/2201 1293/1776
f 1007/908 1104/1923 1539/1643
f 1329/1427 1361/1736 927/1735
f 1262/1779 899/2177 943/1361
f 929/1781 1181/1412 1168/1414
f 1294/1148 1103/1973 1084/1783
f 924/1371 1324/1411 1669/1785
f 1038/1787 1112/1958 1300/1788
f 1410/1789 902/1477 901/1790
f 909/1792 869/2180 1350/1793
f 1497/1795 996/2179 884/1796
f 1495/1151 337/1153 1482/2043
f 1193/2042 1370/1929 1215/883
f 1370/1929 881/1797 1386/881
f 1495/1151 1482/2043 1193/2042
f 1386/881 1215/883 1370/1929
f 1215/883 1495/1151 1193/2042
f 1385/1921 882/1799 1248/1798
f 882/1799 1386/881 881/1797
f 464/2252 1255/1952 463/1149
f 1255/1952 1045/1954 1254/1150
f 463/1149 1255/1952 1254/1150
f 1248/1798 1044/1984 1385/1921
f 1044/1984 1254/1150 1045/1954
f 1385/1921 1044/1984 1045/1954
f 506/1476 906/942 925/944
f 345/1322 978/607 953/609
f 465/1804 471/1806 1165/758
f 443/1812 1207/1768 1206/1433
f 949/839 875/838 1032/1749
f 935/933 943/1361 1444/2113
f 1444/2113 1138/1436 935/933
f 1036/781 1069/780 1401/1698
f 280/1815 1170/1461 1034/1715
f 1282/1817 1310/1283 1124/1818
f 1530/1820 1529/2286 1620/834
f 1099/857 979/1754 1252/1821
f 511/1473 990/529 862/531
f 1181/1412 929/1781 986/1823
f 1122/1446 929/1781 898/825
f 1173/1825 967/1627 991/1628
f 1184/1466 973/1465 949/1701
f 886/1589 956/2029 1462/1827
f 1496/1828 995/2418 984/1796
f 1295/1830 963/2244 958/1831
f 509/764 961/763 972/1240
f 856/1833 878/1668 1023/1669
f 1602/1835 1353/2226 1528/1836
f 350/1537 363/768 921/532
f 1168/1414 306/1413 1377/1838
f 1205/1839 1095/2274 1290/1840
f 1144/1724 1036/781 1540/1842
f 292/1843 291/946 918/945
f 422/846 977/848 959/1007
f 1389/1845 1217/2288 1047/1671
f 1021/1846 1127/2315 1436/1847
f 327/1801 328/1782 1121/1690
f 1161/1849 1160/2143 1460/1850
f 1311/1852 1125/2191 1106/1853
f 1411/1675 1086/1674 1128/1641
f 1117/1834 1023/1669 441/1855
f 915/1856 998/817 1157/1147
f 880/1467 1055/1204 1116/1245
f 1080/1848 1121/1690 854/1689
f 1057/1857 1152/2069 1330/1858
f 1619/820 1526/2276 1420/1860
f 346/1861 953/2380 936/1182
f 1219/1863 888/1439 938/1864
f 545/1866 300/737 1417/736
f 1326/851 1146/2300 1022/1869
f 1008/1871 1533/2272 1665/1872
f 1368/1874 1374/2034 1198/917
f 1405/1876 1419/1726 1098/1877
f 1423/1879 919/2176 877/1395
f 322/1881 1122/1446 1076/1602
f 1270/1402 885/1404 992/1882
f 596/1885 300/737 544/1868
f 944/740 1053/1078 997/905
f 1350/1887 869/2347 868/1604
f 1144/1724 1448/1723 1664/1888
f 1141/1620 1546/1619 1663/1890
f 1302/1584 987/925 321/1636
f 321/1636 1076/1602 1113/1585
f 1306/1590 894/767 980/766
f 980/766 1099/857 1041/1822
f 1000/1892 1024/1700 1237/1880
f 903/799 1116/1245 1196/1076
f 1569/1894 1395/2267 1531/1895
f 1372/1897 865/746 897/1898
f 1405/1876 1074/1878 1187/854
f 1062/1765 324/1766 1063/1905
f 324/1766 853/760 1267/1906
f 1158/1907 1130/2140 1438/1908
f 1147/1909 1105/2320 1422/1910
f 1525/1912 1077/1742 904/1134
f 625/1010 624/1091 655/1385
f 1276/1780 943/1361 1143/1709
f 358/1916 920/1664 965/897
f 432/1334 428/1271 571/1918
f 1192/1750 1123/1434 875/838
f 1123/1434 1433/1919 875/838
f 989/1920 856/1833 1117/1834
f 1385/1921 1258/2189 1560/1922
f 1104/1923 915/1856 923/1814
f 319/1924 861/1118 860/1117
f 900/804 1472/2184 1660/1926
f 1373/1928 914/2032 881/1797
f 1176/1732 968/1731 971/927
f 859/1930 858/874 1338/873
f 1424/1927 1245/2261 1558/805
f 1610/1932 1483/2258 1474/1933
f 979/1754 423/1753 320/1191
f 980/766 857/878 1314/880
f 526/1942 524/1995 705/1943
f 916/1193 937/1192 572/535
f 1434/1947 1124/1818 1141/1620
f 457/1948 1111/1600 1542/1599
f 1250/823 1015/2330 1149/1746
f 1079/1949 1544/2255 1657/1950
f 1255/1952 1520/2250 1581/1953
f 1333/1362 935/933 1126/1673
f 1191/1955 1028/2323 1239/1956
f 1112/1958 1038/1787 1521/1959
f 929/1781 1122/1446 1204/1448
f 1208/1647 1522/1646 1655/1960
f 461/1962 1070/1730 1176/1732
f 1031/1963 1513/2247 1654/1964
f 469/1966 1083/800 1110/739
f 1058/1968 1066/1737 1398/1738
f 1391/1970 1050/2092 1210/1610
f 1232/1971 1018/2268 1017/867
f 510/1312 972/1240 990/1242
f 1083/800 903/799 922/1893
f 1103/1973 1077/1742 1525/1912
f 992/1882 867/1420 1292/1974
f 427/841 574/1381 969/1273
f 911/1253 920/1252 358/1975
f 923/1814 1157/1147 1540/1842
f 879/1977 899/2177 1262/1779
f 896/1978 1096/1566 1051/1155
f 1468/1979 1171/2326 1164/1853
f 931/847 427/841 1404/840
f 1404/840 1073/1718 931/847
f 968/1731 1051/1155 1005/1154
f 1280/1514 1082/2083 1081/1981
f 1421/1983 1103/1973 1044/1984
f 876/1368 1136/1598 1521/1959
f 872/1985 1029/720 1062/1765
f 1392/1986 1054/2245 1075/1914
f 467/500 1004/772 1043/798
f 898/825 984/1989 1428/1603
f 984/1989 1101/994 1113/1585
f 1510/1990 1509/2229 1614/1991
f 507/1802 925/944 947/1173
f 1507/2000 1506/2211 1613/2001
f 458/1644 1104/1923 1111/1600
f 1136/1598 924/1371 1427/2003
f 950/1272 428/1271 1406/1987
f 1406/1987 1075/1914 950/1272
f 1221/907 915/1856 1104/1923
f 1154/2004 1054/2245 1392/1986
f 1436/1847 1127/2315 1199/2006
f 302/1297 301/1586 983/958
f 577/1915 950/1272 1457/1710
f 1457/1710 1155/1363 577/1915
f 1600/2007 1323/2238 1508/2008
f 1421/1983 914/2032 1077/1742
f 1239/2010 1340/1773 874/1772
f 1402/2012 1420/1860 913/2013
f 1317/1998 860/1117 272/1119
f 1267/1906 853/760 1002/2015
f 1607/2016 1447/2235 1315/2017
f 1297/2021 1514/2232 1579/2022
f 1614/1991 1509/2229 1362/2024
f 272/2025 861/1043 985/1044
f 1183/1992 1362/2024 1647/2026
f 299/1517 1181/1412 1175/1824
f 1233/1865 938/1864 956/2029
f 958/2030 957/811 1463/810
f 1373/1928 1197/818 1137/906
f 1461/1851 320/1925 860/1117
f 1608/2033 1449/2222 1374/2034
f 1002/2015 1061/759 1396/2035
f 1034/1715 1067/1608 1399/2037
f 1458/2038 1449/2222 1608/2033
f 1485/816 1197/818 1193/2042
f 1220/2044 1006/2065 1133/2045
f 1020/494 1041/1822 442/495
f 1041/1822 1252/1821 442/495
f 1569/1894 1060/1896 1079/1949
f 872/1985 1170/1461 1175/1463
f 1107/2023 1515/2067 1644/2048
f 1021/1846 1115/2329 1305/2049
f 1532/1873 1222/2162 1591/2050
f 1272/2051 1293/1776 1102/821
f 1177/2053 1163/2225 1343/2054
f 582/2056 1209/1464 1184/1466
f 581/2057 1184/1466 1148/1826
f 1394/1591 1058/1968 1132/2059
f 892/2036 893/1609 1397/1767
f 1397/1767 1063/1905 892/2036
f 1613/2001 1506/2211 1439/2061
f 1242/2062 1244/1714 1030/1713
f 577/1915 1173/1825 1209/1464
f 1080/1848 1005/1154 326/1156
f 1356/2064 1174/2310 1057/1857
f 1341/1931 1161/1849 1006/2065
f 1616/2066 1516/2207 1515/2067
f 1023/1669 999/496 442/495
f 1512/1965 1289/2159 1563/2068
f 1351/808 1019/807 1152/2069
f 1189/1309 1536/1308 1639/2070
f 1503/2071 1502/2199 1612/915
f 1007/908 1077/1742 1535/2072
f 359/1125 352/1124 354/2073
f 322/1741 321/1006 439/1070
f 1264/1969 290/2246 286/2074
f 292/1843 939/997 864/1228
f 1334/2075 1501/2196 1575/2076
f 1499/1651 1325/2193 1601/1711
f 954/1583 960/757 997/905
f 297/2080 294/973 595/1410
f 981/928 971/927 1005/1154
f 1413/1588 1089/2308 1135/2081
f 1441/2046 1133/2045 1025/1666
f 1082/2083 1191/1955 1369/1957
f 975/1052 940/1051 348/1538
f 1435/2084 934/2178 919/1831
f 1505/1640 998/817 915/1856
f 855/2085 1214/1202 1055/1204
f 1180/2086 1360/2190 1635/2087
f 914/2032 1137/906 1535/2072
f 1476/2089 1186/2150 1195/2090
f 1391/1970 1465/2154 1166/2091
f 1543/1951 1408/2186 1570/2047
f 1159/1157 1165/758 960/757
f 314/1621 313/981 1355/2098
f 1112/1958 1427/2003 1633/2100
f 1115/2102 1097/2332 1291/2103
f 1331/2105 1153/2333 1205/727
f 1366/1478 1188/1629 1218/2106
f 1012/2108 1011/836 1285/835
f 1207/1103 1009/1000 856/1833
f 922/1893 1196/1076 1053/1078
f 989/2109 1013/1069 1046/892
f 1378/2110 1203/2334 1109/1756
f 1440/2060 1132/2059 1162/2111
f 1407/2112 1078/2335 1138/1436
f 1009/1000 1040/452 878/1668
f 1467/2114 303/926 987/925
f 987/925 1101/994 1169/996
f 1042/2115 1078/2335 1407/2112
f 1345/2117 1014/2151 1071/2118
f 1414/714 1429/1747 1114/2120
f 1299/2122 1109/2336 1039/2123
f 1164/2124 1174/2310 1356/2064
f 1217/2126 1203/2337 1378/2127
f 453/2129 1091/932 1090/934
f 1153/2130 1125/2339 1311/2131
f 439/1070 931/847 1442/2141
f 1442/2141 1134/877 439/1070
f 1625/2133 1549/2172 1432/2134
f 1550/2136 1549/2172 1625/2133
f 1557/2137 1228/2170 1551/2138
f 1130/2140 1154/2004 1456/2005
f 1129/1717 1134/877 1442/2141
f 1626/2142 1552/2165 1460/1850
f 1553/2144 1552/2165 1626/2142
f 1591/2050 1222/2162 1554/2145
f 1064/859 1065/451 446/2146
f 1274/1716 1073/1718 1001/1406
f 452/1399 456/1751 1192/1750
f 1343/2054 1163/2225 1135/2081
f 1557/2137 1035/2139 1031/1963
f 468/1988 1043/798 1083/800
f 1027/2147 1108/2350 1425/2148
f 855/2085 1004/772 1003/771
f 981/928 854/1689 1003/771
f 1376/1164 1200/1310 1064/859
f 1119/754 1100/753 325/904
f 1235/1870 1022/1869 1186/2150
f 470/1967 1110/739 1140/741
f 1290/1840 1095/2274 1014/2151
f 324/1766 1029/720 1204/722
f 1020/494 999/496 895/2153
f 1475/716 1185/715 1166/2091
f 1010/2155 1042/2115 1243/2116
f 1040/452 1065/451 895/2153
f 1349/1311 1243/2116 879/1977
f 974/1428 1475/716 1465/2154
f 948/1230 1290/1840 1345/2117
f 1241/1630 1425/2148 272/2156
f 1593/2158 1228/2170 1289/2159
f 301/1586 1343/2054 1319/1684
f 1627/2161 1396/2035 1061/759
f 1222/2162 1396/2035 1627/2161
f 1555/2163 892/2036 1396/2035
f 1554/2145 1061/759 1590/2164
f 1552/2165 1553/2144 1628/2166
f 1008/1871 1554/2145 1628/2166
f 1629/2167 1266/761 320/1925
f 1552/2165 1266/761 1629/2167
f 1590/2164 1061/759 1266/761
f 1438/1908 1456/2005 425/2168
f 1630/2169 1399/2037 1067/1608
f 1228/2170 1399/2037 1630/2169
f 1593/2158 281/1816 1399/2037
f 1551/2138 1067/1608 1589/2171
f 1549/2172 1550/2136 1631/2173
f 1035/2139 1551/2138 1631/2173
f 1632/2174 1269/1607 892/2036
f 1549/2172 1269/1607 1632/2174
f 1589/2171 1067/1608 1269/1607
f 1455/2132 1311/2131 548/1886
f 1497/2128 1378/2127 934/2175
f 1464/2125 1356/2064 957/811
f 919/2176 1299/2122 1335/1396
f 907/1778 927/1735 1429/1747
f 865/746 1345/2117 1402/2119
f 1243/2116 1407/2112 899/2177
f 899/2177 1407/2112 1444/2113
f 938/1864 1440/2060 1462/1827
f 934/2178 1378/2110 1299/1832
f 1301/1771 1285/835 858/874
f 902/1477 1366/1478 1390/2107
f 996/2179 1331/2105 1380/1829
f 1305/2104 1291/2103 869/2180
f 1548/2101 1371/2181 1603/773
f 1633/2100 1427/2003 1371/2181
f 1427/2003 924/1371 1567/2182
f 1387/2099 1355/2098 1171/2183
f 1472/2184 900/804 1606/2185
f 1408/2186 1543/1951 1634/2187
f 1180/2086 1472/2184 1634/2187
f 885/1404 962/1403 1465/2154
f 863/1227 1476/2089 1484/1686
f 1517/2088 1258/2189 1596/2188
f 1635/2087 1360/2190 1258/2189
f 1360/2190 882/1799 1560/1922
f 1125/2191 1435/2084 1423/1980
f 902/1477 1410/1789 1369/1957
f 886/1589 1413/1588 1443/809
f 1439/2061 901/1790 1565/2192
f 1325/2193 1499/1651 1636/2194
f 1131/2002 1439/2061 1636/2194
f 1315/2017 1131/2002 1611/2195
f 1501/2196 1334/2075 1637/2197
f 946/2018 1315/2017 1637/2197
f 1058/1968 1264/1969 1316/1041
f 1504/1712 1218/2106 1576/2198
f 1502/2199 1503/2071 1638/2200
f 1145/1649 1504/1712 1638/2200
f 1479/1708 1466/2201 1609/1775
f 1639/2070 1536/1308 1466/2201
f 1536/1308 1167/1837 1573/2202
f 276/2203 1351/808 1454/1451
f 1445/1143 282/1145 1599/2160
f 1289/2159 1512/1965 1640/2205
f 1139/1695 1445/1143 1640/2205
f 1641/2206 1517/2088 1049/723
f 1516/2207 1517/2088 1641/2206
f 1580/2208 1180/2086 1517/2088
f 957/811 1356/2064 1393/1859
f 334/2209 335/1111 1244/1714
f 1642/2210 1409/1791 901/1790
f 1506/2211 1409/1791 1642/2210
f 1577/2212 1081/1981 1409/1791
f 888/1439 1394/1591 1440/2060
f 278/2213 284/1777 1293/1776
f 1432/2134 892/2036 1555/2163
f 1222/2162 1532/1873 1643/2214
f 1120/2135 1432/2134 1643/2214
f 1234/1352 1305/2049 909/2215
f 1297/2021 1388/2217 1604/2216
f 1644/2048 1515/2067 1388/2217
f 1515/2067 1049/723 1568/1725
f 1605/2218 1395/2267 1408/2186
f 859/1930 1220/2044 1441/2046
f 338/2219 1485/816 1482/2043
f 1500/2220 1145/1649 1572/2221
f 1449/2222 1458/2038 1645/2223
f 1156/2077 1500/2220 1645/2223
f 1646/2224 1503/2071 1198/917
f 1449/2222 1503/2071 1646/2224
f 1572/2221 1145/1649 1503/2071
f 1161/1849 1461/1851 1347/1999
f 1357/2031 1463/810 1163/2225
f 1019/807 1233/1865 1330/1858
f 1538/2027 1353/2226 1602/1835
f 1647/2026 1362/2024 1353/2226
f 1362/2024 946/2018 1566/2227
f 1648/2228 1492/1961 946/2018
f 1509/2229 1492/1961 1648/2228
f 1578/2230 1208/1647 1492/1961
f 1321/1693 1139/1695 1615/2231
f 1514/2232 1297/2021 1649/2233
f 905/1597 1321/1693 1649/2233
f 1650/2234 1507/2000 1131/2002
f 1447/2235 1507/2000 1650/2234
f 1571/2236 1142/2009 1507/2000
f 1133/2045 1317/1998 1261/1770
f 1071/2052 1102/821 1420/1860
f 1028/2063 1030/1713 1340/1773
f 1651/2237 1279/1982 1081/1981
f 1323/2238 1279/1982 1651/2237
f 1564/2239 339/1146 1279/1982
f 296/2240 1436/1847 1487/1605
f 1456/2005 1392/1986 426/1033
f 1508/2008 1081/1981 1577/2212
f 1506/2211 1507/2000 1652/2242
f 1142/2009 1508/2008 1652/2242
f 1006/2065 1347/1999 1317/1998
f 1511/774 1208/1647 1578/2230
f 1509/2229 1510/1990 1653/2243
f 1194/775 1511/774 1653/2243
f 426/1033 1392/1986 1406/1987
f 914/2032 1421/1983 1248/1798
f 333/1512 1280/1514 1279/1982
f 963/2244 1468/1979 1464/1980
f 1332/879 1262/1779 1054/2245
f 1273/1883 1292/1974 1098/1877
f 594/2213 1232/1971 1231/1293
f 885/1404 1391/1970 1493/1612
f 1264/1969 1398/1738 910/1401
f 1512/1965 1514/2232 1615/2231
f 1654/1964 1513/2247 1514/2232
f 1513/2247 1107/2023 1579/2022
f 1492/1961 1447/2235 1607/2016
f 1655/1960 1522/1646 1447/2235
f 1522/1646 1142/2009 1571/2236
f 1369/1957 1239/1956 871/2248
f 1282/1817 1087/1819 1617/2249
f 1520/2250 1255/1952 1656/2251
f 464/2252 1282/1817 1656/2251
f 1543/1951 1545/2254 1623/2253
f 1657/1950 1544/2255 1545/2254
f 1544/2255 1215/883 1587/882
f 866/2256 1250/823 1452/1748
f 933/1596 1434/1947 1446/1891
f 1186/2150 1364/747 1372/1897
f 1337/856 1314/880 1130/2140
f 1658/2257 1510/1990 1183/1992
f 1483/2258 1510/1990 1658/2257
f 1574/2259 1194/775 1510/1990
f 1513/2247 1031/1963 1594/2260
f 1245/2261 1424/1927 1659/2262
f 1107/2023 1513/2247 1659/2262
f 1341/1931 1338/873 1160/2143
f 1197/818 1373/1928 1370/1929
f 1424/1927 1516/2207 1616/2066
f 1660/1926 1472/2184 1516/2207
f 1472/2184 1180/2086 1580/2208
f 1519/2263 1049/723 1596/2188
f 1258/2189 1385/1921 1661/2264
f 1045/1954 1519/2263 1661/2264
f 1451/1911 1422/1910 309/1615
f 1459/1752 1438/1908 424/1199
f 295/2265 1405/1876 1477/1294
f 1195/2090 1372/1897 1368/1899
f 1662/2266 1240/862 1026/864
f 1395/2267 1240/862 1662/2266
f 1605/2218 891/891 1240/862
f 1219/1863 1237/1880 877/1395
f 1446/1891 1483/2258 1610/1932
f 1663/1890 1546/1619 1483/2258
f 1546/1619 1194/775 1574/2259
f 1524/1889 1323/2238 1600/2007
f 1664/1888 1448/1723 1323/2238
f 1448/1723 339/1146 1564/2239
f 1018/2268 1350/1887 1260/868
f 1068/1642 1270/1402 1273/1883
f 1106/2269 1423/1879 1237/1880
f 295/2265 288/2301 1419/1726
f 897/2014 913/2013 1374/2034
f 1532/1873 1534/2271 1621/2270
f 1665/1872 1533/2272 1534/2271
f 1533/2272 1026/864 1585/863
f 546/2273 1326/851 1235/1870
f 1491/1867 1417/736 1095/2274
f 1000/1892 1219/1863 1233/1865
f 1666/2275 1458/2038 913/2013
f 1526/2276 1458/2038 1666/2275
f 1583/2277 1156/2077 1458/2038
f 1393/1859 1330/1858 956/2029
f 286/2278 1411/1675 1437/1854
f 548/2280 1311/1852 1296/1315
f 1379/1288 1436/1847 296/2240
f 552/2281 1389/1845 1256/1444
f 1380/1841 1290/1840 948/1230
f 1667/2282 1334/2075 1156/2077
f 1353/2226 1334/2075 1667/2282
f 1566/2227 946/2018 1334/2075
f 1105/2283 1295/1830 1357/1832
f 1216/2284 1496/1828 1489/1829
f 1359/1587 1462/1827 1162/2111
f 1531/1895 1026/864 1584/2285
f 1529/2286 1530/1820 1668/2287
f 1060/1896 1531/1895 1668/2287
f 464/2252 460/2388 1310/1283
f 1217/2288 1497/1795 1358/1672
f 1416/1794 1350/1793 1018/2289
f 1082/2083 1410/1789 1409/1791
f 1381/1786 1523/2290 1618/1645
f 1669/1785 1324/1411 1523/2290
f 1324/1411 1144/1724 1582/2291
f 1054/2245 1262/1779 1276/1780
f 1150/731 1182/730 1361/1736
f 1670/2292 1527/819 1102/821
f 1466/2201 1527/819 1670/2292
f 1573/2202 1167/1837 1527/819
f 1190/1875 1198/917 1486/916
f 1012/2108 1301/1771 1340/1773
f 1108/1667 1025/1666 1261/1770
f 1671/2293 1530/1820 1011/836
f 1265/2294 1530/1820 1671/2293
f 1597/2295 1060/1896 1530/1820
f 1533/2272 1008/1871 1556/2296
f 1223/2297 1251/1763 1672/2298
f 1026/864 1533/2272 1672/2298
f 309/2299 1422/1755 1470/1057
f 1452/1748 1429/1747 927/1735
f 1358/1740 1450/1229 1146/2300
f 1375/1634 1361/1736 1182/730
f 1403/1626 1419/1726 288/2301
f 1412/1595 905/1597 1604/2216
f 1388/2217 1518/725 1673/2303
f 1087/1819 1412/1595 1673/2303
f 1496/1721 1468/1720 963/2304
f 1674/2305 1390/2107 1218/2106
f 1325/2193 1390/2107 1674/2305
f 1565/2192 901/1790 1390/2107
f 283/1144 1382/1707 1479/1708
f 542/2306 1296/1699 1339/1379
f 1086/1674 1281/1429 1313/1696
f 905/1597 933/1596 1257/1386
f 296/1632 1484/1686 1480/1688
f 1089/2308 1283/1601 1319/1684
f 290/2309 1453/729 1411/1675
f 984/1796 995/2418 1327/1670
f 871/2011 874/1772 1238/2082
f 1174/2310 1469/948 1263/1452
f 1499/1651 1501/2196 1611/2195
f 1675/1650 1500/2220 1501/2196
f 1500/2220 1156/2077 1575/2076
f 1676/2311 1524/1889 1142/2009
f 1523/2290 1524/1889 1676/2311
f 1582/2291 1144/1724 1524/1889
f 289/2312 285/2279 1437/1854
f 1431/1639 1249/951 539/784
f 1367/1388 1537/2313 1622/1307
f 1677/1637 1474/1933 1537/2313
f 1474/1933 1183/1992 1586/2314
f 1127/2315 1312/1351 1375/1634
f 274/1122 1478/1121 1241/1630
f 289/2312 1400/1624 1403/1626
f 1678/2316 1548/2101 1194/775
f 1547/2317 1548/2101 1678/2316
f 1588/2318 1112/1958 1548/2101
f 1493/1612 1346/1611 867/1420
f 1487/1605 1473/1606 291/2319
f 1074/1878 1275/1419 1365/855
f 887/777 1283/1601 1471/871
f 1087/1819 1124/1818 1434/1947
f 1327/1594 1295/1593 1105/2320
f 1394/1591 1268/1440 1066/1737
f 1089/2308 1413/1588 1359/1587
f 1597/2295 1265/2294 1278/2321
f 1481/1513 1242/1573 1028/2323
f 1280/1514 1481/1513 1191/1955
f 1366/1478 1336/792 1027/2147
f 1263/1452 1454/1451 1152/2069
f 1147/2324 1451/1442 1467/1444
f 1268/1440 1307/1394 1118/1638
f 1150/731 1329/1427 1281/1429
f 1074/1878 1098/1877 1292/1974
f 1068/1642 1128/1641 1313/1696
f 1307/1394 1335/1396 1039/2123
f 1048/1694 1257/1386 1367/1388
f 1284/806 1339/1379 1024/1700
f 1234/1352 1312/1351 1127/2315
f 1415/824 1416/1345 1094/2325
f 1171/2326 1355/1314 1344/1315
f 1488/765 1349/1311 857/878
f 1679/2327 1538/2027 1167/1837
f 1537/2313 1538/2027 1679/2327
f 1586/2314 1183/1992 1538/2027
f 1097/2328 1418/1295 1477/1294
f 1211/903 1384/1284 1231/1293
f 1050/2092 1259/1281 1383/1277
f 1328/1280 1303/1292 1114/2120
f 1092/2121 1286/953 1363/477
f 1379/1288 1430/1289 1115/2329
f 1287/861 1229/1278 1015/2330
f 1211/903 1016/902 1230/1276
f 1124/1818 1310/1283 1322/1142
f 1050/2092 1166/2091 1352/479
f 1015/2330 1229/1278 1328/1280
f 1383/1277 1230/1276 1016/902
f 1146/2300 1450/1229 1236/745
f 1376/1164 1224/464 1010/2155
f 1544/2255 1079/1949 1598/2322
f 1278/2321 1495/1151 1680/2331
f 1215/883 1544/2255 1680/2331
f 1103/1973 1294/1148 1254/1150
f 1139/1695 1048/1694 1382/1707
f 1322/1142 1547/2317 1624/1618
f 1681/1141 1300/1788 1547/2317
f 1300/1788 1112/1958 1588/2318
f 1430/1139 1418/1138 1097/2332
f 1153/2333 1455/1131 1491/728
f 1188/1629 1478/1121 1498/1120
f 1226/1113 1225/1112 1011/836
f 1203/2334 1490/1055 1426/1057
f 1132/2059 1316/1041 1342/870
f 1078/2335 1277/989 1320/1012
f 1253/463 1277/989 1078/2335
f 1014/2151 1227/738 1272/967
f 1092/2121 1114/2120 1303/1292
f 1109/2336 1426/952 1249/951
f 1344/949 1469/948 1174/2310
f 1389/941 1490/940 1203/2337
f 1682/2338 1498/1120 274/1122
f 1502/2199 1498/1120 1682/2338
f 1576/2198 1218/2106 1498/1120
f 1331/912 1435/911 1125/2339
f 993/1421 867/1420 1346/1611
f 1683/2340 1550/2136 1120/2135
f 1247/2341 1550/2136 1683/2340
f 1595/2342 1035/2139 1550/2136
f 1360/2190 1180/2086 1623/2253
f 1545/2254 1386/881 1684/2343
f 882/1799 1360/2190 1684/2343
f 1314/880 1332/879 1154/2004
f 1685/2344 1553/2144 1160/2143
f 1223/2297 1553/2144 1685/2344
f 1556/2296 1008/1871 1553/2144
f 1471/871 1342/870 285/1042
f 993/1421 1494/866 1260/868
f 1308/890 1120/2135 1621/2270
f 1534/2271 1240/862 1686/2345
f 891/891 1308/890 1686/2345
f 1287/861 1288/860 593/2346
f 869/2347 1291/853 1365/855
f 1288/845 1232/844 594/487
f 1687/2348 1251/1763 858/874
f 1529/2286 1251/1763 1687/2348
f 1584/2285 1026/864 1251/1763
f 1415/824 1250/823 866/2256
f 1528/1836 1156/2077 1583/2277
f 1526/2276 1527/819 1688/2349
f 1167/1837 1528/1836 1688/2349
f 1163/2225 1463/810 1443/809
f 273/1378 1284/806 1351/808
f 1595/2342 1247/2341 1245/2261
f 1336/792 1298/791 1108/2350
f 1689/2351 1381/1786 1208/1647
f 1371/2181 1381/1786 1689/2351
f 1567/2182 924/1371 1381/1786
f 1022/1869 1236/745 1364/747
f 1095/2274 1417/736 1227/738
f 290/2309 291/2319 1473/1606
f 314/1251 1387/726 1377/728
f 1518/725 1520/2250 1617/2249
f 1690/724 1519/2263 1520/2250
f 1519/2263 1045/1954 1581/1953
f 907/1778 1414/714 1475/716
f 1185/715 1363/477 1352/479
f 1224/464 1253/463 1042/2115
f 1035/2139 1595/2342 1594/2260
f 1060/1896 1597/2295 1598/2322
f 891/891 1605/2218 1606/2185
f 281/1816 1593/2158 1599/2160
f 1228/2170 1557/2137 1563/2068
f 1395/2267 1569/1894 1570/2047
f 1265/2294 1561/1574 1562/1152
f 1247/2341 1559/803 1558/805
o Scope
v 0.3125 1.8438 -5.75
v 0.2706 2 -5.75
v 0.1562 2.1144 -5.75
v 0 2.1562 -5.75
v -0.1562 2.1144 -5.75
v -0.2706 2 -5.75
v -0.3125 1.8438 -5.75
v -0.2706 1.6875 -5.75
v -0.1562 1.5731 -5.75
v 0 1.5312 -5.75
v 0.1562 1.5731 -5.75
v 0.2706 1.6875 -5.75
v 0.3125 1.8438 -5.625
v 0.2706 2 -5.625
v 0.1562 2.1144 -5.625
v 0 2.1562 -5.625
v -0.1562 2.1144 -5.625
v -0.2706 2 -5.625
v -0.3125 1.8438 -5.625
v -0.2706 1.6875 -5.625
v -0.1562 1.5731 -5.625
v 0 1.5312 -5.625
v 0.1562 1.5731 -5.625
v 0.2706 1.6875 -5.625
v 0.375 1.8438 -5.75
v 0.3248 2.0312 -5.75
v 0.1875 2.1685 -5.75
v 0 2.2188 -5.75
v -0.1875 2.1685 -5.75
v -0.3248 2.0312 -5.75
v -0.375 1.8438 -5.75
v -0.3248 1.6562 -5.75
v -0.1875 1.519 -5.75
v 0 1.4688 -5.75
v 0.1875 1.519 -5.75
v 0.3248 1.6562 -5.75
v 0.375 1.8438 -4.5
v 0.3248 2.0312 -4.5
v 0.1875 2.1685 -4.5
v 0 2.2188 -4.5
v -0.1875 2.1685 -4.5
v -0.3248 2.0312 -4.5
v -0.375 1.8438 -4.5
v -0.3248 1.6562 -4.5
v -0.1875 1.519 -4.5
v 0 1.4688 -4.5
v 0.1875 1.519 -4.5
v 0.3248 1.6562 -4.5
v 0.25 1.8438 -4.3125
v 0.2165 1.9688 -4.3125
v 0.125 2.0603 -4.3125
v 0 2.0938 -4.3125
v -0.125 2.0603 -4.3125
v -0.2165 1.9688 -4.3125
v -0.25 1.8438 -4.3125
v -0.2165 1.7188 -4.3125
v -0.125 1.6272 -4.3125
v 0 1.5938 -4.3125
v 0.125 1.6272 -4.3125
v 0.2165 1.7188 -4.3125
v 0.25 1.8438 -1.6875
v 0.2165 1.9688 -1.6875
v 0.125 2.0603 -1.6875
v 0 2.0938 -1.6875
v -0.125 2.0603 -1.6875
v -0.2165 1.9688 -1.6875
v -0.25 1.8438 -1.6875
v -0.2165 1.7188 -1.6875
v -0.125 1.6272 -1.6875
v 0 1.5938 -1.6875
v 0.125 1.6272 -1.6875
v 0.2165 1.7188 -1.6875
v -0.3125 1.5312 -3.3125
v -0.3125 2.1562 -3.3125
v 0.3125 1.5312 -3.3125
v 0.3125 2.1562 -3.3125
v -0.3125 1.5312 -2.6875
v -0.3125 2.1562 -2.6875
v 0.3125 1.5312 -2.6875
v 0.3125 2.1562 -2.6875
v -0.25 1.5938 -3.4375
v -0.25 2.0938 -3.4375
v 0.25 1.5938 -3.4375
v 0.25 2.0938 -3.4375
v -0.25 1.5938 -2.5625
v -0.25 2.0938 -2.5625
v 0.25 1.5938 -2.5625
v 0.25 2.0938 -2.5625
v 0.625 1.8438 -0.1875
v 0.5413 2.1562 -0.1875
v 0.3125 2.385 -0.1875
v 0 2.4688 -0.1875
v -0.3125 2.385 -0.1875
v -0.5413 2.1562 -0.1875
v -0.625 1.8438 -0.1875
v -0.5413 1.5312 -0.1875
v -0.3125 1.3025 -0.1875
v 0 1.2188 -0.1875
v 0.3125 1.3025 -0.1875
v 0.5413 1.5312 -0.1875
v 0.625 1.8438 1.3125
v 0.5413 2.1562 1.3125
v 0.3125 2.385 1.3125
v 0 2.4688 1.3125
v -0.3125 2.385 1.3125
v -0.5413 2.1562 1.3125
v -0.625 1.8438 1.3125
v -0.5413 1.5312 1.3125
v -0.3125 1.3025 1.3125
v 0 1.2188 1.3125
v 0.3125 1.3025 1.3125
v 0.5413 1.5312 1.3125
v 0.5625 1.8438 1.3125
v 0.4871 2.125 1.3125
v 0.2812 2.3309 1.3125
v 0 2.4062 1.3125
v -0.2812 2.3309 1.3125
v -0.4871 2.125 1.3125
v -0.5625 1.8438 1.3125
v -0.4871 1.5625 1.3125
v -0.2812 1.3566 1.3125
v 0 1.2812 1.3125
v 0.2812 1.3566 1.3125
v 0.4871 1.5625 1.3125
v 0.5625 1.8438 1.0625
v 0.4871 2.125 1.0625
v 0.2812 2.3309 1.0625
v 0 2.4062 1.0625
v -0.2812 2.3309 1.0625
v -0.4871 2.125 1.0625
v -0.5625 1.8438 1.0625
v -0.4871 1.5625 1.0625
v -0.2812 1.3566 1.0625
v 0 1.2812 1.0625
v 0.2812 1.3566 1.0625
v 0.4871 1.5625 1.0625
v 0.25 2.1562 -3
v 0.2165 2.1562 -3.125
v 0.125 2.1562 -3.2165
v 0 2.1562 -3.25
v -0.125 2.1562 -3.2165
v -0.2165 2.1562 -3.125
v -0.25 2.1562 -3
v -0.2165 2.1562 -2.875
v -0.125 2.1562 -2.7835
v 0 2.1562 -2.75
v 0.125 2.1562 -2.7835
v 0.2165 2.1562 -2.875
v 0.25 2.2188 -3
v 0.2165 2.2188 -3.125
v 0.125 2.2188 -3.2165
v 0 2.2188 -3.25
v -0.125 2.2188 -3.2165
v -0.2165 2.2188 -3.125
v -0.25 2.2188 -3
v -0.2165 2.2188 -2.875
v -0.125 2.2188 -2.7835
v 0 2.2188 -2.75
v 0.125 2.2188 -2.7835
v 0.2165 2.2188 -2.875
v 0.3125 2.2188 -3
v 0.2706 2.2188 -3.1562
v 0.1562 2.2188 -3.2706
v 0 2.2188 -3.3125
v -0.1562 2.2188 -3.2706
v -0.2706 2.2188 -3.1562
v -0.3125 2.2188 -3
v -0.2706 2.2188 -2.8438
v -0.1562 2.2188 -2.7294
v 0 2.2188 -2.6875
v 0.1562 2.2188 -2.7294
v 0.2706 2.2188 -2.8438
v 0.3125 2.4062 -3
v 0.2706 2.4062 -3.1562
v 0.1562 2.4062 -3.2706
v 0 2.4062 -3.3125
v -0.1562 2.4062 -3.2706
v -0.2706 2.4062 -3.1562
v -0.3125 2.4062 -3
v -0.2706 2.4062 -2.8438
v -0.1562 2.4062 -2.7294
v 0 2.4062 -2.6875
v 0.1562 2.4062 -2.7294
v 0.2706 2.4062 -2.8438
v -0.3125 2.0938 -3
v -0.3125 2.0603 -3.125
v -0.3125 1.9688 -3.2165
v -0.3125 1.8438 -3.25
v -0.3125 1.7188 -3.2165
v -0.3125 1.6272 -3.125
v -0.3125 1.5938 -3
v -0.3125 1.6272 -2.875
v -0.3125 1.7188 -2.7835
v -0.3125 1.8438 -2.75
v -0.3125 1.9688 -2.7835
v -0.3125 2.0603 -2.875
v -0.375 2.0938 -3
v -0.375 2.0603 -3.125
v -0.375 1.9688 -3.2165
v -0.375 1.8438 -3.25
v -0.375 1.7188 -3.2165
v -0.375 1.6272 -3.125
v -0.375 1.5938 -3
v -0.375 1.6272 -2.875
v -0.375 1.7188 -2.7835
v -0.375 1.8438 -2.75
v -0.375 1.9688 -2.7835
v -0.375 2.0603 -2.875
v -0.375 2.1562 -3
v -0.375 2.1144 -3.1562
v -0.375 2 -3.2706
v -0.375 1.8438 -3.3125
v -0.375 1.6875 -3.2706
v -0.375 1.5731 -3.1562
v -0.375 1.5312 -3
v -0.375 1.5731 -2.8438
v -0.375 1.6875 -2.7294
v -0.375 1.8438 -2.6875
v -0.375 2 -2.7294
v -0.375 2.1144 -2.8438
v -0.5625 2.1562 -3
v -0.5625 2.1144 -3.1562
v -0.5625 2 -3.2706
v -0.5625 1.8438 -3.3125
v -0.5625 1.6875 -3.2706
v -0.5625 1.5731 -3.1562
v -0.5625 1.5312 -3
v -0.5625 1.5731 -2.8438
v -0.5625 1.6875 -2.7294
v -0.5625 1.8438 -2.6875
v -0.5625 2 -2.7294
v -0.5625 2.1144 -2.8438
v 0.3125 2.0938 -3
v 0.3125 2.0603 -3.125
v 0.3125 1.9688 -3.2165
v 0.3125 1.8438 -3.25
v 0.3125 1.7188 -3.2165
v 0.3125 1.6272 -3.125
v 0.3125 1.5938 -3
v 0.3125 1.6272 -2.875
v 0.3125 1.7188 -2.7835
v 0.3125 1.8438 -2.75
v 0.3125 1.9688 -2.7835
v 0.3125 2.0603 -2.875
v 0.375 2.0938 -3
v 0.375 2.0603 -3.125
v 0.375 1.9688 -3.2165
v 0.375 1.8438 -3.25
v 0.375 1.7188 -3.2165
v 0.375 1.6272 -3.125
v 0.375 1.5938 -3
v 0.375 1.6272 -2.875
v 0.375 1.7188 -2.7835
v 0.375 1.8438 -2.75
v 0.375 1.9688 -2.7835
v 0.375 2.0603 -2.875
v 0.375 2.1562 -3
v 0.375 2.1144 -3.1562
v 0.375 2 -3.2706
v 0.375 1.8438 -3.3125
v 0.375 1.6875 -3.2706
v 0.375 1.5731 -3.1562
v 0.375 1.5312 -3
v 0.375 1.5731 -2.8438
v 0.375 1.6875 -2.7294
v 0.375 1.8438 -2.6875
v 0.375 2 -2.7294
v 0.375 2.1144 -2.8438
v 0.5 2.1562 -3
v 0.5 2.1144 -3.1562
v 0.5 2 -3.2706
v 0.5 1.8438 -3.3125
v 0.5 1.6875 -3.2706
v 0.5 1.5731 -3.1562
v 0.5 1.5312 -3
v 0.5 1.5731 -2.8438
v 0.5 1.6875 -2.7294
v 0.5 1.8438 -2.6875
v 0.5 2 -2.7294
v 0.5 2.1144 -2.8438
v 0.625 2.0938 -3
v 0.625 2.0603 -3.125
v 0.625 1.9688 -3.2165
v 0.625 1.8438 -3.25
v 0.625 1.7188 -3.2165
v 0.625 1.6272 -3.125
v 0.625 1.5938 -3
v 0.625 1.6272 -2.875
v 0.625 1.7188 -2.7835
v 0.625 1.8438 -2.75
v 0.625 1.9688 -2.7835
v 0.625 2.0603 -2.875
v -0.0938 1.6562 -4.125
v -0.0938 1.6562 -3.6875
v 0.0938 1.6562 -4.125
v 0.0938 1.6562 -3.6875
v -0.0938 1.4688 -3.8125
v 0.0938 1.4688 -3.8125
v -0.0938 1.6562 -2.3125
v -0.0938 1.6562 -1.875
v 0.0938 1.6562 -2.3125
v 0.0938 1.6562 -1.875
v -0.0938 1.4688 -2.3125
v -0.0938 1.4688 -1.875
v 0.0938 1.4688 -2.3125
v 0.0938 1.4688 -1.875
v -0.0938 1.2812 -4.3125
v 0.0938 1.2812 -4.3125
v -0.0938 1.2812 -4
v 0.0938 1.2812 -4
v -0.0938 1.2812 -2.5
v -0.0938 1.2812 -2.1875
v 0.0938 1.2812 -2.5
v 0.0938 1.2812 -2.1875
v -0.0938 1.4688 -2
v 0.0938 1.4688 -2
v -0.0938 1.4688 -4.125
v 0.0938 1.4688 -4.125
v -0.0938 1.2812 -4.875
v 0.0938 1.2812 -4.875
v 0.0938 1.0938 -5.0625
v 0.2812 0.7812 -5.0625
v 0.0938 1.0938 -4.75
v 0.2812 0.7812 -4.75
v 0.1562 0.5312 -5.0625
v 0.1562 0.5312 -4.75
v 0.1562 0.7188 -4.75
v -0.1562 0.7188 -4.75
v -0.1562 0.5312 -4.75
v -0.0938 1.0938 -5.0625
v -0.0938 1.0938 -4.75
v -0.2812 0.5312 -4.75
v -0.2812 0.7812 -4.75
v -0.2812 0.7812 -5.0625
v -0.2812 0.5312 -5.0625
v -0.1562 0.5312 -5.0625
v -0.1562 0.7188 -5.0625
v 0.1562 0.7188 -5.0625
v -0.0938 1.0938 -2.1875
v -0.0938 1.0938 -2.5
v 0.2812 0.7812 -2.5
v 0.2812 0.7812 -2.1875
v 0.1562 0.5312 -2.5
v 0.1562 0.5312 -2.1875
v 0.1562 0.7188 -2.1875
v -0.1562 0.7188 -2.1875
v -0.1562 0.5312 -2.1875
v -0.2812 0.5312 -2.1875
v -0.2812 0.7812 -2.1875
v -0.2812 0.7812 -2.5
v -0.2812 0.5312 -2.5
v -0.1562 0.5312 -2.5
v -0.1562 0.7188 -2.5
v 0.1562 0.7188 -2.5
v 0.0938 1.0938 -2.1875
v 0.0938 1.0938 -2.5
v -0.0938 0.9062 -4.75
v 0.0938 0.9062 -4.75
v -0.0938 1.0312 -4.5625
v 0.0938 1.0312 -4.5625
v -0.0938 0.9062 -2.5
v 0.0938 0.9062 -2.5
v -0.0938 1.0312 -2.6875
v 0.0938 1.0312 -2.6875
v 0.3438 0.7188 -4.9062
v 0.3438 0.7004 -4.9504
v 0.3438 0.6562 -4.9688
v 0.3438 0.6121 -4.9504
v 0.3438 0.5938 -4.9062
v 0.3438 0.6121 -4.8621
v 0.3438 0.6562 -4.8438
v 0.3438 0.7004 -4.8621
v 0.4062 0.7188 -4.9062
v 0.4062 0.7004 -4.9504
v 0.4062 0.6562 -4.9688
v 0.4062 0.6121 -4.9504
v 0.4062 0.5938 -4.9062
v 0.4062 0.6121 -4.8621
v 0.4062 0.6562 -4.8438
v 0.4062 0.7004 -4.8621
v 0.3438 0.7188 -2.3438
v 0.3438 0.7004 -2.3879
v 0.3438 0.6562 -2.4062
v 0.3438 0.6121 -2.3879
v 0.3438 0.5938 -2.3438
v 0.3438 0.6121 -2.2996
v 0.3438 0.6562 -2.2812
v 0.3438 0.7004 -2.2996
v 0.4062 0.7188 -2.3438
v 0.4062 0.7004 -2.3879
v 0.4062 0.6562 -2.4062
v 0.4062 0.6121 -2.3879
v 0.4062 0.5938 -2.3438
v 0.4062 0.6121 -2.2996
v 0.4062 0.6562 -2.2812
v 0.4062 0.7004 -2.2996
v 0.3438 0.5312 -2.5
v 0.3438 0.5312 -2.1875
v 0.3438 0.7812 -2.5
v 0.3438 0.7812 -2.1875
v 0.3438 0.7812 -5.0625
v 0.3438 0.5312 -5.0625
v 0.3438 0.7812 -4.75
v 0.3438 0.5312 -4.75
v -0.0938 1.4688 -3.6875
v 0.0938 1.4688 -3.6875
v -0.0938 1.2812 -3.25
v 0.0938 1.2812 -3.25
v 0.0938 1.0312 -3.625
v -0.0938 1.0312 -3.625
v 0.2165 1.9688 -3
v -0.125 1.6272 -3
v -0.2165 1.9688 -3
v 0.125 2.0603 -3
v 0 1.5938 -3
v -0.25 1.8438 -3
v 0 2.0938 -3
v 0.125 1.6272 -3
v 0.25 1.8438 -3
v -0.2165 1.7188 -3
v -0.125 2.0603 -3
v 0.2165 1.7188 -3
v 0.2188 2.2226 -0.9375
v 0.3789 2.0625 -0.9375
v 0.4375 1.8438 -0.9375
v 0.3789 1.625 -0.9375
v 0.2188 1.4649 -0.9375
v 0 1.4062 -0.9375
v -0.2188 1.4649 -0.9375
v -0.3789 1.625 -0.9375
v -0.4375 1.8438 -0.9375
v -0.3789 2.0625 -0.9375
v 0 2.2812 -0.9375
v -0.2188 2.2226 -0.9375
v 0.5413 2.1562 0.5625
v -0.3125 1.3025 0.5625
v -0.5413 2.1562 0.5625
v 0.3125 2.385 0.5625
v 0 1.2188 0.5625
v -0.625 1.8438 0.5625
v 0 2.4688 0.5625
v 0.3125 1.3025 0.5625
v 0.625 1.8438 0.5625
v -0.5413 1.5312 0.5625
v -0.3125 2.385 0.5625
v 0.5413 1.5312 0.5625
vt 0.7692 0.0077
vt 0.7538 -0
vt 0.7692 -0
vt 0.4615 0.5385
vt 0.4846 0.5231
vt 0.4615 0.5231
vt 0.0385 0.7692
vt 0.1308 0.7308
vt 0.1308 0.7692
vt 0.6462 0.2
vt 0.6231 0.1846
vt 0.6462 0.1846
vt 0.7231 0.1923
vt 0.7385 0.1231
vt 0.7385 0.2
vt 0.7231 0.1154
vt 0.7385 0.0462
vt 0.7231 0.2692
vt 0.7385 0.2769
vt 0.8308 0.2846
vt 0.8154 0.3538
vt 0.8154 0.2769
vt 0.6154 0.2923
vt 0.6077 0.2769
vt 0.6154 0.2769
vt 0 0.5769
vt 0.0308 0.5385
vt 0.0308 0.5769
vt 0.8308 0.0538
vt 0.8154 0.1231
vt 0.8154 0.0462
vt 0.6923 0.5538
vt 0.8538 0.5385
vt 0.8538 0.5538
vt 0.8308 0.1308
vt 0.8154 0.2
vt 0.8308 0.2077
vt 0.2308 0.3077
vt 0.1923 0.3154
vt 0.1923 0.3077
vt 0.6462 0.3231
vt 0.6231 0.3077
vt 0.6462 0.3077
vt 0.3692 0.3615
vt 0.3462 0.5154
vt 0.3692 0.5154
vt 0.1923 0.3846
vt 0.2077 0.4077
vt 0.1692 0.4077
vt 0.1154 0.3769
vt 0.1 0.4
vt 0.0769 0.3769
vt 0.9 0.4
vt 0.8769 0.4154
vt 0.8769 0.3769
vt 0.8769 0.5154
vt 0.9 0.5308
vt 0.8769 0.5538
vt 0.5077 0.3615
vt 0.4846 0.5154
vt 0.5077 0.5154
vt 0.1692 0.1923
vt 0.1385 0.2154
vt 0.1308 0.1923
vt 0.9615 0.4538
vt 0.9385 0.4538
vt 0.9385 0.4385
vt 0.7385 0.0077
vt 0.7231 -0
vt 0.7385 0
vt 0.0385 0.7308
vt 0.1308 0.6923
vt 0.0769 0.3077
vt 0.1154 0.2769
vt 0.1154 0.3077
vt 0.3 0.5385
vt 0.3231 0.5231
vt 0.3 0.5231
vt 0.4385 0.3
vt 0.4538 0.2923
vt 0.4538 0.3
vt 0.3923 0.3615
vt 0.3923 0.5154
vt 0.8769 0.3615
vt 0.8923 0.3385
vt 0.9 0.3615
vt 0.9923 0.3615
vt 0.9692 0.3615
vt 0.9769 0.3385
vt 0.8769 0.0846
vt 0.9 0.0846
vt 0.8923 0.1077
vt 0.9923 0.0846
vt 0.9769 0.1077
vt 0.9692 0.0846
vt 0.1154 0.2
vt 0.4846 0.3615
vt 0.4615 0.5154
vt 0.9692 0.4
vt 0.9462 0.3769
vt 0.9462 0.3077
vt 0.9462 0.2692
vt 0.9231 0.3769
vt 0.5 0.3
vt 0.5154 0.2923
vt 0.5154 0.3
vt 0.9231 0.1769
vt 0.9231 0.2692
vt 0.4154 0.6
vt 0.4154 0.6154
vt 0.4208 0.6023
vt 0.0231 0.3
vt -0 0.2769
vt 0.0231 0.2769
vt 0.0615 0.1923
vt 0.0769 0.2
vt 0.0538 0.2385
vt 0.9462 0.1769
vt 0.0308 0.3231
vt 0.0077 0.3077
vt 0.4208 0.5792
vt 0.4077 0.5846
vt 0.4154 0.5923
vt 0.9615 0.4769
vt 0.9385 0.4769
vt 0.0385 0.8462
vt 0.1308 0.8077
vt 0.1308 0.8462
vt 0.9231 0.4538
vt 0.9 0.4538
vt 0.9 0.4385
vt 0.3615 0.3
vt 0.3769 0.2923
vt 0.3769 0.3
vt 0.9 0.4923
vt 0.9 0.4769
vt 0.9231 0.4769
vt 0.6231 0.2462
vt 0.6231 0.2615
vt 0.6154 0.26
vt 0.8615 0.4538
vt 0.8846 0.4538
vt 0.8846 0.4769
vt 0.0385 0.6154
vt 0.0385 0.5769
vt 0.1308 0.5769
vt 0.0308 0.2385
vt 0.0538 0.2615
vt 0.6923 0.6154
vt 0.8538 0.6
vt 0.8538 0.6154
vt 0.6923 0.4923
vt 0.8538 0.4769
vt 0.8538 0.4923
vt 0.2231 0.5385
vt 0.2231 0.5769
vt 0.6923 0.4769
vt 0.8538 0.4615
vt 0.8 0.0308
vt 0.7846 0.0308
vt 0.7846 0.0154
vt 0.0308 0.9615
vt 0.0308 0.9231
vt 0.0385 0.9231
vt 0.6923 0.5692
vt 0.8538 0.5692
vt 1 0.1077
vt 0.9769 0.2231
vt 0.1308 0.9615
vt 0.2231 0.9231
vt 0.2231 0.9615
vt 0.1308 1
vt 0.2231 1
vt 0.3923 0.3308
vt 0.3923 0.3077
vt 0.4077 0.3077
vt 0.6462 0.3538
vt 0.6231 0.3538
vt 0.6231 0.3385
vt 0.3615 0.3077
vt 0.3462 0.3077
vt 0.3477 0.3
vt 0.2308 0.3846
vt 0.1385 0.4
vt 0.5308 0.6308
vt 0.5308 0.6154
vt 0.9385 0.4923
vt 0.6923 0.5385
vt 0.8538 0.5231
vt 0.9231 0.4
vt 0.6923 0.6308
vt 0.8538 0.6308
vt 0.7846 0.0077
vt 0.4677 0.3
vt 0.4692 0.3077
vt 0.4538 0.3077
vt 0.5308 0.5692
vt 0.5308 0.5538
vt 0.2231 0.6154
vt 0.3154 0.5827
vt 0.3154 0.8404
vt 0.2231 0.8462
vt 0.2231 0.8077
vt 0.5077 0.5385
vt 0.5308 0.5385
vt 0.5308 0.5231
vt 0.1846 0.2
vt 0.1615 0.2385
vt 0.1615 0.2154
vt 0.1385 0.2385
vt 0.0615 0.3
vt 0.0538 0.3231
vt 0.1923 0.1692
vt 0.1923 0.2
vt 0 0.1692
vt 0.0231 0.1923
vt 0.0077 0.2
vt 0.0769 0.1692
vt 0.0615 0.1692
vt 0.6923 0.5846
vt 0.8538 0.5846
vt 0.2538 0.5385
vt 0.2769 0.5385
vt 0.2769 0.5231
vt 0.9462 0.0846
vt 0.6462 0.2615
vt 0.9231 0.3077
vt 0.8923 0.2231
vt 0.9231 0.0846
vt 0.4154 0.5769
vt 0.4099 0.5792
vt 0.4099 0.5901
vt 0.4208 0.5901
vt 0.4231 0.5846
vt 0.4099 0.6023
vt 0.4077 0.6077
vt 0.4099 0.6131
vt 0.4208 0.6131
vt 0.4231 0.6077
vt 0 0.2
vt 0.1923 0.2769
vt 0.1692 0.3
vt 0.1692 0.2769
vt 0.1308 0.3
vt 0.0231 0.1692
vt 0.6923 0.5231
vt 0.1385 0.3462
vt 0.1615 0.3462
vt 0.1846 0.3077
vt 0.7077 0.0462
vt 0.6923 0.0462
vt 0.6923 0.0308
vt 0.1154 0.1692
vt 0.0538 0.3462
vt 0.1692 0.1692
vt -0 0.3077
vt 0.6769 0.0503
vt 0.7231 0.0769
vt 0.0308 0.3462
vt 0.6923 0.5077
vt 0.8538 0.5077
vt 0.0769 0.2769
vt 0.4154 0.5231
vt 0.4385 0.5154
vt 0.4154 0.5154
vt 0.7385 0.0308
vt 0.7231 0.0308
vt 0.7231 0.0154
vt 0.9231 0.5308
vt 0.6923 0.4615
vt 0.8538 0.4462
vt 0.2231 0.6538
vt 0.3154 0.6212
vt 0.9615 0.5308
vt 0.4077 0.7577
vt 0.3154 0.7365
vt 0.4077 0.7423
vt 0.4692 0.3
vt 0.4846 0.2923
vt 0.4846 0.3
vt 0.3923 0.3
vt 0.4077 0.2923
vt 0.4077 0.3
vt 0 0.6538
vt 0.0308 0.6154
vt 0.0308 0.6538
vt 0.6154 0.3538
vt 0.6077 0.3385
vt 0.6154 0.3385
vt 0.3231 0.5385
vt 0.3462 0.5231
vt 0.4154 0.3615
vt 0.4231 0.3
vt 0.4385 0.2923
vt 0.4231 0.3308
vt 0.4385 0.3077
vt 0.4385 0.3308
vt 0.4385 0.5385
vt 0.4385 0.5231
vt 0.0385 0.6538
vt 0.1308 0.6154
vt 0.1308 0.6538
vt 0.6462 0.2154
vt 0.6231 0.2
vt 0.7231 0.3462
vt 0.7385 0.3538
vt 0.3692 0.5231
vt 0.0308 0.8846
vt 0.0385 0.8846
vt 0.6923 0.0154
vt 0.6785 0.0077
vt 0.6908 0.0077
vt 0.6231 0.3231
vt 0.6154 0.3369
vt 0.6154 0.3246
vt 0.5077 0.5231
vt 0.3754 0.3
vt 0.3631 0.3
vt 0.3231 0.5154
vt 0.2769 0.5154
vt 0.2538 0.5231
vt 0.8 0.0154
vt 0.8138 0.0077
vt 0.8154 0.0154
vt 0.8292 0.0077
vt 0.8308 0.0154
vt 0.6462 0.2462
vt 0.6231 0.2308
vt 0.6462 0.2308
vt 0.0769 0.1538
vt 0.1154 0.1538
vt 0.6154 0.2154
vt 0.6077 0.2
vt 0.6154 0.2
vt 0.9231 0.2846
vt 0.9462 0.2846
vt 0.0385 0.6923
vt 0.0538 0.3538
vt 0.0308 0.3538
vt 0.4385 0.5923
vt 0.4462 0.6
vt 0.4385 0.6
vt 0.8923 0.2077
vt 0.8308 0.2692
vt 0.4846 0.5385
vt -0 0.8462
vt 0.0308 0.8077
vt 0.0308 0.8462
vt 0.3692 0.5385
vt 0.3923 0.5231
vt 0.1923 0.3615
vt 0.4654 0.3308
vt 0.4615 0.3615
vt 0.2962 0.3308
vt 0.2769 0.3615
vt 0.3 0.3615
vt 0.35 0.3308
vt 0.3462 0.3615
vt 0.3423 0.3308
vt 0.3231 0.3615
vt 0.5308 0.3615
vt 0.5115 0.3308
vt 0.3192 0.3308
vt 0.2731 0.3308
vt 0.2538 0.3615
vt 0.4577 0.3308
vt 0.4385 0.3615
vt 0.5038 0.3308
vt 0.3962 0.3308
vt 0.3885 0.3308
vt 0.6077 0.3231
vt 0.6154 0.3231
vt 0 0.6923
vt 0.0308 0.6923
vt 0.6077 0.2615
vt 0.6154 0.2615
vt 0.2308 0.1692
vt 0.1923 0.1462
vt 0.2308 0.1462
vt 0.4154 0.5385
vt 0.9 0.5538
vt 0.9231 0.5538
vt 0.2308 0.2538
vt 0.1923 0.2538
vt 0.3154 0.775
vt 0.3154 0.8019
vt 0.3154 0.6481
vt 0.3154 0.9173
vt 0.2231 0.8846
vt 0.3154 0.8904
vt 0.3154 0.6596
vt 0.2231 0.6923
vt 0.3154 0.9558
vt 0.3154 0.9288
vt 0.3154 0.6096
vt 0.3154 0.5712
vt 0.3154 0.5442
vt 0.6769 0.0308
vt 0.6615 0.0462
vt 0.6615 0.0308
vt 0.3154 0.8788
vt 0.3154 0.8519
vt 0.3154 0.9673
vt 0.3154 0.9942
vt 0.3154 0.8135
vt 0.2231 0.7308
vt 0.3154 0.6981
vt 0.3154 0.725
vt 0.0385 0.8077
vt 0.1923 0.2077
vt 0.8462 0.0077
vt 0.8308 -0
vt 0.8462 -0
vt 0.8615 0.4769
vt 0.6462 0.2923
vt 0.6231 0.2769
vt 0.6462 0.2769
vt 0.4462 0.5692
vt 0.4538 0.5769
vt 0.4462 0.5769
vt 0.1308 0.8846
vt 0.4154 0.5692
vt 0.4231 0.5769
vt 0 1
vt 0.0308 1
vt 0.0308 0.7308
vt 0.55 0.2821
vt 0.6077 0.3154
vt 0.5885 0.2821
vt 0.0385 0.9615
vt 0.0385 0.5385
vt 0.9615 0.4
vt 0.9385 0.4
vt 0.3908 0.3
vt 0.3769 0.3077
vt 0.3785 0.3
vt 0.5308 0.6
vt 0.6923 0.6
vt 0.6615 0.2077
vt 0.6615 0.2692
vt 0.3923 0.5385
vt 0.2538 0.5154
vt 0.6077 0.1846
vt 0.6154 0.1846
vt 0 0.7308
vt -0 0.9615
vt 0.4538 0.3308
vt 0.4692 0.3308
vt -0 0.9231
vt -0 0.7692
vt 0.0308 0.7692
vt 0.0346 0.4093
vt 0.1038 0.4093
vt 0.1385 0.4692
vt 0.3462 0.5385
vt 0.1154 0.3538
vt 0.0769 0.3538
vt 0.0769 0.2615
vt 0.1154 0.2615
vt 0.4846 0.3077
vt 0.4846 0.3308
vt 0.5308 0.2923
vt 0.5308 0.3
vt 0.3923 0.2923
vt 0.2308 0.2769
vt 0.6154 0.2462
vt 0.6077 0.2308
vt 0.6154 0.2308
vt 0.4231 0.2923
vt 0.5 0.2923
vt 0.5 0.3308
vt 0.5154 0.3077
vt 0.5154 0.3308
vt 0.4692 0.2923
vt 0.4077 0.3308
vt 0.4231 0.3077
vt 0.3462 0.3308
vt 0.3615 0.3308
vt 0 0.8846
vt 0.5308 0.4615
vt 0.6923 0.4462
vt 0.5308 0.3077
vt 0.5308 0.3308
vt 0.5 0.3077
vt 0.3462 0.3
vt 0.3615 0.2923
vt 0.3769 0.3308
vt 0.6154 0.3077
vt 0.6077 0.2923
vt 0.3154 0.7635
vt 0.55 0.3487
vt 0.5885 0.3487
vt 0.5292 0.3
vt 0.5169 0.3
vt 0.5138 0.3
vt 0.5015 0.3
vt 0.4862 0.3
vt 0.3938 0.3
vt 0.4215 0.3
vt 0.4092 0.3
vt 0.36 0.3
vt 0.4369 0.3
vt 0.4246 0.3
vt 0.4554 0.3
vt 0.4831 0.3
vt 0.4708 0.3
vt 0.6154 0.3523
vt 0.6154 0.34
vt 0.6154 0.2138
vt 0.6154 0.2015
vt -0 0.8077
vt 0.6077 0.2462
vt 0.5308 0.5846
vt 0.4615 0.5923
vt 0.4692 0.6
vt 0.4615 0.6
vt 0.6077 0.1692
vt 0.6154 0.1692
vt 0.6077 0.3077
vt 0.6077 0.2154
vt 0.5308 0.5077
vt 0.0385 1
vt 0.6154 0.2446
vt 0.6154 0.2323
vt 0.6154 0.2477
vt 0.6154 0.1708
vt 0.6154 0.1831
vt 0.6154 0.2785
vt 0.6231 0.2923
vt 0.6154 0.2908
vt 0.6154 0.3215
vt 0.6154 0.3092
vt 0.7708 0.0077
vt 0.7831 0.0077
vt 0.6154 0.2169
vt 0.6154 0.2292
vt 0.6154 0.2631
vt 0.6154 0.2754
vt 0.8446 0.0077
vt 0.8462 0.0154
vt 0.4385 0.5692
vt 0.4385 0.5769
vt 0.2308 0.2
vt 0.1385 0.3923
vt 0.1615 0.3692
vt 0.1615 0.3923
vt 0.0308 0.2615
vt 0.3 0.5154
vt 0.1308 0.9231
vt 0.8154 0.0308
vt 0.8 0.0077
vt 0.7846 -0
vt 0.8 0
vt 0.6462 0.3385
vt 0.6231 0.2154
vt 0.7538 0.0077
vt 0.7179 0.2962
vt 0.7179 0.3346
vt 0.6846 0.3538
vt 0.7077 0.0154
vt 0.6769 0.0077
vt 0.6615 -0
vt 0.6769 -0
vt 0.6231 0.1692
vt 0.6462 0.1692
vt 0.6923 0.0077
vt 0.6923 -0
vt 0.7692 0.0154
vt 0.7231 0.0077
vt 0.7077 -0
vt 0.8308 0.0077
vt 0.8154 -0
vt 0.7077 0.0308
vt 0.6615 0.0154
vt 0.6769 0.0154
vt 0.7538 0.0308
vt 0.7385 0.0154
vt 0.7538 0.0154
vt 0.8462 0.0308
vt 0.8154 0.0077
vt 0.8308 0.0308
vt 0.7077 0.0077
vt 0.9385 0.5308
vt 0.9615 0.5538
vt 0.9385 0.5538
vt 0.7846 0.0462
vt 0.7692 0.0308
vt 0.7231 0.0462
vt 0.7538 0.0462
vt 0.6769 0.0462
vt 0.8 0.0462
vt 0.7692 0.0462
vt 0.8462 0.0462
vt 0.4346 0.3308
vt 0.1962 0.5333
vt 0.2154 0.4615
vt 0.1821 0.5192
vt 0.7554 0.0077
vt 0.7677 0.0077
vt 0.6154 0.1862
vt 0.6154 0.1985
vt 0.7092 0.0077
vt 0.7215 0.0077
vt 0.6631 0.0077
vt 0.6754 0.0077
vt 0.6154 0.2938
vt 0.6154 0.3062
vt 0.7862 0.0077
vt 0.7985 0.0077
vt 0.7523 0.0077
vt 0.7062 0.0077
vt 0.7369 0.0077
vt 0.44 0.3
vt 0.4523 0.3
vt 0.1615 0.2462
vt 0.5308 0.4769
vt 0.2308 0.3154
vt 0.2308 0.3615
vt 0.1308 0.5385
vt 0.4538 0.5923
vt 0.4538 0.6
vt 0.1154 0.2462
vt 0.0769 0.2462
vt 0.9462 0.0615
vt 0.4615 0.5692
vt 0.4692 0.5769
vt 0.4615 0.5769
vt 0.5308 0.4923
vt 0.4462 0.5923
vt 0.4308 0.5692
vt 0.4308 0.5769
vt 1 0.2231
vt 0.4231 0.6
vt 0.4077 0.5692
vt 0.4077 0.5769
vt 0.4077 0.5923
vt 0.4077 0.6
vt 0.4308 0.5923
vt 0.4308 0.6
vt 0.5308 0.5154
vt 0.4538 0.5692
vt 0.4231 0.5692
vt 0.4231 0.5923
vt 0 0.6154
vt 0.1385 0.3692
vt 0.2308 0.2077
vt 0.2154 0.5385
vt 0.2487 0.5192
vt 0.2346 0.5333
vt 0.2538 0.5
vt 0.2487 0.4808
vt 0.2346 0.4667
vt 0.1962 0.4667
vt 0.1821 0.4808
vt 0.1769 0.5
vt 0.4077 0.8962
vt 0.4077 0.6423
vt 0.4077 0.6269
vt 0.8308 0.1154
vt 0.8308 0.1923
vt 0.4077 0.8731
vt 0.4077 0.8577
vt 0.7231 0.2077
vt 0.1308 0.1692
vt 0.1308 0.2769
vt 0.6769 0.1036
vt 0.0615 0.2769
vt 0.4423 0.3308
vt 0.3654 0.3308
vt 0.4885 0.3308
vt 0.8015 0.0077
vt 0.7231 0.2846
vt 0.5308 0.4462
vt 0.2231 0.7692
vt 0.7231 0.1308
vt 0.8923 0.2692
vt 0.1292 0.5038
vt 0.1058 0.5284
vt 0.0692 0.5385
vt 0.0346 0.5292
vt 0.0093 0.5038
vt 0 0.4692
vt 0.0093 0.4346
vt 0.0692 0.4
vt 0.1292 0.4346
vt 0.3154 0.6865
vt 0.3038 0.3308
vt 0.5269 0.3308
vt 0.8169 0.0077
vt 0.6025 0.2962
vt 0.5692 0.2769
vt 0.5359 0.2962
vt 0.5308 0.3154
vt 0.5359 0.3346
vt 0.5692 0.3538
vt 0.6025 0.3346
vt 0.6513 0.2962
vt 0.6513 0.3346
vt 0.4077 0.8346
vt 0.4077 0.8192
vt 0.4077 0.7038
vt 0.4077 0.7192
vt 0.4077 0.9731
vt 0.4077 0.9885
vt 0.2577 0.3308
vt 0.4115 0.3308
vt 0.2808 0.3308
vt 0.3269 0.3308
vt 0.4808 0.3308
vt 0.3731 0.3308
vt 0.4077 0.5885
vt 0.4077 0.6038
vt -0 0.5385
vt 0.4077 0.7808
vt 0.4077 0.7962
vt 0.4077 0.5654
vt 0.4077 0.55
vt 0.6654 0.3487
vt 0.6462 0.3154
vt 0.6654 0.2821
vt 0.6846 0.2769
vt 0.7038 0.2821
vt 0.7231 0.3154
vt 0.7038 0.3487
vt 0.8323 0.0077
vt 0.4692 0.5923
vt 0.6077 0.3538
vt 0.6657 0.0615
vt 0.6615 0.0769
vt 0.6657 0.0923
vt 0.6923 0.1077
vt 0.7077 0.1036
vt 0.719 0.0923
vt 0.719 0.0615
vt 0.7077 0.0503
vt 0.4077 0.9346
vt 0.8308 0.3462
vt 0.7231 0.0538
vt 0.4077 0.6654
vt 0.3462 0.2923
vt 0.4985 0.3
vt 0.6615 0.0077
vt 0.4062 0.3
vt 0.8308 0.0462
vt 0.4192 0.3308
vt 0.74 0.0077
vt 0.6938 0.0077
vt 0.7246 0.0077
vt 0.1385 0.2462
vt 0.9231 0.0615
vt 0.4692 0.5692
vt 1 0.3385
vt 0.4077 0.9115
vt 0.4077 0.95
vt 0.4077 0.6808
s 1
f 1943/2419 1932/2420 1931/2421
f 1709/2422 1698/2423 1697/2424
f 1794/2425 2128/2426 2131/2427
f 1912/2428 1901/2429 1913/2430
f 1775/2431 1768/2432 1767/2433
f 1776/2434 1770/2435 1768/2432
f 1777/2436 1767/2433 1769/2437
f 1773/2438 1766/2439 1765/2440
f 1894/2441 1883/2442 1895/2443
f 1825/2444 1812/2445 1813/2446
f 1774/2447 1764/2448 1766/2449
f 2111/2450 1742/2451 1743/2452
f 1772/2453 1763/2454 1764/2448
f 1771/2455 1765/2440 1763/2454
f 2089/2456 2032/2457 2090/2458
f 1916/2459 1905/2460 1917/2461
f 1729/2462 1716/2463 1717/2464
f 2004/2465 1995/2466 2006/2467
f 2002/2468 1993/2469 2001/2470
f 2008/2471 2000/2472 1998/2473
f 1999/2474 2007/2475 1997/2476
f 1735/2477 1722/2478 1723/2479
f 2017/2480 2047/2481 2018/2482
f 1992/2483 1996/2484 2006/2485
f 1945/2486 1934/2487 1933/2488
f 1793/2489 2125/2490 2128/2426
f 2040/2491 2038/2492 2039/2493
f 1714/2494 1691/2495 1702/2496
f 1848/2497 1837/2498 1849/2499
f 1730/2500 1717/2464 1718/2501
f 2047/2502 2049/2503 2021/2504
f 2048/2505 2013/2506 2050/2507
f 2051/2508 2030/2509 2053/2510
f 2052/2511 2054/2512 2046/2513
f 2047/2481 2023/2514 2018/2482
f 1734/2515 1721/2516 1722/2478
f 2011/2517 2010/2518 2013/2506
f 1998/2519 2000/2520 2050/2507
f 2020/2471 2021/2504 2009/2521
f 1840/2522 1829/2523 1841/2524
f 2053/2510 2097/2525 1999/2526
f 2081/2527 2085/2528 2082/2529
f 2044/2530 2087/2531 2033/2532
f 2027/2533 2024/2534 2020/2535
f 2098/2536 1999/2526 2097/2525
f 2052/2537 2031/2538 2044/2530
f 2066/2539 2063/2540 2069/2541
f 1996/2484 1990/2542 1994/2543
f 1796/2544 2135/2545 2127/2546
f 1986/2547 2096/2548 1988/2549
f 1843/2550 1832/2551 1844/2552
f 1987/2553 2095/2554 1984/2555
f 1909/2556 1908/2557 1896/2558
f 2000/2559 1988/2560 1987/2561
f 1802/2562 1801/2563 2132/2564
f 2011/2565 2020/2535 2009/2566
f 2102/2567 1746/2568 1747/2569
f 2109/2570 1750/2571 1739/2572
f 2132/2564 1788/2573 1789/2574
f 2112/2575 1749/2576 1750/2571
f 1965/2577 1966/2578 1954/2579
f 1811/2580 1810/2581 1798/2582
f 2103/2583 1743/2452 1744/2584
f 2053/2585 2099/2586 2054/2512
f 2126/2587 1786/2588 1787/2589
f 2129/2590 1787/2589 1788/2591
f 1869/2592 1857/2593 1858/2594
f 1914/2595 1902/2596 1903/2597
f 1855/2598 1854/2599 1842/2600
f 2004/2465 2003/2601 1995/2466
f 2002/2468 2005/2602 1993/2469
f 2008/2471 1988/2549 2000/2472
f 1999/2474 1987/2553 2007/2475
f 1760/2603 1759/2604 2102/2567
f 1994/2543 1990/2542 2005/2605
f 2107/2606 1741/2607 1742/2451
f 1985/2608 1988/2549 2008/2471
f 2105/2609 1747/2569 1748/2610
f 1942/2611 1943/2419 1931/2421
f 1850/2612 1862/2613 1861/2614
f 1756/2615 1755/2616 2111/2450
f 1790/2617 1789/2574 2117/2618
f 2122/2619 1784/2620 1783/2621
f 1711/2622 1712/2623 1700/2624
f 2014/2625 2013/2626 2048/2627
f 2047/2481 2021/2628 2023/2514
f 2014/2625 2048/2627 2017/2480
f 2052/2537 2043/2629 2051/2630
f 2094/2631 2093/2632 2014/2625
f 2092/2633 2028/2634 2012/2635
f 2025/2636 2027/2533 2026/2637
f 2025/2636 2024/2534 2027/2533
f 1985/2608 1986/2547 1988/2549
f 2106/2638 1744/2584 1745/2639
f 1712/2640 1713/2641 1701/2642
f 2098/2536 2054/2512 2000/2520
f 2003/2643 2046/2513 2054/2512
f 2099/2586 2000/2520 2054/2512
f 2050/2507 2013/2506 1998/2519
f 2013/2506 2010/2518 1998/2519
f 1920/2644 1908/2557 1909/2556
f 1999/2526 1997/2645 2049/2503
f 1997/2645 2009/2521 2021/2504
f 2049/2503 1997/2645 2021/2504
f 2100/2646 1999/2526 2049/2503
f 2053/2510 2030/2509 2001/2647
f 2065/2648 2064/2649 2063/2540
f 2063/2540 2070/2650 2069/2541
f 2069/2541 2068/2651 2067/2652
f 2067/2652 2066/2539 2069/2541
f 2099/2586 2050/2507 2000/2520
f 2081/2527 2080/2653 2079/2654
f 2079/2654 2086/2655 2085/2528
f 2085/2528 2084/2656 2083/2657
f 2083/2657 2082/2529 2085/2528
f 2098/2536 2003/2643 2054/2512
f 2012/2635 2091/2658 2092/2633
f 2088/2659 2035/2660 2034/2661
f 2038/2492 2036/2662 2039/2493
f 2092/2633 2015/2663 2028/2634
f 2107/2606 2104/2664 1741/2607
f 2012/2635 2028/2634 2011/2565
f 2029/2665 2035/2660 2045/2666
f 2088/2659 2032/2667 2035/2660
f 1971/2668 1972/2669 1960/2670
f 2022/2671 2018/2482 2023/2514
f 2040/2491 2030/2672 2051/2630
f 2040/2491 2051/2630 2043/2629
f 2105/2609 2102/2567 1747/2569
f 2094/2631 2017/2480 2016/2673
f 2089/2674 2087/2531 2031/2538
f 2106/2638 2103/2583 1744/2584
f 1973/2675 1977/2676 1974/2669
f 2052/2537 2046/2677 2031/2538
f 2101/2678 1739/2572 1740/2679
f 2043/2629 2041/2680 2040/2491
f 2088/2659 2090/2458 2032/2667
f 2032/2667 2045/2666 2035/2660
f 2100/2646 2053/2510 1999/2526
f 2052/2537 2044/2530 2043/2629
f 2029/2665 2039/2493 2036/2662
f 1695/2681 1720/2682 1719/2683
f 2129/2590 2126/2587 1787/2589
f 1754/2623 1753/2624 2104/2664
f 1969/2684 1970/2685 1958/2686
f 1983/2687 1987/2553 1984/2555
f 2108/2688 1748/2689 1749/2576
f 1779/2690 1790/2617 2116/2691
f 1989/2692 2005/2605 1990/2542
f 1754/2693 2113/2694 1753/2695
f 1850/2696 1827/2697 1839/2698
f 1845/2699 1834/2700 1846/2701
f 1815/2702 1814/2703 1803/2704
f 1890/2705 1879/2706 1891/2707
f 1703/2708 1692/2709 1691/2495
f 1731/2710 1718/2501 1719/2683
f 1847/2711 1836/2712 1848/2497
f 1871/2713 1860/2714 1872/2715
f 1764/2448 1767/2433 1768/2432
f 1708/2716 1697/2424 1696/2717
f 1791/2718 2136/2719 2133/2720
f 1911/2721 1900/2722 1912/2428
f 1778/2723 1769/2437 1770/2724
f 1693/2725 1718/2501 1717/2464
f 1809/2726 1796/2544 1797/2727
f 1948/2728 1937/2729 1936/2730
f 1696/2717 1721/2516 1720/2682
f 1904/2731 1891/2732 1892/2733
f 1699/2734 1722/2478 1698/2423
f 1700/2624 1723/2479 1699/2734
f 1844/2735 1855/2598 1843/2736
f 1692/2709 1715/2737 1691/2495
f 1725/2738 1700/2739 1701/2642
f 1953/2740 1940/2741 1952/2742
f 1952/2742 1939/2743 1951/2744
f 1921/2745 1910/2746 1922/2747
f 2022/2671 2026/2748 2019/2749
f 1887/2750 1876/2751 1888/2752
f 1998/2519 2007/2753 2008/2754
f 1792/2755 2133/2720 2125/2490
f 2052/2537 2053/2756 2054/2757
f 2079/2758 2072/2759 2071/2760
f 1772/2761 1773/2762 1771/2455
f 1710/2763 1699/2734 1698/2423
f 1820/2764 1807/2765 1808/2766
f 1705/2767 1694/2768 1693/2725
f 2045/2769 2003/2601 2004/2465
f 1734/2515 1745/2770 1733/2771
f 1750/2772 1737/2773 1738/2774
f 1729/2462 1740/2775 1728/2776
f 1740/2777 1727/2778 1728/2776
f 2011/2565 2027/2533 2020/2535
f 1736/2779 1747/2780 1735/2477
f 1739/2781 1738/2774 1727/2778
f 1749/2782 1736/2783 1737/2773
f 1745/2784 1732/2785 1733/2771
f 1747/2786 1734/2515 1735/2477
f 1731/2710 1742/2787 1730/2500
f 1742/2788 1729/2462 1730/2500
f 1891/2707 1880/2789 1892/2790
f 1816/2791 1803/2704 1804/2792
f 1895/2443 1884/2793 1896/2794
f 1753/2624 2101/2678 2104/2664
f 1712/2640 1701/2642 1700/2739
f 2092/2795 2016/2796 2015/2797
f 1733/2771 1720/2682 1721/2516
f 1707/2798 1696/2717 1695/2681
f 2008/2799 1983/2687 1985/2800
f 2033/2801 2088/2659 2034/2802
f 1770/2724 1765/2440 1766/2439
f 2009/2521 1998/2519 2010/2518
f 1783/2621 2123/2803 2124/2804
f 1779/2690 2116/2691 2115/2805
f 2120/2806 1785/2807 2121/2808
f 2115/2809 1780/2810 1779/2690
f 2119/2811 1786/2588 2120/2812
f 1790/2617 2117/2618 2116/2813
f 2117/2814 1788/2573 2118/2815
f 1961/2816 1974/2817 1962/2818
f 2121/2819 1784/2620 2122/2820
f 1788/2591 2119/2821 2118/2822
f 2122/2619 1783/2621 2124/2823
f 1781/2824 2114/2825 2113/2826
f 2006/2547 1994/2543 2005/2555
f 1728/2776 1715/2737 1716/2463
f 1795/2827 2131/2427 2135/2545
f 1920/2644 1909/2556 1921/2745
f 2014/2828 2011/2801 2013/2802
f 1938/2829 1927/2830 1926/2831
f 2000/2559 1987/2561 1999/2832
f 1918/2833 1907/2834 1919/2835
f 2064/2836 2057/2837 2056/2838
f 1797/2727 2127/2546 2130/2839
f 2068/2840 2061/2841 2060/2648
f 1824/2842 1811/2580 1812/2843
f 1792/2755 1803/2704 1791/2718
f 1793/2489 1804/2792 1792/2755
f 1794/2425 1805/2844 1793/2489
f 1695/2681 1718/2501 1694/2768
f 1867/2845 1863/2846 1865/2847
f 1802/2562 1803/2704 1814/2703
f 1798/2582 1809/2726 1797/2727
f 1811/2580 1798/2582 1799/2848
f 1715/2737 1702/2496 1691/2495
f 1801/2563 1812/2445 1800/2849
f 1991/2850 2006/2485 1995/2851
f 1845/2852 1856/2853 1844/2854
f 1758/2855 2106/2638 2110/2856
f 1711/2622 1700/2624 1699/2734
f 1776/2857 1777/2436 1778/2858
f 1706/2859 1695/2681 1694/2768
f 1737/2773 1724/2860 1725/2738
f 1888/2752 1877/2861 1889/2862
f 1817/2863 1804/2792 1805/2844
f 1823/2864 1810/2581 1811/2580
f 1760/2603 2102/2567 2105/2609
f 1873/2865 1862/2613 1874/2866
f 1822/2867 1809/2726 1810/2581
f 1818/2868 1805/2844 1806/2869
f 1823/2870 1825/2871 1815/2872
f 1704/2873 1693/2725 1692/2709
f 2029/2874 2001/2470 2030/2875
f 2038/2492 2042/2876 2037/2877
f 1874/2866 1851/2878 1863/2879
f 1841/2524 1830/2880 1842/2881
f 1844/2552 1833/2882 1845/2699
f 1713/2641 1702/2496 1701/2642
f 2089/2456 2088/2659 2087/2883
f 2095/2554 1986/2547 1984/2555
f 1897/2884 1886/2885 1898/2886
f 1846/2701 1835/2887 1847/2711
f 1839/2698 1828/2888 1840/2522
f 1864/2889 1853/2890 1865/2891
f 1849/2499 1838/2892 1850/2696
f 1870/2893 1859/2894 1871/2713
f 1866/2895 1855/2598 1867/2896
f 1821/2897 1808/2766 1809/2726
f 1761/2898 2105/2899 2108/2688
f 1865/2891 1854/2900 1866/2901
f 1863/2879 1852/2902 1864/2889
f 1842/2903 1831/2904 1843/2550
f 1867/2896 1856/2853 1868/2905
f 1893/2906 1882/2907 1894/2441
f 2123/2908 1781/2824 2113/2694
f 1871/2909 1873/2910 1863/2846
f 1842/2911 1853/2890 1841/2912
f 1841/2913 1852/2902 1840/2914
f 1839/2915 1852/2902 1851/2878
f 1845/2916 1858/2594 1857/2593
f 1847/2917 1858/2594 1846/2918
f 1855/2598 1842/2600 1843/2919
f 1848/2920 1859/2894 1847/2921
f 1850/2612 1861/2614 1849/2922
f 1839/2923 1862/2613 1850/2924
f 1903/2597 1890/2925 1891/2926
f 1900/2722 1887/2927 1888/2928
f 1802/2562 1813/2446 1801/2563
f 1869/2592 1858/2594 1870/2893
f 1754/2623 2104/2664 2107/2606
f 1819/2929 1806/2869 1807/2765
f 1896/2794 1885/2930 1897/2884
f 1757/2931 2103/2583 2106/2638
f 2082/2932 2075/2933 2074/2934
f 1889/2862 1878/2935 1890/2936
f 1892/2790 1881/2937 1893/2906
f 1898/2886 1875/2938 1887/2750
f 1872/2715 1861/2614 1873/2865
f 1868/2905 1857/2593 1869/2592
f 1752/2939 2109/2570 2101/2678
f 1812/2843 1799/2848 1800/2940
f 1910/2746 1897/2941 1898/2942
f 1909/2556 1896/2558 1897/2943
f 1890/2944 1901/2429 1889/2945
f 1895/2946 1906/2947 1894/2948
f 1698/2423 1721/2516 1697/2424
f 1905/2460 1892/2949 1893/2950
f 1954/2579 1943/2951 1942/2952
f 1887/2953 1910/2746 1898/2954
f 1896/2955 1907/2834 1895/2956
f 1702/2496 1725/2738 1701/2642
f 1951/2744 1938/2957 1950/2958
f 2063/2959 2056/2838 2055/2960
f 2093/2632 2092/2795 2091/2961
f 2005/2962 2004/2963 2006/2964
f 2011/2565 2009/2566 2010/2965
f 1738/2774 1725/2738 1726/2966
f 1798/2582 2130/2839 2134/2967
f 1964/2968 1953/2740 1952/2742
f 1917/2461 1906/2947 1918/2833
f 1941/2969 1930/2970 1929/2971
f 1915/2972 1904/2731 1916/2459
f 1922/2747 1899/2973 1911/2721
f 1944/2974 1933/2488 1932/2420
f 1919/2975 1921/2976 1911/2977
f 1970/2685 1947/2978 1958/2686
f 1937/2979 1926/2980 1925/2981
f 1919/2835 1908/2557 1920/2644
f 1764/2448 1770/2435 1766/2449
f 1802/2562 2132/2564 2136/2719
f 1913/2430 1902/2982 1914/2983
f 1756/2615 2111/2450 2103/2583
f 1936/2984 1925/2981 1924/2985
f 1966/2578 1955/2986 1954/2579
f 1946/2987 1923/2988 1934/2487
f 1939/2989 1928/2990 1927/2830
f 1942/2611 1931/2421 1930/2970
f 1959/2991 1948/2728 1947/2978
f 1961/2816 1950/2992 1949/2993
f 1968/2994 1957/2995 1956/2996
f 1969/2684 1958/2686 1957/2995
f 1759/2604 2110/2856 2102/2567
f 1962/2997 1951/2744 1950/2958
f 1965/2577 1954/2579 1953/2740
f 1940/2998 1929/2971 1928/2990
f 1963/2999 1952/2742 1951/2744
f 1935/3000 1924/2985 1923/2988
f 1993/3001 1991/3002 1995/3003
f 1914/2595 1903/2597 1915/2972
f 1971/2668 1960/2670 1959/2991
f 1978/3004 1967/3005 1966/2578
f 1971/2668 1970/2685 1982/3006
f 1980/3007 1969/2684 1968/2994
f 1973/3008 1960/2670 1972/2669
f 1978/3004 1965/2577 1977/3009
f 1976/2449 1965/2577 1964/2968
f 1963/2999 1976/2449 1964/2968
f 1980/3007 1967/3005 1979/3010
f 1974/3011 1963/2999 1962/2997
f 1981/2435 1970/2685 1969/2684
f 1744/3012 1731/2710 1732/2785
f 1704/3013 1709/3014 1705/3015
f 1955/2986 1944/3016 1943/3017
f 1889/3018 1900/2722 1888/3019
f 1958/2686 1935/3020 1946/3021
f 1949/2993 1938/3022 1937/3023
f 1717/2464 1692/2709 1693/2725
f 1894/3024 1905/2460 1893/3025
f 1953/2740 1942/3026 1941/3027
f 1795/2827 1808/2766 1807/2765
f 1957/2995 1944/3028 1956/2996
f 1948/2728 1935/3029 1947/2978
f 1958/2686 1945/3030 1957/2995
f 1861/2614 1848/3031 1849/3032
f 2050/3033 2047/2481 2048/2627
f 1967/3005 1956/2996 1955/2986
f 1799/2848 2134/2967 2126/2587
f 1762/3034 2108/2688 2112/2575
f 2045/2769 2031/3035 2046/3036
f 1801/2563 2129/3037 2132/2564
f 2039/2493 2030/2875 2040/2491
f 1767/2433 1765/2440 1769/2437
f 2081/3038 2074/2934 2073/3039
f 2024/2534 2021/3040 2020/3041
f 2024/2534 2022/2671 2023/2514
f 2001/2647 1995/3042 2003/2643
f 1800/2940 2126/2587 2129/2590
f 1727/2778 1726/2966 1715/2737
f 2066/3043 2059/3044 2058/3045
f 1751/3046 2112/2575 2109/2570
f 2080/3047 2073/3039 2072/2759
f 2070/3048 2055/2960 2062/3049
f 2100/3050 2050/2507 2099/2586
f 2084/2541 2077/3051 2076/2527
f 2067/3052 2060/2648 2059/3053
f 1755/2616 2107/2606 2111/2450
f 2083/3054 2076/2527 2075/3055
f 2086/3056 2071/2760 2078/3057
f 1736/2779 1723/2479 1724/3058
f 2065/3059 2058/3045 2057/2837
f 2069/3060 2062/3049 2061/2841
f 1732/2785 1719/2683 1720/2682
f 2085/3061 2078/3057 2077/3051
f 1826/3062 1813/2446 1814/2703
f 2029/2665 2004/2963 2002/3063
f 1960/2670 1949/2993 1948/2728
f 2093/2632 2012/3064 2014/2828
f 2119/2811 1787/2589 1786/2588
f 1728/2776 1727/2778 1715/2737
f 1802/2562 1791/2718 1803/2704
f 1891/2707 1879/2706 1880/2789
f 1895/2443 1883/2442 1884/2793
f 1733/2771 1732/2785 1720/2682
f 1938/2829 1939/2989 1927/2830
f 1824/2842 1823/2864 1811/2580
f 1918/2833 1906/2947 1907/2834
f 1816/2791 1815/2702 1803/2704
f 1845/2852 1857/2593 1856/2853
f 1944/2974 1945/2486 1933/2488
f 2136/2719 1789/2574 1790/2617
f 1704/3013 1703/3065 1713/3066
f 1703/3065 1714/3067 1713/3066
f 1713/3066 1712/3068 1709/3014
f 1712/3068 1711/3069 1709/3014
f 1711/3069 1710/3070 1709/3014
f 1709/3014 1708/3071 1707/3072
f 1707/3072 1706/3073 1709/3014
f 1706/3073 1705/3015 1709/3014
f 2003/2643 2097/2525 2001/2647
f 2126/2587 2134/2967 1786/2588
f 1757/3074 2120/2806 2121/2808
f 1751/3075 2116/2691 1762/3076
f 1774/2447 1772/3077 1764/2448
f 2111/2450 2107/2606 1742/2451
f 1772/2453 1771/3078 1763/2454
f 1757/3079 2122/2820 1756/3080
f 2089/2456 2031/3035 2032/2457
f 1771/2455 1773/2762 1765/2440
f 2127/2546 1783/2621 1784/2620
f 1777/2436 1775/3081 1767/2433
f 1917/2461 1905/2460 1906/2947
f 1839/2923 1851/2878 1862/2613
f 1823/2864 1822/2867 1810/2581
f 1873/2865 1861/2614 1862/2613
f 2095/2554 2096/2548 1986/2547
f 1847/2917 1859/2894 1858/2594
f 1820/2764 1819/2929 1807/2765
f 1940/2998 1941/2969 1929/2971
f 1758/2855 1757/2931 2106/2638
f 2079/2758 2080/3047 2072/2759
f 1753/2624 1752/2939 2101/2678
f 2092/2795 2094/2631 2016/2796
f 2108/2688 2105/2899 1748/2689
f 2029/2665 2036/2662 2035/2660
f 2022/2671 2019/3082 2018/2482
f 2094/2631 2014/2625 2017/2480
f 2038/2492 2037/3083 2036/2662
f 2101/2678 2109/2570 1739/2572
f 1973/2675 1981/3084 1977/2676
f 2043/2629 2042/3085 2041/2680
f 1983/2687 2007/2475 1987/2553
f 1695/2681 1696/2717 1720/2682
f 1754/2693 2123/2908 2113/2694
f 1989/2692 1993/3001 2005/2605
f 1745/2784 1744/3086 1732/2785
f 1695/2681 1719/2683 1718/2501
f 1729/2462 1741/3087 1740/2775
f 1747/2786 1746/3088 1734/2515
f 1707/2798 1708/2716 1696/2717
f 1776/2857 1775/3081 1777/2436
f 1963/2999 1964/2968 1952/2742
f 1970/2685 1959/2991 1947/2978
f 1759/2604 1758/2855 2110/2856
f 1819/2929 1818/2868 1806/2869
f 1890/2944 1902/2982 1901/2429
f 1959/2991 1960/2670 1948/2728
f 1953/2740 1941/3089 1940/2741
f 1844/2735 1856/2853 1855/2598
f 1699/2734 1723/2479 1722/2478
f 1700/2624 1724/3058 1723/2479
f 1693/2725 1694/2768 1718/2501
f 1809/2726 1808/2766 1796/2544
f 1948/2728 1949/2993 1937/2729
f 1778/2723 1777/3090 1769/2437
f 1904/2731 1903/2597 1891/2732
f 1696/2717 1697/2424 1721/2516
f 1725/2738 1724/2860 1700/2739
f 1692/2709 1716/2463 1715/2737
f 1848/2920 1860/2714 1859/2894
f 1903/2597 1902/2596 1890/2925
f 1842/2911 1854/2900 1853/2890
f 1764/2448 1768/2432 1770/2435
f 1761/2898 1760/3091 2105/2899
f 1798/2582 1797/2727 2130/2839
f 2123/2908 1782/3092 1781/2824
f 1946/2987 1935/3000 1923/2988
f 2089/2456 2090/2458 2088/2659
f 1841/2913 1853/2890 1852/2902
f 1968/2994 1969/2684 1957/2995
f 1991/2850 1992/2483 2006/2485
f 2053/2585 2100/3050 2099/2586
f 1775/2431 1776/3093 1768/2432
f 2131/2427 1781/2824 1782/3092
f 2128/2426 1780/2810 1781/2824
f 1912/2428 1900/2722 1901/2429
f 2103/2583 2111/2450 1743/2452
f 2112/2575 2108/2688 1749/2576
f 2130/2839 1784/2620 1785/2807
f 1916/2459 1904/2731 1905/2460
f 1729/2462 1728/2776 1716/2463
f 2110/2856 1745/2639 1746/2568
f 2132/2564 2129/3037 1788/2573
f 1706/2859 1707/2798 1695/2681
f 1798/2582 1810/2581 1809/2726
f 1715/2737 1726/2966 1702/2496
f 1792/2755 1804/2792 1803/2704
f 1772/2761 1774/3094 1773/2762
f 1794/2425 1806/2869 1805/2844
f 1792/2755 1791/2718 2133/2720
f 2052/2537 2051/2630 2053/2756
f 1867/2845 1871/2909 1863/2846
f 1998/2519 1997/2645 2007/2753
f 1801/2563 1813/2446 1812/2445
f 1737/2773 1736/2783 1724/2860
f 1815/2872 1816/3095 1817/3096
f 1817/3096 1818/3097 1819/3098
f 1819/3098 1820/3099 1821/3100
f 1821/3100 1822/3101 1819/3098
f 1822/3101 1823/2870 1819/3098
f 1823/2870 1824/3102 1825/2871
f 1825/2871 1826/3103 1815/2872
f 1794/2425 1807/2765 1806/2869
f 1943/2419 1944/2974 1932/2420
f 1795/2827 1794/2425 2131/2427
f 2014/2828 2012/3064 2011/2801
f 1781/2824 1780/2810 2114/2825
f 2121/2819 1785/2807 1784/2620
f 1788/2591 1787/2589 2119/2821
f 2006/2547 1996/2484 1994/2543
f 2064/2836 2065/3059 2057/2837
f 2117/2814 1789/2574 1788/2573
f 2120/2806 1786/2588 1785/2807
f 2009/2521 1997/2645 1998/2519
f 1783/2621 1782/3092 2123/2803
f 2115/2809 2114/3104 1780/2810
f 2022/2671 2025/2636 2026/2748
f 1961/2816 1973/3008 1974/2817
f 1921/2745 1909/2556 1910/2746
f 2068/2840 2069/3060 2061/2841
f 1888/2752 1876/2751 1877/2861
f 2008/2799 2007/2475 1983/2687
f 2033/2801 2087/2883 2088/2659
f 1739/2781 1750/3105 1738/2774
f 1797/2727 1796/2544 2127/2546
f 1887/2750 1875/2938 1876/2751
f 1736/2779 1748/3106 1747/2780
f 1952/2742 1940/3107 1939/2743
f 1863/2846 1864/3108 1865/2847
f 1865/2847 1866/3109 1867/2845
f 1867/2845 1868/3110 1869/3111
f 1869/3111 1870/3112 1871/2909
f 1871/2909 1872/3113 1873/2910
f 1873/2910 1874/3114 1863/2846
f 1915/3115 1911/2977 1913/3116
f 1794/2425 1793/2489 2128/2426
f 1867/2845 1869/3111 1871/2909
f 2040/2491 2041/2680 2038/2492
f 1756/3117 2124/2823 1755/3118
f 2102/2567 2110/2856 1746/2568
f 1843/2550 1831/2904 1832/2551
f 2113/2826 1752/3119 1753/3120
f 1793/2489 1792/2755 2125/2490
f 1945/2486 1946/2987 1934/2487
f 2118/2822 1759/3121 1760/3122
f 2109/2570 2112/2575 1750/2571
f 1796/2544 1795/2827 2135/2545
f 2017/2480 2048/2627 2047/2481
f 2135/2545 1782/3092 1783/2621
f 1749/2782 1748/3123 1736/2783
f 1731/2710 1743/3124 1742/2787
f 1793/2489 1805/2844 1804/2792
f 1750/2772 1749/3125 1737/2773
f 1740/2777 1739/3126 1727/2778
f 2045/2769 2046/3036 2003/2601
f 1734/2515 1746/3127 1745/2770
f 2011/2565 2028/2634 2027/2533
f 1742/2788 1741/3128 1729/2462
f 1770/2724 1769/2437 1765/2440
f 1817/2863 1816/2791 1804/2792
f 1962/2997 1963/2999 1951/2744
f 1735/2477 1734/2515 1722/2478
f 2116/2813 1761/3129 1762/3130
f 2066/2539 2065/2648 2063/2540
f 1996/2484 1992/2483 1990/2542
f 1825/2444 1824/3131 1812/2445
f 2124/2804 1754/3132 1755/3133
f 2104/2664 1740/2679 1741/2607
f 1894/2441 1882/2907 1883/2442
f 2044/2530 2031/2538 2087/2531
f 2098/2536 2000/2520 1999/2526
f 1761/3134 2118/2815 1760/3135
f 2081/2527 2079/2654 2085/2528
f 1993/3001 1989/2692 1991/3002
f 1978/3004 1979/3010 1967/3005
f 1919/2835 1907/2834 1908/2557
f 1936/2984 1937/2979 1925/2981
f 1941/2969 1942/2611 1930/2970
f 1964/2968 1965/2577 1953/2740
f 1922/2747 1910/2746 1899/2973
f 1966/2578 1967/3005 1955/2986
f 2063/2959 2064/2836 2056/2838
f 2093/2632 2094/2631 2092/2795
f 2005/2962 2002/3063 2004/2963
f 1702/2496 1726/2966 1725/2738
f 1911/2977 1912/3136 1913/3116
f 1913/3116 1914/3137 1915/3115
f 1915/3115 1916/3138 1917/3139
f 1917/3139 1918/3140 1919/2975
f 1919/2975 1920/3141 1921/2976
f 1921/2976 1922/3142 1911/2977
f 1819/3098 1815/2872 1817/3096
f 1709/2422 1710/2763 1698/2423
f 1915/3115 1917/3139 1919/2975
f 1887/2953 1899/2973 1910/2746
f 1896/2955 1908/2557 1907/2834
f 1951/2744 1939/3143 1938/2957
f 1738/2774 1737/2773 1725/2738
f 1939/2989 1940/2998 1928/2990
f 1971/2668 1959/2991 1970/2685
f 1895/2946 1907/2834 1906/2947
f 1812/2843 1811/2580 1799/2848
f 1868/2905 1856/2853 1857/2593
f 1752/2939 1751/3046 2109/2570
f 1910/2746 1909/2556 1897/2941
f 1698/2423 1722/2478 1721/2516
f 1889/2862 1877/2861 1878/2935
f 1892/2790 1880/2789 1881/2937
f 1898/2886 1886/2885 1875/2938
f 1757/2931 1756/2615 2103/2583
f 1896/2794 1884/2793 1885/2930
f 2082/2932 2083/3144 2075/2933
f 1872/2715 1860/2714 1861/2614
f 1905/2460 1904/2731 1892/2949
f 1954/2579 1955/2986 1943/2951
f 1980/3007 1981/2435 1969/2684
f 1867/2896 1855/2598 1856/2853
f 1915/2972 1903/2597 1904/2731
f 1911/2721 1899/2973 1900/2722
f 1815/2702 1826/3062 1814/2703
f 1791/2718 1802/2562 2136/2719
f 1708/2716 1709/2422 1697/2424
f 1890/2705 1878/3145 1879/2706
f 1764/2448 1763/2454 1767/2433
f 1847/2711 1835/2887 1836/2712
f 1845/2699 1833/2882 1834/2700
f 1871/2713 1859/2894 1860/2714
f 1731/2710 1730/2500 1718/2501
f 1703/2708 1704/2873 1692/2709
f 1850/2696 1838/2892 1827/2697
f 1973/2675 1972/3146 1971/3147
f 1971/3147 1982/3148 1973/2675
f 1982/3148 1981/3084 1973/2675
f 1981/3084 1980/3149 1977/2676
f 1980/3149 1979/3150 1977/2676
f 1979/3150 1978/3151 1977/2676
f 1977/2676 1976/3152 1975/3153
f 1975/3153 1974/2669 1977/2676
f 2134/2967 1785/2807 1786/2588
f 1734/2515 1733/2771 1721/2516
f 1758/3154 2119/2811 2120/2812
f 1840/2522 1828/2888 1829/2523
f 1730/2500 1729/2462 1717/2464
f 1773/2438 1774/3155 1766/2439
f 2125/2490 1779/2690 1780/2810
f 2133/2720 1790/2617 1779/2690
f 1776/2434 1778/3156 1770/2435
f 2053/2510 2001/2647 2097/2525
f 1848/2497 1836/2712 1837/2498
f 1751/3157 2114/3104 2115/2809
f 1714/2494 1703/2708 1691/2495
f 1842/2903 1830/3158 1831/2904
f 1893/2906 1881/2937 1882/2907
f 1839/2915 1840/3159 1852/2902
f 1937/2979 1938/3160 1926/2980
f 1821/2897 1820/2764 1808/2766
f 1865/2891 1853/2890 1854/2900
f 1870/2893 1858/2594 1859/2894
f 1913/2430 1901/2429 1902/2982
f 1849/2499 1837/2498 1838/2892
f 1866/2895 1854/2599 1855/2598
f 1863/2879 1851/2878 1852/2902
f 1845/2916 1846/3161 1858/2594
f 1900/2722 1899/2973 1887/2927
f 1897/2884 1885/2930 1886/2885
f 1844/2552 1832/2551 1833/2882
f 1961/2816 1962/2818 1950/2992
f 1841/2524 1829/2523 1830/2880
f 1713/2641 1714/2494 1702/2496
f 1846/2701 1834/2700 1835/2887
f 2029/2874 2002/2468 2001/2470
f 2038/2492 2041/2680 2042/2876
f 1935/3000 1936/2984 1924/2985
f 1818/2868 1817/2863 1805/2844
f 1704/2873 1705/2767 1693/2725
f 1705/2767 1706/2859 1694/2768
f 1874/2866 1862/2613 1851/2878
f 1839/2698 1827/2697 1828/2888
f 1822/2867 1821/2897 1809/2726
f 1864/2889 1852/2902 1853/2890
f 1710/2763 1711/2622 1699/2734
f 1802/2562 1814/2703 1813/2446
f 1973/3008 1961/2816 1960/2670
f 1978/3004 1966/2578 1965/2577
f 2096/2548 1987/2561 1988/2560
f 1976/2449 1977/3009 1965/2577
f 1963/2999 1975/3162 1976/2449
f 1980/3007 1968/2994 1967/3005
f 1974/3011 1975/3162 1963/2999
f 1981/2435 1982/3006 1970/2685
f 1744/3012 1743/3163 1731/2710
f 1704/3013 1713/3066 1709/3014
f 1955/2986 1956/2996 1944/3016
f 1889/3018 1901/2429 1900/2722
f 1958/2686 1947/2978 1935/3020
f 1949/2993 1950/2992 1938/3022
f 1717/2464 1716/2463 1692/2709
f 1894/3024 1906/2947 1905/2460
f 1953/2740 1954/2579 1942/3026
f 1795/2827 1796/2544 1808/2766
f 1957/2995 1945/3164 1944/3028
f 1948/2728 1936/3165 1935/3029
f 1958/2686 1946/3166 1945/3030
f 1861/2614 1860/2714 1848/3031
f 2050/3033 2049/3167 2047/2481
f 1967/3005 1968/2994 1956/2996
f 1799/2848 1798/2582 2134/2967
f 1762/3034 1761/2898 2108/2688
f 2045/2769 2032/2457 2031/3035
f 1801/2563 1800/2849 2129/3037
f 2039/2493 2029/2874 2030/2875
f 1767/2433 1763/2454 1765/2440
f 2081/3038 2082/2932 2074/2934
f 2024/2534 2023/2514 2021/3040
f 2024/2534 2025/2636 2022/2671
f 2001/2647 1993/3168 1995/3042
f 1800/2940 1799/2848 2126/2587
f 1727/2778 1738/2774 1726/2966
f 2066/3043 2067/3169 2059/3044
f 1751/3046 1762/3034 2112/2575
f 2080/3047 2081/3038 2073/3039
f 2070/3048 2063/2959 2055/2960
f 2100/3050 2049/3170 2050/2507
f 2084/2541 2085/3061 2077/3051
f 2067/3052 2068/2840 2060/2648
f 1755/2616 1754/2623 2107/2606
f 2083/3054 2084/2541 2076/2527
f 2086/3056 2079/2758 2071/2760
f 1736/2779 1735/2477 1723/2479
f 2065/3059 2066/3043 2058/3045
f 2069/3060 2070/3048 2062/3049
f 1732/2785 1731/2710 1719/2683
f 2085/3061 2086/3056 2078/3057
f 1826/3062 1825/2444 1813/2446
f 2029/2665 2045/2666 2004/2963
f 1960/2670 1961/2816 1949/2993
f 2093/2632 2091/2961 2012/3064
f 2136/2719 2132/2564 1789/2574
f 2003/2643 2098/2536 2097/2525
f 1757/3074 1758/3171 2120/2806
f 1751/3075 2115/2805 2116/2691
f 1757/3079 2121/2819 2122/2820
f 2127/2546 2135/2545 1783/2621
f 2131/2427 2128/2426 1781/2824
f 2128/2426 2125/2490 1780/2810
f 2130/2839 2127/2546 1784/2620
f 2110/2856 2106/2638 1745/2639
f 1794/2425 1795/2827 1807/2765
f 1915/3115 1919/2975 1911/2977
f 1756/3117 2122/2619 2124/2823
f 2113/2826 2114/2825 1752/3119
f 2118/2822 2119/2821 1759/3121
f 2135/2545 2131/2427 1782/3092
f 2116/2813 2117/2618 1761/3129
f 2124/2804 2123/2803 1754/3132
f 2104/2664 2101/2678 1740/2679
f 1761/3134 2117/2814 2118/2815
f 1819/3098 1823/2870 1815/2872
f 2134/2967 2130/2839 1785/2807
f 1758/3154 1759/3172 2119/2811
f 2125/2490 2133/2720 1779/2690
f 2133/2720 2136/2719 1790/2617
f 1751/3157 1752/3173 2114/3104
f 2096/2548 2095/2554 1987/2561
o Selector
v 0.3438 -0.8438 -4
v 0.3438 -1 -4.125
v 0.3438 -0.9375 -4.1875
v 0.3438 -0.7188 -4.0625
v 0.3438 -0.7188 -3.5
v 0.3438 -0.9688 -3.5
v 0.3438 -0.9321 -3.4116
v 0.3438 -0.8438 -3.375
v 0.3438 -0.7554 -3.4116
v 0.4062 -0.7188 -3.5
v 0.4062 -0.9688 -3.5
v 0.4062 -0.9321 -3.4116
v 0.4062 -0.8438 -3.375
v 0.4062 -0.7554 -3.4116
v 0.4688 -0.8438 -4
v 0.4688 -0.7188 -4.0625
v 0.4688 -1 -4.125
v 0.4688 -0.9375 -4.1875
v 0.4688 -0.7188 -3.75
v 0.4688 -0.9063 -3.75
vt 0.7181 0.4208
vt 0.7259 0.417
vt 0.7259 0.4208
vt 0.722 0.4788
vt 0.7259 0.4749
vt 0.7259 0.4788
vt 0.7181 0.4363
vt 0.722 0.4749
vt 0.7259 0.471
vt 0.722 0.4826
vt 0.7259 0.4826
vt 0.7181 0.471
vt 0.7066 0.4556
vt 0.7181 0.4556
vt 0.722 0.4865
vt 0.7259 0.4865
vt 0.7181 0.417
vt 0.722 0.471
vt 0.7181 0.39
vt 0.722 0.3745
vt 0.7259 0.3745
vt 0.7104 0.4402
vt 0.7159 0.4765
vt 0.7104 0.4788
vt 0.7104 0.4324
vt 0.7127 0.4208
vt 0.7027 0.471
vt 0.7259 0.4054
vt 0.7259 0.4363
vt 0.7181 0.4054
vt 0.705 0.4765
s 1
f 2154/3174 2138/3175 2139/3176
f 2149/3177 2145/3178 2144/3179
f 2139/3176 2152/3180 2154/3174
f 2150/3181 2141/3182 2145/3178
f 2148/3183 2144/3179 2143/3184
f 2146/3185 2156/3186 2155/3187
f 2147/3188 2143/3184 2142/3189
f 2154/3174 2153/3190 2138/3175
f 2141/3182 2146/3191 2155/3187
f 2156/3192 2147/3193 2142/3194
f 2151/3195 2155/3187 2156/3186
f 2146/3185 2150/3196 2149/3197
f 2154/3174 2151/3198 2153/3199
f 2154/3174 2152/3180 2151/3198
f 2146/3185 2147/3200 2156/3186
f 2148/3183 2149/3177 2144/3179
f 2137/3201 2138/3175 2153/3190
f 2147/3188 2148/3183 2143/3184
f 2150/3181 2146/3191 2141/3182
f 2149/3177 2150/3181 2145/3178
f 2152/3180 2140/3202 2155/3187
f 2140/3202 2141/3182 2155/3187
f 2142/3194 2137/3201 2156/3192
f 2137/3201 2151/3203 2156/3192
f 2151/3195 2152/3180 2155/3187
f 2149/3197 2148/3204 2147/3200
f 2147/3200 2146/3185 2149/3197
f 2139/3176 2140/3202 2152/3180
f 2137/3201 2153/3190 2151/3203
o Silencer
v 0.3125 0 11.25
v 0.221 0.221 11.25
v -0 0.3125 11.25
v -0.221 0.221 11.25
v -0.3125 0 11.25
v -0.221 -0.221 11.25
v 0 -0.3125 11.25
v 0.221 -0.221 11.25
v 0.3125 0 11.5625
v 0.221 0.221 11.5625
v -0 0.3125 11.5625
v -0.221 0.221 11.5625
v -0.3125 0 11.5625
v -0.221 -0.221 11.5625
v 0 -0.3125 11.5625
v 0.221 -0.221 11.5625
v 0.5 0 11.5625
v 0.3536 0.3536 11.5625
v -0 0.5 11.5625
v -0.3536 0.3536 11.5625
v -0.5 0 11.5625
v -0.3536 -0.3536 11.5625
v 0 -0.5 11.5625
v 0.3536 -0.3536 11.5625
v 0.5 0 15.3125
v 0.3536 0.3536 15.3125
v -0 0.5 15.3125
v -0.3536 0.3536 15.3125
v -0.5 0 15.3125
v -0.3536 -0.3536 15.3125
v -0 -0.5 15.3125
v 0.3536 -0.3536 15.3125
v 0.0937 0 15.3125
v 0.0663 0.0663 15.3125
v -0 0.0938 15.3125
v -0.0663 0.0663 15.3125
v -0.0938 0 15.3125
v -0.0663 -0.0663 15.3125
v -0 -0.0937 15.3125
v 0.0663 -0.0663 15.3125
v 0.0937 0 14.8125
v 0.0663 0.0663 14.8125
v -0 0.0938 14.8125
v -0.0663 0.0663 14.8125
v -0.0938 0 14.8125
v -0.0663 -0.0663 14.8125
v -0 -0.0937 14.8125
v 0.0663 -0.0663 14.8125
v 0.3536 -0.3536 13.4375
v -0.3536 -0.3536 13.4375
v -0.3536 0.3536 13.4375
v 0.3536 0.3536 13.4375
v -0 -0.5 13.4375
v -0.5 0 13.4375
v -0 0.5 13.4375
v 0.5 0 13.4375
v 0.3536 -0.3536 14.375
v -0.3536 -0.3536 14.375
v -0.3536 0.3536 14.375
v 0.3536 0.3536 14.375
v -0 -0.5 14.375
v -0.5 0 14.375
v -0 0.5 14.375
v 0.3536 0.3536 12.5
v -0.3536 -0.3536 12.5
v 0.3536 -0.3536 12.5
v -0.3536 0.3536 12.5
v -0.5 0 12.5
v -0 0.5 12.5
v 0.5 0 12.5
v -0 -0.5 12.5
v 0.5 0 14.375
vt 0.8651 0.5651
vt 0.8538 0.5923
vt 0.9308 0.5923
vt 0.9923 0.6231
vt 0.9308 0.6308
vt 0.9308 0.6231
vt 0.9726 0.5495
vt 0.9923 0.5577
vt 0.9808 0.5692
vt 1 0.6692
vt 0.9615 0.6385
vt 1 0.6385
vt 1 0.8231
vt 0.9615 0.8538
vt 0.9615 0.8231
vt 1 0.9615
vt 0.9615 0.9923
vt 0.9615 0.9615
vt 1 0.8692
vt 0.9615 0.9
vt 0.9615 0.8692
vt 0.8231 0.8615
vt 0.9385 0.9077
vt 0.8231 0.9077
vt 1 0.9154
vt 0.9615 0.9462
vt 0.9615 0.9154
vt 1 0.8077
vt 0.9615 0.7769
vt 1 0.7769
vt 1 0.7615
vt 0.9615 0.7308
vt 1 0.7308
vt 0.4769 0.7231
vt 0.5923 0.6769
vt 0.5923 0.7231
vt 0.9615 0.7154
vt 1 0.6846
vt 1 0.7154
vt 0.8231 0.6769
vt 0.9385 0.6308
vt 0.9385 0.6769
vt 0.9385 0.9538
vt 0.8231 0.9538
vt 0.9385 1
vt 0.8231 1
vt 0.8231 0.7231
vt 0.9385 0.7692
vt 0.8231 0.7692
vt 0.4308 0.8885
vt 0.4769 0.8615
vt 0.4769 0.9077
vt 0.9385 0.8154
vt 0.5923 0.8154
vt 0.7077 0.8615
vt 0.5923 0.8615
vt 0.9615 0.7615
vt 0.4769 0.9538
vt 0.4308 0.9269
vt 0.9615 0.8077
vt 0.4308 0.6962
vt 0.4769 0.6769
vt 0.4308 0.75
vt 0.4769 0.7692
vt 0.4308 0.7962
vt 0.4769 0.8154
vt 0.4769 0.6308
vt 0.4308 0.6577
vt 0.4308 0.65
vt 0.4308 0.9808
vt 0.4769 1
vt 0.9615 0.6692
vt 0.4308 0.8346
vt 0.9385 0.7231
vt 0.9615 0.6846
vt 0.9923 0.6
vt 0.9308 0.6077
vt 0.9308 0.6
vt 0.8231 0.8154
vt 0.9923 0.5692
vt 0.9308 0.5769
vt 0.9308 0.5692
vt 0.9923 0.5846
vt 0.9308 0.5846
vt 0.9385 0.8615
vt 0.9923 0.5769
vt 0.9923 0.6077
vt 0.9308 0.6154
vt 0.8651 0.6195
vt 0.8923 0.6308
vt 0.9195 0.6195
vt 0.9195 0.5651
vt 0.8923 0.5538
vt 0.7077 0.7231
vt 0.7077 0.7692
vt 0.7077 0.9077
vt 0.7077 0.9538
vt 1 0.8538
vt 0.7077 1
vt 0.7077 0.6308
vt 0.7077 0.6769
vt 1 0.9923
vt 0.8231 0.6308
vt 1 0.9
vt 0.9923 0.6308
vt 0.9808 0.5462
vt 0.5923 1
vt 0.5923 0.9077
vt 0.5923 0.9538
vt 0.7077 0.8154
vt 0.5923 0.7692
vt 0.5923 0.6308
vt 1 0.9462
vt 0.4308 0.8808
vt 0.9726 0.5659
vt 0.9692 0.5577
vt 0.9889 0.5495
vt 0.9889 0.5659
vt 0.9923 0.6154
vt 0.4308 0.9346
vt 0.4308 0.7038
vt 0.4308 0.7423
vt 0.4308 0.7885
vt 0.4308 0.9731
vt 0.4308 0.8423
vt 0.9923 0.5923
s 1
f 2160/3205 2159/3206 2163/3207
f 2204/3208 2195/3209 2196/3210
f 2200/3211 2203/3212 2197/3213
f 2164/3214 2171/3215 2163/3216
f 2159/3217 2168/3218 2167/3219
f 2162/3220 2171/3221 2170/3222
f 2160/3223 2169/3224 2168/3225
f 2223/3226 2177/3227 2224/3228
f 2161/3229 2170/3230 2169/3231
f 2159/3232 2166/3233 2158/3234
f 2158/3235 2165/3236 2157/3237
f 2181/3238 2213/3239 2228/3240
f 2165/3241 2164/3242 2157/3243
f 2222/3244 2179/3245 2180/3246
f 2224/3228 2178/3247 2221/3248
f 2221/3248 2179/3249 2227/3250
f 2226/3251 2174/3252 2220/3253
f 2193/3254 2184/3255 2185/3256
f 2179/3249 2170/3222 2171/3221
f 2178/3247 2169/3231 2170/3230
f 2168/3218 2175/3257 2167/3219
f 2219/3258 2207/3259 2215/3260
f 2174/3252 2165/3236 2166/3261
f 2186/3262 2193/3263 2185/3256
f 2175/3257 2166/3233 2167/3264
f 2181/3238 2196/3265 2188/3266
f 2190/3267 2181/3238 2182/3268
f 2191/3269 2182/3268 2183/3270
f 2187/3271 2196/3272 2195/3273
f 2195/3274 2186/3262 2187/3275
f 2172/3276 2179/3245 2171/3215
f 2184/3255 2191/3277 2183/3270
f 2173/3278 2172/3279 2165/3241
f 2199/3280 2190/3281 2191/3282
f 2220/3253 2175/3257 2225/3283
f 2192/3207 2199/3280 2191/3282
f 2203/3284 2194/3285 2195/3286
f 2201/3287 2192/3207 2193/3288
f 2225/3283 2176/3289 2223/3226
f 2202/3290 2193/3288 2194/3285
f 2198/3291 2189/3292 2190/3281
f 2169/3224 2176/3289 2168/3225
f 2159/3206 2158/3293 2163/3207
f 2158/3293 2157/3294 2163/3207
f 2157/3294 2164/3295 2163/3207
f 2163/3207 2162/3296 2161/3297
f 2161/3297 2160/3205 2163/3207
f 2165/3241 2172/3279 2164/3242
f 2212/3298 2220/3253 2208/3299
f 2210/3300 2221/3248 2206/3301
f 2159/3217 2160/3302 2168/3218
f 2206/3301 2227/3250 2209/3303
f 2209/3304 2222/3244 2205/3305
f 2164/3214 2172/3276 2171/3215
f 2228/3240 2205/3305 2212/3298
f 2162/3220 2163/3306 2171/3221
f 2207/3259 2224/3228 2210/3300
f 2223/3226 2176/3289 2177/3227
f 2222/3244 2227/3307 2179/3245
f 2160/3223 2161/3308 2169/3224
f 2204/3208 2203/3309 2195/3209
f 2200/3211 2201/3310 2203/3212
f 2224/3228 2177/3227 2178/3247
f 2186/3262 2217/3311 2187/3275
f 2218/3312 2206/3301 2214/3313
f 2211/3314 2223/3226 2207/3259
f 2228/3240 2208/3299 2216/3315
f 2216/3315 2211/3314 2219/3258
f 2208/3299 2225/3283 2211/3314
f 2185/3256 2214/3313 2186/3262
f 2214/3313 2209/3303 2217/3311
f 2212/3298 2222/3244 2226/3251
f 2215/3260 2210/3300 2218/3312
f 2188/3266 2217/3316 2213/3239
f 2226/3251 2180/3246 2173/3278
f 2181/3238 2216/3315 2182/3268
f 2182/3268 2219/3258 2183/3270
f 2184/3255 2218/3312 2185/3256
f 2217/3316 2205/3305 2213/3239
f 2158/3235 2166/3261 2165/3236
f 2221/3248 2178/3247 2179/3249
f 2159/3232 2167/3264 2166/3233
f 2181/3238 2188/3266 2213/3239
f 2226/3251 2173/3278 2174/3252
f 2161/3229 2162/3317 2170/3230
f 2193/3254 2192/3318 2184/3255
f 2179/3249 2178/3247 2170/3222
f 2197/3213 2198/3319 2199/3320
f 2199/3320 2200/3211 2197/3213
f 2183/3270 2215/3260 2184/3255
f 2201/3310 2202/3321 2203/3212
f 2203/3212 2204/3322 2197/3213
f 2197/3323 2196/3210 2189/3292
f 2178/3247 2177/3227 2169/3231
f 2168/3218 2176/3289 2175/3257
f 2219/3258 2211/3314 2207/3259
f 2174/3252 2173/3278 2165/3236
f 2186/3262 2194/3324 2193/3263
f 2175/3257 2174/3252 2166/3233
f 2181/3238 2189/3325 2196/3265
f 2190/3267 2189/3326 2181/3238
f 2191/3269 2190/3327 2182/3268
f 2187/3271 2188/3266 2196/3272
f 2195/3274 2194/3328 2186/3262
f 2172/3276 2180/3246 2179/3245
f 2184/3255 2192/3329 2191/3277
f 2173/3278 2180/3246 2172/3279
f 2199/3280 2198/3291 2190/3281
f 2220/3253 2174/3252 2175/3257
f 2192/3207 2200/3330 2199/3280
f 2203/3284 2202/3290 2194/3285
f 2201/3287 2200/3330 2192/3207
f 2225/3283 2175/3257 2176/3289
f 2202/3290 2201/3287 2193/3288
f 2198/3291 2197/3323 2189/3292
f 2169/3224 2177/3227 2176/3289
f 2212/3298 2226/3251 2220/3253
f 2210/3300 2224/3228 2221/3248
f 2206/3301 2221/3248 2227/3250
f 2209/3304 2227/3307 2222/3244
f 2228/3240 2213/3239 2205/3305
f 2207/3259 2223/3226 2224/3228
f 2186/3262 2214/3313 2217/3311
f 2218/3312 2210/3300 2206/3301
f 2211/3314 2225/3283 2223/3226
f 2228/3240 2212/3298 2208/3299
f 2216/3315 2208/3299 2211/3314
f 2208/3299 2220/3253 2225/3283
f 2185/3256 2218/3312 2214/3313
f 2214/3313 2206/3301 2209/3303
f 2212/3298 2205/3305 2222/3244
f 2215/3260 2207/3259 2210/3300
f 2188/3266 2187/3271 2217/3316
f 2226/3251 2222/3244 2180/3246
f 2181/3238 2228/3240 2216/3315
f 2182/3268 2216/3315 2219/3258
f 2184/3255 2215/3260 2218/3312
f 2217/3316 2209/3304 2205/3305
f 2183/3270 2219/3258 2215/3260
f 2197/3323 2204/3208 2196/3210
o Stock
v 0.3438 -0.3438 -6.625
v -0.4688 -0.0938 -6.625
v -0.3438 -0.3438 -6.625
v -0.4688 0.0938 -6.625
v 0.4688 0.0938 -6.625
v 0.4688 -0.0938 -6.625
v -0.3438 -0.7188 -6.625
v 0.3438 -0.7188 -6.625
v -0.3438 0.3437 -6.625
v 0.3438 0.3437 -6.625
v 0.1547 0.7355 -6.625
v 0 0.7812 -6.625
v -0.1547 0.7355 -6.625
v 0.1562 0.3437 -7.375
v -0.1562 0.3437 -7.375
v 0.4062 0.0937 -7.375
v 0.4062 -0.0938 -7.375
v 0.3438 -0.3438 -7.625
v 0.1562 0.2187 -7.625
v -0.1562 0.2187 -7.625
v 0.1562 0.1562 -8
v -0.1562 0.1562 -8
v 0.1563 0.1562 -12.125
v -0.1562 0.1562 -12.125
v 0.3438 0.0312 -8
v 0.3438 0.0312 -12.125
v 0.3438 -0.6563 -7.25
v 0.2188 -0.7813 -7.25
v -0.2188 -0.7813 -7.25
v 0.1563 -2.4063 -12.125
v 0.3438 -2.2188 -12.125
v -0.1562 -2.4063 -12.125
v 0.3438 0.0312 -7.625
v -0.3438 -0.6563 -7.25
v -0.3438 -0.3438 -7.625
v -0.3437 -2.2188 -12.125
v -0.3437 0.0312 -12.125
v -0.3438 0.0312 -8
v -0.3438 0.0312 -7.625
v -0.4062 0.0937 -7.375
v -0.4062 -0.0938 -7.375
v 0.1563 0.1562 -12.5
v -0.1562 0.1562 -12.5
v 0.3438 0.0312 -12.5
v 0.1563 -2.4063 -12.5
v 0.3438 -2.2188 -12.5
v -0.1562 -2.4063 -12.5
v -0.3437 -2.2188 -12.5
v -0.3437 0.0312 -12.5
v 0.3438 -1.4688 -12.3125
v 0.3438 -0.7188 -12.3125
v -0.3437 -1.4688 -12.3125
v -0.3437 -0.7188 -12.3125
v -0.1562 0.1562 -10.0625
v 0.1563 0.1562 -10.0625
v 0.1875 -1.5938 -9.6875
v 0.3438 -1.4375 -9.6875
v -0.1875 -1.5938 -9.6875
v 0.3438 -1.2813 -9.875
v 0.3438 0.0312 -10.0625
v 0.3438 -0.1563 -9.875
v 0.3438 -1.0938 -12.125
v -0.3437 -1.4375 -9.6875
v -0.3437 -1.2813 -9.875
v -0.3437 -1.0938 -12.125
v -0.3437 -0.1563 -9.875
v -0.3437 0.0312 -10.0625
v 0.3438 -1.4688 -12.2188
v -0.3437 -0.7188 -12.2188
v -0.2031 -1.1875 -8.4688
v 0.1562 0.1562 -9.0312
v -0.3437 -1.1875 -11
v -0.3437 -0.625 -11
v -0.3438 -0.25 -8.75
v -0.1562 0.1562 -11.0938
v 0.1563 0.1562 -11.0938
v 0.3438 -0.8125 -8.75
v 0.1719 -2 -10.9062
v 0.3438 -1.0469 -8.4688
v 0.3438 -1.8281 -10.9062
v -0.1719 -2 -10.9062
v -0.3438 -0.8125 -8.75
v 0.3438 -1.75 -11
v 0.3438 0.0312 -11.0938
v 0.3438 -0.0625 -11
v 0.2031 -1.1875 -8.4688
v -0.3437 -1.8281 -10.9062
v -0.3437 -1.75 -11
v -0.3437 -0.0625 -11
v -0.3437 0.0312 -11.0938
v -0.3438 0.0312 -9.0312
v 0.3438 0.0312 -9.0312
v -0.3438 -1.0469 -8.4688
v -0.1562 0.1562 -9.0312
v 0.3438 -1.1875 -11
v 0.3438 -0.25 -8.75
v 0.3438 -0.625 -11
vt 0.9807 0.0888
vt 0.9807 0.1158
vt 0.9344 0.1081
vt 0.9807 0.0695
vt 0.9344 0.0502
vt 0.9807 0.0425
vt 0.7075 0.1535
vt 0.61 0.1467
vt 0.7075 0.1409
vt 0.9884 0.0792
vt 0.9344 0.0695
vt 0.9884 0.0695
vt 0.9305 0.2375
vt 0.861 0.2664
vt 0.9305 0.2722
vt 0.2664 0.2896
vt 0.2471 0.2664
vt 0.2664 0.2664
vt 0.7066 0.2819
vt 0.7046 0.0541
vt 0.7683 0.0695
vt 0.7046 0.0695
vt 0.6602 0.2703
vt 0.6602 0.2548
vt 0.722 0.2548
vt 0.7066 0.2703
vt 0.8958 0.0888
vt 0.9189 0.0695
vt 0.9189 0.0888
vt 0.3629 0.2664
vt 0.4093 0.2239
vt 0.4093 0.2664
vt 0.7046 0.1042
vt 0.6409 0.0888
vt 0.7046 0.0888
vt 0.6892 0.1458
vt 0.61 0.1197
vt 0.6892 0.1207
vt 0.6988 0.2355
vt 0.6602 0.2317
vt 0.61 0.1583
vt 0.5714 0.1506
vt 0.9344 0.0888
vt 0.9884 0.0888
vt 0.7741 0.2114
vt 0.832 0.0888
vt 0.832 0.0695
vt 0.9189 0.0541
vt 0.9247 0.1631
vt 1 0.139
vt 0.9305 0.168
vt 0.9363 0.278
vt 1 0.278
vt 0.9305 0.2027
vt 0.861 0.1969
vt 0.8958 0.0695
vt 0.7915 0.2259
vt 0.7915 0.2606
vt 0.722 0.278
vt 0.7452 0.278
vt 0.5714 0.1158
vt 0.61 0.1081
vt 0.6602 0.2973
vt 0.9344 0.1274
vt 0.8726 0.278
vt 0.6409 0.0695
vt 0.8089 0.278
vt 0.9189 0.1042
vt 1 0.2085
vt 0.2317 0.2664
vt 0.1853 0.2722
vt 0.1622 0.2664
vt 0.4208 0.2664
vt 0.3745 0.2722
vt 0.3514 0.2664
vt 0.0772 0.2896
vt 0.0579 0.2664
vt 0.0772 0.2664
vt 0.3166 0.2239
vt 0.3629 0.2239
vt 0.6602 0.2819
vt 0.0927 0.2896
vt 0.0927 0.2664
vt 0.832 0.0541
vt 0.2819 0.2664
vt 0.3282 0.278
vt 0.2819 0.2896
vt 0.4208 0.2896
vt 0.3745 0.278
vt 0.4208 0.2355
vt 0.2471 0.2896
vt 0.2625 0.2355
vt 0.2703 0.2664
vt 0.2625 0.2548
vt 0.0579 0.2896
vt 0.0425 0.2664
vt 0.2317 0.2896
vt 0.1853 0.278
vt 0.139 0.278
vt 0.8958 0.1042
vt 0.8494 0.1873
vt 0.9266 0.1429
vt 0.8475 0.1226
vt 0.9266 0.1236
vt 0.7683 0.1216
vt 0.9025 0.1293
vt 1 0.1236
vt 0.832 0.1042
vt 0.7683 0.0888
vt 0.8475 0.1438
vt 0.9025 0.1438
vt 0.805 0.1351
vt 0.4208 0.2548
vt 0.2703 0.2239
vt 0.3166 0.2664
vt 0.7683 0.0541
vt 0.7683 0.1448
vt 0.7683 0.1042
vt 0.6409 0.0541
vt 0.805 0.1486
vt 0.6409 0.1042
vt 0.8958 0.0541
vt 0.0425 0.2896
s 1
f 2239/3331 2238/3332 2242/3333
f 2241/3334 2243/3335 2237/3336
f 2307/3337 2256/3338 2314/3339
f 2240/3340 2243/3341 2241/3342
f 2301/3343 2294/3344 2317/3345
f 2270/3346 2252/3347 2251/3348
f 2268/3349 2237/3336 2243/3335
f 2318/3350 2282/3351 2303/3352
f 2234/3353 2229/3354 2246/3355
f 2245/3356 2234/3353 2246/3355
f 2249/3357 2248/3358 2247/3359
f 2280/3360 2274/3361 2276/3362
f 2312/3363 2251/3364 2304/3365
f 2314/3366 2257/3367 2298/3368
f 2255/3369 2246/3355 2236/3370
f 2255/3371 2236/3372 2256/3338
f 2242/3373 2240/3340 2239/3374
f 2321/3375 2257/3367 2262/3369
f 2299/3376 2282/3351 2322/3377
f 2268/3335 2248/3358 2267/3378
f 2308/3379 2259/3380 2311/3381
f 2312/3382 2313/3345 2254/3383
f 2311/3381 2323/3384 2287/3385
f 2250/3386 2267/3378 2248/3358
f 2305/3387 2324/3388 2246/3355
f 2246/3355 2261/3389 2245/3356
f 2253/3390 2261/3389 2246/3355
f 2244/3349 2245/3356 2261/3389
f 2229/3354 2236/3370 2246/3355
f 2257/3367 2235/3391 2262/3392
f 2235/3370 2263/3355 2262/3369
f 2235/3370 2231/3354 2263/3355
f 2238/3393 2244/3394 2242/3333
f 2317/3345 2295/3395 2318/3382
f 2315/3379 2316/3381 2264/3380
f 2316/3381 2292/3385 2300/3384
f 2304/3365 2252/3396 2303/3352
f 2302/3388 2266/3390 2319/3397
f 2236/3372 2257/3367 2256/3338
f 2247/3359 2244/3333 2261/3398
f 2323/3384 2290/3399 2325/3343
f 2265/3400 2297/3401 2293/3402
f 2259/3403 2296/3404 2290/3405
f 2247/3359 2243/3341 2242/3373
f 2231/3354 2230/3353 2263/3355
f 2269/3356 2263/3355 2230/3353
f 2268/3349 2267/3389 2269/3356
f 2269/3356 2267/3389 2263/3355
f 2266/3390 2263/3355 2267/3389
f 2275/3406 2258/3407 2260/3408
f 2280/3360 2279/3409 2278/3410
f 2245/3356 2233/3411 2234/3353
f 2276/3412 2260/3408 2264/3413
f 2232/3411 2269/3356 2230/3353
f 2319/3414 2250/3386 2322/3377
f 2254/3415 2279/3416 2272/3417
f 2259/3403 2274/3418 2278/3419
f 2279/3416 2290/3405 2296/3404
f 2272/3417 2251/3348 2254/3415
f 2273/3420 2276/3362 2274/3361
f 2271/3421 2265/3400 2252/3347
f 2270/3422 2277/3423 2271/3424
f 2273/3425 2259/3426 2258/3407
f 2277/3427 2281/3428 2265/3400
f 2276/3412 2264/3413 2280/3429
f 2280/3429 2293/3402 2297/3401
f 2310/3387 2263/3355 2302/3388
f 2249/3357 2261/3398 2253/3430
f 2310/3387 2291/3431 2321/3375
f 2258/3432 2309/3433 2260/3434
f 2293/3399 2300/3384 2301/3343
f 2254/3383 2325/3343 2290/3399
f 2285/3431 2305/3387 2307/3375
f 2320/3397 2289/3344 2288/3395
f 2292/3385 2301/3343 2300/3384
f 2325/3343 2313/3345 2289/3344
f 2315/3379 2286/3435 2291/3431
f 2253/3390 2324/3388 2320/3397
f 2263/3355 2321/3375 2262/3369
f 2259/3380 2306/3436 2258/3437
f 2253/3430 2299/3376 2249/3357
f 2320/3438 2283/3439 2299/3376
f 2307/3375 2246/3355 2255/3369
f 2306/3440 2286/3435 2309/3433
f 2278/3419 2296/3404 2259/3403
f 2308/3441 2284/3442 2306/3436
f 2273/3420 2275/3443 2276/3362
f 2264/3380 2309/3433 2315/3379
f 2270/3422 2272/3444 2277/3423
f 2310/3387 2294/3344 2292/3385
f 2281/3428 2297/3401 2265/3400
f 2281/3445 2272/3444 2279/3409
f 2295/3446 2322/3377 2282/3351
f 2287/3385 2325/3343 2289/3344
f 2294/3344 2319/3397 2295/3395
f 2283/3439 2303/3352 2282/3351
f 2316/3381 2293/3399 2264/3380
f 2292/3385 2315/3379 2291/3431
f 2265/3383 2317/3345 2318/3382
f 2289/3344 2305/3387 2287/3385
f 2290/3399 2311/3381 2259/3380
f 2288/3395 2313/3345 2312/3382
f 2308/3379 2287/3385 2285/3431
f 2249/3357 2322/3377 2250/3386
f 2291/3431 2298/3368 2321/3375
f 2284/3447 2298/3368 2286/3435
f 2288/3448 2304/3365 2283/3439
f 2265/3449 2303/3352 2252/3396
f 2301/3343 2265/3383 2293/3399
f 2285/3450 2314/3339 2284/3442
f 2307/3337 2255/3371 2256/3338
f 2270/3346 2271/3421 2252/3347
f 2268/3349 2232/3411 2237/3336
f 2318/3350 2295/3446 2282/3351
f 2249/3357 2250/3386 2248/3358
f 2280/3360 2278/3410 2274/3361
f 2312/3363 2254/3451 2251/3364
f 2314/3366 2256/3338 2257/3367
f 2242/3373 2243/3341 2240/3340
f 2321/3375 2298/3368 2257/3367
f 2299/3376 2283/3439 2282/3351
f 2268/3335 2243/3341 2248/3358
f 2250/3386 2266/3452 2267/3378
f 2238/3393 2233/3411 2244/3394
f 2317/3345 2294/3344 2295/3395
f 2304/3365 2251/3364 2252/3396
f 2302/3388 2263/3355 2266/3390
f 2236/3372 2235/3391 2257/3367
f 2247/3359 2242/3373 2244/3333
f 2247/3359 2248/3358 2243/3341
f 2275/3406 2273/3425 2258/3407
f 2280/3360 2281/3445 2279/3409
f 2245/3356 2244/3349 2233/3411
f 2276/3412 2275/3406 2260/3408
f 2232/3411 2268/3349 2269/3356
f 2319/3414 2266/3452 2250/3386
f 2279/3416 2254/3415 2290/3405
f 2272/3417 2270/3346 2251/3348
f 2271/3421 2277/3427 2265/3400
f 2273/3425 2274/3453 2259/3426
f 2280/3429 2264/3413 2293/3402
f 2249/3357 2247/3359 2261/3398
f 2310/3387 2292/3385 2291/3431
f 2258/3432 2306/3440 2309/3433
f 2254/3383 2313/3345 2325/3343
f 2285/3431 2287/3385 2305/3387
f 2320/3397 2324/3388 2289/3344
f 2292/3385 2294/3344 2301/3343
f 2315/3379 2309/3433 2286/3435
f 2253/3390 2246/3355 2324/3388
f 2263/3355 2310/3387 2321/3375
f 2259/3380 2308/3441 2306/3436
f 2253/3430 2320/3438 2299/3376
f 2320/3438 2288/3448 2283/3439
f 2307/3375 2305/3387 2246/3355
f 2306/3440 2284/3447 2286/3435
f 2278/3419 2279/3416 2296/3404
f 2308/3441 2285/3450 2284/3442
f 2264/3380 2260/3434 2309/3433
f 2310/3387 2302/3388 2294/3344
f 2281/3428 2280/3429 2297/3401
f 2281/3445 2277/3423 2272/3444
f 2295/3446 2319/3414 2322/3377
f 2287/3385 2323/3384 2325/3343
f 2294/3344 2302/3388 2319/3397
f 2283/3439 2304/3365 2303/3352
f 2316/3381 2300/3384 2293/3399
f 2292/3385 2316/3381 2315/3379
f 2289/3344 2324/3388 2305/3387
f 2290/3399 2323/3384 2311/3381
f 2288/3395 2289/3344 2313/3345
f 2308/3379 2311/3381 2287/3385
f 2249/3357 2299/3376 2322/3377
f 2291/3431 2286/3435 2298/3368
f 2284/3447 2314/3366 2298/3368
f 2288/3448 2312/3363 2304/3365
f 2265/3449 2318/3350 2303/3352
f 2301/3343 2317/3345 2265/3383
f 2285/3450 2307/3337 2314/3339
o Trigger
v 0.125 -1.2188 -3
v 0.125 -1.5938 -3.1875
v 0.125 -1.7812 -3.1875
v 0.125 -1.9688 -3.125
v 0.125 -2.0938 -3
v 0.125 -2.0938 -3.0625
v 0.125 -1.9688 -3.25
v 0.125 -1.7812 -3.3125
v 0.125 -1.4062 -3.3125
v 0.125 -1.3438 -3.375
v -0.125 -1.2188 -3
v -0.125 -1.5938 -3.1875
v -0.125 -1.7812 -3.1875
v -0.125 -1.9688 -3.125
v -0.125 -2.0938 -3
v -0.125 -2.0938 -3.0625
v -0.125 -1.9688 -3.25
v -0.125 -1.7812 -3.3125
v -0.125 -1.4062 -3.3125
v -0.125 -1.3438 -3.375
vt 0.6564 0.5598
vt 0.668 0.5637
vt 0.6564 0.5637
vt 0.6293 0.556
vt 0.6409 0.556
vt 0.6409 0.5637
vt 0.6178 0.556
vt 0.6293 0.5637
vt 0.6062 0.5637
vt 0.6911 0.5637
vt 0.6988 0.5521
vt 0.7181 0.5637
vt 0.6023 0.5637
vt 0.6062 0.5405
vt 0.668 0.5792
vt 0.6564 0.583
vt 0.6564 0.5792
vt 0.6178 0.5869
vt 0.6293 0.5792
vt 0.6293 0.5869
vt 0.6911 0.5792
vt 0.7181 0.5792
vt 0.6988 0.5907
vt 0.6062 0.5792
vt 0.6062 0.6023
vt 0.6023 0.5792
vt 0.668 0.556
vt 0.668 0.5869
vt 0.6525 0.5792
vt 0.6525 0.5637
vt 0.6409 0.5792
vt 0.6795 0.5637
vt 0.6409 0.5869
vt 0.6795 0.5792
s 1
f 2331/3454 2329/3455 2330/3456
f 2328/3457 2329/3458 2332/3459
f 2327/3460 2333/3461 2334/3462
f 2327/3463 2334/3464 2326/3465
f 2334/3462 2335/3466 2326/3467
f 2339/3468 2341/3469 2340/3470
f 2328/3457 2332/3459 2333/3461
f 2337/3471 2343/3472 2338/3473
f 2337/3474 2336/3475 2344/3476
f 2344/3477 2336/3478 2345/3479
f 2331/3454 2332/3480 2329/3455
f 2343/3472 2344/3477 2334/3462
f 2327/3460 2328/3457 2333/3461
f 2339/3468 2342/3481 2341/3469
f 2344/3477 2345/3479 2335/3466
f 2337/3471 2344/3477 2343/3472
f 2343/3472 2334/3462 2333/3461
f 2344/3477 2335/3466 2334/3462
f 2341/3482 2332/3459 2331/3483
f 2336/3475 2327/3463 2326/3465
f 2342/3484 2333/3461 2332/3459
f 2337/3474 2328/3485 2327/3463
f 2338/3473 2342/3484 2339/3486
f 2338/3487 2329/3455 2328/3485
f 2340/3470 2331/3483 2330/3456
f 2338/3473 2343/3472 2342/3484
f 2337/3474 2338/3487 2328/3485
f 2339/3468 2340/3470 2330/3456
f 2338/3487 2339/3468 2329/3455
f 2342/3484 2343/3472 2333/3461
f 2340/3470 2341/3482 2331/3483
f 2341/3482 2342/3484 2332/3459
f 2336/3475 2337/3474 2327/3463
f 2339/3468 2330/3456 2329/3455
