o Barrel
v 0.4665 0.375 -0
v 0.4665 0.375 7.25
v 0.5 0.25 -0
v 0.5 0.25 7.25
v 0.4665 0.125 -0
v 0.4665 0.125 7.25
v 0.375 0.0335 -0
v 0.375 0.0335 7.25
v 0.25 0 0
v 0.25 0 7.25
v 0.25 0.4375 7.25
v 0.1562 0.4124 7.25
v 0.0876 0.3438 7.25
v 0.0625 0.25 7.25
v 0.0876 0.1563 7.25
v 0.1562 0.0876 7.25
v 0.25 0.0625 7.25
v 0.3438 0.0876 7.25
v 0.4124 0.1563 7.25
v 0.4375 0.25 7.25
v 0.4124 0.3438 7.25
v 0.3438 0.4124 7.25
v 0.25 0.4375 -0
v 0.1562 0.4124 -0
v 0.0876 0.3438 -0
v 0.0625 0.25 -0
v 0.0876 0.1562 -0
v 0.1562 0.0876 -0
v 0.25 0.0625 -0
v 0.3438 0.0876 -0
v 0.4124 0.1562 -0
v 0.4375 0.25 -0
v 0.4124 0.3438 -0
v 0.3438 0.4124 -0
v -0.25 0 0
v -0.25 0 7.25
v -0.375 0.0335 -0
v -0.375 0.0335 7.25
v -0.4665 0.125 -0
v -0.4665 0.125 7.25
v -0.5 0.25 -0
v -0.5 0.25 7.25
v -0.4665 0.375 -0
v -0.4665 0.375 7.25
v -0.25 0.4375 7.25
v -0.3438 0.4124 7.25
v -0.4124 0.3438 7.25
v -0.4375 0.25 7.25
v -0.4124 0.1563 7.25
v -0.3438 0.0876 7.25
v -0.25 0.0625 7.25
v -0.1562 0.0876 7.25
v -0.0876 0.1563 7.25
v -0.0625 0.25 7.25
v -0.0876 0.3438 7.25
v -0.1562 0.4124 7.25
v -0.25 0.4375 -0
v -0.3438 0.4124 -0
v -0.4124 0.3438 -0
v -0.4375 0.25 -0
v -0.4124 0.1562 -0
v -0.3438 0.0876 -0
v -0.25 0.0625 -0
v -0.1562 0.0876 -0
v -0.0876 0.1562 -0
v -0.0625 0.25 -0
v -0.0876 0.3438 -0
v -0.1562 0.4124 -0
v 0.5 1 1
v 0.25 1 7.25
v 0.25 1 -0
v 0.375 0.9665 7.25
v 0.25 1 1
v 0.4665 0.875 7.25
v 0.5 0.75 -0
v 0.5 0.75 7.25
v 0.4665 0.625 -0
v 0.4665 0.625 7.25
v 0.25 0.9375 7.25
v 0.1562 0.9124 7.25
v 0.0876 0.8438 7.25
v 0.0625 0.75 7.25
v 0.0876 0.6563 7.25
v 0.1562 0.5876 7.25
v 0.25 0.5625 7.25
v 0.3438 0.5876 7.25
v 0.4124 0.6563 7.25
v 0.4375 0.75 7.25
v 0.4124 0.8438 7.25
v 0.3438 0.9124 7.25
v 0.25 0.9375 -0
v 0.1562 0.9124 -0
v 0.0876 0.8438 -0
v 0.0625 0.75 -0
v 0.0876 0.6562 -0
v 0.1562 0.5876 -0
v 0.25 0.5625 -0
v 0.3438 0.5876 -0
v 0.4124 0.6562 -0
v 0.4375 0.75 -0
v 0.4124 0.8438 -0
v 0.3438 0.9124 -0
v 0.4665 0.875 1
v -0.25 1 7.25
v -0.4665 0.625 -0
v -0.4665 0.625 7.25
v 0.375 0.9665 1
v -0.5 0.75 7.25
v 0.5 0.75 1
v -0.4665 0.875 7.25
v 0.5 1 -0
v -0.375 0.9665 7.25
v -0.25 0.9375 7.25
v -0.3438 0.9124 7.25
v -0.4124 0.8438 7.25
v -0.4375 0.75 7.25
v -0.4124 0.6563 7.25
v -0.3438 0.5876 7.25
v -0.25 0.5625 7.25
v -0.1562 0.5876 7.25
v -0.0876 0.6563 7.25
v -0.0625 0.75 7.25
v -0.0876 0.8438 7.25
v -0.1562 0.9124 7.25
v -0.25 0.9375 -0
v -0.3438 0.9124 -0
v -0.4124 0.8438 -0
v -0.4375 0.75 -0
v -0.4124 0.6562 -0
v -0.3438 0.5876 -0
v -0.25 0.5625 -0
v -0.1562 0.5876 -0
v -0.0876 0.6562 -0
v -0.0625 0.75 -0
v -0.0876 0.8438 -0
v -0.1562 0.9124 -0
v 0.375 0.5 -0
v 0.375 0.5 7.25
v -0.375 0.5 -0
v -0.375 0.5 7.25
v 0.1875 -0.75 0.5
v -0.1875 -0.75 0.5
v -0.625 -0.5 0.6562
v 0.625 -0.5 0.6562
v -0.625 -0.5663 0.6837
v 0.625 -0.5663 0.6837
v -0.625 -0.5938 0.75
v 0.625 -0.5938 0.75
v -0.625 -0.5663 0.8163
v 0.625 -0.5663 0.8163
v -0.625 -0.5 0.8438
v 0.625 -0.5 0.8438
v -0.625 -0.4337 0.8163
v 0.625 -0.4337 0.8163
v -0.625 -0.4062 0.75
v 0.625 -0.4062 0.75
v -0.625 -0.4337 0.6837
v 0.625 -0.4337 0.6837
v -0.1875 0 0
v 0.1875 0 0
v 0.1875 -0.75 1.125
v -0.1875 -0.75 1.125
v 0.1875 -0.25 1.375
v -0.1875 -0.25 1.375
v 0.1875 0 1.875
v -0.1875 0 1.875
v -0.5 1 1
v -0.5 1 -0
v -0.25 1 1
v -0.25 1 -0
v -0.5 0.75 1
v -0.5 0.75 -0
v -0.375 0.9665 1
v -0.4665 0.875 1
v 0.5 1 1
v 0.125 1 1
v 0.5 1.3125 1
v 0.125 1.3125 1
v 0.5 1.4375 0.875
v 0.125 1.4375 0.875
v 0.5 1.4375 0.625
v 0.125 1.4375 0.625
v 0.5 1.3125 0.5
v 0.125 1.3125 0.5
v 0.5 1 0.5
v 0.125 1 0.5
v 0.125 1.3125 0.5
v 0.125 1 0.5
v 0.125 1.3125 -0
v 0.125 1 -0
v 0.25 1 0.5
v 0.25 1.3125 0.5
v 0.25 1 -0
v 0.25 1.3125 -0
v 0.25 1 1
v 0.25 1.3125 1
v 0.25 1 2
v 0.25 1.3125 1.25
v 0.125 1.3125 1
v 0.125 1 2
v 0.125 1.3125 1.25
v 0.125 1 1
v 0.125 1 1.25
v -0.125 1 1.25
v 0.125 1 7.25
v -0.125 1 7.25
v 0.125 1.3113 1.25
v -0.125 1.3113 1.25
v 0.125 1.3113 6.9375
v -0.125 1.3113 6.9375
v 0.125 0 7.25
v -0.125 0 7.25
v 0.125 -0.5 7.25
v -0.125 -0.5 7.25
v 0.125 0 6.25
v -0.125 0 6.25
v 0.125 -0.5 6.25
v -0.125 -0.5 6.25
v 0.125 -2.25 5.5
v -0.125 -2.25 5.5
v 0.125 -2.25 5
v -0.125 -2.25 5
v 0.125 -2 4.75
v -0.125 -2 4.75
v 0.125 -0.75 5.25
v -0.125 -0.75 5.25
v 0.125 -0.5 5.25
v -0.125 -0.5 5.25
v 0.125 0 4.75
v -0.125 0 4.75
v -0.125 -0.25 6.25
v 0.125 -0.25 6.25
v -0.125 -0.25 6
v 0.125 -0.25 6
v -0.125 0 6
v 0.125 0 6
v 0.25 -0.25 6.125
v 0.25 -0.5 6.125
v 0.25 -2.25 5.375
v 0.25 -2.25 5.125
v 0.25 -2 4.875
v 0.25 -0.75 5.375
v 0.25 -0.5 5.375
v 0.25 0 4.875
v 0.25 -0.25 6
v 0.25 0 6
v -0.25 -0.5 6.125
v -0.25 -2.25 5.375
v -0.25 -2.25 5.125
v -0.25 -2 4.875
v -0.25 -0.75 5.375
v -0.25 -0.5 5.375
v -0.25 0 4.875
v -0.25 -0.25 6.125
v -0.25 -0.25 6
v -0.25 0 6
v -0.5366 1.0625 1.2241
v -0.5 1.0625 1.3125
v -0.5366 1.0625 1.4009
v -0.625 1.0625 1.4375
v -0.7134 1.0625 1.4009
v -0.75 1.0625 1.3125
v -0.7134 1.0625 1.2241
v -0.625 1.0625 1.1875
v -0.5366 0.9375 1.2241
v -0.5 0.9375 1.3125
v -0.5366 0.9375 1.4009
v -0.625 0.9375 1.4375
v -0.7134 0.9375 1.4009
v -0.75 0.9375 1.3125
v -0.7134 0.9375 1.2241
v -0.625 0.9375 1.1875
v -0.4924 0.9375 1.1799
v -0.4375 0.9375 1.3125
v -0.4924 0.9375 1.4451
v -0.625 0.9375 1.5
v -0.7576 0.9375 1.4451
v -0.8125 0.9375 1.3125
v -0.7576 0.9375 1.1799
v -0.625 0.9375 1.125
v -0.4924 0.1875 1.1799
v -0.4375 0.1875 1.3125
v -0.4924 0.1875 1.4451
v -0.625 0.1875 1.5
v -0.7576 0.1875 1.4451
v -0.8125 0.1875 1.3125
v -0.7576 0.1875 1.1799
v -0.625 0.1875 1.125
v 0.125 0 4.75
v -0.125 0 4.75
v 0.125 -0.75 3.5
v -0.125 -0.75 3.5
v 0.125 0 2.25
v -0.125 0 2.25
v 0.125 -0.375 3.25
v -0.125 -0.375 3.25
v 0.125 -0.375 3.75
v -0.125 -0.375 3.75
v 0.625 0.1875 1.125
v 0.4924 0.1875 1.1799
v 0.4375 0.1875 1.3125
v 0.4924 0.1875 1.4451
v 0.625 0.1875 1.5
v 0.7576 0.1875 1.4451
v 0.8125 0.1875 1.3125
v 0.7576 0.1875 1.1799
v 0.625 0.9375 1.125
v 0.4924 0.9375 1.1799
v 0.4375 0.9375 1.3125
v 0.4924 0.9375 1.4451
v 0.625 0.9375 1.5
v 0.7576 0.9375 1.4451
v 0.8125 0.9375 1.3125
v 0.7576 0.9375 1.1799
v 0.625 0.9375 1.1875
v 0.5366 0.9375 1.2241
v 0.5 0.9375 1.3125
v 0.5366 0.9375 1.4009
v 0.625 0.9375 1.4375
v 0.7134 0.9375 1.4009
v 0.75 0.9375 1.3125
v 0.7134 0.9375 1.2241
v 0.625 1.0625 1.1875
v 0.5366 1.0625 1.2241
v 0.5 1.0625 1.3125
v 0.5366 1.0625 1.4009
v 0.625 1.0625 1.4375
v 0.7134 1.0625 1.4009
v 0.75 1.0625 1.3125
v 0.7134 1.0625 1.2241
v 0.125 1.4375 0.875
v 0.125 1.4375 0.625
v 0.125 1.5625 0.875
v 0.125 1.5625 0.625
v 0.1875 1.4375 0.625
v 0.1875 1.4375 0.875
v 0.1875 1.5625 0.625
v 0.1875 1.5625 0.875
v -0.0625 1.5625 6.75
v 0.0625 1.5625 6.75
v -0.0625 1.5625 6.5
v 0.0625 1.5625 6.5
v -0.0625 1.4375 6.5
v -0.0625 1.4375 6.75
v 0.0625 1.4375 6.75
v 0.0625 1.4375 6.5
v 0.1875 1.5625 6.75
v 0.3125 1.5625 6.75
v 0.1875 1.5625 6.5
v 0.3125 1.5625 6.5
v 0.1875 1.4375 6.5
v 0.1875 1.4375 6.75
v 0.3125 1.4375 6.75
v 0.3125 1.4375 6.5
v -0.3125 1.5625 6.75
v -0.1875 1.5625 6.75
v -0.3125 1.5625 6.5
v -0.1875 1.5625 6.5
v -0.3125 1.4375 6.5
v -0.3125 1.4375 6.75
v -0.1875 1.4375 6.75
v -0.1875 1.4375 6.5
v 0.3125 1.4375 6.75
v 0.3125 1.4375 6.5
v -0.3125 1.4375 6.5
v -0.3125 1.4375 6.75
v 0.125 1.1875 7
v 0.125 1.1875 6.5
v -0.125 1.1875 6.5
v -0.125 1.1875 7
v 0.51 1 1
v 0.51 0.75 -0
v 0.51 0.75 1
v 0.51 1 -0
v -0.51 1 1
v -0.51 1 -0
v -0.51 0.75 1
v -0.51 0.75 -0
v -0.125 1 1
v -0.125 1.3125 1
v -0.125 1 2
v -0.125 1.3125 1.25
v -0.25 1.3125 1
v -0.25 1 2
v -0.25 1.3125 1.25
v -0.25 1 1
v -0.125 1 1
v -0.5 1 1
v -0.125 1.3125 1
v -0.5 1.3125 1
v -0.125 1.4375 0.875
v -0.5 1.4375 0.875
v -0.125 1.4375 0.625
v -0.5 1.4375 0.625
v -0.125 1.3125 0.5
v -0.5 1.3125 0.5
v -0.125 1 0.5
v -0.5 1 0.5
v -0.1875 1.4375 0.875
v -0.1875 1.4375 0.625
v -0.1875 1.5625 0.875
v -0.1875 1.5625 0.625
v -0.125 1.4375 0.625
v -0.125 1.4375 0.875
v -0.125 1.5625 0.625
v -0.125 1.5625 0.875
v -0.25 1.3125 0.5
v -0.25 1 0.5
v -0.25 1.3125 -0
v -0.25 1 -0
v -0.125 1 0.5
v -0.125 1.3125 0.5
v -0.125 1 -0
v -0.125 1.3125 -0
v 0 0.6875 -0
v -0.0938 0.6624 -0
v -0.1624 0.5938 -0
v -0.1875 0.5 -0
v -0.1624 0.4062 -0
v -0.0938 0.3376 -0
v 0 0.3125 -0
v 0.0938 0.3376 -0
v 0.1624 0.4062 -0
v 0.1875 0.5 -0
v 0.1624 0.5938 -0
v 0.0938 0.6624 -0
v 0.0625 0.6083 -0.0625
v 0.1083 0.5625 -0.0625
v 0.125 0.5 -0.0625
v 0.1083 0.4375 -0.0625
v 0.0625 0.3917 -0.0625
v 0 0.375 -0.0625
v -0.0625 0.3917 -0.0625
v -0.1083 0.4375 -0.0625
v -0.125 0.5 -0.0625
v -0.1083 0.5625 -0.0625
v -0.0625 0.6083 -0.0625
v 0 0.625 -0.0625
v -0.1875 0 0.9375
v 0.1875 0 0.9375
v -0.125 1.3113 4.0938
v 0.125 1 4.25
v 0.125 1.1556 4.0938
v -0.125 1.1556 4.0938
v -0.125 -0.1875 3
v 0.125 -0.1875 4
v 0.125 1.3113 4.0938
v -0.125 1 4.25
v -0.125 0 3.5
v 0.125 0 3.5
v 0.4665 0.375 3.625
v 0.5 0.25 3.625
v 0.4665 0.125 3.625
v 0.375 0.0335 3.625
v 0.1562 0.0876 3.625
v 0.0876 0.3438 3.625
v 0.4375 0.25 3.625
v 0.25 0.0625 3.625
v 0.0625 0.25 3.625
v 0.4124 0.3438 3.625
v 0.25 0.4375 3.625
v 0.3438 0.0876 3.625
v 0.0876 0.1562 3.625
v 0.3438 0.4124 3.625
v 0.1562 0.4124 3.625
v 0.4124 0.1562 3.625
v -0.25 0 3.625
v -0.375 0.0335 3.625
v -0.4665 0.125 3.625
v -0.5 0.25 3.625
v -0.3438 0.0876 3.625
v -0.4124 0.3438 3.625
v -0.0625 0.25 3.625
v -0.25 0.0625 3.625
v -0.4375 0.25 3.625
v -0.0876 0.3438 3.625
v -0.25 0.4375 3.625
v -0.1562 0.0876 3.625
v -0.4124 0.1562 3.625
v -0.1562 0.4124 3.625
v -0.3438 0.4124 3.625
v -0.0876 0.1562 3.625
v 0.375 0.9665 4.125
v 0.25 1 4.125
v 0.4665 0.625 3.625
v 0.25 0 3.625
v 0.1562 0.5876 3.625
v 0.0876 0.8438 3.625
v 0.4375 0.75 3.625
v 0.25 0.5625 3.625
v 0.0625 0.75 3.625
v 0.4124 0.8438 3.625
v 0.25 0.9375 3.625
v 0.3438 0.5876 3.625
v 0.0876 0.6562 3.625
v 0.3438 0.9124 3.625
v 0.1562 0.9124 3.625
v 0.4124 0.6562 3.625
v -0.4665 0.625 3.625
v -0.4665 0.375 3.625
v -0.3438 0.5876 3.625
v -0.4124 0.8438 3.625
v -0.0625 0.75 3.625
v -0.25 0.5625 3.625
v -0.4375 0.75 3.625
v -0.0876 0.8438 3.625
v -0.25 0.9375 3.625
v -0.1562 0.5876 3.625
v -0.4124 0.6562 3.625
v -0.1562 0.9124 3.625
v -0.3438 0.9124 3.625
v -0.0876 0.6562 3.625
v 0.5 0.75 4.125
v -0.375 0.9665 4.125
v -0.4665 0.875 4.125
v 0.4833 0.6875 4.125
v 0.125 -1.375 5.875
v 0.25 -1.5 5.375
v -0.25 -1.375 5.75
v 0.4665 0.875 4.125
v -0.25 1 4.125
v 0.375 0.5 3.625
v -0.375 0.5 3.625
v -0.5 0.75 4.125
v -0.4833 0.6875 4.125
v -0.125 -1.375 5.875
v 0.25 -1.375 5.75
v -0.25 -1.5 5.375
v 0.25 0.4375 5.4375
v 0.3438 0.9124 5.4375
v 0.0876 0.1562 5.4375
v -0.375 0.0335 1.8125
v -0.0876 0.3438 5.4375
v 0.1562 0.4124 5.4375
v 0.0625 0.25 5.4375
v 0.1562 0.9124 5.4375
v 0.0876 0.6562 5.4375
v 0.4124 0.3438 5.4375
v -0.0625 0.25 5.4375
v 0.3438 0.4124 5.4375
v 0.3438 0.0876 5.4375
v -0.25 0 1.8125
v 0.4124 0.6562 5.4375
v -0.25 0.0625 5.4375
v -0.4375 0.25 5.4375
v -0.4124 0.3438 5.4375
v 0.3438 0.5876 5.4375
v -0.1562 0.0876 5.4375
v -0.5 0.25 1.8125
v 0.4124 0.1562 5.4375
v -0.25 0.4375 5.4375
v 0.25 0.9375 5.4375
v -0.4665 0.125 1.8125
v -0.3438 0.0876 5.4375
v -0.125 1 2.75
v 0.4665 0.375 1.8125
v 0.25 1 5.6875
v -0.4124 0.8438 5.4375
v 0.25 0.5625 5.4375
v -0.0876 0.1562 5.4375
v 0.0625 0.75 5.4375
v 0.125 1.3113 2.6719
v -0.3438 0.5876 5.4375
v 0.4375 0.75 5.4375
v 0.4124 0.8438 5.4375
v 0.5 0.25 1.8125
v -0.4665 0.625 1.8125
v 0.0876 0.8438 5.4375
v 0.25 0 1.8125
v 0.1562 0.5876 5.4375
v 0.375 0.9665 5.6875
v 0.4665 0.625 1.8125
v -0.3438 0.4124 5.4375
v 0.4665 0.875 5.6875
v -0.4375 0.75 5.4375
v -0.125 1.3113 5.5156
v 0.125 1 5.75
v 0.125 1.2334 5.5156
v -0.125 1.2334 5.5156
v -0.125 1.0778 2.6719
v 0.4665 0.125 1.8125
v 0.375 0.0335 1.8125
v -0.1562 0.4124 5.4375
v -0.4124 0.1562 5.4375
v -0.4665 0.375 1.8125
v 0.125 1.3113 5.5156
v -0.125 1 5.75
v 0.4665 0.375 5.4375
v 0.5 0.25 5.4375
v 0.4665 0.125 5.4375
v 0.375 0.0335 5.4375
v 0.1562 0.0876 1.8125
v 0.0876 0.3438 1.8125
v 0.4375 0.25 1.8125
v 0.25 0.0625 1.8125
v 0.0625 0.25 1.8125
v 0.4124 0.3438 1.8125
v 0.25 0.4375 1.8125
v 0.3438 0.0876 1.8125
v 0.0876 0.1562 1.8125
v 0.3438 0.4124 1.8125
v 0.1562 0.4124 1.8125
v 0.4124 0.1562 1.8125
v -0.25 0 5.4375
v -0.375 0.0335 5.4375
v -0.4665 0.125 5.4375
v -0.5 0.25 5.4375
v -0.3438 0.0876 1.8125
v -0.4124 0.3438 1.8125
v -0.0625 0.25 1.8125
v -0.25 0.0625 1.8125
v -0.4375 0.25 1.8125
v -0.0876 0.3438 1.8125
v -0.25 0.4375 1.8125
v -0.5 0.75 5.6875
v -0.1562 0.0876 1.8125
v -0.4124 0.1562 1.8125
v -0.1562 0.4124 1.8125
v -0.3438 0.4124 1.8125
v -0.0876 0.1562 1.8125
v 0.375 0.9665 2.5625
v 0.25 1 2.5625
v 0.4665 0.625 5.4375
v 0.25 0 5.4375
v -0.4749 0.6562 5.6875
v 0.1562 0.5876 1.8125
v 0.0876 0.8438 1.8125
v 0.4375 0.75 1.8125
v -0.375 0.5 1.8125
v 0.25 0.5625 1.8125
v 0.0625 0.75 1.8125
v 0.4124 0.8438 1.8125
v 0.375 0.5 1.8125
v 0.25 0.9375 1.8125
v 0.3438 0.5876 1.8125
v 0.0876 0.6562 1.8125
v -0.25 1 5.6875
v 0.3438 0.9124 1.8125
v 0.1562 0.9124 1.8125
v 0.4124 0.6562 1.8125
v -0.4665 0.625 5.4375
v -0.4665 0.375 5.4375
v -0.3438 0.5876 1.8125
v -0.4124 0.8438 1.8125
v -0.0625 0.75 1.8125
v -0.25 0.5625 1.8125
v -0.4375 0.75 1.8125
v -0.0876 0.8438 1.8125
v -0.25 0.9375 1.8125
v -0.1562 0.5876 1.8125
v -0.4124 0.6562 1.8125
v -0.1562 0.9124 1.8125
v -0.3438 0.9124 1.8125
v -0.0876 0.6562 1.8125
v 0.5 0.75 2.5625
v -0.375 0.9665 2.5625
v -0.4665 0.875 2.5625
v 0.4916 0.7188 2.5625
v 0.25 0.0625 5.4375
v 0.1562 0.0876 5.4375
v 0.125 1.0778 2.6719
v 0.4375 0.25 5.4375
v -0.125 1.3113 2.6719
v 0.125 1 2.75
v 0.0876 0.3438 5.4375
v -0.25 0.5625 5.4375
v -0.0625 0.75 5.4375
v -0.375 0.9665 5.6875
v 0.5 0.75 5.6875
v -0.1562 0.9124 5.4375
v -0.25 0.9375 5.4375
v -0.4665 0.875 5.6875
v -0.3438 0.9124 5.4375
v -0.4124 0.6562 5.4375
v -0.1562 0.5876 5.4375
v -0.0876 0.8438 5.4375
v -0.0876 0.6562 5.4375
v 0.4749 0.6562 5.6875
v 0.4665 0.875 2.5625
v -0.25 1 2.5625
v 0.375 0.5 5.4375
v -0.375 0.5 5.4375
v -0.5 0.75 2.5625
v -0.4916 0.7188 2.5625
v 0.25 0.4375 4.5312
v 0.3438 0.9124 4.5312
v 0.0876 0.1562 4.5312
v -0.375 0.0335 2.7188
v -0.0876 0.3438 4.5312
v 0.1562 0.4124 4.5312
v 0.0625 0.25 4.5312
v 0.1562 0.9124 4.5312
v 0.0876 0.6562 4.5312
v 0.4124 0.3438 4.5312
v -0.0625 0.25 4.5312
v 0.3438 0.4124 4.5312
v 0.3438 0.0876 4.5312
v -0.25 0 2.7188
v 0.4124 0.6562 4.5312
v -0.25 0.0625 4.5312
v -0.4375 0.25 4.5312
v -0.4124 0.3438 4.5312
v 0.3438 0.5876 4.5312
v -0.1562 0.0876 4.5312
v -0.5 0.25 2.7188
v 0.0625 0.25 6.3438
v -0.0876 0.3438 6.3438
v 0.4124 0.1562 4.5312
v -0.25 0.4375 4.5312
v 0.25 0.9375 4.5312
v -0.4665 0.125 2.7188
v -0.3438 0.0876 4.5312
v -0.125 1 3.5
v 0.4665 0.375 2.7188
v 0.25 1 4.9062
v -0.4124 0.8438 4.5312
v 0.25 0.5625 4.5312
v -0.0876 0.1562 4.5312
v 0.0625 0.75 4.5312
v -0.3438 0.5876 4.5312
v 0.4375 0.75 4.5312
v 0.4124 0.8438 4.5312
v 0.5 0.25 2.7188
v -0.4665 0.625 2.7188
v 0.0876 0.8438 4.5312
v 0.25 0 2.7188
v 0.1562 0.5876 4.5312
v 0.375 0.9665 4.9062
v 0.4665 0.625 2.7188
v -0.3438 0.4124 4.5312
v 0.4665 0.875 4.9062
v -0.4375 0.75 4.5312
v 0.0625 0.75 2.7188
v -0.5 0.25 4.5312
v -0.4124 0.1562 6.3438
v 0.5 0.25 4.5312
v -0.0625 0.25 2.7188
v 0.0876 0.8438 2.7188
v 0.375 0.0335 0.9062
v 0.25 0 0.9062
v -0.4375 0.75 6.3438
v 0.4124 0.8438 6.3438
v 0.25 0.4375 2.7188
v 0.25 0.0625 2.7188
v 0.375 0.0335 4.5312
v 0.1562 0.5876 6.3438
v 0.4375 0.75 2.7188
v -0.3438 0.4124 2.7188
v 0.125 1 6.5
v 0.4665 0.625 4.5312
v -0.1562 0.0876 6.3438
v -0.5 0.75 6.4688
v 0.25 0.5625 2.7188
v 0.4665 0.125 2.7188
v 0.375 0.0335 2.7188
v 0.25 0 4.5312
v -0.1562 0.0876 2.7188
v -0.0876 0.1562 2.7188
v -0.4707 0.6406 6.4688
v 0.4124 0.8438 2.7188
v 0.0876 0.1562 2.7188
v 0.4124 0.1562 2.7188
v -0.3438 0.0876 2.7188
v 0.4665 0.125 4.5312
v -0.25 0.0625 2.7188
v -0.375 0.5 0.9062
v 0.4665 0.625 0.9062
v 0.4375 0.75 6.3438
v -0.1562 0.4124 4.5312
v -0.4124 0.1562 4.5312
v -0.4665 0.375 2.7188
v 0.3438 0.0876 2.7188
v -0.125 1 6.5
v -0.4124 0.8438 6.3438
v 0.4665 0.375 6.3438
v 0.5 0.25 0.9062
v 0.5 0.25 6.3438
v 0.125 1 5
v 0.4665 0.125 6.3438
v 0.375 0.5 0.9062
v 0.375 0.0335 6.3438
v 0.3438 0.0876 6.3438
v -0.375 0.0335 4.5312
v 0.1562 0.0876 0.9062
v 0.0876 0.1562 6.3438
v 0.0876 0.3438 0.9062
v 0.4375 0.25 0.9062
v 0.375 0.9665 3.3438
v 0.25 0.0625 0.9062
v 0.3438 0.5876 6.3438
v 0.0625 0.25 0.9062
v 0.4124 0.3438 0.9062
v 0.25 0.4375 0.9062
v 0.3438 0.0876 0.9062
v 0.0876 0.1562 0.9062
v 0.3438 0.4124 0.9062
v 0.1562 0.4124 0.9062
v 0.4124 0.1562 0.9062
v -0.25 0 6.3438
v -0.375 0.0335 6.3438
v -0.4665 0.125 6.3438
v -0.5 0.25 0.9062
v -0.5 0.25 6.3438
v -0.1562 0.4124 2.7188
v -0.3438 0.0876 0.9062
v -0.4124 0.3438 0.9062
v -0.0625 0.25 0.9062
v -0.25 0.0625 0.9062
v -0.4375 0.25 0.9062
v -0.0876 0.3438 0.9062
v -0.25 0.4375 0.9062
v -0.5 0.75 4.9062
v -0.1562 0.0876 0.9062
v -0.4124 0.1562 0.9062
v -0.1562 0.4124 0.9062
v -0.3438 0.4124 0.9062
v -0.0876 0.1562 0.9062
v 0.375 0.9665 1.7812
v 0.25 1 1.7812
v 0.4665 0.625 6.3438
v 0.25 0 6.3438
v -0.4791 0.6719 4.9062
v 0.1562 0.5876 0.9062
v 0.0876 0.8438 0.9062
v 0.4375 0.75 0.9062
v -0.375 0.5 2.7188
v 0.25 0.5625 0.9062
v 0.0625 0.75 0.9062
v 0.4124 0.8438 0.9062
v 0.375 0.5 2.7188
v 0.25 0.9375 0.9062
v 0.3438 0.5876 0.9062
v 0.0876 0.6562 0.9062
v -0.25 1 4.9062
v 0.3438 0.9124 0.9062
v 0.1562 0.9124 0.9062
v 0.4124 0.6562 0.9062
v -0.4665 0.625 6.3438
v -0.4665 0.375 6.3438
v -0.3438 0.5876 0.9062
v -0.4124 0.8438 0.9062
v 0.25 1 3.3438
v -0.0625 0.75 0.9062
v -0.25 0.5625 0.9062
v 0.1562 0.5876 2.7188
v -0.4375 0.75 0.9062
v 0.25 0.9375 2.7188
v -0.0876 0.8438 0.9062
v -0.25 0.9375 0.9062
v -0.25 0 4.5312
v -0.1562 0.5876 0.9062
v 0.0625 0.25 2.7188
v -0.4124 0.6562 0.9062
v -0.1562 0.9124 0.9062
v 0.1562 0.4124 2.7188
v -0.3438 0.9124 0.9062
v -0.4665 0.125 4.5312
v -0.0876 0.6562 0.9062
v 0.5 0.75 1.7812
v -0.4375 0.25 2.7188
v -0.125 1 5
v -0.375 0.9665 1.7812
v 0.4665 0.375 4.5312
v -0.4665 0.875 1.7812
v 0.1562 0.0876 2.7188
v -0.4665 0.375 0.9062
v 0.4665 0.125 0.9062
v -0.1562 0.4124 6.3438
v 0.4375 0.25 2.7188
v -0.25 0.4375 2.7188
v 0.3438 0.5876 2.7188
v 0.4665 0.875 6.4688
v 0.4958 0.7344 1.7812
v 0.375 0.9665 6.4688
v -0.3438 0.4124 6.3438
v 0.25 0.0625 4.5312
v 0.1562 0.0876 4.5312
v 0.0876 0.3438 2.7188
v 0.0625 0.75 6.3438
v 0.4375 0.25 4.5312
v -0.3438 0.5876 6.3438
v 0.125 1 3.5
v 0.0876 0.3438 4.5312
v -0.4665 0.625 0.9062
v -0.25 0.5625 4.5312
v -0.0625 0.75 4.5312
v 0.4124 0.3438 2.7188
v 0.25 1 6.4688
v 0.25 0.5625 6.3438
v -0.125 1 2
v 0.3438 0.4124 2.7188
v -0.3438 0.0876 6.3438
v 0.4665 0.375 0.9062
v -0.0876 0.1562 6.3438
v 0.0876 0.8438 6.3438
v 0.0876 0.6562 2.7188
v -0.4375 0.25 6.3438
v -0.4124 0.3438 2.7188
v -0.25 0.0625 6.3438
v -0.4124 0.3438 6.3438
v 0.4124 0.1562 6.3438
v -0.0876 0.3438 2.7188
v 0.3438 0.4124 6.3438
v -0.25 0 0.9062
v 0.4124 0.3438 6.3438
v -0.4124 0.1562 2.7188
v 0.0876 0.6562 6.3438
v -0.0625 0.25 6.3438
v 0.4124 0.6562 6.3438
v -0.25 0.4375 6.3438
v 0.3438 0.9124 6.3438
v -0.375 0.0335 0.9062
v 0.25 0.4375 6.3438
v 0.1562 0.4124 6.3438
v 0.1562 0.9124 6.3438
v 0.25 0.9375 6.3438
v -0.4665 0.125 0.9062
v -0.25 1 6.4688
v 0.3438 0.9124 2.7188
v -0.375 0.9665 4.9062
v 0.5 0.75 4.9062
v -0.1562 0.9124 4.5312
v -0.25 0.9375 4.5312
v -0.4665 0.875 4.9062
v -0.3438 0.9124 4.5312
v -0.4124 0.6562 4.5312
v -0.1562 0.5876 4.5312
v -0.0876 0.8438 4.5312
v -0.0876 0.6562 4.5312
v 0.4791 0.6719 4.9062
v 0.4665 0.875 1.7812
v -0.25 1 1.7812
v 0.375 0.5 6.3438
v -0.375 0.5 6.3438
v -0.5 0.75 1.7812
v -0.4958 0.7344 1.7812
v 0.1562 0.9124 2.7188
v 0.4124 0.6562 2.7188
v -0.4665 0.625 4.5312
v -0.4665 0.375 4.5312
v -0.3438 0.5876 2.7188
v -0.4124 0.8438 2.7188
v -0.0625 0.75 2.7188
v -0.25 0.5625 2.7188
v -0.4375 0.75 2.7188
v -0.0876 0.8438 2.7188
v -0.25 0.9375 2.7188
v -0.1562 0.5876 2.7188
v -0.4124 0.6562 2.7188
v -0.1562 0.9124 2.7188
v -0.3438 0.9124 2.7188
v -0.0876 0.6562 2.7188
v 0.5 0.75 3.3438
v -0.375 0.9665 3.3438
v -0.4665 0.875 3.3438
v 0.4874 0.7031 3.3438
v 0.25 0.0625 6.3438
v 0.1562 0.0876 6.3438
v 0.4375 0.25 6.3438
v 0.125 1 2
v 0.0876 0.3438 6.3438
v -0.25 0.5625 6.3438
v -0.0625 0.75 6.3438
v -0.375 0.9665 6.4688
v 0.5 0.75 6.4688
v -0.1562 0.9124 6.3438
v -0.25 0.9375 6.3438
v -0.4665 0.875 6.4688
v -0.3438 0.9124 6.3438
v -0.4124 0.6562 6.3438
v -0.1562 0.5876 6.3438
v -0.0876 0.8438 6.3438
v -0.0876 0.6562 6.3438
v 0.4707 0.6406 6.4688
v 0.4665 0.875 3.3438
v -0.25 1 3.3438
v 0.375 0.5 4.5312
v -0.375 0.5 4.5312
v -0.5 0.75 3.3438
v -0.4874 0.7031 3.3438
vt 0.0186 0.0003
vt 0.0117 0.0082
vt 0.0094 0.0033
vt 0.0027 0.0116
vt 0.0674 0.1222
vt 0.0738 0.1138
vt 0.0714 0.1251
vt 0.0674 0.1053
vt 0.0692 0.1138
vt 0.0738 0.068
vt 0.0674 0.0596
vt 0.0714 0.0567
vt 0.0067 0.0144
vt 0.0002 0.0229
vt 0.9259 0.1818
vt 0.9537 0.0682
vt 0.9167 0.1818
vt 0.0674 0.0144
vt 0.0646 0.0033
vt 0.0714 0.0116
vt 0.0623 0.0827
vt 0.0714 0.0793
vt 0.0646 0.0876
vt 0.0186 0.0912
vt 0.0117 0.0991
vt 0.0094 0.0942
vt 0.0674 0.0765
vt 0.0738 0.0229
vt 0.0554 0.0003
vt 0.0623 0.0082
vt 0.0554 0.0059
vt 0.0674 0.1505
vt 0.0738 0.159
vt 0.0692 0.159
vt 0.0027 0.1025
vt 0.0067 0.0313
vt 0.0027 0.0342
vt 0.088 0.3295
vt 0.0926 0.3409
vt 0.0833 0.3352
vt 0.0623 0.0991
vt 0.0554 0.0912
vt 0.0646 0.0942
vt 0.0067 0.0596
vt 0.0002 0.068
vt 0.0027 0.0567
vt 0.0027 0.0793
vt 0.0117 0.0827
vt 0.0094 0.0876
vt 0.0186 0.0906
vt 0.0067 0.0765
vt 0.5324 0.9261
vt 0.4659 0.9318
vt 0.4659 0.9261
vt 0.8056 0.5795
vt 0.7963 0.5682
vt 0.8056 0.5682
vt 0.7407 0.6364
vt 0.7315 0.5682
vt 0.7407 0.5682
vt 0.0186 0.1815
vt 0.0255 0.1736
vt 0.0485 0.1736
vt 0.0067 0.1222
vt 0.0002 0.1138
vt 0.0048 0.1138
vt 0.0738 0.1815
vt 0.0623 0.1736
vt 0.0674 0.1674
vt 0.0067 0.1053
vt 0.0306 0.0765
vt 0.0416 0.068
vt 0.0435 0.0765
vt 0.0674 0.0313
vt 0.0714 0.0342
vt 0.0067 0.1505
vt 0.0002 0.159
vt 0.0027 0.1477
vt 0.0002 0.1815
vt 0.0067 0.1674
vt 0.0117 0.1736
vt 0.0623 0.0534
vt 0.0117 0.1284
vt 0.0027 0.1251
vt 0.5324 0.8636
vt 0.4659 0.8693
vt 0.4659 0.8636
vt 0.0554 0.142
vt 0.0485 0.1284
vt 0.0554 0.1307
vt 0.0646 0.0455
vt 0.0554 0.0511
vt 0.0554 0.0398
vt 0.0324 0.0229
vt 0.0435 0.0144
vt 0.0416 0.0229
vt 0.0186 0.142
vt 0.0255 0.1284
vt 0.0255 0.1443
vt 0.0324 0.068
vt 0.0435 0.0596
vt 0.0117 0.1443
vt 0.0094 0.1364
vt 0.0117 0.0534
vt 0.0094 0.0455
vt 0.0186 0.1307
vt 0.0416 0.1138
vt 0.0306 0.1053
vt 0.0435 0.1053
vt 0.0255 0.0082
vt 0.0485 0.0082
vt 0.0306 0.0313
vt 0.0435 0.0313
vt 0.0485 0.0827
vt 0.0554 0.0906
vt 0.0255 0.0827
vt 0.0623 0.0375
vt 0.0714 0.1477
vt 0.0623 0.1443
vt 0.0646 0.1364
vt 0.037 0.5057
vt 0.0185 0.5455
vt 0.0185 0.5227
vt 0.0117 0.0375
vt 0.0714 0.1025
vt 0.0416 0.159
vt 0.0306 0.1505
vt 0.0435 0.1505
vt 0.0255 0.0991
vt 0.0485 0.0991
vt 0.0435 0.1222
vt 0.0324 0.1138
vt 0.0435 0.1674
vt 0.0324 0.159
vt 0.0485 0.0375
vt 0.0255 0.0375
vt 0.0186 0.0511
vt 0.0186 0.0398
vt 0.2203 0.4802
vt 0.2083 0.5056
vt 0.1964 0.4802
vt 0.0485 0.1443
vt 0.6481 0.3977
vt 0.7222 0.375
vt 0.7222 0.3977
vt 0.1667 0.5739
vt 0.1852 0.5625
vt 0.1852 0.5739
vt 0.9167 0.2045
vt 0.8611 0.2045
vt 0.7493 0.6534
vt 0.7229 0.6534
vt 0.7361 0.6372
vt 0.5324 0.9034
vt 0.4659 0.9091
vt 0.4659 0.9034
vt 0.3657 0.625
vt 0.3981 0.6023
vt 0.4676 0.6023
vt 0.3981 0.7727
vt 0.3657 0.75
vt 0.4676 0.7727
vt 0.5324 0.9148
vt 0.4659 0.9205
vt 0.4659 0.9148
vt 0.5602 0.6307
vt 0.4676 0.625
vt 0.5602 0.625
vt 0.0231 0.3295
vt 0.0278 0.3352
vt 0.0185 0.3409
vt 0.537 0.2159
vt 0.4792 0.2273
vt 0.4792 0.2159
vt 0.787 0.6364
vt 0.7778 0.5682
vt 0.787 0.5682
vt 0.5324 0.875
vt 0.4659 0.8807
vt 0.4659 0.875
vt 0.5602 0.6705
vt 0.4676 0.6648
vt 0.5602 0.6648
vt 0.7963 0.6364
vt 0.5602 0.6591
vt 0.4676 0.6534
vt 0.5602 0.6534
vt 0.0509 0.608
vt 0.0324 0.608
vt 0.0231 0.5966
vt 0.0833 0.6307
vt 0.1204 0.642
vt 0.0833 0.642
vt 0.8704 0.5795
vt 0.8611 0.5682
vt 0.8704 0.5682
vt 0.5602 0.642
vt 0.4676 0.6364
vt 0.5602 0.6364
vt 0.0694 0.5795
vt 0.088 0.5852
vt 0.0694 0.5852
vt 0.1667 0.5625
vt 0.1852 0.5341
vt 0.0833 0.608
vt 0.0602 0.642
vt 0.0602 0.608
vt 0.0324 0.642
vt 0.1852 0.6023
vt 0.544 0.2727
vt 0.6111 0.2841
vt 0.544 0.2841
vt 0.544 0.2955
vt 0.6111 0.3068
vt 0.544 0.3068
vt 0.1343 0.3466
vt 0.1111 0.3182
vt 0.1667 0.3182
vt 0.4502 0.3466
vt 0.5556 0.3693
vt 0.4502 0.3693
vt 0.2396 0.3764
vt 0.1343 0.3693
vt 0.2396 0.3693
vt 0.5324 0.9091
vt 0.6481 0.3295
vt 0.7222 0.3068
vt 0.7222 0.3295
vt 0.2269 0.4716
vt 0.2222 0.4773
vt 0.2222 0.4716
vt 0.6111 0.3182
vt 0.544 0.3182
vt 0.5324 0.892
vt 0.4659 0.8977
vt 0.4659 0.892
vt 0.3843 0.6705
vt 0.4306 0.7045
vt 0.3843 0.7045
vt 0.7407 0.375
vt 0.7315 0.3636
vt 0.7407 0.3636
vt 0.5324 0.8807
vt 0.4659 0.8864
vt 0.7407 0.3068
vt 0.7315 0.3182
vt 0.5324 0.8864
vt 0.7407 0.3977
vt 0.7824 0.5511
vt 0.7639 0.5341
vt 0.7269 0.5341
vt 0.7083 0.5511
vt 0.5602 0.6477
vt 0.4676 0.642
vt 0.1204 0.6705
vt 0.0231 0.608
vt -0 0.642
vt -0 0.608
vt 0.1319 0.2045
vt 0.0741 0.1591
vt 0.1319 0.1591
vt 0.088 0.5795
vt 0.0694 0.5682
vt 0.088 0.5682
vt 0.8144 0.5909
vt 0.7967 0.5909
vt 0.8056 0.5801
vt 0.0833 0.4318
vt 0.1019 0.4432
vt 0.0833 0.4432
vt 0.5324 0.8693
vt 0.1111 0.4432
vt 0.1019 0.4545
vt 0.544 0.2614
vt 0.6111 0.2727
vt 0.537 0.1364
vt 0.4792 0.1477
vt 0.4792 0.1364
vt 0.1111 0.4773
vt 0.1019 0.4886
vt 0.1019 0.4773
vt 0.0926 0.4318
vt 0.1111 0.3409
vt 0.1111 0.4318
vt 0.1111 0.5739
vt 0.0833 0.4545
vt 0.5556 0.8636
vt 1 1
vt 0.5556 1
vt 0.9259 0.2045
vt 0.9537 0.25
vt 0.0623 0.1284
vt 0.8889 0.125
vt 0.0926 0.5
vt 0.0741 0.5227
vt 0.0741 0.5
vt 0.1111 0.5455
vt 0.1111 0.5227
vt 0.1019 0.4659
vt 0.3472 0.6705
vt 0.3472 0.7045
vt 0.5787 0.3466
vt 0.5787 0.3693
vt 0.7641 0.6371
vt 0.7641 0.6696
vt 0.7508 0.6534
vt 0.6481 0.3523
vt 0.6111 0.3295
vt 0.0231 0.642
vt 0.3102 0.6705
vt 0.3102 0.7045
vt 0.0602 0.5966
vt 0.0231 0.5682
vt 0.0602 0.5682
vt 0.037 0.3409
vt 0.0185 0.4318
vt 0.9815 0.0682
vt 0.963 0.0455
vt 0.9815 0.0455
vt 0.0231 0.6534
vt 0.0602 0.6818
vt 0.0231 0.6818
vt 0.8611 0.2273
vt 0.8519 0.2045
vt 0.8519 0.2273
vt 0.2117 0.5227
vt 0.1957 0.5114
vt 0.2117 0.5114
vt 0.2662 0.8693
vt 0.1997 0.875
vt 0.1997 0.8693
vt 0.3056 0.1364
vt 0.2477 0.1477
vt 0.2477 0.1364
vt 0.2755 0.1023
vt 0.3426 0.1136
vt 0.2755 0.1136
vt 0.2662 0.8977
vt 0.1997 0.9034
vt 0.1997 0.8977
vt 0.2662 0.8864
vt 0.1997 0.892
vt 0.1997 0.8864
vt 0.2662 0.875
vt 0.1997 0.8807
vt 0.2662 0.8636
vt 0.1997 0.8636
vt 0.2662 0.9091
vt 0.1997 0.9148
vt 0.1997 0.9091
vt 0.2755 0.0568
vt 0.3426 0.0682
vt 0.2755 0.0682
vt 0.3426 0.2614
vt 0.4097 0.25
vt 0.4097 0.2614
vt 0.2662 0.9261
vt 0.1997 0.9318
vt 0.1997 0.9261
vt 0.2755 0.2614
vt 0.3426 0.2727
vt 0.2755 0.2727
vt 0.0926 0.3182
vt 0.0741 0.3409
vt 0.2662 0.9205
vt 0.1997 0.9205
vt 0.2662 0.8807
vt 0.2662 0.892
vt 0.3993 0.8864
vt 0.3328 0.892
vt 0.3328 0.8864
vt 0.1331 0.9034
vt 0.0666 0.9091
vt 0.0666 0.9034
vt 0.4769 0.1023
vt 0.544 0.0909
vt 0.544 0.1023
vt 0.0554 0.1759
vt 0.0554 0.1815
vt 0.0186 0.1759
vt 0.0306 0.1674
vt 0.2662 0.9148
vt 0.2662 0.9034
vt 0.2755 0
vt 0.3426 0.0455
vt 0.2755 0.0455
vt 0.3426 0.1023
vt 0.4097 0.0909
vt 0.4097 0.1023
vt 0.0048 0.159
vt 0.9074 0.0455
vt 0.9167 0.0455
vt 0.0485 0.0534
vt 0.0306 0.0596
vt 0.0255 0.0534
vt 0.1898 0.2159
vt 0.1319 0.2273
vt 0.1319 0.2159
vt 0.3634 0.2045
vt 0.3056 0.1591
vt 0.3634 0.1591
vt 0.2755 0.2841
vt 0.3426 0.2955
vt 0.2755 0.2955
vt 0.2755 0.0795
vt 0.3426 0.0909
vt 0.2755 0.0909
vt 0.0306 0.0144
vt 0.0186 0.0059
vt 0.0554 0.085
vt 0.0186 0.085
vt 0.8796 0.125
vt 0.3634 0.1364
vt 0.3056 0.125
vt 0.3634 0.125
vt 0.3426 0.0568
vt 0.3634 0.2386
vt 0.3056 0.2273
vt 0.3634 0.2273
vt 0.3449 0.3324
vt 0.4502 0.3253
vt 0.0186 0.0968
vt 0.0554 0.0968
vt 0.7454 0.5682
vt 0.3889 0.3977
vt 0.3449 0.3835
vt 0.4502 0.3906
vt 0.0306 0.1222
vt 0.5069 0.6709
vt 0.5116 0.6732
vt 0.5136 0.679
vt 0.5116 0.6847
vt 0.5069 0.6871
vt 0.5023 0.6847
vt 0.5003 0.679
vt 0.5023 0.6732
vt 0.1898 0.2045
vt 0.4884 0.6847
vt 0.4864 0.679
vt 0.4884 0.6732
vt 0.4931 0.6709
vt 0.4977 0.6732
vt 0.4997 0.679
vt 0.4977 0.6847
vt 0.4931 0.6871
vt 0.1331 0.8636
vt 0.0666 0.8693
vt 0.0666 0.8636
vt 0.3993 0.8807
vt 0.3328 0.8807
vt 0.3328 0.8636
vt 0.4306 0.6705
vt 0.0666 0.8977
vt -0 0.9034
vt -0 0.8977
vt 0.4097 0.2955
vt 0.4769 0.3068
vt 0.4097 0.3068
vt 0.0185 0.3182
vt 0.3993 0.9034
vt 0.3328 0.9091
vt 0.3328 0.9034
vt -0 0.8693
vt -0 0.8636
vt 0.3449 0.3466
vt 0.3449 0.3693
vt 0.3993 0.8693
vt 0.3328 0.875
vt 0.3328 0.8693
vt 0.0602 0.6534
vt 0.0509 0.642
vt 0.1204 0.6023
vt 0.0833 0.6023
vt 0.1331 0.9148
vt 0.1331 0.9091
vt 0.3993 0.9091
vt 0.3328 0.9148
vt 0.1331 0.8807
vt 0.1331 0.875
vt 0.3993 0.9261
vt 0.3328 0.9318
vt 0.3328 0.9261
vt 0.1111 0.5341
vt 0.3993 0.892
vt 0.3328 0.8977
vt 0.1319 0.1364
vt 0.0741 0.1477
vt 0.0741 0.1364
vt 0.1111 0.6023
vt 0.0741 0.2614
vt 0.1412 0.2727
vt 0.0741 0.2727
vt 0.0666 0.9148
vt 0.2396 0.3395
vt 0.2396 0.3466
vt 0.1412 0.0795
vt 0.2083 0.0909
vt 0.1412 0.0909
vt 0.1667 0.3977
vt 0.7222 0.3523
vt 0.6481 0.2841
vt 0.7222 0.2841
vt 0.4769 0.2614
vt 0.544 0.25
vt 0.9444 0.0114
vt 0.9444 0.0341
vt 0.9352 0.0455
vt 0.9074 0.0341
vt 0.9074 0.0114
vt 0.9167 0
vt 0.9352 0
vt 0.5556 0.3466
vt 0.5556 0.3182
vt 0.1331 0.892
vt 0.0666 0.892
vt 0.1412 0.0455
vt 0.2083 0.0568
vt 0.1412 0.0568
vt 0.1331 0.9205
vt 0.0666 0.9261
vt 0.0666 0.9205
vt 0.7407 0.3182
vt 0.8118 0.5833
vt 0.8118 0.5986
vt 0.8056 0.6017
vt 0.7993 0.5986
vt 0.7993 0.5833
vt 0.2778 0.3977
vt 0.7455 0.6419
vt 0.7455 0.6649
vt 0.7361 0.6696
vt 0.7268 0.6649
vt 0.7268 0.6419
vt 0.0666 0.8864
vt 0.0666 0.8807
vt 0.7547 0.6419
vt 0.7734 0.6419
vt 0.7773 0.6534
vt 0.7734 0.6649
vt 0.7547 0.6649
vt 0.4213 0.125
vt 0.4792 0.125
vt 0.7454 0.5
vt 0.838 0.5682
vt 0.6528 0.5682
vt 0.1331 0.8864
vt 0.3993 0.8977
vt 0.2083 0.2614
vt 0.2755 0.25
vt 0.4097 0
vt 0.4769 0.0455
vt 0.4097 0.0455
vt 0.3993 0.9205
vt 0.3328 0.9205
vt 0.3993 0.8636
vt 0.4769 0.1136
vt 0.4097 0.1136
vt 0.3993 0.875
vt 0.2477 0.1179
vt 0.2083 0.1136
vt 0.4792 0.1591
vt 0.4213 0.1477
vt 0.3993 0.9148
vt 0.4769 0.0568
vt 0.4097 0.0568
vt 0.4097 0.2841
vt 0.4769 0.2955
vt 0.1331 0.9261
vt 0.0666 0.9318
vt 0.4792 0.1236
vt 0.544 0.1136
vt 0.5 0.3182
vt 0.8333 0.125
vt 0.8333 0.2045
vt 0.9167 0.1136
vt 0.3426 0.0795
vt 0.1412 0.2955
vt 0.2083 0.3068
vt 0.1412 0.3068
vt 0.1319 0.2386
vt 0.1898 0.2472
vt 0.1319 0.2486
vt 0.1898 0.125
vt 0.2477 0.125
vt 0.0741 0.1023
vt 0.1412 0.1136
vt 0.0741 0.1136
vt -0 0.8864
vt -0 0.8807
vt -0 0.875
vt -0 0.892
vt 0.4213 0.1222
vt 0.8148 0.5795
vt 0.8148 0.5682
vt 0.1331 0.8693
vt 0.0666 0.875
vt 0.2083 0.2955
vt 0.2755 0.3068
vt -0 0.9205
vt -0 0.9148
vt 0.2477 0.2045
vt 0.1898 0.1591
vt 0.2477 0.1591
vt 0.2014 0.5033
vt 0.1964 0.4971
vt 0.1945 0.4886
vt 0.2014 0.474
vt 0.2083 0.4717
vt 0.2152 0.474
vt 0.2221 0.4886
vt 0.2203 0.4971
vt 0.2152 0.5033
vt 0.2037 0.5283
vt 0.1991 0.5268
vt 0.1957 0.5227
vt 0.1945 0.517
vt 0.1991 0.5073
vt 0.2037 0.5058
vt 0.2083 0.5073
vt 0.2129 0.517
vt 0.2083 0.5268
vt 0.3056 0.1477
vt 0.3634 0.1477
vt 0.1204 0.6307
vt 0.1435 0.642
vt 0.7269 0.5
vt 0.6528 0.4773
vt 0.7269 0.4773
vt 0.5324 0.9205
vt 0.7593 0.6364
vt 0.75 0.5682
vt 0.7593 0.5682
vt 0.1111 0.3693
vt 0.1111 0.3466
vt 0.75 0.6364
vt 0.7407 0.2841
vt 0.75 0.375
vt 0.75 0.2841
vt 0.5324 0.8977
vt 0.7685 0.6364
vt 0.7685 0.5682
vt 0.0602 0.5795
vt 0.0602 0.5852
vt 0.0694 0.5966
vt 0.0972 0.5852
vt 0.1019 0.5
vt 0.0833 0.4886
vt 0.0833 0.4773
vt 0.1319 0.1477
vt 0.0741 0.4545
vt 0.0741 0.4886
vt 0.0833 0.4659
vt 0.1412 0.25
vt 0.1412 0.2614
vt 0.1412 0.1023
vt 0.544 0
vt 0.6111 0.0455
vt 0.544 0.0455
vt 0.4861 0.7045
vt 0.4861 0.6705
vt 0.037 0.5625
vt 0.0556 0.5057
vt 0.0556 0.5625
vt 1 0.8636
vt 0.6111 0.1136
vt 0.544 0.0568
vt 0.6111 0.0682
vt 0.544 0.0682
vt 0.8611 0.5795
vt 0.8519 0.5682
vt 0.4676 0.6307
vt 0.537 0.2045
vt 0.4792 0.2045
vt 0 0.4318
vt 0.4676 0.6591
vt 0.7454 0.4773
vt 0.9815 0.1818
vt 0.963 0.0682
vt 0.537 0.2386
vt 0.6111 0.2386
vt 0.6111 0.25
vt 0.1319 0.1151
vt 0.6111 0.0795
vt 0.544 0.0795
vt 0.8333 0.0455
vt 0.8519 0.125
vt 0.0926 0.5682
vt 0.0741 0.5455
vt 0.0741 0.2273
vt 0.9444 0.0455
vt 0.8426 0.5795
vt 0.8333 0.5682
vt 0.8426 0.5682
vt 0.963 0.25
vt 0.8704 0.2273
vt 0.9815 0.25
vt 0.963 0.2045
vt 0.9815 0.2045
vt 0.6111 0.0909
vt 0.8704 0.25
vt 0.8241 0.5795
vt 0.8241 0.5682
vt 0.8333 0.5795
vt 0.8519 0.5795
vt 0.963 0.1818
vt 0.4676 0.6477
vt 0.7315 0.6364
vt 0.7222 0.5682
vt 0.7778 0.6364
vt 0.6111 0.2955
vt 0.0741 0.125
vt 0.1319 0.125
vt 0.6111 0.0568
vt 0.7639 0.5
vt 0.838 0.4773
vt 0.838 0.5
vt 0.7639 0.4773
vt 0.0741 0.4318
vt 0.2222 0.4489
vt 0.2269 0.4545
vt 0.2222 0.4545
vt 0.2222 0.483
vt 0.2269 0.4886
vt 0.2222 0.4886
vt 0.2269 0.483
vt 0.2269 0.4773
vt 0.2269 0.4432
vt 0.2222 0.4432
vt 0.2222 0.4659
vt 0.2222 0.4943
vt 0.2222 0.5
vt 0.2269 0.5057
vt 0.2222 0.5057
vt 0.2269 0.4602
vt 0.2222 0.4602
vt 0.2269 0.5
vt 0.2269 0.4375
vt 0.2222 0.4375
vt 0.4213 0.1364
vt 0.1412 0.2841
vt 0.4792 0.2386
vt 0.4213 0.2273
vt 0.5 0.3977
vt 0.5556 0.3977
vt 0.2083 0.0682
vt 0.1412 0.0682
vt -0 0.9318
vt -0 0.9261
vt 0.2083 0.1023
vt 0.1898 0.1477
vt 0.4769 0.0682
vt 0.4097 0.0682
vt 0.4213 0.2045
vt 0.3634 0.2159
vt 0.2083 0.0795
vt 0.4097 0.0795
vt 0.4769 0.0909
vt 0.4213 0.2415
vt 0.3634 0.2429
vt 0.2083 0.3182
vt 0.1412 0.3182
vt 0.2083 0.25
vt 0.2477 0.2457
vt 0.2477 0.2386
vt 0.1898 0.2273
vt 0.2477 0.2273
vt 0.4769 0.25
vt 0.4792 0.2401
vt 0.4769 0.0795
vt 0.2083 0.2841
vt 0.4097 0.2727
vt 0.0741 0
vt 0.0741 0.0455
vt 0.2083 0.2727
vt 0.4213 0.2159
vt 0.4769 0.2841
vt 0.2222 0.3182
vt 0.2778 0.3182
vt 0.2755 0.3182
vt 0.0741 0.25
vt 0.6111 0.125
vt 0.537 0.125
vt 0.4769 0.3182
vt 0.4097 0.3182
vt 0.3634 0.1207
vt 0.1331 0.8977
vt 0.3056 0.2045
vt 0.2477 0.2159
vt 0.3056 0.2443
vt 0.3426 0.25
vt 0.1898 0.1364
vt 0.4769 0.2727
vt 0.1898 0.2386
vt 0.537 0.1591
vt -0 0.9091
vt 0.4213 0.1591
vt 0.1412 0
vt 0.2083 0.0455
vt 0.3426 0.3068
vt 0.3333 0.3182
vt 0.3889 0.3182
vt 0.3056 0.2159
vt 0.3426 0.2841
vt 0.3426 0.3182
vt 0.1898 0.1165
vt 0.4213 0.2386
vt 0.0741 0.2841
vt 0.3056 0.1193
vt 0.1331 0.9318
vt 0.3056 0.2386
vt 0.0741 0.3068
vt 0.0741 0.3182
vt 0.0741 0.0682
vt 0.0741 0.0795
vt 0.2662 0.9318
vt 0.0741 0.0568
vt 0.537 0.2273
vt 0.0741 0.2955
vt 0.3993 0.9318
vt 0.4769 0
vt 0.0741 0.2386
vt 0.537 0.1477
vt 0.3426 0
vt 0.6111 0.2614
vt 0.0741 0.0909
vt 0.0741 0.2159
vt 0.0741 0.2045
vt 0.2083 0
vt 0.6111 0.1023
vt 0.0692 0.068
vt 0.0048 0.0229
vt 0.0692 0.0229
vt 0.0048 0.068
vt 0.5324 0.9318
vt 0.7963 0.5795
vt 0.3287 0.6023
vt 0.3287 0.7727
vt 0.4676 0.6705
vt 0.0833 0.6705
vt 0.1019 0.4318
vt 0.1111 0.4545
vt 0.1111 0.4886
vt 0.1111 0.5625
vt 0.6111 0.3523
vt 0.037 0.4318
vt 0.4444 0.3977
vt 0.3333 0.3977
vt 0.2222 0.3977
vt 0.1111 0.3977
vt 0.4444 0.3182
vt 0.1435 0.6307
vt 0.6528 0.5
vt 0.75 0.3977
vt 0.75 0.3068
vt 0.088 0.5966
vt 0.0972 0.5795
vt 0.0833 0.5
vt 0.0741 0.4432
vt 0.0741 0.4773
vt 0.6111 0
vt 0 0.3409
vt 0.8519 0.0455
vt 0.0741 0.5682
vt 0.7222 0.6364
vt 0.2269 0.4489
vt 0.2269 0.4659
vt 0.2269 0.4943
s 1
f 36/1 50/2 38/3
f 50/2 40/4 38/3
f 59/5 41/6 43/7
f 61/8 41/6 60/9
f 76/10 87/11 78/12
f 49/13 42/14 40/4
f 226/15 250/16 251/17
f 19/18 8/19 6/20
f 90/21 74/22 72/23
f 9/24 30/25 7/26
f 89/27 76/10 74/22
f 4/28 19/18 6/20
f 10/29 18/30 17/31
f 129/32 172/33 128/34
f 30/25 5/35 7/26
f 42/14 47/36 44/37
f 103/38 69/39 107/40
f 62/41 35/42 37/43
f 117/44 108/45 106/46
f 110/47 114/48 112/49
f 114/48 104/50 112/49
f 108/45 115/51 110/47
f 64/52 808/53 813/54
f 326/55 317/56 318/57
f 311/58 302/59 303/60
f 71/61 92/62 136/63
f 33/64 3/65 32/66
f 168/67 126/68 127/69
f 31/70 3/65 5/35
f 123/71 82/72 81/73
f 21/74 4/28 2/75
f 99/76 75/77 77/78
f 111/79 101/80 102/81
f 86/82 78/12 87/11
f 34/83 1/84 33/64
f 131/85 840/86 844/87
f 131/88 68/89 57/90
f 138/91 85/92 11/93
f 54/94 15/95 14/96
f 97/97 24/98 96/99
f 122/100 83/101 82/72
f 98/102 77/78 137/103
f 118/104 106/46 140/105
f 23/106 137/103 34/83
f 66/107 27/108 65/109
f 52/110 10/29 16/111
f 55/112 14/96 13/113
f 80/114 70/115 124/116
f 22/117 2/75 138/91
f 105/118 130/119 139/120
f 363/121 370/122 367/123
f 46/124 44/37 47/36
f 97/97 98/102 137/103
f 62/41 39/125 61/8
f 134/126 95/127 133/128
f 28/129 9/24 64/130
f 67/131 26/132 66/107
f 135/133 94/134 134/126
f 85/92 12/135 11/93
f 56/136 119/137 45/138
f 423/139 415/140 419/141
f 96/99 24/98 132/142
f 211/143 232/144 215/145
f 385/146 380/147 383/148
f 243/149 238/150 242/17
f 278/151 274/152 280/153
f 68/154 810/155 815/156
f 309/151 313/152 307/153
f 164/157 439/158 159/159
f 440/160 163/161 160/162
f 134/163 858/164 843/165
f 150/166 147/167 148/168
f 174/169 173/170 167/171
f 173/172 864/173 862/174
f 279/175 288/176 287/177
f 129/178 846/179 853/180
f 148/181 145/182 146/183
f 278/184 287/177 286/56
f 144/185 157/186 158/187
f 181/188 179/189 177/190
f 412/191 409/192 407/193
f 262/194 271/195 270/196
f 154/197 151/198 152/199
f 406/200 402/201 401/202
f 198/203 195/204 196/147
f 185/205 184/206 183/207
f 181/188 180/208 179/189
f 202/209 201/146 199/148
f 866/210 41/211 802/212
f 917/213 37/214 912/215
f 209/216 205/217 749/218
f 562/219 208/220 663/221
f 579/222 210/223 576/224
f 135/225 843/165 848/155
f 214/226 231/227 218/228
f 438/229 416/230 415/231
f 27/178 791/179 795/180
f 912/215 35/232 904/233
f 34/154 792/155 796/156
f 24/234 793/235 797/236
f 162/237 141/238 161/239
f 234/240 237/241 245/242
f 128/243 841/244 846/179
f 233/245 254/246 231/227
f 25/247 797/236 786/244
f 32/163 798/164 787/165
f 232/144 236/248 215/145
f 445/249 296/250 298/251
f 446/252 297/251 295/250
f 156/253 153/254 154/197
f 410/255 407/193 409/192
f 389/256 388/257 387/258
f 338/200 334/201 333/202
f 918/259 70/260 888/261
f 337/262 336/263 335/264
f 67/225 807/165 810/155
f 325/265 329/266 323/267
f 353/268 350/269 348/270
f 58/234 811/235 816/236
f 62/271 814/180 805/86
f 354/272 349/273 350/269
f 766/274 43/275 866/210
f 63/85 805/86 808/87
f 103/276 818/277 931/278
f 346/279 341/280 342/281
f 111/282 109/283 75/284
f 101/225 825/165 829/155
f 384/285 382/203 385/146
f 94/243 824/244 828/179
f 362/272 357/273 358/269
f 358/269 355/286 356/270
f 102/154 829/155 835/156
f 378/287 375/288 376/289
f 126/234 849/235 856/236
f 227/290 244/291 243/149
f 58/292 43/7 139/120
f 251/17 519/293 247/150
f 363/294 368/295 364/296
f 370/297 368/295 367/298
f 93/247 836/236 824/244
f 382/203 379/204 380/147
f 100/163 837/164 825/165
f 351/299 347/286 349/273
f 386/209 385/146 383/148
f 164/300 161/239 163/301
f 208/220 203/302 204/303
f 299/304 303/305 301/306
f 213/307 212/308 214/226
f 391/189 390/309 389/256
f 166/310 163/301 165/311
f 393/188 391/189 389/190
f 183/312 175/313 185/314
f 127/247 856/236 841/244
f 169/315 168/316 167/171
f 177/256 176/257 175/258
f 179/189 178/309 177/256
f 200/285 198/203 201/146
f 224/317 221/318 222/319
f 178/320 186/321 176/322
f 254/323 218/324 231/325
f 436/326 430/327 434/328
f 70/115 90/21 72/23
f 455/329 687/330 877/331
f 520/332 728/333 731/334
f 977/335 485/336 750/337
f 493/338 686/339 710/340
f 472/341 730/342 702/343
f 495/344 719/345 693/330
f 507/338 922/339 923/340
f 474/346 712/331 700/347
f 492/348 721/349 722/350
f 745/351 453/352 764/353
f 523/354 724/355 826/356
f 508/357 885/358 927/359
f 462/357 876/358 697/359
f 487/329 693/330 727/331
f 978/360 500/361 940/362
f 479/344 701/345 770/330
f 103/38 109/363 69/39
f 69/39 73/364 107/40
f 477/338 769/339 709/340
f 482/365 704/359 718/366
f 491/367 725/343 719/345
f 494/357 717/358 703/359
f 497/368 710/340 692/342
f 609/369 748/370 898/371
f 530/372 742/373 911/374
f 633/375 893/376 780/377
f 125/378 170/379 136/63
f 170/379 71/61 136/63
f 71/61 91/380 92/62
f 92/62 93/381 135/133
f 92/62 135/133 136/63
f 498/365 703/359 699/366
f 128/34 172/33 127/69
f 172/33 168/67 127/69
f 168/67 170/379 126/68
f 170/379 125/378 126/68
f 473/382 718/366 695/349
f 496/383 722/350 686/339
f 850/384 486/385 756/386
f 522/387 714/388 830/389
f 111/79 75/77 101/80
f 75/77 100/390 101/80
f 91/380 71/61 102/81
f 71/61 111/79 102/81
f 501/329 926/330 720/331
f 220/391 519/293 248/392
f 55/112 13/113 12/135
f 12/135 84/393 83/101
f 83/101 121/394 120/395
f 120/395 56/136 55/112
f 668/396 968/397 964/398
f 512/365 927/359 929/366
f 140/105 46/124 45/138
f 976/399 484/400 842/401
f 489/382 699/366 721/349
f 461/338 696/339 685/340
f 488/341 692/342 725/343
f 734/402 469/403 857/404
f 736/405 451/406 863/407
f 11/93 22/117 138/91
f 476/348 695/349 689/350
f 502/341 925/342 716/343
f 16/111 15/95 52/110
f 15/95 53/408 52/110
f 52/110 51/409 36/1
f 10/29 17/31 16/111
f 52/110 36/1 10/29
f 511/368 923/340 925/342
f 80/114 79/410 70/115
f 70/115 104/50 124/116
f 104/50 113/411 124/116
f 124/116 123/71 81/73
f 124/116 81/73 80/114
f 219/391 527/293 517/412
f 975/413 513/414 953/415
f 756/386 454/416 745/351
f 979/417 515/418 955/419
f 139/120 131/88 57/90
f 481/368 709/340 730/342
f 57/90 58/292 139/120
f 471/329 770/330 712/331
f 562/219 443/420 661/421
f 65/109 27/108 64/130
f 27/108 28/129 64/130
f 28/129 29/422 9/24
f 9/24 35/42 64/130
f 35/42 63/423 64/130
f 298/251 449/424 445/249
f 713/425 444/426 580/427
f 490/346 727/331 717/347
f 295/250 450/424 446/252
f 466/365 697/359 708/366
f 24/98 25/428 132/142
f 25/428 67/131 132/142
f 67/131 68/89 132/142
f 132/142 133/128 95/127
f 95/127 96/99 132/142
f 148/429 146/430 144/431
f 144/431 158/432 148/429
f 504/346 720/331 885/347
f 156/433 154/434 152/435
f 152/435 150/436 156/433
f 637/437 964/398 918/259
f 157/438 143/439 145/440
f 145/440 147/441 157/438
f 505/367 716/343 732/345
f 149/442 151/443 153/444
f 153/444 155/445 157/438
f 666/446 881/447 962/448
f 612/449 898/371 860/450
f 765/451 471/329 474/346
f 159/159 142/452 164/157
f 142/452 162/237 164/157
f 161/239 141/238 163/161
f 141/238 160/162 163/161
f 913/453 22/454 11/455
f 711/456 532/457 688/458
f 173/170 169/315 167/171
f 167/171 171/459 174/169
f 618/460 902/461 804/462
f 899/448 50/463 51/464
f 942/371 511/368 502/341
f 447/465 663/221 441/466
f 608/467 906/468 763/469
f 647/449 942/371 945/450
f 178/320 180/208 184/470
f 180/208 182/471 184/470
f 193/472 192/191 191/473
f 928/350 667/474 676/475
f 183/312 181/188 177/190
f 632/476 747/477 760/461
f 696/339 538/475 540/372
f 687/330 535/478 531/479
f 616/480 765/481 757/482
f 198/203 197/483 195/204
f 619/484 870/485 748/370
f 872/486 72/487 74/488
f 202/209 200/489 201/146
f 140/490 839/491 44/492
f 533/475 908/493 707/373
f 578/494 586/495 209/216
f 777/496 588/497 775/498
f 773/499 210/223 579/222
f 747/477 498/365 489/382
f 480/383 689/350 769/339
f 213/307 217/500 232/144
f 503/382 929/366 886/349
f 212/501 216/502 231/227
f 629/503 884/504 766/274
f 222/505 221/506 240/507
f 240/507 239/392 219/508
f 219/508 220/509 248/510
f 248/510 249/511 222/505
f 207/512 661/421 203/513
f 573/514 910/453 875/515
f 821/516 591/517 781/518
f 550/519 782/520 901/521
f 234/240 232/144 237/241
f 667/474 973/521 963/493
f 233/245 255/522 254/246
f 264/267 263/523 262/265
f 262/265 261/524 260/525
f 260/525 259/526 258/266
f 258/266 257/527 264/267
f 861/528 579/222 444/426
f 280/153 279/529 278/151
f 278/151 277/530 276/531
f 276/531 275/532 274/152
f 274/152 273/533 280/153
f 575/478 774/534 741/535
f 286/306 287/536 288/304
f 288/304 281/537 282/538
f 282/538 283/539 284/305
f 284/305 285/540 286/306
f 931/278 655/541 859/542
f 296/250 292/543 298/251
f 445/249 449/424 294/544
f 297/251 291/543 295/250
f 446/252 450/424 289/545
f 301/306 300/536 299/304
f 299/304 306/537 305/538
f 305/538 304/539 303/305
f 303/305 302/540 301/306
f 910/453 56/454 45/455
f 307/153 308/529 309/151
f 309/151 310/530 311/531
f 311/531 312/532 313/152
f 313/152 314/533 307/153
f 883/343 534/514 665/546
f 323/267 324/523 325/265
f 325/265 326/524 327/525
f 327/525 328/526 329/266
f 329/266 330/527 323/267
f 598/547 891/462 743/485
f 682/548 939/549 978/360
f 698/550 569/551 726/552
f 639/484 847/485 937/370
f 620/553 757/482 758/554
f 630/555 845/469 753/451
f 635/480 753/481 871/482
f 830/389 572/556 729/557
f 636/558 733/450 896/468
f 649/547 950/462 947/485
f 930/559 623/560 750/337
f 819/561 621/562 818/277
f 595/555 865/469 744/451
f 640/553 871/482 938/554
f 610/563 758/554 737/477
f 726/552 582/564 755/565
f 705/566 553/567 711/456
f 548/568 899/569 751/520
f 597/476 869/477 887/461
f 643/467 949/468 941/469
f 873/570 572/556 767/571
f 655/541 873/570 859/542
f 661/421 960/572 203/513
f 459/367 883/343 691/345
f 526/573 217/324 218/574
f 242/17 527/293 518/575
f 764/353 452/576 736/405
f 801/577 605/578 800/579
f 665/546 914/515 961/534
f 382/203 381/483 379/204
f 752/580 625/581 759/582
f 731/334 669/583 921/584
f 386/209 384/489 385/146
f 603/553 772/482 762/554
f 138/585 820/586 78/587
f 879/535 81/588 82/589
f 746/447 83/590 84/463
f 900/534 46/591 47/588
f 953/415 658/592 655/541
f 390/320 392/208 396/470
f 392/208 394/471 396/470
f 260/593 269/57 268/594
f 660/595 785/596 958/447
f 395/312 393/188 389/190
f 606/597 783/598 605/578
f 908/493 53/599 54/600
f 881/447 117/590 118/463
f 646/555 941/469 944/451
f 735/596 48/589 49/590
f 880/349 550/519 662/474
f 834/601 557/602 715/603
f 602/484 743/485 855/370
f 631/449 738/371 733/450
f 415/140 416/604 417/605
f 417/605 418/606 419/141
f 419/141 420/607 421/608
f 421/608 422/609 419/141
f 422/609 423/139 419/141
f 423/139 424/610 425/611
f 425/611 426/612 415/140
f 415/140 417/605 419/141
f 475/367 702/343 701/345
f 438/613 427/614 430/327
f 427/614 428/615 430/327
f 428/615 429/616 430/327
f 430/327 431/617 432/618
f 432/618 433/619 430/327
f 433/619 434/328 430/327
f 434/328 435/620 436/326
f 436/326 437/621 438/613
f 842/401 483/622 788/623
f 190/255 187/193 189/192
f 414/624 410/625 409/192
f 390/320 398/321 388/322
f 297/626 290/627 298/628
f 133/629 851/54 858/164
f 313/630 304/631 305/632
f 209/216 206/633 205/634
f 395/207 394/471 393/188
f 275/635 284/60 283/631
f 240/507 248/510 222/505
f 233/245 216/502 235/636
f 288/304 284/305 286/306
f 97/85 823/86 827/87
f 245/637 236/248 234/240
f 256/638 233/245 235/636
f 262/265 258/266 264/267
f 23/639 796/156 793/235
f 31/629 794/54 798/164
f 217/500 214/226 218/228
f 314/640 305/632 306/641
f 336/642 333/202 331/643
f 334/201 331/644 333/202
f 337/262 332/645 334/201
f 60/243 806/244 809/179
f 343/646 339/647 341/280
f 342/281 339/647 340/648
f 888/261 72/487 874/649
f 98/52 827/53 832/54
f 350/269 347/286 348/270
f 352/650 348/270 347/286
f 344/651 340/648 339/647
f 345/652 342/281 340/648
f 66/163 817/164 807/165
f 59/247 816/236 806/244
f 57/639 815/156 811/235
f 61/178 809/179 814/180
f 361/268 358/269 356/270
f 140/490 838/653 934/654
f 65/629 813/54 817/164
f 138/585 775/498 933/655
f 360/650 356/270 355/286
f 92/234 831/235 836/236
f 904/656 9/657 740/658
f 160/659 142/452 159/660
f 91/639 835/156 831/235
f 359/299 355/286 357/273
f 366/661 364/662 365/663
f 158/432 150/436 148/429
f 374/288 373/287 372/664
f 96/271 833/180 823/86
f 99/629 832/54 837/164
f 95/178 828/179 833/180
f 132/52 844/53 851/54
f 780/377 77/665 767/571
f 30/52 789/53 794/54
f 28/271 795/180 784/86
f 397/205 396/206 395/207
f 739/666 5/667 867/668
f 125/639 854/156 849/235
f 405/262 404/263 403/264
f 194/624 190/625 189/192
f 12/135 120/395 55/112
f 263/669 272/670 271/195
f 29/85 784/86 789/87
f 404/642 401/202 399/643
f 152/199 149/671 150/166
f 169/672 862/174 932/673
f 192/191 189/192 187/193
f 172/674 167/171 168/316
f 276/58 285/59 284/60
f 183/207 182/471 181/188
f 146/183 143/675 144/185
f 238/150 232/325 217/324
f 297/626 292/676 291/543
f 136/154 848/155 854/156
f 226/677 223/678 224/317
f 171/679 172/680 105/681
f 974/682 78/587 820/586
f 867/668 3/683 776/684
f 201/146 196/147 199/148
f 413/472 412/191 411/473
f 220/685 517/686 526/573
f 243/149 225/15 227/290
f 225/15 241/16 223/678
f 366/687 369/688 370/297
f 241/16 518/575 239/392
f 752/580 110/689 968/397
f 222/690 250/16 224/678
f 257/691 266/692 265/693
f 526/412 247/150 519/293
f 228/290 253/291 230/694
f 250/16 249/507 248/392
f 247/150 254/323 255/695
f 230/696 227/697 228/698
f 221/690 241/16 240/507
f 517/412 238/150 217/324
f 368/295 365/663 364/662
f 776/684 1/699 893/376
f 252/149 247/150 255/695
f 256/700 252/149 255/695
f 238/150 245/695 237/323
f 243/149 246/700 245/695
f 119/137 140/105 45/138
f 130/271 853/180 840/86
f 259/701 268/594 267/702
f 395/312 387/313 397/314
f 261/55 270/56 269/57
f 402/201 399/644 401/202
f 329/703 320/702 321/692
f 264/704 265/693 272/670
f 258/703 267/702 266/692
f 251/17 228/290 226/15
f 228/698 225/705 226/677
f 158/187 155/706 156/253
f 277/707 286/708 285/59
f 405/262 400/645 402/201
f 308/175 299/176 300/177
f 280/709 281/641 288/176
f 802/212 39/710 917/213
f 872/486 76/711 965/712
f 310/707 301/708 302/59
f 740/658 7/713 739/666
f 312/635 303/60 304/631
f 393/188 392/208 391/189
f 324/669 315/670 316/195
f 295/714 294/715 293/716
f 295/714 292/676 296/717
f 273/640 282/632 281/641
f 328/701 319/594 320/702
f 26/243 786/244 791/179
f 330/691 321/692 322/693
f 33/225 787/165 792/155
f 309/184 300/177 301/56
f 71/718 169/315 73/364
f 69/39 71/718 73/364
f 307/709 306/641 299/176
f 323/704 322/693 315/670
f 274/630 283/631 282/632
f 327/593 318/57 319/594
f 423/719 429/720 424/721
f 417/722 435/723 418/724
f 436/725 416/230 437/726
f 431/727 423/719 422/728
f 426/729 438/229 415/231
f 435/723 419/730 418/724
f 420/731 432/732 421/733
f 428/734 426/729 425/735
f 419/730 433/736 420/731
f 149/442 157/438 147/441
f 432/737 422/728 421/738
f 429/720 425/735 424/721
f 679/739 788/623 975/413
f 601/460 887/461 891/462
f 922/339 676/475 670/372
f 560/519 751/520 894/521
f 768/493 87/599 88/600
f 677/519 971/520 973/521
f 803/740 606/597 801/577
f 946/461 503/382 506/348
f 675/568 962/569 971/520
f 554/595 735/596 892/447
f 935/741 657/742 864/173
f 673/514 967/453 969/515
f 531/479 706/535 785/596
f 559/446 746/447 889/448
f 583/372 707/373 868/374
f 447/465 578/494 443/420
f 890/743 580/427 204/744
f 558/546 969/515 774/534
f 781/518 590/745 779/746
f 782/520 17/747 18/748
f 654/553 948/482 952/554
f 617/558 860/450 906/468
f 681/749 863/407 977/335
f 614/547 804/462 870/485
f 545/478 900/534 897/535
f 715/603 571/750 728/333
f 599/480 744/481 772/482
f 534/514 913/453 914/515
f 650/480 944/481 948/482
f 626/467 896/468 845/469
f 755/565 581/751 754/752
f 652/460 946/461 950/462
f 680/753 954/754 976/399
f 592/467 761/468 865/469
f 634/547 919/462 847/485
f 779/746 589/755 777/496
f 723/756 556/757 714/388
f 979/417 684/758 980/759
f 800/579 604/760 799/761
f 641/762 822/763 939/549
f 596/449 878/371 852/450
f 209/216 576/224 210/223
f 812/764 672/765 924/766
f 538/475 959/493 905/373
f 674/479 741/535 970/596
f 659/446 958/447 957/448
f 670/372 972/373 966/374
f 478/357 700/358 704/359
f 662/474 901/521 959/493
f 567/767 936/768 884/504
f 669/583 930/559 921/584
f 754/752 566/769 723/756
f 839/491 607/770 803/740
f 535/478 961/534 706/535
f 523/354 771/771 500/361
f 580/427 208/220 204/744
f 916/453 90/454 79/455
f 724/355 684/758 567/767
f 676/475 963/493 972/373
f 36/772 821/516 10/773
f 642/774 734/402 607/770
f 540/372 905/373 903/374
f 967/453 124/454 113/455
f 895/534 80/591 81/588
f 790/520 85/747 86/748
f 656/775 955/419 954/754
f 645/563 952/554 943/477
f 926/330 575/478 674/479
f 771/771 549/776 705/566
f 579/222 441/466 444/426
f 578/494 577/777 778/778
f 651/558 945/450 949/468
f 605/578 850/779 604/760
f 915/515 79/455 80/591
f 919/462 492/348 496/383
f 593/369 855/370 878/371
f 838/653 106/780 759/582
f 936/768 935/741 171/679
f 77/665 75/781 109/782
f 76/711 974/682 965/712
f 688/458 542/783 698/784
f 613/476 737/477 902/461
f 594/563 762/554 869/477
f 600/558 852/450 761/468
f 653/484 947/485 951/370
f 458/346 877/331 876/347
f 956/785 485/336 729/557
f 518/575 527/293 239/392
f 239/392 240/507 241/16
f 690/342 529/786 534/514
f 460/348 880/349 694/350
f 627/369 937/370 738/371
f 521/787 920/788 834/601
f 812/764 525/789 822/763
f 519/293 528/575 248/392
f 250/16 528/575 251/17
f 638/460 760/461 919/462
f 499/790 980/759 724/355
f 510/383 928/350 922/339
f 513/414 956/785 953/415
f 611/555 763/469 765/451
f 456/341 690/342 883/343
f 256/700 253/291 252/149
f 243/149 244/291 246/700
f 457/382 708/366 880/349
f 920/788 672/765 668/396
f 574/791 874/649 872/486
f 644/369 951/370 942/371
f 552/786 911/374 916/453
f 907/596 82/589 83/590
f 546/546 875/515 900/534
f 933/655 623/560 820/586
f 628/563 938/554 747/477
f 826/356 585/792 771/771
f 648/476 943/477 946/461
f 615/793 822/763 625/581
f 570/595 907/596 746/447
f 169/672 819/561 73/794
f 934/654 642/774 839/491
f 541/568 957/569 782/520
f 565/475 768/493 742/373
f 909/521 86/748 87/599
f 561/478 895/534 879/535
f 551/786 868/374 910/453
f 536/514 916/453 915/515
f 742/373 88/600 89/795
f 543/519 790/520 909/521
f 547/568 889/569 790/520
f 584/479 897/535 735/596
f 544/446 892/447 899/448
f 932/673 622/796 819/561
f 563/595 970/596 881/447
f 529/786 903/374 913/453
f 568/546 915/515 895/534
f 564/474 909/521 768/493
f 799/797 624/798 821/516
f 539/474 894/521 908/493
f 671/786 966/374 967/453
f 537/479 879/535 907/596
f 834/601 668/396 637/437
f 738/371 497/368 488/341
f 857/404 468/799 783/598
f 443/420 442/800 882/801
f 506/348 886/349 928/350
f 464/383 694/350 696/339
f 514/802 924/766 920/788
f 940/362 470/803 734/402
f 444/426 663/221 580/427
f 463/344 691/345 687/330
f 783/598 467/804 850/779
f 465/368 685/340 690/342
f 586/495 441/466 576/224
f 509/344 732/345 926/330
f 325/194 316/195 317/196
f 694/350 662/474 538/475
f 658/592 729/557 572/556
f 876/347 660/595 659/446
f 951/370 507/338 511/368
f 761/468 459/367 463/344
f 869/477 466/365 457/382
f 902/461 473/382 476/348
f 468/799 698/784 467/804
f 965/712 678/805 669/583
f 683/806 936/768 684/758
f 838/653 625/581 641/762
f 878/371 465/368 456/341
f 949/468 505/367 509/344
f 500/361 705/566 470/803
f 943/477 512/365 503/382
f 954/754 515/418 514/802
f 903/374 21/795 22/454
f 972/373 122/600 123/795
f 706/535 13/588 14/589
f 44/492 803/740 42/807
f 453/352 723/756 452/576
f 921/584 516/808 513/414
f 884/504 171/679 105/681
f 959/493 19/599 20/600
f 704/359 544/809 548/568
f 966/374 123/795 124/454
f 957/448 16/463 17/464
f 970/596 116/589 117/590
f 905/373 20/600 21/795
f 524/810 924/766 515/418
f 852/450 456/341 459/367
f 939/549 525/789 499/790
f 38/811 799/761 36/812
f 524/810 980/759 525/789
f 452/576 714/388 451/406
f 6/813 777/496 4/814
f 847/485 496/383 493/338
f 865/469 463/344 455/329
f 976/399 514/802 521/787
f 950/462 506/348 510/383
f 454/416 754/752 453/352
f 845/469 495/344 487/329
f 948/482 504/815 508/357
f 914/515 11/455 12/591
f 772/482 458/815 462/357
f 484/400 728/333 483/622
f 897/535 47/588 48/589
f 870/485 480/383 477/338
f 977/335 451/406 522/387
f 906/468 475/367 479/344
f 952/554 508/357 512/365
f 8/816 779/746 6/813
f 774/534 114/591 115/588
f 868/374 55/795 56/454
f 889/448 84/463 85/464
f 785/596 14/589 15/590
f 969/515 113/455 114/591
f 171/679 864/173 174/817
f 892/447 49/590 50/463
f 971/520 119/747 120/748
f 42/807 801/577 40/818
f 973/521 120/748 121/599
f 894/521 52/748 53/599
f 891/462 460/348 464/383
f 975/413 483/622 520/332
f 792/155 594/563 597/476
f 791/179 593/369 596/449
f 569/551 739/666 582/564
f 574/791 965/712 669/583
f 549/776 917/213 553/567
f 840/86 651/558 643/467
f 566/769 893/376 556/757
f 615/793 968/397 672/765
f 581/751 776/684 566/769
f 678/805 820/586 623/560
f 854/156 648/476 652/460
f 932/673 656/775 680/753
f 789/87 592/467 595/555
f 849/235 652/460 649/547
f 582/564 867/668 581/751
f 784/86 600/558 592/467
f 794/54 595/819 599/480
f 633/375 767/571 572/556
f 851/54 646/819 650/480
f 833/180 631/449 636/558
f 837/164 635/480 640/553
f 823/86 636/558 626/467
f 831/235 638/460 634/547
f 542/820 740/658 569/551
f 836/236 634/547 639/484
f 933/655 588/497 681/749
f 817/164 616/480 620/553
f 934/654 641/762 682/548
f 814/180 612/449 617/558
f 811/235 618/460 614/547
f 806/244 619/484 609/369
f 807/165 620/553 610/563
f 832/54 630/819 635/480
f 557/602 874/649 571/750
f 809/179 609/369 612/449
f 798/164 599/480 603/553
f 793/235 601/460 598/547
f 827/87 626/467 630/555
f 858/164 650/480 654/553
f 622/796 788/623 621/562
f 701/345 546/546 545/478
f 733/450 488/341 491/367
f 855/370 461/338 465/368
f 521/787 715/603 484/400
f 944/451 501/329 504/346
f 958/447 15/590 16/463
f 762/554 462/357 466/365
f 520/332 921/584 513/414
f 108/821 759/582 106/780
f 961/534 12/591 13/588
f 40/818 800/579 38/811
f 590/745 736/405 589/755
f 691/345 665/546 535/478
f 109/782 859/542 873/570
f 109/782 767/571 77/665
f 941/469 509/344 501/329
f 887/461 457/382 460/348
f 751/520 51/747 52/748
f 470/803 711/456 469/403
f 486/385 755/565 454/416
f 737/477 482/365 473/382
f 938/554 494/357 498/365
f 744/451 455/329 458/346
f 73/794 818/277 107/822
f 516/808 750/337 485/336
f 947/485 510/383 507/338
f 896/468 491/367 495/344
f 522/387 729/557 485/336
f 871/482 490/815 494/357
f 753/451 487/329 490/346
f 758/554 478/357 482/365
f 937/370 493/338 497/368
f 467/823 726/552 486/385
f 978/360 499/790 523/354
f 743/485 464/383 461/338
f 103/276 859/542 109/782
f 741/535 115/588 116/589
f 963/493 121/599 122/600
f 901/521 18/748 19/599
f 10/773 781/518 8/816
f 875/515 45/455 46/591
f 766/274 105/681 139/824
f 886/349 677/519 667/474
f 769/339 533/475 583/372
f 4/814 775/498 2/825
f 707/373 54/600 55/795
f 748/370 477/338 481/368
f 757/482 474/815 478/357
f 760/461 489/382 492/348
f 945/450 502/341 505/367
f 763/469 479/344 471/329
f 804/462 476/348 480/383
f 469/403 688/458 468/799
f 860/450 472/341 475/367
f 962/448 118/463 119/464
f 732/345 558/546 575/478
f 918/259 112/826 104/827
f 885/347 563/595 666/446
f 708/366 541/568 550/519
f 717/347 570/595 559/446
f 712/331 584/479 554/595
f 730/342 551/786 573/514
f 683/806 955/419 657/742
f 624/798 745/351 591/517
f 679/739 953/415 655/541
f 925/342 671/786 673/514
f 716/343 673/514 558/546
f 689/350 539/474 533/475
f 589/755 863/407 588/497
f 607/770 857/404 606/597
f 725/343 536/514 568/546
f 685/340 540/372 529/786
f 721/349 543/519 564/474
f 680/753 842/401 622/796
f 929/366 675/568 677/519
f 964/398 110/689 112/826
f 720/331 674/479 563/595
f 830/389 556/757 633/375
f 604/828 756/386 624/798
f 686/339 565/475 530/372
f 695/349 560/519 539/474
f 699/366 547/568 543/519
f 780/377 1/699 137/829
f 911/374 89/795 90/454
f 898/371 481/368 472/341
f 692/342 552/786 536/514
f 703/359 559/809 547/568
f 719/345 568/546 561/478
f 718/366 548/568 560/519
f 709/340 583/372 551/786
f 770/330 545/478 584/479
f 682/548 940/362 642/774
f 727/331 537/479 570/595
f 697/359 659/809 541/568
f 927/359 666/809 675/568
f 826/356 567/767 629/503
f 591/517 764/353 590/745
f 722/350 564/474 565/475
f 700/347 554/595 544/446
f 923/340 670/372 671/786
f 693/330 561/478 537/479
f 702/343 573/514 546/546
f 710/340 530/372 552/786
f 681/749 750/337 623/560
f 731/334 571/750 574/791
f 877/331 531/479 660/595
f 841/244 653/484 644/369
f 825/165 640/553 628/563
f 824/244 639/484 627/369
f 856/236 649/547 653/484
f 835/156 632/476 638/460
f 828/179 627/369 631/449
f 829/155 628/563 632/476
f 931/278 621/562 679/739
f 808/87 608/467 611/555
f 629/503 866/210 585/792
f 805/86 617/558 608/467
f 816/236 614/547 619/484
f 810/155 610/563 613/476
f 637/437 888/261 557/602
f 787/165 603/553 594/563
f 786/244 602/484 593/369
f 846/179 644/369 647/449
f 797/236 598/547 602/484
f 796/156 597/476 601/460
f 532/457 904/233 542/783
f 795/180 596/449 600/558
f 848/155 645/563 648/476
f 553/567 912/215 532/457
f 585/792 802/212 549/776
f 853/180 647/449 651/558
f 862/174 657/742 656/775
f 843/165 654/553 645/563
f 815/156 613/476 618/460
f 844/87 643/467 646/555
f 813/54 611/819 616/480
f 36/1 51/409 50/2
f 50/2 49/13 40/4
f 59/5 60/9 41/6
f 61/8 39/125 41/6
f 76/10 88/830 87/11
f 49/13 48/831 42/14
f 226/15 224/678 250/16
f 19/18 18/30 8/19
f 90/21 89/27 74/22
f 9/24 29/422 30/25
f 89/27 88/830 76/10
f 4/28 20/832 19/18
f 10/29 8/19 18/30
f 129/32 105/118 172/33
f 30/25 31/70 5/35
f 42/14 48/831 47/36
f 62/41 63/423 35/42
f 117/44 116/833 108/45
f 110/47 115/51 114/48
f 114/48 113/411 104/50
f 108/45 116/833 115/51
f 64/52 63/834 808/53
f 326/55 325/835 317/56
f 311/58 310/707 302/59
f 33/64 1/84 3/65
f 31/70 32/66 3/65
f 123/71 122/100 82/72
f 21/74 20/832 4/28
f 99/76 100/390 75/77
f 86/82 138/91 78/12
f 34/83 137/103 1/84
f 131/85 130/271 840/86
f 131/88 132/142 68/89
f 138/91 86/82 85/92
f 54/94 53/408 15/95
f 97/97 23/106 24/98
f 122/100 121/394 83/101
f 98/102 99/76 77/78
f 118/104 117/44 106/46
f 23/106 97/97 137/103
f 66/107 26/132 27/108
f 55/112 54/94 14/96
f 22/117 21/74 2/75
f 105/118 129/32 130/119
f 363/121 366/661 370/122
f 46/124 140/105 44/37
f 62/41 37/43 39/125
f 134/126 94/134 95/127
f 67/131 25/428 26/132
f 135/133 93/381 94/134
f 85/92 84/393 12/135
f 56/136 120/395 119/137
f 423/139 425/611 415/140
f 211/143 213/307 232/144
f 385/146 382/203 380/147
f 243/149 245/695 238/150
f 278/151 276/531 274/152
f 68/154 67/225 810/155
f 309/151 311/531 313/152
f 164/157 166/836 439/158
f 440/160 165/837 163/161
f 134/163 133/629 858/164
f 150/166 149/671 147/167
f 173/172 174/817 864/173
f 279/175 280/709 288/176
f 129/178 128/243 846/179
f 148/181 147/838 145/182
f 278/184 279/175 287/177
f 144/185 143/675 157/186
f 412/191 414/624 409/192
f 262/194 263/669 271/195
f 154/197 153/254 151/198
f 406/200 405/262 402/201
f 185/205 186/193 184/206
f 181/188 182/471 180/208
f 866/210 43/275 41/211
f 917/213 39/710 37/214
f 577/777 578/494 749/218
f 578/494 209/216 749/218
f 562/219 207/512 208/220
f 135/225 134/163 843/165
f 214/226 212/501 231/227
f 438/229 437/726 416/230
f 27/178 26/243 791/179
f 912/215 37/214 35/232
f 34/154 33/225 792/155
f 24/234 23/639 793/235
f 162/237 142/452 141/238
f 128/243 127/247 841/244
f 25/247 24/234 797/236
f 32/163 31/629 798/164
f 232/144 234/240 236/248
f 445/249 294/544 296/250
f 446/252 289/545 297/251
f 156/253 155/706 153/254
f 410/255 408/839 407/193
f 389/256 390/309 388/257
f 338/200 337/262 334/201
f 918/259 104/827 70/260
f 337/262 338/200 336/263
f 67/225 66/163 807/165
f 325/265 327/525 329/266
f 353/268 354/840 350/269
f 58/234 57/639 811/235
f 62/271 61/178 814/180
f 354/272 351/841 349/273
f 766/274 139/824 43/275
f 63/85 62/271 805/86
f 103/276 107/822 818/277
f 346/279 343/842 341/280
f 111/282 69/39 109/283
f 101/225 100/163 825/165
f 384/285 381/843 382/203
f 94/243 93/247 824/244
f 362/272 359/841 357/273
f 358/269 357/273 355/286
f 102/154 101/225 829/155
f 378/287 377/664 375/288
f 126/234 125/639 849/235
f 227/290 229/694 244/291
f 58/292 59/5 43/7
f 251/17 528/575 519/293
f 363/294 367/298 368/295
f 370/297 369/688 368/295
f 93/247 92/234 836/236
f 100/163 99/629 837/164
f 351/299 352/652 347/286
f 164/300 162/237 161/239
f 208/220 207/512 203/302
f 299/304 305/538 303/305
f 213/307 211/844 212/308
f 391/189 392/208 390/309
f 166/310 164/300 163/301
f 183/312 177/190 175/313
f 127/247 126/234 856/236
f 169/315 170/845 168/316
f 177/256 178/309 176/257
f 179/189 180/208 178/309
f 200/285 197/843 198/203
f 224/317 223/678 221/318
f 178/320 184/470 186/321
f 254/323 247/150 218/324
f 436/326 438/613 430/327
f 70/115 79/410 90/21
f 455/329 463/344 687/330
f 520/332 483/622 728/333
f 977/335 522/387 485/336
f 493/338 496/383 686/339
f 472/341 481/368 730/342
f 495/344 491/367 719/345
f 507/338 510/383 922/339
f 474/346 471/329 712/331
f 492/348 489/382 721/349
f 745/351 454/416 453/352
f 523/354 499/790 724/355
f 508/357 504/815 885/358
f 462/357 458/815 876/358
f 487/329 495/344 693/330
f 978/360 523/354 500/361
f 479/344 475/367 701/345
f 477/338 480/383 769/339
f 482/365 478/357 704/359
f 491/367 488/341 725/343
f 494/357 490/815 717/358
f 497/368 493/338 710/340
f 609/369 619/484 748/370
f 530/372 565/475 742/373
f 633/375 556/757 893/376
f 498/365 494/357 703/359
f 473/382 482/365 718/366
f 496/383 492/348 722/350
f 850/384 467/823 486/385
f 522/387 451/406 714/388
f 501/329 509/344 926/330
f 220/391 526/412 519/293
f 668/396 672/765 968/397
f 512/365 508/357 927/359
f 976/399 521/787 484/400
f 489/382 498/365 699/366
f 461/338 464/383 696/339
f 488/341 497/368 692/342
f 734/402 470/803 469/403
f 736/405 452/576 451/406
f 476/348 473/382 695/349
f 502/341 511/368 925/342
f 511/368 507/338 923/340
f 219/391 239/392 527/293
f 975/413 520/332 513/414
f 756/386 486/385 454/416
f 979/417 524/810 515/418
f 139/120 130/119 131/88
f 481/368 477/338 709/340
f 471/329 479/344 770/330
f 562/219 447/465 443/420
f 298/251 290/545 449/424
f 580/427 555/846 713/425
f 713/425 448/847 444/426
f 490/346 487/329 727/331
f 295/250 293/544 450/424
f 466/365 462/357 697/359
f 504/346 501/329 720/331
f 637/437 668/396 964/398
f 505/367 502/341 716/343
f 666/446 563/595 881/447
f 612/449 609/369 898/371
f 765/451 763/469 471/329
f 913/453 903/374 22/454
f 711/456 553/567 532/457
f 618/460 613/476 902/461
f 899/448 892/447 50/463
f 942/371 951/370 511/368
f 447/465 562/219 663/221
f 608/467 617/558 906/468
f 647/449 644/369 942/371
f 193/472 194/624 192/191
f 928/350 886/349 667/474
f 632/476 628/563 747/477
f 696/339 694/350 538/475
f 687/330 691/345 535/478
f 616/480 611/819 765/481
f 619/484 614/547 870/485
f 872/486 874/649 72/487
f 140/490 934/654 839/491
f 533/475 539/474 908/493
f 777/496 589/755 588/497
f 579/222 587/848 773/499
f 773/499 206/849 210/223
f 747/477 938/554 498/365
f 480/383 476/348 689/350
f 503/382 512/365 929/366
f 629/503 567/767 884/504
f 207/512 562/219 661/421
f 573/514 551/786 910/453
f 821/516 624/798 591/517
f 550/519 541/568 782/520
f 667/474 677/519 973/521
f 444/426 448/847 861/528
f 861/528 587/848 579/222
f 575/478 558/546 774/534
f 931/278 679/739 655/541
f 910/453 868/374 56/454
f 883/343 690/342 534/514
f 598/547 601/460 891/462
f 682/548 641/762 939/549
f 698/550 542/820 569/551
f 639/484 634/547 847/485
f 620/553 616/480 757/482
f 630/555 626/467 845/469
f 635/480 630/819 753/481
f 830/389 633/375 572/556
f 636/558 631/449 733/450
f 649/547 652/460 950/462
f 930/559 678/805 623/560
f 819/561 622/796 621/562
f 595/555 592/467 865/469
f 640/553 635/480 871/482
f 610/563 620/553 758/554
f 726/552 569/551 582/564
f 705/566 549/776 553/567
f 548/568 544/809 899/569
f 597/476 594/563 869/477
f 643/467 651/558 949/468
f 873/570 658/592 572/556
f 655/541 658/592 873/570
f 661/421 664/850 960/572
f 459/367 456/341 883/343
f 526/573 517/686 217/324
f 242/17 238/150 527/293
f 764/353 453/352 452/576
f 801/577 606/597 605/578
f 665/546 534/514 914/515
f 752/580 615/793 625/581
f 731/334 574/791 669/583
f 603/553 599/480 772/482
f 138/585 933/655 820/586
f 879/535 895/534 81/588
f 746/447 907/596 83/590
f 900/534 875/515 46/591
f 953/415 956/785 658/592
f 260/593 261/55 269/57
f 660/595 531/479 785/596
f 606/597 857/404 783/598
f 908/493 894/521 53/599
f 881/447 970/596 117/590
f 646/555 643/467 941/469
f 735/596 897/535 48/589
f 880/349 708/366 550/519
f 834/601 637/437 557/602
f 602/484 598/547 743/485
f 631/449 627/369 738/371
f 475/367 472/341 702/343
f 842/401 484/400 483/622
f 190/255 188/839 187/193
f 414/624 413/851 410/625
f 390/320 396/470 398/321
f 297/626 289/852 290/627
f 133/629 132/52 851/54
f 313/630 312/635 304/631
f 209/216 210/223 206/633
f 395/207 396/206 394/471
f 275/635 276/58 284/60
f 240/507 219/508 248/510
f 233/245 231/227 216/502
f 288/304 282/538 284/305
f 97/85 96/271 823/86
f 245/637 246/853 236/248
f 256/638 255/854 233/245
f 262/265 260/525 258/266
f 23/639 34/154 796/156
f 31/629 30/52 794/54
f 217/500 213/307 214/226
f 314/640 313/630 305/632
f 336/642 338/200 333/202
f 334/201 332/855 331/644
f 337/262 335/856 332/645
f 60/243 59/247 806/244
f 343/646 344/857 339/647
f 342/281 341/280 339/647
f 888/261 70/260 72/487
f 98/52 97/834 827/53
f 350/269 349/273 347/286
f 352/650 353/858 348/270
f 344/651 345/859 340/648
f 345/652 346/299 342/281
f 66/163 65/629 817/164
f 59/247 58/234 816/236
f 57/639 68/154 815/156
f 61/178 60/243 809/179
f 361/268 362/840 358/269
f 140/490 106/780 838/653
f 65/629 64/52 813/54
f 138/585 2/825 775/498
f 360/650 361/858 356/270
f 92/234 91/639 831/235
f 904/656 35/860 9/657
f 160/659 141/238 142/452
f 91/639 102/154 835/156
f 359/299 360/652 355/286
f 366/661 363/121 364/662
f 158/432 156/433 150/436
f 374/288 371/289 373/287
f 96/271 95/178 833/180
f 99/629 98/52 832/54
f 95/178 94/243 828/179
f 132/52 131/834 844/53
f 780/377 137/829 77/665
f 30/52 29/834 789/53
f 28/271 27/178 795/180
f 397/205 398/193 396/206
f 739/666 7/713 5/667
f 125/639 136/154 854/156
f 405/262 406/200 404/263
f 194/624 193/851 190/625
f 12/135 83/101 120/395
f 263/669 264/704 272/670
f 29/85 28/271 784/86
f 404/642 406/200 401/202
f 152/199 151/198 149/671
f 169/672 173/172 862/174
f 192/191 194/624 189/192
f 172/674 171/861 167/171
f 276/58 277/707 285/59
f 183/207 184/206 182/471
f 146/183 145/182 143/675
f 238/150 237/323 232/325
f 297/626 298/628 292/676
f 136/154 135/225 848/155
f 226/677 225/705 223/678
f 867/668 5/667 3/683
f 201/146 198/203 196/147
f 413/472 414/624 412/191
f 220/685 219/862 517/686
f 243/149 242/17 225/15
f 225/15 242/17 241/16
f 366/687 365/863 369/688
f 241/16 242/17 518/575
f 752/580 108/821 110/689
f 222/690 249/507 250/16
f 257/691 258/703 266/692
f 526/412 218/324 247/150
f 228/290 252/149 253/291
f 230/696 229/694 227/697
f 221/690 223/678 241/16
f 517/412 527/293 238/150
f 368/295 369/688 365/663
f 776/684 3/683 1/699
f 252/149 251/17 247/150
f 119/137 118/104 140/105
f 130/271 129/178 853/180
f 259/701 260/593 268/594
f 395/312 389/190 387/313
f 261/55 262/835 270/56
f 402/201 400/855 399/644
f 329/703 328/701 320/702
f 264/704 257/691 265/693
f 258/703 259/701 267/702
f 251/17 252/149 228/290
f 228/698 227/697 225/705
f 158/187 157/186 155/706
f 277/707 278/864 286/708
f 405/262 403/856 400/645
f 308/175 307/709 299/176
f 280/709 273/640 281/641
f 802/212 41/211 39/710
f 872/486 74/488 76/711
f 310/707 309/864 301/708
f 740/658 9/657 7/713
f 312/635 311/58 303/60
f 393/188 394/471 392/208
f 324/669 323/704 315/670
f 295/714 296/717 294/715
f 295/714 291/543 292/676
f 273/640 274/630 282/632
f 328/701 327/593 319/594
f 26/243 25/247 786/244
f 330/691 329/703 321/692
f 33/225 32/163 787/165
f 309/184 308/175 300/177
f 71/718 170/845 169/315
f 69/39 111/282 71/718
f 307/709 314/640 306/641
f 323/704 330/691 322/693
f 274/630 275/635 283/631
f 327/593 326/55 318/57
f 423/719 430/865 429/720
f 417/722 436/725 435/723
f 436/725 417/722 416/230
f 431/727 430/865 423/719
f 426/729 427/866 438/229
f 435/723 434/867 419/730
f 420/731 433/736 432/732
f 428/734 427/866 426/729
f 419/730 434/867 433/736
f 149/442 153/444 157/438
f 432/737 431/727 422/728
f 429/720 428/734 425/735
f 679/739 621/562 788/623
f 601/460 597/476 887/461
f 922/339 928/350 676/475
f 560/519 548/568 751/520
f 768/493 909/521 87/599
f 677/519 675/568 971/520
f 803/740 607/770 606/597
f 946/461 943/477 503/382
f 675/568 666/809 962/569
f 554/595 584/479 735/596
f 935/741 683/806 657/742
f 673/514 671/786 967/453
f 531/479 535/478 706/535
f 559/446 570/595 746/447
f 583/372 533/475 707/373
f 447/465 586/495 578/494
f 890/743 555/846 580/427
f 558/546 673/514 969/515
f 781/518 591/517 590/745
f 782/520 957/569 17/747
f 654/553 650/480 948/482
f 617/558 612/449 860/450
f 681/749 588/497 863/407
f 614/547 618/460 804/462
f 545/478 546/546 900/534
f 715/603 557/602 571/750
f 599/480 595/819 744/481
f 534/514 529/786 913/453
f 650/480 646/819 944/481
f 626/467 636/558 896/468
f 755/565 582/564 581/751
f 652/460 648/476 946/461
f 680/753 656/775 954/754
f 592/467 600/558 761/468
f 634/547 638/460 919/462
f 779/746 590/745 589/755
f 723/756 566/769 556/757
f 979/417 683/806 684/758
f 800/579 605/578 604/760
f 641/762 625/581 822/763
f 596/449 593/369 878/371
f 209/216 586/495 576/224
f 812/764 615/793 672/765
f 538/475 662/474 959/493
f 674/479 575/478 741/535
f 659/446 660/595 958/447
f 670/372 676/475 972/373
f 478/357 474/815 700/358
f 662/474 550/519 901/521
f 567/767 684/758 936/768
f 669/583 678/805 930/559
f 754/752 581/751 566/769
f 839/491 642/774 607/770
f 535/478 665/546 961/534
f 523/354 826/356 771/771
f 580/427 663/221 208/220
f 916/453 911/374 90/454
f 724/355 980/759 684/758
f 676/475 667/474 963/493
f 36/772 799/797 821/516
f 642/774 940/362 734/402
f 540/372 538/475 905/373
f 967/453 966/374 124/454
f 895/534 915/515 80/591
f 790/520 889/569 85/747
f 656/775 657/742 955/419
f 645/563 654/553 952/554
f 926/330 732/345 575/478
f 771/771 585/792 549/776
f 579/222 576/224 441/466
f 442/800 443/420 778/778
f 443/420 578/494 778/778
f 651/558 647/449 945/450
f 605/578 783/598 850/779
f 915/515 916/453 79/455
f 919/462 760/461 492/348
f 593/369 602/484 855/370
f 76/711 78/587 974/682
f 688/458 532/457 542/783
f 613/476 610/563 737/477
f 594/563 603/553 762/554
f 600/558 596/449 852/450
f 653/484 649/547 947/485
f 458/346 455/329 877/331
f 956/785 516/808 485/336
f 690/342 685/340 529/786
f 460/348 457/382 880/349
f 627/369 639/484 937/370
f 521/787 514/802 920/788
f 812/764 524/810 525/789
f 250/16 248/392 528/575
f 638/460 632/476 760/461
f 499/790 525/789 980/759
f 510/383 506/348 928/350
f 513/414 516/808 956/785
f 611/555 608/467 763/469
f 456/341 465/368 690/342
f 457/382 466/365 708/366
f 920/788 924/766 672/765
f 574/791 571/750 874/649
f 644/369 653/484 951/370
f 552/786 530/372 911/374
f 907/596 879/535 82/589
f 546/546 573/514 875/515
f 933/655 681/749 623/560
f 628/563 640/553 938/554
f 826/356 629/503 585/792
f 648/476 645/563 943/477
f 615/793 812/764 822/763
f 570/595 537/479 907/596
f 169/672 932/673 819/561
f 934/654 682/548 642/774
f 541/568 659/809 957/569
f 565/475 564/474 768/493
f 909/521 790/520 86/748
f 561/478 568/546 895/534
f 551/786 583/372 868/374
f 536/514 552/786 916/453
f 742/373 768/493 88/600
f 543/519 547/568 790/520
f 547/568 559/809 889/569
f 584/479 545/478 897/535
f 544/446 554/595 892/447
f 932/673 680/753 622/796
f 563/595 674/479 970/596
f 529/786 540/372 903/374
f 568/546 536/514 915/515
f 564/474 543/519 909/521
f 799/797 604/828 624/798
f 539/474 560/519 894/521
f 671/786 670/372 966/374
f 537/479 561/478 879/535
f 834/601 920/788 668/396
f 738/371 937/370 497/368
f 857/404 469/403 468/799
f 664/850 661/421 882/801
f 661/421 443/420 882/801
f 506/348 503/382 886/349
f 464/383 460/348 694/350
f 514/802 515/418 924/766
f 940/362 500/361 470/803
f 444/426 441/466 663/221
f 463/344 459/367 691/345
f 783/598 468/799 467/804
f 465/368 461/338 685/340
f 586/495 447/465 441/466
f 509/344 505/367 732/345
f 325/194 324/669 316/195
f 694/350 880/349 662/474
f 658/592 956/785 729/557
f 876/347 877/331 660/595
f 951/370 947/485 507/338
f 761/468 852/450 459/367
f 869/477 762/554 466/365
f 902/461 737/477 473/382
f 468/799 688/458 698/784
f 965/712 974/682 678/805
f 683/806 935/741 936/768
f 838/653 759/582 625/581
f 878/371 855/370 465/368
f 949/468 945/450 505/367
f 500/361 771/771 705/566
f 943/477 952/554 512/365
f 954/754 955/419 515/418
f 903/374 905/373 21/795
f 972/373 963/493 122/600
f 706/535 961/534 13/588
f 44/492 839/491 803/740
f 453/352 754/752 723/756
f 921/584 930/559 516/808
f 884/504 936/768 171/679
f 959/493 901/521 19/599
f 704/359 700/358 544/809
f 966/374 972/373 123/795
f 957/448 958/447 16/463
f 970/596 741/535 116/589
f 905/373 959/493 20/600
f 524/810 812/764 924/766
f 852/450 878/371 456/341
f 939/549 822/763 525/789
f 38/811 800/579 799/761
f 524/810 979/417 980/759
f 452/576 723/756 714/388
f 6/813 779/746 777/496
f 847/485 919/462 496/383
f 865/469 761/468 463/344
f 976/399 954/754 514/802
f 950/462 946/461 506/348
f 454/416 755/565 754/752
f 845/469 896/468 495/344
f 948/482 944/481 504/815
f 914/515 913/453 11/455
f 772/482 744/481 458/815
f 484/400 715/603 728/333
f 897/535 900/534 47/588
f 870/485 804/462 480/383
f 977/335 863/407 451/406
f 906/468 860/450 475/367
f 952/554 948/482 508/357
f 8/816 781/518 779/746
f 774/534 969/515 114/591
f 868/374 707/373 55/795
f 889/448 746/447 84/463
f 785/596 706/535 14/589
f 969/515 967/453 113/455
f 171/679 935/741 864/173
f 892/447 735/596 49/590
f 971/520 962/569 119/747
f 42/807 803/740 801/577
f 973/521 971/520 120/748
f 894/521 751/520 52/748
f 891/462 887/461 460/348
f 975/413 788/623 483/622
f 792/155 787/165 594/563
f 791/179 786/244 593/369
f 569/551 740/658 739/666
f 574/791 872/486 965/712
f 549/776 802/212 917/213
f 840/86 853/180 651/558
f 566/769 776/684 893/376
f 615/793 752/580 968/397
f 581/751 867/668 776/684
f 678/805 974/682 820/586
f 854/156 848/155 648/476
f 932/673 862/174 656/775
f 789/87 784/86 592/467
f 849/235 854/156 652/460
f 582/564 739/666 867/668
f 784/86 795/180 600/558
f 794/54 789/53 595/819
f 633/375 780/377 767/571
f 851/54 844/53 646/819
f 833/180 828/179 631/449
f 837/164 832/54 635/480
f 823/86 833/180 636/558
f 831/235 835/156 638/460
f 542/820 904/656 740/658
f 836/236 831/235 634/547
f 933/655 775/498 588/497
f 817/164 813/54 616/480
f 934/654 838/653 641/762
f 814/180 809/179 612/449
f 811/235 815/156 618/460
f 806/244 816/236 619/484
f 807/165 817/164 620/553
f 832/54 827/53 630/819
f 557/602 888/261 874/649
f 809/179 806/244 609/369
f 798/164 794/54 599/480
f 793/235 796/156 601/460
f 827/87 823/86 626/467
f 858/164 851/54 650/480
f 622/796 842/401 788/623
f 701/345 702/343 546/546
f 733/450 738/371 488/341
f 855/370 743/485 461/338
f 521/787 834/601 715/603
f 944/451 941/469 501/329
f 958/447 785/596 15/590
f 762/554 772/482 462/357
f 520/332 731/334 921/584
f 108/821 752/580 759/582
f 961/534 914/515 12/591
f 40/818 801/577 800/579
f 590/745 764/353 736/405
f 691/345 883/343 665/546
f 109/782 873/570 767/571
f 941/469 949/468 509/344
f 887/461 869/477 457/382
f 751/520 899/569 51/747
f 470/803 705/566 711/456
f 486/385 726/552 755/565
f 737/477 758/554 482/365
f 938/554 871/482 494/357
f 744/451 865/469 455/329
f 73/794 819/561 818/277
f 516/808 930/559 750/337
f 947/485 950/462 510/383
f 896/468 733/450 491/367
f 522/387 830/389 729/557
f 871/482 753/481 490/815
f 753/451 845/469 487/329
f 758/554 757/482 478/357
f 937/370 847/485 493/338
f 467/823 698/550 726/552
f 978/360 939/549 499/790
f 743/485 891/462 464/383
f 103/276 931/278 859/542
f 741/535 774/534 115/588
f 963/493 973/521 121/599
f 901/521 782/520 18/748
f 10/773 821/516 781/518
f 875/515 910/453 45/455
f 766/274 884/504 105/681
f 886/349 929/366 677/519
f 769/339 689/350 533/475
f 4/814 777/496 775/498
f 707/373 908/493 54/600
f 748/370 870/485 477/338
f 757/482 765/481 474/815
f 760/461 747/477 489/382
f 945/450 942/371 502/341
f 763/469 906/468 479/344
f 804/462 902/461 476/348
f 469/403 711/456 688/458
f 860/450 898/371 472/341
f 962/448 881/447 118/463
f 732/345 716/343 558/546
f 918/259 964/398 112/826
f 885/347 720/331 563/595
f 708/366 697/359 541/568
f 717/347 727/331 570/595
f 712/331 770/330 584/479
f 730/342 709/340 551/786
f 683/806 979/417 955/419
f 624/798 756/386 745/351
f 679/739 975/413 953/415
f 925/342 923/340 671/786
f 716/343 925/342 673/514
f 689/350 695/349 539/474
f 589/755 736/405 863/407
f 607/770 734/402 857/404
f 725/343 692/342 536/514
f 685/340 696/339 540/372
f 721/349 699/366 543/519
f 680/753 976/399 842/401
f 929/366 927/359 675/568
f 964/398 968/397 110/689
f 720/331 926/330 674/479
f 830/389 714/388 556/757
f 604/828 850/384 756/386
f 686/339 722/350 565/475
f 695/349 718/366 560/519
f 699/366 703/359 547/568
f 780/377 893/376 1/699
f 911/374 742/373 89/795
f 898/371 748/370 481/368
f 692/342 710/340 552/786
f 703/359 717/358 559/809
f 719/345 725/343 568/546
f 718/366 704/359 548/568
f 709/340 769/339 583/372
f 770/330 701/345 545/478
f 682/548 978/360 940/362
f 727/331 693/330 537/479
f 697/359 876/358 659/809
f 927/359 885/358 666/809
f 826/356 724/355 567/767
f 591/517 745/351 764/353
f 722/350 721/349 564/474
f 700/347 712/331 554/595
f 923/340 922/339 670/372
f 693/330 719/345 561/478
f 702/343 730/342 573/514
f 710/340 686/339 530/372
f 681/749 977/335 750/337
f 731/334 728/333 571/750
f 877/331 687/330 531/479
f 841/244 856/236 653/484
f 825/165 837/164 640/553
f 824/244 836/236 639/484
f 856/236 849/235 649/547
f 835/156 829/155 632/476
f 828/179 824/244 627/369
f 829/155 825/165 628/563
f 931/278 818/277 621/562
f 808/87 805/86 608/467
f 629/503 766/274 866/210
f 805/86 814/180 617/558
f 816/236 811/235 614/547
f 810/155 807/165 610/563
f 637/437 918/259 888/261
f 787/165 798/164 603/553
f 786/244 797/236 602/484
f 846/179 841/244 644/369
f 797/236 793/235 598/547
f 796/156 792/155 597/476
f 532/457 912/215 904/233
f 795/180 791/179 596/449
f 848/155 843/165 645/563
f 553/567 917/213 912/215
f 585/792 866/210 802/212
f 853/180 846/179 647/449
f 862/174 864/173 657/742
f 843/165 858/164 654/553
f 815/156 810/155 613/476
f 844/87 840/86 643/467
f 813/54 808/53 611/819
o Gun
v -0.5 0 0
v 0.5 0 0
v -0.5 1 -0.75
v -0.5 1 -0
v 0.5 1 -0
v 0.5 1 -0.75
v 0.5 0.5 -0
v 0.5 0.5 -0.75
v 0.5 0 1
v -0.5 0 1
v -0.5 0.5 -0
v -0.5 0.5 -0.75
v 0.625 0.5 -0
v 0.625 0.5 -0.75
v 0.625 0 1
v -0.625 0 1
v -0.625 0.5 -0
v -0.625 0.5 -0.75
v 0.5 -0.125 1
v -0.5 -0.125 1
v 0.625 -0 -0.75
v -0.625 -0 -0.75
v 0.5 -0.125 -0.75
v -0.5 -0.125 -0.75
v 0.1875 -0.75 0.5
v 0.1875 -0.125 0.25
v 0.1875 -0.75 1
v 0.1875 -0.125 1
v 0.4375 -0.75 0.5
v 0.4375 -0.125 0.25
v 0.4375 -0.75 1
v 0.4375 -0.125 1
v 0.4375 -0.5 0.5
v 0.4375 -0.3232 0.5732
v 0.4375 -0.25 0.75
v 0.4375 -0.3232 0.9268
v 0.4375 -0.5 1
v 0.4375 -0.6768 0.9268
v 0.4375 -0.75 0.75
v 0.4375 -0.6768 0.5732
v 0.559 -0.3232 0.5732
v 0.559 -0.5 0.5
v 0.559 -0.25 0.75
v 0.559 -0.3232 0.9268
v 0.559 -0.5 1
v 0.559 -0.6768 0.9268
v 0.559 -0.75 0.75
v 0.559 -0.6768 0.5732
v -0.5 0.125 -0.75
v -0.25 -0.125 -0.75
v 0.25 -0.125 -0.75
v 0.5 0.125 -0.75
v -0.25 0.875 -0.75
v -0.5 0.625 -0.75
v 0.5 0.625 -0.75
v 0.25 0.875 -0.75
v -0.25 -0.125 -2.5
v -0.5 0.125 -2.5
v 0.5 0.125 -2.5
v 0.25 -0.125 -2.5
v -0.5 0.625 -2.5
v -0.25 0.875 -2.5
v 0.25 0.875 -2.5
v 0.5 0.625 -2.5
v 0.6951 0.6326 -0.6875
v 0.75 0.5 -0.6875
v 0.6951 0.3674 -0.6875
v 0.5625 0.3125 -0.6875
v 0.4299 0.3674 -0.6875
v 0.375 0.5 -0.6875
v 0.4299 0.6326 -0.6875
v 0.5625 0.6875 -0.6875
v 0.6951 0.6326 -2.5625
v 0.75 0.5 -2.5625
v 0.5625 0.3125 -2.5625
v 0.4299 0.3674 -2.5625
v 0.375 0.5 -2.5625
v 0.4299 0.6326 -2.5625
v 0.5625 0.6875 -2.5625
v 0.6951 0.3674 -2.5625
v 0.125 -0.125 -0.5
v -0.125 -0.125 -0.5
v 0.125 -2.125 -1.25
v -0.125 -2.125 -1.25
v 0.125 -2.125 -2
v -0.125 -2.125 -2
v 0.125 -1.875 -2.25
v -0.125 -1.875 -2.25
v 0.125 -0.5 -1.625
v -0.125 -0.5 -1.625
v 0.125 -0.25 -1.625
v -0.125 -0.25 -1.625
v 0.125 -0.25 -2.5
v -0.125 -0.25 -2.5
v 0.125 -0.125 -2.5
v -0.125 -0.125 -2.5
v 0.125 -0.125 -1.5
v -0.125 -0.125 -1.5
v 0.25 -0.125 -0.625
v 0.25 -2.125 -1.375
v 0.25 -2.125 -1.875
v 0.25 -1.875 -2.125
v 0.25 -0.5 -1.5
v 0.25 -0.25 -1.5
v 0.25 -0.125 -1.375
v -0.25 -2.125 -1.375
v -0.25 -0.125 -0.625
v -0.25 -2.125 -1.875
v -0.25 -1.875 -2.125
v -0.25 -0.5 -1.5
v -0.25 -0.25 -1.5
v -0.25 -0.125 -1.375
v 0.0625 -2.125 -1.25
v -0.0625 -2.125 -1.25
v 0.0625 -0.375 0.25
v -0.0625 -0.375 0.25
v 0.0625 -0.125 0.25
v -0.0625 -0.125 0.25
v 0.0625 -0.125 -0.5
v -0.0625 -0.125 -0.5
v 0.0938 -0.75 0.875
v -0.0938 -0.75 0.875
v 0.0938 -0.75 0.6875
v -0.0938 -0.75 0.6875
v 0.0938 -1.75 0.375
v -0.0938 -1.75 0.375
v 0.0938 -1.625 0.25
v -0.0938 -1.625 0.25
v 0.0938 -2.125 -1.25
v -0.0938 -2.125 -1.25
v 0.0938 -2 -1.25
v -0.0938 -2 -1.25
v 0.5625 0.625 -2.5625
v 0.4741 0.5884 -2.5625
v 0.4375 0.5 -2.5625
v 0.4741 0.4116 -2.5625
v 0.5625 0.375 -2.5625
v 0.6509 0.4116 -2.5625
v 0.6875 0.5 -2.5625
v 0.6509 0.5884 -2.5625
v 0.5625 0.625 -6.5625
v 0.4741 0.5884 -6.5625
v 0.4375 0.5 -6.5625
v 0.4741 0.4116 -6.5625
v 0.5625 0.375 -6.5625
v 0.6509 0.4116 -6.5625
v 0.6875 0.5 -6.5625
v 0.6509 0.5884 -6.5625
v 0.5625 0.5518 -6.7393
v 0.4741 0.5259 -6.7134
v 0.4375 0.4634 -6.6509
v 0.4741 0.4009 -6.5884
v 0.6509 0.4009 -6.5884
v 0.6875 0.4634 -6.6509
v 0.6509 0.5259 -6.7134
v 0.5625 0.375 -6.8125
v 0.4741 0.375 -6.7759
v 0.4375 0.375 -6.6875
v 0.4741 0.375 -6.5991
v 0.6509 0.375 -6.5991
v 0.6875 0.375 -6.6875
v 0.6509 0.375 -6.7759
v 0.5625 -0.25 -6.5625
v 0.5625 -0.25 -6.8125
v 0.4741 -0.25 -6.7759
v 0.4375 -0.25 -6.6875
v 0.4741 -0.25 -6.5991
v 0.6509 -0.25 -6.5991
v 0.6875 -0.25 -6.6875
v 0.6509 -0.25 -6.7759
v 0.3125 -0.25 -6.8125
v 0.2241 -0.2866 -6.8125
v 0.1875 -0.375 -6.8125
v 0.2241 -0.4634 -6.8125
v 0.3125 -0.5 -6.8125
v 0.4009 -0.4634 -6.8125
v 0.4375 -0.375 -6.8125
v 0.4009 -0.2866 -6.8125
v 0.3125 -0.25 -7.5625
v 0.2241 -0.2866 -7.5625
v 0.1875 -0.375 -7.5625
v 0.2241 -0.4634 -7.5625
v 0.3125 -0.5 -7.5625
v 0.4009 -0.4634 -7.5625
v 0.4375 -0.375 -7.5625
v 0.4009 -0.2866 -7.5625
v 0.3125 -0.3232 -7.7393
v 0.2241 -0.3491 -7.7134
v 0.1875 -0.4116 -7.6509
v 0.2241 -0.4741 -7.5884
v 0.4009 -0.4741 -7.5884
v 0.4375 -0.4116 -7.6509
v 0.4009 -0.3491 -7.7134
v 0.3125 -0.5 -7.8125
v 0.2241 -0.5 -7.7759
v 0.1875 -0.5 -7.6875
v 0.2241 -0.5 -7.5991
v 0.4009 -0.5 -7.5991
v 0.4375 -0.5 -7.6875
v 0.4009 -0.5 -7.7759
v 0.3125 -2.25 -7.5625
v 0.3125 -2.25 -7.8125
v 0.2241 -2.25 -7.7759
v 0.1875 -2.25 -7.6875
v 0.2241 -2.25 -7.5991
v 0.4009 -2.25 -7.5991
v 0.4375 -2.25 -7.6875
v 0.4009 -2.25 -7.7759
v -0.1875 -2.4634 -7.7759
v -0.1875 -2.5 -7.6875
v -0.1875 -2.4634 -7.5991
v -0.1875 -2.2866 -7.5991
v -0.1875 -2.2866 -7.7759
v -0.1875 -2.375 -7.8125
v -0.1875 -2.375 -7.5625
v 0.5259 -0.3384 -6.5625
v 0.5259 -0.3384 -6.8125
v 0.4634 -0.2759 -6.7759
v 0.4634 -0.2759 -6.5991
v 0.5884 -0.4009 -6.5991
v 0.6143 -0.4268 -6.6875
v 0.5884 -0.4009 -6.7759
v 0.4375 -0.375 -6.5625
v 0.3491 -0.25 -6.7241
v 0.4375 -0.2866 -6.7759
v 0.4375 -0.2866 -6.5991
v 0.4375 -0.4634 -6.5991
v 0.4375 -0.5 -6.6875
v 0.4375 -0.4634 -6.7759
v 0.2866 -0.2866 -6.6616
v 0.2607 -0.375 -6.6357
v 0.2866 -0.4634 -6.6616
v 0.3491 -0.5 -6.7241
v 0.4116 -0.4634 -6.7866
v 0.4116 -0.2866 -6.7866
v 0.2759 -2.3384 -7.5625
v 0.2759 -2.3384 -7.8125
v 0.2134 -2.2759 -7.7759
v 0.2134 -2.2759 -7.5991
v 0.3384 -2.4009 -7.5991
v 0.3643 -2.4268 -7.6875
v 0.3384 -2.4009 -7.7759
v 0.1875 -2.375 -7.5625
v 0.1875 -2.375 -7.8125
v 0.1875 -2.2866 -7.7759
v 0.1875 -2.2866 -7.5991
v 0.1875 -2.4634 -7.5991
v 0.1875 -2.5 -7.6875
v 0.1875 -2.4634 -7.7759
v -0.4375 -0.75 0.5
v -0.4375 -0.125 0.25
v -0.4375 -0.75 1
v -0.4375 -0.125 1
v -0.1875 -0.75 0.5
v -0.1875 -0.125 0.25
v -0.1875 -0.75 1
v -0.1875 -0.125 1
v -0.4375 -0.5 1
v -0.4375 -0.3232 0.9268
v -0.4375 -0.25 0.75
v -0.4375 -0.3232 0.5732
v -0.4375 -0.5 0.5
v -0.4375 -0.6768 0.5732
v -0.4375 -0.75 0.75
v -0.4375 -0.6768 0.9268
v -0.559 -0.3232 0.9268
v -0.559 -0.5 1
v -0.559 -0.25 0.75
v -0.559 -0.3232 0.5732
v -0.559 -0.5 0.5
v -0.559 -0.6768 0.5732
v -0.559 -0.75 0.75
v -0.559 -0.6768 0.9268
v 0.4375 0.1875 -1.5
v 0.3049 0.1875 -1.4451
v 0.25 0.1875 -1.3125
v 0.3049 0.1875 -1.1799
v 0.4375 0.1875 -1.125
v 0.5701 0.1875 -1.1799
v 0.625 0.1875 -1.3125
v 0.5701 0.1875 -1.4451
v 0.4375 0.9375 -1.5
v 0.3049 0.9375 -1.4451
v 0.25 0.9375 -1.3125
v 0.3049 0.9375 -1.1799
v 0.4375 0.9375 -1.125
v 0.5701 0.9375 -1.1799
v 0.625 0.9375 -1.3125
v 0.5701 0.9375 -1.4451
v 0.4375 0.9375 -1.4375
v 0.3491 0.9375 -1.4009
v 0.3125 0.9375 -1.3125
v 0.3491 0.9375 -1.2241
v 0.4375 0.9375 -1.1875
v 0.5259 0.9375 -1.2241
v 0.5625 0.9375 -1.3125
v 0.5259 0.9375 -1.4009
v 0.4375 1.0625 -1.4375
v 0.3491 1.0625 -1.4009
v 0.3125 1.0625 -1.3125
v 0.3491 1.0625 -1.2241
v 0.4375 1.0625 -1.1875
v 0.5259 1.0625 -1.2241
v 0.5625 1.0625 -1.3125
v 0.5259 1.0625 -1.4009
v -0.4299 0.6326 -0.6875
v -0.375 0.5 -0.6875
v -0.4299 0.3674 -0.6875
v -0.5625 0.3125 -0.6875
v -0.6951 0.3674 -0.6875
v -0.75 0.5 -0.6875
v -0.6951 0.6326 -0.6875
v -0.5625 0.6875 -0.6875
v -0.4299 0.6326 -2.5625
v -0.375 0.5 -2.5625
v -0.5625 0.3125 -2.5625
v -0.6951 0.3674 -2.5625
v -0.75 0.5 -2.5625
v -0.6951 0.6326 -2.5625
v -0.5625 0.6875 -2.5625
v -0.4299 0.3674 -2.5625
v -0.3384 -2.4009 -7.7759
v -0.3643 -2.4268 -7.6875
v -0.3384 -2.4009 -7.5991
v -0.2134 -2.2759 -7.5991
v -0.2134 -2.2759 -7.7759
v -0.2759 -2.3384 -7.8125
v -0.2759 -2.3384 -7.5625
v -0.4116 -0.2866 -6.7866
v -0.4116 -0.4634 -6.7866
v -0.3491 -0.5 -6.7241
v -0.2866 -0.4634 -6.6616
v -0.2607 -0.375 -6.6357
v -0.2866 -0.2866 -6.6616
v -0.4375 -0.4634 -6.7759
v -0.4375 -0.5 -6.6875
v -0.4375 -0.4634 -6.5991
v -0.4375 -0.2866 -6.5991
v -0.4375 -0.2866 -6.7759
v -0.3491 -0.25 -6.7241
v -0.4375 -0.375 -6.5625
v -0.5884 -0.4009 -6.7759
v -0.6143 -0.4268 -6.6875
v -0.5884 -0.4009 -6.5991
v -0.4634 -0.2759 -6.5991
v -0.4634 -0.2759 -6.7759
v -0.5259 -0.3384 -6.8125
v -0.5259 -0.3384 -6.5625
v -0.4009 -2.25 -7.7759
v -0.4375 -2.25 -7.6875
v -0.4009 -2.25 -7.5991
v -0.2241 -2.25 -7.5991
v -0.1875 -2.25 -7.6875
v -0.2241 -2.25 -7.7759
v -0.3125 -2.25 -7.8125
v -0.3125 -2.25 -7.5625
v -0.4009 -0.5 -7.7759
v -0.4375 -0.5 -7.6875
v -0.4009 -0.5 -7.5991
v -0.2241 -0.5 -7.5991
v -0.1875 -0.5 -7.6875
v -0.2241 -0.5 -7.7759
v -0.3125 -0.5 -7.8125
v -0.4009 -0.3491 -7.7134
v -0.4375 -0.4116 -7.6509
v -0.4009 -0.4741 -7.5884
v -0.2241 -0.4741 -7.5884
v -0.1875 -0.4116 -7.6509
v -0.2241 -0.3491 -7.7134
v -0.3125 -0.3232 -7.7393
v -0.4009 -0.2866 -7.5625
v -0.4375 -0.375 -7.5625
v -0.4009 -0.4634 -7.5625
v -0.3125 -0.5 -7.5625
v -0.2241 -0.4634 -7.5625
v -0.1875 -0.375 -7.5625
v -0.2241 -0.2866 -7.5625
v -0.3125 -0.25 -7.5625
v -0.4009 -0.2866 -6.8125
v -0.4375 -0.375 -6.8125
v -0.4009 -0.4634 -6.8125
v -0.3125 -0.5 -6.8125
v -0.2241 -0.4634 -6.8125
v -0.1875 -0.375 -6.8125
v -0.2241 -0.2866 -6.8125
v -0.3125 -0.25 -6.8125
v -0.6509 -0.25 -6.7759
v -0.6875 -0.25 -6.6875
v -0.6509 -0.25 -6.5991
v -0.4741 -0.25 -6.5991
v -0.4375 -0.25 -6.6875
v -0.4741 -0.25 -6.7759
v -0.5625 -0.25 -6.8125
v -0.5625 -0.25 -6.5625
v -0.6509 0.375 -6.7759
v -0.6875 0.375 -6.6875
v -0.6509 0.375 -6.5991
v -0.4741 0.375 -6.5991
v -0.4375 0.375 -6.6875
v -0.4741 0.375 -6.7759
v -0.5625 0.375 -6.8125
v -0.6509 0.5259 -6.7134
v -0.6875 0.4634 -6.6509
v -0.6509 0.4009 -6.5884
v -0.4741 0.4009 -6.5884
v -0.4375 0.4634 -6.6509
v -0.4741 0.5259 -6.7134
v -0.5625 0.5518 -6.7393
v -0.6509 0.5884 -6.5625
v -0.6875 0.5 -6.5625
v -0.6509 0.4116 -6.5625
v -0.5625 0.375 -6.5625
v -0.4741 0.4116 -6.5625
v -0.4375 0.5 -6.5625
v -0.4741 0.5884 -6.5625
v -0.5625 0.625 -6.5625
v -0.6509 0.5884 -2.5625
v -0.6875 0.5 -2.5625
v -0.6509 0.4116 -2.5625
v -0.5625 0.375 -2.5625
v -0.4741 0.4116 -2.5625
v -0.4375 0.5 -2.5625
v -0.4741 0.5884 -2.5625
v -0.5625 0.625 -2.5625
v 0.5 1 -0
v 0.125 1 -0
v 0.5 1.3125 -0.3125
v 0.125 1.3125 -0.3125
v 0.5 1.3125 -0.625
v 0.125 1.3125 -0.625
v 0.5 1 -0.625
v 0.125 1 -0.625
v -0.125 1 -0
v -0.5 1 -0
v -0.125 1.3125 -0.3125
v -0.5 1.3125 -0.3125
v -0.125 1.3125 -0.625
v -0.5 1.3125 -0.625
v -0.125 1 -0.625
v -0.5 1 -0.625
v 0.5 -0.125 0.125
v -0.5 -0.125 0.125
v -0.5 0.125 -1.625
v 0.5 0.625 -1.625
v -0.25 0.875 -1.625
v -0.5 0.625 -1.625
v -0.25 -0.125 -1.625
v 0.25 -0.125 -1.625
v -0.0625 -1.25 -0.5
v -0.0625 -1.125 -0.875
v 0.0625 -1.125 -0.875
v 0.0625 -1.25 -0.5
v 0.0938 -1.9375 -0.4375
v 0.0938 -1.8125 -0.5
v -0.0938 -1.9375 -0.4375
v -0.625 0 0.125
v 0.625 0 0.125
v 0.5 0.125 -1.625
v 0.25 0.875 -1.625
v -0.0938 -1.8125 -0.5
v 0.6951 0.6326 -1.625
v 0.6951 0.3674 -1.625
v 0.375 0.5 -1.625
v 0.5625 0.3125 -1.625
v 0.5625 0.6875 -1.625
v 0.75 0.5 -1.625
v 0.4299 0.6326 -1.625
v 0.4299 0.3674 -1.625
v -0.125 -1.125 -0.875
v -0.125 -1.1875 -1.9375
v 0.125 -1.125 -0.875
v 0.125 -1.1875 -1.9375
v -0.25 -1.125 -1
v -0.25 -1.1875 -1.8125
v 0.25 -1.125 -1
v 0.25 -1.3125 -1.4375
v 0.25 -1.1875 -1.8125
v -0.25 -1.3125 -1.4375
v 0.4741 0.4116 -4.5625
v 0.4741 0.5884 -4.5625
v 0.6875 0.5 -4.5625
v 0.5625 0.375 -4.5625
v 0.4375 0.5 -4.5625
v 0.5625 0.625 -4.5625
v 0.6509 0.5884 -4.5625
v 0.6509 0.4116 -4.5625
v 0.4009 -1.375 -7.5991
v 0.4009 -1.375 -7.7759
v 0.2241 -1.375 -7.5991
v 0.2241 -1.375 -7.7759
v 0.3125 -1.375 -7.5625
v 0.3125 -1.375 -7.8125
v 0.4375 -1.375 -7.6875
v 0.1875 -1.375 -7.6875
v -0.4299 0.6326 -1.625
v -0.4299 0.3674 -1.625
v -0.75 0.5 -1.625
v -0.5625 0.3125 -1.625
v -0.5625 0.6875 -1.625
v -0.375 0.5 -1.625
v -0.6951 0.6326 -1.625
v -0.6951 0.3674 -1.625
v -0.1875 -1.375 -7.6875
v -0.4375 -1.375 -7.6875
v -0.3125 -1.375 -7.8125
v -0.3125 -1.375 -7.5625
v -0.2241 -1.375 -7.7759
v -0.2241 -1.375 -7.5991
v -0.4009 -1.375 -7.7759
v -0.4009 -1.375 -7.5991
v -0.6509 0.4116 -4.5625
v -0.6509 0.5884 -4.5625
v -0.5625 0.625 -4.5625
v -0.4375 0.5 -4.5625
v -0.5625 0.375 -4.5625
v -0.6875 0.5 -4.5625
v -0.4741 0.5884 -4.5625
v -0.4741 0.4116 -4.5625
v 0.4741 0.4116 -5.5625
v 0.4741 0.5884 -5.5625
v 0.6875 0.5 -5.5625
v 0.5625 0.375 -5.5625
v 0.4375 0.5 -5.5625
v 0.5625 0.625 -5.5625
v 0.6509 0.5884 -5.5625
v 0.6509 0.4116 -5.5625
v -0.5625 0.625 -5.5625
v -0.4741 0.4116 -5.5625
v 0.5625 0.375 -3.5625
v 0.6509 0.5884 -3.5625
v 0.4741 0.4116 -3.5625
v -0.6509 0.5884 -5.5625
v -0.4375 0.5 -5.5625
v -0.6509 0.4116 -5.5625
v 0.4375 0.5 -3.5625
v 0.5625 0.625 -3.5625
v -0.5625 0.375 -5.5625
v 0.4741 0.5884 -3.5625
v -0.4741 0.5884 -5.5625
v 0.6875 0.5 -3.5625
v 0.6509 0.4116 -3.5625
v -0.6875 0.5 -5.5625
v -0.6509 0.4116 -3.5625
v -0.6509 0.5884 -3.5625
v -0.5625 0.625 -3.5625
v -0.4375 0.5 -3.5625
v -0.5625 0.375 -3.5625
v -0.6875 0.5 -3.5625
v -0.4741 0.5884 -3.5625
v -0.4741 0.4116 -3.5625
vt 0.5231 0.5682
vt 0.5787 0.6136
vt 0.5231 0.6136
vt 0.8796 0.8182
vt 0.8148 0.8295
vt 0.8796 0.8295
vt 0.3796 0.8409
vt 0.3056 0.8295
vt 0.3796 0.8295
vt 0.3102 0.6023
vt 0.2361 0.5568
vt 0.3102 0.5568
vt 0.3102 0.6932
vt 0.2639 0.6705
vt 0.3102 0.6705
vt 0.3102 0.4205
vt 0.3102 0.4659
vt 0.2361 0.4659
vt 0.787 0.8068
vt 0.7315 0.7955
vt 0.7315 0.8068
vt 0.7222 0.6307
vt 0.6991 0.5966
vt 0.7222 0.5966
vt 0.8981 0.5909
vt 0.8889 0.5795
vt 0.8981 0.5795
vt 0.588 0.6875
vt 0.5139 0.7045
vt 0.5139 0.6875
vt 0.1435 0.6023
vt 0.1574 0.6136
vt 0.1435 0.6136
vt 0.1713 0.6023
vt 0.1852 0.6136
vt 0.1713 0.6136
vt 0.2361 0.5682
vt 0.2269 0.5568
vt 0.2269 0.4659
vt 0.2361 0.4545
vt 0.2269 0.6023
vt 0.2407 0.6136
vt 0.2269 0.6136
vt 0.1852 0.6023
vt 0.1991 0.6136
vt 0.6991 0.6307
vt 0.6759 0.5966
vt 0.5787 0.4091
vt 0.5231 0.4545
vt 0.5231 0.4091
vt 0.3796 0.8523
vt 0.3056 0.8409
vt 0.8241 0.1705
vt 0.7546 0.1818
vt 0.7546 0.1705
vt 0.1434 0.6364
vt 0.1806 0.6364
vt 0.162 0.6592
vt 0.2824 0.6136
vt 0.8796 0.8523
vt 0.8148 0.8636
vt 0.8796 0.8636
vt 0.3843 0.4205
vt 0.4398 0.4659
vt 0.3843 0.4659
vt 0.6991 0.6875
vt 0.6435 0.7045
vt 0.6435 0.6875
vt 0.7685 0.3864
vt 0.75 0.4773
vt 0.75 0.3864
vt 0.8796 0.7727
vt 0.8148 0.7841
vt 0.8796 0.7841
vt 0.6435 0.7386
vt 0.588 0.7216
vt 0.6435 0.7216
vt 0.8241 0.2273
vt 0.7546 0.2386
vt 0.7546 0.2273
vt 0.787 0.7841
vt 0.7315 0.7727
vt 0.787 0.7727
vt 0.6667 0.1591
vt 0.6296 0.0795
vt 0.6667 0.0795
vt 0.6759 0.8182
vt 0.6296 0.8295
vt 0.6296 0.8182
vt 0.6759 0.7955
vt 0.6296 0.8068
vt 0.6296 0.7955
vt 0.3796 0.8068
vt 0.3056 0.7955
vt 0.3796 0.7955
vt 0.8241 0.2045
vt 0.7546 0.2159
vt 0.7546 0.2045
vt 0.8333 0.2955
vt 0.8241 0.2841
vt 0.8333 0.25
vt 0.8148 0.7955
vt 0.8796 0.7955
vt 0.9444 0.8295
vt 0.8796 0.8409
vt 0.8889 0.2614
vt 0.9537 0.25
vt 0.9537 0.2614
vt 0.8889 0.2841
vt 0.9537 0.2955
vt 0.8796 0.2955
vt 0.8241 0.1818
vt 0.7546 0.1932
vt 0.0648 0.75
vt 0.0926 0.7614
vt 0.1204 0.6705
vt 0.5139 0.6705
vt 0.6759 0.8295
vt 0.6296 0.8409
vt 0.6759 0.8409
vt 0.8426 0.4773
vt 0.8426 0.4659
vt 0.8519 0.4659
vt 0.8981 0.3807
vt 0.9167 0.3182
vt 0.9167 0.3807
vt 0.9074 0.5909
vt 0.9074 0.5795
vt 0.588 0.7045
vt 0.5139 0.7216
vt 0.6991 0.6705
vt 0.6435 0.6705
vt 0.2269 0.75
vt 0.2639 0.6932
vt 0.2824 0.75
vt 0.7222 0.1591
vt 0.6852 0.0795
vt 0.7222 0.0795
vt 0.5787 0.625
vt 0.5231 0.625
vt 0.3056 0.8182
vt 0.3796 0.8182
vt 0.7963 0.3864
vt 0.7778 0.4773
vt 0.7685 0.4773
vt 0.9537 0.5909
vt 0.9444 0.5795
vt 0.9537 0.5795
vt 0.8419 0.6648
vt 0.8155 0.6648
vt 0.8287 0.6485
vt 0.8704 0.25
vt 0.8704 0.2955
vt 0.3056 0.7841
vt 0.3796 0.7841
vt 0.6296 0.7727
vt 0.6759 0.7841
vt 0.6296 0.7841
vt 0.7407 0.0795
vt 0.6759 0.6307
vt 0.6991 0.6591
vt 0.6528 0.6591
vt 0.6991 0.5682
vt 0.6759 0.8523
vt 0.6296 0.8636
vt 0.6296 0.8523
vt 0.787 0.7955
vt 0.7315 0.7841
vt 0.787 0.8636
vt 0.7315 0.8523
vt 0.787 0.8523
vt 0.588 0.5682
vt 0.6991 0.8182
vt 0.7037 0.8068
vt 0.6898 0.8068
vt 0.1574 0.6023
vt 0.6157 0.8068
vt 0.6019 0.8068
vt 0.6019 0.8182
vt 0.2269 0.6705
vt 0.6759 0.7727
vt 0.8333 0.4773
vt 0.963 0.8523
vt 0.9676 0.8409
vt 0.9583 0.8409
vt 0.6019 0.8295
vt 0.6157 0.8182
vt 0.625 0.8409
vt 0.6157 0.8295
vt 0.9722 0.8182
vt 0.9722 0.8068
vt 0.9583 0.8068
vt 0.9444 0.5909
vt 0.588 0.4545
vt 0.6528 0.5966
vt 0.5787 0.3977
vt 0.6528 0.3977
vt 0.4769 0.4545
vt 0.5139 0.4545
vt 0.4769 0.4659
vt 0.5231 0.4659
vt 0.6898 0.7955
vt 0.7037 0.7955
vt 0.5231 0.5568
vt 0.5139 0.5682
vt 0.4769 0.5568
vt 0.4769 0.5682
vt 0.7407 0.1591
vt 0.5278 0.8295
vt 0.4537 0.8182
vt 0.4537 0.8295
vt 0.4537 0.8636
vt 0.4537 0.8523
vt 0.7963 0.8068
vt 0.8009 0.8068
vt 0.8009 0.8182
vt 0.1752 0.6525
vt 0.1489 0.6525
vt 0.1489 0.6202
vt 0.162 0.6135
vt 0.1752 0.6202
vt 0.9491 0.8409
vt 0.9537 0.8523
vt 0.7176 0.8409
vt 0.7083 0.8409
vt 0.713 0.8295
vt 0.6296 0.1591
vt 0.6852 0.1818
vt 0.6852 0.2273
vt 0.6667 0.25
vt 0.6296 0.25
vt 0.6111 0.2273
vt 0.6111 0.1818
vt 0.6157 0.8409
vt 0.6157 0.8523
vt 0.6111 0.8523
vt 0.787 0.8409
vt 0.787 0.8295
vt 0.7315 0.8295
vt 0.6898 0.7841
vt 0.6898 0.7727
vt 0.6991 0.7727
vt 0.8889 0.3182
vt 0.588 0.6705
vt 0.2407 0.6023
vt 0.7269 0.2833
vt 0.7175 0.2785
vt 0.7136 0.267
vt 0.7175 0.2556
vt 0.7269 0.2508
vt 0.7362 0.2556
vt 0.7401 0.267
vt 0.7362 0.2785
vt 0.9444 0.8523
vt 0.9444 0.8636
vt 0.7123 0.267
vt 0.7084 0.2785
vt 0.6991 0.2833
vt 0.6897 0.2785
vt 0.6858 0.267
vt 0.6897 0.2556
vt 0.6991 0.2508
vt 0.7084 0.2556
vt 0.9583 0.8295
vt 0.8241 0.2614
vt 0.3843 0.6023
vt 0.4398 0.5568
vt 0.4398 0.6023
vt 0.8796 0.2614
vt 0.8796 0.2841
vt 0.8426 0.4432
vt 0.8796 0.25
vt 0.9537 0.2841
vt 0.7176 0.8295
vt 0.0093 0.8295
vt 0.0093 0.8523
vt 0.0648 0.8523
vt 0.6852 0.25
vt 0.6852 0.2386
vt 0.7037 0.7841
vt 0.7083 0.7955
vt 0.7176 0.7955
vt 0.3796 0.8636
vt 0.8796 0.6477
vt 0.8704 0.6477
vt 0.8704 0.5795
vt 0.588 0.4659
vt 0.9444 0.8409
vt 0.4537 0.7841
vt 0.3796 0.7727
vt 0.4537 0.7727
vt 0.5278 0.7955
vt 0.4537 0.7955
vt 0.9444 0.8182
vt 0.9583 0.8182
vt 0.9537 0.7841
vt 0.9583 0.7841
vt 0.9583 0.7955
vt 1 0.8636
vt 0.9722 0.8636
vt 0.9722 0.8523
vt 0.5278 0.8182
vt 0.4537 0.8068
vt 0.8434 0.6647
vt 0.8473 0.6533
vt 0.8566 0.6485
vt 0.866 0.6533
vt 0.8699 0.6647
vt 0.866 0.6762
vt 0.8566 0.681
vt 0.8473 0.6762
vt 0.7546 0.25
vt 0.8381 0.6533
vt 0.8381 0.6763
vt 0.8287 0.681
vt 0.8194 0.6763
vt 0.8194 0.6533
vt 0.7315 0.8636
vt 0.8981 0.5915
vt 0.9044 0.5946
vt 0.907 0.6023
vt 0.9044 0.6099
vt 0.8981 0.6131
vt 0.8919 0.6099
vt 0.8893 0.6023
vt 0.8919 0.5946
vt 0.6528 0.5682
vt 0.875 0.3807
vt 0.8981 0.3182
vt 0.8796 0.8068
vt 0.8148 0.8068
vt 0.8148 0.8182
vt 0.8056 0.3864
vt 0.8241 0.1932
vt 0 0.75
vt 0.0093 0.75
vt 0.787 0.8182
vt 0.7315 0.8182
vt 0.2546 0.6136
vt 0.6528 0.4659
vt 0.9444 0.7727
vt 0.6528 0.4091
vt 1 0.8523
vt 0.5278 0.8068
vt 0.6759 0.8636
vt 0.2269 0.6932
vt 0.1806 0.6705
vt 0.838 0.3693
vt 0.8981 0.4659
vt 0.9167 0.4432
vt 0.9167 0.4659
vt 0.4537 0.8409
vt 0.8657 0.3807
vt 0.588 0.7386
vt 0.6852 0.2159
vt 0.7315 0.8409
vt 0.588 0.5568
vt 0.8796 0.5795
vt 0.8611 0.6477
vt 0.8519 0.5795
vt 0.8611 0.5795
vt 0.3472 0.5568
vt 0.3472 0.4659
vt 0.9676 0.7955
vt 0.7222 0.8295
vt 0.7269 0.8409
vt 0.9583 0.8523
vt 0.8102 0.8182
vt 0.8009 0.8295
vt 0.6157 0.8636
vt 0.6157 0.7727
vt 0.6157 0.7841
vt 0.6111 0.7841
vt 0.6204 0.7841
vt 0.6204 0.8523
vt 0.3056 0.8068
vt 0.6111 0.0795
vt 0.6296 -0
vt 1 0.8295
vt 0.9722 0.8409
vt 0.9722 0.8295
vt 0.7176 0.7727
vt 0.7176 0.7841
vt 0.8241 0.6477
vt 0.8148 0.5795
vt 0.8241 0.5795
vt 0.6898 0.8636
vt 0.6944 0.8523
vt 0.6991 0.8636
vt 0.8009 0.8409
vt 0.6898 0.8523
vt 0.7917 0.8182
vt 0.8102 0.8636
vt 0.8009 0.8523
vt 0.8009 0.8636
vt 0.8056 0.8068
vt 0.8148 0.8409
vt 0.713 0.8068
vt 0.7963 0.7841
vt 0.8009 0.7841
vt 0.8009 0.7955
vt 0.8056 0.7841
vt 0.213 0.6023
vt 0.213 0.6136
vt 0.9444 0.7955
vt 0.7778 0.1591
vt 0.7778 0.0795
vt 0.8333 0.1591
vt 0.7963 0.0795
vt 0.8333 0.0795
vt 0.9583 0.8636
vt 0.963 0.7841
vt 0.9583 0.7727
vt 0.6898 0.8182
vt 0.6852 0.8295
vt 0.6898 0.8295
vt 0.9491 0.7955
vt 0.6806 0.7727
vt 0.6759 0.8068
vt 0.6806 0.8182
vt 0.6065 0.8409
vt 0.8009 0.7727
vt 0.7176 0.8523
vt 0.6898 0.8409
vt 0.6944 0.8295
vt 0.6852 0.8523
vt 0.6157 0.7955
vt 0.6065 0.7955
vt 0.7222 0.8068
vt 0.7176 0.8182
vt 0.7176 0.8068
vt 0.7037 0.8523
vt 0.7176 0.8636
vt 0.7037 0.8636
vt 0.9444 0.8068
vt 0.8519 0.4432
vt 0.9167 0.2955
vt 0.9167 0.5909
vt 0.9167 0.5795
vt 0.7963 0
vt 0.9352 0.5909
vt 0.9259 0.5795
vt 0.9352 0.5795
vt 0.3056 0.7727
vt 0.8889 0.6477
vt 0.8426 0.6477
vt 0.8333 0.5795
vt 0.8426 0.5795
vt 0.8519 0.6477
vt 0.8333 0.6477
vt 0.963 0.5909
vt 0.963 0.5795
vt 0.8241 0.2386
vt 0.9259 0.5909
vt 0.8241 0.2159
vt 0.8241 0.1591
vt 0.7546 0.1591
vt 0.6528 0.625
vt 0.7269 0.7955
vt 0.7917 0.7727
vt 0.6806 0.8636
vt 0.963 0.2841
vt 0.963 0.2614
vt 0.6019 0.7955
vt 0.5278 0.7841
vt 0.8148 0.8523
vt 0.625 0.7955
vt 0.7917 0.8636
vt 0.3843 0.5568
vt 0.3056 0.8523
vt 0.1991 0.6023
vt 1 0.8409
vt 0.9444 0.7841
vt 1 0.8182
vt 1 0.8068
vt 0.9722 0.7955
vt 1 0.7955
vt 0.6019 0.8636
vt 0.5278 0.8523
vt 0.5278 0.8636
vt 0.6019 0.8409
vt 0.5278 0.8409
vt 0.6019 0.8523
vt 0.6019 0.7841
vt 0.5278 0.7727
vt 1 0.7841
vt 0.9722 0.7727
vt 1 0.7727
vt 0.8102 0.7727
vt 0.6528 0.6307
vt 0 0.8295
vt 0.6852 0.1591
vt 0.6852 0.2045
vt 0.6852 0.1932
vt 0.4398 0.4205
vt 0.6852 0.1705
vt 0.6852 -0
vt 0.7222 -0
vt 0.8981 0.4432
vt 0.1806 0.6932
vt 0.8889 0.5909
vt 0.7407 0
vt 0.7778 -0
vt 0.6111 0.1591
vt 0.6667 -0
vt 0.6991 0.7386
vt 0.6991 0.7216
vt 0.6528 0.4545
vt 0.2546 0.6023
vt 0.5139 0.7386
vt 0.5231 0.3977
vt 0.7963 0.1591
vt 0.7685 0.2955
vt 0.75 0.2955
vt 0.6528 0.5568
vt 0.8241 0.2955
vt 0.3056 0.8636
vt 0 0.6705
vt 0.0093 0.6705
vt 0.8148 0.7727
vt 0.8981 0.2955
vt 0.6019 0.7727
vt 0.6991 0.7045
vt 0.7037 0.7727
vt 0.8333 0
vt 0.8148 0.6477
vt 0.6111 -0
vt 0.9722 0.7841
vt 0.8241 0.25
vt 0.6528 0.6136
s 1
f 1002/868 997/869 998/870
f 1484/871 1337/872 1489/873
f 1515/874 1114/875 1518/876
f 991/877 990/878 981/879
f 1235/880 1230/881 1231/882
f 987/883 982/884 989/885
f 1353/886 1362/887 1361/888
f 1412/889 1409/890 1411/891
f 1281/892 1272/893 1273/894
f 1106/895 1101/896 1102/897
f 1252/898 1243/899 1244/900
f 1250/901 1241/902 1242/903
f 990/878 996/904 1000/905
f 989/885 999/906 995/907
f 1022/908 1020/909 1013/910
f 1249/911 1240/912 1241/902
f 1410/913 1407/914 1409/890
f 993/915 1001/916 994/917
f 1511/918 1115/919 1515/874
f 1060/920 1446/921 1442/922
f 1250/923 1247/924 1248/925
f 1005/881 1008/910 1006/926
f 1487/927 1341/928 1483/929
f 987/930 986/931 985/932
f 1110/933 1433/934 1435/935
f 990/878 982/884 981/879
f 1451/936 1062/937 1449/938
f 1483/939 1340/940 1488/941
f 1440/942 1107/943 1434/944
f 1298/945 1482/946 1477/947
f 1162/948 1153/949 1161/950
f 1037/951 1428/952 1427/953
f 1420/889 1417/890 1419/891
f 1144/954 1137/955 1136/956
f 1149/957 1142/958 1141/959
f 1510/960 1119/961 1520/962
f 1059/963 1447/964 1445/965
f 1080/966 1063/967 1086/968
f 1488/941 1354/969 1486/970
f 1188/971 1472/972 1468/873
f 1072/973 1076/974 1074/975
f 1071/976 1075/977 1077/978
f 1054/979 1441/980 1446/921
f 1429/981 1430/982 1094/983
f 1431/982 1432/981 1093/983
f 1104/984 1106/895 1102/897
f 1372/985 1379/986 1371/987
f 1077/988 1084/989 1071/990
f 1452/991 1068/992 1450/993
f 1247/908 1245/909 1238/910
f 1282/994 1273/894 1274/995
f 1105/996 1103/997 1101/896
f 1112/998 1435/935 1440/999
f 1237/1000 1234/1001 1235/1002
f 1012/1000 1009/1001 1010/1002
f 1041/1003 1423/1004 1426/1005
f 998/870 991/1006 992/1007
f 1518/876 1113/1008 1516/1009
f 1451/1010 1079/1011 1061/1012
f 1279/1013 1270/1014 1271/1015
f 1300/963 1481/964 1479/965
f 1264/1016 1268/1017 1262/1018
f 1301/920 1480/921 1476/922
f 1080/966 1088/1019 1081/1020
f 1520/962 1118/1021 1521/1022
f 1125/1023 1148/1024 1140/1025
f 1425/1026 1041/1003 1426/1005
f 1408/1027 1412/1028 1406/1029
f 1407/914 1411/1030 1409/890
f 1147/1031 1125/1032 1139/1033
f 1163/1034 1154/1035 1162/948
f 1161/1036 1152/1037 1160/1038
f 1416/1027 1420/1028 1414/1029
f 1415/914 1419/1030 1417/890
f 1436/1039 997/869 1002/868
f 1360/1040 1315/1041 1322/1042
f 1026/1043 1025/901 1017/903
f 1382/1044 1389/1045 1396/1046
f 1230/881 1232/1047 1233/910
f 1125/1023 1143/1048 1148/1024
f 1091/989 1092/1049 1078/988
f 1193/1050 1194/1051 1307/1052
f 1122/1053 1121/1046 1129/1054
f 1379/1055 1380/955 1387/1056
f 1190/1057 1191/1058 1304/1059
f 1000/905 999/906 989/885
f 1279/1013 1278/1060 1270/1014
f 993/915 1437/1061 1001/916
f 1416/1027 1413/1062 1415/914
f 993/915 987/1063 989/1064
f 1112/998 1110/933 1435/935
f 994/1065 1001/1066 988/1067
f 1001/1066 1003/1068 988/1067
f 1202/1042 1201/1069 1208/1070
f 1004/1071 1002/1072 992/1073
f 1002/1072 998/1074 992/1073
f 994/917 987/1063 993/915
f 1425/1026 1042/1075 1041/1003
f 1519/1076 1493/1077 1497/1078
f 1462/1079 1511/918 1459/1080
f 1164/1081 1171/1082 1172/1083
f 1433/934 1434/944 1107/943
f 1164/886 1156/888 1155/887
f 1022/924 1021/1084 1023/925
f 1023/925 1024/1085 1025/923
f 1025/923 1026/1086 1027/1087
f 1027/1087 1028/1088 1022/924
f 1307/1052 1335/1089 1334/1090
f 1204/1091 1146/1092 1205/1093
f 1040/1094 1037/951 1038/1095
f 1038/1095 1041/1096 1042/1097
f 1042/1097 1043/1098 1044/1099
f 1044/1099 1039/1100 1040/1094
f 1131/1101 1132/1102 1124/1103
f 1358/1104 1351/1105 1359/1106
f 1200/1107 1196/1108 1203/1109
f 1066/978 1088/1020 1089/1110
f 1080/966 1086/968 1088/1019
f 1104/984 1108/1111 1106/895
f 1247/908 1253/1112 1245/909
f 1301/920 1295/979 1480/921
f 1059/1113 1053/1114 1054/1115
f 1054/1115 1060/1116 1055/1117
f 1055/1117 1056/1118 1057/1119
f 1057/1119 1058/1120 1059/1113
f 1183/1121 1184/1122 1474/929
f 1046/1123 1045/1124 1052/1125
f 1052/1125 1051/1126 1050/1127
f 1050/1127 1049/1128 1048/1129
f 1048/1129 1047/1130 1046/1123
f 1302/1131 1329/971 1335/1089
f 1063/967 1064/1132 1086/968
f 991/1133 983/1134 992/1135
f 1088/1019 1066/1136 1081/1020
f 1066/1136 1065/1137 1081/1020
f 1370/1031 1378/1033 1392/1032
f 1010/880 1009/1001 1005/881
f 1090/1138 1091/989 1072/990
f 1072/973 1078/1139 1076/974
f 1071/976 1073/1140 1075/977
f 1320/1091 1309/1141 1319/1093
f 1096/1142 1098/1143 1100/1144
f 1099/1144 1097/1143 1095/1142
f 1448/946 1048/1145 1049/1146
f 1317/1147 1316/1148 1311/1149
f 1495/1079 1530/918 1527/1150
f 1263/1151 1262/1152 1254/1153
f 1004/1071 1003/1068 1421/1154
f 1447/964 1443/947 1050/1096
f 1329/971 1485/972 1335/1155
f 1493/1077 1524/960 1525/1009
f 1466/1156 1509/1157 1462/1158
f 1522/1159 1491/1156 1496/1160
f 1187/1161 1221/1162 1222/1131
f 1185/1163 1219/1164 1216/1165
f 1190/1166 1228/1167 1227/1168
f 1247/924 1246/1084 1248/925
f 1248/925 1249/1085 1250/923
f 1507/1169 1492/1170 1493/1077
f 1251/1086 1252/1087 1247/924
f 1252/1087 1253/1088 1247/924
f 1256/1171 1255/1172 1254/1173
f 1254/1173 1261/1174 1260/1175
f 1260/1175 1259/1176 1258/1177
f 1258/1177 1257/1178 1256/1171
f 1448/946 1444/1179 1048/1145
f 1262/1018 1263/1180 1264/1016
f 1264/1016 1265/1181 1266/1182
f 1266/1182 1267/1183 1268/1017
f 1268/1017 1269/1184 1262/1018
f 1161/1036 1153/1185 1152/1037
f 1278/1186 1279/1187 1280/1188
f 1280/1188 1281/1189 1282/1190
f 1282/1190 1283/1191 1284/1192
f 1284/1192 1285/1193 1278/1186
f 1436/1039 996/1194 997/869
f 1300/1113 1294/1114 1295/1115
f 1295/1115 1301/1116 1296/1117
f 1296/1117 1297/1118 1298/1119
f 1298/1119 1299/1120 1300/1113
f 1450/1195 1068/1196 1089/1110
f 1287/1123 1286/1124 1293/1125
f 1293/1125 1292/1126 1291/1127
f 1291/1127 1290/1128 1289/1129
f 1289/1129 1288/1130 1287/1123
f 1490/1197 1339/1198 1338/1199
f 998/870 997/869 991/1006
f 1451/1010 1455/1200 1079/1011
f 1520/962 1119/961 1118/1021
f 1408/1027 1410/913 1412/1028
f 1407/914 1405/1194 1411/1030
f 1105/996 1107/943 1103/997
f 1488/941 1340/940 1354/969
f 1054/979 1053/1201 1441/980
f 1416/1027 1418/913 1420/1028
f 1415/914 1413/1194 1419/1030
f 1159/1104 1158/1106 1166/1105
f 1095/1142 1429/1202 1432/1203
f 1352/1204 1361/888 1360/1205
f 1028/1112 1019/1206 1020/909
f 1025/901 1016/902 1017/903
f 1437/1061 999/1207 1421/1154
f 1145/985 1138/986 1137/955
f 1184/1208 1469/941 1474/939
f 993/915 989/1064 995/1209
f 1371/987 1378/1033 1370/1031
f 1190/1166 1227/1168 1191/1210
f 1389/1045 1522/1159 1512/1211
f 1026/1043 1017/903 1018/899
f 1370/1031 1392/1032 1374/1212
f 1490/1197 1338/1199 1484/871
f 1009/1001 1007/1047 1005/881
f 1000/905 989/885 990/878
f 1057/945 1448/946 1443/947
f 1183/1121 1474/929 1470/927
f 1011/1213 1008/1214 1007/1047
f 1065/978 1082/1110 1081/1020
f 1066/978 1089/1110 1068/1196
f 1083/1138 1085/1049 1079/1011
f 1458/1215 1089/1110 1086/966
f 1071/1216 1070/1217 1072/1218
f 1494/1219 1529/876 1526/874
f 1091/989 1078/988 1072/990
f 1449/1010 1087/1011 1453/1200
f 1450/1195 1089/1110 1454/1220
f 1086/966 1089/1110 1088/1020
f 1452/1195 1082/1110 1067/1196
f 1200/1107 1203/1109 1207/1147
f 1083/1138 1455/1200 1456/1215
f 1108/1221 1103/997 1107/943
f 1447/964 1050/1096 1051/1222
f 1456/1215 1457/1220 1083/1138
f 1458/1215 1086/966 1453/1200
f 1092/1049 1090/1138 1087/1011
f 1358/1104 1359/1106 1366/1223
f 1236/1213 1233/1214 1232/1047
f 1002/868 1422/1224 1436/1039
f 1263/1151 1254/1153 1255/1225
f 1269/1226 1260/1227 1261/1228
f 985/932 991/1229 987/1230
f 1004/1071 1421/1154 1422/1224
f 1164/886 1155/887 1163/1034
f 1220/1059 1223/1231 1227/1058
f 1204/1091 1158/1232 1151/1233
f 1381/956 1382/1044 1388/1054
f 1122/1053 1129/1054 1130/1056
f 1307/1052 1334/1090 1306/1234
f 1152/1037 1204/1091 1151/1233
f 1379/1055 1387/1056 1386/1101
f 1338/1235 1344/1236 1337/872
f 1204/1091 1205/1093 1215/1141
f 1187/1161 1222/1131 1188/971
f 1382/1044 1396/1046 1388/1054
f 1433/934 1107/943 1105/996
f 1124/1103 1132/1102 1125/1237
f 1125/1238 1133/1239 1126/1240
f 1133/1239 1125/1238 1140/1241
f 1132/1102 1139/1242 1125/1237
f 1408/1027 1405/1062 1407/914
f 1516/1009 1120/1243 1510/960
f 988/1067 983/1134 986/931
f 1166/1105 1157/1205 1165/1204
f 1438/1244 1031/1245 1428/952
f 981/879 987/1230 991/1229
f 1423/1004 1037/951 1427/953
f 1192/1246 1223/1247 1226/1248
f 1207/1147 1211/1249 1212/1250
f 1418/913 1415/914 1417/890
f 1148/1024 1141/959 1140/1025
f 1142/958 1144/954 1136/956
f 1265/1251 1256/1252 1257/1253
f 1038/1095 1044/1099 1040/1094
f 1052/1125 1048/1129 1046/1123
f 1004/1071 988/1067 1003/1068
f 1320/1091 1365/1037 1366/1233
f 1196/1254 1206/1255 1203/1256
f 1173/1236 1159/1104 1166/1105
f 1344/1236 1358/1104 1350/1257
f 1328/1254 1318/1255 1325/1258
f 1165/1259 1173/1236 1166/1105
f 1212/1250 1208/1148 1207/1147
f 1341/1260 1349/1261 1348/1262
f 1178/1263 1172/1083 1171/1082
f 1202/1042 1208/1070 1209/1041
f 1343/1264 1344/1236 1350/1257
f 1213/1149 1209/1265 1208/1148
f 1162/1266 1170/1267 1163/1268
f 1163/1268 1171/1082 1164/1081
f 1171/1082 1163/1268 1178/1263
f 1170/1267 1177/1269 1163/1268
f 1182/1155 1470/927 1472/972
f 1021/1270 1013/910 1014/1271
f 1024/911 1015/912 1016/902
f 1165/1204 1156/888 1164/886
f 1181/1272 1467/1197 1471/970
f 1053/1201 1445/965 1441/980
f 1043/1273 1425/1026 1439/1274
f 1039/1275 1424/1276 1438/1277
f 1306/1234 1333/1278 1193/1050
f 1334/1090 1333/1278 1306/1234
f 1305/1164 1192/1279 1333/1280
f 1333/1280 1332/1163 1305/1164
f 1368/957 1324/1107 1369/1024
f 1327/1281 1372/1282 1326/1283
f 1308/1165 1332/1163 1336/1284
f 1143/1285 1200/1107 1148/1024
f 1149/957 1202/1042 1150/1286
f 1373/1287 1322/1042 1367/1286
f 1131/1101 1124/1103 1123/1288
f 1348/1289 1355/1266 1347/1267
f 1322/1042 1316/1070 1323/1069
f 1360/1040 1322/1042 1327/1281
f 1200/1107 1208/1070 1201/1069
f 1153/1185 1210/1290 1152/1037
f 1145/1282 1198/1283 1146/1291
f 1198/1283 1205/1292 1146/1291
f 1146/1291 1199/1258 1147/1293
f 1199/1258 1146/1291 1206/1255
f 1157/1040 1202/1042 1209/1041
f 1383/1294 1391/1240 1390/1295
f 1130/1056 1123/1288 1122/1053
f 1230/881 1233/910 1231/926
f 1222/1131 1224/1051 1217/1052
f 1156/1296 1157/1297 1214/1298
f 1209/1265 1214/1298 1157/1297
f 1320/1091 1319/1093 1371/1092
f 1318/1299 1320/1091 1371/1092
f 1313/1300 1318/1299 1321/1301
f 1313/1249 1317/1147 1312/1250
f 1317/1147 1311/1149 1312/1250
f 1193/1050 1307/1052 1306/1234
f 1185/1163 1216/1165 1181/1284
f 1215/1141 1205/1093 1157/1297
f 1158/1232 1215/1141 1157/1297
f 1220/1059 1187/1161 1186/1302
f 1164/1081 1172/1083 1165/1259
f 1327/1281 1319/1292 1360/1040
f 1304/1059 1336/1284 1331/1302
f 1302/1131 1330/1161 1329/971
f 1302/1131 1335/1089 1307/1052
f 1228/1057 1222/1131 1221/1162
f 1194/1051 1302/1131 1307/1052
f 1190/1057 1304/1059 1303/1162
f 1169/1289 1177/1269 1170/1267
f 1378/1242 1386/1101 1385/1102
f 1304/1059 1195/1231 1308/1165
f 1184/1280 1219/1164 1185/1163
f 1219/1164 1184/1280 1226/1279
f 1183/1090 1218/1234 1184/1278
f 1218/1234 1225/1050 1184/1278
f 1090/1138 1072/990 1070/1303
f 1084/989 1069/1303 1071/990
f 1023/925 1027/1087 1022/924
f 1067/1196 1066/1304 1068/992
f 1010/880 1005/881 1006/882
f 1246/1270 1238/910 1239/1271
f 1293/1125 1289/1129 1287/1123
f 1283/1305 1274/995 1275/1306
f 1251/1043 1242/903 1243/899
f 1439/1274 1035/1307 1424/1276
f 1054/1115 1057/1119 1059/1113
f 1285/1308 1276/1309 1277/1310
f 1521/1022 1117/1311 1509/1157
f 1264/1312 1255/1225 1256/893
f 1267/1313 1258/1314 1259/1315
f 1294/1201 1479/965 1475/980
f 1268/1316 1259/1315 1260/1227
f 1262/1152 1261/1228 1254/1153
f 1266/1317 1257/1253 1258/1314
f 1295/979 1475/980 1480/921
f 1254/1173 1258/1177 1256/1171
f 1280/1318 1271/1015 1272/1319
f 1186/1302 1473/871 1467/1197
f 1297/1320 1478/1179 1482/946
f 1284/1321 1275/1306 1276/1309
f 1278/1060 1277/1310 1270/1014
f 1280/1188 1284/1192 1278/1186
f 1299/1322 1477/947 1481/964
f 1296/1323 1476/922 1478/1324
f 997/869 990/1325 991/1006
f 1146/987 1139/1033 1138/986
f 1295/1115 1298/1119 1300/1113
f 1222/1131 1182/1089 1188/971
f 1217/1052 1225/1050 1218/1234
f 1340/1269 1348/1289 1347/1267
f 1322/1042 1368/957 1367/1286
f 1127/1295 1135/1044 1128/1045
f 1190/1057 1302/1131 1189/1248
f 1181/1284 1220/1059 1186/1302
f 1173/1236 1174/1264 1167/1257
f 1382/1044 1390/1295 1389/1045
f 1217/1052 1183/1090 1182/1089
f 1311/1149 1361/1296 1362/1326
f 1304/1059 1330/1161 1303/1162
f 1359/1232 1360/1297 1309/1141
f 1309/1141 1360/1297 1319/1093
f 1169/1289 1162/1266 1161/1327
f 1131/1101 1139/1242 1132/1102
f 1206/1299 1204/1091 1210/1290
f 1211/1300 1206/1299 1210/1290
f 1167/1257 1160/1038 1159/1104
f 1130/1056 1138/1055 1131/1101
f 1339/1263 1345/1083 1338/1235
f 1315/1265 1360/1297 1310/1298
f 1361/1296 1310/1298 1360/1297
f 1324/1107 1321/1109 1328/1108
f 1212/1250 1153/949 1154/1035
f 1155/1326 1212/1250 1154/1035
f 1156/1296 1213/1149 1155/1326
f 1387/1056 1394/1288 1386/1101
f 1325/1258 1318/1255 1371/1291
f 1371/1291 1370/1293 1325/1258
f 1326/1283 1371/1291 1319/1292
f 1372/1282 1371/1291 1326/1283
f 1314/1290 1364/1185 1365/1037
f 1316/1070 1324/1107 1323/1069
f 1202/1042 1144/1287 1150/1286
f 1220/1059 1228/1057 1221/1162
f 1345/1083 1353/1081 1352/1259
f 1320/1091 1359/1232 1309/1141
f 1344/1236 1352/1259 1351/1105
f 1312/1250 1364/949 1313/1249
f 1324/1107 1374/1285 1369/1024
f 1197/1281 1145/1282 1144/1287
f 1147/1293 1196/1254 1143/1328
f 1200/1107 1149/957 1148/1024
f 1234/1001 1232/1047 1230/881
f 1253/1112 1244/1206 1245/909
f 1075/1329 1074/975 1076/1330
f 1390/1331 1514/1332 1522/1159
f 1354/1034 1363/1035 1362/887
f 1485/972 1342/1333 1487/927
f 1160/1038 1151/1223 1159/1104
f 1027/898 1018/899 1019/900
f 1347/1267 1354/1268 1340/1269
f 1346/1082 1339/1263 1354/1268
f 1354/1268 1353/1081 1346/1082
f 1355/1266 1354/1268 1347/1267
f 1377/1241 1383/1294 1376/1334
f 1343/1264 1349/1261 1342/1333
f 1174/1264 1168/1261 1167/1257
f 1226/1279 1216/1165 1219/1164
f 1179/1235 1173/1236 1172/1083
f 1168/1261 1176/1260 1169/1262
f 1168/1261 1161/1335 1160/1038
f 1205/1292 1197/1281 1157/1040
f 1350/1257 1357/1038 1349/1261
f 1380/955 1388/1054 1387/1056
f 1386/1101 1393/1103 1385/1102
f 1356/1335 1349/1261 1357/1038
f 986/931 984/1336 985/932
f 1356/1036 1365/1037 1364/1185
f 1509/1150 1116/1337 1511/918
f 1351/1105 1360/1205 1359/1106
f 1023/1338 1014/1271 1015/912
f 1191/1210 1223/1247 1195/1339
f 1355/948 1364/949 1363/1035
f 1357/1038 1366/1223 1365/1037
f 1486/970 1339/1198 1490/1197
f 1073/1140 1072/973 1074/975
f 1185/1340 1471/970 1469/941
f 1187/1161 1468/873 1473/871
f 1373/954 1375/958 1381/956
f 1395/1053 1507/1169 1519/1076
f 1055/1323 1442/922 1444/1324
f 1396/1046 1512/1211 1507/1169
f 1385/1102 1392/1237 1378/1242
f 1384/1239 1377/1241 1392/1238
f 1392/1238 1391/1240 1384/1239
f 1393/1103 1392/1237 1385/1102
f 1140/1241 1134/1294 1133/1239
f 1130/1056 1136/956 1137/955
f 1135/1044 1136/956 1129/1054
f 1315/1265 1311/1149 1316/1148
f 1135/1044 1141/1334 1142/958
f 1328/1254 1370/1293 1374/1328
f 1312/1250 1362/1326 1363/1035
f 1192/1279 1308/1165 1195/1231
f 1395/1053 1388/1054 1396/1046
f 1121/1046 1135/1044 1129/1054
f 1126/1240 1134/1294 1127/1295
f 1382/1044 1376/1334 1383/1294
f 1489/873 1343/1264 1485/972
f 1226/1248 1333/1341 1192/1246
f 1374/1048 1377/1025 1369/1024
f 1368/957 1375/958 1367/1286
f 1369/1024 1376/959 1368/957
f 1225/1058 1333/1341 1184/1057
f 1056/1320 1444/1179 1448/946
f 1193/1342 1224/1343 1194/1344
f 1248/1338 1239/1271 1240/912
f 1392/1345 1508/1346 1517/1347
f 1394/1348 1519/1076 1513/1349
f 1393/1350 1513/1349 1508/1346
f 1373/954 1380/955 1372/985
f 1391/1351 1517/1352 1514/1332
f 1058/1322 1443/947 1447/964
f 1189/1353 1228/1354 1190/1355
f 1194/1051 1189/1248 1302/1131
f 1318/1299 1314/1290 1320/1091
f 1153/1185 1211/1300 1210/1290
f 1383/1294 1384/1239 1391/1240
f 1157/1040 1197/1281 1202/1042
f 1169/1289 1176/1356 1177/1269
f 1344/1236 1351/1105 1358/1104
f 1165/1259 1172/1083 1173/1236
f 1222/1131 1229/1248 1224/1051
f 1052/1125 1050/1127 1048/1129
f 1251/1043 1250/901 1242/903
f 1192/1246 1195/1339 1223/1247
f 1378/1242 1379/1055 1386/1101
f 1178/1263 1179/1235 1172/1083
f 1302/1131 1303/1162 1330/1161
f 1408/1027 1406/1357 1405/1062
f 1338/1235 1345/1083 1344/1236
f 1516/1009 1113/1008 1120/1243
f 1002/868 1004/1071 1422/1224
f 1220/1059 1216/1165 1223/1231
f 1498/1080 1526/874 1530/918
f 1083/1138 1084/989 1085/1049
f 1204/1091 1215/1141 1158/1232
f 1491/1156 1527/1157 1523/1022
f 1517/1347 1498/1080 1495/1079
f 1508/1346 1494/1219 1498/1080
f 1458/1215 1090/1138 1454/1220
f 1513/1349 1497/1078 1494/1219
f 1514/1332 1495/1158 1491/1156
f 1269/1226 1268/1316 1260/1227
f 1080/966 1081/1020 1082/1110
f 1092/1049 1091/989 1090/1138
f 1327/1281 1373/1287 1372/1282
f 1389/1045 1390/1331 1522/1159
f 1057/945 1056/1320 1448/946
f 1095/1142 1096/1358 1429/1202
f 1184/1208 1185/1340 1469/941
f 1371/987 1379/986 1378/1033
f 1300/963 1299/1322 1481/964
f 1041/1003 1038/1359 1423/1004
f 1333/1208 1488/941 1332/1340
f 1441/980 1052/1360 1045/1361
f 1487/927 1342/1333 1341/928
f 987/930 988/1362 986/931
f 1090/1138 1453/1200 1087/1011
f 1499/1346 1463/1219 1503/1349
f 1501/1159 1466/1156 1506/1332
f 1100/1144 1429/981 1096/1142
f 1481/964 1291/1096 1292/1222
f 1250/923 1251/1086 1247/924
f 1451/936 1061/1012 1062/937
f 1444/1324 1047/1363 1048/1359
f 1518/876 1114/875 1113/1008
f 1264/1016 1266/1182 1268/1017
f 1147/1031 1143/1212 1125/1032
f 1452/991 1067/1196 1068/992
f 1282/994 1281/892 1273/894
f 1237/1000 1236/1213 1234/1001
f 1372/985 1380/955 1379/986
f 1173/1236 1167/1257 1159/1104
f 1059/963 1058/1322 1447/964
f 1188/971 1182/1155 1472/972
f 1077/988 1085/1049 1084/989
f 1012/1000 1011/1213 1009/1001
f 1065/978 1067/1196 1082/1110
f 1348/1289 1356/1327 1355/1266
f 1228/1057 1229/1248 1222/1131
f 1343/1264 1337/872 1344/1236
f 1528/962 1399/1021 1398/961
f 1472/972 1175/1333 1174/1264
f 1037/951 1040/1094 1428/952
f 1162/948 1154/1035 1153/949
f 1470/927 1176/928 1175/1333
f 1125/1345 1499/1346 1124/1350
f 1426/1005 1029/1364 1034/1365
f 1069/1366 1450/993 1070/1217
f 1475/980 1293/1360 1286/1361
f 1106/895 1105/996 1101/896
f 1022/908 1028/1112 1020/909
f 1480/921 1286/1361 1287/1095
f 1182/1155 1183/1121 1470/927
f 1212/1250 1213/1149 1208/1148
f 1328/1254 1321/1256 1318/1255
f 1213/1149 1214/1298 1209/1265
f 1021/1270 1022/908 1013/910
f 1304/1059 1191/1058 1195/1231
f 1083/1138 1079/1011 1455/1200
f 1236/1213 1237/1367 1233/1214
f 1461/1160 1521/1022 1466/1156
f 1001/916 1421/1154 1003/1068
f 1492/1170 1528/962 1524/960
f 1127/1331 1506/1332 1126/1351
f 1460/1078 1516/1009 1464/1077
f 1524/960 1398/961 1397/1243
f 1471/970 1178/1198 1163/969
f 1069/1303 1457/1220 1452/1195
f 1412/889 1410/913 1409/890
f 1530/918 1402/919 1401/1337
f 1281/892 1280/1368 1272/893
f 1526/874 1403/875 1402/919
f 1442/922 1046/1095 1047/1363
f 1439/1274 1033/1369 1036/1370
f 1503/1349 1460/1078 1500/1076
f 1464/1077 1510/960 1465/1170
f 1334/1121 1483/929 1333/1122
f 1467/1197 1179/1199 1178/1198
f 1500/1076 1464/1077 1504/1169
f 1510/960 1120/1243 1119/961
f 1144/954 1145/985 1137/955
f 1479/965 1292/1222 1293/1360
f 1478/1324 1288/1363 1289/1359
f 1504/1169 1465/1170 1505/1211
f 1060/920 1054/979 1446/921
f 1443/947 1049/1146 1050/1096
f 1039/1371 1428/952 1040/1094
f 1427/953 1031/1245 1030/1372
f 1511/918 1116/1337 1115/919
f 1445/965 1051/1222 1052/1360
f 1515/874 1115/919 1114/875
f 1112/1373 1434/944 1111/1374
f 1484/871 1338/1199 1337/872
f 1506/1332 1462/1158 1502/1352
f 1502/1347 1459/1080 1499/1346
f 1435/935 1105/996 1106/895
f 985/932 984/1336 991/1229
f 1381/956 1375/958 1382/1044
f 1152/1037 1210/1290 1204/1091
f 988/1067 992/1073 983/1134
f 1327/1281 1326/1283 1319/1292
f 1437/1061 995/1375 999/1207
f 1009/1001 1011/1213 1007/1047
f 1025/901 1024/911 1016/902
f 1145/985 1146/987 1138/986
f 1458/1215 1454/1220 1089/1110
f 1011/1213 1012/1367 1008/1214
f 1159/1104 1151/1223 1158/1106
f 1352/1204 1353/886 1361/888
f 1522/1159 1514/1332 1491/1156
f 1071/1216 1069/1366 1070/1217
f 1466/1156 1521/1022 1509/1157
f 1507/1169 1512/1211 1492/1170
f 1028/1112 1027/1376 1019/1206
f 1494/1219 1497/1078 1529/876
f 991/1133 984/1336 983/1134
f 1495/1079 1498/1080 1530/918
f 1519/1076 1507/1169 1493/1077
f 1108/1221 1104/1377 1103/997
f 994/917 988/1378 987/1063
f 1462/1079 1509/1150 1511/918
f 1329/971 1489/873 1485/972
f 993/915 995/1375 1437/1061
f 1416/1027 1414/1357 1413/1062
f 1493/1077 1492/1170 1524/960
f 1449/1010 1062/1012 1087/1011
f 1163/1034 1155/887 1154/1035
f 1452/1195 1457/1220 1082/1110
f 1477/947 1290/1146 1291/1096
f 1043/1273 1424/1276 1044/1379
f 1496/1160 1523/1022 1528/962
f 1459/1080 1515/874 1463/1219
f 1063/1380 1449/938 1064/1381
f 1463/1219 1518/876 1460/1078
f 1505/1211 1461/1160 1501/1159
f 1249/911 1248/1338 1240/912
f 1332/1340 1486/970 1336/1272
f 1331/1302 1484/871 1330/1161
f 1436/1039 1000/1382 996/1194
f 1410/913 1408/1027 1407/914
f 1029/1364 1427/953 1030/1372
f 1482/946 1289/1145 1290/1146
f 1063/1383 1455/1200 1451/1010
f 1149/957 1150/1286 1142/958
f 1420/889 1418/913 1417/890
f 1476/922 1287/1095 1288/1363
f 1469/941 1163/969 1177/940
f 1523/1022 1400/1311 1399/1021
f 1512/1211 1496/1160 1492/1170
f 1330/1161 1489/873 1329/971
f 1070/1303 1454/1220 1090/1138
f 1128/1045 1501/1159 1127/1331
f 1525/1009 1397/1243 1404/1008
f 1353/886 1354/1034 1362/887
f 1124/1350 1503/1349 1123/1348
f 1235/880 1234/1001 1230/881
f 1422/1224 999/1207 1000/1382
f 1064/1383 1453/1200 1086/966
f 1122/1053 1504/1169 1121/1046
f 1527/1150 1401/1337 1400/1384
f 1123/1348 1500/1076 1122/1053
f 1432/1203 1094/1385 1093/1386
f 1474/939 1177/940 1176/1387
f 1465/1170 1520/962 1461/1160
f 1220/1059 1221/1162 1187/1161
f 1304/1059 1308/1165 1336/1284
f 1084/989 1083/1138 1069/1303
f 1067/1196 1065/1388 1066/1304
f 1149/957 1201/1069 1202/1042
f 1373/1287 1327/1281 1322/1042
f 1322/1042 1315/1041 1316/1070
f 1313/1300 1314/1290 1318/1299
f 1473/871 1180/872 1179/1199
f 1250/901 1249/911 1241/902
f 1252/898 1251/1043 1243/899
f 1335/1155 1487/927 1334/1121
f 1099/1144 1432/981 1431/982
f 1108/1111 1435/935 1106/895
f 1126/1351 1502/1352 1125/1389
f 1111/1374 1433/934 1109/1390
f 1298/945 1297/1320 1482/946
f 1440/942 1108/1221 1107/943
f 1080/966 1456/1215 1455/1200
f 1121/1046 1505/1211 1128/1045
f 1200/1107 1207/1147 1208/1070
f 1368/957 1323/1069 1324/1107
f 1308/1165 1305/1164 1332/1163
f 1043/1273 1042/1075 1425/1026
f 1130/1056 1131/1101 1123/1288
f 1053/1201 1059/963 1445/965
f 1039/1275 1044/1379 1424/1276
f 1143/1285 1196/1108 1200/1107
f 1313/1249 1321/1391 1317/1147
f 1246/1270 1247/908 1238/910
f 1024/911 1023/1338 1015/912
f 1341/1260 1342/1333 1349/1261
f 1165/1204 1157/1205 1156/888
f 1038/1095 1042/1097 1044/1099
f 1004/1071 992/1073 988/1067
f 1142/958 1150/1286 1144/954
f 1497/1078 1525/1009 1529/876
f 1005/881 1007/1047 1008/910
f 1483/939 1341/1387 1340/940
f 1336/1272 1490/1197 1331/1302
f 1446/921 1045/1361 1046/1095
f 1033/1369 1426/1005 1034/1365
f 1529/876 1404/1008 1403/875
f 1438/1277 1035/1307 1032/1392
f 990/878 989/885 982/884
f 1110/933 1109/1390 1433/934
f 1082/1110 1456/1215 1080/966
f 1468/873 1174/1264 1180/872
f 1023/925 1025/923 1027/1087
f 1148/1024 1149/957 1141/959
f 1265/1251 1264/1393 1256/1252
f 1320/1091 1314/1290 1365/1037
f 1293/1125 1291/1127 1289/1129
f 1423/1004 1038/1359 1037/951
f 1207/1147 1203/1391 1211/1249
f 1438/1244 1032/1394 1031/1245
f 1166/1105 1158/1106 1157/1205
f 981/879 982/884 987/1230
f 1418/913 1416/1027 1415/914
f 1196/1254 1199/1258 1206/1255
f 1181/1272 1186/1302 1467/1197
f 1283/1305 1282/994 1274/995
f 1439/1274 1036/1370 1035/1307
f 1054/1115 1055/1117 1057/1119
f 1194/1344 1229/1395 1189/1353
f 1285/1308 1284/1321 1276/1309
f 1521/1022 1118/1021 1117/1311
f 1264/1312 1263/1151 1255/1225
f 1267/1313 1266/1317 1258/1314
f 1294/1201 1300/963 1479/965
f 1268/1316 1267/1313 1259/1315
f 1262/1152 1269/1226 1261/1228
f 1266/1317 1265/1251 1257/1253
f 1295/979 1294/1201 1475/980
f 1254/1173 1260/1175 1258/1177
f 1280/1318 1279/1013 1271/1015
f 1186/1302 1187/1161 1473/871
f 1297/1320 1296/1396 1478/1179
f 1284/1321 1283/1305 1275/1306
f 1278/1060 1285/1308 1277/1310
f 1280/1188 1282/1190 1284/1192
f 1299/1322 1298/945 1477/947
f 1296/1323 1301/920 1476/922
f 997/869 996/1397 990/1325
f 1146/987 1147/1031 1139/1033
f 1295/1115 1296/1117 1298/1119
f 1222/1131 1217/1052 1182/1089
f 1217/1052 1224/1051 1225/1050
f 1340/1269 1341/1356 1348/1289
f 1322/1042 1323/1069 1368/957
f 1127/1295 1134/1294 1135/1044
f 1190/1057 1303/1162 1302/1131
f 1181/1284 1216/1165 1220/1059
f 1173/1236 1180/872 1174/1264
f 1382/1044 1383/1294 1390/1295
f 1217/1052 1218/1234 1183/1090
f 1311/1149 1310/1298 1361/1296
f 1304/1059 1331/1302 1330/1161
f 1169/1289 1170/1267 1162/1266
f 1131/1101 1138/1055 1139/1242
f 1206/1299 1146/1092 1204/1091
f 1211/1300 1203/1301 1206/1299
f 1167/1257 1168/1261 1160/1038
f 1130/1056 1137/955 1138/1055
f 1339/1263 1346/1082 1345/1083
f 1324/1107 1317/1147 1321/1109
f 1212/1250 1211/1249 1153/949
f 1155/1326 1213/1149 1212/1250
f 1156/1296 1214/1298 1213/1149
f 1387/1056 1395/1053 1394/1288
f 1314/1290 1313/1300 1364/1185
f 1316/1070 1317/1147 1324/1107
f 1202/1042 1197/1281 1144/1287
f 1220/1059 1227/1058 1228/1057
f 1345/1083 1346/1082 1353/1081
f 1320/1091 1366/1233 1359/1232
f 1344/1236 1345/1083 1352/1259
f 1312/1250 1363/1035 1364/949
f 1324/1107 1328/1108 1374/1285
f 1197/1281 1198/1283 1145/1282
f 1147/1293 1199/1258 1196/1254
f 1200/1107 1201/1069 1149/957
f 1234/1001 1236/1213 1232/1047
f 1253/1112 1252/1376 1244/1206
f 1075/1329 1073/1140 1074/975
f 1390/1331 1391/1351 1514/1332
f 1354/1034 1355/948 1363/1035
f 1485/972 1343/1264 1342/1333
f 1160/1038 1152/1037 1151/1223
f 1027/898 1026/1043 1018/899
f 1377/1241 1384/1239 1383/1294
f 1343/1264 1350/1257 1349/1261
f 1174/1264 1175/1333 1168/1261
f 1226/1279 1223/1231 1216/1165
f 1179/1235 1180/872 1173/1236
f 1168/1261 1175/1333 1176/1260
f 1168/1261 1169/1262 1161/1335
f 1205/1292 1198/1283 1197/1281
f 1350/1257 1358/1104 1357/1038
f 1380/955 1381/956 1388/1054
f 1386/1101 1394/1288 1393/1103
f 1356/1335 1348/1262 1349/1261
f 986/931 983/1134 984/1336
f 1356/1036 1357/1038 1365/1037
f 1509/1150 1117/1384 1116/1337
f 1351/1105 1352/1204 1360/1205
f 1023/1338 1021/1270 1014/1271
f 1191/1210 1227/1168 1223/1247
f 1355/948 1356/950 1364/949
f 1357/1038 1358/1104 1366/1223
f 1486/970 1354/969 1339/1198
f 1073/1140 1071/976 1072/973
f 1185/1340 1181/1272 1471/970
f 1187/1161 1188/971 1468/873
f 1373/954 1367/1286 1375/958
f 1395/1053 1396/1046 1507/1169
f 1055/1323 1060/920 1442/922
f 1396/1046 1389/1045 1512/1211
f 1140/1241 1141/1334 1134/1294
f 1130/1056 1129/1054 1136/956
f 1135/1044 1142/958 1136/956
f 1315/1265 1310/1298 1311/1149
f 1135/1044 1134/1294 1141/1334
f 1328/1254 1325/1258 1370/1293
f 1312/1250 1311/1149 1362/1326
f 1192/1279 1305/1164 1308/1165
f 1395/1053 1387/1056 1388/1054
f 1121/1046 1128/1045 1135/1044
f 1126/1240 1133/1239 1134/1294
f 1382/1044 1375/958 1376/1334
f 1489/873 1337/872 1343/1264
f 1226/1248 1184/1057 1333/1341
f 1374/1048 1392/1023 1377/1025
f 1368/957 1376/959 1375/958
f 1369/1024 1377/1025 1376/959
f 1225/1058 1193/1342 1333/1341
f 1056/1320 1055/1396 1444/1179
f 1193/1342 1225/1058 1224/1343
f 1248/1338 1246/1270 1239/1271
f 1392/1345 1393/1350 1508/1346
f 1394/1348 1395/1053 1519/1076
f 1393/1350 1394/1348 1513/1349
f 1373/954 1381/956 1380/955
f 1391/1351 1392/1389 1517/1352
f 1058/1322 1057/945 1443/947
f 1189/1353 1229/1395 1228/1354
f 1498/1080 1494/1219 1526/874
f 1491/1156 1495/1158 1527/1157
f 1517/1347 1508/1346 1498/1080
f 1508/1346 1513/1349 1494/1219
f 1513/1349 1519/1076 1497/1078
f 1514/1332 1517/1352 1495/1158
f 1333/1208 1483/939 1488/941
f 1441/980 1445/965 1052/1360
f 1090/1138 1458/1215 1453/1200
f 1499/1346 1459/1080 1463/1219
f 1501/1159 1461/1160 1466/1156
f 1100/1144 1430/982 1429/981
f 1481/964 1477/947 1291/1096
f 1444/1324 1442/922 1047/1363
f 1528/962 1523/1022 1399/1021
f 1472/972 1470/927 1175/1333
f 1470/927 1474/929 1176/928
f 1125/1345 1502/1347 1499/1346
f 1426/1005 1423/1004 1029/1364
f 1069/1366 1452/991 1450/993
f 1475/980 1479/965 1293/1360
f 1480/921 1475/980 1286/1361
f 1461/1160 1520/962 1521/1022
f 1001/916 1437/1061 1421/1154
f 1492/1170 1496/1160 1528/962
f 1127/1331 1501/1159 1506/1332
f 1460/1078 1518/876 1516/1009
f 1524/960 1528/962 1398/961
f 1471/970 1467/1197 1178/1198
f 1069/1303 1083/1138 1457/1220
f 1530/918 1526/874 1402/919
f 1526/874 1529/876 1403/875
f 1442/922 1446/921 1046/1095
f 1439/1274 1425/1026 1033/1369
f 1503/1349 1463/1219 1460/1078
f 1464/1077 1516/1009 1510/960
f 1334/1121 1487/927 1483/929
f 1467/1197 1473/871 1179/1199
f 1500/1076 1460/1078 1464/1077
f 1479/965 1481/964 1292/1222
f 1478/1324 1476/922 1288/1363
f 1504/1169 1464/1077 1465/1170
f 1443/947 1448/946 1049/1146
f 1039/1371 1438/1244 1428/952
f 1427/953 1428/952 1031/1245
f 1445/965 1447/964 1051/1222
f 1112/1373 1440/942 1434/944
f 1506/1332 1466/1156 1462/1158
f 1502/1347 1462/1079 1459/1080
f 1435/935 1433/934 1105/996
f 1477/947 1482/946 1290/1146
f 1043/1273 1439/1274 1424/1276
f 1496/1160 1491/1156 1523/1022
f 1459/1080 1511/918 1515/874
f 1063/1380 1451/936 1449/938
f 1463/1219 1515/874 1518/876
f 1505/1211 1465/1170 1461/1160
f 1332/1340 1488/941 1486/970
f 1331/1302 1490/1197 1484/871
f 1436/1039 1422/1224 1000/1382
f 1029/1364 1423/1004 1427/953
f 1482/946 1478/1179 1289/1145
f 1063/1383 1080/966 1455/1200
f 1476/922 1480/921 1287/1095
f 1469/941 1471/970 1163/969
f 1523/1022 1527/1157 1400/1311
f 1512/1211 1522/1159 1496/1160
f 1330/1161 1484/871 1489/873
f 1070/1303 1450/1195 1454/1220
f 1128/1045 1505/1211 1501/1159
f 1525/1009 1524/960 1397/1243
f 1124/1350 1499/1346 1503/1349
f 1422/1224 1421/1154 999/1207
f 1064/1383 1449/1010 1453/1200
f 1122/1053 1500/1076 1504/1169
f 1527/1150 1530/918 1401/1337
f 1123/1348 1503/1349 1500/1076
f 1432/1203 1429/1202 1094/1385
f 1474/939 1469/941 1177/940
f 1465/1170 1510/960 1520/962
f 1473/871 1468/873 1180/872
f 1335/1155 1485/972 1487/927
f 1099/1144 1095/1142 1432/981
f 1108/1111 1440/999 1435/935
f 1126/1351 1506/1332 1502/1352
f 1111/1374 1434/944 1433/934
f 1121/1046 1504/1169 1505/1211
f 1497/1078 1493/1077 1525/1009
f 1336/1272 1486/970 1490/1197
f 1446/921 1441/980 1045/1361
f 1033/1369 1425/1026 1426/1005
f 1529/876 1525/1009 1404/1008
f 1438/1277 1424/1276 1035/1307
f 1082/1110 1457/1220 1456/1215
f 1468/873 1472/972 1174/1264
f 1194/1344 1224/1343 1229/1395
o Latch
v 0.125 1 1
v -0.125 1 1
v 0.125 1 -0.625
v -0.125 1 -0.625
v 0.125 1.3125 1
v -0.125 1.3125 1
v 0.125 1.3125 -0.625
v -0.125 1.3125 -0.625
v 0.5 1.3125 -0.625
v 0.5 1 -0.625
v -0.5 1.3125 -0.625
v -0.5 1 -0.625
v 0.5 1 -0.875
v 0.5 1.3125 -0.875
v -0.5 1.3125 -0.875
v -0.5 1 -0.875
v 0.5 1.0625 -0.9375
v 0.5 1.25 -0.9375
v -0.5 1.25 -0.9375
v -0.5 1.0625 -0.9375
v 0.125 1 0.1875
v 0.125 1.3125 0.1875
v -0.125 1 0.1875
v -0.125 1.3125 0.1875
vt 0.9583 0.3239
vt 0.9398 0.2955
vt 0.9583 0.2955
vt 0.9491 0.5284
vt 0.875 0.5227
vt 0.9491 0.5227
vt 0.9398 0.3977
vt 0.9167 0.4716
vt 0.9167 0.3977
vt 0.9537 0.5511
vt 0.9722 0.5227
vt 0.9722 0.5511
vt 0.8704 0.5227
vt 0.8519 0.5511
vt 0.8519 0.5227
vt 1 0.4716
vt 0.9815 0.3977
vt 1 0.3977
vt 0.875 0.5455
vt 0.9491 0.5455
vt 0.9583 0.3977
vt 0.875 0.4716
vt 0.9491 0.5
vt 0.875 0.5
vt 0.9583 0.4716
vt 0.9815 0.4716
vt 0.875 0.5511
vt 0.9491 0.5739
vt 0.875 0.5739
vt 0.9815 0.3239
vt 0.9537 0.5227
vt 0.9398 0.3239
vt 0.8704 0.5511
vt 0.9398 0.4716
vt 0.9491 0.4716
vt 0.9167 0.3239
vt 0.875 0.5284
vt 1 0.3239
vt 0.9491 0.5511
s 1
f 1535/1398 1532/1399 1531/1400
f 1548/1401 1545/1402 1544/1403
f 1554/1404 1534/1405 1553/1406
f 1543/1407 1539/1408 1540/1409
f 1545/1410 1542/1411 1541/1412
f 1534/1413 1551/1414 1553/1415
f 1550/1416 1548/1401 1547/1417
f 1554/1404 1535/1398 1552/1418
f 1542/1419 1539/1420 1541/1421
f 1537/1422 1551/1414 1533/1423
f 1544/1403 1541/1421 1539/1420
f 1546/1424 1540/1425 1542/1426
f 1552/1418 1531/1427 1551/1414
f 1543/1407 1544/1428 1539/1408
f 1543/1407 1547/1417 1544/1428
f 1547/1417 1548/1401 1544/1428
f 1554/1404 1536/1429 1535/1398
f 1534/1413 1533/1423 1551/1414
f 1545/1410 1546/1430 1542/1411
f 1554/1404 1538/1431 1534/1405
f 1542/1419 1540/1432 1539/1420
f 1536/1429 1553/1406 1532/1433
f 1550/1416 1549/1434 1548/1401
f 1535/1398 1536/1429 1532/1399
f 1538/1431 1552/1418 1537/1422
f 1548/1401 1549/1434 1545/1402
f 1545/1410 1549/1434 1546/1430
f 1549/1434 1550/1416 1546/1430
f 1553/1415 1531/1427 1532/1435
f 1537/1422 1552/1418 1551/1414
f 1550/1416 1543/1436 1546/1424
f 1544/1403 1545/1402 1541/1421
f 1546/1424 1543/1436 1540/1425
f 1552/1418 1535/1398 1531/1427
f 1536/1429 1554/1404 1553/1406
f 1538/1431 1554/1404 1552/1418
f 1553/1415 1551/1414 1531/1427
f 1550/1416 1547/1417 1543/1436
o Shell1
v 0.25 0.9375 -0
v 0.1562 0.9124 -0
v 0.0876 0.8438 -0
v 0.0625 0.75 -0
v 0.0876 0.6562 -0
v 0.1562 0.5876 -0
v 0.25 0.5625 -0
v 0.3438 0.5876 -0
v 0.4124 0.6562 -0
v 0.4375 0.75 -0
v 0.4124 0.8438 -0
v 0.3438 0.9124 -0
v 0.25 0.9375 1
v 0.1562 0.9124 1
v 0.0876 0.8438 1
v 0.0625 0.75 1
v 0.0876 0.6562 1
v 0.1562 0.5876 1
v 0.25 0.5625 1
v 0.3438 0.5876 1
v 0.4124 0.6562 1
v 0.4375 0.75 1
v 0.4124 0.8438 1
v 0.3438 0.9124 1
v 0.25 0.9609 -0
v 0.1445 0.9327 -0
v 0.0673 0.8555 -0
v 0.0391 0.75 -0
v 0.0673 0.6445 -0
v 0.1445 0.5673 -0
v 0.25 0.5391 -0
v 0.3555 0.5673 -0
v 0.4327 0.6445 -0
v 0.4609 0.75 -0
v 0.4327 0.8555 -0
v 0.3555 0.9327 -0
v 0.25 0.9609 -0.0625
v 0.1445 0.9327 -0.0625
v 0.0673 0.8555 -0.0625
v 0.0391 0.75 -0.0625
v 0.0673 0.6445 -0.0625
v 0.1445 0.5673 -0.0625
v 0.25 0.5391 -0.0625
v 0.3555 0.5673 -0.0625
v 0.4327 0.6445 -0.0625
v 0.4609 0.75 -0.0625
v 0.4327 0.8555 -0.0625
v 0.3555 0.9327 -0.0625
vt 0.1898 0.4318
vt 0.1852 0.4432
vt 0.1852 0.4318
vt 0.1852 0.4545
vt 0.1898 0.4659
vt 0.1852 0.4659
vt 0.2204 0.446
vt 0.2083 0.4716
vt 0.1963 0.446
vt 0.1852 0.4886
vt 0.1898 0.5
vt 0.1852 0.5
vt 0.1852 0.4091
vt 0.1898 0.4205
vt 0.1852 0.4205
vt 0.1852 0.5227
vt 0.1898 0.5341
vt 0.1852 0.5341
vt 0.1898 0.3977
vt 0.1898 0.4091
vt 0.1898 0.4432
vt 0.1898 0.5114
vt 0.1852 0.5114
vt 0.1852 0.4773
vt 0.2246 0.4275
vt 0.1967 0.4275
vt 0.2106 0.3979
vt 0.1852 0.3977
vt 0.1898 0.5227
vt 0.1898 0.4773
vt 0.1898 0.4545
vt 0.2106 0.4373
vt 0.2204 0.4631
vt 0.1944 0.5114
vt 0.1944 0.5227
vt 0.1944 0.4545
vt 0.1944 0.4659
vt 0.1898 0.4886
vt 0.2187 0.4347
vt 0.2026 0.4347
vt 0.1946 0.4176
vt 0.1967 0.4078
vt 0.2026 0.4005
vt 0.2187 0.4005
vt 0.2246 0.4078
vt 0.2267 0.4176
vt 0.2014 0.4693
vt 0.1963 0.4631
vt 0.1944 0.4545
vt 0.2014 0.4398
vt 0.2083 0.4375
vt 0.2153 0.4398
vt 0.2222 0.4545
vt 0.2153 0.4693
vt 0.1111 0.4773
vt 0.1111 0.4659
vt 0.1111 0.5114
vt 0.1111 0.5227
vt 0.1111 0.4432
vt 0.1111 0.5341
vt 0.1111 0.5
vt 0.1111 0.4886
vt 0.1111 0.4091
vt 0.1944 0.4091
vt 0.1111 0.4318
vt 0.1944 0.3977
vt 0.1944 0.4432
vt 0.1111 0.4205
vt 0.1944 0.4886
vt 0.1944 0.4205
vt 0.1111 0.4545
vt 0.1944 0.4318
vt 0.1944 0.4773
vt 0.1944 0.5341
vt 0.1944 0.5
vt 0.1111 0.3977
s 1
f 1588/1437 1565/1438 1564/1439
f 1566/1440 1579/1441 1555/1442
f 1575/1443 1567/1444 1571/1445
f 1557/1446 1582/1447 1558/1448
f 1562/1449 1587/1450 1563/1451
f 1560/1452 1585/1453 1561/1454
f 1562/1449 1585/1455 1586/1456
f 1589/1457 1566/1440 1565/1438
f 1563/1451 1588/1437 1564/1439
f 1583/1458 1560/1452 1559/1459
f 1579/1441 1556/1460 1555/1442
f 1588/1437 1589/1457 1565/1438
f 1582/1447 1559/1459 1558/1448
f 1593/1461 1601/1462 1597/1463
f 1562/1449 1561/1464 1585/1455
f 1560/1452 1584/1465 1585/1453
f 1579/1441 1580/1466 1556/1460
f 1589/1457 1590/1467 1566/1440
f 1593/1461 1591/1468 1601/1462
f 1575/1443 1577/1469 1567/1444
f 1582/1447 1583/1458 1559/1459
f 1595/1470 1596/1471 1584/1465
f 1562/1449 1586/1456 1587/1450
f 1602/1472 1591/1473 1579/1441
f 1557/1446 1581/1474 1582/1447
f 1566/1440 1590/1467 1579/1441
f 1593/1461 1592/1475 1591/1468
f 1591/1468 1602/1476 1601/1462
f 1601/1462 1600/1477 1597/1463
f 1600/1477 1599/1478 1597/1463
f 1599/1478 1598/1479 1597/1463
f 1597/1463 1596/1480 1595/1481
f 1595/1481 1594/1482 1597/1463
f 1594/1482 1593/1461 1597/1463
f 1563/1451 1587/1450 1588/1437
f 1567/1444 1568/1483 1569/1484
f 1569/1484 1570/1485 1571/1445
f 1571/1445 1572/1486 1575/1443
f 1572/1486 1573/1487 1575/1443
f 1573/1487 1574/1488 1575/1443
f 1575/1443 1576/1489 1577/1469
f 1577/1469 1578/1490 1567/1444
f 1567/1444 1569/1484 1571/1445
f 1583/1458 1584/1465 1560/1452
f 1595/1470 1584/1465 1583/1458
f 1602/1472 1579/1441 1590/1467
f 1568/1491 1555/1442 1556/1460
f 1567/1492 1566/1440 1555/1442
f 1571/1493 1558/1448 1559/1459
f 1580/1466 1557/1446 1556/1460
f 1572/1494 1559/1459 1560/1452
f 1577/1495 1564/1439 1565/1438
f 1573/1496 1560/1452 1561/1454
f 1570/1497 1557/1446 1558/1448
f 1569/1498 1556/1460 1557/1446
f 1574/1499 1561/1464 1562/1449
f 1598/1500 1587/1450 1586/1456
f 1576/1501 1563/1451 1564/1439
f 1597/1502 1586/1456 1585/1455
f 1601/1503 1590/1467 1589/1457
f 1591/1473 1580/1466 1579/1441
f 1575/1504 1562/1449 1563/1451
f 1593/1505 1582/1447 1581/1474
f 1599/1506 1588/1437 1587/1450
f 1578/1507 1565/1438 1566/1440
f 1596/1471 1585/1453 1584/1465
f 1600/1508 1589/1457 1588/1437
f 1592/1509 1581/1474 1580/1466
f 1591/1473 1592/1509 1580/1466
f 1596/1471 1597/1510 1585/1453
f 1567/1492 1578/1507 1566/1440
f 1572/1494 1571/1493 1559/1459
f 1577/1495 1576/1501 1564/1439
f 1568/1491 1567/1492 1555/1442
f 1592/1509 1593/1505 1581/1474
f 1600/1508 1601/1503 1589/1457
f 1580/1466 1581/1474 1557/1446
f 1575/1504 1574/1499 1562/1449
f 1593/1505 1594/1511 1582/1447
f 1571/1493 1570/1497 1558/1448
f 1597/1502 1598/1500 1586/1456
f 1599/1506 1600/1508 1588/1437
f 1576/1501 1575/1504 1563/1451
f 1601/1503 1602/1472 1590/1467
f 1578/1507 1577/1495 1565/1438
f 1594/1511 1595/1470 1583/1458
f 1570/1497 1569/1498 1557/1446
f 1569/1498 1568/1491 1556/1460
f 1573/1496 1572/1494 1560/1452
f 1574/1499 1573/1512 1561/1464
f 1598/1500 1599/1506 1587/1450
f 1594/1511 1583/1458 1582/1447
o Shell2
v -0.25 0.9375 -0
v -0.3438 0.9124 -0
v -0.4124 0.8438 -0
v -0.4375 0.75 -0
v -0.4124 0.6562 -0
v -0.3438 0.5876 -0
v -0.25 0.5625 -0
v -0.1562 0.5876 -0
v -0.0876 0.6562 -0
v -0.0625 0.75 -0
v -0.0876 0.8438 -0
v -0.1562 0.9124 -0
v -0.25 0.9375 1
v -0.3438 0.9124 1
v -0.4124 0.8438 1
v -0.4375 0.75 1
v -0.4124 0.6562 1
v -0.3438 0.5876 1
v -0.25 0.5625 1
v -0.1562 0.5876 1
v -0.0876 0.6562 1
v -0.0625 0.75 1
v -0.0876 0.8438 1
v -0.1562 0.9124 1
v -0.25 0.9609 -0
v -0.3555 0.9327 -0
v -0.4327 0.8555 -0
v -0.4609 0.75 -0
v -0.4327 0.6445 -0
v -0.3555 0.5673 -0
v -0.25 0.5391 -0
v -0.1445 0.5673 -0
v -0.0673 0.6445 -0
v -0.0391 0.75 -0
v -0.0673 0.8555 -0
v -0.1445 0.9327 -0
v -0.25 0.9609 -0.0625
v -0.3555 0.9327 -0.0625
v -0.4327 0.8555 -0.0625
v -0.4609 0.75 -0.0625
v -0.4327 0.6445 -0.0625
v -0.3555 0.5673 -0.0625
v -0.25 0.5391 -0.0625
v -0.1445 0.5673 -0.0625
v -0.0673 0.6445 -0.0625
v -0.0391 0.75 -0.0625
v -0.0673 0.8555 -0.0625
v -0.1445 0.9327 -0.0625
vt 0.1898 0.4659
vt 0.1852 0.4773
vt 0.1852 0.4659
vt 0.1852 0.4886
vt 0.1898 0.5
vt 0.1852 0.5
vt 0.2204 0.446
vt 0.2083 0.4716
vt 0.1963 0.446
vt 0.1852 0.5227
vt 0.1898 0.5341
vt 0.1852 0.5341
vt 0.1898 0.5114
vt 0.1852 0.5114
vt 0.1852 0.4091
vt 0.1898 0.3977
vt 0.1898 0.4091
vt 0.1898 0.4886
vt 0.1898 0.4773
vt 0.1898 0.4205
vt 0.1852 0.4205
vt 0.1898 0.4318
vt 0.1852 0.4432
vt 0.1852 0.4318
vt 0.1852 0.4545
vt 0.2246 0.4275
vt 0.1967 0.4275
vt 0.2106 0.3979
vt 0.1852 0.3977
vt 0.1898 0.4545
vt 0.1898 0.5227
vt 0.1944 0.4545
vt 0.1944 0.4659
vt 0.1944 0.5114
vt 0.1944 0.5227
vt 0.2106 0.4373
vt 0.2204 0.4631
vt 0.2187 0.4347
vt 0.2026 0.4347
vt 0.1946 0.4176
vt 0.1967 0.4078
vt 0.2026 0.4005
vt 0.2187 0.4005
vt 0.2246 0.4078
vt 0.2267 0.4176
vt 0.2014 0.4693
vt 0.1963 0.4631
vt 0.1944 0.4545
vt 0.2014 0.4398
vt 0.2083 0.4375
vt 0.2153 0.4398
vt 0.2222 0.4545
vt 0.2153 0.4693
vt 0.1898 0.4432
vt 0.1111 0.4773
vt 0.1111 0.4659
vt 0.1111 0.5114
vt 0.1111 0.5227
vt 0.1111 0.4432
vt 0.1111 0.5341
vt 0.1111 0.5
vt 0.1111 0.4886
vt 0.1111 0.4091
vt 0.1944 0.4091
vt 0.1111 0.4318
vt 0.1944 0.3977
vt 0.1944 0.4432
vt 0.1111 0.4205
vt 0.1944 0.4886
vt 0.1944 0.4205
vt 0.1111 0.4545
vt 0.1944 0.4318
vt 0.1944 0.4773
vt 0.1944 0.5341
vt 0.1944 0.5
vt 0.1111 0.3977
s 1
f 1627/1513 1604/1514 1603/1515
f 1605/1516 1630/1517 1606/1518
f 1623/1519 1615/1520 1619/1521
f 1608/1522 1633/1523 1609/1524
f 1631/1525 1608/1522 1607/1526
f 1630/1517 1607/1526 1606/1518
f 1610/1527 1633/1528 1634/1529
f 1604/1514 1629/1530 1605/1516
f 1627/1513 1628/1531 1604/1514
f 1610/1527 1635/1532 1611/1533
f 1636/1534 1613/1535 1612/1536
f 1614/1537 1627/1513 1603/1515
f 1611/1533 1636/1534 1612/1536
f 1641/1538 1649/1539 1645/1540
f 1630/1517 1631/1525 1607/1526
f 1610/1527 1609/1541 1633/1528
f 1614/1537 1638/1542 1627/1513
f 1608/1522 1632/1543 1633/1523
f 1650/1544 1639/1545 1627/1513
f 1631/1525 1632/1543 1608/1522
f 1611/1533 1635/1532 1636/1534
f 1643/1546 1644/1547 1632/1543
f 1605/1516 1629/1530 1630/1517
f 1641/1538 1639/1548 1649/1539
f 1604/1514 1628/1531 1629/1530
f 1623/1519 1625/1549 1615/1520
f 1641/1538 1640/1550 1639/1548
f 1639/1548 1650/1551 1649/1539
f 1649/1539 1648/1552 1645/1540
f 1648/1552 1647/1553 1645/1540
f 1647/1553 1646/1554 1645/1540
f 1645/1540 1644/1555 1643/1556
f 1643/1556 1642/1557 1645/1540
f 1642/1557 1641/1538 1645/1540
f 1610/1527 1634/1529 1635/1532
f 1615/1520 1616/1558 1617/1559
f 1617/1559 1618/1560 1619/1521
f 1619/1521 1620/1561 1623/1519
f 1620/1561 1621/1562 1623/1519
f 1621/1562 1622/1563 1623/1519
f 1623/1519 1624/1564 1625/1549
f 1625/1549 1626/1565 1615/1520
f 1615/1520 1617/1559 1619/1521
f 1636/1534 1637/1566 1613/1535
f 1643/1546 1632/1543 1631/1525
f 1650/1544 1627/1513 1638/1542
f 1616/1567 1603/1515 1604/1514
f 1615/1568 1614/1537 1603/1515
f 1619/1569 1606/1518 1607/1526
f 1637/1566 1614/1537 1613/1535
f 1620/1570 1607/1526 1608/1522
f 1625/1571 1612/1536 1613/1535
f 1621/1572 1608/1522 1609/1524
f 1618/1573 1605/1516 1606/1518
f 1617/1574 1604/1514 1605/1516
f 1622/1575 1609/1541 1610/1527
f 1646/1576 1635/1532 1634/1529
f 1624/1577 1611/1533 1612/1536
f 1645/1578 1634/1529 1633/1528
f 1649/1579 1638/1542 1637/1566
f 1639/1545 1628/1531 1627/1513
f 1623/1580 1610/1527 1611/1533
f 1641/1581 1630/1517 1629/1530
f 1647/1582 1636/1534 1635/1532
f 1626/1583 1613/1535 1614/1537
f 1644/1547 1633/1523 1632/1543
f 1648/1584 1637/1566 1636/1534
f 1640/1585 1629/1530 1628/1531
f 1639/1545 1640/1585 1628/1531
f 1644/1547 1645/1586 1633/1523
f 1615/1568 1626/1583 1614/1537
f 1620/1570 1619/1569 1607/1526
f 1625/1571 1624/1577 1612/1536
f 1616/1567 1615/1568 1603/1515
f 1640/1585 1641/1581 1629/1530
f 1648/1584 1649/1579 1637/1566
f 1637/1566 1638/1542 1614/1537
f 1623/1580 1622/1575 1610/1527
f 1641/1581 1642/1587 1630/1517
f 1619/1569 1618/1573 1606/1518
f 1645/1578 1646/1576 1634/1529
f 1647/1582 1648/1584 1636/1534
f 1624/1577 1623/1580 1611/1533
f 1649/1579 1650/1544 1638/1542
f 1626/1583 1625/1571 1613/1535
f 1642/1587 1643/1546 1631/1525
f 1618/1573 1617/1574 1605/1516
f 1617/1574 1616/1567 1604/1514
f 1621/1572 1620/1570 1608/1522
f 1622/1575 1621/1588 1609/1541
f 1646/1576 1647/1582 1635/1532
f 1642/1587 1631/1525 1630/1517
o Shell3
v 0.25 0.4375 -0
v 0.1562 0.4124 -0
v 0.0876 0.3438 -0
v 0.0625 0.25 -0
v 0.0876 0.1562 -0
v 0.1562 0.0876 -0
v 0.25 0.0625 -0
v 0.3438 0.0876 -0
v 0.4124 0.1562 -0
v 0.4375 0.25 -0
v 0.4124 0.3438 -0
v 0.3438 0.4124 -0
v 0.25 0.4375 1
v 0.1562 0.4124 1
v 0.0876 0.3438 1
v 0.0625 0.25 1
v 0.0876 0.1562 1
v 0.1562 0.0876 1
v 0.25 0.0625 1
v 0.3438 0.0876 1
v 0.4124 0.1562 1
v 0.4375 0.25 1
v 0.4124 0.3438 1
v 0.3438 0.4124 1
v 0.25 0.4609 -0
v 0.1445 0.4327 -0
v 0.0673 0.3555 -0
v 0.0391 0.25 -0
v 0.0673 0.1445 -0
v 0.1445 0.0673 -0
v 0.25 0.0391 -0
v 0.3555 0.0673 -0
v 0.4327 0.1445 -0
v 0.4609 0.25 -0
v 0.4327 0.3555 -0
v 0.3555 0.4327 -0
v 0.25 0.4609 -0.0625
v 0.1445 0.4327 -0.0625
v 0.0673 0.3555 -0.0625
v 0.0391 0.25 -0.0625
v 0.0673 0.1445 -0.0625
v 0.1445 0.0673 -0.0625
v 0.25 0.0391 -0.0625
v 0.3555 0.0673 -0.0625
v 0.4327 0.1445 -0.0625
v 0.4609 0.25 -0.0625
v 0.4327 0.3555 -0.0625
v 0.3555 0.4327 -0.0625
vt 0.1852 0.4545
vt 0.1898 0.4659
vt 0.1852 0.4659
vt 0.1898 0.5
vt 0.1852 0.5114
vt 0.1852 0.5
vt 0.2204 0.446
vt 0.2083 0.4716
vt 0.1963 0.446
vt 0.1852 0.5227
vt 0.1898 0.5341
vt 0.1852 0.5341
vt 0.1852 0.4091
vt 0.1898 0.4205
vt 0.1852 0.4205
vt 0.1898 0.4545
vt 0.1898 0.3977
vt 0.1898 0.4091
vt 0.1898 0.4773
vt 0.1852 0.4886
vt 0.1852 0.4773
vt 0.1898 0.4318
vt 0.1852 0.4432
vt 0.1852 0.4318
vt 0.1898 0.4432
vt 0.2246 0.4275
vt 0.1967 0.4275
vt 0.2106 0.3979
vt 0.1852 0.3977
vt 0.2106 0.4373
vt 0.1898 0.5114
vt 0.1898 0.4886
vt 0.1944 0.5114
vt 0.1944 0.5227
vt 0.1898 0.5227
vt 0.1944 0.4545
vt 0.1944 0.4659
vt 0.2204 0.4631
vt 0.2187 0.4347
vt 0.2026 0.4347
vt 0.1946 0.4176
vt 0.1967 0.4078
vt 0.2026 0.4005
vt 0.2187 0.4005
vt 0.2246 0.4078
vt 0.2267 0.4176
vt 0.2014 0.4693
vt 0.1963 0.4631
vt 0.1944 0.4545
vt 0.2014 0.4398
vt 0.2083 0.4375
vt 0.2153 0.4398
vt 0.2222 0.4545
vt 0.2153 0.4693
vt 0.1111 0.4659
vt 0.1944 0.4205
vt 0.1111 0.5227
vt 0.1111 0.4886
vt 0.1111 0.5
vt 0.1111 0.4091
vt 0.1111 0.4432
vt 0.1111 0.4318
vt 0.1944 0.4091
vt 0.1111 0.4205
vt 0.1944 0.3977
vt 0.1944 0.4432
vt 0.1111 0.5341
vt 0.1111 0.4773
vt 0.1944 0.4886
vt 0.1111 0.5114
vt 0.1111 0.4545
vt 0.1944 0.4318
vt 0.1944 0.4773
vt 0.1944 0.5341
vt 0.1944 0.5
vt 0.1111 0.3977
s 1
f 1662/1589 1675/1590 1651/1591
f 1678/1592 1655/1593 1654/1594
f 1671/1595 1663/1596 1667/1597
f 1656/1598 1681/1599 1657/1600
f 1658/1601 1683/1602 1659/1603
f 1662/1589 1686/1604 1675/1590
f 1658/1601 1681/1605 1682/1606
f 1676/1607 1653/1608 1652/1609
f 1684/1610 1661/1611 1660/1612
f 1685/1613 1662/1589 1661/1611
f 1675/1590 1652/1609 1651/1591
f 1659/1603 1684/1610 1660/1612
f 1653/1608 1678/1592 1654/1594
f 1689/1614 1697/1615 1693/1616
f 1684/1610 1685/1613 1661/1611
f 1658/1601 1657/1617 1681/1605
f 1659/1603 1683/1602 1684/1610
f 1658/1601 1682/1606 1683/1602
f 1689/1614 1687/1618 1697/1615
f 1678/1592 1679/1619 1655/1593
f 1653/1608 1677/1620 1678/1592
f 1691/1621 1692/1622 1680/1623
f 1676/1607 1677/1620 1653/1608
f 1698/1624 1687/1625 1675/1590
f 1671/1595 1673/1626 1663/1596
f 1656/1598 1680/1623 1681/1599
f 1689/1614 1688/1627 1687/1618
f 1687/1618 1698/1628 1697/1615
f 1697/1615 1696/1629 1693/1616
f 1696/1629 1695/1630 1693/1616
f 1695/1630 1694/1631 1693/1616
f 1693/1616 1692/1632 1691/1633
f 1691/1633 1690/1634 1693/1616
f 1690/1634 1689/1614 1693/1616
f 1685/1613 1686/1604 1662/1589
f 1663/1596 1664/1635 1665/1636
f 1665/1636 1666/1637 1667/1597
f 1667/1597 1668/1638 1671/1595
f 1668/1638 1669/1639 1671/1595
f 1669/1639 1670/1640 1671/1595
f 1671/1595 1672/1641 1673/1626
f 1673/1626 1674/1642 1663/1596
f 1663/1596 1665/1636 1667/1597
f 1675/1590 1676/1607 1652/1609
f 1698/1624 1675/1590 1686/1604
f 1691/1621 1680/1623 1679/1619
f 1663/1643 1662/1589 1651/1591
f 1695/1644 1684/1610 1683/1602
f 1668/1645 1655/1593 1656/1598
f 1665/1646 1652/1609 1653/1608
f 1666/1647 1653/1608 1654/1594
f 1679/1619 1656/1598 1655/1593
f 1687/1625 1676/1607 1675/1590
f 1670/1648 1657/1617 1658/1601
f 1673/1649 1660/1612 1661/1611
f 1672/1650 1659/1603 1660/1612
f 1694/1651 1683/1602 1682/1606
f 1671/1652 1658/1601 1659/1603
f 1693/1653 1682/1606 1681/1605
f 1697/1654 1686/1604 1685/1613
f 1669/1655 1656/1598 1657/1600
f 1664/1656 1651/1591 1652/1609
f 1689/1657 1678/1592 1677/1620
f 1667/1658 1654/1594 1655/1593
f 1674/1659 1661/1611 1662/1589
f 1692/1622 1681/1599 1680/1623
f 1696/1660 1685/1613 1684/1610
f 1688/1661 1677/1620 1676/1607
f 1664/1656 1663/1643 1651/1591
f 1671/1652 1670/1648 1658/1601
f 1692/1622 1693/1662 1681/1599
f 1666/1647 1665/1646 1653/1608
f 1695/1644 1696/1660 1684/1610
f 1688/1661 1689/1657 1677/1620
f 1689/1657 1690/1663 1678/1592
f 1663/1643 1674/1659 1662/1589
f 1674/1659 1673/1649 1661/1611
f 1696/1660 1697/1654 1685/1613
f 1693/1653 1694/1651 1682/1606
f 1697/1654 1698/1624 1686/1604
f 1672/1650 1671/1652 1659/1603
f 1667/1658 1666/1647 1654/1594
f 1673/1649 1672/1650 1660/1612
f 1694/1651 1695/1644 1683/1602
f 1669/1655 1668/1645 1656/1598
f 1690/1663 1691/1621 1679/1619
f 1665/1646 1664/1656 1652/1609
f 1679/1619 1680/1623 1656/1598
f 1668/1645 1667/1658 1655/1593
f 1687/1625 1688/1661 1676/1607
f 1670/1648 1669/1664 1657/1617
f 1690/1663 1679/1619 1678/1592
o Shell4
v -0.25 0.4375 -0
v -0.3438 0.4124 -0
v -0.4124 0.3438 -0
v -0.4375 0.25 -0
v -0.4124 0.1562 -0
v -0.3438 0.0876 -0
v -0.25 0.0625 -0
v -0.1562 0.0876 -0
v -0.0876 0.1562 -0
v -0.0625 0.25 -0
v -0.0876 0.3438 -0
v -0.1562 0.4124 -0
v -0.25 0.4375 1
v -0.3438 0.4124 1
v -0.4124 0.3438 1
v -0.4375 0.25 1
v -0.4124 0.1562 1
v -0.3438 0.0876 1
v -0.25 0.0625 1
v -0.1562 0.0876 1
v -0.0876 0.1562 1
v -0.0625 0.25 1
v -0.0876 0.3438 1
v -0.1562 0.4124 1
v -0.25 0.4609 -0
v -0.3555 0.4327 -0
v -0.4327 0.3555 -0
v -0.4609 0.25 -0
v -0.4327 0.1445 -0
v -0.3555 0.0673 -0
v -0.25 0.0391 -0
v -0.1445 0.0673 -0
v -0.0673 0.1445 -0
v -0.0391 0.25 -0
v -0.0673 0.3555 -0
v -0.1445 0.4327 -0
v -0.25 0.4609 -0.0625
v -0.3555 0.4327 -0.0625
v -0.4327 0.3555 -0.0625
v -0.4609 0.25 -0.0625
v -0.4327 0.1445 -0.0625
v -0.3555 0.0673 -0.0625
v -0.25 0.0391 -0.0625
v -0.1445 0.0673 -0.0625
v -0.0673 0.1445 -0.0625
v -0.0391 0.25 -0.0625
v -0.0673 0.3555 -0.0625
v -0.1445 0.4327 -0.0625
vt 0.1852 0.4205
vt 0.1898 0.4318
vt 0.1852 0.4318
vt 0.1898 0.4659
vt 0.1852 0.4773
vt 0.1852 0.4659
vt 0.2204 0.446
vt 0.2083 0.4716
vt 0.1963 0.446
vt 0.1852 0.4545
vt 0.1898 0.4773
vt 0.1852 0.4886
vt 0.1898 0.5
vt 0.1852 0.5
vt 0.1852 0.4091
vt 0.1898 0.3977
vt 0.1898 0.4091
vt 0.1852 0.4432
vt 0.1898 0.4545
vt 0.1898 0.4205
vt 0.1852 0.5114
vt 0.1852 0.5227
vt 0.1898 0.5341
vt 0.1852 0.5341
vt 0.2246 0.4275
vt 0.1967 0.4275
vt 0.2106 0.3979
vt 0.1898 0.4886
vt 0.1852 0.3977
vt 0.1898 0.4432
vt 0.2204 0.4631
vt 0.1944 0.4545
vt 0.1944 0.4659
vt 0.1898 0.5227
vt 0.1944 0.5114
vt 0.1944 0.5227
vt 0.2106 0.4373
vt 0.2187 0.4347
vt 0.2026 0.4347
vt 0.1946 0.4176
vt 0.1967 0.4078
vt 0.2026 0.4005
vt 0.2187 0.4005
vt 0.2246 0.4078
vt 0.2267 0.4176
vt 0.2014 0.4693
vt 0.1963 0.4631
vt 0.1944 0.4545
vt 0.2014 0.4398
vt 0.2083 0.4375
vt 0.2153 0.4398
vt 0.2222 0.4545
vt 0.2153 0.4693
vt 0.1898 0.5114
vt 0.1111 0.4659
vt 0.1944 0.4205
vt 0.1111 0.4205
vt 0.1111 0.4886
vt 0.1111 0.5
vt 0.1111 0.4091
vt 0.1111 0.4432
vt 0.1111 0.4318
vt 0.1944 0.4091
vt 0.1111 0.5227
vt 0.1944 0.3977
vt 0.1944 0.4432
vt 0.1111 0.5341
vt 0.1111 0.4773
vt 0.1944 0.4886
vt 0.1111 0.5114
vt 0.1111 0.4545
vt 0.1944 0.4318
vt 0.1944 0.4773
vt 0.1944 0.5341
vt 0.1944 0.5
vt 0.1111 0.3977
s 1
f 1707/1665 1732/1666 1708/1667
f 1723/1668 1700/1669 1699/1670
f 1719/1671 1711/1672 1715/1673
f 1710/1674 1723/1668 1699/1670
f 1724/1675 1701/1676 1700/1669
f 1701/1676 1726/1677 1702/1678
f 1706/1679 1729/1680 1730/1681
f 1709/1682 1734/1683 1710/1674
f 1707/1665 1731/1684 1732/1666
f 1706/1679 1731/1684 1707/1665
f 1726/1677 1703/1685 1702/1678
f 1732/1666 1709/1682 1708/1667
f 1704/1686 1729/1687 1705/1688
f 1737/1689 1745/1690 1741/1691
f 1724/1675 1725/1692 1701/1676
f 1706/1679 1705/1693 1729/1680
f 1732/1666 1733/1694 1709/1682
f 1719/1671 1721/1695 1711/1672
f 1746/1696 1735/1697 1723/1668
f 1701/1676 1725/1692 1726/1677
f 1704/1686 1728/1698 1729/1687
f 1739/1699 1740/1700 1728/1698
f 1723/1668 1724/1675 1700/1669
f 1737/1689 1735/1701 1745/1690
f 1710/1674 1734/1683 1723/1668
f 1709/1682 1733/1694 1734/1683
f 1737/1689 1736/1702 1735/1701
f 1735/1701 1746/1703 1745/1690
f 1745/1690 1744/1704 1741/1691
f 1744/1704 1743/1705 1741/1691
f 1743/1705 1742/1706 1741/1691
f 1741/1691 1740/1707 1739/1708
f 1739/1708 1738/1709 1741/1691
f 1738/1709 1737/1689 1741/1691
f 1706/1679 1730/1681 1731/1684
f 1711/1672 1712/1710 1713/1711
f 1713/1711 1714/1712 1715/1673
f 1715/1673 1716/1713 1719/1671
f 1716/1713 1717/1714 1719/1671
f 1717/1714 1718/1715 1719/1671
f 1719/1671 1720/1716 1721/1695
f 1721/1695 1722/1717 1711/1672
f 1711/1672 1713/1711 1715/1673
f 1726/1677 1727/1718 1703/1685
f 1746/1696 1723/1668 1734/1683
f 1739/1699 1728/1698 1727/1718
f 1711/1719 1710/1674 1699/1670
f 1743/1720 1732/1666 1731/1684
f 1719/1721 1706/1679 1707/1665
f 1713/1722 1700/1669 1701/1676
f 1727/1718 1704/1686 1703/1685
f 1714/1723 1701/1676 1702/1678
f 1735/1697 1724/1675 1723/1668
f 1718/1724 1705/1693 1706/1679
f 1721/1725 1708/1667 1709/1682
f 1720/1726 1707/1665 1708/1667
f 1742/1727 1731/1684 1730/1681
f 1716/1728 1703/1685 1704/1686
f 1741/1729 1730/1681 1729/1680
f 1745/1730 1734/1683 1733/1694
f 1717/1731 1704/1686 1705/1688
f 1712/1732 1699/1670 1700/1669
f 1737/1733 1726/1677 1725/1692
f 1715/1734 1702/1678 1703/1685
f 1722/1735 1709/1682 1710/1674
f 1740/1700 1729/1687 1728/1698
f 1744/1736 1733/1694 1732/1666
f 1736/1737 1725/1692 1724/1675
f 1712/1732 1711/1719 1699/1670
f 1716/1728 1715/1734 1703/1685
f 1740/1700 1741/1738 1729/1687
f 1727/1718 1728/1698 1704/1686
f 1743/1720 1744/1736 1732/1666
f 1736/1737 1737/1733 1725/1692
f 1711/1719 1722/1735 1710/1674
f 1737/1733 1738/1739 1726/1677
f 1722/1735 1721/1725 1709/1682
f 1744/1736 1745/1730 1733/1694
f 1741/1729 1742/1727 1730/1681
f 1745/1730 1746/1696 1734/1683
f 1720/1726 1719/1721 1707/1665
f 1715/1734 1714/1723 1702/1678
f 1721/1725 1720/1726 1708/1667
f 1742/1727 1743/1720 1731/1684
f 1717/1731 1716/1728 1704/1686
f 1738/1739 1739/1699 1727/1718
f 1713/1722 1712/1732 1700/1669
f 1714/1723 1713/1722 1701/1676
f 1719/1721 1718/1724 1706/1679
f 1735/1697 1736/1737 1724/1675
f 1718/1724 1717/1740 1705/1693
f 1738/1739 1727/1718 1726/1677
