o Cylinder.004_Cylinder.007
v -2.6209 1.6357 0.5781
v -2.8557 1.6425 0.5712
v -2.8571 1.6182 0.6193
v -2.6219 1.6172 0.6146
v -2.8546 1.5708 0.6448
v -2.6201 1.5811 0.6341
v -2.849 1.5131 0.6411
v -2.6158 1.5372 0.6312
v -2.8426 1.4663 0.6145
v -2.6113 1.5033 0.6128
v -2.5634 1.5851 0.5372
v -2.5646 1.5895 0.5476
v -2.5661 1.5912 0.5658
v -2.5666 1.5835 0.5809
v -2.5658 1.5685 0.589
v -2.564 1.5503 0.5878
v -2.5627 1.5398 0.5836
v -2.6173 1.6318 0.5342
v -2.8509 1.6374 0.5136
v -2.613 1.6125 0.5008
v -2.586 1.6177 0.54
v -2.5828 1.6038 0.5148
v -2.5889 1.6208 0.5746
v -2.5897 1.6062 0.6034
v -2.5882 1.5777 0.6188
v -2.5848 1.5431 0.6165
v -2.5814 1.5176 0.6032
v -2.8449 1.6097 0.4673
v -2.8984 1.5973 0.471
v -2.9037 1.6215 0.5119
v -2.9194 1.5642 0.5012
v -2.9217 1.574 0.5197
v -2.908 1.6261 0.5635
v -2.9239 1.5764 0.5464
v -2.9092 1.6043 0.6066
v -2.9245 1.5651 0.5686
v -2.9069 1.5619 0.6295
v -2.9234 1.5432 0.5804
v -2.9019 1.5102 0.6261
v -2.9208 1.5165 0.5787
v -2.8963 1.4688 0.6028
v -2.9183 1.4978 0.5694
v 0.1978 1.7592 0.6425
v 0.1978 1.828 0.6717
v 0.1978 1.9126 0.5532
v 0.1978 2.0315 0.2732
v 0.1978 2.0579 0.13
v 0.1978 1.9891 0.1008
v 0.3517 2.0579 0.13
v 0.3517 1.9891 0.1008
v 0.3517 2.0315 0.2732
v 0.3517 1.9126 0.5532
v 0.3517 1.828 0.6717
v 0.3517 1.7592 0.6425
v 0.3248 2.0315 0.2732
v 0.2247 2.0315 0.2732
v 0.2247 2.0901 0.3536
v 0.3248 2.0901 0.3536
v 0.2247 2.0821 0.5052
v 0.3248 2.0821 0.5052
v 0.2247 1.9126 0.5532
v 0.3248 1.9126 0.5532
v 0.3248 2.0715 0.3826
v 0.3248 2.008 0.3284
v 0.2247 2.0715 0.3826
v 0.2247 2.008 0.3284
v 0.3248 2.0667 0.4744
v 0.3248 1.9361 0.498
v 0.2247 1.9361 0.498
v 0.2247 2.0667 0.4744
v -0.7573 1 -1.0321
v 1.3069 1 -1.0321
v 1.3069 0.6811 -0.9816
v -0.7573 0.6811 -0.9816
v 1.3069 0.3934 -0.835
v -0.7573 0.3934 -0.835
v 1.3069 0.165 -0.6066
v -0.7573 0.165 -0.6066
v 1.3069 0.0184 -0.3189
v -0.7573 0.0184 -0.3189
v 1.3069 -0.0321 0
v -0.7573 -0.0321 0
v 1.3069 0.0184 0.3189
v -0.7573 0.0184 0.3189
v 1.3069 0.165 0.6066
v -0.7573 0.165 0.6066
v 1.3069 0.3934 0.835
v -0.7573 0.3934 0.835
v 1.3069 0.6811 0.9816
v -0.7573 0.6811 0.9816
v 1.3069 1 1.0321
v -0.7573 1 1.0321
v 1.3069 1.3189 0.9816
v -0.7573 1.3189 0.9816
v -0.7573 1.6066 0.835
v 1.3069 1.6066 0.835
v 1.3069 1.835 0.6066
v -0.7573 1.835 0.6066
v 1.3069 1.9816 0.3189
v -0.7573 1.9816 0.3189
v 1.3069 2.0321 -0
v -0.7573 2.0321 -0
v 1.3069 1.9816 -0.3189
v -0.7573 1.9816 -0.3189
v 1.3069 1.835 -0.6066
v -0.7573 1.835 -0.6066
v 1.3069 1.6066 -0.835
v -0.7573 1.6066 -0.835
v 2.0542 0.4902 -0.7017
v 2.0542 0.2983 -0.5098
v -0.7573 1.3189 -0.9816
v 1.3069 1.3189 -0.9816
v -3.2252 0.2997 -0.2275
v -3.2252 0.4043 -0.4328
v 2.0542 0.4902 0.7017
v 2.0542 0.2983 0.5098
v 2.5212 0.4809 0.3772
v 2.5212 0.6228 0.5191
v 2.0542 1 -0.8673
v 2.0542 0.732 -0.8249
v 2.0542 1.5098 0.7017
v 2.0542 1.7017 0.5098
v 2.0542 1.7017 -0.5098
v 2.0542 1.5098 -0.7017
v 2.0542 0.1327 -0
v 2.0542 0.1751 0.268
v 2.0542 1 0.8673
v 2.0542 1.268 0.8249
v 2.0542 1.8673 -0
v 2.0542 1.8249 -0.268
v 2.0542 0.1751 -0.268
v 2.0542 0.732 0.8249
v 2.0542 1.8249 0.268
v 2.0542 1.268 -0.8249
v 2.5212 0.3583 -0
v 2.5212 0.3897 -0.1983
v 2.7728 0.6791 -0.1043
v 2.7728 0.6626 -0
v 2.5212 1 -0.6417
v 2.5212 0.8017 -0.6103
v 2.5212 1.6417 -0
v 2.5212 1.6103 -0.1983
v 2.5212 0.8017 0.6103
v 2.5212 0.6228 -0.5191
v 2.5212 1.5191 -0.3772
v 2.5212 1 0.6417
v 2.5212 0.4809 -0.3772
v 2.5212 1.3772 -0.5191
v 2.5212 1.1983 0.6103
v 2.5212 1.1983 -0.6103
v 2.5212 1.3772 0.5191
v 2.5212 1.5191 0.3772
v 2.5212 0.3897 0.1983
v 2.5212 1.6103 0.1983
v 2.7728 1.3374 -0
v 2.7728 1.3209 0.1043
v 2.8365 1.1612 0.0524
v 2.8365 1.1695 -0
v 2.7728 1.1043 -0.3209
v 2.7728 1 -0.3374
v 2.7728 1.1983 0.273
v 2.7728 1.273 0.1983
v 2.7728 0.6791 0.1043
v 2.7728 0.727 0.1983
v 2.7728 0.8017 0.273
v 2.7728 0.8957 -0.3209
v 2.7728 1.3209 -0.1043
v 2.7728 0.8957 0.3209
v 2.7728 0.8017 -0.273
v 2.7728 1.273 -0.1983
v 2.7728 1 0.3374
v 2.7728 0.727 -0.1983
v 2.7728 1.1983 -0.273
v 2.7728 1.1043 0.3209
v 2.8365 0.9476 -0.1612
v 2.8365 1 -0.1695
v 2.8365 1.0524 -0.1612
v 2.8365 1.0996 -0.1371
v 2.8365 1.1371 -0.0996
v 2.8365 1.1612 -0.0524
v 2.8365 1.1371 0.0996
v 2.8365 1.0996 0.1371
v 2.8365 1.0524 0.1612
v 2.8365 1 0.1695
v 2.8365 0.9476 0.1612
v 2.8365 0.9004 0.1371
v 2.8365 0.8629 0.0996
v 2.8365 0.8388 0.0524
v 2.8365 0.8305 -0
v 2.8365 0.8388 -0.0524
v 2.8365 0.8629 -0.0996
v 2.8365 0.9004 -0.1371
v -3.2252 1.7003 0.2275
v -3.2252 1.7364 -0
v -5.2504 1.7364 -0
v -5.2504 1.7003 0.2275
v -3.2252 0.7725 0.7003
v -3.2252 0.5672 0.5957
v -3.2252 1.5957 0.4328
v -3.2252 1.2275 -0.7003
v -3.2252 1.4328 -0.5957
v -3.2252 0.5672 -0.5957
v -3.2252 0.7725 -0.7003
v -3.2252 0.4043 0.4328
v -3.2252 0.2997 0.2275
v -3.2252 1.4328 0.5957
v -3.2252 1.2275 0.7003
v -3.2252 1.5957 -0.4328
v -3.2252 1.7003 -0.2275
v -3.2252 0.2636 -0
v -3.2252 1 0.7364
v -3.2252 1 -0.7364
v -5.2504 1.7003 -0.2275
v -5.2504 1.5957 -0.4328
v -5.2504 1.5344 -0.3883
v -5.2504 1.6283 -0.2041
v -5.2504 0.5672 0.5957
v -5.2504 0.4043 0.4328
v -5.2504 0.7725 -0.7003
v -5.2504 1 -0.7364
v -5.2504 0.7725 0.7003
v -5.2504 0.5672 -0.5957
v -5.2504 1 0.7364
v -5.2504 0.4043 -0.4328
v -5.2504 1.4328 -0.5957
v -5.2504 1.2275 0.7003
v -5.2504 0.2997 -0.2275
v -5.2504 1.2275 -0.7003
v -5.2504 1.4328 0.5957
v -5.2504 0.2636 -0
v -5.2504 1.5957 0.4328
v -5.2504 0.2997 0.2275
v -5.2504 1.3883 -0.5344
v -5.2504 1.2041 -0.6283
v -3.2252 1.2041 -0.6283
v -3.2252 1.3883 -0.5344
v -5.2504 1 0.6606
v -5.2504 0.7959 0.6283
v -5.2504 0.4656 -0.3883
v -5.2504 0.6117 -0.5344
v -5.2504 1.2041 0.6283
v -5.2504 0.3717 -0.2041
v -5.2504 1.3883 0.5344
v -5.2504 0.3394 -0
v -5.2504 1 -0.6606
v -5.2504 1.5344 0.3883
v -5.2504 0.3717 0.2041
v -5.2504 1.6283 0.2041
v -5.2504 0.4656 0.3883
v -5.2504 1.6606 -0
v -5.2504 0.6117 0.5344
v -5.2504 0.7959 -0.6283
v -3.2252 1 -0.6606
v -3.2252 0.7959 -0.6283
v -3.2252 0.6117 -0.5344
v -3.2252 0.4656 -0.3883
v -3.2252 0.3717 -0.2041
v -3.2252 0.3394 -0
v -3.2252 0.3717 0.2041
v -3.2252 0.4656 0.3883
v -3.2252 0.6117 0.5344
v -3.2252 0.7959 0.6283
v -3.2252 1 0.6606
v -3.2252 1.2041 0.6283
v -3.2252 1.3883 0.5344
v -3.2252 1.5344 0.3883
v -3.2252 1.6283 0.2041
v -3.2252 1.6606 -0
v -3.2252 1.6283 -0.2041
v -3.2252 1.5344 -0.3883
v 2.5888 1 -0.5518
v 2.7645 1 -0.5518
v 2.7645 0.9351 -0.5249
v 2.5888 0.9351 -0.5249
v 2.8022 1 -0.5336
v 2.8169 1 -0.5009
v 2.8169 0.9711 -0.4889
v 2.8022 0.9479 -0.5121
v 2.7645 0.9082 -0.46
v 2.5888 0.9082 -0.46
v 2.8169 0.9591 -0.46
v 2.8022 0.9264 -0.46
v 2.7645 0.9351 -0.3951
v 2.5888 0.9351 -0.3951
v 2.8169 0.9711 -0.4311
v 2.8022 0.9479 -0.4079
v 2.7645 1 -0.3682
v 2.5888 1 -0.3682
v 2.8169 1 -0.4191
v 2.8022 1 -0.3864
v 2.8022 1.0521 -0.4079
v 2.7645 1.0649 -0.3951
v 2.5888 1.0649 -0.3951
v 2.8169 1.0289 -0.4311
v 2.8022 1.0736 -0.46
v 2.7645 1.0918 -0.46
v 2.5888 1.0918 -0.46
v 2.8169 1.0409 -0.46
v 2.8022 1.0521 -0.5121
v 2.7645 1.0649 -0.5249
v 2.8169 1.0289 -0.4889
v 2.5888 1.0649 -0.5249
v 2.5888 1 0.3682
v 2.7645 1 0.3682
v 2.7645 0.9351 0.3951
v 2.5888 0.9351 0.3951
v 2.8022 1 0.3864
v 2.8169 1 0.4191
v 2.8169 0.9711 0.4311
v 2.8022 0.9479 0.4079
v 2.7645 0.9082 0.46
v 2.5888 0.9082 0.46
v 2.8169 0.9591 0.46
v 2.8022 0.9264 0.46
v 2.7645 0.9351 0.5249
v 2.5888 0.9351 0.5249
v 2.8169 0.9711 0.4889
v 2.8022 0.9479 0.5121
v 2.7645 1 0.5518
v 2.5888 1 0.5518
v 2.8169 1 0.5009
v 2.8022 1 0.5336
v 2.8022 1.0521 0.5121
v 2.7645 1.0649 0.5249
v 2.5888 1.0649 0.5249
v 2.8169 1.0289 0.4889
v 2.8022 1.0736 0.46
v 2.7645 1.0918 0.46
v 2.5888 1.0918 0.46
v 2.8169 1.0409 0.46
v 2.8022 1.0521 0.4079
v 2.7645 1.0649 0.3951
v 2.8169 1.0289 0.4311
v 2.5888 1.0649 0.3951
v 0.1978 1.7592 -0.6425
v 0.1978 1.9891 -0.1008
v 0.1978 2.0579 -0.13
v 0.1978 2.0315 -0.2732
v 0.1978 1.9126 -0.5532
v 0.1978 1.828 -0.6717
v 0.3517 1.9891 -0.1008
v 0.3517 2.0579 -0.13
v 0.3517 1.7592 -0.6425
v 0.3517 1.828 -0.6717
v 0.3517 1.9126 -0.5532
v 0.3517 2.0315 -0.2732
v 0.3248 2.0315 -0.2732
v 0.3248 2.0901 -0.3536
v 0.2247 2.0901 -0.3536
v 0.2247 2.0315 -0.2732
v 0.3248 2.0821 -0.5052
v 0.2247 2.0821 -0.5052
v 0.2247 1.9126 -0.5532
v 0.3248 1.9126 -0.5532
v 0.3248 2.008 -0.3284
v 0.3248 2.0715 -0.3826
v 0.2247 2.008 -0.3284
v 0.2247 2.0715 -0.3826
v 0.3248 2.0667 -0.4744
v 0.3248 1.9361 -0.498
v 0.2247 2.0667 -0.4744
v 0.2247 1.9361 -0.498
v 0.2748 1.029 1.0064
v 0.2748 0.9576 1.0791
v 0.3385 0.9407 1.0765
v 0.368 1.0043 1.0025
v 0.3852 0.8947 1.0691
v 0.4363 0.9369 0.9918
v 0.4022 0.8317 1.0591
v 0.4613 0.8448 0.9772
v 0.3852 0.7688 1.0491
v 0.4363 0.7526 0.9625
v 0.3385 0.7227 1.0418
v 0.368 0.6852 0.9518
v 0.2748 0.7059 1.0392
v 0.2748 0.6605 0.9479
v 0.2111 0.7227 1.0418
v 0.1815 0.6852 0.9518
v 0.1644 0.7688 1.0491
v 0.1132 0.7526 0.9625
v 0.1473 0.8317 1.0591
v 0.0882 0.8448 0.9772
v 0.1644 0.8947 1.0691
v 0.1132 0.9369 0.9918
v 0.1975 0.7877 1.0521
v 0.1856 0.8317 1.0591
v 0.2111 0.9407 1.0765
v 0.1815 1.0043 1.0025
v 0.3194 0.908 1.0713
v 0.2748 0.9198 1.0731
v 0.2748 0.9255 1.0374
v 0.3194 0.9137 1.0355
v 0.2302 0.7554 1.047
v 0.2748 0.7436 1.0451
v 0.3194 0.7554 1.047
v 0.352 0.7877 1.0521
v 0.364 0.8317 1.0591
v 0.2302 0.908 1.0713
v 0.352 0.8758 1.0661
v 0.1975 0.8758 1.0661
v 0.2302 0.9137 1.0355
v 0.1975 0.8815 1.0304
v 0.1856 0.8374 1.0234
v 0.1975 0.7934 1.0164
v 0.2302 0.7611 1.0113
v 0.2748 0.7493 1.0094
v 0.3194 0.7611 1.0113
v 0.352 0.7934 1.0164
v 0.364 0.8374 1.0234
v 0.352 0.8815 1.0304
v 0.2748 1.029 -1.0064
v 0.368 1.0043 -1.0025
v 0.3385 0.9407 -1.0765
v 0.2748 0.9576 -1.0791
v 0.4363 0.9369 -0.9918
v 0.3852 0.8947 -1.0691
v 0.4613 0.8448 -0.9772
v 0.4022 0.8317 -1.0591
v 0.4363 0.7526 -0.9625
v 0.3852 0.7688 -1.0491
v 0.368 0.6852 -0.9518
v 0.3385 0.7227 -1.0418
v 0.2748 0.6605 -0.9479
v 0.2748 0.7059 -1.0392
v 0.1815 0.6852 -0.9518
v 0.2111 0.7227 -1.0418
v 0.1132 0.7526 -0.9625
v 0.1644 0.7688 -1.0491
v 0.0882 0.8448 -0.9772
v 0.1473 0.8317 -1.0591
v 0.1132 0.9369 -0.9918
v 0.1644 0.8947 -1.0691
v 0.1856 0.8317 -1.0591
v 0.1975 0.7877 -1.0521
v 0.1815 1.0043 -1.0025
v 0.2111 0.9407 -1.0765
v 0.3194 0.908 -1.0713
v 0.3194 0.9137 -1.0355
v 0.2748 0.9255 -1.0374
v 0.2748 0.9198 -1.0731
v 0.2302 0.7554 -1.047
v 0.2748 0.7436 -1.0451
v 0.3194 0.7554 -1.047
v 0.352 0.7877 -1.0521
v 0.364 0.8317 -1.0591
v 0.2302 0.908 -1.0713
v 0.352 0.8758 -1.0661
v 0.1975 0.8758 -1.0661
v 0.352 0.8815 -1.0304
v 0.364 0.8374 -1.0234
v 0.352 0.7934 -1.0164
v 0.3194 0.7611 -1.0113
v 0.2748 0.7493 -1.0094
v 0.2302 0.7611 -1.0113
v 0.1975 0.7934 -1.0164
v 0.1856 0.8374 -1.0234
v 0.1975 0.8815 -1.0304
v 0.2302 0.9137 -1.0355
v -5.2457 1.7246 0.1438
v -5.1945 1.8062 0.1657
v -5.1789 1.8062 0.1657
v -5.1278 1.7246 0.1438
v -5.1278 1.6994 0.2378
v -5.1789 1.781 0.2596
v -5.1945 1.781 0.2596
v -5.2457 1.6994 0.2378
v -5.1945 1.7894 0.2283
v -5.2457 1.7078 0.2064
v -5.1278 1.7078 0.2064
v -5.1789 1.7894 0.2283
v -5.1945 1.7802 0.2627
v -5.1945 1.6577 0.2848
v -5.1789 1.6577 0.2848
v -5.1789 1.7802 0.2627
v -5.1789 1.807 0.1626
v -5.1789 1.712 0.0822
v -5.1945 1.712 0.0822
v -5.1945 1.807 0.1626
v -5.2457 1.7162 0.1751
v -5.1278 1.7162 0.1751
v -5.1789 1.7978 0.197
v -5.1945 1.7978 0.197
v -5.1945 1.6806 0.1992
v -5.1789 1.6806 0.1992
v -5.1789 1.689 0.1678
v -5.1945 1.689 0.1678
v -5.2457 1.6766 0.2316
v -5.1278 1.6766 0.2316
v -5.2457 1.6934 0.169
v -5.1278 1.6934 0.169
v -5.1278 1.685 0.2003
v -5.2457 1.685 0.2003
v -5.2457 1.7018 0.1377
v -5.1278 1.7018 0.1377
v -5.2547 1.7219 0.168
v -5.2547 1.7092 0.2154
v -5.2971 1.7348 0.2223
v -5.2971 1.7475 0.1749
v -5.2547 1.8091 0.2422
v -5.2547 1.8218 0.1948
v -5.2962 1.7824 0.235
v -5.3032 1.7586 0.2287
v -5.3032 1.7713 0.1813
v -5.2962 1.7951 0.1876
v -4.7354 1.7566 0.187
v -5.2583 1.8006 0.1985
v -5.2583 1.7926 0.2284
v -4.7354 1.7487 0.2164
v -4.7354 1.7144 0.2072
v -5.2583 1.7272 0.2109
v -5.2583 1.7352 0.1809
v -4.7354 1.7223 0.1778
v -4.738 1.7752 0.2276
v -4.738 1.6859 0.2037
v -4.703 1.7166 0.212
v -4.703 1.7476 0.2203
v -4.7133 1.7671 0.2255
v -4.738 1.6958 0.1665
v -4.738 1.7851 0.1904
v -4.7133 1.777 0.1883
v -4.703 1.7575 0.183
v -4.703 1.7266 0.1747
v -4.7554 1.7093 0.1368
v -4.7554 1.7548 0.149
v -4.7479 1.7744 0.1542
v -4.7236 1.7843 0.1569
v -4.6992 1.7744 0.1542
v -4.6917 1.7548 0.149
v -4.6917 1.7093 0.1368
v -4.7236 1.766 0.2252
v -4.7236 1.7577 0.2563
v -4.6992 1.7478 0.2536
v -4.6992 1.7561 0.2225
v -4.7554 1.7009 0.1679
v -4.7554 1.7464 0.1801
v -4.6917 1.691 0.205
v -4.6917 1.7365 0.2172
v -4.6917 1.7281 0.2484
v -4.6917 1.6826 0.2362
v -4.7236 1.776 0.188
v -4.7479 1.766 0.1854
v -4.7554 1.7365 0.2172
v -4.7554 1.7281 0.2484
v -4.7479 1.7478 0.2536
v -4.7479 1.7561 0.2225
v -4.6917 1.7464 0.1801
v -4.6992 1.766 0.1854
v -4.7554 1.6826 0.2362
v -4.6917 1.7009 0.1679
v -4.7554 1.691 0.205
v -4.7982 1.7517 0.244
v -4.7615 1.7517 0.244
v -4.7615 1.7516 -0.244
v -4.7982 1.7516 -0.244
v -4.7982 1.5696 0.5506
v -4.7615 1.5696 0.5506
v -4.7982 1.2481 0.7506
v -4.7615 1.2481 0.7506
v -4.7982 0.8789 0.7796
v -4.7615 0.8789 0.7796
v -4.798 0.5369 0.6387
v -4.7613 0.5369 0.6387
v -4.7982 0.2958 0.3574
v -4.7615 0.2958 0.3574
v -4.7982 0.2108 -0
v -4.7615 0.2108 -0
v -4.7982 0.2958 -0.3559
v -4.7615 0.2958 -0.3559
v -4.7982 0.5373 -0.6411
v -4.7615 0.5373 -0.6411
v -4.7982 0.8789 -0.7809
v -4.7615 0.8789 -0.7809
v -4.7982 1.2481 -0.7507
v -4.7615 1.2481 -0.7507
v -4.7982 1.5575 -0.5587
v -4.7615 1.5575 -0.5587
v -3.7642 1.6241 0.4017
v -3.7642 1.6042 0.3916
v -3.7153 1.6042 0.3916
v -3.7153 1.6241 0.4017
v -3.7907 1.6742 0.3033
v -3.7907 1.6544 0.2932
v -3.7907 1.6219 0.3571
v -3.7907 1.6417 0.3671
v -3.6888 1.6544 0.2932
v -3.6888 1.6742 0.3033
v -3.6888 1.6417 0.3671
v -3.6888 1.6219 0.3571
v -3.7153 1.6918 0.2688
v -3.7153 1.672 0.2587
v -3.7642 1.672 0.2587
v -3.7642 1.6918 0.2688
v -3.7153 2.3657 0.0683
v -3.7153 2.3657 0.0461
v -3.7642 2.3657 0.0461
v -3.7642 2.3657 0.0683
v -3.6888 2.2553 0.0683
v -3.6888 2.2553 0.0461
v -3.6888 2.3269 0.0461
v -3.6888 2.3269 0.0683
v -3.7907 2.2553 0.0461
v -3.7907 2.2553 0.0683
v -3.7907 2.3269 0.0683
v -3.7907 2.3269 0.0461
v -3.7642 2.2165 0.0683
v -3.7642 2.2165 0.0461
v -3.7153 2.2165 0.0461
v -3.7153 2.2165 0.0683
v -3.7468 2.2911 0.0683
v -3.7328 2.2911 0.0683
v -3.7327 1.6579 0.3352
v -3.7468 1.6579 0.3352
v -4.0642 1.6241 0.4017
v -4.0642 1.6042 0.3916
v -4.0153 1.6042 0.3916
v -4.0153 1.6241 0.4017
v -4.0907 1.6742 0.3033
v -4.0907 1.6544 0.2932
v -4.0907 1.6219 0.3571
v -4.0907 1.6417 0.3671
v -3.9888 1.6544 0.2932
v -3.9888 1.6742 0.3033
v -3.9888 1.6417 0.3671
v -3.9888 1.6219 0.3571
v -4.0153 1.6918 0.2688
v -4.0153 1.672 0.2587
v -4.0642 1.672 0.2587
v -4.0642 1.6918 0.2688
v -4.0153 2.3657 0.0683
v -4.0153 2.3657 0.0461
v -4.0642 2.3657 0.0461
v -4.0642 2.3657 0.0683
v -3.9888 2.2553 0.0683
v -3.9888 2.2553 0.0461
v -3.9888 2.3269 0.0461
v -3.9888 2.3269 0.0683
v -4.0907 2.2553 0.0461
v -4.0907 2.2553 0.0683
v -4.0907 2.3269 0.0683
v -4.0907 2.3269 0.0461
v -4.0642 2.2165 0.0683
v -4.0642 2.2165 0.0461
v -4.0153 2.2165 0.0461
v -4.0153 2.2165 0.0683
v -4.0468 2.2911 0.0683
v -4.0328 2.2911 0.0683
v -4.0328 1.6579 0.3352
v -4.0468 1.6579 0.3352
v -4.3642 1.6241 0.4017
v -4.3642 1.6042 0.3916
v -4.3153 1.6042 0.3916
v -4.3153 1.6241 0.4017
v -4.3907 1.6742 0.3033
v -4.3907 1.6544 0.2932
v -4.3907 1.6219 0.3571
v -4.3907 1.6417 0.3671
v -4.2888 1.6544 0.2932
v -4.2888 1.6742 0.3033
v -4.2888 1.6417 0.3671
v -4.2888 1.6219 0.3571
v -4.3153 1.6918 0.2688
v -4.3153 1.672 0.2587
v -4.3642 1.672 0.2587
v -4.3642 1.6918 0.2688
v -4.3153 2.3657 0.0683
v -4.3153 2.3657 0.0461
v -4.3642 2.3657 0.0461
v -4.3642 2.3657 0.0683
v -4.2888 2.2553 0.0683
v -4.2888 2.2553 0.0461
v -4.2888 2.3269 0.0461
v -4.2888 2.3269 0.0683
v -4.3907 2.2553 0.0461
v -4.3907 2.2553 0.0683
v -4.3907 2.3269 0.0683
v -4.3907 2.3269 0.0461
v -4.3642 2.2165 0.0683
v -4.3642 2.2165 0.0461
v -4.3153 2.2165 0.0461
v -4.3153 2.2165 0.0683
v -4.3468 2.2911 0.0683
v -4.3468 1.6579 0.3352
v -4.3328 1.6579 0.3352
v -4.3328 2.2911 0.0683
v -3.7642 1.6241 -0.4017
v -3.7153 1.6241 -0.4017
v -3.7153 1.6042 -0.3916
v -3.7642 1.6042 -0.3916
v -3.7907 1.6742 -0.3033
v -3.7907 1.6417 -0.3671
v -3.7907 1.6219 -0.3571
v -3.7907 1.6544 -0.2932
v -3.6888 1.6544 -0.2932
v -3.6888 1.6219 -0.3571
v -3.6888 1.6417 -0.3671
v -3.6888 1.6742 -0.3033
v -3.7153 1.6918 -0.2688
v -3.7153 1.672 -0.2587
v -3.7642 1.672 -0.2587
v -3.7642 1.6918 -0.2688
v -3.7153 2.3657 -0.0683
v -3.7642 2.3657 -0.0683
v -3.7642 2.3657 -0.0461
v -3.7153 2.3657 -0.0461
v -3.6888 2.2553 -0.0683
v -3.6888 2.3269 -0.0683
v -3.6888 2.3269 -0.0461
v -3.6888 2.2553 -0.0461
v -3.7907 2.2553 -0.0461
v -3.7907 2.3269 -0.0461
v -3.7907 2.3269 -0.0683
v -3.7907 2.2553 -0.0683
v -3.7642 2.2165 -0.0683
v -3.7642 2.2165 -0.0461
v -3.7153 2.2165 -0.0461
v -3.7153 2.2165 -0.0683
v -3.7468 2.2911 -0.0683
v -3.7328 2.2911 -0.0683
v -3.7328 1.6579 -0.3352
v -3.7468 1.6579 -0.3352
v -4.0642 1.6241 -0.4017
v -4.0153 1.6241 -0.4017
v -4.0153 1.6042 -0.3916
v -4.0642 1.6042 -0.3916
v -4.0907 1.6742 -0.3033
v -4.0907 1.6417 -0.3671
v -4.0907 1.6219 -0.3571
v -4.0907 1.6544 -0.2932
v -3.9888 1.6544 -0.2932
v -3.9888 1.6219 -0.3571
v -3.9888 1.6417 -0.3671
v -3.9888 1.6742 -0.3033
v -4.0153 1.6918 -0.2688
v -4.0153 1.672 -0.2587
v -4.0642 1.672 -0.2587
v -4.0642 1.6918 -0.2688
v -4.0153 2.3657 -0.0683
v -4.0642 2.3657 -0.0683
v -4.0642 2.3657 -0.0461
v -4.0153 2.3657 -0.0461
v -3.9888 2.2553 -0.0683
v -3.9888 2.3269 -0.0683
v -3.9888 2.3269 -0.0461
v -3.9888 2.2553 -0.0461
v -4.0907 2.2553 -0.0461
v -4.0907 2.3269 -0.0461
v -4.0907 2.3269 -0.0683
v -4.0907 2.2553 -0.0683
v -4.0642 2.2165 -0.0683
v -4.0642 2.2165 -0.0461
v -4.0153 2.2165 -0.0461
v -4.0153 2.2165 -0.0683
v -4.0468 2.2911 -0.0683
v -4.0468 1.6579 -0.3352
v -4.0328 1.6579 -0.3352
v -4.0328 2.2911 -0.0683
v -4.3642 1.6241 -0.4017
v -4.3153 1.6241 -0.4017
v -4.3153 1.6042 -0.3916
v -4.3642 1.6042 -0.3916
v -4.3907 1.6742 -0.3033
v -4.3907 1.6417 -0.3671
v -4.3907 1.6219 -0.3571
v -4.3907 1.6544 -0.2932
v -4.2888 1.6544 -0.2932
v -4.2888 1.6219 -0.3571
v -4.2888 1.6417 -0.3671
v -4.2888 1.6742 -0.3033
v -4.3153 1.6918 -0.2688
v -4.3153 1.672 -0.2587
v -4.3642 1.672 -0.2587
v -4.3642 1.6918 -0.2688
v -4.3153 2.3657 -0.0683
v -4.3642 2.3657 -0.0683
v -4.3642 2.3657 -0.0461
v -4.3153 2.3657 -0.0461
v -4.2888 2.2553 -0.0683
v -4.2888 2.3269 -0.0683
v -4.2888 2.3269 -0.0461
v -4.2888 2.2553 -0.0461
v -4.3907 2.2553 -0.0461
v -4.3907 2.3269 -0.0461
v -4.3907 2.3269 -0.0683
v -4.3907 2.2553 -0.0683
v -4.3642 2.2165 -0.0683
v -4.3642 2.2165 -0.0461
v -4.3153 2.2165 -0.0461
v -4.3153 2.2165 -0.0683
v -4.3468 2.2911 -0.0683
v -4.3328 2.2911 -0.0683
v -4.3328 1.6579 -0.3352
v -4.3468 1.6579 -0.3352
v -5.2048 2.5533 0.0549
v -5.2048 1.9489 0.0549
v -5.0077 1.6965 0.0549
v -4.8016 1.6965 0.0549
v -4.8016 1.9936 0.0549
v -4.512 1.9936 0.0549
v -4.512 1.6965 0.0549
v -3.5224 1.6965 0.0549
v -3.5224 2.356 0.0549
v -3.5802 2.4955 0.0549
v -3.7196 2.5533 0.0549
v -3.5224 1.6965 -0.0549
v -3.5224 2.356 -0.0549
v -3.7196 2.5533 -0.0549
v -3.5802 2.4955 -0.0549
v -5.2048 2.5533 -0.0549
v -5.2048 1.9489 -0.0549
v -4.512 1.6965 -0.0549
v -4.512 1.9936 -0.0549
v -4.8016 1.9936 -0.0549
v -5.0077 1.6965 -0.0549
v -4.8016 1.6965 -0.0549
v -2.6207 1.5788 -0.6356
v -2.8554 1.5707 -0.6438
v -2.8571 1.6185 -0.6189
v -2.622 1.6151 -0.6167
v -2.855 1.6434 -0.5712
v -2.6204 1.6341 -0.5804
v -2.8497 1.639 -0.5135
v -2.6163 1.6307 -0.5365
v -2.8435 1.6119 -0.467
v -2.6119 1.6119 -0.5028
v -2.5632 1.5376 -0.5852
v -2.5644 1.548 -0.5896
v -2.566 1.5662 -0.591
v -2.5666 1.5813 -0.5831
v -2.5659 1.5892 -0.568
v -2.5642 1.5878 -0.5498
v -2.563 1.5835 -0.5394
v -2.6168 1.5349 -0.6322
v -2.8503 1.5131 -0.6393
v -2.6124 1.5012 -0.6134
v -2.5856 1.5406 -0.6179
v -2.5824 1.5153 -0.6043
v -2.5886 1.5753 -0.6206
v -2.5897 1.6039 -0.6056
v -2.5884 1.6189 -0.577
v -2.5852 1.6162 -0.5424
v -2.5819 1.6026 -0.517
v -2.8442 1.4665 -0.6122
v -2.8977 1.4697 -0.6001
v -2.9031 1.5109 -0.6238
v -2.9191 1.4995 -0.5667
v -2.9214 1.518 -0.5763
v -2.9077 1.5625 -0.6278
v -2.9237 1.5447 -0.5784
v -2.9092 1.6053 -0.6054
v -2.9245 1.5668 -0.5668
v -2.9073 1.6277 -0.5627
v -2.9236 1.5783 -0.5447
v -2.9026 1.6237 -0.511
v -2.9211 1.5763 -0.5181
v -2.8971 1.6 -0.4699
v -2.9187 1.5667 -0.4995
v -2.6207 0.3628 -0.577
v -2.8554 0.3548 -0.569
v -2.8571 0.3795 -0.6169
v -2.622 0.3816 -0.6134
v -2.855 0.4271 -0.642
v -2.6203 0.4178 -0.6325
v -2.8496 0.4848 -0.6378
v -2.6163 0.4617 -0.6293
v -2.8434 0.5314 -0.6109
v -2.6118 0.4955 -0.6106
v -2.5632 0.4133 -0.5359
v -2.5645 0.409 -0.5464
v -2.5661 0.4075 -0.5646
v -2.5666 0.4153 -0.5797
v -2.5659 0.4303 -0.5876
v -2.5642 0.4485 -0.5863
v -2.563 0.459 -0.582
v -2.6168 0.3664 -0.5331
v -2.8504 0.3595 -0.5114
v -2.6125 0.3854 -0.4995
v -2.5856 0.3806 -0.5389
v -2.5824 0.3943 -0.5136
v -2.5887 0.3778 -0.5735
v -2.5897 0.3927 -0.6022
v -2.5884 0.4213 -0.6173
v -2.5852 0.4559 -0.6148
v -2.5819 0.4813 -0.6013
v -2.8443 0.3867 -0.4649
v -2.8978 0.3989 -0.4682
v -2.9032 0.3751 -0.5092
v -2.9191 0.4321 -0.4981
v -2.9214 0.4225 -0.5166
v -2.9077 0.3708 -0.5609
v -2.9238 0.4204 -0.5433
v -2.9092 0.393 -0.6038
v -2.9245 0.4318 -0.5654
v -2.9073 0.4357 -0.6263
v -2.9236 0.4538 -0.5771
v -2.9025 0.4874 -0.6225
v -2.9211 0.4805 -0.5751
v -2.897 0.5286 -0.599
v -2.9187 0.4991 -0.5656
v -2.6209 0.4201 0.6341
v -2.8557 0.427 0.6411
v -2.8571 0.3791 0.6165
v -2.6219 0.3836 0.6154
v -2.8546 0.3537 0.569
v -2.6201 0.3643 0.5793
v -2.849 0.3577 0.5114
v -2.6158 0.3673 0.5354
v -2.8427 0.3845 0.4646
v -2.6113 0.3859 0.5016
v -2.5634 0.4612 0.5836
v -2.5646 0.4507 0.588
v -2.5661 0.4325 0.5896
v -2.5666 0.4174 0.5818
v -2.5658 0.4094 0.5668
v -2.564 0.4107 0.5486
v -2.5627 0.4149 0.5382
v -2.6172 0.464 0.6303
v -2.8509 0.4847 0.6361
v -2.613 0.4975 0.6112
v -2.586 0.4583 0.6162
v -2.5828 0.4835 0.6024
v -2.5888 0.4236 0.6192
v -2.5897 0.3948 0.6044
v -2.5882 0.3796 0.5759
v -2.5848 0.382 0.5413
v -2.5815 0.3954 0.5159
v -2.8449 0.5311 0.6086
v -2.8983 0.5275 0.5962
v -2.9036 0.4865 0.6203
v -2.9194 0.4974 0.5631
v -2.9217 0.4789 0.5728
v -2.9079 0.4348 0.6247
v -2.9239 0.4522 0.575
v -2.9092 0.3919 0.6027
v -2.9245 0.43 0.5637
v -2.907 0.3691 0.5602
v -2.9234 0.4183 0.5417
v -2.902 0.3727 0.5085
v -2.9208 0.4201 0.515
v -2.8964 0.3961 0.4672
v -2.9184 0.4295 0.4964
v -0.6943 1.3674 -0.9569
v -0.6943 1.5582 -0.8596
v -0.6433 1.5831 -0.9084
v -0.6433 1.3922 -1.0056
v 1.2438 1.3674 0.9569
v -0.6943 1.3674 0.9569
v 1.2438 1.5582 0.8596
v -0.6943 1.5582 0.8596
v -0.6433 1.5831 0.9084
v 1.1929 1.5831 0.9084
v 1.2438 1.5582 -0.8596
v 1.2438 1.3674 -0.9569
v -0.6433 1.3922 1.0056
v 1.1929 1.3922 1.0056
v 1.1929 1.5831 -0.9084
v 1.1929 1.3922 -1.0056
v -3.7642 0.3401 0.3396
v -3.7642 0.3587 0.3275
v -3.7153 0.3587 0.3275
v -3.7153 0.3401 0.3396
v -3.7907 0.4002 0.4322
v -3.7907 0.4189 0.4201
v -3.7907 0.3799 0.36
v -3.7907 0.3612 0.3721
v -3.6888 0.4189 0.4201
v -3.6888 0.4002 0.4322
v -3.6888 0.3612 0.3721
v -3.6888 0.3799 0.36
v -3.7153 0.4213 0.4647
v -3.7153 0.44 0.4526
v -3.7642 0.44 0.4526
v -3.7642 0.4213 0.4647
v -3.7153 0.258 1.1486
v -3.7153 0.2772 1.1597
v -3.7642 0.2772 1.1597
v -3.7642 0.258 1.1486
v -3.6888 0.3132 1.0529
v -3.6888 0.3325 1.064
v -3.6888 0.2966 1.1261
v -3.6888 0.2774 1.115
v -3.7907 0.3325 1.064
v -3.7907 0.3132 1.0529
v -3.7907 0.2774 1.115
v -3.7907 0.2966 1.1261
v -3.7642 0.3326 1.0193
v -3.7642 0.3518 1.0305
v -3.7153 0.3518 1.0305
v -3.7153 0.3326 1.0193
v -3.7468 0.2953 1.0839
v -3.7328 0.2953 1.0839
v -3.7327 0.3807 0.4022
v -3.7468 0.3807 0.4022
v -4.0642 0.3401 0.3396
v -4.0642 0.3587 0.3275
v -4.0153 0.3587 0.3275
v -4.0153 0.3401 0.3396
v -4.0907 0.4002 0.4322
v -4.0907 0.4189 0.4201
v -4.0907 0.3799 0.36
v -4.0907 0.3612 0.3721
v -3.9888 0.4189 0.4201
v -3.9888 0.4002 0.4322
v -3.9888 0.3612 0.3721
v -3.9888 0.3799 0.36
v -4.0153 0.4213 0.4647
v -4.0153 0.44 0.4526
v -4.0642 0.44 0.4526
v -4.0642 0.4213 0.4647
v -4.0153 0.258 1.1486
v -4.0153 0.2772 1.1597
v -4.0642 0.2772 1.1597
v -4.0642 0.258 1.1486
v -3.9888 0.3132 1.0529
v -3.9888 0.3325 1.064
v -3.9888 0.2966 1.1261
v -3.9888 0.2774 1.115
v -4.0907 0.3325 1.064
v -4.0907 0.3132 1.0529
v -4.0907 0.2774 1.115
v -4.0907 0.2966 1.1261
v -4.0642 0.3326 1.0193
v -4.0642 0.3518 1.0305
v -4.0153 0.3518 1.0305
v -4.0153 0.3326 1.0193
v -4.0468 0.2953 1.0839
v -4.0328 0.2953 1.0839
v -4.0328 0.3807 0.4022
v -4.0468 0.3807 0.4022
v -4.3642 0.3401 0.3396
v -4.3642 0.3587 0.3275
v -4.3153 0.3587 0.3275
v -4.3153 0.3401 0.3396
v -4.3907 0.4002 0.4322
v -4.3907 0.4189 0.4201
v -4.3907 0.3799 0.36
v -4.3907 0.3612 0.3721
v -4.2888 0.4189 0.4201
v -4.2888 0.4002 0.4322
v -4.2888 0.3612 0.3721
v -4.2888 0.3799 0.36
v -4.3153 0.4213 0.4647
v -4.3153 0.44 0.4526
v -4.3642 0.44 0.4526
v -4.3642 0.4213 0.4647
v -4.3153 0.258 1.1486
v -4.3153 0.2772 1.1597
v -4.3642 0.2772 1.1597
v -4.3642 0.258 1.1486
v -4.2888 0.3132 1.0529
v -4.2888 0.3325 1.064
v -4.2888 0.2966 1.1261
v -4.2888 0.2774 1.115
v -4.3907 0.3325 1.064
v -4.3907 0.3132 1.0529
v -4.3907 0.2774 1.115
v -4.3907 0.2966 1.1261
v -4.3642 0.3326 1.0193
v -4.3642 0.3518 1.0305
v -4.3153 0.3518 1.0305
v -4.3153 0.3326 1.0193
v -4.3468 0.2953 1.0839
v -4.3468 0.3807 0.4022
v -4.3328 0.3807 0.4022
v -4.3328 0.2953 1.0839
v -3.7642 1.0359 0.7413
v -3.7153 1.0359 0.7413
v -3.7153 1.037 0.7191
v -3.7642 1.037 0.7191
v -3.7907 0.9256 0.7355
v -3.7907 0.9971 0.7393
v -3.7907 0.9983 0.7171
v -3.7907 0.9267 0.7133
v -3.6888 0.9267 0.7133
v -3.6888 0.9983 0.7171
v -3.6888 0.9971 0.7393
v -3.6888 0.9256 0.7355
v -3.7153 0.8869 0.7335
v -3.7153 0.888 0.7113
v -3.7642 0.888 0.7113
v -3.7642 0.8869 0.7335
v -3.7153 0.3763 1.2169
v -3.7642 0.3763 1.2169
v -3.7642 0.3571 1.2058
v -3.7153 0.3571 1.2058
v -3.6888 0.4315 1.1213
v -3.6888 0.3957 1.1833
v -3.6888 0.3765 1.1722
v -3.6888 0.4123 1.1101
v -3.7907 0.4123 1.1101
v -3.7907 0.3765 1.1722
v -3.7907 0.3957 1.1833
v -3.7907 0.4315 1.1213
v -3.7642 0.4509 1.0877
v -3.7642 0.4317 1.0765
v -3.7153 0.4317 1.0765
v -3.7153 0.4509 1.0877
v -3.7468 0.4136 1.1523
v -3.7328 0.4136 1.1523
v -3.7328 0.9614 0.7374
v -3.7468 0.9614 0.7374
v -4.0642 1.0359 0.7413
v -4.0153 1.0359 0.7413
v -4.0153 1.037 0.7191
v -4.0642 1.037 0.7191
v -4.0907 0.9256 0.7355
v -4.0907 0.9971 0.7393
v -4.0907 0.9983 0.7171
v -4.0907 0.9267 0.7133
v -3.9888 0.9267 0.7133
v -3.9888 0.9983 0.7171
v -3.9888 0.9971 0.7393
v -3.9888 0.9256 0.7355
v -4.0153 0.8869 0.7335
v -4.0153 0.888 0.7113
v -4.0642 0.888 0.7113
v -4.0642 0.8869 0.7335
v -4.0153 0.3763 1.2169
v -4.0642 0.3763 1.2169
v -4.0642 0.3571 1.2058
v -4.0153 0.3571 1.2058
v -3.9888 0.4315 1.1213
v -3.9888 0.3957 1.1833
v -3.9888 0.3765 1.1722
v -3.9888 0.4123 1.1101
v -4.0907 0.4123 1.1101
v -4.0907 0.3765 1.1722
v -4.0907 0.3957 1.1833
v -4.0907 0.4315 1.1213
v -4.0642 0.4509 1.0877
v -4.0642 0.4317 1.0765
v -4.0153 0.4317 1.0765
v -4.0153 0.4509 1.0877
v -4.0468 0.4136 1.1523
v -4.0468 0.9614 0.7374
v -4.0328 0.9614 0.7374
v -4.0328 0.4136 1.1523
v -4.3642 1.0359 0.7413
v -4.3153 1.0359 0.7413
v -4.3153 1.037 0.7191
v -4.3642 1.037 0.7191
v -4.3907 0.9256 0.7355
v -4.3907 0.9971 0.7393
v -4.3907 0.9983 0.7171
v -4.3907 0.9267 0.7133
v -4.2888 0.9267 0.7133
v -4.2888 0.9983 0.7171
v -4.2888 0.9971 0.7393
v -4.2888 0.9256 0.7355
v -4.3153 0.8869 0.7335
v -4.3153 0.888 0.7113
v -4.3642 0.888 0.7113
v -4.3642 0.8869 0.7335
v -4.3153 0.3763 1.2169
v -4.3642 0.3763 1.2169
v -4.3642 0.3571 1.2058
v -4.3153 0.3571 1.2058
v -4.2888 0.4315 1.1213
v -4.2888 0.3957 1.1833
v -4.2888 0.3765 1.1722
v -4.2888 0.4123 1.1101
v -4.3907 0.4123 1.1101
v -4.3907 0.3765 1.1722
v -4.3907 0.3957 1.1833
v -4.3907 0.4315 1.1213
v -4.3642 0.4509 1.0877
v -4.3642 0.4317 1.0765
v -4.3153 0.4317 1.0765
v -4.3153 0.4509 1.0877
v -4.3468 0.4136 1.1523
v -4.3328 0.4136 1.1523
v -4.3328 0.9614 0.7374
v -4.3468 0.9614 0.7374
v -5.2048 0.1758 1.3177
v -5.2048 0.478 0.7943
v -5.0077 0.6042 0.5758
v -4.8016 0.6042 0.5758
v -4.8016 0.4556 0.8331
v -4.512 0.4556 0.8331
v -4.512 0.6042 0.5758
v -3.5224 0.6042 0.5758
v -3.5224 0.2744 1.1469
v -3.5802 0.2047 1.2677
v -3.7196 0.1758 1.3177
v -3.5224 0.6993 0.6307
v -3.5224 0.3695 1.2018
v -3.7196 0.2709 1.3726
v -3.5802 0.2998 1.3226
v -5.2048 0.2709 1.3726
v -5.2048 0.5731 0.8492
v -4.512 0.6993 0.6307
v -4.512 0.5507 0.888
v -4.8016 0.5507 0.888
v -5.0077 0.6993 0.6307
v -4.8016 0.6993 0.6307
v -3.7642 1.0359 -0.7413
v -3.7642 1.037 -0.7191
v -3.7153 1.037 -0.7191
v -3.7153 1.0359 -0.7413
v -3.7907 0.9256 -0.7355
v -3.7907 0.9267 -0.7133
v -3.7907 0.9983 -0.7171
v -3.7907 0.9971 -0.7393
v -3.6888 0.9267 -0.7133
v -3.6888 0.9256 -0.7355
v -3.6888 0.9971 -0.7393
v -3.6888 0.9983 -0.7171
v -3.7153 0.8869 -0.7335
v -3.7153 0.888 -0.7113
v -3.7642 0.888 -0.7113
v -3.7642 0.8869 -0.7335
v -3.7153 0.3763 -1.2169
v -3.7153 0.3571 -1.2058
v -3.7642 0.3571 -1.2058
v -3.7642 0.3763 -1.2169
v -3.6888 0.4315 -1.1213
v -3.6888 0.4123 -1.1101
v -3.6888 0.3765 -1.1722
v -3.6888 0.3957 -1.1833
v -3.7907 0.4123 -1.1101
v -3.7907 0.4315 -1.1213
v -3.7907 0.3957 -1.1833
v -3.7907 0.3765 -1.1722
v -3.7642 0.4509 -1.0877
v -3.7642 0.4317 -1.0765
v -3.7153 0.4317 -1.0765
v -3.7153 0.4509 -1.0877
v -3.7468 0.4136 -1.1523
v -3.7328 0.4136 -1.1523
v -3.7327 0.9614 -0.7374
v -3.7468 0.9614 -0.7374
v -4.0642 1.0359 -0.7413
v -4.0642 1.037 -0.7191
v -4.0153 1.037 -0.7191
v -4.0153 1.0359 -0.7413
v -4.0907 0.9256 -0.7355
v -4.0907 0.9267 -0.7133
v -4.0907 0.9983 -0.7171
v -4.0907 0.9971 -0.7393
v -3.9888 0.9267 -0.7133
v -3.9888 0.9256 -0.7355
v -3.9888 0.9971 -0.7393
v -3.9888 0.9983 -0.7171
v -4.0153 0.8869 -0.7335
v -4.0153 0.888 -0.7113
v -4.0642 0.888 -0.7113
v -4.0642 0.8869 -0.7335
v -4.0153 0.3763 -1.2169
v -4.0153 0.3571 -1.2058
v -4.0642 0.3571 -1.2058
v -4.0642 0.3763 -1.2169
v -3.9888 0.4315 -1.1213
v -3.9888 0.4123 -1.1101
v -3.9888 0.3765 -1.1722
v -3.9888 0.3957 -1.1833
v -4.0907 0.4123 -1.1101
v -4.0907 0.4315 -1.1213
v -4.0907 0.3957 -1.1833
v -4.0907 0.3765 -1.1722
v -4.0642 0.4509 -1.0877
v -4.0642 0.4317 -1.0765
v -4.0153 0.4317 -1.0765
v -4.0153 0.4509 -1.0877
v -4.0468 0.4136 -1.1523
v -4.0328 0.4136 -1.1523
v -4.0328 0.9614 -0.7374
v -4.0468 0.9614 -0.7374
v -4.3642 1.0359 -0.7413
v -4.3642 1.037 -0.7191
v -4.3153 1.037 -0.7191
v -4.3153 1.0359 -0.7413
v -4.3907 0.9256 -0.7355
v -4.3907 0.9267 -0.7133
v -4.3907 0.9983 -0.7171
v -4.3907 0.9971 -0.7393
v -4.2888 0.9267 -0.7133
v -4.2888 0.9256 -0.7355
v -4.2888 0.9971 -0.7393
v -4.2888 0.9983 -0.7171
v -4.3153 0.8869 -0.7335
v -4.3153 0.888 -0.7113
v -4.3642 0.888 -0.7113
v -4.3642 0.8869 -0.7335
v -4.3153 0.3763 -1.2169
v -4.3153 0.3571 -1.2058
v -4.3642 0.3571 -1.2058
v -4.3642 0.3763 -1.2169
v -4.2888 0.4315 -1.1213
v -4.2888 0.4123 -1.1101
v -4.2888 0.3765 -1.1722
v -4.2888 0.3957 -1.1833
v -4.3907 0.4123 -1.1101
v -4.3907 0.4315 -1.1213
v -4.3907 0.3957 -1.1833
v -4.3907 0.3765 -1.1722
v -4.3642 0.4509 -1.0877
v -4.3642 0.4317 -1.0765
v -4.3153 0.4317 -1.0765
v -4.3153 0.4509 -1.0877
v -4.3468 0.4136 -1.1523
v -4.3468 0.9614 -0.7374
v -4.3328 0.9614 -0.7374
v -4.3328 0.4136 -1.1523
v -3.7642 0.3401 -0.3396
v -3.7153 0.3401 -0.3396
v -3.7153 0.3587 -0.3275
v -3.7642 0.3587 -0.3275
v -3.7907 0.4002 -0.4322
v -3.7907 0.3612 -0.3721
v -3.7907 0.3799 -0.36
v -3.7907 0.4189 -0.4201
v -3.6888 0.4189 -0.4201
v -3.6888 0.3799 -0.36
v -3.6888 0.3612 -0.3721
v -3.6888 0.4002 -0.4322
v -3.7153 0.4213 -0.4647
v -3.7153 0.44 -0.4526
v -3.7642 0.44 -0.4526
v -3.7642 0.4213 -0.4647
v -3.7153 0.258 -1.1486
v -3.7642 0.258 -1.1486
v -3.7642 0.2772 -1.1597
v -3.7153 0.2772 -1.1597
v -3.6888 0.3132 -1.0529
v -3.6888 0.2774 -1.115
v -3.6888 0.2966 -1.1261
v -3.6888 0.3325 -1.064
v -3.7907 0.3325 -1.064
v -3.7907 0.2966 -1.1261
v -3.7907 0.2774 -1.115
v -3.7907 0.3132 -1.0529
v -3.7642 0.3326 -1.0193
v -3.7642 0.3518 -1.0305
v -3.7153 0.3518 -1.0305
v -3.7153 0.3326 -1.0193
v -3.7468 0.2953 -1.0839
v -3.7328 0.2953 -1.0839
v -3.7328 0.3807 -0.4022
v -3.7468 0.3807 -0.4022
v -4.0642 0.3401 -0.3396
v -4.0153 0.3401 -0.3396
v -4.0153 0.3587 -0.3275
v -4.0642 0.3587 -0.3275
v -4.0907 0.4002 -0.4322
v -4.0907 0.3612 -0.3721
v -4.0907 0.3799 -0.36
v -4.0907 0.4189 -0.4201
v -3.9888 0.4189 -0.4201
v -3.9888 0.3799 -0.36
v -3.9888 0.3612 -0.3721
v -3.9888 0.4002 -0.4322
v -4.0153 0.4213 -0.4647
v -4.0153 0.44 -0.4526
v -4.0642 0.44 -0.4526
v -4.0642 0.4213 -0.4647
v -4.0153 0.258 -1.1486
v -4.0642 0.258 -1.1486
v -4.0642 0.2772 -1.1597
v -4.0153 0.2772 -1.1597
v -3.9888 0.3132 -1.0529
v -3.9888 0.2774 -1.115
v -3.9888 0.2966 -1.1261
v -3.9888 0.3325 -1.064
v -4.0907 0.3325 -1.064
v -4.0907 0.2966 -1.1261
v -4.0907 0.2774 -1.115
v -4.0907 0.3132 -1.0529
v -4.0642 0.3326 -1.0193
v -4.0642 0.3518 -1.0305
v -4.0153 0.3518 -1.0305
v -4.0153 0.3326 -1.0193
v -4.0468 0.2953 -1.0839
v -4.0468 0.3807 -0.4022
v -4.0328 0.3807 -0.4022
v -4.0328 0.2953 -1.0839
v -4.3642 0.3401 -0.3396
v -4.3153 0.3401 -0.3396
v -4.3153 0.3587 -0.3275
v -4.3642 0.3587 -0.3275
v -4.3907 0.4002 -0.4322
v -4.3907 0.3612 -0.3721
v -4.3907 0.3799 -0.36
v -4.3907 0.4189 -0.4201
v -4.2888 0.4189 -0.4201
v -4.2888 0.3799 -0.36
v -4.2888 0.3612 -0.3721
v -4.2888 0.4002 -0.4322
v -4.3153 0.4213 -0.4647
v -4.3153 0.44 -0.4526
v -4.3642 0.44 -0.4526
v -4.3642 0.4213 -0.4647
v -4.3153 0.258 -1.1486
v -4.3642 0.258 -1.1486
v -4.3642 0.2772 -1.1597
v -4.3153 0.2772 -1.1597
v -4.2888 0.3132 -1.0529
v -4.2888 0.2774 -1.115
v -4.2888 0.2966 -1.1261
v -4.2888 0.3325 -1.064
v -4.3907 0.3325 -1.064
v -4.3907 0.2966 -1.1261
v -4.3907 0.2774 -1.115
v -4.3907 0.3132 -1.0529
v -4.3642 0.3326 -1.0193
v -4.3642 0.3518 -1.0305
v -4.3153 0.3518 -1.0305
v -4.3153 0.3326 -1.0193
v -4.3468 0.2953 -1.0839
v -4.3328 0.2953 -1.0839
v -4.3328 0.3807 -0.4022
v -4.3468 0.3807 -0.4022
v -5.2048 0.2709 -1.3726
v -5.2048 0.5731 -0.8492
v -5.0077 0.6993 -0.6307
v -4.8016 0.6993 -0.6307
v -4.8016 0.5507 -0.888
v -4.512 0.5507 -0.888
v -4.512 0.6993 -0.6307
v -3.5224 0.6993 -0.6307
v -3.5224 0.3695 -1.2018
v -3.5802 0.2998 -1.3226
v -3.7196 0.2709 -1.3726
v -3.5224 0.6042 -0.5758
v -3.5224 0.2744 -1.1469
v -3.7196 0.1758 -1.3177
v -3.5802 0.2047 -1.2677
v -5.2048 0.1758 -1.3177
v -5.2048 0.478 -0.7943
v -4.512 0.6042 -0.5758
v -4.512 0.4556 -0.8331
v -4.8016 0.4556 -0.8331
v -5.0077 0.6042 -0.5758
v -4.8016 0.6042 -0.5758
v -5.2457 1.5556 0.4868
v -5.1945 1.6154 0.5466
v -5.1789 1.6154 0.5466
v -5.1278 1.5556 0.4868
v -5.1278 1.4868 0.5556
v -5.1789 1.5466 0.6154
v -5.1945 1.5466 0.6154
v -5.2457 1.4868 0.5556
v -5.1945 1.5695 0.5924
v -5.2457 1.5098 0.5327
v -5.1278 1.5098 0.5327
v -5.1789 1.5695 0.5924
v -5.1945 1.5443 0.6176
v -5.1945 1.4272 0.5755
v -5.1789 1.4272 0.5755
v -5.1789 1.5443 0.6176
v -5.1789 1.6176 0.5443
v -5.1789 1.5755 0.4272
v -5.1945 1.5755 0.4272
v -5.1945 1.6176 0.5443
v -5.2457 1.5327 0.5098
v -5.1278 1.5327 0.5098
v -5.1789 1.5924 0.5695
v -5.1945 1.5924 0.5695
v -5.1945 1.4899 0.5128
v -5.1789 1.4899 0.5128
v -5.1789 1.5128 0.4899
v -5.1945 1.5128 0.4899
v -5.2457 1.4701 0.5389
v -5.1278 1.4701 0.5389
v -5.2457 1.516 0.493
v -5.1278 1.516 0.493
v -5.1278 1.493 0.516
v -5.2457 1.493 0.516
v -5.2457 1.5389 0.4701
v -5.1278 1.5389 0.4701
v -5.2547 1.5411 0.5065
v -5.2547 1.5065 0.5411
v -5.2971 1.5252 0.5599
v -5.2971 1.5599 0.5252
v -5.2547 1.5796 0.6143
v -5.2547 1.6143 0.5796
v -5.2962 1.56 0.5947
v -5.3032 1.5427 0.5773
v -5.3032 1.5773 0.5427
v -5.2962 1.5947 0.56
v -4.7354 1.5617 0.5402
v -5.2583 1.5941 0.5722
v -5.2583 1.5722 0.5941
v -4.7354 1.5402 0.5617
v -4.7354 1.5151 0.5366
v -5.2583 1.5243 0.5462
v -5.2583 1.5462 0.5243
v -4.7354 1.5366 0.5151
v -4.738 1.5575 0.5847
v -4.738 1.4921 0.5194
v -4.703 1.5146 0.5419
v -4.703 1.5373 0.5645
v -4.7133 1.5516 0.5788
v -4.738 1.5194 0.4921
v -4.738 1.5847 0.5575
v -4.7133 1.5788 0.5516
v -4.703 1.5645 0.5373
v -4.703 1.5419 0.5146
v -4.7554 1.5458 0.4731
v -4.7554 1.5792 0.5064
v -4.7479 1.5935 0.5208
v -4.7236 1.6008 0.528
v -4.6992 1.5935 0.5208
v -4.6917 1.5792 0.5064
v -4.6917 1.5458 0.4731
v -4.7236 1.5508 0.578
v -4.7236 1.528 0.6008
v -4.6992 1.5208 0.5935
v -4.6992 1.5435 0.5707
v -4.7554 1.5231 0.4959
v -4.7554 1.5564 0.5292
v -4.6917 1.4959 0.5231
v -4.6917 1.5292 0.5564
v -4.6917 1.5064 0.5792
v -4.6917 1.4731 0.5458
v -4.7236 1.578 0.5508
v -4.7479 1.5707 0.5435
v -4.7554 1.5292 0.5564
v -4.7554 1.5064 0.5792
v -4.7479 1.5208 0.5935
v -4.7479 1.5435 0.5707
v -4.6917 1.5564 0.5292
v -4.6992 1.5707 0.5435
v -4.7554 1.4731 0.5458
v -4.6917 1.5231 0.4959
v -4.7554 1.4959 0.5231
v -5.2457 1.2378 0.6994
v -5.1945 1.2596 0.781
v -5.1789 1.2596 0.781
v -5.1278 1.2378 0.6994
v -5.1278 1.1438 0.7246
v -5.1789 1.1657 0.8062
v -5.1945 1.1657 0.8062
v -5.2457 1.1438 0.7246
v -5.1945 1.197 0.7978
v -5.2457 1.1751 0.7162
v -5.1278 1.1751 0.7162
v -5.1789 1.197 0.7978
v -5.1945 1.1626 0.8071
v -5.1945 1.0822 0.712
v -5.1789 1.0822 0.712
v -5.1789 1.1626 0.8071
v -5.1789 1.2627 0.7802
v -5.1789 1.2848 0.6577
v -5.1945 1.2848 0.6577
v -5.1945 1.2627 0.7802
v -5.2457 1.2064 0.7078
v -5.1278 1.2064 0.7078
v -5.1789 1.2283 0.7894
v -5.1945 1.2283 0.7894
v -5.1945 1.1678 0.689
v -5.1789 1.1678 0.689
v -5.1789 1.1992 0.6806
v -5.1945 1.1992 0.6806
v -5.2457 1.1377 0.7018
v -5.1278 1.1377 0.7018
v -5.2457 1.2003 0.685
v -5.1278 1.2003 0.685
v -5.1278 1.169 0.6934
v -5.2457 1.169 0.6934
v -5.2457 1.2316 0.6766
v -5.1278 1.2316 0.6766
v -5.2547 1.2154 0.7092
v -5.2547 1.168 0.7219
v -5.2971 1.1749 0.7475
v -5.2971 1.2223 0.7348
v -5.2547 1.1948 0.8218
v -5.2547 1.2422 0.8091
v -5.2962 1.1876 0.7951
v -5.3032 1.1813 0.7713
v -5.3032 1.2287 0.7586
v -5.2962 1.235 0.7824
v -4.7354 1.2164 0.7487
v -5.2583 1.2284 0.7926
v -5.2583 1.1985 0.8006
v -4.7354 1.187 0.7566
v -4.7354 1.1778 0.7223
v -5.2583 1.1809 0.7352
v -5.2583 1.2109 0.7272
v -4.7354 1.2072 0.7144
v -4.738 1.1904 0.7851
v -4.738 1.1665 0.6958
v -4.703 1.1747 0.7266
v -4.703 1.183 0.7575
v -4.7133 1.1883 0.777
v -4.738 1.2037 0.6859
v -4.738 1.2276 0.7752
v -4.7133 1.2255 0.7671
v -4.703 1.2203 0.7476
v -4.703 1.212 0.7166
v -4.7554 1.2362 0.6826
v -4.7554 1.2484 0.7281
v -4.7479 1.2536 0.7478
v -4.7236 1.2563 0.7577
v -4.6992 1.2536 0.7478
v -4.6917 1.2484 0.7281
v -4.6917 1.2362 0.6826
v -4.7236 1.188 0.776
v -4.7236 1.1569 0.7843
v -4.6992 1.1542 0.7744
v -4.6992 1.1854 0.766
v -4.7554 1.205 0.691
v -4.7554 1.2172 0.7365
v -4.6917 1.1679 0.7009
v -4.6917 1.1801 0.7464
v -4.6917 1.149 0.7548
v -4.6917 1.1368 0.7093
v -4.7236 1.2252 0.766
v -4.7479 1.2225 0.7561
v -4.7554 1.1801 0.7464
v -4.7554 1.149 0.7548
v -4.7479 1.1542 0.7744
v -4.7479 1.1854 0.766
v -4.6917 1.2172 0.7365
v -4.6992 1.2225 0.7561
v -4.7554 1.1368 0.7093
v -4.6917 1.205 0.691
v -4.7554 1.1679 0.7009
v -5.2457 0.8562 0.7246
v -5.1945 0.8343 0.8062
v -5.1789 0.8343 0.8062
v -5.1278 0.8562 0.7246
v -5.1278 0.7622 0.6994
v -5.1789 0.7404 0.781
v -5.1945 0.7404 0.781
v -5.2457 0.7622 0.6994
v -5.1945 0.7717 0.7894
v -5.2457 0.7936 0.7078
v -5.1278 0.7936 0.7078
v -5.1789 0.7717 0.7894
v -5.1945 0.7372 0.7802
v -5.1945 0.7152 0.6577
v -5.1789 0.7152 0.6577
v -5.1789 0.7372 0.7802
v -5.1789 0.8374 0.8071
v -5.1789 0.9178 0.712
v -5.1945 0.9178 0.712
v -5.1945 0.8374 0.8071
v -5.2457 0.8249 0.7162
v -5.1278 0.8249 0.7162
v -5.1789 0.803 0.7978
v -5.1945 0.803 0.7978
v -5.1945 0.8008 0.6806
v -5.1789 0.8008 0.6806
v -5.1789 0.8322 0.689
v -5.1945 0.8322 0.689
v -5.2457 0.7684 0.6766
v -5.1278 0.7684 0.6766
v -5.2457 0.831 0.6934
v -5.1278 0.831 0.6934
v -5.1278 0.7997 0.685
v -5.2457 0.7997 0.685
v -5.2457 0.8623 0.7018
v -5.1278 0.8623 0.7018
v -5.2547 0.832 0.7219
v -5.2547 0.7846 0.7092
v -5.2971 0.7777 0.7348
v -5.2971 0.8251 0.7475
v -5.2547 0.7578 0.8091
v -5.2547 0.8052 0.8218
v -5.2962 0.765 0.7824
v -5.3032 0.7713 0.7586
v -5.3032 0.8187 0.7713
v -5.2962 0.8123 0.7951
v -4.7354 0.813 0.7566
v -5.2583 0.8015 0.8006
v -5.2583 0.7716 0.7926
v -4.7354 0.7836 0.7487
v -4.7354 0.7928 0.7144
v -5.2583 0.7891 0.7272
v -5.2583 0.8191 0.7352
v -4.7354 0.8222 0.7223
v -4.738 0.7724 0.7752
v -4.738 0.7963 0.6859
v -4.703 0.788 0.7166
v -4.703 0.7797 0.7476
v -4.7133 0.7745 0.7671
v -4.738 0.8335 0.6958
v -4.738 0.8096 0.7851
v -4.7133 0.8117 0.777
v -4.703 0.817 0.7575
v -4.703 0.8253 0.7266
v -4.7554 0.8632 0.7093
v -4.7554 0.851 0.7548
v -4.7479 0.8458 0.7744
v -4.7236 0.8431 0.7843
v -4.6992 0.8458 0.7744
v -4.6917 0.851 0.7548
v -4.6917 0.8632 0.7093
v -4.7236 0.7748 0.766
v -4.7236 0.7437 0.7577
v -4.6992 0.7464 0.7478
v -4.6992 0.7775 0.7561
v -4.7554 0.8321 0.7009
v -4.7554 0.8199 0.7464
v -4.6917 0.795 0.691
v -4.6917 0.7828 0.7365
v -4.6917 0.7516 0.7281
v -4.6917 0.7638 0.6826
v -4.7236 0.812 0.776
v -4.7479 0.8146 0.766
v -4.7554 0.7828 0.7365
v -4.7554 0.7516 0.7281
v -4.7479 0.7464 0.7478
v -4.7479 0.7775 0.7561
v -4.6917 0.8199 0.7464
v -4.6992 0.8146 0.766
v -4.7554 0.7638 0.6826
v -4.6917 0.8321 0.7009
v -4.7554 0.795 0.691
v -5.2457 0.5132 0.5556
v -5.1945 0.4534 0.6154
v -5.1789 0.4534 0.6154
v -5.1278 0.5132 0.5556
v -5.1278 0.4444 0.4868
v -5.1789 0.3846 0.5466
v -5.1945 0.3846 0.5466
v -5.2457 0.4444 0.4868
v -5.1945 0.4076 0.5695
v -5.2457 0.4673 0.5098
v -5.1278 0.4673 0.5098
v -5.1789 0.4076 0.5695
v -5.1945 0.3824 0.5443
v -5.1945 0.4245 0.4272
v -5.1789 0.4245 0.4272
v -5.1789 0.3824 0.5443
v -5.1789 0.4557 0.6176
v -5.1789 0.5728 0.5755
v -5.1945 0.5728 0.5755
v -5.1945 0.4557 0.6176
v -5.2457 0.4902 0.5327
v -5.1278 0.4902 0.5327
v -5.1789 0.4305 0.5924
v -5.1945 0.4305 0.5924
v -5.1945 0.4872 0.4899
v -5.1789 0.4872 0.4899
v -5.1789 0.5101 0.5128
v -5.1945 0.5101 0.5128
v -5.2457 0.4611 0.4701
v -5.1278 0.4611 0.4701
v -5.2457 0.507 0.516
v -5.1278 0.507 0.516
v -5.1278 0.484 0.493
v -5.2457 0.484 0.493
v -5.2457 0.5299 0.5389
v -5.1278 0.5299 0.5389
v -5.2547 0.4935 0.5411
v -5.2547 0.4589 0.5065
v -5.2971 0.4401 0.5252
v -5.2971 0.4748 0.5599
v -5.2547 0.3857 0.5796
v -5.2547 0.4204 0.6143
v -5.2962 0.4053 0.56
v -5.3032 0.4227 0.5427
v -5.3032 0.4573 0.5773
v -5.2962 0.44 0.5947
v -4.7354 0.4598 0.5617
v -5.2583 0.4278 0.5941
v -5.2583 0.4059 0.5722
v -4.7354 0.4383 0.5402
v -4.7354 0.4634 0.5151
v -5.2583 0.4538 0.5243
v -5.2583 0.4757 0.5462
v -4.7354 0.4849 0.5366
v -4.738 0.4153 0.5575
v -4.738 0.4806 0.4921
v -4.703 0.4581 0.5146
v -4.703 0.4355 0.5373
v -4.7133 0.4212 0.5516
v -4.738 0.5079 0.5194
v -4.738 0.4425 0.5847
v -4.7133 0.4484 0.5788
v -4.703 0.4627 0.5645
v -4.703 0.4854 0.5419
v -4.7554 0.5269 0.5458
v -4.7554 0.4936 0.5792
v -4.7479 0.4792 0.5935
v -4.7236 0.472 0.6008
v -4.6992 0.4792 0.5935
v -4.6917 0.4936 0.5792
v -4.6917 0.5269 0.5458
v -4.7236 0.422 0.5508
v -4.7236 0.3992 0.528
v -4.6992 0.4065 0.5208
v -4.6992 0.4293 0.5435
v -4.7554 0.5041 0.5231
v -4.7554 0.4708 0.5564
v -4.6917 0.4769 0.4959
v -4.6917 0.4436 0.5292
v -4.6917 0.4208 0.5064
v -4.6917 0.4541 0.4731
v -4.7236 0.4492 0.578
v -4.7479 0.4564 0.5707
v -4.7554 0.4436 0.5292
v -4.7554 0.4208 0.5064
v -4.7479 0.4065 0.5208
v -4.7479 0.4293 0.5435
v -4.6917 0.4708 0.5564
v -4.6992 0.4564 0.5707
v -4.7554 0.4541 0.4731
v -4.6917 0.5041 0.5231
v -4.7554 0.4769 0.4959
v -5.2457 0.3006 0.2378
v -5.1945 0.219 0.2596
v -5.1789 0.219 0.2596
v -5.1278 0.3006 0.2378
v -5.1278 0.2754 0.1438
v -5.1789 0.1938 0.1657
v -5.1945 0.1938 0.1657
v -5.2457 0.2754 0.1438
v -5.1945 0.2022 0.197
v -5.2457 0.2838 0.1751
v -5.1278 0.2838 0.1751
v -5.1789 0.2022 0.197
v -5.1945 0.1929 0.1626
v -5.1945 0.288 0.0822
v -5.1789 0.288 0.0822
v -5.1789 0.1929 0.1626
v -5.1789 0.2198 0.2627
v -5.1789 0.3423 0.2848
v -5.1945 0.3423 0.2848
v -5.1945 0.2198 0.2627
v -5.2457 0.2922 0.2064
v -5.1278 0.2922 0.2064
v -5.1789 0.2106 0.2283
v -5.1945 0.2106 0.2283
v -5.1945 0.311 0.1678
v -5.1789 0.311 0.1678
v -5.1789 0.3194 0.1992
v -5.1945 0.3194 0.1992
v -5.2457 0.2982 0.1377
v -5.1278 0.2982 0.1377
v -5.2457 0.315 0.2003
v -5.1278 0.315 0.2003
v -5.1278 0.3066 0.169
v -5.2457 0.3066 0.169
v -5.2457 0.3234 0.2316
v -5.1278 0.3234 0.2316
v -5.2547 0.2908 0.2154
v -5.2547 0.2781 0.168
v -5.2971 0.2525 0.1749
v -5.2971 0.2652 0.2223
v -5.2547 0.1782 0.1948
v -5.2547 0.1909 0.2422
v -5.2962 0.2049 0.1877
v -5.3032 0.2287 0.1813
v -5.3032 0.2414 0.2287
v -5.2962 0.2176 0.235
v -4.7354 0.2513 0.2164
v -5.2583 0.2074 0.2284
v -5.2583 0.1994 0.1985
v -4.7354 0.2434 0.187
v -4.7354 0.2777 0.1778
v -5.2583 0.2648 0.1809
v -5.2583 0.2728 0.2109
v -4.7354 0.2856 0.2072
v -4.738 0.2149 0.1904
v -4.738 0.3042 0.1665
v -4.703 0.2734 0.1747
v -4.703 0.2425 0.183
v -4.7133 0.223 0.1883
v -4.738 0.3141 0.2037
v -4.738 0.2248 0.2276
v -4.7133 0.2329 0.2255
v -4.703 0.2524 0.2203
v -4.703 0.2834 0.212
v -4.7554 0.3174 0.2362
v -4.7554 0.2719 0.2484
v -4.7479 0.2522 0.2536
v -4.7236 0.2423 0.2563
v -4.6992 0.2522 0.2536
v -4.6917 0.2719 0.2484
v -4.6917 0.3174 0.2362
v -4.7236 0.224 0.188
v -4.7236 0.2157 0.1569
v -4.6992 0.2256 0.1542
v -4.6992 0.234 0.1854
v -4.7554 0.309 0.205
v -4.7554 0.2635 0.2172
v -4.6917 0.2991 0.1679
v -4.6917 0.2536 0.1801
v -4.6917 0.2452 0.149
v -4.6917 0.2907 0.1368
v -4.7236 0.234 0.2252
v -4.7479 0.2439 0.2225
v -4.7554 0.2536 0.1801
v -4.7554 0.2452 0.149
v -4.7479 0.2256 0.1542
v -4.7479 0.234 0.1854
v -4.6917 0.2635 0.2172
v -4.6992 0.2439 0.2225
v -4.7554 0.2907 0.1368
v -4.6917 0.309 0.205
v -4.7554 0.2991 0.1679
v -5.2457 0.2754 -0.1438
v -5.1945 0.1938 -0.1657
v -5.1789 0.1938 -0.1657
v -5.1278 0.2754 -0.1438
v -5.1278 0.3006 -0.2378
v -5.1789 0.219 -0.2596
v -5.1945 0.219 -0.2596
v -5.2457 0.3006 -0.2378
v -5.1945 0.2106 -0.2283
v -5.2457 0.2922 -0.2064
v -5.1278 0.2922 -0.2064
v -5.1789 0.2106 -0.2283
v -5.1945 0.2198 -0.2627
v -5.1945 0.3423 -0.2848
v -5.1789 0.3423 -0.2848
v -5.1789 0.2198 -0.2627
v -5.1789 0.1929 -0.1626
v -5.1789 0.288 -0.0822
v -5.1945 0.288 -0.0822
v -5.1945 0.1929 -0.1626
v -5.2457 0.2838 -0.1751
v -5.1278 0.2838 -0.1751
v -5.1789 0.2022 -0.197
v -5.1945 0.2022 -0.197
v -5.1945 0.3194 -0.1992
v -5.1789 0.3194 -0.1992
v -5.1789 0.311 -0.1678
v -5.1945 0.311 -0.1678
v -5.2457 0.3234 -0.2316
v -5.1278 0.3234 -0.2316
v -5.2457 0.3066 -0.169
v -5.1278 0.3066 -0.169
v -5.1278 0.315 -0.2003
v -5.2457 0.315 -0.2003
v -5.2457 0.2982 -0.1377
v -5.1278 0.2982 -0.1377
v -5.2547 0.2781 -0.168
v -5.2547 0.2908 -0.2154
v -5.2971 0.2652 -0.2223
v -5.2971 0.2525 -0.1749
v -5.2547 0.1909 -0.2422
v -5.2547 0.1782 -0.1948
v -5.2962 0.2176 -0.235
v -5.3032 0.2414 -0.2287
v -5.3032 0.2287 -0.1813
v -5.2962 0.2049 -0.1876
v -4.7354 0.2434 -0.187
v -5.2583 0.1994 -0.1985
v -5.2583 0.2074 -0.2284
v -4.7354 0.2513 -0.2164
v -4.7354 0.2856 -0.2072
v -5.2583 0.2728 -0.2109
v -5.2583 0.2648 -0.1809
v -4.7354 0.2777 -0.1778
v -4.738 0.2248 -0.2276
v -4.738 0.3141 -0.2037
v -4.703 0.2834 -0.212
v -4.703 0.2524 -0.2203
v -4.7133 0.2329 -0.2255
v -4.738 0.3042 -0.1665
v -4.738 0.2149 -0.1904
v -4.7133 0.223 -0.1883
v -4.703 0.2425 -0.183
v -4.703 0.2734 -0.1747
v -4.7554 0.2907 -0.1368
v -4.7554 0.2452 -0.149
v -4.7479 0.2256 -0.1542
v -4.7236 0.2157 -0.1569
v -4.6992 0.2256 -0.1542
v -4.6917 0.2452 -0.149
v -4.6917 0.2907 -0.1368
v -4.7236 0.234 -0.2252
v -4.7236 0.2423 -0.2563
v -4.6992 0.2522 -0.2536
v -4.6992 0.2439 -0.2225
v -4.7554 0.2991 -0.1679
v -4.7554 0.2536 -0.1801
v -4.6917 0.309 -0.205
v -4.6917 0.2635 -0.2172
v -4.6917 0.2719 -0.2484
v -4.6917 0.3174 -0.2362
v -4.7236 0.224 -0.188
v -4.7479 0.2339 -0.1854
v -4.7554 0.2635 -0.2172
v -4.7554 0.2719 -0.2484
v -4.7479 0.2522 -0.2536
v -4.7479 0.2439 -0.2225
v -4.6917 0.2536 -0.1801
v -4.6992 0.2339 -0.1854
v -4.7554 0.3174 -0.2362
v -4.6917 0.2991 -0.1679
v -4.7554 0.309 -0.205
v -5.2457 0.4444 -0.4868
v -5.1945 0.3846 -0.5466
v -5.1789 0.3846 -0.5466
v -5.1278 0.4444 -0.4868
v -5.1278 0.5132 -0.5556
v -5.1789 0.4534 -0.6154
v -5.1945 0.4534 -0.6154
v -5.2457 0.5132 -0.5556
v -5.1945 0.4305 -0.5924
v -5.2457 0.4902 -0.5327
v -5.1278 0.4902 -0.5327
v -5.1789 0.4305 -0.5924
v -5.1945 0.4557 -0.6176
v -5.1945 0.5728 -0.5755
v -5.1789 0.5728 -0.5755
v -5.1789 0.4557 -0.6176
v -5.1789 0.3824 -0.5443
v -5.1789 0.4245 -0.4272
v -5.1945 0.4245 -0.4272
v -5.1945 0.3824 -0.5443
v -5.2457 0.4673 -0.5098
v -5.1278 0.4673 -0.5098
v -5.1789 0.4076 -0.5695
v -5.1945 0.4076 -0.5695
v -5.1945 0.5101 -0.5128
v -5.1789 0.5101 -0.5128
v -5.1789 0.4872 -0.4899
v -5.1945 0.4872 -0.4899
v -5.2457 0.5299 -0.5389
v -5.1278 0.5299 -0.5389
v -5.2457 0.484 -0.493
v -5.1278 0.484 -0.493
v -5.1278 0.5069 -0.516
v -5.2457 0.5069 -0.516
v -5.2457 0.4611 -0.4701
v -5.1278 0.4611 -0.4701
v -5.2547 0.4589 -0.5065
v -5.2547 0.4935 -0.5411
v -5.2971 0.4748 -0.5599
v -5.2971 0.4401 -0.5252
v -5.2547 0.4204 -0.6143
v -5.2547 0.3857 -0.5796
v -5.2962 0.44 -0.5947
v -5.3032 0.4573 -0.5773
v -5.3032 0.4227 -0.5427
v -5.2962 0.4053 -0.56
v -4.7354 0.4383 -0.5402
v -5.2583 0.4059 -0.5722
v -5.2583 0.4278 -0.5941
v -4.7354 0.4598 -0.5617
v -4.7354 0.4849 -0.5366
v -5.2583 0.4757 -0.5462
v -5.2583 0.4538 -0.5243
v -4.7354 0.4634 -0.5151
v -4.738 0.4425 -0.5847
v -4.738 0.5079 -0.5194
v -4.703 0.4854 -0.5419
v -4.703 0.4627 -0.5645
v -4.7133 0.4484 -0.5788
v -4.738 0.4806 -0.4921
v -4.738 0.4153 -0.5575
v -4.7133 0.4212 -0.5516
v -4.703 0.4355 -0.5373
v -4.703 0.4581 -0.5146
v -4.7554 0.4541 -0.4731
v -4.7554 0.4208 -0.5064
v -4.7479 0.4065 -0.5208
v -4.7236 0.3992 -0.528
v -4.6992 0.4065 -0.5208
v -4.6917 0.4208 -0.5064
v -4.6917 0.4541 -0.4731
v -4.7236 0.4492 -0.578
v -4.7236 0.472 -0.6008
v -4.6992 0.4792 -0.5935
v -4.6992 0.4564 -0.5707
v -4.7554 0.4769 -0.4959
v -4.7554 0.4436 -0.5292
v -4.6917 0.5041 -0.5231
v -4.6917 0.4708 -0.5564
v -4.6917 0.4936 -0.5792
v -4.6917 0.5269 -0.5458
v -4.7236 0.422 -0.5508
v -4.7479 0.4293 -0.5435
v -4.7554 0.4708 -0.5564
v -4.7554 0.4936 -0.5792
v -4.7479 0.4792 -0.5935
v -4.7479 0.4564 -0.5707
v -4.6917 0.4436 -0.5292
v -4.6992 0.4293 -0.5435
v -4.7554 0.5269 -0.5458
v -4.6917 0.4769 -0.4959
v -4.7554 0.5041 -0.5231
v -5.2457 0.7622 -0.6994
v -5.1945 0.7404 -0.781
v -5.1789 0.7404 -0.781
v -5.1278 0.7622 -0.6994
v -5.1278 0.8562 -0.7246
v -5.1789 0.8343 -0.8062
v -5.1945 0.8343 -0.8062
v -5.2457 0.8562 -0.7246
v -5.1945 0.803 -0.7978
v -5.2457 0.8249 -0.7162
v -5.1278 0.8249 -0.7162
v -5.1789 0.803 -0.7978
v -5.1945 0.8374 -0.8071
v -5.1945 0.9178 -0.712
v -5.1789 0.9178 -0.712
v -5.1789 0.8374 -0.8071
v -5.1789 0.7372 -0.7802
v -5.1789 0.7152 -0.6577
v -5.1945 0.7152 -0.6577
v -5.1945 0.7372 -0.7802
v -5.2457 0.7936 -0.7078
v -5.1278 0.7936 -0.7078
v -5.1789 0.7717 -0.7894
v -5.1945 0.7717 -0.7894
v -5.1945 0.8322 -0.689
v -5.1789 0.8322 -0.689
v -5.1789 0.8008 -0.6806
v -5.1945 0.8008 -0.6806
v -5.2457 0.8623 -0.7018
v -5.1278 0.8623 -0.7018
v -5.2457 0.7997 -0.685
v -5.1278 0.7997 -0.685
v -5.1278 0.831 -0.6934
v -5.2457 0.831 -0.6934
v -5.2457 0.7684 -0.6766
v -5.1278 0.7684 -0.6766
v -5.2547 0.7846 -0.7092
v -5.2547 0.832 -0.7219
v -5.2971 0.8251 -0.7475
v -5.2971 0.7777 -0.7348
v -5.2547 0.8052 -0.8218
v -5.2547 0.7578 -0.8091
v -5.2962 0.8123 -0.7951
v -5.3032 0.8187 -0.7713
v -5.3032 0.7713 -0.7586
v -5.2962 0.765 -0.7824
v -4.7354 0.7836 -0.7487
v -5.2583 0.7716 -0.7926
v -5.2583 0.8015 -0.8006
v -4.7354 0.813 -0.7566
v -4.7354 0.8222 -0.7223
v -5.2583 0.8191 -0.7352
v -5.2583 0.7891 -0.7272
v -4.7354 0.7928 -0.7144
v -4.738 0.8096 -0.7851
v -4.738 0.8335 -0.6958
v -4.703 0.8252 -0.7266
v -4.703 0.817 -0.7575
v -4.7133 0.8117 -0.777
v -4.738 0.7963 -0.6859
v -4.738 0.7724 -0.7752
v -4.7133 0.7745 -0.7671
v -4.703 0.7797 -0.7476
v -4.703 0.788 -0.7166
v -4.7554 0.7638 -0.6826
v -4.7554 0.7516 -0.7281
v -4.7479 0.7464 -0.7478
v -4.7236 0.7437 -0.7577
v -4.6992 0.7464 -0.7478
v -4.6917 0.7516 -0.7281
v -4.6917 0.7638 -0.6826
v -4.7236 0.812 -0.776
v -4.7236 0.8431 -0.7843
v -4.6992 0.8458 -0.7744
v -4.6992 0.8146 -0.766
v -4.7554 0.795 -0.691
v -4.7554 0.7828 -0.7365
v -4.6917 0.8321 -0.7009
v -4.6917 0.8199 -0.7464
v -4.6917 0.851 -0.7548
v -4.6917 0.8632 -0.7093
v -4.7236 0.7748 -0.766
v -4.7479 0.7775 -0.7561
v -4.7554 0.8199 -0.7464
v -4.7554 0.851 -0.7548
v -4.7479 0.8458 -0.7744
v -4.7479 0.8146 -0.766
v -4.6917 0.7828 -0.7365
v -4.6992 0.7775 -0.7561
v -4.7554 0.8632 -0.7093
v -4.6917 0.795 -0.691
v -4.7554 0.8321 -0.7009
v -5.2457 1.1438 -0.7246
v -5.1945 1.1657 -0.8062
v -5.1789 1.1657 -0.8062
v -5.1278 1.1438 -0.7246
v -5.1278 1.2378 -0.6994
v -5.1789 1.2596 -0.781
v -5.1945 1.2596 -0.781
v -5.2457 1.2378 -0.6994
v -5.1945 1.2283 -0.7894
v -5.2457 1.2064 -0.7078
v -5.1278 1.2064 -0.7078
v -5.1789 1.2283 -0.7894
v -5.1945 1.2627 -0.7802
v -5.1945 1.2848 -0.6577
v -5.1789 1.2848 -0.6577
v -5.1789 1.2627 -0.7802
v -5.1789 1.1626 -0.807
v -5.1789 1.0822 -0.712
v -5.1945 1.0822 -0.712
v -5.1945 1.1626 -0.807
v -5.2457 1.1751 -0.7162
v -5.1278 1.1751 -0.7162
v -5.1789 1.197 -0.7978
v -5.1945 1.197 -0.7978
v -5.1945 1.1992 -0.6806
v -5.1789 1.1992 -0.6806
v -5.1789 1.1678 -0.689
v -5.1945 1.1678 -0.689
v -5.2457 1.2316 -0.6766
v -5.1278 1.2316 -0.6766
v -5.2457 1.169 -0.6934
v -5.1278 1.169 -0.6934
v -5.1278 1.2003 -0.685
v -5.2457 1.2003 -0.685
v -5.2457 1.1377 -0.7018
v -5.1278 1.1377 -0.7018
v -5.2547 1.168 -0.7219
v -5.2547 1.2154 -0.7092
v -5.2971 1.2223 -0.7348
v -5.2971 1.1749 -0.7475
v -5.2547 1.2422 -0.8091
v -5.2547 1.1948 -0.8218
v -5.2962 1.235 -0.7824
v -5.3032 1.2287 -0.7586
v -5.3032 1.1813 -0.7713
v -5.2962 1.1876 -0.7951
v -4.7354 1.187 -0.7566
v -5.2583 1.1985 -0.8006
v -5.2583 1.2284 -0.7926
v -4.7354 1.2164 -0.7487
v -4.7354 1.2072 -0.7144
v -5.2583 1.2109 -0.7272
v -5.2583 1.1809 -0.7352
v -4.7354 1.1778 -0.7223
v -4.738 1.2276 -0.7752
v -4.738 1.2037 -0.6859
v -4.703 1.212 -0.7166
v -4.703 1.2203 -0.7476
v -4.7133 1.2255 -0.7671
v -4.738 1.1665 -0.6958
v -4.738 1.1904 -0.7851
v -4.7133 1.1883 -0.777
v -4.703 1.183 -0.7575
v -4.703 1.1747 -0.7266
v -4.7554 1.1368 -0.7093
v -4.7554 1.149 -0.7548
v -4.7479 1.1542 -0.7744
v -4.7236 1.1569 -0.7843
v -4.6992 1.1542 -0.7744
v -4.6917 1.149 -0.7548
v -4.6917 1.1368 -0.7093
v -4.7236 1.2252 -0.766
v -4.7236 1.2563 -0.7577
v -4.6992 1.2536 -0.7478
v -4.6992 1.2225 -0.7561
v -4.7554 1.1679 -0.7009
v -4.7554 1.1801 -0.7464
v -4.6917 1.205 -0.691
v -4.6917 1.2172 -0.7365
v -4.6917 1.2484 -0.7281
v -4.6917 1.2362 -0.6826
v -4.7236 1.188 -0.776
v -4.7479 1.1854 -0.766
v -4.7554 1.2172 -0.7365
v -4.7554 1.2484 -0.7281
v -4.7479 1.2536 -0.7478
v -4.7479 1.2225 -0.7561
v -4.6917 1.1801 -0.7464
v -4.6992 1.1854 -0.766
v -4.7554 1.2362 -0.6826
v -4.6917 1.1679 -0.7009
v -4.7554 1.205 -0.691
v -5.2457 1.4868 -0.5556
v -5.1945 1.5466 -0.6154
v -5.1789 1.5466 -0.6154
v -5.1278 1.4868 -0.5556
v -5.1278 1.5556 -0.4868
v -5.1789 1.6154 -0.5466
v -5.1945 1.6154 -0.5466
v -5.2457 1.5556 -0.4868
v -5.1945 1.5924 -0.5695
v -5.2457 1.5327 -0.5098
v -5.1278 1.5327 -0.5098
v -5.1789 1.5924 -0.5695
v -5.1945 1.6176 -0.5443
v -5.1945 1.5755 -0.4272
v -5.1789 1.5755 -0.4272
v -5.1789 1.6176 -0.5443
v -5.1789 1.5443 -0.6176
v -5.1789 1.4272 -0.5755
v -5.1945 1.4272 -0.5755
v -5.1945 1.5443 -0.6176
v -5.2457 1.5098 -0.5327
v -5.1278 1.5098 -0.5327
v -5.1789 1.5695 -0.5924
v -5.1945 1.5695 -0.5924
v -5.1945 1.5128 -0.4899
v -5.1789 1.5128 -0.4899
v -5.1789 1.4899 -0.5128
v -5.1945 1.4899 -0.5128
v -5.2457 1.5389 -0.4701
v -5.1278 1.5389 -0.4701
v -5.2457 1.493 -0.516
v -5.1278 1.493 -0.516
v -5.1278 1.516 -0.493
v -5.2457 1.516 -0.493
v -5.2457 1.4701 -0.5389
v -5.1278 1.4701 -0.5389
v -5.2547 1.5065 -0.5411
v -5.2547 1.5411 -0.5065
v -5.2971 1.5599 -0.5252
v -5.2971 1.5252 -0.5599
v -5.2547 1.6143 -0.5796
v -5.2547 1.5796 -0.6143
v -5.2962 1.5947 -0.56
v -5.3032 1.5773 -0.5427
v -5.3032 1.5427 -0.5773
v -5.2962 1.56 -0.5947
v -4.7354 1.5402 -0.5617
v -5.2583 1.5722 -0.5941
v -5.2583 1.5941 -0.5722
v -4.7354 1.5617 -0.5402
v -4.7354 1.5366 -0.5151
v -5.2583 1.5462 -0.5243
v -5.2583 1.5243 -0.5462
v -4.7354 1.5151 -0.5366
v -4.738 1.5847 -0.5575
v -4.738 1.5194 -0.4921
v -4.703 1.5419 -0.5146
v -4.703 1.5645 -0.5373
v -4.7133 1.5788 -0.5516
v -4.738 1.4921 -0.5194
v -4.738 1.5575 -0.5847
v -4.7133 1.5516 -0.5788
v -4.703 1.5373 -0.5645
v -4.703 1.5146 -0.5419
v -4.7554 1.4731 -0.5458
v -4.7554 1.5064 -0.5792
v -4.7479 1.5208 -0.5935
v -4.7236 1.528 -0.6008
v -4.6992 1.5208 -0.5935
v -4.6917 1.5064 -0.5792
v -4.6917 1.4731 -0.5458
v -4.7236 1.578 -0.5508
v -4.7236 1.6008 -0.528
v -4.6992 1.5935 -0.5208
v -4.6992 1.5707 -0.5435
v -4.7554 1.4959 -0.5231
v -4.7554 1.5292 -0.5564
v -4.6917 1.5231 -0.4959
v -4.6917 1.5564 -0.5292
v -4.6917 1.5792 -0.5064
v -4.6917 1.5458 -0.4731
v -4.7236 1.5508 -0.578
v -4.7479 1.5435 -0.5707
v -4.7554 1.5564 -0.5292
v -4.7554 1.5792 -0.5064
v -4.7479 1.5935 -0.5208
v -4.7479 1.5707 -0.5435
v -4.6917 1.5292 -0.5564
v -4.6992 1.5435 -0.5707
v -4.7554 1.5458 -0.4731
v -4.6917 1.4959 -0.5231
v -4.7554 1.5231 -0.4959
v -5.2457 1.6994 -0.2378
v -5.1945 1.781 -0.2596
v -5.1789 1.781 -0.2596
v -5.1278 1.6994 -0.2378
v -5.1278 1.7246 -0.1438
v -5.1789 1.8062 -0.1657
v -5.1945 1.8062 -0.1657
v -5.2457 1.7246 -0.1438
v -5.1945 1.7978 -0.197
v -5.2457 1.7162 -0.1751
v -5.1278 1.7162 -0.1751
v -5.1789 1.7978 -0.197
v -5.1945 1.807 -0.1626
v -5.1945 1.712 -0.0822
v -5.1789 1.712 -0.0822
v -5.1789 1.807 -0.1626
v -5.1789 1.7802 -0.2627
v -5.1789 1.6577 -0.2848
v -5.1945 1.6577 -0.2848
v -5.1945 1.7802 -0.2627
v -5.2457 1.7078 -0.2064
v -5.1278 1.7078 -0.2064
v -5.1789 1.7894 -0.2283
v -5.1945 1.7894 -0.2283
v -5.1945 1.689 -0.1678
v -5.1789 1.689 -0.1678
v -5.1789 1.6806 -0.1992
v -5.1945 1.6806 -0.1992
v -5.2457 1.7018 -0.1377
v -5.1278 1.7018 -0.1377
v -5.2457 1.685 -0.2003
v -5.1278 1.685 -0.2003
v -5.1278 1.6934 -0.169
v -5.2457 1.6934 -0.169
v -5.2457 1.6766 -0.2316
v -5.1278 1.6766 -0.2316
v -5.2547 1.7092 -0.2154
v -5.2547 1.7219 -0.168
v -5.2971 1.7475 -0.1749
v -5.2971 1.7348 -0.2223
v -5.2547 1.8218 -0.1948
v -5.2547 1.8091 -0.2422
v -5.2962 1.7951 -0.1877
v -5.3032 1.7713 -0.1813
v -5.3032 1.7586 -0.2287
v -5.2962 1.7824 -0.235
v -4.7354 1.7487 -0.2164
v -5.2583 1.7926 -0.2284
v -5.2583 1.8006 -0.1985
v -4.7354 1.7566 -0.187
v -4.7354 1.7223 -0.1778
v -5.2583 1.7352 -0.1809
v -5.2583 1.7272 -0.2109
v -4.7354 1.7144 -0.2072
v -4.738 1.7851 -0.1904
v -4.738 1.6958 -0.1665
v -4.703 1.7266 -0.1747
v -4.703 1.7575 -0.183
v -4.7133 1.777 -0.1883
v -4.738 1.6859 -0.2037
v -4.738 1.7752 -0.2276
v -4.7133 1.7671 -0.2255
v -4.703 1.7476 -0.2203
v -4.703 1.7166 -0.212
v -4.7554 1.6826 -0.2362
v -4.7554 1.7281 -0.2484
v -4.7479 1.7478 -0.2536
v -4.7236 1.7577 -0.2563
v -4.6992 1.7478 -0.2536
v -4.6917 1.7281 -0.2484
v -4.6917 1.6826 -0.2362
v -4.7236 1.776 -0.188
v -4.7236 1.7843 -0.1569
v -4.6992 1.7744 -0.1542
v -4.6992 1.766 -0.1854
v -4.7554 1.691 -0.205
v -4.7554 1.7365 -0.2172
v -4.6917 1.7009 -0.1679
v -4.6917 1.7464 -0.1801
v -4.6917 1.7548 -0.149
v -4.6917 1.7093 -0.1368
v -4.7236 1.766 -0.2252
v -4.7479 1.7561 -0.2225
v -4.7554 1.7464 -0.1801
v -4.7554 1.7548 -0.149
v -4.7479 1.7744 -0.1542
v -4.7479 1.766 -0.1854
v -4.6917 1.7365 -0.2172
v -4.6992 1.7561 -0.2225
v -4.7554 1.7093 -0.1368
v -4.6917 1.691 -0.205
v -4.7554 1.7009 -0.1679
v 0.2748 1.3922 1.0056
v 0.2748 1.3674 0.9569
v 0.2748 -0.0321 0
v 0.2748 0.6811 0.9816
v 0.2748 1.835 0.6066
v 0.2748 1.835 -0.6066
v -4.2378 1.7003 0.2275
v -4.2378 1.7003 -0.2275
v -4.2378 1.4328 -0.5957
v -4.2378 0.2997 -0.2275
v -4.2378 1.3883 -0.5344
v -4.2378 1.2041 0.6283
v -4.2378 0.4656 0.3883
v 0.2748 0.6811 -0.9816
v 0.2493 1.3798 0.9813
v -1.9913 1.7154 0.5197
v -1.9913 0.7268 -0.8409
v -1.9913 0.7268 0.8409
v -1.9913 1.7154 -0.5197
v -1.9913 0.1158 -0
v -4.2378 1.7364 -0
v -4.2378 0.5672 -0.5957
v -4.2378 0.4043 -0.4328
v -4.2378 0.2636 -0
v -4.2378 0.3717 -0.2041
v -4.2378 1.2041 -0.6283
v -4.2378 1.6606 -0
v 0.2748 1.5582 0.8596
v 0.2748 0.3934 -0.835
v 0.2748 0.0184 0.3189
v 0.2748 1.9816 0.3189
v -4.2378 0.7725 -0.7003
v -4.2378 1 0.7364
v 0.2748 1.6066 -0.835
v -4.2378 1.3883 0.5344
v -4.2378 0.6117 0.5344
v 0.2748 1 1.0321
v 0.2493 1.5706 0.884
v -1.9913 1.5197 -0.7154
v -1.9913 0.1591 0.2732
v -1.9913 1.8409 0.2732
v -1.9913 0.4803 -0.7154
v -1.9913 1 0.8842
v -4.2378 0.4043 0.4328
v -4.2378 1 -0.7364
v -4.2378 0.3394 -0
v -4.2378 0.7959 -0.6283
v 0.2748 1.3674 -0.9569
v 0.2493 1.3798 -0.9813
v 0.2748 1.5831 0.9084
v 0.2748 0.165 -0.6066
v 0.2748 0.165 0.6066
v 0.2748 1.3189 0.9816
v 0.2748 2.0321 -0
v -4.2378 0.7725 0.7003
v -4.2378 0.2997 0.2275
v -4.2378 1 -0.6606
v -4.2378 1 0.6606
v 0.2493 1.5706 -0.884
v 0.2748 1.5582 -0.8596
v -1.9913 0.2846 -0.5197
v -1.9913 1.2732 0.8409
v -1.9913 0.2846 0.5197
v -1.9913 1.8842 -0
v -4.2378 0.5672 0.5957
v -4.2378 1.4328 0.5957
v -4.2378 1.5344 0.3883
v -4.2378 0.7959 0.6283
v 0.2748 1.5831 -0.9084
v 0.2748 1 -1.0321
v 0.2748 0.0184 -0.3189
v 0.2748 1.3189 -0.9816
v -1.9913 1.2732 -0.8409
v -1.9913 1 -0.8842
v -1.9913 1.5197 0.7154
v -4.2378 1.2275 0.7003
v -4.2378 1.5957 0.4328
v -4.2378 0.3717 0.2041
v -4.2378 1.5344 -0.3883
v -4.2378 0.4656 -0.3883
v 0.2748 0.3934 0.835
v 0.2748 1.6066 0.835
v 0.2748 1.9816 -0.3189
v 0.2748 1.3922 -1.0056
v -1.9913 0.4803 0.7154
v -1.9913 1.8409 -0.2732
v -1.9913 0.1591 -0.2732
v -4.2378 1.5957 -0.4328
v -4.2378 1.2275 -0.7003
v -4.2378 1.6283 0.2041
v -4.2378 1.6283 -0.2041
v -4.2378 0.6117 -0.5344
vt 0.8543 0.49
vt 0.8442 0.48
vt 0.8442 0.47
vt 0.8442 0.26
vt 0.8392 0.2
vt 0.8442 0.2
vt 0.8744 0.51
vt 0.8844 0.52
vt 0.8844 0.53
vt 0.8392 0.49
vt 0.8442 0.51
vt 0.8392 0.51
vt 0.8442 0.49
vt 0.593 0.45
vt 0.6734 0.49
vt 0.593 0.49
vt 0.8844 0.49
vt 0.8744 0.49
vt 0.8995 0.62
vt 0.9045 0.63
vt 0.8995 0.63
vt 0.8392 0.47
vt 0.8492 0.46
vt 0.8392 0.46
vt 0.8812 0.1768
vt 0.8828 0.1832
vt 0.8812 0.1832
vt 0.8643 0.43
vt 0.8492 0.44
vt 0.8643 0.44
vt 0.9612 0.8319
vt 0.945 0.8547
vt 0.9537 0.8317
vt 0.9045 0.67
vt 0.8995 0.66
vt 0.9045 0.66
vt 0.8492 0.43
vt 0.8643 0.41
vt 0.8643 0.47
vt 0.8643 0.46
vt 0.8794 0.47
vt 0.8392 0.71
vt 0.7588 0.75
vt 0.7588 0.71
vt 0.8995 0.67
vt 0.6734 0.31
vt 0.6784 0.35
vt 0.6734 0.35
vt 0.6784 0.85
vt 0.6734 0.89
vt 0.6734 0.85
vt 0.6734 0.41
vt 0.6784 0.45
vt 0.6734 0.45
vt 0.6734 0.75
vt 0.6784 0.79
vt 0.6734 0.79
vt 0.6784 0.39
vt 0.6734 0.39
vt 0.6734 0.55
vt 0.6784 0.59
vt 0.6734 0.59
vt 0.6734 0.69
vt 0.6784 0.65
vt 0.6784 0.69
vt 0.6734 0.81
vt 0.8442 0.58
vt 0.8492 0.57
vt 0.8492 0.58
vt 0.6734 0.25
vt 0.6784 0.21
vt 0.6784 0.25
vt 0.6734 0.95
vt 0.6784 0.91
vt 0.6784 0.95
vt 0.6734 0.01
vt 0.6784 0.05
vt 0.6734 0.05
vt 0.6784 0.29
vt 0.6734 0.29
vt 0.6784 0.09
vt 0.6734 0.09
vt 0.6784 0.49
vt 0.6784 0.61
vt 0.6734 0.65
vt 0.6734 0.61
vt 0.6734 0.99
vt 0.6784 0.99
vt 0.6784 0.71
vt 0.6784 0.75
vt 0.6734 0.19
vt 0.6784 0.15
vt 0.6784 0.19
vt 0.6734 0.51
vt 0.6784 0.55
vt 0.9497 0.0553
vt 0.9698 0.01
vt 0.9497 0.01
vt 0.8492 0.55
vt 0.8643 0.54
vt 0.8643 0.55
vt 0.8543 0.51
vt 0.8945 0.65
vt 0.9095 0.64
vt 0.9095 0.65
vt 0.8492 0.41
vt 0.9196 0.95
vt 0.8442 0.99
vt 0.8442 0.95
vt 0.8643 0.56
vt 0.8492 0.56
vt 0.8392 0.55
vt 0.8442 0.54
vt 0.8442 0.55
vt 0.887 0.1995
vt 0.8855 0.1953
vt 0.887 0.1953
vt 0.8794 0.43
vt 0.8392 0.11
vt 0.7588 0.15
vt 0.7588 0.11
vt 0.8643 0.16
vt 0.8543 0.14
vt 0.8643 0.14
vt 0.8794 0.44
vt 0.8392 0.43
vt 0.8392 0.44
vt 0.887 0.18
vt 0.2286 0.15
vt 0.3116 0.1
vt 0.3116 0.15
vt 0.8894 0.39
vt 0.8844 0.4
vt 0.8844 0.39
vt 0.8794 0.39
vt 0.8693 0.39
vt 0.8744 0.4
vt 0.8693 0.4
vt 0.8643 0.39
vt 0.8593 0.4
vt 0.8593 0.39
vt 0.8945 0.39
vt 0.8995 0.4
vt 0.8945 0.4
vt 0.8543 0.39
vt 0.8643 0.4
vt 0.8643 0.39
vt 0.8894 0.39
vt 0.8894 0.4
vt 0.8844 0.39
vt 0.8794 0.4
vt 0.8794 0.39
vt 0.8492 0.39
vt 0.8442 0.4
vt 0.8442 0.39
vt 0.8744 0.39
vt 0.8945 0.39
vt 0.8543 0.4
vt 0.8492 0.4
vt 0.8532 0.3478
vt 0.8402 0.3622
vt 0.8469 0.3402
vt 0.8744 0.39
vt 0.8392 0.4
vt 0.8392 0.39
vt 0.8693 0.39
vt 0.8593 0.39
vt 0.8995 0.39
vt 0.8744 0.61
vt 0.8794 0.62
vt 0.8744 0.62
vt 0.8794 0.46
vt 0.887 0.1758
vt 0.8925 0.1672
vt 0.8925 0.1692
vt 0.8925 0.1908
vt 0.887 0.1995
vt 0.887 0.1842
vt 0.8894 0.1883
vt 0.8908 0.1924
vt 0.8894 0.1924
vt 0.8934 0.18
vt 0.887 0.18
vt 0.8925 0.1866
vt 0.8923 0.181
vt 0.8842 0.179
vt 0.8923 0.179
vt 0.8392 0.25
vt 0.7588 0.29
vt 0.7588 0.25
vt 0.8855 0.1758
vt 0.887 0.1605
vt 0.8894 0.64
vt 0.8894 0.65
vt 0.8894 0.18
vt 0.8863 0.1883
vt 0.8863 0.18
vt 0.8861 0.1832
vt 0.8828 0.1768
vt 0.8861 0.1768
vt 0.8837 0.1745
vt 0.8889 0.1858
vt 0.8868 0.1877
vt 0.8867 0.1914
vt 0.8933 0.1852
vt 0.8952 0.1745
vt 0.89 0.1858
vt 0.89 0.1696
vt 0.8855 0.1995
vt 0.8794 0.41
vt 0.8908 0.18
vt 0.8894 0.1842
vt 0.8894 0.18
vt 0.8855 0.18
vt 0.887 0.1647
vt 0.8855 0.1605
vt 0.887 0.1605
vt 0.8863 0.1758
vt 0.8894 0.1758
vt 0.891 0.1886
vt 0.8878 0.1887
vt 0.8878 0.1713
vt 0.8894 0.1705
vt 0.891 0.1714
vt 0.8392 0.19
vt 0.8794 0.18
vt 0.8794 0.19
vt 0.8392 0.17
vt 0.8794 0.17
vt 0.8392 0.16
vt 0.8794 0.16
vt 0.8961 0.1832
vt 0.8977 0.1768
vt 0.8977 0.1832
vt 0.8894 0.1676
vt 0.8908 0.1717
vt 0.8894 0.1717
vt 0.9146 0.63
vt 0.9095 0.63
vt 0.8874 0.1825
vt 0.8893 0.187
vt 0.8853 0.1825
vt 0.8893 0.173
vt 0.8874 0.1775
vt 0.8853 0.1775
vt 0.8945 0.64
vt 0.8889 0.1825
vt 0.8889 0.1775
vt 0.8894 0.63
vt 0.8945 0.63
vt 0.8906 0.1825
vt 0.8906 0.1775
vt 0.8914 0.1759
vt 0.8914 0.1841
vt 0.8914 0.1883
vt 0.8894 0.1924
vt 0.8914 0.1717
vt 0.8863 0.1842
vt 0.8392 0.26
vt 0.8392 0.18
vt 0.995 0.14
vt 0.9849 0.04
vt 0.995 0.04
vt 0.9146 0.65
vt 0.8934 0.1605
vt 0.8934 0.1647
vt 0.5 0.4167
vt 0.5 0.3333
vt 0.2286 0
vt 0.3116 0.05
vt 0.2286 0.05
vt 0.8863 0.1924
vt 0.9849 0.14
vt 0.9296 0.0553
vt 0.8665 0.1403
vt 0.8492 0.11
vt 0.8392 0.01
vt 0.8492 0.01
vt 0.8925 0.1717
vt 0.8908 0.1676
vt 0.8925 0.1676
vt 0.8966 0.1775
vt 0.995 0.99
vt 0.9196 1
vt 0.9171 0.995
vt 0.7588 0.59
vt 0.8392 0.59
vt 0.8934 0.1758
vt 0.9171 0.945
vt 0.995 0.95
vt 1 0.99
vt 1 0.95
vt 0.8863 0.1676
vt 0.8442 0.89
vt 0.9196 0.88
vt 0.9221 0.885
vt 0.9221 0.935
vt 0.8442 0.93
vt 0.9196 0.93
vt 0.9296 0.01
vt 0.9849 0.0475
vt 0.8842 0.181
vt 0.8544 0.1303
vt 0.2286 0.35
vt 0.3116 0.4
vt 0.2286 0.4
vt 0.8492 0.61
vt 0.8643 0.6
vt 0.8643 0.61
vt 0.9146 0.64
vt 0.9196 0.05
vt 0.9296 0.05
vt 0.9598 0.01
vt 0.9497 0.05
vt 0.9598 0.05
vt 0.995 0.01
vt 0.9849 0.01
vt 1 0.89
vt 0.995 0.93
vt 0.995 0.89
vt 0.8889 0.1904
vt 0.89 0.1904
vt 0.8863 0.1717
vt 0.2286 0.85
vt 0.3116 0.9
vt 0.2286 0.9
vt 0.8947 0.181
vt 0.1457 0.85
vt 0.2286 0.8
vt 0.8934 0.18
vt 0.8966 0.1825
vt 0.3116 0.95
vt 0.2286 0.95
vt 0.8442 0.65
vt 0.8392 0.64
vt 0.8442 0.64
vt 0.8889 0.1696
vt 0.8925 0.1883
vt 0.8908 0.1883
vt 0.8925 0.1734
vt 0.8925 0.1714
vt 0.8823 0.1775
vt 0.8823 0.1825
vt 0.8867 0.1686
vt 0.8855 0.1842
vt 0.8925 0.1842
vt 0.8925 0.18
vt 0.8392 0.85
vt 0.7588 0.89
vt 0.7588 0.85
vt 0.8744 0.41
vt 0.8794 0.2
vt 0.8908 0.1842
vt 0.8925 0.1758
vt 0.8928 0.1832
vt 0.8593 0.41
vt 0.8934 0.1842
vt 0.8442 0.66
vt 0.8392 0.65
vt 0.8392 0.41
vt 0.8928 0.1768
vt 0.8908 0.1758
vt 0.593 0.09
vt 0.593 0.05
vt 0.8925 0.1929
vt 0.3116 0.65
vt 0.2286 0.7
vt 0.2286 0.65
vt 0.8392 0.45
vt 0.7588 0.49
vt 0.7588 0.45
vt 0.8934 0.1953
vt 0.8934 0.1995
vt 0.4121 0.705
vt 0.5126 0.75
vt 0.4121 0.75
vt 0.9045 0.62
vt 0.8945 0.66
vt 0.593 0.75
vt 0.593 0.79
vt 0.8492 0.53
vt 0.8492 0.54
vt 0.8855 0.1995
vt 0.8894 0.66
vt 0.9146 0.66
vt 0.9095 0.66
vt 0.2286 0.5
vt 0.3116 0.45
vt 0.3116 0.5
vt 0.8392 0.15
vt 0.7588 0.19
vt 0.8844 0.51
vt 0.8442 0.41
vt 0.6734 0.91
vt 0.593 0.95
vt 0.593 0.91
vt 0.1457 0.45
vt 0.2286 0.45
vt 0.8492 0.13
vt 0.8643 0.53
vt 0.2286 0.2
vt 0.1457 0.15
vt 0.9296 0.07
vt 0.7588 0.69
vt 0.7588 0.65
vt 0.8392 0.31
vt 0.7588 0.35
vt 0.7588 0.31
vt 0.8693 0.61
vt 0.8693 0.62
vt 0.8844 0.41
vt 0.8693 0.41
vt 0.8844 0.47
vt 0.8844 0.48
vt 0.8492 0.67
vt 0.8442 0.67
vt 0.8442 0.53
vt 0.8442 0.52
vt 0.8961 0.1768
vt 0.8492 0.63
vt 0.8492 0.64
vt 0.8855 0.1605
vt 0.0452 0.58
vt 0.0452 0.55
vt 0.0854 0.55
vt 0.8492 0.47
vt 0.8392 0.29
vt 0.8492 0.66
vt 0.8693 0.66
vt 0.8693 0.67
vt 0.8933 0.1748
vt 0.8947 0.179
vt 0.8392 0.89
vt 0.8426 0.8069
vt 0.8401 0.775
vt 0.8426 0.7431
vt 0.85 0.7143
vt 0.8614 0.6914
vt 0.8759 0.6768
vt 0.9225 0.6914
vt 0.892 0.6717
vt 0.908 0.6768
vt 0.934 0.7143
vt 0.9413 0.7431
vt 0.9439 0.775
vt 0.9413 0.8069
vt 0.934 0.8357
vt 0.9225 0.8586
vt 0.908 0.8732
vt 0.892 0.8783
vt 0.8759 0.8732
vt 0.8614 0.8586
vt 0.85 0.8357
vt 0.8921 0.1877
vt 0.8794 0.37
vt 0.8844 0.37
vt 0.8925 0.1886
vt 0.8744 0.63
vt 0.8794 0.63
vt 0.8794 0.64
vt 0.3116 -0
vt 0.8531 0.3626
vt 0.8503 0.3679
vt 0.8466 0.3698
vt 0.8429 0.3677
vt 0.8393 0.3547
vt 0.8404 0.3474
vt 0.8431 0.3421
vt 0.8506 0.3423
vt 0.8542 0.3553
vt 0.8467 0.3698
vt 0.843 0.3678
vt 0.8403 0.3624
vt 0.8393 0.355
vt 0.8403 0.3476
vt 0.843 0.3422
vt 0.8467 0.3402
vt 0.8532 0.3476
vt 0.8504 0.3422
vt 0.8542 0.355
vt 0.8532 0.3624
vt 0.8504 0.3678
vt 0.2286 0.1
vt 0.593 0.41
vt 0.8693 0.65
vt 0.8693 0.64
vt 0.8744 0.64
vt 0.0452 0.35
vt 0.0452 0.38
vt 0.0151 0.37
vt 0.5126 0.95
vt 0.0151 0.57
vt 0.0151 0.55
vt -0 0.56
vt 0.0854 0.01
vt 0.0854 0.05
vt 0.0452 0.05
vt 0.8894 0.1895
vt 0.1457 0.9
vt 0.1457 0.95
vt 0.8794 0.61
vt 0.7588 0.91
vt 0.8887 0.1838
vt 0.8833 0.187
vt 0.8833 0.173
vt 0.8887 0.1762
vt 0.7588 0.05
vt 0.7588 0.09
vt 0.6734 0.71
vt 0.4121 0.805
vt 0.5126 0.81
vt 0.5126 0.85
vt 0.8907 0.1727
vt 0.8907 0.179
vt 0.8907 0.181
vt 0.8907 0.1873
vt 0.8907 0.1852
vt 0.8907 0.1915
vt 0.8907 0.1749
vt 0.8392 0.58
vt 0.8392 0.57
vt 0.8907 0.1685
vt 0.4121 0.65
vt 0.5126 0.65
vt 0.5126 0.69
vt 0.8492 0.65
vt 0.4121 0.005
vt 0.5126 0.29
vt 0.593 0.25
vt 0.593 0.29
vt 0.593 0.51
vt 0.5126 0.55
vt 0.5126 0.51
vt 0.4121 0.95
vt 0.3116 1
vt 0.4121 0.15
vt 0.8492 0.62
vt 0.5126 0.99
vt 0.8995 0.37
vt 0.3116 0.2
vt 0.7588 0.51
vt 0.6784 0.51
vt 0.3116 0.55
vt 0.4121 0.595
vt 0.3116 0.6
vt 0.7588 0.21
vt 0.8492 0.59
vt 0.8643 0.59
vt 0.5126 0.09
vt 0.5126 0.05
vt 0.8744 0.37
vt 0.3116 0.8
vt 0.3116 0.75
vt 0.4121 0.305
vt 0.3116 0.35
vt 0.3116 0.3
vt 0.8593 0.37
vt 0.8392 0.94
vt 0.9196 0.94
vt 0.8894 0.51
vt 0.8894 0.49
vt 0.7588 0.99
vt 0.4121 0.45
vt 0.1457 0.05
vt 0.1457 0.1
vt 0.593 0.01
vt 0.1457 0.75
vt 0.1457 0.8
vt 0.8492 0.6
vt 0.8442 0.62
vt 0.8442 0.63
vt 0.8392 0.63
vt 0.8643 0.37
vt 0.8392 0.56
vt 0.8442 0.56
vt 0.9196 0.99
vt 0.8392 0.21
vt 0.8442 0.57
vt 0.9196 0.89
vt 0.9849 0.16
vt 0.4121 0.25
vt 0.3116 0.25
vt 0.7588 0.01
vt 0.1457 0.2
vt 0.2286 0.25
vt 0.1457 0.25
vt 0.4121 0.505
vt 0.6784 0.41
vt 0.5126 0.91
vt 0.8744 0.37
vt 0.2286 1
vt 0.1457 1
vt 0.593 0.61
vt 0.593 0.65
vt 1 0.88
vt 0.3116 0.7
vt 0.7588 0.81
vt 0.6784 0.81
vt 0.1457 0.5
vt 0.8995 0.37
vt 0.8995 0.39
vt 0.1457 0.55
vt 0.2286 0.6
vt 0.1457 0.6
vt 0.5126 0.15
vt 0.593 0.19
vt 0.5126 0.19
vt 0.8693 0.37
vt 0.5126 0.35
vt 0.593 0.39
vt 0.5126 0.39
vt 0.8894 0.41
vt 0.8855 0.1647
vt 0.2286 0.75
vt 0.593 0.81
vt 0.8392 1
vt 0.5126 0.31
vt 0.593 0.35
vt 0.593 0.71
vt 0.5126 0.71
vt 0.4121 0.605
vt 0.8894 0.37
vt 0.8392 0.05
vt 0.8392 0.09
vt 0.2286 0.3
vt 0.1457 0.35
vt 0.1457 0.3
vt 0.3116 0.85
vt 0.5126 0.21
vt 0.5126 0.25
vt 0.4121 0.35
vt 0.7588 0.95
vt 0.4121 0.05
vt 0.4121 0.095
vt 0.5126 0.79
vt 0.8693 0.63
vt 1 0.94
vt 0.6784 0.31
vt 0.1457 0.7
vt 0.1457 0.65
vt 0.7588 0.39
vt 0.6784 0.89
vt 0.8492 0.37
vt 0.8543 0.37
vt 0.2286 0.55
vt 0.4121 0.895
vt 0.5126 0.11
vt 0.593 0.15
vt 0.593 0.69
vt 0.593 0.89
vt 0.5126 0.89
vt 0.8744 0.66
vt 0.8744 0.65
vt 0.8794 0.65
vt 0.593 0.55
vt 0.5126 0.59
vt 0.8392 0.54
vt 0.8945 0.37
vt 0.4121 0.205
vt 0.4121 0.55
vt 0.0151 0.45
vt 0.0151 0.47
vt -0 0.46
vt 0.0151 0.65
vt 0.0151 0.67
vt 0 0.66
vt 0.9196 0.01
vt 0.5126 0.45
vt 0.5126 0.41
vt 0.0452 0.18
vt 0.0151 0.17
vt 0.0151 0.15
vt 0.0452 0.78
vt 0.0452 0.75
vt 0.0854 0.75
vt 0.0854 0.29
vt 0.0854 0.25
vt 0.0151 0.05
vt 0.0151 0.03
vt 0.8392 0.93
vt 0.8392 0.61
vt 0.8392 0.6
vt 0.8442 0.6
vt 0.6784 0.01
vt 0.8925 0.1924
vt 0.6734 0.15
vt 0.8744 0.67
vt 0.8794 0.66
vt 0.7588 0.55
vt 0.0854 0.85
vt 0.0854 0.81
vt 0.0854 0.69
vt 0.0854 0.65
vt 0.0452 0.25
vt 0.0452 0.22
vt 0.0452 0.65
vt 0.0452 0.68
vt 0.0452 0.45
vt 0.0452 0.48
vt 0.4121 0.295
vt 0.1457 -0
vt 0.7588 0.61
vt 0.8442 0.61
vt 0.0151 0.77
vt 0.0151 0.75
vt 0.0452 0.98
vt 0.0151 0.97
vt 0.0151 0.95
vt 0.0151 0.85
vt 0.0151 0.87
vt -0 0.86
vt 0.8392 0.67
vt 0.4121 0.905
vt 0.8392 0.75
vt 0.8893 0.6556
vt 0.8886 0.6587
vt 0.8802 0.6587
vt 0.593 0.59
vt 0.6784 0.11
vt 0.0854 0.09
vt 0.0452 0.08
vt 0.8442 0.59
vt 0.8543 0.16
vt 0.8995 0.41
vt 0.8945 0.41
vt 0.8543 0.41
vt 0.0151 0.35
vt -0 0.36
vt 0.1457 0.4
vt 0.8392 0.13
vt 0.8392 0.88
vt 0.4121 0.995
vt 0.0854 0.35
vt 0.0854 0.39
vt 0.593 0.99
vt 1 0.93
vt 0.593 0.85
vt 0.0452 0.52
vt 0.0854 0.51
vt 0.0854 0.89
vt 0.0452 0.88
vt 0.0452 0.85
vt 0.0854 0.19
vt 0.0452 0.15
vt 0 0.55
vt 0 0.54
vt 0.8844 0.37
vt 0.4121 0.85
vt 0.8392 0.81
vt 0.8392 0.66
vt 0.5126 0.49
vt 0.4121 0.495
vt 0 0.05
vt -0 0.04
vt 0.6734 0.21
vt 0.8392 0.62
vt 0.8593 0.37
vt 0 0.35
vt -0 0.34
vt 0 0.95
vt 0 0.94
vt 1 1
vt 0 0.75
vt 0 0.74
vt 0.9533 0.8781
vt 0.0151 0.43
vt 0.0452 0.82
vt 0.4121 0.395
vt 0.0151 0.83
vt 0 0.85
vt 0.8868 0.6629
vt 0.882 0.6629
vt 0.8894 0.6351
vt 0.8802 0.6392
vt 0.8795 0.6351
vt 0.8794 0.67
vt 0.8869 0.6434
vt 0.8844 0.6449
vt 0.882 0.6434
vt 0.0854 0.11
vt 0.0854 0.15
vt 0.0854 0.61
vt 0.0854 0.31
vt 0.0854 0.45
vt 0.0854 0.41
vt 0.0854 0.95
vt 0.0854 0.91
vt 0.0854 0.49
vt 0.0854 0.71
vt 0.0854 0.79
vt 0.0151 0.33
vt 0.0452 0.32
vt 0.0854 0.99
vt 0.0452 0.42
vt 0.0854 0.59
vt 0.0854 0.21
vt 0.0452 0.28
vt 0.0452 0.92
vt 0.0151 0.27
vt 0.0452 0.02
vt 0.0452 0.62
vt 0 0.14
vt 0.0151 0.13
vt 0.0452 0.72
vt 0.0452 0.12
vt 0.0151 0.63
vt 0.0151 0.25
vt 0.0151 0.23
vt 0.0452 0.95
vt 0.0151 0.93
vt 0.0151 0.53
vt 0.0151 0.07
vt 0.8643 0.37
vt 0.8693 0.37
vt 0 0.76
vt -0 0.96
vt 0 0.24
vt 0 0.84
vt -0 0.06
vt 0 0.26
vt 0 0.25
vt 0 0.64
vt 0 0.16
vt 0 0.15
vt 0.0151 0.73
vt 0 0.65
vt -0 0.45
vt 0.4121 0.695
vt 0.4121 0.405
vt 0.4121 0.195
vt 0.4121 0.795
vt 0.4121 0.105
vt 0.5126 0.01
vt 0.593 0.21
vt 0.593 0.31
vt 0.593 0.11
vt 0.8392 0.35
vt 0.7588 0.41
vt 0.8392 0.91
vt 0.8392 0.95
vt 0.7588 0.79
vt 0.8392 0.99
vt 0.8643 0.57
vt 0.8643 0.58
vt 0.8644 0.6
vt 0.8658 0.593
vt 0.8693 0.5901
vt 0.8802 0.6587
vt 0.8796 0.6556
vt 0.8945 0.37
vt 0.8442 0.37
vt 0.8794 0.37
vt 0.8392 0.37
vt 0.8894 0.37
vt 0.6734 0.11
vt 0.8869 0.6434
vt 0.882 0.6434
vt -0 0.44
vt 0.8844 0.6644
vt 0.8887 0.6392
vt 0.9673 0.8409
vt 0.969 0.8478
vt 0.9695 0.8553
vt 0.9689 0.8628
vt 0.9671 0.8696
vt 0.9644 0.8749
vt 0.9609 0.8783
vt 0.9571 0.8794
vt 0.95 0.8745
vt 0.9473 0.8691
vt 0.9456 0.8622
vt 0.9457 0.8472
vt 0.9475 0.8404
vt 0.9502 0.8351
vt 0.9575 0.8306
vt 0.9646 0.8355
vt 0.8729 0.593
vt 0.8743 0.6
vt 0.8729 0.607
vt 0.8693 0.6099
vt 0.8658 0.607
vt 0.8392 0.53
vt 0.8729 0.593
vt 0.8887 0.6392
vt 0.8886 0.6587
vt 0.5126 0.61
vt 0.8392 0.69
vt 0.8392 0.79
vt 0.9497 0.07
s 1
f 46/1 47/2 48/3
f 569/4 568/5 567/6
f 52/7 53/8 54/9
f 335/10 344/11 343/12
f 339/1 344/11 340/13
f 2452/14 195/15 2465/16
f 44/17 52/7 45/18
f 1139/19 1137/20 1138/21
f 66/22 57/23 56/24
f 2397/25 2391/26 2396/27
f 67/28 58/29 60/30
f 190/31 184/32 188/33
f 1167/34 1165/35 1168/36
f 356/37 361/38 359/28
f 57/23 70/39 59/40
f 352/40 362/41 361/39
f 349/23 357/22 350/24
f 264/42 2502/43 2456/44
f 1269/45 1267/36 1268/34
f 228/46 233/47 225/48
f 251/49 218/50 217/51
f 214/52 216/53 213/54
f 223/55 238/56 221/57
f 225/48 215/58 214/59
f 196/60 246/61 231/62
f 226/63 243/64 241/65
f 221/66 251/49 217/51
f 323/67 328/68 324/69
f 220/70 252/71 245/72
f 232/73 249/74 247/75
f 230/76 242/77 227/78
f 220/70 234/79 228/80
f 227/78 239/81 224/82
f 195/15 216/53 250/83
f 246/84 229/85 231/86
f 230/87 247/75 244/88
f 223/55 241/89 237/90
f 219/91 240/92 252/93
f 195/94 248/95 196/60
f 797/96 795/97 796/98
f 338/18 339/1 335/3
f 272/99 274/100 271/101
f 345/102 346/7 341/9
f 633/103 639/104 638/105
f 2452/14 214/52 213/54
f 67/28 65/106 63/37
f 2445/107 949/108 953/109
f 272/99 302/110 300/111
f 276/112 278/113 275/114
f 1810/115 1829/116 1808/117
f 351/30 356/37 359/28
f 60/30 68/118 67/28
f 256/119 2536/120 2524/121
f 1183/122 1187/123 1186/124
f 361/39 349/23 352/40
f 351/30 360/118 354/125
f 355/126 348/29 347/127
f 487/116 463/128 466/117
f 2473/129 78/130 76/131
f 420/132 445/133 418/134
f 445/133 416/135 418/134
f 364/136 398/137 390/138
f 436/139 448/140 432/141
f 377/142 394/143 393/144
f 448/140 430/145 432/141
f 364/136 389/146 365/147
f 379/148 393/144 385/149
f 381/150 400/151 383/152
f 371/153 395/154 373/155
f 383/152 398/137 387/156
f 443/144 420/132 422/157
f 371/153 397/158 396/159
f 408/160 402/161 406/162
f 416/135 437/137 413/163
f 369/145 399/140 397/158
f 426/155 442/164 424/165
f 434/159 426/155 428/153
f 440/138 436/139 414/166
f 375/165 395/154 394/164
f 367/167 389/146 399/140
f 430/145 434/159 428/153
f 442/143 422/157 424/168
f 927/169 930/170 928/171
f 379/148 386/133 381/150
f 59/40 69/41 61/172
f 1535/173 1533/174 1536/175
f 1731/176 1729/177 1730/178
f 2161/179 2163/180 2160/181
f 2355/182 2374/178 2356/183
f 1438/184 1440/117 1437/128
f 1905/185 1907/186 1908/187
f 253/188 2470/189 2501/190
f 1833/191 1810/192 1811/173
f 1810/192 1812/175 1811/173
f 635/193 633/103 634/194
f 1972/195 1982/196 1973/197
f 1746/198 1748/199 1745/200
f 1919/201 1909/202 1915/203
f 483/204 471/185 467/205
f 1828/206 1820/207 1819/208
f 1552/206 1544/207 1543/208
f 1923/209 1914/178 1913/177
f 69/210 67/28 68/118
f 2166/196 2156/195 2161/179
f 1384/193 1386/103 1383/194
f 1501/211 1520/212 1502/213
f 469/173 488/214 491/191
f 2017/191 1994/192 1995/173
f 459/215 489/216 479/217
f 2340/195 2338/218 2339/219
f 1971/219 1973/197 1970/218
f 2390/198 2395/220 2391/221
f 498/222 503/223 504/224
f 2216/225 2218/226 2215/227
f 1942/226 1944/228 1943/229
f 2311/229 2313/230 2314/231
f 2034/226 2036/228 2035/229
f 1935/232 1937/233 1936/234
f 2337/235 2327/236 2326/237
f 1156/238 1158/104 1153/239
f 516/240 513/241 515/242
f 519/243 521/244 522/245
f 1276/246 1278/194 1275/193
f 2135/247 2139/244 2138/248
f 1292/246 1296/249 1295/250
f 1579/251 1586/248 1585/252
f 2256/212 2239/197 2238/213
f 524/237 526/253 528/213
f 538/195 531/254 543/179
f 546/212 540/255 535/256
f 537/219 542/235 530/257
f 1870/213 1891/258 1871/197
f 677/250 673/193 678/249
f 752/36 750/45 749/35
f 571/6 574/259 572/5
f 561/6 564/259 562/5
f 1479/227 1481/260 1482/226
f 1173/261 1189/262 1174/263
f 1070/104 1072/264 1069/105
f 620/105 622/246 617/104
f 1525/215 1548/265 1526/266
f 648/267 646/267 645/268
f 1199/104 1201/264 1202/105
f 574/5 575/4 576/259
f 1409/268 1407/268 1408/267
f 755/268 753/268 756/267
f 2447/269 80/270 2515/271
f 1796/212 1784/272 1799/258
f 1845/25 1839/26 1844/27
f 1013/103 1019/104 1018/105
f 2293/191 2270/192 2271/173
f 1301/268 1299/268 1300/267
f 759/19 757/20 758/21
f 1080/36 1076/103 1069/105
f 2078/266 2097/217 2100/265
f 1282/20 1276/246 1279/21
f 1049/104 1057/21 1060/20
f 1229/268 1227/268 1230/267
f 597/104 605/21 608/20
f 659/103 649/36 652/35
f 2201/191 2178/192 2179/173
f 1044/20 1038/246 1041/21
f 793/273 798/274 803/275
f 808/273 794/263 793/261
f 1083/19 1081/20 1082/21
f 1185/276 1180/277 1184/278
f 801/119 804/278 805/276
f 1592/279 1607/280 1606/281
f 355/126 358/106 356/37
f 1768/282 1763/251 1769/252
f 58/29 64/126 55/127
f 1426/273 1421/122 1424/124
f 1877/235 1867/236 1866/237
f 621/193 623/103 624/194
f 950/283 2472/284 2482/285
f 2511/286 267/112 266/287
f 1812/288 1805/128 1811/173
f 2459/289 954/290 2445/107
f 947/291 954/290 945/292
f 1502/213 1523/258 1503/197
f 1984/293 1971/219 1970/218
f 956/294 2492/295 2493/296
f 2503/297 955/298 2513/299
f 1191/274 1184/278 1190/300
f 806/275 805/276 811/274
f 808/273 811/274 812/96
f 812/96 809/301 808/273
f 1415/96 1413/97 1414/98
f 483/204 472/302 471/185
f 803/275 801/276 802/303
f 1416/274 1418/278 1419/276
f 2055/197 2050/237 2054/213
f 611/268 609/268 612/267
f 964/105 966/246 961/104
f 1067/19 1065/20 1066/21
f 2478/304 106/305 2450/306
f 1344/104 1350/103 1349/246
f 600/105 602/246 597/104
f 683/268 681/268 682/267
f 2064/195 2074/196 2065/197
f 1102/21 1106/104 1111/246
f 1337/268 1335/268 1336/267
f 633/103 641/36 644/35
f 1013/103 1021/36 1024/35
f 991/268 989/268 992/267
f 1118/21 1122/104 1127/246
f 736/36 732/103 725/105
f 1274/105 1276/246 1271/104
f 1387/35 1379/105 1390/36
f 1173/273 1178/274 1183/275
f 311/307 316/308 312/309
f 685/239 691/310 690/104
f 810/300 798/311 811/312
f 796/313 812/314 797/315
f 795/316 809/262 813/317
f 941/318 943/319 944/320
f 1207/250 1203/193 1208/249
f 1431/97 1430/96 1432/98
f 1324/104 1330/103 1329/246
f 1106/104 1112/103 1111/246
f 798/274 800/278 801/276
f 1186/275 1185/276 1191/274
f 1188/273 1191/274 1192/96
f 1192/96 1189/301 1188/273
f 813/97 812/96 814/98
f 635/193 636/246 633/103
f 1183/275 1181/276 1182/303
f 1429/274 1422/278 1428/300
f 481/321 478/207 482/322
f 1374/267 1372/267 1371/268
f 1958/237 1963/197 1957/323
f 1023/45 1021/36 1022/34
f 1027/268 1025/268 1028/267
f 726/104 732/103 731/246
f 1647/209 1638/178 1637/177
f 2525/324 86/325 2496/326
f 1724/187 1717/327 1721/185
f 1003/103 993/36 996/35
f 718/267 720/267 717/268
f 773/20 783/246 774/21
f 1319/20 1329/246 1320/21
f 87/328 2448/329 2525/324
f 664/20 658/246 661/21
f 1039/103 1029/36 1032/35
f 1908/187 1901/327 1905/185
f 1241/103 1231/36 1234/35
f 1411/273 1416/274 1421/275
f 538/195 536/218 537/219
f 1622/330 1627/173 1628/288
f 1861/252 1856/331 1855/251
f 808/273 803/122 806/124
f 279/307 284/308 280/309
f 742/104 744/264 741/105
f 1468/214 1433/215 1436/183
f 1177/96 1175/97 1176/98
f 2496/326 84/332 2474/333
f 1251/103 1257/104 1256/105
f 881/334 870/335 880/336
f 1424/275 1423/276 1429/274
f 1426/273 1429/274 1430/96
f 1430/96 1427/301 1426/273
f 1193/97 1192/96 1194/98
f 1919/201 1910/337 1909/202
f 1421/275 1419/276 1420/303
f 1178/274 1180/278 1181/276
f 2270/192 2272/175 2271/173
f 1714/184 1716/117 1713/128
f 2333/338 2347/180 2346/339
f 1349/246 1341/249 1340/250
f 461/340 459/215 460/341
f 1997/185 1999/186 2000/187
f 643/45 641/36 642/34
f 980/105 982/246 977/104
f 1547/176 1545/177 1546/178
f 1435/182 1454/178 1436/183
f 1540/187 1533/327 1537/185
f 2320/342 2317/242 2316/343
f 1458/344 1448/187 1447/186
f 1642/344 1632/187 1631/186
f 484/344 474/187 473/186
f 2103/201 2093/202 2099/203
f 2013/116 1989/128 1992/117
f 1704/212 1692/272 1707/258
f 1171/268 1169/268 1170/267
f 1436/183 1464/345 1468/214
f 1006/19 1008/20 1005/21
f 2158/346 2145/211 2144/347
f 261/348 2457/349 2480/350
f 438/351 440/138 437/137
f 461/182 480/178 462/183
f 2391/26 2389/200 2390/198
f 2022/198 2027/220 2023/221
f 1472/222 1477/223 1478/224
f 1663/227 1665/260 1666/226
f 2126/226 2128/228 2127/229
f 1762/231 1760/228 1761/230
f 2037/5 2031/227 2038/352
f 2027/232 2029/233 2028/234
f 2119/232 2121/233 2120/234
f 1968/293 1958/237 1957/323
f 1490/240 1487/241 1489/242
f 1493/243 1495/244 1496/245
f 390/138 392/38 389/146
f 1592/347 1613/353 1593/211
f 1874/211 1872/354 1873/347
f 1469/200 1473/355 1470/198
f 2077/215 2107/216 2097/217
f 1498/237 1500/253 1502/213
f 1512/195 1505/254 1517/179
f 1520/212 1514/255 1509/256
f 1511/219 1516/235 1504/257
f 1895/340 1893/215 1894/341
f 468/192 470/175 469/173
f 2058/211 2056/354 2057/347
f 457/356 433/158 448/140
f 2179/173 2177/174 2180/175
f 2342/281 2327/236 2343/280
f 51/102 47/13 46/1
f 1461/116 1437/128 1440/117
f 2086/192 2088/175 2087/173
f 1547/357 1528/183 1527/182
f 1463/209 1454/178 1453/177
f 565/6 568/259 566/5
f 1459/201 1449/202 1455/203
f 1549/204 1537/185 1533/205
f 2288/206 2280/207 2279/208
f 840/358 829/359 839/334
f 1103/19 1101/20 1102/21
f 477/208 475/202 476/337
f 1052/105 1054/246 1049/104
f 1774/237 1791/280 1775/236
f 1787/219 1789/197 1786/218
f 1535/173 1554/214 1557/191
f 1455/321 1452/207 1456/322
f 1525/215 1555/216 1545/217
f 63/37 66/360 64/126
f 1127/246 1119/249 1118/250
f 1561/200 1570/224 1566/361
f 1564/222 1569/223 1570/224
f 1853/230 1851/229 1852/228
f 2221/5 2215/227 2222/352
f 2130/231 2128/228 2129/230
f 1574/226 1576/228 1575/229
f 1163/246 1155/249 1154/250
f 626/19 628/20 625/21
f 531/338 545/180 544/339
f 1582/240 1579/241 1581/242
f 1585/243 1587/244 1588/245
f 1584/282 1579/251 1585/252
f 2074/196 2068/181 2076/272
f 1517/179 1524/272 1522/196
f 2333/347 2335/362 2332/354
f 1342/238 1344/104 1339/239
f 1590/237 1592/253 1594/213
f 1604/195 1597/254 1609/179
f 1612/212 1606/255 1601/256
f 1603/219 1608/235 1596/257
f 1902/192 1904/175 1903/173
f 2082/184 2084/117 2081/128
f 1443/173 1462/214 1465/191
f 1414/313 1430/314 1415/315
f 2099/176 2097/177 2098/178
f 2181/185 2183/186 2184/187
f 227/78 2467/363 2454/364
f 1737/116 1713/128 1716/117
f 2374/178 2376/365 2373/177
f 1423/276 1418/277 1422/278
f 95/366 2497/367 2526/368
f 1617/215 1640/265 1618/266
f 2285/204 2273/185 2269/205
f 1641/204 1629/185 1625/205
f 2378/344 2368/187 2367/186
f 2379/201 2369/202 2375/203
f 1000/105 1002/246 997/104
f 1547/321 1544/207 1548/322
f 269/369 2471/370 2535/371
f 1065/239 1071/310 1070/104
f 1626/115 1645/116 1624/117
f 2247/219 2249/197 2246/218
f 2105/116 2081/128 2084/117
f 1617/215 1647/216 1637/217
f 496/198 498/199 495/200
f 1718/115 1715/372 1717/373
f 1562/198 1567/220 1563/221
f 1656/222 1661/223 1662/224
f 2400/225 2402/226 2399/227
f 511/5 505/227 512/352
f 2506/374 211/375 2487/376
f 1758/226 1760/228 1759/229
f 400/151 401/351 398/137
f 1009/21 1011/377 1012/20
f 1569/25 1563/26 1568/27
f 1674/240 1671/241 1673/242
f 1677/243 1679/244 1680/245
f 1995/173 2014/214 2017/191
f 1162/193 1164/103 1161/194
f 1149/378 1145/194 1148/103
f 1657/355 1653/200 1658/361
f 1952/282 1947/251 1953/252
f 1682/237 1684/253 1686/213
f 1696/195 1689/254 1701/179
f 1704/212 1698/255 1693/256
f 1695/219 1700/235 1688/257
f 1619/340 1617/215 1618/341
f 464/184 466/117 463/128
f 1810/115 1807/372 1809/373
f 2477/379 221/57 2499/380
f 2263/340 2261/215 2262/341
f 1629/185 1631/186 1632/187
f 1614/196 1604/195 1609/179
f 311/381 306/100 305/382
f 2282/178 2284/365 2281/177
f 2294/383 2268/117 2270/115
f 1465/191 1442/192 1443/173
f 1141/105 1143/310 1144/264
f 1734/344 1724/187 1723/186
f 1644/206 1636/207 1635/208
f 2287/201 2277/202 2283/203
f 2104/206 2096/207 2095/208
f 1652/214 1617/215 1620/183
f 1503/197 1498/237 1502/213
f 1557/191 1534/192 1535/173
f 1305/249 1313/246 1312/193
f 1677/252 1675/247 1678/248
f 1719/173 1738/214 1741/191
f 651/45 649/36 650/34
f 1709/215 1739/216 1729/217
f 460/266 479/217 482/265
f 1684/347 1705/353 1685/211
f 1838/198 1843/220 1839/221
f 1748/222 1753/223 1754/224
f 2038/231 2036/228 2037/230
f 1761/5 1755/227 1762/352
f 1572/225 1574/226 1571/227
f 1853/5 1847/227 1854/352
f 2231/244 2225/242 2232/245
f 386/133 402/210 400/151
f 2180/288 2173/128 2179/173
f 1766/240 1763/241 1765/242
f 1769/243 1771/244 1772/245
f 1711/182 1730/178 1712/183
f 1404/384 1402/103 1403/378
f 687/249 695/246 694/193
f 980/105 974/385 973/386
f 1157/105 1163/246 1158/104
f 1774/237 1776/253 1778/213
f 1788/195 1781/254 1793/179
f 1796/212 1790/255 1785/256
f 1787/219 1792/235 1780/257
f 2355/340 2353/215 2354/341
f 2358/184 2360/117 2357/128
f 2298/198 2300/199 2297/200
f 2498/387 104/388 102/389
f 1718/192 1720/175 1719/173
f 2089/185 2091/186 2092/187
f 1141/105 1147/246 1142/104
f 1632/187 1625/327 1629/185
f 481/176 479/177 480/178
f 1823/357 1804/183 1803/182
f 1218/105 1220/246 1215/104
f 570/5 571/4 572/259
f 1550/344 1540/187 1539/186
f 2286/344 2276/187 2275/186
f 1735/201 1725/202 1731/203
f 1551/201 1541/202 1547/203
f 255/390 2491/391 2536/120
f 346/7 337/17 342/392
f 703/19 701/20 702/21
f 1804/183 1832/345 1836/214
f 1493/252 1488/331 1487/251
f 1240/246 1242/194 1239/193
f 1612/212 1600/272 1615/258
f 1132/386 1124/264 1131/385
f 2390/198 2394/361 2393/355
f 1698/281 1683/236 1699/280
f 1930/198 1935/220 1931/221
f 1840/222 1845/223 1846/224
f 506/225 508/226 505/227
f 2218/226 2220/228 2219/229
f 2406/231 2404/228 2405/230
f 2405/5 2399/227 2406/352
f 1790/346 1777/211 1776/347
f 1266/267 1264/267 1263/268
f 1096/386 1088/264 1095/385
f 1858/240 1855/241 1857/242
f 1861/243 1863/244 1864/245
f 1120/238 1122/104 1117/239
f 730/193 732/103 729/194
f 1370/386 1362/264 1369/385
f 2022/198 2024/199 2021/200
f 434/159 454/393 441/154
f 1866/237 1868/253 1870/213
f 1880/195 1873/254 1885/179
f 1888/212 1882/255 1877/256
f 1879/219 1884/235 1872/257
f 2191/176 2189/177 2190/178
f 1990/184 1992/117 1989/128
f 1117/20 1119/19 1120/377
f 1167/385 1157/105 1160/264
f 1915/176 1913/177 1914/178
f 1813/185 1815/186 1816/187
f 1739/209 1730/178 1729/177
f 218/394 2500/395 2488/396
f 1639/176 1637/177 1638/178
f 1915/357 1896/183 1895/182
f 2383/209 2374/178 2373/177
f 1176/313 1192/314 1177/315
f 2102/344 2092/187 2091/186
f 1917/204 1905/185 1901/205
f 2011/201 2001/202 2007/203
f 2195/201 2185/202 2191/203
f 2375/321 2372/207 2376/322
f 1520/212 1508/272 1523/258
f 1448/187 1441/327 1445/185
f 1052/105 1046/385 1045/386
f 1073/194 1075/246 1076/103
f 1903/173 1922/214 1925/191
f 1829/116 1805/128 1808/117
f 1893/215 1923/216 1913/217
f 1387/378 1383/194 1386/103
f 1837/200 1839/26 1840/199
f 2114/198 2119/220 2115/221
f 1932/222 1937/223 1938/224
f 1848/225 1850/226 1847/227
f 2310/226 2312/228 2311/229
f 1578/231 1576/228 1577/230
f 1485/5 1479/227 1486/352
f 1680/245 1672/343 1676/342
f 103/397 2450/306 2527/398
f 1695/219 1697/197 1694/218
f 1950/240 1947/241 1949/242
f 1953/243 1955/244 1956/245
f 2088/288 2081/128 2087/173
f 2410/240 2414/248 2411/247
f 1896/183 1924/345 1928/214
f 1306/238 1308/104 1303/239
f 1425/399 1419/119 1423/276
f 1958/237 1960/253 1962/213
f 1972/195 1965/254 1977/179
f 1980/212 1974/255 1969/256
f 1971/219 1976/235 1964/257
f 1454/178 1456/365 1453/177
f 2266/184 2268/117 2265/128
f 2052/347 2073/353 2053/211
f 1986/266 2005/217 2008/265
f 1711/340 1709/215 1710/341
f 2273/185 2275/186 2276/187
f 597/104 607/238 598/310
f 362/210 359/28 361/38
f 1654/198 1659/220 1655/221
f 1987/182 2006/178 1988/183
f 1202/105 1204/246 1199/104
f 1511/219 1506/211 1512/195
f 2010/344 2000/187 1999/186
f 1457/204 1445/185 1441/205
f 1733/204 1721/185 1717/205
f 1920/206 1912/207 1911/208
f 1744/214 1709/215 1712/183
f 1915/321 1912/207 1916/322
f 474/187 467/327 471/185
f 1354/386 1346/264 1353/385
f 1994/115 2013/116 1992/117
f 1682/237 1699/280 1683/236
f 2000/187 1993/327 1997/185
f 1985/215 2015/216 2005/217
f 440/138 458/38 446/146
f 2024/199 2028/27 2029/25
f 1837/200 1846/224 1842/361
f 2024/222 2029/223 2030/224
f 2308/225 2310/226 2307/227
f 2129/5 2123/227 2130/352
f 1486/231 1484/228 1485/230
f 1577/5 1571/227 1578/352
f 1002/246 1004/194 1001/193
f 1753/25 1747/26 1752/27
f 1974/281 1959/236 1975/280
f 2042/240 2039/241 2041/242
f 2045/243 2047/244 2048/245
f 2264/183 2292/345 2296/214
f 1950/240 1954/248 1951/247
f 470/288 463/128 469/173
f 274/100 279/381 280/400
f 2190/178 2204/214 2172/183
f 2050/237 2052/253 2054/213
f 2064/195 2057/254 2069/179
f 2072/212 2066/255 2061/256
f 2063/219 2068/235 2056/257
f 1527/340 1525/215 1526/341
f 1530/184 1532/117 1529/128
f 543/179 550/272 548/196
f 2066/281 2051/236 2067/280
f 1803/340 1801/215 1802/341
f 1445/185 1447/186 1448/187
f 741/105 747/246 742/104
f 2197/116 2173/128 2176/117
f 2079/340 2077/215 2078/341
f 2458/401 75/402 2473/129
f 2283/321 2280/207 2284/322
f 1421/122 1425/123 1424/124
f 1643/201 1633/202 1639/203
f 2101/204 2089/185 2085/205
f 2012/206 2004/207 2003/208
f 2196/206 2188/207 2187/208
f 1921/116 1897/128 1900/117
f 1389/34 1387/35 1390/36
f 1416/403 1430/314 1429/312
f 798/403 812/314 811/312
f 2086/115 2105/116 2084/117
f 1057/21 1059/377 1060/20
f 1645/116 1621/128 1624/117
f 1811/173 1830/214 1833/191
f 966/246 968/194 965/193
f 2262/266 2281/217 2284/265
f 2205/200 2214/224 2210/361
f 2116/222 2121/223 2122/224
f 2033/260 2031/227 2032/225
f 1850/226 1852/228 1851/229
f 1670/231 1668/228 1669/230
f 508/226 510/228 509/229
f 1842/361 1843/232 1841/355
f 2084/117 2085/373 2086/115
f 2179/173 2198/214 2201/191
f 2134/240 2131/241 2133/242
f 2137/243 2139/244 2140/245
f 622/246 626/249 625/250
f 2422/213 2441/353 2440/212
f 2394/361 2395/232 2393/355
f 1603/219 1605/197 1602/218
f 395/154 408/106 407/393
f 2142/237 2144/253 2146/213
f 2156/195 2149/254 2161/179
f 2164/212 2158/255 2153/256
f 2155/219 2160/235 2148/257
f 2362/192 2364/175 2363/173
f 1806/184 1808/117 1805/128
f 2229/252 2227/247 2230/248
f 2205/200 2207/26 2208/199
f 2174/184 2176/117 2173/128
f 2365/185 2367/186 2368/187
f 656/105 658/246 653/104
f 1816/187 1809/327 1813/185
f 2171/340 2169/215 2170/341
f 2363/173 2358/330 2357/128
f 265/359 2456/404 2479/405
f 2170/266 2189/217 2192/265
f 2194/344 2184/187 2183/186
f 2009/204 1997/185 1993/205
f 2380/206 2372/207 2371/208
f 486/206 478/207 477/208
f 707/310 701/239 704/238
f 2072/212 2060/272 2075/258
f 494/214 459/215 462/183
f 2044/282 2039/251 2045/252
f 2178/115 2197/116 2176/117
f 1769/252 1767/247 1770/248
f 351/30 353/172 352/40
f 1893/215 1916/265 1894/266
f 2136/342 2133/242 2132/343
f 1393/19 1391/20 1392/21
f 495/200 504/224 500/361
f 2208/222 2213/223 2214/224
f 1756/225 1758/226 1755/227
f 2402/226 2404/228 2403/229
f 1943/229 1945/230 1946/231
f 1669/5 1663/227 1670/352
f 1934/361 1935/232 1933/355
f 2323/244 2317/242 2324/245
f 998/310 1008/239 1007/238
f 2226/240 2223/241 2225/242
f 2229/243 2231/244 2232/245
f 1244/19 1246/20 1243/21
f 783/246 781/194 782/193
f 1798/196 1792/181 1800/272
f 2442/196 2436/181 2444/272
f 1677/252 1672/331 1671/251
f 2234/237 2236/253 2238/213
f 2248/195 2241/254 2253/179
f 2256/212 2250/255 2245/256
f 2247/219 2252/235 2240/257
f 1435/340 1433/215 1434/341
f 1442/192 1444/175 1443/173
f 2158/281 2143/236 2159/280
f 1474/361 1475/232 1473/355
f 1994/192 1996/175 1995/173
f 1537/185 1539/186 1540/187
f 2095/208 2093/202 2094/337
f 1649/191 1626/192 1627/173
f 1987/340 1985/215 1986/341
f 2263/182 2282/178 2264/183
f 2199/209 2190/178 2189/177
f 1838/198 1842/361 1841/355
f 1826/344 1816/187 1815/186
f 1825/204 1813/185 1809/205
f 1460/206 1452/207 1451/208
f 1736/206 1728/207 1727/208
f 235/406 2455/407 2470/408
f 1553/116 1529/128 1532/117
f 1151/34 1149/35 1152/36
f 661/250 657/193 662/249
f 2319/247 2323/244 2322/248
f 2265/128 2293/191 2271/173
f 771/34 769/35 772/36
f 2261/215 2291/216 2281/217
f 433/158 455/106 434/159
f 1778/213 1799/258 1779/197
f 2389/200 2398/224 2394/361
f 2300/222 2305/223 2306/224
f 1940/225 1942/226 1939/227
f 2313/5 2307/227 2314/352
f 2222/231 2220/228 2221/230
f 1482/226 1484/228 1483/229
f 462/183 490/345 494/214
f 1472/199 1476/27 1477/25
f 1394/238 1396/104 1391/239
f 2318/240 2315/241 2317/242
f 2321/243 2323/244 2324/245
f 1587/244 1581/242 1588/245
f 2329/211 2348/212 2330/213
f 2425/347 2427/362 2424/354
f 1879/219 1881/197 1878/218
f 1178/403 1192/314 1191/312
f 2326/237 2328/253 2330/213
f 2340/195 2333/254 2345/179
f 2348/212 2342/255 2337/256
f 2339/219 2344/235 2332/257
f 1626/192 1628/175 1627/173
f 1622/184 1624/117 1621/128
f 501/232 503/233 502/234
f 1720/288 1713/128 1719/173
f 1823/176 1821/177 1822/178
f 471/185 473/186 474/187
f 2187/208 2185/202 2186/337
f 1798/196 1788/195 1793/179
f 2007/176 2005/177 2006/178
f 1220/246 1222/194 1219/193
f 2020/214 1985/215 1988/183
f 2354/266 2373/217 2376/265
f 2193/204 2181/185 2177/205
f 2377/204 2365/185 2361/205
f 1827/201 1817/202 1823/203
f 485/201 475/202 481/203
f 2296/214 2261/215 2264/183
f 2099/321 2096/207 2100/322
f 791/268 789/268 790/267
f 1788/195 1783/362 1782/211
f 2386/383 2360/117 2362/115
f 1517/179 1519/180 1516/181
f 1866/237 1871/197 1865/323
f 2353/215 2383/216 2373/217
f 2303/232 2305/233 2304/234
f 2069/179 2071/180 2068/181
f 2298/198 2303/220 2299/221
f 2392/222 2397/223 2398/224
f 2123/227 2125/260 2126/226
f 884/409 886/171 875/410
f 509/229 511/230 512/231
f 1666/226 1668/228 1667/229
f 1965/347 1967/362 1964/354
f 385/149 403/411 386/133
f 2211/232 2213/233 2212/234
f 2410/240 2407/241 2409/242
f 2413/243 2415/244 2416/245
f 1315/378 1311/194 1314/103
f 1712/183 1740/345 1744/214
f 1137/239 1143/310 1142/104
f 398/137 391/412 390/138
f 2155/219 2157/197 2154/218
f 2418/237 2420/253 2422/213
f 2432/195 2425/254 2437/179
f 2440/212 2434/255 2429/256
f 2431/219 2436/235 2424/257
f 48/3 43/413 46/1
f 43/413 44/414 45/18
f 46/1 43/413 45/18
f 824/415 841/416 840/358
f 54/9 50/417 52/7
f 50/417 49/418 51/102
f 52/7 50/417 51/102
f 449/210 438/351 437/137
f 1982/196 1977/179 1976/181
f 2210/361 2214/419 2211/232
f 758/250 767/246 766/193
f 1/420 4/421 24/336
f 1833/191 1834/422 1810/192
f 152/423 154/424 133/425
f 67/28 63/37 58/29
f 448/140 433/158 430/145
f 711/246 712/103 709/194
f 534/293 535/235 524/237
f 57/23 65/426 70/39
f 381/150 386/133 400/151
f 253/188 235/427 2470/189
f 468/115 466/117 465/372
f 906/428 905/429 907/430
f 1663/227 1664/225 1665/260
f 1171/268 1172/267 1169/268
f 2126/226 2125/260 2128/228
f 1436/183 1454/178 1464/345
f 1006/19 1007/377 1008/20
f 484/344 470/431 474/187
f 2022/198 2025/355 2027/220
f 2391/26 2392/199 2389/200
f 1435/182 1455/357 1454/178
f 1458/344 1444/431 1448/187
f 2013/116 2014/214 1989/128
f 1540/187 1536/432 1533/327
f 1642/344 1628/431 1632/187
f 2103/201 2094/337 2093/202
f 261/348 260/433 2457/349
f 1704/212 1693/256 1692/272
f 2320/342 2324/245 2317/242
f 2158/346 2165/353 2145/211
f 461/182 481/357 480/178
f 438/351 439/412 440/138
f 235/434 253/435 254/436
f 254/436 255/437 256/438
f 256/438 257/439 260/440
f 257/439 258/441 260/440
f 258/441 259/442 260/440
f 260/440 261/443 262/444
f 262/444 263/445 264/446
f 264/446 265/447 266/448
f 266/448 267/449 264/446
f 267/449 268/450 264/446
f 268/450 269/451 235/434
f 269/451 270/452 235/434
f 270/452 236/453 235/434
f 235/434 254/436 256/438
f 260/440 262/444 264/446
f 235/434 256/438 260/440
f 1828/206 1824/454 1820/207
f 340/2 335/3 339/1
f 335/3 336/413 338/18
f 336/413 337/414 338/18
f 415/455 417/456 418/134
f 342/8 341/9 346/7
f 341/9 343/417 345/102
f 343/417 344/418 345/102
f 1442/115 1466/383 1461/116
f 624/194 623/103 616/378
f 2305/25 2300/199 2299/26
f 725/105 726/104 727/310
f 1018/105 1019/104 1020/310
f 1438/184 1439/457 1440/117
f 2408/331 2407/251 2413/252
f 351/30 348/29 356/37
f 364/136 390/138 389/146
f 715/34 714/45 713/35
f 1256/105 1257/104 1258/310
f 361/39 358/426 349/23
f 379/148 377/142 393/144
f 1905/185 1906/302 1907/186
f 889/458 890/459 892/460
f 2053/211 2073/353 2072/212
f 1070/104 1071/310 1072/264
f 1409/268 1410/267 1407/268
f 1796/212 1785/256 1784/272
f 561/6 563/4 564/259
f 1845/25 1840/199 1839/26
f 1525/215 1545/217 1548/265
f 2447/269 82/461 80/270
f 755/268 754/267 753/268
f 1870/213 1888/212 1891/258
f 1013/103 1016/246 1019/104
f 2293/191 2294/422 2270/192
f 2256/212 2259/258 2239/197
f 410/462 392/463 402/161
f 392/463 391/464 402/161
f 391/464 401/465 402/161
f 402/161 403/466 404/467
f 404/467 405/468 402/161
f 405/468 406/162 402/161
f 406/162 407/469 408/160
f 408/160 409/470 410/462
f 648/267 647/268 646/267
f 1199/104 1200/310 1201/264
f 1292/246 1291/193 1296/249
f 677/250 674/246 673/193
f 752/36 751/34 750/45
f 1579/251 1583/247 1586/248
f 1173/261 1188/273 1189/262
f 1479/227 1480/225 1481/260
f 1301/268 1302/267 1299/268
f 574/5 573/6 575/4
f 571/6 573/4 574/259
f 2135/247 2134/240 2139/244
f 620/105 623/103 622/246
f 439/471 438/472 449/473
f 449/473 450/474 439/471
f 450/474 451/475 439/471
f 371/153 396/159 395/154
f 452/476 453/477 455/478
f 453/477 454/479 455/478
f 455/478 456/480 439/471
f 456/480 457/481 439/471
f 457/481 458/482 439/471
f 2473/129 2495/483 78/130
f 2452/14 2532/484 214/52
f 599/264 594/385 593/386
f 346/7 345/102 339/1
f 272/99 271/101 302/110
f 2003/208 2004/207 2001/202
f 1146/193 1147/246 1148/103
f 1495/244 1490/240 1489/242
f 196/60 248/95 246/61
f 1555/209 1556/345 1546/178
f 28/409 29/169 30/171
f 1888/212 1877/256 1876/272
f 1102/21 1101/20 1106/104
f 1337/268 1338/267 1335/268
f 947/291 950/283 954/290
f 58/29 63/37 64/126
f 5/485 3/486 35/487
f 1280/19 1281/377 1282/20
f 1746/198 1745/200 1750/361
f 148/488 145/489 170/490
f 1257/104 1254/246 1247/21
f 2488/396 2500/395 205/491
f 1090/193 1091/246 1092/103
f 154/424 152/423 162/492
f 156/493 162/492 181/494
f 125/495 131/496 136/497
f 569/4 570/259 568/5
f 501/220 502/498 497/221
f 1303/20 1313/246 1304/21
f 85/499 2474/333 83/500
f 1577/5 1572/225 1571/227
f 687/249 686/250 695/246
f 1682/237 1693/235 1699/280
f 2355/340 2356/183 2353/215
f 843/169 845/501 846/170
f 761/105 762/104 763/310
f 247/75 249/74 2457/502
f 517/503 513/241 516/240
f 513/241 514/504 515/242
f 522/245 518/505 519/243
f 519/243 520/506 521/244
f 509/229 510/228 511/230
f 1622/184 1623/457 1624/117
f 242/77 2469/507 2524/508
f 226/509 223/55 2477/379
f 2462/510 197/511 198/512
f 2184/187 2177/327 2181/185
f 524/237 525/513 526/253
f 526/253 527/514 528/213
f 1329/246 1328/193 1321/249
f 2371/208 2369/202 2370/337
f 538/195 532/515 531/254
f 531/254 544/516 543/179
f 1082/250 1091/246 1090/193
f 546/212 547/517 540/255
f 540/255 541/518 535/256
f 1836/214 1801/215 1804/183
f 1095/34 1094/45 1093/35
f 530/257 533/519 537/219
f 1708/293 1695/219 1694/218
f 323/67 326/520 330/521
f 542/235 545/522 530/257
f 2519/523 206/524 207/525
f 2099/321 2093/202 2096/207
f 839/334 829/359 828/335
f 1041/250 1038/246 1037/193
f 1530/184 1531/457 1532/117
f 1527/340 1528/183 1525/215
f 2063/219 2064/195 2065/197
f 2137/252 2136/282 2132/331
f 820/526 819/485 821/429
f 1608/181 1616/272 1614/196
f 613/386 620/105 619/264
f 602/246 603/103 604/194
f 716/386 705/105 708/264
f 961/104 969/21 972/20
f 2464/527 80/270 82/461
f 926/409 927/169 928/171
f 623/103 613/36 616/35
f 200/528 2489/529 2533/530
f 2276/187 2272/432 2269/327
f 697/35 689/105 700/36
f 2465/531 193/532 194/533
f 2042/240 2047/244 2046/248
f 1153/20 1163/246 1154/21
f 2484/534 82/535 84/332
f 581/104 589/21 592/20
f 78/130 2486/536 76/131
f 884/409 875/410 874/537
f 1165/35 1157/105 1168/36
f 246/84 2479/405 243/64
f 1880/195 1879/219 1875/362
f 1334/36 1330/103 1323/105
f 2500/395 210/538 205/491
f 423/539 424/168 422/157
f 1019/104 1009/21 1012/20
f 74/540 2473/129 76/131
f 1318/36 1314/103 1307/105
f 242/77 2524/508 239/81
f 1200/310 1199/104 1210/239
f 1403/35 1395/105 1406/36
f 2471/541 248/95 250/542
f 629/250 636/246 635/193
f 1354/36 1350/103 1343/105
f 100/543 2460/544 98/545
f 1378/238 1381/310 1380/104
f 1048/35 1052/105 1045/36
f 2535/371 250/83 216/53
f 2491/546 245/72 252/71
f 284/308 287/547 288/548
f 1286/35 1290/105 1283/36
f 2454/364 114/549 113/550
f 412/551 415/455 416/135
f 724/238 727/310 726/104
f 2487/376 90/552 92/553
f 1307/105 1313/246 1308/104
f 738/21 742/104 747/246
f 2517/554 108/555 111/556
f 365/147 367/167 368/557
f 946/558 2446/559 2459/289
f 54/560 44/17 43/561
f 749/35 741/105 752/36
f 2502/43 238/56 237/90
f 1626/115 1624/117 1623/372
f 649/386 656/105 655/264
f 247/75 2490/562 244/88
f 687/19 685/20 686/21
f 983/103 973/36 976/35
f 2530/563 102/389 104/388
f 1952/342 1956/245 1949/242
f 956/294 2513/299 955/298
f 637/264 641/386 638/105
f 769/35 761/105 772/36
f 79/564 2495/483 77/565
f 594/34 595/45 596/35
f 1288/310 1287/104 1298/239
f 113/550 2468/566 2454/364
f 1395/105 1401/246 1396/104
f 1391/20 1401/246 1392/21
f 91/567 2448/329 89/568
f 316/308 315/569 319/547
f 793/273 797/96 798/274
f 582/310 581/104 592/239
f 835/570 837/571 827/572
f 435/573 436/139 432/141
f 1094/384 1089/194 1092/103
f 691/310 692/264 689/105
f 330/521 333/574 331/575
f 334/110 332/111 304/99
f 1195/386 1202/105 1201/264
f 1659/232 1662/419 1661/233
f 1958/237 1969/235 1975/280
f 2482/285 2494/576 950/283
f 1784/293 1785/235 1774/237
f 1706/196 1697/197 1696/195
f 2446/559 954/290 2459/289
f 254/577 253/188 2501/190
f 1359/105 1366/103 1365/246
f 291/67 295/578 296/68
f 2493/296 2528/579 956/294
f 2504/559 955/298 2503/297
f 742/104 743/310 744/264
f 806/275 807/303 805/276
f 808/273 806/275 811/274
f 1810/192 1809/174 1812/175
f 797/96 793/273 794/301
f 803/275 798/274 801/276
f 808/273 793/580 803/122
f 1008/20 1002/246 1005/21
f 2518/581 111/556 71/582
f 1087/310 1088/264 1085/105
f 1199/104 1207/21 1210/20
f 242/77 2490/583 2469/507
f 629/21 630/19 631/377
f 1367/35 1359/105 1370/36
f 73/584 2514/585 72/586
f 1123/310 1124/264 1121/105
f 1356/21 1360/104 1365/246
f 106/305 2530/563 104/388
f 580/35 584/105 577/36
f 2508/587 100/543 102/389
f 1252/194 1251/103 1262/378
f 960/35 964/105 957/36
f 215/588 2535/371 216/53
f 619/264 620/105 617/104
f 1257/104 1247/21 1250/20
f 2488/396 205/491 204/589
f 383/152 387/156 388/590
f 1287/104 1295/21 1298/20
f 2479/405 241/65 243/64
f 977/104 985/21 988/20
f 83/500 2447/591 81/592
f 1279/250 1276/246 1275/193
f 1081/20 1091/246 1082/21
f 206/524 2521/593 2510/594
f 2209/355 2206/198 2205/200
f 1277/103 1267/36 1270/35
f 944/320 2493/296 941/595
f 1113/378 1114/384 1109/194
f 1251/103 1259/36 1262/35
f 2506/374 92/553 94/596
f 2512/597 251/49 238/598
f 706/104 712/103 711/246
f 1116/36 1112/103 1105/105
f 101/599 2527/398 2498/387
f 376/600 375/601 377/142
f 1595/197 1589/323 1590/237
f 99/602 2449/603 97/604
f 1069/105 1075/246 1070/104
f 1215/104 1223/21 1226/20
f 202/605 2476/606 203/607
f 411/608 412/551 413/163
f 2536/120 252/93 240/92
f 1413/316 1427/262 1431/317
f 95/366 2449/603 98/545
f 201/609 2532/610 208/611
f 451/612 450/411 445/133
f 1928/214 1927/613 1893/215
f 2481/614 94/596 92/553
f 2331/197 2326/237 2330/213
f 1137/20 1147/246 1138/21
f 2499/615 198/512 197/511
f 1209/377 1210/20 1207/21
f 949/108 2482/285 948/616
f 2279/208 2277/202 2278/337
f 785/35 777/105 788/36
f 200/617 2453/618 201/609
f 1988/183 2006/178 2016/345
f 6/526 5/485 7/429
f 2520/619 211/375 207/620
f 777/105 783/246 778/104
f 716/36 712/103 705/105
f 2460/621 95/366 98/545
f 298/521 301/574 299/575
f 1173/273 1177/96 1178/274
f 419/622 420/132 418/134
f 1317/34 1316/45 1315/35
f 272/99 275/114 278/113
f 671/264 672/105 669/104
f 2440/212 2443/258 2423/197
f 291/67 294/520 298/521
f 2469/507 257/623 256/624
f 10/415 27/416 26/358
f 1750/361 1754/419 1751/232
f 279/307 283/569 284/308
f 1186/275 1187/303 1185/276
f 1188/273 1186/275 1191/274
f 1746/198 1747/26 1748/199
f 1177/96 1173/273 1174/301
f 1183/275 1178/274 1181/276
f 1622/330 1621/128 1627/173
f 1246/20 1240/246 1243/21
f 2516/625 107/626 112/627
f 29/169 31/501 32/170
f 1221/103 1211/36 1214/35
f 2462/510 88/628 90/552
f 769/378 770/384 765/194
f 1129/35 1121/105 1132/36
f 203/629 2489/529 212/630
f 8/428 26/358 25/334
f 669/104 677/21 680/20
f 2483/631 106/305 108/555
f 1340/21 1344/104 1349/246
f 247/75 2457/502 2522/632
f 916/537 899/420 921/571
f 1198/35 1202/105 1195/36
f 78/130 2531/633 2505/634
f 537/219 533/362 532/211
f 1065/20 1075/246 1066/21
f 211/375 2499/380 197/635
f 1433/215 1467/613 1463/216
f 639/104 629/21 632/20
f 104/388 2450/306 106/305
f 628/20 622/246 625/21
f 74/540 2518/581 71/582
f 816/636 817/486 818/421
f 1096/36 1092/103 1085/105
f 942/637 2504/559 2503/297
f 1902/115 1900/117 1899/372
f 1152/36 1148/103 1141/105
f 2470/408 233/47 234/638
f 1953/252 1947/251 1951/247
f 668/35 672/105 665/36
f 2526/368 93/639 96/640
f 215/58 2455/407 2523/641
f 689/105 695/246 690/104
f 685/20 695/246 686/21
f 2480/350 249/642 251/49
f 427/643 429/644 430/145
f 1500/347 1514/346 1521/353
f 101/599 2475/645 99/602
f 1086/104 1092/103 1091/246
f 701/20 711/246 702/21
f 88/628 2507/646 86/325
f 388/590 387/156 364/136
f 2519/523 94/596 95/366
f 807/399 801/119 805/276
f 722/21 726/104 731/246
f 72/586 2516/625 112/627
f 372/643 371/153 373/155
f 660/194 659/103 652/378
f 114/647 2466/648 202/605
f 2381/116 2357/128 2360/117
f 603/103 593/36 596/35
f 2486/536 74/540 76/131
f 605/21 606/19 607/377
f 207/525 2510/594 2520/649
f 633/103 643/384 634/194
f 757/20 767/246 758/21
f 198/512 2488/650 204/651
f 1925/191 1926/422 1902/192
f 895/652 893/653 894/654
f 86/325 2484/534 84/332
f 1800/293 1787/219 1786/218
f 1375/20 1385/246 1376/21
f 2451/655 199/656 193/532
f 328/68 327/578 331/575
f 1411/273 1415/96 1416/274
f 308/112 309/657 310/113
f 1251/103 1252/194 1253/193
f 1514/281 1500/279 1499/236
f 2437/179 2438/339 2439/180
f 336/561 341/560 342/392
f 419/622 421/658 422/157
f 1902/115 1926/383 1921/116
f 615/45 616/35 613/36
f 2321/252 2320/282 2316/331
f 538/195 539/197 536/218
f 1424/275 1425/303 1423/276
f 1426/273 1424/275 1429/274
f 1972/195 1977/179 1982/196
f 1415/96 1411/273 1412/301
f 1421/275 1416/274 1419/276
f 1861/252 1860/282 1856/331
f 251/49 249/642 218/50
f 2445/107 2494/576 949/108
f 74/540 2461/659 2518/581
f 2508/587 2485/660 100/543
f 420/132 444/149 445/133
f 702/250 711/246 710/193
f 2248/195 2247/219 2243/362
f 589/250 586/246 585/193
f 195/94 250/542 248/95
f 167/661 155/662 158/663
f 697/378 698/384 693/194
f 161/664 174/665 183/666
f 796/313 814/98 812/314
f 810/300 799/667 798/311
f 633/103 638/105 641/36
f 1416/274 1417/300 1418/278
f 670/310 669/104 680/239
f 907/430 905/429 937/652
f 822/428 821/429 823/430
f 209/668 208/669 2532/484
f 496/198 499/355 501/220
f 550/293 542/235 537/219
f 1771/244 1766/240 1765/242
f 2113/200 2116/222 2122/224
f 2076/293 2068/235 2063/219
f 140/670 166/671 169/672
f 941/595 2493/296 2492/295
f 1475/220 1476/498 1471/221
f 1470/198 1475/220 1471/221
f 2459/289 953/109 946/558
f 2190/178 2200/345 2204/214
f 386/133 403/411 402/210
f 1837/200 1840/222 1846/224
f 570/5 569/6 571/4
f 143/673 146/674 127/675
f 1246/20 1235/104 1240/246
f 134/676 119/677 72/586
f 1491/503 1487/241 1490/240
f 1487/241 1488/504 1489/242
f 1496/245 1492/505 1493/243
f 1493/243 1494/506 1495/244
f 2211/232 2214/419 2213/233
f 2470/408 2455/407 233/47
f 2069/179 2070/339 2071/180
f 136/497 137/678 138/679
f 332/111 331/575 307/114
f 1819/208 1817/202 1818/337
f 1498/237 1499/513 1500/253
f 1500/253 1501/514 1502/213
f 1047/384 1056/194 1055/103
f 2442/196 2432/195 2437/179
f 1512/195 1506/515 1505/254
f 1505/254 1518/516 1517/179
f 842/409 843/169 844/171
f 1520/212 1521/517 1514/255
f 1514/255 1515/518 1509/256
f 2015/209 2006/178 2005/177
f 2/636 33/458 35/487
f 1504/257 1507/519 1511/219
f 951/680 956/294 955/298
f 313/681 317/682 318/683
f 1516/235 1519/522 1504/257
f 230/76 244/684 242/77
f 276/112 277/657 278/113
f 2015/209 2016/345 2006/178
f 1036/105 1039/103 1038/246
f 487/116 488/214 463/128
f 591/377 592/20 589/21
f 1930/198 1929/200 1934/361
f 1597/338 1596/685 1611/180
f 219/91 222/686 240/92
f 1868/279 1867/236 1883/280
f 855/687 853/652 854/688
f 1157/105 1158/104 1159/310
f 1013/103 1018/105 1021/36
f 991/268 990/267 989/268
f 2511/286 2534/689 267/112
f 1768/282 1764/331 1763/251
f 1565/355 1562/198 1561/200
f 1105/105 1106/104 1107/310
f 1138/250 1147/246 1146/193
f 1307/105 1314/103 1313/246
f 87/328 115/690 132/691
f 93/639 128/692 121/693
f 1035/264 1030/385 1029/386
f 738/21 737/20 742/104
f 119/677 139/694 140/695
f 151/696 149/697 174/665
f 1139/19 1140/377 1137/20
f 1567/220 1568/498 1563/221
f 1653/200 1662/224 1658/361
f 44/17 53/392 52/7
f 440/138 439/412 458/38
f 481/176 482/365 479/177
f 1915/321 1909/202 1912/207
f 1823/357 1822/178 1804/183
f 142/698 141/699 155/662
f 268/12 267/112 2534/689
f 1831/209 1832/345 1822/178
f 1583/503 1579/241 1582/240
f 1579/241 1580/504 1581/242
f 1588/245 1584/505 1585/243
f 1585/243 1586/506 1587/244
f 1321/19 1322/377 1319/20
f 485/201 476/337 475/202
f 2518/581 2517/700 111/556
f 81/701 2447/269 2515/271
f 2511/702 266/681 265/359
f 1911/208 1909/202 1910/337
f 1590/237 1591/513 1592/253
f 1592/253 1593/514 1594/213
f 627/238 618/310 617/104
f 2475/645 98/545 2449/603
f 1604/195 1598/515 1597/254
f 1597/254 1610/516 1609/179
f 1296/19 1297/377 1298/20
f 1612/212 1613/517 1606/255
f 1606/255 1607/518 1601/256
f 599/264 593/386 600/105
f 1492/342 1496/245 1489/242
f 1596/257 1599/519 1603/219
f 2168/293 2155/219 2154/218
f 779/310 780/264 777/105
f 1608/235 1611/522 1596/257
f 349/23 358/426 357/22
f 60/30 62/125 68/118
f 1779/197 1773/323 1774/237
f 1534/115 1558/383 1553/116
f 195/15 213/54 216/53
f 531/347 532/211 533/362
f 908/415 925/416 924/358
f 1823/321 1817/202 1820/207
f 1167/34 1166/45 1165/35
f 279/307 282/703 286/683
f 18/537 1/420 23/571
f 304/99 307/114 310/113
f 311/307 315/569 316/308
f 685/239 688/238 691/310
f 798/274 799/300 800/278
f 2478/304 108/555 106/305
f 1223/21 1224/19 1225/377
f 917/410 900/636 899/420
f 999/264 994/385 993/386
f 1019/104 1016/246 1009/21
f 143/673 168/704 171/705
f 135/706 138/707 163/708
f 1101/239 1104/238 1107/310
f 74/540 2458/401 2473/129
f 165/709 164/710 187/711
f 917/410 928/171 931/458
f 66/22 65/426 57/23
f 1659/220 1660/498 1655/221
f 1745/200 1754/224 1750/361
f 2452/14 213/54 195/15
f 274/100 273/382 279/381
f 2358/184 2359/457 2360/117
f 1920/206 1916/454 1912/207
f 1141/105 1148/103 1147/246
f 246/61 248/95 2534/689
f 26/358 27/416 17/712
f 2507/713 204/589 205/491
f 1675/503 1671/241 1674/240
f 1671/241 1672/504 1673/242
f 1680/245 1676/505 1677/243
f 1677/243 1678/506 1679/244
f 1800/293 1792/235 1787/219
f 1669/5 1664/225 1663/227
f 1798/196 1789/197 1788/195
f 928/171 930/170 932/459
f 2239/197 2233/323 2234/237
f 1543/208 1541/202 1542/337
f 1682/237 1683/513 1684/253
f 1684/253 1685/514 1686/213
f 1620/183 1638/178 1648/345
f 1522/196 1512/195 1517/179
f 1696/195 1690/515 1689/254
f 1689/254 1702/516 1701/179
f 885/169 887/501 888/170
f 1704/212 1705/517 1698/255
f 1698/255 1699/518 1693/256
f 1831/209 1822/178 1821/177
f 886/171 888/170 890/459
f 1688/257 1691/519 1695/219
f 2260/293 2247/219 2246/218
f 2112/214 2111/613 2077/215
f 1700/235 1703/522 1688/257
f 264/42 263/714 2502/43
f 67/28 70/38 65/106
f 935/653 933/487 934/460
f 1405/34 1404/45 1403/35
f 223/55 237/90 238/56
f 564/5 563/6 565/4
f 786/384 781/194 784/103
f 1011/238 1020/310 1019/104
f 633/103 636/246 639/104
f 202/605 2466/648 2476/606
f 11/715 12/716 16/717
f 2481/614 2497/367 94/596
f 600/105 603/103 602/246
f 1344/104 1343/105 1350/103
f 611/268 610/267 609/268
f 621/193 622/246 623/103
f 521/244 516/240 515/242
f 1021/386 1018/105 1017/264
f 735/34 734/45 733/35
f 1806/184 1807/457 1808/117
f 1375/20 1380/104 1385/246
f 2451/655 2521/718 199/656
f 1493/252 1487/251 1491/247
f 2229/252 2223/251 2227/247
f 1233/45 1234/35 1231/36
f 875/410 858/636 857/420
f 2524/121 240/92 239/719
f 1751/220 1752/498 1747/221
f 2297/200 2306/224 2302/361
f 339/1 345/102 344/11
f 2129/5 2124/225 2123/227
f 2089/185 2090/302 2091/186
f 2024/199 2023/26 2028/27
f 1718/192 1717/174 1720/175
f 398/137 401/351 391/412
f 131/496 110/720 147/721
f 2153/235 2142/237 2141/323
f 1767/503 1763/241 1766/240
f 1763/241 1764/504 1765/242
f 1772/245 1768/505 1769/243
f 1769/243 1770/506 1771/244
f 2331/197 2325/323 2326/237
f 1603/219 1604/195 1605/197
f 1823/176 1824/365 1821/177
f 706/104 705/105 712/103
f 811/274 805/276 804/278
f 2147/197 2142/237 2146/213
f 1774/237 1775/513 1776/253
f 1776/253 1777/514 1778/213
f 1258/310 1257/104 1250/239
f 2350/196 2340/195 2345/179
f 1788/195 1782/515 1781/254
f 1781/254 1794/516 1793/179
f 818/421 817/486 819/485
f 1796/212 1797/517 1790/255
f 1790/255 1791/518 1785/256
f 2368/187 2361/327 2365/185
f 833/410 816/636 815/420
f 1780/257 1783/519 1787/219
f 1616/293 1603/219 1602/218
f 290/722 289/287 294/520
f 1792/235 1795/522 1780/257
f 230/87 232/73 247/75
f 1183/122 1182/723 1187/123
f 816/636 847/458 849/487
f 2440/212 2429/256 2428/272
f 225/48 233/47 215/58
f 1980/212 1969/256 1968/272
f 1215/104 1216/310 1217/264
f 1274/105 1273/264 1268/385
f 226/63 229/85 243/64
f 394/143 406/724 405/725
f 23/571 24/336 14/335
f 396/159 397/158 409/726
f 1118/21 1117/20 1122/104
f 1274/105 1277/103 1276/246
f 964/105 967/103 966/246
f 1812/288 1806/330 1805/128
f 1054/246 1055/103 1056/194
f 833/410 844/171 847/458
f 995/45 996/35 993/36
f 1286/35 1293/103 1290/105
f 275/114 272/99 300/111
f 322/722 323/67 324/69
f 1031/45 1032/35 1029/36
f 284/308 283/569 287/547
f 2171/182 2191/357 2190/178
f 173/727 170/490 179/728
f 75/402 2495/483 2473/129
f 1843/220 1844/498 1839/221
f 1929/200 1938/224 1934/361
f 107/626 2450/306 105/729
f 1002/246 1003/103 1004/194
f 1853/5 1848/225 1847/227
f 1985/215 2019/613 2015/216
f 2498/387 2527/398 104/388
f 1788/195 1787/219 1783/362
f 519/252 513/251 517/247
f 716/36 713/35 712/103
f 1859/503 1855/241 1858/240
f 1855/241 1856/504 1857/242
f 1864/245 1860/505 1861/243
f 1861/243 1862/506 1863/244
f 1811/173 1805/128 1830/214
f 2329/211 2349/353 2348/212
f 1048/35 1055/103 1052/105
f 491/191 492/422 468/192
f 2469/507 2490/583 258/277
f 2204/214 2169/215 2172/183
f 1441/373 1442/115 1440/117
f 1866/237 1867/513 1868/253
f 1868/253 1869/514 1870/213
f 723/19 721/20 722/21
f 1880/195 1874/515 1873/254
f 1873/254 1886/516 1885/179
f 553/5 554/6 551/4
f 1888/212 1889/517 1882/255
f 1882/255 1883/518 1877/256
f 1731/321 1728/207 1732/322
f 904/526 903/485 905/429
f 1872/257 1875/519 1879/219
f 2444/293 2431/219 2430/218
f 1182/730 1181/119 1185/276
f 1884/235 1887/522 1872/257
f 232/73 218/394 249/74
f 436/139 446/146 448/140
f 73/584 2458/401 2514/585
f 633/103 644/378 643/384
f 352/40 353/172 362/41
f 987/238 978/310 977/104
f 2237/211 2257/353 2256/212
f 905/429 903/485 935/653
f 356/37 358/106 361/38
f 369/145 371/153 372/643
f 19/410 30/171 33/458
f 427/643 428/153 426/155
f 481/321 475/202 478/207
f 1374/267 1373/268 1372/267
f 2064/195 2069/179 2074/196
f 956/294 952/731 2492/295
f 2425/338 2424/685 2439/180
f 1918/344 1904/431 1908/187
f 1084/238 1087/310 1086/104
f 1708/293 1700/235 1695/219
f 2484/534 2464/732 82/535
f 581/104 586/246 589/21
f 1318/386 1307/105 1310/264
f 961/104 966/246 969/21
f 1898/184 1899/457 1900/117
f 196/60 231/62 2521/718
f 2501/190 234/79 245/72
f 1935/220 1936/498 1931/221
f 2206/198 2211/220 2207/221
f 87/328 2496/326 85/499
f 1753/25 1748/199 1747/26
f 1404/384 1399/194 1402/103
f 474/187 470/432 467/327
f 1550/344 1536/431 1540/187
f 124/733 123/734 145/489
f 714/384 709/194 712/103
f 2501/190 2470/189 234/79
f 1951/503 1947/241 1950/240
f 1947/241 1948/504 1949/242
f 1956/245 1952/505 1953/243
f 1953/243 1954/506 1955/244
f 215/58 233/47 2455/407
f 2174/184 2175/457 2176/117
f 2464/527 2531/633 80/270
f 222/686 219/91 2476/606
f 2388/214 2387/613 2353/215
f 60/30 61/172 62/125
f 921/571 922/336 912/335
f 1958/237 1959/513 1960/253
f 1960/253 1961/514 1962/213
f 232/73 2468/735 2500/395
f 8/428 7/429 9/430
f 1972/195 1966/515 1965/254
f 1965/254 1978/516 1977/179
f 1980/212 1981/517 1974/255
f 1974/255 1975/518 1969/256
f 529/197 524/237 528/213
f 1405/385 1406/386 1395/105
f 1964/257 1967/519 1971/219
f 2352/293 2339/219 2338/218
f 331/575 333/574 308/112
f 1976/235 1979/522 1964/257
f 797/96 794/301 795/97
f 364/136 387/156 398/137
f 2184/187 2180/432 2177/327
f 83/500 2474/333 2447/591
f 1269/45 1270/35 1267/36
f 527/211 547/353 546/212
f 450/411 449/210 447/151
f 2203/613 2199/216 2189/217
f 2397/25 2392/199 2391/26
f 977/104 982/246 985/21
f 1945/5 1940/225 1939/227
f 2479/405 2456/404 241/65
f 941/318 942/736 943/319
f 795/316 794/263 809/262
f 683/268 684/267 681/268
f 1191/274 1185/276 1184/278
f 1561/200 1562/198 1563/26
f 39/652 37/653 38/654
f 1781/347 1782/211 1783/362
f 1393/19 1394/377 1391/20
f 86/325 2507/713 2484/534
f 198/512 2509/737 2488/650
f 663/238 654/310 653/104
f 495/200 498/222 504/224
f 2258/196 2249/197 2248/195
f 154/424 141/738 129/739
f 2503/297 943/319 942/637
f 2027/220 2028/498 2023/221
f 1469/200 1478/224 1474/361
f 246/61 2534/689 2511/286
f 2264/183 2282/178 2292/345
f 1157/105 1164/103 1163/246
f 2308/225 2309/260 2310/226
f 1218/105 1221/103 1220/246
f 116/740 117/741 118/742
f 120/743 140/670 144/744
f 2508/587 194/533 193/532
f 2043/503 2039/241 2042/240
f 2039/241 2040/504 2041/242
f 2048/245 2044/505 2045/243
f 2045/243 2046/506 2047/244
f 104/388 2527/398 2450/306
f 2365/185 2366/302 2367/186
f 2528/579 944/320 943/319
f 156/493 157/745 158/746
f 382/747 381/150 383/152
f 1741/191 1718/192 1719/173
f 2050/237 2051/513 2052/253
f 2052/253 2053/514 2054/213
f 2345/179 2346/339 2347/180
f 1036/105 1038/246 1033/104
f 982/246 981/193 986/249
f 2064/195 2058/515 2057/254
f 2057/254 2070/516 2069/179
f 2072/212 2073/517 2066/255
f 2066/255 2067/518 2061/256
f 802/723 806/124 803/122
f 239/719 240/92 222/686
f 2056/257 2059/519 2063/219
f 1892/293 1879/219 1878/218
f 286/683 285/682 289/287
f 2068/235 2071/522 2056/257
f 220/70 245/72 234/79
f 1810/115 1834/383 1829/116
f 2462/510 2529/748 88/628
f 2526/368 2497/367 93/639
f 223/55 226/509 241/89
f 262/749 261/348 2480/350
f 1533/373 1534/115 1532/117
f 33/458 34/459 36/460
f 227/78 242/77 239/81
f 1993/373 1994/115 1992/117
f 823/430 821/429 853/652
f 577/386 584/105 583/264
f 813/97 809/301 812/96
f 1429/274 1423/276 1422/278
f 1415/96 1412/301 1413/97
f 1877/235 1883/280 1867/236
f 1536/288 1530/330 1529/128
f 882/358 872/750 871/359
f 783/246 782/193 775/249
f 321/287 326/520 323/67
f 2389/200 2392/222 2398/224
f 1778/213 1796/212 1799/258
f 1859/247 1858/240 1863/244
f 1411/261 1426/273 1427/262
f 209/668 194/751 2508/752
f 137/678 190/753 189/754
f 81/701 2515/271 79/564
f 2119/220 2120/498 2115/221
f 1746/198 1751/220 1747/221
f 950/283 2445/107 954/290
f 1950/240 1955/244 1954/248
f 2231/244 2226/240 2225/242
f 1744/214 1743/613 1709/215
f 980/105 979/264 974/385
f 2460/621 2519/523 95/366
f 1129/35 1128/103 1121/105
f 949/108 2494/576 2482/285
f 2135/503 2131/241 2134/240
f 2131/241 2132/504 2133/242
f 2140/245 2136/505 2137/243
f 2137/243 2138/506 2139/244
f 2204/214 2203/613 2169/215
f 1626/192 1625/174 1628/175
f 60/30 59/40 61/172
f 1098/267 1099/268 1100/267
f 52/7 51/102 46/1
f 599/264 597/104 598/310
f 2142/237 2143/513 2144/253
f 2144/253 2145/514 2146/213
f 1256/105 1255/264 1260/385
f 1560/214 1525/215 1528/183
f 2156/195 2150/515 2149/254
f 2149/254 2162/516 2161/179
f 1469/200 1470/198 1471/26
f 2164/212 2165/517 2158/255
f 2158/255 2159/518 2153/256
f 2498/387 100/543 2475/645
f 1594/213 1593/211 1613/353
f 2148/257 2151/519 2155/219
f 1524/293 1511/219 1510/218
f 286/683 290/722 287/547
f 2160/235 2163/522 2148/257
f 323/67 327/578 328/68
f 351/30 359/28 360/118
f 1911/208 1912/207 1909/202
f 546/212 535/256 534/272
f 355/126 356/37 348/29
f 1704/212 1707/258 1687/197
f 957/386 964/105 963/264
f 1696/195 1695/219 1691/362
f 220/70 219/755 252/71
f 900/636 901/486 902/421
f 535/235 541/280 525/236
f 862/526 861/485 863/429
f 1431/97 1427/301 1430/96
f 1207/250 1204/246 1203/193
f 1984/293 1976/235 1971/219
f 1426/273 1411/580 1421/122
f 819/485 817/486 849/487
f 877/570 868/756 867/681
f 1242/194 1241/103 1234/378
f 435/573 411/608 414/166
f 2499/615 2509/737 198/512
f 1137/20 1142/104 1147/246
f 1379/105 1380/104 1381/310
f 429/644 431/757 432/141
f 1937/25 1932/199 1931/26
f 30/171 32/170 34/459
f 2525/324 90/552 88/628
f 2211/220 2212/498 2207/221
f 2021/200 2030/224 2026/361
f 948/616 2482/285 2472/284
f 1486/231 1483/229 1484/228
f 1572/225 1573/260 1574/226
f 1354/386 1343/105 1346/264
f 1632/187 1628/432 1625/327
f 2206/198 2209/355 2211/220
f 1482/226 1481/260 1484/228
f 1460/206 1456/454 1452/207
f 2227/503 2223/241 2226/240
f 2223/241 2224/504 2225/242
f 2232/245 2228/505 2229/243
f 2229/243 2230/506 2231/244
f 1653/200 1656/222 1662/224
f 749/35 748/103 741/105
f 1137/239 1140/238 1143/310
f 983/103 980/105 973/36
f 111/556 108/555 2478/304
f 1555/209 1546/178 1545/177
f 2234/237 2235/513 2236/253
f 2236/253 2237/514 2238/213
f 1152/386 1141/105 1144/264
f 1233/45 1231/36 1232/34
f 2248/195 2242/515 2241/254
f 2241/254 2254/516 2253/179
f 863/429 861/485 893/653
f 2256/212 2257/517 2250/255
f 2250/255 2251/518 2245/256
f 1888/212 1876/272 1891/258
f 876/307 874/537 877/570
f 2240/257 2243/519 2247/219
f 2076/293 2063/219 2062/218
f 287/547 290/722 291/67
f 2252/235 2255/522 2240/257
f 214/52 215/588 216/53
f 445/133 447/151 416/135
f 2350/196 2341/197 2340/195
f 107/626 105/729 123/734
f 228/46 234/638 233/47
f 674/246 675/103 676/194
f 1977/179 1978/339 1979/180
f 1861/252 1855/251 1859/247
f 272/99 273/382 274/100
f 173/727 178/758 177/759
f 926/409 917/410 916/537
f 163/708 188/760 187/761
f 1387/35 1386/103 1379/105
f 736/36 733/35 732/103
f 2055/197 2049/323 2050/237
f 950/283 947/762 2472/284
f 787/385 788/386 777/105
f 2328/347 2342/346 2349/353
f 557/6 559/4 560/259
f 211/375 2477/379 2499/380
f 1069/105 1076/103 1075/246
f 1215/104 1220/246 1223/21
f 2413/252 2407/251 2411/247
f 639/104 636/246 629/21
f 931/458 932/459 934/460
f 101/599 99/602 133/425
f 2456/44 237/90 241/89
f 2303/220 2304/498 2299/221
f 496/198 501/220 497/221
f 335/10 340/13 344/11
f 1974/281 1960/279 1959/236
f 1711/182 1731/357 1730/178
f 1994/115 2018/383 2013/116
f 2180/288 2174/330 2173/128
f 857/420 860/421 880/336
f 2516/625 2478/304 107/626
f 1731/321 1725/202 1728/207
f 2319/503 2315/241 2318/240
f 2315/241 2316/504 2317/242
f 2324/245 2320/505 2321/243
f 2321/243 2322/506 2323/244
f 1199/104 1204/246 1207/21
f 99/602 2475/645 2449/603
f 2222/231 2219/229 2220/228
f 171/705 184/763 183/764
f 489/209 490/345 480/178
f 1779/197 1774/237 1778/213
f 2326/237 2327/513 2328/253
f 2328/253 2329/514 2330/213
f 1212/34 1213/45 1214/35
f 584/105 586/246 581/104
f 2340/195 2334/515 2333/254
f 2333/254 2346/516 2345/179
f 939/687 937/652 938/688
f 2348/212 2349/517 2342/255
f 2342/255 2343/518 2337/256
f 305/382 303/101 304/99
f 413/163 437/137 440/138
f 2332/257 2335/519 2339/219
f 550/293 537/219 536/218
f 195/94 196/60 2451/655
f 2344/235 2347/522 2332/257
f 246/84 243/64 229/85
f 256/119 255/390 2536/120
f 2448/329 2481/614 92/553
f 858/636 859/486 860/421
f 221/66 238/598 251/49
f 1038/246 1039/103 1040/194
f 393/144 405/725 404/612
f 4/421 3/486 5/485
f 190/31 157/765 184/32
f 1451/208 1452/207 1449/202
f 1868/347 1882/346 1889/353
f 2515/271 80/270 78/130
f 1324/104 1323/105 1330/103
f 1106/104 1105/105 1112/103
f 1067/19 1068/377 1065/20
f 1502/213 1520/212 1523/258
f 2348/212 2337/256 2336/272
f 882/358 883/416 873/712
f 1278/194 1277/103 1270/378
f 2458/401 73/584 75/402
f 1353/34 1352/45 1351/35
f 787/34 786/45 785/35
f 1996/288 1990/330 1989/128
f 2283/321 2277/202 2280/207
f 142/698 167/661 170/766
f 503/25 498/199 497/26
f 209/668 2465/16 194/751
f 2395/220 2396/498 2391/221
f 2113/200 2122/224 2118/361
f 209/668 2532/484 2452/14
f 470/288 464/330 463/128
f 1761/5 1756/225 1755/227
f 2000/187 1996/432 1993/327
f 2298/198 2299/26 2300/199
f 1395/105 1402/103 1401/246
f 118/742 143/767 132/691
f 87/328 2525/324 2496/326
f 2411/503 2407/241 2410/240
f 2407/241 2408/504 2409/242
f 2416/245 2412/505 2413/243
f 2413/243 2414/506 2415/244
f 1244/19 1245/377 1246/20
f 2205/200 2206/198 2207/26
f 1165/35 1164/103 1157/105
f 2483/631 2463/768 106/305
f 168/769 165/709 186/770
f 2109/191 2086/192 2087/173
f 2418/237 2419/513 2420/253
f 2420/253 2421/514 2422/213
f 1247/21 1248/19 1249/377
f 2258/196 2248/195 2253/179
f 2432/195 2426/515 2425/254
f 2425/254 2438/516 2437/179
f 844/171 846/170 848/459
f 2440/212 2441/517 2434/255
f 2434/255 2435/518 2429/256
f 491/191 468/192 469/173
f 1751/232 1754/419 1753/233
f 2424/257 2427/519 2431/219
f 774/21 776/377 773/20
f 296/68 295/578 299/575
f 2436/235 2439/522 2424/257
f 902/421 903/485 904/526
f 2/636 4/421 1/420
f 19/410 1/420 18/537
f 861/485 891/487 893/653
f 16/717 13/771 15/772
f 875/410 857/420 874/537
f 834/307 835/570 836/703
f 26/358 17/712 16/750
f 874/537 879/571 877/570
f 30/171 34/459 33/458
f 899/420 922/336 921/571
f 839/334 828/335 838/336
f 904/526 922/336 902/421
f 837/571 828/335 827/572
f 864/428 881/334 862/526
f 924/358 913/359 923/334
f 20/307 21/570 22/703
f 42/773 32/774 31/775
f 842/409 832/537 834/307
f 9/430 39/652 41/687
f 897/687 896/688 898/776
f 7/429 37/653 39/652
f 937/652 936/654 938/688
f 875/410 889/458 858/636
f 931/458 934/460 933/487
f 816/636 849/487 817/486
f 935/653 934/460 936/654
f 917/410 931/458 900/636
f 928/171 932/459 931/458
f 124/733 145/489 148/488
f 843/169 846/170 844/171
f 38/777 36/778 34/779
f 2448/329 92/553 90/552
f 2099/357 2080/183 2079/182
f 1098/267 1100/267 1097/268
f 1937/25 1931/26 1936/27
f 546/212 534/272 549/258
f 2153/235 2141/323 2152/293
f 540/281 525/236 541/280
f 576/5 554/4 553/259
f 503/25 497/26 502/27
f 2171/182 2190/178 2172/183
f 196/60 2521/718 2451/655
f 2509/737 218/50 2488/650
f 2191/321 2188/207 2192/322
f 1451/208 1449/202 1450/337
f 2515/271 78/130 2495/483
f 346/7 339/1 338/18
f 2528/579 943/319 2513/299
f 85/499 115/690 87/328
f 268/12 2534/689 2471/541
f 2507/713 205/491 2484/534
f 144/744 110/780 109/781
f 96/640 122/782 97/604
f 134/676 72/586 112/627
f 107/626 123/734 124/733
f 864/428 865/430 866/415
f 87/328 132/691 89/568
f 93/639 121/693 96/640
f 73/584 109/781 75/402
f 107/626 134/783 112/627
f 110/720 79/564 77/565
f 119/677 73/584 72/586
f 105/729 130/784 123/785
f 101/599 133/425 129/739
f 77/565 109/781 110/780
f 81/592 126/786 83/500
f 85/499 126/786 116/787
f 103/397 129/788 130/784
f 79/564 125/495 81/701
f 91/567 128/789 93/639
f 132/790 91/567 89/568
f 148/488 159/791 150/792
f 129/788 142/698 130/784
f 135/706 126/786 125/793
f 130/784 145/794 123/785
f 118/742 132/691 115/690
f 152/423 133/425 122/795
f 119/677 140/695 120/796
f 150/797 119/677 134/676
f 116/740 118/742 115/690
f 143/673 127/675 132/790
f 126/786 117/798 116/787
f 131/496 147/721 136/497
f 120/743 144/744 109/781
f 154/424 129/739 133/425
f 146/674 128/789 127/675
f 159/799 139/694 150/797
f 125/495 136/497 135/800
f 148/488 134/783 124/733
f 122/782 151/696 152/801
f 128/692 151/696 121/693
f 169/672 191/802 172/803
f 171/705 149/804 146/674
f 148/488 170/490 173/727
f 154/424 162/492 156/493
f 857/420 880/336 879/571
f 142/698 170/766 145/794
f 140/670 169/672 144/744
f 136/497 138/679 135/800
f 144/744 172/803 147/805
f 151/696 162/806 152/801
f 151/696 174/665 161/664
f 143/767 165/709 168/769
f 142/698 155/662 167/661
f 140/695 160/807 166/808
f 135/706 163/708 153/809
f 143/673 171/705 146/674
f 118/742 164/710 165/709
f 117/798 163/708 164/810
f 141/738 156/493 155/811
f 136/497 172/812 137/678
f 1898/184 1900/117 1897/128
f 364/136 366/813 363/814
f 171/705 185/815 184/763
f 156/493 181/494 157/745
f 165/709 187/711 186/770
f 163/708 189/816 188/760
f 173/727 179/728 178/758
f 163/708 187/761 164/810
f 173/727 177/759 159/791
f 137/678 189/754 138/679
f 160/807 175/817 166/808
f 168/769 186/770 185/818
f 137/678 191/819 190/753
f 160/807 177/820 176/821
f 161/664 181/822 162/806
f 156/493 158/746 155/811
f 169/672 175/823 192/824
f 171/705 183/764 174/825
f 161/664 183/666 182/826
f 167/661 158/663 180/827
f 292/69 288/548 287/547
f 2531/633 114/549 2505/634
f 2462/510 198/512 2529/748
f 201/609 2463/768 2483/631
f 2485/660 199/656 2460/544
f 2519/523 207/525 2506/828
f 2529/748 204/651 2507/646
f 200/617 2483/631 2517/554
f 209/668 2508/752 2530/563
f 208/669 2530/563 2463/829
f 202/605 2461/830 2486/536
f 205/491 2464/732 2484/534
f 860/421 861/485 862/526
f 2460/621 206/524 2519/523
f 2487/376 197/635 2462/831
f 2461/659 212/630 2518/581
f 114/647 2486/536 2505/832
f 210/833 2531/633 2464/527
f 212/630 2517/700 2518/581
f 2508/587 193/532 2485/660
f 2533/530 220/70 228/80
f 2511/702 265/359 2479/405
f 1321/19 1319/20 1320/21
f 226/509 2477/379 2520/619
f 2510/594 226/63 2520/649
f 348/29 352/40 349/23
f 2510/594 231/86 229/85
f 222/686 2476/606 2466/648
f 2476/834 220/70 2489/529
f 91/567 2497/367 2481/614
f 1639/321 1636/207 1640/322
f 221/66 2509/737 2499/615
f 228/46 2453/618 2533/835
f 57/23 60/30 58/29
f 2454/364 230/76 227/78
f 2474/333 82/535 2447/591
f 1635/208 1633/202 1634/337
f 2458/401 71/582 2514/585
f 747/246 739/249 738/250
f 52/7 46/1 45/18
f 2467/836 222/686 2466/648
f 57/23 55/127 56/24
f 2164/212 2152/272 2167/258
f 2469/507 256/624 2524/508
f 489/209 480/178 479/177
f 2523/641 236/837 270/165
f 2523/838 269/369 2535/371
f 2469/507 258/277 257/623
f 1514/281 1499/236 1515/280
f 2388/214 2353/215 2356/183
f 2239/197 2234/237 2238/213
f 111/556 2478/304 2516/625
f 1890/196 1880/195 1885/179
f 1121/105 1127/246 1122/104
f 1359/105 1365/246 1360/104
f 2522/632 260/839 259/840
f 2385/191 2362/192 2363/173
f 2514/585 111/556 2516/625
f 1396/104 1398/264 1395/105
f 263/714 2512/841 2502/43
f 2522/632 258/842 2490/562
f 1958/237 1975/280 1959/236
f 291/67 298/521 295/578
f 315/569 322/722 319/547
f 2431/219 2433/197 2430/218
f 282/703 285/682 286/683
f 314/703 315/569 311/307
f 292/69 297/843 293/844
f 309/657 314/417 310/113
f 310/113 311/381 305/382
f 320/548 324/69 325/844
f 308/112 310/113 307/114
f 279/307 286/683 283/569
f 304/99 310/113 305/382
f 2289/116 2265/128 2268/117
f 318/683 321/287 322/722
f 296/68 299/575 300/111
f 1182/730 1185/276 1187/399
f 286/683 289/287 290/722
f 287/547 291/67 292/69
f 289/845 285/846 281/847
f 2112/214 2077/215 2080/183
f 323/67 330/521 327/578
f 195/94 2451/655 2465/531
f 331/575 308/112 307/114
f 291/67 296/68 292/69
f 254/577 2501/190 2491/546
f 313/681 318/683 314/703
f 286/683 287/547 283/569
f 779/310 777/105 778/104
f 290/722 294/520 291/67
f 328/68 331/575 332/111
f 316/308 319/547 320/548
f 298/521 299/575 295/578
f 811/274 804/278 810/300
f 334/110 304/99 303/101
f 321/287 323/67 322/722
f 332/111 307/114 304/99
f 275/114 300/111 299/575
f 1411/261 1427/262 1412/263
f 867/715 872/848 873/849
f 322/722 324/69 319/547
f 2408/331 2413/252 2412/282
f 330/521 331/575 327/578
f 272/99 278/113 273/382
f 321/845 317/846 313/847
f 971/377 969/21 970/19
f 299/575 276/112 275/114
f 336/561 342/392 337/17
f 277/657 282/417 278/113
f 273/382 282/417 279/381
f 412/551 416/135 413/163
f 427/643 430/145 428/153
f 365/147 368/557 366/813
f 376/600 377/142 378/850
f 411/608 413/163 414/166
f 388/590 364/136 363/814
f 10/415 26/358 8/428
f 427/643 426/155 425/851
f 369/145 372/643 370/644
f 429/644 432/141 430/145
f 382/747 383/152 384/852
f 435/573 414/166 436/139
f 1399/194 1401/246 1402/103
f 2137/252 2132/331 2131/251
f 1157/105 1159/310 1160/264
f 1868/279 1883/280 1882/281
f 1608/181 1614/196 1609/179
f 396/159 409/726 408/106
f 394/143 405/725 393/144
f 544/339 542/181 543/179
f 1475/232 1477/233 1476/234
f 1126/193 1128/103 1125/194
f 653/104 655/264 656/105
f 1334/386 1326/264 1333/385
f 419/622 422/157 420/132
f 373/155 376/853 374/851
f 368/557 369/145 370/644
f 415/455 418/134 416/135
f 379/148 382/747 380/854
f 423/853 426/155 424/165
f 377/142 380/854 378/850
f 419/622 418/134 417/456
f 435/573 432/141 431/757
f 372/643 373/155 374/851
f 383/152 388/590 384/852
f 423/539 422/157 421/658
f 1442/115 1461/116 1440/117
f 449/210 437/137 447/151
f 1626/115 1623/372 1625/373
f 1433/215 1463/216 1453/217
f 2321/252 2316/331 2315/251
f 451/612 445/133 444/149
f 1750/361 1751/232 1749/355
f 2054/213 2075/258 2055/197
f 1659/232 1661/233 1660/234
f 2440/212 2423/197 2422/213
f 2063/219 2065/197 2062/218
f 1505/347 1507/362 1504/354
f 397/158 410/356 409/726
f 766/193 768/103 765/194
f 776/238 778/104 773/239
f 2357/128 2385/191 2363/173
f 1885/179 1887/180 1884/181
f 677/21 679/377 680/20
f 1972/195 1967/362 1966/211
f 1317/34 1315/35 1318/36
f 1256/105 1258/310 1255/264
f 534/293 524/237 523/323
f 2305/25 2299/26 2304/27
f 2420/347 2441/353 2421/211
f 1312/193 1314/103 1311/194
f 2301/355 2297/200 2302/361
f 691/310 689/105 690/104
f 582/310 592/239 591/238
f 1094/384 1092/103 1093/378
f 2437/179 2439/180 2436/181
f 1195/386 1201/264 1196/385
f 671/264 669/104 670/310
f 974/34 976/35 973/36
f 591/377 589/21 590/19
f 674/246 676/194 673/193
f 527/211 546/212 528/213
f 702/250 710/193 703/249
f 262/749 2480/350 2512/597
f 1980/212 1968/272 1983/258
f 987/238 977/104 988/239
f 2003/208 2001/202 2002/337
f 1038/246 1040/194 1037/193
f 1704/212 1687/197 1686/213
f 531/347 533/362 530/354
f 564/5 565/4 566/259
f 1161/194 1165/378 1166/384
f 757/239 763/310 762/104
f 2042/240 2048/245 2047/244
f 1639/357 1620/183 1619/182
f 446/146 457/356 448/140
f 761/105 767/246 762/104
f 548/196 538/195 543/179
f 1261/45 1259/36 1260/34
f 2291/209 2282/178 2281/177
f 1002/246 1006/249 1005/250
f 1687/197 1682/237 1686/213
f 1290/105 1292/246 1287/104
f 1784/293 1774/237 1773/323
f 725/105 727/310 728/264
f 772/386 764/264 771/385
f 624/194 616/378 615/384
f 1982/196 1976/181 1984/272
f 758/250 766/193 759/249
f 1042/19 1044/20 1041/21
f 1284/34 1286/35 1283/36
f 639/104 637/264 638/105
f 706/104 708/264 705/105
f 1582/240 1586/248 1583/247
f 787/34 785/35 788/36
f 1353/34 1351/35 1354/36
f 752/386 744/264 751/385
f 1247/250 1253/193 1248/249
f 615/45 613/36 614/34
f 1534/115 1553/116 1532/117
f 1251/103 1253/193 1254/246
f 577/386 583/264 578/385
f 1348/193 1350/103 1347/194
f 1993/373 1992/117 1991/372
f 724/238 726/104 721/239
f 1500/347 1521/353 1501/211
f 1595/197 1590/237 1594/213
f 1801/215 1824/265 1802/266
f 2053/211 2072/212 2054/213
f 1674/240 1680/245 1679/244
f 714/384 712/103 713/378
f 1240/246 1244/249 1243/250
f 2007/321 2004/207 2008/322
f 2440/212 2428/272 2443/258
f 1706/196 1696/195 1701/179
f 583/264 581/104 582/310
f 619/264 617/104 618/310
f 537/219 532/211 538/195
f 519/252 517/247 520/248
f 1880/195 1875/362 1874/211
f 613/386 619/264 614/385
f 1041/250 1037/193 1042/249
f 1046/34 1048/35 1045/36
f 745/194 747/246 748/103
f 602/246 604/194 601/193
f 716/386 708/264 715/385
f 2092/187 2085/327 2089/185
f 1902/115 1899/372 1901/373
f 629/250 635/193 630/249
f 2209/355 2205/200 2210/361
f 1727/208 1725/202 1726/337
f 658/246 660/194 657/193
f 761/105 763/310 764/264
f 500/361 501/232 499/355
f 660/194 652/378 651/384
f 769/378 765/194 768/103
f 649/386 655/264 650/385
f 2276/187 2269/327 2273/185
f 629/21 631/377 632/20
f 1928/214 1893/215 1896/183
f 2345/179 2352/272 2350/196
f 1770/248 1766/240 1771/244
f 1379/105 1385/246 1380/104
f 1843/232 1845/233 1844/234
f 749/378 745/194 748/103
f 1405/34 1403/35 1406/36
f 858/636 860/421 857/420
f 900/636 902/421 899/420
f 862/526 863/429 864/428
f 28/409 18/537 20/307
f 915/849 910/716 914/717
f 97/604 133/425 99/602
f 918/307 919/570 920/703
f 840/358 831/712 830/750
f 906/428 923/334 904/526
f 21/570 13/572 12/756
f 6/526 24/336 4/421
f 879/571 870/335 869/572
f 815/420 838/336 837/571
f 923/334 912/335 922/336
f 18/537 23/571 21/570
f 26/358 15/359 25/334
f 908/415 924/358 906/428
f 919/570 909/681 920/703
f 8/428 9/430 10/415
f 28/409 30/171 19/410
f 29/169 32/170 30/171
f 1945/5 1939/227 1946/352
f 853/652 852/654 854/688
f 819/485 849/487 851/653
f 33/458 36/460 35/487
f 900/636 933/487 901/486
f 893/653 892/460 894/654
f 905/429 935/653 937/652
f 895/652 894/654 896/688
f 926/409 928/171 917/410
f 939/687 938/688 940/776
f 852/777 850/778 848/779
f 818/421 819/485 820/526
f 4/421 5/485 6/526
f 833/410 815/420 832/537
f 884/409 874/537 876/307
f 872/848 869/771 871/772
f 820/526 821/429 822/428
f 824/415 840/358 822/428
f 835/570 825/681 836/703
f 916/537 921/571 919/570
f 919/570 911/572 910/756
f 1/420 24/336 23/571
f 921/571 912/335 911/572
f 8/428 25/334 6/526
f 23/571 14/335 13/572
f 832/537 837/571 835/570
f 835/570 827/572 826/756
f 239/719 222/686 224/855
f 877/570 867/681 878/703
f 926/409 916/537 918/307
f 823/430 853/652 855/687
f 882/358 873/712 872/750
f 19/410 33/458 2/636
f 39/652 38/654 40/688
f 2/636 35/487 3/486
f 1918/344 1908/187 1907/186
f 5/485 35/487 37/653
f 889/458 892/460 891/487
f 833/410 847/458 816/636
f 886/171 890/459 889/458
f 907/430 937/652 939/687
f 855/687 854/688 856/776
f 894/856 892/778 890/857
f 917/410 899/420 916/537
f 816/636 818/421 815/420
f 6/526 7/429 8/428
f 822/428 823/430 824/415
f 11/715 16/717 17/849
f 904/526 905/429 906/428
f 876/307 877/570 878/703
f 924/358 915/712 914/750
f 167/661 179/858 170/766
f 882/358 871/359 881/334
f 820/526 838/336 818/421
f 847/458 850/460 849/487
f 862/526 880/336 860/421
f 25/334 14/335 24/336
f 822/428 839/334 820/526
f 877/570 869/572 868/756
f 866/415 882/358 864/428
f 21/570 11/681 22/703
f 906/428 907/430 908/415
f 865/430 895/652 897/687
f 41/687 40/688 42/776
f 821/429 851/653 853/652
f 413/163 440/138 414/166
f 903/485 933/487 935/653
f 37/653 36/460 38/654
f 858/636 891/487 859/486
f 851/653 850/460 852/654
f 863/429 893/653 895/652
f 844/171 848/459 847/458
f 842/409 844/171 833/410
f 885/169 888/170 886/171
f 936/777 934/778 932/779
f 1196/34 1198/35 1195/36
f 553/5 551/4 552/259
f 961/104 963/264 964/105
f 999/264 993/386 1000/105
f 1861/252 1859/247 1862/248
f 969/250 965/193 970/249
f 2413/252 2411/247 2414/248
f 2348/212 2336/272 2351/258
f 605/21 607/377 608/20
f 1049/104 1051/264 1052/105
f 1054/246 1056/194 1053/193
f 1318/386 1310/264 1317/385
f 2340/195 2335/362 2334/211
f 1217/264 1211/386 1218/105
f 1011/238 1019/104 1012/239
f 1953/252 1951/247 1954/248
f 639/104 631/238 640/310
f 1493/252 1491/247 1494/248
f 1561/200 1563/26 1564/199
f 670/310 680/239 679/238
f 1597/338 1611/180 1610/339
f 697/378 693/194 696/103
f 1035/264 1029/386 1036/105
f 1469/200 1471/26 1472/199
f 1746/198 1750/361 1749/355
f 1751/232 1753/233 1752/234
f 1594/213 1615/258 1595/197
f 1294/194 1286/378 1285/384
f 1252/194 1262/378 1261/384
f 1223/21 1225/377 1226/20
f 1859/247 1863/244 1862/248
f 49/11 48/10 47/13
f 2423/197 2418/237 2422/213
f 2213/25 2207/26 2212/27
f 1033/104 1035/264 1036/105
f 2210/361 2211/232 2209/355
f 1004/194 996/378 995/384
f 787/385 777/105 780/264
f 1040/194 1032/378 1031/384
f 666/34 668/35 665/36
f 556/5 557/4 558/259
f 1018/105 1020/310 1017/264
f 1379/105 1381/310 1382/264
f 1441/373 1440/117 1439/372
f 1996/288 1989/128 1995/173
f 1220/246 1224/249 1223/250
f 700/386 692/264 699/385
f 1706/196 1700/181 1708/272
f 715/34 713/35 716/36
f 2203/613 2189/217 2169/215
f 663/238 653/104 664/239
f 1868/347 1889/353 1869/211
f 2425/338 2439/180 2438/339
f 1536/288 1529/128 1535/173
f 1101/239 1107/310 1106/104
f 521/244 515/242 522/245
f 1823/321 1820/207 1824/322
f 1274/105 1268/385 1267/386
f 1696/195 1691/362 1690/211
f 1329/246 1321/249 1320/250
f 1405/385 1395/105 1398/264
f 1129/378 1125/194 1128/103
f 1492/342 1489/242 1488/343
f 1031/45 1029/36 1030/34
f 1095/34 1093/35 1096/36
f 2057/338 2071/180 2070/339
f 2042/240 2046/248 2043/247
f 1279/250 1275/193 1280/249
f 982/246 986/249 985/250
f 1113/378 1109/194 1112/103
f 1138/250 1146/193 1139/249
f 735/34 733/35 736/36
f 2345/179 2347/180 2344/181
f 1087/310 1085/105 1086/104
f 1123/310 1121/105 1122/104
f 589/250 585/193 590/249
f 1084/238 1086/104 1081/239
f 1790/281 1775/236 1791/280
f 711/246 709/194 710/193
f 1280/19 1282/20 1279/21
f 1238/105 1240/246 1235/104
f 1146/193 1148/103 1145/194
f 1105/105 1107/310 1108/264
f 1152/386 1144/264 1151/385
f 2415/244 2409/242 2416/245
f 1771/244 1765/242 1772/245
f 1902/115 1921/116 1900/117
f 783/246 775/249 774/250
f 1247/21 1249/377 1250/20
f 394/164 407/393 406/360
f 694/193 696/103 693/194
f 1245/238 1235/104 1246/239
f 1565/355 1561/200 1566/361
f 2328/347 2349/353 2329/211
f 2412/342 2409/242 2408/343
f 1925/191 1902/192 1903/173
f 1778/213 1797/353 1796/212
f 1204/246 1206/194 1203/193
f 557/6 560/259 558/5
f 1200/310 1210/239 1209/238
f 957/386 963/264 958/385
f 393/144 404/612 385/149
f 1082/250 1090/193 1083/249
f 332/111 329/843 328/68
f 594/34 596/35 593/36
f 1287/104 1289/264 1290/105
f 1292/246 1294/194 1291/193
f 1358/238 1360/104 1355/239
f 962/310 972/239 971/238
f 1256/105 1260/385 1259/386
f 1258/310 1250/239 1249/238
f 1212/34 1214/35 1211/36
f 1209/377 1207/21 1208/19
f 2139/244 2133/242 2140/245
f 2080/183 2108/345 2112/214
f 450/411 447/151 445/133
f 1231/386 1237/264 1232/385
f 1110/193 1112/103 1109/194
f 1952/342 1949/242 1948/343
f 1533/373 1532/117 1531/372
f 1977/179 1979/180 1976/181
f 1988/183 2016/345 2020/214
f 1215/104 1217/264 1218/105
f 1047/384 1055/103 1048/378
f 1021/386 1017/264 1022/385
f 2237/211 2256/212 2238/213
f 627/238 617/104 628/239
f 675/103 667/384 676/194
f 995/45 993/36 994/34
f 1495/244 1489/242 1496/245
f 1781/347 1783/362 1780/354
f 1090/193 1092/103 1089/194
f 1242/194 1234/378 1233/384
f 1288/310 1298/239 1297/238
f 1278/194 1270/378 1269/384
f 1370/36 1368/45 1367/35
f 1132/36 1130/45 1129/35
f 468/115 465/372 467/373
f 1930/198 1934/361 1933/355
f 1620/183 1648/345 1652/214
f 985/21 987/377 988/20
f 2248/195 2243/362 2242/211
f 1609/179 1611/180 1608/181
f 1594/213 1613/353 1612/212
f 300/111 297/843 296/68
f 535/235 525/236 524/237
f 958/34 960/35 957/36
f 1296/19 1298/20 1295/21
f 786/384 784/103 785/378
f 1050/310 1060/239 1059/238
f 1378/238 1380/104 1375/239
f 1718/115 1737/116 1716/117
f 1305/19 1303/20 1304/21
f 1360/104 1362/264 1359/105
f 1281/238 1271/104 1282/239
f 2087/173 2106/214 2109/191
f 595/384 603/103 596/378
f 1872/685 1886/339 1873/338
f 1627/173 1646/214 1649/191
f 2107/209 2098/178 2097/177
f 2256/212 2244/272 2259/258
f 496/198 500/361 499/355
f 516/240 520/248 517/247
f 1686/213 1705/353 1704/212
f 665/386 671/264 666/385
f 1351/378 1347/194 1350/103
f 2026/361 2027/232 2025/355
f 1115/34 1113/35 1116/36
f 1801/215 1831/216 1821/217
f 946/840 949/108 948/842
f 1324/104 1326/264 1323/105
f 1235/104 1237/264 1238/105
f 1322/238 1324/104 1319/239
f 1965/338 1979/180 1978/339
f 959/384 967/103 960/378
f 737/20 739/19 740/377
f 672/105 674/246 669/104
f 1343/105 1345/310 1346/264
f 982/246 984/194 981/193
f 1393/249 1401/246 1400/193
f 522/245 514/343 518/342
f 1930/198 1932/199 1929/200
f 1385/246 1377/249 1376/250
f 1341/19 1339/20 1340/21
f 1661/25 1655/26 1660/27
f 1721/185 1723/186 1724/187
f 722/250 730/193 723/249
f 578/34 580/35 577/36
f 1365/246 1357/249 1356/250
f 1067/249 1075/246 1074/193
f 2135/247 2137/252 2131/251
f 1333/34 1331/35 1334/36
f 526/347 547/353 527/211
f 2228/282 2223/251 2229/252
f 2429/235 2417/323 2428/293
f 2453/618 214/59 2532/610
f 2526/368 97/604 2449/603
f 2253/179 2255/180 2252/181
f 468/115 487/116 466/117
f 1063/268 1061/268 1062/267
f 1590/237 1607/280 1591/236
f 1508/293 1498/237 1497/323
f 2149/347 2151/362 2148/354
f 2241/338 2255/180 2254/339
f 1689/347 1691/362 1688/354
f 1512/195 1510/218 1511/219
f 2362/115 2359/372 2361/373
f 2234/237 2251/280 2235/236
f 1955/244 1949/242 1956/245
f 1674/240 1678/248 1675/247
f 1116/386 1108/264 1115/385
f 1023/384 1013/103 1024/378
f 1197/384 1205/103 1198/378
f 1600/293 1590/237 1589/323
f 1034/310 1044/239 1043/238
f 1057/250 1053/193 1058/249
f 1689/338 1703/180 1702/339
f 1363/194 1365/246 1366/103
f 2302/361 2303/232 2301/355
f 1655/26 1653/200 1654/198
f 1009/250 1015/193 1010/249
f 2149/338 2163/180 2162/339
f 560/5 561/4 562/259
f 1904/288 1897/128 1903/173
f 2395/232 2397/233 2396/234
f 1693/235 1681/323 1692/293
f 740/238 742/104 737/239
f 2250/346 2237/211 2236/347
f 1271/104 1273/264 1274/105
f 528/213 549/258 529/197
f 2272/288 2265/128 2271/173
f 1863/244 1857/242 1864/245
f 2050/237 2067/280 2051/236
f 1102/250 1110/193 1103/249
f 1604/195 1599/362 1598/211
f 1355/20 1357/19 1358/377
f 1327/194 1329/246 1330/103
f 2336/293 2326/237 2325/323
f 997/104 999/264 1000/105
f 552/5 555/4 556/259
f 389/146 410/356 399/140
f 519/252 514/331 513/251
f 2044/342 2041/242 2040/343
f 2116/199 2120/27 2121/25
f 2269/373 2268/117 2267/372
f 1013/103 1015/193 1016/246
f 2064/195 2059/362 2058/211
f 1175/316 1189/262 1193/317
f 1367/378 1363/194 1366/103
f 1876/293 1866/237 1865/323
f 2228/342 2225/242 2224/343
f 1793/179 1795/180 1792/181
f 1078/384 1076/103 1077/378
f 1962/213 1983/258 1963/197
f 2250/281 2235/236 2251/280
f 977/104 979/264 980/105
f 1566/361 1567/232 1565/355
f 1768/342 1765/242 1764/343
f 736/386 728/264 735/385
f 1417/667 1429/312 1428/300
f 2258/196 2252/181 2260/272
f 1658/361 1659/232 1657/355
f 1283/386 1289/264 1284/385
f 2418/237 2435/280 2419/236
f 1309/310 1307/105 1308/104
f 1190/300 1178/311 1191/312
f 662/19 664/20 661/21
f 1494/248 1490/240 1495/244
f 442/143 452/725 443/144
f 2145/211 2164/212 2146/213
f 2156/195 2151/362 2150/211
f 1890/196 1884/181 1892/272
f 1710/266 1729/217 1732/265
f 2060/293 2050/237 2049/323
f 579/384 587/103 580/378
f 1869/211 1888/212 1870/213
f 1597/347 1599/362 1596/354
f 2164/212 2147/197 2146/213
f 2117/355 2113/200 2118/361
f 1154/21 1156/377 1153/20
f 2177/373 2176/117 2175/372
f 2432/195 2427/362 2426/211
f 602/246 606/249 605/250
f 2227/247 2231/244 2230/248
f 733/378 729/194 732/103
f 1135/268 1133/268 1136/267
f 2153/235 2143/236 2142/237
f 443/144 451/612 444/149
f 1974/346 1961/211 1960/347
f 1434/266 1453/217 1456/265
f 1570/419 1568/234 1567/232
f 2022/198 2026/361 2025/355
f 1444/288 1437/128 1443/173
f 1215/104 1225/238 1216/310
f 975/384 983/103 976/378
f 2420/279 2435/280 2434/281
f 1860/342 1857/242 1856/343
f 2245/235 2233/323 2244/293
f 1080/36 1078/45 1077/35
f 700/36 698/45 697/35
f 1080/386 1072/264 1079/385
f 2330/213 2351/258 2331/197
f 1390/386 1382/264 1389/385
f 1188/273 1183/122 1186/124
f 2321/252 2319/247 2322/248
f 1962/213 1981/353 1980/212
f 2356/183 2384/345 2388/214
f 1509/235 1499/236 1498/237
f 2045/252 2043/247 2046/248
f 586/246 588/194 585/193
f 1528/183 1556/345 1560/214
f 1505/338 1519/180 1518/339
f 1332/384 1330/103 1331/378
f 441/154 453/360 442/164
f 324/69 329/843 325/844
f 348/29 350/24 347/127
f 2118/361 2119/232 2117/355
f 1701/179 1703/180 1700/181
f 1781/338 1795/180 1794/339
f 1584/342 1581/242 1580/343
f 1213/384 1221/103 1214/378
f 2114/198 2116/199 2113/200
f 2166/196 2160/181 2168/272
f 2241/347 2243/362 2240/354
f 1680/245 1673/242 1672/343
f 103/397 105/729 2450/306
f 1893/215 1927/613 1923/216
f 2406/231 2403/229 2404/228
f 452/476 439/471 451/475
f 383/152 400/151 398/137
f 12/716 13/771 16/717
f 13/771 14/859 15/772
f 1829/116 1830/214 1805/128
f 1592/347 1606/346 1613/353
f 1501/211 1521/353 1520/212
f 2181/185 2182/302 2183/186
f 2201/191 2202/422 2178/192
f 1547/321 1541/202 1544/207
f 1908/187 1904/432 1901/327
f 1641/204 1630/302 1629/185
f 87/328 89/568 2448/329
f 95/366 94/596 2497/367
f 1592/279 1591/236 1607/280
f 1874/211 1875/362 1872/354
f 1384/193 1385/246 1386/103
f 1790/346 1797/353 1777/211
f 1719/173 1713/128 1738/214
f 1935/232 1938/419 1937/233
f 1804/183 1822/178 1832/345
f 659/103 656/105 649/36
f 1240/246 1241/103 1242/194
f 1724/187 1720/432 1717/327
f 506/225 507/260 508/226
f 1647/209 1648/345 1638/178
f 703/19 704/377 701/20
f 1080/36 1077/35 1076/103
f 1677/252 1671/251 1675/247
f 1156/238 1159/310 1158/104
f 34/779 32/774 40/860
f 929/775 938/860 930/774
f 2166/196 2157/197 2156/195
f 40/860 38/777 34/779
f 915/849 909/715 910/716
f 1348/193 1349/246 1350/103
f 1801/215 1821/217 1824/265
f 1240/246 1239/193 1244/249
f 2057/338 2056/685 2071/180
f 1379/105 1386/103 1385/246
f 1247/250 1254/246 1253/193
f 2092/187 2088/432 2085/327
f 500/361 504/419 501/232
f 28/409 19/410 18/537
f 918/307 916/537 919/570
f 706/104 707/310 708/264
f 958/34 959/45 960/35
f 1609/179 1610/339 1611/180
f 2007/321 2001/202 2004/207
f 1674/240 1673/242 1680/245
f 583/264 584/105 581/104
f 1990/184 1991/457 1992/117
f 700/386 689/105 692/264
f 2273/185 2274/302 2275/186
f 1557/191 1558/422 1534/192
f 2191/176 2192/365 2189/177
f 2375/321 2369/202 2372/207
f 434/159 455/106 454/393
f 2022/198 2023/26 2024/199
f 218/394 232/73 2500/395
f 1915/357 1914/178 1896/183
f 2102/344 2088/431 2092/187
f 1813/185 1814/302 1815/186
f 1739/209 1740/345 1730/178
f 1520/212 1509/256 1508/272
f 1915/176 1916/365 1913/177
f 1176/313 1194/98 1192/314
f 1117/20 1118/21 1119/19
f 1639/176 1640/365 1637/177
f 1167/385 1168/386 1157/105
f 1917/204 1906/302 1905/185
f 2011/201 2002/337 2001/202
f 2383/209 2384/345 2374/178
f 2195/201 2186/337 2185/202
f 1162/193 1163/246 1164/103
f 1644/206 1640/454 1636/207
f 1734/344 1720/431 1724/187
f 1614/196 1605/197 1604/195
f 311/381 312/400 306/100
f 1629/185 1630/302 1631/186
f 2287/201 2278/337 2277/202
f 1503/197 1497/323 1498/237
f 1305/249 1304/250 1313/246
f 2104/206 2100/454 2096/207
f 1810/115 1808/117 1807/372
f 2477/379 223/55 221/57
f 2282/178 2283/176 2284/365
f 1465/191 1466/422 1442/192
f 1652/214 1651/613 1617/215
f 1619/340 1620/183 1617/215
f 1141/105 1142/104 1143/310
f 2263/340 2264/183 2261/215
f 464/184 465/457 466/117
f 2294/383 2289/116 2268/117
f 1853/230 1854/231 1851/229
f 1952/282 1948/331 1947/251
f 1718/115 1716/117 1715/372
f 1626/115 1650/383 1645/116
f 1065/239 1068/238 1071/310
f 511/5 506/225 505/227
f 1569/25 1564/199 1563/26
f 1149/378 1150/384 1145/194
f 2105/116 2106/214 2081/128
f 1562/198 1565/355 1567/220
f 400/151 402/210 401/351
f 1009/21 1010/19 1011/377
f 2400/225 2401/260 2402/226
f 1617/215 1651/613 1647/216
f 2247/219 2248/195 2249/197
f 496/198 497/26 498/199
f 1657/355 1654/198 1653/200
f 2506/374 207/620 211/375
f 1995/173 1989/128 2014/214
f 1758/226 1757/260 1760/228
f 192/861 175/862 176/863
f 176/863 177/864 178/865
f 178/865 179/866 180/867
f 180/867 158/868 157/765
f 157/765 181/869 184/32
f 181/869 182/870 184/32
f 182/870 183/871 184/32
f 184/32 185/872 186/873
f 186/873 187/874 188/33
f 188/33 189/875 190/31
f 190/31 191/876 192/861
f 192/861 176/863 157/765
f 176/863 178/865 157/765
f 178/865 180/867 157/765
f 184/32 186/873 188/33
f 377/142 375/601 394/143
f 190/31 192/861 157/765
f 1455/321 1449/202 1452/207
f 1584/282 1580/331 1579/251
f 1163/246 1162/193 1155/249
f 1525/215 1559/613 1555/216
f 2333/347 2334/211 2335/362
f 1443/173 1437/128 1462/214
f 531/338 530/685 545/180
f 1561/200 1564/222 1570/224
f 2082/184 2083/457 2084/117
f 2074/196 2069/179 2068/181
f 63/37 65/106 66/360
f 1127/246 1126/193 1119/249
f 2130/231 2127/229 2128/228
f 1902/192 1901/174 1904/175
f 2221/5 2216/225 2215/227
f 1342/238 1345/310 1344/104
f 1517/179 1516/181 1524/272
f 1574/226 1573/260 1576/228
f 626/19 627/377 628/20
f 666/34 667/45 668/35
f 597/104 608/239 607/238
f 362/210 360/118 359/28
f 1896/183 1914/178 1924/345
f 1654/198 1657/355 1659/220
f 1711/340 1712/183 1709/215
f 1986/266 1985/215 2005/217
f 1306/238 1309/310 1308/104
f 1511/219 1507/362 1506/211
f 1425/399 1420/730 1419/119
f 1987/182 2007/357 2006/178
f 1457/204 1446/302 1445/185
f 2088/288 2082/330 2081/128
f 2052/347 2066/346 2073/353
f 1454/178 1455/176 1456/365
f 2266/184 2267/457 2268/117
f 2410/240 2415/244 2414/248
f 2010/344 1996/431 2000/187
f 1733/204 1722/302 1721/185
f 1202/105 1205/103 1204/246
f 639/104 640/310 637/264
f 1639/357 1638/178 1620/183
f 1033/104 1034/310 1035/264
f 906/428 924/358 923/334
f 879/571 880/336 870/335
f 772/386 761/105 764/264
f 749/378 750/384 745/194
f 815/420 818/421 838/336
f 446/146 458/38 457/356
f 840/358 841/416 831/712
f 26/358 16/750 15/359
f 21/570 23/571 13/572
f 6/526 25/334 24/336
f 1042/19 1043/377 1044/20
f 1284/34 1285/45 1286/35
f 1843/232 1846/419 1845/233
f 919/570 910/756 909/681
f 97/604 122/795 133/425
f 893/653 891/487 892/460
f 865/430 863/429 895/652
f 923/334 913/359 912/335
f 1004/194 1003/103 996/378
f 300/111 302/110 297/843
f 1687/197 1681/323 1682/237
f 1238/105 1241/103 1240/246
f 2042/240 2041/242 2048/245
f 2291/209 2292/345 2282/178
f 1290/105 1293/103 1292/246
f 548/196 539/197 538/195
f 1220/246 1219/193 1224/249
f 2415/244 2410/240 2409/242
f 41/687 39/652 40/688
f 961/104 962/310 963/264
f 2139/244 2134/240 2133/242
f 1049/104 1050/310 1051/264
f 1261/45 1262/35 1259/36
f 1370/36 1369/34 1368/45
f 1706/196 1701/179 1700/181
f 757/239 760/238 763/310
f 1132/36 1131/34 1130/45
f 1002/246 1001/193 1006/249
f 368/557 367/167 369/145
f 2355/182 2375/357 2374/178
f 881/334 871/359 870/335
f 161/664 182/826 181/822
f 375/165 373/155 395/154
f 1177/96 1174/301 1175/97
f 299/575 301/574 276/112
f 440/138 446/146 436/139
f 2270/192 2269/174 2272/175
f 273/382 278/113 282/417
f 1731/176 1732/365 1729/177
f 1714/184 1715/457 1716/117
f 1349/246 1348/193 1341/249
f 1040/194 1039/103 1032/378
f 426/155 441/154 442/164
f 1997/185 1998/302 1999/186
f 971/377 972/20 969/21
f 2161/179 2162/339 2163/180
f 461/340 462/183 459/215
f 281/847 277/877 276/878
f 276/878 301/879 281/847
f 301/879 298/880 281/847
f 298/880 294/881 281/847
f 294/881 289/845 281/847
f 49/11 50/12 48/10
f 379/148 385/149 386/133
f 556/5 555/6 557/4
f 430/145 433/158 434/159
f 643/45 644/35 641/36
f 821/429 819/485 851/653
f 1535/173 1534/192 1533/174
f 2333/338 2332/685 2347/180
f 1217/264 1212/385 1211/386
f 434/159 441/154 426/155
f 1178/274 1179/300 1180/278
f 377/142 379/148 380/854
f 59/40 70/39 69/41
f 1468/214 1467/613 1433/215
f 423/853 425/851 426/155
f 369/145 367/167 399/140
f 1251/103 1254/246 1257/104
f 980/105 983/103 982/246
f 277/657 281/882 282/417
f 416/135 447/151 437/137
f 1547/176 1548/365 1545/177
f 137/678 172/812 191/819
f 927/169 929/501 930/170
f 1193/97 1189/301 1192/96
f 313/847 309/883 308/878
f 308/878 333/879 313/847
f 333/879 330/880 313/847
f 330/880 326/881 313/847
f 326/881 321/845 313/847
f 37/653 35/487 36/460
f 442/143 443/144 422/157
f 379/148 381/150 382/747
f 367/167 365/147 389/146
f 2496/326 86/325 84/332
f 1535/173 1529/128 1554/214
f 1547/357 1546/178 1528/183
f 1463/209 1464/345 1454/178
f 2077/215 2111/613 2107/216
f 457/356 456/726 433/158
f 1774/237 1785/235 1791/280
f 1469/200 1474/361 1473/355
f 2288/206 2284/454 2280/207
f 1895/340 1896/183 1893/215
f 2342/281 2328/279 2327/236
f 51/102 49/11 47/13
f 1052/105 1055/103 1054/246
f 385/149 404/612 403/411
f 2467/836 224/855 222/686
f 747/246 746/193 739/249
f 669/104 674/246 677/21
f 2353/215 2387/613 2383/216
f 130/784 142/698 145/794
f 1635/208 1636/207 1633/202
f 75/402 77/565 2495/483
f 126/786 153/809 117/798
f 2474/333 84/332 82/535
f 135/706 153/809 126/786
f 1469/200 1472/222 1478/224
f 2058/211 2059/362 2056/354
f 1787/219 1788/195 1789/197
f 565/6 567/4 568/259
f 1459/201 1450/337 1449/202
f 468/192 467/174 470/175
f 1103/19 1104/377 1101/20
f 840/358 830/750 829/359
f 1549/204 1538/302 1537/185
f 2086/192 2085/174 2088/175
f 2179/173 2178/192 2177/174
f 1461/116 1462/214 1437/128
f 477/208 478/207 475/202
f 209/668 2452/14 2465/16
f 2523/838 270/360 269/369
f 584/105 587/103 586/246
f 2109/191 2110/422 2086/192
f 2523/641 2455/407 236/837
f 875/410 886/171 889/458
f 540/281 526/279 525/236
f 282/703 281/681 285/682
f 1741/191 1742/422 1718/192
f 202/605 203/607 2461/830
f 937/652 935/653 936/654
f 2525/324 2448/329 90/552
f 1929/200 1932/222 1938/224
f 91/567 127/675 128/789
f 320/548 319/547 324/69
f 752/386 741/105 744/264
f 1616/293 1608/235 1603/219
f 2194/344 2180/431 2184/187
f 2044/282 2040/331 2039/251
f 2459/289 2445/107 953/109
f 1522/196 1513/197 1512/195
f 132/790 127/675 91/567
f 1221/103 1218/105 1211/36
f 2498/387 102/389 100/543
f 2422/213 2421/211 2441/353
f 77/565 75/402 109/781
f 107/626 124/733 134/783
f 200/617 2533/835 2453/618
f 2377/204 2366/302 2365/185
f 785/35 784/103 777/105
f 1838/198 1837/200 1842/361
f 1358/238 1361/310 1360/104
f 807/399 802/730 801/119
f 962/310 961/104 972/239
f 1126/193 1127/246 1128/103
f 2009/204 1998/302 1997/185
f 2020/214 2019/613 1985/215
f 2080/183 2098/178 2108/345
f 1129/378 1130/384 1125/194
f 88/628 2529/748 2507/646
f 1231/386 1238/105 1237/264
f 1394/238 1397/310 1396/104
f 2522/632 259/840 258/842
f 107/626 2478/304 2450/306
f 1505/347 1506/211 1507/362
f 2363/173 2364/288 2358/330
f 1885/179 1886/339 1887/180
f 85/499 116/740 115/690
f 2289/116 2290/214 2265/128
f 2021/200 2024/222 2030/224
f 1287/104 1288/310 1289/264
f 332/111 334/110 329/843
f 877/570 879/571 869/572
f 2412/342 2416/245 2409/242
f 2265/128 2290/214 2293/191
f 985/21 986/19 987/377
f 639/104 632/239 631/238
f 129/788 141/699 142/698
f 85/499 83/500 126/786
f 1065/20 1070/104 1075/246
f 397/158 399/140 410/356
f 2465/531 2451/655 193/532
f 776/238 779/310 778/104
f 897/687 895/652 896/688
f 842/409 833/410 832/537
f 1292/246 1293/103 1294/194
f 1475/232 1478/419 1477/233
f 2296/214 2295/613 2261/215
f 25/334 15/359 14/335
f 661/250 658/246 657/193
f 106/305 2463/829 2530/563
f 2170/266 2169/215 2189/217
f 1110/193 1111/246 1112/103
f 73/584 120/743 109/781
f 2402/226 2401/260 2404/228
f 1826/344 1812/431 1816/187
f 1720/288 1714/330 1713/128
f 2371/208 2372/207 2369/202
f 1972/195 1971/219 1967/362
f 2/636 3/486 4/421
f 675/103 668/378 667/384
f 544/339 545/180 542/181
f 1057/21 1058/19 1059/377
f 2007/176 2008/365 2005/177
f 1220/246 1221/103 1222/194
f 292/69 296/68 297/843
f 853/652 851/653 852/654
f 1594/213 1612/212 1615/258
f 1196/34 1197/45 1198/35
f 81/592 125/793 126/786
f 1587/244 1582/240 1581/242
f 2178/115 2202/383 2197/116
f 1666/226 1665/260 1668/228
f 2072/212 2061/256 2060/272
f 677/21 678/19 679/377
f 235/406 236/837 2455/407
f 837/571 838/336 828/335
f 1334/386 1323/105 1326/264
f 653/104 654/310 655/264
f 309/657 313/882 314/417
f 900/636 931/458 933/487
f 1356/21 1355/20 1360/104
f 771/34 770/45 769/35
f 899/420 902/421 922/336
f 1050/310 1049/104 1060/239
f 103/397 101/599 129/788
f 79/564 131/496 125/495
f 1198/35 1205/103 1202/105
f 766/193 767/246 768/103
f 78/130 80/270 2531/633
f 2357/128 2382/214 2385/191
f 969/250 966/246 965/193
f 318/683 317/682 321/287
f 2340/195 2339/219 2335/362
f 54/560 53/392 44/17
f 395/154 396/159 408/106
f 1778/213 1777/211 1797/353
f 2386/383 2381/116 2360/117
f 310/113 314/417 311/381
f 862/526 881/334 880/336
f 1578/231 1575/229 1576/228
f 1848/225 1849/260 1850/226
f 1073/194 1074/193 1075/246
f 1266/267 1265/268 1264/267
f 371/153 369/145 397/158
f 826/716 827/771 829/772
f 827/771 828/859 829/772
f 829/772 830/848 826/716
f 1448/187 1444/432 1441/327
f 390/138 391/412 392/38
f 2340/195 2341/197 2338/218
f 2374/178 2375/176 2376/365
f 1044/20 1033/104 1038/246
f 2378/344 2364/431 2368/187
f 1319/20 1324/104 1329/246
f 2379/201 2370/337 2369/202
f 1039/103 1036/105 1029/36
f 227/78 224/82 2467/363
f 355/126 357/360 358/106
f 2027/232 2030/419 2029/233
f 459/215 493/613 489/216
f 2405/5 2400/225 2399/227
f 651/45 652/35 649/36
f 2337/235 2343/280 2327/236
f 2286/344 2272/431 2276/187
f 1229/268 1228/267 1227/268
f 1930/198 1933/355 1935/220
f 1003/103 1000/105 993/36
f 1698/281 1684/279 1683/236
f 1027/268 1026/267 1025/268
f 255/390 254/225 2491/391
f 1049/104 1054/246 1057/21
f 1838/198 1841/355 1843/220
f 2311/229 2312/228 2313/230
f 848/779 846/774 854/860
f 887/775 896/884 888/774
f 1923/209 1924/345 1914/178
f 854/860 852/777 848/779
f 2310/226 2309/260 2312/228
f 1695/219 1696/195 1697/197
f 1052/105 1051/264 1046/385
f 1370/386 1359/105 1362/264
f 831/849 826/716 830/848
f 408/160 410/462 402/161
f 868/885 869/771 872/848
f 869/771 870/859 871/772
f 1903/173 1897/128 1922/214
f 2119/232 2122/419 2121/233
f 1971/219 1972/195 1973/197
f 2099/176 2100/365 2097/177
f 1185/276 1181/119 1180/277
f 269/369 268/10 2471/370
f 773/20 778/104 783/246
f 1617/215 1637/217 1640/265
f 1241/103 1238/105 1231/36
f 1423/276 1419/119 1418/277
f 808/273 809/262 794/263
f 1762/231 1759/229 1760/228
f 2390/198 2393/355 2395/220
f 730/193 731/246 732/103
f 2038/231 2035/229 2036/228
f 2216/225 2217/260 2218/226
f 1493/252 1492/282 1488/331
f 2078/266 2077/215 2097/217
f 1612/212 1601/256 1600/272
f 1958/237 1962/213 1963/197
f 2218/226 2217/260 2220/228
f 1023/45 1024/35 1021/36
f 1735/201 1726/337 1725/202
f 1282/20 1271/104 1276/246
f 460/266 459/215 479/217
f 2034/226 2033/260 2036/228
f 890/857 888/774 896/884
f 264/446 235/434 260/440
f 1552/206 1548/454 1544/207
f 896/884 894/856 890/857
f 2114/198 2117/355 2119/220
f 1485/5 1480/225 1479/227
f 1387/378 1388/384 1383/194
f 1096/386 1085/105 1088/264
f 443/144 444/149 420/132
f 910/716 911/771 913/772
f 911/771 912/859 913/772
f 913/772 914/717 910/716
f 1837/200 1838/198 1839/26
f 1968/293 1969/235 1958/237
f 2017/191 2018/422 1994/192
f 1414/313 1432/98 1430/314
f 1083/19 1084/377 1081/20
f 1000/105 1003/103 1002/246
f 718/267 719/268 720/267
f 2285/204 2274/302 2273/185
f 664/20 653/104 658/246
f 1737/116 1738/214 1713/128
f 801/119 800/277 804/278
f 2037/5 2032/225 2031/227
f 469/173 463/128 488/214
f 1120/238 1123/310 1122/104
f 1684/347 1698/346 1705/353
f 1276/246 1277/103 1278/194
f 346/7 338/18 337/17
f 759/19 760/377 757/20
f 2390/198 2389/200 2394/361
f 2525/324 88/628 86/325
f 1132/386 1121/105 1124/264
f 726/104 725/105 732/103
f 1551/201 1542/337 1541/202
f 597/104 602/246 605/21
f 1709/215 1743/613 1739/216
f 1942/226 1941/260 1944/228
f 932/779 930/774 938/860
f 856/773 846/774 845/775
f 69/210 70/38 67/28
f 938/860 936/777 932/779
f 2179/173 2173/128 2198/214
f 2529/748 198/512 204/651
f 200/617 201/609 2483/631
f 1474/361 1478/419 1475/232
f 966/246 967/103 968/194
f 1994/192 1993/174 1996/175
f 783/246 784/103 781/194
f 903/485 901/486 933/487
f 2519/523 2506/828 94/596
f 210/833 113/550 2531/633
f 169/672 192/824 191/802
f 1670/231 1667/229 1668/228
f 1643/201 1634/337 1633/202
f 701/20 706/104 711/246
f 2512/597 2480/350 251/49
f 689/105 696/103 695/246
f 866/415 883/416 882/358
f 1315/378 1316/384 1311/194
f 150/797 139/694 119/677
f 2319/247 2318/240 2323/244
f 1677/252 1676/282 1672/331
f 1825/204 1814/302 1813/185
f 2158/281 2144/279 2143/236
f 2456/44 2502/43 237/90
f 834/307 832/537 835/570
f 2155/219 2156/195 2157/197
f 2461/659 203/629 212/630
f 2480/350 2457/349 249/642
f 2506/374 2487/376 92/553
f 114/647 2467/836 2466/648
f 2425/347 2426/211 2427/362
f 835/570 826/756 825/681
f 394/164 395/154 407/393
f 462/183 480/178 490/345
f 1472/199 1471/26 1476/27
f 1736/206 1732/454 1728/207
f 1435/340 1436/183 1433/215
f 1517/179 1518/339 1519/180
f 1442/192 1441/174 1444/175
f 9/430 7/429 39/652
f 904/526 923/334 922/336
f 114/647 202/605 2486/536
f 128/692 149/697 151/696
f 1096/36 1093/35 1092/103
f 1081/20 1086/104 1091/246
f 2033/260 2034/226 2031/227
f 1836/214 1835/613 1801/215
f 433/158 456/726 455/106
f 1294/194 1293/103 1286/378
f 1399/194 1400/193 1401/246
f 1153/20 1158/104 1163/246
f 79/564 2515/271 2495/483
f 1649/191 1650/422 1626/192
f 802/723 807/123 806/124
f 2500/395 2468/735 210/538
f 1403/35 1402/103 1395/105
f 832/537 815/420 837/571
f 228/46 225/48 2453/618
f 2066/281 2052/279 2051/236
f 2193/204 2182/302 2181/185
f 2263/182 2283/357 2282/178
f 777/105 784/103 783/246
f 144/744 169/672 172/803
f 694/193 695/246 696/103
f 1245/238 1236/310 1235/104
f 1413/316 1412/263 1427/262
f 656/105 659/103 658/246
f 1445/185 1446/302 1447/186
f 508/226 507/260 510/228
f 741/105 748/103 747/246
f 1334/36 1331/35 1330/103
f 1553/116 1554/214 1529/128
f 1367/35 1366/103 1359/105
f 57/23 59/40 60/30
f 2454/364 2468/566 230/76
f 2520/619 2477/379 211/375
f 151/696 161/664 162/806
f 2491/546 2501/190 245/72
f 1645/116 1646/214 1621/128
f 20/307 18/537 21/570
f 919/570 921/571 911/572
f 201/609 2453/618 2532/610
f 95/366 2526/368 2449/603
f 2187/208 2188/207 2185/202
f 246/84 2511/702 2479/405
f 471/185 472/302 473/186
f 78/130 2505/832 2486/536
f 1204/246 1205/103 1206/194
f 2297/200 2300/222 2306/224
f 2458/401 74/540 71/582
f 1943/229 1944/228 1945/230
f 2171/340 2172/183 2169/215
f 143/767 118/742 165/709
f 207/525 206/524 2510/594
f 1340/21 1339/20 1344/104
f 1790/281 1776/279 1775/236
f 2084/117 2083/372 2085/373
f 745/194 746/193 747/246
f 1046/34 1047/45 1048/35
f 2164/212 2153/256 2152/272
f 1798/196 1793/179 1792/181
f 57/23 58/29 55/127
f 2199/209 2200/345 2190/178
f 858/636 889/458 891/487
f 722/21 721/20 726/104
f 1745/200 1748/222 1754/224
f 2191/321 2185/202 2188/207
f 2205/200 2208/222 2214/224
f 1537/185 1538/302 1539/186
f 1277/103 1274/105 1267/36
f 1086/104 1085/105 1092/103
f 72/586 2514/585 2516/625
f 851/653 849/487 850/460
f 232/73 230/87 2468/735
f 867/715 868/885 872/848
f 314/703 318/683 315/569
f 91/567 93/639 2497/367
f 1816/187 1812/432 1809/327
f 2476/834 219/755 220/70
f 951/680 952/433 956/294
f 2524/121 2536/120 240/92
f 1756/225 1757/260 1758/226
f 1543/208 1544/207 1541/202
f 206/524 199/886 2521/593
f 101/599 2498/387 2475/645
f 1251/103 1256/105 1259/36
f 265/359 264/887 2456/404
f 822/428 840/358 839/334
f 21/570 12/756 11/681
f 2298/198 2301/355 2303/220
f 884/409 885/169 886/171
f 1803/340 1804/183 1801/215
f 1639/321 1633/202 1636/207
f 2196/206 2192/454 2188/207
f 221/66 217/51 2509/737
f 924/358 914/750 913/359
f 42/773 40/860 32/774
f 2168/293 2160/235 2155/219
f 2509/737 217/51 218/50
f 1318/36 1315/35 1314/103
f 685/20 690/104 695/246
f 2012/206 2008/454 2004/207
f 200/528 212/630 2489/529
f 2323/244 2318/240 2317/242
f 2423/197 2417/323 2418/237
f 1819/208 1820/207 1817/202
f 622/246 621/193 626/249
f 998/310 997/104 1008/239
f 2362/192 2361/174 2364/175
f 1850/226 1849/260 1852/228
f 2510/594 2521/593 231/86
f 1470/198 1473/355 1475/220
f 2213/25 2208/199 2207/26
f 2385/191 2386/422 2362/192
f 1921/116 1922/214 1897/128
f 1940/225 1941/260 1942/226
f 2354/266 2353/215 2373/217
f 2503/297 2513/299 943/319
f 118/742 117/741 164/710
f 820/526 839/334 838/336
f 924/358 925/416 915/712
f 148/488 150/792 134/783
f 501/232 504/419 503/233
f 1893/215 1913/217 1916/265
f 580/35 587/103 584/105
f 2136/342 2140/245 2133/242
f 2533/530 2489/529 220/70
f 1151/34 1150/45 1149/35
f 2454/364 2467/363 114/549
f 2522/632 2457/502 260/839
f 2514/585 71/582 111/556
f 529/197 523/323 524/237
f 117/798 153/809 163/708
f 100/543 2485/660 2460/544
f 2262/266 2261/215 2281/217
f 864/428 882/358 881/334
f 1718/115 1742/383 1737/116
f 122/782 121/693 151/696
f 171/705 174/825 149/804
f 136/497 147/721 172/812
f 2510/594 229/85 226/63
f 364/136 365/147 366/813
f 348/29 351/30 352/40
f 167/661 180/827 179/858
f 874/537 857/420 879/571
f 1161/194 1164/103 1165/378
f 1965/347 1966/211 1967/362
f 2394/361 2398/419 2395/232
f 141/738 154/424 156/493
f 1987/340 1988/183 1985/215
f 723/19 724/377 721/20
f 847/458 848/459 850/460
f 1524/293 1516/235 1511/219
f 1890/196 1881/197 1880/195
f 860/421 859/486 861/485
f 761/105 768/103 767/246
f 1582/240 1587/244 1586/248
f 215/588 2523/838 2535/371
f 1287/104 1292/246 1295/21
f 1727/208 1728/207 1725/202
f 603/103 600/105 593/36
f 1121/105 1128/103 1127/246
f 1008/20 997/104 1002/246
f 902/421 901/486 903/485
f 2446/559 945/637 954/290
f 2460/621 199/886 206/524
f 2099/357 2098/178 2080/183
f 2301/355 2298/198 2297/200
f 623/103 620/105 613/36
f 1934/361 1938/419 1935/232
f 2197/116 2198/214 2173/128
f 2381/116 2382/214 2357/128
f 2442/196 2437/179 2436/181
f 2487/376 211/375 197/635
f 1866/237 1870/213 1871/197
f 1152/36 1149/35 1148/103
f 91/567 2481/614 2448/329
f 1396/104 1397/310 1398/264
f 2444/293 2436/235 2431/219
f 163/708 138/707 189/816
f 1879/219 1880/195 1881/197
f 351/30 354/125 353/172
f 543/179 542/181 550/272
f 757/20 762/104 767/246
f 1391/20 1396/104 1401/246
f 263/714 262/888 2512/841
f 2261/215 2295/613 2291/216
f 861/485 859/486 891/487
f 2123/227 2124/225 2125/260
f 148/488 173/727 159/791
f 864/428 863/429 865/430
f 2535/371 2471/370 250/83
f 637/264 642/385 641/386
f 1842/361 1846/419 1843/232
f 2079/340 2080/183 2077/215
f 2487/376 2462/831 90/552
f 1389/34 1388/45 1387/35
f 105/729 103/397 130/784
f 1712/183 1730/178 1740/345
f 791/268 792/267 789/268
f 2303/232 2306/419 2305/233
f 201/609 208/611 2463/768
f 169/672 166/671 175/823
f 203/629 2476/834 2489/529
f 2368/187 2364/432 2361/327
f 1303/20 1308/104 1313/246
f 707/310 706/104 701/239
f 2054/213 2072/212 2075/258
f 2352/293 2344/235 2339/219
f 2485/660 193/532 199/656
f 2530/563 2508/752 102/389
f 769/35 768/103 761/105
f 113/550 210/833 2468/566
f 96/640 121/693 122/782
f 159/799 160/807 139/694
f 212/630 200/528 2517/700
f 2260/293 2252/235 2247/219
f 1116/36 1113/35 1112/103
f 494/214 493/613 459/215
f 373/155 375/165 376/853
f 1354/36 1351/35 1350/103
f 144/744 147/805 110/780
f 697/35 696/103 689/105
f 950/283 2494/576 2445/107
f 2442/196 2433/197 2432/195
f 315/569 318/683 322/722
f 7/429 5/485 37/653
f 668/35 675/103 672/105
f 576/5 575/6 554/4
f 2086/115 2110/383 2105/116
f 486/206 482/454 478/207
f 956/294 2528/579 2513/299
f 2536/120 2491/391 252/93
f 2431/219 2432/195 2433/197
f 1827/201 1818/337 1817/202
f 85/499 2496/326 2474/333
f 2504/559 951/558 955/298
f 1770/248 1767/247 1766/240
f 160/807 176/821 175/817
f 2147/197 2141/323 2142/237
f 2475/645 100/543 98/545
f 798/403 797/889 812/314
f 2380/206 2376/454 2372/207
f 2502/43 2512/841 238/56
f 1769/252 1763/251 1767/247
f 2345/179 2344/181 2352/272
f 247/75 2522/632 2490/562
f 305/382 306/100 303/101
f 599/264 600/105 597/104
f 292/69 293/844 288/548
f 140/695 139/694 160/807
f 146/674 149/804 128/789
f 960/35 967/103 964/105
f 944/320 2528/579 2493/296
f 2101/204 2090/302 2089/185
f 1312/193 1313/246 1314/103
f 774/21 775/19 776/377
f 2531/633 113/550 114/549
f 2471/541 2534/689 248/95
f 19/410 2/636 1/420
f 1892/293 1884/235 1879/219
f 119/677 120/796 73/584
f 171/705 168/704 185/815
f 974/34 975/45 976/35
f 242/77 244/684 2490/583
f 101/599 103/397 2527/398
f 1421/122 1420/723 1425/123
f 658/246 659/103 660/194
f 628/20 617/104 622/246
f 110/720 131/496 79/564
f 2517/554 2483/631 108/555
f 2486/536 2461/830 74/540
f 2313/5 2308/225 2307/227
f 205/491 210/538 2464/732
f 160/807 159/799 177/820
f 2420/347 2434/346 2441/353
f 2279/208 2280/207 2277/202
f 1178/403 1177/889 1192/314
f 1416/403 1415/889 1430/314
f 1746/198 1749/355 1751/220
f 2095/208 2096/207 2093/202
f 208/669 209/668 2530/563
f 687/19 688/377 685/20
f 1560/214 1559/613 1525/215
f 1377/19 1375/20 1376/21
f 1305/19 1306/377 1303/20
f 1360/104 1361/310 1362/264
f 1281/238 1272/310 1271/104
f 2087/173 2081/128 2106/214
f 595/384 604/194 603/103
f 1872/685 1887/180 1886/339
f 1627/173 1621/128 1646/214
f 2107/209 2108/345 2098/178
f 2256/212 2245/256 2244/272
f 496/198 495/200 500/361
f 516/240 521/244 520/248
f 1686/213 1685/211 1705/353
f 665/386 672/105 671/264
f 1351/378 1352/384 1347/194
f 2026/361 2030/419 2027/232
f 1115/34 1114/45 1113/35
f 1801/215 1835/613 1831/216
f 946/840 953/109 949/108
f 1324/104 1325/310 1326/264
f 1235/104 1236/310 1237/264
f 1322/238 1325/310 1324/104
f 1965/338 1964/685 1979/180
f 959/384 968/194 967/103
f 737/20 738/21 739/19
f 672/105 675/103 674/246
f 1343/105 1344/104 1345/310
f 982/246 983/103 984/194
f 1393/249 1392/250 1401/246
f 522/245 515/242 514/343
f 1930/198 1931/26 1932/199
f 1385/246 1384/193 1377/249
f 1341/19 1342/377 1339/20
f 1661/25 1656/199 1655/26
f 1721/185 1722/302 1723/186
f 722/250 731/246 730/193
f 578/34 579/45 580/35
f 1365/246 1364/193 1357/249
f 1067/249 1066/250 1075/246
f 2135/247 2138/248 2137/252
f 1333/34 1332/45 1331/35
f 526/347 540/346 547/353
f 2228/282 2224/331 2223/251
f 2429/235 2418/237 2417/323
f 2453/618 225/48 214/59
f 2526/368 96/640 97/604
f 2253/179 2254/339 2255/180
f 468/115 492/383 487/116
f 1063/268 1064/267 1061/268
f 1590/237 1601/235 1607/280
f 1508/293 1509/235 1498/237
f 2149/347 2150/211 2151/362
f 2241/338 2240/685 2255/180
f 1689/347 1690/211 1691/362
f 1512/195 1513/197 1510/218
f 2362/115 2360/117 2359/372
f 2234/237 2245/235 2251/280
f 1955/244 1950/240 1949/242
f 1674/240 1679/244 1678/248
f 1116/386 1105/105 1108/264
f 1023/384 1014/194 1013/103
f 1197/384 1206/194 1205/103
f 1600/293 1601/235 1590/237
f 1034/310 1033/104 1044/239
f 1057/250 1054/246 1053/193
f 1689/338 1688/685 1703/180
f 1363/194 1364/193 1365/246
f 2302/361 2306/419 2303/232
f 1655/26 1656/199 1653/200
f 1009/250 1016/246 1015/193
f 2149/338 2148/685 2163/180
f 560/5 559/6 561/4
f 1904/288 1898/330 1897/128
f 2395/232 2398/419 2397/233
f 1693/235 1682/237 1681/323
f 740/238 743/310 742/104
f 2250/346 2257/353 2237/211
f 1271/104 1272/310 1273/264
f 528/213 546/212 549/258
f 2272/288 2266/330 2265/128
f 1863/244 1858/240 1857/242
f 2050/237 2061/235 2067/280
f 1102/250 1111/246 1110/193
f 1604/195 1603/219 1599/362
f 1355/20 1356/21 1357/19
f 1327/194 1328/193 1329/246
f 2336/293 2337/235 2326/237
f 997/104 998/310 999/264
f 552/5 551/6 555/4
f 389/146 392/38 410/356
f 519/252 518/282 514/331
f 2044/342 2048/245 2041/242
f 2116/199 2115/26 2120/27
f 2269/373 2270/115 2268/117
f 1013/103 1014/194 1015/193
f 2064/195 2063/219 2059/362
f 1175/316 1174/263 1189/262
f 1367/378 1368/384 1363/194
f 1876/293 1877/235 1866/237
f 2228/342 2232/245 2225/242
f 1793/179 1794/339 1795/180
f 1078/384 1073/194 1076/103
f 1962/213 1980/212 1983/258
f 2250/281 2236/279 2235/236
f 977/104 978/310 979/264
f 1566/361 1570/419 1567/232
f 1768/342 1772/245 1765/242
f 736/386 725/105 728/264
f 1417/667 1416/311 1429/312
f 2258/196 2253/179 2252/181
f 1658/361 1662/419 1659/232
f 1283/386 1290/105 1289/264
f 2418/237 2429/235 2435/280
f 1309/310 1310/264 1307/105
f 1190/300 1179/667 1178/311
f 662/19 663/377 664/20
f 1494/248 1491/247 1490/240
f 442/143 453/724 452/725
f 2145/211 2165/353 2164/212
f 2156/195 2155/219 2151/362
f 1890/196 1885/179 1884/181
f 1710/266 1709/215 1729/217
f 2060/293 2061/235 2050/237
f 579/384 588/194 587/103
f 1869/211 1889/353 1888/212
f 1597/347 1598/211 1599/362
f 2164/212 2167/258 2147/197
f 2117/355 2114/198 2113/200
f 1154/21 1155/19 1156/377
f 2177/373 2178/115 2176/117
f 2432/195 2431/219 2427/362
f 602/246 601/193 606/249
f 2227/247 2226/240 2231/244
f 733/378 734/384 729/194
f 1135/268 1134/267 1133/268
f 2153/235 2159/280 2143/236
f 443/144 452/725 451/612
f 1974/346 1981/353 1961/211
f 1434/266 1433/215 1453/217
f 1570/419 1569/233 1568/234
f 2022/198 2021/200 2026/361
f 1444/288 1438/330 1437/128
f 1215/104 1226/239 1225/238
f 975/384 984/194 983/103
f 2420/279 2419/236 2435/280
f 1860/342 1864/245 1857/242
f 2245/235 2234/237 2233/323
f 1080/36 1079/34 1078/45
f 700/36 699/34 698/45
f 1080/386 1069/105 1072/264
f 2330/213 2348/212 2351/258
f 1390/386 1379/105 1382/264
f 1188/273 1173/580 1183/122
f 2321/252 2315/251 2319/247
f 1962/213 1961/211 1981/353
f 2356/183 2374/178 2384/345
f 1509/235 1515/280 1499/236
f 2045/252 2039/251 2043/247
f 586/246 587/103 588/194
f 1528/183 1546/178 1556/345
f 1505/338 1504/685 1519/180
f 1332/384 1327/194 1330/103
f 441/154 454/393 453/360
f 324/69 328/68 329/843
f 348/29 349/23 350/24
f 2118/361 2122/419 2119/232
f 1701/179 1702/339 1703/180
f 1781/338 1780/685 1795/180
f 1584/342 1588/245 1581/242
f 1213/384 1222/194 1221/103
f 2114/198 2115/26 2116/199
f 2166/196 2161/179 2160/181
f 2241/347 2242/211 2243/362
f 452/476 455/478 439/471
f 929/775 940/773 938/860
f 887/775 898/773 896/884
f 831/849 825/715 826/716
f 264/446 268/450 235/434
f 856/773 854/860 846/774
f 1377/19 1378/377 1375/20
